approval_number,name,address,city,postcode,region,country,group,section,activity,slaughter,species,remarks,date_of_approval,publication_date
S-76,VIANDE RICHELIEU INC,"595 RUE ROYALE, MASSUEVILLE",1K0 Massueville,J0G,"Montérégie,Quebec",Canada,third-country,ABP-SH,,,,CAT3 - Category 3,,
0940,0822759 BC Ltd. Ucluelet Harbour Seafoods Ltd.,2074 Peninsula Road V0R 1A0,Ucluelet,,British Columbia,Canada,third-country,FFP,PP,,,PP - Processing Plant,11/07/2022,
6446,0862417 B.C. Ltd.,13269 Simpson Road,Ladysmith,,British Columbia,Canada,third-country,FFP,CS,,,CS - Cold Stores,15/06/2022,
6249,1006984 B.C. Ltd.,776 North Rd,Gibsons,,British Columbia,Canada,third-country,FFP,FV,,,FV - Factory Vessel,,
6315,10489310 Canada Inc. (Atlantic Autocold),69 Crescent Street,Sackville,,New Brunswick,Canada,third-country,FFP,CS,,,CS - Cold Stores,15/06/2022,
6264,1064922 B.C. Ltd.,Port Alberni Port Authority 2750 Harbour Rd.,2A8 Port Alberni,V9Y,British Columbia,Canada,third-country,FFP,FV,,,FV - Factory Vessel,,
6145,10955159 Canada Limited,1221 Montee De Liesse H4S 1J7,Saint-Laurent,,Quebec,Canada,third-country,FFP,PP,,,PP - Processing Plant,28/04/2022,
2428,11656520 Canada Inc. (Pointe-Sapin Seafoods),3046 route 117,Pointe-Sapin,,New Brunswick,Canada,third-country,FFP,PP,,,PP - Processing Plant,20/04/2022,
1D39,12935180 Canada Inc.,528 Rte 199,Grande-Entrée,,Quebec,Canada,third-country,FFP,PP,,,PP - Processing Plant,09/07/2025,
6292,15857937 Canada Inc.,30-1 Rue de L’Enrepôt G4X 5L4,Gaspé,,Quebec,Canada,third-country,FFP,CS,,,CS - Cold Stores,04/05/2022,
1893,1594052 Ontario Inc. (Taylor Fish Company),419 Erie Street South,Wheatley,,Ontario,Canada,third-country,FFP,PP,,,PP - Processing Plant,13/04/2022,
1051,16771408 Canada Inc. (Glovertown),188B Main Street North,Glovertown,,Newfoundland and Labrador,Canada,third-country,FFP,PP,,,PP - Processing Plant,25/06/2025,
2122,3 T's Limited,24 WATER ST,Woody Point,,Newfoundland and Labrador,Canada,third-country,FFP,PP,,,PP - Processing Plant,20/04/2022,
1D46,3231974 Nova Scotia Limited (Do Lobster),1319 Main Road,Eastern Passage,,Nova Scotia,Canada,third-country,FFP,PP,,,PP - Processing Plant,05/09/2024,
6285,3330577 Nova Scotia Limited,60 Loftypine Road B0J 3H0,Tangier,,Nova Scotia,Canada,third-country,FFP,PP,,,PP - Processing Plant,28/04/2022,
1D83,4608396 Nova Scotia Limited,112 Port Mersey Dr.,Brooklyn,,Nova Scotia; 5116816	22/04/2025,Canada,third-country,FFP,FV,,,FV - Factory Vessel,,
5797,54354 NL inc. - Old Fort,1 Main Road,Old Fort Bay,,Quebec,Canada,third-country,FFP,PP,,,PP - Processing Plant,28/04/2022,
0155,54417 Newfoundland and Labrador Inc.,,Harbour Breton,,Newfoundland and Labrador,Canada,third-country,FFP,PP,,,PP - Processing Plant,,
6189,593705 B.C. Ltd.,3051 Maple Glen Drive,2H3 Courtenay,V9N,British Columbia,Canada,third-country,FFP,FV,,,FV - Factory Vessel,,
2573,607916 NB Ltée,1605 Route 335,Saint-Simon,,Quebec,Canada,third-country,FFP,PP,,,PP - Processing Plant,20/04/2022,
4009,613303 N.B. Ltd. (Pêcheries Bas-Caraquet Fisheries Inc.),2270 rue Industrielle E1W 5Y9,Bas-Caraquet,,New Brunswick,Canada,third-country,FFP,PP,,,PP - Processing Plant,25/04/2022,
1524343F,642650 NB Inc.,2685 Route 127,Bayside,,New Brunswick,Canada,third-country,FFP,CS,,,CS - Cold Stores,,
784,6625844 Manitoba Ltd.,86 Bergen Cut-Off Road,Rosser,,Manitoba,Canada,third-country,FFP,PP,,,PP - Processing Plant,01/06/2023,
5099,9103-8158 Quebec Inc.,660 Rue Bernard,Granby,,Quebec,Canada,third-country,FFP,PP,,,PP - Processing Plant,08/09/2023,
6047,94872 Newfoundland & Labrador Inc.,Fish Plant Road,South Dildo,,Newfoundland and Labrador; 8535051	13/09/2024,Canada,third-country,FFP,FV,,,FV - Factory Vessel,,
1502402,9902848 Canada Inc.,3275 Highway 1,Belliveaus Cove,,Nova Scotia,Canada,third-country,FFP,PP,,,PP - Processing Plant,13/04/2022,
1895,A & A Marine And Drydock,10417 Front Line,Blenheim,,Ontario,Canada,third-country,FFP,PP,,,PP - Processing Plant,13/04/2022,
3522,A & L Seafoods Limited,20 Minto St,Louisbourg,,Nova Scotia,Canada,third-country,FFP,PP,,,PP - Processing Plant,20/04/2022,
6223,A Van Tran,1700 8th Ave East,1G7 Prince Rupert,V8J,British Columbia,Canada,third-country,FFP,FV,,,FV - Factory Vessel,,
LL31001,A.J.Y. Fisheries Limited,5597 Shore Rd. B0T 1W0,North West Harbour,,Nova Scotia,Canada,third-country,FFP,PP,,,PP - Processing Plant,02/05/2022,
6197,A.K. Jacob Fishing Ltd.,303-1111 Blanshard St,0G7 Victoria,V9Z,British Columbia,Canada,third-country,FFP,FV,,,FV - Factory Vessel,,
1536968,AC Live Lobster Inc.,798 HWY 330,North East Point,,Nova Scotia,Canada,third-country,FFP,PP,,,PP - Processing Plant,13/04/2022,
1480126,AGE Lobster Inc.,1337 Centreville South Side Road,Clark's Harbour,,Nova Scotia,Canada,third-country,FFP,PP,,,PP - Processing Plant,13/04/2022,
0220,Abriel Fisheries Company,,Tangier,,Nova Scotia,Canada,third-country,FFP,PP,,,PP - Processing Plant,04/05/2022,
1271,Acadian Fish Processors Limited,171 Dennis Point Road,Lower West Pubnico,,Nova Scotia,Canada,third-country,FFP,PP,,,PP - Processing Plant,27/06/2022,
0424,"Acadian Fishermen's Co-operative Association, Limited",,Abrams Village,,Prince Edward Island,Canada,third-country,FFP,PP,,,PP - Processing Plant,,
4417,Acadian Sturgeon And Caviar Inc.,30 Carters Wharf Rd.,Carters Point,,New Brunswick,Canada,third-country,FFP,PP,,,PP - Processing Plant,20/04/2022,
6017,Acadian Supreme Inc.,8323 Rte 11,Wellington,,Prince Edward Island,Canada,third-country,FFP,PP,,,PP - Processing Plant,,
0081,Acadienne Gale II (Davis Strait Trawler Management Limited),,1G0 Bay Roberts,A0A,Newfoundland and Labrador,Canada,third-country,FFP,FV,,,FV - Factory Vessel,,
2007,Adrice Cormier Ltd,514 Chemin Bas-Cap-Pelé,Bas-Cap-Pelé,,New Brunswick,Canada,third-country,FFP,PP,,,PP - Processing Plant,20/04/2022,
1463,Advocate Seafoods Limited,1382 Hwy 209,Advocate Harbour,,Nova Scotia,Canada,third-country,FFP,PP,,,PP - Processing Plant,12/04/2022,
0770,Aero Trading Co. Ltd,8592 Fraser Street,Vancouver,,British Columbia,Canada,third-country,FFP,PP,,,PP - Processing Plant,11/04/2022,
0769,Aero Trading Co. Ltd.,1080 Skeena Drive V0V 1G0,Port Edward,,British Columbia,Canada,third-country,FFP,PP,,,PP - Processing Plant,01/05/2022,
4449,Alder Seafood Ltd.,126 Mealey Road E5H 0B1,Pennefield,,New Brunswick,Canada,third-country,FFP,PP,,,PP - Processing Plant,11/07/2022,
6271,Alecster Fisheries Limited,204 Dennis Point Road,Lower West Pubnico,,Nova Scotia,Canada,third-country,FFP,PP,,,PP - Processing Plant,28/04/2022,
6235,Alice Elida Fishing Ltd.,1940 Robb Ave,2K0 Comox,V0R,British Columbia,Canada,third-country,FFP,FV,,,FV - Factory Vessel,,
0604,All Temp Foods Ltd.,15 INDUSTRIAL ROAD,Leamington,,Ontario,Canada,third-country,FFP,PP,,,PP - Processing Plant,11/04/2022,
0047,Allen's Fisheries Limited,420 Main Street A0L 1A0,Benoit's Cove,,Newfoundland and Labrador,Canada,third-country,FFP,PP,,,PP - Processing Plant,19/05/2022,
0151,Allen's Fisheries Limited Plant 2,,Benoit's Cove,,Newfoundland and Labrador,Canada,third-country,FFP,PP,,,PP - Processing Plant,04/05/2022,
4241,Annand Clams Inc.,775 Conway Rd. C0B 2C0,Ellerslie,,Prince Edward Island,Canada,third-country,FFP,PP,,,PP - Processing Plant,19/05/2022,
6230,Annix Holdings Ltd.,PO Box 235,Lund,,British Columbia,Canada,third-country,FFP,FV,,,FV - Factory Vessel,,
6233,Annix Holdings Ltd.,PO Box 235,Lund,,British Columbia,Canada,third-country,FFP,FV,,,FV - Factory Vessel,,
6204,Apple River Fishing Ltd.,1-4488 Wellington Road,1X6 Nanaimo,V0R,British Columbia,Canada,third-country,FFP,FV,,,FV - Factory Vessel,,
6205,Apple River Fishing Ltd.,1-4488 Wellington Road,1X6 Nanaimo,V0R,British Columbia,Canada,third-country,FFP,FV,,,FV - Factory Vessel,,
0133,Aqua Crab Producers Inc.,Loop Road,Aquaforte,,Newfoundland and Labrador,Canada,third-country,FFP,PP,,,PP - Processing Plant,04/05/2022,
2206,Aquashell Holdings Company,13915 Route 6,Wallace,,Nova Scotia,Canada,third-country,FFP,PP,,,PP - Processing Plant,19/04/2022,
SFL-008,Ar-Del's Fabulous Adventures,4622 Lowrie Ave,Thornhill,,Manitoba,Canada,third-country,FFP,PP,,,PP - Processing Plant,,
6018,"Arctic Fishery Alliance L.P. ""Kiviuq I""",St. John’s Harbour South Side,2N1 St John's,A1C,Newfoundland and Labrador; 9244738	06/11/2024,Canada,third-country,FFP,FV,,,FV - Factory Vessel,,
0072,"Arctic Fishery Alliance L.P. ""Suvak""","Pier 2, St. John's Harbour",Saint John's,,Newfoundland and Labrador; 8710027	05/03/2024,Canada,third-country,FFP,FV,,,FV - Factory Vessel,,
6330,Arctic Fishery Alliance L.P. (Tasermiut),Pier 22,2N1 St John's,A1C,Newfoundland and Labrador,Canada,third-country,FFP,FV,,,FV - Factory Vessel,,
3842,Arey & Sons Seafoods Limited,57 Prospect Point Road,Shag Harbour,,Nova Scotia,Canada,third-country,FFP,PP,,,PP - Processing Plant,20/04/2022,
CS1056489,Argentia Freezers And Terminals Ltd.,Waterfront Drive,Argentia Beach,,Alberta,Canada,third-country,FFP,CS,,,CS - Cold Stores,,
3616,Arisaig Fisheries (2012) Company,133 Arisaig Point Road,Antigonish,,Nova Scotia,Canada,third-country,FFP,PP,,,PP - Processing Plant,20/04/2022,
0776,Artic Pearl Ice & Cold Storage Ltd,,Richmond,,British Columbia,Canada,third-country,FFP,PP,,,PP - Processing Plant,11/04/2022,
5214,Atkins et Frères Enr.,"1, Chanoine-Richard",Mont-Louis,,Quebec,Canada,third-country,FFP,PP,,,PP - Processing Plant,02/05/2022,
4213,Atlantic Aqua Farms Ltd.,10 Borden Ave C0B 1X0,Borden-Carleton,,Prince Edward Island,Canada,third-country,FFP,PP,,,PP - Processing Plant,25/04/2022,
3586,Atlantic Canada Eels Inc.,Lot #7 Geothermal Industrial Park,Springhill,,Nova Scotia,Canada,third-country,FFP,PP,,,PP - Processing Plant,20/04/2022,
3840,Atlantic Chican Seafood,55 Orion Wharf Road,Clark's Harbour,,Nova Scotia,Canada,third-country,FFP,PP,,,PP - Processing Plant,20/04/2022,
4131,Atlantic Golden Ocean Products Inc.,2056 Route 950 E4N 2J6,Petit-Cap,,New Brunswick,Canada,third-country,FFP,PP,,,PP - Processing Plant,25/04/2022,
6360,Atlantic Oriental Wholesale (AOW) Incorporated,127 Seal Point Road,Upper Port La Tour,,Nova Scotia,Canada,third-country,FFP,PP,,,PP - Processing Plant,10/05/2022,
6033,Atlantic Sea Cucumber Ltd.,212 Paul’s Point Road B3Z 3K7,Hacketts Cove,,Nova Scotia,Canada,third-country,FFP,PP,,,PP - Processing Plant,28/04/2022,
1085,Avalon Ocean Products Incorporated,MAIN ROAD,Fair Haven,,Newfoundland and Labrador,Canada,third-country,FFP,PP,,,PP - Processing Plant,12/04/2022,
6224,Azulemar Fishing Ltd.,2162 Sun King Road,1M0 Coombs,V0R,British Columbia,Canada,third-country,FFP,FV,,,FV - Factory Vessel,,
0781,"Azuma Foods (Canada) Co., Ltd.",11451 TWIGG PLACE,Richmond,,British Columbia,Canada,third-country,FFP,PP,,,PP - Processing Plant,11/04/2022,
6217,B & D Fishing Ltd.,550 Cove Place,2E6 Campbell River,V9W,British Columbia,Canada,third-country,FFP,FV,,,FV - Factory Vessel,,
CS1403252,B & L Coldstorage Ltd.,3-13 Premier Drive,Lewisporte,,Newfoundland and Labrador,Canada,third-country,FFP,CS,,,CS - Cold Stores,,
CS1403248,B & L Coldstorage Ltd.,1 Main Road,Boyd's Cove,,Newfoundland and Labrador,Canada,third-country,FFP,CS,,,CS - Cold Stores,,
0134,B.A. RICHARD LTD,374 Chemin Cote Ste Anne,Sainte-Anne-de-Kent,,New Brunswick,Canada,third-country,FFP,PP,,,PP - Processing Plant,20/04/2022,
LL16400,B.M.C. Seafoods Limited,B0W 2J0,Meteghan,,Nova Scotia,Canada,third-country,FFP,PP,,,PP - Processing Plant,02/05/2022,
0429,Baie Ste-Anne Seafoods (2014) Inc.,143 Ch. Escuminac Point,Escuminac,,New Brunswick,Canada,third-country,FFP,PP,,,PP - Processing Plant,15/06/2022,
1D89,Bait Masters Inc.,221 Wharf Road,Nine Mile Creek,,Prince Edward Island,Canada,third-country,FFP,PP,,,PP - Processing Plant,25/06/2025,
0346,Bakers Point Fisheries Limited,,2L0 East Jeddore,B0J,"Halifax County,Nova Scotia",Canada,third-country,FFP,PP,,,PP - Processing Plant,,
0105,Barry Group Inc.,Main Road,Dover,,Newfoundland and Labrador,Canada,third-country,FFP,PP,,,PP - Processing Plant,06/07/2022,
CS1404511,Barry Group Inc.,340 Griffin Drive,Corner Brook,,Newfoundland and Labrador; F Suffix ”F” to the approval number is used for statistical reasons and does not need to appear on the accompanying documents and not on the label of the product,Canada,third-country,FFP,CS,,,CS - Cold Stores,04/05/2022,
0142,Barry Group Inc.,,Clarenville,,Newfoundland and Labrador,Canada,third-country,FFP,PP,,,PP - Processing Plant,04/05/2022,
1070,Barry Group Inc.,23A Main Street,Cox's Cove,,Newfoundland and Labrador,Canada,third-country,FFP,PP,,,PP - Processing Plant,11/01/2024,
1068,Barry Group Inc.,433 GRIFFIN DRIVE,Corner Brook,,Newfoundland and Labrador,Canada,third-country,FFP,PP,,,PP - Processing Plant,12/04/2022,
0166,Barry Group Inc.,,Witless Bay,,Newfoundland and Labrador,Canada,third-country,FFP,PP,,,PP - Processing Plant,07/04/2022,
2570,Barry Group Inc.,764 RUE PRINCIPALE,Neguac,,New Brunswick,Canada,third-country,FFP,PP,,,PP - Processing Plant,20/04/2022,
1C70,Basin View Seafood Inc. (Stanley's Seafood),358 Harbourview Drive,North Rustico,,Prince Edward Island,Canada,third-country,FFP,PP,,,PP - Processing Plant,21/10/2022,
3519,Bay Enterprises Limited,2642 Malagash Road,Upper Malagash,,Nova Scotia,Canada,third-country,FFP,PP,,,PP - Processing Plant,08/09/2025,
0104,Bay Roberts Seafoods Ltd,,Bay Roberts,,Newfoundland and Labrador,Canada,third-country,FFP,PP,,,PP - Processing Plant,04/05/2022,
1472346,Bay Shore Lobster Ltd.,99 Back Bay Loop,Back Bay,,New Brunswick,Canada,third-country,FFP,PP,,,PP - Processing Plant,13/04/2022,
0910,Baynes Sound Oyster Co. Ltd.,5848 Island Highway South,Union Bay,,British Columbia,Canada,third-country,FFP,PP,,,PP - Processing Plant,21/01/2026,
4236,Beach Point Processing Company,26 MacKenzie Lane,Beach Point,,Prince Edward Island,Canada,third-country,FFP,PP,,,PP - Processing Plant,,
4237,Beach Point Processing Company,75 Wharf Lane,Beach Point,,Prince Edward Island,Canada,third-country,FFP,PP,,,PP - Processing Plant,,
LL32136,Bear Point Lobster Company,693 Bear Point Road,Shelburne County,,Nova Scotia,Canada,third-country,FFP,PP,,,PP - Processing Plant,,
0103,Belle Isle Banker (Labrador Fishermen's Union Shrimp Company Limited),,L'Anse au Loup,,Newfoundland and Labrador,Canada,third-country,FFP,FV,,,FV - Factory Vessel,,
2302,Belle River Enterprises Ltd,12 WATERVIEW LANE,Belle River,,Prince Edward Island,Canada,third-country,FFP,PP,,,PP - Processing Plant,20/04/2022,
6171,Benson Lobster Co Ltd,250 Shore Road,Grand Manan,,New Brunswick,Canada,third-country,FFP,PP,,,PP - Processing Plant,,
0199,Beothic Fish Processors Limited,1 Beothic Road,Badger's Quay-Valleyfield-Pool's Island,,Newfoundland and Labrador,Canada,third-country,FFP,PP,,,PP - Processing Plant,,
0956,Best Honour International Seafood Ltd.,#126-11786 River Road,Richmond,,British Columbia,Canada,third-country,FFP,PP,,,PP - Processing Plant,11/04/2022,
6028,Big Lobster Seafood Inc.,9 Calvin St.,Grand Manan,,New Brunswick,Canada,third-country,FFP,PP,,,PP - Processing Plant,,
6215,Binh Nhi Do,204 Silversides Drive,1G7 Prince Rupert,V8J,British Columbia,Canada,third-country,FFP,FV,,,FV - Factory Vessel,,
1745,Bioriginal Food & Science Corporation,102 Melville Street,Saskatoon,,Saskatchewan,Canada,third-country,FFP,PP,,,PP - Processing Plant,13/04/2022,
3158,Birch Street Seafoods Limited,35 BIRCH STREET,Digby,,Nova Scotia,Canada,third-country,FFP,PP,,,PP - Processing Plant,20/04/2022,
6027,Blue Atlantic Fisheries Inc.,106 Wharf Road,Cape Wolfe,,Prince Edward Island,Canada,third-country,FFP,PP,,,PP - Processing Plant,,
6365,Blue Claw Fisheries Ltd.,2474 Main Street,Clark's Harbour,,Nova Scotia,Canada,third-country,FFP,PP,,,PP - Processing Plant,16/08/2024,
6079,Blue Coast Seafood Ltd.,110-13911 Maycrest Way V6V 2J4,Richmond,,British Columbia,Canada,third-country,FFP,PP,,,PP - Processing Plant,02/05/2022,
0590,Bluewater Seafoods,"1640, Brandon crescent",Lachine,,Quebec,Canada,third-country,FFP,PP,,,PP - Processing Plant,08/04/2022,
1934,Blundell Seafoods Ltd.,11351 RIVER ROAD,Richmond,,British Columbia,Canada,third-country,FFP,PP,,,PP - Processing Plant,13/04/2022,
2510,Bolero Shellfish Processing Inc.,1324 Route 335,Saint-Simon,,New Brunswick,Canada,third-country,FFP,PP,,,PP - Processing Plant,01/12/2025,
4105,Bonté Foods Limited,615 Champlain Street E1A 7Z7,Dieppe,,New Brunswick,Canada,third-country,FFP,PP,,,PP - Processing Plant,25/04/2022,
1653,Bos Smoked Fish Inc.,1175 PATTULLO AVENUE,Woodstock,,Ontario,Canada,third-country,FFP,PP,,,PP - Processing Plant,13/04/2022,
3739,Boston Lobster Canada Inc.,2052 Hwy 330,Newellton,,Nova Scotia,Canada,third-country,FFP,PP,,,PP - Processing Plant,20/04/2022,
1207,Botsford Fisheries Ltd,2112 ROUTE 950,Cap-Pelé,,New Brunswick,Canada,third-country,FFP,PP,,,PP - Processing Plant,12/04/2022,
2453,Botsford Fisheries Ltd.,2181 Route 950,Petit-Cap,,New Brunswick,Canada,third-country,FFP,PP,,,PP - Processing Plant,20/04/2022,
3531,Breakwater Fisheries Limited,,Auld's Cove,,Nova Scotia,Canada,third-country,FFP,PP,,,PP - Processing Plant,20/04/2022,
0904,Browns Bay Packing Co. Ltd,15007 BROWN'S BAY ROAD,Campbell River,,British Columbia,Canada,third-country,FFP,PP,,,PP - Processing Plant,11/04/2022,
2444,Brun Fisheries Ltd.,,Petit-Cap,,New Brunswick,Canada,third-country,FFP,PP,,,PP - Processing Plant,20/04/2022,
2001,"Burleigh Bros., Seafoods Ltd.",224 Bideford Road,East Bideford,,Prince Edward Island,Canada,third-country,FFP,PP,,,PP - Processing Plant,11/08/2025,
0922,C.B. Island Fisheries Ltd.,Highway 16,Masset,,British Columbia,Canada,third-country,FFP,CS PP,,,CS - Cold Stores | PP - Processing Plant,,
0936,C.B. Island Fisheries Ltd.,205 Donaughy Avenue,North Vancouver,,British Columbia,Canada,third-country,FFP,PP,,,PP - Processing Plant,11/04/2022,
6380,C.B. Island Fisheries Ltd.,12-4751 Shell Road V6X 3H4,Richmond,,British Columbia,Canada,third-country,FFP,PP,,,PP - Processing Plant,02/05/2022,
1500620,C.R. Lobsters Inc.,259 Ingalls Head Rd.,Grand Manan,,New Brunswick,Canada,third-country,FFP,PP,,,PP - Processing Plant,13/04/2022,
3618,CANESP Global Distributions S.L. INC,"209 Aerotech Drive, Unit 9",Enfield,,Nova Scotia,Canada,third-country,FFP,PP,,,PP - Processing Plant,20/04/2022,
SFL-0016,CBA Adventures,1707 Highway 16 West,Terrace,,British Columbia,Canada,third-country,FFP,PP,,,PP - Processing Plant,02/05/2022,
1293632,CN Global Distributor Inc.,"Unit 8&9, 2010 Ellesmere Rd, M1H 3B1",Toronto,,Ontario,Canada,third-country,FFP,PP,,,PP - Processing Plant,22/06/2023,
1463681,Cameron Seafoods Company,1157 West Halls Harbour Rd.,Halls Harbour,,Nova Scotia,Canada,third-country,FFP,PP,,,PP - Processing Plant,22/04/2024,
0795,Campbell River Fishing Co.,1330 HOMEWOOD ROAD,Campbell River,,British Columbia,Canada,third-country,FFP,PP,,,PP - Processing Plant,11/04/2022,
0785,Campbell River Seafoods and Lockers Ltd.,1900 NORTH ISLAND HIGHWAY,Campbell River,,British Columbia,Canada,third-country,FFP,PP,,,PP - Processing Plant,11/04/2022,
6036,Canada Optimal Nature Inc,332 Nantucket Boulevard,Toronto,,Ontario,Canada,third-country,FFP,PP,,,PP - Processing Plant,28/04/2022,
6119,Canadian Fish Guys,390 Reggie Leach Drive R0C 2R0,Riverton,,Manitoba,Canada,third-country,FFP,PP,,,PP - Processing Plant,02/05/2022,
0702,"Canadian Fishing Company, A Division Of Jim Pattison Enterprises Ltd.",13140 Rice Mill Road,Richmond,,British Columbia,Canada,third-country,FFP,PP,,,PP - Processing Plant,11/04/2022,
0706,"Canadian Fishing Company, A Division of Jim Pattison Enterprises Ltd.",301 Waterfront Road E,Richmond,,British Columbia,Canada,third-country,FFP,PP,,,PP - Processing Plant,11/04/2022,
0792,"Canadian Fishing Company,A Division of Jim Pattison Enterprises Ltd.",181 George Hills Way V8J 1A3,Prince Rupert,,British Columbia,Canada,third-country,FFP,CS PP,,,CS - Cold Stores | PP - Processing Plant,02/05/2022,
0767,"Canadian Fishing Company,A Division of Jim Pattison Enterprises Ltd. (Plant 2)",Seal Cove,Prince Rupert,,British Columbia,Canada,third-country,FFP,PP,,,PP - Processing Plant,11/04/2022,
SFL-0013,Canadian Oversea Estates Inc.,Home Bay,Rivers Inlet,,British Columbia,Canada,third-country,FFP,PP,,,PP - Processing Plant,,
6334,Canadian Seafood Processing Inc.,100-3140 Harbour Road,Port Alberni,,British Columbia,Canada,third-country,FFP,PP,,,PP - Processing Plant,15/06/2022,
3604,Canso Seafoods Limited,88 Water Street,Canso,,Nova Scotia,Canada,third-country,FFP,PP,,,PP - Processing Plant,20/04/2022,
0414,Cape Bald Packers,769 Chemin de la Pointe,Richibucto-Village,,New Brunswick,Canada,third-country,FFP,PP,,,PP - Processing Plant,,
0373,Cape Bald Packers Ltd.,2618 Ch. Acadie Rd.,Cap-Pelé,,New Brunswick,Canada,third-country,FFP,PP,,,PP - Processing Plant,08/04/2022,
0838,Cape Bald Packers Ltd. Lobster Division,52 RUE NILES,Bas-Cap-Pelé,,New Brunswick,Canada,third-country,FFP,PP,,,PP - Processing Plant,11/04/2022,
6098,Cape D'Or Sustainable Seafoods Inc.,365 Driftwood Lane,Advocate Harbour,,Nova Scotia,Canada,third-country,FFP,PP,,,PP - Processing Plant,02/05/2022,
3533,Cape John Crabs And Seafoods Limited,1351 CAPE JOHN RD,River John,,Nova Scotia,Canada,third-country,FFP,PP,,,PP - Processing Plant,20/04/2022,
1345,Capital Seafood International Incorporated,100 Government Wharf Road,Eastern Passage,,Nova Scotia,Canada,third-country,FFP,PP,,,PP - Processing Plant,12/04/2022,
6130,Captain Atlantic International Trade Co. Limited,697 Bear Point Road,Shag Harbour,,Nova Scotia,Canada,third-country,FFP,PP,,,PP - Processing Plant,,
4226,Captain Cooke’s Seafood Inc.,23675 TCH,Borden-Carleton,,Prince Edward Island,Canada,third-country,FFP,PP,,,PP - Processing Plant,25/04/2022,
4101,Captain Dan's Inc.,,Richibucto-Village,,New Brunswick,Canada,third-country,FFP,PP,,,PP - Processing Plant,,
6071,Captain Dan’s Inc.,5 Mills Street E4S 3S3,Bouctouche,,New Brunswick,Canada,third-country,FFP,PP,,,PP - Processing Plant,02/05/2022,
6058,Captain Little Seafood Ltd.,Module 2-Comp 9 413 Central Port Mouton Rd,Queens County,,Nova Scotia,Canada,third-country,FFP,PP,,,PP - Processing Plant,,
LL34021,Captain's Choice Lobster Limited,101 d'Entremont Road,Lower West Pubnico,,Nova Scotia,Canada,third-country,FFP,PP,,,PP - Processing Plant,02/05/2022,
0040,Carino Processing Ltd.,,Dildo South,,Newfoundland and Labrador,Canada,third-country,FFP,PP,,,PP - Processing Plant,,
CS1405163,Carrefour Industriel,78 rue Brillant,Matane,,Quebec,Canada,third-country,FFP,CS,,,CS - Cold Stores,04/05/2022,
2111,Carroll's Store and Fisheries Limited,53 OCEAN VIEW ROAD,Cook's Harbour,,Newfoundland and Labrador,Canada,third-country,FFP,PP,,,PP - Processing Plant,20/04/2022,
0606,Cavendish Farms Corporation,303 MILO ROAD,Wheatley,,Ontario,Canada,third-country,FFP,PP,,,PP - Processing Plant,11/04/2022,
2002,Ceilidh Fishermen Co-op Limited,158 Main St.,Port Hood,,Nova Scotia,Canada,third-country,FFP,PP,,,PP - Processing Plant,20/04/2022,
1968,Centennial Foodservice,United 138 12759 Vulcan Way,Richmond,,British Columbia,Canada,third-country,FFP,PP,,,PP - Processing Plant,13/04/2022,
0943,Cermaq Canada Processing Ltd.,61 - 4th Street,Tofino - Surfing,,British Columbia,Canada,third-country,FFP,PP,,,PP - Processing Plant,11/04/2022,
3599,Champlain Seafood Cape Breton Inc. / Pecheries Cheticamp Fisheries Intl.,38 Ch La Digue Rd,Chéticamp,,Nova Scotia,Canada,third-country,FFP,PP,,,PP - Processing Plant,20/04/2022,
0127,Change Islands Fishermen’s Improvement Committee Inc.,20-24 Main Street,Change Islands,,Newfoundland and Labrador; F Suffix ”F” to the approval number is used for statistical reasons and does not need to appear on the accompanying documents and not on the label of the product,Canada,third-country,FFP,PP,,,PP - Processing Plant,20/04/2022,
2013,Chase's Lobster Pound Limited,7935 Highway 6,Port Howe,,Nova Scotia,Canada,third-country,FFP,PP,,,PP - Processing Plant,08/09/2025,
LL32005,Chase’s Shellfish Limited,50 Brickyard Road,Pugwash,,Nova Scotia,Canada,third-country,FFP,PP,,,PP - Processing Plant,22/04/2024,
6074,Chedabucto Sustainable Fisheries Inc.,"Tickle Road, RR1 Canso B0H 1N0",Guysborough,,Nova Scotia,Canada,third-country,FFP,PP,,,PP - Processing Plant,02/05/2022,
6191,Chow Down Shrimp Inc.,7124 Thunder Bay St,Powell River,,British Columbia,Canada,third-country,FFP,FV,,,FV - Factory Vessel,,
0283,Clark's Harbour Seafood Limited,58 Water Street,Clark's Harbour,,Nova Scotia,Canada,third-country,FFP,PP,,,PP - Processing Plant,07/04/2022,
LL32115,Clark's Harbour Seafood Limited,58 Water Street,Clark's Harbour,,Nova Scotia,Canada,third-country,FFP,PP,,,PP - Processing Plant,01/12/2025,
1337,Clearwater Fine Foods Inc.,,Little Dover,,New Brunswick,Canada,third-country,FFP,PP,,,PP - Processing Plant,,
3221,"Clearwater Ocean Prawns Venture ""Ocean Prawns""",Water Street,3P0 Harbour Grace,A0A,Newfoundland and Labrador,Canada,third-country,FFP,FV,,,FV - Factory Vessel,,
3768,Clearwater Seafoods Limited Partership (M/V Atlantic Preserver),Shelburne Government Wharf,1W0 Shelburne,B0T,Nova Scotia,Canada,third-country,FFP,FV,,,FV - Factory Vessel,,
3324,Clearwater Seafoods Limited Partnership,70 Water Street,Lockeport,,Nova Scotia,Canada,third-country,FFP,PP,,,PP - Processing Plant,20/04/2022,
0405,Clearwater Seafoods Limited Partnership,68 Water Street,Lockeport,,Nova Scotia,Canada,third-country,FFP,PP,,,PP - Processing Plant,,
0076F,Clearwater Seafoods Limited Partnership,119 Waterfront Drive,3P0 Harbour Grace,A0A,Newfoundland and Labrador,Canada,third-country,FFP,FV,,,FV - Factory Vessel,,
6069,Clearwater Seafoods Limited Partnership,428 Main Street,2S2 Mulgrave,B9A,Nova Scotia,Canada,third-country,FFP,FV,,,FV - Factory Vessel,,
0156,Clearwater Seafoods Limited Partnership,1 Plant Road,Grand Bank,,Newfoundland and Labrador,Canada,third-country,FFP,PP,,,PP - Processing Plant,07/04/2022,
LL04001,Clearwater Seafoods Limited Partnership,,Bedford,,Nova Scotia,Canada,third-country,FFP,PP,,,PP - Processing Plant,11/07/2022,
0439,Clearwater Seafoods Limited Partnership,,Glace Bay,,Nova Scotia,Canada,third-country,FFP,PP,,,PP - Processing Plant,08/04/2022,
0020,Clearwater Seafoods Limited Partnership ''Arctic Endurance'',428 Main Street,Mulgrave,,Nova Scotia; 9215725	18/12/2023,Canada,third-country,FFP,FV,,,FV - Factory Vessel,,
3746,Clearwater Seafoods Limited Partnership (M/V Atlantic Guardian),Shelburne Government Wharf,1W0 Shelburne,B0T,Nova Scotia,Canada,third-country,FFP,FV,,,FV - Factory Vessel,,
3770,Clearwater Seafoods Limited Partnership (M/V Atlantic Protector),Shelburne Government Wharf,1W0 Shelburne,B0T,Nova Scotia,Canada,third-country,FFP,FV,,,FV - Factory Vessel,,
3521,Clearwater Seafoods Limited Partnership (Plant 2),757 BEDFORD HIGHWAY,Bedford,,Nova Scotia,Canada,third-country,FFP,PP,,,PP - Processing Plant,20/04/2022,
0222,Clover Leaf Seafoods Corp.,180 Brunswick Street,Blacks Harbour,,New Brunswick,Canada,third-country,FFP,PP,,,PP - Processing Plant,,
1C74,Cloverdale Cold Storage Ltd.,3188 - 188th Street,Surrey,,British Columbia,Canada,third-country,FFP,CS,,,CS - Cold Stores,17/08/2023,
0789,Cloverdale Cold Storage Ltd.,3177 - 188TH STREET,Surrey,,British Columbia,Canada,third-country,FFP,PP,,,PP - Processing Plant,08/09/2023,
1928,Cloverdale Cold Storage Ltd.,3133 - 188TH STREET,Surrey,,British Columbia,Canada,third-country,FFP,PP,,,PP - Processing Plant,08/09/2023,
0742,Coast Tsimshian Fish Plant Ltd.,100 Shashaak Street,Port Simpson,,British Columbia,Canada,third-country,FFP,PP,,,PP - Processing Plant,11/04/2022,
3293,Coastal Enterprises Ltd.,2304 Ocean Westway,Saint John,,New Brunswick,Canada,third-country,FFP,PP,,,PP - Processing Plant,10/03/2025,
6184,Coastal Warrior Fishing Ltd,2815 Cosgrove Crescent,1X6 Nanaimo,V0R,British Columbia,Canada,third-country,FFP,FV,,,FV - Factory Vessel,,
0920,Coastwise Processors Inc.,#11 - 9548 192ND STREET,Surrey,,British Columbia,Canada,third-country,FFP,PP,,,PP - Processing Plant,11/04/2022,
0019,Codroy Seafoods Inc.,Warf Road,Codroy,,Newfoundland and Labrador,Canada,third-country,FFP,PP,,,PP - Processing Plant,,
CS1404188,Codroy Seafoods Inc.,8 Marine Drive A0M 1C0,Port Aux Basques,,Newfoundland and Labrador,Canada,third-country,FFP,CS,,,CS - Cold Stores,04/05/2022,
1398711,ColdStar Solutions Inc.,13269 Simpson Road,Cassidy,,British Columbia,Canada,third-country,FFP,CS,,,CS - Cold Stores,02/05/2022,
1398545,ColdStar Solutions Inc.,1005 Henry Eng Place V9B 6B2,Victoria,,British Columbia,Canada,third-country,FFP,CS,,,CS - Cold Stores,02/05/2022,
1420931,Coldwater Canadian Lobster Inc.,20 Forest Acres Court,Fredericton,,New Brunswick,Canada,third-country,FFP,PP,,,PP - Processing Plant,12/04/2022,
1394,Comeau's Sea Foods Limited,60 Saulnierville Road,Saulnierville,,Nova Scotia,Canada,third-country,FFP,PP,,,PP - Processing Plant,12/04/2022,
1260,Comeau's Sea Foods Limited,,Church Point,,Nova Scotia,Canada,third-country,FFP,PP,,,PP - Processing Plant,02/05/2022,
1392,Comeau's Sea Foods Limited,60 Saulnierville Road,Saulnierville,,Nova Scotia,Canada,third-country,FFP,PP,,,PP - Processing Plant,12/04/2022,
3341,Comeau's Sea Foods Limited,1065 ROUTE 3,Middle East Pubnico,,Nova Scotia,Canada,third-country,FFP,PP,,,PP - Processing Plant,20/04/2022,
0301,Comeau's Sea Foods Limited,60 Saulnierville Road B0W 2Z0,Saulnierville,,Nova Scotia,Canada,third-country,FFP,PP,,,PP - Processing Plant,19/05/2022,
0036,Conche Seafoods Limited,2 Harbour View Drive,Conche,,Newfoundland and Labrador,Canada,third-country,FFP,PP,,,PP - Processing Plant,03/09/2025,
S413,Congebec Inc.,1555 CHEVRIER BLVD R3T 1Y7,Winnipeg,,Manitoba,Canada,third-country,FFP,CS,,,CS - Cold Stores,04/05/2022,
S730,Congébec Inc.,"2050, Rue Bombardier",Sainte-Julie,,Quebec,Canada,third-country,FFP,CS,,,CS - Cold Stores,06/09/2024,
S725F,Congébec Inc.,810 Avenue Godin G1M 2X9,6N2 Quebec,G6W,Quebec; F Suffix ”F” to the approval number is used for statistical reasons and does not need to appear on the accompanying documents and not on the label of the product,Canada,third-country,FFP,CS,,,CS - Cold Stores,04/05/2022,
S748,Congébec Inc.,"130, Rue J.-A. Bombardier",Boucherville,,Quebec,Canada,third-country,FFP,CS,,,CS - Cold Stores,06/09/2024,
971,Congébec Inc.,3601 Avenue de la Gare,Mascouche,,Quebec,Canada,third-country,FFP,CS,,,CS - Cold Stores,06/09/2024,
S-763,Congébec Inc.,"800, Rue Fernand-Dufour G1M 3B1",6N2 Quebec,G6W,Quebec,Canada,third-country,FFP,CS,,,CS - Cold Stores,04/05/2022,
0903,Cooper's Cove Oyster Farm Ltd.,6377 Belvista Place,Sooke,,British Columbia,Canada,third-country,FFP,PP,,,PP - Processing Plant,12/04/2022,
0993,Cooper's Cove Oyster Farm Ltd.,6377 Belvista Place,Sooke,,British Columbia,Canada,third-country,FFP,PP,,,PP - Processing Plant,11/04/2022,
0423,Cormier's Five Island Clams Limited,93 Wharf Road,Five Islands,,Nova Scotia,Canada,third-country,FFP,PP,,,PP - Processing Plant,,
LL30113,Cotter's Ocean Product Inc.,,Lockeport,,Nova Scotia,Canada,third-country,FFP,PP,,,PP - Processing Plant,,
3853,Craigs Lobster Limited,55 Harbour Road,Bear Point,,Nova Scotia,Canada,third-country,FFP,PP,,,PP - Processing Plant,20/04/2022,
5227,Crustaces de Malbaie Inc.,"1491, Route 132 Est",Percé,,Quebec,Canada,third-country,FFP,PP,,,PP - Processing Plant,07/04/2026,
5776,Crustacés Baie-Trinité Inc.,"75, Route 138 G0H 1A0",Baie-Trinité,,Quebec,Canada,third-country,FFP,PP,,,PP - Processing Plant,28/04/2022,
5607,Cuisine Malimousse Inc.,75 des Grands Lacs G3A 1T5,Saint-Augustin,,"Saguenay - Lac-Saint-Jean,Quebec",Canada,third-country,FFP,PP,,,PP - Processing Plant,02/05/2022,
6236,Curaco Enterprises Ltd.,814 Mackie Road,Ladysmith,,British Columbia,Canada,third-country,FFP,FV,,,FV - Factory Vessel,,
5197,Cusimer (1991) Inc.,"54, 1ère avenue ouest",Mont-Louis,,Quebec,Canada,third-country,FFP,PP,,,PP - Processing Plant,02/05/2022,
3850,D.B. Kenney Fisheries (2014) Ltd,300 Water Street,Westport,,Nova Scotia,Canada,third-country,FFP,PP,,,PP - Processing Plant,21/01/2026,
0623,DC Foods a Division of Sunwest Food Processors Ltd.,35 Northland Road,Waterloo,,Ontario,Canada,third-country,FFP,PP,,,PP - Processing Plant,11/04/2022,
6425,Daily Fresh Shellfish Inc.,170-12855 Clarke Place,Richmond,,British Columbia,Canada,third-country,FFP,PP,,,PP - Processing Plant,09/03/2022,
6370,Dandy Dan's Fish Market Limited,110 Charter Avenue,Argentia Beach,,Alberta,Canada,third-country,FFP,PP,,,PP - Processing Plant,,
6363,Dandy Dan's Fish Market Limited,1 Main Road,Ship Harbour,,Newfoundland and Labrador,Canada,third-country,FFP,PP,,,PP - Processing Plant,09/07/2025,
3748,Dawn Till Dusk Seafoods Limited,6091 HIGHWAY 3,Bear Point,,Nova Scotia,Canada,third-country,FFP,PP,,,PP - Processing Plant,20/04/2022,
6186,De Van Tram,299 George Hills Way,1G7 Prince Rupert,V8J,British Columbia,Canada,third-country,FFP,FV,,,FV - Factory Vessel,,
3346,Deep Cove Aqua Farms Limited,5182 Hwy 329,Blandford,,Nova Scotia,Canada,third-country,FFP,PP,,,PP - Processing Plant,06/07/2022,
3120,Delaps Cove Fish Products Ltd.,2680 SHORE RD WEST,Granville Ferry,,Nova Scotia,Canada,third-country,FFP,PP,,,PP - Processing Plant,20/04/2022,
5103,Delta Dailyfood (Canada) Inc.,26 rue J.-Marc-Séguin J0P 1P0,Rigaud,,Quebec,Canada,third-country,FFP,PP,,,PP - Processing Plant,02/05/2022,
1933,Delta Pacific Seafoods Ltd.,6001- 60TH AVENUE,Delta,,British Columbia,Canada,third-country,FFP,PP,,,PP - Processing Plant,13/04/2022,
6131,Despres Fisheries Ltd.,73 Chemin De L'Ile E4N 2G6,Petit-Cap,,New Brunswick,Canada,third-country,FFP,PP,,,PP - Processing Plant,11/07/2022,
1534767,Do Lobster,1319 Main Rd B3G 1M4,Eastern Passage,,Nova Scotia,Canada,third-country,FFP,PP,,,PP - Processing Plant,29/07/2022,
LL04011,Do Lobster,1323 Main Road B3G 1M4,Eastern Passage,,Nova Scotia,Canada,third-country,FFP,PP,,,PP - Processing Plant,29/07/2022,
0799,Dollar Food Mfg Inc,1410 - 1450 ODLUM DRIVE,Vancouver,,British Columbia,Canada,third-country,FFP,PP,,,PP - Processing Plant,11/04/2022,
0634,Dom International Limited,10 Golden Gate Court,Toronto,,Ontario,Canada,third-country,FFP,PP,,,PP - Processing Plant,10/04/2022,
6329,Donald G Schibler (Little Don),4032 Craig Road,4C7 Campbell River,V9W,British Columbia,Canada,third-country,FFP,FV,,,FV - Factory Vessel,,
0050,Dorman Roberts Limited,365 Main Street,Triton,,Newfoundland and Labrador,Canada,third-country,FFP,PP,,,PP - Processing Plant,,
0041,Dorset Fisheries Ltd,,Long Cove,,Newfoundland and Labrador,Canada,third-country,FFP,PP,,,PP - Processing Plant,04/05/2022,
6242,Double Odds Fishing Ltd.,7085 Tahsis St.,Powell River,,British Columbia,Canada,third-country,FFP,FV,,,FV - Factory Vessel,,
LL16004,Doucet Fisheries Limited,32 Ocean Drive,1Z0 Comeauville,B0W,Nova Scotia,Canada,third-country,FFP,PP PP,,,PP - Processing Plant | PP - Processing Plant,,
1134,Doug Norman & Sons Limited,DELANEY'S ROAD,Conception Bay South,,Newfoundland and Labrador,Canada,third-country,FFP,PP,,,PP - Processing Plant,12/04/2022,
LLNB0015,Dream Boat,88 Lambert Road,Lords Cove,,New Brunswick,Canada,third-country,FFP,PP,,,PP - Processing Plant,,
SFL-0020,Duncanby Lodge & Marina Inc.,4 Goosebay Walk,Rivers Inlet,,British Columbia,Canada,third-country,FFP,PP,,,PP - Processing Plant,,
3235,Dunphy's Oysters,RR#2 Shore Road,Dingwall,,Nova Scotia,Canada,third-country,FFP,PP,,,PP - Processing Plant,20/04/2022,
1942,Duso’s Enterprise Ltd.,#200-1625 Kebet Way,Port Coquitlam,,British Columbia,Canada,third-country,FFP,PP,,,PP - Processing Plant,13/04/2022,
1447804,D’Entremont Brothers Brokerage Inc.,101 Dennis Point Road,Lower West Pubnico,,Nova Scotia,Canada,third-country,FFP,PP,,,PP - Processing Plant,12/04/2022,
0726,E-Fish-Ent Fish Co. Ltd,1941 Goodridge Road V9Z 0C6,Sooke,,British Columbia,Canada,third-country,FFP,PP CS,,,PP - Processing Plant | CS - Cold Stores,02/05/2022,
0546,E. Gagnon et Fils Ltée,"405, route 132 G0C 3B0",Sainte-Thérèse-de-Gaspé,,Quebec,Canada,third-country,FFP,PP,,,PP - Processing Plant,02/05/2022,
5217,E. Gagnon et fils ltée,"18, rue du Havre G0C 3B0",Sainte-Thérèse-de-Gaspé,,Quebec,Canada,third-country,FFP,PP,,,PP - Processing Plant,11/07/2022,
6056,ECAF East Coast Atlantic Fisheries Ltd.,"1063 Main Road, Route 335",Middle West Pubnico,,Nova Scotia,Canada,third-country,FFP,PP,,,PP - Processing Plant,20/04/2022,
6208,EMP Fishing Inc.,46419 Bedford Parkway,1G0 Chilliwack,V0M,British Columbia,Canada,third-country,FFP,FV,,,FV - Factory Vessel,,
0277,East Side Fisheries Limited,337 Hwy 3,Lower East Pubnico,,Nova Scotia,Canada,third-country,FFP,PP,,,PP - Processing Plant,07/04/2022,
1116,Eastern Fish Markets Limited,54 Main St South,Carmanville,,Newfoundland and Labrador,Canada,third-country,FFP,PP,,,PP - Processing Plant,12/04/2022,
2411,Eastern Sea Products Ltd.,11 ADDISON AVENUE,Shediac,,New Brunswick,Canada,third-country,FFP,PP,,,PP - Processing Plant,20/04/2022,
0445,Edmond Gagnon Ltd,,Robichaud,,New Brunswick,Canada,third-country,FFP,PP,,,PP - Processing Plant,08/04/2022,
6276,Elma-K Enterprises Ltd. (Bold Venture),137 Government Street,0G7 Victoria,V9Z,British Columbia,Canada,third-country,FFP,FV,,,FV - Factory Vessel,,
2420,Elphege & Norbert Leblanc Ltd.,47 Chemin du Quai,Petit-Cap,,New Brunswick,Canada,third-country,FFP,PP,,,PP - Processing Plant,19/11/2024,
1400,Emery Smith Fisheries Limited,5309 HWY 3,Shag Harbour,,Nova Scotia,Canada,third-country,FFP,PP,,,PP - Processing Plant,12/04/2022,
S-757,Entrepôt Frigorifique International Inc.,8155 Transcanadienne H4S 1S4,Saint-Laurent,,Quebec; F Suffix ”F” to the approval number is used for statistical reasons and does not need to appear on the accompanying documents and not on the label of the product,Canada,third-country,FFP,CS,,,CS - Cold Stores,11/07/2022,
1457357,Entrepôt Froid Xtreme Cold Storage Ltd.,999 Aviation Avenue E1A 9S5,Dieppe,,New Brunswick,Canada,third-country,FFP,CS PP,,,CS - Cold Stores | PP - Processing Plant,02/05/2022,
CS1404974,Eric King’s Fisheries Limited,Water Bottom Road,Rose Blanche,,Newfoundland and Labrador,Canada,third-country,FFP,CS,,,CS - Cold Stores,,
4004,Etang Ruisseau Bar Ltée.,111 rue Pointe Brulee,Little Shippegan,,New Brunswick,Canada,third-country,FFP,PP,,,PP - Processing Plant,20/04/2022,
6424,Evan's Fresh Seafoods Limited,244 Dennis Point Road B0W 2C0,Lower West Pubnico,,Nova Scotia,Canada,third-country,FFP,PP,,,PP - Processing Plant,02/05/2022,
6160,Evening Cove Oysters Processing Ltd.,1844 Thatcher Road V9X 1T3,Nanaimo,,British Columbia,Canada,third-country,FFP,PP,,,PP - Processing Plant,28/04/2022,
6232,Eventide I Fishing Ltd.,34889 Everett Rd,7M6 Abbotsford,V2S,British Columbia,Canada,third-country,FFP,FV,,,FV - Factory Vessel,,
1412581,Ever-Cold Storage Ltd.,8368 Riverbend Court V3N 5C9,Burnaby,,British Columbia,Canada,third-country,FFP,CS,,,CS - Cold Stores,02/05/2022,
0774,Evergreen International Foodstuffs Ltd.,1944 Franklin Street,Vancouver,,British Columbia,Canada,third-country,FFP,PP,,,PP - Processing Plant,11/04/2022,
6306,F.A.S. Seafood Producers Ltd. (Nordic Spirit),27 Erie Street,0G7 Victoria,V9Z,British Columbia,Canada,third-country,FFP,FV,,,FV - Factory Vessel,,
0982,FGC Foods Ltd.,19405 94 Ave.,Surrey,,British Columbia,Canada,third-country,FFP,PP,,,PP - Processing Plant,02/05/2024,
0977,FV Northern Alliance (Select Seafoods Canada Ltd.),#205-7560 A Vantage Way,5B4 Delta,V4K,British Columbia,Canada,third-country,FFP,FV,,,FV - Factory Vessel,,
6026,Factors Group Of Nutritional Companies Inc.,1550 United Boulevard V3K 6Y2,Coquitlam,,British Columbia; O! No processing plant but approved as exporter/processing plant following the Recommendation of the Joint Management Committee from 2005,Canada,third-country,FFP,PP,,,PP - Processing Plant,28/04/2022,
0908,Factors Laboratories Ltd.,8955 Jim Bailey Crescent,Kelowna,,British Columbia,Canada,third-country,FFP,PP,,,PP - Processing Plant,11/04/2022,
6034,Fame Fisheries Limited “Newfoundland Victor”,154 Water Street,1G0 Bay Roberts,A0A,Newfoundland and Labrador; 9787223	15/06/2026,Canada,third-country,FFP,FV,,,FV - Factory Vessel,,
6244,Far North Sea Foods Inc.,2580 Rainbow Rd,2E6 Campbell River,V9W,British Columbia,Canada,third-country,FFP,FV,,,FV - Factory Vessel,,
6403,Fathom Fish & Seafood Inc.,"130 Little Brook Road, Little Brook, NS, B0W1Z0",Little Brook,,Nova Scotia,Canada,third-country,FFP,PP,,,PP - Processing Plant,13/01/2023,
1647,Feature Foods International Inc.,"30 FINLEY ROAD, BRAMPTON, Ontario, L6T1A9",Brampton,,Ontario,Canada,third-country,FFP,PP,,,PP - Processing Plant,09/12/2022,
5095,Ferme piscicole des Bobines Inc.,1 rue Saint-Henri J0B 1S0,East Hereford,,Quebec,Canada,third-country,FFP,PP,,,PP - Processing Plant,02/05/2022,
1684,Ferroclad Fishery - D.O. Presteve,24 FERROCLAD ROAD,Batchawana Bay,,Ontario,Canada,third-country,FFP,PP,,,PP - Processing Plant,13/04/2022,
6011,Fisher Direct Ltd.,5169 Hwy 3,Shag Harbour,,Nova Scotia,Canada,third-country,FFP,PP,,,PP - Processing Plant,,
1431691,Fisher Direct Ltd.,382 Bear Point Rd.,Shelburne County,,Nova Scotia,Canada,third-country,FFP,PP,,,PP - Processing Plant,12/04/2022,
SFL-004,Fisherman's #1 Lodge,13526 Highway 16 V8G 0C9,Terrace,,British Columbia,Canada,third-country,FFP,PP,,,PP - Processing Plant,02/05/2022,
3228,Fisherman's Market International Incorporated,607 Bedford Highway,Halifax,,Nova Scotia,Canada,third-country,FFP,PP,,,PP - Processing Plant,20/04/2022,
LL3228,Fisherman's Market International Incorporated (Plant 2),,Halifax,,Nova Scotia,Canada,third-country,FFP,PP,,,PP - Processing Plant,02/05/2022,
3780,Fisherman’s Market International Incorporated,354 Black Point Road,Shelburne,,Nova Scotia,Canada,third-country,FFP,PP,,,PP - Processing Plant,20/04/2022,
3846,Fishermen’s Premium Atlantic Lobster Inc.,72 Goodwin Lane,North East Point,,Nova Scotia,Canada,third-country,FFP,PP,,,PP - Processing Plant,20/04/2022,
4219,Five Star Shellfish Inc.,1066 Milligan's Wharf Road,Ellerslie,,Prince Edward Island,Canada,third-country,FFP,PP,,,PP - Processing Plant,05/09/2025,
6337,Flurer Smokery Ltd.,300-3140 D Harbour Road V9Y 4B9,Port Alberni,,British Columbia,Canada,third-country,FFP,PP,,,PP - Processing Plant,28/04/2022,
0058,"Fogo Island Co-Operative Society, Limited",,Joe Batt's Arm,,Newfoundland and Labrador,Canada,third-country,FFP,PP,,,PP - Processing Plant,,
0039,"Fogo Island Co-Operative Society, Limited",,Seldom - Little Seldom,,Newfoundland and Labrador,Canada,third-country,FFP,PP,,,PP - Processing Plant,,
0010,"Fogo Island Cooperative Society, Limited",,Fogo,,Newfoundland and Labrador,Canada,third-country,FFP,PP,,,PP - Processing Plant,,
6252,Foky Enterprises Ltd.,2330 Ployart Rd,Black Creek,,British Columbia,Canada,third-country,FFP,FV,,,FV - Factory Vessel,,
S519,Fraser Glenburnie Inc.,"17489 Telephone Road, Part Lot 13, Con 1, Murray Township, County of Northumberland K8V 5P4",Trenton,,Ontario,Canada,third-country,FFP,CS,,,CS - Cold Stores,04/05/2022,
SFL-0017,Fraser River Fishing Lodge,7984 McDonald Rd V0M 1A0,Agassiz,,British Columbia,Canada,third-country,FFP,PP,,,PP - Processing Plant,02/05/2022,
0787,French Creek Seafood Ltd,1097 LEE ROAD,Parksville,,British Columbia,Canada,third-country,FFP,PP,,,PP - Processing Plant,11/04/2022,
1664,Freshwater Fish Marketing Corp.,1199 Plessis Road R2C 3L4,Winnipeg,,Manitoba,Canada,third-country,FFP,PP,,,PP - Processing Plant,03/06/2022,
1777,Freshwater Fish Marketing Corporation Selkirk,599 Greenwood Ave.,Selkirk,,Manitoba,Canada,third-country,FFP,PP,,,PP - Processing Plant,13/04/2022,
S758,Frigora Solutions D'Entreposage Inc./ Frigora Storage Solutions Inc.,5250 rue J.A. Bombardier J3Z 1H1,Saint-Hubert,,Quebec,Canada,third-country,FFP,CS,,,CS - Cold Stores,04/05/2022,
5023,Fruits De Mer Lagoon Inc.,"1301, 32ième Avenue J0K 2N0",Lachine,,Quebec,Canada,third-country,FFP,PP,,,PP - Processing Plant,02/05/2022,
5785,Fumoir Du Nord (4278003),540 rue du Platine G2N 2G6,6N2 Quebec,G6W,Quebec,Canada,third-country,FFP,PP,,,PP - Processing Plant,28/04/2022,
5928,Fumoir Grizzly Inc.,"159, D'Amsterdam G3A 2V5",Saint-Augustin-de-Desmaures,,Quebec,Canada,third-country,FFP,PP,,,PP - Processing Plant,04/05/2022,
5964,Fumoir la Fée des Grèves,"1920, Ave. Jean-de-Clermont",6N2 Quebec,G6W,Quebec,Canada,third-country,FFP,PP,,,PP - Processing Plant,28/04/2022,
6201,G & I Fishing And Investments Ltd.,838 Monarch Drive,2H3 Courtenay,V9N,British Columbia,Canada,third-country,FFP,FV,,,FV - Factory Vessel,,
LL32122,Garrett & Dalton Fisheries Ltd.,,Stoney Island,,Nova Scotia,Canada,third-country,FFP,PP,,,PP - Processing Plant,,
0238,Gaudet & Ouellette Ltd.,519 Chemin Bas Cap-Pele Road,Cap-Pelé,,New Brunswick,Canada,third-country,FFP,PP,,,PP - Processing Plant,07/04/2022,
6287,Gawiqa Marine Inc.,2330 Henderson Avenue,Campbell River,,British Columbia,Canada,third-country,FFP,FV,,,FV - Factory Vessel,08/10/2024,
3829,George’s Bank Seafoods Limited,232 Sherose Island Road,Barrington Passage,,Nova Scotia,Canada,third-country,FFP,PP,,,PP - Processing Plant,20/04/2022,
6323,Gerald Enterprises Ltd. (Jalun River),980 Alder Street,2E6 Campbell River,V9W,British Columbia,Canada,third-country,FFP,FV,,,FV - Factory Vessel,,
3752,Gerret Enterprises Incorporated,58 BOUNDARY STREET,Clark's Harbour,,Nova Scotia,Canada,third-country,FFP,PP,,,PP - Processing Plant,20/04/2022,
LL32139,Gerret Enterprises Incorporated,,Clark's Harbour,,Nova Scotia,Canada,third-country,FFP,PP,,,PP - Processing Plant,02/05/2022,
1430,Gerret Enterprises Incorporated,58 Boundry Street,Clark's Harbour,,Nova Scotia,Canada,third-country,FFP,PP,,,PP - Processing Plant,12/04/2022,
6041,Gidney Fisheries Limited,136 Dakin Park Road B0V 1A0,Centreville,,Nova Scotia,Canada,third-country,FFP,PP,,,PP - Processing Plant,28/04/2022,
LL16009,Gidney Fisheries Limited,8145 Hwy 1 B0W 2J0,Meteghan,,Nova Scotia,Canada,third-country,FFP,PP,,,PP - Processing Plant,02/05/2022,
6241,Gladiator Enterprises Ltd.,4387 Francis Peninsula Road,2H0 Madeira Park,V0N,British Columbia,Canada,third-country,FFP,FV,,,FV - Factory Vessel,,
1986,Global Gourmet Foods (2020) Inc.,"11611 Bridgeport Road, Building #2 and #3",Richmond,,British Columbia,Canada,third-country,FFP,PP,,,PP - Processing Plant,11/07/2022,
6456,Golden Claw Seafood Ltd.,150-2400 Shell Road,Richmond,,British Columbia,Canada,third-country,FFP,PP,,,PP - Processing Plant,21/10/2024,
1106,Golden Shell Fisheries (2014) Limited,3 Plant Road,Hickman's Harbour,,Newfoundland and Labrador,Canada,third-country,FFP,PP,,,PP - Processing Plant,05/09/2025,
1926,Grand Hale Marine Products Co. Ltd.,11551 Twigg Place,Richmond,,British Columbia,Canada,third-country,FFP,PP,,,PP - Processing Plant,13/04/2022,
0239,Granville Gates & Sons Limited,,Blandford,,Nova Scotia,Canada,third-country,FFP,PP,,,PP - Processing Plant,,
0615,Great Lakes Food Company,"135 Bothwell Street, P.O. Box 426",Chatham,,Ontario,Canada,third-country,FFP,PP,,,PP - Processing Plant,11/04/2022,
0079,Green Seafoods Ltd,1 Pinhorn's Beach,Winterton,,Newfoundland and Labrador,Canada,third-country,FFP,PP,,,PP - Processing Plant,03/09/2025,
S735F,Groupe Robert Inc. DBA Entreposage Et Distribution Robert,65 rue de Vaudreuil J4B 1K7,Boucherville,,Quebec; F Suffix ”F” to the approval number is used for statistical reasons and does not need to appear on the accompanying documents and not on the label of the product,Canada,third-country,FFP,CS,,,CS - Cold Stores,04/05/2022,
5621,"Groupe UMEK, Societe en Commandite",230 Avenue Arnaud,Sept-Îles,,Quebec,Canada,third-country,FFP,PP,,,PP - Processing Plant,28/03/2022,
1069,Gulf Shrimp Limited,72 WATER STREET,Baie Verte,,Newfoundland and Labrador,Canada,third-country,FFP,PP,,,PP - Processing Plant,12/04/2022,
2147,H. Hopkins Limited,2 TUCKERS COVE ROAD,Cow Head,,Newfoundland and Labrador,Canada,third-country,FFP,PP,,,PP - Processing Plant,20/04/2022,
7080,HPP Tolling Facility Canada Ltd.,8188 River Way,Delta,,British Columbia,Canada,third-country,FFP,PP,,,PP - Processing Plant,11/09/2026,
6322,HTO Seafood Ltd.,2460 Viscount Way,Richmond,,British Columbia,Canada,third-country,FFP,PP,,,PP - Processing Plant,15/06/2022,
0978,Haida Wild Limited Partnership,1620 Old Beach Rd.,Masset,,British Columbia,Canada,third-country,FFP,CS PP,,,CS - Cold Stores | PP - Processing Plant,,
3849,Hailmar Investments Limited,193 Osborne Harbour Road,Osborne Harbour,,Nova Scotia,Canada,third-country,FFP,PP,,,PP - Processing Plant,20/04/2022,
6263,Happach Marine Ltd.,Harbour Authority Of French Creek 1055 Lee Rd.,Parksville,,British Columbia,Canada,third-country,FFP,FV,,,FV - Factory Vessel,,
0102,Happy Adventure Sea Products (1991) Ltd,,Happy Adventure,,Newfoundland and Labrador,Canada,third-country,FFP,PP,,,PP - Processing Plant,,
CS1299522,Harbour Grace CS Inc.,119 Water Street A0A 2M0,Harbour Grace,,Newfoundland and Labrador,Canada,third-country,FFP,CS,,,CS - Cold Stores,04/05/2022,
CS1403133,Harbour International Limited,154 Water Street A0A 1G0,Bay Roberts,,Newfoundland and Labrador,Canada,third-country,FFP,CS,,,CS - Cold Stores,04/05/2022,
2106,Harbour Seafoods Limited,92 Main Street South,Rocky Harbour,,Newfoundland and Labrador,Canada,third-country,FFP,PP,,,PP - Processing Plant,05/09/2025,
0746,Hardy Buoys Smoked Fish Inc.,9300 TRUSTEE ROAD,Port Hardy,,British Columbia,Canada,third-country,FFP,PP,,,PP - Processing Plant,11/04/2022,
6199,Harvest Season Fishing Ltd.,7124 Thunder Bay St.,Powell River,,British Columbia,Canada,third-country,FFP,FV,,,FV - Factory Vessel,,
6282,Harvest Season Fishing Ltd. (Pacific Schooner),1590 Trumpeter Cr.,2H3 Courtenay,V9N,British Columbia,Canada,third-country,FFP,FV,,,FV - Factory Vessel,,
0747,Heiltsuk Fisheries Management Ltd.,McLaughlin Bay Road,Bella Bella,,British Columbia,Canada,third-country,FFP,CS PP,,,CS - Cold Stores | PP - Processing Plant,,
0393,Hervic Enterprises Limited,,Pinkneys Point,,Nova Scotia,Canada,third-country,FFP,PP,,,PP - Processing Plant,,
0413,High Liner Foods Incorporated,,Lunenburg,,Nova Scotia,Canada,third-country,FFP,PP,,,PP - Processing Plant,,
6187,Highline Fishing Ltd.,705 Island Hwy,Campbell River,,British Columbia,Canada,third-country,FFP,FV,,,FV - Factory Vessel,11/09/2024,
6326,Hispan Holdings Corp. (Make Way),925 Shearwater Street,1P6 Victoria,V8W,British Columbia,Canada,third-country,FFP,FV,,,FV - Factory Vessel,,
6008,Hodder’s Shellfish,223 Main Street,Stoneville,,Newfoundland and Labrador,Canada,third-country,FFP,PP,,,PP - Processing Plant,,
1477911,Homard Du Cap Des Îles Inc.,559 boul. Industriel,Saint-Eustache,,Quebec,Canada,third-country,FFP,PP,,,PP - Processing Plant,29/07/2025,
1403,Hopkins & Devine Fisheries Limited,6579 HIGHWAY 3,Woods Harbour,,Nova Scotia,Canada,third-country,FFP,PP,,,PP - Processing Plant,12/04/2022,
0272,Hopkins & Devine Fisheries Limited,,Woods Harbour,,Nova Scotia,Canada,third-country,FFP,PP,,,PP - Processing Plant,,
4210,Howard's Cove Shellfish Ltd.,152 Frederick Cove Road,Freeland,,Prince Edward Island,Canada,third-country,FFP,PP,,,PP - Processing Plant,11/08/2025,
0728,Hub City Fisheries Ltd.,262 Southside Drive V9R 6Z5,Nanaimo,,British Columbia,Canada,third-country,FFP,PP CS,,,PP - Processing Plant | CS - Cold Stores,02/05/2022,
5816,I & S Seafoods,"45, rue Whiteley G0G 2P0",Saint Paul's River,,Quebec,Canada,third-country,FFP,PP,,,PP - Processing Plant,04/05/2022,
3841,I Deveau Fisheries Limited,88 Cook Point Road,North East Point,,Nova Scotia,Canada,third-country,FFP,PP,,,PP - Processing Plant,20/04/2022,
0233,I M O Foods Limited,,Yarmouth 33,,Nova Scotia,Canada,third-country,FFP,PP,,,PP - Processing Plant,,
LL32114,I. Deveau Fisheries Limited,508 Hwy 330 North East Point,Cape Sable Island,,Nova Scotia,Canada,third-country,FFP,PP,,,PP - Processing Plant,,
1D93,I. Deveau Fisheries Limited,441 Lobster Plant Road,Arichat,,Nova Scotia,Canada,third-country,FFP,PP,,,PP - Processing Plant,06/06/2025,
6275,Ian Nadeau (Vikla),1330 Homewood Road,2E6 Campbell River,V9W,British Columbia,Canada,third-country,FFP,FV,,,FV - Factory Vessel,,
0084,Icewater Seafoods Inc.,22-24 High Liner Drive,Arnold's Cove,,Newfoundland and Labrador,Canada,third-country,FFP,PP,,,PP - Processing Plant,,
2563f,Ichiboshi L.P.C. Ltd.,24 rue du Quai,Caraquet,,New Brunswick,Canada,third-country,FFP,PP,,,PP - Processing Plant,20/04/2022,
1932,Icy Waters Ltd,KM 4.2 FISH LAKE ROAD,Whitehorse,,Yukon,Canada,third-country,FFP,PP,,,PP - Processing Plant,13/04/2022,
6065,Ile-a-la-Crosse Fish Company Inc.,"Block 19 Lots 20, 21, 22 & 23 S0M 1C0",Ile-à-la-Crosse,,Saskatchewan,Canada,third-country,FFP,PP,,,PP - Processing Plant,02/05/2022,
6258,Incentive Fishing Ltd.,Port Alberni Port Authority 2750 Harbour Rd.,2A8 Port Alberni,V9Y,British Columbia,Canada,third-country,FFP,FV,,,FV - Factory Vessel,,
LL32137,Independent Fisheries Limited,1271 Little Harbour Road,Little Harbour,,Nova Scotia,Canada,third-country,FFP,PP,,,PP - Processing Plant,,
6324,Independent Seafood Canada Corporation (Sunderoey),2750 Harbour Road,7E1 Port Alberni,V9Y,British Columbia,Canada,third-country,FFP,FV,,,FV - Factory Vessel,,
1922,Independent Seafood Canada Corporation FV Raw Spirit,2750 Harbour Road,2A8 Port Alberni,V9Y,British Columbia,Canada,third-country,FFP,FV,,,FV - Factory Vessel,,
6261,Infinity Fishing Ltd. (Infinity),3222 Matapan Crescent,3V6 Vancouver,V5Z,British Columbia,Canada,third-country,FFP,FV,,,FV - Factory Vessel,,
3724,Innovative Fishery Products Incorporated,3569 Hwy 1,Saint Bernard,,Nova Scotia,Canada,third-country,FFP,PP,,,PP - Processing Plant,20/04/2022,
3798,Inshore Fisheries Limited,95 Dennis Point Road,Lower West Pubnico,,Nova Scotia,Canada,third-country,FFP,PP,,,PP - Processing Plant,20/04/2022,
0992,Intercity Packers Ltd.,1900 No. 6 Road,Richmond,,British Columbia,Canada,third-country,FFP,PP,,,PP - Processing Plant,12/04/2022,
0668,International Nutrient Technologies Limited (Intl),975 Twin Oaks Drive,Windsor,,Ontario,Canada,third-country,FFP,PP,,,PP - Processing Plant,11/04/2022,
0136,J.W. Hiscock Sons Limited,14 Keatings Road,Brigus,,Newfoundland and Labrador,Canada,third-country,FFP,PP,,,PP - Processing Plant,,
1564767,JK Crawlers Inc.,1027 Hwy 335,Yarmouth,,Nova Scotia,Canada,third-country,FFP,PP,,,PP - Processing Plant,13/04/2022,
1C76,JMK Fish Mart Inc.,110 Queens Wharf,Summerside,,Prince Edward Island,Canada,third-country,FFP,PP,,,PP - Processing Plant,18/10/2024,
0496,James L. Mood Fisheries Limited,,Woods Harbour,,Nova Scotia,Canada,third-country,FFP,PP,,,PP - Processing Plant,,
0616,Jamieson Laboratories Ltd.,4025 Rhodes Dr.,Windsor,,Ontario,Canada,third-country,FFP,PP,,,PP - Processing Plant,11/04/2022,
6291,Jeffrey Nim (Princess K),121 Port Agusta Street,2K0 Comox,V0R,British Columbia,Canada,third-country,FFP,FV,,,FV - Factory Vessel,,
0645,John O's Foods Inc.,827 DROVERS ROAD,Wheatley,,Ontario,Canada,third-country,FFP,PP,,,PP - Processing Plant,11/04/2022,
0477,K&N Fisheries LTD.,130 Seal Point Road B0W 3N0,Port La Tour,,Nova Scotia,Canada,third-country,FFP,PP,,,PP - Processing Plant,25/09/2023,
3619,K&N Fisheries Limited,70 Fish Plant Road,Whitehead,,Nova Scotia,Canada,third-country,FFP,PP,,,PP - Processing Plant,20/04/2022,
3620,KD Pharma Canada Ltd.,39 England Ave,Mulgrave,,Nova Scotia,Canada,third-country,FFP,PP,,,PP - Processing Plant,20/11/2024,
3581,Ka'le Bay Seafoods Ltd.,501 Main Street,Glace Bay,,Nova Scotia,Canada,third-country,FFP,PP,,,PP - Processing Plant,20/04/2022,
0902,Kanata Holdings Ltd,#200-11251 River Road,Richmond,,British Columbia,Canada,third-country,FFP,PP,,,PP - Processing Plant,11/04/2022,
6297,Karen Truong Fishing Ltd. (Darlenda),330 Homewood Road,2E6 Campbell River,V9W,British Columbia,Canada,third-country,FFP,FV,,,FV - Factory Vessel,,
6299,Karen Truong Fishing Ltd. (Western Sun),330 Homewood Road,2E6 Campbell River,V9W,British Columbia,Canada,third-country,FFP,FV,,,FV - Factory Vessel,,
3122,"Katsheshuk Fisheries Ltd. ""Katsheshuk II""",,3P0 Harbour Grace,A0A,Newfoundland and Labrador,Canada,third-country,FFP,FV,,,FV - Factory Vessel,,
1533520,Kelcold Refrigerated Warehouse And Logistics Inc.,55 Frenette Ave. E1H 3S5,Moncton,,New Brunswick,Canada,third-country,FFP,CS,,,CS - Cold Stores,19/05/2022,
0980,Keltic Seafoods Limited,6980 Market Street,Port Hardy,,British Columbia,Canada,third-country,FFP,PP CS,,,PP - Processing Plant | CS - Cold Stores,,
0736,Keltic Seafoods Limited,8625 Glenview Road,Port Hardy,,British Columbia,Canada,third-country,FFP,PP,,,PP - Processing Plant,11/04/2022,
3738,Kenney & Ross Limited,"6493 Shore Road, RR3",Port Saxon,,Nova Scotia,Canada,third-country,FFP,PP,,,PP - Processing Plant,20/04/2022,
6251,Kerker Enterprises Ltd.,1418 Valley View Dr,2H3 Courtenay,V9N,British Columbia,Canada,third-country,FFP,FV,,,FV - Factory Vessel,,
6214,Kermode Marine Ltd.,BOX 213,Qualicum Beach,,British Columbia,Canada,third-country,FFP,FV,,,FV - Factory Vessel,,
1E08,Kildare Cold Storage,526 Main St.,Alberton,,Prince Edward Island,Canada,third-country,FFP,CS,,,CS - Cold Stores,19/08/2025,
6192,Kitasoo Band Store Ltd.,540 Kitasoo Road,Klemtu,,British Columbia,Canada,third-country,FFP,FV,,,FV - Factory Vessel,03/06/2025,
6202,Kitasoo Band Store Ltd.,540 Kitasoo Road,Klemtu,,British Columbia,Canada,third-country,FFP,FV,,,FV - Factory Vessel,14/07/2025,
0745,Kitasoo Seafood Ltd.,540 Kitasoo Rd.,Klemtu,,British Columbia,Canada,third-country,FFP,PP,,,PP - Processing Plant,11/04/2022,
1640,Kitikmeot Foods Ltd.,26 MITIK STREET,Cambridge Bay,,Nunavut,Canada,third-country,FFP,PP,,,PP - Processing Plant,13/04/2022,
S879,Klondike Cold Storage Ltd.,3023 188th Street V3Z 9V5,Surrey,,British Columbia,Canada,third-country,FFP,CS,,,CS - Cold Stores,04/05/2022,
S108,Klondike Cold Storage Ltd.,5775-272nd Street V4W 0B1,Langley,,British Columbia,Canada,third-country,FFP,CS,,,CS - Cold Stores,04/05/2022,
4134,Knocean Foods Ltd.,99 Brenan Ave.,Scoudouc,,New Brunswick,Canada,third-country,FFP,PP,,,PP - Processing Plant,,
6206,L & H Dishing Ltd.,815 Georgia Avenue,1X6 Nanaimo,V0R,British Columbia,Canada,third-country,FFP,FV,,,FV - Factory Vessel,,
0435,L'Association Coopérative des Pêcheurs de l'Île Ltée,,Lamèque,,New Brunswick,Canada,third-country,FFP,PP,,,PP - Processing Plant,08/04/2022,
6061,L.J. Robicheau & Son Fisheries Limited,14 Freeman St,Middleton,,Nova Scotia,Canada,third-country,FFP,PP,,,PP - Processing Plant,,
3816,L.J. Robicheau & Son Fisheries Limited,219 Shore Road,Little River,,Nova Scotia,Canada,third-country,FFP,PP,,,PP - Processing Plant,20/04/2022,
1472,L.Walker Seafoods Limited,6705 HWY 3,Woods Harbour,,Nova Scotia,Canada,third-country,FFP,PP,,,PP - Processing Plant,13/04/2022,
0627,LEF McLean Brother International,20912 ERIE ST SOUTH,Wheatley,,Ontario,Canada,third-country,FFP,PP,,,PP - Processing Plant,11/04/2022,
5817,LNS Community Seafood Co-op,Harrington Harbour Wharf G0G 1N0,Harrington Harbour,,Quebec,Canada,third-country,FFP,PP,,,PP - Processing Plant,04/05/2022,
6095,LOBSTER HUB INC.,45 John Thibodeau Rd.,Meteghan,,Nova Scotia,Canada,third-country,FFP,PP,,,PP - Processing Plant,02/05/2022,
0558,La Crevette Du Nord Atlantique Inc.,9 rue de la Mary,Rivière-au-Renard,,Quebec,Canada,third-country,FFP,PP,,,PP - Processing Plant,08/04/2022,
5784,La Crevette Du Nord Atlantique Inc.,553 Boulevard Griffon G4X 6A5,Anse Au Griffon,,Quebec,Canada,third-country,FFP,PP,,,PP - Processing Plant,28/04/2022,
2540,La Ferme Ostréicole Gaétan Dugas limitée,675 Blvd St. Pierre Ouest,Caraquet,,New Brunswick,Canada,third-country,FFP,PP,,,PP - Processing Plant,20/04/2022,
4005,La Maison Beausoleil Inc.,42 rue Otho,Neguac,,New Brunswick,Canada,third-country,FFP,PP,,,PP - Processing Plant,20/04/2022,
1875,La Nassa Foods Inc.,180 Industry Road,Kingsville,,Ontario,Canada,third-country,FFP,PP,,,PP - Processing Plant,20/04/2022,
1890,La Nassa Seafood,215 Industry Road,Kingsville,,Ontario,Canada,third-country,FFP,PP,,,PP - Processing Plant,20/04/2022,
1860,LaNassa Foods,1 Government Dock Rd,Kingsville,,Ontario,Canada,third-country,FFP,PP,,,PP - Processing Plant,13/04/2022,
1087,Labrador Fishermen's Union Shrimp Company Limited,1 Main Street,Pinsent Arm,,Newfoundland and Labrador,Canada,third-country,FFP,PP,,,PP - Processing Plant,12/04/2022,
1044,Labrador Fishermen's Union Shrimp Company Limited,1 Main Road,Cartwright,,Newfoundland and Labrador,Canada,third-country,FFP,PP,,,PP - Processing Plant,12/04/2022,
1043,Labrador Fishermen's Union Shrimp Company Limited,278 - 284 MAIN STREET,Mary’s Harbour,,Newfoundland and Labrador,Canada,third-country,FFP,PP,,,PP - Processing Plant,12/04/2022,
0113,Labrador Fishermen's Union Shrimp Company Ltd,46-48 Waterfront Road,L'Anse au Loup,,Newfoundland and Labrador,Canada,third-country,FFP,PP,,,PP - Processing Plant,09/03/2022,
0045,Labrador Fishermen’s Union Shrimp Company Limited,1 Marine Drive,Charlottetown,,Newfoundland and Labrador,Canada,third-country,FFP,PP,,,PP - Processing Plant,06/07/2022,
0157,Labrador Gem Seafood Incorporated,21 Main Street,Ramea,,Newfoundland and Labrador,Canada,third-country,FFP,PP,,,PP - Processing Plant,03/09/2025,
1476,Lahave Seafoods Limited,3371 Highway 331,Upper LaHave,,Nova Scotia,Canada,third-country,FFP,PP,,,PP - Processing Plant,13/04/2022,
6185,Lasqueti Steeler Fishing Co,1-4488 Wellington Road,1X6 Nanaimo,V0R,British Columbia,Canada,third-country,FFP,FV,,,FV - Factory Vessel,,
6183,Lasqueti Steeler Fishing Co,1-4488 Wellington Road,1X6 Nanaimo,V0R,British Columbia,Canada,third-country,FFP,FV,,,FV - Factory Vessel,,
5118,Le Groupe Alimentaire Nordique inc.,2592 range St-Joseph,Sainte-Perpétue,,Quebec,Canada,third-country,FFP,PP,,,PP - Processing Plant,28/03/2022,
0013,Leading Tickles Seafoods Inc.,,Leading Tickles,,Newfoundland and Labrador,Canada,third-country,FFP,PP,,,PP - Processing Plant,,
0529,"Lelièvre, Lelièvre et Lemoignan Ltée",52 rue des Vigneaux,Sainte-Thérèse,,"Laurentides,Quebec",Canada,third-country,FFP,PP,,,PP - Processing Plant,08/04/2022,
5070,Les Aliments Trans Gras Inc.,"1175, rue Bergeron J2C 6Y1",Drummondville,,Quebec,Canada,third-country,FFP,PP,,,PP - Processing Plant,02/05/2022,
5782,Les Crabiers Du Nord Inc.,"428-A, rue Principale G0T 1P0",Portneuf-sur-Mer,,Quebec,Canada,third-country,FFP,PP,,,PP - Processing Plant,28/04/2022,
5798,Les Crustacés de Gaspé ltée,"29, rue du Parc G0C 1V0",Grande-Rivière,,Quebec,Canada,third-country,FFP,PP,,,PP - Processing Plant,28/04/2022,
4014,Les Cuisines Roi Kitchens Ltée,99 rue LaPlante Ouest E8J 1T5,Petit-Rocher,,New Brunswick,Canada,third-country,FFP,PP,,,PP - Processing Plant,25/04/2022,
0542,Les Fruits De Mer De L'Est Du Québec (1998) Ltée/Eastern Québec Seafoods (1998)Ltd,1600 rue de Matane-sur-mer,Matane,,Quebec,Canada,third-country,FFP,PP,,,PP - Processing Plant,08/04/2022,
5615,Les Fruits de Mer Madeleine Inc.,"546, chemin Fougère G4T 3B3",L'Étang-du-Nord,,Quebec,Canada,third-country,FFP,PP,,,PP - Processing Plant,28/04/2022,
5169,Les Fumoirs Gaspé Cured Inc.,"65, rue de la Station",Cap-d'Espoir,,"Gaspésie―Îles-de-la-Madeleine,Quebec",Canada,third-country,FFP,PP,,,PP - Processing Plant,02/05/2022,
5077,Les Plats du Chef Inc.,51 rue Kesmark,Pointe Claire,,Quebec,Canada,third-country,FFP,PP,,,PP - Processing Plant,02/05/2022,
5730,Les Producteurs De Homards De Grande-Rivière 1998 (9061-7218 Québec Inc.),"13, route 132 G0C 3E0",Shigawake,,"Gaspésie―Îles-de-la-Madeleine,Quebec",Canada,third-country,FFP,PP,,,PP - Processing Plant,28/04/2022,
0543,Les Pêcheries Gaspésiennes Inc.,"48, rue des Vagues",Petit-Gaspé,,"Gaspésie―Îles-de-la-Madeleine,Quebec",Canada,third-country,FFP,PP,,,PP - Processing Plant,08/04/2022,
0544,Les Pêcheries Gaspésiennes Inc.,"5, rue de la Victoria",Rivière-au-Renard,,Quebec,Canada,third-country,FFP,PP,,,PP - Processing Plant,08/04/2022,
2326,Leslie Hardy & Sons Ltd.,84 Foster Sharpe Road,Ellerslie,,Prince Edward Island,Canada,third-country,FFP,PP,,,PP - Processing Plant,11/08/2025,
2406,Leslie Léger & Sons Ltd,34 CHEMIN DE LA COTE,Trois-Ruisseaux,,New Brunswick,Canada,third-country,FFP,PP,,,PP - Processing Plant,20/04/2022,
7091,Lightfoot Logistics Solutions Limited,1853 Saxon St.,Port Williams,,Nova Scotia,Canada,third-country,FFP,CS,,,CS - Cold Stores,11/08/2026,
0758,Limberis Seafood Processing Ltd,5025 Limberis Drive,Ladysmith,,British Columbia,Canada,third-country,FFP,PP,,,PP - Processing Plant,11/04/2022,
0999,Limberis Seafood Processing Ltd.,5025 Limberis Drive,Ladysmith,,British Columbia,Canada,third-country,FFP,PP,,,PP - Processing Plant,25/08/2025,
0777,Lions Gate Fisheries Ltd.,4179 RIVER ROAD WEST,Delta,,British Columbia,Canada,third-country,FFP,PP,,,PP - Processing Plant,11/04/2022,
6226,Lisa Jess CFV 25860,705 Island Highway,Campbell River,,British Columbia,Canada,third-country,FFP,FV,,,FV - Factory Vessel,03/06/2025,
3611,Lismore Seafoods Company,161 Factory Road,Lismore,,Nova Scotia,Canada,third-country,FFP,PP,,,PP - Processing Plant,20/04/2022,
6045,Liu Holdings Inc.,2460 Viscount Way V6V 1N1,Richmond,,British Columbia,Canada,third-country,FFP,PP,,,PP - Processing Plant,28/04/2022,
1528049,Live Stor Sydney Limited,440 Keltic Dr.,Sydney,,Nova Scotia,Canada,third-country,FFP,CS,,,CS - Cold Stores,13/12/2023,
1427118,Lobster Hub Inc.,45 John Thibodeau Road,Meteghan,,Nova Scotia,Canada,third-country,FFP,PP,,,PP - Processing Plant,12/04/2022,
6177,Lobster SH Ltd.,5523-5525 Highway 3,Shag Harbour,,Nova Scotia,Canada,third-country,FFP,PP,,,PP - Processing Plant,03/02/2026,
3603,Lobsters ‘R’ Us Seafod,197 Little Harbour Rd.,L'Ardoise,,Nova Scotia,Canada,third-country,FFP,PP,,,PP - Processing Plant,20/04/2022,
LL27101,Lobsters'R' Us Seafood,411 Chapel Cove Road,L'Ardoise,,Nova Scotia,Canada,third-country,FFP,PP,,,PP - Processing Plant,,
6125,Long Point Lobster & Seafood Limited,81 Orion Wharf Road Newellton,Shelburne County,,Nova Scotia,Canada,third-country,FFP,PP,,,PP - Processing Plant,,
3623,Longshore Fisheries Ltd.,2025 Sonora Road,Sonora,,Nova Scotia,Canada,third-country,FFP,PP,,,PP - Processing Plant,20/04/2022,
1356,Louisbourg Seafoods Limited,3 Commercial Street,Louisbourg,,Nova Scotia,Canada,third-country,FFP,PP,,,PP - Processing Plant,12/04/2022,
6193,Luc Do,7216 Ross St,3V6 Vancouver,V5Z,British Columbia,Canada,third-country,FFP,FV,,,FV - Factory Vessel,,
6246,Lucky Fishing Ltd.,480 Tenth Street,2H3 Courtenay,V9N,British Columbia,Canada,third-country,FFP,FV,,,FV - Factory Vessel,,
5032,Lyo-San Inc.,500 boul. de l'Aéroport,Lachute,,Quebec,Canada,third-country,FFP,PP,,,PP - Processing Plant,02/05/2022,
4110,M&M Cormier Fisheries Ltd.,11 Allée André E4N 2E1,Cap-Pelé,,New Brunswick,Canada,third-country,FFP,PP,,,PP - Processing Plant,25/04/2022,
6245,M.K. Seafoods Inc.,PO Box 718 2140 Sun King Rd,1M0 Coombs,V0R,British Columbia,Canada,third-country,FFP,FV,,,FV - Factory Vessel,,
6025,M.V. Maude Adams,170 Montague Street,Lunenburg,,Nova Scotia,Canada,third-country,FFP,PP,,,PP - Processing Plant,,
1466088,M.V. Osprey Ltd.,385 Purves St. B2A 3M3,North Sydney,,Nova Scotia,Canada,third-country,FFP,CS,,,CS - Cold Stores,03/05/2022,
6053,M.V. Osprey Ltd. Northern Osprey III,385 Purves Street B2A 3M3,North Sydney,,Nova Scotia; 9804007	17/11/2025,Canada,third-country,FFP,FV,,,FV - Factory Vessel,,
3762,M/V Cape Lahave (Lahave Seafoods Limited),,1G0 Upper LaHave,B0R,Nova Scotia,Canada,third-country,FFP,FV,,,FV - Factory Vessel,,
3753,M/V Island Bounty (R.J. King Fisheries Limited),,2J0 Meteghan,B0W,Nova Scotia,Canada,third-country,FFP,FV,,,FV - Factory Vessel,,
3128,M/V Mersey Venture,50 Wharf Road,Stormont,,Nova Scotia; 8714358	05/01/2026,Canada,third-country,FFP,FV,,,FV - Factory Vessel,,
1977,M/V Viking Enterprise (Viking Seafoods Ltd.),,1W2 Richmond,V5X,British Columbia,Canada,third-country,FFP,FV,,,FV - Factory Vessel,,
0987,MPY Trading Ltd.,"Unit 122 – 124, 408 East Kent Avenue, South",Vancouver,,British Columbia,Canada,third-country,FFP,PP,,,PP - Processing Plant,12/04/2022,
0065,MV Atlantic Enterprise (Clearwater Ocean Prawns Venture),,3P0 Harbour Grace,A0A,Newfoundland and Labrador,Canada,third-country,FFP,FV,,,FV - Factory Vessel,,
0997,Mac's Oysters Ltd.,7162 South Island Highway,Fanny Bay,,British Columbia,Canada,third-country,FFP,PP,,,PP - Processing Plant,29/08/2025,
0938,Mac's Oysters Ltd.,7162 South Island Highway,Fanny Bay,,British Columbia,Canada,third-country,FFP,PP,,,PP - Processing Plant,11/04/2022,
CS1404226,MacKay Cold Storage Inc.,34 Wharf Lane,Beach Point,,Prince Edward Island,Canada,third-country,FFP,CS,,,CS - Cold Stores,,
6288,Marann Enterprises Ltd. (Brenda-Lin),5206 Beckton Road,0G7 Victoria,V9Z,British Columbia,Canada,third-country,FFP,FV,,,FV - Factory Vessel,,
6298,Marbrisa Le Fishing Ltd. (Marbrisa No. 1),526 Steenbuck Drive,2E6 Campbell River,V9W,British Columbia,Canada,third-country,FFP,FV,,,FV - Factory Vessel,,
CS1402842,Maritime Cold Storage Ltd.,4987 Route 15,South Portage,,New Brunswick,Canada,third-country,FFP,CS,,,CS - Cold Stores,,
1553027f,Maritime Select Lobster Inc,288 Route 152,Alberton,,Prince Edward Island,Canada,third-country,FFP,PP,,,PP - Processing Plant,13/04/2022,
0981,Masa's Salmon Smokehouse Ltd.,130 Garden Avenue,North Vancouver,,British Columbia,Canada,third-country,FFP,PP,,,PP - Processing Plant,12/04/2022,
2547,McGraw Seafood (2008) Inc.,3113 rue Principal,Tracadie-Sheila,,New Brunswick,Canada,third-country,FFP,PP,,,PP - Processing Plant,20/04/2022,
5768,Menu-Mer Ltée (9160-1757 Québec Inc.),153 boul. Renard Est G4X 5K9,Rivière-au-Renard,,Quebec,Canada,third-country,FFP,PP,,,PP - Processing Plant,28/04/2022,
3537,Mersey Phoenix,50 Wharf Road,Stormont,,Nova Scotia; 9247089	05/01/2026,Canada,third-country,FFP,FV,,,FV - Factory Vessel,,
0425,Mersey Seafoods Limited,26 Bristol Avenue,Liverpool,,Nova Scotia,Canada,third-country,FFP,PP,,,PP - Processing Plant,04/12/2025,
1466091,Mersey Seafoods Limited,50 Wharf Road,Stormont,,Nova Scotia,Canada,third-country,FFP,CS,,,CS - Cold Stores,03/05/2022,
2466,Michel & Charles LeBlanc Fisheries Ltd.,61 RUE GAUTREAU,Cap-Pelé,,New Brunswick,Canada,third-country,FFP,PP,,,PP - Processing Plant,20/04/2022,
1956,Mid Ocean Fisheries Ltd,#150 - 12831 CLARKE PLACE,Richmond,,British Columbia,Canada,third-country,FFP,PP,,,PP - Processing Plant,13/04/2022,
6203,Mikkelsen Cove Fishing Inc.,6717 Klahanie Dr.,Powell River,,British Columbia,Canada,third-country,FFP,FV,,,FV - Factory Vessel,,
4154,Miscou Fish Products Inc.,24 Allée du Quai de Miscou,Miscou,,New Brunswick,Canada,third-country,FFP,PP,,,PP - Processing Plant,06/07/2022,
CS1404111,Montague Cold Storage (2015),150 Central Street,Montague,,Prince Edward Island,Canada,third-country,FFP,CS,,,CS - Cold Stores,,
6180,Moon Dancer Fishing Co. Ltd.,2425 Edwards Rd,9E2 Nanoose Bay,V9P,British Columbia,Canada,third-country,FFP,FV,,,FV - Factory Vessel,,
6196,Moon Dancer Fishing Co. Ltd.,2425 Edwards Rd,9E2 Nanoose Bay,V9P,British Columbia,Canada,third-country,FFP,FV,,,FV - Factory Vessel,,
6212,Moon Dancer Fishing Co. Ltd.,2425 Edwards Rd.,9E2 Nanoose Bay,V9P,British Columbia,Canada,third-country,FFP,FV,,,FV - Factory Vessel,,
6229,Moon Dancer Fishing Co. Ltd.,2425 Edwards Rd,9E2 Nanoose Bay,V9P,British Columbia,Canada,third-country,FFP,FV,,,FV - Factory Vessel,,
1976,Moon Enterprises Inc.,2-11720 Voyageur Way,Richmond,,British Columbia,Canada,third-country,FFP,PP,,,PP - Processing Plant,20/04/2022,
4416,Mowi Canada East Inc.,2 Salar Court,Saint George,,New Brunswick,Canada,third-country,FFP,PP,,,PP - Processing Plant,20/04/2022,
6035,Mowi Canada West Inc.,#200 - 5355 152nd Street V3S 5A5,Surrey,,British Columbia,Canada,third-country,FFP,PP,,,PP - Processing Plant,28/04/2022,
0950,Mowi Canada West Inc.,7200 Coho Road,Port Hardy,,British Columbia,Canada,third-country,FFP,PP,,,PP - Processing Plant,11/04/2022,
2413F,"NOCA Canadian Seafood Buyer, Inc. (Raymond O'Neill & Sons Fisheries)",221 ESCUMINAC ROAD,Escuminac,,New Brunswick,Canada,third-country,FFP,PP,,,PP - Processing Plant,20/04/2022,
2433,"NOCA Canadian Seafood Buyer, Inc. (Suncoast Seafood)",87 Chemin Quai-Cap-Cocagne,Grande-Digue,,New Brunswick,Canada,third-country,FFP,PP,,,PP - Processing Plant,19/05/2022,
0015,Nain Banker (Labrador Fishermen's Union Shrimp Company Limited),,L'Anse au Loup,,Newfoundland and Labrador,Canada,third-country,FFP,FV,,,FV - Factory Vessel,,
0082,Natures Sea Farms Inc.,5 Wharf Lane,St. Alban's,,Newfoundland and Labrador,Canada,third-country,FFP,PP,,,PP - Processing Plant,25/06/2025,
1478124,Nature’s Catch Shellfish Exporters Incorporated,60 Lofty Pine Road,Popes Harbour,,"Halifax County,Nova Scotia",Canada,third-country,FFP,PP,,,PP - Processing Plant,13/04/2022,
3593,Nature’s Way of Canada Ltd,"15 Garland Avenue, Unit 4",Dartmouth,,"Halifax County,Nova Scotia",Canada,third-country,FFP,PP,,,PP - Processing Plant,20/04/2022,
1480143,Nautical Seafoods Ltd,4336 Shore Rd West,Parkers Cove,,Nova Scotia,Canada,third-country,FFP,PP,,,PP - Processing Plant,13/04/2022,
3803,Nautical Seafoods Ltd.,4336 Shore Road West,Parkers Cove,,Nova Scotia,Canada,third-country,FFP,PP,,,PP - Processing Plant,20/04/2022,
5111,Neptune Technologies & Bioressources,"795, rue Pépin J1L 2P8",Sherbrooke,,Quebec,Canada,third-country,FFP,PP,,,PP - Processing Plant,02/05/2022,
1D55,New Roots Herbal Inc.,3405 FX Tessier,Vaudreuil-Dorion,,Quebec,Canada,third-country,FFP,PP,,,PP - Processing Plant,20/10/2025,
6277,Nguyen Tang Nguyen (Dawn Chase),231 Heron Road,1G7 Prince Rupert,V8J,British Columbia,Canada,third-country,FFP,FV,,,FV - Factory Vessel,,
6211,"Nha Van Vu, Thoan Thi Le",2488 37th Avenue,3V6 Vancouver,V5Z,British Columbia,Canada,third-country,FFP,FV,,,FV - Factory Vessel,,
0069,"Niqitaq Fisheries Limited ""Sikuvut""","Pier 8, St. John's Harbour",2N1 St John's,A1C,Newfoundland and Labrador,Canada,third-country,FFP,FV,,,FV - Factory Vessel,,
0066,"Niqitaq Fisheries Ltd. ""Arluk II""","Pier 21, St. John's Harbour",Saint John's,,Newfoundland and Labrador,Canada,third-country,FFP,FV,,,FV - Factory Vessel,,
0049,Niqitaq Fisheries Ltd. (Inuksuk I),154 Water Street,1G0 Bay Roberts,A0A,Newfoundland and Labrador,Canada,third-country,FFP,FV,,,FV - Factory Vessel,,
1D75,Niqitaq Fisheries Ltd. (Inuksuk II),154 Water Street,Bay Roberts,,Newfoundland and Labrador; 9955765	03/04/2025,Canada,third-country,FFP,FV,,,FV - Factory Vessel,,
6002,Niqitaq Fisheries Ltd. “M/Tr. Sivulliq”,154 Water Street,1G0 Bay Roberts,A0A,Newfoundland and Labrador,Canada,third-country,FFP,FV,,,FV - Factory Vessel,,
0083,Norlantic Processors Limited,54 Main St.,Pleasantview,,Newfoundland and Labrador,Canada,third-country,FFP,PP,,,PP - Processing Plant,03/09/2025,
LL16008,North 49 Holdings Ltd.,66 Meteghan Shore Road B0W 2J0,Meteghan,,Nova Scotia,Canada,third-country,FFP,PP,,,PP - Processing Plant,02/05/2022,
1485617,North 49 Holdings Ltd.,268 Route 175,Pennfield,,New Brunswick,Canada,third-country,FFP,PP,,,PP - Processing Plant,13/04/2022,
1348081,North America International Seafood Inc.,#143-21300 Gordon Way V6W 1M2,Richmond,,British Columbia,Canada,third-country,FFP,CS,,,CS - Cold Stores,02/05/2022,
0070,North Atlantic Aquaponics Ltd.,,Cartyville,,Newfoundland and Labrador,Canada,third-country,FFP,PP,,,PP - Processing Plant,,
6083,North Delta Seafoods Ltd,7857 Huston Road,Delta,,British Columbia,Canada,third-country,FFP,PP,,,PP - Processing Plant,,
6022,North Lake Fisheries (2013) Inc,150 Central Street,Montague,,Prince Edward Island,Canada,third-country,FFP,PP,,,PP - Processing Plant,04/12/2025,
4240,"North Lake Fisheries (2013), Inc.",58 North Lake Harbour Road C0A 1K0,North Lake,,Prince Edward Island,Canada,third-country,FFP,PP,,,PP - Processing Plant,20/05/2022,
2231,North Nova Seafoods Limited,164 North Nova Lane,Pictou,,Nova Scotia,Canada,third-country,FFP,PP,,,PP - Processing Plant,19/04/2022,
6404,North River Fish Farms Limited,57 Mackenzie Settlement Road,Truro,,Nova Scotia,Canada,third-country,FFP,PP,,,PP - Processing Plant,02/05/2022,
4120,North Taste Flavourings Inc./Saveur Du Nord Inc.,71 Route 320 E8N 2B7,Anse-Bleue,,New Brunswick,Canada,third-country,FFP,PP,,,PP - Processing Plant,25/04/2022,
1988,Northern Divine Aquafarms Ltd.,7333 Sechelt Inlet Road,Sechelt,,British Columbia,Canada,third-country,FFP,PP,,,PP - Processing Plant,20/04/2022,
1010,Northern Lights Seafood Inc.,40-44 Water Street,Main Brook,,Newfoundland and Labrador,Canada,third-country,FFP,PP,,,PP - Processing Plant,12/04/2022,
1008,Northern Tip Ltd.,14 HILLCREST AVE.,Cook's Harbour,,Newfoundland and Labrador,Canada,third-country,FFP,PP,,,PP - Processing Plant,12/04/2022,
3594,Northsyde Processing Ltd.,139 Queen Street,North Sydney,,Nova Scotia,Canada,third-country,FFP,PP,,,PP - Processing Plant,20/04/2022,
1174,Notre Dame Seafoods Inc.,,Twillingate,,Newfoundland and Labrador,Canada,third-country,FFP,PP,,,PP - Processing Plant,12/04/2022,
0007,Notre Dame Seafoods Inc.,13-23 Cove Road,Comfort Cove,,Newfoundland and Labrador,Canada,third-country,FFP,PP,,,PP - Processing Plant,20/10/2025,
CS1459341,Nova Cold Logistics ULC,"71 Thornhill Drive, Unit 100 B3B 1R9",Dartmouth,,Nova Scotia,Canada,third-country,FFP,CS,,,CS - Cold Stores,04/05/2022,
CS1459337,Nova Cold Logistics ULC,635 Wilkinson Avenue B3B 0H4,Dartmouth,,Nova Scotia,Canada,third-country,FFP,CS,,,CS - Cold Stores,04/05/2022,
1D90,Novacan Live Seafood Ltd.,816 Veteran's Memorial Drive,Arichat,,Nova Scotia,Canada,third-country,FFP,PP,,,PP - Processing Plant,10/07/2025,
2134,Nu Sea Products Inc.,MAIN ROAD,Anchor Point,,Newfoundland and Labrador,Canada,third-country,FFP,PP,,,PP - Processing Plant,20/04/2022,
1123,Nu Sea Products Inc.,Port de Grave,Ship Cove,,Newfoundland and Labrador,Canada,third-country,FFP,PP,,,PP - Processing Plant,12/04/2022,
0183,Nu Sea Products Inc.,74-76 Fisher St.,Port au Choix,,Newfoundland and Labrador,Canada,third-country,FFP,PP,,,PP - Processing Plant,17/08/2023,
1B58,Nutralab Canada Corp.,980 Tapscott Road,Scarborough,,Ontario,Canada,third-country,FFP,PP,,,PP - Processing Plant,11/03/2024,
0164,"Ocean Choice International Inc. ""Bonavista""",10-28 Campbell Street,Bonavista,,Newfoundland and Labrador,Canada,third-country,FFP,PP,,,PP - Processing Plant,10/02/2025,
0154,"Ocean Choice International Inc. ""Fortune""",Main Street,Fortune,,Newfoundland and Labrador,Canada,third-country,FFP,PP,,,PP - Processing Plant,10/02/2025,
1006,"Ocean Choice International Inc. ""St. Lawrence""",Water Street West,St. Lawrence,,Newfoundland and Labrador,Canada,third-country,FFP,PP,,,PP - Processing Plant,11/04/2022,
0048,"Ocean Choice International Inc. ""Triton""",11 Harbour Drive,Triton,,Newfoundland and Labrador,Canada,third-country,FFP,PP,,,PP - Processing Plant,10/02/2025,
1417486,Ocean Choice International Inc. (South Dildo),Fish Plant Road,South Dildo,,Newfoundland and Labrador,Canada,third-country,FFP,CS,,,CS - Cold Stores,07/08/2024,
0027,Ocean Choice International L.P.,,Lawn,,Newfoundland and Labrador,Canada,third-country,FFP,PP,,,PP - Processing Plant,04/05/2022,
0087,"Ocean Choice International L.P. ""Aqviq""",1 Mooring Cove Rd,1G0 Bay Roberts,A0A,Newfoundland and Labrador,Canada,third-country,FFP,FV,,,FV - Factory Vessel,,
0005,"Ocean Choice International L.P. ""Newfoundland Lynx""","Moorfrost Pier, Water St",1G0 Bay Roberts,A0A,Newfoundland and Labrador,Canada,third-country,FFP,FV,,,FV - Factory Vessel,,
6173,Ocean Choice International L.P. (Calvert),1315 Topsail Road,2N1 St John's,A1C,Newfoundland and Labrador,Canada,third-country,FFP,FV,,,FV - Factory Vessel,,
6426,Ocean Choice International L.P. (Ocean Choice International Halifax Inc.),11 Simmonds Drive,Dartmouth,,"Halifax County,Nova Scotia",Canada,third-country,FFP,CS,,,CS - Cold Stores,31/01/2022,
0118,Ocean Choice International L.P. “Ocean Breaker”,"Moorfrost Pier, Water Street",1G0 Bay Roberts,A0A,Newfoundland and Labrador,Canada,third-country,FFP,FV,,,FV - Factory Vessel,,
3571,Ocean Choice PEI Inc.,,Pictou,,Nova Scotia,Canada,third-country,FFP,PP,,,PP - Processing Plant,20/04/2022,
1110,Ocean Concord (ClearWater Seafoods Limited Partnership),Argentia Freezers and Terminals Pier,Argentia Beach,,Alberta,Canada,third-country,FFP,FV,,,FV - Factory Vessel,,
1849,Ocean Food Company Limited,3 Turbina Avenue,Scarborough,,Ontario,Canada,third-country,FFP,PP,,,PP - Processing Plant,13/04/2022,
1083,Ocean Fresh Mussell Growers Limited,9-11 Wharf Loop,Summerford,,Newfoundland and Labrador,Canada,third-country,FFP,PP,,,PP - Processing Plant,05/09/2025,
1990,Ocean Gate Fishery Ltd.,#120 - 12160 Horseshoe Way,Richmond,,British Columbia,Canada,third-country,FFP,PP,,,PP - Processing Plant,20/04/2022,
0914,Ocean Nova Seafood Canada Ltd.,250-2268 No. 5 Road,Richmond,,British Columbia,Canada,third-country,FFP,PP,,,PP - Processing Plant,11/04/2022,
3529,Ocean Nutrition Canada Limited,"Mulgrave, Nova Scotia",Mulgrave,,Nova Scotia,Canada,third-country,FFP,PP,,,PP - Processing Plant,20/04/2022,
2448,Ocean Pier Inc.,20 PATTISON STREET,Scoudouc,,New Brunswick,Canada,third-country,FFP,PP,,,PP - Processing Plant,20/04/2022,
3064,Ocean Pride Fisheries Limited,136 JACQUARD ROAD,Lower Wedgeport,,Nova Scotia,Canada,third-country,FFP,PP,,,PP - Processing Plant,20/04/2022,
3757,Ocean Pride Fisheries Limited,138 Jacquard Rd,Lower Wedgeport,,Nova Scotia,Canada,third-country,FFP,PP,,,PP - Processing Plant,20/04/2022,
0723,Ocean Run Seafood Canada Ltd.,,Vancouver,,British Columbia,Canada,third-country,FFP,PP,,,PP - Processing Plant,11/04/2022,
1C54,Ocean Story Fishing Group Inc.,"21300 Gordon Way, Unit 243",Richmond,,British Columbia,Canada,third-country,FFP,CS,,,CS - Cold Stores,09/02/2024,
3591,Ocean View Fisheries Limited,26 Lenny's Lane,Sambro,,Nova Scotia,Canada,third-country,FFP,PP,,,PP - Processing Plant,20/04/2022,
1982,Oceanfood Industries Limited,11520 Eburne Way,Richmond,,British Columbia,Canada,third-country,FFP,PP,,,PP - Processing Plant,22/11/2023,
1338,Oceans Alive Seafood Limited,39 Prospect Point Road,Shag Harbour,,Nova Scotia,Canada,third-country,FFP,PP,,,PP - Processing Plant,06/07/2022,
6218,Oceans Edge Fishing Ltd.,24622-35 Ave,9L9 Langley,V3A,British Columbia,Canada,third-country,FFP,FV,,,FV - Factory Vessel,,
3328,Oceans' Best Seafood Limited (M/V Final Venture),120 Water Street,Canso,,Nova Scotia,Canada,third-country,FFP,PP,,,PP - Processing Plant,20/04/2022,
5779,Océan NutraSciences Inc.,72 rue du Pont G4W 3M6,Matane,,Quebec,Canada,third-country,FFP,PP,,,PP - Processing Plant,28/04/2022,
6158,One Tuna Inc.,6295 Northside Road C0A 2B0,North Lake,,Prince Edward Island,Canada,third-country,FFP,PP,,,PP - Processing Plant,28/04/2022,
0915,Orca Specialty Foods Ltd.,Unit 4 – 17350 56th Avenue,Surrey,,British Columbia,Canada,third-country,FFP,PP,,,PP - Processing Plant,11/04/2022,
6316,Organic Ocean Seafood Inc.,"12740 Trites Road, Unit 21S",Richmond,,British Columbia,Canada,third-country,FFP,PP,,,PP - Processing Plant,15/06/2022,
CS1329858,Orion Cold Storage Limited,43 Orion Court B2Y 4W6,Dartmouth,,Nova Scotia,Canada,third-country,FFP,CS,,,CS - Cold Stores,04/05/2022,
0607,Otter Valley Foods Inc.,,Tillsonburg,,Ontario,Canada,third-country,FFP,PP,,,PP - Processing Plant,11/04/2022,
2403,Ouellette Sea Products Ltd.,,Petit-Cap,,New Brunswick,Canada,third-country,FFP,PP,,,PP - Processing Plant,20/04/2022,
6101,Out Landish Shellfish Guild Inc.,657 Industrial Way V0P 1N0,Quathiaski Cove,,British Columbia,Canada,third-country,FFP,PP,,,PP - Processing Plant,02/05/2022,
6250,P. & S. Fisheries Ltd.,842 Breakwater Rd,Parksville,,British Columbia,Canada,third-country,FFP,FV,,,FV - Factory Vessel,,
2394,P.E.I. Mussel King (1994) Inc.,"318 Red Head Rd., Morrell PEI",Morell,,Prince Edward Island,Canada,third-country,FFP,PP,,,PP - Processing Plant,13/01/2023,
6228,PC Fishing Co. Ltd.,2894 Smith Rd,2H3 Courtenay,V9N,British Columbia,Canada,third-country,FFP,FV,,,FV - Factory Vessel,,
1775,POS Management Corp (Keyleaf),118 Veterinary Road,Saskatoon,,Saskatchewan,Canada,third-country,FFP,PP,,,PP - Processing Plant,13/04/2022,
6294,PRN Fishing Ltd. (Chinese Wild Swan),7064 No. 1 Road,1W2 Richmond,V5X,British Columbia,Canada,third-country,FFP,FV,,,FV - Factory Vessel,,
6195,Pacific Ambition Enterprises Ltd.,3128A Padgett Road,Powell River,,British Columbia,Canada,third-country,FFP,FV,,,FV - Factory Vessel,,
S952,Pacific Blue Storage Ltd.,19080 32 Ave,Surrey,,British Columbia,Canada,third-country,FFP,CS,,,CS - Cold Stores,06/05/2026,
1454413,Pacific Blue Storage Ltd.,#2 – 5628 Riverbend Drive V3N 0C1,Burnaby,,British Columbia,Canada,third-country,FFP,CS,,,CS - Cold Stores,02/05/2022,
6161,Pacific Legacy Seafood Inc. (Pacific Legacy No 1),12-200 Orwell St.,North Vancouver,,British Columbia; 9211810	20/12/2023,Canada,third-country,FFP,FV,,,FV - Factory Vessel,,
0964,Pacific Link Holdings Ltd.,12-4751 Shell Road,Richmond,,British Columbia,Canada,third-country,FFP,PP,,,PP - Processing Plant,11/04/2022,
6342,Pacific Rim Shellfish (2003) Corp.,1805 Mast Tower Road,Vancouver,,British Columbia,Canada,third-country,FFP,PP,,,PP - Processing Plant,29/08/2025,
1944,Pacific Rim Shellfish (2003) Corp.,1807 Mast Tower Road,Vancouver,,British Columbia,Canada,third-country,FFP,PP,,,PP - Processing Plant,13/04/2022,
1908,Pacific Salmon Industries Inc. O/A Scanner Enterprises,8305-128th Street,Surrey,,British Columbia,Canada,third-country,FFP,PP,,,PP - Processing Plant,13/04/2022,
6247,Pacific Standard Seafoods Ltd.,3750 Turnbull Road,2H3 Courtenay,V9N,British Columbia,Canada,third-country,FFP,FV,,,FV - Factory Vessel,,
LL32141,Pador Seafoods Limited,57 Prospect Point Road,Shag Harbour,,Nova Scotia,Canada,third-country,FFP,PP,,,PP - Processing Plant,,
0983,Paladin International Food Sales Ltd,"#9-12671 Bathgate Way, V6V 1Y5",Richmond,,British Columbia,Canada,third-country,FFP,PP,,,PP - Processing Plant,04/04/2023,
1758,Pangnirtung Fisheries Ltd,653 LAKESHORE RD,Pangnirtung,,Nunavut,Canada,third-country,FFP,PP,,,PP - Processing Plant,13/04/2022,
0566,Pecheries Leomar Inc. / Leomar Fisheries Inc.,521 Ch. du Gros-Cap,L'Étang-du-Nord,,Quebec,Canada,third-country,FFP,PP,,,PP - Processing Plant,18/08/2026,
5611,Pecheries Leomar Inc. / Leomar Fisheries Inc.,18 Chemin du Quai,Grande-Entrée,,Quebec,Canada,third-country,FFP,PP,,,PP - Processing Plant,18/08/2026,
6048,Peerless Fish Company Limited,69 Southside Road,Petty Harbour,,Newfoundland and Labrador,Canada,third-country,FFP,PP,,,PP - Processing Plant,,
CS1404408,Peter & Young Cold Storage,RR 1,Little Rapids,,Newfoundland and Labrador,Canada,third-country,FFP,CS,,,CS - Cold Stores,,
3526,Petit De Grat Packers Limited,"HWY 206, #24 B0E 2L0",Petit-de-Grat,,Nova Scotia,Canada,third-country,FFP,PP,,,PP - Processing Plant,04/05/2022,
1213,Philip Ouellette & Sons Ltd.,44 Chemin du Quai,Petit-Cap,,New Brunswick,Canada,third-country,FFP,PP,,,PP - Processing Plant,05/03/2024,
2399,Phillips Bridge Seafood ULC,75 Griffen Dr,Bloomfield,,Prince Edward Island,Canada,third-country,FFP,PP,,,PP - Processing Plant,26/07/2024,
4227,Phillips Bridge Seafood ULC,6 Foy Rd,Rosebank,,Prince Edward Island,Canada,third-country,FFP,PP,,,PP - Processing Plant,25/04/2022,
LLPE001,Phillips Bridge Seafood ULC,4 Borden Ave.,Borden-Carleton,,Prince Edward Island,Canada,third-country,FFP,PP,,,PP - Processing Plant,11/09/2024,
0090,Phocalux International Inc.,2 Water Front Avenue,Fleur de Lys,,Newfoundland and Labrador,Canada,third-country,FFP,PP,,,PP - Processing Plant,,
LLNB014,Pier 99 Products Ltd.,2529 Chemin Acadie E4N 1B7,Cap-Pelé,,New Brunswick,Canada,third-country,FFP,PP,,,PP - Processing Plant,02/05/2022,
4152,Pisciculture Acadienne Ltée/Acadian Fish Farm Ltd.,2295 Rue Acadie E1W 5T9,Bas-Caraquet,,New Brunswick,Canada,third-country,FFP,PP,,,PP - Processing Plant,25/04/2022,
6100,Planet Shrimp,516 John St. N – Unit D,Aylmer,,Ontario,Canada,third-country,FFP,PP,,,PP - Processing Plant,,
0550,Poisson Salé Gaspésien Ltée,"39, rue du Parc",Grande-Rivière,,Quebec,Canada,third-country,FFP,PP,,,PP - Processing Plant,08/04/2022,
2564,Poissonerie des Iles Inc.,,Lamèque,,New Brunswick,Canada,third-country,FFP,PP,,,PP - Processing Plant,20/04/2022,
2514,Poissonnerie Arseneau Fish Market Ltée/Ltd.,221 Rue Principale,Nigadoo,,New Brunswick,Canada,third-country,FFP,PP,,,PP - Processing Plant,20/04/2022,
5168,Poissonnerie Blanchette Inc.,"280, rue du Havre G4V 3H5",Sainte-Anne-des-Monts,,Quebec,Canada,third-country,FFP,PP,,,PP - Processing Plant,02/05/2022,
5167,Poissonnerie Blanchette Inc.,"150, boul. Perron est G4V 3A4",Sainte-Anne-des-Monts,,Quebec,Canada,third-country,FFP,PP,,,PP - Processing Plant,02/05/2022,
5766,Poissonnerie Jean Guy Laprise Inc.,"142, rue Vallilée G0H 1C0",Chute-aux-Outardes,,Quebec,Canada,third-country,FFP,PP,,,PP - Processing Plant,28/04/2022,
0547,Poissonnerie de Cloridorme Inc.,"643, route 132",Cloridorme,,"Gaspésie―Îles-de-la-Madeleine,Quebec",Canada,third-country,FFP,PP,,,PP - Processing Plant,08/04/2022,
1E19,Poissonnerie des Iles Renaud Inc.,559 Boul Industriel,Saint-Eustache,,Quebec,Canada,third-country,FFP,PP,,,PP - Processing Plant,20/10/2025,
1D80,Poissonnerie du Creek Ltee / Creek Fish Market Ltd,9 Rue Du Quai,Caraquet,,New Brunswick,Canada,third-country,FFP,PP,,,PP - Processing Plant,07/04/2026,
5808,Poissonnerie du Havre (1997),968 rue de la Berge G0G 1P0,Havre-St-Pierre,,Quebec,Canada,third-country,FFP,PP,,,PP - Processing Plant,28/04/2022,
5806,"Poséidon, Les Poissons et Crustacés Inc.",259 rue de la mer G0G 1V0,Longue-Pointe-de-Mingan,,Quebec,Canada,third-country,FFP,PP,,,PP - Processing Plant,28/04/2022,
0709,Premium Food Sales Ltd.,#6 - 12671 BATHGATE WAY,Richmond,,British Columbia,Canada,third-country,FFP,PP,,,PP - Processing Plant,11/04/2022,
1486,Premium Seafoods Limited,616 Veteran's Memorial Drive,Arichat,,Nova Scotia,Canada,third-country,FFP,PP,,,PP - Processing Plant,13/04/2022,
3617,Premium Seafoods Limited,517 Veterans Memorial Drive,Arichat,,Nova Scotia,Canada,third-country,FFP,PP,,,PP - Processing Plant,20/04/2022,
1867,Presteve Foods Ltd,20954 ERIE STREET SOUTH,Wheatley,,Ontario,Canada,third-country,FFP,PP,,,PP - Processing Plant,13/04/2022,
2354,Prince Edward Aqua Farms Inc.,5891 Route 20,Kensington,,Prince Edward Island,Canada,third-country,FFP,PP,,,PP - Processing Plant,19/08/2025,
1119,Princeton Seawater Fisheries Limited,MAIN ROAD,Princeton,,Newfoundland and Labrador,Canada,third-country,FFP,PP,,,PP - Processing Plant,12/04/2022,
3622,Pristine Bay Premium Oysters,32 MacKenzie Road,New Glasgow,,Nova Scotia,Canada,third-country,FFP,PP,,,PP - Processing Plant,20/04/2022,
S513,Produce Processors Limited,17452 Telephone Roadnorth Freezer Warehouse K8V 5R1,Trenton,,Ontario,Canada,third-country,FFP,CS,,,CS - Cold Stores,04/05/2022,
0255,Produits Belle Baie Ltée,10 Rue Du Quai,Caraquet,,New Brunswick,Canada,third-country,FFP,PP,,,PP - Processing Plant,07/04/2022,
1486311,Pubnico Bay Lobster Company,575 HWY 3,Pubnico,,Nova Scotia,Canada,third-country,FFP,PP,,,PP - Processing Plant,13/04/2022,
6413,Pubnico Ledge Fisheries Limited,286 Dennis Point Road,Lower West Pubnico,,Nova Scotia,Canada,third-country,FFP,PP,,,PP - Processing Plant,06/07/2022,
1384,Pubnico Trawlers Limited,155 HIGHWAY 3,Lower East Pubnico,,Nova Scotia,Canada,third-country,FFP,PP,,,PP - Processing Plant,12/04/2022,
6318,Pugwis Fishing Co. Ltd. (Pugwis),1430 Drake Road,2E6 Campbell River,V9W,British Columbia,Canada,third-country,FFP,FV,,,FV - Factory Vessel,,
4006,Pêcheries Baie Chaleurs Inc.,2261 Rue du Quai,Caraquet,,New Brunswick,Canada,third-country,FFP,PP,,,PP - Processing Plant,20/04/2022,
1209,Pêcheries Belle-Ile Fisheries Ltée/Ltd.,4 Rue du Port,Sainte-Marie-Saint-Raphaël,,New Brunswick,Canada,third-country,FFP,PP,,,PP - Processing Plant,12/04/2022,
6012,Pêcheries De L'Estuaire Inc.,"201, rue des Fabricants G5M 0M7",Rimouski,,Quebec,Canada,third-country,FFP,PP,,,PP - Processing Plant,11/07/2022,
2552,Pêcheries LeBreton & Fils Ltée / LeBreton & Sons Fisheries Ltd.,78 rue du Quai,Val-Comeau,,New Brunswick,Canada,third-country,FFP,PP,,,PP - Processing Plant,21/10/2022,
6383,Pêcheries LeBreton & Fils Ltée / LeBreton & Sons Fisheries Ltd.,9 Rue du Quai E1W 1B6,Caraquet,,New Brunswick,Canada,third-country,FFP,PP,,,PP - Processing Plant,02/05/2022,
4129,Pêcheries Lebreton & Fils Ltée,690 rue Acadie E8N 1G4,Grande-Anse,,New Brunswick,Canada,third-country,FFP,PP,,,PP - Processing Plant,25/04/2022,
5178,Pêcheries Marinard Ltée,"41, Rue De I'Entrepôt",5L3 Rivière-au-Renard,G4X,"Gaspésie―Îles-de-la-Madeleine,Quebec",Canada,third-country,FFP,PP,,,PP - Processing Plant,10/07/2022,
2555,Pêcheries Saint-Paul (1989) Ltée/ St-Paul Fisheries (1989) Ltd.,2262 rue Industrielle,Bas-Caraquet,,New Brunswick,Canada,third-country,FFP,PP,,,PP - Processing Plant,20/04/2022,
2518,Pêcheries Ste-Cécile Inc.,136 Chemin Lacroix,Sainte-Cécile,,New Brunswick,Canada,third-country,FFP,PP,,,PP - Processing Plant,,
0242,Quality Seafoods Limited,308 Hilton Road,Rockville,,Nova Scotia,Canada,third-country,FFP,PP,,,PP - Processing Plant,,
6221,Quality Time Fishing Ltd.,600 Pym Street,Parksville,,British Columbia,Canada,third-country,FFP,FV,,,FV - Factory Vessel,,
6238,Quality Time Fishing Ltd.,600 Pym Street,Parksville,,British Columbia,Canada,third-country,FFP,FV,,,FV - Factory Vessel,,
6222,Quality Time Fishing Ltd.,600 Pym Street,Parksville,,British Columbia,Canada,third-country,FFP,FV,,,FV - Factory Vessel,,
6237,Quality Time Fishing Ltd.,600 Pym Street,Parksville,,British Columbia,Canada,third-country,FFP,FV,,,FV - Factory Vessel,,
1565495,Quin-Sea Fisheries Limited,Higdon's Fish Plant Road A0A 1L0,New Harbour,,Newfoundland and Labrador,Canada,third-country,FFP,CS,,,CS - Cold Stores,19/05/2022,
0063,Quin-Sea Fisheries Limited,,Cupids,,Newfoundland and Labrador,Canada,third-country,FFP,PP,,,PP - Processing Plant,04/05/2022,
6167,Quin-Sea Fisheries Limited,1 Higdon's Fish Plant Road,New Harbour,,Newfoundland and Labrador,Canada,third-country,FFP,PP,,,PP - Processing Plant,28/04/2022,
0171,Quin-Sea Fisheries Limited,50-70 Marine Drive,Old Perlican,,Newfoundland and Labrador,Canada,third-country,FFP,PP,,,PP - Processing Plant,,
0025,Quin-Sea Fisheries Limited,257-269 Marine Drive,Southern Harbour,,Newfoundland and Labrador; F Suffix ”F” to the approval number is used for statistical reasons and does not need to appear on the accompanying documents and not on the label of the product,Canada,third-country,FFP,PP,,,PP - Processing Plant,,
0193,Quin-Sea Fisheries Limited,40 Harbour Road,Cape Broyle,,Newfoundland and Labrador,Canada,third-country,FFP,PP,,,PP - Processing Plant,07/04/2022,
0098,Quinlan Brothers Ltd,,Old Perlican,,Newfoundland and Labrador,Canada,third-country,FFP,PP,,,PP - Processing Plant,,
0130,"Quinlan Brothers, Ltd",6 Wharf Road,Bay De Verde,,Newfoundland and Labrador,Canada,third-country,FFP,PP,,,PP - Processing Plant,03/09/2025,
6055,Quoddy Seafood Ltd.,162 Mealey Road,Pennfield,,New Brunswick,Canada,third-country,FFP,PP,,,PP - Processing Plant,05/09/2025,
1422,R & K Murphy Enterprises Limited,2882 Melbourne Rd.,Pinkneys Point,,Nova Scotia,Canada,third-country,FFP,PP,,,PP - Processing Plant,18/02/2026,
6198,R D R Fishing Co.,7124 Thunder Bay St.,Powell River,,British Columbia,Canada,third-country,FFP,FV,,,FV - Factory Vessel,,
6451,R J King Fisheries Limited,"7891 Highway 1, B0W 2J0",Meteghan,,Nova Scotia,Canada,third-country,FFP,PP,,,PP - Processing Plant,22/05/2023,
3322,R. Baker Fisheries Limited,32 Water Street,Lockeport,,Nova Scotia,Canada,third-country,FFP,PP,,,PP - Processing Plant,20/04/2022,
LL32103,R. I. Smith Lobster Co. Ltd.,B0W 1P0,Bear Point,,Nova Scotia,Canada,third-country,FFP,PP,,,PP - Processing Plant,02/05/2022,
0372,R.I. Smith Company Limited,5707 Highway 3,Shag Harbour,,Nova Scotia,Canada,third-country,FFP,PP,,,PP - Processing Plant,,
3750,R.I. Smith Lobster Co. Ltd.,,Shag Harbour,,Nova Scotia,Canada,third-country,FFP,PP,,,PP - Processing Plant,20/04/2022,
1D38,RBM Fishing Ltd.,710-1st Street,Sointula,,British Columbia,Canada,third-country,FFP,FV,,,FV - Factory Vessel,05/09/2024,
6278,Raymond Thoreson (Muriel D II),4732 Webb Road,2H0 Madeira Park,V0N,British Columbia,Canada,third-country,FFP,FV,,,FV - Factory Vessel,,
6310,Rebekah E Parlee (Silver Slug),80 1st Street,3E0 Sointula,V0N,British Columbia,Canada,third-country,FFP,FV,,,FV - Factory Vessel,,
6437,Right Source Group Limited,421 Bluewater Road,Bedford,,Nova Scotia,Canada,third-country,FFP,PP,,,PP - Processing Plant,28/03/2022,
6080,Right Source Group Limited,"Unit 06, 192 Joseph Zatzman Drive B3B 1N4",Dartmouth,,Nova Scotia,Canada,third-country,FFP,PP,,,PP - Processing Plant,02/05/2022,
6272,Rising Spirit Investments Ltd.(Pacific Skywatch),4491 Grizzly Hill Road,1B1 Armstrong,V0E,British Columbia,Canada,third-country,FFP,FV,,,FV - Factory Vessel,,
SFL-0021,Rivers Inlet Sportsmans Club Ltd.,long / lat: 51.2394 N 127.4168 W,Rivers Inlet,,British Columbia,Canada,third-country,FFP,PP,,,PP - Processing Plant,,
CS1428954,Riverside Lobster International Inc.,9089 Highway 1 B0W 2L0,Meteghan River,,Nova Scotia,Canada,third-country,FFP,CS,,,CS - Cold Stores,04/05/2022,
3838,Riverside Lobster International Inc.,11 John Thibodeau Road,Meteghan,,Nova Scotia,Canada,third-country,FFP,PP,,,PP - Processing Plant,20/04/2022,
1428188,Riverside Lobster International Inc.,11 John Thibodeau Road,Meteghan,,Nova Scotia,Canada,third-country,FFP,PP,,,PP - Processing Plant,12/04/2022,
6343,Riverside Lobster International Inc.,7861 Hwy 1 B0W 2J0,Meteghan,,Nova Scotia,Canada,third-country,FFP,PP,,,PP - Processing Plant,28/04/2022,
1428190,Riverside Lobster International Inc.,9089 Highway 1,Meteghan,,Nova Scotia,Canada,third-country,FFP,PP,,,PP - Processing Plant,12/04/2022,
6030,Rocky Coast Seafoods Ltd.,739 Highway 1 B0W 1Z0,Comeauville,,Nova Scotia,Canada,third-country,FFP,PP,,,PP - Processing Plant,28/04/2022,
SFL-0019,Rough'N It Holdings Ltd. Dba Black Gold Lodge,Goose Bay,Rivers Inlet,,British Columbia,Canada,third-country,FFP,PP,,,PP - Processing Plant,,
0031,Royal Mariner (Andrew Daley Limited),,New Bridge,,Newfoundland and Labrador,Canada,third-country,FFP,FV,,,FV - Factory Vessel,,
2391,"Royal Star Foods Ltd., Plant 1",175 Judes Point Road,Tignish,,Prince Edward Island,Canada,third-country,FFP,PP,,,PP - Processing Plant,20/04/2022,
2392,"Royal Star Foods Ltd., Plant 2",439 FOUNDERS LANE,Tignish,,Prince Edward Island,Canada,third-country,FFP,PP,,,PP - Processing Plant,20/04/2022,
LL23001,Ryer & Ryer Lobsters Ltd,B3K 4B2,Indian Harbour,,Nova Scotia,Canada,third-country,FFP,PP,,,PP - Processing Plant,02/05/2022,
0942,S. M. Products (B.C.) Ltd.,3827 RIVER ROAD WEST,Delta,,British Columbia,Canada,third-country,FFP,PP,,,PP - Processing Plant,11/04/2022,
6225,S.K. Seafoods Inc.,8758 Stirling Arm Drive,2A8 Port Alberni,V9Y,British Columbia,Canada,third-country,FFP,FV,,,FV - Factory Vessel,,
1C90,SYLMAR SEAFOOD INC.,"30 Chemin de la Cote, E4N2V7",Trois-Ruisseaux,,New Brunswick,Canada,third-country,FFP,PP,,,PP - Processing Plant,15/05/2023,
LL32119,"Sable Fish Packers (1988) Ltd, Plant 3",,Cape Sable Island,,Nova Scotia,Canada,third-country,FFP,PP,,,PP - Processing Plant,,
1389,Salt Water Fisheries Limited,2879 Melbourne Road,Pinkneys Point,,Nova Scotia,Canada,third-country,FFP,PP,,,PP - Processing Plant,21/10/2022,
3017,Sambro Fisheries Limited,40 LENNY'S LANE,Sambro,,Nova Scotia,Canada,third-country,FFP,PP,,,PP - Processing Plant,20/04/2022,
1432778,Sandy Point Lobster Ltd.,2208 Sandy Point Road,Shelburne,,Nova Scotia,Canada,third-country,FFP,PP,,,PP - Processing Plant,12/04/2022,
6312,Sante Naturelle A.G. Ltee,"3555 Boulevard Matte, Porte M",Brossard,,Quebec,Canada,third-country,FFP,PP,,,PP - Processing Plant,15/06/2022,
0022,Saputi,,1G0 Bay Roberts,A0A,Newfoundland and Labrador,Canada,third-country,FFP,FV,,,FV - Factory Vessel,,
1435,Schooner Seafoods Limited,,Wedgeport,,Nova Scotia,Canada,third-country,FFP,PP,,,PP - Processing Plant,12/04/2022,
1434,Scotia Garden Seafood Incorporated,112 WATER STREET,Yarmouth,,Nova Scotia,Canada,third-country,FFP,PP,,,PP - Processing Plant,12/04/2022,
1436,Scotia Garden Seafoods Incorporated (Plant 2),112 WATER STREET,Yarmouth,,Nova Scotia,Canada,third-country,FFP,PP,,,PP - Processing Plant,12/04/2022,
6414,Scotia Harvest Inc.,12538 Highway 217 B0V 1A0,Seabrook,,Nova Scotia,Canada,third-country,FFP,PP,,,PP - Processing Plant,02/05/2022,
1323,Sea Brook Fisheries Limited,,Seabrook,,Nova Scotia,Canada,third-country,FFP,PP,,,PP - Processing Plant,02/05/2022,
1322,Sea Crest Fisheries Limited,30 COMEAUVILLE WHARF RD,Comeauville,,Nova Scotia,Canada,third-country,FFP,PP,,,PP - Processing Plant,12/04/2022,
0717,Sea Drift Fish Co. Ltd.,,Nanaimo,,British Columbia,Canada,third-country,FFP,CS PP,,,CS - Cold Stores | PP - Processing Plant,02/05/2022,
3307,Sea Star Seafoods Limited,80 Courtney Street,Clark's Harbour,,Nova Scotia,Canada,third-country,FFP,PP,,,PP - Processing Plant,20/04/2022,
3040,Sea Star Seafoods Limited,69 COURTNEY STREET,Clark's Harbour,,Nova Scotia,Canada,third-country,FFP,PP,,,PP - Processing Plant,20/04/2022,
2401,Sea Tide Import & Export Ltd,55 CORMIER STREET,Cap-Pelé,,New Brunswick,Canada,third-country,FFP,PP,,,PP - Processing Plant,20/04/2022,
6188,Sea To Sky Fishing Ltd.,7857 Huston Road,5B4 Delta,V4K,British Columbia,Canada,third-country,FFP,FV,,,FV - Factory Vessel,,
0097,Sea Water Products Inc.,,Fleur de Lys,,Newfoundland and Labrador,Canada,third-country,FFP,PP,,,PP - Processing Plant,,
1967,Sea World Fisheries Ltd.,1708 PANDORA STREET,Vancouver,,British Columbia,Canada,third-country,FFP,PP,,,PP - Processing Plant,13/04/2022,
0946,Sea World Trading Ltd.,1104 - 12811 Rowan Place,Richmond,,British Columbia,Canada,third-country,FFP,PP,,,PP - Processing Plant,11/04/2022,
6039,Sea2Sky Seafood Ltd.,#104 – 2931 Olafson Ave V6X 2R4,Richmond,,British Columbia,Canada,third-country,FFP,PP,,,PP - Processing Plant,28/04/2022,
0959,Seaborn Enterprises Ltd.,79 & 91 EAST KENT AVENUE NORTH,Vancouver,,British Columbia,Canada,third-country,FFP,PP,,,PP - Processing Plant,11/04/2022,
0827,Seafood 2000 Ltd.,10 WATER STREET,Georgetown,,Prince Edward Island,Canada,third-country,FFP,PP,,,PP - Processing Plant,11/04/2022,
0730,Seagate Fisheries Ltd.,12180 Vulcan Way,Richmond,,British Columbia,Canada,third-country,FFP,PP,,,PP - Processing Plant,11/04/2022,
LL34010,Seakist Lobster Ltd.,598 Highway 304,Yarmouth,,Nova Scotia,Canada,third-country,FFP,PP,,,PP - Processing Plant,02/05/2022,
6124,Seaman Fishing Incorporated (Blue Sky),3316 Worthington Drive,3V6 Vancouver,V5Z,British Columbia,Canada,third-country,FFP,FV,,,FV - Factory Vessel,,
6210,Seavest Holdings Ltd.,4288 Ontario Ave,Powell River,,British Columbia,Canada,third-country,FFP,FV,,,FV - Factory Vessel,,
6430,Seaward Seafoods Company Limited,"40 Main Street , A0K4L0",New Ferolle,,Newfoundland and Labrador,Canada,third-country,FFP,PP,,,PP - Processing Plant,20/12/2022,
6303,September Isle Fishing Ltd. (September Isle),1691 Meadowbrook Drive,2E6 Campbell River,V9W,British Columbia,Canada,third-country,FFP,FV,,,FV - Factory Vessel,,
0944,Seven Seas Fish Co. Ltd.,12411 Vulcan Way,Richmond,,British Columbia,Canada,third-country,FFP,PP,,,PP - Processing Plant,11/04/2022,
1405891,Sharp Base Shipping And Transport (Canada) Ltd. DBA Sharp Base,3456 Bridgeway Street V5K 1B6,Vancouver,,British Columbia,Canada,third-country,FFP,CS,,,CS - Cold Stores,02/05/2022,
0177,Shediac Lobster Shop Ltd.,,Shediac,,New Brunswick,Canada,third-country,FFP,PP,,,PP - Processing Plant,07/04/2022,
1D61,Shelburne Bait Company Limited,1482 Sandy Point Road,Shelburne,,Nova Scotia,Canada,third-country,FFP,PP,,,PP - Processing Plant,06/11/2024,
6149,Shelburne County Cold Storage Ltd.,"1005 Goose Lake, Hwy 103 B0T 1W0",Shelburne,,Nova Scotia,Canada,third-country,FFP,CS,,,CS - Cold Stores,04/05/2022,
3775,Ship's Lobster Pound (2005) Limited,6649 HIGHWAY 3,Woods Harbour,,Nova Scotia,Canada,third-country,FFP,PP,,,PP - Processing Plant,20/04/2022,
1497512,Ship’s Lobster Pound (2005) Limited,413 Central Port Mouton Road,Port Mouton,,Nova Scotia,Canada,third-country,FFP,CS,,,CS - Cold Stores,,
1544668,Shore Cold Storage Logistics,132 Little Brook Road,Little Brook,,Nova Scotia,Canada,third-country,FFP,CS,,,CS - Cold Stores,22/02/2022,
3061,Silver Roe Seafoods Limited,270 Dennis Point Road,Lower West Pubnico,,Nova Scotia,Canada,third-country,FFP,PP,,,PP - Processing Plant,20/04/2022,
6231,Silverado Fishing Inc.,5-6965 Yaroshuk Rd,Powell River,,British Columbia,Canada,third-country,FFP,FV,,,FV - Factory Vessel,,
LL32104,Simply Fresh Seafoods Inc.,109 Boundary Street,Clark's Harbour,,Nova Scotia,Canada,third-country,FFP,PP,,,PP - Processing Plant,02/05/2022,
SFL-007,Skeena Adventure Fishing Ltd.,,Terrace,,British Columbia,Canada,third-country,FFP,PP,,,PP - Processing Plant,02/05/2022,
SFL-0012,Skeena Mountain B&B,5387 Dover Rd V8G 0C3,Terrace,,British Columbia,Canada,third-country,FFP,PP,,,PP - Processing Plant,02/05/2022,
SFL-0011,Skeena River Fishing Lodge Incorporated,2940 Lavergne Rd V8G 0B1,Terrace,,British Columbia,Canada,third-country,FFP,PP,,,PP - Processing Plant,02/05/2022,
0712,Soo Singapore Jerky Ltd.,13191 PRINCESS STREET,Richmond,,British Columbia,Canada,third-country,FFP,PP,,,PP - Processing Plant,11/04/2022,
CS1404223,Souris Harbour Authority Inc dba Eastern Cold Storage,24 Hope Street C0A 2B0,Souris,,Prince Edward Island,Canada,third-country,FFP,CS,,,CS - Cold Stores,04/05/2022,
LL32134,South Shore Lobster (1992) Ltd.,"33 Station Road, Barrington Passage",Shelburne County,,Nova Scotia,Canada,third-country,FFP,PP,,,PP - Processing Plant,,
2427,South Shore Trading Co. Ltd,36 John A Trenholm Road,Upper Cape,,New Brunswick,Canada,third-country,FFP,PP,,,PP - Processing Plant,19/04/2022,
0775,Southside Processing Inc.,"1670 East Kent Ave S, BC V5P 2S7.",Vancouver,,British Columbia,Canada,third-country,FFP,PP,,,PP - Processing Plant,16/02/2023,
6267,Spring Bay Fishing Company Ltd. (Lasqueti Isle),1055 Lee Road,Parksville,,British Columbia,Canada,third-country,FFP,FV,,,FV - Factory Vessel,,
0780,St Jean's Coast Mountain Resources Inc.,242 Southside Drive,Nanaimo,,British Columbia,Canada,third-country,FFP,PP,,,PP - Processing Plant,11/04/2022,
CS1402886,St. Anthony Basin Cold Storage Limited,4-8 Boyd's Road,St. Anthony,,Newfoundland and Labrador,Canada,third-country,FFP,CS,,,CS - Cold Stores,22/08/2025,
1074,St. Anthony Seafoods Limited,240B East Street,Saint Anthony,,Newfoundland and Labrador,Canada,third-country,FFP,PP,,,PP - Processing Plant,12/04/2022,
1467,St. Mary's Bay Fisheries,,Meteghan,,Nova Scotia,Canada,third-country,FFP,PP,,,PP - Processing Plant,12/04/2022,
3501,St. Mary's River Smokehouses,8000 HWY 7,Sherbrooke,,Nova Scotia,Canada,third-country,FFP,PP,,,PP - Processing Plant,20/04/2022,
LL34006,Stanley Lobster Ltd,,Yarmouth,,Nova Scotia,Canada,third-country,FFP,PP,,,PP - Processing Plant,02/05/2022,
0741,Stellar Bay Shellfish Ltd.,7400 Island Highway West,Bowser,,British Columbia,Canada,third-country,FFP,PP,,,PP - Processing Plant,29/08/2025,
0278,Stoney Island Fisheries (2022) Limited,78 Bull Head Road,Stoney Island,,Nova Scotia,Canada,third-country,FFP,PP,,,PP - Processing Plant,25/07/2024,
6248,Summer Star Fishing Ltd.,"RR1, Site-C, C-16",2H0 Madeira Park,V0N,British Columbia,Canada,third-country,FFP,FV,,,FV - Factory Vessel,,
0826,Summerside Seafood Supreme Inc.,105 Queen's Wharf,Summerside,,Prince Edward Island,Canada,third-country,FFP,PP,,,PP - Processing Plant,11/04/2022,
0046,Summerville Fisheries Ltd,,Summerville,,Prince Edward Island,Canada,third-country,FFP,PP,,,PP - Processing Plant,,
6194,Sun-Ra Logos Ltd.,6001-60 Avenue,5B4 Delta,V4K,British Columbia,Canada,third-country,FFP,FV,,,FV - Factory Vessel,,
6314,Sun-Ra Logos Ltd. (Lee’s Winner),4615 Britannia Drive,1W2 Richmond,V5X,British Columbia,Canada,third-country,FFP,FV,,,FV - Factory Vessel,,
6268,Sun-Ra Logos Ltd.(Pacific Otter),Scotch Pond,1W2 Richmond,V5X,British Columbia,Canada,third-country,FFP,FV,,,FV - Factory Vessel,,
0772,Sung Fish Company Ltd.,1795 Pandora Street,Vancouver,,British Columbia,Canada,third-country,FFP,PP,,,PP - Processing Plant,11/04/2022,
6182,Sunset Coast Marine Ltd.,7124 Thunder Bay Street,Powell River,,British Columbia,Canada,third-country,FFP,FV,,,FV - Factory Vessel,,
LL32133,Swimm's Lobster Inn Limited,73 Sourth Street B0W 1P0,Clark's Harbour,,Nova Scotia,Canada,third-country,FFP,PP,,,PP - Processing Plant,02/05/2022,
6005,Synergy Seafoods Ltd.,803 Highway 1 B0W 1Z0,Comeauville,,Nova Scotia,Canada,third-country,FFP,PP,,,PP - Processing Plant,28/04/2022,
6311,T.R. Fishing Ltd.,200 Bayview Drive,Port Edward,,British Columbia,Canada,third-country,FFP,FV,,,FV - Factory Vessel,11/09/2024,
5016,T.T. Superfrozen,2060 Michelin H7L 5C2,Laval,,Quebec,Canada,third-country,FFP,PP,,,PP - Processing Plant,02/05/2022,
1507505F,TAS Refrigerated Distribution Inc.,8140 92nd Street,Delta,,British Columbia,Canada,third-country,FFP,CS,,,CS - Cold Stores,,
S201,TCS Alberta Inc.,12425-66th St. NW T5B 1K5,Edmonton,,Alberta,Canada,third-country,FFP,CS,,,CS - Cold Stores,04/05/2022,
S515D,TCS Toronto Inc.,3691-3695 Weston Road M9L 1W4,Toronto,,Ontario; F Suffix ”F” to the approval number is used for statistical reasons and does not need to appear on the accompanying documents and not on the label of the product,Canada,third-country,FFP,CS,,,CS - Cold Stores,04/05/2022,
6301,Tai Van Nguyen (Lasqueti Knight),748 4th Avenue,2E6 Campbell River,V9W,British Columbia,Canada,third-country,FFP,FV,,,FV - Factory Vessel,,
0985,Taiwan Food Products Ltd.,#10A - 8145 130th Street,Surrey,,British Columbia,Canada,third-country,FFP,PP,,,PP - Processing Plant,12/04/2022,
LL04009,Tangier Lobster Company Limited,172 Lawlor's Point Rd B0J 3H0,Pleasant Harbour,,Nova Scotia,Canada,third-country,FFP,PP,,,PP - Processing Plant,02/05/2022,
0994,Taylor Shellfish Canada ULC,8260 South Island Highway,Fanny Bay,,British Columbia,Canada,third-country,FFP,PP,,,PP - Processing Plant,25/08/2025,
0773,Taylor Shellfish Canada ULC,8260 South Island Highway,Fanny Bay,,British Columbia,Canada,third-country,FFP,PP,,,PP - Processing Plant,11/04/2022,
CS1404219,Terra Nova Mink Feeds Inc.,1 Main Road,Charleston,,New Brunswick,Canada,third-country,FFP,CS,,,CS - Cold Stores,,
6153,Territory Seafoods Ltd.,8383 Crompton Street V5X 4J1,Vancouver,,British Columbia,Canada,third-country,FFP,PP,,,PP - Processing Plant,28/04/2022,
LLNB009,Thankful Too Family Fisheries,E4H 1N6,Alma,,New Brunswick,Canada,third-country,FFP,PP,,,PP - Processing Plant,02/05/2022,
6141,The Fish Basket (2013) Ltd.,1517 Shore Road,Eastern Passage,,Nova Scotia,Canada,third-country,FFP,PP,,,PP - Processing Plant,28/04/2022,
3570,Three Ports Fisheries Limited,897 Alder Point Road,Alder Point,,Nova Scotia; F Suffix ”F” to the approval number is used for statistical reasons and does not need to appear on the accompanying documents and not on the label of the product,Canada,third-country,FFP,PP,,,PP - Processing Plant,20/04/2022,
0124,Torngat Fish Producers Cooperative Society Limited,,Nain,,Newfoundland and Labrador,Canada,third-country,FFP,PP,,,PP - Processing Plant,,
0194,Torngat Fish Producers Cooperative Society Ltd,,Makkovik,,Newfoundland and Labrador,Canada,third-country,FFP,PP,,,PP - Processing Plant,,
3722,Transformation Seafoods Inc.,8483 HWY #3,Charlesville,,Nova Scotia,Canada,third-country,FFP,PP,,,PP - Processing Plant,20/04/2022,
S-520,Tri-County Apple Growers Limited,,Trenton,,Ontario,Canada,third-country,FFP,CS,,,CS - Cold Stores,04/05/2022,
0724,Tri-Star Seafood Supply Ltd.,11751 Voyageur Way,Richmond,,British Columbia,Canada,third-country,FFP,PP,,,PP - Processing Plant,11/04/2022,
3348,Triple ''M'' Seafoods Limited,49 Little River Wharf Road,Little River,,New Brunswick,Canada,third-country,FFP,PP,,,PP - Processing Plant,20/04/2022,
1293,True North Salmon Limited Partnership,17 Walker Dr.,Charlottetown,,Prince Edward Island,Canada,third-country,FFP,PP,,,PP - Processing Plant,12/04/2022,
6155,True North Salmon Limited Partnership,390 Higney Avenue B3B 0L4,Dartmouth,,Nova Scotia,Canada,third-country,FFP,PP,,,PP - Processing Plant,28/04/2022,
3034,True North Salmon Limited Partnership,1 Fundy Bay Drive,St. George,,New Brunswick,Canada,third-country,FFP,PP,,,PP - Processing Plant,27/03/2025,
3754,"True World Foods, Inc. Of Canada",40 Goodick Road,Sandy Point,,Nova Scotia,Canada,third-country,FFP,PP,,,PP - Processing Plant,20/04/2022,
3704,Twin Seafood Limited,6689 RTE 3,Woods Harbour,,Nova Scotia,Canada,third-country,FFP,PP,,,PP - Processing Plant,20/04/2022,
0798,Ucluelet Harbour Seafoods Ltd,1661 CEDAR ROAD,Ucluelet,,British Columbia,Canada,third-country,FFP,PP,,,PP - Processing Plant,11/04/2022,
0091,"Ueushuk Fisheries Ltd. ""Atlantic Optimist""",St. John's Harbour,Saint John's,,Newfoundland and Labrador,Canada,third-country,FFP,FV,,,FV - Factory Vessel,,
6001,Union Bay Seafood Ltd.,170-2288 No. 5 Road,Richmond,,British Columbia,Canada,third-country,FFP,PP,,,PP - Processing Plant,17/06/2025,
5199,Unipeche M.D.M. ltée,66 Avenue du Quai,Paspébiac,,Quebec,Canada,third-country,FFP,PP,,,PP - Processing Plant,28/03/2022,
6309,V I Fishing Group Inc. (Nordic Rand),27 Erie Street,0G7 Victoria,V9Z,British Columbia,Canada,third-country,FFP,FV,,,FV - Factory Vessel,,
6300,VC Nim Inc. (Morning Sun),121 Port Augusta Street,2K0 Comox,V0R,British Columbia,Canada,third-country,FFP,FV,,,FV - Factory Vessel,,
S213F,VERSACOLD LOGISTICS SERVICES,9002-20 STREET T6P 1K8,Edmonton,,Alberta,Canada,third-country,FFP,CS,,,CS - Cold Stores,04/05/2022,
S228F,VERSACOLD LOGISTICS SERVICES,12536-62 STREET T5W 0Y5,Edmonton,,Alberta,Canada,third-country,FFP,CS,,,CS - Cold Stores,04/05/2022,
1503979,VERSACOLD LOGISTICS SERVICES,"585 - 41ST NORTH, T1H 6X9",Lethbridge,,Alberta,Canada,third-country,FFP,CS,,,CS - Cold Stores,19/05/2022,
S233F,VERSACOLD LOGISTICS SERVICES,7405 -127 AVENUE T5C 1R9,Edmonton,,Alberta,Canada,third-country,FFP,CS,,,CS - Cold Stores,04/05/2022,
0722,Van Sea's Wholesale Processing Inc.,3777 Keith Street,Burnaby,,British Columbia,Canada,third-country,FFP,PP,,,PP - Processing Plant,11/04/2022,
6023,Variety Foods Limited,16-18 Harbour Main A0A 2R0,Harbour Main,,Newfoundland and Labrador,Canada,third-country,FFP,PP,,,PP - Processing Plant,28/04/2022,
0659,Versacold Group Services ULC,"200 Dawson Road, North R2J 0S7",Winnipeg,,Manitoba,Canada,third-country,FFP,PP,,,PP - Processing Plant,04/05/2022,
1439300,Versacold Group Services ULC,31785 Marshall Road V2T 5Z8,Abbotsford,,British Columbia,Canada,third-country,FFP,CS,,,CS - Cold Stores,02/05/2022,
CS1402836,Versacold Logistics Canada Inc.,123 Price Street E1A 3R1,Moncton,,New Brunswick,Canada,third-country,FFP,CS,,,CS - Cold Stores,04/05/2022,
1483439,Versacold Logistics Services,1588 Cliveden Ave,Delta,,British Columbia,Canada,third-country,FFP,CS,,,CS - Cold Stores,,
1496097,Versacold Logistics Services,3925 Brandon St. SE T2G 4A7,Calgary,,Alberta,Canada,third-country,FFP,CS,,,CS - Cold Stores,03/05/2022,
1483787,Versacold Logistics Services,836 Cliveden Avenue,Delta,,British Columbia,Canada,third-country,FFP,CS,,,CS - Cold Stores,,
S739,Versacold Logistics Services,5757 Chemin St-François H4S 1B6,Saint-Laurent,,Quebec; O! No processing plant but approved as exporter/processing plant following the Recommendation of the Joint Management Committee from 2005,Canada,third-country,FFP,CS,,,CS - Cold Stores,04/05/2022,
CS1403113,Versacold Logistics Services,11 Simmonds Drive B3B 1R4,Dartmouth,,Nova Scotia,Canada,third-country,FFP,CS,,,CS - Cold Stores,04/05/2022,
CS1344857,Versacold Logistics Services,20 Pettipas Drive B3B 1K2,Dartmouth,,Nova Scotia,Canada,third-country,FFP,CS,,,CS - Cold Stores,04/05/2022,
1496096,Versacold Logistics Services,5600 76th Ave SE T2C 4N4,Calgary,,Alberta,Canada,third-country,FFP,CS,,,CS - Cold Stores,03/05/2022,
CS1402945,Versacold Logistics Services,96 Glencoe Drive,Mount Pearl,,Newfoundland and Labrador,Canada,third-country,FFP,CS,,,CS - Cold Stores,,
1496100,Versacold Logistics Services,5555 78th Ave SE T2C 4M4,Calgary,,Alberta,Canada,third-country,FFP,CS,,,CS - Cold Stores,03/05/2022,
1483788,Versacold Logistics Services,1188 Derwent Way,Delta,,British Columbia,Canada,third-country,FFP,CS,,,CS - Cold Stores,,
S785,Versacold Logistics Services,"6100 Côte de Liesse, Porte J H4T 1E3",Saint-Laurent,,Quebec; O! No processing plant but approved as exporter/processing plant following the Recommendation of the Joint Management Committee from 2005,Canada,third-country,FFP,CS,,,CS - Cold Stores,04/05/2022,
S738F,Versacold Logistics Services,1600 Brandon-Crescent H8T 2M8,Lachine,,Quebec; O! No processing plant but approved as exporter/processing plant following the Recommendation of the Joint Management Committee from 2005,Canada,third-country,FFP,CS,,,CS - Cold Stores,04/05/2022,
1422072,Versacold Logistics Services ULC,19572 94th Avenue V4N 4E5,Surrey,,British Columbia,Canada,third-country,FFP,CS,,,CS - Cold Stores,02/05/2022,
0725,Viandes Et Charcuteries Bio-Bic Inc.,74 rue Brillant G4W 0J9,Matane,,Quebec,Canada,third-country,FFP,CS,,,CS - Cold Stores,02/05/2022,
4010,Victor Aquaculture Inc.,,Little Shippegan,,New Brunswick,Canada,third-country,FFP,PP,,,PP - Processing Plant,,
1483,Victoria Co-Operative Fisheries Limited,247 New Haven Road,Neils Harbour,,Nova Scotia,Canada,third-country,FFP,PP,,,PP - Processing Plant,20/04/2022,
6137,Viking Alliance Seafoods Ltd.,2-11771 Horseshoe Way,1H4 Richmond,V7A,British Columbia,Canada,third-country,FFP,FV,,,FV - Factory Vessel,,
LL32129,W. Sears Seafoods Ltd.,,Cape Sable Island,,Nova Scotia,Canada,third-country,FFP,PP,,,PP - Processing Plant,,
6220,W.P.S. Fishing Ltd.,953 Meadowlark Place,Qualicum Beach,,British Columbia,Canada,third-country,FFP,FV,,,FV - Factory Vessel,,
1376,WOLFHEAD SMOKERS,420 RT 172,Letang,,New Brunswick,Canada,third-country,FFP,PP,,,PP - Processing Plant,12/04/2022,
1497094,Wah Loong Ltd.,5388 Parkwood Place V6V 2N1,Richmond,,British Columbia,Canada,third-country,FFP,CS,,,CS - Cold Stores,19/05/2022,
1905,Walcan Seafood Ltd,2025 Hyacinthe Bay Road,Heriot Bay,,British Columbia,Canada,third-country,FFP,PP,,,PP - Processing Plant,12/04/2022,
6357,Waterside International Holdings Inc.,"7050 Telford Way, Unit 1-5",Mississauga,,Ontario,Canada,third-country,FFP,PP,,,PP - Processing Plant,19/06/2024,
1476660,Wellink Seafood Nova Scotia,798 Northeast Point,North East Point,,Nova Scotia,Canada,third-country,FFP,PP,,,PP - Processing Plant,03/05/2022,
1562172,West Head Lobster Limited,2166 HWY 330 B0W 1P0,Newellton,,Nova Scotia,Canada,third-country,FFP,PP,,,PP - Processing Plant,19/05/2022,
2422,West India Trading Co. Inc.,2086 Route 950,Petit-Cap,,New Brunswick,Canada,third-country,FFP,PP,,,PP - Processing Plant,27/06/2022,
6216,Westerly Fish Ltd.,4477 9th Avenue,2A8 Port Alberni,V9Y,British Columbia,Canada,third-country,FFP,FV,,,FV - Factory Vessel,,
0402F,Westmorland Fisheries Ltd,,Bas-Cap-Pelé,,New Brunswick; F Suffix ”F” to the approval number is used for statistical reasons and does not need to appear on the accompanying documents and not on the label of the product,Canada,third-country,FFP,PP,,,PP - Processing Plant,08/04/2022,
1980,Westpine Fisheries Ltd.,8383 Crompton Street V5X 4J1,Vancouver,,British Columbia,Canada,third-country,FFP,PP,,,PP - Processing Plant,19/05/2022,
1752,Wild West Steelhead,NE quarter of 21-23-7-W3,Lucky Lake,,Saskatchewan,Canada,third-country,FFP,PP,,,PP - Processing Plant,13/04/2022,
SFL-006,Williams Creek Adventure,,Terrace,,British Columbia,Canada,third-country,FFP,PP,,,PP - Processing Plant,02/05/2022,
1216,Wm. R. Murphy Fisheries Limited,52 WHARF ROAD,Little River,,Nova Scotia,Canada,third-country,FFP,PP,,,PP - Processing Plant,12/04/2022,
1111,Wood-Pick Enterprises Limited,,Wareham,,Newfoundland and Labrador,Canada,third-country,FFP,PP,,,PP - Processing Plant,,
3136,Woods Harbour Lobster Co. Ltd.,,Woods Harbour,,Nova Scotia,Canada,third-country,FFP,PP,,,PP - Processing Plant,,
CS1402559,Woodstock Cold Storage (1990) Ltd. DBA Kloosterboer Bayside,136 Champlain Drive,Bayside,,New Brunswick,Canada,third-country,FFP,CS,,,CS - Cold Stores,,
1484972,World Link Food Distributors Incorporated,"10-12B, 209 Aerotech Drive",Goffs,,Nova Scotia,Canada,third-country,FFP,PP,,,PP - Processing Plant,12/04/2022,
S917,World Storage Ltd.,"7672 Progress Way, #103",Delta,,British Columbia,Canada,third-country,FFP,CS,,,CS - Cold Stores,17/10/2023,
6081,Y R U Cooking Ltd.,11 Industrial Street,Bouctouche,,New Brunswick,Canada,third-country,FFP,PP,,,PP - Processing Plant,02/05/2022,
1416,Yarmouth Bar Fisheries Limited,598 Highway 304,Yarmouth 33,,Nova Scotia,Canada,third-country,FFP,PP,,,PP - Processing Plant,,
763,6381023 MANITOBA LTD. Also Doing Business As Name** TRUE NORTH FOODS,"SW18 TOWNSHIP 7 RANGE 4W, 38079 PTH 13, R0G0J0",Carman,,Manitoba; Bbis Bison bison,Canada,third-country,RM,SH CP,Y,bovine,SH - Slaughterhouse | CP - Cutting Plant,02/10/2025,
784,6625844 Manitoba Ltd.,86 Bergen Cut-Off Road,Rosser,,Manitoba,Canada,third-country,RM,CS,N,bovine,CS - Cold Stores,,
657,Beretta Farms Ltd.,3401 - 53RD AVE. T4L2L6,Lacombe,,Alberta; Bbis Bison bison,Canada,third-country,RM,SH CP,Y,bovine,SH - Slaughterhouse | CP - Cutting Plant,12/05/2022,
506,Bouvry Export Calgary Ltd,,0Z0 Fort Macleod,T0L,Alberta; 3 Livers and kidneys excluded; 3* Livers and kidneys excluded (only for Suidae),Canada,third-country,RM,SH CP CS,Y,equine bovine,SH - Slaughterhouse | CP - Cutting Plant | CS - Cold Stores,21/12/2022,
S234,CLAUSON-COLD AND COOLER LTD.,2423A-2ND AVENUE S.E. T1Y 4P4,Calgary,,Alberta; 2 Packaged meat only,Canada,third-country,RM,CS,N,bovine porcine,CS - Cold Stores,21/12/2022,
878,Canada Meat Group Inc.,65 Roundel Road,North Bay,,Ontario,Canada,third-country,RM,CP,N,bovine,CP - Cutting Plant,03/03/2023,
544,Canadian Blast Freezers Ltd.,80 CARRYING PLACE ROAD K8V 3E6,Trenton,,Ontario; 2 Packaged meat only,Canada,third-country,RM,CS,N,,CS - Cold Stores,12/05/2022,
S124,Canadian Dry Storage Ld.,. V6X 3G9,Richmond,,British Columbia; 2 Packaged meat only,Canada,third-country,RM,CS,N,,CS - Cold Stores,21/12/2022,
S730,Congébec Inc.,. J3E 2V2,Sainte-Julie,,Quebec; 2 Packaged meat only,Canada,third-country,RM,CS,N,,CS - Cold Stores,06/09/2024,
S748,Congébec Inc.,"130, rue J.-A. Bombardier, Boucherville, QC J4B 8N4",Boucherville,,Quebec; 2 Packaged meat only; Bbis Bison bison; wbU Biungulates,Canada,third-country,RM,CS,N,caprine bovine ovine porcine equine,CS - Cold Stores,27/06/2024,
971,Congébec Inc.,"3601 AVENUE DE LA GARE, J7K3C1",Mascouche,,Quebec,Canada,third-country,RM,CS,N,bovine porcine ovine caprine,CS - Cold Stores,22/08/2024,
S-763,Congébec Inc.,"800, Rue Fernand-Dufour G1M 3B1",6N2 Quebec,G6W,Quebec; 2 Packaged meat only,Canada,third-country,RM,CS,N,,CS - Cold Stores,21/12/2022,
S-529,Connestoga Cold Storage,. L5T2A6,Mississauga,,Ontario; 2 Packaged meat only,Canada,third-country,RM,CS,N,,CS - Cold Stores,21/12/2022,
S-702,Entrepot Du Nord Inc.,1000 Boul Ste Marie G8T 5X7,Laval,,Quebec; 2 Packaged meat only,Canada,third-country,RM,CS,N,,CS - Cold Stores,21/12/2022,
S 757,"Entrepôt Frigorifique International, Inc.",8155 Transcanadienne H4S 1S4,Saint-Laurent,,Quebec; 2 Packaged meat only,Canada,third-country,RM,CS,N,,CS - Cold Stores,21/12/2022,
94,FRIGO ROYAL (1998) INC.,3100 RUE BOUTHILLIER J2S 3V8,Saint-Hyacinthe,,Quebec; 2 Packaged meat only,Canada,third-country,RM,CS,N,,CS - Cold Stores,21/12/2022,
S519,Fraser Glenburnie Inc.,"17489 Telephone Road, Part Lot 13, Con 1, Murray Township, County of Northumberland K8V 1R9",Trenton,,Ontario; 2 Packaged meat only,Canada,third-country,RM,CS,N,bovine equine porcine,CS - Cold Stores,21/12/2022,
S552,International Cold Storage 2010 Inc.,. L6T 0B2,Brampton,,Ontario; 2 Packaged meat only,Canada,third-country,RM,CS,N,,CS - Cold Stores,21/12/2022,
038,JBS FOOD CANADA ULC/ALIMENT JBS CANADA ULC,Highway 1 West T1R 1C6,Brooks,,Alberta,Canada,third-country,RM,CP SH,Y,bovine,CP - Cutting Plant | SH - Slaughterhouse,30/06/2023,
S772,LES ENTREPOSAGES FRIGORIFIQUES TOTAL INC./TOTAL COLD STORAGE INC.,. H1M 1W6,Échangeur Anjou,,Quebec; 2 Packaged meat only,Canada,third-country,RM,CS,N,,CS - Cold Stores,21/12/2022,
12,LES VIANDES DU BRETON INC.,"150, CHEMIN DES RAYMOND, G5R 5X8",Rivière-du-Loup,,Quebec,Canada,third-country,RM,SH CS CP,Y,porcine,SH - Slaughterhouse | CS - Cold Stores | CP - Cutting Plant,21/10/2024,
926,NORTH 49 FOODS LTD.,"555-24TH AVE NW, S6H4N9",Moose Jaw,,Saskatchewan,Canada,third-country,RM,SH CP,Y,porcine,SH - Slaughterhouse | CP - Cutting Plant,04/11/2025,
010,"OlyM S.E.C. dba Agromex, Agromex Inc., F. Ménard, division d'Olymel S.E.C., OlyM L.P, OlyM S.E.C./L.P.","168, RUE LAGUE,",1E0 Ange-Gardien,J0E,"Montérégie,Quebec",Canada,third-country,RM,SH CP CS,Y,porcine,SH - Slaughterhouse | CP - Cutting Plant | CS - Cold Stores,20/12/2022,
225,Olymel S.E.C. / Olymel L.P.,"505 Boulevard Industriel, J3B 7Z3",Saint-Jean-sur-Richelieu,,"Montérégie,Quebec; 2 Packaged meat only; 4 Packaged offal only",Canada,third-country,RM,CS,N,porcine,CS - Cold Stores,03/04/2024,
456,Orviande Inc.,"11151 Rue Mirabeau, Ville d'Anjou, Quebec, Canada, H1J 2S2 456",Montreal,,Quebec,Canada,third-country,RM,CP CS,N,porcine,CP - Cutting Plant | CS - Cold Stores,13/07/2026,
875,Prairie Farm Foods Inc.,454037 Range Road 234,Wetaskiwin,,Alberta; Bbis Bison bison,Canada,third-country,RM,SH CP,Y,bovine,SH - Slaughterhouse | CP - Cutting Plant,11/07/2022,
S-520,Tri-County Apple Growers Limited,. K8V 1R9,Trenton,,Ontario; 2 Packaged meat only,Canada,third-country,RM,CS,N,,CS - Cold Stores,21/12/2022,
S738,Versacold Group Services ULC/Services Groupe Versacold ULC,,0B2 Lachine,H8S,"Montreal (06),Quebec; 2 Packaged meat only",Canada,third-country,RM,CS CS,N,,CS - Cold Stores | CS - Cold Stores,,
S228,Versacold Logistics Services,. T5K 2B6,Edmonton,,Alberta; 2 Packaged meat only,Canada,third-country,RM,CS,N,,CS - Cold Stores,21/12/2022,
76,Viande Richelieu Inc./Richelieu Meat Inc.,595 Rue Royale,1K0 Massueville,J0G,"Montérégie,Quebec; 3 Livers and kidneys excluded",Canada,third-country,RM,SH CP CS,Y,bovine equine,SH - Slaughterhouse | CP - Cutting Plant | CS - Cold Stores,21/12/2022,
S748,Congébec Inc.,"130, rue J.-A. Bombardier, Boucherville, QC J4B 8N4",Boucherville,,Quebec; A Poultry; 2 Packaged meat only; L Lagomorphs; Ll Leporidae,Canada,third-country,PM,CS,N,,CS - Cold Stores,27/06/2024,
971,Congébec Inc.,"3601 AVENUE DE LA GARE, J7K3C1",Mascouche,,Quebec; A Poultry,Canada,third-country,PM,CS,N,,CS - Cold Stores,22/08/2024,
S519,Fraser Glenburnie Inc.,"17489, TELEPHONE ROAD, PART LOT 13, CON 1MURRAY TOWNSHIP K8V 5P4",Trenton,,Ontario; 2 Packaged meat only; Ll Leporidae; A Poultry; L Lagomorphs,Canada,third-country,PM,CS,N,,CS - Cold Stores,12/05/2022,
S552,International Cold Storage 2010 Inc.,"250 SUMMERLEA ROAD, UNIT 12, L6T 3V6",Brampton,,Ontario; 2 Packaged meat only; A Poultry,Canada,third-country,PM,CS,N,,CS - Cold Stores,12/05/2022,
506,Bouvry Export Calgary Ltd,,0Z0 Fort Macleod,T0L,Alberta; R Ratites; wbU Biungulates,Canada,third-country,GM,CP SH CS,Y,,CP - Cutting Plant | SH - Slaughterhouse | CS - Cold Stores,12/05/2022,
S748,Congébec Inc.,"130, rue J.-A. Bombardier, Boucherville, QC J4B 8N4",Boucherville,,Quebec; fG Farmed land mammals other than domestic ungulates,Canada,third-country,GM,CS,N,,CS - Cold Stores,27/06/2024,
76,Viande Richelieu Inc./Richelieu Meat Inc.,595 Rue Royale,1K0 Massueville,J0G,"Montérégie,Quebec; wbU Biungulates",Canada,third-country,GM,CS CP,N,,CS - Cold Stores | CP - Cutting Plant,,
