approval_number,name,address,city,postcode,region,country,group,section,activity,slaughter,species,remarks,date_of_approval,publication_date
4918,AB Catering A/S,Kystvejen 80,Nørresundby,9400,"Aalborg Municipality,North Denmark Region",Denmark,EU-EFTA,RM,CP,N,,CP - Cutting Plant,,
2083,AaD Drift ApS,Lundvej 8,Herning,7400,"Herning Municipality,Central Denmark Region",Denmark,EU-EFTA,RM,CP,N,,CP - Cutting Plant,,
2203,Aarhus Kødengros A/S,Viaduktvej 7,Viby J.,8260,"Aarhus Municipality,Central Denmark Region",Denmark,EU-EFTA,RM,CP,N,,CP - Cutting Plant,,
1379,"Aidt Slagtehus ApS, Slagteri",Bavnehøjvej 1,Thorsø,8881,"Favrskov Municipality,Central Denmark Region",Denmark,EU-EFTA,RM,CP SH,Y,,CP - Cutting Plant | SH - Slaughterhouse,,
5886,Allegårdens Opskæring og Pølsemageri Engros,Melbyvej 34,Søndersø,5471,"Nordfyn Municipality,Region of Southern Denmark",Denmark,EU-EFTA,RM,CP,N,,CP - Cutting Plant,,
4322,BC CATERING KOLDING,Kokbjerg 28,Kolding,6000,"Kolding Municipality,Region of Southern Denmark",Denmark,EU-EFTA,RM,CP,N,,CP - Cutting Plant,,
2135,BC Catering Grossisten,Blækhatten 10,Odense SØ,5220,"Odense Kommune,Region of Southern Denmark",Denmark,EU-EFTA,RM,CP,N,,CP - Cutting Plant,,
2002,BC Catering Skanderborg A/S,Niels Bohrs Vej 20,Skanderborg,8660,"Skanderborg Municipality,Central Denmark Region",Denmark,EU-EFTA,RM,CP,N,,CP - Cutting Plant,,
2134,BF-OKS A/S,Mejerivej 14,Hesselager,5874,"Svendborg Municipality,Region of Southern Denmark",Denmark,EU-EFTA,RM,CP,N,,CP - Cutting Plant,,
1211,Bjergstedslagteren ApS,Bjergsted Byvej 5,Jyderup,4450,"Holbæk Municipality,Region Zealand",Denmark,EU-EFTA,RM,SH,Y,,SH - Slaughterhouse,,
1416,"Bjerre Kød, Engros, v/ Linda og Lars Kjerkegaard",Bjerrevej 346,Hornsyld,8783,"Hedensted Municipality,Central Denmark Region",Denmark,EU-EFTA,RM,SH,Y,,SH - Slaughterhouse,,
5765,Bodebjerg ApS,Vinkelvej 21,Marslev,5290,"Kerteminde Kommune,Region of Southern Denmark",Denmark,EU-EFTA,RM,CP,N,,CP - Cutting Plant,,
4403,Bøje Kød Engros ApS,Kirstinehøj 75,Kastrup,2770,"Copenhagen Municipality,Capital Region of Denmark",Denmark,EU-EFTA,RM,CP,N,,CP - Cutting Plant,,
2726,Cater Food A/S,Søvejen 10,Vinderup,7830,"Holstebro Municipality,Central Denmark Region",Denmark,EU-EFTA,RM,CP,N,,CP - Cutting Plant,,
DK7430,Cater Food A/S,Europavej 22,Ikast,7430,"Ikast-Brande Municipality,Central Denmark Region",Denmark,EU-EFTA,RM,CP,N,,CP - Cutting Plant,,
2117,"Cater Food A/S, Mors",Vestmorsvej 56-60,Nykøbing Mors,7900,"Morsø Municipality,North Denmark Region",Denmark,EU-EFTA,RM,CP,N,,CP - Cutting Plant,,
5393,Centralkøkkenet Aarhus Universitetshospital,Carl Krebs' Vej 36,Aarhus N,8200,"Aarhus Municipality,Central Denmark Region",Denmark,EU-EFTA,RM,CP,N,,CP - Cutting Plant,,
5728,DK Kød Aps,Lindtorpvej 3,Struer,7600,"Struer Municipality,Central Denmark Region",Denmark,EU-EFTA,RM,SH CP,Y,,SH - Slaughterhouse | CP - Cutting Plant,,
6527,DK Meat ApS,Naverland 23,Glostrup,2600,"Glostrup Municipality,Capital Region of Denmark",Denmark,EU-EFTA,RM,CP,N,,CP - Cutting Plant,,
5915,DMRI Pilot plant - Teknologisk Institut,Gregersensvej 9,Taastrup,2630,"Høje-Taastrup Municipality,Capital Region of Denmark",Denmark,EU-EFTA,RM,CP,N,,CP - Cutting Plant,,
186,Dan-Ox Padborg ApS,Industrivej 6,Padborg,6330,"Aabenraa Municipality,Region of Southern Denmark",Denmark,EU-EFTA,RM,CP,N,,CP - Cutting Plant,,
865,DanePork A/S,Tørskindvej 19,Randbøldal,7183,"Vejle Municipality,Region of Southern Denmark",Denmark,EU-EFTA,RM,CP SH,Y,,CP - Cutting Plant | SH - Slaughterhouse,,
5504,Danfoods aps,Industrivej Nord 7A,Herning,7400,"Herning Municipality,Central Denmark Region",Denmark,EU-EFTA,RM,CP,N,,CP - Cutting Plant,,
5688,Danish Crown,Grindstedvej 2,Holsted,6670,"Vejen Municipality,Region of Southern Denmark",Denmark,EU-EFTA,RM,CP SH,Y,,CP - Cutting Plant | SH - Slaughterhouse,,
53,Danish Crown,Estrupvej 7,Esbjerg,6700,"Esbjerg Municipality,Region of Southern Denmark",Denmark,EU-EFTA,RM,CP,N,,CP - Cutting Plant,,
71,Danish Crown,Wenbovej 11,Sæby,9300,"Frederikshavn Municipality,North Denmark Region",Denmark,EU-EFTA,RM,SH CP,Y,,SH - Slaughterhouse | CP - Cutting Plant,,
62,Danish Crown,Svanningevej 1,Aalborg Øst,9220,"Aalborg Municipality,North Denmark Region",Denmark,EU-EFTA,RM,SH CP,Y,,SH - Slaughterhouse | CP - Cutting Plant,,
311,Danish Crown,Åbenråvej 11,Skærbæk,6780,"Tønder Municipality,Region of Southern Denmark",Denmark,EU-EFTA,RM,CP SH,Y,,CP - Cutting Plant | SH - Slaughterhouse,,
878,Danish Crown,Erhvervsparken 2,Sønder Felding,7280,"Herning Municipality,Central Denmark Region",Denmark,EU-EFTA,RM,CP,N,,CP - Cutting Plant,,
22,Danish Crown,Haslevej 19,Rønne,3700,"Bornholms Regionskommune,Capital Region of Denmark",Denmark,EU-EFTA,RM,CP SH,Y,,CP - Cutting Plant | SH - Slaughterhouse,,
14,Danish Crown,Langbro 7,Sønderborg,6400,"Sønderborg Municipality,Region of Southern Denmark",Denmark,EU-EFTA,RM,SH CP,Y,,SH - Slaughterhouse | CP - Cutting Plant,,
25,Danish Crown,Bragesvej 18,Ringsted,4100,"Ringsted Municipality,Region Zealand",Denmark,EU-EFTA,RM,SH CP,Y,,SH - Slaughterhouse | CP - Cutting Plant,,
31,Danish Crown,Danmarksgade 22,Herning,7400,"Herning Municipality,Central Denmark Region",Denmark,EU-EFTA,RM,SH CP,Y,,SH - Slaughterhouse | CP - Cutting Plant,,
320,Danish Crown,Østbirkvej 2,Horsens,8700,"Horsens Municipality,Central Denmark Region",Denmark,EU-EFTA,RM,CP SH,Y,,CP - Cutting Plant | SH - Slaughterhouse,,
315,Danish Crown A/S,Ndr. Havnevej 1,Kolding,6000,"Kolding Municipality,Region of Southern Denmark",Denmark,EU-EFTA,RM,CP,N,,CP - Cutting Plant,,
4624,"Danish Food Company Slagelse A/S, Best Beef",Kongstedvej 2F,Slagelse,4200,"Slagelse Municipality,Region Zealand",Denmark,EU-EFTA,RM,CP,N,,CP - Cutting Plant,,
856,Danish Pork Meat ApS,Rugvænget 8,Slagelse,4200,"Slagelse Municipality,Region Zealand",Denmark,EU-EFTA,RM,CP,N,,CP - Cutting Plant,,
2740,Dankød En Gros Slagelse ApS,Matildevej 4,Slagelse,4200,"Slagelse Municipality,Region Zealand",Denmark,EU-EFTA,RM,CP,N,,CP - Cutting Plant,,
20,Danmarks Slagteriskole ZBC Slagteriet,Maglegårdsvej 6,Roskilde,4000,"Roskilde Municipality,Region Zealand",Denmark,EU-EFTA,RM,SH CP,Y,,SH - Slaughterhouse | CP - Cutting Plant,,
5350,Delika Aalborg A/S,Middelfartvej 2,Aalborg Øst,9220,"Aalborg Municipality,North Denmark Region",Denmark,EU-EFTA,RM,CP,N,,CP - Cutting Plant,,
1465,Det Lille Slagteri K/S,Fabriksvej 12,Farsø,9640,"Vesthimmerland Municipality,North Denmark Region",Denmark,EU-EFTA,RM,SH,Y,,SH - Slaughterhouse,,
5652,"Det Ville Slagtehus, Slagteri",Kær Møllevej 95,Hejls,6094,"Kolding Municipality,Region of Southern Denmark",Denmark,EU-EFTA,RM,SH,Y,,SH - Slaughterhouse,,
5923,Djurs Slagtehus v/Bo Drachmann,Hovedgaden 28,Allingåbro,8961,"Norddjurs Municipality,Central Denmark Region",Denmark,EU-EFTA,RM,CP SH,Y,,CP - Cutting Plant | SH - Slaughterhouse,,
1219,Egtved Slagtehus ApS,Brudesøvej 1,Egtved,6040,"Vejle Municipality,Region of Southern Denmark",Denmark,EU-EFTA,RM,SH,Y,,SH - Slaughterhouse,,
4818,"Fjerkræ- og vildtslagteri, slagteri, v/ Ib Christiansen",Bygaden 81,Dannemare,4983,"Lolland Municipality,Region Zealand",Denmark,EU-EFTA,RM,SH,Y,,SH - Slaughterhouse,,
1430,Frøstrup Slagtehus,Søndergade 6,Frøstrup,7741,"Thisted Municipality,North Denmark Region",Denmark,EU-EFTA,RM,SH,Y,,SH - Slaughterhouse,,
4972,GJ Kød ApS,Kirstinehøj 75,Kastrup,2770,"Copenhagen Municipality,Capital Region of Denmark",Denmark,EU-EFTA,RM,CP,N,,CP - Cutting Plant,,
5859,Galgebakkens Hjortefarm,Galgebakkens Hjortefarm 4,Bedsted Thy,7755,"Thisted Municipality,North Denmark Region",Denmark,EU-EFTA,RM,SH,Y,,SH - Slaughterhouse,,
1319,Gelstedslagteren ApS,Tellerupvej 15,Gelsted,5591,"Middelfart Municipality,Region of Southern Denmark",Denmark,EU-EFTA,RM,SH CP,Y,,SH - Slaughterhouse | CP - Cutting Plant,,
2774,Genz Kød A/S,Slagtehusgade 46,København V,1715,"Copenhagen Municipality,Capital Region of Denmark",Denmark,EU-EFTA,RM,CP,N,,CP - Cutting Plant,,
2095,Gert Nielsen A/S,Stamholmen 140B,Hvidovre,2650,"Hvidovre Municipality,Capital Region of Denmark",Denmark,EU-EFTA,RM,CP,N,,CP - Cutting Plant,,
1212,Gislinge Slagteri,Byvej 9,Gislinge,4532,"Holbæk Municipality,Region Zealand",Denmark,EU-EFTA,RM,SH,Y,,SH - Slaughterhouse,,
823,Glumsø Slagtehus ApS,Søvej 5,Glumsø,4171,"Naestved Municipality,Region Zealand",Denmark,EU-EFTA,RM,CP SH,Y,,CP - Cutting Plant | SH - Slaughterhouse,,
6670,"Grambogård Slagteren A/S, slagteri",Ellehaven 55,Tommerup,5690,"Assens Municipality,Region of Southern Denmark",Denmark,EU-EFTA,RM,SH CP,Y,,SH - Slaughterhouse | CP - Cutting Plant,,
1457,"Grillslagteren, V/Lars Drechsler Jakobsen",Kirkebyvej 6,Thisted,7700,"Thisted Municipality,North Denmark Region",Denmark,EU-EFTA,RM,SH,Y,,SH - Slaughterhouse,,
5896,Gris Lam & Co - ferskvarer ApS,Guldalderen 28B,Hedehusene,2640,"Høje-Taastrup Municipality,Capital Region of Denmark",Denmark,EU-EFTA,RM,CP,N,,CP - Cutting Plant,,
5461,Grisogko ApS,Niels Bohrs Vej 5,Haderslev,6100,"Haderslev Municipality,Region of Southern Denmark",Denmark,EU-EFTA,RM,CP,N,,CP - Cutting Plant,,
5001,Gråsten Fjerkræ A/S,Kværsgade 18,Gråsten,6300,"Sønderborg Municipality,Region of Southern Denmark",Denmark,EU-EFTA,RM,CP,N,,CP - Cutting Plant,,
1349,"Gudme Slagteri IVS, Slagteri",Teglværksvej 89,Gudme,5884,"Svendborg Municipality,Region of Southern Denmark",Denmark,EU-EFTA,RM,SH,Y,,SH - Slaughterhouse,,
2734,HB Kødgros ApS,Slagterboderne 20,København V,1716,"Copenhagen Municipality,Capital Region of Denmark",Denmark,EU-EFTA,RM,CP,N,,CP - Cutting Plant,,
5586,Hallegård Produktion ApS,Aspevej 3,Østermarie,3751,"Bornholms Regionskommune,Capital Region of Denmark",Denmark,EU-EFTA,RM,CP,N,,CP - Cutting Plant,,
6567,"Hallegård Produktion ApS, Slagteri",Aspevej 3,Østermarie,3751,"Bornholms Regionskommune,Capital Region of Denmark",Denmark,EU-EFTA,RM,CP SH,Y,,CP - Cutting Plant | SH - Slaughterhouse,,
4699,Harald Hansens Eftf. I/S,Fabriksvangen 27,Slangerup,3550,"Frederikssund Municipality,Capital Region of Denmark",Denmark,EU-EFTA,RM,CP SH,Y,,CP - Cutting Plant | SH - Slaughterhouse,,
1203,Henrik Hansen,Nybyvej 15,Vipperød,4390,"Holbæk Municipality,Region Zealand",Denmark,EU-EFTA,RM,CP SH,Y,,CP - Cutting Plant | SH - Slaughterhouse,,
5551,Hilton Food Denmark,Brunagervej 2,Hasselager,8000,"Aarhus Municipality,Central Denmark Region",Denmark,EU-EFTA,RM,CP,N,,CP - Cutting Plant,,
300,Himmerlandskød A/S,Slagtehusvej 12,Kjellerup,8620,"Silkeborg Municipality,Central Denmark Region",Denmark,EU-EFTA,RM,SH,Y,,SH - Slaughterhouse,,
867,Himmerlandskød A/S,Gl. Visborgvej 51,Hadsund,9560,"Mariagerfjord Municipality,North Denmark Region",Denmark,EU-EFTA,RM,SH CP,Y,,SH - Slaughterhouse | CP - Cutting Plant,,
126,Himmerlandskød A/S,Nordre Ringvej 99,Aalestrup,9620,"Vesthimmerland Municipality,North Denmark Region",Denmark,EU-EFTA,RM,SH,Y,,SH - Slaughterhouse,,
5336,"Himmerlandskød A/S, v/Lars Andersen",Mejerivej 7,Farsø,9640,"Vesthimmerland Municipality,North Denmark Region",Denmark,EU-EFTA,RM,CP,N,,CP - Cutting Plant,,
5977,HindsholmGrisen Slagteri,Æblehaven 30,Martofte,5390,"Kerteminde Kommune,Region of Southern Denmark",Denmark,EU-EFTA,RM,CP SH,Y,,CP - Cutting Plant | SH - Slaughterhouse,,
4569,"Hjallerup Slagtehus, v/Palle Panduro",Hornshøjvej 53,Hjallerup,9320,"Brønderslev Municipality,North Denmark Region",Denmark,EU-EFTA,RM,SH,Y,,SH - Slaughterhouse,,
5798,Holmegaards DELI ApS,Glasmagervej 23,Holmegaard,4684,"Naestved Municipality,Region Zealand",Denmark,EU-EFTA,RM,CP,N,,CP - Cutting Plant,,
6202,Homemate Aps Produktion,Emdrupvej 260,København Ø,2100,"Copenhagen Municipality,Capital Region of Denmark",Denmark,EU-EFTA,RM,CP,N,,CP - Cutting Plant,,
6243,Hvidebæk Slagteri,Industrivej 17 D,Jerslev Sjælland,4490,"Kalundborg Municipality,Region Zealand",Denmark,EU-EFTA,RM,CP SH,Y,,CP - Cutting Plant | SH - Slaughterhouse,,
1373,Hårby Slagteren IVS,Den Grønne Vej 1,Skanderborg,8660,"Skanderborg Municipality,Central Denmark Region",Denmark,EU-EFTA,RM,SH,Y,,SH - Slaughterhouse,,
4856,Hørkram Foodservice A/S,Torshøjvej 59,Hørning,8362,"Skanderborg Municipality,Central Denmark Region",Denmark,EU-EFTA,RM,CP,N,,CP - Cutting Plant,,
5594,Hørkram Foodservice A/S,Centervej 1,Sorø,4180,"Sorø Municipality,Region Zealand",Denmark,EU-EFTA,RM,CP,N,,CP - Cutting Plant,,
6064,Inco CC Glostrup A/S,Ejby Industrivej 111,Glostrup,2600,"Glostrup Municipality,Capital Region of Denmark",Denmark,EU-EFTA,RM,CP,N,,CP - Cutting Plant,,
2766,Inco CC København A/S,Flæsketorvet 84,København V,1711,"Copenhagen Municipality,Capital Region of Denmark",Denmark,EU-EFTA,RM,CP,N,,CP - Cutting Plant,,
873,JN MEAT APS,Elmedalsvej 8,Slagelse,4200,"Slagelse Municipality,Region Zealand",Denmark,EU-EFTA,RM,CP,N,,CP - Cutting Plant,,
6405,Jonas Slagterhus,Gl. Viborgvej 86,Aalestrup,9620,"Vesthimmerland Municipality,North Denmark Region",Denmark,EU-EFTA,RM,SH,Y,,SH - Slaughterhouse,,
5617,Kibæk Slagterhus,Vorgodvej 2,Kibæk,6933,"Herning Municipality,Central Denmark Region",Denmark,EU-EFTA,RM,SH,Y,,SH - Slaughterhouse,,
1295,"Kisbæk Slagteri, slagteri",Ginegaardsvej 3,Løgumkloster,6240,"Tønder Municipality,Region of Southern Denmark",Denmark,EU-EFTA,RM,SH,Y,,SH - Slaughterhouse,,
876,Kivan-Food A/S,Saltøvej 118,Næstved,4700,"Naestved Municipality,Region Zealand",Denmark,EU-EFTA,RM,CP,N,,CP - Cutting Plant,,
5949,Kornerup Catering A/S,Bådehavnsgade 48,København SV,2450,"Copenhagen Municipality,Capital Region of Denmark",Denmark,EU-EFTA,RM,CP,N,,CP - Cutting Plant,,
1250,Kosakgårdens Slagteri V/K O LARSEN,Månevej 7,Slangerup,3550,"Frederikssund Municipality,Capital Region of Denmark",Denmark,EU-EFTA,RM,SH,Y,,SH - Slaughterhouse,,
2242,Kødgrossisten,Industrivænget 16,Vemmelev,4241,"Slagelse Municipality,Region Zealand",Denmark,EU-EFTA,RM,CP,N,,CP - Cutting Plant,,
4639,Kødland Lammeslagteri,Højen Skovvej 178,Vejle,7100,"Vejle Municipality,Region of Southern Denmark",Denmark,EU-EFTA,RM,SH,Y,,SH - Slaughterhouse,,
5813,Køkkenområdet Hjørring Kommune,M. P. Kofoeds Vej 1,Hjørring,9800,"Hjørring Municipality,North Denmark Region",Denmark,EU-EFTA,RM,CP,N,,CP - Cutting Plant,,
1441,Landmand Ole Toft Thøgersen,Næssundvej 362,Karby,7960,"Morsø Municipality,North Denmark Region",Denmark,EU-EFTA,RM,CP SH,Y,,CP - Cutting Plant | SH - Slaughterhouse,,
2062,Leif Henriksen spegepølser og røgvarer,Kragemosevej 5,Slagelse,4200,"Slagelse Municipality,Region Zealand",Denmark,EU-EFTA,RM,CP,N,,CP - Cutting Plant,,
892,Lineage Regstrup ApS,Virkelyst 7,Regstrup,4420,"Holbæk Municipality,Region Zealand",Denmark,EU-EFTA,RM,CP,N,,CP - Cutting Plant,,
4608,MB Food A/S,Korskildeeng 3,Greve,2670,"Greve Municipality,Region Zealand",Denmark,EU-EFTA,RM,CP,N,,CP - Cutting Plant,,
894,MOESGAARD MEAT 2012 A/S,Naurvej 3A,Holstebro,7500,"Holstebro Municipality,Central Denmark Region",Denmark,EU-EFTA,RM,CP SH,Y,,CP - Cutting Plant | SH - Slaughterhouse,,
1214,Maglebrænde Slagtehus,Maglebrænde 2,Stubbekøbing,4850,"Guldborgsund Municipality,Region Zealand",Denmark,EU-EFTA,RM,SH,Y,,SH - Slaughterhouse,,
1437,Mariager Slagtehus,Havnegade 5,Mariager,9550,"Mariagerfjord Municipality,North Denmark Region",Denmark,EU-EFTA,RM,SH,Y,,SH - Slaughterhouse,,
4837,Mina Istanbul Kebab Produktion ApS,Smedeland 36,Glostrup,2600,"Glostrup Municipality,Capital Region of Denmark",Denmark,EU-EFTA,RM,CP,N,,CP - Cutting Plant,,
843,Mogens Nielsen Kreaturslagteri A/S,Håndværkervej 39,Herlufmagle,4160,"Naestved Municipality,Region Zealand",Denmark,EU-EFTA,RM,SH CP,Y,,SH - Slaughterhouse | CP - Cutting Plant,,
2650,NAOKI,Avedøreholmen 96,Hvidovre,2650,"Hvidovre Municipality,Capital Region of Denmark",Denmark,EU-EFTA,RM,CP,N,,CP - Cutting Plant,,
6368,Nairab Food,Hejrevej 30,København NV,2400,"Copenhagen Municipality,Capital Region of Denmark",Denmark,EU-EFTA,RM,CP,N,,CP - Cutting Plant,,
5340,Nordthy Meat ApS,Trehøjevej 29,Grindsted,7200,"Billund Municipality,Region of Southern Denmark",Denmark,EU-EFTA,RM,CP,N,,CP - Cutting Plant,,
1217,Nr. Asmindrup Slagtehus ApS,Gl Nykøbingvej 78,Nørre Asmindrup,4572,"Odsherred Municipality,Region Zealand",Denmark,EU-EFTA,RM,SH,Y,,SH - Slaughterhouse,,
1469,Nr. Onsild Slagterhus ApS,Rævebakken 2,Hobro,9500,"Mariagerfjord Municipality,North Denmark Region",Denmark,EU-EFTA,RM,SH,Y,,SH - Slaughterhouse,,
4595,Nr. Snede Slagtehus,Fællesvej 24,Nørre Snede,8766,"Ikast-Brande Municipality,Central Denmark Region",Denmark,EU-EFTA,RM,SH,Y,,SH - Slaughterhouse,,
2170,Nr.Søby Kød Engros A/S,Nymarksgyden 5,Årslev,5792,"Faaborg-Midtfyn Municipality,Region of Southern Denmark",Denmark,EU-EFTA,RM,CP,N,,CP - Cutting Plant,,
226,OK Snacks A/S,Holmevej 6,Ejstrupholm,7361,"Ikast-Brande Municipality,Central Denmark Region",Denmark,EU-EFTA,RM,CP,N,,CP - Cutting Plant,,
1218,OMK Knabstrup ApS,Holbækvej 328,Mørkøv,4440,"Holbæk Municipality,Region Zealand",Denmark,EU-EFTA,RM,SH CP,Y,,SH - Slaughterhouse | CP - Cutting Plant,,
1216,Ole Olsen Slagtehus,Stationsvej 29,Dalmose,4261,"Slagelse Municipality,Region Zealand",Denmark,EU-EFTA,RM,SH,Y,,SH - Slaughterhouse,,
6691,Procater ApS,Ribevej 6,Randers,8940,"Randers Municipality,Central Denmark Region",Denmark,EU-EFTA,RM,CP,N,,CP - Cutting Plant,,
4433,Randers Kød Engros ApS,Haraldsvej 60,Randers SØ,8960,"Randers Municipality,Central Denmark Region",Denmark,EU-EFTA,RM,CP,N,,CP - Cutting Plant,,
2238,"Ravsted Slagteri, slagteri",Ravsted Storegade 35,Bylderup-Bov,6372,"Aabenraa Municipality,Region of Southern Denmark",Denmark,EU-EFTA,RM,SH,Y,,SH - Slaughterhouse,,
5651,Rævhede,Sandmosevej 84,Aabybro,9440,"Jammerbugt Municipality,North Denmark Region",Denmark,EU-EFTA,RM,CP,N,,CP - Cutting Plant,,
1297,"SLM. PER HAMKENS, slagteri",Østergade 18,Rødding,6630,"Vejen Municipality,Region of Southern Denmark",Denmark,EU-EFTA,RM,SH,Y,,SH - Slaughterhouse,,
6287,Saray Food A/S,Sleipnersvej 10,Ringsted,4100,"Ringsted Municipality,Region Zealand",Denmark,EU-EFTA,RM,CP,N,,CP - Cutting Plant,,
1399,Sevel Slagteri A/S,Søgårdvej 28,Vinderup,7830,"Holstebro Municipality,Central Denmark Region",Denmark,EU-EFTA,RM,SH CP,Y,,SH - Slaughterhouse | CP - Cutting Plant,,
2164,Silkeborg Slagteren A/S,Hagemannsvej 10,Silkeborg,8600,"Silkeborg Municipality,Central Denmark Region",Denmark,EU-EFTA,RM,CP,N,,CP - Cutting Plant,,
5685,"Skallebølle Slagtehus ApS, Slagteri",Odensevej 153,Vissenbjerg,5492,"Assens Municipality,Region of Southern Denmark",Denmark,EU-EFTA,RM,SH CP,Y,,SH - Slaughterhouse | CP - Cutting Plant,,
834,Skare Meat Packers K/S,Industrivej Syd 1,Vejen,6600,"Vejen Municipality,Region of Southern Denmark",Denmark,EU-EFTA,RM,CP,N,,CP - Cutting Plant,,
1234,Slagtehuset Nykøbing F ApS,Sydhavnsgade 1,Nykøbing Falster,4800,"Guldborgsund Municipality,Region Zealand",Denmark,EU-EFTA,RM,SH CP,Y,,SH - Slaughterhouse | CP - Cutting Plant,,
6171,"Slagter Engdahl, slagteri, v/ Morten og Jesper Engdahl",Industriparken 10,Holeby,4960,"Lolland Municipality,Region Zealand",Denmark,EU-EFTA,RM,CP SH,Y,,CP - Cutting Plant | SH - Slaughterhouse,,
5898,Slagter Sørensen ApS,Fabriksvej 14,Videbæk,6920,"Ringkøbing-Skjern Municipality,Central Denmark Region",Denmark,EU-EFTA,RM,CP SH,Y,,CP - Cutting Plant | SH - Slaughterhouse,,
872,Slagter Theilgaard A/S,Oddesundvej 25,Esbjerg N,6715,"Esbjerg Municipality,Region of Southern Denmark",Denmark,EU-EFTA,RM,CP,N,,CP - Cutting Plant,,
1287,"Slagtergården Als, slagteri",Smedevænget 16,Nordborg,6430,"Sønderborg Municipality,Region of Southern Denmark",Denmark,EU-EFTA,RM,SH,Y,,SH - Slaughterhouse,,
1207,Slagtermester Jan Lund,Høvevej 65,Asnæs,4550,"Odsherred Municipality,Region Zealand",Denmark,EU-EFTA,RM,CP SH,Y,,CP - Cutting Plant | SH - Slaughterhouse,,
1366,"Slagtermester Torben Jakobsen, Slagteri",Snødevej 114,Tranekær,5953,"Langeland Municipality,Region of Southern Denmark",Denmark,EU-EFTA,RM,SH,Y,,SH - Slaughterhouse,,
5422,Slawteren i Tørring v/Rene Pilgaard,Bruuns Plantage Vej 1,Havndal,8970,"Randers Municipality,Central Denmark Region",Denmark,EU-EFTA,RM,SH,Y,,SH - Slaughterhouse,,
1450,Snæbum Slagtehus,Snæbumvej 40,Hobro,9500,"Mariagerfjord Municipality,North Denmark Region",Denmark,EU-EFTA,RM,SH,Y,,SH - Slaughterhouse,,
1209,Stensved Slagtehus ApS,Vådebjergvej 2,Stensved,4773,"Vordingborg Municipality,Region Zealand",Denmark,EU-EFTA,RM,CP SH,Y,,CP - Cutting Plant | SH - Slaughterhouse,,
6286,"Stensved Slagtehus, Engros opskæring",Krøjevej 10,Vordingborg,4760,"Vordingborg Municipality,Region Zealand",Denmark,EU-EFTA,RM,CP,N,,CP - Cutting Plant,,
1261,Stubbekøbing Slagtehus ApS,Orevej 7,Stubbekøbing,4850,"Guldborgsund Municipality,Region Zealand",Denmark,EU-EFTA,RM,SH,Y,,SH - Slaughterhouse,,
804,"Svendborg Slagtehus A/S, slagteri",Porthusvej 75,Svendborg,5700,"Svendborg Municipality,Region of Southern Denmark",Denmark,EU-EFTA,RM,SH CP,Y,,SH - Slaughterhouse | CP - Cutting Plant,,
6005,Sæby Gårdslagteri I/S,Aalborgvej 108,Sæby,9300,"Frederikshavn Municipality,North Denmark Region",Denmark,EU-EFTA,RM,CP,N,,CP - Cutting Plant,,
6575,"Søgaard Kød, slagteri",Ørstedvej 35,Sommersted,6560,"Haderslev Municipality,Region of Southern Denmark",Denmark,EU-EFTA,RM,SH,Y,,SH - Slaughterhouse,,
4504,Tayyib Food ApS,Hassellunden 118,Smørumovre,2765,"Egedal Municipality,Capital Region of Denmark",Denmark,EU-EFTA,RM,CP,N,,CP - Cutting Plant,,
5519,Tayyib Meat ApS,Matildevej 6,Slagelse,4200,"Slagelse Municipality,Region Zealand",Denmark,EU-EFTA,RM,CP,N,,CP - Cutting Plant,,
338,Tican Fresh Meat A/S,Strandvejen 6,Thisted,7700,"Thisted Municipality,North Denmark Region",Denmark,EU-EFTA,RM,SH CP,Y,,SH - Slaughterhouse | CP - Cutting Plant,,
801,Tican Fresh Meat A/S,Markedsvej 9,Brørup,6650,"Vejen Municipality,Region of Southern Denmark",Denmark,EU-EFTA,RM,SH CP,Y,,SH - Slaughterhouse | CP - Cutting Plant,,
1242,Tim Køier Andersen,Skovbovej 1B,Næstved,4700,"Naestved Municipality,Region Zealand",Denmark,EU-EFTA,RM,CP SH,Y,,CP - Cutting Plant | SH - Slaughterhouse,,
5355,Tistrup Slagtehus ApS,Frejasvej 13,Tistrup,6862,"Varde Municipality,Region of Southern Denmark",Denmark,EU-EFTA,RM,SH,Y,,SH - Slaughterhouse,,
5910,"Toftnæs Slagtehus, Slagteri",Toftnæsvej 30,Varde,6800,"Varde Municipality,Region of Southern Denmark",Denmark,EU-EFTA,RM,SH CP,Y,,SH - Slaughterhouse | CP - Cutting Plant,,
2219,Tofts Røgeri,Hasselvej 2A,Stege,4780,"Vordingborg Municipality,Region Zealand",Denmark,EU-EFTA,RM,CP,N,,CP - Cutting Plant,,
1424,Tved Slagtehus,Tved Bygade 36,Knebel Bro,8420,"Syddjurs Municipality,Central Denmark Region",Denmark,EU-EFTA,RM,SH,Y,,SH - Slaughterhouse,,
1460,"Tylstrup Slagtehus, v/Bo Frederiksen",Luneborgvej 69,Tylstrup,9382,"Aalborg Municipality,North Denmark Region",Denmark,EU-EFTA,RM,SH,Y,,SH - Slaughterhouse,,
1433,"Tårs Slagtehus, v/Anders Muhlig",Bredgade 61,Tårs,9830,"Hjørring Municipality,North Denmark Region",Denmark,EU-EFTA,RM,SH,Y,,SH - Slaughterhouse,,
386,UCHolstebro (Slagterfagskolen),Døesvej 5,Holstebro,7500,"Holstebro Municipality,Central Denmark Region",Denmark,EU-EFTA,RM,CP,N,,CP - Cutting Plant,,
4363,Ulfborg Slagteri,Industriarealet 40,Ulfborg,6990,"Holstebro Municipality,Central Denmark Region",Denmark,EU-EFTA,RM,SH,Y,,SH - Slaughterhouse,,
4771,Uni Catering ApS,Engmarken 6,Brabrand,8220,"Aarhus Municipality,Central Denmark Region",Denmark,EU-EFTA,RM,CP,N,,CP - Cutting Plant,,
5762,"V.Åby Slagterforretning, slagteri, Slagteri",Svendborgvej 412,Faaborg,5600,"Faaborg-Midtfyn Municipality,Region of Southern Denmark",Denmark,EU-EFTA,RM,SH,Y,,SH - Slaughterhouse,,
5437,"Vedersø Vildt, Slagteri",Industriarealet 14,Ulfborg,6990,"Holstebro Municipality,Central Denmark Region",Denmark,EU-EFTA,RM,CP,N,,CP - Cutting Plant,,
1340,"Vester Hæsinge Slagterforretning ApS, Slagteri og kødprodukter",Birkevej 37,Broby,5672,"Faaborg-Midtfyn Municipality,Region of Southern Denmark",Denmark,EU-EFTA,RM,SH CP,Y,,SH - Slaughterhouse | CP - Cutting Plant,,
5385,Vivaldi Catering A/S,Sorøvej 82,Slagelse,4200,"Slagelse Municipality,Region Zealand",Denmark,EU-EFTA,RM,CP,N,,CP - Cutting Plant,,
6525,Webgrisen,Trafikcenter Sæby Syd 2,Sæby,9300,"Frederikshavn Municipality,North Denmark Region",Denmark,EU-EFTA,RM,CP,N,,CP - Cutting Plant,,
4455,"Welfare Food A/S, Slagteri",Fællesvirke 7,Holsted,6670,"Vejen Municipality,Region of Southern Denmark",Denmark,EU-EFTA,RM,CP SH,Y,,CP - Cutting Plant | SH - Slaughterhouse,,
dkjsdbfgkmjsbdf,fbvbv,fwewe,Roskilde,4000,"Roskilde Municipality,Region Zealand",Denmark,EU-EFTA,RM,SH,Y,,SH - Slaughterhouse,,
34,Århus Slagtehus A/S,Svendborgrampen 10,Aarhus C,8000,"Aarhus Municipality,Central Denmark Region",Denmark,EU-EFTA,RM,SH CP,Y,,SH - Slaughterhouse | CP - Cutting Plant,,
2158,Öxneholm A/S,Søndre Mellemvej 48,Roskilde,4000,"Roskilde Municipality,Region Zealand",Denmark,EU-EFTA,RM,CP,N,,CP - Cutting Plant,,
1243,"Øster Hornum Slagtehus, v/Heinrich Zimmermann",Nibevej 128,Støvring,9530,"Rebild Municipality,North Denmark Region",Denmark,EU-EFTA,RM,SH,Y,,SH - Slaughterhouse,,
4918,AB Catering A/S,Kystvejen 80,Nørresundby,9400,"Aalborg Municipality,North Denmark Region",Denmark,EU-EFTA,PM,CP,N,,CP - Cutting Plant,,
2203,Aarhus Kødengros A/S,Viaduktvej 7,Viby J.,8260,"Aarhus Municipality,Central Denmark Region",Denmark,EU-EFTA,PM,CP,N,,CP - Cutting Plant,,
6147,All Food ApS,Falstervej 3,Nyborg,5800,"Nyborg Municipality,Region of Southern Denmark",Denmark,EU-EFTA,PM,CP,N,,CP - Cutting Plant,,
4975,"Allegårdens Fjerkræslagteri, slagteri",Melbyvej 34,Søndersø,5471,"Nordfyn Municipality,Region of Southern Denmark",Denmark,EU-EFTA,PM,SH CP,Y,,SH - Slaughterhouse | CP - Cutting Plant,,
4322,BC CATERING KOLDING,Kokbjerg 28,Kolding,6000,"Kolding Municipality,Region of Southern Denmark",Denmark,EU-EFTA,PM,CP,N,,CP - Cutting Plant,,
2135,BC Catering Grossisten,Blækhatten 10,Odense SØ,5220,"Odense Kommune,Region of Southern Denmark",Denmark,EU-EFTA,PM,CP,N,,CP - Cutting Plant,,
2134,BF-OKS A/S,Mejerivej 14,Hesselager,5874,"Svendborg Municipality,Region of Southern Denmark",Denmark,EU-EFTA,PM,CP,N,,CP - Cutting Plant,,
6089,Bangs Mobile Fjerkræslagteri ApS,Tingstedvej 35,Ugerløse,4350,"Holbæk Municipality,Region Zealand",Denmark,EU-EFTA,PM,SH,Y,,SH - Slaughterhouse,,
4403,Bøje Kød Engros ApS,Kirstinehøj 75,Kastrup,2770,"Copenhagen Municipality,Capital Region of Denmark",Denmark,EU-EFTA,PM,CP,N,,CP - Cutting Plant,,
2117,"Cater Food A/S, Mors",Vestmorsvej 56-60,Nykøbing Mors,7900,"Morsø Municipality,North Denmark Region",Denmark,EU-EFTA,PM,CP,N,,CP - Cutting Plant,,
5959,DAFC A/S,Skanderborgvej 19,Gedved,8751,"Horsens Municipality,Central Denmark Region",Denmark,EU-EFTA,PM,SH CP,Y,,SH - Slaughterhouse | CP - Cutting Plant,,
38,Dan Duck A/S,Havnevej 8,Struer,7600,"Struer Municipality,Central Denmark Region",Denmark,EU-EFTA,PM,SH,Y,,SH - Slaughterhouse,,
865,DanePork A/S,Tørskindvej 19,Randbøldal,7183,"Vejle Municipality,Region of Southern Denmark",Denmark,EU-EFTA,PM,CP,N,,CP - Cutting Plant,,
2740,Dankød En Gros Slagelse ApS,Matildevej 4,Slagelse,4200,"Slagelse Municipality,Region Zealand",Denmark,EU-EFTA,PM,CP,N,,CP - Cutting Plant,,
711,"Danpo A/S, Danpo A/S",Vestre Skovvej 3,Aars,9600,"Vesthimmerland Municipality,North Denmark Region",Denmark,EU-EFTA,PM,SH CP,Y,,SH - Slaughterhouse | CP - Cutting Plant,,
5350,Delika Aalborg A/S,Middelfartvej 2,Aalborg Øst,9220,"Aalborg Municipality,North Denmark Region",Denmark,EU-EFTA,PM,CP,N,,CP - Cutting Plant,,
5652,"Det Ville Slagtehus, Slagteri",Kær Møllevej 95,Hejls,6094,"Kolding Municipality,Region of Southern Denmark",Denmark,EU-EFTA,PM,SH,Y,,SH - Slaughterhouse,,
4818,"Fjerkræ- og vildtslagteri, slagteri, v/ Ib Christiansen",Bygaden 81,Dannemare,4983,"Lolland Municipality,Region Zealand",Denmark,EU-EFTA,PM,CP CP,N,,CP - Cutting Plant | CP - Cutting Plant,,
4972,GJ Kød ApS,Kirstinehøj 75,Kastrup,2770,"Copenhagen Municipality,Capital Region of Denmark",Denmark,EU-EFTA,PM,CP,N,,CP - Cutting Plant,,
2774,Genz Kød A/S,Slagtehusgade 46,København V,1715,"Copenhagen Municipality,Capital Region of Denmark",Denmark,EU-EFTA,PM,CP,N,,CP - Cutting Plant,,
2095,Gert Nielsen A/S,Stamholmen 140B,Hvidovre,2650,"Hvidovre Municipality,Capital Region of Denmark",Denmark,EU-EFTA,PM,CP,N,,CP - Cutting Plant,,
6670,"Grambogård Slagteren A/S, slagteri",Ellehaven 55,Tommerup,5690,"Assens Municipality,Region of Southern Denmark",Denmark,EU-EFTA,PM,CP,N,,CP - Cutting Plant,,
5001,Gråsten Fjerkræ A/S,Kværsgade 18,Gråsten,6300,"Sønderborg Municipality,Region of Southern Denmark",Denmark,EU-EFTA,PM,CP,N,,CP - Cutting Plant,,
2734,HB Kødgros ApS,Slagterboderne 20,København V,1716,"Copenhagen Municipality,Capital Region of Denmark",Denmark,EU-EFTA,PM,CP,N,,CP - Cutting Plant,,
6442,Hopballe Gårdslagteri,Hopballevej 56,Jelling,7300,"Vejle Municipality,Region of Southern Denmark",Denmark,EU-EFTA,PM,SH CP,Y,,SH - Slaughterhouse | CP - Cutting Plant,,
4856,Hørkram Foodservice A/S,Torshøjvej 59,Hørning,8362,"Skanderborg Municipality,Central Denmark Region",Denmark,EU-EFTA,PM,CP,N,,CP - Cutting Plant,,
5594,Hørkram Foodservice A/S,Centervej 1,Sorø,4180,"Sorø Municipality,Region Zealand",Denmark,EU-EFTA,PM,CP,N,,CP - Cutting Plant,,
6064,Inco CC Glostrup A/S,Ejby Industrivej 111,Glostrup,2600,"Glostrup Municipality,Capital Region of Denmark",Denmark,EU-EFTA,PM,CP,N,,CP - Cutting Plant,,
2766,Inco CC København A/S,Flæsketorvet 84,København V,1711,"Copenhagen Municipality,Capital Region of Denmark",Denmark,EU-EFTA,PM,CP,N,,CP - Cutting Plant,,
873,JN MEAT APS,Elmedalsvej 8,Slagelse,4200,"Slagelse Municipality,Region Zealand",Denmark,EU-EFTA,PM,CP,N,,CP - Cutting Plant,,
5949,Kornerup Catering A/S,Bådehavnsgade 48,København SV,2450,"Copenhagen Municipality,Capital Region of Denmark",Denmark,EU-EFTA,PM,CP,N,,CP - Cutting Plant,,
2242,Kødgrossisten,Industrivænget 16,Vemmelev,4241,"Slagelse Municipality,Region Zealand",Denmark,EU-EFTA,PM,CP,N,,CP - Cutting Plant,,
2062,Leif Henriksen spegepølser og røgvarer,Kragemosevej 5,Slagelse,4200,"Slagelse Municipality,Region Zealand",Denmark,EU-EFTA,PM,CP,N,,CP - Cutting Plant,,
892,Lineage Regstrup ApS,Virkelyst 7,Regstrup,4420,"Holbæk Municipality,Region Zealand",Denmark,EU-EFTA,PM,CP,N,,CP - Cutting Plant,,
4608,MB Food A/S,Korskildeeng 3,Greve,2670,"Greve Municipality,Region Zealand",Denmark,EU-EFTA,PM,CP,N,,CP - Cutting Plant,,
6008,NAOKI,Avedøreholmen 96,Hvidovre,2650,"Hvidovre Municipality,Capital Region of Denmark",Denmark,EU-EFTA,PM,CP,N,,CP - Cutting Plant,,
5340,Nordthy Meat ApS,Trehøjevej 29,Grindsted,7200,"Billund Municipality,Region of Southern Denmark",Denmark,EU-EFTA,PM,CP,N,,CP - Cutting Plant,,
2170,Nr.Søby Kød Engros A/S,Nymarksgyden 5,Årslev,5792,"Faaborg-Midtfyn Municipality,Region of Southern Denmark",Denmark,EU-EFTA,PM,CP,N,,CP - Cutting Plant,,
6691,Procater ApS,Ribevej 6,Randers,8940,"Randers Municipality,Central Denmark Region",Denmark,EU-EFTA,PM,CP,N,,CP - Cutting Plant,,
763,ROSE Poultry A/S,Elmegårdsvej 4,Brovst,9460,"Jammerbugt Municipality,North Denmark Region",Denmark,EU-EFTA,PM,CP,N,,CP - Cutting Plant,,
733,ROSE Poultry A/S,Tværmosevej 10,Vinderup,7830,"Holstebro Municipality,Central Denmark Region",Denmark,EU-EFTA,PM,CP SH,Y,,CP - Cutting Plant | SH - Slaughterhouse,,
6125,Rokkedahl Food Aps,Vårvej 65,Nibe,9240,"Aalborg Municipality,North Denmark Region",Denmark,EU-EFTA,PM,CP SH,Y,,CP - Cutting Plant | SH - Slaughterhouse,,
5653,Sejerø-gæs ApS,Sejerøvej 28,Sejerø,4592,"Kalundborg Municipality,Region Zealand",Denmark,EU-EFTA,PM,SH,Y,,SH - Slaughterhouse,,
2164,Silkeborg Slagteren A/S,Hagemannsvej 10,Silkeborg,8600,"Silkeborg Municipality,Central Denmark Region",Denmark,EU-EFTA,PM,CP,N,,CP - Cutting Plant,,
5898,Slagter Sørensen ApS,Fabriksvej 14,Videbæk,6920,"Ringkøbing-Skjern Municipality,Central Denmark Region",Denmark,EU-EFTA,PM,CP,N,,CP - Cutting Plant,,
872,Slagter Theilgaard A/S,Oddesundvej 25,Esbjerg N,6715,"Esbjerg Municipality,Region of Southern Denmark",Denmark,EU-EFTA,PM,CP,N,,CP - Cutting Plant,,
4504,Tayyib Food ApS,Hassellunden 118,Smørumovre,2765,"Egedal Municipality,Capital Region of Denmark",Denmark,EU-EFTA,PM,CP,N,,CP - Cutting Plant,,
4369,Tingsted Vildt- og Fjerkræslagteri,Hullebækvej 15,Nykøbing Falster,4800,"Guldborgsund Municipality,Region Zealand",Denmark,EU-EFTA,PM,SH,Y,,SH - Slaughterhouse,,
5910,"Toftnæs Slagtehus, Slagteri",Toftnæsvej 30,Varde,6800,"Varde Municipality,Region of Southern Denmark",Denmark,EU-EFTA,PM,SH CP,Y,,SH - Slaughterhouse | CP - Cutting Plant,,
2219,Tofts Røgeri,Hasselvej 2A,Stege,4780,"Vordingborg Municipality,Region Zealand",Denmark,EU-EFTA,PM,CP,N,,CP - Cutting Plant,,
4991,Vendsyssel Fjerkræslagteri ApS,Lyngbyvej 120,Løkken,9480,"Hjørring Municipality,North Denmark Region",Denmark,EU-EFTA,PM,SH,Y,,SH - Slaughterhouse,,
6631,Vesterborg vildt og fjerkræslagteri,Gallemosevej 6,Vesterborg,4953,"Lolland Municipality,Region Zealand",Denmark,EU-EFTA,PM,SH CP,Y,,SH - Slaughterhouse | CP - Cutting Plant,,
2158,Öxneholm A/S,Søndre Mellemvej 48,Roskilde,4000,"Roskilde Municipality,Region Zealand",Denmark,EU-EFTA,PM,CP,N,,CP - Cutting Plant,,
4918,AB Catering A/S,Kystvejen 80,Nørresundby,9400,"Aalborg Municipality,North Denmark Region",Denmark,EU-EFTA,GM,CP,N,,CP - Cutting Plant,,
1379,"Aidt Slagtehus ApS, Slagteri",Bavnehøjvej 1,Thorsø,8881,"Favrskov Municipality,Central Denmark Region",Denmark,EU-EFTA,GM,CP,N,,CP - Cutting Plant,,
4980,"Alpevej Vildtbehandling, slagteri",Alpevej 4,Stenstrup,5771,"Svendborg Municipality,Region of Southern Denmark",Denmark,EU-EFTA,GM,SH,Y,,SH - Slaughterhouse,,
4322,BC CATERING KOLDING,Kokbjerg 28,Kolding,6000,"Kolding Municipality,Region of Southern Denmark",Denmark,EU-EFTA,GM,CP,N,,CP - Cutting Plant,,
2134,BF-OKS A/S,Mejerivej 14,Hesselager,5874,"Svendborg Municipality,Region of Southern Denmark",Denmark,EU-EFTA,GM,CP,N,,CP - Cutting Plant,,
ffffffff,Benttest,jghjdlgfd,Roskilde,4000,"Roskilde Municipality,Region Zealand",Denmark,EU-EFTA,GM,SH,Y,,SH - Slaughterhouse,,
1211,Bjergstedslagteren ApS,Bjergsted Byvej 5,Jyderup,4450,"Holbæk Municipality,Region Zealand",Denmark,EU-EFTA,GM,SH,Y,,SH - Slaughterhouse,,
2117,"Cater Food A/S, Mors",Vestmorsvej 56-60,Nykøbing Mors,7900,"Morsø Municipality,North Denmark Region",Denmark,EU-EFTA,GM,CP,N,,CP - Cutting Plant,,
5728,DK Kød Aps,Lindtorpvej 3,Struer,7600,"Struer Municipality,Central Denmark Region",Denmark,EU-EFTA,GM,SH,Y,,SH - Slaughterhouse,,
5350,Delika Aalborg A/S,Middelfartvej 2,Aalborg Øst,9220,"Aalborg Municipality,North Denmark Region",Denmark,EU-EFTA,GM,CP,N,,CP - Cutting Plant,,
1465,Det Lille Slagteri K/S,Fabriksvej 12,Farsø,9640,"Vesthimmerland Municipality,North Denmark Region",Denmark,EU-EFTA,GM,SH,Y,,SH - Slaughterhouse,,
5652,"Det Ville Slagtehus, Slagteri",Kær Møllevej 95,Hejls,6094,"Kolding Municipality,Region of Southern Denmark",Denmark,EU-EFTA,GM,SH,Y,,SH - Slaughterhouse,,
5923,Djurs Slagtehus v/Bo Drachmann,Hovedgaden 28,Allingåbro,8961,"Norddjurs Municipality,Central Denmark Region",Denmark,EU-EFTA,GM,CP SH,Y,,CP - Cutting Plant | SH - Slaughterhouse,,
1219,Egtved Slagtehus ApS,Brudesøvej 1,Egtved,6040,"Vejle Municipality,Region of Southern Denmark",Denmark,EU-EFTA,GM,SH,Y,,SH - Slaughterhouse,,
5859,Galgebakkens Hjortefarm,Galgebakkens Hjortefarm 4,Bedsted Thy,7755,"Thisted Municipality,North Denmark Region",Denmark,EU-EFTA,GM,SH,Y,,SH - Slaughterhouse,,
1349,"Gudme Slagteri IVS, Slagteri",Teglværksvej 89,Gudme,5884,"Svendborg Municipality,Region of Southern Denmark",Denmark,EU-EFTA,GM,SH,Y,,SH - Slaughterhouse,,
2734,HB Kødgros ApS,Slagterboderne 20,København V,1716,"Copenhagen Municipality,Capital Region of Denmark",Denmark,EU-EFTA,GM,CP,N,,CP - Cutting Plant,,
6567,"Hallegård Produktion ApS, Slagteri",Aspevej 3,Østermarie,3751,"Bornholms Regionskommune,Capital Region of Denmark",Denmark,EU-EFTA,GM,SH CP,Y,,SH - Slaughterhouse | CP - Cutting Plant,,
1203,Henrik Hansen,Nybyvej 15,Vipperød,4390,"Holbæk Municipality,Region Zealand",Denmark,EU-EFTA,GM,SH CP,Y,,SH - Slaughterhouse | CP - Cutting Plant,,
4569,"Hjallerup Slagtehus, v/Palle Panduro",Hornshøjvej 53,Hjallerup,9320,"Brønderslev Municipality,North Denmark Region",Denmark,EU-EFTA,GM,SH,Y,,SH - Slaughterhouse,,
1373,Hårby Slagteren IVS,Den Grønne Vej 1,Skanderborg,8660,"Skanderborg Municipality,Central Denmark Region",Denmark,EU-EFTA,GM,SH,Y,,SH - Slaughterhouse,,
4856,Hørkram Foodservice A/S,Torshøjvej 59,Hørning,8362,"Skanderborg Municipality,Central Denmark Region",Denmark,EU-EFTA,GM,CP,N,,CP - Cutting Plant,,
5594,Hørkram Foodservice A/S,Centervej 1,Sorø,4180,"Sorø Municipality,Region Zealand",Denmark,EU-EFTA,GM,CP,N,,CP - Cutting Plant,,
2766,Inco CC København A/S,Flæsketorvet 84,København V,1711,"Copenhagen Municipality,Capital Region of Denmark",Denmark,EU-EFTA,GM,CP,N,,CP - Cutting Plant,,
873,JN MEAT APS,Elmedalsvej 8,Slagelse,4200,"Slagelse Municipality,Region Zealand",Denmark,EU-EFTA,GM,CP,N,,CP - Cutting Plant,,
1295,"Kisbæk Slagteri, slagteri",Ginegaardsvej 3,Løgumkloster,6240,"Tønder Municipality,Region of Southern Denmark",Denmark,EU-EFTA,GM,SH,Y,,SH - Slaughterhouse,,
876,Kivan-Food A/S,Saltøvej 118,Næstved,4700,"Naestved Municipality,Region Zealand",Denmark,EU-EFTA,GM,CP,N,,CP - Cutting Plant,,
1250,Kosakgårdens Slagteri V/K O LARSEN,Månevej 7,Slangerup,3550,"Frederikssund Municipality,Capital Region of Denmark",Denmark,EU-EFTA,GM,SH,Y,,SH - Slaughterhouse,,
2242,Kødgrossisten,Industrivænget 16,Vemmelev,4241,"Slagelse Municipality,Region Zealand",Denmark,EU-EFTA,GM,CP,N,,CP - Cutting Plant,,
2062,Leif Henriksen spegepølser og røgvarer,Kragemosevej 5,Slagelse,4200,"Slagelse Municipality,Region Zealand",Denmark,EU-EFTA,GM,CP,N,,CP - Cutting Plant,,
892,Lineage Regstrup ApS,Virkelyst 7,Regstrup,4420,"Holbæk Municipality,Region Zealand",Denmark,EU-EFTA,GM,CP,N,,CP - Cutting Plant,,
1214,Maglebrænde Slagtehus,Maglebrænde 2,Stubbekøbing,4850,"Guldborgsund Municipality,Region Zealand",Denmark,EU-EFTA,GM,SH,Y,,SH - Slaughterhouse,,
1437,Mariager Slagtehus,Havnegade 5,Mariager,9550,"Mariagerfjord Municipality,North Denmark Region",Denmark,EU-EFTA,GM,SH,Y,,SH - Slaughterhouse,,
6417,Nordvildt IVS,Horserød Byvej 2A,Helsingør,3000,"Helsingør Municipality,Capital Region of Denmark",Denmark,EU-EFTA,GM,SH CP,Y,,SH - Slaughterhouse | CP - Cutting Plant,,
1217,Nr. Asmindrup Slagtehus ApS,Gl Nykøbingvej 78,Nørre Asmindrup,4572,"Odsherred Municipality,Region Zealand",Denmark,EU-EFTA,GM,SH,Y,,SH - Slaughterhouse,,
1469,Nr. Onsild Slagterhus ApS,Rævebakken 2,Hobro,9500,"Mariagerfjord Municipality,North Denmark Region",Denmark,EU-EFTA,GM,SH,Y,,SH - Slaughterhouse,,
4595,Nr. Snede Slagtehus,Fællesvej 24,Nørre Snede,8766,"Ikast-Brande Municipality,Central Denmark Region",Denmark,EU-EFTA,GM,SH,Y,,SH - Slaughterhouse,,
1218,OMK Knabstrup ApS,Holbækvej 328,Mørkøv,4440,"Holbæk Municipality,Region Zealand",Denmark,EU-EFTA,GM,SH,Y,,SH - Slaughterhouse,,
2238,"Ravsted Slagteri, slagteri",Ravsted Storegade 35,Bylderup-Bov,6372,"Aabenraa Municipality,Region of Southern Denmark",Denmark,EU-EFTA,GM,SH,Y,,SH - Slaughterhouse,,
5651,Rævhede,Sandmosevej 84,Aabybro,9440,"Jammerbugt Municipality,North Denmark Region",Denmark,EU-EFTA,GM,CP,N,,CP - Cutting Plant,,
1297,"SLM. PER HAMKENS, slagteri",Østergade 18,Rødding,6630,"Vejen Municipality,Region of Southern Denmark",Denmark,EU-EFTA,GM,SH,Y,,SH - Slaughterhouse,,
1399,Sevel Slagteri A/S,Søgårdvej 28,Vinderup,7830,"Holstebro Municipality,Central Denmark Region",Denmark,EU-EFTA,GM,CP SH,Y,,CP - Cutting Plant | SH - Slaughterhouse,,
2164,Silkeborg Slagteren A/S,Hagemannsvej 10,Silkeborg,8600,"Silkeborg Municipality,Central Denmark Region",Denmark,EU-EFTA,GM,CP,N,,CP - Cutting Plant,,
5685,"Skallebølle Slagtehus ApS, Slagteri",Odensevej 153,Vissenbjerg,5492,"Assens Municipality,Region of Southern Denmark",Denmark,EU-EFTA,GM,SH CP,Y,,SH - Slaughterhouse | CP - Cutting Plant,,
6171,"Slagter Engdahl, slagteri, v/ Morten og Jesper Engdahl",Industriparken 10,Holeby,4960,"Lolland Municipality,Region Zealand",Denmark,EU-EFTA,GM,SH CP,Y,,SH - Slaughterhouse | CP - Cutting Plant,,
5898,Slagter Sørensen ApS,Fabriksvej 14,Videbæk,6920,"Ringkøbing-Skjern Municipality,Central Denmark Region",Denmark,EU-EFTA,GM,SH CP,Y,,SH - Slaughterhouse | CP - Cutting Plant,,
1450,Snæbum Slagtehus,Snæbumvej 40,Hobro,9500,"Mariagerfjord Municipality,North Denmark Region",Denmark,EU-EFTA,GM,SH,Y,,SH - Slaughterhouse,,
1209,Stensved Slagtehus ApS,Vådebjergvej 2,Stensved,4773,"Vordingborg Municipality,Region Zealand",Denmark,EU-EFTA,GM,CP SH,Y,,CP - Cutting Plant | SH - Slaughterhouse,,
6286,"Stensved Slagtehus, Engros opskæring",Krøjevej 10,Vordingborg,4760,"Vordingborg Municipality,Region Zealand",Denmark,EU-EFTA,GM,CP,N,,CP - Cutting Plant,,
2001,TJ-Food A/S,Vedbækvej 8,Hobro,9500,"Mariagerfjord Municipality,North Denmark Region",Denmark,EU-EFTA,GM,CP,N,,CP - Cutting Plant,,
1242,Tim Køier Andersen,Skovbovej 1B,Næstved,4700,"Naestved Municipality,Region Zealand",Denmark,EU-EFTA,GM,CP SH,Y,,CP - Cutting Plant | SH - Slaughterhouse,,
5910,"Toftnæs Slagtehus, Slagteri",Toftnæsvej 30,Varde,6800,"Varde Municipality,Region of Southern Denmark",Denmark,EU-EFTA,GM,CP,N,,CP - Cutting Plant,,
2219,Tofts Røgeri,Hasselvej 2A,Stege,4780,"Vordingborg Municipality,Region Zealand",Denmark,EU-EFTA,GM,CP,N,,CP - Cutting Plant,,
1424,Tved Slagtehus,Tved Bygade 36,Knebel Bro,8420,"Syddjurs Municipality,Central Denmark Region",Denmark,EU-EFTA,GM,SH,Y,,SH - Slaughterhouse,,
4363,Ulfborg Slagteri,Industriarealet 40,Ulfborg,6990,"Holstebro Municipality,Central Denmark Region",Denmark,EU-EFTA,GM,SH,Y,,SH - Slaughterhouse,,
5437,"Vedersø Vildt, Slagteri",Industriarealet 14,Ulfborg,6990,"Holstebro Municipality,Central Denmark Region",Denmark,EU-EFTA,GM,CP,N,,CP - Cutting Plant,,
1340,"Vester Hæsinge Slagterforretning ApS, Slagteri og kødprodukter",Birkevej 37,Broby,5672,"Faaborg-Midtfyn Municipality,Region of Southern Denmark",Denmark,EU-EFTA,GM,CP SH,Y,,CP - Cutting Plant | SH - Slaughterhouse,,
6611,Vrøgum Vildt,Hedelundvej 9B,Oksbøl,6840,"Varde Municipality,Region of Southern Denmark",Denmark,EU-EFTA,GM,SH CP,Y,,SH - Slaughterhouse | CP - Cutting Plant,,
4455,"Welfare Food A/S, Slagteri",Fællesvirke 7,Holsted,6670,"Vejen Municipality,Region of Southern Denmark",Denmark,EU-EFTA,GM,CP SH,Y,,CP - Cutting Plant | SH - Slaughterhouse,,
41534635,fbgfbgd,ffddf,Roskilde,4000,"Roskilde Municipality,Region Zealand",Denmark,EU-EFTA,GM,CP,N,,CP - Cutting Plant,,
2158,Öxneholm A/S,Søndre Mellemvej 48,Roskilde,4000,"Roskilde Municipality,Region Zealand",Denmark,EU-EFTA,GM,CP,N,,CP - Cutting Plant,,
1243,"Øster Hornum Slagtehus, v/Heinrich Zimmermann",Nibevej 128,Støvring,9530,"Rebild Municipality,North Denmark Region",Denmark,EU-EFTA,GM,SH,Y,,SH - Slaughterhouse,,
4918,AB Catering A/S,Kystvejen 80,Nørresundby,9400,"Aalborg Municipality,North Denmark Region",Denmark,EU-EFTA,WM,CP,N,,CP - Cutting Plant,,
1379,"Aidt Slagtehus ApS, Slagteri",Bavnehøjvej 1,Thorsø,8881,"Favrskov Municipality,Central Denmark Region",Denmark,EU-EFTA,WM,CP GHE,N,,CP - Cutting Plant | GHE - Game-Handling Establishment,,
4980,"Alpevej Vildtbehandling, slagteri",Alpevej 4,Stenstrup,5771,"Svendborg Municipality,Region of Southern Denmark",Denmark,EU-EFTA,WM,CP CP,N,,CP - Cutting Plant | CP - Cutting Plant,,
4322,BC CATERING KOLDING,Kokbjerg 28,Kolding,6000,"Kolding Municipality,Region of Southern Denmark",Denmark,EU-EFTA,WM,CP,N,,CP - Cutting Plant,,
2134,BF-OKS A/S,Mejerivej 14,Hesselager,5874,"Svendborg Municipality,Region of Southern Denmark",Denmark,EU-EFTA,WM,CP,N,,CP - Cutting Plant,,
1211,Bjergstedslagteren ApS,Bjergsted Byvej 5,Jyderup,4450,"Holbæk Municipality,Region Zealand",Denmark,EU-EFTA,WM,GHE,N,,GHE - Game-Handling Establishment,,
5728,DK Kød Aps,Lindtorpvej 3,Struer,7600,"Struer Municipality,Central Denmark Region",Denmark,EU-EFTA,WM,GHE,N,,GHE - Game-Handling Establishment,,
2740,Dankød En Gros Slagelse ApS,Matildevej 4,Slagelse,4200,"Slagelse Municipality,Region Zealand",Denmark,EU-EFTA,WM,CP,N,,CP - Cutting Plant,,
5350,Delika Aalborg A/S,Middelfartvej 2,Aalborg Øst,9220,"Aalborg Municipality,North Denmark Region",Denmark,EU-EFTA,WM,CP,N,,CP - Cutting Plant,,
5652,"Det Ville Slagtehus, Slagteri",Kær Møllevej 95,Hejls,6094,"Kolding Municipality,Region of Southern Denmark",Denmark,EU-EFTA,WM,GHE,N,,GHE - Game-Handling Establishment,,
5923,Djurs Slagtehus v/Bo Drachmann,Hovedgaden 28,Allingåbro,8961,"Norddjurs Municipality,Central Denmark Region",Denmark,EU-EFTA,WM,CP GHE,N,,CP - Cutting Plant | GHE - Game-Handling Establishment,,
5342,Faldhøje Plantage,Skovsendevej 2,Grindsted,7200,"Billund Municipality,Region of Southern Denmark",Denmark,EU-EFTA,WM,GHE,N,,GHE - Game-Handling Establishment,,
4818,"Fjerkræ- og vildtslagteri, slagteri, v/ Ib Christiansen",Bygaden 81,Dannemare,4983,"Lolland Municipality,Region Zealand",Denmark,EU-EFTA,WM,GHE CP,N,,GHE - Game-Handling Establishment | CP - Cutting Plant,,
5859,Galgebakkens Hjortefarm,Galgebakkens Hjortefarm 4,Bedsted Thy,7755,"Thisted Municipality,North Denmark Region",Denmark,EU-EFTA,WM,GHE,N,,GHE - Game-Handling Establishment,,
1319,Gelstedslagteren ApS,Tellerupvej 15,Gelsted,5591,"Middelfart Municipality,Region of Southern Denmark",Denmark,EU-EFTA,WM,CP GHE,N,,CP - Cutting Plant | GHE - Game-Handling Establishment,,
2734,HB Kødgros ApS,Slagterboderne 20,København V,1716,"Copenhagen Municipality,Capital Region of Denmark",Denmark,EU-EFTA,WM,CP,N,,CP - Cutting Plant,,
6567,"Hallegård Produktion ApS, Slagteri",Aspevej 3,Østermarie,3751,"Bornholms Regionskommune,Capital Region of Denmark",Denmark,EU-EFTA,WM,GHE CP,N,,GHE - Game-Handling Establishment | CP - Cutting Plant,,
1203,Henrik Hansen,Nybyvej 15,Vipperød,4390,"Holbæk Municipality,Region Zealand",Denmark,EU-EFTA,WM,CP,N,,CP - Cutting Plant,,
4569,"Hjallerup Slagtehus, v/Palle Panduro",Hornshøjvej 53,Hjallerup,9320,"Brønderslev Municipality,North Denmark Region",Denmark,EU-EFTA,WM,GHE,N,,GHE - Game-Handling Establishment,,
1373,Hårby Slagteren IVS,Den Grønne Vej 1,Skanderborg,8660,"Skanderborg Municipality,Central Denmark Region",Denmark,EU-EFTA,WM,GHE,N,,GHE - Game-Handling Establishment,,
4856,Hørkram Foodservice A/S,Torshøjvej 59,Hørning,8362,"Skanderborg Municipality,Central Denmark Region",Denmark,EU-EFTA,WM,CP,N,,CP - Cutting Plant,,
5594,Hørkram Foodservice A/S,Centervej 1,Sorø,4180,"Sorø Municipality,Region Zealand",Denmark,EU-EFTA,WM,CP,N,,CP - Cutting Plant,,
2766,Inco CC København A/S,Flæsketorvet 84,København V,1711,"Copenhagen Municipality,Capital Region of Denmark",Denmark,EU-EFTA,WM,CP,N,,CP - Cutting Plant,,
873,JN MEAT APS,Elmedalsvej 8,Slagelse,4200,"Slagelse Municipality,Region Zealand",Denmark,EU-EFTA,WM,CP,N,,CP - Cutting Plant,,
1295,"Kisbæk Slagteri, slagteri",Ginegaardsvej 3,Løgumkloster,6240,"Tønder Municipality,Region of Southern Denmark",Denmark,EU-EFTA,WM,GHE,N,,GHE - Game-Handling Establishment,,
876,Kivan-Food A/S,Saltøvej 118,Næstved,4700,"Naestved Municipality,Region Zealand",Denmark,EU-EFTA,WM,GHE CP,N,,GHE - Game-Handling Establishment | CP - Cutting Plant,,
5253,Klosterhedens Vildt A/S,Holmgaardvej 49,Bækmarksbro,7660,"Lemvig Municipality,Central Denmark Region",Denmark,EU-EFTA,WM,GHE CP,N,,GHE - Game-Handling Establishment | CP - Cutting Plant,,
1250,Kosakgårdens Slagteri V/K O LARSEN,Månevej 7,Slangerup,3550,"Frederikssund Municipality,Capital Region of Denmark",Denmark,EU-EFTA,WM,GHE,N,,GHE - Game-Handling Establishment,,
2242,Kødgrossisten,Industrivænget 16,Vemmelev,4241,"Slagelse Municipality,Region Zealand",Denmark,EU-EFTA,WM,CP,N,,CP - Cutting Plant,,
2062,Leif Henriksen spegepølser og røgvarer,Kragemosevej 5,Slagelse,4200,"Slagelse Municipality,Region Zealand",Denmark,EU-EFTA,WM,CP,N,,CP - Cutting Plant,,
892,Lineage Regstrup ApS,Virkelyst 7,Regstrup,4420,"Holbæk Municipality,Region Zealand",Denmark,EU-EFTA,WM,CP,N,,CP - Cutting Plant,,
55555,Marl1,marken 5,Nyborg,5800,"Nyborg Municipality,Region of Southern Denmark",Denmark,EU-EFTA,WM,CC,N,,CC - Collection Centre,,
6417,Nordvildt IVS,Horserød Byvej 2A,Helsingør,3000,"Helsingør Municipality,Capital Region of Denmark",Denmark,EU-EFTA,WM,GHE CP,N,,GHE - Game-Handling Establishment | CP - Cutting Plant,,
1217,Nr. Asmindrup Slagtehus ApS,Gl Nykøbingvej 78,Nørre Asmindrup,4572,"Odsherred Municipality,Region Zealand",Denmark,EU-EFTA,WM,GHE,N,,GHE - Game-Handling Establishment,,
1469,Nr. Onsild Slagterhus ApS,Rævebakken 2,Hobro,9500,"Mariagerfjord Municipality,North Denmark Region",Denmark,EU-EFTA,WM,GHE,N,,GHE - Game-Handling Establishment,,
4595,Nr. Snede Slagtehus,Fællesvej 24,Nørre Snede,8766,"Ikast-Brande Municipality,Central Denmark Region",Denmark,EU-EFTA,WM,GHE,N,,GHE - Game-Handling Establishment,,
5651,Rævhede,Sandmosevej 84,Aabybro,9440,"Jammerbugt Municipality,North Denmark Region",Denmark,EU-EFTA,WM,CP,N,,CP - Cutting Plant,,
1297,"SLM. PER HAMKENS, slagteri",Østergade 18,Rødding,6630,"Vejen Municipality,Region of Southern Denmark",Denmark,EU-EFTA,WM,GHE,N,,GHE - Game-Handling Establishment,,
2164,Silkeborg Slagteren A/S,Hagemannsvej 10,Silkeborg,8600,"Silkeborg Municipality,Central Denmark Region",Denmark,EU-EFTA,WM,CP,N,,CP - Cutting Plant,,
6171,"Slagter Engdahl, slagteri, v/ Morten og Jesper Engdahl",Industriparken 10,Holeby,4960,"Lolland Municipality,Region Zealand",Denmark,EU-EFTA,WM,CP GHE,N,,CP - Cutting Plant | GHE - Game-Handling Establishment,,
5898,Slagter Sørensen ApS,Fabriksvej 14,Videbæk,6920,"Ringkøbing-Skjern Municipality,Central Denmark Region",Denmark,EU-EFTA,WM,GHE,N,,GHE - Game-Handling Establishment,,
1450,Snæbum Slagtehus,Snæbumvej 40,Hobro,9500,"Mariagerfjord Municipality,North Denmark Region",Denmark,EU-EFTA,WM,GHE,N,,GHE - Game-Handling Establishment,,
4369,Tingsted Vildt- og Fjerkræslagteri,Hullebækvej 15,Nykøbing Falster,4800,"Guldborgsund Municipality,Region Zealand",Denmark,EU-EFTA,WM,GHE,N,,GHE - Game-Handling Establishment,,
5355,Tistrup Slagtehus ApS,Frejasvej 13,Tistrup,6862,"Varde Municipality,Region of Southern Denmark",Denmark,EU-EFTA,WM,GHE,N,,GHE - Game-Handling Establishment,,
5910,"Toftnæs Slagtehus, Slagteri",Toftnæsvej 30,Varde,6800,"Varde Municipality,Region of Southern Denmark",Denmark,EU-EFTA,WM,CP,N,,CP - Cutting Plant,,
2219,Tofts Røgeri,Hasselvej 2A,Stege,4780,"Vordingborg Municipality,Region Zealand",Denmark,EU-EFTA,WM,CP,N,,CP - Cutting Plant,,
1460,"Tylstrup Slagtehus, v/Bo Frederiksen",Luneborgvej 69,Tylstrup,9382,"Aalborg Municipality,North Denmark Region",Denmark,EU-EFTA,WM,GHE,N,,GHE - Game-Handling Establishment,,
5437,"Vedersø Vildt, Slagteri",Industriarealet 14,Ulfborg,6990,"Holstebro Municipality,Central Denmark Region",Denmark,EU-EFTA,WM,GHE CP,N,,GHE - Game-Handling Establishment | CP - Cutting Plant,,
6631,Vesterborg vildt og fjerkræslagteri,Gallemosevej 6,Vesterborg,4953,"Lolland Municipality,Region Zealand",Denmark,EU-EFTA,WM,GHE CP,N,,GHE - Game-Handling Establishment | CP - Cutting Plant,,
6611,Vrøgum Vildt,Hedelundvej 9B,Oksbøl,6840,"Varde Municipality,Region of Southern Denmark",Denmark,EU-EFTA,WM,GHE CP,N,,GHE - Game-Handling Establishment | CP - Cutting Plant,,
4455,"Welfare Food A/S, Slagteri",Fællesvirke 7,Holsted,6670,"Vejen Municipality,Region of Southern Denmark",Denmark,EU-EFTA,WM,GHE CP,N,,GHE - Game-Handling Establishment | CP - Cutting Plant,,
2158,Öxneholm A/S,Søndre Mellemvej 48,Roskilde,4000,"Roskilde Municipality,Region Zealand",Denmark,EU-EFTA,WM,CP,N,,CP - Cutting Plant,,
6215,"083 Køkkenet Hvidovre Hospital, Centralkøkken",Kettegård Alle 30,Hvidovre,2650,"Hvidovre Municipality,Capital Region of Denmark",Denmark,EU-EFTA,FFP,PP,,,PP - Processing Plant,,
6504,A. ESPERSEN A/S - Testkøkken,Amager Strandvej 403,Kastrup,2770,"Copenhagen Municipality,Capital Region of Denmark",Denmark,EU-EFTA,FFP,PP FFPP,,,PP - Processing Plant | FFPP - Fresh Fishery Products Plant,,
4525,A. Espersen A/S,Strandgade 8,Hasle,3790,"Bornholms Regionskommune,Capital Region of Denmark",Denmark,EU-EFTA,FFP,FFPP PP,,,FFPP - Fresh Fishery Products Plant | PP - Processing Plant,,
1133,A/S LÆSØ FISKEINDUSTRI,Auktionsvej 20,Skagen,9990,"Frederikshavn Municipality,North Denmark Region",Denmark,EU-EFTA,FFP,FFPP,,,FFPP - Fresh Fishery Products Plant,,
4582,A/S LÆSØ FISKEINDUSTRI,Industrivej 4,Læsø,9940,"Læsø Kommune,North Denmark Region",Denmark,EU-EFTA,FFP,PP,,,PP - Processing Plant,,
5285,"A/S O.V. JØRGENSEN,, HUNDESTED FISKEEXPORT",Klintholm Havnevej 59,Borre,4791,"Vordingborg Municipality,Region Zealand",Denmark,EU-EFTA,FFP,AH,,,AH - Auction Hall,,
2044,A/S Sæby Fiske-Industri,Gyldendalsvej 2-4,Sæby,9300,"Frederikshavn Municipality,North Denmark Region",Denmark,EU-EFTA,FFP,PP FFPP,,,PP - Processing Plant | FFPP - Fresh Fishery Products Plant,,
194,AKTIESELSKABET POSEIDON MUSLINGER OG REJER,Havnepladsen 4,Rømø,6792,"Tønder Municipality,Region of Southern Denmark",Denmark,EU-EFTA,FFP,PP,,,PP - Processing Plant,,
4731,AQUA PRODUCTION ApS,Aarøsund Havn 10-14,Haderslev,6100,"Haderslev Municipality,Region of Southern Denmark",Denmark,EU-EFTA,FFP,PP,,,PP - Processing Plant,,
89801818,AQUAPRI ApS,Skomagervej 4L,Vejle,7100,"Vejle Municipality,Region of Southern Denmark",Denmark,EU-EFTA,FFP,WM,,,WM - Wholesale Market,,
6118,"AQUAPRI DENMARK, Gamst Aquakultur",Fiskeparken 4,Bække,6622,"Vejen Municipality,Region of Southern Denmark",Denmark,EU-EFTA,FFP,PP,,,PP - Processing Plant,,
1005,ARNE JØRGENSEN & SØN A/S,Hyttefadsvej 9,Strandby,9970,"Frederikshavn Municipality,North Denmark Region",Denmark,EU-EFTA,FFP,FFPP,,,FFPP - Fresh Fishery Products Plant,,
2083,AaD Drift ApS,Lundvej 8,Herning,7400,"Herning Municipality,Central Denmark Region",Denmark,EU-EFTA,FFP,PP,,,PP - Processing Plant,,
5769,"Aalborg Universitetshospital Thisted, Centralkøkken",Højtoftevej 2,Thisted,7700,"Thisted Municipality,North Denmark Region",Denmark,EU-EFTA,FFP,PP,,,PP - Processing Plant,,
6655,Aamanns Køkken,Refshalevej 163A,København K,1432,"Copenhagen Municipality,Capital Region of Denmark",Denmark,EU-EFTA,FFP,PP,,,PP - Processing Plant,,
6396,Agerbækhuse,Gymnasievej 30,Køge,4600,"Køge Municipality,Region Zealand",Denmark,EU-EFTA,FFP,PP,,,PP - Processing Plant,,
6338,Agnes Food ApS,Bregnerødvej 124,Birkerød,3460,"Rudersdal Municipality,Capital Region of Denmark",Denmark,EU-EFTA,FFP,PP,,,PP - Processing Plant,,
9317,Agustson A/S,Lundahl Nielsens Vej 2,Vejle,7100,"Vejle Municipality,Region of Southern Denmark",Denmark,EU-EFTA,FFP,PP,,,PP - Processing Plant,,
6582,Aircraft Catering Executive IVS,Sallingvej 61,Vanløse,2720,"Copenhagen Municipality,Capital Region of Denmark",Denmark,EU-EFTA,FFP,PP,,,PP - Processing Plant,,
6329,Akaciegården,Betty Nansens Alle 2A,Frederiksberg,2000,"Frederiksberg Municipality,Capital Region of Denmark",Denmark,EU-EFTA,FFP,PP,,,PP - Processing Plant,,
4780,Albanigades Fisk og Vildt ApS,Søndre Havnekaj 10,Kerteminde,5300,"Kerteminde Kommune,Region of Southern Denmark",Denmark,EU-EFTA,FFP,FFPP PP,,,FFPP - Fresh Fishery Products Plant | PP - Processing Plant,,
6523,"Alle Tiders Køkken ApS, Kantine",Litauen Alle 6,Taastrup,2630,"Høje-Taastrup Municipality,Capital Region of Denmark",Denmark,EU-EFTA,FFP,PP,,,PP - Processing Plant,,
555,Amanda Seafood A/S,Constantiavej 29,Frederikshavn,9900,"Frederikshavn Municipality,North Denmark Region",Denmark,EU-EFTA,FFP,PP,,,PP - Processing Plant,,
7318,Ambrosa Honest Food ApS,Boesvej 13,Skanderborg,8660,"Skanderborg Municipality,Central Denmark Region",Denmark,EU-EFTA,FFP,PP,,,PP - Processing Plant,,
4019,Angly A/S,Havnevej 11,Frederiksværk,3300,"Halsnæs Municipality,Capital Region of Denmark",Denmark,EU-EFTA,FFP,FFPP PP,,,FFPP - Fresh Fishery Products Plant | PP - Processing Plant,,
6352,"Arena Velfærdshuset, Centralkøkken",Robert Jacobsens Vej 11A,København S,2300,"Copenhagen Municipality,Capital Region of Denmark",Denmark,EU-EFTA,FFP,PP,,,PP - Processing Plant,,
6182,Arresødal slotskøkken,Arresødalvej 100,Frederiksværk,3300,"Halsnæs Municipality,Capital Region of Denmark",Denmark,EU-EFTA,FFP,PP,,,PP - Processing Plant,,
6178,Assens Madservice,Odensevej 29D,Assens,5610,"Assens Municipality,Region of Southern Denmark",Denmark,EU-EFTA,FFP,PP,,,PP - Processing Plant,,
5986,Atlantic Sapphire Denmark AS,Langsand 34,Hvide Sande,6960,"Ringkøbing-Skjern Municipality,Central Denmark Region",Denmark,EU-EFTA,FFP,FFPP,,,FFPP - Fresh Fishery Products Plant,,
7332,Autismetilbuddet Holding ApS,Houmannsvej 3,Haslev,4690,"Faxe Municipality,Region Zealand",Denmark,EU-EFTA,FFP,PP,,,PP - Processing Plant,,
6632,BAS Food ApS,Aage Grams Vej 1,Vojens,6500,"Haderslev Municipality,Region of Southern Denmark",Denmark,EU-EFTA,FFP,PP,,,PP - Processing Plant,,
7104,BDK_Godsbanevej 2 v/ISS FACILITY SERVICES A/S,Godsbanevej 2,Ringsted,4100,"Ringsted Municipality,Region Zealand",Denmark,EU-EFTA,FFP,PP,,,PP - Processing Plant,,
6465,"Baunehøj, Den Kommunale Madservice",Carlshøjvej 66,Kongens Lyngby,2800,"Lyngby-Taarbæk Municipality,Capital Region of Denmark",Denmark,EU-EFTA,FFP,PP,,,PP - Processing Plant,,
6365,"Behandlingshjemmet Hvidborg, Institutionskøkken",Neergårds Alle 6,Hvidovre,2650,"Hvidovre Municipality,Capital Region of Denmark",Denmark,EU-EFTA,FFP,PP,,,PP - Processing Plant,,
6194,BinOcean,Jens Munksvej 4,Hirtshals,9850,"Hjørring Municipality,North Denmark Region",Denmark,EU-EFTA,FFP,FFPP,,,FFPP - Fresh Fishery Products Plant,,
6563,BinOcean,Niels Juelsvej 12,Hirtshals,9850,"Hjørring Municipality,North Denmark Region",Denmark,EU-EFTA,FFP,FFPP,,,FFPP - Fresh Fishery Products Plant,,
6885,Biomega Denmark A/S,Willemoesvej 26,Hirtshals,9850,"Hjørring Municipality,North Denmark Region",Denmark,EU-EFTA,FFP,PP,,,PP - Processing Plant,,
2400,"Bispebjerg Hospital, FM - Køkken",Esther Ammundsens Vej 29C,København NV,2400,"Copenhagen Municipality,Capital Region of Denmark",Denmark,EU-EFTA,FFP,PP,,,PP - Processing Plant,,
6413,"Bispebjerghjemmet, Centralkøkken",Tagensvej 186,København NV,2400,"Copenhagen Municipality,Capital Region of Denmark",Denmark,EU-EFTA,FFP,PP,,,PP - Processing Plant,,
7084,BistroNord A/S Kantinen Port of Aalborg,Langerak 19,Aalborg Øst,9220,"Aalborg Municipality,North Denmark Region",Denmark,EU-EFTA,FFP,PP,,,PP - Processing Plant,,
1443,Bjerrefisk A/S,Fiskerihavnsgade 11,Frederikshavn,9900,"Frederikshavn Municipality,North Denmark Region",Denmark,EU-EFTA,FFP,PP FFPP,,,PP - Processing Plant | FFPP - Fresh Fishery Products Plant,,
6393,Bo & Dagtilbud Musvågevej,Musvågevej 24,København NV,2400,"Copenhagen Municipality,Capital Region of Denmark",Denmark,EU-EFTA,FFP,PP,,,PP - Processing Plant,,
1603,Bornholm Fisk A/S,Fiskerivej 11,Rønne,3700,"Bornholms Regionskommune,Capital Region of Denmark",Denmark,EU-EFTA,FFP,FFPP,,,FFPP - Fresh Fishery Products Plant,,
1753,Brdr. Dethlefsen,Søndre Kajgade 29,Grenå,8500,"Norddjurs Municipality,Central Denmark Region",Denmark,EU-EFTA,FFP,FFPP,,,FFPP - Fresh Fishery Products Plant,,
6433,Breelteparken,Breeltevej 1,Hørsholm,2970,"Hørsholm Municipality,Capital Region of Denmark",Denmark,EU-EFTA,FFP,PP,,,PP - Processing Plant,,
5900,Brilliant Caviar A/S,Dalgasvej 2,Vejle,7100,"Vejle Municipality,Region of Southern Denmark",Denmark,EU-EFTA,FFP,PP,,,PP - Processing Plant,,
6246,Brøndby Kommune Ældrecenter,Nygårds Plads 30,Brøndby,2605,"Brøndby Municipality,Capital Region of Denmark",Denmark,EU-EFTA,FFP,PP,,,PP - Processing Plant,,
7108,Brøndby Stadion v/Jespers Torvekøkken ApS,Brøndby Stadion 28,Brøndby,2605,"Brøndby Municipality,Capital Region of Denmark",Denmark,EU-EFTA,FFP,PP,,,PP - Processing Plant,,
4977,Byens Køkken,Teknikvej 4,Odense S,5260,"Odense Kommune,Region of Southern Denmark",Denmark,EU-EFTA,FFP,PP,,,PP - Processing Plant,,
1754,BØNNERUP FISK I/S,Ny Havnevej 24,Glesborg,8585,"Norddjurs Municipality,Central Denmark Region",Denmark,EU-EFTA,FFP,FFPP,,,FFPP - Fresh Fishery Products Plant,,
6310,"Børnehusene Fredensborg - fælleskøkken, Sneglehuset",Lystholm 8-10,Fredensborg,3480,"Fredensborg Municipality,Capital Region of Denmark",Denmark,EU-EFTA,FFP,PP,,,PP - Processing Plant,,
6518,"Børnehusene Humlebæk, Frugthaven Børnehave / Frugthaven Vuggestue",Baunebjergvej 550,Humlebæk,3050,"Fredensborg Municipality,Capital Region of Denmark",Denmark,EU-EFTA,FFP,PP,,,PP - Processing Plant,,
6354,Børnehusene Kokkedal,Broengen 6,Kokkedal,2980,"Fredensborg Municipality,Capital Region of Denmark",Denmark,EU-EFTA,FFP,PP,,,PP - Processing Plant,,
AUT7408,Børnehuset Buldervang,Klostervænget 1,Kalundborg,4400,"Kalundborg Municipality,Region Zealand",Denmark,EU-EFTA,FFP,PP,,,PP - Processing Plant,,
6207,Børnehuset Kastaniebakken,Biskop Svanes Vej 83,Birkerød,3460,"Rudersdal Municipality,Capital Region of Denmark",Denmark,EU-EFTA,FFP,PP,,,PP - Processing Plant,,
6209,"Børnehuset Lyngborghave, Produktionskøkken",Lyngborghave 42-46,Birkerød,3460,"Rudersdal Municipality,Capital Region of Denmark",Denmark,EU-EFTA,FFP,PP,,,PP - Processing Plant,,
6208,Børnehuset Sjælsø,Ravnsnæsvej 126,Birkerød,3460,"Rudersdal Municipality,Capital Region of Denmark",Denmark,EU-EFTA,FFP,PP,,,PP - Processing Plant,,
6196,Børneinstitutionen Bøgehøjen,Henriksholms Alle 10-12,Vedbæk,2950,"Rudersdal Municipality,Capital Region of Denmark",Denmark,EU-EFTA,FFP,PP,,,PP - Processing Plant,,
7213,CENTRALRØGERIET A/S,Tingbjergvej 5,Bjæverskov,4632,"Køge Municipality,Region Zealand",Denmark,EU-EFTA,FFP,PP FFPP,,,PP - Processing Plant | FFPP - Fresh Fishery Products Plant,,
DK1003200108,CHRISFISH DENMARK,FISKERIHAVNSGADE 47,Frederikshavn,9900,"Frederikshavn Municipality,North Denmark Region",Denmark,EU-EFTA,FFP,FFPP,,,FFPP - Fresh Fishery Products Plant,,
6618,Caféernes Madværksted,Egeparken 2A,Odense NØ,5240,"Odense Kommune,Region of Southern Denmark",Denmark,EU-EFTA,FFP,PP,,,PP - Processing Plant,,
1834,Carl Lauridsen ApS,Gl. Landevej 37,Hemmet,6893,"Ringkøbing-Skjern Municipality,Central Denmark Region",Denmark,EU-EFTA,FFP,FFPP,,,FFPP - Fresh Fishery Products Plant,,
5376,Carnad A/S,Falstervej 6,Løgstør,9670,"Vesthimmerland Municipality,North Denmark Region",Denmark,EU-EFTA,FFP,PP,,,PP - Processing Plant,,
6652,Cateringkbh ApS,Ejgårds tværvej 16,Charlottenlund,2920,"Gentofte Municipality,Capital Region of Denmark",Denmark,EU-EFTA,FFP,PP,,,PP - Processing Plant,,
6316,"Center Amager Sundbygård, Blok B, Produktionskøkken",Sundbygårdsvej 3,København S,2300,"Copenhagen Municipality,Capital Region of Denmark",Denmark,EU-EFTA,FFP,PP,,,PP - Processing Plant,,
6370,"Centralkøkken Helsingegården, PlejeGribskov",Parkvænget 20A,Helsinge,3200,"Gribskov Municipality,Capital Region of Denmark",Denmark,EU-EFTA,FFP,PP,,,PP - Processing Plant,,
5393,Centralkøkkenet Aarhus Universitetshospital,Carl Krebs' Vej 36,Aarhus N,8200,"Aarhus Municipality,Central Denmark Region",Denmark,EU-EFTA,FFP,PP,,,PP - Processing Plant,,
6423,Centralkøkkenet Boserupvej 7,Boserupvej 7,Roskilde,4000,"Roskilde Municipality,Region Zealand",Denmark,EU-EFTA,FFP,PP,,,PP - Processing Plant,,
6562,Centralkøkkenet Klostergårdens Plejehjem,Strandvejen 91C,København Ø,2100,"Copenhagen Municipality,Capital Region of Denmark",Denmark,EU-EFTA,FFP,PP,,,PP - Processing Plant,,
5788,Centralkøkkenet Skovparken,Skovparken 1B,Nykøbing Mors,7900,"Morsø Municipality,North Denmark Region",Denmark,EU-EFTA,FFP,PP,,,PP - Processing Plant,,
4049,Chrisfish Danmark A/S,Nordhavnsvej 18,Frederikshavn,9900,"Frederikshavn Municipality,North Denmark Region",Denmark,EU-EFTA,FFP,PP,,,PP - Processing Plant,,
1624,Chrisfish Hanstholm Aps,Auktionsgade 15,Hanstholm,7730,"Thisted Municipality,North Denmark Region",Denmark,EU-EFTA,FFP,FFPP,,,FFPP - Fresh Fishery Products Plant,,
3017,Christiansøpigens Sild,Gruset 7,Svaneke,3740,"Bornholms Regionskommune,Capital Region of Denmark",Denmark,EU-EFTA,FFP,PP,,,PP - Processing Plant,,
4863,Clausens Fiskehandel A/S engros,Fiskerivej 4,Aarhus C,8000,"Aarhus Municipality,Central Denmark Region",Denmark,EU-EFTA,FFP,FFPP PP,,,FFPP - Fresh Fishery Products Plant | PP - Processing Plant,,
5590,Cofoco Food ApS,Amager Landevej 119,Kastrup,2770,"Copenhagen Municipality,Capital Region of Denmark",Denmark,EU-EFTA,FFP,FFPP,,,FFPP - Fresh Fishery Products Plant,,
6119,Convi Food ApS,Vandtårnsvej 75,Søborg,2860,"Gladsaxe Municipality,Capital Region of Denmark",Denmark,EU-EFTA,FFP,PP,,,PP - Processing Plant,,
5692,Crown Seafood,Bådebrogade 2,Esbjerg,6700,"Esbjerg Municipality,Region of Southern Denmark",Denmark,EU-EFTA,FFP,PP,,,PP - Processing Plant,,
6449,DAGENS MÅLTID A/S / PRODUKTION,Bernstorffsvej 69A,Hellerup,2900,"Copenhagen Municipality,Capital Region of Denmark",Denmark,EU-EFTA,FFP,PP,,,PP - Processing Plant,,
4640,"DAN GASTRO, Nørresundby",Hjørringvej 174B,Nørresundby,9400,"Aalborg Municipality,North Denmark Region",Denmark,EU-EFTA,FFP,PP,,,PP - Processing Plant,,
7049,DD CPH ApS,"Københavns Lufthavn Syd, Kompasrosevej 6",Dragør,2791,"Dragør Municipality,Capital Region of Denmark",Denmark,EU-EFTA,FFP,PP,,,PP - Processing Plant,,
7007,DDL´s kantine hos TEC Frederiksberg,Stæhr Johansens Vej 7,Frederiksberg,2000,"Frederiksberg Municipality,Capital Region of Denmark",Denmark,EU-EFTA,FFP,PP,,,PP - Processing Plant,,
7026,DELICATE A/S,Greve Main 12,Greve,2670,"Greve Municipality,Region Zealand",Denmark,EU-EFTA,FFP,PP,,,PP - Processing Plant,,
7080,DEN SELVEJ INST SØNDERVANG,Nyelandsvej 87,Frederiksberg,2000,"Frederiksberg Municipality,Capital Region of Denmark",Denmark,EU-EFTA,FFP,PP,,,PP - Processing Plant,,
6192,"DGI-byen, Stor køkken",Tietgensgade 65,København V,1704,"Copenhagen Municipality,Capital Region of Denmark",Denmark,EU-EFTA,FFP,PP,,,PP - Processing Plant,,
AUT7256,DM Seafood ApS,Nordre Strandvej 62,Hanstholm,7730,"Thisted Municipality,North Denmark Region",Denmark,EU-EFTA,FFP,PP,,,PP - Processing Plant,,
7256,DM Seafood ApS,Nordre Strandvej 62,Hanstholm,7730,"Thisted Municipality,North Denmark Region",Denmark,EU-EFTA,FFP,PP FFPP,,,PP - Processing Plant | FFPP - Fresh Fishery Products Plant,,
5292.,Danforel A/S,Slagterivej 2,Grindsted,7200,"Billund Municipality,Region of Southern Denmark",Denmark,EU-EFTA,FFP,FFPP PP,,,FFPP - Fresh Fishery Products Plant | PP - Processing Plant,,
5656,Danforel Olie og Protein A/S,Slagterivej 2,Grindsted,7200,"Billund Municipality,Region of Southern Denmark",Denmark,EU-EFTA,FFP,PP,,,PP - Processing Plant,,
65,Danish Crown A/S,Tulipvej 10,Vejle,7100,"Vejle Municipality,Region of Southern Denmark",Denmark,EU-EFTA,FFP,PP,,,PP - Processing Plant,,
5916,Danish Salmon A/S,Niels Juelsvej 46,Hirtshals,9850,"Hjørring Municipality,North Denmark Region",Denmark,EU-EFTA,FFP,FFPP,,,FFPP - Fresh Fishery Products Plant,,
5917,Danish Salmon Slagteri,Søren Nordbysvej 22,Hirtshals,9850,"Hjørring Municipality,North Denmark Region",Denmark,EU-EFTA,FFP,FFPP,,,FFPP - Fresh Fishery Products Plant,,
1729,"Danske Fiskeauktioner A/S, Thorsminde",Vesthavnen 7,Ulfborg,6990,"Holstebro Municipality,Central Denmark Region",Denmark,EU-EFTA,FFP,AH,,,AH - Auction Hall,,
1732,"Danske Fiskeauktioner A/S, Thyborøn",Havnegade 15,Thyborøn,7680,"Lemvig Municipality,Central Denmark Region",Denmark,EU-EFTA,FFP,AH,,,AH - Auction Hall,,
1717,Danske Fiskeauktioner A/S. Hvide Sande,Rødspættevej 3,Hvide Sande,6960,"Ringkøbing-Skjern Municipality,Central Denmark Region",Denmark,EU-EFTA,FFP,AH,,,AH - Auction Hall,,
5543,Deba Fisk ApS,Haraldsgade 106,København Ø,2100,"Copenhagen Municipality,Capital Region of Denmark",Denmark,EU-EFTA,FFP,PP FFPP,,,PP - Processing Plant | FFPP - Fresh Fishery Products Plant,,
5556,Deba Fisk ApS,Peder Skramsvej 1,Hirtshals,9850,"Hjørring Municipality,North Denmark Region",Denmark,EU-EFTA,FFP,FFPP,,,FFPP - Fresh Fishery Products Plant,,
6018,Delle Kompagniet ApS,Kertemindevej 11,Randers,8940,"Randers Municipality,Central Denmark Region",Denmark,EU-EFTA,FFP,FFPP PP,,,FFPP - Fresh Fishery Products Plant | PP - Processing Plant,,
6226,"Den Selvejende Institution Ryetbo, Centralkøkken",Engstedet 5,Værløse,3500,"Furesø Municipality,Capital Region of Denmark",Denmark,EU-EFTA,FFP,PP,,,PP - Processing Plant,,
6350,Den Selvejende inst.Birkebo,Hellebo Park 98,Helsingør,3000,"Helsingør Municipality,Capital Region of Denmark",Denmark,EU-EFTA,FFP,PP,,,PP - Processing Plant,,
6229,Dengsö A/S,Auktionsgade 4,Hanstholm,7730,"Thisted Municipality,North Denmark Region",Denmark,EU-EFTA,FFP,FFPP,,,FFPP - Fresh Fishery Products Plant,,
4344,Det Danske Madhus Albertslund A/S,Roholmsvej 11D,Albertslund,2620,"Albertslund Municipality,Capital Region of Denmark",Denmark,EU-EFTA,FFP,PP,,,PP - Processing Plant,,
5591,"Det Danske Madhus, Aarhus",Vestermøllevej 7A,Trige,8380,"Aarhus Municipality,Central Denmark Region",Denmark,EU-EFTA,FFP,FFPP,,,FFPP - Fresh Fishery Products Plant,,
5957,"Det Danske Madhus, Vejle A/S",Kornmarken 21,Egtved,6040,"Vejle Municipality,Region of Southern Denmark",Denmark,EU-EFTA,FFP,PP,,,PP - Processing Plant,,
6806,Det Gode Køkken,Vesterbo 2,Holstebro,7500,"Holstebro Municipality,Central Denmark Region",Denmark,EU-EFTA,FFP,PP,,,PP - Processing Plant,,
AUT7138,DinnerdeLuxe Rebild,Rådyret 1,Støvring,9530,"Rebild Municipality,North Denmark Region",Denmark,EU-EFTA,FFP,PP,,,PP - Processing Plant,,
6505,"Dronning Ingrids Hjem, Centralkøkken",Carl Jacobsens Vej 6-10,Valby,2500,"Copenhagen Municipality,Capital Region of Denmark",Denmark,EU-EFTA,FFP,PP,,,PP - Processing Plant,,
6878,Durlevs GourMæt,Stensmosevej 15,Albertslund,2620,"Albertslund Municipality,Capital Region of Denmark",Denmark,EU-EFTA,FFP,PP,,,PP - Processing Plant,,
6174,"EAT køkkenet, Centralkøkken",Edith Rodes Vej 8,København N,2200,"Copenhagen Municipality,Capital Region of Denmark",Denmark,EU-EFTA,FFP,PP,,,PP - Processing Plant,,
1644,ERLING GRØNKJÆR FISKEEKSPORT A/S,Fibigers Gade 8,Hanstholm,7730,"Thisted Municipality,North Denmark Region",Denmark,EU-EFTA,FFP,FFPP,,,FFPP - Fresh Fishery Products Plant,,
5964,Eat Event,Digevej 144,København S,2300,"Copenhagen Municipality,Capital Region of Denmark",Denmark,EU-EFTA,FFP,PP,,,PP - Processing Plant,,
1706,Edgar Madsen Fiskeeksport & Filetfabrik A/S,Metheasvej 10,Hvide Sande,6960,"Ringkøbing-Skjern Municipality,Central Denmark Region",Denmark,EU-EFTA,FFP,FFPP,,,FFPP - Fresh Fishery Products Plant,,
6201,Egedal kommunes madservice,Damgårdsparken 5,Stenløse,3660,"Egedal Municipality,Capital Region of Denmark",Denmark,EU-EFTA,FFP,PP,,,PP - Processing Plant,,
7239,Einar Christensens Fiskerøgeri,Pakkerivej 16,Aarhus C,8000,"Aarhus Municipality,Central Denmark Region",Denmark,EU-EFTA,FFP,PP,,,PP - Processing Plant,,
4531,Ekko Fisk af 2002 A/S,Bådebrogade 2,Esbjerg,6700,"Esbjerg Municipality,Region of Southern Denmark",Denmark,EU-EFTA,FFP,FFPP,,,FFPP - Fresh Fishery Products Plant,,
7269,Emilie Seafood Aps,Emilievej 13,Frederikshavn,9900,"Frederikshavn Municipality,North Denmark Region",Denmark,EU-EFTA,FFP,PP,,,PP - Processing Plant,,
6446,"Energi Center Voldparken, Produktionskøkken",Kobbelvænget 65,Brønshøj,2700,"Copenhagen Municipality,Capital Region of Denmark",Denmark,EU-EFTA,FFP,PP,,,PP - Processing Plant,,
4661,Engelsviken Canning Denmark A/S,Søren Humbers Kaj 2,Skagen,9990,"Frederikshavn Municipality,North Denmark Region",Denmark,EU-EFTA,FFP,PP,,,PP - Processing Plant,,
6564,"Esbjerg Kommune, Afd. Ny Bøndergårdsvej",Ved Skoven 41,Esbjerg,6700,"Esbjerg Municipality,Region of Southern Denmark",Denmark,EU-EFTA,FFP,PP,,,PP - Processing Plant,,
4089,Essentia Protein Solutions,Adelvej 11,Lem,6940,"Ringkøbing-Skjern Municipality,Central Denmark Region",Denmark,EU-EFTA,FFP,PP,,,PP - Processing Plant,,
4017,European Freeze Dry ApS,Karlebyvej 81,Kirke Hyllinge,4070,"Lejre Kommune,Region Zealand",Denmark,EU-EFTA,FFP,PP,,,PP - Processing Plant,,
1730,"FAABORG FISKESALGSFORENING OG, ISVÆRK APS",Vestkajen 5,Faaborg,5600,"Faaborg-Midtfyn Municipality,Region of Southern Denmark",Denmark,EU-EFTA,FFP,FFPP,,,FFPP - Fresh Fishery Products Plant,,
7911,FIPROS A/S,Rybergsvej 1,Ebberup,5631,"Assens Municipality,Region of Southern Denmark",Denmark,EU-EFTA,FFP,PP,,,PP - Processing Plant,,
333,FISHERMENS FACTORY A/S,Industrivangen 2 B,Hanstholm,7730,"Thisted Municipality,North Denmark Region",Denmark,EU-EFTA,FFP,FFPP,,,FFPP - Fresh Fishery Products Plant,,
1082,FISKEHALLEN TVILLING A/S,Kattegatvej 63,Nordhavn,2150,"Copenhagen Municipality,Capital Region of Denmark",Denmark,EU-EFTA,FFP,FFPP PP,,,FFPP - Fresh Fishery Products Plant | PP - Processing Plant,,
5644,FISKERIKAJEN ENGROS ApS,H.J. Holst Vej 12,Rødovre,2610,"Rødovre Municipality,Capital Region of Denmark",Denmark,EU-EFTA,FFP,FFPP PP,,,FFPP - Fresh Fishery Products Plant | PP - Processing Plant,,
4657,"FISKERISELSKABET PONDUS ApS, HM 228 PONDUS",Gyvelvænget 253,Hanstholm,7730,"Thisted Municipality,North Denmark Region",Denmark,EU-EFTA,FFP,FV,,,FV - Factory Vessel,,
5256,FISKERISELSKABET WESTBANK APS,Aggervej 28,Vestervig,7770,"Thisted Municipality,North Denmark Region",Denmark,EU-EFTA,FFP,FV,,,FV - Factory Vessel,,
6168,FJORD ENGROS ApS,Kattegatvej 71,Nordhavn,2150,"Copenhagen Municipality,Capital Region of Denmark",Denmark,EU-EFTA,FFP,FFPP PP,,,FFPP - Fresh Fishery Products Plant | PP - Processing Plant,,
5431,FN 104 Carpe-Diem ApS - Engros,Ærøvej 10,Læsø,9940,"Læsø Kommune,North Denmark Region",Denmark,EU-EFTA,FFP,ZV,,,ZV - Freezer Vessel,,
5430,FN 234 CANOPUS APS - Engros,Rigelvej 9,Frederikshavn,9900,"Frederikshavn Municipality,North Denmark Region",Denmark,EU-EFTA,FFP,ZV,,,ZV - Freezer Vessel,,
6510,FN 462 Jeanne ApS,Rughaven 7A,Strandby,9970,"Frederikshavn Municipality,North Denmark Region",Denmark,EU-EFTA,FFP,ZV,,,ZV - Freezer Vessel,,
2059,Fabrikken LEPO A/S,Baldersbuen 7,Hedehusene,2640,"Høje-Taastrup Municipality,Capital Region of Denmark",Denmark,EU-EFTA,FFP,PP,,,PP - Processing Plant,,
5329,Fanø Laks ApS,Sønder Nytoft 10,Fanø,6720,"Fanø Kommune,Region of Southern Denmark",Denmark,EU-EFTA,FFP,PP,,,PP - Processing Plant,,
AUT.7050,Filetfabrikken 2 Hanstholm ApS,Kai Lindbergs Gade 22,Hanstholm,7730,"Thisted Municipality,North Denmark Region",Denmark,EU-EFTA,FFP,FFPP,,,FFPP - Fresh Fishery Products Plant,,
9214,Fin Fisk Friske Fisk A/S,Kattegatvej 57,Nordhavn,2150,"Copenhagen Municipality,Capital Region of Denmark",Denmark,EU-EFTA,FFP,FFPP,,,FFPP - Fresh Fishery Products Plant,,
1149,First Seafood Hvidesande,Tungevej 2-4,Hvide Sande,6960,"Ringkøbing-Skjern Municipality,Central Denmark Region",Denmark,EU-EFTA,FFP,FFPP PP,,,FFPP - Fresh Fishery Products Plant | PP - Processing Plant,,
AUT7070,Fishmaster Engros ApS,Lihmevej 5,Randbøl,7183,"Vejle Municipality,Region of Southern Denmark",Denmark,EU-EFTA,FFP,FFPP,,,FFPP - Fresh Fishery Products Plant,,
4696,Fiskeauktion Danmark A/S,Havnen 6,Gørløse,3330,"Hillerød Municipality,Capital Region of Denmark",Denmark,EU-EFTA,FFP,AH,,,AH - Auction Hall,,
1709,Fiskeauktion Nord ApS,Norgeskajen 7,Hirtshals,9850,"Hjørring Municipality,North Denmark Region",Denmark,EU-EFTA,FFP,AH,,,AH - Auction Hall,,
1695,Fiskeauktion Nord Strandby,Auktionskaj 7,Strandby,9970,"Frederikshavn Municipality,North Denmark Region",Denmark,EU-EFTA,FFP,AH,,,AH - Auction Hall,,
6608,Fiskerikajen Nordhavn,Kattegatvej 55,Nordhavn,2150,"Copenhagen Municipality,Capital Region of Denmark",Denmark,EU-EFTA,FFP,FFPP PP,,,FFPP - Fresh Fishery Products Plant | PP - Processing Plant,,
4439,Fiskeriselskabet Borkumrif ApS,Hedegårdsvej 20,Hanstholm,7730,"Thisted Municipality,North Denmark Region",Denmark,EU-EFTA,FFP,FV,,,FV - Factory Vessel,,
4756,Fiskeriselskabet Flipper ApS,Bytorvet 34,Hanstholm,7730,"Thisted Municipality,North Denmark Region",Denmark,EU-EFTA,FFP,ZV,,,ZV - Freezer Vessel,,
1072,Fiskernes Filetfabrik A/S,Alfavej 25,Gilleleje,3250,"Gribskov Municipality,Capital Region of Denmark",Denmark,EU-EFTA,FFP,FFPP,,,FFPP - Fresh Fishery Products Plant,,
1724,Fiskernes Fiskesortering Amba,Norgeskajen 12,Hirtshals,9850,"Hjørring Municipality,North Denmark Region",Denmark,EU-EFTA,FFP,FFPP,,,FFPP - Fresh Fishery Products Plant,,
1671,"Fiskernes Samlecentral Strandby, v/Martin Kusk","Auktionskaj 7, 1",Strandby,9970,"Frederikshavn Municipality,North Denmark Region",Denmark,EU-EFTA,FFP,FFPP,,,FFPP - Fresh Fishery Products Plant,,
6671,Fiskerøgeriet I/S,Vellingvej 55,Bryrup,8654,"Silkeborg Municipality,Central Denmark Region",Denmark,EU-EFTA,FFP,PP,,,PP - Processing Plant,,
5573,"Flyvefisken, engros",Stockflethsvej 12,Ebeltoft,8400,"Syddjurs Municipality,Central Denmark Region",Denmark,EU-EFTA,FFP,FFPP,,,FFPP - Fresh Fishery Products Plant,,
1697,Fonfisk Hanstholm A/S,Hamborgvej 16,Hanstholm,7730,"Thisted Municipality,North Denmark Region",Denmark,EU-EFTA,FFP,FFPP,,,FFPP - Fresh Fishery Products Plant,,
6560,Frokosten.nu,Hobrovej 799,Svenstrup J,9230,"Aalborg Municipality,North Denmark Region",Denmark,EU-EFTA,FFP,PP,,,PP - Processing Plant,,
5920,Fullhouse A/S,sydholmen 1,Hvidovre,2650,"Hvidovre Municipality,Capital Region of Denmark",Denmark,EU-EFTA,FFP,FFPP,,,FFPP - Fresh Fishery Products Plant,,
4857,Fælleskøkkenet Elbo I/S,Tingvejen 31,Fredericia,7000,"Fredericia Municipality,Region of Southern Denmark",Denmark,EU-EFTA,FFP,PP,,,PP - Processing Plant,,
4315,GULDBORG REJEPILLERI ApS,Guldborgvej 354,Guldborg,4862,"Guldborgsund Municipality,Region Zealand",Denmark,EU-EFTA,FFP,PP,,,PP - Processing Plant,,
8484,Gate Gourmet,Kystvejen 42,Kastrup,2770,"Copenhagen Municipality,Capital Region of Denmark",Denmark,EU-EFTA,FFP,PP,,,PP - Processing Plant,,
6228,"Gentofte Hospital, Ernæringsenheden",Kildegårdsvej 28,Hellerup,2900,"Copenhagen Municipality,Capital Region of Denmark",Denmark,EU-EFTA,FFP,PP,,,PP - Processing Plant,,
6223,"Gildhøjhjemmet, Centralkøkkenet",Brøndby Møllevej 25,Brøndby,2605,"Brøndby Municipality,Capital Region of Denmark",Denmark,EU-EFTA,FFP,PP,,,PP - Processing Plant,,
5884,Go Fish Danmark,Kai Lindbergs Gade 50-52,Hanstholm,7730,"Thisted Municipality,North Denmark Region",Denmark,EU-EFTA,FFP,FFPP PP,,,FFPP - Fresh Fishery Products Plant | PP - Processing Plant,,
1749,Grenaa Fiskeauktion,Søndre Kajgade 13,Grenå,8500,"Norddjurs Municipality,Central Denmark Region",Denmark,EU-EFTA,FFP,AH,,,AH - Auction Hall,,
1842,Grenaa Sorteringscentral,Søndre Kajgade 13,Grenå,8500,"Norddjurs Municipality,Central Denmark Region",Denmark,EU-EFTA,FFP,FFPP,,,FFPP - Fresh Fishery Products Plant,,
6432,"Grøndalsvænge, Centralkøkken",Rabarbervej 6,København NV,2400,"Copenhagen Municipality,Capital Region of Denmark",Denmark,EU-EFTA,FFP,PP,,,PP - Processing Plant,,
1832,"H K TRADING, V/ HANS BIRGER KRISTENSEN",Sardinvej 4,Skagen,9990,"Frederikshavn Municipality,North Denmark Region",Denmark,EU-EFTA,FFP,FFPP,,,FFPP - Fresh Fishery Products Plant,,
1660,HANSTHOLM SAMLECENTRAL A/S,Auktionsgade 30,Hanstholm,7730,"Thisted Municipality,North Denmark Region",Denmark,EU-EFTA,FFP,FFPP,,,FFPP - Fresh Fishery Products Plant,,
6017,HE Midt Køkken,Heibergs Alle 4,Viborg,8800,"Viborg Municipality,Central Denmark Region",Denmark,EU-EFTA,FFP,PP,,,PP - Processing Plant,,
4913,"HG 410 ""Signet""",Park Alle 19,Hirtshals,9850,"Hjørring Municipality,North Denmark Region",Denmark,EU-EFTA,FFP,FV,,,FV - Factory Vessel,,
5705,HJEM FISK A/S,Nordre Strandvej 62,Hanstholm,7730,"Thisted Municipality,North Denmark Region",Denmark,EU-EFTA,FFP,FFPP PP,,,FFPP - Fresh Fishery Products Plant | PP - Processing Plant,,
5255,"HM 555 Kingfisher, Fiskeriselskabet Kingfisher A/S",Havnegade 26 1,Thyborøn,7680,"Lemvig Municipality,Central Denmark Region",Denmark,EU-EFTA,FFP,ZV,,,ZV - Freezer Vessel,,
5381,HM227 Myggenes,Havnegade 26,Thyborøn,7680,"Lemvig Municipality,Central Denmark Region; 9807786",Denmark,EU-EFTA,FFP,ZV,,,ZV - Freezer Vessel,,
4811,"HV 35 ""CICILIE"", v. Oluf S. Kristensen",Lyngvejen 14,Rømø,6792,"Tønder Municipality,Region of Southern Denmark",Denmark,EU-EFTA,FFP,FV,,,FV - Factory Vessel,,
4076,"HV 42 JANNI, V/CHR BENTIN",Byvej 13,Bredebro,,"Tønder Municipality,Region of Southern Denmark",Denmark,EU-EFTA,FFP,FV,,,FV - Factory Vessel,,
5477,"HV 80 Fru Hellesøe, Hjemsted Rejefisker ApS",Jægertoften 5,Skærbæk,6780,"Tønder Municipality,Region of Southern Denmark",Denmark,EU-EFTA,FFP,FV,,,FV - Factory Vessel,,
9646,"HV16 Katharine, Schramm Skibe ApS",Vestervej 35,Rømø,6792,"Tønder Municipality,Region of Southern Denmark",Denmark,EU-EFTA,FFP,FV,,,FV - Factory Vessel,,
1028,Hansa Fisk,Læssevejen 6,Esbjerg,6700,"Esbjerg Municipality,Region of Southern Denmark",Denmark,EU-EFTA,FFP,FFPP,,,FFPP - Fresh Fishery Products Plant,,
1663,Hanstholm Fiskeauktion I/S,Auktionsgade 11,Hanstholm,7730,"Thisted Municipality,North Denmark Region",Denmark,EU-EFTA,FFP,AH,,,AH - Auction Hall,,
4676,Harald Iversen & Søn A/S,Rødspættevej 2,Thyborøn,7680,"Lemvig Municipality,Central Denmark Region",Denmark,EU-EFTA,FFP,FFPP,,,FFPP - Fresh Fishery Products Plant,,
6376,Hav Line Processing A/S,Industrikajen 7,Hirtshals,9850,"Hjørring Municipality,North Denmark Region",Denmark,EU-EFTA,FFP,FFPP,,,FFPP - Fresh Fishery Products Plant,,
6705,Havfruen Fisk v/Rune Mark Olsen,Kattegatvej 69,Nordhavn,2150,"Copenhagen Municipality,Capital Region of Denmark",Denmark,EU-EFTA,FFP,PP,,,PP - Processing Plant,,
2518,Havnens Fiskehus ApS Fisk engros,Fiskerivej 6,Aarhus C,8000,"Aarhus Municipality,Central Denmark Region",Denmark,EU-EFTA,FFP,FFPP PP,,,FFPP - Fresh Fishery Products Plant | PP - Processing Plant,,
6522,"Helsingør Kommune, Center for Økonomi og Ejendomme",Prøvestensvej 52,Helsingør,3000,"Helsingør Municipality,Capital Region of Denmark",Denmark,EU-EFTA,FFP,PP,,,PP - Processing Plant,,
6040,"Herlev Hospital, Ernæringsenheden",Herlev Ringvej 75,Herlev,2730,"Herlev Municipality,Capital Region of Denmark",Denmark,EU-EFTA,FFP,PP,,,PP - Processing Plant,,
6274,"Herlevgård Center, Hovedkøkken",Herlevgårdsvej 3,Herlev,2730,"Herlev Municipality,Capital Region of Denmark",Denmark,EU-EFTA,FFP,PP,,,PP - Processing Plant,,
4522,Hesselholt Fisk Eksport a/s v/ Ingeman Andersen,Fibigers Gade 10,Hanstholm,7730,"Thisted Municipality,North Denmark Region",Denmark,EU-EFTA,FFP,FFPP PP,,,FFPP - Fresh Fishery Products Plant | PP - Processing Plant,,
5639,Hirtshals Røgeri A/S,Skovvejen 9,Hirtshals,9850,"Hjørring Municipality,North Denmark Region",Denmark,EU-EFTA,FFP,PP,,,PP - Processing Plant,,
3027,Hirtshals Seafood A/S,Østergade 56,Hirtshals,9850,"Hjørring Municipality,North Denmark Region",Denmark,EU-EFTA,FFP,PP FFPP,,,PP - Processing Plant | FFPP - Fresh Fishery Products Plant,,
6690,"Holmegårdsparken, Centralkøkkenet",Ordrupvej 32,Charlottenlund,2920,"Gentofte Municipality,Capital Region of Denmark",Denmark,EU-EFTA,FFP,PP,,,PP - Processing Plant,,
6202,Homemate Aps Produktion,Emdrupvej 260,København Ø,2100,"Copenhagen Municipality,Capital Region of Denmark",Denmark,EU-EFTA,FFP,PP FFPP,,,PP - Processing Plant | FFPP - Fresh Fishery Products Plant,,
1641,"Hundested Fiskeexport A/S, O.V. Jørgensen",Færgevejen 2,Hundested,3390,"Halsnæs Municipality,Capital Region of Denmark",Denmark,EU-EFTA,FFP,FFPP,,,FFPP - Fresh Fishery Products Plant,,
7205,Hyttels Røgeri A/S,Rømøvej 2,Hjørring,9800,"Hjørring Municipality,North Denmark Region",Denmark,EU-EFTA,FFP,PP,,,PP - Processing Plant,,
6426,Håndværkerforeningens Plejehjem,Håndværkerhaven 49,København NV,2400,"Copenhagen Municipality,Capital Region of Denmark",Denmark,EU-EFTA,FFP,PP,,,PP - Processing Plant,,
6195,Højbjerggård,Højbjerggårdsvej 16,Holte,2840,"Rudersdal Municipality,Capital Region of Denmark",Denmark,EU-EFTA,FFP,PP,,,PP - Processing Plant,,
5594,Hørkram Foodservice A/S,Centervej 1,Sorø,4180,"Sorø Municipality,Region Zealand",Denmark,EU-EFTA,FFP,PP FFPP,,,PP - Processing Plant | FFPP - Fresh Fishery Products Plant,,
6528,"ISS Facility Services A/S, DSB Telegade 2, Kantine",Telegade 2,Taastrup,2630,"Høje-Taastrup Municipality,Capital Region of Denmark",Denmark,EU-EFTA,FFP,PP,,,PP - Processing Plant,,
5243,"Inco CC Aarhus A/S, Fiskeafdeling",Blomstervej 5,Tilst,8381,"Aarhus Municipality,Central Denmark Region",Denmark,EU-EFTA,FFP,FFPP,,,FFPP - Fresh Fishery Products Plant,,
6064,Inco CC Glostrup A/S,Ejby Industrivej 111,Glostrup,2600,"Glostrup Municipality,Capital Region of Denmark",Denmark,EU-EFTA,FFP,FFPP,,,FFPP - Fresh Fishery Products Plant,,
2766,Inco CC København A/S,Flæsketorvet 84,København V,1711,"Copenhagen Municipality,Capital Region of Denmark",Denmark,EU-EFTA,FFP,FFPP PP,,,FFPP - Fresh Fishery Products Plant | PP - Processing Plant,,
6558,Ingeborggården Nimbus,Nimbusparken 26,Frederiksberg,2000,"Frederiksberg Municipality,Capital Region of Denmark",Denmark,EU-EFTA,FFP,PP,,,PP - Processing Plant,,
6555,"Ingeborggården, Centralkøkken",Troels-Lunds Vej 27,Frederiksberg,2000,"Frederiksberg Municipality,Capital Region of Denmark",Denmark,EU-EFTA,FFP,PP,,,PP - Processing Plant,,
6467,"Institution Møllebo, Institutionskøkken",Lyngby Hovedgade 1A,Kongens Lyngby,2800,"Lyngby-Taarbæk Municipality,Capital Region of Denmark",Denmark,EU-EFTA,FFP,PP,,,PP - Processing Plant,,
5730,Insula Hanstholm A/S,Kai Lindbergs Gade 22,Hanstholm,7730,"Thisted Municipality,North Denmark Region",Denmark,EU-EFTA,FFP,FFPP,,,FFPP - Fresh Fishery Products Plant,,
4335,International N&H Denmark ApS,Edwin Rahrs Vej 38,Brabrand,8220,"Aarhus Municipality,Central Denmark Region",Denmark,EU-EFTA,FFP,PP,,,PP - Processing Plant,,
4514,J CHR JUHL A/S,Dosseringen 35,Kerteminde,5300,"Kerteminde Kommune,Region of Southern Denmark",Denmark,EU-EFTA,FFP,PP,,,PP - Processing Plant,,
457,J G Coldstores ApS,Elmedalsvej 5,Slagelse,4200,"Slagelse Municipality,Region Zealand",Denmark,EU-EFTA,FFP,PP FFPP,,,PP - Processing Plant | FFPP - Fresh Fishery Products Plant,,
4513,J. Chr. Juhl Røgeri A/S,Sdr. Havnekaj 16,Kerteminde,5300,"Kerteminde Kommune,Region of Southern Denmark",Denmark,EU-EFTA,FFP,PP,,,PP - Processing Plant,,
4004,Jacob Kongsbak Lassen ApS,Høgevej 8A,Hillerød,3400,"Hillerød Municipality,Capital Region of Denmark",Denmark,EU-EFTA,FFP,FFPP PP,,,FFPP - Fresh Fishery Products Plant | PP - Processing Plant,,
5045,Jeka Fish A/S,Havnen 70,Lemvig,7620,"Lemvig Municipality,Central Denmark Region",Denmark,EU-EFTA,FFP,PP FFPP,,,PP - Processing Plant | FFPP - Fresh Fishery Products Plant,,
6573,Jespers Torvekøkken ApS,Vandtårnsvej 75,Søborg,2860,"Gladsaxe Municipality,Capital Region of Denmark",Denmark,EU-EFTA,FFP,PP,,,PP - Processing Plant,,
5641,"Johns Fisk, Engros",Svirrebommen 1,Lemvig,7620,"Lemvig Municipality,Central Denmark Region",Denmark,EU-EFTA,FFP,FFPP PP,,,FFPP - Fresh Fishery Products Plant | PP - Processing Plant,,
1425,Johs Jensen Fiske- og Muslingeexport A/S,Havnegade 20,Thyholm,7790,"Struer Municipality,Central Denmark Region",Denmark,EU-EFTA,FFP,FFPP,,,FFPP - Fresh Fishery Products Plant,,
6795,Just Seafood ApS,Kai Lindbergs Gade 44,Hanstholm,7730,"Thisted Municipality,North Denmark Region",Denmark,EU-EFTA,FFP,PP,,,PP - Processing Plant,,
6886,Jægersprislejren,Hovedgaden 71,Jægerspris,3630,"Frederikssund Municipality,Capital Region of Denmark",Denmark,EU-EFTA,FFP,PP,,,PP - Processing Plant,,
9666,KATTEGAT SEAFOOD APS,SATURNVEJ 2,Grenå,8500,"Norddjurs Municipality,Central Denmark Region",Denmark,EU-EFTA,FFP,PP,,,PP - Processing Plant,,
1630,KEKA FISK APS,Søren Nordbysvej 13,Hirtshals,9850,"Hjørring Municipality,North Denmark Region",Denmark,EU-EFTA,FFP,FFPP,,,FFPP - Fresh Fishery Products Plant,,
9231,KLAAS PUUL DANMARK A/S,Kommandørkaj 3,Rømø,6792,"Tønder Municipality,Region of Southern Denmark",Denmark,EU-EFTA,FFP,PP,,,PP - Processing Plant,,
1102,KNUD THOMSEN FISKEEKSPORT A/S,Hyttefadsvej 6,Strandby,9970,"Frederikshavn Municipality,North Denmark Region",Denmark,EU-EFTA,FFP,FFPP,,,FFPP - Fresh Fishery Products Plant,,
6539,KOKKEKOMPAGNIET ApS,Hesselly 9,Kolding,6000,"Kolding Municipality,Region of Southern Denmark",Denmark,EU-EFTA,FFP,PP,,,PP - Processing Plant,,
7296,KONGSHØJCENTRET,Æblehaven 11,Nørre Aaby,5580,"Middelfart Municipality,Region of Southern Denmark",Denmark,EU-EFTA,FFP,PP,,,PP - Processing Plant,,
6548,KYST ApS,Kai Lindbergs Gade 37,Hanstholm,7730,"Thisted Municipality,North Denmark Region",Denmark,EU-EFTA,FFP,FFPP,,,FFPP - Fresh Fishery Products Plant,,
AUT7286,Kaffe Fair,Fyrkildevej 7,Aalborg Øst,9220,"Aalborg Municipality,North Denmark Region",Denmark,EU-EFTA,FFP,PP,,,PP - Processing Plant,,
7060,Kantinebistro ApS,Frydenlundsvej 30,Vedbæk,2950,"Rudersdal Municipality,Capital Region of Denmark",Denmark,EU-EFTA,FFP,PP,,,PP - Processing Plant,,
5727,"Kastanjehaven, Centralkøkken",Troels-Lunds Vej 25,Frederiksberg,2000,"Frederiksberg Municipality,Capital Region of Denmark",Denmark,EU-EFTA,FFP,PP,,,PP - Processing Plant,,
4708,Katja E 35,Toftevænget 4A,Esbjerg V,6710,"Esbjerg Municipality,Region of Southern Denmark",Denmark,EU-EFTA,FFP,FV,,,FV - Factory Vessel,,
5392,Kattegat Seafood ApS,Fiskerikajerne 2,Grenå,8500,"Norddjurs Municipality,Central Denmark Region",Denmark,EU-EFTA,FFP,PP,,,PP - Processing Plant,,
6641,Kcal Factory Amager Strandvej,Amager Strandvej 112,København S,2300,"Copenhagen Municipality,Capital Region of Denmark",Denmark,EU-EFTA,FFP,PP,,,PP - Processing Plant,,
6507,"Kildegården, Centralkøkken og Café",Kildebakkegårds Alle 165,Søborg,2860,"Gladsaxe Municipality,Capital Region of Denmark",Denmark,EU-EFTA,FFP,PP,,,PP - Processing Plant,,
6390,"Klarahus, Centralkøkken",Agnes Henningsens Vej,København N,2200,"Copenhagen Municipality,Capital Region of Denmark",Denmark,EU-EFTA,FFP,PP,,,PP - Processing Plant,,
6271,KommuneKøkkenet Hvidovre,Karise Alle 33,Hvidovre,2650,"Hvidovre Municipality,Capital Region of Denmark",Denmark,EU-EFTA,FFP,PP,,,PP - Processing Plant,,
5003,"Kutter Sofia Kaul E41, KAUL ApS",Vestre Kjersingvej 73,Esbjerg N,6715,"Esbjerg Municipality,Region of Southern Denmark",Denmark,EU-EFTA,FFP,FV,,,FV - Factory Vessel,,
6628,Kyst Food ApS - Engros,Vestergade 44,Frøstrup,7741,"Thisted Municipality,North Denmark Region",Denmark,EU-EFTA,FFP,FFPP,,,FFPP - Fresh Fishery Products Plant,,
1721,Kystfisker Kompagniet ApS,Baadehavnsvej 9,Korsør,4220,"Slagelse Municipality,Region Zealand",Denmark,EU-EFTA,FFP,FFPP PP,,,FFPP - Fresh Fishery Products Plant | PP - Processing Plant,,
6163,Københavns Madservice,Bystævneparken 15,Brønshøj,2700,"Copenhagen Municipality,Capital Region of Denmark",Denmark,EU-EFTA,FFP,PP,,,PP - Processing Plant,,
5863,Køkken Ballerup,Bybjergvej 11,Skovlunde,2740,"Ballerup Municipality,Capital Region of Denmark",Denmark,EU-EFTA,FFP,PP,,,PP - Processing Plant,,
5912,Køkken Syddjurs,Vestre Fasanvej 31,Rønde,8410,"Syddjurs Municipality,Central Denmark Region",Denmark,EU-EFTA,FFP,PP,,,PP - Processing Plant,,
5456,L 248 Maja Lyng,Drejøvej 3 A,Thyborøn,7680,"Lemvig Municipality,Central Denmark Region",Denmark,EU-EFTA,FFP,FV,,,FV - Factory Vessel,,
2020,LAUNIS A/S,Niels Bohrs Vej 9,Skagen,9990,"Frederikshavn Municipality,North Denmark Region",Denmark,EU-EFTA,FFP,FFPP PP,,,FFPP - Fresh Fishery Products Plant | PP - Processing Plant,,
180,LL COLD ApS,Industrivangen 27-31,Hanstholm,7730,"Thisted Municipality,North Denmark Region",Denmark,EU-EFTA,FFP,FFPP,,,FFPP - Fresh Fishery Products Plant,,
191,LL Cold ApS,Coasterkajen 9,Skagen,9990,"Frederikshavn Municipality,North Denmark Region",Denmark,EU-EFTA,FFP,FFPP,,,FFPP - Fresh Fishery Products Plant,,
56,LL Cold ApS,Frysehuskajen 8,Hirtshals,9850,"Hjørring Municipality,North Denmark Region",Denmark,EU-EFTA,FFP,PP,,,PP - Processing Plant,,
4,LL Cold ApS,Havnevagtvej 4,Skagen,9990,"Frederikshavn Municipality,North Denmark Region",Denmark,EU-EFTA,FFP,FFPP,,,FFPP - Fresh Fishery Products Plant,,
76,LL Cold ApS,Niels Juels Vej 1,Hirtshals,9850,"Hjørring Municipality,North Denmark Region",Denmark,EU-EFTA,FFP,FFPP,,,FFPP - Fresh Fishery Products Plant,,
5452,LUNDSØE KØL & FRYS,Østre Fælledvej 8,Nørresundby,9400,"Aalborg Municipality,North Denmark Region",Denmark,EU-EFTA,FFP,PP,,,PP - Processing Plant,,
6673,Landsbyen Sølund /Vores køkken,Tulstrupvej 76,Ry,8680,"Skanderborg Municipality,Central Denmark Region",Denmark,EU-EFTA,FFP,PP,,,PP - Processing Plant,,
6491,"Langgadehus, Produktionskøkken",Valby Langgade 97,Valby,2500,"Copenhagen Municipality,Capital Region of Denmark",Denmark,EU-EFTA,FFP,PP,,,PP - Processing Plant,,
6646,Leon`s Ø Fisk v/Leon Mikkelsen,Ilkjæret 18,Erslev,7950,"Morsø Municipality,North Denmark Region",Denmark,EU-EFTA,FFP,FFPP,,,FFPP - Fresh Fishery Products Plant,,
9257,Lerøy Seafood Hirtshals A/S,Søren Nordbysvej 27-29,Hirtshals,9850,"Hjørring Municipality,North Denmark Region",Denmark,EU-EFTA,FFP,PP,,,PP - Processing Plant,,
5518,Lerøy Seafood Hirtshals A/S,Peder Skramsvej 4,Hirtshals,9850,"Hjørring Municipality,North Denmark Region",Denmark,EU-EFTA,FFP,FFPP,,,FFPP - Fresh Fishery Products Plant,,
892,Lineage Regstrup ApS,Virkelyst 7,Regstrup,4420,"Holbæk Municipality,Region Zealand",Denmark,EU-EFTA,FFP,PP FFPP,,,PP - Processing Plant | FFPP - Fresh Fishery Products Plant,,
6431,"Lions Kollegiet, Hovedkøkken",Tuborgvej 181,København NV,2400,"Copenhagen Municipality,Capital Region of Denmark",Denmark,EU-EFTA,FFP,PP,,,PP - Processing Plant,,
6455,"Lions Park, Centralkøkken",Bregnerødvej 83,Birkerød,3460,"Rudersdal Municipality,Capital Region of Denmark",Denmark,EU-EFTA,FFP,PP,,,PP - Processing Plant,,
6450,Lucullus Mad & Vin ApS,Nymarksvej 9,Grindsted,7200,"Billund Municipality,Region of Southern Denmark",Denmark,EU-EFTA,FFP,PP,,,PP - Processing Plant,,
6585,Lunch Club ApS,Telefonvej 6,Søborg,2860,"Gladsaxe Municipality,Capital Region of Denmark",Denmark,EU-EFTA,FFP,PP,,,PP - Processing Plant,,
6267,Lundehaven Plejecenter,Skovlunde Torv 8,Skovlunde,2740,"Ballerup Municipality,Capital Region of Denmark",Denmark,EU-EFTA,FFP,PP,,,PP - Processing Plant,,
883,Lundsøe Køl & frys frostlager,Jellingvej 5,Svenstrup,9230,"Aalborg Municipality,North Denmark Region",Denmark,EU-EFTA,FFP,PP,,,PP - Processing Plant,,
172,Læsø Fiskeindustri A/S,"Fiskerihavnsgade 19, postboks 21",Frederikshavn,9900,"Frederikshavn Municipality,North Denmark Region",Denmark,EU-EFTA,FFP,PP,,,PP - Processing Plant,,
1410,Løgismose Fødevarer,Ny Vestergade 2,Broby,5672,"Faaborg-Midtfyn Municipality,Region of Southern Denmark",Denmark,EU-EFTA,FFP,PP,,,PP - Processing Plant,,
414,"M/TR ""Ocean Tiger"", V/Partsrederiet Ocean Tiger ""R38""",Strandgade 10,Nexø,3730,"Bornholms Regionskommune,Capital Region of Denmark; 9136383",Denmark,EU-EFTA,FFP,FV,,,FV - Factory Vessel,,
6640,MADHYTTEN ApS,Gummersmarkvej 7A,Bjæverskov,4632,"Køge Municipality,Region Zealand",Denmark,EU-EFTA,FFP,PP,,,PP - Processing Plant,,
5764,MARFRESH ApS,Rødspættevej 9,Strandby,9970,"Frederikshavn Municipality,North Denmark Region",Denmark,EU-EFTA,FFP,PP,,,PP - Processing Plant,,
4945,"MUSLINGEFISKER HERLUF BONDE JOHANSEN ESBJERG, HO BUGT E 4",Violvej 2,Skive,7800,"Skive Municipality,Central Denmark Region",Denmark,EU-EFTA,FFP,FV,,,FV - Factory Vessel,,
6588,Mad med mest,Kristinevej 2C,Aalborg,9000,"Aalborg Municipality,North Denmark Region",Denmark,EU-EFTA,FFP,PP,,,PP - Processing Plant,,
5446,Mad til hver dag I/S,Lokesvej12,Hillerød,3400,"Hillerød Municipality,Capital Region of Denmark",Denmark,EU-EFTA,FFP,PP,,,PP - Processing Plant,,
5394,Madjyden,Brandlundparken 1,Brande,7330,"Ikast-Brande Municipality,Central Denmark Region",Denmark,EU-EFTA,FFP,PP,,,PP - Processing Plant,,
6472,"Madklubben Derhjemme ApS, Engros",Buddingevej 199,Søborg,2860,"Gladsaxe Municipality,Capital Region of Denmark",Denmark,EU-EFTA,FFP,PP,,,PP - Processing Plant,,
6470,Madkonceptet ApS,Industriparken 44A,Ballerup,2750,"Ballerup Municipality,Capital Region of Denmark",Denmark,EU-EFTA,FFP,PP,,,PP - Processing Plant,,
6162,Madservice Bernadottegården,H H Kochs Vej 4,Roskilde,4000,"Roskilde Municipality,Region Zealand",Denmark,EU-EFTA,FFP,PP,,,PP - Processing Plant,,
6653,Madservice Hyrdehøj,Hyrdehøj Stræde 2,Roskilde,4000,"Roskilde Municipality,Region Zealand",Denmark,EU-EFTA,FFP,PP,,,PP - Processing Plant,,
4040,Madservice Kastanjehaven,Kirkebjergvej 4,Jyllinge,4040,"Roskilde Municipality,Region Zealand",Denmark,EU-EFTA,FFP,PP,,,PP - Processing Plant,,
5850,Madservice Kristiansminde,Margrethekær 2,Roskilde,4000,"Roskilde Municipality,Region Zealand",Denmark,EU-EFTA,FFP,PP,,,PP - Processing Plant,,
6459,Madservice Lystoftebakken,Caroline Amalie Vej 130,Kongens Lyngby,2800,"Lyngby-Taarbæk Municipality,Capital Region of Denmark",Denmark,EU-EFTA,FFP,PP,,,PP - Processing Plant,,
5975,Madservice Trekroner,Trekroner Centervej 41,Roskilde,4000,"Roskilde Municipality,Region Zealand",Denmark,EU-EFTA,FFP,PP,,,PP - Processing Plant,,
5522,Madservice Vejen,Fællesvirke 2,Holsted,6670,"Vejen Municipality,Region of Southern Denmark",Denmark,EU-EFTA,FFP,PP,,,PP - Processing Plant,,
6198,"Madservice Viborg , Produktionskøkken",N.F.S. Grundtvigsvej 13,Viborg,8800,"Viborg Municipality,Central Denmark Region",Denmark,EU-EFTA,FFP,PP,,,PP - Processing Plant,,
5983,"Madservice Viby, Toftehøjen, Køkken",Tofthøjvej 20,Viby Sjælland,4130,"Roskilde Municipality,Region Zealand",Denmark,EU-EFTA,FFP,PP,,,PP - Processing Plant,,
6110,Madservice Ågerup,Gundsølillevej 6,Roskilde,4000,"Roskilde Municipality,Region Zealand",Denmark,EU-EFTA,FFP,PP,,,PP - Processing Plant,,
6651,Madværftet ApS,Vejlby Centervej 51,Risskov,8240,"Aarhus Municipality,Central Denmark Region",Denmark,EU-EFTA,FFP,PP,,,PP - Processing Plant,,
5464,"Mallemuk ApS, L 299 Mallemukken",Gefionsvej 7,Lemvig,7620,"Lemvig Municipality,Central Denmark Region",Denmark,EU-EFTA,FFP,FV,,,FV - Factory Vessel,,
6648,Mamamoss Catering,Vangen 83C,Nørresundby,9400,"Aalborg Municipality,North Denmark Region",Denmark,EU-EFTA,FFP,PP,,,PP - Processing Plant,,
6479,Massive Catering A/S,Jernholmen 49,Hvidovre,2650,"Hvidovre Municipality,Capital Region of Denmark",Denmark,EU-EFTA,FFP,PP,,,PP - Processing Plant,,
6289,MattssonNielsen I/S,Rugmarken 10,Ølstykke,3650,"Egedal Municipality,Capital Region of Denmark",Denmark,EU-EFTA,FFP,PP,,,PP - Processing Plant,,
6165,Meals on wheels Produktion,Sommerstedgade 14,København V,1718,"Copenhagen Municipality,Capital Region of Denmark",Denmark,EU-EFTA,FFP,PP,,,PP - Processing Plant,,
6621,Meyers Festcatering,Kattegatvej 53,Nordhavn,2150,"Copenhagen Municipality,Capital Region of Denmark",Denmark,EU-EFTA,FFP,PP,,,PP - Processing Plant,,
6614,Meyers Køkken Aarhus,Sletvej 34,Tranbjerg J,8310,"Aarhus Municipality,Central Denmark Region",Denmark,EU-EFTA,FFP,PP,,,PP - Processing Plant,,
6566,Meyers Køkken Hovedkøkken,Hedegaardsvej 88,København S,2300,"Copenhagen Municipality,Capital Region of Denmark",Denmark,EU-EFTA,FFP,PP,,,PP - Processing Plant,,
6773,Midtbyens Børnehus,Niels Kjeldsens Vej 44,Holstebro,7500,"Holstebro Municipality,Central Denmark Region",Denmark,EU-EFTA,FFP,PP,,,PP - Processing Plant,,
1103,Mondo Mar Marine Foods Aps,Kai Lindbergs Gade 38,Hanstholm,7730,"Thisted Municipality,North Denmark Region",Denmark,EU-EFTA,FFP,FFPP PP,,,FFPP - Fresh Fishery Products Plant | PP - Processing Plant,,
AUT7387,Mums Catering,Vangedevej 142C,Dyssegård,2870,"Gentofte Municipality,Capital Region of Denmark",Denmark,EU-EFTA,FFP,PP,,,PP - Processing Plant,,
2008,Munkebo Seafood A/S,Fiskeløkken 1,Munkebo,5330,"Kerteminde Kommune,Region of Southern Denmark",Denmark,EU-EFTA,FFP,PP,,,PP - Processing Plant,,
1117,Musholm A/S,Strandvejen 101,Gørlev,4281,"Kalundborg Municipality,Region Zealand",Denmark,EU-EFTA,FFP,FFPP,,,FFPP - Fresh Fishery Products Plant,,
4970,Musholm A/S,Reskavej 15,Korsør,4220,"Slagelse Municipality,Region Zealand",Denmark,EU-EFTA,FFP,PP,,,PP - Processing Plant,,
6422,"Møllegården Omsorgscenter, Køkken/Børnekøkken",Bagsværd Møllevej 9,Kongens Lyngby,2800,"Lyngby-Taarbæk Municipality,Capital Region of Denmark",Denmark,EU-EFTA,FFP,PP,,,PP - Processing Plant,,
4399,Møllers Fiskerøgeri-Pakhus,Kulholmsvej 4,Randers,8930,"Randers Municipality,Central Denmark Region",Denmark,EU-EFTA,FFP,FFPP PP,,,FFPP - Fresh Fishery Products Plant | PP - Processing Plant,,
7139,Mørsons Færdigretter ApS,Kronborgvej 1,Helsingør,3000,"Helsingør Municipality,Capital Region of Denmark",Denmark,EU-EFTA,FFP,PP,,,PP - Processing Plant,,
4653,N H FISK,Læssevejen 10,Esbjerg,6700,"Esbjerg Municipality,Region of Southern Denmark",Denmark,EU-EFTA,FFP,FFPP,,,FFPP - Fresh Fishery Products Plant,,
DK55191913,N O HAUSGAARD A/S,Sindalvej 20,Hirtshals,9850,"Hjørring Municipality,North Denmark Region",Denmark,EU-EFTA,FFP,FFPP,,,FFPP - Fresh Fishery Products Plant,,
2650,NAOKI,Avedøreholmen 96,Hvidovre,2650,"Hvidovre Municipality,Capital Region of Denmark",Denmark,EU-EFTA,FFP,FFPP,,,FFPP - Fresh Fishery Products Plant,,
285,NORDIC SEAFOOD A/S,Søren Nordbysvej 15,Hirtshals,9850,"Hjørring Municipality,North Denmark Region",Denmark,EU-EFTA,FFP,PP FFPP,,,PP - Processing Plant | FFPP - Fresh Fishery Products Plant,,
6579,NORDSTAR FISKEEKSPORT A/S,Chr. Schrøders Gade 40,Hanstholm,7730,"Thisted Municipality,North Denmark Region",Denmark,EU-EFTA,FFP,FFPP,,,FFPP - Fresh Fishery Products Plant,,
6485,Naturens Køkken,Jerupvej 726,Sindal,9870,"Hjørring Municipality,North Denmark Region",Denmark,EU-EFTA,FFP,PP,,,PP - Processing Plant,,
7089,Nicolas Cuisine,Kongelundsvej 36,København S,2300,"Copenhagen Municipality,Capital Region of Denmark",Denmark,EU-EFTA,FFP,PP,,,PP - Processing Plant,,
4024,"Nopalax ApS, Engros",Strandvejen 22,Hundested,3390,"Halsnæs Municipality,Capital Region of Denmark",Denmark,EU-EFTA,FFP,PP,,,PP - Processing Plant,,
6647,Nordic Catering ApS,Kirsten Walthers Vej 5,Valby,2500,"Copenhagen Municipality,Capital Region of Denmark",Denmark,EU-EFTA,FFP,PP,,,PP - Processing Plant,,
1108,Nordic Fish A/S,Læssevejen 10,Esbjerg,6700,"Esbjerg Municipality,Region of Southern Denmark",Denmark,EU-EFTA,FFP,FFPP,,,FFPP - Fresh Fishery Products Plant,,
6916,Nordic Food Service ApS,Andkærvej 19A,Vejle,7100,"Vejle Municipality,Region of Southern Denmark",Denmark,EU-EFTA,FFP,PP,,,PP - Processing Plant,,
6524,Nordic Kingfish Hanstholm,Nordre Strandvej 66,Hanstholm,7730,"Thisted Municipality,North Denmark Region",Denmark,EU-EFTA,FFP,FFPP,,,FFPP - Fresh Fishery Products Plant,,
4047,Nordisk Fiske Kompagni A/S,Havnen 70,Lemvig,7620,"Lemvig Municipality,Central Denmark Region",Denmark,EU-EFTA,FFP,PP,,,PP - Processing Plant,,
6657,"Nordsjællands Hospital - Frederikssund, Centralkøkken",Frederikssundsvej 30,Frederikssund,3600,"Frederikssund Municipality,Capital Region of Denmark",Denmark,EU-EFTA,FFP,PP,,,PP - Processing Plant,,
6183,"Nordsjællands Hospital - Hillerød, Centralkøkken",Dyrehavevej 29,Hillerød,3400,"Hillerød Municipality,Capital Region of Denmark",Denmark,EU-EFTA,FFP,PP,,,PP - Processing Plant,,
7121,Norlax A/S,Gartnervænget 31,Outrup,6855,"Varde Municipality,Region of Southern Denmark",Denmark,EU-EFTA,FFP,PP,,,PP - Processing Plant,,
5967,North Fish Sauce,Jernbanegade 2,Thyborøn,7680,"Lemvig Municipality,Central Denmark Region",Denmark,EU-EFTA,FFP,PP,,,PP - Processing Plant,,
6104,Nørgaard Fiskeeksport,Vesthavnen 13,Ulfborg,6990,"Holstebro Municipality,Central Denmark Region",Denmark,EU-EFTA,FFP,FFPP,,,FFPP - Fresh Fishery Products Plant,,
9267,OH FISKEEKSPORT A/S,Niels Juelsvej 15,Hirtshals,9850,"Hjørring Municipality,North Denmark Region",Denmark,EU-EFTA,FFP,FFPP,,,FFPP - Fresh Fishery Products Plant,,
4920,Odden Fisk engros,Vestre Havnevej 39,Sjællands Odde,4583,"Odsherred Municipality,Region Zealand",Denmark,EU-EFTA,FFP,FFPP PP,,,FFPP - Fresh Fishery Products Plant | PP - Processing Plant,,
6460,"Områdecenter Bredebo, Hovedkøkken",Mølleåparken 2,Kongens Lyngby,2800,"Lyngby-Taarbæk Municipality,Capital Region of Denmark",Denmark,EU-EFTA,FFP,PP,,,PP - Processing Plant,,
6464,"Områdecenter Solgården, Den Kommunale Madservice",Virumvej 125,Virum,2830,"Lyngby-Taarbæk Municipality,Capital Region of Denmark",Denmark,EU-EFTA,FFP,PP,,,PP - Processing Plant,,
6469,"Områdecenter Virumgård, Den Kommunale Madservice",Sennepsmarken 1,Virum,2830,"Lyngby-Taarbæk Municipality,Capital Region of Denmark",Denmark,EU-EFTA,FFP,PP,,,PP - Processing Plant,,
6176,Omsorgs Centeret Hjortespring,Sennepshaven 4,Herlev,2730,"Herlev Municipality,Capital Region of Denmark",Denmark,EU-EFTA,FFP,PP,,,PP - Processing Plant,,
6420,"Omsorgscenter Enggården, Centralkøkken",Engvej 20A,Dragør,2791,"Dragør Municipality,Capital Region of Denmark",Denmark,EU-EFTA,FFP,PP,,,PP - Processing Plant,,
6333,"Omsorgscenter Kærbo, Centralkøkken",Ishøj Boulevard 2,Ishøj,2635,"Ishøj Municipality,Capital Region of Denmark",Denmark,EU-EFTA,FFP,PP,,,PP - Processing Plant,,
6577,"Omsorgscentret Egegården, Centralkøkken",Klausdalsbrovej 213,Søborg,2860,"Gladsaxe Municipality,Capital Region of Denmark",Denmark,EU-EFTA,FFP,PP,,,PP - Processing Plant,,
6284,Omsorgscentret i Hvissinge,Stenager 2,Glostrup,2600,"Glostrup Municipality,Capital Region of Denmark",Denmark,EU-EFTA,FFP,PP,,,PP - Processing Plant,,
1798,Ove Johnsen Fisk Engros ApS,Kattegatvej 67,Nordhavn,2150,"Copenhagen Municipality,Capital Region of Denmark",Denmark,EU-EFTA,FFP,FFPP,,,FFPP - Fresh Fishery Products Plant,,
4073,P.TAABBEL & CO HANSTHOLM,INDUSTRIBUEN 3,Hanstholm,7730,"Thisted Municipality,North Denmark Region",Denmark,EU-EFTA,FFP,PP,,,PP - Processing Plant,,
4521,PANDALUS A/S,Industrivangen 3,Hanstholm,7730,"Thisted Municipality,North Denmark Region",Denmark,EU-EFTA,FFP,FFPP PP,,,FFPP - Fresh Fishery Products Plant | PP - Processing Plant,,
1746,POLAR SALMON HJERTING LAKS A/S,H.E.BLUHMES VEJ 18,Esbjerg,6700,"Esbjerg Municipality,Region of Southern Denmark",Denmark,EU-EFTA,FFP,FFPP PP,,,FFPP - Fresh Fishery Products Plant | PP - Processing Plant,,
6294,Parkvænget,Byparkvej 87,Glostrup,2600,"Glostrup Municipality,Capital Region of Denmark",Denmark,EU-EFTA,FFP,PP,,,PP - Processing Plant,,
5956,Partrederiet Ri 110 Tima,Stormgade 8,Hvide Sande,6960,"Ringkøbing-Skjern Municipality,Central Denmark Region",Denmark,EU-EFTA,FFP,FV,,,FV - Factory Vessel,,
5524,Partsrederiet E 61 - DI - JE,Strandparken 3,Esbjerg,6700,"Esbjerg Municipality,Region of Southern Denmark",Denmark,EU-EFTA,FFP,FV,,,FV - Factory Vessel,,
8770,Pedersen's Laboratorium ApS,Jens Grøns Vej 17,Vejle,7100,"Vejle Municipality,Region of Southern Denmark",Denmark,EU-EFTA,FFP,PP,,,PP - Processing Plant,,
5581,Pelagia Danmark A/S,Hermetikvej 9,Skagen,9990,"Frederikshavn Municipality,North Denmark Region",Denmark,EU-EFTA,FFP,FFPP,,,FFPP - Fresh Fishery Products Plant,,
.,Pelagia Feed Skagen,Kattegatmolen 18,Skagen,9990,"Frederikshavn Municipality,North Denmark Region",Denmark,EU-EFTA,FFP,PP,,,PP - Processing Plant,,
6241,"Pharma Nord ApS, Kosttilskud",Tinglykke 4,Vojens,6500,"Haderslev Municipality,Region of Southern Denmark",Denmark,EU-EFTA,FFP,PP,,,PP - Processing Plant,,
6315,"Pilegården, Produktionskøkken",Bregnerødvej 122,Birkerød,3460,"Rudersdal Municipality,Capital Region of Denmark",Denmark,EU-EFTA,FFP,PP,,,PP - Processing Plant,,
6536,"Pilehuset, Køkken ved festsalen",Bystævneparken 24,Brønshøj,2700,"Copenhagen Municipality,Capital Region of Denmark",Denmark,EU-EFTA,FFP,PP,,,PP - Processing Plant,,
6540,Pios ApS,Smedeland 13,Glostrup,2600,"Glostrup Municipality,Capital Region of Denmark",Denmark,EU-EFTA,FFP,PP,,,PP - Processing Plant,,
6357,"Plejeboligcenter Fælledgaarden, Centralkøkken",Drejøgade 3,København Ø,2100,"Copenhagen Municipality,Capital Region of Denmark",Denmark,EU-EFTA,FFP,PP,,,PP - Processing Plant,,
6312,"Plejecenter Lillevang, Centralkøkken",Lillevænget 1,Farum,3520,"Furesø Municipality,Capital Region of Denmark",Denmark,EU-EFTA,FFP,PP,,,PP - Processing Plant,,
6200,"Plejecenter Lystholm, Engros",Lystholm 20,Fredensborg,3480,"Fredensborg Municipality,Capital Region of Denmark",Denmark,EU-EFTA,FFP,PP,,,PP - Processing Plant,,
6248,"Plejecenter Sølund, Storkøkken",Ryesgade 20,København N,2200,"Copenhagen Municipality,Capital Region of Denmark",Denmark,EU-EFTA,FFP,PP,,,PP - Processing Plant,,
6635,"Plejecentret Baldersbo, Køkken",Charlotteager 7,Hedehusene,2640,"Høje-Taastrup Municipality,Capital Region of Denmark",Denmark,EU-EFTA,FFP,PP,,,PP - Processing Plant,,
6369,"Plejecentret Hørgården, Produktionskøkken",Brydes Allé 28,København S,2300,"Copenhagen Municipality,Capital Region of Denmark",Denmark,EU-EFTA,FFP,PP,,,PP - Processing Plant,,
6481,"Plejecentret Poppelbo, Produktionskøkken",Bystævneparken 29,Brønshøj,2700,"Copenhagen Municipality,Capital Region of Denmark",Denmark,EU-EFTA,FFP,PP,,,PP - Processing Plant,,
6428,"Plejecentret Sjælsø, Centralkøkkenet",Soldraget 37,Birkerød,3460,"Rudersdal Municipality,Capital Region of Denmark",Denmark,EU-EFTA,FFP,PP,,,PP - Processing Plant,,
6285,"Plejehjemmet Engskrænten, Centralkøkken",Kirkesvinget 5,Rødovre,2610,"Rødovre Municipality,Capital Region of Denmark",Denmark,EU-EFTA,FFP,PP,,,PP - Processing Plant,,
6389,"Plejehjemmet Falkenberg, Centralkøkken",Falkenbergvej 30A,Ålsgårde,3140,"Helsingør Municipality,Capital Region of Denmark",Denmark,EU-EFTA,FFP,PP,,,PP - Processing Plant,,
6379,"Plejehjemmet Grønnehaven, Café",Sundtoldvej 2,Helsingør,3000,"Helsingør Municipality,Capital Region of Denmark",Denmark,EU-EFTA,FFP,PP,,,PP - Processing Plant,,
6374,"Plejehjemmet Hegnsgården, Centralkøkken",Alleen 7,Nærum,2850,"Rudersdal Municipality,Capital Region of Denmark",Denmark,EU-EFTA,FFP,PP,,,PP - Processing Plant,,
6156,"Plejehjemmet Henriksdal, Fælleskøkken",Valbyvej 47,Taastrup,2630,"Høje-Taastrup Municipality,Capital Region of Denmark",Denmark,EU-EFTA,FFP,PP,,,PP - Processing Plant,,
6265,"Plejehjemmet Kirstinehaven, Centralkøkken",Kirstinelundsvej 12,Ballerup,2750,"Ballerup Municipality,Capital Region of Denmark",Denmark,EU-EFTA,FFP,PP,,,PP - Processing Plant,,
6260,"Plejehjemmet Lindehaven, Centralkøkken",Præstevænget 11,Ballerup,2750,"Ballerup Municipality,Capital Region of Denmark",Denmark,EU-EFTA,FFP,PP,,,PP - Processing Plant,,
6403,"Plejehjemmet Peder Lykke Centret, Centralkøkkenet",Peder Lykkes Vej 65,København S,2300,"Copenhagen Municipality,Capital Region of Denmark",Denmark,EU-EFTA,FFP,PP,,,PP - Processing Plant,,
6193,"Plejehjemmet Salem, Centralkøkken",Mitchellsstræde 5,Gentofte,2820,"Gentofte Municipality,Capital Region of Denmark",Denmark,EU-EFTA,FFP,PP,,,PP - Processing Plant,,
6398,Plejehjemmet Strandhøj,Gylfesvej 17,Espergærde,3060,"Helsingør Municipality,Capital Region of Denmark",Denmark,EU-EFTA,FFP,PP,,,PP - Processing Plant,,
6261,"Plejehjemmet Toftehaven, Centralkøkken",Nygårdsvej 35,Ballerup,2750,"Ballerup Municipality,Capital Region of Denmark",Denmark,EU-EFTA,FFP,PP,,,PP - Processing Plant,,
6400,"Plejehjemmet Verdishave, Produktionskøkken",Tartinisvej 31,København SV,2450,"Copenhagen Municipality,Capital Region of Denmark",Denmark,EU-EFTA,FFP,PP,,,PP - Processing Plant,,
4135,Polar Seafood Esbjerg A/S,H E Bluhmesvej 30,Esbjerg,6700,"Esbjerg Municipality,Region of Southern Denmark",Denmark,EU-EFTA,FFP,PP,,,PP - Processing Plant,,
5566,Poseidon Seafood ApS,Marielundvej 34B,Herlev,2730,"Herlev Municipality,Capital Region of Denmark",Denmark,EU-EFTA,FFP,FFPP,,,FFPP - Fresh Fishery Products Plant,,
6117,Prime Ocean A/S,Vestre Strandvej 1,Skagen,9990,"Frederikshavn Municipality,North Denmark Region",Denmark,EU-EFTA,FFP,PP FFPP,,,PP - Processing Plant | FFPP - Fresh Fishery Products Plant,,
5310,Prime Ocean A/S,Røgerivej 2,Skagen,9990,"Frederikshavn Municipality,North Denmark Region",Denmark,EU-EFTA,FFP,PP FFPP,,,PP - Processing Plant | FFPP - Fresh Fishery Products Plant,,
4929,Prime Ocean A/S,Østhavnsvej 12,Hirtshals,9850,"Hjørring Municipality,North Denmark Region",Denmark,EU-EFTA,FFP,FFPP PP,,,FFPP - Fresh Fishery Products Plant | PP - Processing Plant,,
5852,Produktionskøkkenet Sydtoften,Sydtoften 104,Grindsted,7200,"Billund Municipality,Region of Southern Denmark",Denmark,EU-EFTA,FFP,PP,,,PP - Processing Plant,,
7169,Præstø Multicenter,Rosagervej 37,Præstø,4720,"Vordingborg Municipality,Region Zealand",Denmark,EU-EFTA,FFP,PP,,,PP - Processing Plant,,
6175,"Psykiatrisk Center Sct. Hans, Bygn. 38, Centralkøkken",Boserupvej 2,Roskilde,4000,"Roskilde Municipality,Region Zealand",Denmark,EU-EFTA,FFP,PP,,,PP - Processing Plant,,
1402,REINHOLDT & CO FISKEEKSPORT A/S,Knudbyvej 16,Løgstrup,8831,"Viborg Municipality,Central Denmark Region",Denmark,EU-EFTA,FFP,PP,,,PP - Processing Plant,,
5533,RI 157 Arkona v/Partrederiet Thomas og Bjarne,Stormgade 8,Hvide Sande,6960,"Ringkøbing-Skjern Municipality,Central Denmark Region",Denmark,EU-EFTA,FFP,FV,,,FV - Factory Vessel,,
5775,RI 320 Lasiry Partrederi,Toldbodgade 4,Hvide Sande,6960,"Ringkøbing-Skjern Municipality,Central Denmark Region",Denmark,EU-EFTA,FFP,FV,,,FV - Factory Vessel,,
5298,RI 323 Kirsten Marie,Kaniavej 28,Hvide Sande,6960,"Ringkøbing-Skjern Municipality,Central Denmark Region",Denmark,EU-EFTA,FFP,FV,,,FV - Factory Vessel,,
5538,RI 426 ApS,Stormgade 8,Hvide Sande,6960,"Ringkøbing-Skjern Municipality,Central Denmark Region",Denmark,EU-EFTA,FFP,FV,,,FV - Factory Vessel,,
9648,RI 78 Kathrine Helt,Holmsland Klitvej 100,Ringkøbing,6950,"Ringkøbing-Skjern Municipality,Central Denmark Region",Denmark,EU-EFTA,FFP,FV,,,FV - Factory Vessel,,
1409,ROYAL FISH DENMARK A/S,Chr. Schrøders Gade 40,Hanstholm,7730,"Thisted Municipality,North Denmark Region",Denmark,EU-EFTA,FFP,FFPP,,,FFPP - Fresh Fishery Products Plant,,
1637,Ravnstrup Mølle A/S,Damvej 5,Viborg,8800,"Viborg Municipality,Central Denmark Region",Denmark,EU-EFTA,FFP,FFPP,,,FFPP - Fresh Fishery Products Plant,,
5646,"Regionshospital Herning, Centralkøkken",Gl Landevej 61,Herning,7400,"Herning Municipality,Central Denmark Region",Denmark,EU-EFTA,FFP,PP,,,PP - Processing Plant,,
6616,"Regionshospitalet Gødstrup, Produktionskøkken",Kapelvej 5,Herning,7400,"Herning Municipality,Central Denmark Region",Denmark,EU-EFTA,FFP,FFPP,,,FFPP - Fresh Fishery Products Plant,,
5647,"Regionshospitalet Holstebro, Centralkøkken",Lægårdvej 12,Holstebro,7500,"Holstebro Municipality,Central Denmark Region",Denmark,EU-EFTA,FFP,PP,,,PP - Processing Plant,,
5691,"Rigshospitalet, Centralkøkken",Blegdamsvej,Copenhagen,2100,"Copenhagen Municipality,Capital Region of Denmark",Denmark,EU-EFTA,FFP,PP,,,PP - Processing Plant,,
6227,"Rigshospitalet, Glostrup Hospital, Centralkøkken",Valdemar Hansens Vej,Glostrup,2600,"Glostrup Municipality,Capital Region of Denmark",Denmark,EU-EFTA,FFP,PP,,,PP - Processing Plant,,
6221,Ringkøbing Fisk,Fiskerstræde 30,Ringkøbing,6950,"Ringkøbing-Skjern Municipality,Central Denmark Region",Denmark,EU-EFTA,FFP,FFPP,,,FFPP - Fresh Fishery Products Plant,,
6394,"Royal Danish Fish A/S, Åleslagteri",Nordre Strandvej 60,Hanstholm,7730,"Thisted Municipality,North Denmark Region",Denmark,EU-EFTA,FFP,FFPP PP,,,FFPP - Fresh Fishery Products Plant | PP - Processing Plant,,
6276,Royal Norden Seafood A/S,Sydhalevej 2,Thyborøn,7680,"Lemvig Municipality,Central Denmark Region",Denmark,EU-EFTA,FFP,FFPP PP,,,FFPP - Fresh Fishery Products Plant | PP - Processing Plant,,
6740,Royal Nyborg Smokehouse,Lundsager 10,Ullerslev,5540,"Nyborg Municipality,Region of Southern Denmark",Denmark,EU-EFTA,FFP,FFPP,,,FFPP - Fresh Fishery Products Plant,,
6436,"Rundskuedagens Plejehjem, Centralkøkken",Dannebrogsgade 44,København V,1660,"Copenhagen Municipality,Capital Region of Denmark",Denmark,EU-EFTA,FFP,PP,,,PP - Processing Plant,,
4070,Rune Egholm E 426 ApS,Vesterhavsgade 32,Esbjerg,6700,"Esbjerg Municipality,Region of Southern Denmark",Denmark,EU-EFTA,FFP,FV,,,FV - Factory Vessel,,
3051,Ruth's Kryddersild,Christiansø 93,Gudhjem,3760,"Bornholms Regionskommune,Capital Region of Denmark",Denmark,EU-EFTA,FFP,PP PP,,,PP - Processing Plant | PP - Processing Plant,,
5660,Ryans Fisk & Vildt,Gårslev Østergade 13,Børkop,7080,"Vejle Municipality,Region of Southern Denmark",Denmark,EU-EFTA,FFP,FFPP PP,,,FFPP - Fresh Fishery Products Plant | PP - Processing Plant,,
6349,"Ryholtgård Plejehjem, Centralkøkken",Rymarksvej 23-27,Hellerup,2900,"Copenhagen Municipality,Capital Region of Denmark",Denmark,EU-EFTA,FFP,PP,,,PP - Processing Plant,,
4490,S 107 Skagerak,Ferslevsvej 22,Skagen,9990,"Frederikshavn Municipality,North Denmark Region",Denmark,EU-EFTA,FFP,FV,,,FV - Factory Vessel,,
5445,S 158 Saron,Spliidsvej 25A,Skagen,9990,"Frederikshavn Municipality,North Denmark Region",Denmark,EU-EFTA,FFP,FV,,,FV - Factory Vessel,,
824,S 255 NORTH SEA ApS,Damstedvej 19,Skagen,9990,"Frederikshavn Municipality,North Denmark Region",Denmark,EU-EFTA,FFP,FV,,,FV - Factory Vessel,,
5365,S 386 CASILO ApS,Eratosvej 8,Skagen,9990,"Frederikshavn Municipality,North Denmark Region",Denmark,EU-EFTA,FFP,FV,,,FV - Factory Vessel,,
6308,S 486 Sajoni,Eratosvej 8,Skagen,9990,"Frederikshavn Municipality,North Denmark Region",Denmark,EU-EFTA,FFP,FV,,,FV - Factory Vessel,,
5467,S. 226 EMLI PILEGAARD,Olaviusvej 3,Skagen,9990,"Frederikshavn Municipality,North Denmark Region",Denmark,EU-EFTA,FFP,FV,,,FV - Factory Vessel,,
9329,SEAWELL HIRTSHALS A/S,Søren Nordbysvej 24-26,Hirtshals,9850,"Hjørring Municipality,North Denmark Region",Denmark,EU-EFTA,FFP,FFPP,,,FFPP - Fresh Fishery Products Plant,,
1683,SKAGEN FRISK A/S,Isvej 1,Skagen,9990,"Frederikshavn Municipality,North Denmark Region",Denmark,EU-EFTA,FFP,FFPP,,,FFPP - Fresh Fishery Products Plant,,
6275,SKAGENFOOD - Engros,Hyttefadsvej 8,Strandby,9970,"Frederikshavn Municipality,North Denmark Region",Denmark,EU-EFTA,FFP,PP,,,PP - Processing Plant,,
6185,Samlecentral Mamrelund,Mamrelund,Hvide Sande,6960,"Ringkøbing-Skjern Municipality,Central Denmark Region",Denmark,EU-EFTA,FFP,FFPP,,,FFPP - Fresh Fishery Products Plant,,
5978,Samsø Røgeri,Østervangen 2A,Samsø,8305,"Samsø Municipality,Central Denmark Region",Denmark,EU-EFTA,FFP,PP,,,PP - Processing Plant,,
AUT7361,"Sandholmlejren, Bygning II",Sandholmgårdsvej 40,Allerød,3450,"Allerød Municipality,Capital Region of Denmark",Denmark,EU-EFTA,FFP,FFPP,,,FFPP - Fresh Fishery Products Plant,,
6988,Sands Mad ApS,Telefonvej 6,Søborg,2860,"Gladsaxe Municipality,Capital Region of Denmark",Denmark,EU-EFTA,FFP,PP,,,PP - Processing Plant,,
6497,"Sankt Lukas Stiftelsen, Centralkøkkenet",Bernstorffsvej 20,Hellerup,2900,"Copenhagen Municipality,Capital Region of Denmark",Denmark,EU-EFTA,FFP,PP,,,PP - Processing Plant,,
4584,Scandic Pelagic A/S,Tobiskajen 2,Skagen,9990,"Frederikshavn Municipality,North Denmark Region",Denmark,EU-EFTA,FFP,PP,,,PP - Processing Plant,,
5014,Scandic Pelagic A/S,Industrivej Nord 6,Ålbæk,9982,"Frederikshavn Municipality,North Denmark Region",Denmark,EU-EFTA,FFP,PP,,,PP - Processing Plant,,
4586,Scandic Pelagic A/S,Søren Humbers Kaj 3,Skagen,9990,"Frederikshavn Municipality,North Denmark Region",Denmark,EU-EFTA,FFP,PP,,,PP - Processing Plant,,
4585,"Scandic Pelagic A/S, Fabrik II",Coastervej 1,Skagen,9990,"Frederikshavn Municipality,North Denmark Region",Denmark,EU-EFTA,FFP,PP,,,PP - Processing Plant,,
7100,Scandic Salmon A/S,Sydhalevej 2,Thyborøn,7680,"Lemvig Municipality,Central Denmark Region",Denmark,EU-EFTA,FFP,PP,,,PP - Processing Plant,,
6079,Scandic Salmon A/S,Lemvigvej 36,Lemvig,7620,"Lemvig Municipality,Central Denmark Region",Denmark,EU-EFTA,FFP,PP,,,PP - Processing Plant,,
4754,Scanfish 2,Kullervej 1,Thyborøn,7680,"Lemvig Municipality,Central Denmark Region",Denmark,EU-EFTA,FFP,FFPP,,,FFPP - Fresh Fishery Products Plant,,
DK13645043,Scanfish Danmark A/S,Industrihøjen 5,Hanstholm,7730,"Thisted Municipality,North Denmark Region",Denmark,EU-EFTA,FFP,FFPP PP,,,FFPP - Fresh Fishery Products Plant | PP - Processing Plant,,
4066,"Scotia E 567 A/S, Regnskabs Bureauet",Helgolandsgade 19,Esbjerg,6700,"Esbjerg Municipality,Region of Southern Denmark",Denmark,EU-EFTA,FFP,FV,,,FV - Factory Vessel,,
5360,Seafood Flavours A/S,Food Parken 7,Nykøbing Mors,7900,"Morsø Municipality,North Denmark Region",Denmark,EU-EFTA,FFP,PP,,,PP - Processing Plant,,
6665,Seagold ApS,Industrigrenen,Ishøj Landsby,2635,"Ishøj Municipality,Capital Region of Denmark",Denmark,EU-EFTA,FFP,FFPP PP,,,FFPP - Fresh Fishery Products Plant | PP - Processing Plant,,
6637,"Sengeløse Plejecenter, Centralkøkken",Landsbygaden 4,Taastrup,2630,"Høje-Taastrup Municipality,Capital Region of Denmark",Denmark,EU-EFTA,FFP,PP,,,PP - Processing Plant,,
6440,"Seniorcenter Bakkegården, Centralkøkken",Taxvej 18,Bagsværd,2880,"Gladsaxe Municipality,Capital Region of Denmark",Denmark,EU-EFTA,FFP,PP,,,PP - Processing Plant,,
6151,Seniorcenter Rosenlund,Mørkhøjvej 336,Herlev,2730,"Herlev Municipality,Capital Region of Denmark",Denmark,EU-EFTA,FFP,PP,,,PP - Processing Plant,,
6622,"Simon's Diner Transportable ApS, Engros",Thomas Olesen Løkkens Vej 2,Aalborg SV,9200,"Aalborg Municipality,North Denmark Region",Denmark,EU-EFTA,FFP,PP,,,PP - Processing Plant,,
1743,Skagen Fiskeauktion A/S,Auktionsvej 10,Skagen,9990,"Frederikshavn Municipality,North Denmark Region",Denmark,EU-EFTA,FFP,AH,,,AH - Auction Hall,,
1643,Skagen Samlecentral ApS,Auktionsvej 14,Skagen,9990,"Frederikshavn Municipality,North Denmark Region",Denmark,EU-EFTA,FFP,FFPP,,,FFPP - Fresh Fishery Products Plant,,
6494,Skagerak Processing A/S,Jens Munksvej 4,Hirtshals,9850,"Hjørring Municipality,North Denmark Region",Denmark,EU-EFTA,FFP,PP,,,PP - Processing Plant,,
4948,Skagerak Processing A/S,Herluf Trollesvej 14,Hirtshals,9850,"Hjørring Municipality,North Denmark Region",Denmark,EU-EFTA,FFP,FFPP PP,,,FFPP - Fresh Fishery Products Plant | PP - Processing Plant,,
9273,Skaka Seafood Aps,Auktionsgade 1,Hanstholm,7730,"Thisted Municipality,North Denmark Region",Denmark,EU-EFTA,FFP,FFPP,,,FFPP - Fresh Fishery Products Plant,,
4046,Skibby Røgeri,Industrivej 6,Skibby,4050,"Frederikssund Municipality,Capital Region of Denmark",Denmark,EU-EFTA,FFP,PP,,,PP - Processing Plant,,
6509,"Skjulhøjgård, Centralkøkkenet",Ålekistevej 226,Vanløse,2720,"Copenhagen Municipality,Capital Region of Denmark",Denmark,EU-EFTA,FFP,PP,,,PP - Processing Plant,,
6323,"Skovsminde Omsorgscenter, Centralkøkken",Skovsmindeparken 2,Græsted,3230,"Gribskov Municipality,Capital Region of Denmark",Denmark,EU-EFTA,FFP,PP,,,PP - Processing Plant,,
5224,Skovsted Ålefarm v/Gårdejer Anders Thomsen,Kanstrupvej 5,Thisted,7700,"Thisted Municipality,North Denmark Region",Denmark,EU-EFTA,FFP,FFPP PP,,,FFPP - Fresh Fishery Products Plant | PP - Processing Plant,,
371,Snaptun Frysehus A/S,Snaptunvej 59 A,Juelsminde,7130,"Hedensted Municipality,Central Denmark Region",Denmark,EU-EFTA,FFP,FFPP,,,FFPP - Fresh Fishery Products Plant,,
4919,"Snogebæk Røgeri, Engros",Hovedgade 6,Nexø,3730,"Bornholms Regionskommune,Capital Region of Denmark",Denmark,EU-EFTA,FFP,PP,,,PP - Processing Plant,,
6186,Sorterhus v/ Danske Fiskeauktioner,Tyskerhavnen 23,Hvide Sande,6960,"Ringkøbing-Skjern Municipality,Central Denmark Region",Denmark,EU-EFTA,FFP,FFPP,,,FFPP - Fresh Fishery Products Plant,,
6620,Spis godt ApS,Oceanvej 13,Aarhus C,8000,"Aarhus Municipality,Central Denmark Region",Denmark,EU-EFTA,FFP,PP,,,PP - Processing Plant,,
7067,Steensgaard Produktion,Steensgaard 3,Millinge,5642,"Faaborg-Midtfyn Municipality,Region of Southern Denmark",Denmark,EU-EFTA,FFP,PP,,,PP - Processing Plant,,
1051,Strandby Fiskeeksport APS,Hyttefadsvej 3,Strandby,9970,"Frederikshavn Municipality,North Denmark Region",Denmark,EU-EFTA,FFP,PP FFPP,,,PP - Processing Plant | FFPP - Fresh Fishery Products Plant,,
5869,Svaneke Deli,Svanevang 2,Svaneke,3740,"Bornholms Regionskommune,Capital Region of Denmark",Denmark,EU-EFTA,FFP,PP,,,PP - Processing Plant,,
5384,"Sydvestjysk Sygehus Esbjerg, Produktionskøkken",Finsensgade 35,Esbjerg,6700,"Esbjerg Municipality,Region of Southern Denmark",Denmark,EU-EFTA,FFP,PP,,,PP - Processing Plant,,
5827,"Sygehus Lillebælt, KOLDING SYGEHUS - Køkkenet",Sygehusvej 24,Kolding,6000,"Kolding Municipality,Region of Southern Denmark",Denmark,EU-EFTA,FFP,PP,,,PP - Processing Plant,,
Aut.7161,Sæsonens Madleverandør ApS,Gummersmarkvej 7,Bjæverskov,4632,"Køge Municipality,Region Zealand",Denmark,EU-EFTA,FFP,PP,,,PP - Processing Plant,,
6643,Søften v/ Jespers Torvekøkken ApS,Rho 16,Hinnerup,8382,"Favrskov Municipality,Central Denmark Region",Denmark,EU-EFTA,FFP,PP,,,PP - Processing Plant,,
6268,"Sønderhaven, Central køkken",Søndergårds Allé 100,Måløv,2760,"Ballerup Municipality,Capital Region of Denmark",Denmark,EU-EFTA,FFP,PP,,,PP - Processing Plant,,
6908,Sørensen Seafood A/S,Auktionsgade 1,Hanstholm,7730,"Thisted Municipality,North Denmark Region",Denmark,EU-EFTA,FFP,FFPP,,,FFPP - Fresh Fishery Products Plant,,
1757,TBA Holding af 1982 ApS,Snaptunvej 27 B,Juelsminde,7130,"Hedensted Municipality,Central Denmark Region",Denmark,EU-EFTA,FFP,FFPP,,,FFPP - Fresh Fishery Products Plant,,
1007,TELL FISK APS,Hyttefadsvej 11,Strandby,9970,"Frederikshavn Municipality,North Denmark Region",Denmark,EU-EFTA,FFP,FFPP,,,FFPP - Fresh Fishery Products Plant,,
1791,THORKILD GRØNS SAMLECENTRAL,Auktionsgade 23,Hanstholm,7730,"Thisted Municipality,North Denmark Region",Denmark,EU-EFTA,FFP,FFPP,,,FFPP - Fresh Fishery Products Plant,,
6685,Teglporten - centralkøkken,Teglporten 11,Birkerød,3460,"Rudersdal Municipality,Capital Region of Denmark",Denmark,EU-EFTA,FFP,PP,,,PP - Processing Plant,,
3053,Tenax Sild A/S,Tåsingevej 10,Nyborg,5800,"Nyborg Municipality,Region of Southern Denmark",Denmark,EU-EFTA,FFP,PP,,,PP - Processing Plant,,
2021,Tenax Sild A/S,Industrivej Nord 2,Ålbæk,9982,"Frederikshavn Municipality,North Denmark Region",Denmark,EU-EFTA,FFP,PP,,,PP - Processing Plant,,
DK7362,Tenax Sild A/S Langelandsvej,Langelandsvej 26,Nyborg,5800,"Nyborg Municipality,Region of Southern Denmark",Denmark,EU-EFTA,FFP,PP,,,PP - Processing Plant,,
4752,Thorfisk,Industribuen 3,Hanstholm,7730,"Thisted Municipality,North Denmark Region",Denmark,EU-EFTA,FFP,FFPP,,,FFPP - Fresh Fishery Products Plant,,
5212,Thorsminde Fisk,Vangevej 9,Lemvig,7620,"Lemvig Municipality,Central Denmark Region",Denmark,EU-EFTA,FFP,FFPP PP,,,FFPP - Fresh Fishery Products Plant | PP - Processing Plant,,
1787,Thorupstrand Fiskesamlecentral ApS,Thorup Strandvej 329,Brøndum,9690,"Jammerbugt Municipality,North Denmark Region",Denmark,EU-EFTA,FFP,FFPP,,,FFPP - Fresh Fishery Products Plant,,
6661,Tiger kantine,Strandgade 71,København K,1401,"Copenhagen Municipality,Capital Region of Denmark",Denmark,EU-EFTA,FFP,PP,,,PP - Processing Plant,,
aut7409,Tjørneparkens Køkken,Tjørneparken 1,Nørre Asmindrup,4572,"Odsherred Municipality,Region Zealand",Denmark,EU-EFTA,FFP,PP,,,PP - Processing Plant,,
2219,Tofts Røgeri,Hasselvej 2A,Stege,4780,"Vordingborg Municipality,Region Zealand",Denmark,EU-EFTA,FFP,PP,,,PP - Processing Plant,,
6157,"Torstorp Pleje- og Rehabiliteringscenter, Centralkøkken",Morelhaven 122,Taastrup,2630,"Høje-Taastrup Municipality,Capital Region of Denmark",Denmark,EU-EFTA,FFP,PP,,,PP - Processing Plant,,
6667,United Group Manufacturing A/S,Ferrarivej 12,Vejle,7100,"Vejle Municipality,Region of Southern Denmark",Denmark,EU-EFTA,FFP,PP,,,PP - Processing Plant,,
4725,VENMARK FISK A/S,Søndergade 50,Hirtshals,9850,"Hjørring Municipality,North Denmark Region",Denmark,EU-EFTA,FFP,FFPP PP,,,FFPP - Fresh Fishery Products Plant | PP - Processing Plant,,
9290,"Vagn P Fisk, V/Vagn Poulsen",Vestre Kaj 8,Næstved,4700,"Naestved Municipality,Region Zealand",Denmark,EU-EFTA,FFP,FFPP PP,,,FFPP - Fresh Fishery Products Plant | PP - Processing Plant,,
7222,Varde Laks A/S,Snedkervej 2,Varde,6800,"Varde Municipality,Region of Southern Denmark",Denmark,EU-EFTA,FFP,PP,,,PP - Processing Plant,,
1714,Vejlgaard A/S,Rødspættevej 1,Hvide Sande,6960,"Ringkøbing-Skjern Municipality,Central Denmark Region",Denmark,EU-EFTA,FFP,FFPP,,,FFPP - Fresh Fishery Products Plant,,
KOR1491786,Vendsyssel Gourmet ApS,"Gothersgade 135, kld.mf",København K,1123,"Copenhagen Municipality,Capital Region of Denmark",Denmark,EU-EFTA,FFP,WM,,,WM - Wholesale Market,,
5399,Venøsund Fisk og Skaldyr Aps,Sønderskovvej 20,Struer,7600,"Struer Municipality,Central Denmark Region",Denmark,EU-EFTA,FFP,FFPP,,,FFPP - Fresh Fishery Products Plant,,
4027,Verner Andersens Farsfabrik A/S,Kattegatvej 65,Nordhavn,2150,"Copenhagen Municipality,Capital Region of Denmark",Denmark,EU-EFTA,FFP,FFPP PP,,,FFPP - Fresh Fishery Products Plant | PP - Processing Plant,,
4532,Vesterhavsfisk 1999,Fiskerihavnsgade 11,Esbjerg,6700,"Esbjerg Municipality,Region of Southern Denmark",Denmark,EU-EFTA,FFP,FFPP PP,,,FFPP - Fresh Fishery Products Plant | PP - Processing Plant,,
4890,Vesterhavsfisk Fjerritslev ApS,Thorup Strandvej 98,Brøndum,9690,"Jammerbugt Municipality,North Denmark Region",Denmark,EU-EFTA,FFP,PP,,,PP - Processing Plant,,
5602,Vestfisk A/S,Tungevej 1,Hvide Sande,6960,"Ringkøbing-Skjern Municipality,Central Denmark Region",Denmark,EU-EFTA,FFP,FFPP PP,,,FFPP - Fresh Fishery Products Plant | PP - Processing Plant,,
6587,Victors Køkken Aalborg ApS,Harald Jensens Vej,Aalborg,9000,"Aalborg Municipality,North Denmark Region",Denmark,EU-EFTA,FFP,PP,,,PP - Processing Plant,,
5984,Vikingmar ApS,Jens Munksvej 4,Hirtshals,9850,"Hjørring Municipality,North Denmark Region",Denmark,EU-EFTA,FFP,PP,,,PP - Processing Plant,,
AUT2033,Vilsund Blue A/S,Øroddevej 100,Nykøbing Mors,7900,"Morsø Municipality,North Denmark Region",Denmark,EU-EFTA,FFP,PP,,,PP - Processing Plant,,
4069,Vilsund Blue A/S,Food Parken 1,Nykøbing Mors,7900,"Morsø Municipality,North Denmark Region",Denmark,EU-EFTA,FFP,PP,,,PP - Processing Plant,,
5397,Vores Køkken FHR,Alleen 2,Ry,8680,"Skanderborg Municipality,Central Denmark Region",Denmark,EU-EFTA,FFP,PP,,,PP - Processing Plant,,
6367,Vuggestuen Enghusene,Tyborøn Allé 55,Vanløse,2720,"Copenhagen Municipality,Capital Region of Denmark",Denmark,EU-EFTA,FFP,PP,,,PP - Processing Plant,,
1065,WERNER LARSSON FISKEEKSPORT A/S,Galeasevej 3,Skagen,9990,"Frederikshavn Municipality,North Denmark Region",Denmark,EU-EFTA,FFP,FFPP PP,,,FFPP - Fresh Fishery Products Plant | PP - Processing Plant,,
1068,WORLDWIDE SEAFOOD HANSTHOLM ApS,Kai Lindbergs Gade 24,Hanstholm,7730,"Thisted Municipality,North Denmark Region",Denmark,EU-EFTA,FFP,FFPP,,,FFPP - Fresh Fishery Products Plant,,
5372,Wellfish,Havnegade 13C,Thyborøn,7680,"Lemvig Municipality,Central Denmark Region",Denmark,EU-EFTA,FFP,FFPP,,,FFPP - Fresh Fishery Products Plant,,
4566,agustson A/S,Englandsvej 11,Vejle,7100,"Vejle Municipality,Region of Southern Denmark",Denmark,EU-EFTA,FFP,PP,,,PP - Processing Plant,,
1568,ÅRHUS FISKEEKSPORT APS,Pakkerivej 12,Aarhus C,8000,"Aarhus Municipality,Central Denmark Region",Denmark,EU-EFTA,FFP,FFPP,,,FFPP - Fresh Fishery Products Plant,,
4031,Århus Fiskeeksport ApS,Pakkerivej 2 A,Aarhus C,8000,"Aarhus Municipality,Central Denmark Region",Denmark,EU-EFTA,FFP,FFPP PP,,,FFPP - Fresh Fishery Products Plant | PP - Processing Plant,,
6492,"Ældrecenter Dalvangen, Centralkøkken",Digevangsvej 1,Glostrup,2600,"Glostrup Municipality,Capital Region of Denmark",Denmark,EU-EFTA,FFP,PP,,,PP - Processing Plant,,
6266,Ældrecenter Egely,Egebjerg Bygade 34,Ballerup,2750,"Ballerup Municipality,Capital Region of Denmark",Denmark,EU-EFTA,FFP,PP,,,PP - Processing Plant,,
6239,"Ældrecenter Æblehaven, Centralkøkken",Guldborgvej 6,Brøndby Strand,2660,"Brøndby Municipality,Capital Region of Denmark",Denmark,EU-EFTA,FFP,PP,,,PP - Processing Plant,,
6330,"Ældrecentret Broparken, Centralkøkken",Slotsherrens Vænge,Rødovre,2610,"Rødovre Municipality,Capital Region of Denmark",Denmark,EU-EFTA,FFP,PP,,,PP - Processing Plant,,
6148,Ældrecentret Fænøsund,Vestre Hougvej 60,Middelfart,5500,"Middelfart Municipality,Region of Southern Denmark",Denmark,EU-EFTA,FFP,PP,,,PP - Processing Plant,,
6725,Ærø rejen ApS,Kirkestræde 26,Marstal,5960,"Ærø Municipality,Region of Southern Denmark",Denmark,EU-EFTA,FFP,PP,,,PP - Processing Plant,,
6642,"Ørestad Plejecenter, Centralkøkken",Asger Jorns Allé 5,København S,2300,"Copenhagen Municipality,Capital Region of Denmark",Denmark,EU-EFTA,FFP,PP,,,PP - Processing Plant,,
