approval_number,name,address,city,postcode,region,country,section,activity,slaughter,species,remarks,date_of_approval,publication_date
83.118.014,A B VIANDES,LOTISSEMENT LES GENETS BD JEAN MOULIN LOTISSEMENT LES GENETS,Saint-Raphaël,83700,"Var,Provence-Alpes-Côte d'Azur,Metropolitan France",France,RM,CP,N,bovine caprine ovine porcine,CP - Cutting Plant,,
2A.103.010,A CUTULESA,M GISTUCCI TOUSSAINT,Cuttoli-Corticchiato,20167,"South Corsica,Corsica,Metropolitan France",France,RM,SH,Y,bovine caprine ovine porcine,SH - Slaughterhouse,,
57.630.005,A LA SOURCE,PL DES CORDELIERS,Sarrebourg,57400,"Moselle,Grand Est,Metropolitan France",France,RM,CP,N,bovine caprine ovine porcine,CP - Cutting Plant,,
29.232.008,A S L G DISTRIBUTION,4 RUE ROBERT GUICHAOUA ZI DE KERDRONIOU,Quimper,29000,"Finistère,Brittany,Metropolitan France",France,RM,CP,N,bovine caprine ovine porcine,CP - Cutting Plant,,
2A.031.016,A TUMBERA,CHEZ MR GISTUCCI TOUSSAINT BASTELICA,Bastelica,20119,"South Corsica,Corsica,Metropolitan France",France,RM,SH,Y,porcine,SH - Slaughterhouse,,
13.216.045,A. Suprano et fils,Abattoirs de Saumaty 765 Che du littoral Abattoirs de Saumaty,Marseille 16e Arrondissement,13016,"Bouches-du-Rhône,Provence-Alpes-Côte d'Azur,Metropolitan France",France,RM,CP,N,bovine caprine ovine,CP - Cutting Plant,,
38.170.001,ABAG (ABATTOIRS DE GRENOBLE) - ABAG,2 AV DE LA LOUISIANE,Fontanil-Cornillon,38120,"Isère,Auvergne-Rhône-Alpes,Metropolitan France",France,RM,SH,Y,bovine caprine ovine equine porcine,SH - Slaughterhouse,,
38.170.004,ABAG (ABATTOIRS DE GRENOBLE) - ABAG SALLE DE DECOUPE,PORTE SALLE DE DECOUPE 2 AV DE LA LOUISIANE,Fontanil-Cornillon,38120,"Isère,Auvergne-Rhône-Alpes,Metropolitan France",France,RM,CP,N,,CP - Cutting Plant,,
05.132.001,ABATTOIR COLLECTIF CHAMPSAUR VALGAUDEMAR,ZA DU MOULIN,Saint-Bonnet-en-Champsaur,05500,"Hautes-Alpes,Provence-Alpes-Côte d'Azur,Metropolitan France",France,RM,SH,Y,bovine caprine ovine porcine,SH - Slaughterhouse,,
64.354.004,ABATTOIR D'OSSAU,240 RTE DEPARTEMENTALE 240,Louvie-Soubiron,64440,"Pyrénées-Atlantiques,New Aquitaine,Metropolitan France",France,RM,SH,Y,caprine ovine,SH - Slaughterhouse,,
70.428.017,ABATTOIR DE LA MOTTE,RUE DU BOIS MOURLOT,Pusey,70000,"Haute-Saône,Bourgogne-Franche-Comté,Metropolitan France",France,RM,CP SH,Y,bovine porcine,CP - Cutting Plant | SH - Slaughterhouse,,
87.085.001,ABATTOIR DE LIMOGES METROPOLE,125 RUE DE NEXON,Limoges,87000,"Haute-Vienne,New Aquitaine,Metropolitan France",France,RM,SH,Y,bovine caprine ovine porcine,SH - Slaughterhouse,,
972.13.006,ABATTOIR DE MARTINIQUE,ZI PLACE D'ARMES,Le Lamentin,97232,"Martinique,Martinique,Martinique",France,RM,SH,Y,bovine caprine ovine equine porcine,SH - Slaughterhouse,,
86.165.002,ABATTOIR DE MONTMORILLON,ZI SUD RUE PIERRE PAGENAUD ZI SUD,Montmorillon,86500,"Vienne,New Aquitaine,Metropolitan France",France,RM,CP SH,Y,bovine caprine ovine,CP - Cutting Plant | SH - Slaughterhouse,,
42.005.013,ABATTOIR DE PROXIMITE D'ANDREZIEUX-BOUTHEON-APAB,2 RUE AMELIA EARHARDT,Andrézieux-Bouthéon,42160,"Loire,Auvergne-Rhône-Alpes,Metropolitan France",France,RM,SH,Y,caprine ovine porcine,SH - Slaughterhouse,,
22.266.001,ABATTOIR DE ROSTRENEN,12 RUE ROSA LE HENAFF,Rostrenen,22110,"Côtes-d'Armor,Brittany,Metropolitan France",France,RM,CP SH,Y,bovine caprine ovine porcine,CP - Cutting Plant | SH - Slaughterhouse,,
13.108.005,ABATTOIR DE TARASCON,CHE DE GRASILLE,Tarascon,13150,"Bouches-du-Rhône,Provence-Alpes-Côte d'Azur,Metropolitan France",France,RM,SH,Y,bovine caprine ovine porcine,SH - Slaughterhouse,,
01.053.052,ABATTOIR DES CRETS,5 RUE JOSEPH JACQUARD,Bourg-en-Bresse,01000,"Ain,Auvergne-Rhône-Alpes,Metropolitan France",France,RM,CP,N,bovine caprine ovine porcine,CP - Cutting Plant,,
05.065.001,ABATTOIR DES HAUTES VALLEES,RTE ROUTE DES CAMPINGS,Guillestre,05600,"Hautes-Alpes,Provence-Alpes-Côte d'Azur,Metropolitan France",France,RM,CP SH,Y,bovine caprine ovine equine porcine,CP - Cutting Plant | SH - Slaughterhouse,,
82.121.006,ABATTOIR DU BAS QUERCY,450 AV DE GASSERAS,Montauban,82000,,France,RM,SH,Y,bovine caprine ovine equine porcine,"Tarn-et-Garonne,Occitania,Metropolitan France | SH - Slaughterhouse",,
39.411.002,ABATTOIR DU BASSIN LEDONIEN - EN ABREGE ABL,1295 RUE DE LA LIEME,Perrigny,39570,"Jura,Bourgogne-Franche-Comté,Metropolitan France",France,RM,SH,Y,bovine caprine ovine equine porcine,SH - Slaughterhouse,,
64.422.001,ABATTOIR DU HAUT BEARN,AV DU QUATRE SEPTEMBRE,Oloron-Sainte-Marie,64400,"Pyrénées-Atlantiques,New Aquitaine,Metropolitan France",France,RM,SH,Y,bovine porcine,SH - Slaughterhouse,,
57.631.300,ABATTOIR DU PAYS DE SARREGUEMINES,ZONE INDUSTRIELLE GRAND BOIS RUE GUILLAUME SCHOETTKE ZI DU GRAND BOIS,Sarreguemines,57200,"Moselle,Grand Est,Metropolitan France",France,RM,CP SH,Y,bovine caprine ovine,CP - Cutting Plant | SH - Slaughterhouse,,
12.208.148,ABATTOIR DU SAINT-AFFRICAIN,ZONE ARTISANALE 1085 AV GEORGES POMPIDOU ZONE ARTISANALE,Saint-Affrique,12400,"Aveyron,Occitania,Metropolitan France",France,RM,SH CP,Y,bovine caprine ovine,SH - Slaughterhouse | CP - Cutting Plant,,
81.024.001,ABATTOIR ET DECOUPES DES TUILERIES,Z.A. LA RIVIERE R.D. 999 Z.A. LA RIVIERE,Beauvais-sur-Tescou,81630,"Tarn,Occitania,Metropolitan France",France,RM,CP,N,bovine caprine ovine porcine,CP - Cutting Plant,,
74.173.084,ABATTOIR MONTS ET VALLEES,101 CHE DES GRANDES SOURCES,Megève,74120,"Upper Savoy,Auvergne-Rhône-Alpes,Metropolitan France",France,RM,CP SH,Y,bovine caprine ovine equine porcine,CP - Cutting Plant | SH - Slaughterhouse,,
74.208.001,ABATTOIR MONTS ET VALLEES,385 AV DES RACHES,Passy,74190,"Upper Savoy,Auvergne-Rhône-Alpes,Metropolitan France",France,RM,CP,N,bovine caprine ovine porcine,CP - Cutting Plant,,
66.218.010,ABATTOIR TRANSFRONTALIER CERDAGNE CAPCIR,ABATTOIR TRANSFRONTALIER RTE ROUTE CAMI D'EMPRADELLS ABATTOIR TRANSFRONTALIER,Ur,66760,"Pyrénées-Orientales,Occitania,Metropolitan France",France,RM,SH,Y,bovine caprine ovine porcine,SH - Slaughterhouse,,
88.367.028,ABATTOIR-ADEQUAT SARL,ZONE INDUSTRIELLE NO 4,Rambervillers,88700,"Vosges,Grand Est,Metropolitan France",France,RM,CP SH,Y,bovine caprine ovine porcine,CP - Cutting Plant | SH - Slaughterhouse,,
15.094.001,ABATTOIRS BRUNHES,RUE TREMOLIERE LES ABATTOIRS,Laroquebrou,15150,"Cantal,Auvergne-Rhône-Alpes,Metropolitan France",France,RM,SH CP,Y,bovine caprine ovine equine porcine,SH - Slaughterhouse | CP - Cutting Plant,,
87.014.032,ABATTOIRS DE BESSINES,ABATTOIR LA CROIX DU BREUIL ABATTOIR,Bessines-sur-Gartempe,87250,"Haute-Vienne,New Aquitaine,Metropolitan France",France,RM,SH,Y,bovine caprine ovine,SH - Slaughterhouse,,
01.053.034,ABATTOIRS DES CRETS,3 RUE JOSEPH JACQUARD,Bourg-en-Bresse,01000,"Ain,Auvergne-Rhône-Alpes,Metropolitan France",France,RM,CP SH,Y,porcine,CP - Cutting Plant | SH - Slaughterhouse,,
48.005.001,ABATTOIRS DU GEVAUDAN,IMP DU GEANT,Antrenas,48100,"Lozère,Occitania,Metropolitan France",France,RM,CP SH,Y,bovine caprine ovine equine porcine,CP - Cutting Plant | SH - Slaughterhouse,,
42.052.001,ABATTOIRS DU PAYS DE CHARLIEU,ZONE INDUSTRIELLE RTE DE SAINT BONNET ZONE INDUSTRIELLE,Charlieu,42190,"Loire,Auvergne-Rhône-Alpes,Metropolitan France",France,RM,CP SH,Y,bovine caprine ovine equine porcine,CP - Cutting Plant | SH - Slaughterhouse,,
64.371.001,ABATTOIRS DU PAYS DE SOULE,37 AV BELZUNCE,Mauléon-Licharre / Maule-Lextarre,64130,"Pyrénées-Atlantiques,New Aquitaine,Metropolitan France",France,RM,CP SH,Y,bovine caprine ovine equine porcine,CP - Cutting Plant | SH - Slaughterhouse,,
88.148.002,ABATTOIRS MONTAGNE SUD,335 LE HAUT DES RANGS,Dommartin-lès-Remiremont,88200,"Vosges,Grand Est,Metropolitan France",France,RM,SH CP,Y,bovine caprine ovine porcine,SH - Slaughterhouse | CP - Cutting Plant,,
85.109.010,ACHILLE BERTRAND,LA VERGNAIE RUE FLORIANE,Les Herbiers,85500,"Vendée,Pays de la Loire,Metropolitan France",France,RM,CP,N,bovine caprine ovine,CP - Cutting Plant,,
30.260.001,AGOSTINI,5 CHE DE LA SABATIERE,Saint-Hilaire-d'Ozilhan,30210,"Gard,Occitania,Metropolitan France",France,RM,CP,N,bovine caprine ovine porcine,CP - Cutting Plant,,
35.360.006,AGROM SERVICES,LES TERTRES NOIRS,Vitré,35500,,France,RM,CP,N,bovine caprine ovine porcine,"Ille-et-Vilaine,Brittany,Metropolitan France | CP - Cutting Plant",,
31.992.370,AGROVIA,3 IMP DU MARCHE GARE,Toulouse,31200,"Haute-Garonne,Occitania,Metropolitan France",France,RM,CP,N,bovine,CP - Cutting Plant,,
86.293.001,AK POITIERS,12 RUE DES SABLONS,Vivonne,86370,"Vienne,New Aquitaine,Metropolitan France",France,RM,CP,N,bovine caprine ovine porcine,CP - Cutting Plant,,
86.293.003,AK POITIERS,CHEMIN DE PRAIRE,Vivonne,86370,"Vienne,New Aquitaine,Metropolitan France",France,RM,CP,N,bovine caprine ovine,CP - Cutting Plant,,
30.007.003,ALES VIANDES,ZI DE BRUEGES 1652 AV DES FRERES LUMIERE ZI DE BRUEGES,Alès,30100,"Gard,Occitania,Metropolitan France",France,RM,CP,N,bovine caprine ovine porcine,CP - Cutting Plant,,
83.126.006,ALFA FOOD FACTORY,ZAC DES PLAYES JEAN MONNET ALL D'HELSINKI ZAC DES PLAYES JEAN MONNET,La Seyne-sur-Mer,83500,"Var,Provence-Alpes-Côte d'Azur,Metropolitan France",France,RM,CP,N,bovine,CP - Cutting Plant,,
32.013.020,ALLIANCE ABATTOIR D'AUCH - GERS,RTE D AGEN ABATTOIR,Auch,32000,"Gers,Occitania,Metropolitan France",France,RM,SH CP,Y,bovine,SH - Slaughterhouse | CP - Cutting Plant,,
14.762.106,ALLIANCE DES VIANDES DE FRANCE,RUE D'AUNAY SUR ODON,Vire Normandie,14500,"Calvados,Normandy,Metropolitan France",France,RM,CP,N,porcine,CP - Cutting Plant,,
08.105.201,ALMEA FORMATIONS INTERPRO,129 AV CHARLES DE GAULLE,Charleville-Mézières,08000,"Ardennes,Grand Est,Metropolitan France",France,RM,CP,N,bovine caprine ovine porcine,CP - Cutting Plant,,
73.065.004,ALP' VIANDES SN - SODIVIANDES CHAMBERY COMPTOIR DES V,1426 AV DE LA HOUILLE BLANCHE,Chambéry,73000,"Savoy,Auvergne-Rhône-Alpes,Metropolitan France",France,RM,CP,N,bovine,CP - Cutting Plant,,
44.187.004,ALP-ROUSSE,LA PACAUDERIE,Saint-Père-en-Retz,44320,"Loire-Atlantique,Pays de la Loire,Metropolitan France",France,RM,CP,N,porcine bovine,CP - Cutting Plant,,
69.273.020,ALPES PROVENCE AGNEAUX,5 avenue Montmartin 66960 Corbas,Corbas,69960,"Rhône,Departemental constituency of Rhône,Auvergne-Rhône-Alpes,Metropolitan France",France,RM,CP,N,,CP - Cutting Plant,,
84.053.001,ALPES PROVENCE AGNEAUX,PARC D ACTIVITE RTE DES ABATTOIRS PARC D'ACTIVITE,Grillon,84600,"Vaucluse,Provence-Alpes-Côte d'Azur,Metropolitan France",France,RM,CP,N,caprine ovine,CP - Cutting Plant,,
04.209.013,ALPES PROVENCE AGNEAUX,5 ALL DES GENETS,Sisteron,04200,"Alpes-de-Haute-Provence,Provence-Alpes-Côte d'Azur,Metropolitan France",France,RM,CP,N,bovine caprine ovine porcine,CP - Cutting Plant,,
04.209.014,ALPES PROVENCE AGNEAUX - SEAS,8 ALL DES ROMARINS,Sisteron,04200,"Alpes-de-Haute-Provence,Provence-Alpes-Côte d'Azur,Metropolitan France",France,RM,CP,N,bovine caprine ovine,CP - Cutting Plant,,
74.191.074,ALTIVIANDE,203 RTE DES GRANDES ALPES,Morzine,74110,"Upper Savoy,Auvergne-Rhône-Alpes,Metropolitan France",France,RM,CP,N,bovine porcine,CP - Cutting Plant,,
18.197.003,AMANDIS,BATIMENT B 74 AV DU GENERAL DE GAULLE,Saint-Amand-Montrond,18200,"Cher,Centre-Loire Valley,Metropolitan France",France,RM,CP,N,,CP - Cutting Plant,,
15.180.001,AMILHAUD Sandrine,La Borie,Saint-Clément,15800,"Cantal,Auvergne-Rhône-Alpes,Metropolitan France",France,RM,CP,N,,CP - Cutting Plant,,
95.229.002,AMINECOV,17 B RUE COLBERT,Ézanville,95460,,France,RM,SH,Y,caprine ovine,"Val-d'Oise,Ile-de-France,Metropolitan France | SH - Slaughterhouse",,
77.284.015,AMINECOV MEAUX,12 RUE DU VIDE ARPENTS,Meaux,77100,"Seine-et-Marne,Ile-de-France,Metropolitan France",France,RM,SH,Y,bovine caprine ovine,SH - Slaughterhouse,,
68.270.002,AMURAL PRODUCTIONS,10 RUE DE LA POUDRIERE,Richwiller,68120,,France,RM,CP,N,bovine caprine ovine porcine,"Haut-Rhin,Grand Est,Metropolitan France | CP - Cutting Plant",,
21.054.010,ANDRE & RAZE,ZAC DE LA PORTE DE BEAUNE,Beaune,21200,"Côte-d'Or,Bourgogne-Franche-Comté,Metropolitan France",France,RM,CP,N,bovine caprine ovine porcine,CP - Cutting Plant,,
49.125.003,ANJOU VIANDES,ZONE DE LA SAULAIE RUE PASCAL MAURICE CHARBONNIER,Doué-en-Anjou,49700,"Maine-et-Loire,Pays de la Loire,Metropolitan France",France,RM,CP,N,bovine,CP - Cutting Plant,,
93.013.003,ANKA GROUPE,AEROPORT DE PARIS BOURGET ZONE D'AVIATION D'AFFAIRES,Le Bourget,93350,"Seine-Saint-Denis,Ile-de-France,Metropolitan France",France,RM,CP,N,,CP - Cutting Plant,,
38.012.001,AOSTE SNC OU A SNC - JAMBON D'AOSTE,HAMEAU DE ST DIDIER HAM RD 592 HAMEAU DE ST DIDIER,Aoste,38490,"Isère,Auvergne-Rhône-Alpes,Metropolitan France",France,RM,CP,N,,CP - Cutting Plant,,
83.127.004,APL-GEKKO - GEKKO GOURMET,PARC D ACTIVITES DE SIGNES PARC D ACTIVITES DE SIGNES ALLEE D HELSINKI,Signes,83870,"Var,Provence-Alpes-Côte d'Azur,Metropolitan France",France,RM,CP,N,bovine caprine ovine porcine,CP - Cutting Plant,,
12.208.002,APOLIT VIANDES,1181 AV GEORGES POMPIDOU,Saint-Affrique,12400,"Aveyron,Occitania,Metropolitan France",France,RM,CP,N,porcine,CP - Cutting Plant,,
28.199.001,APPROVISIONNEMENT POUR L'INDUSTRIE,7 rue Pierre et Marie Curie,Janville,28310,,France,RM,CP,N,,"Eure-et-Loir,Centre-Loire Valley,Metropolitan France | CP - Cutting Plant",,
32.013.023,ARCADIE VIANDES,RTE D AGEN,Auch,32000,"Gers,Occitania,Metropolitan France",France,RM,CP,N,bovine caprine ovine porcine,CP - Cutting Plant,,
40.192.003,ARCADIE VIANDES,109 RUE DE LA FERME DE FATIGUE,Mont-de-Marsan,40000,"Landes,New Aquitaine,Metropolitan France",France,RM,CP,N,bovine,CP - Cutting Plant,,
64.024.005,ARCADIE VIANDES,RUE DU LAZARET,Anglet,64600,"Pyrénées-Atlantiques,New Aquitaine,Metropolitan France",France,RM,CP SH,Y,bovine caprine ovine equine porcine,CP - Cutting Plant | SH - Slaughterhouse,,
FR64233095,ARENES DE GARLIN,Boulevard des Remparts,Garlin,64330,"Pyrénées-Atlantiques,New Aquitaine,Metropolitan France",France,RM,SH,Y,,SH - Slaughterhouse,,
42.129.002,ARMAND FABRICE,13 LES CURES,Maclas,42520,"Loire,Auvergne-Rhône-Alpes,Metropolitan France",France,RM,CP,N,bovine caprine ovine porcine,CP - Cutting Plant,,
94.065.154,ARNOULT SA,37 Rue des Déchargeurs,Rungis,94150,,France,RM,CP,N,bovine caprine ovine porcine,"Val-de-Marne,Ile-de-France,Metropolitan France | CP - Cutting Plant",,
77.382.001,AS PROCESS,76 RUE DE COULOMMES,Quincy-Voisins,77860,"Seine-et-Marne,Ile-de-France,Metropolitan France",France,RM,CP,N,bovine caprine ovine,CP - Cutting Plant,,
94.016.018,ASIE GOURMET,84 RUE DU COLONEL FABIEN,Cachan,94230,,France,RM,CP,N,,"Val-de-Marne,Ile-de-France,Metropolitan France | CP - Cutting Plant",,
12.176.098,ASS CHAMBRE DES METIERS,CANTARANNE,Onet-le-Château,12850,"Aveyron,Occitania,Metropolitan France",France,RM,CP,N,bovine caprine ovine porcine,CP - Cutting Plant,,
42296951900012,ASS CULTURELLE DES MUSULMANS DE BEHREN,IMPASSE CHATEAUBRIAND 57460 BEHREN-LES-FORBACH,Behren-lès-Forbach,57460,"Moselle,Grand Est,Metropolitan France",France,RM,SH,Y,ovine,SH - Slaughterhouse,,
63.113.546,ASS DEVELOPP INSTITUT VIANDE,ZAC PARC IND DES GRAVANCHES 10 RUE JACQUELINE AURIOL ZAC PARC IND DES GRAVANCHES,Clermont-Ferrand,63100,,France,RM,CP,N,bovine porcine,"Puy-de-Dôme,Auvergne-Rhône-Alpes,Metropolitan France | CP - Cutting Plant",,
26.165.021,ASS DROME ARDECHE FORMATION PROFESSION,RUE DE LA SABLIERE,Livron-sur-Drôme,26250,"Drôme,Auvergne-Rhône-Alpes,Metropolitan France",France,RM,CP,N,bovine,CP - Cutting Plant,,
63.113.642,ASS FORMAT PROFESS PERMANENTE,14 RUE DU CHATEAU DES VERGNES,Clermont-Ferrand,63100,,France,RM,CP,N,bovine caprine ovine,"Puy-de-Dôme,Auvergne-Rhône-Alpes,Metropolitan France | CP - Cutting Plant",,
25.056.019,ASS GESTION CENTRE FORMATION APPRENTIS - CFA HILAIRE DE CHARDONNET,3 CHE DE LA MALCOMBE,Besançon,25000,"Doubs,Bourgogne-Franche-Comté,Metropolitan France",France,RM,CP,N,,CP - Cutting Plant,,
43.018.301,ASS GESTION INSTITUT FORMATION PROF 43,LES YSSETS,Bains,43370,"Haute-Loire,Auvergne-Rhône-Alpes,Metropolitan France",France,RM,CP,N,porcine,CP - Cutting Plant,,
58.160.002,ASSOC PROMO APPRENTI POLYVALEN,21 RUE DES CARRIERES,Marzy,58180,"Nièvre,Bourgogne-Franche-Comté,Metropolitan France",France,RM,CP,N,bovine porcine,CP - Cutting Plant,,
FR42218035ISV,ASSOCIATION CULTURELLE DES MUSULMANS DE MONTREYNAUD - SAINT ETIENNE - ABATTOIR TEMPORAIRE,6 RUE DU MOULIN PERRAULT,St Etienne,42000,"Auvergne-Rhône-Alpes,Metropolitan France",France,RM,SH,Y,ovine,SH - Slaughterhouse,,
07.340.001,ASSOCIATION HOSPITALIERE SAINTE MARIE - CAT ST JOSEPH,CHEMIN DE LA BAREZE,Veyras,07000,"Ardèche,Auvergne-Rhône-Alpes,Metropolitan France",France,RM,CP,N,bovine caprine ovine porcine,CP - Cutting Plant,,
48.009.004,ASTRO DISTRIBUTION AUMONT - AUCHAN SUPERMARCHE,PONT D ARCHAT AUMONT AUBRAC RN 9 AV DE LA MERIDIENNE - RN 9 PONT D'ARCHAT - AUMONT-AUBRAC,Peyre-en-Aubrac,48130,"Lozère,Occitania,Metropolitan France",France,RM,CP,N,,CP - Cutting Plant,,
11.103.007,ATELIER DE DECOUPE,LIEU DIT PASTABRAC,Couiza,11190,"Aude,Occitania,Metropolitan France",France,RM,CP,N,bovine caprine ovine porcine,CP - Cutting Plant,,
12.044.014,ATELIER DE DECOUPE DE CAMARES,12 ZA DE BEL AIR,Camarès,12360,"Aveyron,Occitania,Metropolitan France",France,RM,CP,N,bovine caprine ovine porcine,CP - Cutting Plant,,
09.305.002,ATELIER DE DECOUPE DU PAYS D'OLMES - ADDPO,ZONE ARTISANALE,Tabre,09600,"Ariège,Occitania,Metropolitan France",France,RM,CP,N,bovine caprine ovine porcine,CP - Cutting Plant,,
FR 61.418.007 UE,ATELIER DE DECOUPE LE CLOS DES CHAMPS,Le Clos des Champs,Saint-Mard-de-Réno,61400,"Orne,Normandy,Metropolitan France",France,RM,CP,N,bovine ovine porcine,CP - Cutting Plant,,
81.203.101,ATELIER DE DECOUPE PAULINETOIS,LE BOURG,Paulinet,81250,"Tarn,Occitania,Metropolitan France",France,RM,CP,N,bovine caprine ovine equine porcine,CP - Cutting Plant,,
42.305.003,ATELIER FOREZIEN DU FRAIS - AFFRAIS- AFFRAIS PROD- AFFRAIS LOG,POLE DE LA VIANDE 55 ALL DE LA HALLE POLE DE LA VIANDE,La Talaudière,42350,"Loire,Auvergne-Rhône-Alpes,Metropolitan France",France,RM,CP,N,bovine caprine ovine porcine,CP - Cutting Plant,,
76.709.001,ATHOR,RUE DE LA PLAGE,Le Trait,76580,"Seine-Maritime,Normandy,Metropolitan France",France,RM,SH CP,Y,bovine caprine ovine equine,SH - Slaughterhouse | CP - Cutting Plant,,
29.131.002,AU BIEN FAIT,LE PONTIC,Locmélar,29400,"Finistère,Brittany,Metropolitan France",France,RM,CP,N,bovine caprine porcine,CP - Cutting Plant,,
46.012.001,AU BON TERROIR D'AYNAC,RUE DU PONT CARRAL,Aynac,46120,"Lot,Occitania,Metropolitan France",France,RM,CP,N,bovine caprine ovine porcine,CP - Cutting Plant,,
80.721.001,AU COIN GOUTEUX,ALL DU LILAS DE MER,Saint-Valery-sur-Somme,80230,"Somme,Nord-Pas-de-Calais and Picardy,Metropolitan France",France,RM,CP,N,bovine caprine ovine porcine,CP - Cutting Plant,,
49.069.001,AU FIL DE LA VIANDE,LA BERGERE SAINT LAURENT DES AUTELS,Orée-d'Anjou,49270,"Maine-et-Loire,Pays de la Loire,Metropolitan France",France,RM,CP,N,bovine porcine,CP - Cutting Plant,,
88.487.042,AU FUME CAMPAGNARD,RUE DU DEVAU,Le Val-d'Ajol,88370,"Vosges,Grand Est,Metropolitan France",France,RM,CP,N,bovine porcine,CP - Cutting Plant,,
76.540.019,AU GIBIER DE FRANCE,MIN AV DU CDT BERNARD BICHERAY MIN,Rouen,76032,"Seine-Maritime,Normandy,Metropolitan France",France,RM,CP,N,bovine caprine ovine porcine,CP - Cutting Plant,,
42.028.002,AU PARTOURET,ZONE ARTISANALE OU ZONE D'ACTIVITE LA GARE ZONE ARTISANALE OU ZONE D'ACTIVITE,Burdignes,42220,"Loire,Auvergne-Rhône-Alpes,Metropolitan France",France,RM,CP,N,bovine caprine ovine equine porcine,CP - Cutting Plant,,
71.370.003,AUBLANC JULIEN,LIEUDIT LE MONTOT,Rigny-sur-Arroux,71160,"Saône-et-Loire,Bourgogne-Franche-Comté,Metropolitan France",France,RM,CP,N,bovine caprine ovine porcine,CP - Cutting Plant,,
82087431100021,AUDELEA,3 VILLAGE HECQUARD,Ver,50450,"Manche,Normandy,Metropolitan France",France,RM,SH,Y,bovine,SH - Slaughterhouse,,
48.191.001,AULAS SYLVAIN - AUX SAVEURS D AUTRE FOIE,_,La Tieule,48500,"Lozère,Occitania,Metropolitan France",France,RM,CP,N,caprine ovine porcine,CP - Cutting Plant,,
59.033.002,AULD'Y VIANDES,70 RUE LA FONTAINE,Aulnoye-Aymeries,59620,"Nord,Nord-Pas-de-Calais and Picardy,Metropolitan France",France,RM,CP,N,bovine caprine ovine porcine,CP - Cutting Plant,,
17.166.001,AUNIS DECOUPE VIANDE,PUYDROUARD 6 GRANDE RUE PUYDROUARD,Forges,17290,"Charente-Maritime,New Aquitaine,Metropolitan France",France,RM,CP,N,bovine caprine ovine,CP - Cutting Plant,,
63.300.030,AUVERGNE VIANDE S A - CLERMONT VIANDES,32 FG DE LA BADE,Riom,63200,,France,RM,CP,N,bovine caprine ovine porcine,"Puy-de-Dôme,Auvergne-Rhône-Alpes,Metropolitan France | CP - Cutting Plant",,
64.238.012,AUX SAVEURS DE LA FERME,5 CHE DE MARUCAT,Ger,64530,"Pyrénées-Atlantiques,New Aquitaine,Metropolitan France",France,RM,CP,N,porcine,CP - Cutting Plant,,
22.122.001,AVAC,LD BUBLION,Laurenan,22330,"Côtes-d'Armor,Brittany,Metropolitan France",France,RM,CP,N,bovine caprine ovine porcine,CP - Cutting Plant,,
94.022.009,AYA - AYA BIO,23 RUE GUY MOQUET,Choisy-le-Roi,94600,,France,RM,CP,N,,"Val-de-Marne,Ile-de-France,Metropolitan France | CP - Cutting Plant",,
FR57227176,Abattoir temporaire FORBACH,Rue Jean Baptiste LEJOINDRE,Forbach,57600,"Moselle,Grand Est,Metropolitan France",France,RM,SH,Y,ovine,SH - Slaughterhouse,,
72.154.006,Agro Minerai Industrie,Rue Gilbert Romme,La Flèche,72200,"Sarthe,Pays de la Loire,Metropolitan France",France,RM,CP,N,porcine,CP - Cutting Plant,,
13.108.001,Alazard et roux,Che de Grasille,Tarascon,13150,"Bouches-du-Rhône,Provence-Alpes-Côte d'Azur,Metropolitan France",France,RM,CP,N,bovine caprine ovine equine porcine,CP - Cutting Plant,,
80135674200016,Association Franco Maghrébine de Chenove,14 Rue Jacques Daguerre,Chenôve,21300,"Côte-d'Or,Bourgogne-Franche-Comté,Metropolitan France",France,RM,SH,Y,ovine,SH - Slaughterhouse,,
48.198.013,BADAOUI NAJEM - MAISON MATHIEU,57 PL DU BOSQUET,Villefort,48800,"Lozère,Occitania,Metropolitan France",France,RM,CP,N,bovine caprine ovine porcine,CP - Cutting Plant,,
64.545.002,BASCO,1405 RTE D IBARDIN,Urrugne,64122,"Pyrénées-Atlantiques,New Aquitaine,Metropolitan France",France,RM,CP,N,bovine caprine ovine porcine,CP - Cutting Plant,,
79.191.002,BATY-VIANDES,11 RUE THOMAS PORTAU,Niort,79000,,France,RM,CP,N,porcine,"Deux-Sèvres,New Aquitaine,Metropolitan France | CP - Cutting Plant",,
75.114.014,BBR BOUCHERIE DE LA SABLIERE - BOUCHERIE DE LA SABLIERE,11 RUE DE LA SABLIERE,14th Arrondissement,75014,"Paris,Ile-de-France,Metropolitan France",France,RM,CP,N,bovine caprine ovine porcine,CP - Cutting Plant,,
94.065.230,BBV SAS,V507 2 RUE DE L AUBRAC MIN V507,Rungis,94150,,France,RM,CP,N,bovine caprine ovine,"Val-de-Marne,Ile-de-France,Metropolitan France | CP - Cutting Plant",,
56.033.001,BDE VIANDE,32 RUE DE BOURRIENNE,Carentoir,56910,"Morbihan,Brittany,Metropolitan France",France,RM,CP,N,bovine ovine porcine,CP - Cutting Plant,,
45.029.001,BEAULIEU LA PREBENDERIE,LA PREBENDERIE,Beaulieu-sur-Loire,45630,"Loiret,Centre-Loire Valley,Metropolitan France",France,RM,CP,N,bovine,CP - Cutting Plant,,
64.419.008,BEL'AIR,LOTISSEMENT BEL'AIR,Nousty,64420,"Pyrénées-Atlantiques,New Aquitaine,Metropolitan France",France,RM,CP,N,bovine caprine ovine,CP - Cutting Plant,,
15.030.002,BENOIT RODES,LAGARRIGUE,Cayrols,15290,"Cantal,Auvergne-Rhône-Alpes,Metropolitan France",France,RM,CP,N,,CP - Cutting Plant,,
16.223.002,BERNARD LARAPIDIE,3 RTE DE VOUTHON GRIGNOL,Montbron,16220,"Charente,New Aquitaine,Metropolitan France",France,RM,CP,N,bovine caprine ovine porcine,CP - Cutting Plant,,
09.225.022,BERNAULT VIANDES,ZI DU PIC LE FEMOURAS,Pamiers,09100,"Ariège,Occitania,Metropolitan France",France,RM,CP,N,bovine caprine ovine porcine,CP - Cutting Plant,,
94.065.476,BERNEAU A. - BERNEAU A,5 RUE DE L AUBRAC MIN,Rungis,94150,,France,RM,CP,N,porcine,"Val-de-Marne,Ile-de-France,Metropolitan France | CP - Cutting Plant",,
18.279.001,BERRY,ESPACE SOLOGNE AV DU 19 MARS 1962 ESPACE SOLOGNE,Vierzon,18100,"Cher,Centre-Loire Valley,Metropolitan France",France,RM,CP,N,bovine caprine ovine porcine,CP - Cutting Plant,,
79.202.022,BERTAUX,52 AVENUE ARISTIDE BRIAND,Parthenay,79200,,France,RM,CP,N,,"Deux-Sèvres,New Aquitaine,Metropolitan France | CP - Cutting Plant",,
974.16.032,BETAIL DE L'ILE SOVIFRAIS,344 AV DU GENERAL DE GAULLE GRAND BOIS,Saint-Pierre,97410,"Réunion,Réunion,Réunion",France,RM,CP,N,bovine porcine,CP - Cutting Plant,,
62.028.001,BEUGIN PASCAL,26 RUE DE LILLERS,Ames,62190,,France,RM,CP,N,bovine caprine ovine porcine,"Pas-de-Calais,Nord-Pas-de-Calais and Picardy,Metropolitan France | CP - Cutting Plant",,
32.159.108,BEUSTE JEAN,Vidalies,L'Isle-de-Noé,32300,"Gers,Occitania,Metropolitan France",France,RM,CP,N,bovine,CP - Cutting Plant,,
38.185.007,BF VIANDES,RUE DES ALLIES MARCHE D INTERET NATIONAL,Grenoble,38100,"Isère,Auvergne-Rhône-Alpes,Metropolitan France",France,RM,CP,N,bovine porcine,CP - Cutting Plant,,
91.086.020,BG APPRO - BG APPRO - ROUGE ET TENDRE,ZAC DE LA MARINIERE 6 RUE DU CANAL ZAC DE LA MARINIERE,Bondoufle,91070,"Essonne,Ile-de-France,Metropolitan France",France,RM,CP,N,bovine,CP - Cutting Plant,,
85.159.001,BG VIANDES,RUE DE LA GROIX,Nalliers,85370,"Vendée,Pays de la Loire,Metropolitan France",France,RM,CP,N,bovine caprine ovine equine porcine,CP - Cutting Plant,,
71.212.028,BICHET DAVID - FERME BICHET,LIEU DIT CHAVANNE,Génelard,71420,"Saône-et-Loire,Bourgogne-Franche-Comté,Metropolitan France",France,RM,CP,N,bovine caprine ovine,CP - Cutting Plant,,
85.047.020,BICHON G.L,BOULEVARD DU BOIS DU BREUIL,Challans,85300,"Vendée,Pays de la Loire,Metropolitan France",France,RM,CP,N,bovine caprine ovine,CP - Cutting Plant,,
86 289 002,BICHON GL,LE CERIOLET,Le Vigeant,86150,"Vienne,New Aquitaine,Metropolitan France",France,RM,CP SH,Y,,CP - Cutting Plant | SH - Slaughterhouse,,
38.170.008,BIGARD DISTRIBUTION,ZONE INDUSTRIELLE NORD 9 RUE DES ABATTOIRS,Saint-Égrève,38120,"Isère,Auvergne-Rhône-Alpes,Metropolitan France",France,RM,CP,N,,CP - Cutting Plant,,
06.088.042,BIGARD DISTRIBUTION,MIN ST AUGUSTIN MIN DES VIANDES BOX 91,Nice,06200,"Maritime Alps,Provence-Alpes-Côte d'Azur,Metropolitan France",France,RM,CP,N,bovine caprine ovine porcine,CP - Cutting Plant,,
06.029.001,BIGARD DISTRIBUTION,219 AV MICHEL JOURDAN,Cannes,06150,"Maritime Alps,Provence-Alpes-Côte d'Azur,Metropolitan France",France,RM,CP,N,bovine caprine ovine porcine,CP - Cutting Plant,,
31.091.001,BIGARD DISTRIBUTION,4 AV DE L'EURO,Bruguières,31150,"Haute-Garonne,Occitania,Metropolitan France",France,RM,CP,N,bovine caprine ovine porcine,CP - Cutting Plant,,
69.273.159,BIGARD DISTRIBUTION,11 AV DE MONTMARTIN,Corbas,69960,"Rhône,Departemental constituency of Rhône,Auvergne-Rhône-Alpes,Metropolitan France",France,RM,CP,N,bovine,CP - Cutting Plant,,
83.054.007,BIGARD DISTRIBUTION,POLE AGRO ALIMENTAIRE 170 RUE PIERRE GILLE DE GENNES POLE AGRO ALIMENTAIRE,La Farlède,83210,"Var,Provence-Alpes-Côte d'Azur,Metropolitan France",France,RM,CP,N,bovine caprine ovine porcine,CP - Cutting Plant,,
34.172.003,BIGARD DISTRIBUTION,BATIMENT 0 371 AV DU MARCHE GARE BAT 0,Montpellier,34000,"Hérault,Occitania,Metropolitan France",France,RM,CP,N,bovine caprine ovine porcine,CP - Cutting Plant,,
22.272.025,BIO ARTISANAL DE BRETAGNE,ZA DE KERHOLLO,Saint-Agathon,22200,"Côtes-d'Armor,Brittany,Metropolitan France",France,RM,CP,N,bovine caprine ovine porcine,CP - Cutting Plant,,
33.126.337,BIO DECOUP,DOM DES FAURES,Civrac-de-Blaye,33920,"Gironde,New Aquitaine,Metropolitan France",France,RM,CP,N,bovine caprine ovine porcine,CP - Cutting Plant,,
62.014.001,BONCOLAC TRAITEUR,PARC D ACTIVITE ST MARTIN 25 RTE NATIONALE 43,Aire-sur-la-Lys,62120,,France,RM,CP,N,bovine,"Pas-de-Calais,Nord-Pas-de-Calais and Picardy,Metropolitan France | CP - Cutting Plant",,
86.066.013,BONDY VIANDES SARL,ZI DU SANITAL 12 AV ALFRED NOBEL ZI DU SANITAL,Châtellerault,86100,"Vienne,New Aquitaine,Metropolitan France",France,RM,CP,N,bovine caprine ovine porcine,CP - Cutting Plant,,
30.189.014,BONIFACE LOUIS,3214 RTE DE MONTPELLIER,Nîmes,30900,"Gard,Occitania,Metropolitan France",France,RM,CP,N,bovine caprine ovine porcine,CP - Cutting Plant,,
43.157.027,BONNEFOY,10 RTE DE MONTREDON,Le Puy-en-Velay,43000,"Haute-Loire,Auvergne-Rhône-Alpes,Metropolitan France",France,RM,CP,N,bovine caprine ovine porcine,CP - Cutting Plant,,
77.215.001,BONNY SAS - BONNY PARIS L'ESPRIT GOURMET,14 A 16 - ZONE INDUSTRIELLE 14 IMP DENIS PAPIN 14 A 16 - ZONE INDUSTRIELLE,Gretz-Armainvilliers,77220,"Seine-et-Marne,Ile-de-France,Metropolitan France",France,RM,CP,N,bovine caprine ovine porcine,CP - Cutting Plant,,
06.088.033,BONVENTRE VIANDES DISTRIBUTION,MIN ST AUGUSTIN PARTIE VIANDES BOX 84,Nice,06200,"Maritime Alps,Provence-Alpes-Côte d'Azur,Metropolitan France",France,RM,CP,N,bovine caprine ovine porcine,CP - Cutting Plant,,
06.029.004,BOUCHERIE AGRICOLE,MARCHE FORVILLE 9 PL MARCHE FORVILLE,Cannes,06400,"Maritime Alps,Provence-Alpes-Côte d'Azur,Metropolitan France",France,RM,CP,N,bovine caprine ovine porcine,CP - Cutting Plant,,
15.094.003,BOUCHERIE BRUNHES,RUE DU 19 MARS 1962,Laroquebrou,15150,"Cantal,Auvergne-Rhône-Alpes,Metropolitan France",France,RM,CP,N,bovine caprine ovine porcine,CP - Cutting Plant,,
91.027.001,BOUCHERIE CBE QUARTIER DES VIANDES,102 AV HENRI DUNANT,Athis-Mons,91200,"Essonne,Ile-de-France,Metropolitan France",France,RM,CP,N,bovine caprine ovine porcine,CP - Cutting Plant,,
11.009.001,BOUCHERIE CHARCUTERIE BAREIL,FONTORBE RN 113 - FONTORBE FONTORBE,Alzonne,11170,"Aude,Occitania,Metropolitan France",France,RM,CP,N,bovine caprine ovine porcine,CP - Cutting Plant,,
64.484.002,BOUCHERIE CHARCUTERIE BASQUAISE SARL - MAISON GASTELLOU,QUA LA MADELEINE,Saint-Jean-le-Vieux,64220,"Pyrénées-Atlantiques,New Aquitaine,Metropolitan France",France,RM,CP,N,bovine porcine,CP - Cutting Plant,,
12.133.001,BOUCHERIE CHARCUTERIE BOUSQUET,143 AV DE RODEZ LA PRIMAUBE,Luc-la-Primaube,12450,"Aveyron,Occitania,Metropolitan France",France,RM,CP,N,bovine caprine ovine porcine,CP - Cutting Plant,,
15.154.051,BOUCHERIE CHARCUTERIE CAMBON,9 RUE DE KAIRIE,Polminhac,15800,"Cantal,Auvergne-Rhône-Alpes,Metropolitan France",France,RM,CP,N,porcine,CP - Cutting Plant,,
32.289.002,BOUCHERIE CHARCUTERIE DE CAMPAGNE,_,Montpézat,32220,"Gers,Occitania,Metropolitan France",France,RM,CP,N,bovine caprine ovine porcine,CP - Cutting Plant,,
33.063.026,BOUCHERIE CHARCUTERIE DES CAPUCINS,10-12 10 RUE CLARE,Bordeaux,33800,"Gironde,New Aquitaine,Metropolitan France",France,RM,CP,N,bovine caprine ovine porcine,CP - Cutting Plant,,
43.172.001,BOUCHERIE CHARCUTERIE DES SOURCES,6 PL JEAN BEAL,Saint-Bonnet-le-Froid,43290,"Haute-Loire,Auvergne-Rhône-Alpes,Metropolitan France",France,RM,CP,N,bovine caprine ovine porcine,CP - Cutting Plant,,
67.458.003,BOUCHERIE CHARCUTERIE FECHTER,33 RTE D OHLUNGEN,Schweighouse-sur-Moder,67500,,France,RM,CP,N,bovine caprine ovine porcine,"Bas-Rhin,Grand Est,Metropolitan France | CP - Cutting Plant",,
48.116.001,BOUCHERIE CHARCUTERIE FOLCHER,LA MOLINE,Pont-de-Montvert-Sud-Mont-Lozère,48220,"Lozère,Occitania,Metropolitan France",France,RM,CP,N,bovine caprine ovine porcine,CP - Cutting Plant,,
29.020.003,BOUCHERIE CHARCUTERIE MENEZ,RUE DE KERHAPP,Briec,29150,"Finistère,Brittany,Metropolitan France",France,RM,CP,N,bovine,CP - Cutting Plant,,
22.093.009,BOUCHERIE CHARCUTERIE TRAITEUR BEUVE,ZONE INDUSTRIELLE BEAUSOLEIL BEAU SOLEIL ZI BEAUSOLEIL,Lamballe,22400,"Côtes-d'Armor,Brittany,Metropolitan France",France,RM,CP,N,porcine,CP - Cutting Plant,,
67.389.001,BOUCHERIE CHARCUTERIE TRAITEUR HERRMANN,ZI DU RAMELPLATZ 2 RUE DU CHEMIN DE FER ZI DU RAMELPLATZ,Reichstett,67116,,France,RM,CP,N,bovine porcine,"Bas-Rhin,Grand Est,Metropolitan France | CP - Cutting Plant",,
15.181.002,BOUCHERIE CHARCUTERIE VIEYRES FILS,25 RUE DU CANTOU SAINT-CONSTANT,Saint-Constant-Fournoulès,15600,"Cantal,Auvergne-Rhône-Alpes,Metropolitan France",France,RM,CP,N,bovine caprine ovine porcine,CP - Cutting Plant,,
67.447.004,BOUCHERIE CHARCUTIERE FINE BUCHINGER - BUCHINGER FREDERIC ET CIE,11 RUE CHATEAU D ANGLETERRE,Schiltigheim,67300,,France,RM,CP,N,bovine caprine ovine,"Bas-Rhin,Grand Est,Metropolitan France | CP - Cutting Plant",,
16.064.012,BOUCHERIE DE L'EGLISE,9 RUE FRANCOIS DEGUEREY,Brigueuil,16420,"Charente,New Aquitaine,Metropolitan France",France,RM,CP,N,,CP - Cutting Plant,,
93.001.050,BOUCHERIE DE LA PORTE DE LA VILLETTE,1 RUE SOLFERINO,Aubervilliers,93300,"Seine-Saint-Denis,Ile-de-France,Metropolitan France",France,RM,CP,N,bovine caprine ovine porcine,CP - Cutting Plant,,
48.038.001,BOUCHERIE DU HAUT ALLIER,RTE DE GRANDRIEU,Bel-Air-Val-d'Ance,48600,"Lozère,Occitania,Metropolitan France",France,RM,CP,N,bovine caprine ovine porcine,CP - Cutting Plant,,
22.093.013,BOUCHERIE DU PENTHIEVRE - BOUCHERIE GAULAY/BOUCHERIE PENTHIEV,2 RUE DES AVERIES 2 RUE DE LA SAUDRAIE 2 RUE DES AVERIES,Lamballe,22400,"Côtes-d'Armor,Brittany,Metropolitan France",France,RM,CP,N,bovine caprine ovine porcine,CP - Cutting Plant,,
28.085.305,BOUCHERIE DYNAMIQUE,RUE HENRI MACE,Chartres,28019,,France,RM,CP,N,bovine caprine ovine porcine,"Eure-et-Loir,Centre-Loire Valley,Metropolitan France | CP - Cutting Plant",,
62.765.016,BOUCHERIE FAGOO,RUE SAINT ADRIEN,Saint-Omer,62500,,France,RM,CP,N,bovine caprine ovine porcine,"Pas-de-Calais,Nord-Pas-de-Calais and Picardy,Metropolitan France | CP - Cutting Plant",,
37.172.018,BOUCHERIE GALLAIS,3 RUE ROBERT SCHUMANN LES BEAUCES,Notre-Dame-d'Oé,37390,"Indre-et-Loire,Centre-Loire Valley,Metropolitan France",France,RM,CP,N,bovine caprine ovine porcine,CP - Cutting Plant,,
11.069.009,BOUCHERIE IZARD,27 AV DU PDT FRANKLIN ROOSEVELT,Carcassonne,11000,"Aude,Occitania,Metropolitan France",France,RM,CP,N,bovine caprine ovine porcine,CP - Cutting Plant,,
94.054.001,BOUCHERIE LALAUZE,17 RUE DES CARRIERES RUE DU BAS MARIN 17 RUE DES CARRIERES,Orly,94310,,France,RM,CP,N,bovine caprine ovine porcine,"Val-de-Marne,Ile-de-France,Metropolitan France | CP - Cutting Plant",,
61.300.007,BOUCHERIE LORIN,LD LA BELLANGERIE,Moutiers-au-Perche,61110,"Orne,Normandy,Metropolitan France",France,RM,CP,N,bovine caprine ovine equine porcine,CP - Cutting Plant,,
25.320.050,BOUCHERIE PAILLARD FRERES,9 AV DE LA GARE,Labergement-Sainte-Marie,25160,"Doubs,Bourgogne-Franche-Comté,Metropolitan France",France,RM,CP,N,porcine,CP - Cutting Plant,,
48.049.001,BOUCHERIE SALTEL,TRA DE L'AOURO,Bourgs sur Colagne,48100,"Lozère,Occitania,Metropolitan France",France,RM,CP,N,bovine caprine ovine porcine,CP - Cutting Plant,,
33.090.006,BOUCHERIE SOVIAN-GAZEAU ET FILS,DU COURNEAU 4 RUE DU PRE MEUNIER,Canéjan,33610,"Gironde,New Aquitaine,Metropolitan France",France,RM,CP,N,bovine caprine ovine porcine,CP - Cutting Plant,,
68.224.013,BOUCHERIE-CHARCUTERIE WITTMANN-BRAND,64 RUE DU MANEGE,Mulhouse,68100,,France,RM,CP,N,bovine caprine ovine porcine,"Haut-Rhin,Grand Est,Metropolitan France | CP - Cutting Plant",,
31.555.145,BOUCHERIES BARREAUX,29 RUE AUGUSTE GUENOT,Toulouse,31100,"Haute-Garonne,Occitania,Metropolitan France",France,RM,CP,N,bovine,CP - Cutting Plant,,
94.065.335,BOUCHERIES LEGER,90 RUE DES PROUVAIRES MIN V1T,Rungis,94150,,France,RM,CP,N,bovine caprine ovine porcine,"Val-de-Marne,Ile-de-France,Metropolitan France | CP - Cutting Plant",,
78.158.001,BOUCHERIES NIVERNAISES PARLY II,2 AV DE LA BRETECHE CTRE COMMERCIAL PARLY II,Rocquencourt,78150,"Yvelines,Ile-de-France,Metropolitan France",France,RM,CP,N,bovine caprine ovine porcine,CP - Cutting Plant,,
75.108.002,BOUCHERIES NIVERNAISES SAINT HONORE,99 RUE DU FAUBOURG SAINT HONORE,8th Arrondissement of Paris,75008,"Paris,Ile-de-France,Metropolitan France",France,RM,CP,N,bovine caprine ovine porcine,CP - Cutting Plant,,
49.225.006,BOUHOURD STEPHANE,NEUVY EN MAUGES 28 RUE FRANCOIS COUGOUL,Chemillé-en-Anjou,49120,"Maine-et-Loire,Pays de la Loire,Metropolitan France",France,RM,CP,N,bovine porcine,CP - Cutting Plant,,
89.024.002,BOURGOGNE SALAISONS,45 AV JEAN MERMOZ,Auxerre,89000,"Yonne,Bourgogne-Franche-Comté,Metropolitan France",France,RM,CP,N,bovine porcine,CP - Cutting Plant,,
71.306.003,BOURGOGNE SALAISONS - PORC 71,LE PRE LONG,Montceau-les-Mines,71300,"Saône-et-Loire,Bourgogne-Franche-Comté,Metropolitan France",France,RM,CP,N,porcine,CP - Cutting Plant,,
12.035.004,BRASC DECOUPE,LE BOURG,Brasc,12550,"Aveyron,Occitania,Metropolitan France",France,RM,CP,N,bovine caprine ovine porcine,CP - Cutting Plant,,
29.232.002,BRETAGNE VIANDES DISTRIBUTION,10 RUE LOUIS LE BOURHIS ZAC DE KERGONAN,Quimper,29000,"Finistère,Brittany,Metropolitan France",France,RM,CP SH,Y,bovine caprine ovine,CP - Cutting Plant | SH - Slaughterhouse,,
29.232.009,BRETAGNE VIANDES DISTRIBUTION,6 RUE DU TRO BREIZ ZAC DE KERGONAN,Quimper,29000,"Finistère,Brittany,Metropolitan France",France,RM,CP,N,bovine,CP - Cutting Plant,,
72.346.002,BRETON VIANDE,42 LA GRANDE PERRIERE,La Suze-sur-Sarthe,72210,"Sarthe,Pays de la Loire,Metropolitan France",France,RM,CP,N,,CP - Cutting Plant,,
35.022.001,BROCELIANDE - ALH,RUE DE LA LIBERATION,Miniac-sous-Bécherel,35190,,France,RM,CP,N,porcine,"Ille-et-Vilaine,Brittany,Metropolitan France | CP - Cutting Plant",,
53.022.001,BROCHARD LAMBERT,LA PIRONNAIS,La Bazouge-de-Chemeré,53170,"Mayenne,Pays de la Loire,Metropolitan France",France,RM,CP,N,bovine,CP - Cutting Plant,,
72.331.001,Bahier,Rte de Paris,Sceaux-sur-Huisne,72160,"Sarthe,Pays de la Loire,Metropolitan France",France,RM,CP,N,porcine,CP - Cutting Plant,,
13.214.013,Bigard distribution,Marche des Arnavaux Box 703C,Marseille 14e Arrondissement,13014,"Bouches-du-Rhône,Provence-Alpes-Côte d'Azur,Metropolitan France",France,RM,CP,N,bovine caprine ovine porcine,CP - Cutting Plant,,
19.246.002,"C A V I A R ""CENTRE D'AFFINAGE DES VIANDES DE RESTAURANTS""",ZAC DE LA NAU,Saint-Viance,19240,"Corrèze,New Aquitaine,Metropolitan France",France,RM,CP,N,bovine,CP - Cutting Plant,,
94.065.223,C N E R - CONSEIL ET NEGOCE EUROPEEN EN RESTAURATION,BATIMENT E5-CP40159 30 AV DE NORMANDIE,Rungis,94150,,France,RM,CP,N,bovine caprine ovine porcine,"Val-de-Marne,Ile-de-France,Metropolitan France | CP - Cutting Plant",,
68.066.009,C'FRAIS - COLMAR FRAIS DISTRIBUTION,5 RUE DENIS PAPIN,Colmar,68000,,France,RM,CP,N,bovine,"Haut-Rhin,Grand Est,Metropolitan France | CP - Cutting Plant",,
22.228.002,CA LANNION-TREGOR COMMUNAUTE - ABATTOIR DU TREGOR,ESPACE D'ACTIVITES DE BEG AR C'HRA,Plounévez-Moëdec,22810,"Côtes-d'Armor,Brittany,Metropolitan France",France,RM,CP SH,Y,bovine caprine ovine equine porcine,CP - Cutting Plant | SH - Slaughterhouse,,
04.070.002,CA PROVENCE-ALPES-AGGLOMERATION - ABATTOIRS DE DIGNE-PAA,28 AV DE SAINT VERAN,Digne-les-Bains,04000,"Alpes-de-Haute-Provence,Provence-Alpes-Côte d'Azur,Metropolitan France",France,RM,CP SH,Y,bovine caprine ovine equine porcine,CP - Cutting Plant | SH - Slaughterhouse,,
34.293.001,CABROL LA SALVETAT - MAISON CABROL,PL DE COMPOSTELLE,La Salvetat-sur-Agout,34330,"Hérault,Occitania,Metropolitan France",France,RM,CP,N,,CP - Cutting Plant,,
12.241.003,CADARS RODEZ,45 ALL DE LA GRANGE ZI D'ARSAC,Sainte-Radegonde,12850,"Aveyron,Occitania,Metropolitan France",France,RM,CP,N,bovine caprine ovine porcine,CP - Cutting Plant,,
12.056.003,CADARS-NAYRAL BARAQUEVILLE - AVEYRON FRAIS,ZONE DU PUECH II,Baraqueville,12160,"Aveyron,Occitania,Metropolitan France",France,RM,CP,N,bovine caprine ovine porcine,CP - Cutting Plant,,
14.327.002,CAEN DISTRIBUTION,1340 RUE LEON FOUCAULT,Hérouville-Saint-Clair,14200,"Calvados,Normandy,Metropolitan France",France,RM,CP,N,bovine porcine,CP - Cutting Plant,,
65.226.005,CALERO,RUE DE MAYE LANE,Ibos,65420,"Hautespyrenees,Occitania,Metropolitan France",France,RM,CP,N,bovine caprine ovine porcine,CP - Cutting Plant,,
74.137.005,CAMPUS DE GROISY,126 CHE DES METIERS,Groisy,74570,"Upper Savoy,Auvergne-Rhône-Alpes,Metropolitan France",France,RM,CP,N,bovine caprine ovine porcine,CP - Cutting Plant,,
59.350.010,CAMPUS PRO,5 RUE DE L INNOVATION,Lille,59260,"Nord,Nord-Pas-de-Calais and Picardy,Metropolitan France",France,RM,CP,N,bovine caprine ovine porcine,CP - Cutting Plant,,
83.070.008,CANTINI LE LAVANDOU,25 AV MARTYRS DE LA RESISTANCE,Le Lavandou,83980,"Var,Provence-Alpes-Côte d'Azur,Metropolitan France",France,RM,CP,N,bovine caprine ovine porcine,CP - Cutting Plant,,
46.042.001,CAPEL 4 SAISONS,267 AV PIERRE SEMARD BP 119,Cahors,46000,"Lot,Occitania,Metropolitan France",France,RM,CP,N,bovine caprine ovine porcine,CP - Cutting Plant,,
12.052.001,CAPS (CAPDENACOISE D'ABATTAGE ET DE PRESTATION DE SERVICE),ZONE AGRO ALIMENTAIRE RUE CLAUDE BERNARD,Capdenac-Gare,12700,"Aveyron,Occitania,Metropolitan France",France,RM,CP SH,Y,,CP - Cutting Plant | SH - Slaughterhouse,,
972.13.045,CARAIBES CHARCUTERIE,BASSE GONDEAU,Le Lamentin,97232,"Martinique,Martinique,Martinique",France,RM,CP,N,porcine,CP - Cutting Plant,,
73.304.106,CASH FRAIS TARENTAISE - CASH FRAIS,BATIMENT AMANLEX ZONE DE L'ADROIT,Val-d'Isère,73150,"Savoy,Auvergne-Rhône-Alpes,Metropolitan France",France,RM,CP,N,bovine caprine ovine porcine,CP - Cutting Plant,,
46.251.003,CASTEL VIANDES,AV ROBERT DESTIC,Saint-Céré,46400,"Lot,Occitania,Metropolitan France",France,RM,CP,N,bovine caprine ovine porcine,CP - Cutting Plant,,
81.136.001,CAZEAUX SERGE,PEYRE BLANQUE,Larroque,81140,"Tarn,Occitania,Metropolitan France",France,RM,CP,N,caprine ovine porcine,CP - Cutting Plant,,
63.003.002,CC AMBERT LIVRADOIS FOREZ - ABATTOIR INTERCOMMUNAL,32 AV DE LA DORE,Ambert,63600,,France,RM,CP SH,Y,caprine ovine equine porcine bovine,"Puy-de-Dôme,Auvergne-Rhône-Alpes,Metropolitan France | CP - Cutting Plant | SH - Slaughterhouse",,
31.483.001,CC COEUR ET COTEAUX DU COMMINGES - REGIE INTERCOMMUNALE DES ABATTOIRS,402 BD LECONTE DE LISLE,Saint-Gaudens,31800,"Haute-Garonne,Occitania,Metropolitan France",France,RM,SH CP,Y,caprine ovine equine porcine bovine,SH - Slaughterhouse | CP - Cutting Plant,,
29.124.001,CC COMMUNAUTE LESNEVEN COTE DES LEGENDES - ABATTOIR,23 RUE D ARVOR,Lesneven,29260,"Finistère,Brittany,Metropolitan France",France,RM,SH,Y,bovine caprine ovine equine porcine,SH - Slaughterhouse,,
16.106.003,CC DE CHARENTE LIMOUSINE - ABATTOIR,70 AV GAMBETTA CENTRE D'ABATTAGE DE CHARENTE LIMOUSIN,Confolens,16500,"Charente,New Aquitaine,Metropolitan France",France,RM,CP SH,Y,bovine caprine ovine porcine,CP - Cutting Plant | SH - Slaughterhouse,,
71.495.001,CC DU CLUNISOIS - LABORATOIRE DE TRANSFORMATION ALIMENTAIRE,4 ZA DE LA COURBE,Salornay-sur-Guye,71250,"Saône-et-Loire,Bourgogne-Franche-Comté,Metropolitan France",France,RM,CP,N,bovine,CP - Cutting Plant,,
38.559.002,CECILLON TRAITEUR - CECI FRAIS,60 ZA LEVEES,Vinay,38470,"Isère,Auvergne-Rhône-Alpes,Metropolitan France",France,RM,CP,N,bovine porcine,CP - Cutting Plant,,
42.218.001,CENTRALE DE CHARCUTERIE,80 RUE DE LA TOUR,Saint-Étienne,42000,"Loire,Auvergne-Rhône-Alpes,Metropolitan France",France,RM,CP,N,porcine,CP - Cutting Plant,,
13.044.002,CENTRALE MARCEL - CENTRALE GRANS,1356 RTE DE LANCON,Grans,13450,"Bouches-du-Rhône,Provence-Alpes-Côte d'Azur,Metropolitan France",France,RM,CP,N,caprine ovine porcine bovine,CP - Cutting Plant,,
26.281.011,CENTRE ABATTOIRS ROMANS BOUCHERS ELEVEURS CHEVILLARDS,QUARTIER DES ORS 8 AV SALVADOR ALLENDE QUARTIER DES ORS,Romans-sur-Isère,26100,"Drôme,Auvergne-Rhône-Alpes,Metropolitan France",France,RM,SH,Y,bovine caprine ovine equine porcine,SH - Slaughterhouse,,
16.073.047,CENTRE D'ABATTAGE DE CHALAIS SUD CHARENTE,32 B RUE JEAN REMON,Chalais,16210,"Charente,New Aquitaine,Metropolitan France",France,RM,SH,Y,bovine caprine ovine porcine,SH - Slaughterhouse,,
09.289.004,CENTRE D'ABATTAGE ET DE TRANSFORMATION DU COUSERANS,ZONE INDUSTRIELLE DU PRADAS,Lorp-Sentaraille,09190,"Ariège,Occitania,Metropolitan France",France,RM,SH,Y,bovine caprine ovine equine porcine,SH - Slaughterhouse,,
2B.120.016,CENTRE FORMATION APPRENTIS HAUTE-CORSE,RTE DU VILLAGE,Furiani,20600,"Haute-Corse,Corsica,Metropolitan France",France,RM,CP,N,bovine caprine ovine porcine,CP - Cutting Plant,,
01.004.002,CENTRE VIANDES BEAUVALLET FILS,659 AV LEON BLUM,Ambérieu-en-Bugey,01500,"Ain,Auvergne-Rhône-Alpes,Metropolitan France",France,RM,CP,N,bovine caprine ovine porcine,CP - Cutting Plant,,
45.252.001,CENTRE VIANDES BEAUVALLET FILS,Z.I. RUE RAOUL FOLLEREAU Z.I.,Pithiviers,45300,"Loiret,Centre-Loire Valley,Metropolitan France",France,RM,CP,N,bovine caprine ovine porcine,CP - Cutting Plant,,
42.127.006,CFA DU ROANNAIS,155 RTE DE BRIENNON,Mably,42300,"Loire,Auvergne-Rhône-Alpes,Metropolitan France",France,RM,CP,N,bovine caprine ovine equine porcine,CP - Cutting Plant,,
38.185.002,CHAMBRE COMMERCE ET INDUSTRIE GRENOBLE - GROUPE FORMATION - CCI FORMATION - CFA IMT - ISCO,7 RUE HOCHE,Grenoble,38000,"Isère,Auvergne-Rhône-Alpes,Metropolitan France",France,RM,CP,N,bovine,CP - Cutting Plant,,
07.131.001,CHAMBRE DE COMMERCE ET D'INDUSTRIE,"640, Route de l'aérodrome",Lanas,07200,"Ardèche,Auvergne-Rhône-Alpes,Metropolitan France",France,RM,CP,N,bovine caprine ovine porcine,CP - Cutting Plant,,
29.075.022,CHAMBRE DE COMMERCE ET D'INDUSTRIE METROPOLITAINE BRETAGNE OUEST - CCIMBO IFAC - CAMPUS DES METIERS,465 RUE DE KERLAURENT,Guipavas,29490,"Finistère,Brittany,Metropolitan France",France,RM,CP,N,bovine caprine ovine porcine,CP - Cutting Plant,,
67.131.504,CHAMBRE DE METIERS D'ALSACE - CENTRE DE FORMATION - BERNARD STALTER,RUE DES FUSILIERS MARINS,Eschau,67114,,France,RM,CP,N,bovine caprine ovine porcine,"Bas-Rhin,Grand Est,Metropolitan France | CP - Cutting Plant",,
66.164.073,"CHAMBRE DE METIERS ET DE L ARTISANAT DE LA REGION OCCITANIE, PYRENEES-MEDITERRANEE - CFA DES PYRENEES ORIENTALES",9 AV ALFRED SAUVY,Rivesaltes,66600,"Pyrénées-Orientales,Occitania,Metropolitan France",France,RM,CP,N,,CP - Cutting Plant,,
30.189.013,"CHAMBRE DE METIERS ET DE L ARTISANAT DE LA REGION OCCITANIE, PYRENEES-MEDITERRANEE - CFA DU GARD",904 AV DU MARECHAL JUIN,Nîmes,30000,"Gard,Occitania,Metropolitan France",France,RM,CP,N,bovine porcine,CP - Cutting Plant,,
38.053.004,CHAMBRE DE METIERS ET DE L'ARTISANAT DE REGION AUVERGNE-RHONE-ALPES - CFA ESPACE FORMATION DES METIERS DE L'ARTISANAT,10 RUE SAINT HONORE CHAMP FLEURY,Bourgoin-Jallieu,38300,"Isère,Auvergne-Rhône-Alpes,Metropolitan France",France,RM,CP,N,bovine caprine ovine porcine,CP - Cutting Plant,,
39.251.001,CHAMBRE DE METIERS ET DE L'ARTISANAT DE REGION BOURGOGNE FRANCHE-COMTE - CFA DU JURA,23 RTE DE LONS LE SAUNIER,Gevingey,39570,"Jura,Bourgogne-Franche-Comté,Metropolitan France",France,RM,CP,N,bovine caprine ovine porcine,CP - Cutting Plant,,
71.294.001,CHAMBRE DE METIERS ET DE L'ARTISANAT DE REGION BOURGOGNE FRANCHE-COMTE - CIFA JEAN LAMELOISE,17 VOIE ROMAINE,Mercurey,71640,"Saône-et-Loire,Bourgogne-Franche-Comté,Metropolitan France",France,RM,CP,N,,CP - Cutting Plant,,
22.215.001,CHAMBRE DE METIERS ET DE L'ARTISANAT DE REGION BRETAGNE - CFA PLOUFRAGAN,18 RUE DU TERTRE DE LA MOTTE CAMPUS DE L'ARTISANAT ET DE METIERS,Ploufragan,22440,"Côtes-d'Armor,Brittany,Metropolitan France",France,RM,CP,N,bovine caprine ovine porcine,CP - Cutting Plant,,
56.260.047,CHAMBRE DE METIERS ET DE L'ARTISANAT DE REGION BRETAGNE - CFA VANNES,10 BD DES ILES,Vannes,56000,"Morbihan,Brittany,Metropolitan France",France,RM,CP,N,caprine ovine porcine bovine,CP - Cutting Plant,,
37.122.002,CHAMBRE DE METIERS ET DE L'ARTISANAT DE REGION CENTRE-VAL DE LOIRE - CAMPUS DES METIERS 37,5 - 7 POLE D'ACTIVITE CUGNOT 5 RUE JOSEPH CUGNOT,Joué-lès-Tours,37300,"Indre-et-Loire,Centre-Loire Valley,Metropolitan France",France,RM,CP,N,,CP - Cutting Plant,,
41.018.025,CHAMBRE DE METIERS ET DE L'ARTISANAT DE REGION CENTRE-VAL DE LOIRE - CFA INTERPROFESSIONNEL DE LA CMA 41,12 RUE FRANCOIS BILLOUX,Blois,41000,,France,RM,CP,N,bovine caprine ovine porcine,"Loir-et-Cher,Centre-Loire Valley,Metropolitan France | CP - Cutting Plant",,
44.172.040,CHAMBRE DE METIERS ET DE L'ARTISANAT DE REGION DES PAYS DE LA LOIRE - URMA LOIRE-ATLANTIQUE,RUE LOUIS ARMAND RUE LOUIS ARMAND PLACE JACQUES CHESNE,Sainte-Luce-sur-Loire,44980,"Loire-Atlantique,Pays de la Loire,Metropolitan France",France,RM,CP,N,bovine caprine ovine,CP - Cutting Plant,,
49.007.546,CHAMBRE DE METIERS ET DE L'ARTISANAT DE REGION DES PAYS DE LA LOIRE - URMA MAINE-ET-LOIRE,3 RUE DARWIN,Angers,49000,"Maine-et-Loire,Pays de la Loire,Metropolitan France",France,RM,CP,N,bovine caprine ovine porcine,CP - Cutting Plant,,
53.130.035,CHAMBRE DE METIERS ET DE L'ARTISANAT DE REGION DES PAYS DE LA LOIRE - URMA MAYENNE,30 BD VOLNEY,Laval,53000,"Mayenne,Pays de la Loire,Metropolitan France",France,RM,CP,N,porcine,CP - Cutting Plant,,
85.191.005,CHAMBRE DE METIERS ET DE L'ARTISANAT DE REGION DES PAYS DE LA LOIRE - URMA VENDEE,24 ROND POINT DU COTEAU,La Roche-sur-Yon,85000,"Vendée,Pays de la Loire,Metropolitan France",France,RM,CP,N,bovine caprine ovine porcine,CP - Cutting Plant,,
80.021.012,CHAMBRE DE METIERS ET DE L'ARTISANAT DE REGION HAUTS-DE-FRANCE - CMA AMIENS IREAM,33 RUE DE QUEBEC,Amiens,80090,"Somme,Nord-Pas-de-Calais and Picardy,Metropolitan France",France,RM,CP,N,bovine caprine ovine porcine,CP - Cutting Plant,,
62.041.017,CHAMBRE DE METIERS ET DE L'ARTISANAT DE REGION HAUTS-DE-FRANCE - CMA ARRAS EIFFEL,7 RUE GUSTAVE EIFFEL,Arras,62000,,France,RM,CP,N,bovine caprine ovine porcine,"Pas-de-Calais,Nord-Pas-de-Calais and Picardy,Metropolitan France | CP - Cutting Plant",,
60.057.014,CHAMBRE DE METIERS ET DE L'ARTISANAT DE REGION HAUTS-DE-FRANCE - CMA BEAUVAIS,PETITE AVENUE DU TILLOY 3 RUE LEONARD DE VINCI PAE DU TILLOY,Beauvais,60000,"Oise,Nord-Pas-de-Calais and Picardy,Metropolitan France",France,RM,CP,N,bovine caprine ovine porcine,CP - Cutting Plant,,
62.193.012,CHAMBRE DE METIERS ET DE L'ARTISANAT DE REGION HAUTS-DE-FRANCE - CMA CALAIS,320 BD DU HUIT MAI,Calais,62100,,France,RM,CP,N,bovine caprine ovine porcine,"Pas-de-Calais,Nord-Pas-de-Calais and Picardy,Metropolitan France | CP - Cutting Plant",,
60.159.003,CHAMBRE DE METIERS ET DE L'ARTISANAT DE REGION HAUTS-DE-FRANCE - CMA COMPIEGNE,1 B RUE JOSEPH CUGNOT,Compiègne,60200,"Oise,Nord-Pas-de-Calais and Picardy,Metropolitan France",France,RM,CP,N,bovine caprine ovine porcine,CP - Cutting Plant,,
02.408.312,CHAMBRE DE METIERS ET DE L'ARTISANAT DE REGION HAUTS-DE-FRANCE - CMA LAON,30 RUE D ENFER,Laon,02000,"Aisne,Nord-Pas-de-Calais and Picardy,Metropolitan France",France,RM,CP,N,bovine caprine ovine porcine,CP - Cutting Plant,,
59.544.001,CHAMBRE DE METIERS ET DE L'ARTISANAT DE REGION HAUTS-DE-FRANCE - CMA SAINT SAULVE/BRUAY-SUR-ESCAUT,383 AV DES ARTS ET METIERS,Saint-Saulve,59880,"Nord,Nord-Pas-de-Calais and Picardy,Metropolitan France",France,RM,CP,N,bovine caprine ovine porcine,CP - Cutting Plant,,
59.599.502,CHAMBRE DE METIERS ET DE L'ARTISANAT DE REGION HAUTS-DE-FRANCE - CMA TOURCOING CEFMA,171 CHS DENIS PAPIN,Tourcoing,59200,"Nord,Nord-Pas-de-Calais and Picardy,Metropolitan France",France,RM,CP,N,bovine caprine ovine porcine,CP - Cutting Plant,,
76.351.009,CHAMBRE DE METIERS ET DE L'ARTISANAT DE REGION NORMANDIE - CMA FORMATION RAPHAEL MALLARD,32 RUE PHILIPPE LEBON,Le Havre,76600,"Seine-Maritime,Normandy,Metropolitan France",France,RM,CP,N,,CP - Cutting Plant,,
76.545.005,CHAMBRE DE METIERS ET DE L'ARTISANAT DE REGION NORMANDIE - CMA NORMANDIE - URMA-SEINE-MARITIME-SIMONE VEIL,ZONE INDUSTRIELLE,Rouxmesnil-Bouteilles,76370,"Seine-Maritime,Normandy,Metropolitan France",France,RM,CP,N,bovine caprine ovine porcine,CP - Cutting Plant,,
76.540.039,CHAMBRE DE METIERS ET DE L'ARTISANAT DE REGION NORMANDIE - CMA NORMANDIE - URMA-SEINE-MARITIME-SIMONE VEIL,2 RUE CESAR FRANCK,Rouen,76032,"Seine-Maritime,Normandy,Metropolitan France",France,RM,CP,N,bovine caprine ovine equine porcine,CP - Cutting Plant,,
16.028.002,CHAMBRE DE METIERS ET DE L'ARTISANAT DE REGION NOUVELLE AQUITAINE - CAMPUS METIERS BARBEZIEUX,39 AV DE VIGNOLA,Barbezieux-Saint-Hilaire,16300,"Charente,New Aquitaine,Metropolitan France",France,RM,CP,N,,CP - Cutting Plant,,
40.192.013,CHAMBRE DE METIERS ET DE L'ARTISANAT DE REGION NOUVELLE AQUITAINE - CENTRE DE FORMATION DES LANDES,170 CHE GUSTAVE EIFFEL,Mont-de-Marsan,40000,"Landes,New Aquitaine,Metropolitan France",France,RM,CP,N,bovine caprine ovine porcine,CP - Cutting Plant,,
17.200.001,CHAMBRE DE METIERS ET DE L'ARTISANAT DE REGION NOUVELLE AQUITAINE - CENTRE DE FORMATION LAGORD,9 RUE RENE DUMONT,Lagord,17140,"Charente-Maritime,New Aquitaine,Metropolitan France",France,RM,CP,N,bovine caprine ovine porcine,CP - Cutting Plant,,
24.053.020,CHAMBRE DE METIERS ET DE L'ARTISANAT DE REGION NOUVELLE AQUITAINE - CFA DES METIERS BOULAZAC,16 AV HENRI DELUC,Boulazac Isle Manoire,24750,"Dordogne,New Aquitaine,Metropolitan France",France,RM,CP,N,bovine caprine ovine porcine,CP - Cutting Plant,,
87.085.332,CHAMBRE DE METIERS ET DE L'ARTISANAT DE REGION NOUVELLE AQUITAINE - CFA LE MOULIN RABAUD,104 RUE DE SAINT GENCE,Limoges,87100,"Haute-Vienne,New Aquitaine,Metropolitan France",France,RM,CP,N,bovine caprine ovine porcine,CP - Cutting Plant,,
33.063.101,CHAMBRE DE METIERS ET DE L'ARTISANAT DE REGION NOUVELLE AQUITAINE - INSTITUT METIERS ARTISANAT 33,25 T RUE CARDINAL RICHAUD,Bordeaux,33300,"Gironde,New Aquitaine,Metropolitan France",France,RM,CP,N,,CP - Cutting Plant,,
64.102.002,CHAMBRE DE METIERS ET DE L'ARTISANAT DE REGION NOUVELLE AQUITAINE - UNIVERSITE METIERS BAYONNE,25 BD D ARITXAGUE,Bayonne,64100,"Pyrénées-Atlantiques,New Aquitaine,Metropolitan France",France,RM,CP,N,bovine caprine ovine porcine,CP - Cutting Plant,,
64.445.003,CHAMBRE DE METIERS ET DE L'ARTISANAT DE REGION NOUVELLE AQUITAINE - UNIVERSITE METIERS PAU,34 AV LEON BLUM,Pau,64000,"Pyrénées-Atlantiques,New Aquitaine,Metropolitan France",France,RM,CP,N,bovine porcine,CP - Cutting Plant,,
83.016.117,CHAMBRE DE METIERS ET DE L'ARTISANAT DE REGION PROVENCE-ALPES-COTE D'AZUR - CFA LE BEAUSSET,138 ALL DES PRIMEVERES,Le Beausset,83330,"Var,Provence-Alpes-Côte d'Azur,Metropolitan France",France,RM,CP,N,bovine caprine ovine porcine,CP - Cutting Plant,,
83.116.293,CHAMBRE DE METIERS ET DE L'ARTISANAT DE REGION PROVENCE-ALPES-COTE D'AZUR - CFA SAINT-MAXIMIN,845 CHE DU DEFFENDS,Saint-Maximin-la-Sainte-Baume,83170,"Var,Provence-Alpes-Côte d'Azur,Metropolitan France",France,RM,CP,N,bovine caprine ovine porcine,CP - Cutting Plant,,
35.047.007,CHAMBRE DES METIERS ET DE L'ARTISANAT DE REGION BRETAGNE - CFA BRUZ,RUE DES FRERES MONTGOLFIER CAMPUS DE KER LANN,Bruz,35170,,France,RM,CP,N,bovine caprine ovine,"Ille-et-Vilaine,Brittany,Metropolitan France | CP - Cutting Plant",,
57.463.005,CHAMBRE METIERS ARTISANAT DE MOSELLE - CAMPUS DES METIERS DE MOSELLE,5 BD DE LA DEFENSE,Metz,57070,"Moselle,Grand Est,Metropolitan France",France,RM,CP,N,bovine caprine ovine porcine,CP - Cutting Plant,,
30.331.001,CHAMPLAT - RESERVE DE CHAMPLAT,ZA DU BERNON RUE MICHEL LEDRAPPIER,Tresques,30330,"Gard,Occitania,Metropolitan France",France,RM,CP,N,,CP - Cutting Plant,,
84.007.004,CHAMRE DE METIERS ET DE L'ARTISANAT,12 boulevard Saint Roch,Avignon,84000,"Vaucluse,Provence-Alpes-Côte d'Azur,Metropolitan France",France,RM,CP,N,,CP - Cutting Plant,,
57.463.001,CHARAL,NOUVEAU PORT DE METZ RUE DU TROU AUX SERPENTS NOUVEAU PORT DE METZ,Metz,57046,"Moselle,Grand Est,Metropolitan France",France,RM,CP SH,Y,bovine porcine,CP - Cutting Plant | SH - Slaughterhouse,,
19.073.002,CHARAL,RUE DE TRA LE BOS,Égletons,19300,"Corrèze,New Aquitaine,Metropolitan France",France,RM,CP SH,Y,bovine,CP - Cutting Plant | SH - Slaughterhouse,,
85.059.002,CHARAL,56 RUE DU FIEF TARDY ZONE ARTISANALE LE FIEF TARDY,La Châtaigneraie,85120,"Vendée,Pays de la Loire,Metropolitan France",France,RM,CP SH,Y,bovine caprine ovine equine,CP - Cutting Plant | SH - Slaughterhouse,,
49.099.002,CHARAL,1 PL JEAN CHAVEL,Cholet,49300,"Maine-et-Loire,Pays de la Loire,Metropolitan France",France,RM,SH CP,Y,,SH - Slaughterhouse | CP - Cutting Plant,,
61.169.002,CHARAL,370 RUE DE L'AGRICULTURE,Flers,61100,"Orne,Normandy,Metropolitan France",France,RM,CP,N,bovine,CP - Cutting Plant,,
57.160.001,CHARCULOR,10 RUE ANDRE AMPERE,Creutzwald,57150,"Moselle,Grand Est,Metropolitan France",France,RM,CP,N,bovine porcine,CP - Cutting Plant,,
65.452.001,CHARCUTERIE ADER,ZA RTE DE TARBES ZA,Trie-sur-Baïse,65220,"Hautespyrenees,Occitania,Metropolitan France",France,RM,CP,N,bovine porcine,CP - Cutting Plant,,
69.259.002,CHARCUTERIE ANSELME SA,ZONE INDUSTRIELLE 6 RUE MARIUS VIVIER MERLE ZONE INDUSTRIELLE,Vénissieux,69200,"Rhône,Departemental constituency of Rhône,Auvergne-Rhône-Alpes,Metropolitan France",France,RM,CP,N,bovine porcine,CP - Cutting Plant,,
36.241.001,CHARCUTERIE ARTISANALE VALLEE DE L'INDRE,ZONE INDUSTRIELLE RTE DE CHATEAUROUX ZONE INDUSTRIELLE,Villedieu-sur-Indre,36320,"Indre,Centre-Loire Valley,Metropolitan France",France,RM,CP,N,bovine porcine,CP - Cutting Plant,,
22.183.005,CHARCUTERIE BIHOUEE,ZONE ARTISANALE DE JEGUET,Plémet,22210,"Côtes-d'Armor,Brittany,Metropolitan France",France,RM,CP,N,,CP - Cutting Plant,,
12.195.007,CHARCUTERIE CAMILLE CROS,PARC D'ACTIVITE SAINT PIERRE,Rebourguil,12400,"Aveyron,Occitania,Metropolitan France",France,RM,CP,N,porcine,CP - Cutting Plant,,
24.520.004,CHARCUTERIE DE CAMPAGNE VAUX,MADRAZES SUD,Sarlat-la-Canéda,24200,"Dordogne,New Aquitaine,Metropolitan France",France,RM,CP,N,porcine,CP - Cutting Plant,,
68.040.001,CHARCUTERIE DE LA THUR,69 RUE DES VOSGES,Bitschwiller-lès-Thann,68620,,France,RM,CP,N,bovine caprine ovine porcine,"Haut-Rhin,Grand Est,Metropolitan France | CP - Cutting Plant",,
04.001.007,CHARCUTERIE DE THOARD - BOUCHERIE CHARCUTERIE SPECIALITES,ZONE D'ACTIVITE ECONOMIQUE ESPACE BLEO 22 AV PAUL DELAYE ZONE D'ACTIVITE ECONOMIQUE ESPACE BLEO,Aiglun,04510,"Alpes-de-Haute-Provence,Provence-Alpes-Côte d'Azur,Metropolitan France",France,RM,CP,N,bovine caprine ovine,CP - Cutting Plant,,
44.081.009,CHARCUTERIE DEMI GROS GERARD DANIEL,PARC D'ACTIVITES LEGE NORD 4 RUE DU BOIS FLEURI PARC D'ACTIVITES LEGE NORD,Legé,44650,"Loire-Atlantique,Pays de la Loire,Metropolitan France",France,RM,CP,N,porcine,CP - Cutting Plant,,
62.193.001,CHARCUTERIE DES 2 CAPS,RUE MARCEL DORET ANGLES DES RUES COSTES ET BELLONTE,Calais,62100,,France,RM,CP,N,bovine caprine ovine equine porcine,"Pas-de-Calais,Nord-Pas-de-Calais and Picardy,Metropolitan France | CP - Cutting Plant",,
35.124.009,CHARCUTERIE DES 3 RIVIERES,PARC D'ACTIVITES LES QUATRE ROUTES,Grand-Fougeray,35390,,France,RM,CP,N,porcine,"Ille-et-Vilaine,Brittany,Metropolitan France | CP - Cutting Plant",,
59.183.002,CHARCUTERIE DES FLANDRES,(310 - 360) ZONE INDUSTRIELLE 310 AV DE LA GARONNE (310 - 360) ZONE INDUSTRIELLE,Dunkirk,59640,"Nord,Nord-Pas-de-Calais and Picardy,Metropolitan France",France,RM,CP,N,porcine,CP - Cutting Plant,,
56.094.013,CHARCUTERIE DU BLAVET,13 RUE ANTONIN CAREME CARREFOUR INDUSTRIEL DU PORZO,Kervignac,56700,"Morbihan,Brittany,Metropolitan France",France,RM,CP,N,porcine,CP - Cutting Plant,,
31.245.001,CHARCUTERIE DU CAGIRE BARES ET FILS - CHARCUTERIE DU CAGIRE,,Juzet-d'Izaut,31160,"Haute-Garonne,Occitania,Metropolitan France",France,RM,CP,N,porcine,CP - Cutting Plant,,
67.445.001,CHARCUTERIE DU VAL D'ARGENT,RUE DU HAHNENBERG PAEI DU GIESSEN,Scherwiller,67750,,France,RM,CP,N,bovine porcine,"Bas-Rhin,Grand Est,Metropolitan France | CP - Cutting Plant",,
12.296.001,CHARCUTERIE DU VIALA,Z.A. LE ROUCADOU,Viala-du-Tarn,12490,"Aveyron,Occitania,Metropolitan France",France,RM,CP,N,porcine,CP - Cutting Plant,,
65.440.008,CHARCUTERIE LIESTA,17 RUE SOUCOURIEU,Tarbes,65000,"Hautespyrenees,Occitania,Metropolitan France",France,RM,CP,N,bovine caprine ovine porcine,CP - Cutting Plant,,
28.424.001,CHARCUTERIE MOUSSU,PARC D'ACTIVITES 7 RUE DE LA GARENNE,Yèvres,28160,,France,RM,CP,N,bovine porcine,"Eure-et-Loir,Centre-Loire Valley,Metropolitan France | CP - Cutting Plant",,
67.411.002,CHARCUTERIE MULLER SA,130 RUE DU GENERAL DE GAULLE,Rosheim,67560,,France,RM,CP,N,bovine caprine ovine porcine,"Bas-Rhin,Grand Est,Metropolitan France | CP - Cutting Plant",,
85.240.001,CHARCUTERIE PAUL BEGEIN,ZONE D ACTIVITE ECONOMIQUE LE PERDRIETTE 2 RUE FRANCOIS VIETE,Saint-Malô-du-Bois,85590,"Vendée,Pays de la Loire,Metropolitan France",France,RM,CP,N,bovine porcine,CP - Cutting Plant,,
09.121.001,CHARCUTERIE ROUCH,PL MAIRIE,Ferrières-sur-Ariège,09000,"Ariège,Occitania,Metropolitan France",France,RM,CP,N,porcine,CP - Cutting Plant,,
974.16.026,CHARCUTERIE SABADOU ET FILS,ZA RAVINE DES CAFRES 61 CHE MAXIME RIVIERE ZA RAVINE DES CAFRES,Saint-Pierre,97410,"Réunion,Réunion,Réunion",France,RM,CP,N,porcine,CP - Cutting Plant,,
85.006.001,CHARCUTERIE VENDEENNE,LIEU DIT BELLE EAU,Apremont,85220,"Vendée,Pays de la Loire,Metropolitan France",France,RM,CP,N,porcine,CP - Cutting Plant,,
36.088.008,CHARCUTERIES ISSOLDUNOISES,ZONE INDUSTRIELLE RUE DENIS PAPIN ZONE INDUSTRIELLE,Issoudun,36100,"Indre,Centre-Loire Valley,Metropolitan France",France,RM,CP,N,bovine caprine ovine porcine,CP - Cutting Plant,,
71.342.001,CHAROLLAIS VIANDES,CHAMP BOSSU ZA,Paray-le-Monial,71600,"Saône-et-Loire,Bourgogne-Franche-Comté,Metropolitan France",France,RM,CP SH,Y,bovine caprine ovine porcine,CP - Cutting Plant | SH - Slaughterhouse,,
38.401.002,CHARVERON FRERES,123 RUE JOSEPH JACQUARD,Saint-Jean-de-Soudain,38110,"Isère,Auvergne-Rhône-Alpes,Metropolitan France",France,RM,CP,N,caprine ovine equine porcine bovine,CP - Cutting Plant,,
43.062.001,CHASPU'FRAIS - CONSERVERIE DES TERRES ROUGES,ZA LA COMBE,Chaspuzac,43320,"Haute-Loire,Auvergne-Rhône-Alpes,Metropolitan France",France,RM,CP,N,bovine porcine,CP - Cutting Plant,,
94.041.008,CHASSINEAU,16 RUE PIERRE ET MARIE CURIE,Ivry-sur-Seine,94200,,France,RM,CP,N,bovine caprine ovine porcine,"Val-de-Marne,Ile-de-France,Metropolitan France | CP - Cutting Plant",,
67.205.002,CHAZAL COLMAR,3 RUE GUTENBERG,Hœrdt,67720,,France,RM,CP,N,,"Bas-Rhin,Grand Est,Metropolitan France | CP - Cutting Plant",,
39.462.002,CHAZAL SA - CHAZAL,ZONE INDUSTRIELLE 15 RUE DES METIERS ZONE INDUSTRIELLE,Rochefort-sur-Nenon,39700,"Jura,Bourgogne-Franche-Comté,Metropolitan France",France,RM,CP,N,,CP - Cutting Plant,,
28.027.005,CHB,LD LE HAUT BOIS,La Bazoche-Gouet,28330,,France,RM,CP,N,porcine,"Eure-et-Loir,Centre-Loire Valley,Metropolitan France | CP - Cutting Plant",,
FR 91.182.012 CE,CHEDEVILLE-CHARCUTERIE DE PARIS,9 RUE JEAN MERMOZ,Courcouronnes,91080,"Essonne,Ile-de-France,Metropolitan France",France,RM,CP,N,,CP - Cutting Plant,,
68.295.003,CHEFSELECTION,6 RUE JEAN MERMOZ,Sainte-Croix-en-Plaine,68127,,France,RM,CP,N,bovine caprine ovine porcine,"Haut-Rhin,Grand Est,Metropolitan France | CP - Cutting Plant",,
57.630.003,CHEVILLE EST,ZONE INDUSTRIELLE RUE DE BELLEVUE ZONE INDUSTRIELLE,Sarrebourg,57400,"Moselle,Grand Est,Metropolitan France",France,RM,CP,N,bovine caprine ovine porcine,CP - Cutting Plant,,
88.319.035,CHEVILLE EST,ZAE LA PEPINIERE - AUX ENTIERES,Moyenmoutier,88420,"Vosges,Grand Est,Metropolitan France",France,RM,CP,N,bovine caprine ovine equine porcine,CP - Cutting Plant,,
11.262.009,CHEVILLE LANGUEDOCIENNE,ZI CROIX SUD RUE JOSEPH CUGNOT ZI CROIX SUD,Narbonne,11100,"Aude,Occitania,Metropolitan France",France,RM,CP,N,bovine caprine ovine porcine,CP - Cutting Plant,,
24.311.003,CHEVILLE NONTRONNAISE,RTE DE VILLARS,Nontron,24300,"Dordogne,New Aquitaine,Metropolitan France",France,RM,CP,N,porcine,CP - Cutting Plant,,
68.063.064,CHEZ ELODIE,SAI LES PINS 8 RUE DU LAURIER,Cernay,68700,,France,RM,CP,N,bovine caprine ovine,"Haut-Rhin,Grand Est,Metropolitan France | CP - Cutting Plant",,
68.372.001,CHEZ LAURENT - BOUCHERIE CHARCUTERIE TRAITEUR CHEZ LAURENT,(27A) 27 RUE DE LA GRANDE ARMEE (27A),Willer-sur-Thur,68760,,France,RM,CP,N,bovine caprine ovine equine porcine,"Haut-Rhin,Grand Est,Metropolitan France | CP - Cutting Plant",,
56.162.004,CHRISTIEN VIANDES,ZA DE KERDROUAL RUE JEAN MOULIN ZA DE KERDROUAL,Plœmeur,56270,"Morbihan,Brittany,Metropolitan France",France,RM,CP,N,bovine,CP - Cutting Plant,,
38.429.001,CIAN DENIS,LD COURTHALAG,Saint-Michel-les-Portes,38650,"Isère,Auvergne-Rhône-Alpes,Metropolitan France",France,RM,CP,N,bovine porcine,CP - Cutting Plant,,
79.091.003,CIRIERES VIANDES,LA TRES CHERE,Cirières,79140,,France,RM,CP,N,bovine caprine ovine porcine,"Deux-Sèvres,New Aquitaine,Metropolitan France | CP - Cutting Plant",,
48.034.002,CLAVEL PATRICK,Z.A. LA BASTIDE,La Canourgue,48500,"Lozère,Occitania,Metropolitan France",France,RM,CP,N,bovine caprine ovine porcine,CP - Cutting Plant,,
39.198.005,CLAVIERE VIANDES SA,ZONE PORTUAIRE RUE GENERAL BETHOUART ZONE PORTUAIRE,Dole,39100,"Jura,Bourgogne-Franche-Comté,Metropolitan France",France,RM,CP,N,bovine caprine ovine equine porcine,CP - Cutting Plant,,
71.306.002,CLAVIERE VIANDES SA,100 QUAI JULES CHAGOT,Montceau-les-Mines,71300,"Saône-et-Loire,Bourgogne-Franche-Comté,Metropolitan France",France,RM,CP,N,bovine porcine,CP - Cutting Plant,,
21.231.002,CLAVIERE VIANDES SA,6 IMP PIERRE LANVIN,Dijon,21000,"Côte-d'Or,Bourgogne-Franche-Comté,Metropolitan France",France,RM,CP,N,bovine caprine ovine porcine,CP - Cutting Plant,,
81.004.023,CO.BE.,ZONE INDUSTRIELLE DE JARLARD 39 RUE PHILIPPE LEBON ZI DE JARLARD,Albi,81000,"Tarn,Occitania,Metropolitan France",France,RM,CP,N,bovine caprine ovine porcine,CP - Cutting Plant,,
49.125.001,COCHARD MAXIME,BRIGNE 1 RUE DE LA CROIX BLANCHE,Doué-en-Anjou,49700,"Maine-et-Loire,Pays de la Loire,Metropolitan France",France,RM,CP,N,,CP - Cutting Plant,,
73.164.001,COCHET DECOUPE,HAM LES BLANCS 902 Route de Trevignin,Montcel,73100,"Savoy,Auvergne-Rhône-Alpes,Metropolitan France",France,RM,CP,N,bovine caprine ovine porcine,CP - Cutting Plant,,
82.037.004,CODEVIA,388 IMP DE MEAUX,Caussade,82300,,France,RM,SH,Y,bovine,"Tarn-et-Garonne,Occitania,Metropolitan France | SH - Slaughterhouse",,
65.089.001,COMMISSION SYNDICALE DE LA VALLEE DU BAREGE - ABATTOIR DU PAYS TOY,120 RTE DU TOURMALET,Betpouey,65120,"Hautespyrenees,Occitania,Metropolitan France",France,RM,CP SH,Y,bovine caprine ovine,CP - Cutting Plant | SH - Slaughterhouse,,
973.06.006,COMMMUNAUTE DE COMMUNES DE L OUEST GUYANAIS,Z A GASTON CESAIRE 2 RUE BRUNO AUBERT Z A GASTON CESAIRE,Mana,97360,"French Guiana,French Guiana,French Guiana",France,RM,SH,Y,bovine caprine ovine porcine,SH - Slaughterhouse,,
43.152.002,COMMUNAUTE D'AGGLOMERATION DU PUY-EN-VELAY - ABATTOIR,ZA DE BLEU,Polignac,43000,"Haute-Loire,Auvergne-Rhône-Alpes,Metropolitan France",France,RM,CP SH,Y,bovine caprine ovine equine porcine,CP - Cutting Plant | SH - Slaughterhouse,,
56.009.001,COMMUNAUTE DE COMMUNES DE BELLE-ILE-EN-MER - ABATTOIR,LD HAUTE BOULOGNE,Le Palais,56360,"Morbihan,Brittany,Metropolitan France",France,RM,SH,Y,bovine caprine ovine porcine,SH - Slaughterhouse,,
65.059.001,COMMUNAUTE DE COMMUNES DE HAUTE BIGORRE - ABATTOIR COMMUNAUTAIRE,RUE JEAN SIREIX,Bagnères-de-Bigorre,65200,"Hautespyrenees,Occitania,Metropolitan France",France,RM,CP SH,Y,bovine caprine ovine porcine,CP - Cutting Plant | SH - Slaughterhouse,,
38.052.001,COMMUNAUTE DE COMMUNES DE L'OISANS,1 B RUE HUMBERT,Le Bourg-d'Oisans,38520,"Isère,Auvergne-Rhône-Alpes,Metropolitan France",France,RM,CP SH,Y,bovine caprine ovine porcine,CP - Cutting Plant | SH - Slaughterhouse,,
36.228.001,COMMUNAUTE DE COMMUNES ECUEILLE-VALENCAY - ABATTOIR DE VALENCAIS,9 RUE DES TEMPLIERS,Valençay,36600,"Indre,Centre-Loire Valley,Metropolitan France",France,RM,SH,Y,bovine caprine ovine porcine,SH - Slaughterhouse,,
973.06.003,COMMUNAUTE DE COMUNES DE L'OUEST GUYANAIS REGIS DU POLE AGROALIME NTAIRE DE L'OUEST GUYANAIS,POLE AGRO OUEST GUYANAIS CD8 PK 27 AV PAULE BERTHELOT,Mana,97360,"French Guiana,French Guiana,French Guiana",France,RM,CP,N,,CP - Cutting Plant,,
07.019.001,COMMUNE D AUBENAS - ABATTOIRS,28 CHE DE LA SOURCE,Aubenas,07200,"Ardèche,Auvergne-Rhône-Alpes,Metropolitan France",France,RM,SH,Y,bovine caprine ovine porcine,SH - Slaughterhouse,,
90.010.164,COMMUNE DE BELFORT - CENTRE FORMATION APPRENTIS MUNICIPAL,2 RUE RENE CASSIN,Belfort,90000,"Territoire-de-Belfort,Bourgogne-Franche-Comté,Metropolitan France",France,RM,CP,N,bovine caprine ovine porcine,CP - Cutting Plant,,
82.033.022,COMMUNE DE CASTELSARRASIN - ABATTOIR,PL DES TUILERIES,Castelsarrasin,82100,,France,RM,SH,Y,bovine caprine ovine,"Tarn-et-Garonne,Occitania,Metropolitan France | SH - Slaughterhouse",,
53.084.003,COMMUNE DE CRAON - SCE DE L'ABATTOIR DE CRAON,MAIRIE RUE DU DOCTEUR SIMON FALIGANT MAIRIE,Craon,53400,"Mayenne,Pays de la Loire,Metropolitan France",France,RM,CP SH,Y,bovine caprine ovine equine porcine,CP - Cutting Plant | SH - Slaughterhouse,,
07.186.001,COMMUNE DE PRIVAS - ABATTOIRS DE PRIVAS,16 PL DES RECOLLETS,Privas,07000,"Ardèche,Auvergne-Rhône-Alpes,Metropolitan France",France,RM,SH,Y,bovine caprine ovine porcine,SH - Slaughterhouse,,
56.159.002,COMPAGNIE ALIMENTAIRE PLEUCADEUCIENNE (C.A.P.),ZI DE MALTETE,Pleucadeuc,56140,"Morbihan,Brittany,Metropolitan France",France,RM,CP,N,porcine,CP - Cutting Plant,,
01.053.030,COMPAGNIE D'ABATTAGE DE BOURG,CENORD 32 RUE FRANCOIS ARAGO CENORD,Bourg-en-Bresse,01000,"Ain,Auvergne-Rhône-Alpes,Metropolitan France",France,RM,SH,Y,bovine caprine ovine equine,SH - Slaughterhouse,,
29.097.020,COMPAGNIE LAMPAULAISE DE SALAISON,USINE DES PINS,Lampaul-Guimiliau,29400,"Finistère,Brittany,Metropolitan France",France,RM,CP,N,porcine,CP - Cutting Plant,,
87.065.001,COMPAGNIE MADRANGE,ZI DU PONTEIX LE VIEUX CREZIN ZI DU PONTEIX,Feytiat,87220,"Haute-Vienne,New Aquitaine,Metropolitan France",France,RM,CP,N,porcine,CP - Cutting Plant,,
69.273.001,COMPLEXE INTERNATIONAL DU BETAIL ET DES VIANDES DE LYON,ZONE INDUSTRIELLE CORBAS MONTMARTIN 4 B RUE DU MONT BLANC ZI CORBAS MONTMARTIN,Corbas,69960,"Rhône,Departemental constituency of Rhône,Auvergne-Rhône-Alpes,Metropolitan France",France,RM,SH,Y,bovine caprine ovine equine,SH - Slaughterhouse,,
09.225.021,COMPTOIR APPAMEEN DES VIANDES,ZONE INDUSTRIELLE 46 AV DE LA RIJOLE,Pamiers,09100,"Ariège,Occitania,Metropolitan France",France,RM,CP,N,bovine caprine ovine porcine,CP - Cutting Plant,,
22.327.001,COMPTOIR ARMORICAIN VIANDES ET BETAILS - LA BOUCHERIE DE GASTON,12 RUE DES AVOIRIES,Saint-Samson-sur-Rance,22100,"Côtes-d'Armor,Brittany,Metropolitan France",France,RM,CP,N,bovine caprine ovine porcine,CP - Cutting Plant,,
39.210.001,COMPTOIR CHAMPAGNOLAIS DES VIANDES,RUE DU FENU,Équevillon,39300,"Jura,Bourgogne-Franche-Comté,Metropolitan France",France,RM,CP,N,bovine caprine ovine equine porcine,CP - Cutting Plant,,
26.064.021,COMPTOIR DROMOIS DES VIANDES,ZONE DE LA GRUE 9 IMP FREDERIC AUGUSTE BARTHOLDI ZONE DE LA GRUE,Chabeuil,26120,"Drôme,Auvergne-Rhône-Alpes,Metropolitan France",France,RM,CP,N,bovine equine,CP - Cutting Plant,,
83.019.004,COMPTOIR MEDITERRANEEN DE DISTRIBUTION,QUARTIER DU MOURAD RTE DE BENAT QUARTIER DU MOURAD,Bormes-les-Mimosas,83230,"Var,Provence-Alpes-Côte d'Azur,Metropolitan France",France,RM,CP,N,bovine caprine ovine porcine,CP - Cutting Plant,,
65.425.001,CONSERVERIE DE SIARROUY,CHE DE GAYAN,Siarrouy,65500,"Hautespyrenees,Occitania,Metropolitan France",France,RM,CP,N,bovine,CP - Cutting Plant,,
64.503.002,CONSERVERIE DU VIC-BILH - LES PRODUCTEURS,ZONE D ACTIVITES CHE DE LARRIBERE,Samsons-Lion,64350,"Pyrénées-Atlantiques,New Aquitaine,Metropolitan France",France,RM,CP,N,bovine caprine ovine porcine,CP - Cutting Plant,,
33.205.001,CONSERVERIE ILLADAISE,170 RTE DU PONT BLEU,Illats,33720,"Gironde,New Aquitaine,Metropolitan France",France,RM,CP,N,,CP - Cutting Plant,,
46.202.003,CONSERVES DU SUD,LD SAUTEL,Montdoumerc,46230,"Lot,Occitania,Metropolitan France",France,RM,CP,N,porcine,CP - Cutting Plant,,
88.114.004,CONTREX-VITTEL VIANDES,428 RUE SALABERY,Contrexéville,88140,"Vosges,Grand Est,Metropolitan France",France,RM,CP,N,bovine caprine ovine porcine,CP - Cutting Plant,,
03.094.007,CONVIVIAL,ZI DE VICHY-RHUE ZI VICHY-RHUE ZI DE VICHY-RHUE,Creuzier-le-Vieux,03300,"Allier,Auvergne-Rhône-Alpes,Metropolitan France",France,RM,CP,N,bovine,CP - Cutting Plant,,
62.873.001,COOKETTO GROUP / PORKETTO,ZI ARTOIPOLE 982 ALL DE BELGIQUE,Wancourt,62128,,France,RM,SH CP,Y,porcine,"Pas-de-Calais,Nord-Pas-de-Calais and Picardy,Metropolitan France | SH - Slaughterhouse | CP - Cutting Plant",,
11.069.006,COOP ARTISANAL METIERS VIANDE DE L'AUDE,Z A L'ARNOUZETTE RUE MICHAEL FARADAY Z A L'ARNOUZETTE,Carcassonne,11000,"Aude,Occitania,Metropolitan France",France,RM,CP,N,bovine caprine ovine porcine,CP - Cutting Plant,,
52.121.001,COOP VIANDES DE HAUTE MARNE - SCIC,1 RUE DE L ABATTOIR,Chaumont,52011,"Haute-Marne,Grand Est,Metropolitan France",France,RM,CP SH,Y,bovine caprine ovine porcine,CP - Cutting Plant | SH - Slaughterhouse,,
04.205.002,COOPERATIVE AGRICOLE DE DECOUPE VIANDE,ZONE ARTISANALE LES ISCLES,Seyne,04140,"Alpes-de-Haute-Provence,Provence-Alpes-Côte d'Azur,Metropolitan France",France,RM,CP,N,bovine caprine ovine,CP - Cutting Plant,,
65.286.005,COOPERATIVE AGRICOLE DU PAYS DES GAVES,3 RUE D ALGER,Lourdes,65100,"Hautespyrenees,Occitania,Metropolitan France",France,RM,CP,N,bovine caprine ovine equine porcine,CP - Cutting Plant,,
30.350.005,COOPERATIVE BOUCHERE PAYSANNE,ZONE ARTISANALE DE TESSAN RTE DE GANGES ZONE ARTISANALE DE TESSAN,Le Vigan,30120,"Gard,Occitania,Metropolitan France",France,RM,CP SH,Y,bovine caprine ovine porcine,CP - Cutting Plant | SH - Slaughterhouse,,
25.462.020,COOPERATIVE D'ABATTAGE DU HAUT DOUBS,3 RUE DES TOURBIERES,Pontarlier,25300,"Doubs,Bourgogne-Franche-Comté,Metropolitan France",France,RM,SH,Y,bovine caprine ovine equine porcine,SH - Slaughterhouse,,
34.172.072,COOPERATIVE DES BOUCHERS DU SUD (PAR ABREVIATION COBO SUD),371 AV DU MARCHE GARE,Montpellier,34000,"Hérault,Occitania,Metropolitan France",France,RM,CP,N,bovine,CP - Cutting Plant,,
46.196.001,COOPERATIVE LES FERMES DU PAYS BOURIAN,LD LE FOURNEL,Montamel,46310,"Lot,Occitania,Metropolitan France",France,RM,CP,N,bovine,CP - Cutting Plant,,
974.16.027,COOPERATIVE SICA REUNION VIANDE,CTRE ALLOTEMENT MON CAPRIC DOM DE MON CAPRICE CTRE ALLOTEMENT MON CAPRIC,Saint-Pierre,97432,"Réunion,Réunion,Réunion",France,RM,CP,N,bovine,CP - Cutting Plant,,
38.341.005,COOPERL ARC ATLANTIQUE,ZI DES VALLONS DE LA TOUR,Rochetoirin,38110,"Isère,Auvergne-Rhône-Alpes,Metropolitan France",France,RM,CP,N,porcine,CP - Cutting Plant,,
22.093.168,COOPERL ARC ATLANTIQUE,1 RUE DE BEAUSOLEIL,Lamballe,22400,"Côtes-d'Armor,Brittany,Metropolitan France",France,RM,CP,N,porcine,CP - Cutting Plant,,
22.093.001,COOPERL ARC ATLANTIQUE,LAMBALLE ARMOR,Lamballe,22400,"Côtes-d'Armor,Brittany,Metropolitan France",France,RM,CP SH,Y,porcine,CP - Cutting Plant | SH - Slaughterhouse,,
35.188.001,COOPERL ARC ATLANTIQUE,BD DE L'ABBAYE,Montfort-sur-Meu,35160,,France,RM,CP SH,Y,porcine,"Ille-et-Vilaine,Brittany,Metropolitan France | CP - Cutting Plant | SH - Slaughterhouse",,
79.246.002,COOPERL ARC ATLANTIQUE,ZI DE VERDEIL,Sainte-Eanne,79800,,France,RM,CP SH,Y,bovine porcine,"Deux-Sèvres,New Aquitaine,Metropolitan France | CP - Cutting Plant | SH - Slaughterhouse",,
14.752.020,COOPERL SALAISONS,12 BD DU 21E SIECLE,Villers-Bocage,14310,"Calvados,Normandy,Metropolitan France",France,RM,CP,N,porcine,CP - Cutting Plant,,
22.136.007,COOPERL SALAISONS,64 RUE ARTHUR ENAUD,Loudéac,22600,"Côtes-d'Armor,Brittany,Metropolitan France",France,RM,CP,N,porcine,CP - Cutting Plant,,
40.284.006,COREST - AUX DETOURS DU MONDE PASCAL DARIEL / TOQUE EN SCENE / ACTIS FROID STATION FRIGORIFIQUE / DIS-REST,77 RUE DE CASABLANCA,Saint-Vincent-de-Tyrosse,40230,"Landes,New Aquitaine,Metropolitan France",France,RM,CP,N,caprine ovine porcine,CP - Cutting Plant,,
58.086.009,COSNE ABATTOIRS DU HAUT VAL DE LOIRE,ZI LE TREMBLAT ZI,Cosne-Cours-sur-Loire,58200,"Nièvre,Bourgogne-Franche-Comté,Metropolitan France",France,RM,SH CP,Y,bovine caprine ovine equine porcine,SH - Slaughterhouse | CP - Cutting Plant,,
77.373.003,COSTCO FRANCE - COSTCO WHOLESALE,ZAC LES 4 CHENES 35 RTE DE PARIS,Pontault-Combault,77340,"Seine-et-Marne,Ile-de-France,Metropolitan France",France,RM,CP,N,,CP - Cutting Plant,,
91.661.001,COSTCO FRANCE - COSTCO WHOLESALE,3 AV DE BREHAT,Villebon-sur-Yvette,91140,"Essonne,Ile-de-France,Metropolitan France",France,RM,CP,N,bovine caprine ovine porcine,CP - Cutting Plant,,
88.415.002,COURROYE JEAN,PARC ECONO GRANDS MOULINS 6 RUE DES MOINES PARC ECONO GRANDS MOULINS,Saint-Étienne-lès-Remiremont,88200,"Vosges,Grand Est,Metropolitan France",France,RM,CP,N,porcine,CP - Cutting Plant,,
15.014.032,COVIAL AURILLAC,ZAC BARADEL LE BOUSQUET RUE GABRIEL LACOSTE ZAC BARADEL LE BOUSQUET,Aurillac,15000,"Cantal,Auvergne-Rhône-Alpes,Metropolitan France",France,RM,SH CP,Y,bovine equine porcine,SH - Slaughterhouse | CP - Cutting Plant,,
41.049.002,CRECHE FRERES,LA FAUBONNIERE,Chémery,41700,,France,RM,CP,N,bovine caprine ovine,"Loir-et-Cher,Centre-Loire Valley,Metropolitan France | CP - Cutting Plant",,
32.156.003,CTC GASCON,LD LA BOURDETTE,Idrac-Respaillès,32300,"Gers,Occitania,Metropolitan France",France,RM,CP,N,porcine,CP - Cutting Plant,,
89.024.008,CTRE INTERPROF DE FORMATION D'APPRENTIS,3 RUE JEAN BERTIN,Auxerre,89000,"Yonne,Bourgogne-Franche-Comté,Metropolitan France",France,RM,CP,N,bovine,CP - Cutting Plant,,
32.426.036,CUMA ATELIER D'ASTARAC,MAIRIE PL DE LA MAIRIE MAIRIE,Seissan,32260,"Gers,Occitania,Metropolitan France",France,RM,CP,N,bovine caprine ovine porcine,CP - Cutting Plant,,
65.148.001,CUMA AVICOLE DU MAGNOAC,ARIES ESPENAN MAISON DU MAGNOAC,Cizos,65230,"Hautespyrenees,Occitania,Metropolitan France",France,RM,CP,N,porcine,CP - Cutting Plant,,
31.375.058,CUMA CANTONALE DE MONTESQUIEU VOLVESTRE,LD CHUTERE,Montesquieu-Volvestre,31310,"Haute-Garonne,Occitania,Metropolitan France",France,RM,CP,N,bovine caprine ovine porcine,CP - Cutting Plant,,
26.292.001,CUMA DE HAUTE OUVEZE,MAIRIE,Saint-Auban-sur-l'Ouvèze,26170,"Drôme,Auvergne-Rhône-Alpes,Metropolitan France",France,RM,SH,Y,caprine ovine,SH - Slaughterhouse,,
62.896.002,CUMA DU PALERON,800 RUE DE LA LOMBARDERIE,Wirwignes,62240,,France,RM,CP,N,bovine,"Pas-de-Calais,Nord-Pas-de-Calais and Picardy,Metropolitan France | CP - Cutting Plant",,
81.119.101,CUMA L'ATELIER,83 AV DE REALMONT,Laboutarie,81120,"Tarn,Occitania,Metropolitan France",France,RM,CP,N,bovine caprine ovine porcine,CP - Cutting Plant,,
88.178.020,CUMA LA FORGERONNE,AV MAL DE LATTRE DE TASSIGNY,Mirecourt,88500,"Vosges,Grand Est,Metropolitan France",France,RM,CP,N,bovine caprine ovine porcine,CP - Cutting Plant,,
86.001.010,CUMA MONT-TERROIR,41 RUE PRINCIPALE,Adriers,86430,"Vienne,New Aquitaine,Metropolitan France",France,RM,CP,N,bovine caprine ovine porcine,CP - Cutting Plant,,
64.026.001,CUMA XUHITO,MAISON ELIXALDEBORDA,Jaxu,64220,"Pyrénées-Atlantiques,New Aquitaine,Metropolitan France",France,RM,CP,N,,CP - Cutting Plant,,
62.767.006,CUVILLIER HENRI VIANDES,Z.I RTE D OSTREVILLE,Saint-Pol-sur-Ternoise,62130,,France,RM,CP,N,bovine caprine ovine porcine,"Pas-de-Calais,Nord-Pas-de-Calais and Picardy,Metropolitan France | CP - Cutting Plant",,
72.175.002,Cantin Yonni - DMC 72,La Branchuère ZI du Breil,Luché-Pringé,72800,"Sarthe,Pays de la Loire,Metropolitan France",France,RM,CP,N,bovine caprine ovine porcine,CP - Cutting Plant,,
72.181.041,Chambre des métiers et de l'artisanat des Pays de la Loire - URMA Sarthe,187 rue Henri Champion,Le Mans,72100,"Sarthe,Pays de la Loire,Metropolitan France",France,RM,CP,N,bovine caprine ovine porcine,CP - Cutting Plant,,
72.264.005,Charal,Av Jean Monnet,Sablé-sur-Sarthe,72300,"Sarthe,Pays de la Loire,Metropolitan France",France,RM,CP SH,Y,,CP - Cutting Plant | SH - Slaughterhouse,,
72.181.005,Charcuterie Cosme,88 Av Pierre Piffault,Le Mans,72100,"Sarthe,Pays de la Loire,Metropolitan France",France,RM,CP,N,bovine caprine ovine porcine,CP - Cutting Plant,,
91258998300010,Collectif des Associations Musulmanes de Côte d'Or pour l'abattage rituel,8 rue des Sammies,Marcilly-sur-Tille,21120,"Côte-d'Or,Bourgogne-Franche-Comté,Metropolitan France",France,RM,SH,Y,ovine,SH - Slaughterhouse,,
57.207.016,Communauté islamique de la Moselle,"34, rue du stade",Farébersviller,57450,"Moselle,Grand Est,Metropolitan France",France,RM,SH,Y,ovine,SH - Slaughterhouse,,
30.007.011,D.T.D.V.,13 IMP DES FRERES LUMIERE,Alès,30100,"Gard,Occitania,Metropolitan France",France,RM,CP,N,bovine caprine ovine porcine,CP - Cutting Plant,,
85.089.006,D.V.P. DECOUPE VIANDES PRODUCTEUR,68 DU BOIS IMBERT,La Ferrière,85280,"Vendée,Pays de la Loire,Metropolitan France",France,RM,CP,N,bovine caprine ovine porcine,CP - Cutting Plant,,
44.188.013,D.V.P. DECOUPE VIANDES PRODUCTEUR - GRAND LIEU DECOUPE - GLD,19 RUE DE L'INDUSTRIE,Saint-Philbert-de-Grand-Lieu,44310,"Loire-Atlantique,Pays de la Loire,Metropolitan France",France,RM,CP,N,bovine,CP - Cutting Plant,,
43.152.004,DA SILVA VIANDES,ZONE ARTISANALE,Polignac,43000,"Haute-Loire,Auvergne-Rhône-Alpes,Metropolitan France",France,RM,CP,N,bovine caprine ovine porcine,CP - Cutting Plant,,
67.084.002,DAMIEN DE JONG,RTE D'EBERSHEIM,Dambach-la-Ville,67650,,France,RM,CP,N,bovine,"Bas-Rhin,Grand Est,Metropolitan France | CP - Cutting Plant",,
24.394.002,DARRAS,LA CHABROULIE,Sainte-Croix-de-Mareuil,24340,"Dordogne,New Aquitaine,Metropolitan France",France,RM,CP,N,bovine,CP - Cutting Plant,,
44.138.005,DAVID MONIQUE - CHARDONNEAU MONIQUE,PARC D'ACTIVITE DE L'OSERAYE RUE DE LA BOULARDIERE,Puceul,44390,"Loire-Atlantique,Pays de la Loire,Metropolitan France",France,RM,CP,N,porcine,CP - Cutting Plant,,
51.242.022,DAVID VIANDES,2 B RTE DE MONTMIRAIL,Fagnières,51510,"Marne,Grand Est,Metropolitan France",France,RM,CP,N,bovine caprine ovine porcine,CP - Cutting Plant,,
46.148.050,DE LA BORIE DU MOULIN,LA BORIE DU MOULIN,Lalbenque,46230,"Lot,Occitania,Metropolitan France",France,RM,CP,N,bovine porcine,CP - Cutting Plant,,
48.130.001,DE ROUSSES,ROUSSELS,Rousses,48400,"Lozère,Occitania,Metropolitan France",France,RM,CP,N,bovine caprine ovine porcine,CP - Cutting Plant,,
14.167.010,DECLOMESNIL,ZI NORMANDIAL PARKWAY RTE DE CABOURG ZI NORMANDIAL PARKWAY,Colombelles,14460,"Calvados,Normandy,Metropolitan France",France,RM,CP,N,porcine,CP - Cutting Plant,,
46.334.001,DECODESOS,PRES VIGNALS,Le Vigan,46300,"Lot,Occitania,Metropolitan France",France,RM,CP,N,bovine caprine ovine porcine,CP - Cutting Plant,,
35.096.002,DECOUP'35,ZA DES FONTENELLES,Domagné,35113,,France,RM,CP,N,bovine caprine ovine porcine,"Ille-et-Vilaine,Brittany,Metropolitan France | CP - Cutting Plant",,
12.013.041,DECOUPE DE VIANDE TEYSSEDRE,ZONE INDUSTRIELLE DU PLEGAT,Aubin,12110,"Aveyron,Occitania,Metropolitan France",France,RM,CP,N,bovine caprine ovine porcine,CP - Cutting Plant,,
04.122.001,DECOUPE DU CHATEAU,LE CHATEAU,Mirabeau,04510,"Alpes-de-Haute-Provence,Provence-Alpes-Côte d'Azur,Metropolitan France",France,RM,CP,N,bovine caprine ovine porcine,CP - Cutting Plant,,
76.400.001,DEFIAL NORMIVAL,PARC D'ACTIVITES PARC ACTIVITE PLAINE GARE PARC D'ACTIVITES,Luneray,76810,"Seine-Maritime,Normandy,Metropolitan France",France,RM,CP,N,bovine caprine ovine porcine,CP - Cutting Plant,,
59.247.001,DELBE TRAITEUR,13 RUE DE TRESSIN,Forest-sur-Marque,59510,"Nord,Nord-Pas-de-Calais and Picardy,Metropolitan France",France,RM,CP,N,bovine caprine ovine porcine,CP - Cutting Plant,,
94.028.056,DELI PLANETE,ZI LES PETITES HAIES 6 RUE JEAN LEMOINE ZI LES PETITES HAIES,Créteil,94000,,France,RM,CP,N,porcine,"Val-de-Marne,Ile-de-France,Metropolitan France | CP - Cutting Plant",,
09.242.002,DELPECH CHRISTOPHE,LE CLOS DE LA VIGNE,Raissac,09300,"Ariège,Occitania,Metropolitan France",France,RM,CP,N,porcine,CP - Cutting Plant,,
81.219.011,DELPY SARL,GIROU HAUT ET LA BAJOLE GIROU HAUT ET LA BAJOLE,Puylaurens,81700,"Tarn,Occitania,Metropolitan France",France,RM,CP,N,bovine caprine ovine equine porcine,CP - Cutting Plant,,
89.387.009,DENAUX,ZAC LES VAUGUILLETTES II 10 RUE SAINT SAUVEUR DES VIGNES ZAC LES VAUGUILLETTES II,Sens,89100,"Yonne,Bourgogne-Franche-Comté,Metropolitan France",France,RM,CP,N,bovine caprine ovine porcine,CP - Cutting Plant,,
22.272.026,DENOUAL ROLAND (LES DELICES DE LA BELLE NOE),ZA DE BELLEVUE 24 AV DE L'HIPPODROME ZA DE BELLEVUE,Saint-Agathon,22200,"Côtes-d'Armor,Brittany,Metropolitan France",France,RM,CP,N,porcine,CP - Cutting Plant,,
46.128.015,DESTREL VIANDES,ZONE INDUSTRIELLE LES ABATTOIRS,Gramat,46500,"Lot,Occitania,Metropolitan France",France,RM,SH CP,Y,,SH - Slaughterhouse | CP - Cutting Plant,,
42.094.002,DEVEILLE SAS,27 RTE DE SAINT ETIENNE,Feurs,42110,"Loire,Auvergne-Rhône-Alpes,Metropolitan France",France,RM,CP,N,bovine,CP - Cutting Plant,,
26.365.031,DIDIER VINCENT - FERME DES AYASSES,LES AYASSES,Vaunaveys-la-Rochette,26400,"Drôme,Auvergne-Rhône-Alpes,Metropolitan France",France,RM,CP,N,porcine,CP - Cutting Plant,,
974.15.001,DIEGO PECHE 2,ZI CAMBAIE 3 AV DE LA RIVI7RE DES GALETS,Saint-Paul,97460,"Réunion,Réunion,Réunion",France,RM,CP,N,bovine caprine ovine,CP - Cutting Plant,,
26.204.001,DIOIS SALAISONS,LA PLAINE 1470 Route des Noyers,Montlaur-en-Diois,26310,"Drôme,Auvergne-Rhône-Alpes,Metropolitan France",France,RM,CP,N,bovine caprine ovine porcine,CP - Cutting Plant,,
974.12.004,DISTRI-RIVE GAUCHE,ZAC DES GREGUES 2 MANAPANY,Vincendo,97480,"Réunion,Réunion,Réunion",France,RM,CP,N,bovine caprine ovine,CP - Cutting Plant,,
31.991.400,DISTRIBUTION ALIMENTAIRE DE TOULOUSE,1 IMP ANDRE MARESTAN,Toulouse,31100,"Haute-Garonne,Occitania,Metropolitan France",France,RM,CP,N,bovine porcine,CP - Cutting Plant,,
67.300.003,DISTRIBUTION ILLER,RUE DE DACHSTEIN,Molsheim,67120,,France,RM,CP,N,bovine porcine,"Bas-Rhin,Grand Est,Metropolitan France | CP - Cutting Plant",,
63.113.733,DISTRIPORC SARL,35 RUE DU CHAROLAIS,Clermont-Ferrand,63100,,France,RM,CP,N,,"Puy-de-Dôme,Auvergne-Rhône-Alpes,Metropolitan France | CP - Cutting Plant",,
59.178.001,DOUAISIENNE D ABATTAGE,653 RUE EMILE BASLY,Douai,59500,"Nord,Nord-Pas-de-Calais and Picardy,Metropolitan France",France,RM,SH,Y,bovine caprine ovine,SH - Slaughterhouse,,
74.007.002,DSR PELIZZARI,VOZERIER 660 RTE DE SAINT PIERRE,Amancy,74800,"Upper Savoy,Auvergne-Rhône-Alpes,Metropolitan France",France,RM,CP,N,bovine porcine,CP - Cutting Plant,,
32.208.106,DU NAUDET,A NAUDET,Lectoure,32700,"Gers,Occitania,Metropolitan France",France,RM,CP,N,bovine porcine,CP - Cutting Plant,,
15.187.004,DU PRODUCTEUR A L'ASSIETTE,4 RUE JEAN JAURES,Saint-Flour,15100,"Cantal,Auvergne-Rhône-Alpes,Metropolitan France",France,RM,CP,N,bovine caprine ovine porcine,CP - Cutting Plant,,
33.167.007,DUCASSE ET ASSOCIES,2 AV DES MONDAULTS,Floirac,33270,"Gironde,New Aquitaine,Metropolitan France",France,RM,CP,N,bovine caprine ovine porcine,CP - Cutting Plant,,
55.153.003,DUCROS EMMANUEL,41 RUE MAZEL,Dieppe-sous-Douaumont,55400,"Meuse,Grand Est,Metropolitan France",France,RM,CP,N,bovine caprine ovine,CP - Cutting Plant,,
04.112.500,DUFOUR MANOSQUE,Z I SAINT JOSEPH AV BLAISE PASCAL Z I SAINT JOSEPH,Manosque,04100,"Alpes-de-Haute-Provence,Provence-Alpes-Côte d'Azur,Metropolitan France",France,RM,CP,N,bovine caprine ovine porcine,CP - Cutting Plant,,
03.185.010,DUMONTET EVELYNE,28 RUE RAQUIN,Montluçon,03100,"Allier,Auvergne-Rhône-Alpes,Metropolitan France",France,RM,SH,Y,caprine,SH - Slaughterhouse,,
59.178.206,DUPUIS JEROME,ZONE INDUSTRIELLE DE DORIGNIES RUE MAURICE CAULLERY ZI DE DORIGNIES,Douai,59500,"Nord,Nord-Pas-de-Calais and Picardy,Metropolitan France",France,RM,CP,N,bovine caprine ovine porcine,CP - Cutting Plant,,
60.533.001,DUQUENNE DANIEL,1 RUE GEORGES LATAPIE,Ressons-sur-Matz,60490,"Oise,Nord-Pas-de-Calais and Picardy,Metropolitan France",France,RM,CP,N,bovine porcine,CP - Cutting Plant,,
15.152.002,DUTREVIS ALEXANDRA - L'AUVERGNE GOURMANDE,RUE DU SALZET,Pierrefort,15230,"Cantal,Auvergne-Rhône-Alpes,Metropolitan France",France,RM,CP,N,porcine,CP - Cutting Plant,,
72.039.002,Danish Crown Division Porc,ZA de la Taille Av du 10 août 1944 ZA de la Taille,Bonnétable,72110,"Sarthe,Pays de la Loire,Metropolitan France",France,RM,CP,N,porcine,CP - Cutting Plant,,
13.117.090,Dedeviandes,Zone industrielle des Estroublans 38 Bd de l'Europe ZI des Estroublans,Vitrolles,13127,"Bouches-du-Rhône,Provence-Alpes-Côte d'Azur,Metropolitan France",France,RM,CP,N,bovine caprine ovine,CP - Cutting Plant,,
15.174.012,EARL AL PAIS,LE MOURIOL,Saint-Bonnet-de-Salers,15140,"Cantal,Auvergne-Rhône-Alpes,Metropolitan France",France,RM,CP,N,porcine,CP - Cutting Plant,,
29.041.001,EARL BIO KERZEST,KERZEST,Coray,29370,"Finistère,Brittany,Metropolitan France",France,RM,CP,N,bovine porcine,CP - Cutting Plant,,
03.214.002,EARL BISONS D'AUVERGNE,LD LE PLAIX,Rocles,03240,"Allier,Auvergne-Rhône-Alpes,Metropolitan France",France,RM,CP,N,bovine caprine ovine,CP - Cutting Plant,,
11.127.004,EARL CUCUILLERE,LE VILLAGE,Escouloubre,11140,"Aude,Occitania,Metropolitan France",France,RM,CP,N,bovine caprine ovine porcine,CP - Cutting Plant,,
89.008.001,EARL DE LA COTE AU DUC,19 RUE DU MOULIN DE CHOUARD,Angely,89440,"Yonne,Bourgogne-Franche-Comté,Metropolitan France",France,RM,CP,N,bovine,CP - Cutting Plant,,
81.325.173,EARL DE LA FERME DE BONICARDE,LA BONICARDE,Viviers-lès-Montagnes,81290,"Tarn,Occitania,Metropolitan France",France,RM,CP,N,porcine,CP - Cutting Plant,,
60.054.001,EARL DE MESENGUY,2 RUE DE MESENGUY,Les Hauts Talican,60390,"Oise,Nord-Pas-de-Calais and Picardy,Metropolitan France",France,RM,CP,N,,CP - Cutting Plant,,
65.185.001,EARL DE PASQUINE-CURBET,1 CAMI DE PASQUINE 1 CAMI DE PASQUINE,Gardères,65320,"Hautespyrenees,Occitania,Metropolitan France",France,RM,CP,N,porcine,CP - Cutting Plant,,
31.303.001,EARL DE PUNTOUS,CHE DE GAVEGUE,Longages,31410,"Haute-Garonne,Occitania,Metropolitan France",France,RM,CP,N,,CP - Cutting Plant,,
24.394.003,EARL DES FORGERONS,LD LES FORGERONS,Sainte-Croix-de-Mareuil,24340,"Dordogne,New Aquitaine,Metropolitan France",France,RM,CP,N,caprine ovine porcine,CP - Cutting Plant,,
66.193.004,EARL DES GAROTXES,LA GUARDIA,Serdinya,66360,"Pyrénées-Orientales,Occitania,Metropolitan France",France,RM,CP,N,bovine caprine ovine,CP - Cutting Plant,,
2B.057.001,EARL DU PETRICCIU,INCONNUE,Canale-di-Verde,20230,"Haute-Corse,Corsica,Metropolitan France",France,RM,CP,N,bovine caprine ovine porcine,CP - Cutting Plant,,
40.074.002,EARL DU VIEUX BOURG,475 RTE DU VIEUX BOURG DELAOU,Castel-Sarrazin,40330,"Landes,New Aquitaine,Metropolitan France",France,RM,CP,N,porcine,CP - Cutting Plant,,
50.520.001,EARL ELEVAGE DE LA FRASERIE,HAMEAU LELAIDIER,Bricquebec-en-Cotentin,50260,"Manche,Normandy,Metropolitan France",France,RM,CP,N,bovine porcine,CP - Cutting Plant,,
38.392.001,EARL ELEVAGE DE SANTALE,104 CHE DE SANTALE,Saint-Hilaire-de-Brens,38460,"Isère,Auvergne-Rhône-Alpes,Metropolitan France",France,RM,CP,N,caprine ovine porcine,CP - Cutting Plant,,
03.235.003,EARL FARJAUD,LD LES GRAS,Saint-Gérand-le-Puy,03150,"Allier,Auvergne-Rhône-Alpes,Metropolitan France",France,RM,CP,N,bovine,CP - Cutting Plant,,
37.133.001,EARL LA MOSELLERIE,LA MOSELLERIE,Loché-sur-Indrois,37460,"Indre-et-Loire,Centre-Loire Valley,Metropolitan France",France,RM,CP,N,,CP - Cutting Plant,,
29.247.010,EARL PIERRE CALVEZ,KERREUN TY LAE,Saint-Évarzec,29170,"Finistère,Brittany,Metropolitan France",France,RM,CP,N,bovine caprine ovine porcine,CP - Cutting Plant,,
64.233.001,EARL PORC & PINK,14 CHE MONCLA,Garlin,64330,"Pyrénées-Atlantiques,New Aquitaine,Metropolitan France",France,RM,CP,N,bovine porcine,CP - Cutting Plant,,
36.126.001,EARL THOONSEN,LD BOIS BERTRAND,Montchevrier,36140,"Indre,Centre-Loire Valley,Metropolitan France",France,RM,CP,N,bovine porcine,CP - Cutting Plant,,
82.121.296,ECOLE DES METIERS - CENTRE DE FORMATION D'APPRENTIS DE TARN ET GARONNE,ZI NORD RUE ERNEST MERCADIER,Montauban,82000,,France,RM,CP,N,bovine porcine,"Tarn-et-Garonne,Occitania,Metropolitan France | CP - Cutting Plant",,
75.112.008,ECOLE NATIONALE SUPERIEURE DES METIERS DE LA VIANDE,37 BD SOULT,12th Arrondissement,75012,"Paris,Ile-de-France,Metropolitan France",France,RM,CP,N,bovine caprine ovine,CP - Cutting Plant,,
75.112.007,ECOLE PROFESSIONNELLE DE BOUCHERIE,37 BD SOULT,12th Arrondissement,75012,"Paris,Ile-de-France,Metropolitan France",France,RM,CP,N,bovine caprine ovine,CP - Cutting Plant,,
34.081.001,ECS,ZAE CANTEGALS,Colombiers,34440,"Hérault,Occitania,Metropolitan France",France,RM,CP,N,bovine caprine ovine porcine,CP - Cutting Plant,,
95.585.001,EFEM,24 RUE DU FER A CHEVAL,Sarcelles,95200,,France,RM,CP,N,bovine caprine ovine,"Val-d'Oise,Ile-de-France,Metropolitan France | CP - Cutting Plant",,
41.078.002,ELEVAGE FRESNAY,L'ETANG,Épuisay,41360,,France,RM,CP,N,bovine caprine ovine porcine,"Loir-et-Cher,Centre-Loire Valley,Metropolitan France | CP - Cutting Plant",,
972.13.025,ELEVEURS MARTINIQUAIS COOP AGR,PL D'ARMES CODEM,Le Lamentin,97232,"Martinique,Martinique,Martinique",France,RM,CP,N,bovine,CP - Cutting Plant,,
12.215.001,ELIAN BRUEL - AUTREMENT DECOUPE,ZONE D'ACTIVITES DU VALLON,Saint-Christophe-Vallon,12330,"Aveyron,Occitania,Metropolitan France",France,RM,CP,N,bovine caprine ovine porcine,CP - Cutting Plant,,
88.155.001,ELIVIA,ZONE FRANCHE AEROPORT SUD LORRAINE RUE DE BOURGOGNE ZONE FRANCHE AEROPORT SUD LORRAINE,Domvallier,88500,"Vosges,Grand Est,Metropolitan France",France,RM,SH CP,Y,bovine caprine ovine porcine,SH - Slaughterhouse | CP - Cutting Plant,,
14.752.010,ELIVIA,RTE D'EPINAY,Villers-Bocage,14310,"Calvados,Normandy,Metropolitan France",France,RM,CP SH,Y,bovine,CP - Cutting Plant | SH - Slaughterhouse,,
49.176.001,ELIVIA,ROUTE DE GREZ NEUVILLE ZI LA COUDERE,Le Lion-d'Angers,49220,"Maine-et-Loire,Pays de la Loire,Metropolitan France",France,RM,CP SH,Y,bovine,CP - Cutting Plant | SH - Slaughterhouse,,
49.323.032,ELIVIA,5 RUE DE LA FORGERIE SAINT SYLVAIN D'ANJOU,Verrières-en-Anjou,49480,"Maine-et-Loire,Pays de la Loire,Metropolitan France",France,RM,CP,N,bovine caprine ovine porcine,CP - Cutting Plant,,
62.617.001,ELIVIA,120 RUE DE L'EGALITE,Nœux-les-Mines,62290,,France,RM,CP SH,Y,bovine,"Pas-de-Calais,Nord-Pas-de-Calais and Picardy,Metropolitan France | CP - Cutting Plant | SH - Slaughterhouse",,
79.049.001,ELIVIA - BRESSUIRE VIANDES,75 BD DU MARECHAL FOCH,Bressuire,79300,,France,RM,CP SH,Y,bovine,"Deux-Sèvres,New Aquitaine,Metropolitan France | CP - Cutting Plant | SH - Slaughterhouse",,
79.049.003,ELIVIA - BRESSUIRE VIANDES,15 RUE DENFERT ROCHEREAU,Bressuire,79300,,France,RM,CP,N,bovine,"Deux-Sèvres,New Aquitaine,Metropolitan France | CP - Cutting Plant",,
53.130.002,ELIVIA - PRIVILEG,202 RUE DU BAS DES BOIS,Laval,53000,"Mayenne,Pays de la Loire,Metropolitan France",France,RM,CP,N,bovine,CP - Cutting Plant,,
85.109.005,ELIVIA - SCABEV,RUE DE L ABATTOIR,Les Herbiers,85500,"Vendée,Pays de la Loire,Metropolitan France",France,RM,SH,Y,bovine equine,SH - Slaughterhouse,,
49.099.024,ELIVIA - SCAVO,ZONE INDUSTRIELLE LE CORMIER 1 RUE GUSTAVE FOUILLARON ZI LE CORMIER,Cholet,49300,"Maine-et-Loire,Pays de la Loire,Metropolitan France",France,RM,CP,N,bovine caprine ovine porcine,CP - Cutting Plant,,
61.001.001,ELIVIA - SELVI,23 RUE NICOLAS APPERT,Alençon,61000,"Orne,Normandy,Metropolitan France",France,RM,CP SH,Y,bovine caprine ovine porcine,CP - Cutting Plant | SH - Slaughterhouse,,
64.229.001,ELIZALDIA - ONENA FERME ELIZALDIA,MAISON FERME ELIZALDIA,Gamarthe,64220,"Pyrénées-Atlantiques,New Aquitaine,Metropolitan France",France,RM,CP,N,,CP - Cutting Plant,,
64.493.005,ELRES - INSTITUT JEAN ERRECART,Quartier Zaldi Xuri,Saint-Palais,64120,"Pyrénées-Atlantiques,New Aquitaine,Metropolitan France",France,RM,CP,N,bovine caprine ovine porcine,CP - Cutting Plant,,
67.182.002,ELSASS VIANDE,3 RUE DES CHARRONS Z.A. DES CHATEAUX,Hangenbieten,67980,,France,RM,CP,N,,"Bas-Rhin,Grand Est,Metropolitan France | CP - Cutting Plant",,
79.329.002,ELVEA 2SEVRES,15 RUE DES CHAMPS PROUST,Thouars,79100,,France,RM,CP,N,,"Deux-Sèvres,New Aquitaine,Metropolitan France | CP - Cutting Plant",,
73.067.002,EMIN VIANDES,AV DES TILLEULS,La Chambre,73130,"Savoy,Auvergne-Rhône-Alpes,Metropolitan France",France,RM,CP,N,bovine porcine,CP - Cutting Plant,,
14.654.010,ENTREPRISE VIANDES ABATTAGES,SAINT-PIERRE-SUR-DIVES - SAINT-PIERRE- ABATTOIRS SAINT-PIERRE-SUR-DIVES - SAINT-PIERRE-,Saint-Pierre-en-Auge,14170,"Calvados,Normandy,Metropolitan France",France,RM,SH CP,Y,bovine,SH - Slaughterhouse | CP - Cutting Plant,,
14.437.022,ENTREPRISE VIANDES ABATTAGES - E.V.A,CHEMIN DEPARTEMENTAL 402 CHE DEPARTEMENTAL 402 ZONE D'ACTIVITE DE CALIX,Mondeville,14120,"Calvados,Normandy,Metropolitan France",France,RM,CP,N,bovine,CP - Cutting Plant,,
14.371.002,ENTREPRISE VIANDES ABATTAGES - E.V.A.,BELLOU 2321 ROUTE DE BELLOUET,Livarot,14140,"Calvados,Normandy,Metropolitan France",France,RM,CP,N,,CP - Cutting Plant,,
49.007.003,EPIGRAM PAYS DE LA LOIRE,12 AV JEAN JOXE MIN,Angers,49100,"Maine-et-Loire,Pays de la Loire,Metropolitan France",France,RM,CP,N,bovine caprine ovine porcine,CP - Cutting Plant,,
64.430.002,ETABLISSEMENT BIGNALET,29 RUE DU VIADUC,Orthez,64300,"Pyrénées-Atlantiques,New Aquitaine,Metropolitan France",France,RM,CP,N,bovine caprine ovine porcine,CP - Cutting Plant,,
12.030.001,ETABLISSEMENT MIQUEL,LOT LA GARENNE,Bouillac,12300,"Aveyron,Occitania,Metropolitan France",France,RM,CP,N,porcine,CP - Cutting Plant,,
64.399.101,ETABLISSEMENT PUBLIC LOCAL D ENSEIGNEMENT ET DE FORMATION PROFESSIONNELLE AGRICOLE DE PAU MONTARDON - CFPPA,RTE DE PAU,Montardon,64121,"Pyrénées-Atlantiques,New Aquitaine,Metropolitan France",France,RM,CP,N,bovine caprine ovine porcine,CP - Cutting Plant,,
51.231.001,ETABLISSEMENT PUBLIC LOCAL D'ENSEIGNEMENT ET DE FORMATION PROFESSIONNELLE AGRICOLE - LEGTA,RTE DEPARTEMENTALE 3,Somme-Vesle,51460,"Marne,Grand Est,Metropolitan France",France,RM,CP,N,bovine caprine ovine porcine,CP - Cutting Plant,,
55.029.002,ETABLISSEMENT PUBLIC LOCAL D'ENSEIGNEMENT ET DE FORMATION PROFESSIONNELLE AGRICOLE DE LA MEUSE - LEGTPA DE BAR LE DUC,TECHNOPOLE PHILIPPE DE VILMORIN,Bar-le-Duc,55000,"Meuse,Grand Est,Metropolitan France",France,RM,CP,N,bovine caprine ovine porcine,CP - Cutting Plant,,
79.049.004,ETABLISSEMENT PUBLIC LOCAL D'ENSEIGNEMENT ET DE FORMATION PROFESSIONNELLE AGRICOLE LES SICAUDIERES - LEGTA DE BRESSUIRE,BD DE NANTES CAMPUS DES SICAUDIERES,Bressuire,79300,,France,RM,CP,N,bovine caprine ovine porcine,"Deux-Sèvres,New Aquitaine,Metropolitan France | CP - Cutting Plant",,
01.053.007,ETABLISSEMENT PUBLIC LOCAL D'ENSEIGNEMENT ET DE FORMATION PROFESSIONNELLE AGRICOLES DE BOURG-EN-BRESSE - LEGTA LYCEE AGRICOLE AGROALIMENTAIRE DES SARDIERES,79 AV DE JASSERON,Bourg-en-Bresse,01000,"Ain,Auvergne-Rhône-Alpes,Metropolitan France",France,RM,CP,N,bovine caprine ovine porcine,CP - Cutting Plant,,
87.201.001,ETABLISSEMENT PUBLIC LOCAL D'ENSEIGNEMENT ET DE FORMATION PROFESSIONNELLE AGRICOLES DE LIMOGES ET DU NORD HAUTE-VIENNE - ATELIER TECHN 1 CIBIAL AGRO ALIMENTAIRE,LES VASEIX,Verneuil-sur-Vienne,87430,"Haute-Vienne,New Aquitaine,Metropolitan France",France,RM,CP,N,bovine caprine ovine porcine,CP - Cutting Plant,,
56.178.004,ETABLISSEMENT PUBLIC LOCAL D'ENSEIGNEMENT ET DE FORMATION PROFESSIONNELLE AGRICOLES DE PONTIVY - LEGTA LE GROS CHENE,RUE DE BRETAGNE,Pontivy,56300,"Morbihan,Brittany,Metropolitan France",France,RM,CP,N,bovine porcine,CP - Cutting Plant,,
12.176.001,ETABLISSEMENT PUBLIC LOCAL D'ENSEIGNEMENT ET DE FORMATION PROFESSIONNELLE AGRICOLES DE RODEZ-LE-ROQUE - LE HALL TECHNOLOGIQUE,LA ROQUE RTE D ESPALION LA ROQUE,Onet-le-Château,12850,"Aveyron,Occitania,Metropolitan France",France,RM,CP,N,bovine caprine ovine porcine,CP - Cutting Plant,,
15.187.007,ETABLISSEMENT PUBLIC LOCAL D'ENSEIGNEMENT ET DE FORMATION PROFESSIONNELLE AGRICOLES DE SAINT FLOUR - LYCEE PROFESSIONNEL AGRICOLE LOUIS MALLET,VOLZAC,Saint-Flour,15100,"Cantal,Auvergne-Rhône-Alpes,Metropolitan France",France,RM,CP,N,bovine porcine,CP - Cutting Plant,,
24.138.001,ETABLISSEMENT PUBLIC LOCAL D'ENSEIGNEMENT ET DE FORMATION PROFESSIONNELLE AGRICOLES DU PERIGORD - LEGTPA PERIGUEUX,DOMAINE PEYROUSE AV WINSTON CHURCHILL DOMAINE PEYROUSE,Coulounieix-Chamiers,24660,"Dordogne,New Aquitaine,Metropolitan France",France,RM,CP,N,bovine caprine ovine porcine,CP - Cutting Plant,,
43.268.015,ETABLISSEMENT PUBLIC LOCAL D'ENSEIGNEMENT ET DE FORMATION PROFESSIONNELLE AGRICOLES DU VELAY - CFPPA ADULTES D'YSSINGEAUX,DOMAINE DE CHOUMOUROUX 50 IMP LES EPICEAS DOMAINE DE CHOUMOUROUX,Yssingeaux,43200,"Haute-Loire,Auvergne-Rhône-Alpes,Metropolitan France",France,RM,CP,N,bovine caprine ovine equine porcine,CP - Cutting Plant,,
35.257.002,ETABLISSEMENTS ABERA,RUE VICTOR ROUSSIN,Maen-Roch,35460,,France,RM,SH CP,Y,porcine,"Ille-et-Vilaine,Brittany,Metropolitan France | SH - Slaughterhouse | CP - Cutting Plant",,
19.146.002,ETABLISSEMENTS BADEFORT - SOLAC,ZONE ARTISANALE ZA DE LA GENESTE ZONE ARTISANALE,Naves,19460,"Corrèze,New Aquitaine,Metropolitan France",France,RM,CP,N,bovine porcine,CP - Cutting Plant,,
64.348.023,ETABLISSEMENTS BETBEDER,64 AVENUE F ET IRENE JOLIOT CURIE,Lons,64140,"Pyrénées-Atlantiques,New Aquitaine,Metropolitan France",France,RM,CP,N,porcine,CP - Cutting Plant,,
35.069.001,ETABLISSEMENTS BEUCHER,ZA DU ROCOMPS,Châteaugiron,35410,,France,RM,CP,N,bovine caprine ovine porcine,"Ille-et-Vilaine,Brittany,Metropolitan France | CP - Cutting Plant",,
79.324.001,ETABLISSEMENTS BOCAGE VIANDES - BOCAGE VIANDES,6 ALL DU BEUGNON TERVES,Bressuire,79300,,France,RM,CP,N,bovine caprine ovine,"Deux-Sèvres,New Aquitaine,Metropolitan France | CP - Cutting Plant",,
94.065.501,ETABLISSEMENTS CANU,VIANDE 21 RUE DES DECHARGEURS MIN BAT V1A MIN DE RUNGIS,Chevilly-Larue,94550,,France,RM,CP,N,bovine caprine ovine porcine,"Val-de-Marne,Ile-de-France,Metropolitan France | CP - Cutting Plant",,
68.295.001,ETABLISSEMENTS CLAUDE BEULAIGNE SA,ZONE INDUSTRIELLE 12 RUE DES FRERES PEUGEOT ZONE INDUSTRIELLE,Sainte-Croix-en-Plaine,68127,,France,RM,CP,N,bovine porcine,"Haut-Rhin,Grand Est,Metropolitan France | CP - Cutting Plant",,
35.152.002,ETABLISSEMENTS CLERMONT,AVENUE DE LA FORET,Langouet,35630,,France,RM,CP,N,porcine,"Ille-et-Vilaine,Brittany,Metropolitan France | CP - Cutting Plant",,
02.360.002,ETABLISSEMENTS DENIS ET COMPAGNIE,LIEU DIT L HOMME MORT 11 RUE DE LA MIETTE,VILLENEUVE-SUR-AISNE,02190,"Aisne,Nord-Pas-de-Calais and Picardy,Metropolitan France",France,RM,CP,N,bovine caprine ovine porcine,CP - Cutting Plant,,
94.065.209,ETABLISSEMENTS DEPLANCHE-LAUBERYE,VIANDE 511 2 RUE DE L AUBRAC MIN VIANDE 511,Rungis,94150,,France,RM,CP,N,bovine caprine ovine,"Val-de-Marne,Ile-de-France,Metropolitan France | CP - Cutting Plant",,
64.309.001,ETABLISSEMENTS FAGET,BOURG,Lamayou,64460,"Pyrénées-Atlantiques,New Aquitaine,Metropolitan France",France,RM,CP,N,bovine caprine ovine,CP - Cutting Plant,,
29.300.020,ETABLISSEMENTS FRAVAL,LA CROIX DE LOGAN,Le Trévoux,29380,"Finistère,Brittany,Metropolitan France",France,RM,CP,N,bovine,CP - Cutting Plant,,
85.082.002,ETABLISSEMENTS GIFFAUD,ZONE ARTISANALE MONFORT,Les Epesses,85590,"Vendée,Pays de la Loire,Metropolitan France",France,RM,CP,N,porcine,CP - Cutting Plant,,
94.065.246,ETABLISSEMENTS GUIRAUDOU LEMAIRE AUDOIRE SAS LAG,2 RUE DE L AUBRAC MIN,Rungis,94150,,France,RM,CP,N,bovine,"Val-de-Marne,Ile-de-France,Metropolitan France | CP - Cutting Plant",,
78.310.001,ETABLISSEMENTS GUY HARANG,ZONE INDUSTRIEL SAINT MATHIEU RUE DU MOULIN DES ARTS ZONE INDUSTRIEL SAINT MATHIEU,Houdan,78550,"Yvelines,Ile-de-France,Metropolitan France",France,RM,CP SH,Y,porcine,CP - Cutting Plant | SH - Slaughterhouse,,
62.257.002,ETABLISSEMENTS J. M. MACQUET SA,16 RUE PRINCIPALE,Créquy,62310,,France,RM,CP,N,caprine ovine,"Pas-de-Calais,Nord-Pas-de-Calais and Picardy,Metropolitan France | CP - Cutting Plant",,
62.364.005,ETABLISSEMENTS J. M. MACQUET SA,RUE DE SAINT OMER,Fruges,62310,,France,RM,CP,N,bovine caprine ovine porcine,"Pas-de-Calais,Nord-Pas-de-Calais and Picardy,Metropolitan France | CP - Cutting Plant",,
35.353.003,ETABLISSEMENTS JEAN CHAPIN,ZONE AGRO ALIMENTAIRE 20 RUE DU LT COL DUBOIS,Vezin-le-Coquet,35132,,France,RM,CP,N,bovine caprine ovine,"Ille-et-Vilaine,Brittany,Metropolitan France | CP - Cutting Plant",,
12.052.009,ETABLISSEMENTS L. SERRAULT,ZI LES TAILLADES ZI,Capdenac-Gare,12700,"Aveyron,Occitania,Metropolitan France",France,RM,CP,N,porcine,CP - Cutting Plant,,
54.136.001,ETABLISSEMENTS MAGET,ZAC DU VAL DE L'ORNE,Conflans-en-Jarnisy,54800,"Meurthe-et-Moselle,Grand Est,Metropolitan France",France,RM,CP,N,caprine ovine porcine bovine,CP - Cutting Plant,,
62.086.001,ETABLISSEMENTS MALVOISIN,HAMEAU L ARBRET 48 RTE NATIONALE,Bavincourt,62158,,France,RM,CP SH,Y,bovine caprine ovine equine porcine,"Pas-de-Calais,Nord-Pas-de-Calais and Picardy,Metropolitan France | CP - Cutting Plant | SH - Slaughterhouse",,
33.393.002,ETABLISSEMENTS MASSONNIERE,ZA DE BEAUMALE N 10 10 ZA DE BEAUMALE,Saint-Denis-de-Pile,33910,"Gironde,New Aquitaine,Metropolitan France",France,RM,CP,N,bovine caprine ovine porcine,CP - Cutting Plant,,
34.194.005,ETABLISSEMENTS MAURI MAX,ZAE LA BARTHE,Paulhan,34230,"Hérault,Occitania,Metropolitan France",France,RM,CP,N,bovine caprine ovine porcine,CP - Cutting Plant,,
56.057.003,ETABLISSEMENTS MONFORT,ZI DU PONT MIN,Le Faouët,56320,"Morbihan,Brittany,Metropolitan France",France,RM,CP,N,bovine,CP - Cutting Plant,,
25.361.001,ETABLISSEMENTS PAUL GRESARD,GRANDE RUE,Malbuisson,25160,"Doubs,Bourgogne-Franche-Comté,Metropolitan France",France,RM,CP,N,bovine caprine ovine porcine,CP - Cutting Plant,,
03.185.038,ETABLISSEMENTS PUIGRENIER,ALL GILBERT TALBOURDEAU,Montluçon,03100,"Allier,Auvergne-Rhône-Alpes,Metropolitan France",France,RM,CP,N,bovine,CP - Cutting Plant,,
03.185.002,ETABLISSEMENTS PUIGRENIER,18 RUE BENOIST D AZY,Montluçon,03100,"Allier,Auvergne-Rhône-Alpes,Metropolitan France",France,RM,SH,Y,bovine,SH - Slaughterhouse,,
03.185.005,ETABLISSEMENTS PUIGRENIER,72 AV DE L EUROPE,Montluçon,03100,"Allier,Auvergne-Rhône-Alpes,Metropolitan France",France,RM,CP,N,bovine caprine ovine porcine,CP - Cutting Plant,,
07.130.001,ETABLISSEMENTS PUZZI,RTE DU PUY,Lanarce,07660,"Ardèche,Auvergne-Rhône-Alpes,Metropolitan France",France,RM,CP,N,,CP - Cutting Plant,,
84.007.005,ETABLISSEMENTS R.FILLIERE - MAISON FILLIERE,20 AV FONTCOUVERTE,Avignon,84000,"Vaucluse,Provence-Alpes-Côte d'Azur,Metropolitan France",France,RM,CP,N,porcine,CP - Cutting Plant,,
74.116.001,ETABLISSEMENTS ROSNOBLET,28 RTE DES CHAMPS LAITIERS,Etaux,74800,"Upper Savoy,Auvergne-Rhône-Alpes,Metropolitan France",France,RM,CP,N,bovine caprine ovine porcine,CP - Cutting Plant,,
62.643.008,ETABLISSEMENTS TAILLANDIER,ZONE INDUSTRIELLE RESURGAT II RUE EDOUARD VAILLANT,Outreau,62230,,France,RM,CP,N,bovine caprine ovine porcine,"Pas-de-Calais,Nord-Pas-de-Calais and Picardy,Metropolitan France | CP - Cutting Plant",,
29.039.002,ETABLISSEMENTS TALLEC,ZNE IND MOROS RIVE DROITE RUE DES BOLINCHEURS,Concarneau,29900,"Finistère,Brittany,Metropolitan France",France,RM,CP,N,bovine porcine,CP - Cutting Plant,,
59.526.003,ETS BOCQUET,Z. A. DU MOULIN BLANC 740 RUE DU CHAMP DES OISEAUX Z. A. DU MOULIN BLANC,Saint-Amand-les-Eaux,59230,"Nord,Nord-Pas-de-Calais and Picardy,Metropolitan France",France,RM,CP,N,bovine caprine ovine porcine,CP - Cutting Plant,,
62.215.327,ETS CAMBIE,34 RUE SALVADOR ALLENDE,Carvin,62220,,France,RM,CP,N,bovine caprine ovine porcine,"Pas-de-Calais,Nord-Pas-de-Calais and Picardy,Metropolitan France | CP - Cutting Plant",,
79.049.006,ETS DANIEL BERNIER SAS,TERVES LES CHAVECHES,Bressuire,79300,,France,RM,CP,N,porcine,"Deux-Sèvres,New Aquitaine,Metropolitan France | CP - Cutting Plant",,
81.124.071,ETS ERNEST OBERTI & FILS,SAGNENS,Lacaune,81230,"Tarn,Occitania,Metropolitan France",France,RM,CP,N,porcine,CP - Cutting Plant,,
17.241.002,ETS GAUTIER,2 RUE DE L'ABATTOIR,Montguyon,17270,"Charente-Maritime,New Aquitaine,Metropolitan France",France,RM,CP,N,bovine caprine ovine porcine,CP - Cutting Plant,,
01.187.001,ETS GESLER BOUCHERIE GROS - SA GESLER,HOTONNES,Haut-Valromey,01260,"Ain,Auvergne-Rhône-Alpes,Metropolitan France",France,RM,SH CP,Y,bovine,SH - Slaughterhouse | CP - Cutting Plant,,
85.088.001,ETS JOUBERT PHILIPPE,20 RUE DU CENTRE,Le Fenouiller,85800,"Vendée,Pays de la Loire,Metropolitan France",France,RM,CP,N,porcine,CP - Cutting Plant,,
56.178.007,ETS LE LAVANDIER - LE LAVANDIER L'ELEVEUR CHARCUTIER,AV DES CITES UNIES,Pontivy,56300,"Morbihan,Brittany,Metropolitan France",France,RM,CP,N,porcine,CP - Cutting Plant,,
60.009.001,ETS LUCIEN,ZAC DE THER 130 RUE DES 40 MINES ZAC DE THER,Allonne,60000,"Oise,Nord-Pas-de-Calais and Picardy,Metropolitan France",France,RM,CP,N,bovine caprine ovine porcine,CP - Cutting Plant,,
59.566.103,ETS MENART,1TER RUE DE L'EUROPE,Sequedin,59320,"Nord,Nord-Pas-de-Calais and Picardy,Metropolitan France",France,RM,CP,N,bovine caprine ovine porcine,CP - Cutting Plant,,
62.019.003,ETS OUTREBON ET FILS,60 RUE DE BULLY,Aix-Noulette,62160,,France,RM,CP,N,bovine caprine ovine porcine,"Pas-de-Calais,Nord-Pas-de-Calais and Picardy,Metropolitan France | CP - Cutting Plant",,
43.268.036,ETS PAILLET,RUE DU DOCTEUR PIPET,Yssingeaux,43200,"Haute-Loire,Auvergne-Rhône-Alpes,Metropolitan France",France,RM,CP,N,bovine caprine ovine porcine,CP - Cutting Plant,,
59.178.011,ETS PRUVOST LEROY,ABATTOIR DE DORIGNIES RUE EMILE BASLY,Douai,59500,"Nord,Nord-Pas-de-Calais and Picardy,Metropolitan France",France,RM,CP,N,,CP - Cutting Plant,,
07.019.004,ETS ROGER AUDIGIER,CHE DE LA SOURCE,Aubenas,07200,"Ardèche,Auvergne-Rhône-Alpes,Metropolitan France",France,RM,CP,N,bovine caprine ovine porcine,CP - Cutting Plant,,
12.253.001,ETS ROLLAND-MOLINIER,PARC ARTISANAL 21 RTE DE LA CAILLE,Salles-Curan,12410,"Aveyron,Occitania,Metropolitan France",France,RM,CP,N,bovine caprine ovine porcine,CP - Cutting Plant,,
94.065.207,ETS Reigner,2 Rue De L' Aubrac CP 60505 94595 Rungis France,Rungis Cedex,94516,,France,RM,CP,N,bovine caprine ovine,"Val-de-Marne,Ile-de-France,Metropolitan France | CP - Cutting Plant",,
41.167.001,ETS SEGRAIS,42 RUE DE TOURAINE,Veuzain-sur-Loire,41150,,France,RM,CP,N,porcine,"Loir-et-Cher,Centre-Loire Valley,Metropolitan France | CP - Cutting Plant",,
11.304.003,EURL ABATTOIR DE QUILLAN,AV DE MARIDES,Quillan,11500,"Aude,Occitania,Metropolitan France",France,RM,SH,Y,bovine caprine ovine porcine,SH - Slaughterhouse,,
12.205.007,EURL AZAM DECOUPE,305 RUE DE L'ABEILLE ZA LA GLEBE 2,La Rouquette,12200,"Aveyron,Occitania,Metropolitan France",France,RM,CP,N,bovine caprine ovine porcine,CP - Cutting Plant,,
09.225.007,EURL CHARCUTERIE ROS,40 AV DE LA RIJOLE,Pamiers,09100,"Ariège,Occitania,Metropolitan France",France,RM,CP,N,porcine,CP - Cutting Plant,,
22.113.002,EURL DES AUGUSTINS - BOUCHERIE AUDIGOU,16 RUE DES AUGUSTINS,Lannion,22300,"Côtes-d'Armor,Brittany,Metropolitan France",France,RM,CP,N,bovine caprine ovine porcine,CP - Cutting Plant,,
82.041.002,EURL DU CAUSSE,5006 Bourdoncle Haut,Cazals,82140,,France,RM,CP,N,bovine ovine,"Tarn-et-Garonne,Occitania,Metropolitan France | CP - Cutting Plant",,
38.086.001,EURL GERMAIN CARA,668 RTE DES CHAMBARANDS,Chasselay,38470,"Isère,Auvergne-Rhône-Alpes,Metropolitan France",France,RM,SH,Y,caprine,SH - Slaughterhouse,,
81.116.001,EURL PIERRE FABRES,LA MARQUETTE,Labastide-Saint-Georges,81500,"Tarn,Occitania,Metropolitan France",France,RM,CP,N,bovine porcine,CP - Cutting Plant,,
25.084.010,EURL PRESTA DECOUPE VIANDE,26 CHE DU BAS DES VIGNES,Boussières,25320,"Doubs,Bourgogne-Franche-Comté,Metropolitan France",France,RM,CP,N,bovine caprine ovine equine porcine,CP - Cutting Plant,,
47.306.020,EURL SARRAZIN,GOUNEAU,Le Temple-sur-Lot,47110,,France,RM,CP,N,,"Lot-et-Garonne,New Aquitaine,Metropolitan France | CP - Cutting Plant",,
93.001.001,EURL YVES MARIE LE BOUCHER BOHEME,6 B RUE SOLFERINO,Aubervilliers,93300,"Seine-Saint-Denis,Ile-de-France,Metropolitan France",France,RM,CP,N,bovine caprine ovine porcine,CP - Cutting Plant,,
94.065.241,EURODIS,VIANDE 506 2 RUE DE L AUBRAC MIN VIANDE 506,Rungis,94150,,France,RM,CP,N,,"Val-de-Marne,Ile-de-France,Metropolitan France | CP - Cutting Plant",,
94.065.502,EUROPE CHINA,BATIMENT D6C PLA 420 65 RUE DE ROUEN BATIMENT D6C PLA 420,Rungis,94150,,France,RM,CP,N,bovine porcine,"Val-de-Marne,Ile-de-France,Metropolitan France | CP - Cutting Plant",,
03.217.004,EXPLOITATION AGRICOLE A RESPONSABILISE LIMITEE DE LA CROIX SOLEIL,LD LE MONT LA CROIX SOLEIL,Saint-Angel,03170,"Allier,Auvergne-Rhône-Alpes,Metropolitan France",France,RM,CP,N,porcine,CP - Cutting Plant,,
03.059.001,EXPLOITATION AGRICOLE A RESPONSABILITE LIMITEE POUGNER,LD CINTRAT,Chareil-Cintrat,03140,"Allier,Auvergne-Rhône-Alpes,Metropolitan France",France,RM,CP,N,porcine,CP - Cutting Plant,,
40.282.011,EXTRA,ZI DE PERE RUE DE PAPIN,Saint-Sever,40500,"Landes,New Aquitaine,Metropolitan France",France,RM,CP,N,,CP - Cutting Plant,,
FR 76.681.002 CE,Epicerie et Solidarité,355 rue Victor Hugp,Sotteville-lès-Rouen,76300,"Seine-Maritime,Normandy,Metropolitan France",France,RM,CP,N,,CP - Cutting Plant,,
72.373.002,Etablissements Fassier SA,ZI nord Rue de l'industrie,Vibraye,72320,"Sarthe,Pays de la Loire,Metropolitan France",France,RM,CP,N,porcine,CP - Cutting Plant,,
42.231.003,F. PALABOST DECOUPE,Z.I Les Oddins,Saint-Germain-Lespinasse,42640,"Loire,Auvergne-Rhône-Alpes,Metropolitan France",France,RM,CP,N,bovine caprine ovine equine porcine,CP - Cutting Plant,,
24.290.001,FABRE FABRICE,Boulègue,Montferrand-du-Périgord,24440,"Dordogne,New Aquitaine,Metropolitan France",France,RM,CP,N,bovine ovine porcine,CP - Cutting Plant,,
35317002,FABRICE DUCHESNE,LA THEBAUDAIS,Saint-Symphorien,35630,,France,RM,CP,N,,"Ille-et-Vilaine,Brittany,Metropolitan France | CP - Cutting Plant",,
35.095.023,FAMILLE FANTOU,LES ROLANDIERES,Dol-de-Bretagne,35120,,France,RM,CP,N,bovine caprine ovine porcine,"Ille-et-Vilaine,Brittany,Metropolitan France | CP - Cutting Plant",,
32.280.001,FAMILLE LATAPIE,AU VILLAGE,Mont-d'Astarac,32140,"Gers,Occitania,Metropolitan France",France,RM,CP,N,bovine,CP - Cutting Plant,,
51.217.001,FAVEAUX JONATHAN - PRESTATION DECOUPE DORMANS VIANDES,5 ET 7 5 IMP BARBEAU,Dormans,51700,"Marne,Grand Est,Metropolitan France",France,RM,CP,N,,CP - Cutting Plant,,
73.157.001,FAVRE VIANDES,PLACE DU MARCHE,Modane,73500,"Savoy,Auvergne-Rhône-Alpes,Metropolitan France",France,RM,CP,N,bovine caprine ovine porcine,CP - Cutting Plant,,
27.218.001,FERME DE LA HOUSSAYE,LA FERME DU TRÈFLE ZONE D’ACTIVITÉ,Épaignes,27260,"Eure,Normandy,Metropolitan France",France,RM,CP,N,bovine porcine,CP - Cutting Plant,,
43.080.013,FERME DE RECHIMAS VIANDES,RECHIMAS,Craponne-sur-Arzon,43500,"Haute-Loire,Auvergne-Rhône-Alpes,Metropolitan France",France,RM,CP,N,bovine caprine ovine porcine,CP - Cutting Plant,,
69.148.001,FERME DES RAZES,160 CHE DES RAZES,Orliénas,69530,"Rhône,Departemental constituency of Rhône,Auvergne-Rhône-Alpes,Metropolitan France",France,RM,CP,N,bovine caprine ovine porcine,CP - Cutting Plant,,
40.325.002,FERME DES VALLONS,607 RTE DU TURSAN,Vielle-Tursan,40320,"Landes,New Aquitaine,Metropolitan France",France,RM,CP,N,bovine porcine,CP - Cutting Plant,,
35.210.042,FERME DU CHATELIER,LE CHATELLIER,Pacé,35740,,France,RM,CP,N,porcine,"Ille-et-Vilaine,Brittany,Metropolitan France | CP - Cutting Plant",,
24.320.005,FERME LACOMBE,CHARGNAC,Payzac,24270,"Dordogne,New Aquitaine,Metropolitan France",France,RM,CP,N,bovine caprine ovine porcine,CP - Cutting Plant,,
64.546.002,FERME LES ACACIAS,210 RTE DE LA BASTIDE,Urt,64240,"Pyrénées-Atlantiques,New Aquitaine,Metropolitan France",France,RM,CP,N,porcine,CP - Cutting Plant,,
46.335.002,FERME RYBINSKI,LD LA MONTAGNE,Villesèque,46090,"Lot,Occitania,Metropolitan France",France,RM,CP,N,bovine caprine ovine porcine,CP - Cutting Plant,,
46.311.108,FERMES DE FIGEAC,_,Sousceyrac-en-Quercy,46190,"Lot,Occitania,Metropolitan France",France,RM,CP,N,bovine caprine ovine porcine,CP - Cutting Plant,,
76.159.006,FINELTAA SAS,AV MAXIMILIANSAU,Cany-Barville,76450,"Seine-Maritime,Normandy,Metropolitan France",France,RM,SH CP,Y,bovine caprine ovine equine,SH - Slaughterhouse | CP - Cutting Plant,,
2A.114.001,FINIDORI MAXENCE,PISCIA PISCIA,Figari,20114,"South Corsica,Corsica,Metropolitan France",France,RM,CP,N,,CP - Cutting Plant,,
64.405.030,FIPSO INDUSTRIE,ZONE D ACTIVITES GASTON FEBUS 9 RUE PIERRE BOURDIEU,Morlaàs,64160,"Pyrénées-Atlantiques,New Aquitaine,Metropolitan France",France,RM,CP,N,porcine,CP - Cutting Plant,,
12.052.005,FIPSO INDUSTRIE,AUX ABATTOIRS LES TAILLADES AUX ABATTOIRS,Capdenac-Gare,12700,"Aveyron,Occitania,Metropolitan France",France,RM,CP SH,Y,porcine,CP - Cutting Plant | SH - Slaughterhouse,,
64.305.002,FIPSO INDUSTRIE,RTE DE BELLOCQ,Lahontan,64270,"Pyrénées-Atlantiques,New Aquitaine,Metropolitan France",France,RM,CP SH,Y,porcine,CP - Cutting Plant | SH - Slaughterhouse,,
02.127.001,FLAMANT PHILIPPE,15 RUE ETIENNE FLAMAMNT,Bruyères-sur-Fère,02130,"Aisne,Nord-Pas-de-Calais and Picardy,Metropolitan France",France,RM,CP,N,,CP - Cutting Plant,,
05.061.034,FLAUD CHRISTINE,LA BASSE TOURRONDE - QUARTIER COMBE REYNIER,Gap,05000,"Hautes-Alpes,Provence-Alpes-Côte d'Azur,Metropolitan France",France,RM,CP,N,bovine caprine ovine porcine,CP - Cutting Plant,,
22.061.001,FOLLEZOU FREDERIC - FRED,4 RUE DU MENHIR,Glomel,22110,"Côtes-d'Armor,Brittany,Metropolitan France",France,RM,CP,N,,CP - Cutting Plant,,
43.005.001,FORESTIER MICKAEL,LA CROIX DE TOURETTE,Alleyras,43580,"Haute-Loire,Auvergne-Rhône-Alpes,Metropolitan France",France,RM,CP,N,bovine porcine,CP - Cutting Plant,,
94.065.041,FORY VIANDES,"2, rue de l'Aubrac",Rungis Cedex,94596,,France,RM,CP,N,bovine caprine ovine,"Val-de-Marne,Ile-de-France,Metropolitan France | CP - Cutting Plant",,
21.554.002,FOURNIER SAS,10 AV DE LA GARE D EAU,Saint-Jean-de-Losne,21170,"Côte-d'Or,Bourgogne-Franche-Comté,Metropolitan France",France,RM,CP,N,bovine caprine ovine porcine,CP - Cutting Plant,,
26.170.022,FRANCE FAST FOOD DISTRIBUTION,3 RUE SOPHIE GERMAIN,Malissard,26120,"Drôme,Auvergne-Rhône-Alpes,Metropolitan France",France,RM,CP,N,bovine,CP - Cutting Plant,,
06.088.048,FRANCIS VIANDE,11 PL SAINT FRANCOIS,Nice,06300,"Maritime Alps,Provence-Alpes-Côte d'Azur,Metropolitan France",France,RM,CP,N,bovine caprine ovine porcine,CP - Cutting Plant,,
64.545.008,FRED - MAISON MONTAMAT,7 CHE DE LANTEGIA,Urrugne,64122,"Pyrénées-Atlantiques,New Aquitaine,Metropolitan France",France,RM,CP,N,,CP - Cutting Plant,,
14.333.414,FRIGOPACK,HONAVILLE ZA LE P LIEU DIT LA FOSSERI,Honfleur,14600,"Calvados,Normandy,Metropolitan France",France,RM,CP,N,,CP - Cutting Plant,,
49.377.001,FROGIN PHILIPPE - BOUCHERIE DES MARQUISES,RUE DU GENERAL DE GAULLE 64 RUE DU GENERAL DE GAULLE LES ROSIERS,Seiches-sur-le-Loir,49140,"Maine-et-Loire,Pays de la Loire,Metropolitan France",France,RM,CP,N,bovine caprine ovine porcine,CP - Cutting Plant,,
72.338.001,Ferme des Jenvries - SCEA,Les Jenvries,Souillé,72380,"Sarthe,Pays de la Loire,Metropolitan France",France,RM,CP,N,bovine porcine,CP - Cutting Plant,,
13.214.002,France distribution import - export,MIN les Arnavaux Av du marché intérêt national MIN les Arnavaux,Marseille 14e Arrondissement,13014,"Bouches-du-Rhône,Provence-Alpes-Côte d'Azur,Metropolitan France",France,RM,CP,N,bovine,CP - Cutting Plant,,
94.065.243,G.R.G. SA,VIANDE 502 2 RUE DE L AUBRAC MIN VIANDE 502,Rungis,94150,,France,RM,CP,N,bovine caprine ovine porcine,"Val-de-Marne,Ile-de-France,Metropolitan France | CP - Cutting Plant",,
2A.351.001,GAEC BIOLAVA,SCAGLIOLI,Villanova,20167,"South Corsica,Corsica,Metropolitan France",France,RM,CP,N,,CP - Cutting Plant,,
17.351.031,GAEC CHAGNEAUD,CHANTELOUP,Saint-Just-Luzac,17320,"Charente-Maritime,New Aquitaine,Metropolitan France",France,RM,CP,N,bovine,CP - Cutting Plant,,
70.213.002,GAEC COURTOY ET ASSOCIES,42 RUE DU TILLON,Éhuns,70300,"Haute-Saône,Bourgogne-Franche-Comté,Metropolitan France",France,RM,CP,N,bovine caprine ovine porcine,CP - Cutting Plant,,
57.535.001,GAEC DE BEAU PRINTEMPS,24 RUE DES MARGUERITES,Petit-Réderching,57410,"Moselle,Grand Est,Metropolitan France",France,RM,CP,N,,CP - Cutting Plant,,
87.057.001,GAEC DE CHAMPAGNAT,11 CHAMPAGNAT,Dompierre-les-Églises,87190,"Haute-Vienne,New Aquitaine,Metropolitan France",France,RM,CP,N,bovine ovine caprine porcine,CP - Cutting Plant,,
23.096.139,GAEC DE COURTILLE,VILLAGE DE FAYOLLE,Guéret,23000,"Creuse,New Aquitaine,Metropolitan France",France,RM,CP,N,bovine,CP - Cutting Plant,,
43.268.030,GAEC DE FONTBONNE,LA CHAZELIE,Yssingeaux,43200,"Haute-Loire,Auvergne-Rhône-Alpes,Metropolitan France",France,RM,CP,N,porcine,CP - Cutting Plant,,
42.028.003,GAEC DE LA DEOME,VERNAS,Burdignes,42220,"Loire,Auvergne-Rhône-Alpes,Metropolitan France",France,RM,CP,N,,CP - Cutting Plant,,
42.298.010,GAEC DE LA LOGE DE PRINTEMPS,326 CHEMIN DE LA LOGE DE PRINTEMPS,Sauvain,42990,"Loire,Auvergne-Rhône-Alpes,Metropolitan France",France,RM,SH,Y,,SH - Slaughterhouse,,
02.668.002,GAEC DE LA VIEILLE GRANGE,15 RUE DU SOURD,Sains-Richaumont,02120,"Aisne,Nord-Pas-de-Calais and Picardy,Metropolitan France",France,RM,CP,N,bovine porcine,CP - Cutting Plant,,
46.328.001,GAEC DE PECANOT,Le Bourg,Varaire,46260,"Lot,Occitania,Metropolitan France",France,RM,CP,N,bovine,CP - Cutting Plant,,
09.261.002,GAEC DE PERROUTE,FERME PERROUTE PEGOUMAS,Saint-Girons,09200,"Ariège,Occitania,Metropolitan France",France,RM,CP,N,bovine ovine,CP - Cutting Plant,,
42.289.007,GAEC DES DELICES FERMIERS,LD LES SALLES,Lay,42470,"Loire,Auvergne-Rhône-Alpes,Metropolitan France",France,RM,CP,N,,CP - Cutting Plant,,
16.378.049,GAEC DES DEUX LOGIS,LIEU DIT LE LOGIS DU PEUX,Taizé-Aizie,16700,"Charente,New Aquitaine,Metropolitan France",France,RM,CP,N,,CP - Cutting Plant,,
04.205.051,GAEC DES PELISSONES,LA POINTE,Seyne,04140,"Alpes-de-Haute-Provence,Provence-Alpes-Côte d'Azur,Metropolitan France",France,RM,CP,N,bovine porcine,CP - Cutting Plant,,
15.006.002,GAEC DU MEYNIAL,LIEU DIT LE MEYNIAL,Anglards-de-Salers,15380,"Cantal,Auvergne-Rhône-Alpes,Metropolitan France",France,RM,CP,N,bovine porcine,CP - Cutting Plant,,
31.223.004,GAEC DU MONVERT,,Goudex,31230,"Haute-Garonne,Occitania,Metropolitan France",France,RM,CP,N,porcine,CP - Cutting Plant,,
04 023 001,GAEC DU PONT,LE PONT,Bayons,04250,"Alpes-de-Haute-Provence,Provence-Alpes-Côte d'Azur,Metropolitan France",France,RM,CP,N,,CP - Cutting Plant,,
12.036.009,GAEC DU SALT,LIEU DIT LE SALT,Brommat,12600,"Aveyron,Occitania,Metropolitan France",France,RM,CP,N,bovine,CP - Cutting Plant,,
48.040.010,GAEC FERME DE PRAT CLAUX,LIEU DIT PRATCLAUX,Mont Lozère et Goulet,48250,"Lozère,Occitania,Metropolitan France",France,RM,CP,N,bovine porcine,CP - Cutting Plant,,
07.181.001,GAEC FERME DU PLATEAU DES SOIES - FERME DU PLATEAU DES SOIES,3600 CHE DES GRADS,Le Pouzin,07250,"Ardèche,Auvergne-Rhône-Alpes,Metropolitan France",France,RM,CP,N,,CP - Cutting Plant,,
64.066.003,GAEC JARA XOLAN,MAISON JAUBERRIA MAISON JAUBERRIA,Ascarat,64220,"Pyrénées-Atlantiques,New Aquitaine,Metropolitan France",France,RM,CP,N,bovine porcine,CP - Cutting Plant,,
79.049.010,GAEC L'HERMITAGE,LA BOISRELIERE CHAMBROUTET,Bressuire,79300,,France,RM,CP,N,bovine caprine ovine,"Deux-Sèvres,New Aquitaine,Metropolitan France | CP - Cutting Plant",,
38.531.002,GAEC LA FERME LE MONT CHARVET,387 HAMEAU LA SAUGE,Velanne,38620,"Isère,Auvergne-Rhône-Alpes,Metropolitan France",France,RM,CP,N,,CP - Cutting Plant,,
81.272.235,GAEC LA VIE BIO,399 LD BRAY,Montgaillard,81630,"Tarn,Occitania,Metropolitan France",France,RM,CP,N,porcine,CP - Cutting Plant,,
65.412.002,GAEC LALAQUE,_,Sauveterre,65700,"Hautespyrenees,Occitania,Metropolitan France",France,RM,CP,N,porcine,CP - Cutting Plant,,
77.151.002,GAEC LEFEVRE,HAM MONEUSE,Dagny,77320,"Seine-et-Marne,Ile-de-France,Metropolitan France",France,RM,CP,N,bovine porcine,CP - Cutting Plant,,
23.027.001,GAEC LEPETIT,ARCISSAT,Bosmoreau-les-Mines,23400,"Creuse,New Aquitaine,Metropolitan France",France,RM,CP,N,bovine caprine ovine,CP - Cutting Plant,,
38.225.004,GAEC LES COLIBRIS,LD LES ARNAUDS,Autrans-Méaudre-en-Vercors,38112,"Isère,Auvergne-Rhône-Alpes,Metropolitan France",France,RM,CP,N,bovine porcine,CP - Cutting Plant,,
25.430.005,GAEC OREE BOIS FERME OREE BOIS,AU BATIMENT DU GAEC 7 CHE DU COMMUNAL,Ollans,25640,"Doubs,Bourgogne-Franche-Comté,Metropolitan France",France,RM,CP,N,bovine porcine,CP - Cutting Plant,,
73.010.001,GAEC RECONNU DES THEVENONS,519 RTE DES GRANDS CHENES ALBENS,Entrelacs,73410,"Savoy,Auvergne-Rhône-Alpes,Metropolitan France",France,RM,CP,N,bovine porcine,CP - Cutting Plant,,
54.377.006,GAEC RECONNU DU FUME LORRAIN,GRAND RUE,Montigny,54540,"Meurthe-et-Moselle,Grand Est,Metropolitan France",France,RM,CP,N,porcine,CP - Cutting Plant,,
03.201.001,GAEC RECONNU FERME DE GAYERE,LD GAYERE,Nizerolles,03250,"Allier,Auvergne-Rhône-Alpes,Metropolitan France",France,RM,CP,N,bovine porcine,CP - Cutting Plant,,
48.192.002,GAEC RODIER-SARTRE,NOUBLOUX,Trélans,48340,"Lozère,Occitania,Metropolitan France",France,RM,CP,N,bovine caprine ovine porcine,CP - Cutting Plant,,
48.141.002,GAEC TOULOUSETTE,TOULOUSETTE TOULOUSETTE,Mas-Saint-Chély,48210,"Lozère,Occitania,Metropolitan France",France,RM,CP,N,caprine ovine porcine,CP - Cutting Plant,,
57.463.928,GAL VIANDES SARL,RUE DU TROU AUX SERPENTS,Metz,57046,"Moselle,Grand Est,Metropolitan France",France,RM,CP,N,bovine,CP - Cutting Plant,,
44.180.027,GALLAIS PHILIPPE - TERROIR D'ANCENIS,7 RUE VILLE JOLIE,Vallons-de-l'Erdre,44540,"Loire-Atlantique,Pays de la Loire,Metropolitan France",France,RM,CP,N,bovine,CP - Cutting Plant,,
35.184.004,GALLAIS VIANDES,RTE DE ST MEEN,Montauban-de-Bretagne,35360,,France,RM,SH CP,Y,bovine caprine ovine,"Ille-et-Vilaine,Brittany,Metropolitan France | SH - Slaughterhouse | CP - Cutting Plant",,
05.131.001,GARCIN SANDRA,LES FORESTIERS,Saint-Auban-d'Oze,05400,"Hautes-Alpes,Provence-Alpes-Côte d'Azur,Metropolitan France",France,RM,CP,N,,CP - Cutting Plant,,
24.498.008,GARON FILS,3 RTE DU TACOT,Saint-Saud-Lacoussière,24470,"Dordogne,New Aquitaine,Metropolitan France",France,RM,CP,N,caprine ovine porcine bovine,CP - Cutting Plant,,
35.125.002,GATINE VIANDES,35 RUE DE LA BOUGEOIRE,La Guerche-de-Bretagne,35130,,France,RM,CP SH,Y,porcine,"Ille-et-Vilaine,Brittany,Metropolitan France | CP - Cutting Plant | SH - Slaughterhouse",,
69.091.127,GAUTHEY VIANDES,CENTRE COMMERCIAL DU GIER ALLEE 3 RUE DU COMMERCE CENTRE COMMERCIAL DU GIER - ALLEE 3,Givors,69700,"Rhône,Departemental constituency of Rhône,Auvergne-Rhône-Alpes,Metropolitan France",France,RM,CP,N,bovine,CP - Cutting Plant,,
42.187.009,GEAY-VIANDES,9 RUE MARC DE TARDY,Roanne,42300,"Loire,Auvergne-Rhône-Alpes,Metropolitan France",France,RM,CP,N,bovine caprine ovine porcine,CP - Cutting Plant,,
76.278.001,GELAE,ROUTE NATIONALE 28 28 RTE NATIONALE ROUTE NATIONALE 28,Foucarmont,76340,"Seine-Maritime,Normandy,Metropolitan France",France,RM,CP,N,,CP - Cutting Plant,,
78.010.007,GENERALE DE BOUCHERIES DEBUSSY,25 RUE DES VERGERS 25 RUE DES VERGERS,Les Alluets-le-Roi,78580,"Yvelines,Ile-de-France,Metropolitan France",France,RM,CP,N,bovine porcine,CP - Cutting Plant,,
83.086.002,GENERALE FRIGORIFIQUE DISTRIBUTION,RTE NATIONALE 7 LE RAYOL,Le Muy,83490,"Var,Provence-Alpes-Côte d'Azur,Metropolitan France",France,RM,CP,N,bovine caprine ovine porcine,CP - Cutting Plant,,
23.195.008,GENTY,LE BOURG,Saint-Fiel,23000,"Creuse,New Aquitaine,Metropolitan France",France,RM,CP,N,bovine caprine ovine porcine,CP - Cutting Plant,,
971.17.001,GESTAG,ROUTE DE CHATEAU GAILLARD SECTION ACOMAR,Le Moule,97160,"Guadeloupe,Guadeloupe,Guadeloupe",France,RM,SH,Y,bovine equine,SH - Slaughterhouse,,
03.051.003,GIE DES ELEVEURS DU PAYS DE CHAMBERAT,35 RUE GEORGE SAND,Chambérat,03370,"Allier,Auvergne-Rhône-Alpes,Metropolitan France",France,RM,CP,N,bovine caprine ovine porcine,CP - Cutting Plant,,
49.020.054,GIFFAUD VIANDES ANGERS,2 RUE DES AJONCS,Beaucouzé,49070,"Maine-et-Loire,Pays de la Loire,Metropolitan France",France,RM,CP,N,porcine,CP - Cutting Plant,,
37.172.002,GIFFAUD VIANDES TOURS,14 RUE RENE CASSIN,Notre-Dame-d'Oé,37390,"Indre-et-Loire,Centre-Loire Valley,Metropolitan France",France,RM,CP,N,porcine,CP - Cutting Plant,,
74.276.006,GIFFRE VIANDES,ZA SOUS CHESSIN 178 RUE DES ARTISANS,Taninges,74440,"Upper Savoy,Auvergne-Rhône-Alpes,Metropolitan France",France,RM,CP,N,porcine bovine,CP - Cutting Plant,,
43.135.002,GINEYS FRANCK - BOUCHERIE CHARCUTERIE DES MONTS BREYSSE,ESPLANADE STEVENSON,Le Monastier-sur-Gazeille,43150,"Haute-Loire,Auvergne-Rhône-Alpes,Metropolitan France",France,RM,CP,N,bovine caprine ovine porcine,CP - Cutting Plant,,
07.119.001,GINEYS VIANDES ET SALAISONS,LE VILLAGE,Le Lac-d'Issarlès,07470,"Ardèche,Auvergne-Rhône-Alpes,Metropolitan France",France,RM,CP,N,,CP - Cutting Plant,,
12.264.004,GINISTY BENOIT,14 AV TABARDEL,Sébazac-Concourès,12740,"Aveyron,Occitania,Metropolitan France",France,RM,CP,N,bovine caprine ovine porcine,CP - Cutting Plant,,
04.209.004,GIRAUD VIANDES,PARC D'ACTIVITES VAL DE DURANCE ALL DES GENETS,Sisteron,04200,"Alpes-de-Haute-Provence,Provence-Alpes-Côte d'Azur,Metropolitan France",France,RM,CP,N,bovine caprine ovine porcine,CP - Cutting Plant,,
18.205.003,GIROUT VIANDES,312 RUE DE MALITORNE,Saint-Doulchard,18230,"Cher,Centre-Loire Valley,Metropolitan France",France,RM,CP,N,bovine caprine ovine porcine,CP - Cutting Plant,,
22.187.180,GLOBAL VIANDES - GLOBAL VIANDES FRANCE,4 RUE HELENE BOUCHER,Plérin,22190,"Côtes-d'Armor,Brittany,Metropolitan France",France,RM,CP,N,caprine ovine,CP - Cutting Plant,,
32.239.105,GONELLA DOMINIQUE,MAISON NEUVE,Marsolan,32700,"Gers,Occitania,Metropolitan France",France,RM,CP,N,bovine caprine ovine porcine,CP - Cutting Plant,,
05.061.003,GOURMETON (SAS),Rue des Silos 05000 GAP,Gap,05000,"Hautes-Alpes,Provence-Alpes-Côte d'Azur,Metropolitan France",France,RM,CP,N,,CP - Cutting Plant,,
45.315.112,GOYARD SARL,25 RUE DE LA BLANCHISSERIE,Sully-sur-Loire,45600,"Loiret,Centre-Loire Valley,Metropolitan France",France,RM,CP,N,bovine caprine ovine equine porcine,CP - Cutting Plant,,
29.220.002,GRAINE DE BIO,RTE DE PLOMEUR,Pont-l'Abbé,29120,"Finistère,Brittany,Metropolitan France",France,RM,CP,N,bovine caprine ovine porcine,CP - Cutting Plant,,
94.065.003,GRANDE BOUCHERIE PREMIERE,PLA 17 RUE DU POITOU BAT D8A PLA 17 RUE DU POITOU BAT D8A,Rungis,94150,,France,RM,CP,N,bovine caprine ovine porcine,"Val-de-Marne,Ile-de-France,Metropolitan France | CP - Cutting Plant",,
32.286.112,GRANGEON ARLETTE,LD LA PAYROULERE DE LARTET,Montestruc-sur-Gers,32390,"Gers,Occitania,Metropolitan France",France,RM,CP,N,bovine porcine,CP - Cutting Plant,,
15.196.051,GRIMAL PERE & FILS,LE BOURG,Saint-Mamet-la-Salvetat,15220,"Cantal,Auvergne-Rhône-Alpes,Metropolitan France",France,RM,CP,N,porcine,CP - Cutting Plant,,
08.194.002,GRIMPLET,ZONE INDUSTRIELLE RUE DE BELLEVUE ZONE INDUSTRIELLE,Glaire,08200,"Ardennes,Grand Est,Metropolitan France",France,RM,CP,N,bovine caprine ovine porcine,CP - Cutting Plant,,
29.233.001,GROUPE BIGARD,KERGOSTIOU,Quimperlé,29300,"Finistère,Brittany,Metropolitan France",France,RM,CP SH,Y,porcine bovine,CP - Cutting Plant | SH - Slaughterhouse,,
74.042.001,GROUPE BIGARD,ZONE INDUSTRIELLE DES BORDETS 105 RUE DES SARCELLES,Bonneville,74130,"Upper Savoy,Auvergne-Rhône-Alpes,Metropolitan France",France,RM,CP SH,Y,bovine porcine,CP - Cutting Plant | SH - Slaughterhouse,,
80.318.001,GROUPE BIGARD,ZAC DU VAL DE NIEVRE AV DU BIGAREST ZAC DU VAL DE NIEVRE,Flixecourt,80420,"Somme,Nord-Pas-de-Calais and Picardy,Metropolitan France",France,RM,CP,N,bovine caprine ovine porcine,CP - Cutting Plant,,
60.245.003,GROUPE BIGARD,RTE DE GAILLEFONTAINE,Formerie,60220,"Oise,Nord-Pas-de-Calais and Picardy,Metropolitan France",France,RM,CP SH,Y,bovine caprine ovine,CP - Cutting Plant | SH - Slaughterhouse,,
71.157.028,GROUPE BIGARD,ZA LA CHARBONNIERE,Cuiseaux,71480,"Saône-et-Loire,Bourgogne-Franche-Comté,Metropolitan France",France,RM,CP SH,Y,bovine,CP - Cutting Plant | SH - Slaughterhouse,,
21.663.001,GROUPE BIGARD,RUE DE L OZE,Venarey-les-Laumes,21150,"Côte-d'Or,Bourgogne-Franche-Comté,Metropolitan France",France,RM,SH CP,Y,bovine caprine ovine porcine,SH - Slaughterhouse | CP - Cutting Plant,,
94.065.035,GROUPE BIGARD,5 RUE DE L AUBRAC MIN,Rungis,94150,,France,RM,CP,N,porcine,"Val-de-Marne,Ile-de-France,Metropolitan France | CP - Cutting Plant",,
62.767.001,GROUPE BIGARD,RTE D OSTREVILLE,Saint-Pol-sur-Ternoise,62130,,France,RM,CP SH,Y,porcine,"Pas-de-Calais,Nord-Pas-de-Calais and Picardy,Metropolitan France | CP - Cutting Plant | SH - Slaughterhouse",,
47.032.001,GROUPE BIGARD,Z I JEAN MALEZE 39 R DENIS PAPIN,Bon-Encontre,47240,,France,RM,CP,N,bovine caprine ovine porcine,"Lot-et-Garonne,New Aquitaine,Metropolitan France | CP - Cutting Plant",,
51.649.001,GROUPE BIGARD,ABATTOIRS ZONE INDUSTRIELLE RUE BOIS GUILLAUME ABATTOIRS ZONE INDUSTRIELLE,Marolles,51300,"Marne,Grand Est,Metropolitan France",France,RM,CP SH,Y,bovine caprine ovine porcine,CP - Cutting Plant | SH - Slaughterhouse,,
81.065.001,GROUPE BIGARD - ABATTOIR DE CASTRES,LE VERDIER DE SAINT PALAIS 42 RUE LUDOVIC JULIEN LE VERDIER DE SAINT PALAIS,Castres,81100,"Tarn,Occitania,Metropolitan France",France,RM,SH CP,Y,bovine caprine ovine porcine,SH - Slaughterhouse | CP - Cutting Plant,,
59.225.104,GROUPE BIGARD - BIGARD FEIGNIES,ZONE INDUSTRIELLE GREVAUX LES GUIDES RUE DANIEL GAILLARD ZI GREVAUX LES GUIDES,Feignies,59750,"Nord,Nord-Pas-de-Calais and Picardy,Metropolitan France",France,RM,CP SH,Y,bovine,CP - Cutting Plant | SH - Slaughterhouse,,
46.153.202,GROUPEMENT AGRICOLE D'EXPLOITATION EN COMMUN DE GREZELADE,_,Lanzac,46200,"Lot,Occitania,Metropolitan France",France,RM,CP,N,porcine,CP - Cutting Plant,,
46.138.001,GROUPEMENT AGRICOLE D'EXPLOITATION EN COMMUN DE LARCHER - GAEC DE LARCHER,LARCHER,Cœur de Causse,46240,"Lot,Occitania,Metropolitan France",France,RM,CP,N,bovine porcine,CP - Cutting Plant,,
53.186.001,GROUPEMENT AGRICOLE D'EXPLOITATION EN COMMUN DE MONTIGNE,MONTIGNE,Quelaines-Saint-Gault,53360,"Mayenne,Pays de la Loire,Metropolitan France",France,RM,CP,N,caprine ovine,CP - Cutting Plant,,
66.136.009,GUASCH & FILS,ZI DE TORREMILA RUE LATECOERE ZI DE TORREMILA,Perpignan,66000,"Pyrénées-Orientales,Occitania,Metropolitan France",France,RM,CP,N,bovine caprine ovine porcine,CP - Cutting Plant,,
28.177.002,GUELLIER ET FILS,ZONE INDUSTRIELLE GELLAIN 4 AV GUSTAVE EIFFEL,Gellainville,28630,,France,RM,CP,N,bovine caprine ovine porcine,"Eure-et-Loir,Centre-Loire Valley,Metropolitan France | CP - Cutting Plant",,
44.067.018,GUERLAIS DECOUPE,ZA PAYS DE GUEMENE BOIS BRUN RTE DE CHATEAUBRIANT ZA PAYS DE GUEMENE BOIS BRUN,Guémené-Penfao,44290,"Loire-Atlantique,Pays de la Loire,Metropolitan France",France,RM,CP,N,bovine caprine ovine porcine,CP - Cutting Plant,,
10.064.001,GUILLEMINOT PERE ET FILS,28 RUE JEAN JAURES 28 ET 30,Brienne-le-Château,10500,"Aube,Grand Est,Metropolitan France",France,RM,CP,N,bovine caprine ovine porcine,CP - Cutting Plant,,
13.083001,Groupe Bigard,ZA de la Horsiere,Rognonas,13870,"Bouches-du-Rhône,Provence-Alpes-Côte d'Azur,Metropolitan France",France,RM,CP,N,,CP - Cutting Plant,,
FR 76.276.004 CE,H MEAT,Le Champ Vecquemont,Forges-les-Eaux,76440,"Seine-Maritime,Normandy,Metropolitan France",France,RM,CP,N,,CP - Cutting Plant,,
94.054.060,HAK HUOT,SENIA 12 RUE DU BAS MARIN SENIA,Orly,94310,,France,RM,CP,N,bovine caprine ovine porcine,"Val-de-Marne,Ile-de-France,Metropolitan France | CP - Cutting Plant",,
64.086.001,HARAGI LANA,MAISON IRRINTZINA QUARTIER PENA,Ayherre,64240,"Pyrénées-Atlantiques,New Aquitaine,Metropolitan France",France,RM,CP,N,,CP - Cutting Plant,,
03.094.011,HASSENFORDER ET FILS,ABATTOIRS DE VICHY RHUE,Creuzier-le-Vieux,03300,"Allier,Auvergne-Rhône-Alpes,Metropolitan France",France,RM,CP,N,bovine porcine,CP - Cutting Plant,,
43.040.012,HAUT ALLIER QUALITE,AV PIERRE MENDES FRANCE,Brioude,43100,"Haute-Loire,Auvergne-Rhône-Alpes,Metropolitan France",France,RM,CP,N,bovine caprine ovine porcine,CP - Cutting Plant,,
25.346.020,HAUTE LOUE SALAISONS,RUE DE FOUGERIS,Longeville,25330,"Doubs,Bourgogne-Franche-Comté,Metropolitan France",France,RM,CP,N,porcine,CP - Cutting Plant,,
70.258.003,HCS,ZA LA ZOUZETTE,Froideconche,70300,"Haute-Saône,Bourgogne-Franche-Comté,Metropolitan France",France,RM,CP,N,bovine caprine ovine porcine,CP - Cutting Plant,,
49.239.001,HDC PRODUCTION - SAVEURS DES MAUGES,LE PETIT CORMIER,Beaupréau-en-Mauges,49110,"Maine-et-Loire,Pays de la Loire,Metropolitan France",France,RM,CP,N,bovine porcine,CP - Cutting Plant,,
57.630.004,HELAL EST,ABATTOIR ZONE INDUSTRIELLE RUE DE BELLEVUE ABATTOIR ZONE INDUSTRIELLE,Sarrebourg,57400,"Moselle,Grand Est,Metropolitan France",France,RM,CP,N,bovine caprine ovine,CP - Cutting Plant,,
76.498.001,HELIE,Z INDUSTRIELLE DES PATIS RUE DES PATIS Z INDUSTRIELLE DES PATIS,Le Petit-Quevilly,76140,"Seine-Maritime,Normandy,Metropolitan France",France,RM,CP,N,bovine caprine ovine porcine,CP - Cutting Plant,,
68.066.003,HERRSCHER MICHEL PRODUCTION,12 RUE EMILE SCHWOERER,Colmar,68000,,France,RM,CP,N,bovine caprine ovine equine porcine,"Haut-Rhin,Grand Est,Metropolitan France | CP - Cutting Plant",,
62.767.005,HERTA SA,ROUTE D'OSTREVILLE,Saint-Pol-sur-Ternoise,62130,,France,RM,CP,N,porcine,"Pas-de-Calais,Nord-Pas-de-Calais and Picardy,Metropolitan France | CP - Cutting Plant",,
94.065.380,HI RUNGIS PLUS DUPAS,PLA 419 2 RUE DE LA CORSE PLA 419,Rungis,94150,,France,RM,CP,N,porcine,"Val-de-Marne,Ile-de-France,Metropolitan France | CP - Cutting Plant",,
85.094.002,HIPPO SUD VENDEE,65 RUE FRANCOIS LAURENT,Foussais-Payré,85240,"Vendée,Pays de la Loire,Metropolitan France",France,RM,CP,N,caprine ovine equine,CP - Cutting Plant,,
971.03.055,HIPPOCAMPE CARAIBES,ZI DE JARRY RUE NOBEL,Baie-Mahault,97122,"Guadeloupe,Guadeloupe,Guadeloupe",France,RM,CP,N,,CP - Cutting Plant,,
53.130.025,HOLVIA PORC,162 RUE DU BAS DES BOIS 162 A 180,Laval,53000,"Mayenne,Pays de la Loire,Metropolitan France",France,RM,CP SH,Y,porcine,CP - Cutting Plant | SH - Slaughterhouse,,
10.095.001,HUGUIER FRERE,LA RACCROCHE,Le Chêne,10700,"Aube,Grand Est,Metropolitan France",France,RM,CP,N,bovine caprine ovine porcine,CP - Cutting Plant,,
35.245.018,IFIP - INSTITUT DU PORC,LE BOIS HAMON RTE DE MINIAC SOUS BECHEREL,Romillé,35850,,France,RM,CP,N,,"Ille-et-Vilaine,Brittany,Metropolitan France | CP - Cutting Plant",,
61.001.115,IIT FORMATIONS ALTERNEES ORNES,RUE DU MANS,Alençon,61000,"Orne,Normandy,Metropolitan France",France,RM,CP,N,bovine caprine ovine equine porcine,CP - Cutting Plant,,
71.439.002,IMBERT DIDIER,LES MURIERS,Saint-Léger-lès-Paray,71600,"Saône-et-Loire,Bourgogne-Franche-Comté,Metropolitan France",France,RM,CP,N,bovine caprine ovine porcine,CP - Cutting Plant,,
18.033.135,INSTITUT DE FORMATION EN ALTERNANCE DE BOURGES,149 B RUE DE TURLY,Bourges,18000,"Cher,Centre-Loire Valley,Metropolitan France",France,RM,CP,N,bovine caprine ovine porcine,CP - Cutting Plant,,
14.752.363,INSTITUT DE L'ELEVAGE,RTE EPINAY SUR ODON,Villers-Bocage,14310,"Calvados,Normandy,Metropolitan France",France,RM,CP,N,bovine,CP - Cutting Plant,,
42.218.003,INSTITUT DES METIERS DE SAINT ETIENNE,1 RUE AUGUSTE COLONNA,Saint-Étienne,42100,"Loire,Auvergne-Rhône-Alpes,Metropolitan France",France,RM,CP,N,bovine caprine ovine porcine,CP - Cutting Plant,,
15.014.126,INSTITUT FORMATION PROFESSION PERMANENTE,8 RUE AGRICOLE PERDIGUIER,Aurillac,15000,"Cantal,Auvergne-Rhône-Alpes,Metropolitan France",France,RM,CP,N,bovine porcine,CP - Cutting Plant,,
63.345.001,INSTITUT NATIONAL DE RECHERCHE POUR L'AGRICULTURE L'ALIMENTATION ET L'ENVIRONNEMENT - CENTRE RECHERCHE D'AUVERGNE-RHONE-ALPES,BUREAU DU PERSONNEL SERVICES GENERAUX,Saint-Genès-Champanelle,63122,,France,RM,SH,Y,bovine caprine ovine,"Puy-de-Dôme,Auvergne-Rhône-Alpes,Metropolitan France | SH - Slaughterhouse",,
37.175.001,INSTITUT NATIONAL DE RECHERCHE POUR L'AGRICULTURE L'ALIMENTATION ET L'ENVIRONNEMENT - CENTRE RECHERCHE TOURS,DOMAINE DE L'ORFRASIERE,Nouzilly,37380,"Indre-et-Loire,Centre-Loire Valley,Metropolitan France",France,RM,SH,Y,bovine caprine ovine equine porcine,SH - Slaughterhouse,,
35.275.001,INSTITUT NATIONAL DE RECHERCHE POUR L'AGRICULTURE L'ALIMENTATION ET L'ENVIRONNEMENT INSTALL EXPIREMENTALE,DOM DE LA PRISE,Saint-Gilles,35590,,France,RM,CP SH,Y,porcine,"Ille-et-Vilaine,Brittany,Metropolitan France | CP - Cutting Plant | SH - Slaughterhouse",,
38.490.001,ISERE VIANDES ET SALAISONS,LD LE VILLAGE,Sillans,38590,"Isère,Auvergne-Rhône-Alpes,Metropolitan France",France,RM,CP,N,bovine caprine ovine porcine,CP - Cutting Plant,,
49.267.753,J.A GASTRONOMIE - JA GASTRONOMIE,6 RUE DU PAON,Saint-Barthélemy-d'Anjou,49124,"Maine-et-Loire,Pays de la Loire,Metropolitan France",France,RM,CP,N,bovine caprine ovine porcine,CP - Cutting Plant,,
73.225.002,J.A GASTRONOMIE - MAISON JA SAVOIE MONT BLANC,134 IMPASSE DU TERRAILLET,Saint-Baldoph,73190,"Savoy,Auvergne-Rhône-Alpes,Metropolitan France",France,RM,CP,N,bovine caprine ovine porcine,CP - Cutting Plant,,
2A.004.016,J.P.M.,PARC DE L'INDUSTRIE ANCIENNE RTE DE SARTENE VAZZIO PARC DE L'INDUSTRIE,Ajaccio,20090,"South Corsica,Corsica,Metropolitan France",France,RM,CP,N,bovine caprine ovine porcine,CP - Cutting Plant,,
12.063.036,JASSE LARZOU PRODUCTION,PARC ACTIVITES MILLAU-LARZAC,La Cavalerie,12230,"Aveyron,Occitania,Metropolitan France",France,RM,CP,N,porcine,CP - Cutting Plant,,
56.074.001,JEAN FLOC'H SURGELATION,COETNON ZI DE BONVALLON,Guénin,56150,"Morbihan,Brittany,Metropolitan France",France,RM,CP,N,porcine,CP - Cutting Plant,,
29.225.001,JEAN HENAFF SAS,KER'HASTELL,Pouldreuzic,29710,"Finistère,Brittany,Metropolitan France",France,RM,CP SH,Y,porcine,CP - Cutting Plant | SH - Slaughterhouse,,
85.215.003,JEAN ROUTHIAU,AVENUE DE LA METAIRIE,Saint-Fulgent,85250,"Vendée,Pays de la Loire,Metropolitan France",France,RM,CP,N,bovine,CP - Cutting Plant,,
29.004.021,JEAN-PIERRE TALLEC-L'HERITAGE DU GOUT,59 RUE DE SCAER,Bannalec,29340,"Finistère,Brittany,Metropolitan France",France,RM,CP,N,porcine,CP - Cutting Plant,,
04.208.005,JOASSAN FRERES,ROUTE DE SIMIANE QUA L'EYROUSE ROUTE DE SIMIANE,Simiane-la-Rotonde,04150,"Alpes-de-Haute-Provence,Provence-Alpes-Côte d'Azur,Metropolitan France",France,RM,CP,N,bovine caprine ovine porcine,CP - Cutting Plant,,
56.091.006,JOSSELIN PORC ABATTAGE,ZONE INDUSTRIELLE LA BELLE ALOUETTE,Josselin,56120,"Morbihan,Brittany,Metropolitan France",France,RM,CP SH,Y,porcine,CP - Cutting Plant | SH - Slaughterhouse,,
45.009.001,JOUSSET SARL,Le Moulin,Aschères-le-Marché,45170,"Loiret,Centre-Loire Valley,Metropolitan France",France,RM,SH,Y,,SH - Slaughterhouse,,
85.246.007,JULES & MAX (SARL),130 RUE DU PETIT BOURBON,Saint-Martin-des-Noyers,85140,"Vendée,Pays de la Loire,Metropolitan France",France,RM,CP,N,bovine caprine ovine porcine,CP - Cutting Plant,,
26.107.001,JULLIEN LOGISTIQUE,45 RTE DU GUE,Crépol,26350,"Drôme,Auvergne-Rhône-Alpes,Metropolitan France",France,RM,CP,N,caprine ovine,CP - Cutting Plant,,
13.001.051,Joassan Frères,Site du champ de foire 2090 ZI Les Milles Site du champ de foire,Aix-en-Provence,13290,"Bouches-du-Rhône,Provence-Alpes-Côte d'Azur,Metropolitan France",France,RM,CP,N,bovine caprine ovine porcine,CP - Cutting Plant,,
01.163.001,KAMAKLE,3821 RTE DE LESCHEROUX,Foissiat,01340,"Ain,Auvergne-Rhône-Alpes,Metropolitan France",France,RM,CP,N,bovine,CP - Cutting Plant,,
95.680.131,KARNOUG - LODOS VIANDES,7 AV DES ENTREPRENEURS,Villiers-le-Bel,95400,,France,RM,CP,N,bovine caprine ovine,"Val-d'Oise,Ile-de-France,Metropolitan France | CP - Cutting Plant",,
971.01.020,KARUCASH,ROUTE ANCIEN AEROPORT DU RAIZET,Les Abymes,97139,"Guadeloupe,Guadeloupe,Guadeloupe",France,RM,CP,N,bovine porcine,CP - Cutting Plant,,
971.17.006,KARUDEV,RTE DE CHATEAU-GAILLARD SECTION ACOMAT,Le Moule,97160,"Guadeloupe,Guadeloupe,Guadeloupe",France,RM,CP,N,,CP - Cutting Plant,,
971.14.006,KARUKERA PORC,CHE DE LA ROSE,Goyave,97128,"Guadeloupe,Guadeloupe,Guadeloupe",France,RM,CP,N,porcine,CP - Cutting Plant,,
35.184.032,KER VIANDE,51 RUE DE ROMILLE,Montauban-de-Bretagne,35360,,France,RM,CP,N,bovine caprine ovine porcine,"Ille-et-Vilaine,Brittany,Metropolitan France | CP - Cutting Plant",,
22.046.001,KERMENE,13 LE PEREY - SAINT JACUT DU MENE,Le Mené,22330,"Côtes-d'Armor,Brittany,Metropolitan France",France,RM,SH CP,Y,bovine porcine,SH - Slaughterhouse | CP - Cutting Plant,,
56.225.001,KERMENE,ZONE D'ACTIVITES LES PIERRES BLANCHES ZONE D'ACTIVITES LES PIERRES BLANCHES,Saint-Léry,56430,"Morbihan,Brittany,Metropolitan France",France,RM,CP,N,bovine,CP - Cutting Plant,,
22.388.001,KERMENE,ZONE ACTIVITE VAUCOULEURS ZONE ACTIVITE,Vildé-Guingalan,22980,"Côtes-d'Armor,Brittany,Metropolitan France",France,RM,CP,N,porcine,CP - Cutting Plant,,
56.144.003,KERVARREC STEPHANE,9 GRANDE RUE,Évellys,56500,"Morbihan,Brittany,Metropolitan France",France,RM,CP,N,bovine porcine,CP - Cutting Plant,,
35.124.007,KERVEN,PARC D'ACTIVITE PAYS DU GRAND FOUGERAY ESPACE NORD 3 AVENUE CAPE 137,Grand-Fougeray,35390,,France,RM,CP,N,bovine porcine,"Ille-et-Vilaine,Brittany,Metropolitan France | CP - Cutting Plant",,
29.025.001,KIG A CAST,1 RUE KREISKER,Cast,29150,"Finistère,Brittany,Metropolitan France",France,RM,CP,N,bovine caprine ovine porcine,CP - Cutting Plant,,
29.263.020,KIG SAINT SEGAL,ZA DE MENEZ BOS,Saint-Ségal,29590,"Finistère,Brittany,Metropolitan France",France,RM,CP,N,bovine,CP - Cutting Plant,,
67.218.003,KIRN PRODUCTION,8 RUE EUGENIE BRAZIER,Illkirch-Graffenstaden,67400,,France,RM,CP,N,bovine porcine,"Bas-Rhin,Grand Est,Metropolitan France | CP - Cutting Plant",,
13.071.003,KNS FRANCE,4027 D368 route de Gignac Artifel Ouest,Les Pennes-Mirabeau,13170,"Bouches-du-Rhône,Provence-Alpes-Côte d'Azur,Metropolitan France",France,RM,SH,Y,,SH - Slaughterhouse,,
92.012.014,KOSHER BASSAR - KB DISTRIBUTION,17BIS 19 RUE YVES KERMEN 17BIS 19,Boulogne-Billancourt,92100,"Hauts-de-Seine,Ile-de-France,Metropolitan France",France,RM,CP,N,bovine caprine ovine,CP - Cutting Plant,,
19.031.005,KRILL,ZONE INDUSTRIELLE 4 LE TEINCHURIER ZI,Brive-la-Gaillarde,19100,"Corrèze,New Aquitaine,Metropolitan France",France,RM,CP,N,bovine caprine ovine porcine,CP - Cutting Plant,,
59.256.001,L ATELIER,57 RUE DE LA LOUVIERE,Fretin,59273,"Nord,Nord-Pas-de-Calais and Picardy,Metropolitan France",France,RM,CP,N,bovine porcine,CP - Cutting Plant,,
47.323.430,L'ABATTOIR 47,ZONE INDUSTRIELLE DE LA BARBIERE ABATTOIRS,Villeneuve-sur-Lot,47300,,France,RM,SH,Y,bovine caprine ovine porcine,"Lot-et-Garonne,New Aquitaine,Metropolitan France | SH - Slaughterhouse",,
77.237.006,L'ABATTOIR DE JOSSIGNY,2 CHE DES CHAUDRONNIERS,Jossigny,77600,"Seine-et-Marne,Ile-de-France,Metropolitan France",France,RM,CP SH,Y,bovine caprine ovine,CP - Cutting Plant | SH - Slaughterhouse,,
02.340.001,L'ABATTOIR DE L'AISNE,14 AVENUE DE L'EUROPE,Gauchy,02430,"Aisne,Nord-Pas-de-Calais and Picardy,Metropolitan France",France,RM,CP SH,Y,porcine,CP - Cutting Plant | SH - Slaughterhouse,,
40.119.005,L'ABATTOIR DES LANDES,CHE LARODE,Hagetmau,40700,"Landes,New Aquitaine,Metropolitan France",France,RM,SH,Y,bovine porcine,SH - Slaughterhouse,,
19.138.002,L'ATELIER COWRREZIEN,250 RTE DE CHAUFFOUR LE BOIS DU PEUCH,Meyssac,19500,"Corrèze,New Aquitaine,Metropolitan France",France,RM,CP,N,bovine caprine ovine porcine,CP - Cutting Plant,,
85.062.001,L'ATELIER DE FLORIAN DECOUPE,ZONE ARTISANALE DES SAPINIERES RUE DES ARTISANS,Châteauneuf,85710,"Vendée,Pays de la Loire,Metropolitan France",France,RM,CP,N,bovine caprine ovine porcine,CP - Cutting Plant,,
74.225.052,L'ATELIER DE GUSTAVE,ZA DE BALVAY AV DE L ARCALOD,Rumilly,74150,"Upper Savoy,Auvergne-Rhône-Alpes,Metropolitan France",France,RM,CP,N,bovine caprine ovine porcine,CP - Cutting Plant,,
63.470.001,L'ATELIER DE LA VILLA,PARC D'ACTIVITE DE CHAMPLOUP RUE DE LA CROIX BARDIÈRE PARC D'ACTIVITE DE CHAMPLOUP,Volvic,63530,,France,RM,CP,N,bovine porcine,"Puy-de-Dôme,Auvergne-Rhône-Alpes,Metropolitan France | CP - Cutting Plant",,
94.038.200,L'ATELIER DES BOUCHERIES NIVERNAISES,3 RUE DES MARRONNIERS,L'Haÿ-les-Roses,94240,,France,RM,CP,N,,"Val-de-Marne,Ile-de-France,Metropolitan France | CP - Cutting Plant",,
55.111.001,L'ATELIER DES ELEVEURS,5 ALL DES CHEIBES,Chauvoncourt,55300,"Meuse,Grand Est,Metropolitan France",France,RM,CP,N,caprine ovine porcine bovine,CP - Cutting Plant,,
08.491.009,L'ATELIER DES ELEVEURS,ZONE ARTISANALE RUE DES PANSES BRULEES ZONE ARTISANALE,Vrigne-aux-Bois,08330,"Ardennes,Grand Est,Metropolitan France",France,RM,CP,N,bovine porcine,CP - Cutting Plant,,
53.096.001,L'ATELIER DES ELEVEURS,P.A. DE LA QUERMINAIS 213 RUE JEAN CASSEGRAIN P.A. DE LA QUERMINAIS,Ernée,53500,"Mayenne,Pays de la Loire,Metropolitan France",France,RM,CP,N,bovine,CP - Cutting Plant,,
12.057.001,L'ATELIER DES MONTS LAGAST,ZA DE PLAISANCE,Cassagnes-Bégonhès,12120,"Aveyron,Occitania,Metropolitan France",France,RM,CP,N,,CP - Cutting Plant,,
41.232.001,L'ATELIER DU LOUP,34 AVENUE DE TOULOUSE,Salbris,41300,,France,RM,CP,N,bovine porcine,"Loir-et-Cher,Centre-Loire Valley,Metropolitan France | CP - Cutting Plant",,
19.031.001,L'ATELIER PRE VERT,AV DU 4 JUILLET 1776,Brive-la-Gaillarde,19100,"Corrèze,New Aquitaine,Metropolitan France",France,RM,CP,N,bovine porcine,CP - Cutting Plant,,
11.076.029,L'AUDOISE DES VIANDES,17 AV MARECHAL JUIN LOCAL 6,Castelnaudary,11400,"Aude,Occitania,Metropolitan France",France,RM,CP,N,bovine caprine ovine porcine,CP - Cutting Plant,,
24.498.004,L'AUTRUCHE PERIGOURDINE,LIEU DIT LES PLACES SUD,Saint-Saud-Lacoussière,24470,"Dordogne,New Aquitaine,Metropolitan France",France,RM,CP,N,bovine,CP - Cutting Plant,,
55.505.018,L'OS VIANDE,AVENUE DE L'ETANG BLEU,Thierville-sur-Meuse,55840,"Meuse,Grand Est,Metropolitan France",France,RM,CP,N,bovine caprine ovine porcine,CP - Cutting Plant,,
13.058.008,L'agneau de Maussane,55 Av de la Vallée des Baux,Maussane-les-Alpilles,13520,"Bouches-du-Rhône,Provence-Alpes-Côte d'Azur,Metropolitan France",France,RM,CP,N,,CP - Cutting Plant,,
56.164.001,L.B.V.,ZONE ARTISANALE DE MANE COET DIGO 13 RUE DE MOLENE ZONE ARTISANALE DE MANE COET DIGO,Ploeren,56880,"Morbihan,Brittany,Metropolitan France",France,RM,CP,N,bovine caprine ovine porcine,CP - Cutting Plant,,
23.115.001,LA BOUCHEE LOCALE (SAS),10 NOUAILLAT,Magnat-l'Étrange,23260,"Creuse,New Aquitaine,Metropolitan France",France,RM,CP,N,bovine caprine ovine porcine,CP - Cutting Plant,,
42.305.009,LA BOUCHERE,POLE DE LA VIANDE 171 ALL DE LA HALLE POLE DE LA VIANDE,La Talaudière,42350,"Loire,Auvergne-Rhône-Alpes,Metropolitan France",France,RM,CP,N,bovine caprine ovine porcine,CP - Cutting Plant,,
33.052.001,LA BOUCHERIE A LA CAMPAGNE,1 RUE DE BACCHUS,Les Billaux,33500,"Gironde,New Aquitaine,Metropolitan France",France,RM,CP,N,bovine caprine ovine porcine,CP - Cutting Plant,,
25.467.002,LA BOUCHERIE COMTOISE,6 RUE DES COMBOTTES,Pouilley-les-Vignes,25115,"Doubs,Bourgogne-Franche-Comté,Metropolitan France",France,RM,CP,N,bovine caprine ovine porcine,CP - Cutting Plant,,
971.07.004,LA BOUDINIERE,FONDS CACAO,Capesterre-Belle-Eau,97130,"Guadeloupe,Guadeloupe,Guadeloupe",France,RM,CP,N,bovine porcine,CP - Cutting Plant,,
71.105.001,LA BRESSANNE - LA BRESSANNE ARTISANALE,402 RUE MARIUS LACROUZE,Charnay-lès-Mâcon,71850,"Saône-et-Loire,Bourgogne-Franche-Comté,Metropolitan France",France,RM,CP,N,bovine caprine ovine porcine,CP - Cutting Plant,,
66.136.001,LA CATALANE D'ABATTAGE,ZA TORREMILA 300 RUE LATECOERE ZA TORREMILA,Perpignan,66000,"Pyrénées-Orientales,Occitania,Metropolitan France",France,RM,SH,Y,bovine caprine ovine porcine,SH - Slaughterhouse,,
69.273.017,LA CENTRALE DES VIANDES GIROUD & PERRIER - LA TRESSE DU BOUCHER; LA CENTRALE DES VIANDES GIROUD & PERRIER,4 IMP DU RHONE,Corbas,69960,"Rhône,Departemental constituency of Rhône,Auvergne-Rhône-Alpes,Metropolitan France",France,RM,CP,N,bovine caprine ovine porcine,CP - Cutting Plant,,
50.074.001,LA CHAISERONNE,RTE D'AVRANCHES,Brécey,50370,"Manche,Normandy,Metropolitan France",France,RM,CP,N,bovine caprine ovine porcine,CP - Cutting Plant,,
22.225.003,LA CHAROLAISE,ZA DE RUNANVIZIT 18 IMP DES BUIS,Ploumagoar,22970,"Côtes-d'Armor,Brittany,Metropolitan France",France,RM,CP,N,bovine porcine,CP - Cutting Plant,,
30.007.001,LA CHEVILLE ALESIENNE,144 RUE ANDRE BOULLE,Alès,30100,"Gard,Occitania,Metropolitan France",France,RM,CP,N,bovine caprine ovine porcine,CP - Cutting Plant,,
39.411.005,LA COMTOISE DES VIANDES - JEAN ROYER - LA COMTOISE DES VIANDES-JEAN ROYER,1000 RUE DE LA LIEME,Perrigny,39570,"Jura,Bourgogne-Franche-Comté,Metropolitan France",France,RM,CP,N,bovine caprine ovine equine porcine,CP - Cutting Plant,,
16.106.078,LA CONFOLENTAISE DES VIANDES,70 AV GAMBETTA,Confolens,16500,"Charente,New Aquitaine,Metropolitan France",France,RM,CP,N,bovine caprine ovine,CP - Cutting Plant,,
12.219.021,LA DECOUPE D'OLT,LA VABRE,Sainte-Eulalie-d'Olt,12130,"Aveyron,Occitania,Metropolitan France",France,RM,CP,N,bovine caprine ovine porcine,CP - Cutting Plant,,
65.352.001,LA FERME D'AYZI,13 CHE DU PIBESTE,Ouzous,65400,"Hautespyrenees,Occitania,Metropolitan France",France,RM,CP,N,bovine caprine ovine porcine,CP - Cutting Plant,,
22.093.019,LA FERME DANIEL TANGUY,506 La Ville Neuve MESLIN,Lamballe,22400,"Côtes-d'Armor,Brittany,Metropolitan France",France,RM,CP,N,,CP - Cutting Plant,,
82.121.554,LA FERME DE CAMBES,450 AV DE GASSERAS,Montauban,82000,,France,RM,CP,N,porcine,"Tarn-et-Garonne,Occitania,Metropolitan France | CP - Cutting Plant",,
74.055.001,LA FERME DE CHALLONGES,306 RTE DE SEYSSEL,Challonges,74910,"Upper Savoy,Auvergne-Rhône-Alpes,Metropolitan France",France,RM,CP,N,bovine caprine ovine porcine,CP - Cutting Plant,,
59.427.001,LA FERME DE LA NEUVILLE,147 RUE DU GENERAL DE GAULLE,La Neuville,59239,"Nord,Nord-Pas-de-Calais and Picardy,Metropolitan France",France,RM,CP,N,bovine caprine ovine porcine,CP - Cutting Plant,,
32.276.021,LA FERME DE LACASSAGNE,LACASSAGNE,Montadet,32220,"Gers,Occitania,Metropolitan France",France,RM,CP,N,porcine,CP - Cutting Plant,,
29.182.001,LA FERME DE SAINT LAURENT,KERMATEZEL,Plouégat-Guérand,29620,"Finistère,Brittany,Metropolitan France",France,RM,CP,N,bovine porcine,CP - Cutting Plant,,
80.805.001,LA FERME DES 3 CHATAIGNIERS,15 RUE SAINT JACQUES,Villers-Tournelle,80500,"Somme,Nord-Pas-de-Calais and Picardy,Metropolitan France",France,RM,CP,N,bovine caprine ovine porcine,CP - Cutting Plant,,
05.028.001,LA FERME DES CANDIS,LE PONT,Chabestan,05400,"Hautes-Alpes,Provence-Alpes-Côte d'Azur,Metropolitan France",France,RM,CP,N,bovine caprine ovine equine porcine,CP - Cutting Plant,,
15.232.002,LA FERME DES COCHONS GOURMANDS - GAEC RISPAL S&O,LATGA,Tanavelle,15100,"Cantal,Auvergne-Rhône-Alpes,Metropolitan France",France,RM,CP,N,porcine,CP - Cutting Plant,,
63.349.001,LA FERME DES LOZAMIES,COURTEIX,Saint-Georges-de-Mons,63780,,France,RM,CP,N,bovine caprine ovine porcine,"Puy-de-Dôme,Auvergne-Rhône-Alpes,Metropolitan France | CP - Cutting Plant",,
23.090.005,LA FERME DES NAUTAS,PIGEROLLES,Gentioux-Pigerolles,23340,"Creuse,New Aquitaine,Metropolitan France",France,RM,CP,N,bovine caprine ovine porcine,CP - Cutting Plant,,
03.118.067,LA FERME DES POSITOTS,ZONE INDUSTRIELLE LES CLOS DURS ZA,Gannat,03800,"Allier,Auvergne-Rhône-Alpes,Metropolitan France",France,RM,CP,N,,CP - Cutting Plant,,
971.05.002,LA FERME DESMARAIS,DISILLERIE DESMARAIS,Saint-Claude,97100,"Guadeloupe,Guadeloupe,Guadeloupe",France,RM,CP,N,bovine caprine ovine porcine,CP - Cutting Plant,,
44.224.001,LA FERME DU BOIS SUZIN,LE CEP LE CEP,La Grigonnais,44170,"Loire-Atlantique,Pays de la Loire,Metropolitan France",France,RM,CP,N,porcine,CP - Cutting Plant,,
15.140.001,LA FERME DU CANTAL,16 RTE D'AYRENS,Naucelles,15250,"Cantal,Auvergne-Rhône-Alpes,Metropolitan France",France,RM,CP,N,bovine caprine ovine porcine,CP - Cutting Plant,,
40.128.102,LA FERME DU CLERCQ,1327 RTE DE LACADETTE,Horsarrieu,40700,"Landes,New Aquitaine,Metropolitan France",France,RM,CP,N,bovine porcine,CP - Cutting Plant,,
27.036.001,LA FERME DU LOUVIER,FERME DU LOUVIER,Bâlines,27130,"Eure,Normandy,Metropolitan France",France,RM,CP,N,,CP - Cutting Plant,,
35.176.001,LA FERME DU LUGUEN,ZONE D'ACTIVITE DE COURBOUTON,Guipry-Messac,35480,,France,RM,CP,N,porcine,"Ille-et-Vilaine,Brittany,Metropolitan France | CP - Cutting Plant",,
46.117.002,LA FERME LE MIRAMONT,LD FONZALS,Gagnac-sur-Cère,46130,"Lot,Occitania,Metropolitan France",France,RM,CP,N,bovine porcine,CP - Cutting Plant,,
79.339.001,LA GRUZARDIERE,20 GRAND RUE,Vasles,79340,,France,RM,CP,N,,"Deux-Sèvres,New Aquitaine,Metropolitan France | CP - Cutting Plant",,
48.080.002,LA LOZERIENNE ETS FABRE SA,QUAI DES ABATTOIRS,Langogne,48300,"Lozère,Occitania,Metropolitan France",France,RM,CP,N,bovine caprine ovine porcine,CP - Cutting Plant,,
53.260.001,LA PIGAUBRY,325 RTE DU BOIS ROND,Simplé,53360,"Mayenne,Pays de la Loire,Metropolitan France",France,RM,CP,N,porcine,CP - Cutting Plant,,
42.305.002,LA STEPHANOISE D'ABATTAGE,POLE DE LA VIANDE 257 ALL DE LA HALLE POLE DE LA VIANDE,La Talaudière,42350,"Loire,Auvergne-Rhône-Alpes,Metropolitan France",France,RM,SH,Y,bovine,SH - Slaughterhouse,,
02.408.006,LA VIANDE CHAUNOISE,149 AV PIERRE MENDES FRANCE,Laon,02000,"Aisne,Nord-Pas-de-Calais and Picardy,Metropolitan France",France,RM,CP,N,,CP - Cutting Plant,,
39.411.009,LA VIANDE NATURELLEMENT - LA VIANDE NATURELLEMENT,ZONE INDUSTRIELLE 1205 RTE DE LA LIEME ZONE INDUSTRIELLE,Perrigny,39570,"Jura,Bourgogne-Franche-Comté,Metropolitan France",France,RM,CP,N,bovine caprine ovine equine porcine,CP - Cutting Plant,,
01.347.002,LABEL DECOUPE,428 CHE DE CHAMP BERTAUD,Saint-Didier-de-Formans,01600,"Ain,Auvergne-Rhône-Alpes,Metropolitan France",France,RM,CP,N,bovine caprine ovine,CP - Cutting Plant,,
17.174.001,LABO DECOUPE VIANDE,PORCHERESSE 15 RTE DU MARAIS PORCHERESSE,Genouillé,17430,"Charente-Maritime,New Aquitaine,Metropolitan France",France,RM,CP,N,bovine caprine ovine porcine,CP - Cutting Plant,,
972.13.029,LABO DISCOUNT,CZ LPM Z DE MANHITY FOUR A CHAUX SUD,Le Lamentin,97232,"Martinique,Martinique,Martinique",France,RM,CP,N,bovine caprine ovine porcine,CP - Cutting Plant,,
07.229.001,LABORATOIRE DE FABRICATION MAISON BORRELY,931 RTE DE MONTELIMAR,Saint-Didier-sous-Aubenas,07200,"Ardèche,Auvergne-Rhône-Alpes,Metropolitan France",France,RM,CP,N,caprine ovine porcine bovine,CP - Cutting Plant,,
65.214.001,LABORATOIRE DES TERROIRS GASCONS L.T.G.,_,Hachan,65230,"Hautespyrenees,Occitania,Metropolitan France",France,RM,CP,N,bovine porcine,CP - Cutting Plant,,
73.065.003,LACROIX sa,397 AV DU GRAND VERGER,Chambéry,73000,"Savoy,Auvergne-Rhône-Alpes,Metropolitan France",France,RM,CP,N,porcine,CP - Cutting Plant,,
07.119.003,LAFONT CLAUDE,quart Village,Le Lac-d'Issarlès,07470,"Ardèche,Auvergne-Rhône-Alpes,Metropolitan France",France,RM,CP,N,bovine caprine ovine porcine,CP - Cutting Plant,,
64.354.002,LAHOURATATE SAS,Rue du Bourg Neuf Claa,Louvie-Soubiron,64440,"Pyrénées-Atlantiques,New Aquitaine,Metropolitan France",France,RM,CP,N,bovine caprine ovine porcine,CP - Cutting Plant,,
72.017.001,LAMY JULIEN,LA CASSINE,Auvers-sous-Montfaucon,72540,"Sarthe,Pays de la Loire,Metropolitan France",France,RM,CP,N,,CP - Cutting Plant,,
07.227.001,LARGERON - MAISON LARGERON,24 RTE DU VIVARAIS,Saint-Cyr,07430,"Ardèche,Auvergne-Rhône-Alpes,Metropolitan France",France,RM,CP,N,bovine caprine ovine equine porcine,CP - Cutting Plant,,
09.065.008,LAS LAOUS,LD Las Laous,Boussenac,09320,"Ariège,Occitania,Metropolitan France",France,RM,CP,N,porcine,CP - Cutting Plant,,
05.046.003,LAURENT LAMORLETTE - LAMORLETTE D'INCAN,ZA D'ENTRAIGUES,Embrun,05200,"Hautes-Alpes,Provence-Alpes-Côte d'Azur,Metropolitan France",France,RM,CP,N,bovine caprine ovine porcine,CP - Cutting Plant,,
33.036.003,LAURIAL,ZONE INDUSTRIELLE 3 ZI DE L AIGUILLON,Bazas,33430,"Gironde,New Aquitaine,Metropolitan France",France,RM,CP,N,porcine,CP - Cutting Plant,,
71.056.001,LDC BOURGOGNE,ZONE INDUSTRIELLE ZONE INDUSTRIELLE BRANGES ZONE INDUSTRIELLE,Branges,71500,"Saône-et-Loire,Bourgogne-Franche-Comté,Metropolitan France",France,RM,CP,N,bovine,CP - Cutting Plant,,
15.094.002,LE CAYROLAIS,LE CALVAIRE,Laroquebrou,15150,"Cantal,Auvergne-Rhône-Alpes,Metropolitan France",France,RM,CP,N,porcine,CP - Cutting Plant,,
94.054.026,LE COCHON CREOLE,ORLY SENIA 6 CHE DES CARRIERES ORLY SENIA,Orly,94310,,France,RM,CP,N,porcine,"Val-de-Marne,Ile-de-France,Metropolitan France | CP - Cutting Plant",,
49.192.012,LE COMPTOIR DES VIANDES BIO,RUE DE L EUROPE,Maulévrier,49360,"Maine-et-Loire,Pays de la Loire,Metropolitan France",France,RM,CP,N,bovine caprine ovine porcine,CP - Cutting Plant,,
21.461.001,LE COTEAU DES SAVEURS,PRE DE L ABBAYE,Nolay,21340,"Côte-d'Or,Bourgogne-Franche-Comté,Metropolitan France",France,RM,CP,N,porcine,CP - Cutting Plant,,
34.172.010,LE GOUT DU BOEUF,371 AV DU MARCHE GARE,Montpellier,34070,"Hérault,Occitania,Metropolitan France",France,RM,CP,N,bovine caprine ovine porcine,CP - Cutting Plant,,
05.061.036,LE GRENIER,26 BD D'ORIENT,Gap,05000,"Hautes-Alpes,Provence-Alpes-Côte d'Azur,Metropolitan France",France,RM,CP,N,bovine caprine ovine porcine,CP - Cutting Plant,,
09.246.011,LE GRENIER A JAMBONS,LD LA SERRE,Rimont,09420,"Ariège,Occitania,Metropolitan France",France,RM,CP,N,porcine,CP - Cutting Plant,,
40.119.007,LE GRENIER DES GASTRONOMES,ZONE INDUSTRIELLE 188 RTE D ORTHEZ,Hagetmau,40700,"Landes,New Aquitaine,Metropolitan France",France,RM,CP,N,porcine,CP - Cutting Plant,,
29.026.002,LE MARCHE DE L'AULNE,RUN AR PUNS,Châteaulin,29150,"Finistère,Brittany,Metropolitan France",France,RM,CP,N,bovine caprine ovine porcine,CP - Cutting Plant,,
95.268.031,LE MARCHE YAYLA,5 RUE LOUISON BOBET,Garges-lès-Gonesse,95140,,France,RM,CP,N,caprine ovine bovine,"Val-d'Oise,Ile-de-France,Metropolitan France | CP - Cutting Plant",,
50.127.004,LE MOULINET - LES CHARCUTERIES DE LA TRAPPE,RUE DU MARAIS,Sainte-Mère-Église,50480,"Manche,Normandy,Metropolitan France",France,RM,CP,N,porcine,CP - Cutting Plant,,
42.152.001,LE PANIER GOURMAND DU PAYS DE CHARLIEU,RESSINS,Nandax,42720,"Loire,Auvergne-Rhône-Alpes,Metropolitan France",France,RM,CP,N,bovine caprine ovine porcine,CP - Cutting Plant,,
14.119.001,LE PHILOU NORMAND,54 RTE DE PARIS,Cagny,14630,"Calvados,Normandy,Metropolitan France",France,RM,CP,N,porcine,CP - Cutting Plant,,
65.284.002,LE PORC NOIR,ZI PYRENE AEROPOLE,Louey,65290,"Hautespyrenees,Occitania,Metropolitan France",France,RM,CP,N,porcine,CP - Cutting Plant,,
22.158.004,LE ROTISSEUR DE GUERLEDAN,MUR-DE-BRETAGNE ZA DE GUERGUADIC MUR-DE-BRETAGNE,Guerlédan,22530,"Côtes-d'Armor,Brittany,Metropolitan France",France,RM,CP,N,,CP - Cutting Plant,,
59.512.009,LEADER KEBAB DISTRIBUTION,135 B RUE DU LUXEMBOURG,Roubaix,59100,"Nord,Nord-Pas-de-Calais and Picardy,Metropolitan France",France,RM,CP,N,bovine caprine ovine,CP - Cutting Plant,,
62.382.001,LEBEL VIANDES SERVICE,Saint-André au bois,Gouy-Saint-André,62870,,France,RM,CP,N,bovine caprine ovine porcine,"Pas-de-Calais,Nord-Pas-de-Calais and Picardy,Metropolitan France | CP - Cutting Plant",,
94.065.537,LENAJA DISTRIBUTION,"9 RUE SAINT ANTOINE, CP10268",Rungis,94150,,France,RM,CP,N,bovine caprine ovine porcine,"Val-de-Marne,Ile-de-France,Metropolitan France | CP - Cutting Plant",,
19.272.001,LES 13 VENTS ECOLE INTERNATIONALE DES METIERS ET DES COMPETENCES LIMOUSIN,51 BD DE LA LUNADE,Tulle,19000,"Corrèze,New Aquitaine,Metropolitan France",France,RM,CP,N,bovine caprine ovine porcine,CP - Cutting Plant,,
41.269.002,LES ABATTOIRS DU PERCHE VENDOMOIS,51 AV RONSARD,Vendôme,41100,,France,RM,CP SH,Y,bovine caprine ovine equine porcine,"Loir-et-Cher,Centre-Loire Valley,Metropolitan France | CP - Cutting Plant | SH - Slaughterhouse",,
07.188.001,LES ARTISOUS,130 ALL DES ARTISANS CHIZARET,Quintenas,07290,"Ardèche,Auvergne-Rhône-Alpes,Metropolitan France",France,RM,CP,N,bovine caprine ovine porcine,CP - Cutting Plant,,
13.097.003,LES ATELIERS,1 RUE GAY LUSSAC ZONE ECOPOLE MAS DE LAURENT,Saint-Martin-de-Crau,13310,"Bouches-du-Rhône,Provence-Alpes-Côte d'Azur,Metropolitan France",France,RM,CP,N,bovine caprine ovine porcine,CP - Cutting Plant,,
16.028.001,LES ATELIERS DU GOUT,4 RTE DE LA CROIX DU RAT,Barbezieux-Saint-Hilaire,16300,"Charente,New Aquitaine,Metropolitan France",France,RM,CP,N,,CP - Cutting Plant,,
93.063.002,LES BOUCHERIES DE L'ILE DE FRANCE - BIF,38 CHE LATERAL,Romainville,93230,"Seine-Saint-Denis,Ile-de-France,Metropolitan France",France,RM,CP,N,,CP - Cutting Plant,,
49.284.003,LES BOUCHERS DES PRES,3 PL DE L'EGLISE,Saint-Germain-des-Prés,49170,"Maine-et-Loire,Pays de la Loire,Metropolitan France",France,RM,CP,N,bovine,CP - Cutting Plant,,
22.113.007,LES CHARCUTERIES D'ARMOR,ZONE DE TROGUERY 6 RUE HELENE BOUCHER,Lannion,22300,"Côtes-d'Armor,Brittany,Metropolitan France",France,RM,CP,N,,CP - Cutting Plant,,
85.082.001,LES DELICES DE CLOBERT,ZI LES ROCHETTES,Les Epesses,85590,"Vendée,Pays de la Loire,Metropolitan France",France,RM,CP,N,,CP - Cutting Plant,,
85.082.005,LES DELICES DE CLOBERT,ZONE ARTISANALE MONTFORT,Les Epesses,85590,"Vendée,Pays de la Loire,Metropolitan France",France,RM,CP,N,porcine,CP - Cutting Plant,,
69.006.022,LES DELICES PAYSANS DU VAL DE REINS,14 AV JEAN MOOS,Amplepuis,69550,"Rhône,Departemental constituency of Rhône,Auvergne-Rhône-Alpes,Metropolitan France",France,RM,CP,N,bovine caprine ovine porcine,CP - Cutting Plant,,
32.147.024,LES DUCS DE GASCOGNE - DUCS DE GASCOGNE,RTE DE MAUVEZIN,Gimont,32200,"Gers,Occitania,Metropolitan France",France,RM,CP,N,,CP - Cutting Plant,,
61.181.001,LES ELEVEURS DE LA CHARENTONNE,RUE DES ANCIENS ABATTOIRS ZONE DE LA BAZANNE,Gacé,61230,"Orne,Normandy,Metropolitan France",France,RM,CP,N,bovine caprine ovine porcine,CP - Cutting Plant,,
57.447.078,LES ELEVEURS DE LA CHEVILLOTTE,22 RUE DES VANNEAUX,Marly,57155,"Moselle,Grand Est,Metropolitan France",France,RM,CP,N,bovine caprine ovine porcine,CP - Cutting Plant,,
25.578.030,LES ELEVEURS DE LA CHEVILLOTTE,ZAC LES BANARDES 23 RUE DES BANARDES ZAC LES BANARDES,Valdahon,25800,"Doubs,Bourgogne-Franche-Comté,Metropolitan France",France,RM,SH CP,Y,porcine,SH - Slaughterhouse | CP - Cutting Plant,,
68.063.002,LES ELEVEURS DE LA CHEVILLOTTE,HOHRAIN,Cernay,68700,,France,RM,CP,N,bovine,"Haut-Rhin,Grand Est,Metropolitan France | CP - Cutting Plant",,
FR25056022,LES ELEVEURS DE LA CHEVILLOTTE,"35 rue Thomas Edison, B.P. 2025, 25050 BESANCON",Besançon,25000,"Doubs,Bourgogne-Franche-Comté,Metropolitan France",France,RM,SH CP,Y,,SH - Slaughterhouse | CP - Cutting Plant,,
12.300.009,LES FERMIERS DU BAS ROUERGUE,LES GRANGES RTE DE MONTEILS LES GRANGES,Villefranche-de-Rouergue,12200,"Aveyron,Occitania,Metropolitan France",France,RM,CP,N,bovine caprine ovine porcine,CP - Cutting Plant,,
01.263.001,LES FILS DE BENOIT DIENNET - CHARCUTERIE SALAISONS,2385 RUE DE MACON LE PELEU,Montmerle-sur-Saône,01090,"Ain,Auvergne-Rhône-Alpes,Metropolitan France",France,RM,CP,N,bovine caprine ovine porcine,CP - Cutting Plant,,
09.289.001,LES FILS DE FORT BASILE SAS,ZI,Lorp-Sentaraille,09190,"Ariège,Occitania,Metropolitan France",France,RM,CP,N,bovine,CP - Cutting Plant,,
12.176.005,LES HALLES DE L'AVEYRON,BD DES BALQUIERES,Onet-le-Château,12850,"Aveyron,Occitania,Metropolitan France",France,RM,CP,N,bovine caprine ovine porcine,CP - Cutting Plant,,
971.03.053,LES OLIVIERS,CONCERTE HOULBOURG V VERTE ZAC HOUELBOURG,Baie-Mahault,97122,"Guadeloupe,Guadeloupe,Guadeloupe",France,RM,CP,N,bovine caprine ovine,CP - Cutting Plant,,
31.451.001,LES PRODUCTEURS DU LAURAGAIS - L'ATELIER DE LA FERME,47 AV DE CASTELNAUDARY,Revel,31250,"Haute-Garonne,Occitania,Metropolitan France",France,RM,CP,N,porcine,CP - Cutting Plant,,
31.451.002,LES PRODUCTEURS DU LAURAGAIS - LA FERME DU LAURAGAIS,RTE DE CASTELNAUDARY,Revel,31250,"Haute-Garonne,Occitania,Metropolitan France",France,RM,CP,N,bovine caprine ovine,CP - Cutting Plant,,
86.095.028,LES PRODUCTEURS REUNIS,ZAE DE LA BELARDIERE,Dissay,86130,"Vienne,New Aquitaine,Metropolitan France",France,RM,CP,N,bovine caprine ovine porcine,CP - Cutting Plant,,
53.107.002,LES RILLETTES GORRONNAISES,LES BESNARDIERES,Gorron,53120,"Mayenne,Pays de la Loire,Metropolitan France",France,RM,CP,N,porcine,CP - Cutting Plant,,
11.320.003,LES SALAISONS BELCAIROISES,LA REMASSADOU RTE DE BELESTA LA REMASSADOU,Roquefeuil,11340,"Aude,Occitania,Metropolitan France",France,RM,CP,N,bovine caprine ovine porcine,CP - Cutting Plant,,
46.251.004,LES SALAISONS FERMIERES,50 AV ROBERT DESTIC,Saint-Céré,46400,"Lot,Occitania,Metropolitan France",France,RM,CP,N,bovine porcine,CP - Cutting Plant,,
37.276.031,LES SALAISONS REGIONALES,LD LA GRANDE VALLEE,Villedômer,37110,"Indre-et-Loire,Centre-Loire Valley,Metropolitan France",France,RM,CP,N,porcine,CP - Cutting Plant,,
39.228.002,LES SAVEURS DU MONT NOIR,72 GR RUE,Foncine-le-Haut,39460,"Jura,Bourgogne-Franche-Comté,Metropolitan France",France,RM,CP,N,bovine caprine ovine porcine,CP - Cutting Plant,,
62.053.099,LES VIANDES DU CHATEAUNEUF,6 RUE DU BOUT LA HAUT,Audincthun,62560,,France,RM,CP,N,bovine caprine ovine porcine,"Pas-de-Calais,Nord-Pas-de-Calais and Picardy,Metropolitan France | CP - Cutting Plant",,
64.422.003,LES VIANDES DU HAUT BEARN,ABATTOIR MUNICIPAL AV DU QUATRE SEPTEMBRE,Oloron-Sainte-Marie,64400,"Pyrénées-Atlantiques,New Aquitaine,Metropolitan France",France,RM,CP,N,bovine caprine ovine porcine,CP - Cutting Plant,,
77.152.011,LES VIANDES DU LYS,252 RUE MARC SEGUIN,Dammarie-les-Lys,77190,"Seine-et-Marne,Ile-de-France,Metropolitan France",France,RM,CP,N,bovine caprine ovine porcine,CP - Cutting Plant,,
50.474.001,LES VIANDES FERMIERES,LA GUEROTIERE,Saint-Georges-de-Rouelley,50720,"Manche,Normandy,Metropolitan France",France,RM,CP,N,bovine caprine ovine porcine,CP - Cutting Plant,,
69.234.010,LES VIANDES LIMOUSINES,747 RTE DE SARCEY ZA LA POSTE,Saint-Romain-de-Popey,69490,"Rhône,Departemental constituency of Rhône,Auvergne-Rhône-Alpes,Metropolitan France",France,RM,CP,N,bovine caprine ovine equine porcine,CP - Cutting Plant,,
50.236.001,LH SERVICES,10 RUE DE LA TROTTINERIE GLATIGNY,La Haye,50250,"Manche,Normandy,Metropolitan France",France,RM,CP,N,bovine caprine ovine porcine,CP - Cutting Plant,,
93.029.221,LIDER DISTRIBUTION,143 AV DE LA DIVISION LECLERC 143-145,Drancy,93700,"Seine-Saint-Denis,Ile-de-France,Metropolitan France",France,RM,CP,N,bovine,CP - Cutting Plant,,
59.355.104,LILLE VOLAILLES,N 15 ZAMIN ZAMIN 2EME AVENUE N 15 ZAMIN,Lille,59160,"Nord,Nord-Pas-de-Calais and Picardy,Metropolitan France",France,RM,CP,N,bovine caprine ovine porcine,CP - Cutting Plant,,
87.011.019,LIM OVIN,197 165 RUE DE NEXON 197,Limoges,87000,"Haute-Vienne,New Aquitaine,Metropolitan France",France,RM,CP,N,caprine ovine,CP - Cutting Plant,,
63.113.731,LIMOUJOUX AUVERGNE VIANDES ET SALAISONS,BD SAINT JEAN,Clermont-Ferrand,63100,,France,RM,CP,N,bovine porcine,"Puy-de-Dôme,Auvergne-Rhône-Alpes,Metropolitan France | CP - Cutting Plant",,
87.011.001,LIMOVIN SAS,LES COUCHETS,Bellac,87300,"Haute-Vienne,New Aquitaine,Metropolitan France",France,RM,SH,Y,bovine caprine ovine,SH - Slaughterhouse,,
79.329.004,LOEUL-PIRIOT,ZONE INDUSTRIELLE LE GRAND ROSE 3 RUE JEAN DEVAUX,Thouars,79100,,France,RM,SH CP,Y,caprine,"Deux-Sèvres,New Aquitaine,Metropolitan France | SH - Slaughterhouse | CP - Cutting Plant",,
88.429.026,LOR-VIANDES,1 RUE DU HAUT DE LA PLAINE,Saint-Nabord,88200,"Vosges,Grand Est,Metropolitan France",France,RM,CP,N,bovine caprine ovine porcine,CP - Cutting Plant,,
67.061.002,LORCH JEAN,RUE DE LA SOURCE,Bouxwiller,67330,,France,RM,CP,N,bovine caprine ovine porcine,"Bas-Rhin,Grand Est,Metropolitan France | CP - Cutting Plant",,
21.574.001,LORRAINE VENAISON,2 RUE DE ROSIERES,Saint-Seine-sur-Vingeanne,21610,"Côte-d'Or,Bourgogne-Franche-Comté,Metropolitan France",France,RM,CP,N,bovine caprine ovine porcine,CP - Cutting Plant,,
22.136.006,LOUDEAC VIANDES,RUE ARTHUR ENAUD,Loudéac,22600,"Côtes-d'Armor,Brittany,Metropolitan France",France,RM,CP SH,Y,porcine,CP - Cutting Plant | SH - Slaughterhouse,,
47.323.331,LSVLOT,ZI LA BARBIERE RUE PAUL LANGEVIN ZI LA BARBIERE,Villeneuve-sur-Lot,47300,,France,RM,CP,N,bovine caprine ovine porcine,"Lot-et-Garonne,New Aquitaine,Metropolitan France | CP - Cutting Plant",,
65.260.001,LUZI BRUNO - BL DECOUPE DE VIANDES,LES FONTRAILLETTES,Lapeyre,65220,"Hautespyrenees,Occitania,Metropolitan France",France,RM,CP,N,bovine caprine ovine porcine,CP - Cutting Plant,,
15.014.006,LYCEE AGRICOLE GEORGES POMPIDOU - ENIL LYCEE AGRICOLE,21 RUE DE SALERS,Aurillac,15000,"Cantal,Auvergne-Rhône-Alpes,Metropolitan France",France,RM,CP,N,bovine caprine ovine porcine,CP - Cutting Plant,,
12.300.016,LYCEE GENERAL ET TECHNOLOGIQUE AGRICOLE - ATELIER TRANSFORMATION PRODUITS CARNES,14 CHE DES BASTONIES,Villefranche-de-Rouergue,12200,"Aveyron,Occitania,Metropolitan France",France,RM,CP,N,bovine porcine,CP - Cutting Plant,,
69.072.084,LYCEE POLYVALENT FRANCOIS RABELAIS - GRETA-CFA HOTELLERIE-RESTAURATION-ALIMENTATION,LE DODIN,Dardilly,69570,"Rhône,Departemental constituency of Rhône,Auvergne-Rhône-Alpes,Metropolitan France",France,RM,CP,N,bovine caprine ovine porcine,CP - Cutting Plant,,
87.085.025,LYCEE POLYVALENT HOTELIER JEAN MONNET,CHEMIN DE LA BASSE FAUGERAS 12 RUE LOUIS ARMSTRONG CHEMIN DE LA BASSE FAUGERAS,Limoges,87100,"Haute-Vienne,New Aquitaine,Metropolitan France",France,RM,CP,N,bovine porcine,CP - Cutting Plant,,
31.555.201,LYCEE PROFESSIONNEL RENEE BONNET,1 ALL LIEUTENANT LUCIEN LAFAY,Toulouse,31400,"Haute-Garonne,Occitania,Metropolitan France",France,RM,CP,N,bovine,CP - Cutting Plant,,
13.066.014,La cheville provencale,210 Che des Iscles,Châteaurenard,13160,"Bouches-du-Rhône,Provence-Alpes-Côte d'Azur,Metropolitan France",France,RM,CP,N,bovine caprine ovine porcine,CP - Cutting Plant,,
FR28 134 004 ISV,Les Trois Frères - Dreux,"ZI des chatelets, Chem. des Châtelets",Dreux,28100,,France,RM,SH,Y,,"Eure-et-Loir,Centre-Loire Valley,Metropolitan France | SH - Slaughterhouse",,
72.386.002,Luissier Bordeau Chesnel,7 Av d'Auvours,Yvré-l'Évêque,72530,"Sarthe,Pays de la Loire,Metropolitan France",France,RM,CP,N,porcine,CP - Cutting Plant,,
16.106.001,MAINJOLLE,72 AV GAMBETTA,Confolens,16500,"Charente,New Aquitaine,Metropolitan France",France,RM,CP,N,porcine,CP - Cutting Plant,,
15.028.001,MAISON BENECH,LE BOURG,Carlat,15130,"Cantal,Auvergne-Rhône-Alpes,Metropolitan France",France,RM,CP,N,porcine,CP - Cutting Plant,,
44.143.008,MAISON BERJAC,LA BROSSE-MIN DE NANTES METROPOLE 71 BD ALFRED NOBEL LA BROSSE-MIN DE NANTES METROPOLE,Rezé,44400,"Loire-Atlantique,Pays de la Loire,Metropolitan France",France,RM,CP,N,bovine caprine ovine porcine,CP - Cutting Plant,,
15.152.005,MAISON CONQUET,RTE DE SALZET,Pierrefort,15230,"Cantal,Auvergne-Rhône-Alpes,Metropolitan France",France,RM,CP,N,,CP - Cutting Plant,,
12.119.003,MAISON CONQUET,ROUTE ZONE ARTISANALE DE LA POUJADE RTE ZA DE LA POUJADE Z.A. DE LA POUJADE,Laguiole,12210,"Aveyron,Occitania,Metropolitan France",France,RM,CP,N,bovine caprine ovine porcine,CP - Cutting Plant,,
24.067.001,MAISON COUDEYRAT - PORC AQUITAINE,ZONE ARTISANALE,Le Bugue,24260,"Dordogne,New Aquitaine,Metropolitan France",France,RM,CP,N,porcine,CP - Cutting Plant,,
46.267.003,MAISON DUSSOL,LD LA MARZELLE,Saint-Germain-du-Bel-Air,46310,"Lot,Occitania,Metropolitan France",France,RM,CP,N,porcine,CP - Cutting Plant,,
59.131.106,MAISON ESPITALIER GARCIA,ZONE ACTIVITE DE LA GRANDE PORTE 76 RUE DU PAPE VELD ZONE ACTIVITE DE LA GRANDE PORTE,Cappelle-la-Grande,59180,"Nord,Nord-Pas-de-Calais and Picardy,Metropolitan France",France,RM,CP,N,bovine caprine ovine porcine,CP - Cutting Plant,,
63.231.001,MAISON FOURNET FAYARD - LE BRAVE AUVERGNAT ET LOU FOREZOU,ZONE ARTISANALE DE CHAILAS,La Monnerie-le-Montel,63650,,France,RM,CP,N,bovine porcine,"Puy-de-Dôme,Auvergne-Rhône-Alpes,Metropolitan France | CP - Cutting Plant",,
37.026.035,MAISON GALLAND,LES BOURNAICHERES LD LES BOURNAICHERES,Betz-le-Château,37600,"Indre-et-Loire,Centre-Loire Valley,Metropolitan France",France,RM,CP,N,,CP - Cutting Plant,,
31.587.101,MAISON GARCIA,EURO CENTRE CEDEX 6 AV DE FONTREAL EURO CENTRE CEDEX,Villeneuve-lès-Bouloc,31620,"Haute-Garonne,Occitania,Metropolitan France",France,RM,CP,N,porcine,CP - Cutting Plant,,
31.483.217,MAISON JUCLA,BD LECONTE DE LISLE,Saint-Gaudens,31800,"Haute-Garonne,Occitania,Metropolitan France",France,RM,CP,N,caprine ovine porcine,CP - Cutting Plant,,
31.555.195,MAISON JUCLA,3 IMP DU MARCHE GARE 3A-PAVILLON PRODUITS CARNES,Toulouse,31200,"Haute-Garonne,Occitania,Metropolitan France",France,RM,CP,N,bovine,CP - Cutting Plant,,
32.213.162,MAISON LABATUT,LD LES SARRADES D'EN BAS,Lombez,32220,"Gers,Occitania,Metropolitan France",France,RM,CP,N,porcine,CP - Cutting Plant,,
22.259.033,MAISON LEFEBVRE - COCHON DES PRES KERANDOU,RUE DU MIROIR DU TEMPS ZA LES LANDES FLEURIES RUE DU MIROIR DU TEMPS,Quévert,22100,"Côtes-d'Armor,Brittany,Metropolitan France",France,RM,CP,N,porcine,CP - Cutting Plant,,
64.484.001,MAISON MAYTE,220 CHEMIN HERRI BAZTERRA,Saint-Jean-le-Vieux,64220,"Pyrénées-Atlantiques,New Aquitaine,Metropolitan France",France,RM,CP,N,bovine caprine ovine porcine,CP - Cutting Plant,,
64.094.001,MAISON MONTAUZER,110 RTE DU MOULIN DE LA FERRERIE ZA ETXEKOLU,Bardos,64520,"Pyrénées-Atlantiques,New Aquitaine,Metropolitan France",France,RM,CP,N,,CP - Cutting Plant,,
66.136.003,MAISON PARE,477 AV DE MILAN,Perpignan,66000,"Pyrénées-Orientales,Occitania,Metropolitan France",France,RM,CP,N,,CP - Cutting Plant,,
39.198.217,MAISON RAMEL,ZONE DES EPENOTTES 2 RUE PIERRE VERNIER ZONE DES EPENOTTES,Dole,39100,"Jura,Bourgogne-Franche-Comté,Metropolitan France",France,RM,CP,N,bovine caprine ovine porcine,CP - Cutting Plant,,
33.125.001,MAISON SAVI,ZA BEAUCHENE,Cissac-Médoc,33250,"Gironde,New Aquitaine,Metropolitan France",France,RM,CP,N,bovine porcine,CP - Cutting Plant,,
49.328.002,MAISON SAVIA,ECOPARK CHE DES PATUREAUX ECOPARK,Saumur,49400,"Maine-et-Loire,Pays de la Loire,Metropolitan France",France,RM,CP,N,bovine caprine ovine porcine,CP - Cutting Plant,,
35.238.002,MAISON TG VIANDES ET MAREE,14 16 ZONE ARTISANALE ROUTE DE LORIENT 14 RUE DU LT COL DUBOIS,Rennes,35000,,France,RM,CP,N,bovine porcine,"Ille-et-Vilaine,Brittany,Metropolitan France | CP - Cutting Plant",,
74.301.001,MAISONNEUVE ANAIS - L'ENVIE DE VIANDE,112 RTE DE LA GRUAZ D'EN HAUT,Villard,74420,"Upper Savoy,Auvergne-Rhône-Alpes,Metropolitan France",France,RM,CP,N,,CP - Cutting Plant,,
35.238.019,MAITRE JACQUES,ZONE INDUSTRIELLE RT DE LORIENT 13 RUE LEON BERTHAULT,Rennes,35000,,France,RM,CP,N,bovine porcine,"Ille-et-Vilaine,Brittany,Metropolitan France | CP - Cutting Plant",,
71.158.004,MAITRE JACQUES,5719 ZI Bois Bernoux,Cuisery,71290,"Saône-et-Loire,Bourgogne-Franche-Comté,Metropolitan France",France,RM,CP,N,,CP - Cutting Plant,,
04.181.001,MANENT KARINE,VAUMENE,Saint-Jeannet,04270,"Alpes-de-Haute-Provence,Provence-Alpes-Côte d'Azur,Metropolitan France",France,RM,CP,N,bovine caprine ovine porcine,CP - Cutting Plant,,
47.145.002,MARASSE ET FILS,LIEUDIT LA ROUBIAGUE,Layrac,47390,,France,RM,CP,N,bovine caprine ovine porcine,"Lot-et-Garonne,New Aquitaine,Metropolitan France | CP - Cutting Plant",,
16.073.037,MARC VIANDES,ABATTOIR MUNICIPAL 33 B RUE JEAN REMON ABATTOIR MUNICIPAL,Chalais,16210,"Charente,New Aquitaine,Metropolitan France",France,RM,CP,N,bovine caprine ovine porcine,CP - Cutting Plant,,
67.180.005,MARCEL MULLER,ABATTOIR MUNICIPAL CHE DU GAZ ABATTOIR MUNICIPAL,Haguenau,67240,,France,RM,CP,N,bovine caprine ovine,"Bas-Rhin,Grand Est,Metropolitan France | CP - Cutting Plant",,
67.180.006,MARCEL MULLER,ALL JOSEPH BUMB,Haguenau,67500,,France,RM,CP,N,bovine caprine ovine,"Bas-Rhin,Grand Est,Metropolitan France | CP - Cutting Plant",,
55.146.003,MARCHAND PATRICK,1 RUE ADRIEN PICART,Dannevoux,55110,"Meuse,Grand Est,Metropolitan France",France,RM,CP,N,bovine caprine ovine,CP - Cutting Plant,,
87.014.003,MARCHE LIMOUSIN VIANDES,17 RUE FREDERIC MISTRAL,Blond,87300,"Haute-Vienne,New Aquitaine,Metropolitan France",France,RM,CP,N,bovine caprine ovine,CP - Cutting Plant,,
15.168.051,MARGERIDE VIANDES VOLAILLES,PL DE L'EGLISE,Ruynes-en-Margeride,15320,"Cantal,Auvergne-Rhône-Alpes,Metropolitan France",France,RM,CP,N,bovine porcine,CP - Cutting Plant,,
75.115.002,MARGUERITE,4 RUE DE LOURMEL,15th Arrondissement,75015,"Paris,Ile-de-France,Metropolitan France",France,RM,CP,N,bovine caprine ovine porcine,CP - Cutting Plant,,
65.440.009,MARMITE & CIE - TERROIR PYRENEES,10 AV ARISTIDE BRIAND,Tarbes,65000,"Hautespyrenees,Occitania,Metropolitan France",France,RM,CP,N,porcine,CP - Cutting Plant,,
22.074.001,MARTELL DEULOFEU - CHEZ MARTELL,2 IMP DES LAURIERS,Le Haut-Corlay,22320,"Côtes-d'Armor,Brittany,Metropolitan France",France,RM,CP,N,porcine,CP - Cutting Plant,,
94.065.210,MARTIN SAS,"2, rue de l'Aubrac",Rungis Cedex,94596,,France,RM,CP,N,bovine caprine ovine,"Val-de-Marne,Ile-de-France,Metropolitan France | CP - Cutting Plant",,
2A.186.002,MARTINO JEAN CHRISTOPHE,INCONNUE,Olivese,20140,"South Corsica,Corsica,Metropolitan France",France,RM,CP,N,,CP - Cutting Plant,,
15.268.001,MAS S.A.S.,53 AV DU 15 SEPTEMBRE 1945,Le Rouget-Pers,15290,"Cantal,Auvergne-Rhône-Alpes,Metropolitan France",France,RM,CP,N,porcine,CP - Cutting Plant,,
12.218.015,MAS S.A.S.,ST CYPRIEN SUR DOURLOU RTE DE CONQUES ST CYPRIEN SUR DOURLOU,Conques-en-Rouergue,12320,"Aveyron,Occitania,Metropolitan France",France,RM,CP,N,bovine caprine ovine porcine,CP - Cutting Plant,,
974.16.014,MASTER FOOD DISTRIBUTION,ZONE INDUSTRIELLE LA CAFRINE 25 CHE MAXIME RIVIERE ZONE D'ACTIVITE LA CAFRINE,Saint-Pierre,97410,"Réunion,Réunion,Réunion",France,RM,CP,N,porcine,CP - Cutting Plant,,
81.144.001,MATBABA,1 RUE SIMONE SIGNORET,Lescure-d'Albigeois,81380,"Tarn,Occitania,Metropolitan France",France,RM,CP,N,bovine caprine ovine,CP - Cutting Plant,,
31.483.002,MATHIEU ET FILS,LA PAOUSE BOULEVARD LECONTE DE LISLE,Saint-Gaudens,31800,"Haute-Garonne,Occitania,Metropolitan France",France,RM,CP,N,bovine caprine ovine porcine,CP - Cutting Plant,,
73.135.002,MAURIENNE VIANDE,ZONE ARTISANALE DE LONGEFA,La Tour-en-Maurienne,73300,"Savoy,Auvergne-Rhône-Alpes,Metropolitan France",France,RM,CP,N,bovine caprine ovine porcine,CP - Cutting Plant,,
24.037.003,MAURY VIANDES - NATURE VIANDE,22 RUE JACQUES LE LORRAIN,Bergerac,24100,"Dordogne,New Aquitaine,Metropolitan France",France,RM,CP,N,,CP - Cutting Plant,,
59.666.001,MAXIME TIMMERMAN ET COMPAGNIE,38 RTE DE SAINT OMER,Zegerscappel,59470,"Nord,Nord-Pas-de-Calais and Picardy,Metropolitan France",France,RM,CP SH,Y,bovine caprine ovine porcine,CP - Cutting Plant | SH - Slaughterhouse,,
62.607.001,MB DECOUPE,29 B RUE PRINCIPALE,Neuville-au-Cornet,62130,,France,RM,CP,N,bovine caprine ovine equine porcine,"Pas-de-Calais,Nord-Pas-de-Calais and Picardy,Metropolitan France | CP - Cutting Plant",,
85.008.003,MB DECOUPE,9 T RUE DE LA GRANGE,Aubigny-les-Clouzeaux,85430,"Vendée,Pays de la Loire,Metropolitan France",France,RM,CP,N,bovine caprine ovine,CP - Cutting Plant,,
95.612.008,MEDYA VIANDES,6 RUE RENE VILLEMER,Le Thillay,95500,,France,RM,CP,N,bovine caprine ovine,"Val-d'Oise,Ile-de-France,Metropolitan France | CP - Cutting Plant",,
84.088.002,MEJEAN,ZONE INDUSTRIELLE 46 ZA DE PRATO 2,Pernes-les-Fontaines,84210,"Vaucluse,Provence-Alpes-Côte d'Azur,Metropolitan France",France,RM,CP,N,bovine caprine ovine porcine,CP - Cutting Plant,,
48.156.003,MEJEAN ALEXANDRE - BOUCHERIE CHARCUTERIE ST GERMANAISE,PRE LAPORTE,Saint-Germain-du-Teil,48340,"Lozère,Occitania,Metropolitan France",France,RM,CP,N,bovine caprine ovine porcine,CP - Cutting Plant,,
43.077.002,MEJEAN PERE & FILS,LE BOURG,Costaros,43490,"Haute-Loire,Auvergne-Rhône-Alpes,Metropolitan France",France,RM,CP,N,bovine caprine ovine porcine,CP - Cutting Plant,,
93.066.005,MENEA - CARRE D'AS,9 RUE DE LA POTERIE,Saint-Denis,93200,"Seine-Saint-Denis,Ile-de-France,Metropolitan France",France,RM,CP,N,bovine caprine ovine,CP - Cutting Plant,,
75.113.020,MENG HENG - PHNOM PENH,31 AV DE LA PORTE DE CHOISY,13th Arrondissement,75013,"Paris,Ile-de-France,Metropolitan France",France,RM,CP,N,bovine porcine,CP - Cutting Plant,,
37.261.010,MENNETON VIANDES,LE MENNETON 5 AV THERESE VOISIN LE MENNETON,Tours,37000,"Indre-et-Loire,Centre-Loire Valley,Metropolitan France",France,RM,CP,N,bovine porcine,CP - Cutting Plant,,
93.005.093,MERIC VIANDES,55-73 55 RUE BLAISE PASCAL,Aulnay-sous-Bois,93600,"Seine-Saint-Denis,Ile-de-France,Metropolitan France",France,RM,CP,N,,CP - Cutting Plant,,
03.113.001,MESNIER DECOUPE,RANDIER,Ferrières-sur-Sichon,03250,"Allier,Auvergne-Rhône-Alpes,Metropolitan France",France,RM,CP,N,,CP - Cutting Plant,,
04.111.003,METRAS S.A.S,Z.A. PITAUGIER,Mane,04300,"Alpes-de-Haute-Provence,Provence-Alpes-Côte d'Azur,Metropolitan France",France,RM,CP,N,,CP - Cutting Plant,,
54.395.021,METRO FRANCE,ROND POINT JARVILLE RUE MARCEL BROT ROND POINT JARVILLE,Nancy,54000,"Meurthe-et-Moselle,Grand Est,Metropolitan France",France,RM,CP,N,bovine caprine ovine porcine,CP - Cutting Plant,,
49.267.005,METRO FRANCE,ZI D ANGERS LA ROMANERIE ZI D ANGERS,Saint-Barthélemy-d'Anjou,49124,"Maine-et-Loire,Pays de la Loire,Metropolitan France",France,RM,CP,N,porcine,CP - Cutting Plant,,
64.348.009,METRO FRANCE,ZONE D AMENAGEMENT CONCERTE DU PARVIS AV DU PERLIC ZAC DU PARVIS,Lons,64140,"Pyrénées-Atlantiques,New Aquitaine,Metropolitan France",France,RM,CP,N,,CP - Cutting Plant,,
19.031.028,METRO FRANCE,LE MAZAUD BRIVE OUEST,Brive-la-Gaillarde,19100,"Corrèze,New Aquitaine,Metropolitan France",France,RM,CP,N,,CP - Cutting Plant,,
91.340.005,METRO FRANCE,PIECE DE LA REMISE RN 446,Lisses,91090,"Essonne,Ile-de-France,Metropolitan France",France,RM,CP,N,caprine ovine,CP - Cutting Plant,,
92.050.006,METRO FRANCE,ZONE ARTISANALE DU PETIT NANTERRE 5 RUE DES GRANDS PRES Z.A. DU PETIT NANTERRE,Nanterre,92000,"Hauts-de-Seine,Ile-de-France,Metropolitan France",France,RM,CP,N,bovine caprine ovine,CP - Cutting Plant,,
30.060.002,METRO FRANCE,RUE DE LA GRANDE TERRE ZA EURO 2000 II,Caissargues,30132,"Gard,Occitania,Metropolitan France",France,RM,CP,N,bovine caprine ovine porcine,CP - Cutting Plant,,
80.021.028,METRO FRANCE,AV ROGER DUMOULIN ESPACE INDUSTRIEL LONGPRE,Amiens,80000,"Somme,Nord-Pas-de-Calais and Picardy,Metropolitan France",France,RM,CP,N,bovine caprine ovine porcine,CP - Cutting Plant,,
35.288.233,METRO FRANCE,LE MOTTAIS,Saint-Malo,35400,,France,RM,CP,N,bovine caprine ovine,"Ille-et-Vilaine,Brittany,Metropolitan France | CP - Cutting Plant",,
69.116.002,METRO FRANCE,ZAC DU SANS SOUCI CHE DE LA BRUYERE ZAC DU SANS SOUCI,Limonest,69760,"Rhône,Departemental constituency of Rhône,Auvergne-Rhône-Alpes,Metropolitan France",France,RM,CP,N,bovine caprine ovine porcine,CP - Cutting Plant,,
47.001.117,METRO FRANCE,LIEU DIT LA CAPELETTE ALL DE RIOLS LD LA CAPELETTE,Agen,47000,,France,RM,CP,N,bovine,"Lot-et-Garonne,New Aquitaine,Metropolitan France | CP - Cutting Plant",,
10.357.001,METRO FRANCE,LES LES TERRASSES DE BAIRES,Saint-Parres-aux-Tertres,10410,"Aube,Grand Est,Metropolitan France",France,RM,CP,N,bovine caprine ovine,CP - Cutting Plant,,
02.340.002,METRO FRANCE,ZONE INDUSTRIELLE LE ROYEU RUE EUGENE FREYSSINET ZONE INDUSTRIELLE LE ROYEU,Gauchy,02430,"Aisne,Nord-Pas-de-Calais and Picardy,Metropolitan France",France,RM,CP,N,,CP - Cutting Plant,,
34.172.061,METRO FRANCE,3274 AV ETIENNE MEHUL,Montpellier,34070,"Hérault,Occitania,Metropolitan France",France,RM,CP,N,bovine,CP - Cutting Plant,,
57.463.156,METRO FRANCE,ZAC PORT AUTONOME DE METZ RUE DU TROU AUX SERPENTS ZAC PORT AUTONOME DE METZ,Metz,57046,"Moselle,Grand Est,Metropolitan France",France,RM,CP,N,bovine caprine ovine porcine,CP - Cutting Plant,,
92.078.004,METRO FRANCE,102 104 102 AV DE VERDUN 102-104,Villeneuve-la-Garenne,92390,"Hauts-de-Seine,Ile-de-France,Metropolitan France",France,RM,CP,N,caprine ovine,CP - Cutting Plant,,
62.427.202,METRO FRANCE,CHE DE NOYELLES,Hénin-Beaumont,62110,,France,RM,CP,N,,"Pas-de-Calais,Nord-Pas-de-Calais and Picardy,Metropolitan France | CP - Cutting Plant",,
59.355.010,METRO FRANCE,ZAMIN 2EME AVENUE ZAMIN 2EME AVENUE ROUTE NATIONALE 352,Lille,59160,"Nord,Nord-Pas-de-Calais and Picardy,Metropolitan France",France,RM,CP,N,caprine ovine,CP - Cutting Plant,,
68.066.341,METRO FRANCE,ZONE INDUSTRIELLE NORD 45 RUE DENIS PAPIN ZONE INDUSTRIELLE NORD,Colmar,68000,,France,RM,CP,N,bovine,"Haut-Rhin,Grand Est,Metropolitan France | CP - Cutting Plant",,
68.166.004,METRO FRANCE,LOTISSEMENT CHAMP DES CERISIERS RUE DE LA GRIOTTE LOT CHAMP DES CERISIERS,Kingersheim,68260,,France,RM,CP,N,bovine,"Haut-Rhin,Grand Est,Metropolitan France | CP - Cutting Plant",,
71.445.004,METRO FRANCE,RUE ALPHONSE POITEVIN,Saint-Marcel,71380,"Saône-et-Loire,Bourgogne-Franche-Comté,Metropolitan France",France,RM,CP,N,bovine,CP - Cutting Plant,,
73.011.058,METRO FRANCE,ZONE ACTIVITE DES VERNES 33 RUE ROBERT PIDDAT,Albertville,73200,"Savoy,Auvergne-Rhône-Alpes,Metropolitan France",France,RM,CP,N,bovine caprine ovine porcine,CP - Cutting Plant,,
17.274.008,METRO FRANCE,AV PAUL LANGEVIN,Périgny,17180,"Charente-Maritime,New Aquitaine,Metropolitan France",France,RM,CP,N,caprine ovine,CP - Cutting Plant,,
69.256.004,METRO FRANCE,ZONE INDUSTRIELLE LES RUBINES 2 AV CHARLES DE GAULLE ZI LES RUBINES,Vaulx-en-Velin,69120,"Rhône,Departemental constituency of Rhône,Auvergne-Rhône-Alpes,Metropolitan France",France,RM,CP,N,bovine caprine ovine porcine,CP - Cutting Plant,,
94.081.049,METRO FRANCE,57 AU 73 57 RUE CHAMPOLLION 57 AU 73,Vitry-sur-Seine,94400,,France,RM,CP,N,bovine caprine ovine porcine,"Val-de-Marne,Ile-de-France,Metropolitan France | CP - Cutting Plant",,
67.471.002,METRO FRANCE,ZONE ARTISANALE 2EME TRANCHE RUE DES TUILERIES ZA 2EME TRANCHE,Souffelweyersheim,67460,,France,RM,CP,N,bovine caprine ovine,"Bas-Rhin,Grand Est,Metropolitan France | CP - Cutting Plant",,
94.065.474,METZGER FRERES,BATIMENT V1P 94595 RUNGIS CEDEX 2 RUE DE L AUBRAC MIN BATIMENT V1P- 94595 RUNGIS CEDEX,Rungis,94150,,France,RM,CP,N,,"Val-de-Marne,Ile-de-France,Metropolitan France | CP - Cutting Plant",,
70.428.018,MICHEL BRESSON,CHEMIN DU BOIS MOURLOT LIEUDIT CHAMP BOILEAU CHEMIN DU BOIS MOURLOT,Pusey,70000,"Haute-Saône,Bourgogne-Franche-Comté,Metropolitan France",France,RM,CP,N,bovine caprine ovine porcine,CP - Cutting Plant,,
30.189.002,MIDI STEAK S A,MARCHE GARE 3214 RTE DE MONTPELLIER MARCHE GARE,Nîmes,30900,"Gard,Occitania,Metropolitan France",France,RM,CP,N,bovine caprine ovine porcine,CP - Cutting Plant,,
83.047.003,MIDI VIANDES,28 AV DE TOULON,La Crau,83260,"Var,Provence-Alpes-Côte d'Azur,Metropolitan France",France,RM,CP,N,bovine caprine ovine porcine,CP - Cutting Plant,,
81.192.018,MILLAS - CHARCUTERIE MILLAS,MOULIN MAGE LD LES ARGIEUSES MOULIN MAGE,Murat-sur-Vèbre,81320,"Tarn,Occitania,Metropolitan France",France,RM,CP,N,porcine,CP - Cutting Plant,,
33.529.098,MILLET DUTERTRE MILLET - BOUCHERIE DU CAP,ET NO 96 94 RUE LAGRUA,La Teste-de-Buch,33260,"Gironde,New Aquitaine,Metropolitan France",France,RM,CP,N,bovine caprine ovine porcine,CP - Cutting Plant,,
974.18.002,MINATCHY-MAXIMIN-MAISON MINACHY,93 RUE ROGER PAYET RIVIERE DESPLUIES,Sainte-Marie,97438,"Réunion,Réunion,Réunion",France,RM,CP,N,,CP - Cutting Plant,,
67.226.002,MMBC,4 RUE DES ABEILLES,Ittenheim,67117,,France,RM,CP,N,bovine porcine,"Bas-Rhin,Grand Est,Metropolitan France | CP - Cutting Plant",,
24.168.001,MON COCHON CHARCUTERIE PAYSANNE,174 RTE DES BOUYGUETTES,Plaisance,24560,"Dordogne,New Aquitaine,Metropolitan France",France,RM,CP,N,bovine porcine,CP - Cutting Plant,,
61.418.007,MORIN CHRISTINE,LE CLOS DES CHAMPS,Saint-Mard-de-Réno,61400,"Orne,Normandy,Metropolitan France",France,RM,CP,N,bovine caprine ovine porcine,CP - Cutting Plant,,
13.210.001,Maison Cantini Flandin,160 Bd Mireille Lauze,Marseille 10e Arrondissement,13010,"Bouches-du-Rhône,Provence-Alpes-Côte d'Azur,Metropolitan France",France,RM,CP,N,bovine caprine ovine porcine,CP - Cutting Plant,,
13.108.004,Millet découpe viandes,Chemin de Grasille,Tarascon,13150,"Bouches-du-Rhône,Provence-Alpes-Côte d'Azur,Metropolitan France",France,RM,CP,N,,CP - Cutting Plant,,
94.065.164,NADAUD DELAHAYE,38-40 RIE DES PROVAIRES VIANDES 225,Rungis Cedex,94596,,France,RM,CP,N,bovine caprine ovine porcine,"Val-de-Marne,Ile-de-France,Metropolitan France | CP - Cutting Plant",,
971.01.005,NAIME CATHIA,CHEZ MR CANIQUITTE JOEL 7 RUE FELIX EBOUE CHEZ MR CANIQUITTE JOEL,Les Abymes,97139,"Guadeloupe,Guadeloupe,Guadeloupe",France,RM,CP,N,bovine caprine ovine porcine,CP - Cutting Plant,,
17.257.001,NEREVIA,RTE D'AULNAY,Néré,17510,"Charente-Maritime,New Aquitaine,Metropolitan France",France,RM,CP,N,bovine caprine ovine porcine,CP - Cutting Plant,,
43.241.004,NICOLAS G SALAISONS MONTAGNAC,MONTAGNAC,Solignac-sur-Loire,43370,"Haute-Loire,Auvergne-Rhône-Alpes,Metropolitan France; Loading more...",France,RM,CP,N,bovine caprine ovine porcine,CP - Cutting Plant,,
88.160.450,NOUVEL'PROGALOR,PARC ECONOMIQUE DU SAUT LE CERF 24 AV ROSE POIRIER PARC ECONOMIQUE DU SAUT LE CERF,Épinal,88060,"Vosges,Grand Est,Metropolitan France",France,RM,CP,N,bovine porcine,CP - Cutting Plant,,
971.29.004,NOVILIER SAINTE ROSE,ZAC DE NOVILIER,Sainte-Rose,97115,"Guadeloupe,Guadeloupe,Guadeloupe",France,RM,CP SH,Y,porcine,CP - Cutting Plant | SH - Slaughterhouse,,
58.149.003,NRB,RUE DE PONT,Luzy,58170,"Nièvre,Bourgogne-Franche-Comté,Metropolitan France",France,RM,CP,N,bovine caprine ovine porcine,CP - Cutting Plant,,
85.151.001,O'GUSTE,564 RUE DE LA LOUISIERE,Mortagne-sur-Sèvre,85290,"Vendée,Pays de la Loire,Metropolitan France",France,RM,CP,N,bovine caprine ovine porcine,CP - Cutting Plant,,
87.061.003,OPALIM LES VIANDES,2 AV GEORGES GUINGOUIN SAFRAN - CS 80912 PANAZOL,Limoges,87280,"Haute-Vienne,New Aquitaine,Metropolitan France",France,RM,CP,N,bovine caprine ovine,CP - Cutting Plant,,
01.383.053,ORSAC - CAT DIENET,ROUTE DE SAINT NIZIER,Saint-Paul-de-Varax,01240,"Ain,Auvergne-Rhône-Alpes,Metropolitan France",France,RM,CP,N,bovine caprine ovine,CP - Cutting Plant,,
95.063.143,OUEST VIANDES DISTRIBUTION,24 IMP MARGUERITE,Bezons,95870,,France,RM,CP,N,bovine caprine ovine,"Val-d'Oise,Ile-de-France,Metropolitan France | CP - Cutting Plant",,
94.065.199,OVIMPEX,PLA 418 PLA 20 RUE DE PROVENCE PLA 418,Rungis,94150,,France,RM,CP,N,bovine caprine ovine,"Val-de-Marne,Ile-de-France,Metropolitan France | CP - Cutting Plant",,
85.178.001,P B O SAS,ZONE D ACTIVITE DE LA CROIX DES CHAUMES,Le Poiré-sur-Vie,85170,"Vendée,Pays de la Loire,Metropolitan France",France,RM,CP,N,bovine caprine ovine porcine,CP - Cutting Plant,,
76.351.115,PACKGEL,21 RUE MARCEL ROUGEAULT,Le Havre,76600,"Seine-Maritime,Normandy,Metropolitan France",France,RM,CP,N,bovine caprine ovine equine porcine,CP - Cutting Plant,,
76.351.092,PACKGEL SAS,10 RUE DU PONT VI 10 & 30,Le Havre,76600,"Seine-Maritime,Normandy,Metropolitan France",France,RM,CP,N,bovine caprine ovine equine porcine,CP - Cutting Plant,,
23.176.001,PAGE,ZA MERMOZ IMP JEHANNE CROSMONOT ZA MERMOZ,La Souterraine,23300,"Creuse,New Aquitaine,Metropolitan France",France,RM,CP,N,bovine caprine ovine porcine,CP - Cutting Plant,,
25.056.005,PAGNOT VIANDES,13 RUE DU GENERAL LECOURBE,Besançon,25000,"Doubs,Bourgogne-Franche-Comté,Metropolitan France",France,RM,CP,N,bovine caprine ovine porcine,CP - Cutting Plant,,
43.157.028,PALAIS DES VIANDES BIO,10 RUE DU FAUBOURG SAINT JEAN,Le Puy-en-Velay,43000,"Haute-Loire,Auvergne-Rhône-Alpes,Metropolitan France",France,RM,CP,N,porcine,CP - Cutting Plant,,
71.546.001,PALMI D'OR BOURGOGNE,ZA DE 230 RTE LA TRAMBLYRONNE,Trambly,71520,"Saône-et-Loire,Bourgogne-Franche-Comté,Metropolitan France",France,RM,SH CP,Y,caprine ovine,SH - Slaughterhouse | CP - Cutting Plant,,
2B.148.001,PASQUALINI VIANDES,QUARTIER BRANCALE 932 STRADA DI L'ALIVETTU,Lucciana,20290,"Haute-Corse,Corsica,Metropolitan France",France,RM,CP,N,,CP - Cutting Plant,,
42.237.002,PAULIAT ET CIE,170 ALL DU PORT SEC,Saint-Jean-Bonnefonds,42650,"Loire,Auvergne-Rhône-Alpes,Metropolitan France",France,RM,CP,N,bovine caprine ovine porcine,CP - Cutting Plant,,
43.040.013,PAYSANS BIO D'AUVERGNE,DOMAINE SAINT FERREOL 35 RUE GUYNEMER,Brioude,43100,"Haute-Loire,Auvergne-Rhône-Alpes,Metropolitan France",France,RM,CP,N,,CP - Cutting Plant,,
62.842.002,PCB-B,ZONE ACTIVITE BOIS RIGAULT,Vendin-le-Vieil,62880,,France,RM,CP,N,porcine,"Pas-de-Calais,Nord-Pas-de-Calais and Picardy,Metropolitan France | CP - Cutting Plant",,
64.493.003,PEDAVIA,ABATTOIRS MUNICIPAUX RTE AICIRITS ABATTOIRS MUNICIPAUX,Saint-Palais,64120,"Pyrénées-Atlantiques,New Aquitaine,Metropolitan France",France,RM,CP,N,bovine caprine ovine porcine,CP - Cutting Plant,,
92.060.001,PEGASE - B.V.S,BATIMENT B 7 AV GALILEE BATIMENT B,Le Plessis-Robinson,92350,"Hauts-de-Seine,Ile-de-France,Metropolitan France",France,RM,CP,N,bovine equine porcine,CP - Cutting Plant,,
05.136.001,PELLEGRIN VIANDE,"52, rue du guillermin",Saint-Crépin,05600,"Hautes-Alpes,Provence-Alpes-Côte d'Azur,Metropolitan France",France,RM,CP,N,bovine caprine ovine porcine,CP - Cutting Plant,,
24.037.029,PERIGORD VIANDES,ABATTOIR RTE STE ALVERE CRABOL ABATTOIR RTE STE ALVERE,Bergerac,24100,"Dordogne,New Aquitaine,Metropolitan France",France,RM,CP,N,bovine caprine ovine porcine,CP - Cutting Plant,,
75.113.024,PETARD,69 RUE DE LA GLACIERE,13th Arrondissement,75013,"Paris,Ile-de-France,Metropolitan France",France,RM,CP,N,bovine caprine ovine porcine,CP - Cutting Plant,,
29.197.001,PEUZIAT ALEXANDRE,GORRE,Plouhinec,29780,"Finistère,Brittany,Metropolitan France",France,RM,CP,N,porcine,CP - Cutting Plant,,
28.134.001,PICHARD PERE ET FILS SA,RUE ROGER COUDERC,Dreux,28100,,France,RM,CP,N,porcine,"Eure-et-Loir,Centre-Loire Valley,Metropolitan France | CP - Cutting Plant",,
64.016.001,PIERRE OTEIZA PRODUCTION,RTE D'UREPEL,Aldudes,64430,"Pyrénées-Atlantiques,New Aquitaine,Metropolitan France",France,RM,CP,N,,CP - Cutting Plant,,
30.189.004,PIERRE SOLLIER,3214 RTE DE MONTPELLIER MARCHE GARE ILOT 11,Nîmes,30900,"Gard,Occitania,Metropolitan France",France,RM,CP,N,bovine caprine ovine porcine,CP - Cutting Plant,,
59.080.101,PIGEONORD HAUTS DE FRANCE,27 HAM DE MANNEUVILLE CARRIERE DOREE,Orchies,59310,"Nord,Nord-Pas-de-Calais and Picardy,Metropolitan France",France,RM,CP,N,bovine caprine ovine porcine,CP - Cutting Plant,,
22.161.001,PIN MAXIME,12 B RUE DES HORTENSIAS,Pabu,22200,"Côtes-d'Armor,Brittany,Metropolitan France",France,RM,CP,N,porcine,CP - Cutting Plant,,
49.109.018,PINIER VIANDE,ANJOU ACTIPARC DES FRESNAIES RUE DU GRANIT,Coron,49690,"Maine-et-Loire,Pays de la Loire,Metropolitan France",France,RM,CP,N,porcine,CP - Cutting Plant,,
87.085.006,PLAINEMAISON AQUITAINE,18 AV DE L ABATTOIR,Limoges,87000,"Haute-Vienne,New Aquitaine,Metropolitan France",France,RM,CP,N,bovine caprine ovine porcine,CP - Cutting Plant,,
12.223.002,PLAINEMAISON OCCITANIE,SAINTE GENEVIEVE EN ARGENCE Z A LES BESSIERES,Argences en Aubrac,12420,"Aveyron,Occitania,Metropolitan France",France,RM,CP,N,bovine caprine ovine porcine,CP - Cutting Plant,,
70.198.001,PLANET'BISON,LA MARQUISE LA MARQUISE,Dampierre-sur-Salon,70180,"Haute-Saône,Bourgogne-Franche-Comté,Metropolitan France",France,RM,CP,N,bovine,CP - Cutting Plant,,
40001500,PLAZA DE TOROS DE AIRE SUR ADOUR,PLACE DES ARENES,Aire-sur-l'Adour,40800,"Landes,New Aquitaine,Metropolitan France",France,RM,SH,Y,,SH - Slaughterhouse,,
40088500,PLAZA DE TOROS DE DAX,PLACE DES ARENES,Dax,40100,"Landes,New Aquitaine,Metropolitan France",France,RM,SH,Y,,SH - Slaughterhouse,,
40104500,PLAZA DE TOROS DE GAMARDE,PLACE DES ARENES,Gamarde-les-Bains,40380,"Landes,New Aquitaine,Metropolitan France",France,RM,SH,Y,,SH - Slaughterhouse,,
40119500,PLAZA DE TOROS DE HAGETMAU,PLACE DES ARENES,Hagetmau,40700,"Landes,New Aquitaine,Metropolitan France",France,RM,SH,Y,,SH - Slaughterhouse,,
40168500,PLAZA DE TOROS DE MAGESCQ,PLACE DES ARENES,Magescq,40140,"Landes,New Aquitaine,Metropolitan France",France,RM,SH,Y,,SH - Slaughterhouse,,
40184500,PLAZA DE TOROS DE MIMIZAN,PLACE DES ARENES,Mimizan,40200,"Landes,New Aquitaine,Metropolitan France",France,RM,SH,Y,,SH - Slaughterhouse,,
40192500,PLAZA DE TOROS DE MONT DE MARSAN,PLACE DES ARENES,Mont-de-Marsan,40004,"Landes,New Aquitaine,Metropolitan France",France,RM,SH,Y,,SH - Slaughterhouse,,
40201500,PLAZA DE TOROS DE MUGRON,PLACE DES ARENES,Mugron,40250,"Landes,New Aquitaine,Metropolitan France",France,RM,SH,Y,,SH - Slaughterhouse,,
40217500,PLAZA DE TOROS DE PARENTIS EN BORN,PLACE DES ARENES,Parentis-en-Born,40160,"Landes,New Aquitaine,Metropolitan France",France,RM,SH,Y,,SH - Slaughterhouse,,
40243500,PLAZA DE TOROS DE RION DES LANDES,PLACE DES ARENES,Rion-des-Landes,40370,"Landes,New Aquitaine,Metropolitan France",France,RM,SH,Y,,SH - Slaughterhouse,,
40245500,PLAZA DE TOROS DE ROQUEFORT,PLACE DES ARENES,Roquefort,40120,"Landes,New Aquitaine,Metropolitan France",France,RM,SH,Y,,SH - Slaughterhouse,,
40282500,PLAZA DE TOROS DE SAINT SEVER,PLACE DES ARENES,Saint-Sever,40500,"Landes,New Aquitaine,Metropolitan France",France,RM,SH,Y,,SH - Slaughterhouse,,
40284500,PLAZA DE TOROS DE SAINT VINCENT DE TYROSSE,PLACE DES ARENES,Saint-Vincent-de-Tyrosse,40230,"Landes,New Aquitaine,Metropolitan France",France,RM,SH,Y,,SH - Slaughterhouse,,
40286500,PLAZA DE TOROS DE SAMADET,allée des arènes,Samadet,40320,"Landes,New Aquitaine,Metropolitan France",France,RM,SH,Y,,SH - Slaughterhouse,,
40310500,PLAZA DE TOROS DE SOUSTONS,PLACE DES ARENES,Soustons,40140,"Landes,New Aquitaine,Metropolitan France",France,RM,SH,Y,,SH - Slaughterhouse,,
40328500,PLAZA DE TOROS DE VIEUX BOUCAU,PLACE DES ARENES,Vieux-Boucau-les-Bains,40140,"Landes,New Aquitaine,Metropolitan France",France,RM,SH,Y,,SH - Slaughterhouse,,
40331500,PLAZA DE TOROS DE VILLENEUVE DE MARSAN,PLACE DES ARENES,Villeneuve-de-Marsan,40190,"Landes,New Aquitaine,Metropolitan France",France,RM,SH,Y,,SH - Slaughterhouse,,
53.137.002,PLDV,LD LA BLINIERE,Loiron-Ruillé,53320,"Mayenne,Pays de la Loire,Metropolitan France",France,RM,CP,N,bovine caprine ovine porcine,CP - Cutting Plant,,
76.276.005,POIVERT,ZONE INDUSTRIELLE DES ABATTOIR,Forges-les-Eaux,76440,"Seine-Maritime,Normandy,Metropolitan France",France,RM,CP,N,bovine caprine ovine porcine,CP - Cutting Plant,,
62.043.002,POLLET VIANDES,854 RUE DE L ESPERANCE,Les Attaques,62730,,France,RM,CP,N,bovine caprine ovine porcine,"Pas-de-Calais,Nord-Pas-de-Calais and Picardy,Metropolitan France | CP - Cutting Plant",,
55.463.003,POLMARD,9 PL DU SAULCY,Saint-Mihiel,55300,"Meuse,Grand Est,Metropolitan France",France,RM,CP,N,bovine caprine ovine porcine,CP - Cutting Plant,,
94.065.147,POMMIER TREPIN COUSIN,28 RUE DES CHARGEURS VIANDES 153,Chevilly-Larue,94550,,France,RM,CP,N,bovine caprine ovine porcine,"Val-de-Marne,Ile-de-France,Metropolitan France | CP - Cutting Plant",,
63.470.101,PORCENTRE,PARC D ACTIVITES DE CHAMPLOUP RUE DE LA CROIX BADIERE PARC D'ACTIVITES DE CHAMPLOUP,Volvic,63530,,France,RM,CP,N,bovine porcine,"Puy-de-Dôme,Auvergne-Rhône-Alpes,Metropolitan France | CP - Cutting Plant",,
94.065.215,PORCGROS,5 RUE DE L AUBRAC,Rungis,94150,,France,RM,CP,N,,"Val-de-Marne,Ile-de-France,Metropolitan France | CP - Cutting Plant",,
49.023.046,PORCI MAUGES,210 RUE LOUIS BLERIOT,Beaupréau-en-Mauges,49600,"Maine-et-Loire,Pays de la Loire,Metropolitan France",France,RM,CP SH,Y,bovine caprine ovine porcine,CP - Cutting Plant | SH - Slaughterhouse,,
39.210.002,PREMIER PLATEAU,RUE DU FENU,Équevillon,39300,"Jura,Bourgogne-Franche-Comté,Metropolitan France",France,RM,CP,N,,CP - Cutting Plant,,
05.055.001,PRESTA PIN'S - LES PIN'S,"98, route de Montbrand",La Faurie,05140,"Hautes-Alpes,Provence-Alpes-Côte d'Azur,Metropolitan France",France,RM,CP,N,bovine caprine ovine porcine,CP - Cutting Plant,,
08.403.012,PRESTABA,4 RUE DE LA SUCRERIE,Sault-lès-Rethel,08300,"Ardennes,Grand Est,Metropolitan France",France,RM,CP SH,Y,,CP - Cutting Plant | SH - Slaughterhouse,,
971.03.093,PRESTADIAL L'ATELIER DES BARQUETTES - C'EST FRAIS C'EST DECOUPE,CZ STE EXPLOIT BERGEVIN ZI JARRY LD ZAC HOUELBOURG,Petit-Bourg,97122,"Guadeloupe,Guadeloupe,Guadeloupe",France,RM,CP,N,bovine caprine ovine porcine,CP - Cutting Plant,,
44.087.002,PRESTAVIANDES,ZONE INDUSTRIELLE DE LA SEIGLERIE 1 RUE AUGUSTE ET LOUIS LUMIERE ZI DE LA SEIGLERIE,Machecoul-Saint-Même,44270,"Loire-Atlantique,Pays de la Loire,Metropolitan France",France,RM,CP,N,bovine caprine ovine porcine,CP - Cutting Plant,,
971.03.029,PRIMANTILLES,ZAC MOUDONG,Baie-Mahault,97122,"Guadeloupe,Guadeloupe,Guadeloupe",France,RM,CP,N,bovine caprine ovine,CP - Cutting Plant,,
05.170.005,PRO DECOUP',1330 AV PIERRE BERNARD RAYMOND,Tallard,05130,"Hautes-Alpes,Provence-Alpes-Côte d'Azur,Metropolitan France",France,RM,CP,N,,CP - Cutting Plant,,
56.010.006,PRO-DECOUPE,TY ER DOUAR,Baud,56150,"Morbihan,Brittany,Metropolitan France",France,RM,CP,N,bovine porcine,CP - Cutting Plant,,
94.065.062,PRODAL SAS,51 rue des Déchargeurs viande 146,Rungis,94150,,France,RM,CP,N,bovine caprine ovine porcine,"Val-de-Marne,Ile-de-France,Metropolitan France | CP - Cutting Plant",,
973.02.038,PRODUIT PAYSAN DE GUYANE PROPAG,139 RTE DEGRAD DES CANNES,Cayenne,97300,"French Guiana,French Guiana,French Guiana",France,RM,CP,N,bovine caprine ovine porcine,CP - Cutting Plant,,
68.294.003,PRODUITS DE LA CIGOGNE,"4, les halles",Sainte-Croix-aux-Mines,68160,,France,RM,CP,N,bovine,"Haut-Rhin,Grand Est,Metropolitan France | CP - Cutting Plant",,
43.021.001,PRODUITS FERMIERS DES FREYTIS,LES FREYTIS 102 ROUTE DES FREYTIS,Beaulieu,43800,"Haute-Loire,Auvergne-Rhône-Alpes,Metropolitan France",France,RM,CP,N,porcine,CP - Cutting Plant,,
38.085.003,PROFIL EXPORT,ZONE INDUSTRIELLE MONTBERTRAND 24 RUE DU CLARET ZI MONTBERTRAND,Charvieu-Chavagneux,38230,"Isère,Auvergne-Rhône-Alpes,Metropolitan France",France,RM,CP,N,equine,CP - Cutting Plant,,
75.110.007,PROMO BOUCHERIE,9-13 9 RUE BUISSON ST LOUIS 9-13,10th Arrondissement,75010,"Paris,Ile-de-France,Metropolitan France",France,RM,CP,N,caprine ovine,CP - Cutting Plant,,
85.076.001,PROVIRE,ZONE D ACTIVITE DU BORDAGE,Cugand,85610,"Vendée,Pays de la Loire,Metropolitan France",France,RM,CP,N,bovine caprine ovine porcine,CP - Cutting Plant,,
62.750.003,PRUVOST LEROY,"201,RUE PRINCIPALE",Saint-Hilaire-Cottes,62120,,France,RM,CP,N,bovine caprine ovine porcine,"Pas-de-Calais,Nord-Pas-de-Calais and Picardy,Metropolitan France | CP - Cutting Plant",,
64.039.001,PUYADE,TEILLAGORY Elodie 16 Route d'Arnabaigt,Aren,64400,"Pyrénées-Atlantiques,New Aquitaine,Metropolitan France",France,RM,CP,N,porcine,CP - Cutting Plant,,
41.212.001,PVC BLOIS,120 RUE DES FOUGERETS,Saint-Gervais-la-Forêt,41350,,France,RM,CP,N,bovine ovine porcine,"Loir-et-Cher,Centre-Loire Valley,Metropolitan France | CP - Cutting Plant",,
64.063.004,PYRAGENA,ABIOPOLE RTE DE SAMADET,Arzacq-Arraziguet,64410,"Pyrénées-Atlantiques,New Aquitaine,Metropolitan France",France,RM,CP,N,porcine,CP - Cutting Plant,,
72.132.002,Prestige de la Sarthe,Av Jean Bealet,La Ferté-Bernard,72400,"Sarthe,Pays de la Loire,Metropolitan France",France,RM,CP,N,porcine,CP - Cutting Plant,,
13.001.015,Provia,Ctre froid champ de foire 2090 rte des milles Crte froid champ de foire,Aix-en-Provence,13090,"Bouches-du-Rhône,Provence-Alpes-Côte d'Azur,Metropolitan France",France,RM,CP,N,porcine,CP - Cutting Plant,,
62.073.001,QUALI VIANDES NORD,53 B RUE DE FAMPOUX,Bailleul-Sir-Berthoult,62580,,France,RM,CP,N,bovine caprine ovine porcine,"Pas-de-Calais,Nord-Pas-de-Calais and Picardy,Metropolitan France | CP - Cutting Plant",,
44.026.009,QUILLARD ET FILS,ZONE INDUSTRIELLE 8 RUE DU NOUVEAU BELE ZONE INDUSTRIELLE,Carquefou,44470,"Loire-Atlantique,Pays de la Loire,Metropolitan France",France,RM,CP,N,porcine,CP - Cutting Plant,,
22.262.001,QUINTIN VIANDES,5 RUE DE LA MADELEINE,Quintin,22800,"Côtes-d'Armor,Brittany,Metropolitan France",France,RM,SH,Y,bovine caprine ovine porcine,SH - Slaughterhouse,,
22.277.001,QUINTIN VIANDES - LA VIANDE D'HENRI,32 PARC D'ACTIVITE DE LA VILLE NEUV,Saint-Brandan,22800,"Côtes-d'Armor,Brittany,Metropolitan France",France,RM,CP,N,,CP - Cutting Plant,,
72.252.002,Qualiviandes 72,Zone de belle croix 2,Requeil,72510,"Sarthe,Pays de la Loire,Metropolitan France",France,RM,CP,N,bovine caprine ovine porcine,CP - Cutting Plant,,
28.218.014,R ET M COUPE DESOS,1 RUE DE LA TAYE,Lucé,28110,,France,RM,CP,N,porcine,"Eure-et-Loir,Centre-Loire Valley,Metropolitan France | CP - Cutting Plant",,
59.011.001,RAOUL DESCHILDRE SA,26 RUE ROGER SALENGRO,Annœullin,59112,"Nord,Nord-Pas-de-Calais and Picardy,Metropolitan France",France,RM,CP,N,bovine caprine ovine equine porcine,CP - Cutting Plant,,
57.428.002,RASA,52 RUE RIOUX MARTIN,Macheren,57730,"Moselle,Grand Est,Metropolitan France",France,RM,CP,N,bovine caprine ovine,CP - Cutting Plant,,
81.124.015,RASCOL MARCEL & FILS,LD LES VIDALS,Lacaune,81230,"Tarn,Occitania,Metropolitan France",France,RM,CP,N,porcine,CP - Cutting Plant,,
12.118.003,RAYROLLES SERGE,DILHAC,Lacroix-Barrez,12600,"Aveyron,Occitania,Metropolitan France",France,RM,CP,N,porcine,CP - Cutting Plant,,
31.451.003,RECAPE SA,ZI DE LA POMME 6 AV PAUL SABATIER ZI DE LA POMME,Revel,31250,"Haute-Garonne,Occitania,Metropolitan France",France,RM,CP,N,porcine,CP - Cutting Plant,,
48.080.001,REGIE ABATTOIR MUNICIPAL,QUA PONT D ALLIER,Langogne,48300,"Lozère,Occitania,Metropolitan France",France,RM,SH,Y,bovine caprine ovine equine porcine,SH - Slaughterhouse,,
46.251.001,REGIE AUTONOME ABATTOIR SAINT CERE,RTE DE GRAMAT,Saint-Céré,46400,"Lot,Occitania,Metropolitan France",France,RM,SH,Y,bovine caprine ovine porcine,SH - Slaughterhouse,,
15.141.002,REGIE MUNICIPALE DE L'ABATTOIR DE NEUSSARGUES MOISSAC,RTE DE CELLES,Neussargues en Pinatelle,15170,"Cantal,Auvergne-Rhône-Alpes,Metropolitan France",France,RM,CP SH,Y,bovine caprine ovine equine porcine,CP - Cutting Plant | SH - Slaughterhouse,,
30.090.002,REGIONALE D ENTRAIDE DIVERSIFIEE,_,Concoules,30450,"Gard,Occitania,Metropolitan France",France,RM,CP,N,bovine caprine ovine porcine,CP - Cutting Plant,,
35.124.001,RENAUD VIANDES,LD BEAU SOLEIL,Grand-Fougeray,35390,,France,RM,CP,N,porcine,"Ille-et-Vilaine,Brittany,Metropolitan France | CP - Cutting Plant",,
53.188.003,RENAZE PRESTA'VIANDES,Z A DE LOURZAIS ALL JULES VERNE Z A DE LOURZAIS,Renazé,53800,"Mayenne,Pays de la Loire,Metropolitan France",France,RM,CP,N,porcine,CP - Cutting Plant,,
49.092.001,RESPECT GOURMAND,CHEMILLE-LE CERCLE POINTU 14 RUE DE LA BRODERIE,Chemillé-en-Anjou,49120,"Maine-et-Loire,Pays de la Loire,Metropolitan France",France,RM,CP,N,,CP - Cutting Plant,,
84.064.001,RIBOT(ETABLISSEMENTS...),1739 CHE DES FREMIGIERES,Lapalud,84840,"Vaucluse,Provence-Alpes-Côte d'Azur,Metropolitan France",France,RM,CP SH,Y,caprine,CP - Cutting Plant | SH - Slaughterhouse,,
29.179.003,RICHARD ALEXANDRE - LE GROIN DE FOLIE,KERGOAT,Ploudaniel,29260,"Finistère,Brittany,Metropolitan France",France,RM,CP,N,,CP - Cutting Plant,,
12.241.001,RODEZ ABATTOIR,991 AV DE SAINTE RADEGONDE ZI D'ARSAC,Sainte-Radegonde,12850,"Aveyron,Occitania,Metropolitan France",France,RM,SH,Y,bovine caprine ovine,SH - Slaughterhouse,,
59.663.101,ROHART PRODUCTION,3 ZA DU HAUT STEEN HOUCK RTE DE CASSEL 3 ZA DU HAUT STEEN HOUCK,Wormhout,59470,"Nord,Nord-Pas-de-Calais and Picardy,Metropolitan France",France,RM,CP,N,bovine caprine ovine porcine,CP - Cutting Plant,,
26.231.021,ROMANS VIANDE,265 RUE DES ESCOFFERS,Peyrins,26380,"Drôme,Auvergne-Rhône-Alpes,Metropolitan France",France,RM,CP,N,bovine caprine ovine equine porcine,CP - Cutting Plant,,
75.111.002,ROQUETTE PARIS VIANDES,116 RUE DE LA ROQUETTE,11th Arrondissement,75011,"Paris,Ile-de-France,Metropolitan France",France,RM,CP,N,bovine caprine ovine,CP - Cutting Plant,,
09.177.001,ROUILLON CHRISTINE,LE POUTICAIRE LD VILLAGE DE MADIERE,Madière,09100,"Ariège,Occitania,Metropolitan France",France,RM,CP,N,porcine,CP - Cutting Plant,,
81.124.018,ROUSSALY,Z.A. BEL AIR ZA BEL AIR Z.A. BEL AIR,Lacaune,81230,"Tarn,Occitania,Metropolitan France",France,RM,CP,N,porcine,CP - Cutting Plant,,
74.156.001,ROYAL VIANDES,HAM CHEZ JACQUIER,Lully,74890,"Upper Savoy,Auvergne-Rhône-Alpes,Metropolitan France",France,RM,CP,N,bovine caprine ovine porcine,CP - Cutting Plant,,
12.241.013,RUTHENES VIANDES,991 AV DE SAINTE RADEGONDE ZI D'ARSAC,Sainte-Radegonde,12850,"Aveyron,Occitania,Metropolitan France",France,RM,CP,N,bovine caprine ovine,CP - Cutting Plant,,
72.039.003,Ruel Bruno - Charcuterie Ruel - Boulvert,ZI la Taille Rte de Courcemont ZI la Taille,Bonnétable,72110,"Sarthe,Pays de la Loire,Metropolitan France",France,RM,CP,N,porcine,CP - Cutting Plant,,
07.231.002,S.A.R.L. ETS CHANEAC VIANDES & SALAISONS,LE LOULIER,Saint-Étienne-de-Fontbellon,07200,"Ardèche,Auvergne-Rhône-Alpes,Metropolitan France",France,RM,CP,N,bovine caprine ovine porcine,CP - Cutting Plant,,
76.322.012,S.A.S LEMARCHAND,ZAC DU GRAND LAUNAY AV EUGENE VARLIN ZAC DU GRAND LAUNAY,Le Grand-Quevilly,76120,"Seine-Maritime,Normandy,Metropolitan France",France,RM,CP,N,bovine caprine ovine porcine,CP - Cutting Plant,,
25.110.030,S.D.T.,ZONE DE LOISIRS,Chaffois,25300,"Doubs,Bourgogne-Franche-Comté,Metropolitan France",France,RM,CP,N,bovine caprine ovine porcine,CP - Cutting Plant,,
33.178.001,S.E NEGOCE,1 LD GRAND PITRES,Gajac,33430,"Gironde,New Aquitaine,Metropolitan France",France,RM,CP,N,bovine caprine ovine porcine,CP - Cutting Plant,,
17.434.005,S.I.B.C.A.S.,ZI OUEST AV FRANCOIS MITTERRAND,Surgères,17700,"Charente-Maritime,New Aquitaine,Metropolitan France",France,RM,CP,N,bovine caprine ovine equine porcine,CP - Cutting Plant,,
04.209.001,SA D'EXPLOITATION DE L'ABATTOIR MUNICIPAL DE SISTERON,8 ALL DES ROMARINS ABATTOIR MUNICIPAL,Sisteron,04200,"Alpes-de-Haute-Provence,Provence-Alpes-Côte d'Azur,Metropolitan France",France,RM,SH,Y,bovine caprine ovine,SH - Slaughterhouse,,
81.219.001,SA DES ABATTOIRS PUYLAURENTAIS,LD PIECE GRANDE,Puylaurens,81700,"Tarn,Occitania,Metropolitan France",France,RM,SH,Y,bovine caprine ovine equine porcine,SH - Slaughterhouse,,
42.187.006,SA DESPIERRES,7 RUE MARC DE TARDY,Roanne,42300,"Loire,Auvergne-Rhône-Alpes,Metropolitan France",France,RM,CP,N,bovine caprine ovine porcine,CP - Cutting Plant,,
19.275.001,SA GUAU,RUE DU MOULIN DU PEUCH,Ussel,19200,"Corrèze,New Aquitaine,Metropolitan France",France,RM,SH,Y,bovine caprine ovine porcine,SH - Slaughterhouse,,
48.043.001,SA LANGUEDOC LOZERE VIANDE,L'HABITARELLE,Châteauneuf-de-Randon,48170,"Lozère,Occitania,Metropolitan France",France,RM,CP,N,bovine caprine ovine porcine,CP - Cutting Plant,,
94.065.051,SA LE DELAS,1 AVENUE DE NORMANDIE PLA 184,Rungis,94150,,France,RM,CP,N,bovine caprine ovine porcine,"Val-de-Marne,Ile-de-France,Metropolitan France | CP - Cutting Plant",,
59.350.003,SA MARCHE DES VIANDES ET ABATS - GARCONS BOUCHERS,ZAMIN NÂ°33 33 ZAMIN 2EME AVENUE,Lille,59160,"Nord,Nord-Pas-de-Calais and Picardy,Metropolitan France",France,RM,CP,N,bovine caprine ovine porcine,CP - Cutting Plant,,
59.128.002,SA MOUILLE MICHEL,44 B RUE DES FUSILLES,Capinghem,59160,"Nord,Nord-Pas-de-Calais and Picardy,Metropolitan France",France,RM,CP,N,porcine,CP - Cutting Plant,,
15.014.038,SA TEIL,101 AV DE CONTHE,Aurillac,15000,"Cantal,Auvergne-Rhône-Alpes,Metropolitan France",France,RM,CP,N,porcine,CP - Cutting Plant,,
2B.123.002,SA U COTTONE - CENTRE E LECLERC,GHISONACCIA RTE DE PRINCIPALE GHISONACCIA,Ghisonaccia,20240,"Haute-Corse,Corsica,Metropolitan France",France,RM,CP,N,bovine caprine ovine porcine,CP - Cutting Plant,,
47.323.385,SA VI,ZAC DU VILLENEUVOIS RUE GEORGES CHARPAK ZAC DU VILLENEUVOIS,Villeneuve-sur-Lot,47300,,France,RM,CP,N,equine,"Lot-et-Garonne,New Aquitaine,Metropolitan France | CP - Cutting Plant",,
55.043.011,SABEST,RUE LUCIEN NAMIN,Belleville-sur-Meuse,55430,"Meuse,Grand Est,Metropolitan France",France,RM,CP SH,Y,bovine caprine ovine equine,CP - Cutting Plant | SH - Slaughterhouse,,
68.066.004,SABRECO,26 RUE D AGEN,Colmar,68000,,France,RM,CP,N,bovine caprine ovine porcine,"Haut-Rhin,Grand Est,Metropolitan France | CP - Cutting Plant",,
53.185.005,SAGLAM FRANCE,ZA LES AVALOIRS 2,Pré-en-Pail-Saint-Samson,53140,"Mayenne,Pays de la Loire,Metropolitan France",France,RM,CP,N,,CP - Cutting Plant,,
69.220.010,SAINT LAURENT VIANDES,47 RTE DE GONDOLIERE,Saint-Laurent-de-Chamousset,69930,"Rhône,Departemental constituency of Rhône,Auvergne-Rhône-Alpes,Metropolitan France",France,RM,CP,N,bovine porcine,CP - Cutting Plant,,
65.077.002,SAJOUS PIERRE,CHE DU SAILHET,Beaucens,65260,"Hautespyrenees,Occitania,Metropolitan France",France,RM,CP,N,caprine ovine porcine,CP - Cutting Plant,,
35.162.009,SALAISON BIO VALEUR,ZI LA BASSE ROUILLAIS,Louvigné-du-Désert,35420,,France,RM,CP,N,porcine,"Ille-et-Vilaine,Brittany,Metropolitan France | CP - Cutting Plant",,
43.268.523,SALAISON CHARCUTERIE BIO YSSINGELAISE,LA BESSE,Yssingeaux,43200,"Haute-Loire,Auvergne-Rhône-Alpes,Metropolitan France",France,RM,CP,N,porcine,CP - Cutting Plant,,
84.089.001,SALAISON PERTUISIENNE,19 IMP JULES SEGUIN,Pertuis,84120,"Vaucluse,Provence-Alpes-Côte d'Azur,Metropolitan France",France,RM,CP,N,,CP - Cutting Plant,,
74.303.001,SALAISONS ARTISANALES DE SAVOIE - S.A.S,PETITE AVENUE DE LA FILLIERE 430 RTE DES GRANDS BOIS,Villaz,74370,"Upper Savoy,Auvergne-Rhône-Alpes,Metropolitan France",France,RM,CP,N,,CP - Cutting Plant,,
64.191.005,SALAISONS ARTISANALES THIERRY PARDON,43 CHE DE LA GARE,Coarraze,64800,"Pyrénées-Atlantiques,New Aquitaine,Metropolitan France",France,RM,CP,N,porcine,CP - Cutting Plant,,
54.274.004,SALAISONS BENTZ,ZI LA CALIFORNIE 9 RUE GABRIEL FAURE ZI LA CALIFORNIE,Jarville-la-Malgrange,54140,"Meurthe-et-Moselle,Grand Est,Metropolitan France",France,RM,CP,N,porcine,CP - Cutting Plant,,
44.143.009,SALAISONS DE L'ERDRE,BROSSE RUE NICOLAS APPERT BROSSE,Rezé,44400,"Loire-Atlantique,Pays de la Loire,Metropolitan France",France,RM,CP,N,bovine caprine ovine,CP - Cutting Plant,,
42.228.001,SALAISONS DES ROYATS,30 RUE DU STADE LES ROYATS,Saint-Georges-Haute-Ville,42610,"Loire,Auvergne-Rhône-Alpes,Metropolitan France",France,RM,CP,N,porcine,CP - Cutting Plant,,
81.124.019,SALAISONS DU LACAUNAIS,B.P.46 AV CORPS FRANC MONTAGNE NOIRE B.P.46,Lacaune,81230,"Tarn,Occitania,Metropolitan France",France,RM,CP,N,porcine,CP - Cutting Plant,,
73.124.001,SALAISONS DU MONT CHARVIN,220 RTE DES CHENES,Gilly-sur-Isère,73200,"Savoy,Auvergne-Rhône-Alpes,Metropolitan France",France,RM,CP,N,,CP - Cutting Plant,,
43.150.002,SALAISONS DU VELAY (SAS),LE BOURG,Le Pertuis,43200,"Haute-Loire,Auvergne-Rhône-Alpes,Metropolitan France",France,RM,CP,N,bovine caprine ovine porcine,CP - Cutting Plant,,
2A.271.001,SALAISONS JOSEPH PANTALONI,ZA PANCHETTA LOT NUMERO 8 PANCHETTA ZA LOT NUMERO 8,Sarrola-Carcopino,20167,"South Corsica,Corsica,Metropolitan France",France,RM,CP,N,,CP - Cutting Plant,,
43.098.002,SALAISONS NICOLAS FRERES,,Freycenet-la-Tour,43150,"Haute-Loire,Auvergne-Rhône-Alpes,Metropolitan France",France,RM,CP,N,porcine,CP - Cutting Plant,,
2A.031.007,SALAISONS SAMPIERO,INCONNUE,Bastelica,20119,"South Corsica,Corsica,Metropolitan France",France,RM,CP,N,,CP - Cutting Plant,,
81.147.247,"SARL ""SERV.OC.CAS""",LD LA DURANTIE,Lombers,81120,"Tarn,Occitania,Metropolitan France",France,RM,CP,N,bovine caprine ovine porcine,CP - Cutting Plant,,
26.113.011,SARL ABATTOIR DU DIOIS,AVENUE DE LA CLAIRETTE,Die,26150,"Drôme,Auvergne-Rhône-Alpes,Metropolitan France",France,RM,SH,Y,bovine caprine ovine porcine,SH - Slaughterhouse,,
12.057.012,SARL AGRIVIANDE,PLAISANCE,Cassagnes-Bégonhès,12120,"Aveyron,Occitania,Metropolitan France",France,RM,CP,N,bovine caprine ovine porcine,CP - Cutting Plant,,
81.070.001,SARL AU PETIT PIED DE COCHON,80 IMP DES CAMINELS,Coufouleux,81800,"Tarn,Occitania,Metropolitan France",France,RM,CP,N,porcine,CP - Cutting Plant,,
43.006.002,SARL AUBERGE PAYSANNE D ALLY,LE BOURG,Ally,43380,"Haute-Loire,Auvergne-Rhône-Alpes,Metropolitan France",France,RM,CP,N,bovine caprine ovine porcine,CP - Cutting Plant,,
08.180.009,SARL AUX SAVEURS D'ARDENNES - AUX SAVEURS D ARDENNES,ZAC DU GRAND BAN,La Francheville,08000,"Ardennes,Grand Est,Metropolitan France",France,RM,CP,N,bovine porcine,CP - Cutting Plant,,
71.133.001,SARL BALIGAND - COMPTOIR CHAROLLAIS,4 RUE DE LA GENETTE,La Clayette,71800,"Saône-et-Loire,Bourgogne-Franche-Comté,Metropolitan France",France,RM,CP,N,,CP - Cutting Plant,,
37.261.004,SARL BARAT,MARCHE DE GROS DE TOURS ROCHEPINARD AV VATEL MARCHE DE GROS DE TOURS ROCHEPINARD,Tours,37000,"Indre-et-Loire,Centre-Loire Valley,Metropolitan France",France,RM,CP,N,porcine,CP - Cutting Plant,,
07.301.002,SARL BERNARD DUGAND,LA PLANTA,Saint-Victor,07410,"Ardèche,Auvergne-Rhône-Alpes,Metropolitan France",France,RM,CP,N,bovine caprine ovine porcine,CP - Cutting Plant,,
12.215.007,SARL BIBAL ET FILS,ZONE D'ACTIVITE DU VALLON,Saint-Christophe-Vallon,12330,"Aveyron,Occitania,Metropolitan France",France,RM,CP,N,bovine caprine ovine porcine,CP - Cutting Plant,,
86.188.010,SARL BONNEAU,MONTMATIN VALENCE EN POITOU,Valence en Poitou,86700,"Vienne,New Aquitaine,Metropolitan France",France,RM,CP,N,bovine caprine ovine porcine,CP - Cutting Plant,,
12.164.005,SARL BOUCHERIE GRIALOU,1 AV DE BROMMAT,Mur-de-Barrez,12600,"Aveyron,Occitania,Metropolitan France",France,RM,CP,N,bovine caprine ovine porcine,CP - Cutting Plant,,
65.286.003,SARL BOUCHERIE PIERRE LATAPIE,5 AV FRANCIS LAGARDERE,Lourdes,65100,"Hautespyrenees,Occitania,Metropolitan France",France,RM,CP,N,bovine caprine ovine porcine,CP - Cutting Plant,,
24.280.001,SARL BRUSAMOLIN ET FILS,RTE DE BEAUMONT,Marsalès,24540,"Dordogne,New Aquitaine,Metropolitan France",France,RM,SH,Y,caprine,SH - Slaughterhouse,,
81.124.007,SARL CALAS,3 PL DE LA VIERGE,Lacaune,81230,"Tarn,Occitania,Metropolitan France",France,RM,CP,N,porcine,CP - Cutting Plant,,
12.148.019,SARL CALVET BOUSCAL,14 PL DE L'EGLISE,Montbazens,12220,"Aveyron,Occitania,Metropolitan France",France,RM,CP,N,bovine caprine ovine porcine,CP - Cutting Plant,,
09.289.002,SARL CHARCUTERIE ANDRE CAZAUX,ZI,Lorp-Sentaraille,09190,"Ariège,Occitania,Metropolitan France",France,RM,CP,N,porcine,CP - Cutting Plant,,
31.582.019,SARL CHARCUTERIE MAUREL GILBERT,114 RUE DE LA REPUBLIQUE,Villefranche-de-Lauragais,31290,"Haute-Garonne,Occitania,Metropolitan France",France,RM,CP,N,bovine caprine ovine porcine,CP - Cutting Plant,,
63.135.001,SARL COTE A COTE,LE MAS 16 RUE DES GRELLETTES LE MAS,Davayat,63200,,France,RM,CP,N,bovine porcine,"Puy-de-Dôme,Auvergne-Rhône-Alpes,Metropolitan France | CP - Cutting Plant",,
59.615.002,SARL D.V.E.ROETYNCK,756 RTE DE PRADELLES,Vieux-Berquin,59232,"Nord,Nord-Pas-de-Calais and Picardy,Metropolitan France",France,RM,CP,N,bovine caprine ovine porcine,CP - Cutting Plant,,
27.370.001,SARL DE LA FERME DU LOGIS,FERME DU LOGIS,Lisors,27440,"Eure,Normandy,Metropolitan France",France,RM,CP,N,,CP - Cutting Plant,,
81.249.004,SARL DE VERS,LD VERS 17 RUE DE LA PLANQUETTE LD VERS,Sainte-Gemme,81190,"Tarn,Occitania,Metropolitan France",France,RM,CP,N,bovine porcine,CP - Cutting Plant,,
33.424.001,SARL DES ETABLISSEMENTS ARNOLD LECHEVIN,ZONE ARTISANALE,Saint-Laurent-Médoc,33112,"Gironde,New Aquitaine,Metropolitan France",France,RM,CP,N,bovine caprine ovine porcine,CP - Cutting Plant,,
03.158.001,SARL DU DOMAINE DE LA VAUVRE,LA VAUVRE,Haut-Bocage,03190,"Allier,Auvergne-Rhône-Alpes,Metropolitan France",France,RM,CP,N,bovine caprine ovine porcine,CP - Cutting Plant,,
81.203.001,SARL DU HAUT DADOU,LD ST-JEAN,Paulinet,81250,"Tarn,Occitania,Metropolitan France",France,RM,CP,N,porcine,CP - Cutting Plant,,
48.095.004,SARL DURAND FILS,CENTRE COMMERCIAL FONTANILLES 4 PL DE LA FRATERNITE CENTRE COMMERCIAL DE FONTANILLES,Mende,48000,"Lozère,Occitania,Metropolitan France",France,RM,CP,N,bovine caprine ovine porcine,CP - Cutting Plant,,
44.054.011,SARL DUVACHER - F. DUVACHER,ZONE INDUSTRIELLE DU BIGNON,Erbray,44110,"Loire-Atlantique,Pays de la Loire,Metropolitan France",France,RM,CP,N,bovine caprine ovine,CP - Cutting Plant,,
64.064.001,SARL ETABLISSEMENTS LESPOUNE FILS,BOUCHERIE LESPOUNE,Asasp-Arros,64660,"Pyrénées-Atlantiques,New Aquitaine,Metropolitan France",France,RM,CP,N,bovine caprine ovine porcine,CP - Cutting Plant,,
82.174.003,SARL FERME DE CALVIGNAC,CALVIGNAC,Saint-Vincent-d'Autéjac,82300,,France,RM,CP,N,porcine,"Tarn-et-Garonne,Occitania,Metropolitan France | CP - Cutting Plant",,
30.332.001,SARL FERME DE LA BASTIDE,LA BASTIDE,Trèves,30750,"Gard,Occitania,Metropolitan France",France,RM,CP,N,bovine porcine,CP - Cutting Plant,,
19.249.002,SARL FONFREYDE - L'AREDIENNE,Z I CROIX DE LA MISSION Z I,Saint-Yrieix-le-Déjalat,19300,"Corrèze,New Aquitaine,Metropolitan France",France,RM,CP,N,bovine caprine ovine porcine,CP - Cutting Plant,,
32.013.021,SARL GERS BOEUF,AGROPARC 2 ZONE DU MOULIOT ALL DOMINIQUE SERRES AGROPARC 2 ZONE DU MOULIOT,Auch,32000,"Gers,Occitania,Metropolitan France",France,RM,CP,N,bovine caprine ovine,CP - Cutting Plant,,
32.213.001,SARL GERS BOEUF,ZA LA RAMONDERE 42 AV DU MAQUIS DE MEILHAN,Lombez,32220,"Gers,Occitania,Metropolitan France",France,RM,CP,N,,CP - Cutting Plant,,
11.428.001,SARL GUINEBAULT,L'ESPERANCE,Villemagne,11310,"Aude,Occitania,Metropolitan France",France,RM,CP,N,bovine caprine ovine porcine,CP - Cutting Plant,,
40.271.001,SARL LA BARTHOTE,MAISON LA BARTHOTE,Sainte-Marie-de-Gosse,40390,"Landes,New Aquitaine,Metropolitan France",France,RM,CP,N,bovine porcine,CP - Cutting Plant,,
79.119.001,SARL LA CHEVALLERIE,8 LA CHEVALLERIE,Fenioux,79160,,France,RM,CP,N,porcine,"Deux-Sèvres,New Aquitaine,Metropolitan France | CP - Cutting Plant",,
35.171.001,SARL LA FERME DE LA LANDE,LA LANDE OZANNE,Médréac,35360,,France,RM,CP,N,porcine,"Ille-et-Vilaine,Brittany,Metropolitan France | CP - Cutting Plant",,
15.191.001,SARL LA FERME DU BRUEL,LE BRUEL,Saint-Illide,15310,"Cantal,Auvergne-Rhône-Alpes,Metropolitan France",France,RM,CP,N,porcine,CP - Cutting Plant,,
61.388.001,SARL LA GILETTERIE,CHAMP ROMET,Saint-Fulgent-des-Ormes,61130,"Orne,Normandy,Metropolitan France",France,RM,SH CP,Y,bovine caprine ovine porcine,SH - Slaughterhouse | CP - Cutting Plant,,
76.259.004,SARL LAUDE,164 RTE DE VALMONT,Fécamp,76400,"Seine-Maritime,Normandy,Metropolitan France",France,RM,CP,N,bovine caprine ovine porcine,CP - Cutting Plant,,
08.145.001,SARL LE MARVILLOIS,VILLAGE PME AV DES NATIONS,Douzy,08140,"Ardennes,Grand Est,Metropolitan France",France,RM,CP,N,,CP - Cutting Plant,,
22.176.015,SARL LES DEUX LAUNAY,LA CROIX DENIS RUE DU CAMP DE PERAN LA CROIX DENIS,Plédran,22960,"Côtes-d'Armor,Brittany,Metropolitan France",France,RM,CP,N,bovine caprine ovine porcine,CP - Cutting Plant,,
14.102.001,SARL LES ELEVEURS DU PAYS D AUGE,IMP IMPASSE DU STADE,Le Breuil-en-Auge,14130,"Calvados,Normandy,Metropolitan France",France,RM,CP,N,bovine caprine ovine porcine,CP - Cutting Plant,,
30.117.001,SARL MAISON PEREZ,ZA N°1 RUE BARTHELEMY CONTESTIN ZA N°1,Fourques,30300,"Gard,Occitania,Metropolitan France",France,RM,CP,N,bovine caprine ovine porcine,CP - Cutting Plant,,
65.059.076,SARL MANSE,20 RUE DU GAL DE GAULLE,Bagnères-de-Bigorre,65200,"Hautespyrenees,Occitania,Metropolitan France",France,RM,CP,N,bovine caprine ovine porcine,CP - Cutting Plant,,
81.219.026,SARL MAUREL,LD PIECE GRANDE,Puylaurens,81700,"Tarn,Occitania,Metropolitan France",France,RM,CP,N,porcine,CP - Cutting Plant,,
19.275.012,SARL MECHIN,RUE DU MOULIN DU PEUCH,Ussel,19200,"Corrèze,New Aquitaine,Metropolitan France",France,RM,CP,N,bovine caprine ovine,CP - Cutting Plant,,
24.552.001,SARL MIDDEGAELS,LIEU DIT LE BREUIL,Thonac,24290,"Dordogne,New Aquitaine,Metropolitan France",France,RM,CP,N,bovine porcine,CP - Cutting Plant,,
29.219.001,SARL MINEC VIANDES,PLACE DE LA MAIRIE LE BOURG,Plouigneau,29650,"Finistère,Brittany,Metropolitan France",France,RM,CP,N,bovine porcine,CP - Cutting Plant,,
73.006.086,SARL MONTAGNES SAVEURS,108 RTE DES ILES,Aime-la-Plagne,73210,"Savoy,Auvergne-Rhône-Alpes,Metropolitan France",France,RM,CP,N,bovine caprine ovine porcine,CP - Cutting Plant,,
43.132.003,SARL MONTBAVIAL,LE MONTEIL,Mazeyrat-d'Allier,43300,"Haute-Loire,Auvergne-Rhône-Alpes,Metropolitan France",France,RM,CP,N,porcine,CP - Cutting Plant,,
12.096.057,SARL NORD AVEYRON PORCS,ZA LA BOUYSSE,Espalion,12500,"Aveyron,Occitania,Metropolitan France",France,RM,CP,N,bovine caprine ovine porcine,CP - Cutting Plant,,
53.250.001,SARL PRES DE CHEZ VOUS,380 CHE DES NEAUX LE PETIT NEAU,Saint-Poix,53540,"Mayenne,Pays de la Loire,Metropolitan France",France,RM,CP,N,bovine porcine,CP - Cutting Plant,,
46.266.001,SARL RASCOL ANDRE ET FILS,PANACARD,Saint-Félix,46100,"Lot,Occitania,Metropolitan France",France,RM,CP,N,porcine,CP - Cutting Plant,,
75.119.005,SARL RENE EMSALEM,19 QUAI DE LA GIRONDE,19th Arrondissement,75019,"Paris,Ile-de-France,Metropolitan France",France,RM,CP,N,bovine caprine ovine,CP - Cutting Plant,,
04.008.001,SARL RIGAULT ET CIE,QUA QUARTIER DE LA BEITE,Annot,04240,"Alpes-de-Haute-Provence,Provence-Alpes-Côte d'Azur,Metropolitan France",France,RM,CP,N,bovine caprine ovine porcine,CP - Cutting Plant,,
81.124.017,SARL ROQUES,LD FARAYRUC,Lacaune,81230,"Tarn,Occitania,Metropolitan France",France,RM,CP,N,porcine,CP - Cutting Plant,,
02.381.001,SARL SABHIR SOCIETE D ABATTAGE D HIRSON,138 RUE DE GUISE,Hirson,02500,"Aisne,Nord-Pas-de-Calais and Picardy,Metropolitan France",France,RM,SH CP,Y,bovine caprine ovine equine porcine,SH - Slaughterhouse | CP - Cutting Plant,,
FR.28.077.001,SARL SAINT JEAN,9001 BOUVIERS,La Chapelle-Fortin,28340,,France,RM,CP,N,bovine caprine ovine porcine,"Eure-et-Loir,Centre-Loire Valley,Metropolitan France | CP - Cutting Plant",,
15.147.001,SARL SALAISONS LABORIE ET FILS,LE BOURG,Parlan,15290,"Cantal,Auvergne-Rhône-Alpes,Metropolitan France",France,RM,CP,N,porcine,CP - Cutting Plant,,
12.176.007,SARL SERIN FRERES,30 RTE D ESPALION,Onet-le-Château,12850,"Aveyron,Occitania,Metropolitan France",France,RM,CP,N,bovine caprine ovine porcine,CP - Cutting Plant,,
12.056.034,SARL SERIN FRERES - SALAISONS ROLAND SERIN,LALO,Baraqueville,12160,"Aveyron,Occitania,Metropolitan France",France,RM,CP,N,bovine caprine ovine porcine,CP - Cutting Plant,,
15.090.004,SARL TALON,ZONE ARTISANALE DES CAMPS,Lafeuillade-en-Vézie,15130,"Cantal,Auvergne-Rhône-Alpes,Metropolitan France",France,RM,CP,N,porcine,CP - Cutting Plant,,
23.257.001,SARL TOURNIER,4 LA CHAISE,Vallière,23120,"Creuse,New Aquitaine,Metropolitan France",France,RM,CP,N,bovine caprine ovine porcine,CP - Cutting Plant,,
81.254.038,SARL VIALANOVE,VIALANOVE,Saint-Jean-de-Marcel,81350,"Tarn,Occitania,Metropolitan France",France,RM,CP,N,bovine caprine ovine equine porcine,CP - Cutting Plant,,
58.101.001,SARL WATTERLOT VIANDES - WATTERLOT VIANDES,LES HATES,Dompierre-sur-Nièvre,58350,"Nièvre,Bourgogne-Franche-Comté,Metropolitan France",France,RM,CP,N,bovine caprine ovine porcine,CP - Cutting Plant,,
18.197.050,SAS ABATTOIR BERRY BOCAGE,53 RUE DU 14 JUILLET,Saint-Amand-Montrond,18200,"Cher,Centre-Loire Valley,Metropolitan France",France,RM,SH CP,Y,bovine caprine ovine equine porcine,SH - Slaughterhouse | CP - Cutting Plant,,
84.118.001,SAS ABATTOIRS DU PAYS D'APT,QUA DES TRIQUEFAUTS,Saint-Saturnin-lès-Apt,84490,"Vaucluse,Provence-Alpes-Côte d'Azur,Metropolitan France",France,RM,CP SH,Y,porcine,CP - Cutting Plant | SH - Slaughterhouse,,
86.139.001,SAS ABATTOIRS MELUSINS,LD LE PRE GUICHARD,Lusignan,86600,"Vienne,New Aquitaine,Metropolitan France",France,RM,CP SH,Y,bovine caprine ovine equine,CP - Cutting Plant | SH - Slaughterhouse,,
80.375.001,SAS ADVG - ATELIER DE DECOUPE DE VIANDE GAUVILLOISE,3 RUE DU BOIS DU VICOMTE,Gauville,80290,"Somme,Nord-Pas-de-Calais and Picardy,Metropolitan France",France,RM,CP,N,bovine caprine ovine porcine,CP - Cutting Plant,,
FR 86 293 003 CE,SAS AK PRAIRE,CHEMIN DE PRAIRE,Vivonne,86370,"Vienne,New Aquitaine,Metropolitan France",France,RM,CP,N,,CP - Cutting Plant,,
2B.199.100,SAS ALLEGRINI-SIMONETTI VIANDES,CHEZ MR ALLEGRINI SIMONETTI ANTOINE MA LD MORTA CHEZ MR ALLEGRINI SIMONETTI ANTOINE MA,Palasca,20226,"Haute-Corse,Corsica,Metropolitan France",France,RM,CP,N,bovine caprine ovine,CP - Cutting Plant,,
49.214.019,SAS ANJOU VIANDE SERVICE,2 B RUE PAUL HEROULT ZI DU HAUT COUDRAY,Montreuil-Juigné,49460,"Maine-et-Loire,Pays de la Loire,Metropolitan France",France,RM,CP,N,bovine caprine ovine porcine,CP - Cutting Plant,,
30.007.025,SAS ASV (Atelier Spécialisé des Viandes),1758 AV DES FRERES LUMIERE,Alès,30100,"Gard,Occitania,Metropolitan France",France,RM,SH,Y,bovine caprine ovine equine porcine,SH - Slaughterhouse,,
57.750.001,SAS AUX GOUTS DE NOS TERRES,70 rue principale,Wœlfling-lès-Sarreguemines,57200,"Moselle,Grand Est,Metropolitan France",France,RM,CP,N,bovine porcine,CP - Cutting Plant,,
FR 76.447.002 CE,SAS BOUCHERIE LEROUX,17 rue Georges Braques,Montivilliers,76290,"Seine-Maritime,Normandy,Metropolitan France",France,RM,CP,N,,CP - Cutting Plant,,
94.065.510,SAS BOUCHERIE Marguerite,BOUCHERIE Marguerite - 21 RUE DU POITOU,Rungis,94150,,France,RM,CP,N,,"Val-de-Marne,Ile-de-France,Metropolitan France | CP - Cutting Plant",,
73.330.003,SAS BOUCHERIE-ATELIER-BOUVIER,LES FONTANETTES ZA,Yenne,73170,"Savoy,Auvergne-Rhône-Alpes,Metropolitan France",France,RM,CP,N,bovine caprine ovine porcine,CP - Cutting Plant,,
35.179.002,SAS CHEVILLE 35,ZAC ACTIPOLE 6 RUE DU GRAND RHINOLOPHE,Miniac-Morvan,35540,,France,RM,CP,N,bovine caprine ovine porcine,"Ille-et-Vilaine,Brittany,Metropolitan France | CP - Cutting Plant",,
82.037.006,SAS CODEVIA - DECOUPE,ZONE INDUSTRIELLE DE MEAUX 91 RTE DE REALVILLE,Caussade,82300,,France,RM,CP,N,bovine,"Tarn-et-Garonne,Occitania,Metropolitan France | CP - Cutting Plant",,
31.149.192,SAS CONSOLARO,36 CHE DE LA SALVETAT,Colomiers,31770,"Haute-Garonne,Occitania,Metropolitan France",France,RM,CP,N,,CP - Cutting Plant,,
09.157.002,SAS DARIO JEAN PATRICK ATELIER DE DECOUPE,1 AV DU GENERAL DE GAULLE,Laroque-d'Olmes,09600,"Ariège,Occitania,Metropolitan France",France,RM,CP,N,bovine caprine ovine porcine,CP - Cutting Plant,,
05.029.102,SAS DAVIN SC,ZONE ARTISANALE 2110 RTE DE SAINT LEGER,Chabottes,05260,"Hautes-Alpes,Provence-Alpes-Côte d'Azur,Metropolitan France",France,RM,CP,N,bovine caprine ovine porcine,CP - Cutting Plant,,
62.364.006,SAS DES VIANDES AUDOMAROISES,RUE DE L ABATTOIR,Fruges,62310,,France,RM,CP,N,bovine caprine ovine porcine,"Pas-de-Calais,Nord-Pas-de-Calais and Picardy,Metropolitan France | CP - Cutting Plant",,
30.007.005,SAS DJOUDI VIANDES,AV MONGE,Alès,30100,"Gard,Occitania,Metropolitan France",France,RM,CP,N,bovine caprine ovine,CP - Cutting Plant,,
81.145.003,SAS DU LACAS,LD LE LACAS,Lisle-sur-Tarn,81310,"Tarn,Occitania,Metropolitan France",France,RM,CP,N,porcine,CP - Cutting Plant,,
04.111.001,SAS DUFOUR,ZA PITAUGIER,Mane,04300,"Alpes-de-Haute-Provence,Provence-Alpes-Côte d'Azur,Metropolitan France",France,RM,CP,N,caprine ovine,CP - Cutting Plant,,
56.007.002,SAS KERVADEC - MAISON KERVADEC,Z I DE KERBOIS 32 RUE ALAIN GERBAULT,Auray,56400,"Morbihan,Brittany,Metropolitan France",France,RM,CP,N,bovine porcine,CP - Cutting Plant,,
09.122.001,SAS LA FUXEENNE DES VIANDES,Z.I LABARRE 1 RUE DU 19 MARS 1962,Foix,09000,"Ariège,Occitania,Metropolitan France",France,RM,CP,N,bovine caprine ovine porcine,CP - Cutting Plant,,
15.267.002,SAS LA VIANDE-BIO,ZAC DU PUY D'ESBAN RUE PIERRE ET MARIE CURIE ZAC DU PUY D'ESBAN,Ytrac,15130,"Cantal,Auvergne-Rhône-Alpes,Metropolitan France",France,RM,CP,N,bovine caprine ovine porcine,CP - Cutting Plant,,
60.026.021,SAS LAMBRECHT WALTER,LES HUIT BORNES,Auchy-la-Montagne,60360,"Oise,Nord-Pas-de-Calais and Picardy,Metropolitan France",France,RM,CP,N,porcine,CP - Cutting Plant,,
81.124.016,SAS LE RAY-GAL,25 AV DE MONTALET,Lacaune,81230,"Tarn,Occitania,Metropolitan France",France,RM,CP,N,porcine,CP - Cutting Plant,,
33.039.003,SAS LES ELEVEURS GIRONDINS ABATTAGE,40 45 ZONE DE HOURCADE RUE RADIO LONDRES,Bègles,33130,"Gironde,New Aquitaine,Metropolitan France",France,RM,SH,Y,,SH - Slaughterhouse,,
11.203.003,SAS MAISON BERTRAND,ZI DE VITRAC RUE ALFRED NOBEL ZI DE VITRAC,Lézignan-Corbières,11200,"Aude,Occitania,Metropolitan France",France,RM,CP,N,bovine caprine ovine porcine,CP - Cutting Plant,,
05.170.118,SAS MAUREL DECOUPE ET SALAISONS,880 AV NAPOLEON,Tallard,05130,"Hautes-Alpes,Provence-Alpes-Côte d'Azur,Metropolitan France",France,RM,CP,N,bovine caprine ovine porcine,CP - Cutting Plant,,
29.198.020,SAS PAUGAM - MES PRODUITS FERMIERS. MON GITE A LA CAMPAGNE,7 LIEU DIT LEIN,Plouider,29260,"Finistère,Brittany,Metropolitan France",France,RM,CP,N,bovine porcine,CP - Cutting Plant,,
05.092.001,SAS ROSTAIN,LA COTE DE NEFFES,Neffes,05000,"Hautes-Alpes,Provence-Alpes-Côte d'Azur,Metropolitan France",France,RM,CP,N,bovine caprine ovine porcine,CP - Cutting Plant,,
12.163.001,SAS SALAISONS DU LANDOULET,RTE DE LACAUNE,Murasson,12370,"Aveyron,Occitania,Metropolitan France",France,RM,CP,N,porcine,CP - Cutting Plant,,
81.219.020,SAS SALAS DVC,LA BAGEOLE RUE GUILLAUME LAVABRE LA BAGEOLE,Puylaurens,81700,"Tarn,Occitania,Metropolitan France",France,RM,CP,N,bovine caprine ovine equine porcine,CP - Cutting Plant,,
69.027.063,SAS SODELY,ZONE INDUSTRIELLE NORD PARC D ACTIVITE RTE D IRIGNY ZONE INDUSTRIELLE NORD PARC D'ACTIVITE,Brignais,69530,"Rhône,Departemental constituency of Rhône,Auvergne-Rhône-Alpes,Metropolitan France",France,RM,CP,N,bovine caprine ovine porcine,CP - Cutting Plant,,
12.176.015,SAS SOVIA,ESPACE SAINT MARC II PARC COMMERCIAL SAINT MARC ESPACE SAINT MARC II,Onet-le-Château,12850,"Aveyron,Occitania,Metropolitan France",France,RM,CP,N,bovine caprine ovine porcine,CP - Cutting Plant,,
31.080.033,SAS VIANDES DU BOULONNAIS,RTE D'AUCH,Boulogne-sur-Gesse,31350,"Haute-Garonne,Occitania,Metropolitan France",France,RM,CP,N,bovine caprine ovine equine porcine,CP - Cutting Plant,,
973.05.017,SAS VIVENDA,PK 41.5,Macouria,97355,"French Guiana,French Guiana,French Guiana",France,RM,CP,N,,CP - Cutting Plant,,
85.059.004,SASU BIOPORC LA NATURE LA SAVEUR,ZONE INDUSTRIELLE DU FIEF TARDY,La Châtaigneraie,85120,"Vendée,Pays de la Loire,Metropolitan France",France,RM,CP,N,porcine,CP - Cutting Plant,,
03.142.001,SASU CHARRONDIERE - CHARRONDIERE DECOUPE,LIEUDIT VINZELLES,Lenax,03130,"Allier,Auvergne-Rhône-Alpes,Metropolitan France",France,RM,CP,N,bovine caprine ovine porcine,CP - Cutting Plant,,
80.308.001,SAUVAGE VIANDES,ZONE INDUSTRIELLE DES 3 F AV DE LA BAID DE SOMME ZI DES 3 F,Feuquières-en-Vimeu,80210,"Somme,Nord-Pas-de-Calais and Picardy,Metropolitan France",France,RM,CP,N,bovine caprine ovine equine porcine,CP - Cutting Plant,,
12.300.008,SAVEURS AUTHENTIQUES,ZONE INDUSTRIELLE ZONE INDUSTRIELLE ABATTOIR,Villefranche-de-Rouergue,12200,"Aveyron,Occitania,Metropolitan France",France,RM,CP,N,bovine caprine ovine porcine,CP - Cutting Plant,,
35.012.003,SAVEURS DE BAIN-DE-BRETAGNE,ZONE D'ACTIVITES LES SENTES ZONE D'ACTIVITES,Bain-de-Bretagne,35470,,France,RM,CP,N,bovine porcine,"Ille-et-Vilaine,Brittany,Metropolitan France | CP - Cutting Plant",,
63.028.001,SAVEURS DE L'ARTENSE – BOUCHERIE BERTRAND,LE BOURG,Bagnols,63810,,France,RM,CP,N,bovine caprine ovine porcine,"Puy-de-Dôme,Auvergne-Rhône-Alpes,Metropolitan France | CP - Cutting Plant",,
27.229.002,SAVIDIS,ZONE INDUSTRIEL N° 1 IMP DE COCHEREL,Fauville,27930,"Eure,Normandy,Metropolitan France",France,RM,CP,N,bovine caprine ovine porcine,CP - Cutting Plant,,
35.136.002,SAVIEL FRANCE,ZONE ARTISANALE LA CHAUVELIERE RUE DU RONCERAYS,Janzé,35150,,France,RM,CP,N,bovine caprine ovine porcine,"Ille-et-Vilaine,Brittany,Metropolitan France | CP - Cutting Plant",,
10.362.003,SAVIEL FRANCE,PARC D ACTIVITES RUE SAVIPOL A PARC D ACTIVITES,Sainte-Savine,10300,"Aube,Grand Est,Metropolitan France",France,RM,CP,N,bovine caprine ovine porcine,CP - Cutting Plant,,
26.347.022,SAVIEL FRANCE,AV DES GRANDS CRUS,Tain-l'Hermitage,26600,"Drôme,Auvergne-Rhône-Alpes,Metropolitan France",France,RM,CP,N,bovine caprine ovine porcine,CP - Cutting Plant,,
73.065.733,SAVOIE ABATTAGE-EN ABREGE SAB,1426 AV DE LA HOUILLE BLANCHE,Chambéry,73000,"Savoy,Auvergne-Rhône-Alpes,Metropolitan France",France,RM,CP SH,Y,bovine caprine ovine porcine,CP - Cutting Plant | SH - Slaughterhouse,,
74.068.001,SAVOIE VOLAILLES BOUCHERIE,54 RUE DU SORGIA,Chêne-en-Semine,74270,"Upper Savoy,Auvergne-Rhône-Alpes,Metropolitan France",France,RM,CP,N,bovine caprine ovine porcine,CP - Cutting Plant,,
64.188.001,SCA AGNEAUX DE LAIT DES PYRENEES AXURIA 32858048500030,AV JEAN MONNET,Chéraute,64130,"Pyrénées-Atlantiques,New Aquitaine,Metropolitan France",France,RM,CP,N,bovine caprine ovine,CP - Cutting Plant,,
43339036600022,SCA Alliance Ovine Basco-Béarnaise,"6, rue Jeliotte",Oloron-Sainte-Marie,64400,"Pyrénées-Atlantiques,New Aquitaine,Metropolitan France",France,RM,CP,N,,CP - Cutting Plant,,
44.143.017,SCCD CHLOROPHYLLE,16 RUE ADA LOVELACE,Rezé,44400,"Loire-Atlantique,Pays de la Loire,Metropolitan France",France,RM,CP,N,bovine caprine ovine,CP - Cutting Plant,,
48.127.003,SCEA BOURCIER,LE MAZELET,Monts-de-Randon,48700,"Lozère,Occitania,Metropolitan France",France,RM,CP,N,bovine porcine,CP - Cutting Plant,,
02.748.001,SCEA DE LA FERME DU MOULIN,12 RUE MOLIERE,Trélou-sur-Marne,02850,"Aisne,Nord-Pas-de-Calais and Picardy,Metropolitan France",France,RM,CP,N,porcine,CP - Cutting Plant,,
81.032.002,SCEA DE LAS CAZES,LD LAS CAZES,Blan,81700,"Tarn,Occitania,Metropolitan France",France,RM,CP,N,,CP - Cutting Plant,,
76.328.001,SCEA DU FOUR BANAL,33 RUE DU FOUR BANAL HAM D'HERMESNIL,Grigneuseville,76850,"Seine-Maritime,Normandy,Metropolitan France",France,RM,CP,N,porcine,CP - Cutting Plant,,
55.388.001,SCEA DU PRÉ AUX AUGES,Lieu dit Vieux Monthier,Noyers-Auzécourt,55800,"Meuse,Grand Est,Metropolitan France",France,RM,CP,N,porcine,CP - Cutting Plant,,
22.093.016,SCEA FERME DE LA MARE,LA MARE 103 LA MARE LA POTERIE,Lamballe,22400,"Côtes-d'Armor,Brittany,Metropolitan France",France,RM,CP,N,porcine,CP - Cutting Plant,,
89.266.001,SCEA PECHERY,8 RUE DES VERGERS,Montillot,89660,"Yonne,Bourgogne-Franche-Comté,Metropolitan France",France,RM,CP,N,bovine caprine ovine porcine,CP - Cutting Plant,,
86.233.009,SCEA REDIN,10 RUE RIVALLEE,Valdivienne,86300,"Vienne,New Aquitaine,Metropolitan France",France,RM,CP,N,bovine,CP - Cutting Plant,,
76.608.001,SCEA SOGI,280 RTE DE SAINT WANDRILLE,Sainte-Marguerite-sur-Duclair,76480,"Seine-Maritime,Normandy,Metropolitan France",France,RM,CP,N,bovine porcine,CP - Cutting Plant,,
89.025.001,SCHIEVER ACB,ZI DU BOIS SAINT LADRE DERRIERE LES PRES ZI DU BOIS SAINT LADRE,Avallon,89200,"Yonne,Bourgogne-Franche-Comté,Metropolitan France",France,RM,CP,N,bovine caprine ovine porcine,CP - Cutting Plant,,
67.348.009,SCHWEITZER,8 RUE DU THAL,Obernai,67210,,France,RM,CP,N,bovine caprine ovine porcine,"Bas-Rhin,Grand Est,Metropolitan France | CP - Cutting Plant",,
36.091.001,SCIC DES VIANDES DU PAYS DE LA CHATRE,RTE DE MONTLUCON ZONE INDUSTRIELLE LA PREASLES,Lacs,36400,"Indre,Centre-Loire Valley,Metropolitan France",France,RM,SH,Y,caprine ovine porcine,SH - Slaughterhouse,,
23.068.001,SELECTION D'ELEVEURS,3 RTE DE JARNAGES,Cressat,23140,"Creuse,New Aquitaine,Metropolitan France",France,RM,CP,N,bovine caprine ovine equine porcine,CP - Cutting Plant,,
56.260.065,SELECTION VIANDE DISTRIBUTION - SERVICE-VIANDE,ZONE INDUSTRIELLE DU PRAT RUE DU PRAT ZONE INDUSTRIELLE DU PRAT,Vannes,56000,"Morbihan,Brittany,Metropolitan France",France,RM,CP SH,Y,bovine caprine ovine equine porcine,CP - Cutting Plant | SH - Slaughterhouse,,
71.475.032,SELEVIANDES,MOULIN DE LA PERCHE,Saint-Rémy,71100,"Saône-et-Loire,Bourgogne-Franche-Comté,Metropolitan France",France,RM,CP,N,bovine caprine ovine equine porcine,CP - Cutting Plant,,
43.268.002,SEM ABATTAGE & DECOUPE (SEMAD) DE LA JEUNE LOIRE,RUE DU DOCTEUR PIPET,Yssingeaux,43200,"Haute-Loire,Auvergne-Rhône-Alpes,Metropolitan France",France,RM,SH,Y,bovine caprine ovine equine porcine,SH - Slaughterhouse,,
64.485.001,SI AMENAGEMENT GESTION ABATTOIR SAINT JEAN PIED DE PORT,MAIRIE 13 PL CHARLES DE GAULLE MAIRIE,Saint-Jean-Pied-de-Port / Donibane-Garazi,64220,"Pyrénées-Atlantiques,New Aquitaine,Metropolitan France",France,RM,CP SH,Y,bovine caprine ovine equine porcine,CP - Cutting Plant | SH - Slaughterhouse,,
64.016.004,SICA BELAUN,ZONE ARTISANALE ERREKA GORRI ZA ERREKA GORRI RTE UREPEL,Aldudes,64430,"Pyrénées-Atlantiques,New Aquitaine,Metropolitan France",France,RM,CP,N,bovine caprine ovine porcine,CP - Cutting Plant,,
59.290.100,SICA CEV,RTE DE CARTIGNIES,Haut-Lieu,59440,"Nord,Nord-Pas-de-Calais and Picardy,Metropolitan France",France,RM,CP,N,bovine caprine ovine porcine,CP - Cutting Plant,,
974.16.002,SICA D'ABATTAGE,ZI NÄ°3 5 AV CHARLES ISAUTIER ZI NÄ°3,Saint-Pierre,97410,"Réunion,Réunion,Réunion",France,RM,SH,Y,bovine caprine ovine porcine,SH - Slaughterhouse,,
05.061.001,SICA D'ABATTAGE DU BETAIL ALPIN (SICABA),RTE DE BARCELONNETTE RTE DU MOULIN DU PRE RTE DE BARCELONNETTE,Gap,05000,"Hautes-Alpes,Provence-Alpes-Côte d'Azur,Metropolitan France",France,RM,SH,Y,bovine caprine ovine equine porcine,SH - Slaughterhouse,,
71.014.001,SICA DE L'ABATTOIR COMMUNAUTAIRE DU GRAND AUTUNOIS MORVAN,8 RTE DU BOIS DE SAPIN,Autun,71400,"Saône-et-Loire,Bourgogne-Franche-Comté,Metropolitan France",France,RM,CP SH,Y,bovine caprine ovine porcine,CP - Cutting Plant | SH - Slaughterhouse,,
81.162.002,SICA DES PAYS DE L'AUTAN,LES CLAUZOLLES LES CLAUZOLLES LES CLAUZOLLES,Maurens-Scopont,81470,"Tarn,Occitania,Metropolitan France",France,RM,CP,N,bovine caprine ovine porcine,CP - Cutting Plant,,
05.061.002,SICA LE MONTAGNARD DES ALPES,LE MOULIN DU PRE RTE DE BARCELONNETTE,Gap,05000,"Hautes-Alpes,Provence-Alpes-Côte d'Azur,Metropolitan France",France,RM,CP,N,porcine,CP - Cutting Plant,,
65.440.070,SICA PYRENEENNE BETAIL ET VIANDE,15 BD DU PRESIDENT KENNEDY 15-17,Tarbes,65000,"Hautespyrenees,Occitania,Metropolitan France",France,RM,CP,N,bovine caprine ovine porcine,CP - Cutting Plant,,
65.440.004,SICA PYRENEENNE BETAIL ET VIANDE,ZONE INDUSTRIELLE 6 CHE DE BASTILLAC ZONE INDUSTRIELLE,Tarbes,65000,"Hautespyrenees,Occitania,Metropolitan France",France,RM,CP,N,bovine caprine ovine porcine,CP - Cutting Plant,,
64.348.030,SICA PYRENEENNE BETAIL ET VIANDE,17 AV MARCEL DASSAULT,Lons,64140,"Pyrénées-Atlantiques,New Aquitaine,Metropolitan France",France,RM,CP,N,bovine caprine ovine porcine,CP - Cutting Plant,,
64.519.001,SICA PYRENEENNE BETAIL ET VIANDE,16 AV NORMANDIE NIEMEN,Serres-Castet,64121,"Pyrénées-Atlantiques,New Aquitaine,Metropolitan France",France,RM,CP,N,bovine caprine ovine porcine,CP - Cutting Plant,,
65.258.030,SICA PYRENEENNE BETAIL ET VIANDE,RUE CARNOT,Lannemezan,65300,"Hautespyrenees,Occitania,Metropolitan France",France,RM,CP,N,bovine caprine ovine porcine,CP - Cutting Plant,,
65.286.010,SICA PYRENEENNE BETAIL ET VIANDE - SICA PYRENEENNE,17 PL DU CHAMP COMMUN,Lourdes,65100,"Hautespyrenees,Occitania,Metropolitan France",France,RM,CP,N,bovine caprine ovine porcine,CP - Cutting Plant,,
974.16.003,SICA VIANDES PAYS,ZI N3 5 AVENUE CHARLES ISAUTIER ZI N3,Saint-Pierre,97410,"Réunion,Réunion,Réunion",France,RM,CP,N,bovine caprine ovine porcine,CP - Cutting Plant,,
73.034.005,SICA-SARL VIANDE DU BEAUFORTIN,IMMEUBLE LE DORON 50 PL ROGER FRISON ROCHE,Beaufort,73270,"Savoy,Auvergne-Rhône-Alpes,Metropolitan France",France,RM,SH CP,Y,caprine ovine equine porcine bovine,SH - Slaughterhouse | CP - Cutting Plant,,
03.036.001,SICABA,18 RUE ALBERT RONDREUX,Bourbon-l'Archambault,03160,"Allier,Auvergne-Rhône-Alpes,Metropolitan France",France,RM,SH CP,Y,bovine caprine ovine porcine,SH - Slaughterhouse | CP - Cutting Plant,,
03.190.162,SICABA,HLM BATIMENT RUE HENRI BARBUSSE HLM BAT J LES CHAMPINS,Moulins,03000,"Allier,Auvergne-Rhône-Alpes,Metropolitan France",France,RM,CP,N,bovine caprine ovine porcine,CP - Cutting Plant,,
38.269.001,SICORBIAA,ZONE INDUSTRIELLE LES MARAIS ZONE INDUSTRIELLE,La Mure,38350,"Isère,Auvergne-Rhône-Alpes,Metropolitan France",France,RM,SH CP,Y,bovine caprine ovine porcine,SH - Slaughterhouse | CP - Cutting Plant,,
93.066.001,SIMON & FILS - RIMAL PARIS,205 AV DU PRESIDENT WILSON,Saint-Denis,93210,"Seine-Saint-Denis,Ile-de-France,Metropolitan France",France,RM,CP,N,,CP - Cutting Plant,,
34.199.015,SM FILIERE VIANDE DE L'HERAULT - REGIE SYNDICALE DE L'ABATTOIR DE PEZENAS,26 AV CAMILLE GUERIN,Pézenas,34120,"Hérault,Occitania,Metropolitan France",France,RM,CP SH,Y,bovine caprine ovine equine porcine,CP - Cutting Plant | SH - Slaughterhouse,,
93.053.001,SNRF - SOCIETE NOUVELLE DES RESTAURATEURS DE FRANCE,3 RUE LOUIS MISSELYN,Noisy-le-Sec,93130,"Seine-Saint-Denis,Ile-de-France,Metropolitan France",France,RM,CP,N,,CP - Cutting Plant,,
33.318.001,SO VIA GO,ANGLE DE L'AVENUE GUTTEMBERG 5 AV PAUL LANGEVIN,Pessac,33600,"Gironde,New Aquitaine,Metropolitan France",France,RM,CP,N,bovine caprine ovine porcine,CP - Cutting Plant,,
2B.033.317,SO.DI.GAV,ROUTE NATIONALE 193 AV SAMPIERO CORSO RN 193,Bastia,20600,"Haute-Corse,Corsica,Metropolitan France",France,RM,CP,N,bovine caprine ovine porcine,CP - Cutting Plant,,
36.119.001,SO.ME.VIA,,Mérigny,36220,"Indre,Centre-Loire Valley,Metropolitan France",France,RM,SH,Y,bovine caprine ovine equine,SH - Slaughterhouse,,
36.224.001,SO.ME.VIA - TRICOCHE-SOMEVIA,RTE DE LUREUIL,Tournon-Saint-Martin,36220,"Indre,Centre-Loire Valley,Metropolitan France",France,RM,CP,N,bovine caprine ovine equine,CP - Cutting Plant,,
24.053.001,SOBEVAL,ZONE INDUSTRIELLE AV LOUIS LESCURE ZONE INDUSTRIELLE,Boulazac Isle Manoire,24750,"Dordogne,New Aquitaine,Metropolitan France",France,RM,SH CP,Y,bovine,SH - Slaughterhouse | CP - Cutting Plant,,
69.273.003,SOBEVAL RHONE,8/10 8 AV DE MONTMARTIN,Corbas,69960,"Rhône,Departemental constituency of Rhône,Auvergne-Rhône-Alpes,Metropolitan France",France,RM,CP,N,bovine,CP - Cutting Plant,,
66.136.868,SOBRAQUES DISTRIBUTION S.A.S,477 AV DE MILAN,Perpignan,66000,"Pyrénées-Orientales,Occitania,Metropolitan France",France,RM,CP,N,bovine caprine ovine porcine,CP - Cutting Plant,,
29.232.006,SOC ABATTEURS QUIMPEROIS,10 RUE LOUIS LE BOURHIS,Quimper,29000,"Finistère,Brittany,Metropolitan France",France,RM,CP SH,Y,bovine equine,CP - Cutting Plant | SH - Slaughterhouse,,
79.049.016,SOC BOCAGE VIANDES,Z I. NO 4 ST-PORCHAIRE ZI 4 Z I. NO 4 ST-PORCHAIRE,Bressuire,79300,,France,RM,CP,N,bovine caprine ovine porcine,"Deux-Sèvres,New Aquitaine,Metropolitan France | CP - Cutting Plant",,
08.105.001,SOC CAROLOMACERIEN EXPLOITATION ABATTOIR,9 RUE DE L ABATTOIR,Charleville-Mézières,08000,"Ardennes,Grand Est,Metropolitan France",France,RM,CP SH,Y,bovine caprine ovine equine porcine,CP - Cutting Plant | SH - Slaughterhouse,,
73.054.007,SOC COOPERATIVE AGRICOLE ABATTOIR ET VIANDE DE TARENTAISE,RUE SAINT JEAN BAPTISTE,Séez,73700,"Savoy,Auvergne-Rhône-Alpes,Metropolitan France",France,RM,SH CP,Y,bovine caprine ovine equine porcine,SH - Slaughterhouse | CP - Cutting Plant,,
67.180.002,SOC D EXPLOITA DE L ABATTOIR,7 CHE DU GAZ,Haguenau,67240,,France,RM,SH,Y,bovine caprine ovine,"Bas-Rhin,Grand Est,Metropolitan France | SH - Slaughterhouse",,
64.527.001,SOC D'EXPLOITATION PASCAL MASSONDE,MAISON OLHAGARAYA,Souraïde,64250,"Pyrénées-Atlantiques,New Aquitaine,Metropolitan France",France,RM,CP,N,,CP - Cutting Plant,,
972.13.071,SOC DE DECOUP ET TRANSF DE VIANDES,ZI DE PLACE D ARMES,Le Lamentin,97232,"Martinique,Martinique,Martinique",France,RM,CP,N,bovine porcine,CP - Cutting Plant,,
59.271.001,SOC DE TRANSFORMATION ALIMENTAIRE,RUE LOUIS BLANQUI,Grande-Synthe,59760,"Nord,Nord-Pas-de-Calais and Picardy,Metropolitan France",France,RM,CP,N,bovine caprine ovine,CP - Cutting Plant,,
63.178.001,SOC DES ABATTOIRS D'ISSOIRE,ZONE D AMENAGEMENT CONCERTE LES LISTES IMP ANTOINE VERNIERE ZAC LES LISTES,Issoire,63500,,France,RM,SH CP,Y,bovine caprine ovine porcine,"Puy-de-Dôme,Auvergne-Rhône-Alpes,Metropolitan France | SH - Slaughterhouse | CP - Cutting Plant",,
79.080.006,SOC DES VIANDES DES ELEVEURS PARTHENAY,RUE PAUL EMILE VICTOR ZAC DE LA BRESSANDIERE RUE PAUL EMILE VICTOR,Châtillon-sur-Thouet,79200,,France,RM,CP,N,bovine caprine ovine porcine,"Deux-Sèvres,New Aquitaine,Metropolitan France | CP - Cutting Plant",,
84.087.004,SOC DISTRIBUTION POUR ALIMENTATION - SO DI AL,ZAC DES PORTES SUD 267 RUE ROUSSANNE ZAC DES PORTES SUD,Orange,84100,"Vaucluse,Provence-Alpes-Côte d'Azur,Metropolitan France",France,RM,CP,N,bovine caprine ovine porcine,CP - Cutting Plant,,
43.040.001,SOC EXPL ABATTOIR DE BRIOUDE,ABATTOIR MUNICIPAL AV DE LAMOTHE ABATTOIR MUNICIPAL,Brioude,43100,"Haute-Loire,Auvergne-Rhône-Alpes,Metropolitan France",France,RM,CP SH,Y,bovine caprine ovine equine porcine,CP - Cutting Plant | SH - Slaughterhouse,,
36.044.001,SOC EXPL CHATEAUROUX VIANDES,10 B BD D ANVAUX,Châteauroux,36000,"Indre,Centre-Loire Valley,Metropolitan France",France,RM,CP,N,bovine caprine ovine equine porcine,CP - Cutting Plant,,
36.091.002,SOC EXPL CHATEAUROUX VIANDES,Z.I. LA PRESLE LES CHAMPS DE BRIANTES Z.I. LA PRESLE,Lacs,36400,"Indre,Centre-Loire Valley,Metropolitan France",France,RM,CP,N,bovine,CP - Cutting Plant,,
17.241.001,SOC EXPLOIT CENTRE ABATTAGE MONTGUYON,2 RUE DE L ABATTOIR,Montguyon,17270,"Charente-Maritime,New Aquitaine,Metropolitan France",France,RM,SH,Y,bovine caprine ovine equine porcine,SH - Slaughterhouse,,
2B.033.132,SOC EXPLOIT ETS CASTELLI FRERES,RTE DU FRONT DE MER,Bastia,20600,"Haute-Corse,Corsica,Metropolitan France",France,RM,CP,N,bovine caprine ovine porcine,CP - Cutting Plant,,
33.167.002,SOC GIRONDINE VIANDES GROS,2 AV DES MONDAULTS,Floirac,33270,"Gironde,New Aquitaine,Metropolitan France",France,RM,CP,N,bovine caprine ovine porcine,CP - Cutting Plant,,
35.251.002,SOC INTERCOMMUNALE D ABATTAGE,RUE CHASNE DE LA HEMETIERE,Saint-Aubin-d'Aubigné,35250,,France,RM,SH,Y,bovine caprine ovine equine porcine,"Ille-et-Vilaine,Brittany,Metropolitan France | SH - Slaughterhouse",,
94.065.032,SOC JAUNO ET CIE,5 RUE DE L AUBRAC MIN,Rungis,94150,,France,RM,CP,N,porcine,"Val-de-Marne,Ile-de-France,Metropolitan France | CP - Cutting Plant",,
40.119.004,SOC MICHEL LABARTHE,4 RUE DU DOCTEUR LARQUIER,Hagetmau,40700,"Landes,New Aquitaine,Metropolitan France",France,RM,CP,N,bovine caprine ovine porcine,CP - Cutting Plant,,
75.110.005,SOC ROBERT ET RENE,13 RUE DU FBG DU TEMPLE,10th Arrondissement,75010,"Paris,Ile-de-France,Metropolitan France",France,RM,CP,N,bovine caprine ovine porcine,CP - Cutting Plant,,
59.606.006,SOC SOURDEAU VIANDES,COMPLEXE ALIMENTAIRE RUE DU VIEIL ESCAUT COMPLEXE ALIMENTAIRE,Valenciennes,59300,"Nord,Nord-Pas-de-Calais and Picardy,Metropolitan France",France,RM,CP,N,bovine caprine ovine porcine,CP - Cutting Plant,,
17.434.001,SOC SURGERIENNE D'ABATTAGE,ZI OUEST AV FRANCOIS MITTERRAND ZI OUEST,Surgères,17700,"Charente-Maritime,New Aquitaine,Metropolitan France",France,RM,SH,Y,bovine caprine ovine equine,SH - Slaughterhouse,,
81.124.001,SOC TUELACAU SOC EXPL ABATTOIR,RTE DE MURAT SUR VERE ABATTOIR,Lacaune,81230,"Tarn,Occitania,Metropolitan France",France,RM,SH,Y,porcine,SH - Slaughterhouse,,
44.036.001,SOC VIOL FRERES,AV QUENTIN MIGLIORETTI,Châteaubriant,44110,"Loire-Atlantique,Pays de la Loire,Metropolitan France",France,RM,SH CP,Y,bovine caprine ovine,SH - Slaughterhouse | CP - Cutting Plant,,
41.267.001,SOCIETE A RESPONSABILITE LIMITEE TURBEAUX,LES MONNAIES,Vallières-les-Grandes,41400,,France,RM,CP,N,bovine caprine ovine,"Loir-et-Cher,Centre-Loire Valley,Metropolitan France | CP - Cutting Plant",,
59.457.001,SOCIETE ALFRED LEMAIRE,383 RUE DE LA PREVOTE,Pérenchies,59840,"Nord,Nord-Pas-de-Calais and Picardy,Metropolitan France",France,RM,CP,N,bovine caprine ovine equine porcine,CP - Cutting Plant,,
05.023.017,SOCIETE ALPINE DE BOUCHERIE CHARCUTERIE,SAB 17 RUE DES LAMPIERS CENTRE COMMERCIAL SUD,Briançon,05100,"Hautes-Alpes,Provence-Alpes-Côte d'Azur,Metropolitan France",France,RM,CP,N,bovine caprine ovine porcine,CP - Cutting Plant,,
87.168.001,SOCIETE ANDRIEUX,LE BOURG,Saint-Mathieu,87440,"Haute-Vienne,New Aquitaine,Metropolitan France",France,RM,CP,N,porcine,CP - Cutting Plant,,
10.297.002,SOCIETE ANONYME COOPERATIVE D'INTERET COLLECTIF AGRICOLE DE L'ABATTOIR DE L'AUBE,4 LES TIRVERTS,Pont-Sainte-Marie,10150,"Aube,Grand Est,Metropolitan France",France,RM,CP SH,Y,bovine caprine ovine porcine,CP - Cutting Plant | SH - Slaughterhouse,,
59.009.002,SOCIETE ANONYME GERARD MEPLON,1 RUE DU GRAND RUAGE,Villeneuve-d'Ascq,59493,"Nord,Nord-Pas-de-Calais and Picardy,Metropolitan France",France,RM,CP,N,porcine,CP - Cutting Plant,,
974.07.003,SOCIETE ARMEMENT DES MASCAREIGNES,ZONE INDUSTRIELLE 1 2 RUE DE DJIBOUTI,Le Port,97420,"Réunion,Réunion,Réunion",France,RM,CP,N,porcine,CP - Cutting Plant,,
44.180.004,SOCIETE AUBRET,ZONE INDUSTRIELLE,Vallons-de-l'Erdre,44540,"Loire-Atlantique,Pays de la Loire,Metropolitan France",France,RM,CP,N,porcine,CP - Cutting Plant,,
33.036.002,SOCIETE BAZADAISE D'ABATTAGE,RTE DE GRIGNOLS,Bazas,33430,"Gironde,New Aquitaine,Metropolitan France",France,RM,SH,Y,bovine caprine ovine porcine,SH - Slaughterhouse,,
33.036.008,SOCIETE BAZADAISE DE DECOUPE,RTE DE GRIGNOLS,Bazas,33430,"Gironde,New Aquitaine,Metropolitan France",France,RM,CP,N,bovine caprine ovine porcine,CP - Cutting Plant,,
01.033.060,SOCIETE BELLEGARDIENNE D'ABATTAGE,6 RUE LOUIS ARMAND BELLEGARDE SUR VALSERINE ZI D'ARLOD,La commune de Valserhone,01200,"Ain,Auvergne-Rhône-Alpes,Metropolitan France",France,RM,SH,Y,bovine ovine porcine caprine equine,SH - Slaughterhouse,,
78.423.002,SOCIETE BERNARD,ZONE ACTIVITE DE MONTIGNY AV DES TROIS PEUPLES ZONE ACTIVITE DE MONTIGNY,Montigny-le-Bretonneux,78180,"Yvelines,Ile-de-France,Metropolitan France",France,RM,CP,N,porcine,CP - Cutting Plant,,
56.140.002,SOCIETE BERNARD,KERBETHUNE,Moréac,56500,"Morbihan,Brittany,Metropolitan France",France,RM,SH CP,Y,porcine,SH - Slaughterhouse | CP - Cutting Plant,,
56.140.006,SOCIETE BERNARD,ZA DU BARDERF,Moréac,56500,"Morbihan,Brittany,Metropolitan France",France,RM,CP,N,porcine,CP - Cutting Plant,,
35.238.112,SOCIETE BETAIL VIANDE,ZA AGRO ALIM RENNESVEZIN RUE CNL DUBO RUE DU COLONEL DUBOIS,Vezin-le-Coquet,35132,,France,RM,CP,N,bovine caprine ovine porcine,"Ille-et-Vilaine,Brittany,Metropolitan France | CP - Cutting Plant",,
22.259.003,SOCIETE BETAIL VIANDE,2 RUE SAINTE ANNE,Quévert,22100,"Côtes-d'Armor,Brittany,Metropolitan France",France,RM,CP,N,bovine porcine,CP - Cutting Plant,,
25.056.020,SOCIETE BISONTINE D ABATTAGE - SBA,27 RUE THOMAS EDISON ZONE INDUSTRIELLE DES TILLEROYES,Besançon,25000,"Doubs,Bourgogne-Franche-Comté,Metropolitan France",France,RM,SH,Y,bovine equine,SH - Slaughterhouse,,
29.020.001,SOCIETE BRIECOISE D'ABATTAGE,ZONE INDUSTRIELLE DE PAYS-BAS,Briec,29510,"Finistère,Brittany,Metropolitan France",France,RM,SH CP,Y,porcine,SH - Slaughterhouse | CP - Cutting Plant,,
81.033.020,SOCIETE CARMAUSINE D'ABATTAGE,44 AV D'ALBI BOIS REDON,Blaye-les-Mines,81400,"Tarn,Occitania,Metropolitan France",France,RM,CP,N,bovine caprine ovine equine,CP - Cutting Plant,,
81.060.001,SOCIETE CARMAUSINE D'ABATTAGE,ZA DE LA FAVERELLE CHE DE LA FAVARELLE ZA DE LA FAVERELLE,Carmaux,81400,"Tarn,Occitania,Metropolitan France",France,RM,SH,Y,bovine caprine ovine equine,SH - Slaughterhouse,,
2B.096.040,SOCIETE CHARCUTERIE SAN LORENZO - BOUCHERIE MORACCHINI ATELIER DE DECOUPE DU CORTENAIS,RESIDENCE BERTRAND PORETTE RESIDENCE BERTRAND,Corte,20250,"Haute-Corse,Corsica,Metropolitan France",France,RM,CP,N,bovine caprine ovine porcine,CP - Cutting Plant,,
30.263.001,SOCIETE CIGALOISE DE CHEVILLE,RTE D'ALES,Saint-Hippolyte-du-Fort,30170,"Gard,Occitania,Metropolitan France",France,RM,CP,N,bovine caprine ovine porcine,CP - Cutting Plant,,
86.286.007,SOCIETE CIVILE D'EXPLOITATION AGRICOLE DE SCEVOL,18 BONNEUIL,Verrue,86420,"Vienne,New Aquitaine,Metropolitan France",France,RM,CP,N,porcine,CP - Cutting Plant,,
14.629.004,SOCIETE COMMERCIALE DE NORMANDIE (SOCODN),ZONE ARTISANALE 18 LES BLANCHES LANDES ZONE ARTISANALE,Souleuvre-en-Bocage,14350,"Calvados,Normandy,Metropolitan France",France,RM,CP,N,bovine caprine ovine porcine,CP - Cutting Plant,,
59.252.100,SOCIETE COOPERATIVE AGRICOLE AU PANIER VERT,RUE DE MESSINES 3862 HAMEAU DE LA CROIX AU BOIS,Frelinghien,59236,"Nord,Nord-Pas-de-Calais and Picardy,Metropolitan France",France,RM,CP,N,bovine caprine ovine porcine,CP - Cutting Plant,,
14.437.012,SOCIETE COOPERATIVE ANONYME ARTISANALE D ACHAT EN COMMUN DES BOUCHERS ET CHARCUTIERS DU CALVADOS,ZAC EOLE 39 BOULEVARD DES NATIONS,Soliers,14540,"Calvados,Normandy,Metropolitan France",France,RM,CP,N,bovine caprine ovine porcine,CP - Cutting Plant,,
43.268.001,SOCIETE COOPERATIVE DES ABATTOIRS D'YSSINGEAUX ABATTOIRS SOCABY,RUE DU DOCTEUR PIPET,Yssingeaux,43200,"Haute-Loire,Auvergne-Rhône-Alpes,Metropolitan France",France,RM,CP,N,bovine caprine ovine equine porcine,CP - Cutting Plant,,
91.223.002,SOCIETE COURGEON,12 AV DE LA SABLIERE,Étampes,91150,"Essonne,Ile-de-France,Metropolitan France",France,RM,CP,N,porcine,CP - Cutting Plant,,
19.246.001,SOCIETE D'ABATTAGE DE BRIVE,LE RIEUX ZAC DE LA NAU,Saint-Viance,19240,"Corrèze,New Aquitaine,Metropolitan France",France,RM,CP SH,Y,bovine porcine,CP - Cutting Plant | SH - Slaughterhouse,,
2A.099.001,SOCIETE D'ABATTAGE DE CUZZA,LD STRITELLA,Cozzano,20148,"South Corsica,Corsica,Metropolitan France",France,RM,SH,Y,,SH - Slaughterhouse,,
79.080.005,SOCIETE D'ABATTAGE DE LA BRESSANDIERE PARTHENAY - SAB,LD LES BRANDES DE LA FOYE ZAC DE LA BRESSANDIERE LD LES BRANDES DE LA FOYE,Châtillon-sur-Thouet,79200,,France,RM,SH CP,Y,bovine,"Deux-Sèvres,New Aquitaine,Metropolitan France | SH - Slaughterhouse | CP - Cutting Plant",,
24.551.002,SOCIETE D'ABATTAGE DE THIVIERS,LD ENCLAIRVAL,Thiviers,24800,"Dordogne,New Aquitaine,Metropolitan France",France,RM,SH,Y,bovine caprine ovine porcine,SH - Slaughterhouse,,
62.364.002,SOCIETE D'ABATTAGE DES HAUTS PAYS,ZA DE LA PETITE DIMERIE RUE DU 11 NOVEMBRE,Fruges,62310,,France,RM,CP SH,Y,bovine equine,"Pas-de-Calais,Nord-Pas-de-Calais and Picardy,Metropolitan France | CP - Cutting Plant | SH - Slaughterhouse",,
70.311.003,SOCIETE D'ABATTAGE DES VOSGES SAONOISES,19 RUE ANATOLE FRANCE,Luxeuil-les-Bains,70300,"Haute-Saône,Bourgogne-Franche-Comté,Metropolitan France",France,RM,SH CP,Y,bovine caprine ovine equine porcine,SH - Slaughterhouse | CP - Cutting Plant,,
12.300.010,SOCIETE D'ECONOMIE MIXTE DE L'ABATTOIR DU VILLEFRANCHOIS,ZONE INDUSTRIELLE LA MADELEINE AV DU 8 MAI 1945 ZONE INDUSTRIELLE LA MADELEINE,Villefranche-de-Rouergue,12200,"Aveyron,Occitania,Metropolitan France",France,RM,SH,Y,bovine caprine ovine porcine,SH - Slaughterhouse,,
24.037.001,SOCIETE D'ECONOMIE MIXTE DES ABATTOIRS DE BERGERAC,RTE DE SAINTE ALVERE,Bergerac,24100,"Dordogne,New Aquitaine,Metropolitan France",France,RM,SH,Y,bovine caprine ovine equine porcine,SH - Slaughterhouse,,
68.063.041,SOCIETE D'EXPLOITATION DE L'ABATTOIR DE PROXIMITE DU HAUT-RHIN,ABATTOIR DEPARTEMENTAL RUE DU LAURIER ABATTOIR DEPARTEMENTAL,Cernay,68700,,France,RM,CP SH,Y,bovine caprine ovine equine porcine,"Haut-Rhin,Grand Est,Metropolitan France | CP - Cutting Plant | SH - Slaughterhouse",,
81.065.006,SOCIETE D'EXPLOITATION DE LA CHARCUTERIE ANTOINE,LE VERDIER DE SAINT PALAIS,Castres,81100,"Tarn,Occitania,Metropolitan France",France,RM,CP,N,bovine porcine,CP - Cutting Plant,,
07.010.001,SOCIETE D'EXPLOITATION DES ABATTOIRS D'ANNONAY,81 RTE DE LA ROCHE PEREANDRE,Annonay,07100,"Ardèche,Auvergne-Rhône-Alpes,Metropolitan France",France,RM,SH,Y,bovine caprine ovine equine porcine,SH - Slaughterhouse,,
24.167.002,SOCIETE D'EXPLOITATION DES ABATTOIRS D'EYMET EN PERIGORD,22 RUE DE GUYENNE,Eymet,24500,"Dordogne,New Aquitaine,Metropolitan France",France,RM,SH,Y,bovine caprine ovine porcine,SH - Slaughterhouse,,
19.121.004,SOCIETE D'EXPLOITATION DES ABATTOIRS DE LA VALEYNIE,LA VALEYNIE,Lubersac,19210,"Corrèze,New Aquitaine,Metropolitan France",France,RM,SH,Y,bovine caprine ovine,SH - Slaughterhouse,,
09.225.001,SOCIETE D'EXPLOITATION DES ABATTOIRS DE PAMIERS - SEAP,ZONE ARTISANALE DE PIC 46 AV DE LA RIJOLE,Pamiers,09100,"Ariège,Occitania,Metropolitan France",France,RM,SH,Y,bovine caprine ovine equine porcine,SH - Slaughterhouse,,
31.080.001,SOCIETE D'EXPLOITATION DES ABATTOIRS DU BOULONNAIS,RTE D'AUCH,Boulogne-sur-Gesse,31350,"Haute-Garonne,Occitania,Metropolitan France",France,RM,SH,Y,bovine caprine ovine porcine,SH - Slaughterhouse,,
49.099.204,SOCIETE DE COMMERCIALISATION DES VIANDES - S.C.V.,ZONE D ACTIVITES DU CORMIER 4 BD JACQUES CASSINI,Cholet,49300,"Maine-et-Loire,Pays de la Loire,Metropolitan France",France,RM,CP,N,bovine caprine ovine porcine,CP - Cutting Plant,,
73.231.003,SOCIETE DE L ABATTOIR DE MAURIENNE,ROUTE LES ILES,Saint-Étienne-de-Cuines,73130,"Savoy,Auvergne-Rhône-Alpes,Metropolitan France",France,RM,CP SH,Y,bovine caprine ovine equine,CP - Cutting Plant | SH - Slaughterhouse,,
21.154.006,SOCIETE DE L'ABATTOIR CHATILLONNAIS,17 AV NOEL NAVOIZAT,Châtillon-sur-Seine,21400,"Côte-d'Or,Bourgogne-Franche-Comté,Metropolitan France",France,RM,CP SH,Y,bovine caprine ovine porcine,CP - Cutting Plant | SH - Slaughterhouse,,
57.630.002,SOCIETE DE L'ABATTOIR DU PAYS DE SARREBOURG,ZONE INDUSTRIELLE RUE DE BELLEVUE ZONE INDUSTRIELLE,Sarrebourg,57400,"Moselle,Grand Est,Metropolitan France",France,RM,SH CP,Y,bovine caprine ovine porcine,SH - Slaughterhouse | CP - Cutting Plant,,
07.289.002,SOCIETE DE VIANDES ET DE SALAISONS,QUARTIER DU POISSON QUARTIER DU POISSON QUARTIER DU POISSON,Saint-Privat,07200,"Ardèche,Auvergne-Rhône-Alpes,Metropolitan France",France,RM,CP,N,bovine caprine ovine porcine,CP - Cutting Plant,,
57.672.004,SOCIETE DES BOUCHERIES MORIN,ZONE DU LINKLING 14 RUE DU MAILLET ZONE DU LINKLING,Thionville,57100,"Moselle,Grand Est,Metropolitan France",France,RM,CP,N,bovine caprine ovine porcine,CP - Cutting Plant,,
86.289.002,SOCIETE DES ELEVEURS DE MOUTONS POITOU-LIMOUSIN SODEM - DIDIER FENNETEAU,LE CERIOLET,Le Vigeant,86150,"Vienne,New Aquitaine,Metropolitan France",France,RM,CP SH,Y,caprine ovine,CP - Cutting Plant | SH - Slaughterhouse,,
976.11.004,SOCIETE DISTRIBUTION FRANCO MAHORAISE SAS,ZI KAWENI,Mamoudzou,97600,Mayotte,France,RM,CP,N,bovine caprine ovine porcine,CP - Cutting Plant,,
12.158.001,SOCIETE FONTALBAT-MAZARS,CARDAILLAC,Montsalès,12260,"Aveyron,Occitania,Metropolitan France",France,RM,CP,N,porcine,CP - Cutting Plant,,
42.094.001,SOCIETE FOREZIENNE D'ABATTAGE,58 RUE DE LA LOIRE,Feurs,42110,"Loire,Auvergne-Rhône-Alpes,Metropolitan France",France,RM,SH,Y,bovine,SH - Slaughterhouse,,
64.061.005,SOCIETE H. VIGNASSE ET G. DONNEY,BP 22 AV DE L'AULOUZE BP 22,Artix,64170,"Pyrénées-Atlantiques,New Aquitaine,Metropolitan France",France,RM,CP,N,bovine caprine ovine porcine,CP - Cutting Plant,,
94.065.479,SOCIETE HUGUENIN,BATIMENT EOG FLEURS 364 32 AV DE LA VILLETTE BAT EOG FLEURS 364,Chevilly-Larue,94550,,France,RM,CP,N,,"Val-de-Marne,Ile-de-France,Metropolitan France | CP - Cutting Plant",,
57.751.093,SOCIETE JEAN-CHARLES,PARC D ACTIVITES DE BERLANGE 2 RUE DE CHERRIERE PARC D'ACTIVITES DE BERLANGE,Woippy,57140,"Moselle,Grand Est,Metropolitan France",France,RM,CP,N,bovine caprine ovine porcine,CP - Cutting Plant,,
59.145.001,SOCIETE LESAGE & FILS,57 RUE DE LA MAIRIE,Chemy,,"Nord,Nord-Pas-de-Calais and Picardy,Metropolitan France",France,RM,CP,N,bovine caprine ovine equine porcine,CP - Cutting Plant,,
29.053.001,SOCIETE LUCIEN CORRE,RTE DE LANVOY,Le Faou,29590,"Finistère,Brittany,Metropolitan France",France,RM,SH,Y,bovine caprine ovine equine porcine,SH - Slaughterhouse,,
60.398.002,SOCIETE MANSART,6 RTE ROUTE DE MORANGLES,Le Mesnil-en-Thelle,60530,"Oise,Nord-Pas-de-Calais and Picardy,Metropolitan France",France,RM,CP,N,bovine caprine ovine porcine,CP - Cutting Plant,,
29.179.001,SOCIETE MORVAN VIANDES,8 RUE HELENE BOUCHER ZI ST ELOI MESCODEN,Ploudaniel,29260,"Finistère,Brittany,Metropolitan France",France,RM,CP,N,bovine,CP - Cutting Plant,,
27.656.001,SOCIETE NORMANDE DE VIANDES ET COURTAGE - SAS SNVC,LE BOURG,Toutainville,27500,"Eure,Normandy,Metropolitan France",France,RM,CP,N,bovine caprine ovine equine porcine,CP - Cutting Plant,,
19.005.004,SOCIETE NOUVELLE DES ETABLISSEMENTS JEAN MAZIERE,LE BOIS DU ROY,Allassac,19240,"Corrèze,New Aquitaine,Metropolitan France",France,RM,CP,N,porcine,CP - Cutting Plant,,
69.273.009,SOCIETE NOUVELLE GAST,12 RUE DU VERCORS,Corbas,69960,"Rhône,Departemental constituency of Rhône,Auvergne-Rhône-Alpes,Metropolitan France",France,RM,CP,N,porcine,CP - Cutting Plant,,
59.043.001,SOCIETE OVINE FLANDRES ARTOIS,105 RUE PHILIPPE VAN TIEGHEM,Bailleul,59270,"Nord,Nord-Pas-de-Calais and Picardy,Metropolitan France",France,RM,SH,Y,caprine ovine,SH - Slaughterhouse,,
15.054.003,SOCIETE PALLUT,CAILLOGUE,Condat,15190,"Cantal,Auvergne-Rhône-Alpes,Metropolitan France",France,RM,CP,N,porcine,CP - Cutting Plant,,
24.053.004,SOCIETE PERIGOURDINE DE SALAISONS,CENTRE COMMERCIAL ALL JACQUES DUCLOS CENTRE COMMERCIAL,Boulazac Isle Manoire,24750,"Dordogne,New Aquitaine,Metropolitan France",France,RM,CP,N,bovine porcine,CP - Cutting Plant,,
94.065.309,SOCIETE PIERRE ARCHENAULT,BATIMENT E 6B PLA 417 2 RUE DE ROUEN BATIMENT E.6B PLA 417,Rungis,94150,,France,RM,CP,N,bovine caprine ovine porcine,"Val-de-Marne,Ile-de-France,Metropolitan France | CP - Cutting Plant",,
93.072.001,SOCIETE PINEL,26 RUE GEORGES BAUCE,Stains,93240,"Seine-Saint-Denis,Ile-de-France,Metropolitan France",France,RM,CP,N,bovine caprine ovine porcine,CP - Cutting Plant,,
12.241.002,SOCIETE PORC MONTAGNE,54 ALLEE DURAND DE GROS PARC D'ACTIVITES D'ARSAC,Sainte-Radegonde,12850,"Aveyron,Occitania,Metropolitan France",France,RM,CP SH,Y,porcine,CP - Cutting Plant | SH - Slaughterhouse,,
21.295.001,SOCIETE ROUX ET COMPAGNIE,12 RUE DES ARTISANS,Gevrey-Chambertin,21220,"Côte-d'Or,Bourgogne-Franche-Comté,Metropolitan France",France,RM,CP,N,bovine caprine ovine porcine,CP - Cutting Plant,,
17.409.001,SOCIETE ROYANNAISE DE VIANDES ET SALAISONS,ZAC LA QUEUE DE L'ANE,Saint-Sulpice-de-Royan,17200,"Charente-Maritime,New Aquitaine,Metropolitan France",France,RM,CP,N,bovine caprine ovine porcine,CP - Cutting Plant,,
16.374.064,SOCIETE RUELLOISE DES VIANDES,LA CROIX BLANCHE,Soyaux,16800,"Charente,New Aquitaine,Metropolitan France",France,RM,CP,N,bovine caprine ovine porcine,CP - Cutting Plant,,
82 124 002,SOCIETE SAZY,2224 Route de Castelsarrasin,Montbeton,82290,,France,RM,CP,N,bovine ovine,"Tarn-et-Garonne,Occitania,Metropolitan France | CP - Cutting Plant",,
03.094.001,SOCIETE VICHYSSOISE D'ABATTAGE,ZI Vichy Rhue,Creuzier-le-Vieux,03300,"Allier,Auvergne-Rhône-Alpes,Metropolitan France",France,RM,SH,Y,bovine caprine ovine equine porcine,SH - Slaughterhouse,,
35.360.011,SOCIETE VITREENNE D'ABATTAGE,ZONE ARTISANALE DE LA BRIQUETERIE ALLE JOSEPH CUGNOT,Vitré,35500,,France,RM,CP,N,bovine caprine ovine porcine,"Ille-et-Vilaine,Brittany,Metropolitan France | CP - Cutting Plant",,
22.371.001,SOCIETE VITREENNE D'ABATTAGE,ZA LES GABORIAUX,Trémorel,22230,"Côtes-d'Armor,Brittany,Metropolitan France",France,RM,CP SH,Y,bovine caprine ovine,CP - Cutting Plant | SH - Slaughterhouse,,
35.360.005,SOCIETE VITREENNE D'ABATTAGE,RUE VICTOR BALTARD,Vitré,35500,,France,RM,CP SH,Y,bovine caprine ovine equine,"Ille-et-Vilaine,Brittany,Metropolitan France | CP - Cutting Plant | SH - Slaughterhouse",,
86.158.001,SOCIETE VUZE ET FILS,24 RUE ALBERT EINSTEIN,Migné-Auxances,86440,"Vienne,New Aquitaine,Metropolitan France",France,RM,CP,N,bovine,CP - Cutting Plant,,
53.097.001,SOCOPA VIANDES,700 RUE DE LA CROUSILLE,Évron,53600,"Mayenne,Pays de la Loire,Metropolitan France",France,RM,SH CP,Y,porcine,SH - Slaughterhouse | CP - Cutting Plant,,
67.212.002,SOCOPA VIANDES,1 RUE JOSEPH GRAFF,Holtzheim,67810,,France,RM,CP SH,Y,bovine caprine ovine porcine,"Bas-Rhin,Grand Est,Metropolitan France | CP - Cutting Plant | SH - Slaughterhouse",,
84.054.001,SOCOPA VIANDES,ZI LA PETITE MARINE,L'Isle-sur-la-Sorgue,84800,"Vaucluse,Provence-Alpes-Côte d'Azur,Metropolitan France",France,RM,CP,N,bovine caprine ovine porcine,CP - Cutting Plant,,
27.428.001,SOCOPA VIANDES,COURS SAINT PAUL,Le Neubourg,27110,"Eure,Normandy,Metropolitan France",France,RM,CP SH,Y,bovine caprine ovine porcine,CP - Cutting Plant | SH - Slaughterhouse,,
29.027.001,SOCOPA VIANDES,ZI,Châteauneuf-du-Faou,29520,"Finistère,Brittany,Metropolitan France",France,RM,CP SH,Y,porcine,CP - Cutting Plant | SH - Slaughterhouse,,
85.191.004,SOCOPA VIANDES,ZONE ARTISANALE LES AJONCS ROUTE DE CHOLET,La Roche-sur-Yon,85000,"Vendée,Pays de la Loire,Metropolitan France",France,RM,CP SH,Y,bovine porcine,CP - Cutting Plant | SH - Slaughterhouse,,
61.138.001,SOCOPA VIANDES,BEAUMONT LES ABATTOIRS,Croisilles,61230,"Orne,Normandy,Metropolitan France",France,RM,CP SH,Y,bovine,CP - Cutting Plant | SH - Slaughterhouse,,
50.147.002,SOCOPA VIANDES,RUE DU BOCAGE,Coutances,50200,"Manche,Normandy,Metropolitan France",France,RM,CP SH,Y,bovine,CP - Cutting Plant | SH - Slaughterhouse,,
03.315.001,SOCOPA VIANDES,RTE DE CROSNE,Villefranche-d'Allier,03430,"Allier,Auvergne-Rhône-Alpes,Metropolitan France",France,RM,SH CP,Y,bovine,SH - Slaughterhouse | CP - Cutting Plant,,
22.067.001,SOCOPA VIANDES,ZONE INDUSTRIELLE,Grâces,22200,"Côtes-d'Armor,Brittany,Metropolitan France",France,RM,CP SH,Y,bovine,CP - Cutting Plant | SH - Slaughterhouse,,
72.080.002,SOCOPA VIANDES,3613 rte du Mans Les Bordes Cherré,Cherreau,72400,"Sarthe,Pays de la Loire,Metropolitan France",France,RM,SH CP,Y,bovine caprine ovine porcine,SH - Slaughterhouse | CP - Cutting Plant,,
57.463.008,SODABO,NOUVEAU PORT DE METZ RUE DU TROU AUX SERPENTS NOUVEAU PORT DE METZ,Metz,57046,"Moselle,Grand Est,Metropolitan France",France,RM,CP,N,bovine,CP - Cutting Plant,,
09.225.194,SODEC 09,ZONE ARTISANALE DU PIC 46 AV DE LA RIJOLE,Pamiers,09100,"Ariège,Occitania,Metropolitan France",France,RM,CP,N,bovine,CP - Cutting Plant,,
971.03.064,SODIAL BOUCHERIE,ZONE INDUSTRIELLE DE JARRY IMP ANDRE AMPERE CHEZ SODIAL NOUY ZI DE JARRY,Petit-Bourg,97122,"Guadeloupe,Guadeloupe,Guadeloupe",France,RM,CP,N,bovine caprine ovine porcine,CP - Cutting Plant,,
16.015.015,SODIPORC,ZONE INDUSTRIELLE DE GRELET RUE LOUIS PERGAUD ZI DE GRELET,Angoulême,16000,"Charente,New Aquitaine,Metropolitan France",France,RM,CP,N,porcine,CP - Cutting Plant,,
31.992.690,SODIREX,MIN 146 AV DES ETATS UNIS MIN,Toulouse,31200,"Haute-Garonne,Occitania,Metropolitan France",France,RM,CP,N,caprine ovine porcine,CP - Cutting Plant,,
94.065.520,SODIVILLETTE,5 RUE DE L AUBRAC MIN,Rungis,94150,,France,RM,CP,N,bovine caprine ovine porcine,"Val-de-Marne,Ile-de-France,Metropolitan France | CP - Cutting Plant",,
972.13.019,SOFRIMA DISTRIBUTION,CHEZ SOFRIMA ZI LA LEZARDE,Le Lamentin,97232,"Martinique,Martinique,Martinique",France,RM,CP,N,bovine caprine ovine porcine,CP - Cutting Plant,,
19.010.005,SOL,L'HOSPITAL,Argentat-sur-Dordogne,19400,"Corrèze,New Aquitaine,Metropolitan France",France,RM,SH,Y,bovine,SH - Slaughterhouse,,
31.416.013,SOLDA DIDIER,LE VILLAGE,Peyssies,31390,"Haute-Garonne,Occitania,Metropolitan France",France,RM,CP,N,bovine caprine ovine porcine,CP - Cutting Plant,,
41.018.001,SOLOGNE-FRAIS,64 RUE ANDRE BOULLE,Blois,41000,,France,RM,CP,N,bovine caprine ovine porcine,"Loir-et-Cher,Centre-Loire Valley,Metropolitan France | CP - Cutting Plant",,
87.014.002,SOMAFER,ABATTOIRS LA CROIX DU BREUIL ABATTOIRS,Bessines-sur-Gartempe,87250,"Haute-Vienne,New Aquitaine,Metropolitan France",France,RM,SH CP,Y,bovine ovine,SH - Slaughterhouse | CP - Cutting Plant,,
67.180.014,SOMER,12 RUE ETTORE BUGATTI,Haguenau,67240,,France,RM,CP,N,bovine,"Bas-Rhin,Grand Est,Metropolitan France | CP - Cutting Plant",,
53.039.001,SORIN CAMILLE,LES BESLONNIERES,Le Bourgneuf-la-Forêt,53410,"Mayenne,Pays de la Loire,Metropolitan France",France,RM,CP,N,bovine porcine,CP - Cutting Plant,,
45.266.001,SOUBIEUX Jacques et Fils,rue du Moulin,Ruan,45410,"Loiret,Centre-Loire Valley,Metropolitan France",France,RM,SH,Y,,SH - Slaughterhouse,,
48.104.001,SOUCHON,RTE DE MARVEJOLS,Nasbinals,48260,"Lozère,Occitania,Metropolitan France",France,RM,CP,N,,CP - Cutting Plant,,
71.275.001,SOUFFERANT VIANDES,Z I DE SAINT NIZIER,Marcigny,71110,"Saône-et-Loire,Bourgogne-Franche-Comté,Metropolitan France",France,RM,CP,N,bovine caprine ovine porcine,CP - Cutting Plant,,
94.065.228,SOVIA RUNGIS SAS,VIANDE 508 2 RUE DE L AUBRAC MIN VIANDE 508,Rungis,94150,,France,RM,CP,N,bovine caprine ovine porcine,"Val-de-Marne,Ile-de-France,Metropolitan France | CP - Cutting Plant",,
77.284.018,SOVIAM,12 RUE DU VIDE ARPENTS ABATTOIR MUNICIPAL LA BAUV,Meaux,77100,"Seine-et-Marne,Ile-de-France,Metropolitan France",France,RM,CP,N,bovine caprine ovine,CP - Cutting Plant,,
79.329.001,SOVILEG,119 RUE CAMILLE PELLETAN,Thouars,79100,,France,RM,SH,Y,caprine ovine,"Deux-Sèvres,New Aquitaine,Metropolitan France | SH - Slaughterhouse",,
81.284.014,SOVIT,ZAC DE LA BAUTE LD LE GRAVIER ZAC DE LA BAUTE,Le Sequestre,81990,"Tarn,Occitania,Metropolitan France",France,RM,CP,N,bovine caprine ovine porcine,CP - Cutting Plant,,
31.091.010,SOVIVO,131 AV CHARLES DE BERGERON,Bruguières,31150,"Haute-Garonne,Occitania,Metropolitan France",France,RM,CP,N,bovine caprine ovine porcine,CP - Cutting Plant,,
52.386.002,STAR VIANDE,RUE DE L'EUROPE,Perthes,52100,"Haute-Marne,Grand Est,Metropolitan France",France,RM,CP,N,porcine,CP - Cutting Plant,,
22.389.003,STB - L'ATELIER TRAITEUR,ZA DU MOULIN A VENT,Yffiniac,22120,"Côtes-d'Armor,Brittany,Metropolitan France",France,RM,CP,N,,CP - Cutting Plant,,
43.154.004,STE D EXPL VIANDE ABAT CONSERV,RTE DU PUY FONTMAURE,Pradelles,43420,"Haute-Loire,Auvergne-Rhône-Alpes,Metropolitan France",France,RM,CP,N,bovine caprine ovine porcine,CP - Cutting Plant,,
69.234.009,STE EXPLOIT COOP ABATT TARARE,ABATTOIR RHONE OUEST ZA LA POSTE ABATTOIR RHONE OUEST,Saint-Romain-de-Popey,69490,"Rhône,Departemental constituency of Rhône,Auvergne-Rhône-Alpes,Metropolitan France",France,RM,SH,Y,bovine caprine ovine equine porcine,SH - Slaughterhouse,,
80.364.001,STE GUY LAGACHE,42 RUE DU ONZE NOVEMBRE,Friaucourt,80460,"Somme,Nord-Pas-de-Calais and Picardy,Metropolitan France",France,RM,CP,N,bovine porcine,CP - Cutting Plant,,
80.779.001,STE GUY LAGACHE - L'ATELIER DE MAURICE,ZONE INDUSTRIELLE D ABBEVILLE 33 RUE VENTOSE,Vauchelles-les-Quesnoy,80132,"Somme,Nord-Pas-de-Calais and Picardy,Metropolitan France",France,RM,CP,N,,CP - Cutting Plant,,
29.004.022,STERGOZ,RTE DE PONT AVEN,Bannalec,29340,"Finistère,Brittany,Metropolitan France",France,RM,CP,N,porcine,CP - Cutting Plant,,
67.348.002,STOEFFLER,ZONE INDUSTRIELLE BD D EUROPE ZONE INDUSTRIELLE,Obernai,67210,,France,RM,CP,N,bovine porcine,"Bas-Rhin,Grand Est,Metropolitan France | CP - Cutting Plant",,
94.065.505,SUD OUEST ABATS,44/46 Rue des Prouvaires,Rungis,94150,,France,RM,CP,N,,"Val-de-Marne,Ile-de-France,Metropolitan France | CP - Cutting Plant",,
31.182.054,SUD VIANDES DISTRIBUTION,5 RUE DU TERROIR,Fenouillet,31150,"Haute-Garonne,Occitania,Metropolitan France",France,RM,CP,N,bovine caprine ovine,CP - Cutting Plant,,
06.079.110,SUP VIANDES,ZI LES TOURRADES ALL DIEUDONNE COSTES BATIMENT D NORD,Mandelieu-la-Napoule,06210,"Maritime Alps,Provence-Alpes-Côte d'Azur,Metropolitan France",France,RM,CP,N,bovine caprine ovine porcine,CP - Cutting Plant,,
38.530.009,SUPERETTE DE L'OISELET,ILOT DES SABLES 679 RUE LE CHATELIER,Vaulx-Milieu,38090,"Isère,Auvergne-Rhône-Alpes,Metropolitan France",France,RM,CP,N,,CP - Cutting Plant,,
28.281.004,SUPERGEL 28,RTE D'ILLIERS,Nogent-sur-Eure,28120,,France,RM,CP,N,bovine caprine ovine porcine,"Eure-et-Loir,Centre-Loire Valley,Metropolitan France | CP - Cutting Plant",,
35.037.040,SUPERHALLES BRETAGNE,ZONE ARTISANALE DU HINDRE III 11 RUE DE LA CROIX DE HINDRE,Bréal-sous-Montfort,35310,,France,RM,CP,N,bovine caprine ovine porcine,"Ille-et-Vilaine,Brittany,Metropolitan France | CP - Cutting Plant",,
974.08.004,SURGELES OUTREMER. PRODUCTION ET MARCHANDISES ALIMENTAIRES OCEAN INDIEN - SOPEMA O.I.,ZAC BALTHAZAR 1 RUE MAHATMA GANDHI,La Possession,97419,"Réunion,Réunion,Réunion",France,RM,CP,N,bovine caprine ovine porcine,CP - Cutting Plant,,
58.149.001,SYND INTERCOM ABATTOIR DU SUD MORVAN,RUE DU PONT,Luzy,58170,"Nièvre,Bourgogne-Franche-Comté,Metropolitan France",France,RM,CP SH,Y,bovine caprine ovine equine porcine,CP - Cutting Plant | SH - Slaughterhouse,,
2B.169.002,SYNDICAT MIXTE DE L'ABATTAGE EN CORSE - ABATTOIR DE PONTE LECCIA,PONTE LECCIA,Morosaglia,20218,"Haute-Corse,Corsica,Metropolitan France",France,RM,SH,Y,bovine caprine ovine porcine,SH - Slaughterhouse,,
2A.247.001,SYNDICAT MIXTE DE L'ABATTAGE EN CORSE - ABATTOIR DE PORTO VECCHIO,LD MURTONE,Porto-Vecchio,20137,"South Corsica,Corsica,Metropolitan France",France,RM,SH,Y,bovine,SH - Slaughterhouse,,
06.099.001,SYNDICAT MIXTE DE L'ABATTOIR DU MERCANTOUR,RN 202,Puget-Théniers,06260,"Maritime Alps,Provence-Alpes-Côte d'Azur,Metropolitan France",France,RM,SH,Y,bovine caprine ovine porcine,SH - Slaughterhouse,,
72.189.002,Sarl La Forge,La forge,Marolles-les-Braults,72260,"Sarthe,Pays de la Loire,Metropolitan France",France,RM,CP,N,bovine porcine,CP - Cutting Plant,,
13.214.014,Sir Viande,4 Bd de la Bougie,Marseille 14e Arrondissement,13014,"Bouches-du-Rhône,Provence-Alpes-Côte d'Azur,Metropolitan France",France,RM,CP,N,bovine caprine ovine,CP - Cutting Plant,,
13.117.003,Soc loquesienne de charcuterie,Zone industrielle des Estroublans 38 Bd de l'Europe ZI des Estroublans,Vitrolles,13127,"Bouches-du-Rhône,Provence-Alpes-Côte d'Azur,Metropolitan France",France,RM,CP,N,porcine,CP - Cutting Plant,,
83.144.003,T.S.A. VIANDES - TSA VIANDES,ROND POINT DE LA BIGUE N 97 TOULON A NICE ROND POINT DE LA BIGUE,La Valette-du-Var,83160,"Var,Provence-Alpes-Côte d'Azur,Metropolitan France",France,RM,CP,N,bovine caprine ovine porcine,CP - Cutting Plant,,
64.191.003,TAILLEFER JEAN,ZAC MONTPLAISIR,Coarraze,64800,"Pyrénées-Atlantiques,New Aquitaine,Metropolitan France",France,RM,CP,N,bovine caprine ovine porcine,CP - Cutting Plant,,
94.081.019,TANG FRERES,NUM VOIE 153 A 163 BD DE STALINGRAD,Vitry-sur-Seine,94400,,France,RM,CP,N,bovine caprine ovine porcine,"Val-de-Marne,Ile-de-France,Metropolitan France | CP - Cutting Plant",,
73.054.475,TARENTAISE DES VIANDES,470 VLGE ARTISANAL COLOMBIERES,Bourg-Saint-Maurice,73700,"Savoy,Auvergne-Rhône-Alpes,Metropolitan France",France,RM,CP,N,bovine caprine ovine porcine,CP - Cutting Plant,,
12.164.032,TARIF DISTRIBUTION,62 AV DU CARDINAL VERDIER,Taussac,12600,"Aveyron,Occitania,Metropolitan France",France,RM,CP,N,bovine caprine ovine porcine,CP - Cutting Plant,,
81.004.005,TARN VIANDES,NÂ°2 & 4 6 RUE HIPPOLYTE CROZES NÂ°2 & 4,Albi,81000,"Tarn,Occitania,Metropolitan France",France,RM,CP,N,bovine caprine ovine porcine,CP - Cutting Plant,,
44.138.002,TEBA 44,"ZA de l'Oseraye, 6 Allée du Saint Flour",Puceul,44390,"Loire-Atlantique,Pays de la Loire,Metropolitan France",France,RM,CP,N,,CP - Cutting Plant,,
50.298.003,TEBA BAIE DU COTENTIN,RTE AMERICAINE,Méautis,50500,"Manche,Normandy,Metropolitan France",France,RM,SH,Y,caprine ovine porcine equine bovine,SH - Slaughterhouse,,
53.185.004,TEBA PAIL,ZA DES AVALOIRS PRE-EN-PAIL,Pré-en-Pail-Saint-Samson,53140,"Mayenne,Pays de la Loire,Metropolitan France",France,RM,SH CP,Y,bovine caprine ovine porcine,SH - Slaughterhouse | CP - Cutting Plant,,
35.068.002,TENDRIADE - TENDRIADE CHATEAUBOURG,22 A RUE JOLIOT CURIE,Châteaubourg,35220,,France,RM,SH CP,Y,bovine,"Ille-et-Vilaine,Brittany,Metropolitan France | SH - Slaughterhouse | CP - Cutting Plant",,
26.337.021,TENDRIADE SAULCE,LES REYS DE SAULCE Z.I.,Saulce-sur-Rhône,26270,"Drôme,Auvergne-Rhône-Alpes,Metropolitan France",France,RM,CP,N,bovine,CP - Cutting Plant,,
56.020.001,TERRE DES DELICES,ZA DE BEL ORIENT,Bohal,56140,"Morbihan,Brittany,Metropolitan France",France,RM,CP,N,,CP - Cutting Plant,,
40.090.005,TERRES D ADOUR,305 RTE DE CASTELNAU,Donzacq,40360,"Landes,New Aquitaine,Metropolitan France",France,RM,CP,N,bovine,CP - Cutting Plant,,
971.05.003,TERROIR GOURMAND,DISTILLERIE DESMARAIS,Basse-Terre,97100,"Guadeloupe,Guadeloupe,Guadeloupe",France,RM,CP,N,caprine ovine porcine bovine,CP - Cutting Plant,,
77.400.002,TG VIANDES,5 RUE DE SAINTE AUBIERGE,Saint-Augustin,77515,"Seine-et-Marne,Ile-de-France,Metropolitan France",France,RM,CP,N,bovine caprine ovine porcine,CP - Cutting Plant,,
03.256.001,THEVENET BENOIT - LA FERME A CROUTET,LD CROUTET,Saint-Priest-en-Murat,03390,"Allier,Auvergne-Rhône-Alpes,Metropolitan France",France,RM,CP,N,bovine caprine ovine porcine,CP - Cutting Plant,,
38.181.002,THEYS SALAISONS,ZI DE GONCELIN,Theys,38570,"Isère,Auvergne-Rhône-Alpes,Metropolitan France",France,RM,CP,N,,CP - Cutting Plant,,
43.040.007,TINEL,ZONE INDUSTRIELLE CHEMIN DE CHOMAGET 10 RUE DE CHOMAGET ZI CHEMIN DE CHOMAGET,Brioude,43100,"Haute-Loire,Auvergne-Rhône-Alpes,Metropolitan France",France,RM,CP,N,bovine caprine ovine porcine,CP - Cutting Plant,,
2A.103.001,TORRE FELIX,LD A FUNTANEDDA,Cuttoli-Corticchiato,20167,"South Corsica,Corsica,Metropolitan France",France,RM,CP,N,,CP - Cutting Plant,,
43.228.001,TORRILHON DANIEL - SALAISON TORRILHON,CHEYRAC,Saint-Victor-sur-Arlanc,43500,"Haute-Loire,Auvergne-Rhône-Alpes,Metropolitan France",France,RM,CP,N,porcine,CP - Cutting Plant,,
31.420.001,TOULZE VENTE DIRECTE,LD LES MOLLES,Pinsaguel,31120,"Haute-Garonne,Occitania,Metropolitan France",France,RM,CP,N,bovine caprine ovine porcine,CP - Cutting Plant,,
24.218.002,TOUZIN SEBASTIEN,LD LE MAS LABORIE,Jumilhac-le-Grand,24630,"Dordogne,New Aquitaine,Metropolitan France",France,RM,CP,N,bovine porcine,CP - Cutting Plant,,
14.410.001,TRADI'DECOUPE,ZA DU LION D'OR,Méry-Bissières-en-Auge,14370,"Calvados,Normandy,Metropolitan France",France,RM,CP,N,bovine caprine ovine porcine,CP - Cutting Plant,,
33.550.010,TRADITION & TERROIR DU SUD OUEST,9 CHE TOUTON,Villenave-d'Ornon,33140,"Gironde,New Aquitaine,Metropolitan France",France,RM,CP,N,bovine caprine ovine porcine,CP - Cutting Plant,,
85.026.004,TRADITION DE VENDEE,ZONE ARTISANALE,La Boissière-des-Landes,85430,"Vendée,Pays de la Loire,Metropolitan France",France,RM,CP,N,porcine,CP - Cutting Plant,,
50.391.004,TRADITION ET BIO ASSOCIES,43 RUE DE LA VIEILLE RIVIERE ABATTOIR ST H DU HARCOUET,Grandparigny,50600,"Manche,Normandy,Metropolitan France",France,RM,CP,N,bovine caprine ovine equine porcine,CP - Cutting Plant,,
80.021.001,TRADITION FRAIS - CENTRALE FRAIS,51 RUE SULLY,Amiens,80000,"Somme,Nord-Pas-de-Calais and Picardy,Metropolitan France",France,RM,CP,N,bovine caprine ovine porcine,CP - Cutting Plant,,
24.053.002,TRADITIONS CHARCUTIERES BIO,ZONE INDUSTRIELLE DE BOULAZAC AV BENOIT FRACHON ZI DE BOULAZAC,Boulazac Isle Manoire,24750,"Dordogne,New Aquitaine,Metropolitan France",France,RM,CP,N,,CP - Cutting Plant,,
43.007.002,TRADITIONS FERMIERES,ZA LES VESTIAS,Araules,43200,"Haute-Loire,Auvergne-Rhône-Alpes,Metropolitan France",France,RM,CP,N,porcine,CP - Cutting Plant,,
03.138.017,TRADIVAL,ROUTE DE JALIGNY RTE DE JALIGNY ZI DE LUBILLE,Lapalisse,03120,"Allier,Auvergne-Rhône-Alpes,Metropolitan France",France,RM,SH CP,Y,porcine,SH - Slaughterhouse | CP - Cutting Plant,,
42.305.004,TRADIVAL,190 ALL DE L INDUSTRIE POLE DE LA VIANDE,La Talaudière,42350,"Loire,Auvergne-Rhône-Alpes,Metropolitan France",France,RM,CP,N,bovine porcine,CP - Cutting Plant,,
89.257.007,TRADIVAL,1 RUE JULES RIMET,Migennes,89400,"Yonne,Bourgogne-Franche-Comté,Metropolitan France",France,RM,SH CP,Y,bovine caprine ovine,SH - Slaughterhouse | CP - Cutting Plant,,
45.147.004,TRADIVAL,45 RUE DE CUREMBOURG,Fleury-les-Aubrais,45400,"Loiret,Centre-Loire Valley,Metropolitan France",France,RM,CP SH,Y,porcine,CP - Cutting Plant | SH - Slaughterhouse,,
42.187.001,TRADIVAL,197 RTE DE CHARLIEU,Roanne,42300,"Loire,Auvergne-Rhône-Alpes,Metropolitan France",France,RM,CP SH,Y,bovine,CP - Cutting Plant | SH - Slaughterhouse,,
42.304.006,TRADIVAL,CHE DE LA PRAIRIE,Sury-le-Comtal,42450,"Loire,Auvergne-Rhône-Alpes,Metropolitan France",France,RM,CP,N,bovine,CP - Cutting Plant,,
63.040.028,TRAITEUR PLASSE,ZONE INDUSTRIELLE AV DE LA REPUBLIQUE ZONE INDUSTRIELLE,Billom,63160,,France,RM,CP,N,bovine porcine,"Puy-de-Dôme,Auvergne-Rhône-Alpes,Metropolitan France | CP - Cutting Plant",,
66.091.003,TRAMUNTANA 66,CAN VILA,Lamanère,66230,"Pyrénées-Orientales,Occitania,Metropolitan France",France,RM,CP,N,bovine caprine ovine porcine,CP - Cutting Plant,,
92.023.004,TRIBOLET SAS,26 RUE DES CARNETS,Clamart,92140,"Hauts-de-Seine,Ile-de-France,Metropolitan France",France,RM,CP,N,bovine caprine ovine porcine,CP - Cutting Plant,,
68.376.005,TRIPERIE GOEPPER,2 RUE DU RIED,Wittenheim,68270,,France,RM,CP,N,bovine porcine,"Haut-Rhin,Grand Est,Metropolitan France | CP - Cutting Plant",,
67.309.001,TRIPERIES BOYAUDERIES REUNIES D'ALSACE,3 RUE DESAIX,Mundolsheim,67450,,France,RM,CP,N,bovine porcine,"Bas-Rhin,Grand Est,Metropolitan France | CP - Cutting Plant",,
61.214.001,TROIS D - LA HALLE O DELICES,ZI n°1- LA FREMONDIERE 6 RUE MARCEL LE BOURGEOIS,L'Aigle,61300,"Orne,Normandy,Metropolitan France",France,RM,CP,N,bovine caprine ovine porcine,CP - Cutting Plant,,
26.214.031,TROUPEOU,LES DEVES Les Chabas,Mornans,26460,"Drôme,Auvergne-Rhône-Alpes,Metropolitan France",France,RM,CP,N,bovine caprine ovine porcine,CP - Cutting Plant,,
974.16.058,TURPIN JOSEPH SARL,MONTVERT LES HAUTS 6 B CHE CYRIAQUE CADET MONTVERT LES HAUTS,Saint-Pierre,97410,"Réunion,Réunion,Réunion",France,RM,CP,N,porcine,CP - Cutting Plant,,
2B.134.001,U NEGOZIU,LDT PRUNU VILLA I LECCI RTE DE CORBARA LDT PRUNU VILLA I LECCI,L'Île-Rousse,20220,"Haute-Corse,Corsica,Metropolitan France",France,RM,CP,N,bovine caprine ovine,CP - Cutting Plant,,
57.240.463,UNION DES COMMUNAUTES DU MAGHREB EN FRANCE (UCMF),1 IMPASSE DES PINSONS,Freyming-Merlebach,57800,"Moselle,Grand Est,Metropolitan France",France,RM,SH,Y,ovine,SH - Slaughterhouse,,
81.124.010,UNITE VAL.ANIMAUX LOURDS TRUIES ELEV S.O - FRANVIAL,RTE DE MURAT ABATTOIR DE LACAUNE,Lacaune,81230,"Tarn,Occitania,Metropolitan France",France,RM,CP,N,porcine,CP - Cutting Plant,,
2A.276.028,VACHE TIGRE,FIL DI ROSA DI ROSA FIL DI ROSA,Serra-di-Ferro,20140,"South Corsica,Corsica,Metropolitan France",France,RM,SH CP,Y,bovine,SH - Slaughterhouse | CP - Cutting Plant,,
2A.189.001,VALINCO VIANDES,15 RTE DU COUVENT,Olmeto,20113,"South Corsica,Corsica,Metropolitan France",France,RM,CP,N,,CP - Cutting Plant,,
72.078.002,VALLEGRAIN ABATTOIR (ABATTOIR DE CHERANCE),33 rue 2ème DB,Chérancé,72170,"Sarthe,Pays de la Loire,Metropolitan France",France,RM,CP SH,Y,porcine,CP - Cutting Plant | SH - Slaughterhouse,,
28.280.001,VALLEGRAIN DISTRIBUTION,IMP DU CLOS BRISSAC,Nogent-le-Rotrou,28400,,France,RM,CP,N,porcine,"Eure-et-Loir,Centre-Loire Valley,Metropolitan France | CP - Cutting Plant",,
28.111.020,VALLEGRAIN DISTRIBUTION (SARL),Lieu-dit Moulin de la Bourdinière,Coudray-au-Perche,28330,,France,RM,CP,N,porcine,"Eure-et-Loir,Centre-Loire Valley,Metropolitan France | CP - Cutting Plant",,
54.431.034,VALMAU,1794 CHE DE MONTRICHARD,Pont-à-Mousson,54700,"Meurthe-et-Moselle,Grand Est,Metropolitan France",France,RM,CP,N,bovine caprine ovine porcine,CP - Cutting Plant,,
78.517.001,VALOR VIANDE ILE DE FRANCE,RUE JACQUELINE AURIOL,Gazeran,78125,"Yvelines,Ile-de-France,Metropolitan France",France,RM,CP,N,bovine caprine ovine porcine,CP - Cutting Plant,,
62.817.004,VANDEVILLE MICHEL,Z I ARRAS EST AV D IMMERCOURT,Tilloy-lès-Mofflaines,62217,,France,RM,CP,N,bovine caprine ovine porcine,"Pas-de-Calais,Nord-Pas-de-Calais and Picardy,Metropolitan France | CP - Cutting Plant",,
46.129.001,VEDRUNE M - VEDRUNE M,808 RTE DU PUY CLAVEL,Gréalou,46160,"Lot,Occitania,Metropolitan France",France,RM,CP,N,bovine ovine porcine,CP - Cutting Plant,,
57.232.014,VENAISON DE LA TENSCH,RTE DE LA TENSCH,Francaltroff,57670,"Moselle,Grand Est,Metropolitan France",France,RM,CP,N,bovine porcine,CP - Cutting Plant,,
69.273.007,VIABAT,19 RUE DU VERCORS,Corbas,69960,"Rhône,Departemental constituency of Rhône,Auvergne-Rhône-Alpes,Metropolitan France",France,RM,CP,N,bovine porcine,CP - Cutting Plant,,
88.148.014,VIALOR,300 RUE HAUT DES RANGS,Dommartin-lès-Remiremont,88200,"Vosges,Grand Est,Metropolitan France",France,RM,CP,N,bovine caprine ovine porcine,CP - Cutting Plant,,
68.135.013,VIANDE CASH,120 RUE SAINT LOUIS,Hésingue,68220,,France,RM,CP,N,bovine caprine ovine porcine,"Haut-Rhin,Grand Est,Metropolitan France | CP - Cutting Plant",,
39.210.004,VIANDE NATURE JURA,RTE DE PONTARLIER,Équevillon,39300,"Jura,Bourgogne-Franche-Comté,Metropolitan France",France,RM,SH,Y,bovine caprine ovine equine porcine,SH - Slaughterhouse,,
65.440.005,VIANDES DE BIGORRE,ZONE D'ACTIVITE BASTILLAC 6 CHEMIN BASTILLAC,Tarbes,65000,"Hautespyrenees,Occitania,Metropolitan France",France,RM,SH,Y,bovine equine porcine,SH - Slaughterhouse,,
01.053.024,VIANDES DE BRESSE,32 RUE FRANCOIS ARAGO,Bourg-en-Bresse,01000,"Ain,Auvergne-Rhône-Alpes,Metropolitan France",France,RM,CP,N,bovine caprine ovine equine,CP - Cutting Plant,,
77.343.001,VIANDES DE L'OISE,ZAC DES GRANDS CHAMPS RUE DE LA TETE A LOUP ZAC DES GRANDS CHAMPS,Ocquerre,77440,"Seine-et-Marne,Ile-de-France,Metropolitan France",France,RM,CP,N,bovine caprine ovine,CP - Cutting Plant,,
16.292.003,VIANDES DE LA MARCHE,RTE DE MONTJEAN LD LES ABATTOIRS BP54,Ruffec,16700,"Charente,New Aquitaine,Metropolitan France",France,RM,CP,N,bovine caprine ovine,CP - Cutting Plant,,
63.165.009,VIANDES DES COMBRAILLES,RTE DE ST AVIT,Giat,63620,,France,RM,CP,N,bovine caprine ovine porcine,"Puy-de-Dôme,Auvergne-Rhône-Alpes,Metropolitan France | CP - Cutting Plant",,
24.551.003,VIANDES DU PERIGORD-AVLP - VIANDES DE PERIGORD,LD ENCLAIRVAL,Thiviers,24800,"Dordogne,New Aquitaine,Metropolitan France",France,RM,CP,N,bovine porcine,CP - Cutting Plant,,
31.135.100,VIANDES DU SUD TOULOUSAIN,CHE DE L'OFFICIAOU,Cazères,31220,"Haute-Garonne,Occitania,Metropolitan France",France,RM,CP,N,bovine caprine ovine porcine,CP - Cutting Plant,,
40.119.011,VIANDES ET TERROIR CHALOSSAIS,541 AV DE LA GARE,Hagetmau,40700,"Landes,New Aquitaine,Metropolitan France",France,RM,CP,N,bovine porcine,CP - Cutting Plant,,
59.206.001,VIANDES LESNES PERE ET FILS - VIANDES LESNES,LOCAL A 307 RUE JEAN JAURES LOCAL A,Escaudœuvres,59161,"Nord,Nord-Pas-de-Calais and Picardy,Metropolitan France",France,RM,CP,N,bovine caprine ovine porcine,CP - Cutting Plant,,
42.305.007,VIANDES LIMOUSIN FOREZ,257 ALL DE LA HALLE,La Talaudière,42350,"Loire,Auvergne-Rhône-Alpes,Metropolitan France",France,RM,CP,N,bovine caprine ovine porcine,CP - Cutting Plant,,
87.085.253,VIANDES LIMOUSIN SUD - VLS ORALIM,ABATTOIRS RUE DE NEXON ABATTOIRS,Limoges,87000,"Haute-Vienne,New Aquitaine,Metropolitan France",France,RM,CP,N,bovine caprine ovine porcine,CP - Cutting Plant,,
82.121.384,VIANDES OCCITANES,AV DU PORTUGAL,Montauban,82000,,France,RM,CP,N,bovine,"Tarn-et-Garonne,Occitania,Metropolitan France | CP - Cutting Plant",,
94.065.060,VIANOV,BATIMENT V1P 2 RUE DE L AUBRAC MIN BATIMENT V1P,Rungis,94150,,France,RM,CP,N,bovine caprine ovine,"Val-de-Marne,Ile-de-France,Metropolitan France | CP - Cutting Plant",,
43.152.009,VIGOUROUX,ZA DE BLEU,Polignac,43000,"Haute-Loire,Auvergne-Rhône-Alpes,Metropolitan France",France,RM,CP,N,bovine caprine ovine porcine,CP - Cutting Plant,,
02.187.002,VILLETTE VIANDES,32 RUE D ETAMPES,Chierry,02400,"Aisne,Nord-Pas-de-Calais and Picardy,Metropolitan France",France,RM,CP,N,bovine,CP - Cutting Plant,,
06.079.040,VIVANDA,ALL FRANCOIS COLI BT 1B PARC ACTVITE DE LA SIAGNE,Mandelieu-la-Napoule,06210,"Maritime Alps,Provence-Alpes-Côte d'Azur,Metropolitan France",France,RM,CP,N,bovine caprine ovine porcine,CP - Cutting Plant,,
06.088.039,VIVANDA - MAISON BAILET,BOX 90-MIN VIANDES MIN ST AUGUSTIN,Nice,06200,"Maritime Alps,Provence-Alpes-Côte d'Azur,Metropolitan France",France,RM,CP,N,bovine caprine ovine porcine,CP - Cutting Plant,,
35.233.001,VOLAILLE DE BREIZH,ROLIN,Québriac,35190,,France,RM,CP,N,,"Ille-et-Vilaine,Brittany,Metropolitan France | CP - Cutting Plant",,
70.473.032,VOSGES SAONOISES VIANDES,ZA DU BOUQUET RUE DES CARICAIES ZA DU BOUQUET,Saint-Sauveur,70300,"Haute-Saône,Bourgogne-Franche-Comté,Metropolitan France",France,RM,CP,N,bovine caprine ovine porcine,CP - Cutting Plant,,
72.034.001,Viandes des éleveurs Maine Normandie,Zone Artisanale la Liberge,Bérus,72610,"Sarthe,Pays de la Loire,Metropolitan France",France,RM,CP,N,bovine caprine ovine equine porcine,CP - Cutting Plant,,
64.527.007,XOKOA,116 CHE APUMAI,Souraïde,64250,"Pyrénées-Atlantiques,New Aquitaine,Metropolitan France",France,RM,CP,N,,CP - Cutting Plant,,
15.265.001,YDES DISTRIBUTION - SUPER U,4 6 4 AV ROGER BESSE 4-6,Ydes,15210,"Cantal,Auvergne-Rhône-Alpes,Metropolitan France",France,RM,CP,N,,CP - Cutting Plant,,
5554475224545521,bidon sarl,rue,Gramat,46500,"Lot,Occitania,Metropolitan France",France,RM,CP,N,,CP - Cutting Plant,,
