approval_number,name,address,city,postcode,region,country,group,section,activity,slaughter,species,remarks,date_of_approval,publication_date
DE BW 54006,"""Die Metzgerei"" GmbH & Co. KG",Friedrichstraße 41,Altenheim,77743,"Ortenaukreis,Regierungsbezirk Freiburg,Baden-Württemberg",Germany,EU-EFTA,RM,SH,Y,bovine porcine caprine ovine,SH - Slaughterhouse,,
DE-NI-10017 EG,A. Rolfes GmbH,Norderstraße 52,Detern,26847,"Landkreis Leer,Lower Saxony",Germany,EU-EFTA,RM,CP SH,Y,,CP - Cutting Plant | SH - Slaughterhouse,,
DE BY 70640 EG,A.F.G. Allgäu Fleisch GmbH,Bleicherstraße 18,Kempten (Allgäu),87437,"Kempten (Allgäu),Swabia,Bavaria",Germany,EU-EFTA,RM,SH CP,Y,bovine,SH - Slaughterhouse | CP - Cutting Plant,,
DE BY 77128 EG A,ABP GmbH,Rudolf-Diesel-Straße 10,Buchloe,86807,"Landkreis Ostallgäu,Swabia,Bavaria",Germany,EU-EFTA,RM,SH CP,Y,,SH - Slaughterhouse | CP - Cutting Plant,,
DE NW 70481,AK - ET Fleischgroßhandel Israfil Duman,Röhfeldstraße 21,Bonn,53227,"Bonn,Cologne Government Region,North Rhine-Westphalia",Germany,EU-EFTA,RM,CP,N,bovine ovine,CP - Cutting Plant,,
DE BW 13009 EG,"Abele, Michael",Hofgut Bernau,Herbrechtingen,89542,"Landkreis Heidenheim,Regierungsbezirk Stuttgart,Baden-Württemberg",Germany,EU-EFTA,RM,CP SH,Y,,CP - Cutting Plant | SH - Slaughterhouse,,
DE EZ 251,Adler Schwarzwald GmbH&Co. KG,Am Lindenbuck 3,Bonndorf,79848,"Landkreis Waldshut,Regierungsbezirk Freiburg,Baden-Württemberg",Germany,EU-EFTA,RM,CP SH,Y,,CP - Cutting Plant | SH - Slaughterhouse,,
DE EZ 435,Ahlener Fleischhandel GmbH,Kruppstraße 18,Ahlen,59227,"Kreis Warendorf,Regierungsbezirk Münster,North Rhine-Westphalia",Germany,EU-EFTA,RM,CP,N,porcine,CP - Cutting Plant,,
DE NW 81435,Ahlener Schinken-Center GmbH & Co. KG,Ahlener Schinken-Center GmbH & Co. KG Kruppstraße 18 59227 Ahlen Deutschland,Ahlen,59227,"Kreis Warendorf,Regierungsbezirk Münster,North Rhine-Westphalia",Germany,EU-EFTA,RM,CP,N,,CP - Cutting Plant,,
DE NI 10757,AkEt Fleischhandelsgesellschaft mbH,Röpkestraße 12,Hanover,30173,Landeshauptstadt Hannover,Germany,EU-EFTA,RM,CP,N,bovine ovine,CP - Cutting Plant,,
HB 00159,Albert Cordts Fleischgroßhandel GmbH & Co. KG,Schlachthofstraße 18,Bremerhaven,27576,"Bremerhaven,Free and Hanseatic City of Bremen",Germany,EU-EFTA,RM,CP,N,bovine,CP - Cutting Plant,,
ES 44,Albert Cordts Fleischgroßhandel GmbH & Co. KG,Schlachthofstraße18,Bremerhaven,27576,"Bremerhaven,Free and Hanseatic City of Bremen",Germany,EU-EFTA,RM,SH,Y,bovine,SH - Slaughterhouse,,
DE SL 90013,Alexander Keller,Hauptstraße 6,Freisen,66629,"Landkreis St. Wendel,Saarland",Germany,EU-EFTA,RM,CP SH,Y,caprine ovine porcine bovine,CP - Cutting Plant | SH - Slaughterhouse,,
DE BY 70495,Allgäu Fresh Foods GmbH & Co. KG,Ursulasrieder Straße2,Kempten (Allgäu),87437,"Kempten (Allgäu),Swabia,Bavaria",Germany,EU-EFTA,RM,CP,N,bovine ovine porcine,CP - Cutting Plant,,
TH 01829,Altenburger Fleisch GmbH & Co. KG,Am Poschwitzer Park 7,Altenburg,04600,"Landkreis Altenburger Land,Thuringia",Germany,EU-EFTA,RM,CP SH,Y,bovine,CP - Cutting Plant | SH - Slaughterhouse,,
DE NW 70585 EG,Andreas Gehlen Fleisch und Wurstschmiede,Haperscheid 41,Schleiden,53937,"Kreis Euskirchen,Cologne Government Region,North Rhine-Westphalia",Germany,EU-EFTA,RM,SH,Y,,SH - Slaughterhouse,,
DE BY 10580 EG,Andreas Gigglinger,Schmidhausen 1a,Tuntenhausen,83104,"Landkreis Rosenheim,Upper Bavaria,Bavaria",Germany,EU-EFTA,RM,SH CP,Y,bovine caprine ovine porcine equine,SH - Slaughterhouse | CP - Cutting Plant,,
DE BY 10756 EG,Attenberger Fleisch GmbH,Zenettistraße 10,Munich,80337,"Munich,Upper Bavaria,Bavaria",Germany,EU-EFTA,RM,SH,Y,,SH - Slaughterhouse,,
DE EZ 683,Aulbach GmbH & Co. KG,Industriestraße 7,Hösbach,63768,"Landkreis Aschaffenburg,Lower Franconia,Bavaria",Germany,EU-EFTA,RM,CP,N,bovine caprine ovine equine porcine,CP - Cutting Plant,,
DE NW 90281,BIG Fleisch- und Großhandel GmbH,Schultenstraße 83,Oer-Erkenschwick,45739,"Kreis Recklinghausen,Regierungsbezirk Münster,North Rhine-Westphalia",Germany,EU-EFTA,RM,CP,N,bovine,CP - Cutting Plant,,
DE NI 11503,BMR Schlachthof Garrel GmbH,Dieselstr. 16 a,Garrel,49681,"Landkreis Cloppenburg,Lower Saxony",Germany,EU-EFTA,RM,SH,Y,,SH - Slaughterhouse,,
DE NW 90362,Baba-et GmbH,Friedrichstraße 33b,Castrop-Rauxel,44581,"Kreis Recklinghausen,Regierungsbezirk Münster,North Rhine-Westphalia",Germany,EU-EFTA,RM,CP,N,bovine,CP - Cutting Plant,,
DE BY 20432 EG,"Bablitzka, Peter",Kohlstattstr. 13 - 15,Breitenberg,94139,"Landkreis Passau,Lower Bavaria,Bavaria",Germany,EU-EFTA,RM,CP SH,Y,bovine caprine ovine porcine equine,CP - Cutting Plant | SH - Slaughterhouse,,
DE TH EZ 2024 EG,Baraneck / Fleischzerlegung,"Porphyrstr. 1, 04600 Altenburg",Altenburg,04600,"Landkreis Altenburger Land,Thuringia",Germany,EU-EFTA,RM,CP,N,,CP - Cutting Plant,,
DE BY 61000,Bauer Fleisch GmbH,Dammer Weg 60-62,Goldbach,63773,"Landkreis Aschaffenburg,Lower Franconia,Bavaria",Germany,EU-EFTA,RM,CP,N,bovine porcine,CP - Cutting Plant,,
DE-HE 10125 EG,Baumann GmbH & Co. KG,Am Pariser Weg 25,Viernheim,68519,"Kreis Bergstraße,Regierungsbezirk Darmstadt,Hesse",Germany,EU-EFTA,RM,CP SH,Y,bovine caprine ovine,CP - Cutting Plant | SH - Slaughterhouse,,
DE EZ 595,Baumeister EG-Zerlegebetrieb GmbH,Alter Weg 40,Ahaus,48683,"Kreis Borken,Regierungsbezirk Münster,North Rhine-Westphalia",Germany,EU-EFTA,RM,CP,N,,CP - Cutting Plant,,
DE BY 11057,Bayernfleisch GmbH,Industriestraße 8,Traunstein,83278,"Landkreis Traunstein,Upper Bavaria,Bavaria",Germany,EU-EFTA,RM,CP,N,bovine porcine,CP - Cutting Plant,,
DE BY 40007 EG,Bayreuther Fleisch GmbH,Drossenfelder Straße 11,Bayreuth,95445,"Bayreuth,Upper Franconia,Bavaria",Germany,EU-EFTA,RM,CP SH,Y,bovine porcine caprine ovine equine,CP - Cutting Plant | SH - Slaughterhouse,,
DE BW 01102 EG,Beck GmbH & Co. KG,OT Neu-Kupfer Flurweg 21,Kupferzell,74635,"Hohenlohekreis,Regierungsbezirk Stuttgart,Baden-Württemberg",Germany,EU-EFTA,RM,CP SH,Y,porcine,CP - Cutting Plant | SH - Slaughterhouse,,
DE NI 11020,Bedford GmbH + Co. KG,Traiteur-Platz 1,Osnabrück,49090,"Osnabrück,Lower Saxony",Germany,EU-EFTA,RM,CP,N,,CP - Cutting Plant,,
DE NI 18930 EG,Beef & Basics GmbH,Haupstr. 6,Jelmstorf,29549,"Landkreis Uelzen,Lower Saxony",Germany,EU-EFTA,RM,CP,N,bovine porcine,CP - Cutting Plant,,
DE BW 13029 EG,"Beiswanger, Siglinde",Ziegelhütte,Königsbronn,89551,"Landkreis Heidenheim,Regierungsbezirk Stuttgart,Baden-Württemberg",Germany,EU-EFTA,RM,CP SH,Y,,CP - Cutting Plant | SH - Slaughterhouse,,
DE SL 30020,Bereket Meat Company Fleischhandel,Völklinger Straße 53-55,Völklingen,66333,"Regionalverband Saarbrücken,Saarland",Germany,EU-EFTA,RM,CP,N,,CP - Cutting Plant,,
"DE ES 269EG, DE EZ 295 EG",Bernhard Frenken GmbH,Paradiesstraße 19,Duren,52349,"Kreis Düren,Cologne Government Region,North Rhine-Westphalia",Germany,EU-EFTA,RM,CP SH,Y,porcine bovine,CP - Cutting Plant | SH - Slaughterhouse,,
DE BW 13011 EG,Bioland Metzgerei und Backwaren Rainer Bihlmaier,Ugenhof 5,Herbrechtingen,89542,"Landkreis Heidenheim,Regierungsbezirk Stuttgart,Baden-Württemberg",Germany,EU-EFTA,RM,CP,N,,CP - Cutting Plant,,
DE HH 00032,Block House Fleischerei GmbH,Lademannbogen 127,Hamburg,22339,Hamburg,Germany,EU-EFTA,RM,CP,N,,CP - Cutting Plant,,
DE EZ 1405 EG,Blömer Fleisch GmbH,OT Vorland Dorfstraße 11a,Splietsdorf,18513,"Landkreis Vorpommern-Rügen,Mecklenburg-Vorpommern",Germany,EU-EFTA,RM,CP,N,,CP - Cutting Plant,,
DE NW 00120 EG,Bochumer Fleisch GmbH & Co. KG,Freudenbergstraße 45 K,Bochum,44809,"Bochum,Regierungsbezirk Arnsberg,North Rhine-Westphalia",Germany,EU-EFTA,RM,SH CP,Y,bovine,SH - Slaughterhouse | CP - Cutting Plant,,
DE NW 60417,Boeser Frischfleisch GmbH,Gottlieb-Daimler-Straße1,Frechen,50226,"Rhein-Erft-Kreis,Cologne Government Region,North Rhine-Westphalia",Germany,EU-EFTA,RM,CP,N,porcine bovine,CP - Cutting Plant,,
DE NW 84025,Boeser Frischfleisch GmbH,Eggeroder Straße 8,Schöppingen,48624,"Kreis Borken,Regierungsbezirk Münster,North Rhine-Westphalia",Germany,EU-EFTA,RM,CP,N,porcine,CP - Cutting Plant,,
DE EZ 494 EG,Brand Qualitätsfleisch GmbH & Co. KG,Brandstr. 21,Lohne,49393,"Landkreis Vechta,Lower Saxony",Germany,EU-EFTA,RM,CP,N,porcine,CP - Cutting Plant,,
DE ES 161 EG,Brand Qualitätsfleisch GmbH & Co.KG,Brandstraße 21,Lohne,49393,"Landkreis Vechta,Lower Saxony",Germany,EU-EFTA,RM,SH,Y,porcine,SH - Slaughterhouse,,
DE NW 88558,Buß Byproducts GmbH,Emscherstraße 43,Gelsenkirchen,45891,"Gelsenkirchen,Regierungsbezirk Münster,North Rhine-Westphalia",Germany,EU-EFTA,RM,CP,N,bovine porcine,CP - Cutting Plant,,
DE BW 01005,Bäuerliche Erzeugergemeinschaft Schwäbisch Hall AG,Raiffeisenstr. 18,Schwäbisch Hall,74523,"Landkreis Schwäbisch Hall,Regierungsbezirk Stuttgart,Baden-Württemberg",Germany,EU-EFTA,RM,CP SH,Y,bovine caprine ovine porcine,CP - Cutting Plant | SH - Slaughterhouse,,
DE BY 30177 EG,Bäuerliche Schlachtgemeinschaft Moosbach-Waidhaus e.V.,An der Burgtreswitzer Str. 1,Moosbach,92709,"Landkreis Neustadt an der Waldnaab,Upper Palatinate,Bavaria",Germany,EU-EFTA,RM,SH,Y,bovine ovine,SH - Slaughterhouse,,
DE NI 11050 EG,Böseler Goldschmaus GmbH & Co. KG,Schlachthofstr. 36,Oldenburg,26135,"Oldenburg,Lower Saxony",Germany,EU-EFTA,RM,CP SH,Y,,CP - Cutting Plant | SH - Slaughterhouse,,
DE NI 10078 EG,Böseler Goldschmaus GmbH & Co. KG,Industriestraße 10-12,Garrel,49681,"Landkreis Cloppenburg,Lower Saxony",Germany,EU-EFTA,RM,CP SH,Y,,CP - Cutting Plant | SH - Slaughterhouse,,
DE BW 01117,CDS Hackner GmbH,Rossfelder Straße 52/5,Crailsheim,74564,"Landkreis Schwäbisch Hall,Regierungsbezirk Stuttgart,Baden-Württemberg",Germany,EU-EFTA,RM,CP,N,,CP - Cutting Plant,,
DE NI 60606,Carne Fleischhandel GmbH,Industriestraße 8,Edewecht,26188,"Landkreis Ammerland,Lower Saxony",Germany,EU-EFTA,RM,CP,N,,CP - Cutting Plant,,
DE HH 00057,Chefs Culinar Nord GmbH & Co. KG,Winsbergring 25,Hamburg,22525,Hamburg,Germany,EU-EFTA,RM,CP,N,,CP - Cutting Plant,,
DE MV 51201,Chefs Culinar Nord-Ost GmbH & Co. KG,Ernst-Abbe-Straße 2,Neubrandenburg,17033,"Landkreis Mecklenburgische Seenplatte,Mecklenburg-Vorpommern",Germany,EU-EFTA,RM,CP,N,bovine caprine ovine equine,CP - Cutting Plant,,
DE ST 01753,Chefs Culinar Ost GmbH & Co. KG,OT Zorbau Patterken 2,Lützen,06686,"Burgenlandkreis,Saxony-Anhalt",Germany,EU-EFTA,RM,CP,N,bovine ovine porcine,CP - Cutting Plant,,
DE BY 10426 EG,Christian Spitzauer e.K. Vieh- und Fleischhandel,OT Leobendorf Bergstraße 26,Laufen (Salzach),83410,"Landkreis Berchtesgadener Land,Upper Bavaria,Bavaria",Germany,EU-EFTA,RM,SH,Y,bovine,SH - Slaughterhouse,,
DE NW 70528 EG,City südländische Feinkost GmbH,Marktstraße 10,Cologne,50968,"Cologne,Cologne Government Region,North Rhine-Westphalia",Germany,EU-EFTA,RM,CP,N,bovine ovine,CP - Cutting Plant,,
DE BY 50541 EG,Contifleisch GmbH,Dechsendorfer Str. 11,Erlangen,91054,"Erlangen,Middle Franconia,Bavaria",Germany,EU-EFTA,RM,CP,N,porcine,CP - Cutting Plant,,
DE NI 10848 EG,Crown Meat GmbH,Charlottenstraße 9-11,Nordhorn,48529,"Landkreis Grafschaft Bentheim,Lower Saxony",Germany,EU-EFTA,RM,CP,N,,CP - Cutting Plant,,
NI 11906,Danish Crown Fleisch GmbH,Waldstraße 7,Essen (Oldenburg),49632,"Landkreis Cloppenburg,Lower Saxony",Germany,EU-EFTA,RM,CP SH,Y,,CP - Cutting Plant | SH - Slaughterhouse,,
DE NI 11906 EG,Danish Crown Fleisch GmbH,Waldstraße 7,Essen (Oldenburg),49632,"Landkreis Cloppenburg,Lower Saxony",Germany,EU-EFTA,RM,CP SH,Y,porcine,CP - Cutting Plant | SH - Slaughterhouse,,
DE MV EZ 202 EG,Danish Crown GmbH - Zweigniederlassung Boizenburg,Gülzer Straße 8,Boizenburg/Elbe,19258,"Landkreis Ludwigslust-Parchim,Mecklenburg-Vorpommern",Germany,EU-EFTA,RM,CP,N,,CP - Cutting Plant,,
DE NI 10845,"Danish Crown GmbH, Zweigbetrieb Dinklage",Schwege 52,Dinklage,49413,"Landkreis Vechta,Lower Saxony",Germany,EU-EFTA,RM,CP,N,porcine,CP - Cutting Plant,,
DESH-EZ1 EG,Danish Crown Schlachtzentrum Nordfriesland GmbH,Maas 10 + 12,Husum,25813,"Kreis Nordfriesland,Schleswig-Holstein",Germany,EU-EFTA,RM,CP,N,,CP - Cutting Plant,,
DE ES2 EG,Danish Crown Schlachtzentrum Nordfriesland GmbH,Maas 10 - 12,Husum,25813,"Kreis Nordfriesland,Schleswig-Holstein",Germany,EU-EFTA,RM,SH,Y,,SH - Slaughterhouse,,
DE EZ 773 EG,Danish Crown Teterower Fleisch GmbH,Koppelbergstraße 2,Teterow,17166,"Landkreis Rostock,Mecklenburg-Vorpommern",Germany,EU-EFTA,RM,CP,N,bovine,CP - Cutting Plant,,
DE ES 773 EG,Danish Crown Teterower Fleisch GmbH - Schlachtbetrieb,Koppelbergstraße 2,Teterow,17166,"Landkreis Rostock,Mecklenburg-Vorpommern",Germany,EU-EFTA,RM,SH,Y,bovine,SH - Slaughterhouse,,
DE SH 00555 EG,Delta Fleisch Handels GmbH,Beim Umspannwerk 11,Norderstedt,22844,"Kreis Segeberg,Schleswig-Holstein",Germany,EU-EFTA,RM,CP,N,bovine porcine ovine,CP - Cutting Plant,,
DE SH 00204 EG,Dogutürk GmbH,Dorfstr. 24,Haselau,25489,"Kreis Pinneberg,Schleswig-Holstein",Germany,EU-EFTA,RM,SH,Y,bovine ovine,SH - Slaughterhouse,,
SL 40016,Dostlar GmbH Dönerproduktion,Im Langental 7,Neunkirchen,66539,"Landkreis Neunkirchen,Saarland",Germany,EU-EFTA,RM,CP,N,,CP - Cutting Plant,,
DE NI 12384 EG,Düringer Fleischkontor Engelbert Stukenborg GmbH & Co. KG,Lunestedter Straße 40,Loxstedt,27612,"Landkreis Cuxhaven,Lower Saxony",Germany,EU-EFTA,RM,CP SH,Y,porcine,CP - Cutting Plant | SH - Slaughterhouse,,
DE NI 11023,EG Fleischwarenfabrik Dieter Hein GmbH & Co. KG,Hansastraße 8-10,Hasbergen,49205,"Landkreis Osnabrück,Lower Saxony",Germany,EU-EFTA,RM,CP,N,bovine ovine porcine,CP - Cutting Plant,,
DE ES 851 EG,EG-Schlachterei Greve GmbH,Ohlrade 4,Erfde,24803,"Kreis Schleswig-Flensburg,Schleswig-Holstein",Germany,EU-EFTA,RM,SH,Y,bovine caprine ovine porcine equine,SH - Slaughterhouse,,
DE BY 21143,EGN Vilshofen GmbH,Aidenbacher Straße 78,Vilshofen an der Donau,94474,"Landkreis Passau,Lower Bavaria,Bavaria",Germany,EU-EFTA,RM,SH CP,Y,porcine,SH - Slaughterhouse | CP - Cutting Plant,,
"DE EZ 1441, DE ES 1441",Eifelfleisch Müller GmbH,Vulkanring 22,Gerolstein,54568,"Landkreis Vulkaneifel,Rhineland-Palatinate",Germany,EU-EFTA,RM,CP SH,Y,bovine caprine ovine equine porcine,CP - Cutting Plant | SH - Slaughterhouse,,
EZ 958,Elfering Export GmbH,Enscheder Str. 37,Ahaus,48683,"Kreis Borken,Regierungsbezirk Münster,North Rhine-Westphalia",Germany,EU-EFTA,RM,CP,N,porcine bovine,CP - Cutting Plant,,
NW 10539,Elias Konze,Alstedder Str. 271,Lünen,44534,"Kreis Unna,Regierungsbezirk Arnsberg,North Rhine-Westphalia",Germany,EU-EFTA,RM,CP SH,Y,caprine ovine,CP - Cutting Plant | SH - Slaughterhouse,,
"DE BW 07109, DE BW 07110",Emil Färber GmbH & Co. KG,Flachsstraße 46,Mengen,88512,"Landkreis Sigmaringen,Regierungsbezirk Tübingen,Baden-Württemberg",Germany,EU-EFTA,RM,CP SH,Y,bovine porcine,CP - Cutting Plant | SH - Slaughterhouse,,
DE EZ 474 EWG,Emil Färber GmbH & Co. KG,Schlachthofstraße 7,Zweibrücken,66482,"Zweibrücken,Rhineland-Palatinate",Germany,EU-EFTA,RM,CP,N,bovine porcine,CP - Cutting Plant,,
DE BY 40421 EG,Emil Färber GmbH & Co. KG,E.-C.-Baumann Str. 19,Kulmbach,95326,"Landkreis Kulmbach,Upper Franconia,Bavaria",Germany,EU-EFTA,RM,CP,N,bovine porcine,CP - Cutting Plant,,
DE BY 10724,"Emin Fleisch GmbH, Fleischgroßhandel",Zenettistraße 10,Munich,80337,"Munich,Upper Bavaria,Bavaria",Germany,EU-EFTA,RM,CP,N,,CP - Cutting Plant,,
DE BY 50539 EG,Erlanger Schlachthof GmbH,Dechsendorferstr. 11,Erlangen,91054,"Erlangen,Middle Franconia,Bavaria",Germany,EU-EFTA,RM,SH,Y,,SH - Slaughterhouse,,
DE BY 30025 EG,Ernst Breu,Schwellweg 16,Eschlkam,93458,"Landkreis Cham,Upper Palatinate,Bavaria",Germany,EU-EFTA,RM,SH,Y,bovine ovine caprine porcine,SH - Slaughterhouse,,
DE HE 30440,Erzeugerschlachthof Kurhessen AG,Kruppstrasse 6,Fulda,36041,"Landkreis Fulda,Regierungsbezirk Kassel,Hesse",Germany,EU-EFTA,RM,SH,Y,caprine ovine porcine bovine,SH - Slaughterhouse,,
DE NI 11201 EG,FHG Fleischhandelsgesellschaft mbH,Wiesendamm 1,Wittingen,29378,"Landkreis Gifhorn,Lower Saxony",Germany,EU-EFTA,RM,CP,N,,CP - Cutting Plant,,
ES424 + EZ653,FVV Jedowski Unna GmbH,Otto-Hahn-Str. 20,Unna,59423,"Kreis Unna,Regierungsbezirk Arnsberg,North Rhine-Westphalia",Germany,EU-EFTA,RM,SH CP,Y,bovine caprine ovine porcine equine,SH - Slaughterhouse | CP - Cutting Plant,,
DE-BY 21222,FZK GmbH Frische-Zentrum-Kreipl,Flugplatzstr. 45,Atting,94348,"Landkreis Straubing-Bogen,Lower Bavaria,Bavaria",Germany,EU-EFTA,RM,CP,N,bovine caprine ovine equine,CP - Cutting Plant,,
DE BW 13019 EG,Fleisch- und Wurstwaren Geyer,Allewind 7/1,Hermaringen,89568,"Landkreis Heidenheim,Regierungsbezirk Stuttgart,Baden-Württemberg",Germany,EU-EFTA,RM,SH CP,Y,,SH - Slaughterhouse | CP - Cutting Plant,,
DE TH 00839,Fleisch- und Wurstwaren Schmalkalden GmbH - Thüringen,An der Auehütte 21,Schmalkalden,98574,"Landkreis Schmalkalden-Meiningen,Thuringia",Germany,EU-EFTA,RM,SH CP,Y,bovine caprine ovine porcine equine,SH - Slaughterhouse | CP - Cutting Plant,,
DE EZ 996 EG,Fleischcenter Perleberg GmbH & Co KG,Buchholzer Chaussee 24,Quitzow,19348,"Landkreis Prignitz,Brandenburg",Germany,EU-EFTA,RM,SH CP,Y,,SH - Slaughterhouse | CP - Cutting Plant,,
000,Fleischcenter Perleberg GmbH & Co. KG,Buchholzer Chaussee 24,Perleberg,19348,"Landkreis Prignitz,Brandenburg",Germany,EU-EFTA,RM,CP SH,Y,,CP - Cutting Plant | SH - Slaughterhouse,,
SN10686,"Fleischer-Einkauf Leipzig AG, Niederlassung Döbeln",August-Julius-Clemen-Str. 1,Döbeln,04720,"Landkreis Mittelsachsen,Saxony",Germany,EU-EFTA,RM,CP,N,,CP - Cutting Plant,,
DE HE 20263 EG,Fleischerei ALTINKÜPE Fleisch- und Viehhandel e.K.,Hauptstraße15,Aßlar,35614,,Germany,EU-EFTA,RM,SH,Y,,"Lahn-Dill-Kreis,Regierungsbezirk Gießen,Hesse | SH - Slaughterhouse",,
DE MV 21007 EG,Fleischerei Ernst Magdeburg GmbH,Plattenweg 1,Stäbelow,18198,"Landkreis Rostock,Mecklenburg-Vorpommern",Germany,EU-EFTA,RM,CP SH,Y,caprine ovine porcine,CP - Cutting Plant | SH - Slaughterhouse,,
DE RP 07002 EG,Fleischerei Juchems OHG,Prümerstraße 11,Stadtkyll,54589,"Landkreis Vulkaneifel,Rhineland-Palatinate",Germany,EU-EFTA,RM,SH CP,Y,bovine porcine,SH - Slaughterhouse | CP - Cutting Plant,,
DE NW 70560 EG,Fleischerei Klaus Genter,Kirchstraße 36,Simmerath,52152,"Städteregion Aachen,Cologne Government Region,North Rhine-Westphalia",Germany,EU-EFTA,RM,SH,Y,bovine caprine ovine porcine,SH - Slaughterhouse,,
DE NW 30097,Fleischerei Münch,Breitscheidstraße 1,Bielefeld,33649,"Bielefeld,Regierungsbezirk Detmold,North Rhine-Westphalia",Germany,EU-EFTA,RM,CP SH,Y,ovine porcine bovine,CP - Cutting Plant | SH - Slaughterhouse,,
SN 20115,Fleischerei Ralf Weber,Seifhennersdorfer Str. 4,Leutersdorf,02794,"Landkreis Görlitz,Saxony",Germany,EU-EFTA,RM,SH,Y,bovine caprine porcine ovine,SH - Slaughterhouse,,
DE NI 10764,Fleischgroßhandel Demirci,Dornierstraße 1,Hanover,30179,Landeshauptstadt Hannover,Germany,EU-EFTA,RM,CP,N,,CP - Cutting Plant,,
D EZ NW 204 EWG,Fleischgroßhandel Kleff e.K.,Oberer Westring 35,Büren,33142,"Kreis Paderborn,Regierungsbezirk Detmold,North Rhine-Westphalia",Germany,EU-EFTA,RM,CP,N,,CP - Cutting Plant,,
DE BY 50500,Fleischhandelsgesellschaft Henke mbH,Walkmühlweg 105,Feuchtwangen,91555,"Ansbach (district),Middle Franconia,Bavaria",Germany,EU-EFTA,RM,CP,N,bovine caprine ovine equine porcine,CP - Cutting Plant,,
DE BY 50525,Fleischmanufaktur Haspel e.K.,Industriestraße 11,Dombühl,91601,"Ansbach (district),Middle Franconia,Bavaria",Germany,EU-EFTA,RM,CP,N,bovine porcine,CP - Cutting Plant,,
DE BY 11071,Fleischmarkt München Süd GmbH,Zenettistraße 6,Munich,80337,"Munich,Upper Bavaria,Bavaria",Germany,EU-EFTA,RM,CP,N,bovine ovine porcine,CP - Cutting Plant,,
ES 411 / EZ 604,Fleischmarkt Olpe GmbH,Friedrichsthaler Straße 8,Olpe,57462,"Kreis Olpe,Regierungsbezirk Arnsberg,North Rhine-Westphalia",Germany,EU-EFTA,RM,SH CP,Y,bovine porcine,SH - Slaughterhouse | CP - Cutting Plant,,
DE BY 40394,Fleischwaren Munzert GmbH,Rudolf-Strunz-Straße 2,Rehau,95111,"Landkreis Hof,Upper Franconia,Bavaria",Germany,EU-EFTA,RM,CP,N,bovine porcine,CP - Cutting Plant,,
DE ST 00691 EG,Fleischwerk Weißenfels GmbH,Am Schlachthof 1,Weißenfels,06667,"Burgenlandkreis,Saxony-Anhalt",Germany,EU-EFTA,RM,SH,Y,,SH - Slaughterhouse,,
DE BY 40414 EG,Fleischzentrum Hof GmbH,Hohe Straße 20,Hof,95030,"Hof,Upper Franconia,Bavaria",Germany,EU-EFTA,RM,SH,Y,,SH - Slaughterhouse,,
DE NI 11844,Fleischzentrum Rettstadt GmbH & Co. KG,OT Windhausen Pfingstanger 2,Bad Grund,37539,"Landkreis Göttingen,Lower Saxony",Germany,EU-EFTA,RM,SH CP,Y,bovine ovine porcine,SH - Slaughterhouse | CP - Cutting Plant,,
DE NW 20122,Fleischzerlegung Westphal GmbH,Dieselstraße 85,Herzebrock-Clarholz,33442,"Kreis Gütersloh,Regierungsbezirk Detmold,North Rhine-Westphalia",Germany,EU-EFTA,RM,CP,N,porcine,CP - Cutting Plant,,
DE BY 60336,Franken-Gut Fleischwaren GmbH,Edekastraße 3,Rottendorf,97228,"Landkreis Würzburg,Lower Franconia,Bavaria",Germany,EU-EFTA,RM,CP,N,,CP - Cutting Plant,,
DE BY 40141 EG,Frankenfarm Direktvermarktungs GmbH,Bernecker Str. 40,Himmelkron,95502,"Landkreis Kulmbach,Upper Franconia,Bavaria",Germany,EU-EFTA,RM,CP,N,bovine porcine,CP - Cutting Plant,,
DE SL 90029,Franz Dausend,Gartenstraße 10,Freisen,66629,"Landkreis St. Wendel,Saarland",Germany,EU-EFTA,RM,SH,Y,ovine,SH - Slaughterhouse,,
DE BY 60317 EG,Friedrich Neckermann GmbH,Rothenburger Straße 1,Aub,97239,"Landkreis Würzburg,Lower Franconia,Bavaria",Germany,EU-EFTA,RM,CP SH,Y,caprine ovine porcine bovine,CP - Cutting Plant | SH - Slaughterhouse,,
DE NI 24428,"Friedrich-Loeffler-Institut, Institut für Nutztiergenetik",Höltystraße 10,Neustadt am Rübenberge,31535,"Region Hannover,Lower Saxony",Germany,EU-EFTA,RM,SH,Y,,SH - Slaughterhouse,,
DE NI 10073,"Friedrich-Loeffler-Institut, Institut für Tierernährung - Schlachthaus",Bundesallee 50,Braunschweig,38116,"Brunswick,Lower Saxony",Germany,EU-EFTA,RM,SH,Y,,SH - Slaughterhouse,,
DE BW 01405,Frisch-Lamm Metzgereigesellschaft mbH,Ohrengasse 11,Zell unter Aichelberg,73119,"Landkreis Göppingen,Regierungsbezirk Stuttgart,Baden-Württemberg",Germany,EU-EFTA,RM,CP SH,Y,,CP - Cutting Plant | SH - Slaughterhouse,,
DE NI 10744,Fung´s Handels GmbH,Varrelheide 190,Hanover,30657,Landeshauptstadt Hannover,Germany,EU-EFTA,RM,CP,N,bovine porcine,CP - Cutting Plant,,
DE HH 00040,GLOBAL-FLEISCH Walter Schmid GmbH & Co. KG,Lagerstraße 17,Hamburg,20357,Hamburg,Germany,EU-EFTA,RM,CP,N,,CP - Cutting Plant,,
DE NW 21919,Gebr. Gocksch KG,Füllenbruchstr. 179,Herford,32051,"Kreis Herford,Regierungsbezirk Detmold,North Rhine-Westphalia",Germany,EU-EFTA,RM,CP SH,Y,,CP - Cutting Plant | SH - Slaughterhouse,,
DE NW 60038,Gebrüder Otto Gourmet GmbH,Boos-Fremery-Straße 62,Heinsberg,52525,"Kreis Heinsberg,Cologne Government Region,North Rhine-Westphalia",Germany,EU-EFTA,RM,CP,N,,CP - Cutting Plant,,
DE BY 77076,Genusswelt Zimmermann GmbH & Co. KG,Edmund-Zimmermann-Straße 29,Thannhausen,86470,"Landkreis Günzburg,Swabia,Bavaria",Germany,EU-EFTA,RM,CP,N,porcine,CP - Cutting Plant,,
DE BY 40175 EG,Georg Böhmer Direktvermarktung,Großziegenfeld 19,Weismain,96260,"Landkreis Lichtenfels,Upper Franconia,Bavaria",Germany,EU-EFTA,RM,SH,Y,bovine porcine,SH - Slaughterhouse,,
NW 90696,Georg Schabbing Fleischzerlegebetrieb GmbH,Ahauser Damm 40,Heek,48619,"Kreis Borken,Regierungsbezirk Münster,North Rhine-Westphalia",Germany,EU-EFTA,RM,CP,N,,CP - Cutting Plant,,
NW90696,Georg Schabbing Fleischzerlegebetriebsgesellschaft mit beschränkter Haftung,Ahauser Damm 40,Heek,48619,"Kreis Borken,Regierungsbezirk Münster,North Rhine-Westphalia",Germany,EU-EFTA,RM,CP,N,,CP - Cutting Plant,,
EZ/ES1703,Gerhard Ernst GmbH,Schochenwinkel 8,Bahlingen am Kaiserstuhl,79353,"Landkreis Emmendingen,Regierungsbezirk Freiburg,Baden-Württemberg",Germany,EU-EFTA,RM,CP SH,Y,bovine ovine porcine,CP - Cutting Plant | SH - Slaughterhouse,,
DE NI 11023 EG,Goldschmaus Convenience GmbH & Co. KG,Hansastr. 8-10,Hasbergen,49205,"Landkreis Osnabrück,Lower Saxony",Germany,EU-EFTA,RM,CP,N,bovine porcine,CP - Cutting Plant,,
DE NI 10255 EG,Grochowski Vieh-und Fleischhandel GmbH,Am Eichenhain 7,Reinstorf,21400,"Landkreis Lüneburg,Lower Saxony",Germany,EU-EFTA,RM,CP SH,Y,bovine ovine equine porcine,CP - Cutting Plant | SH - Slaughterhouse,,
091721140154,Gruber Hans / Schlachtstätte Marzoll,Untersbergstraße 18b,Marzoll,83435,"Landkreis Berchtesgadener Land,Upper Bavaria,Bavaria",Germany,EU-EFTA,RM,SH,Y,,SH - Slaughterhouse,,
DE BE 10073,Grünland Fleisch GmbH,Beusselstraße 44 n-q,Berlin,10553,Berlin,Germany,EU-EFTA,RM,CP,N,,CP - Cutting Plant,,
"DE BW-ES 301, DE EZ 1704",Gustav Winterhalter GmbH,Telfer Straße 4,Elzach,79215,"Landkreis Emmendingen,Regierungsbezirk Freiburg,Baden-Württemberg",Germany,EU-EFTA,RM,CP SH,Y,bovine caprine ovine equine porcine,CP - Cutting Plant | SH - Slaughterhouse,,
BY 20025,Gutshof Polting GmbH & Co. KG,Polting 1,Postmünster,84389,"Landkreis Rottal-Inn,Lower Bavaria,Bavaria",Germany,EU-EFTA,RM,SH,Y,,SH - Slaughterhouse,,
DE NW 00056,Gündogdu GmbH,Freudenbergstraße 45j,Bochum,44809,"Bochum,Regierungsbezirk Arnsberg,North Rhine-Westphalia",Germany,EU-EFTA,RM,CP,N,bovine,CP - Cutting Plant,,
DE NI 10844,Günter Badenhop Fleischwerke KG,Völkerser Landstraße 37,Langwedel,27299,"Landkreis Verden,Lower Saxony",Germany,EU-EFTA,RM,CP,N,,CP - Cutting Plant,,
DE HE 10407,Güven-Al Lebensmittel Großhandel GmbH,Josef-Eichler-Straße 10,Frankfurt am Main,60437,"Frankfurt am Main,Regierungsbezirk Darmstadt,Hesse",Germany,EU-EFTA,RM,CP,N,,CP - Cutting Plant,,
DE EZ 630,H. Gugel GmbH,Bahnhofstraße 40,Grafenwöhr,92655,"Landkreis Neustadt an der Waldnaab,Upper Palatinate,Bavaria",Germany,EU-EFTA,RM,CP,N,bovine caprine ovine equine porcine,CP - Cutting Plant,,
DE NI 18210,"H. Klümper GmbH & Co.KG, Schinkenräucherei und Fleischwarenfabrik",Niedersachsenstr. 22,Schüttorf,48465,"Landkreis Grafschaft Bentheim,Lower Saxony",Germany,EU-EFTA,RM,CP,N,,CP - Cutting Plant,,
DE EZ 948 EG,HANS JURGEN KEMPA,DREHERSTRASSE 10,Unna,59425,"Kreis Unna,Regierungsbezirk Arnsberg,North Rhine-Westphalia",Germany,EU-EFTA,RM,CP,N,porcine,CP - Cutting Plant,,
DE BW 03038,HELAL ET Fleischhandel GmbH,Englerstraße 2,Ettlingen,76199,"Landkreis Karlsruhe,Regierungsbezirk Karlsruhe,Baden-Württemberg",Germany,EU-EFTA,RM,CP,N,,CP - Cutting Plant,,
DE NW 10438,HVM GmbH & Co. KG Fleisch-und Wurstwaren,Feldbachacker 9,Dortmund,44149,"Dortmund,Regierungsbezirk Arnsberg,North Rhine-Westphalia",Germany,EU-EFTA,RM,CP,N,bovine caprine ovine,CP - Cutting Plant,,
DE BY 11134,Halsbacher Qualitätsfleisch GmbH,Brandl 53,Halsbach,84553,"Landkreis Altötting,Upper Bavaria,Bavaria",Germany,EU-EFTA,RM,SH CP,Y,bovine caprine ovine porcine equine,SH - Slaughterhouse | CP - Cutting Plant,,
BY 10056,"Heilmaier, Gottfried",Seestr. 17,Waging am See,83329,"Landkreis Traunstein,Upper Bavaria,Bavaria",Germany,EU-EFTA,RM,SH,Y,,SH - Slaughterhouse,,
"DE EZ 568, DE ES 397",Heinrich Manten Qualitätsfleisch vom Niederrhein GmbH & Co. KG,Möhlendyck 11,Geldern,47608,"Kreis Kleve,Regierungsbezirk Düsseldorf,North Rhine-Westphalia",Germany,EU-EFTA,RM,CP SH,Y,bovine porcine,CP - Cutting Plant | SH - Slaughterhouse,,
DE NI-EZ 587,Heinrich Uthmann GmbH & Co. KG,Am Fledderbach 1,Dissen,49201,"Landkreis Osnabrück,Lower Saxony",Germany,EU-EFTA,RM,CP,N,bovine caprine ovine equine porcine,CP - Cutting Plant,,
DE NW 80198 EG,Heinz Tummel GmbH & Co. KG,Eggeroder Strasse 8,Schöppingen,48624,"Kreis Borken,Regierungsbezirk Münster,North Rhine-Westphalia",Germany,EU-EFTA,RM,CP SH,Y,,CP - Cutting Plant | SH - Slaughterhouse,,
DE BY 30395 EG,"Hellerbrand, Georg",St. Margareten Str. 26,Högling,92269,"Landkreis Schwandorf,Upper Palatinate,Bavaria",Germany,EU-EFTA,RM,SH,Y,bovine caprine ovine,SH - Slaughterhouse,,
DE HE 30431 EG,Helwig Handels GmbH & Co. KG,Bei der Tränke 8,Schwalmstadt,34613,"Schwalm-Eder-Kreis,Regierungsbezirk Kassel,Hesse",Germany,EU-EFTA,RM,CP SH,Y,bovine porcine,CP - Cutting Plant | SH - Slaughterhouse,,
DE NI 10037 EG,Hencke Fleischwaren GmBH,Ludwig-Ehlers-Straße 8,Bad Bevensen,29549,"Landkreis Uelzen,Lower Saxony",Germany,EU-EFTA,RM,SH CP,Y,bovine porcine ovine,SH - Slaughterhouse | CP - Cutting Plant,,
EZ 639,Henkelmann GmbH & Co. KG,Wetterweg 2,Volkmarsen,34471,"Landkreis Waldeck-Frankenberg,Regierungsbezirk Kassel,Hesse",Germany,EU-EFTA,RM,CP,N,,CP - Cutting Plant,,
DE SL 10030 EG,Heribert Klein,Ponsheimer Hof,Mandelbachtal,66399,"Saarpfalz-Kreis,Saarland",Germany,EU-EFTA,RM,SH,Y,bovine porcine ovine caprine,SH - Slaughterhouse,,
DE BY 10010 EG,Hermannsdorfer Landwerkstätten Glonn GmbH & Co. KG,Hermannsdorf 7,Glonn,85625,"Landkreis Ebersberg,Upper Bavaria,Bavaria",Germany,EU-EFTA,RM,SH CP,Y,bovine caprine ovine porcine equine,SH - Slaughterhouse | CP - Cutting Plant,,
DE BY 10006 EG,"Hermannsdorfer Landwerkstätten Glonn GmbH & Co. KG, Wurstmanufaktur Gut Kerschlach",Gut Kerschlach 1,Pähl,82396,"Landkreis Weilheim-Schongau,Upper Bavaria,Bavaria",Germany,EU-EFTA,RM,SH CP,Y,bovine caprine ovine porcine equine,SH - Slaughterhouse | CP - Cutting Plant,,
DE HE 30393 EG,Hof Raßner & Reutel GbR,Hermesbachweg 7,Frielendorf,34621,"Schwalm-Eder-Kreis,Regierungsbezirk Kassel,Hesse",Germany,EU-EFTA,RM,CP SH,Y,bovine ovine porcine,CP - Cutting Plant | SH - Slaughterhouse,,
DE NI 10107 EG,Hubert Bahlmann GmbH & Co. KG,Mühlenweg 30,Lindern (Oldenburg),49699,"Landkreis Cloppenburg,Lower Saxony",Germany,EU-EFTA,RM,SH CP,Y,,SH - Slaughterhouse | CP - Cutting Plant,,
DE ES 404 EG / DE EZ 581,Hülshorst GmbH & Co. KG,Hiegersweg 15,Verl,33415,"Kreis Gütersloh,Regierungsbezirk Detmold,North Rhine-Westphalia",Germany,EU-EFTA,RM,SH CP,Y,bovine caprine ovine porcine,SH - Slaughterhouse | CP - Cutting Plant,,
DE BY 30421 EG,J. Ackermann Landmetzgerei GmbH,Kurbersdorfer Str. 7,Trabitz,92724,"Landkreis Neustadt an der Waldnaab,Upper Palatinate,Bavaria",Germany,EU-EFTA,RM,CP SH,Y,bovine ovine porcine caprine,CP - Cutting Plant | SH - Slaughterhouse,,
055540080403,J.B. Schlachthof GmbH,Mussumer Ringstr. 10,Bocholt,46395,"Kreis Borken,Regierungsbezirk Münster,North Rhine-Westphalia",Germany,EU-EFTA,RM,SH,Y,,SH - Slaughterhouse,,
DE NI 10002 EG,Jade Schlachthof Wilhelmshaven GmbH,Zum Maadesiel 1,Wilhelmshaven,26384,"Wilhelmshaven,Lower Saxony",Germany,EU-EFTA,RM,SH,Y,bovine,SH - Slaughterhouse,,
DE055540080125,Josef Brüninghoff GmbH & Co.KG,Mussumer Ringstr. 10,Bocholt,46395,"Kreis Borken,Regierungsbezirk Münster,North Rhine-Westphalia",Germany,EU-EFTA,RM,SH,Y,,SH - Slaughterhouse,,
55540080125,Josef Brüninghoff GmbH & Co.KG,Mussumer Ringstr.10,Bocholt,46395,"Kreis Borken,Regierungsbezirk Münster,North Rhine-Westphalia",Germany,EU-EFTA,RM,CP,N,,CP - Cutting Plant,,
DE NI 12671 EG,Josef Franitza GmbH,Seligmannallee 3,Hanover,30173,Landeshauptstadt Hannover,Germany,EU-EFTA,RM,CP,N,bovine porcine,CP - Cutting Plant,,
DE BY 30348 EG,Josef Karl,Gschieß 12,Weiding,93495,"Landkreis Cham,Upper Palatinate,Bavaria",Germany,EU-EFTA,RM,SH,Y,,SH - Slaughterhouse,,
DE BY 11132,Josef Maier GmbH & Co. KG,Justus-von-Liebig-Str. 48,Landsberg am Lech,86899,"Landkreis Landsberg am Lech,Upper Bavaria,Bavaria",Germany,EU-EFTA,RM,CP,N,,CP - Cutting Plant,,
DE NW 90004 EG,Josef Schmäing GmbH,Aeckern 12a,Reken,48734,"Kreis Borken,Regierungsbezirk Münster,North Rhine-Westphalia",Germany,EU-EFTA,RM,SH,Y,bovine caprine ovine porcine equine,SH - Slaughterhouse,,
NI 13311,Josef Schnabels GmbH & CO. KG,Brüsseler Str. 1,Georgsmarienhütte,49124,"Landkreis Osnabrück,Lower Saxony",Germany,EU-EFTA,RM,CP,N,,CP - Cutting Plant,,
DE NI 11187,Josef Wernke GmbH EG-Schlacht- und Zerlegebetrieb Import-Export,Garreler Weg 90,Cloppenburg,49661,"Landkreis Cloppenburg,Lower Saxony",Germany,EU-EFTA,RM,SH CP,Y,,SH - Slaughterhouse | CP - Cutting Plant,,
BW 54077,Judith Wohlfarth / Hofgut Silva,Hesselbach 46,Oberkirch,77704,"Ortenaukreis,Regierungsbezirk Freiburg,Baden-Württemberg",Germany,EU-EFTA,RM,SH,Y,,SH - Slaughterhouse,,
DE NW 90077 EG,Jürgen Böwing GmbH,Auf der Horst 20,Legden,48739,"Kreis Borken,Regierungsbezirk Münster,North Rhine-Westphalia",Germany,EU-EFTA,RM,SH,Y,bovine,SH - Slaughterhouse,,
DE BW 54204 EG,Jürgen Decker & Armin Decker GbR,Gartenstraße 2 77756 Hausach,Hausach,77756,"Ortenaukreis,Regierungsbezirk Freiburg,Baden-Württemberg",Germany,EU-EFTA,RM,CP,N,,CP - Cutting Plant,,
DE BY 70823 EG,KKS Hartung GmbH Fleischerei / Metzgereivereinigung Füssen,Am Kühbrunnen 10,Füssen,87629,"Landkreis Ostallgäu,Swabia,Bavaria",Germany,EU-EFTA,RM,CP SH,Y,bovine caprine ovine porcine equine,CP - Cutting Plant | SH - Slaughterhouse,,
DE NW 82007,KM Fleisch GmbH,Emscherstraße 59,Gelsenkirchen,45891,"Gelsenkirchen,Regierungsbezirk Münster,North Rhine-Westphalia",Germany,EU-EFTA,RM,CP,N,bovine ovine,CP - Cutting Plant,,
DE BB 60017 EG,Kah-Ra-Man Döner Produktion GmbH,Glaserwinkel 1,Ahrensfelde,16356,"Landkreis Barnim,Brandenburg",Germany,EU-EFTA,RM,CP,N,bovine,CP - Cutting Plant,,
DE NW 50561,Karan Handels GmbH,Büdericher Straße 5,Neuss,41460,"Rhein-Kreis Neuss,Regierungsbezirk Düsseldorf,North Rhine-Westphalia",Germany,EU-EFTA,RM,CP,N,ovine bovine,CP - Cutting Plant,,
EZ 560,Kasteel GmbH,Krefelder Straße 686,Mönchengladbach,41066,"Mönchengladbach,Regierungsbezirk Düsseldorf,North Rhine-Westphalia",Germany,EU-EFTA,RM,CP,N,,CP - Cutting Plant,,
DE TH 02555,Kaufland Fleischwaren Heiligenstadt GmbH & Co. KG,Hugo-Engelmann-Straße 2,Heilbad Heiligenstadt,37308,"Landkreis Eichsfeld,Thuringia",Germany,EU-EFTA,RM,CP,N,,CP - Cutting Plant,,
DE BW 01100,Kaufland Fleischwaren SB GmbH & Co. KG,Habichtshöfe 1,Möckmühl,74219,"Landkreis Heilbronn,Regierungsbezirk Stuttgart,Baden-Württemberg",Germany,EU-EFTA,RM,CP,N,,CP - Cutting Plant,,
NW 86457,Keinhörster GmbH & Co. KG,Bruchweg 59,Recklinghausen,45659,"Kreis Recklinghausen,Regierungsbezirk Münster,North Rhine-Westphalia",Germany,EU-EFTA,RM,CP,N,porcine,CP - Cutting Plant,,
DE BW 13001 EG,"Kerler, Markus",Hochsträßhof 2,Gerstetten,89547,"Landkreis Heidenheim,Regierungsbezirk Stuttgart,Baden-Württemberg",Germany,EU-EFTA,RM,CP SH,Y,,CP - Cutting Plant | SH - Slaughterhouse,,
DE RP 20007 EG,Kieffer GmbH & Co. KG,Kapellerstrasse 5,Bad Bergzabern,76887,"Landkreis Südliche Weinstraße,Rhineland-Palatinate",Germany,EU-EFTA,RM,SH CP,Y,bovine caprine ovine equine porcine,SH - Slaughterhouse | CP - Cutting Plant,,
DE EZ 829,Klaas + Pitsch Fleisch- und Wurstwaren GmbH,Industriestraße 51,Freudenberg,57258,"Kreis Siegen-Wittgenstein,Regierungsbezirk Arnsberg,North Rhine-Westphalia",Germany,EU-EFTA,RM,CP,N,bovine equine porcine,CP - Cutting Plant,,
NW90007,Klaus Gebing GmbH & Co. KG,Goethestr. 10,Legden,48739,"Kreis Borken,Regierungsbezirk Münster,North Rhine-Westphalia",Germany,EU-EFTA,RM,CP SH,Y,,CP - Cutting Plant | SH - Slaughterhouse,,
EZ 592,Klein Geflügelfeinkost GmbH & Co. KG,Schmiedestraße 3,Drensteinfurt,48317,"Kreis Warendorf,Regierungsbezirk Münster,North Rhine-Westphalia",Germany,EU-EFTA,RM,CP,N,,CP - Cutting Plant,,
DE NW 70082,Kremer Qualitätsfleisch GmbH,OT Neuehrenfeld Liebigstraße 120,Cologne,50823,"Cologne,Cologne Government Region,North Rhine-Westphalia",Germany,EU-EFTA,RM,CP,N,,CP - Cutting Plant,,
DE SL 30277,Kunzler Fleischwarenfabrik GmbH & Co. KG,Ott-Kunzler-Straße 1,Überherrn,66802,"Landkreis Saarlouis,Saarland",Germany,EU-EFTA,RM,CP,N,,CP - Cutting Plant,,
DE EZ 722 EG,Kurt Heinrich Kemink GmbH & Co. KG,Gelderblomstr. 1,Duisburg,47138,"Duisburg,Regierungsbezirk Düsseldorf,North Rhine-Westphalia",Germany,EU-EFTA,RM,CP,N,porcine bovine,CP - Cutting Plant,,
DE NI 11750 EG,LTC Lohner Tiefkühl Center GmbH,Krimpenforter Berg 3,Lohne (Oldenburg),49393,"Landkreis Vechta,Lower Saxony",Germany,EU-EFTA,RM,CP,N,,CP - Cutting Plant,,
DE ES 1546 EG,Laame GmbH & Co.KG,Buchenhofen 26,Wuppertal,42329,"Wuppertal,Regierungsbezirk Düsseldorf,North Rhine-Westphalia",Germany,EU-EFTA,RM,SH,Y,bovine ovine,SH - Slaughterhouse,,
DE NW 40023 EG,Laame GmbH & Co.KG,Buchenhofen 26,Wuppertal,42329,"Wuppertal,Regierungsbezirk Düsseldorf,North Rhine-Westphalia",Germany,EU-EFTA,RM,CP,N,bovine,CP - Cutting Plant,,
DE BW 05036 EG,Lackmann Fleisch- und Feinkostfabrik GmbH,Carl-Benz-Straße 10,Willstätt,77731,"Ortenaukreis,Regierungsbezirk Freiburg,Baden-Württemberg",Germany,EU-EFTA,RM,CP,N,bovine equine ovine porcine caprine,CP - Cutting Plant,,
DE BW 13015 EG,Lamm-Metzgerei Färber,Aalener Str. 2,Königsbronn,89551,"Landkreis Heidenheim,Regierungsbezirk Stuttgart,Baden-Württemberg",Germany,EU-EFTA,RM,SH CP,Y,,SH - Slaughterhouse | CP - Cutting Plant,,
DE RP 21019 EG,"Landfleischerei Keller, Stephan",Wasgauschäferei 2,Busenberg,76891,"Landkreis Südwestpfalz,Rhineland-Palatinate",Germany,EU-EFTA,RM,CP SH,Y,bovine caprine ovine porcine,CP - Cutting Plant | SH - Slaughterhouse,,
DE RP 05048,Landmetzgerei Bartz,Kreuzerweg 24,Prüm,54595,"Eifelkreis Bitburg-Prüm,Rhineland-Palatinate",Germany,EU-EFTA,RM,CP SH,Y,bovine caprine ovine porcine,CP - Cutting Plant | SH - Slaughterhouse,,
DE RP 05011 EG,Landmetzgerei Bartz,Hillstraße 29,Spangdahlem,54529,"Eifelkreis Bitburg-Prüm,Rhineland-Palatinate",Germany,EU-EFTA,RM,SH,Y,bovine,SH - Slaughterhouse,,
DE RP 22010 EG,Landmetzgerei Lothar Klos,Bahnhofstraße 3,Zerf,54314,"Landkreis Trier-Saarburg,Rhineland-Palatinate",Germany,EU-EFTA,RM,CP,N,bovine porcine,CP - Cutting Plant,,
DE SL-ES-001 EG,Landmetzgerei Walter Austgen,Hausbacher Str. 22,Merzig,66663,"Landkreis Merzig-Wadern,Saarland",Germany,EU-EFTA,RM,SH,Y,bovine porcine,SH - Slaughterhouse,,
DE SH 00111,Landschlachterei Petersen GmbH & Co.KG,Engbrück 2,Bollingstedt,24855,"Kreis Schleswig-Flensburg,Schleswig-Holstein",Germany,EU-EFTA,RM,SH,Y,,SH - Slaughterhouse,,
DE BY 70258 EG,Landwirtschaftliche Schlachtgemeinschaft Oberstdorf-Kleinwalsertal e.V.,Rubinger Str. 33,Oberstdorf,87561,"Landkreis Oberallgäu,Swabia,Bavaria",Germany,EU-EFTA,RM,SH,Y,bovine caprine ovine porcine equine,SH - Slaughterhouse,,
DE ES 330 EG,Leine Fleisch GmbH,Oesseler Str 44,Laatzen,30880,"Region Hannover,Lower Saxony",Germany,EU-EFTA,RM,SH,Y,porcine,SH - Slaughterhouse,,
DE091821190501,Leonhard Reischl,Rain 43,Hausham,83734,"Landkreis Miesbach,Upper Bavaria,Bavaria",Germany,EU-EFTA,RM,SH,Y,,SH - Slaughterhouse,,
DE NW 81904,Libreco Food Service GmbH & Co. KG,Europastraße 12,Gelsenkirchen,45888,"Gelsenkirchen,Regierungsbezirk Münster,North Rhine-Westphalia",Germany,EU-EFTA,RM,CP,N,,CP - Cutting Plant,,
DE NW 10393,Lilyum Helal Fleisch GmbH,Heiliger Weg 60,Dortmund,44135,"Dortmund,Regierungsbezirk Arnsberg,North Rhine-Westphalia",Germany,EU-EFTA,RM,CP,N,,CP - Cutting Plant,,
DE NW 20133,Linex Handelsgesellschaft mbH,Im Hengstfeld 28,Lemgo,32657,"Kreis Lippe,Regierungsbezirk Detmold,North Rhine-Westphalia",Germany,EU-EFTA,RM,CP,N,,CP - Cutting Plant,,
DE BY 70718 EG,Lohnschlächterei Werner Schönberg,Mühlenbergstraße 49,Waltenhofen,87448,"Landkreis Oberallgäu,Swabia,Bavaria",Germany,EU-EFTA,RM,CP SH,Y,bovine ovine porcine,CP - Cutting Plant | SH - Slaughterhouse,,
DE NW 70587,"MIRAN GmbH, ALASKA Fleisch",Heidestraße 216,Cologne,51147,"Cologne,Cologne Government Region,North Rhine-Westphalia",Germany,EU-EFTA,RM,CP,N,bovine ovine,CP - Cutting Plant,,
DE NI 10152,MJM Meatprocessing & Handels GmbH,Mühlenstraße 3,Friesoythe,26169,"Landkreis Cloppenburg,Lower Saxony",Germany,EU-EFTA,RM,CP,N,,CP - Cutting Plant,,
DE NW 00023,Mahmud Fleischhandel GmbH,Heisenbergstraße 6,Unna,59423,"Kreis Unna,Regierungsbezirk Arnsberg,North Rhine-Westphalia",Germany,EU-EFTA,RM,CP,N,,CP - Cutting Plant,,
DE NW 50023 EG,Marlies Lupp,Landstraße 82,Grevenbroich,41516,"Rhein-Kreis Neuss,Regierungsbezirk Düsseldorf,North Rhine-Westphalia",Germany,EU-EFTA,RM,SH,Y,bovine caprine ovine,SH - Slaughterhouse,,
DE NW 84005 EG,Martin Telaar GmbH,Im Jägeringshof 17,Bocholt,46399,"Kreis Borken,Regierungsbezirk Münster,North Rhine-Westphalia",Germany,EU-EFTA,RM,CP SH,Y,bovine caprine porcine ovine equine,CP - Cutting Plant | SH - Slaughterhouse,,
071400670061,Mathias Piroth,Dickenschieder Str. 23,Kirchberg (Hunsrück),55481,"Rhein-Hunsrück-Kreis,Rhineland-Palatinate",Germany,EU-EFTA,RM,SH,Y,,SH - Slaughterhouse,,
DE SH 00458 EG,Mathilde Balzer GmbH & Co. KG,Kurt-Fischer-Straße 45,Ahrensburg,22926,"Kreis Stormarn,Schleswig-Holstein",Germany,EU-EFTA,RM,CP,N,bovine ovine,CP - Cutting Plant,,
091610001200,Meilinger Vieh- und Fleischhandel GmbH,Scheelestr. 16,Ingolstadt,85053,"Ingolstadt,Upper Bavaria,Bavaria",Germany,EU-EFTA,RM,CP,N,,CP - Cutting Plant,,
DE BY-EZ 308,Meindl Metzgerei GmbH,Alte Weidinger Straße 2,Schönsee,92539,"Landkreis Schwandorf,Upper Palatinate,Bavaria",Germany,EU-EFTA,RM,CP,N,bovine equine porcine ovine caprine,CP - Cutting Plant,,
DE BY-ES 308 EG,Meindl Viehhandels GmbH,Alte Weidinger Straße 2,Schönsee,92539,"Landkreis Schwandorf,Upper Palatinate,Bavaria",Germany,EU-EFTA,RM,SH,Y,bovine porcine,SH - Slaughterhouse,,
DE 08 336 079 0056,Meratat Food GmbH,Tunauer Str. 11,Schönau im Schwarzwald,79677,"Landkreis Lörrach,Regierungsbezirk Freiburg,Baden-Württemberg",Germany,EU-EFTA,RM,SH,Y,,SH - Slaughterhouse,,
DE BW 01052 EG,Metzgerei Andreas Heußler,Kammerweg 7,Dettingen am Albuch,89547,"Landkreis Heidenheim,Regierungsbezirk Stuttgart,Baden-Württemberg",Germany,EU-EFTA,RM,CP SH,Y,,CP - Cutting Plant | SH - Slaughterhouse,,
DE SL 90006,Metzgerei Bastuck,Koblenzer Straße 90,Lebach,66822,"Landkreis Saarlouis,Saarland",Germany,EU-EFTA,RM,SH,Y,caprine ovine porcine bovine,SH - Slaughterhouse,,
DE BW 13024 EG,Metzgerei Baurschmid,Schulstr. 12,Dischingen,89561,"Landkreis Heidenheim,Regierungsbezirk Stuttgart,Baden-Württemberg",Germany,EU-EFTA,RM,SH CP,Y,,SH - Slaughterhouse | CP - Cutting Plant,,
DE BW 13020 EG,Metzgerei Bayer,Nördlinger Str. 93,Dischingen,89561,"Landkreis Heidenheim,Regierungsbezirk Stuttgart,Baden-Württemberg",Germany,EU-EFTA,RM,SH CP,Y,,SH - Slaughterhouse | CP - Cutting Plant,,
DE BW 13028 EG,Metzgerei Bosch,Karlstr. 14,Hermaringen,89568,"Landkreis Heidenheim,Regierungsbezirk Stuttgart,Baden-Württemberg",Germany,EU-EFTA,RM,CP SH,Y,,CP - Cutting Plant | SH - Slaughterhouse,,
VO-853/2004-DE BW-07019,Metzgerei Frick GmbH,Bahnhofstr. 13,Krauchenwies,72505,"Landkreis Sigmaringen,Regierungsbezirk Tübingen,Baden-Württemberg",Germany,EU-EFTA,RM,CP,N,bovine caprine ovine porcine,CP - Cutting Plant,,
DE BW 13052 EG,Metzgerei Gröner,Götzenbrunnenstr. 6,Hermaringen,89568,"Landkreis Heidenheim,Regierungsbezirk Stuttgart,Baden-Württemberg",Germany,EU-EFTA,RM,SH CP,Y,,SH - Slaughterhouse | CP - Cutting Plant,,
DE SL 90003,Metzgerei Göller GmbH,Seelbacher Straße 16,Blieskastel,66440,"Saarpfalz-Kreis,Saarland",Germany,EU-EFTA,RM,SH,Y,caprine ovine bovine,SH - Slaughterhouse,,
DE BY 30284 EG,Metzgerei Günther Härtl,Klenauer Weg 2,Tirschenreuth,95643,"Landkreis Tirschenreuth,Upper Palatinate,Bavaria",Germany,EU-EFTA,RM,CP,N,bovine porcine,CP - Cutting Plant,,
DE BY 30587 EG,Metzgerei Hellerbrand,Birkertweg 2,Freudenberg,92272,"Landkreis Amberg-Sulzbach,Upper Palatinate,Bavaria",Germany,EU-EFTA,RM,CP SH,Y,bovine ovine,CP - Cutting Plant | SH - Slaughterhouse,,
DE BY 30193 EG,Metzgerei Herbert Emmer,Hauptstr.18,Treffelstein,93492,"Landkreis Cham,Upper Palatinate,Bavaria",Germany,EU-EFTA,RM,CP SH,Y,bovine ovine equine,CP - Cutting Plant | SH - Slaughterhouse,,
BW 01030,Metzgerei Häfele GmbH,Hauptstraße 50,Ilsfeld,74360,"Landkreis Heilbronn,Regierungsbezirk Stuttgart,Baden-Württemberg",Germany,EU-EFTA,RM,SH,Y,bovine porcine,SH - Slaughterhouse,,
DE BW 13050 EG,Metzgerei Illenberge,Wedelstr. 15,Herbrechtingen,89542,"Landkreis Heidenheim,Regierungsbezirk Stuttgart,Baden-Württemberg",Germany,EU-EFTA,RM,CP,N,,CP - Cutting Plant,,
DE BW 54002 EG,Metzgerei Keck GbR,Rheinwaldstraße 24,Kehl,77694,"Ortenaukreis,Regierungsbezirk Freiburg,Baden-Württemberg",Germany,EU-EFTA,RM,CP SH,Y,bovine caprine ovine porcine,CP - Cutting Plant | SH - Slaughterhouse,,
DE BY 10776,Metzgerei Magnus Bauch,Thalkirchner Straße 61-65,Munich,80337,"Munich,Upper Bavaria,Bavaria",Germany,EU-EFTA,RM,CP,N,,CP - Cutting Plant,,
DE SL 12000,Metzgerei Martin,Nauwies 12,Überherrn,66802,"Landkreis Saarlouis,Saarland",Germany,EU-EFTA,RM,CP SH,Y,caprine ovine porcine bovine,CP - Cutting Plant | SH - Slaughterhouse,,
DE BY 70052,Metzgerei Max Hiesinger,Weststr. 22,Oberstdorf,87561,"Landkreis Oberallgäu,Swabia,Bavaria",Germany,EU-EFTA,RM,CP SH,Y,bovine porcine,CP - Cutting Plant | SH - Slaughterhouse,,
DE RP 10018 EG,Metzgerei Partyservice Scherer GbR,Luitpoldstraße 77,Hatzenbühl,76770,"Landkreis Germersheim,Rhineland-Palatinate",Germany,EU-EFTA,RM,CP SH,Y,bovine caprine porcine equine ovine,CP - Cutting Plant | SH - Slaughterhouse,,
DE BY 70841 EG,Metzgerei Riedhofer,Mühlenweg 3,Eisenberg,87637,"Landkreis Ostallgäu,Swabia,Bavaria",Germany,EU-EFTA,RM,CP SH,Y,bovine porcine,CP - Cutting Plant | SH - Slaughterhouse,,
DE SL 90008,Metzgerei Rudi Schuler,Am Marktplatz 5,Weiskirchen,66709,"Landkreis Merzig-Wadern,Saarland",Germany,EU-EFTA,RM,SH,Y,ovine bovine,SH - Slaughterhouse,,
083160120047/DE - BW 51002 - EG,Metzgerei Sexauer Gmbh,Bahnhofstr. 8,Königschaffhausen,79346,"Landkreis Emmendingen,Regierungsbezirk Freiburg,Baden-Württemberg",Germany,EU-EFTA,RM,SH,Y,bovine,SH - Slaughterhouse,,
DE SL 90002 EG,Metzgerei Steuer-Wagner,Trierer Strasse 11,Losheim am See,66679,"Landkreis Merzig-Wadern,Saarland",Germany,EU-EFTA,RM,SH,Y,,SH - Slaughterhouse,,
DE BY 20068,Metzgerland Fleischprodukte GmbH,Säumerstraße 3,Vilshofen an der Donau,94474,"Landkreis Passau,Lower Bavaria,Bavaria",Germany,EU-EFTA,RM,CP,N,,CP - Cutting Plant,,
DE BY 50499,Monolith Fleisch- und Teigwarenfabrik,Liebigstraße 12,Schwabach,91126,"Schwabach,Middle Franconia,Bavaria",Germany,EU-EFTA,RM,CP,N,porcine,CP - Cutting Plant,,
DE NI 10756,Morgenland Import-Export Gastronomie Belieferung GmbH,Am Tönniesberg 16-18,Hanover,30453,Landeshauptstadt Hannover,Germany,EU-EFTA,RM,CP,N,,CP - Cutting Plant,,
DE BY 21458,"Mottinger Hof, Inh. Klaus Weichslgartner",Motting 33,Vilsbiburg,84137,"Landkreis Landshut,Lower Bavaria,Bavaria",Germany,EU-EFTA,RM,SH,Y,,SH - Slaughterhouse,,
"ES 1535, TH 03400",Mühlhäuser Fleisch GmbH,Thomas-Müntzer-Str. 27,Mühlhausen/Thüringen,99974,"Unstrut-Hainich-Kreis,Thuringia",Germany,EU-EFTA,RM,CP SH,Y,bovine caprine ovine porcine equine,CP - Cutting Plant | SH - Slaughterhouse,,
DE BW 03550 EG,Müller Fleisch GmbH,Industriestraße 42,Birkenfeld,75217,"Enzkreis,Regierungsbezirk Karlsruhe,Baden-Württemberg",Germany,EU-EFTA,RM,SH CP,Y,bovine ovine porcine,SH - Slaughterhouse | CP - Cutting Plant,,
DE NI 10860,NWT-CT GmbH,Industriestraße 19,Twist,49767,"Landkreis Emsland,Lower Saxony",Germany,EU-EFTA,RM,CP,N,,CP - Cutting Plant,,
DE 12 072 053 0132,Naturfleisch Heinsdorf GmbH,Heinsdorf-Lieper Weg 1,Dahme/Mark,15936,"Landkreis Teltow-Fläming,Brandenburg",Germany,EU-EFTA,RM,SH,Y,,SH - Slaughterhouse,,
DE BY 10280 EG,Neuburger Schlachthof Betriebsgesellschaft,Robert-Widmer-Str. 5,Neuburg an der Donau,86633,"Landkreis Neuburg-Schrobenhausen,Upper Bavaria,Bavaria",Germany,EU-EFTA,RM,SH,Y,,SH - Slaughterhouse,,
DE NW 70584 EG,Nießen GmbH,Cockerillstraße 107,Stolberg,52222,"Städteregion Aachen,Cologne Government Region,North Rhine-Westphalia",Germany,EU-EFTA,RM,CP SH,Y,bovine caprine ovine porcine,CP - Cutting Plant | SH - Slaughterhouse,,
DE BY 11016 EG,Nikolaus Bartl,Berg 14a,Tuntenhausen,83104,"Landkreis Rosenheim,Upper Bavaria,Bavaria",Germany,EU-EFTA,RM,SH,Y,bovine caprine ovine porcine,SH - Slaughterhouse,,
DE NI 10861 EG,Nordfrost GmbH & Co. KG,Emsteker Straße 4,Emstek,49685,"Landkreis Cloppenburg,Lower Saxony",Germany,EU-EFTA,RM,CP,N,,CP - Cutting Plant,,
DE NW-EZ 320 EG,Nordfrost GmbH & Co. KG,Beckerfelder Straße 96,Duisburg,47269,"Duisburg,Regierungsbezirk Düsseldorf,North Rhine-Westphalia",Germany,EU-EFTA,RM,CP,N,,CP - Cutting Plant,,
DE EZ 202 EG,Nordfrost GmbH & Co. KG,Im Industriegelände 25,Versmold,33775,"Kreis Gütersloh,Regierungsbezirk Detmold,North Rhine-Westphalia",Germany,EU-EFTA,RM,CP,N,,CP - Cutting Plant,,
DE HH 00033,Nordfrost GmbH & Co. KG,Hovestraße 72,Hamburg,20539,Hamburg,Germany,EU-EFTA,RM,CP,N,,CP - Cutting Plant,,
DE NI 11700,Nordfrost GmbH & Co. KG,Pazifik 25-45,Wilhelmshaven,26388,"Wilhelmshaven,Lower Saxony",Germany,EU-EFTA,RM,CP,N,,CP - Cutting Plant,,
DE NI 10084 EG,Nordfrost GmbH & Co. KG,Im Gewerbegebiet 22,Schortens,26419,"Landkreis Friesland,Lower Saxony",Germany,EU-EFTA,RM,CP,N,bovine,CP - Cutting Plant,,
DE ST 00824,Nordfrost GmbH & Co. KG,Roßlauer Straße 51,Zerbst,39261,"Landkreis Anhalt-Bitterfeld,Saxony-Anhalt",Germany,EU-EFTA,RM,CP,N,bovine porcine,CP - Cutting Plant,,
DE NW-EZ 550,Nordfrost GmbH & Co. KG,Emscher Straße 43,Gelsenkirchen,45891,"Gelsenkirchen,Regierungsbezirk Münster,North Rhine-Westphalia",Germany,EU-EFTA,RM,CP,N,,CP - Cutting Plant,,
DE BW-EZ 308,Obere Metzgerei Franz Winterhalter GmbH,Schwarzwaldstraße 4,Elzach,79215,"Landkreis Emmendingen,Regierungsbezirk Freiburg,Baden-Württemberg",Germany,EU-EFTA,RM,CP,N,,CP - Cutting Plant,,
DE EZ 1783,Okle GmbH Großhandelszentrale,Hochwaldstraße 1-7,Singen (Hohentwiel),78224,"Landkreis Konstanz,Regierungsbezirk Freiburg,Baden-Württemberg",Germany,EU-EFTA,RM,CP,N,,CP - Cutting Plant,,
DE BW 01007,Omega Sorg GmbH,Margarete-Steiff-Straße 22,Essingen,73457,"Ostalbkreis,Regierungsbezirk Stuttgart,Baden-Württemberg",Germany,EU-EFTA,RM,CP,N,bovine porcine,CP - Cutting Plant,,
DE NW 50114,Omnia Meat GmbH,Lützowstraße 12,Essen,45141,"Essen,Regierungsbezirk Düsseldorf,North Rhine-Westphalia",Germany,EU-EFTA,RM,CP,N,bovine ovine,CP - Cutting Plant,,
ES 199,Otto Vollertsen GmbH,Mühlenstr. 15,Satrup,24986,"Kreis Schleswig-Flensburg,Schleswig-Holstein",Germany,EU-EFTA,RM,SH,Y,,SH - Slaughterhouse,,
DE NW 30017 EG,Paul Schröder,Friedrichstr. 19,Bad Lippspringe,33175,"Kreis Paderborn,Regierungsbezirk Detmold,North Rhine-Westphalia",Germany,EU-EFTA,RM,CP SH,Y,bovine porcine,CP - Cutting Plant | SH - Slaughterhouse,,
DE HH 00001,Peter Mattfeld & Sohn GmbH,Lagerstraße 17,Hamburg,20357,Hamburg,Germany,EU-EFTA,RM,CP,N,,CP - Cutting Plant,,
HH-EZ5,Peter Wendt,Lagerstr. 17,Hamburg,20357,Hamburg,Germany,EU-EFTA,RM,CP,N,,CP - Cutting Plant,,
SL-EZ 105 EG,Peter Zenz GmbH,Suedstrasse 1,Rehlingen-Siersburg,66780,"Landkreis Saarlouis,Saarland",Germany,EU-EFTA,RM,CP,N,,CP - Cutting Plant,,
NW 90518,Promeat GmbH,Raiffeisenring 2,Bocholt,46395,"Kreis Borken,Regierungsbezirk Münster,North Rhine-Westphalia",Germany,EU-EFTA,RM,CP,N,porcine,CP - Cutting Plant,,
DE BE 10182 EG,Provinz Food GmbH,Quickborner Str. 48-50,Berlin,13439,Berlin,Germany,EU-EFTA,RM,CP,N,,CP - Cutting Plant,,
MV 21848,R. THOMSEN GMBH FLEISCHGROSSHANDEL,BAHNHOFSTR 22,Bützow,18246,"Landkreis Rostock,Mecklenburg-Vorpommern",Germany,EU-EFTA,RM,CP,N,,CP - Cutting Plant,,
01 061 0495 200 / DE ES 91,R. Thomsen EU-Großschlachterei GmbH,Neuer Kamp 1,Kellinghusen,25548,"Kreis Steinburg,Schleswig-Holstein",Germany,EU-EFTA,RM,SH,Y,porcine,SH - Slaughterhouse,,
DE HE 1631 EG,RM Produktions GmbH & Co. KG,Industriestrasse 2,Rückers,36103,"Landkreis Fulda,Regierungsbezirk Kassel,Hesse",Germany,EU-EFTA,RM,CP,N,bovine equine porcine ovine caprine,CP - Cutting Plant,,
DE BW 50003 EG,Ralf Zähringer,Schmiege 22,Ehrenkirchen,79238,"Landkreis Breisgau-Hochschwarzwald,Regierungsbezirk Freiburg,Baden-Württemberg",Germany,EU-EFTA,RM,CP SH,Y,bovine caprine ovine porcine,CP - Cutting Plant | SH - Slaughterhouse,,
DE BY 60030,Rhönmetzgerei Arnold,Gefäll Feuerbergstraße 36,Burkardroth,97657,"Landkreis Bad Kissingen,Lower Franconia,Bavaria",Germany,EU-EFTA,RM,CP,N,,CP - Cutting Plant,,
NI 10922,Riedel GmbH & Co. KG,Hauptstraße35,Badbergen,49635,"Landkreis Osnabrück,Lower Saxony",Germany,EU-EFTA,RM,CP,N,bovine porcine,CP - Cutting Plant,,
DE NI 11000 EG,Rudolph Debbeler SCHWEDE Fleisch GmbH & Co. KG,Penter Straße 26,Wallenhorst,49134,"Landkreis Osnabrück,Lower Saxony",Germany,EU-EFTA,RM,CP,N,,CP - Cutting Plant,,
DE EZ 1464,Rüdiger Thomsen EG - Tiefkühl- und Lagerhaus GmbH & Co. KG,Bösterredder 23,Wankendorf,24601,"Kreis Plön,Schleswig-Holstein",Germany,EU-EFTA,RM,CP,N,,CP - Cutting Plant,,
DE NI 26160,Rügenwalder Mühle Carl Müller GmbH & Co. KG,Industriestraße 5,Bad Zwischenahn,26160,"Landkreis Ammerland,Lower Saxony",Germany,EU-EFTA,RM,CP,N,bovine caprine ovine equine porcine,CP - Cutting Plant,,
DE BY 21492,SBL Landshut GmbH,Am Banngraben 24,Landshut,84030,"Landshut,Lower Bavaria,Bavaria",Germany,EU-EFTA,RM,SH CP,Y,porcine,SH - Slaughterhouse | CP - Cutting Plant,,
DE NI 10565 EG,SFB Fleisch- und Kühlcentrale GmbH & Co. KG,Industriestraße 22,Holdorf,49451,"Landkreis Vechta,Lower Saxony",Germany,EU-EFTA,RM,CP,N,,CP - Cutting Plant,,
DE RP-ES 313 EG,SIMON-FLEISCH GMBH,GUTENBERGSTR. 12,Wittlich,54516,"Landkreis Bernkastel-Wittlich,Rhineland-Palatinate",Germany,EU-EFTA,RM,SH,Y,,SH - Slaughterhouse,,
DE RP-ES 313 EG; DE RP-EZ 335 EG,SIMON-Fleisch GmbH,Gutenbergstraße 12,Wittlich,54516,"Landkreis Bernkastel-Wittlich,Rhineland-Palatinate",Germany,EU-EFTA,RM,CP SH,Y,porcine,CP - Cutting Plant | SH - Slaughterhouse,,
DE NW 40007,Saygin GmbH,Lanterstraße 50,Dinslaken,46539,"Kreis Wesel,Regierungsbezirk Düsseldorf,North Rhine-Westphalia",Germany,EU-EFTA,RM,CP,N,bovine,CP - Cutting Plant,,
BY 70364,Schafschlachterei Felix Blanz,Winkelgasse 14,Bad Hindelang,87541,"Landkreis Oberallgäu,Swabia,Bavaria",Germany,EU-EFTA,RM,SH,Y,ovine,SH - Slaughterhouse,,
BY11685,Schanzer Fleisch GmbH,Scheelestraße 22,Ingolstadt,85053,"Ingolstadt,Upper Bavaria,Bavaria",Germany,EU-EFTA,RM,SH,Y,,SH - Slaughterhouse,,
DE BY 30158,Scherr Viehhandlung GbR,Wolfsbachstraße 17,Haag,92559,"Landkreis Schwandorf,Upper Palatinate,Bavaria",Germany,EU-EFTA,RM,SH,Y,,SH - Slaughterhouse,,
DE BY 50044,Schlachtbetrieb Alexander Bärlein-Denterlein GmbH,Werner - von - Siemens-Str. 3,Neustadt an der Aisch,91413,"Landkreis Neustadt an der Aisch-Bad Windsheim,Middle Franconia,Bavaria",Germany,EU-EFTA,RM,SH CP,Y,caprine ovine equine porcine bovine,SH - Slaughterhouse | CP - Cutting Plant,,
"DE BB EZ 1403 EG, DE BB ES 1403 EG",Schlachtbetrieb GmbH Perleberg,Ackerstrasse 4,Perleberg,19348,"Landkreis Prignitz,Brandenburg",Germany,EU-EFTA,RM,CP SH,Y,bovine porcine,CP - Cutting Plant | SH - Slaughterhouse,,
DE BY 60254,Schlachtbetrieb Michael Elbert,Wildensee 8,Eschau,63863,"Landkreis Miltenberg,Lower Franconia,Bavaria",Germany,EU-EFTA,RM,SH CP,Y,bovine ovine,SH - Slaughterhouse | CP - Cutting Plant,,
DE BY 70621,Schlachtbetrieb Michael Ettensperger,Schachenstraße 8,Oy-Mittelberg,87466,"Landkreis Oberallgäu,Swabia,Bavaria",Germany,EU-EFTA,RM,CP SH,Y,bovine caprine ovine porcine,CP - Cutting Plant | SH - Slaughterhouse,,
DE 09 187 168 0108,Schlachtbetrieb Richard Grosse,Pinswang 1,Rimsting,83253,"Landkreis Rosenheim,Upper Bavaria,Bavaria",Germany,EU-EFTA,RM,SH,Y,,SH - Slaughterhouse,,
SL 90016,Schlachtbetrieb Werner Schmidt,Kirchenstr. 44,Wallerfangen,66798,"Landkreis Saarlouis,Saarland",Germany,EU-EFTA,RM,SH,Y,bovine,SH - Slaughterhouse,,
DE BB 67011 EG,Schlachtbetrieb und Viehhandel Ludgerus Rave,Alte Poststraße 6,Heinersdorf,15518,"Landkreis Oder-Spree,Brandenburg",Germany,EU-EFTA,RM,CP SH,Y,equine porcine bovine caprine ovine,CP - Cutting Plant | SH - Slaughterhouse,,
DE RP 16009 EG,Schlachterei Jox GmbH,Dromersheimer Straße 42,Bingen am Rhein,55411,"Landkreis Mainz-Bingen,Rhineland-Palatinate",Germany,EU-EFTA,RM,SH,Y,bovine caprine ovine,SH - Slaughterhouse,,
DE NI 10091,Schlachterei Uhlen GmbH,Foppenkamp 1,"Lengerich, Emsland",49838,"Landkreis Emsland,Lower Saxony",Germany,EU-EFTA,RM,SH,Y,porcine,SH - Slaughterhouse,,
010590054614,Schlachterei und Viehhandel KG Siegfried Dalesch,Goosstroot 4,Bergenhusen,24861,"Kreis Schleswig-Flensburg,Schleswig-Holstein",Germany,EU-EFTA,RM,SH,Y,,SH - Slaughterhouse,,
DE 08 336 045 0042,Schlachthaus Sitzenkirch,Wässerleweg 5 79400 Kandern,Sitzenkirch,79400,"Landkreis Lörrach,Regierungsbezirk Freiburg,Baden-Württemberg",Germany,EU-EFTA,RM,SH,Y,,SH - Slaughterhouse,,
DE BY 77715 EG,Schlachthof Augsburg GmbH & Co. KG,Proviantbachstr. 3 c,Augsburg,86153,"Augsburg,Swabia,Bavaria",Germany,EU-EFTA,RM,SH,Y,bovine porcine,SH - Slaughterhouse,,
091721160159,Schlachthof Berchtesgaden,Bergwerkstraße 6,Berchtesgaden,83471,"Landkreis Berchtesgadener Land,Upper Bavaria,Bavaria",Germany,EU-EFTA,RM,SH,Y,,SH - Slaughterhouse,,
DE ES 163 EG,Schlachthof Betriebs GmbH,Schlachthofstr. 7,Zweibrücken,66497,"Zweibrücken,Rhineland-Palatinate",Germany,EU-EFTA,RM,SH,Y,bovine caprine ovine porcine equine,SH - Slaughterhouse,,
DE ES 1156 EG,Schlachthof Bühl GmbH,Industriestraße 30,Bühl,77815,"Landkreis Rastatt,Regierungsbezirk Karlsruhe,Baden-Württemberg",Germany,EU-EFTA,RM,SH,Y,bovine caprine ovine porcine,SH - Slaughterhouse,,
DE SH 00396,Schlachthof Erdem GmbH,Kirchweg 171,Henstedt-Ulzburg,24558,"Kreis Segeberg,Schleswig-Holstein",Germany,EU-EFTA,RM,SH CP,Y,bovine porcine,SH - Slaughterhouse | CP - Cutting Plant,,
BY 10635,Schlachthof Garmisch-Partenkirchen,Martinswinkelstraße 8,Garmisch-Partenkirchen,82467,"Landkreis Garmisch-Partenkirchen,Upper Bavaria,Bavaria",Germany,EU-EFTA,RM,CP SH,Y,,CP - Cutting Plant | SH - Slaughterhouse,,
BY 40300,Schlachthof Helmbrechts GmbH,Schlachthofstr. 7,Helmbrechts,95233,"Landkreis Hof,Upper Franconia,Bavaria",Germany,EU-EFTA,RM,SH,Y,,SH - Slaughterhouse,,
DE BY 60330 EG,Schlachthof Issing GmbH & Co.KG,OT Retzbach Obere Hauptstr. 39,Zellingen,97225,"Landkreis Main-Spessart,Lower Franconia,Bavaria",Germany,EU-EFTA,RM,CP SH,Y,bovine ovine caprine porcine,CP - Cutting Plant | SH - Slaughterhouse,,
NW 84019,Schlachthof Legden GmbH,Am Bahndamm 11,Legden,48739,"Kreis Borken,Regierungsbezirk Münster,North Rhine-Westphalia",Germany,EU-EFTA,RM,SH,Y,bovine,SH - Slaughterhouse,,
DE BY 40124 EG,Schlachthof Marktredwitz,Eger str. 63,Marktredwitz,95615,"Landkreis Wunsiedel im Fichtelgebirge,Upper Franconia,Bavaria",Germany,EU-EFTA,RM,SH,Y,bovine caprine ovine porcine equine,SH - Slaughterhouse,,
DE 09 262 000 0343,Schlachthof Passau GmbH,Schaldinger Str. 17,Passau,94036,"Passau,Lower Bavaria,Bavaria",Germany,EU-EFTA,RM,SH,Y,equine bovine caprine ovine porcine,SH - Slaughterhouse,,
NW 86304,Schlachthof Recklinghausen GmbH,Bruchweg 53,Recklinghausen,45659,"Kreis Recklinghausen,Regierungsbezirk Münster,North Rhine-Westphalia",Germany,EU-EFTA,RM,SH,Y,porcine,SH - Slaughterhouse,,
DE ES 304 EG,Schlachthof Recklinghausen GmbH,Bruchweg 53,Recklinghausen,45659,"Kreis Recklinghausen,Regierungsbezirk Münster,North Rhine-Westphalia",Germany,EU-EFTA,RM,SH,Y,porcine,SH - Slaughterhouse,,
DE RP 22002 EG,Schlachthof Saarburg,Erdenbach 40-42,Saarburg,54439,"Landkreis Trier-Saarburg,Rhineland-Palatinate",Germany,EU-EFTA,RM,CP SH,Y,bovine ovine porcine equine,CP - Cutting Plant | SH - Slaughterhouse,,
DE ES 343 EWG,Schlachthof Westphal GmbH,Dieselstr. 87-89,Herzebrock-Clarholz,33442,"Kreis Gütersloh,Regierungsbezirk Detmold,North Rhine-Westphalia",Germany,EU-EFTA,RM,SH,Y,bovine caprine ovine porcine equine,SH - Slaughterhouse,,
DE BW 03061 EG,Schlachthof-Betriebs GmbH,Zeilweg 13,Schefflenz,74850,"Neckar-Odenwald-Kreis,Regierungsbezirk Karlsruhe,Baden-Württemberg",Germany,EU-EFTA,RM,SH,Y,,SH - Slaughterhouse,,
DE ES 239 EG,Schlachthof-Betriebs GmbH,Tullastr. 73,Freiburg im Breisgau,79108,"Freiburg im Breisgau,Regierungsbezirk Freiburg,Baden-Württemberg",Germany,EU-EFTA,RM,SH,Y,bovine caprine ovine porcine equine,SH - Slaughterhouse,,
DE RP 05022 EG,Schlachtstätte Gerhard Meyers,Auf der Loch 1,Wallersheim,54597,"Eifelkreis Bitburg-Prüm,Rhineland-Palatinate",Germany,EU-EFTA,RM,CP SH,Y,bovine porcine ovine caprine,CP - Cutting Plant | SH - Slaughterhouse,,
DE BY 70140,Schlachtverein Waltenhofen,Rieggis 8,Waltenhofen,87448,"Landkreis Oberallgäu,Swabia,Bavaria",Germany,EU-EFTA,RM,SH,Y,bovine caprine ovine porcine,SH - Slaughterhouse,,
DE 08 415 048 0024/BW 74013,Schmauder Jürgen,Ulmer Str. 39,Mehrstetten,72537,"Landkreis Reutlingen,Regierungsbezirk Tübingen,Baden-Württemberg",Germany,EU-EFTA,RM,SH,Y,,SH - Slaughterhouse,,
DE EZ 850,Schulte & Sohn Fleischwaren GmbH & Co. KG,Marie-Bernays-Ring 40,Mönchengladbach,41199,"Mönchengladbach,Regierungsbezirk Düsseldorf,North Rhine-Westphalia",Germany,EU-EFTA,RM,CP,N,,CP - Cutting Plant,,
DE EZ 407 EG,Schwamm & Cie. GmbH,Bismarckstraße 144-154,Saarbrücken,66121,"Regionalverband Saarbrücken,Saarland",Germany,EU-EFTA,RM,CP,N,bovine caprine ovine porcine,CP - Cutting Plant,,
NI 17671,Schwarz Metzgereien GmbH,Hemm 15,Hemmoor,21745,"Landkreis Cuxhaven,Lower Saxony",Germany,EU-EFTA,RM,CP SH,Y,,CP - Cutting Plant | SH - Slaughterhouse,,
DE BW 13012 EG,Schäferei Holger Banzhaf,Schafhof 1,Gerstetten,89547,"Landkreis Heidenheim,Regierungsbezirk Stuttgart,Baden-Württemberg",Germany,EU-EFTA,RM,CP SH,Y,,CP - Cutting Plant | SH - Slaughterhouse,,
DE BW 13008 EG,Schäferei Ruth Häckh,Kehrweg 22,Sontheim an der Brenz,89567,"Landkreis Heidenheim,Regierungsbezirk Stuttgart,Baden-Württemberg",Germany,EU-EFTA,RM,SH CP,Y,,SH - Slaughterhouse | CP - Cutting Plant,,
DE BY 11118,"Schönegger Käse-Alm GmbH, Betrieb Pschorrhof",Steingadener Straße 8,Rottenbuch,82401,"Landkreis Weilheim-Schongau,Upper Bavaria,Bavaria",Germany,EU-EFTA,RM,CP,N,bovine caprine ovine equine porcine,CP - Cutting Plant,,
DE NI 11680,Sebastiano Pinzone GmbH,Domänenweg 13,Nienburg (Weser),31582,"Landkreis Nienburg/Weser,Lower Saxony",Germany,EU-EFTA,RM,CP,N,porcine,CP - Cutting Plant,,
DE BY 10385,Siegner Fleisch & Partner GmbH,Triebstraße18,Munich,80993,"Munich,Upper Bavaria,Bavaria",Germany,EU-EFTA,RM,CP,N,,CP - Cutting Plant,,
DE-BY-10274-EG,Stachel & Sohn GmbH,Brunnenerstr. 4,Niederarnbach,86564,"Landkreis Neuburg-Schrobenhausen,Upper Bavaria,Bavaria",Germany,EU-EFTA,RM,SH,Y,,SH - Slaughterhouse,,
08 336 014 0024,Stange Christoph,Gutenau 34,Efringen-Kirchen,79588,"Landkreis Lörrach,Regierungsbezirk Freiburg,Baden-Württemberg",Germany,EU-EFTA,RM,CP SH,Y,bovine caprine ovine porcine equine,CP - Cutting Plant | SH - Slaughterhouse,,
DE HH 00042,Steakmeister GmbH,Lagerstraße 11,Hamburg,20357,Hamburg,Germany,EU-EFTA,RM,CP,N,,CP - Cutting Plant,,
DE 09 780 145 0144 SH,Stefan Kraus Metzgerei,Dr. Bach Straße 10,Wertach,87497,"Landkreis Oberallgäu,Swabia,Bavaria",Germany,EU-EFTA,RM,SH,Y,,SH - Slaughterhouse,,
DE-NI 11106 -EG / DE 03 460 008 5746,Steinemann Natur Partner GmbH & Co. KG,Bahnhofstr. 78-80,Steinfeld,49439,"Landkreis Vechta,Lower Saxony",Germany,EU-EFTA,RM,SH,Y,bovine porcine,SH - Slaughterhouse,,
DE NI 10088,Steinemann pork processing GmbH & Co.KG,Harderberger Weg 18,Georgsmarienhütte,49124,"Landkreis Osnabrück,Lower Saxony",Germany,EU-EFTA,RM,CP SH,Y,,CP - Cutting Plant | SH - Slaughterhouse,,
SL 90000,Sternberg Schlacht- und Zerlegebetrieb,Normannenstr. 7,Perl,66706,"Landkreis Merzig-Wadern,Saarland",Germany,EU-EFTA,RM,SH,Y,bovine porcine caprine ovine,SH - Slaughterhouse,,
SH 00118,Stockhausen Gastro-Service GmbH,Siemensstr. 43,Rellingen,25462,"Kreis Pinneberg,Schleswig-Holstein",Germany,EU-EFTA,RM,CP,N,,CP - Cutting Plant,,
DE BW 07130,Süddeutsches Schweinefleischzentrum Ulm GmbH,Steinbeisstraße 17,Ulm,89079,"Ulm,Regierungsbezirk Tübingen,Baden-Württemberg",Germany,EU-EFTA,RM,CP SH,Y,porcine,CP - Cutting Plant | SH - Slaughterhouse,,
DE EZ 1652,Süß Fleischgroßhandel GmbH,Carl-Benz-Straße 16,Frankfurt am Main,60386,"Frankfurt am Main,Regierungsbezirk Darmstadt,Hesse",Germany,EU-EFTA,RM,CP,N,,CP - Cutting Plant,,
DE EZ 033,TCW - Tiefkühllogistik Center Wustermark GmbH,Kurt-Nagel-Straße 10,Wustermark,14641,"Landkreis Havelland,Brandenburg",Germany,EU-EFTA,RM,CP,N,,CP - Cutting Plant,,
DE BE 10184 EG,TEK Döner Fleisch GmbH,Flohrstraße 19,Berlin,13507,Berlin,Germany,EU-EFTA,RM,CP,N,,CP - Cutting Plant,,
DE NW 60036,TUNA FOOD GmbH,Richard-Byrd-Straße 14,Cologne,50829,"Cologne,Cologne Government Region,North Rhine-Westphalia",Germany,EU-EFTA,RM,CP,N,bovine ovine,CP - Cutting Plant,,
EZ-457,Theo Keinhörster Großschlachterei mit Fleischhandel e.K.,Bruchweg 59,Recklinghausen,45659,"Kreis Recklinghausen,Regierungsbezirk Münster,North Rhine-Westphalia",Germany,EU-EFTA,RM,CP,N,porcine,CP - Cutting Plant,,
BY 40240,Theodor Luther GmbH,Am Moos 20,Neustadt b. Coburg,96465,"Landkreis Coburg,Upper Franconia,Bavaria",Germany,EU-EFTA,RM,CP,N,,CP - Cutting Plant,,
DE BW 18151,"Thorwart Fleischwaren GmbH, Philipp Thorwart",Andreas-Bechdolf-Straße 12,Ellwangen (Jagst),73479,"Ostalbkreis,Regierungsbezirk Stuttgart,Baden-Württemberg",Germany,EU-EFTA,RM,CP,N,bovine porcine,CP - Cutting Plant,,
276051540600003 und ES 386,Thönes e.K. - Großschlachterei,Loeweg 15,Wachtendonk,47669,"Kreis Kleve,Regierungsbezirk Düsseldorf,North Rhine-Westphalia",Germany,EU-EFTA,RM,SH,Y,,SH - Slaughterhouse,,
007,Tieroase Nord,Röverskamp 5,Wardenburg,26203,"Landkreis Oldenburg,Lower Saxony",Germany,EU-EFTA,RM,SH,Y,,SH - Slaughterhouse,,
DE NW 20028,Tillman's Convenience GmbH,In der Mark 2,Rheda-Wiedenbrück,33378,"Kreis Gütersloh,Regierungsbezirk Detmold,North Rhine-Westphalia",Germany,EU-EFTA,RM,CP,N,bovine porcine,CP - Cutting Plant,,
DE BW 07088,Transgourmet Deutschland GmbH & Co. OHG,Eiselauer Weg 2,Ulm,89081,"Ulm,Regierungsbezirk Tübingen,Baden-Württemberg",Germany,EU-EFTA,RM,CP,N,bovine caprine ovine porcine,CP - Cutting Plant,,
DE NW 20033,Transmeat Schöller GmbH & Co. KG,Schützenstraße 9,Versmold,33775,"Kreis Gütersloh,Regierungsbezirk Detmold,North Rhine-Westphalia",Germany,EU-EFTA,RM,CP,N,,CP - Cutting Plant,,
DE EZ 917 EG,Tönnies Lebensmittel GmbH & Co. KG,In der Mark 2,Rheda-Wiedenbrück,33378,"Kreis Gütersloh,Regierungsbezirk Detmold,North Rhine-Westphalia",Germany,EU-EFTA,RM,CP,N,porcine,CP - Cutting Plant,,
DE NW 20202 EG,Tönnies Lebensmittel GmbH & Co. KG,In der Mark 2,Rheda-Wiedenbrück,33378,"Kreis Gütersloh,Regierungsbezirk Detmold,North Rhine-Westphalia",Germany,EU-EFTA,RM,CP SH,Y,porcine,CP - Cutting Plant | SH - Slaughterhouse,,
DE NI 10327 EG,Tönnies Rind GmbH & Co. KG,Bahnhofstraße 134,Badbergen,49635,"Landkreis Osnabrück,Lower Saxony",Germany,EU-EFTA,RM,CP SH,Y,bovine,CP - Cutting Plant | SH - Slaughterhouse,,
DE ST 00688 EG,Tönnies Zerlegebetrieb GmbH,Am Schlachthof 1,Weißenfels,06667,"Burgenlandkreis,Saxony-Anhalt",Germany,EU-EFTA,RM,CP,N,,CP - Cutting Plant,,
DE EZ 346 EG,Ulmer Fleisch GmbH,Steinbeisstraße 17,Ulm,89079,"Ulm,Regierungsbezirk Tübingen,Baden-Württemberg",Germany,EU-EFTA,RM,CP,N,caprine ovine equine porcine bovine,CP - Cutting Plant,,
DE EZ 738 EG,Ulmer Fleisch GmbH,Steinbeisstraße 17,Ulm,89079,"Ulm,Regierungsbezirk Tübingen,Baden-Württemberg",Germany,EU-EFTA,RM,CP,N,caprine ovine equine porcine bovine,CP - Cutting Plant,,
DE ES 101 EG,Ulmer Fleisch GmbH - Schlachtbetrieb,Steinbeisstraße 17,Ulm,89079,"Ulm,Regierungsbezirk Tübingen,Baden-Württemberg",Germany,EU-EFTA,RM,SH,Y,caprine ovine equine bovine,SH - Slaughterhouse,,
DE BY 50540 EG,Unifleisch Erlangen GmbH,Dechsendorfer Str. 11,Erlangen,91054,"Erlangen,Middle Franconia,Bavaria",Germany,EU-EFTA,RM,CP,N,bovine,CP - Cutting Plant,,
DE BY 77128 EG,VION Beef B.V.,Rudolf-Diesel-Straße 10,Buchloe,86807,"Landkreis Ostallgäu,Swabia,Bavaria",Germany,EU-EFTA,RM,SH CP,Y,bovine,SH - Slaughterhouse | CP - Cutting Plant,,
DE BY 60358,VION Convenience GmbH,Nordring 13,Großostheim,63762,"Landkreis Aschaffenburg,Lower Franconia,Bavaria",Germany,EU-EFTA,RM,CP,N,bovine porcine,CP - Cutting Plant,,
DE BW 01110 EG,VION Crailsheim GmbH,Tiefenbacher Str. 70,Crailsheim,74564,"Landkreis Schwäbisch Hall,Regierungsbezirk Stuttgart,Baden-Württemberg",Germany,EU-EFTA,RM,CP SH,Y,bovine porcine,CP - Cutting Plant | SH - Slaughterhouse,,
DE NI 11806,VION Emstek GmbH,Wilhelm-Bunsen-Straße 15,Emstek,49685,"Landkreis Cloppenburg,Lower Saxony",Germany,EU-EFTA,RM,CP SH,Y,,CP - Cutting Plant | SH - Slaughterhouse,,
DE BY 30379 EG,VION FKM Furth im Wald GmbH,Marienstraße 21a,Furth im Wald,93437,"Landkreis Cham,Upper Palatinate,Bavaria",Germany,EU-EFTA,RM,SH,Y,bovine,SH - Slaughterhouse,,
"DE EZ 181, DE ES 238",VION FKM Furth im Wald GmbH,Marienstraße 21a,Furth im Wald,93437,"Landkreis Cham,Upper Palatinate,Bavaria",Germany,EU-EFTA,RM,SH CP,Y,bovine,SH - Slaughterhouse | CP - Cutting Plant,,
DE NI 11399 EG,VION Holdorf GmbH,Industriestr. 22,Holdorf,49451,"Landkreis Vechta,Lower Saxony",Germany,EU-EFTA,RM,CP SH,Y,,CP - Cutting Plant | SH - Slaughterhouse,,
DE BY 10504 EG,VION Waldkraiburg GmbH,Traunreuter Straße 7,Waldkraiburg,84478,"Landkreis Mühldorf am Inn,Upper Bavaria,Bavaria",Germany,EU-EFTA,RM,SH CP,Y,bovine,SH - Slaughterhouse | CP - Cutting Plant,,
DE NW 50151 EG,Vieh- und Fleischhandel Gotzen GmbH & Co. KG,Roermonder Straße 212,Schwalmtal,41366,"Kreis Viersen,Regierungsbezirk Düsseldorf,North Rhine-Westphalia",Germany,EU-EFTA,RM,CP SH,Y,bovine porcine,CP - Cutting Plant | SH - Slaughterhouse,,
DE NI 10317 EG,Vieh- und Fleischhandel Merhold GmbH,Neue Straße 3,Söhlde,31185,"Landkreis Hildesheim,Lower Saxony",Germany,EU-EFTA,RM,CP SH,Y,bovine ovine porcine,CP - Cutting Plant | SH - Slaughterhouse,,
DE NW-EZ 1665,Vieh- und Fleischhandlung Richard Ehning,Weseker Straße 51,Borken,46325,"Kreis Borken,Regierungsbezirk Münster,North Rhine-Westphalia",Germany,EU-EFTA,RM,CP SH,Y,,CP - Cutting Plant | SH - Slaughterhouse,,
DE TH 01061 EG,Vion Altenburg GmbH,Am Poschwitzer Park 7,Altenburg,04600,"Landkreis Altenburger Land,Thuringia",Germany,EU-EFTA,RM,CP SH,Y,bovine,CP - Cutting Plant | SH - Slaughterhouse,,
"DE ES 138 EG, DE EZ 213 EG",Vion Bad Bramstedt GmbH,Tegelbarg 19 - 21,Bad Bramstedt,24576,"Kreis Segeberg,Schleswig-Holstein",Germany,EU-EFTA,RM,CP SH,Y,bovine caprine ovine porcine equine,CP - Cutting Plant | SH - Slaughterhouse,,
DE NW 40318 EG,Vion Hilden GmbH,Westring 21,Hilden,40721,"Kreis Mettmann,Regierungsbezirk Düsseldorf,North Rhine-Westphalia",Germany,EU-EFTA,RM,CP,N,bovine,CP - Cutting Plant,,
RP-EZ 306,Vital Fleisch GmbH,Lönnebergastraße 6,Speyer,67346,"Speyer,Rhineland-Palatinate",Germany,EU-EFTA,RM,CP,N,bovine porcine,CP - Cutting Plant,,
DE SN-EZ 049 EG,Vorwerk Podemus Biofleisch- und Wurstwaren GbR,Podemuser Ring 1,Dresden,01156,"Dresden,Saxony",Germany,EU-EFTA,RM,CP,N,bovine porcine ovine caprine,CP - Cutting Plant,,
DE SN-ES 049 EG,Vorwerk Podemus Biofleisch- und Wurstwaren GbR,Podemuser Ring 1,Dresden,01156,"Dresden,Saxony",Germany,EU-EFTA,RM,SH,Y,bovine porcine caprine ovine,SH - Slaughterhouse,,
DE NW 82254,Vossko GmbH & Co. KG,Vossko-Allee 1,Ostbevern,48346,"Kreis Warendorf,Regierungsbezirk Münster,North Rhine-Westphalia",Germany,EU-EFTA,RM,CP,N,bovine caprine ovine equine porcine,CP - Cutting Plant,,
BY 10558,Waller Magnus,Dorfstr. 2,Oberaudorf,83080,"Landkreis Rosenheim,Upper Bavaria,Bavaria",Germany,EU-EFTA,RM,SH,Y,,SH - Slaughterhouse,,
DE NI 20658 EG,Weidemark Fleischwaren GmbH & Co. KG,Industriestraße 11,Sögel,49751,"Landkreis Emsland,Lower Saxony",Germany,EU-EFTA,RM,CP SH,Y,,CP - Cutting Plant | SH - Slaughterhouse,,
DE NI 32500,WestCrown GmbH,Dieter-Fuchs-Str. 5-9,Dissen,49201,"Landkreis Osnabrück,Lower Saxony",Germany,EU-EFTA,RM,CP,N,porcine,CP - Cutting Plant,,
DE EZ 206 EG,Westfleisch Erkenschwick GmbH,Industriestraße 8-14,Oer-Erkenschwick,45739,"Kreis Recklinghausen,Regierungsbezirk Münster,North Rhine-Westphalia",Germany,EU-EFTA,RM,CP,N,porcine,CP - Cutting Plant,,
DE ES 249 EG,Westfleisch Erkenschwick GmbH - Schlachtbetrieb,Industriestraße 8-14,Oer-Erkenschwick,45739,"Kreis Recklinghausen,Regierungsbezirk Münster,North Rhine-Westphalia",Germany,EU-EFTA,RM,SH,Y,porcine,SH - Slaughterhouse,,
DE NI 10142 EG,Westfleisch SCE mbH Fleischcenter Bakum,Harmer Str. 25,Bakum,49456,"Landkreis Vechta,Lower Saxony",Germany,EU-EFTA,RM,CP SH,Y,,CP - Cutting Plant | SH - Slaughterhouse,,
DE EZ 320 EG,Westfleisch SCE mbH Fleischcenter Coesfeld,Stockum 2,Coesfeld,48653,"Kreis Coesfeld,Regierungsbezirk Münster,North Rhine-Westphalia",Germany,EU-EFTA,RM,CP,N,porcine,CP - Cutting Plant,,
DE ES 265 EG,Westfleisch SCE mbH Fleischcenter Coesfeld - Schlachtbetrieb,Stockum 2,Coesfeld,48653,"Kreis Coesfeld,Regierungsbezirk Münster,North Rhine-Westphalia",Germany,EU-EFTA,RM,SH,Y,porcine,SH - Slaughterhouse,,
DE EZ 119 EG,Westfleisch SCE mbH Fleischcenter Hamm,Kranstraße 32,Hamm,59071,"Hamm,Regierungsbezirk Arnsberg,North Rhine-Westphalia",Germany,EU-EFTA,RM,CP,N,porcine bovine,CP - Cutting Plant,,
DE NW 12000 EG,Westfleisch SCE mbH Fleischcenter Hamm,Kranstr. 32,Hamm,59071,"Hamm,Regierungsbezirk Arnsberg,North Rhine-Westphalia",Germany,EU-EFTA,RM,CP SH,Y,porcine,CP - Cutting Plant | SH - Slaughterhouse,,
DE ES 147 EG,Westfleisch SCE mbH Fleischcenter Hamm - Schlachtbetrieb,Kranstraße 32,Hamm,59071,"Hamm,Regierungsbezirk Arnsberg,North Rhine-Westphalia",Germany,EU-EFTA,RM,SH,Y,porcine bovine,SH - Slaughterhouse,,
DE NW 20150 EG,"Westfleisch SCE mbH, Fleischcenter Lübbecke",Rote-Mühle 54-56,Lübbecke,32312,"Kreis Minden-Lübbecke,Regierungsbezirk Detmold,North Rhine-Westphalia",Germany,EU-EFTA,RM,CP SH,Y,,CP - Cutting Plant | SH - Slaughterhouse,,
DE BY-EZ 717,Wiedemannfleisch GmbH & Co. KG,Proviantbachstraße 3a,Augsburg,86153,"Augsburg,Swabia,Bavaria",Germany,EU-EFTA,RM,CP,N,,CP - Cutting Plant,,
SL 90028,Wildspezialitäten Broszeit,Hermbacher Hof 1,Freisen,66629,"Landkreis St. Wendel,Saarland",Germany,EU-EFTA,RM,SH,Y,bovine caprine ovine porcine,SH - Slaughterhouse,,
DE EZ 794,Wilhelm Bannaski GmbH,Lagerstraße 11,Hamburg,20357,Hamburg,Germany,EU-EFTA,RM,CP,N,,CP - Cutting Plant,,
DE HE 10470 EG,Wilhelm Reitbauer GmbH,Bahnhofstraße 12,Höchst im Odenwald,64739,"Odenwaldkreis,Regierungsbezirk Darmstadt,Hesse",Germany,EU-EFTA,RM,CP SH,Y,bovine caprine ovine equine,CP - Cutting Plant | SH - Slaughterhouse,,
DE 0035424,Willms Fleisch GmbH,Carl-Zeiss-Str. 10,Wiehl,51674,"Oberbergischer Kreis,Cologne Government Region,North Rhine-Westphalia",Germany,EU-EFTA,RM,CP,N,,CP - Cutting Plant,,
DE EZ 204,Willms Fleisch GmbH Bröltaler Wurst- und Schinkenwaren,Felderhoferbrücke 15,Ruppichteroth,53809,"Rhein-Sieg-Kreis,Cologne Government Region,North Rhine-Westphalia",Germany,EU-EFTA,RM,CP,N,,CP - Cutting Plant,,
DE EZ 1400,Willms Weißwasser GmbH & Co. KG,Heinrich-Heine-Straße 80,Weißwasser/O.L. - Běła Woda,02943,"Landkreis Görlitz,Saxony",Germany,EU-EFTA,RM,CP,N,bovine porcine,CP - Cutting Plant,,
DE ES 312 EG,Willy Siemes & Sohn Fleischgroßhandel und Großschlachterei GmbH & Co. KG,Gerberstraße 29-32,Viersen,41748,"Kreis Viersen,Regierungsbezirk Düsseldorf,North Rhine-Westphalia",Germany,EU-EFTA,RM,SH,Y,bovine porcine,SH - Slaughterhouse,,
DE ES 312 EWG,Willy Siemes & Sohn Viehhandel GmbH & Co. KG,Gerberstraße 29-33,Viersen,41748,"Kreis Viersen,Regierungsbezirk Düsseldorf,North Rhine-Westphalia",Germany,EU-EFTA,RM,SH,Y,bovine porcine,SH - Slaughterhouse,,
DE SL 30018,Wintringer Hof,Wintringer Hof 7,Kleinblittersdorf,66271,"Regionalverband Saarbrücken,Saarland",Germany,EU-EFTA,RM,CP,N,,CP - Cutting Plant,,
DE 09 177 119 0901,Wohlmuth Anita / Metzgerei,Pfarrer-Huber-Straße 10,Tading,85659,"Landkreis Erding,Upper Bavaria,Bavaria",Germany,EU-EFTA,RM,CP SH,Y,,CP - Cutting Plant | SH - Slaughterhouse,,
BY 30903,Wolf GmbH,Am Ahornhof 2,Schwandorf,92421,"Landkreis Schwandorf,Upper Palatinate,Bavaria",Germany,EU-EFTA,RM,CP,N,,CP - Cutting Plant,,
081271030630,"Wroblewski, Marc",Landschaftspflegehof 1 74586 Frankenhardt,Frankenhardt,74586,"Landkreis Schwäbisch Hall,Regierungsbezirk Stuttgart,Baden-Württemberg",Germany,EU-EFTA,RM,CP SH,Y,,CP - Cutting Plant | SH - Slaughterhouse,,
091741460192,Wörle Kaspar,Poststr. 23,Wiedenzhausen,85259,"Landkreis Dachau,Upper Bavaria,Bavaria",Germany,EU-EFTA,RM,SH,Y,,SH - Slaughterhouse,,
DE RP 07003EG,Wössner und Junk GbR,Parkstraße 1,Lissendorf,54587,"Landkreis Vulkaneifel,Rhineland-Palatinate",Germany,EU-EFTA,RM,SH,Y,,SH - Slaughterhouse,,
DE NW 10363,Yilmaz Fleisch und Geflügel GmbH,Brennaborstraße 10,Dortmund,44149,"Dortmund,Regierungsbezirk Arnsberg,North Rhine-Westphalia",Germany,EU-EFTA,RM,CP,N,,CP - Cutting Plant,,
DE NW 10168,Yükseloglu Fleischhandel GmbH,Schlachthausstraße12,Siegen,57072,"Kreis Siegen-Wittgenstein,Regierungsbezirk Arnsberg,North Rhine-Westphalia",Germany,EU-EFTA,RM,CP SH,Y,,CP - Cutting Plant | SH - Slaughterhouse,,
DE BW 54006,"""Die Metzgerei"" GmbH & Co. KG",Friedrichstraße 41,Altenheim,77743,"Ortenaukreis,Regierungsbezirk Freiburg,Baden-Württemberg; A Poultry",Germany,EU-EFTA,PM,SH,Y,,SH - Slaughterhouse,,
DE NI 10757,AkEt Fleischhandelsgesellschaft mbH,Röpkestraße 12,Hanover,30173,Landeshauptstadt Hannover; A Poultry,Germany,EU-EFTA,PM,CP,N,,CP - Cutting Plant,,
DE NI 10203,Allfein Feinkost GmbH & Co. KG,Breeser Weg 3-5,Dannenberg,29451,"Landkreis Lüchow-Dannenberg,Lower Saxony",Germany,EU-EFTA,PM,CP,N,,CP - Cutting Plant,,
DE ST 01782,Allfein Feinkost GmbH & Co. KG,Vormathen 1,Zerbst/Anhalt,39261,"Landkreis Anhalt-Bitterfeld,Saxony-Anhalt; A Poultry",Germany,EU-EFTA,PM,CP,N,,CP - Cutting Plant,,
DE NI 10029,Allfein Feinkost GmbH & Co. KG,Brägeler Straße 110,Lohne,49393,"Landkreis Vechta,Lower Saxony",Germany,EU-EFTA,PM,CP,N,,CP - Cutting Plant,,
DE BY 70495,Allgäu Fresh Foods GmbH & Co. KG,Ursulasrieder Straße2,Kempten (Allgäu),87437,"Kempten (Allgäu),Swabia,Bavaria; A Poultry",Germany,EU-EFTA,PM,CP,N,,CP - Cutting Plant,,
DE ST 00257 EG,Anhaltinische Geflügelspezialitäten GmbH,Pabsdorfer Weg 9,Möckern,39291,"Landkreis Jerichower Land,Saxony-Anhalt; A Poultry",Germany,EU-EFTA,PM,SH CP,Y,,SH - Slaughterhouse | CP - Cutting Plant,,
DE NW 10118,Ardeyer Landhähnchen GmbH & Co KG,Feldstraße 5b,Fröndenberg/Ruhr,58730,"Kreis Unna,Regierungsbezirk Arnsberg,North Rhine-Westphalia; A Poultry",Germany,EU-EFTA,PM,CP SH,Y,,CP - Cutting Plant | SH - Slaughterhouse,,
DE NW 90281,BIG Fleisch- und Großhandel GmbH,Schultenstraße 83,Oer-Erkenschwick,45739,"Kreis Recklinghausen,Regierungsbezirk Münster,North Rhine-Westphalia; A Poultry",Germany,EU-EFTA,PM,CP,N,,CP - Cutting Plant,,
DE NW 90362,Baba-et GmbH,Friedrichstraße 33b,Castrop-Rauxel,44581,"Kreis Recklinghausen,Regierungsbezirk Münster,North Rhine-Westphalia; A Poultry",Germany,EU-EFTA,PM,CP,N,,CP - Cutting Plant,,
DE BY 20432 EG,"Bablitzka, Peter",Kohlstattstr. 13 - 15,Breitenberg,94139,"Landkreis Passau,Lower Bavaria,Bavaria; L Lagomorphs",Germany,EU-EFTA,PM,CP,N,,CP - Cutting Plant,,
DE NI 69000,Barnstorfer Geflügelschlachterei Dietrich Menge GmbH,Aldorfer Straße 67,Barnstorf,49406,"Landkreis Diepholz,Lower Saxony; A Poultry",Germany,EU-EFTA,PM,CP SH,Y,,CP - Cutting Plant | SH - Slaughterhouse,,
DE NI 11020,Bedford GmbH + Co. KG,Traiteur-Platz 1,Osnabrück,49090,"Osnabrück,Lower Saxony",Germany,EU-EFTA,PM,CP,N,,CP - Cutting Plant,,
DE SL 30020,Bereket Meat Company Fleischhandel,Völklinger Straße 53-55,Völklingen,66333,"Regionalverband Saarbrücken,Saarland; A Poultry",Germany,EU-EFTA,PM,CP,N,,CP - Cutting Plant,,
DE HH 00032,Block House Fleischerei GmbH,Lademannbogen 127,Hamburg,22339,Hamburg,Germany,EU-EFTA,PM,CP,N,,CP - Cutting Plant,,
DE BY 50501,Buckl Geflügel GmbH & Co. KG,Ulmenweg 6,Wassertrüdingen,91717,"Ansbach (district),Middle Franconia,Bavaria; A Poultry; L Lagomorphs",Germany,EU-EFTA,PM,SH CP,Y,,SH - Slaughterhouse | CP - Cutting Plant,,
DE NW 88558,Buß Byproducts GmbH,Emscherstraße 43,Gelsenkirchen,45891,"Gelsenkirchen,Regierungsbezirk Münster,North Rhine-Westphalia; A Poultry",Germany,EU-EFTA,PM,CP,N,,CP - Cutting Plant,,
DE BW 01117,CDS Hackner GmbH,Rossfelder Straße 52/5,Crailsheim,74564,"Landkreis Schwäbisch Hall,Regierungsbezirk Stuttgart,Baden-Württemberg",Germany,EU-EFTA,PM,CP,N,,CP - Cutting Plant,,
DE NI 11021 EG,Celler Land Frischgeflügel GmbH & Co. KG,Trannberg 1,Wietze,29323,"Landkreis Celle,Lower Saxony; A Poultry",Germany,EU-EFTA,PM,CP SH,Y,,CP - Cutting Plant | SH - Slaughterhouse,,
DE HH 00057,Chefs Culinar Nord GmbH & Co. KG,Winsbergring 25,Hamburg,22525,Hamburg; A Poultry,Germany,EU-EFTA,PM,CP,N,,CP - Cutting Plant,,
DE ST 01753,Chefs Culinar Ost GmbH & Co. KG,OT Zorbau Patterken 2,Lützen,06686,"Burgenlandkreis,Saxony-Anhalt; A Poultry",Germany,EU-EFTA,PM,CP,N,,CP - Cutting Plant,,
DE NW 70528 EG,City südländische Feinkost GmbH,Marktstraße 10,Cologne,50968,"Cologne,Cologne Government Region,North Rhine-Westphalia; A Poultry",Germany,EU-EFTA,PM,CP,N,,CP - Cutting Plant,,
DE NI 11089,DABE Geflügelschlachterei GmbH,Telgensand 33,Cloppenburg,49661,"Landkreis Cloppenburg,Lower Saxony",Germany,EU-EFTA,PM,SH CP,Y,,SH - Slaughterhouse | CP - Cutting Plant,,
DE NI 10845,"Danish Crown GmbH, Zweigbetrieb Dinklage",Schwege 52,Dinklage,49413,"Landkreis Vechta,Lower Saxony; A Poultry",Germany,EU-EFTA,PM,CP,N,,CP - Cutting Plant,,
DE SH 00555 EG,Delta Fleisch Handels GmbH,Beim Umspannwerk 11,Norderstedt,22844,"Kreis Segeberg,Schleswig-Holstein; A Poultry",Germany,EU-EFTA,PM,CP,N,,CP - Cutting Plant,,
DE BY 21057,"Donautal Geflügelspezialitäten, Zweigniederlassung der Lohmann & Co. AG",Hofweinzier 20,Bogen,94327,"Landkreis Straubing-Bogen,Lower Bavaria,Bavaria; A Poultry",Germany,EU-EFTA,PM,SH CP,Y,,SH - Slaughterhouse | CP - Cutting Plant,,
SL 40016,Dostlar GmbH Dönerproduktion,Im Langental 7,Neunkirchen,66539,"Landkreis Neunkirchen,Saarland",Germany,EU-EFTA,PM,CP,N,,CP - Cutting Plant,,
DE NI 11023,EG Fleischwarenfabrik Dieter Hein GmbH & Co. KG,Hansastraße 8-10,Hasbergen,49205,"Landkreis Osnabrück,Lower Saxony; A Poultry",Germany,EU-EFTA,PM,CP,N,,CP - Cutting Plant,,
DE EZ 474 EWG,Emil Färber GmbH & Co. KG,Schlachthofstraße 7,Zweibrücken,66482,"Zweibrücken,Rhineland-Palatinate; A Poultry",Germany,EU-EFTA,PM,CP,N,,CP - Cutting Plant,,
DE BY 10724,"Emin Fleisch GmbH, Fleischgroßhandel",Zenettistraße 10,Munich,80337,"Munich,Upper Bavaria,Bavaria; A Poultry",Germany,EU-EFTA,PM,CP,N,,CP - Cutting Plant,,
DE NI 10021,Emsland Frischgeflügel GmbH,Im Industriepark 1,Haren (Ems),49733,"Landkreis Emsland,Lower Saxony; A Poultry",Germany,EU-EFTA,PM,CP SH,Y,,CP - Cutting Plant | SH - Slaughterhouse,,
DE EZG 238,Fine Food Feinkost GmbH & Co. KG,Hollefeldstraße 14,Emsdetten,48282,"Kreis Steinfurt,Regierungsbezirk Münster,North Rhine-Westphalia; A Poultry; L Lagomorphs",Germany,EU-EFTA,PM,CP,N,,CP - Cutting Plant,,
DE MV 12006 EG,Fine Food Feinkost Mühlenberg GmbH & Co.KG,Suedring 3,Wittenburg,19243,"Landkreis Ludwigslust-Parchim,Mecklenburg-Vorpommern; A Poultry",Germany,EU-EFTA,PM,CP,N,,CP - Cutting Plant,,
DE BY 11071,Fleischmarkt München Süd GmbH,Zenettistraße 6,Munich,80337,"Munich,Upper Bavaria,Bavaria; A Poultry",Germany,EU-EFTA,PM,CP,N,,CP - Cutting Plant,,
DE ST 00030,Fläminger Entenspezialitäten GmbH & Co. KG,Reudener Landstraße 10 39264 Zerbst/Anhalt OT Reuden-Süd,Zerbst/Anhalt,39264,"Landkreis Anhalt-Bitterfeld,Saxony-Anhalt; A Poultry",Germany,EU-EFTA,PM,SH CP,Y,,SH - Slaughterhouse | CP - Cutting Plant,,
DE NI 10744,Fung´s Handels GmbH,Varrelheide 190,Hanover,30657,Landeshauptstadt Hannover; A Poultry,Germany,EU-EFTA,PM,CP,N,,CP - Cutting Plant,,
DE NI 10872,GETI WILBA Fleischprodukte GmbH,Oxter Weg 2,Cuxhaven,27478,"Landkreis Cuxhaven,Lower Saxony; A Poultry",Germany,EU-EFTA,PM,CP SH,Y,,CP - Cutting Plant | SH - Slaughterhouse,,
DE NI 10830,GETI WILBA GmbH,Hansestraße 2,Bremervörde,27432,"Landkreis Rotenburg (Wümme),Lower Saxony; A Poultry",Germany,EU-EFTA,PM,CP,N,,CP - Cutting Plant,,
GeHo,GeHo GmbH,Haselbacher Straße 40,Kirchheim in Schwaben,87757,"Landkreis Unterallgäu,Swabia,Bavaria",Germany,EU-EFTA,PM,SH,Y,,SH - Slaughterhouse,,
DE NW 60038,Gebrüder Otto Gourmet GmbH,Boos-Fremery-Straße 62,Heinsberg,52525,"Kreis Heinsberg,Cologne Government Region,North Rhine-Westphalia; A Poultry",Germany,EU-EFTA,PM,CP,N,,CP - Cutting Plant,,
DE NI 10321,Geestland Putenspezialitäten GmbH & Co. KG,Düngstruper Str. 61,Wildeshausen,27793,"Landkreis Oldenburg,Lower Saxony; A Poultry",Germany,EU-EFTA,PM,SH CP,Y,,SH - Slaughterhouse | CP - Cutting Plant,,
DE NI 10258,Geflügelhof Gerd J. Meyer GmbH & Co. KG,Bührener Ring 18,Cloppenburg,49661,"Landkreis Cloppenburg,Lower Saxony",Germany,EU-EFTA,PM,CP SH,Y,,CP - Cutting Plant | SH - Slaughterhouse,,
DE NIE 26510 EG,Geflügelhof Nobis GmbH,Hochelstener Straße 11,Bakum,49456,"Landkreis Vechta,Lower Saxony; A Poultry",Germany,EU-EFTA,PM,CP,N,,CP - Cutting Plant,,
DE ESG 102 EG,Geflügelhof Nobis GmbH Schlachtbetrieb,Hochelstener Str. 11,Bakum,49456,"Landkreis Vechta,Lower Saxony; A Poultry",Germany,EU-EFTA,PM,SH,Y,,SH - Slaughterhouse,,
BW 07693,Geflügelschlachterei Ertingen GmbH,Rudolf-Diesel-Str. 21,Ertingen,88521,"Landkreis Biberach,Regierungsbezirk Tübingen,Baden-Württemberg",Germany,EU-EFTA,PM,CP SH,Y,,CP - Cutting Plant | SH - Slaughterhouse,,
DE 034600084208,Geflügelspezialitäten Steinfeld GmbH & Co. KG,Honkomper Weg 9,Steinfeld (Oldenburg),49439,"Landkreis Vechta,Lower Saxony",Germany,EU-EFTA,PM,CP SH,Y,,CP - Cutting Plant | SH - Slaughterhouse,,
BW 73528,Geflügelverarbeitung Allgäu-Chicken,Häberlings 4,Aichstetten,88317,"Landkreis Ravensburg,Regierungsbezirk Tübingen,Baden-Württemberg; A Poultry",Germany,EU-EFTA,PM,CP SH,Y,,CP - Cutting Plant | SH - Slaughterhouse,,
DE NI 11023 EG,Goldschmaus Convenience GmbH & Co. KG,Hansastr. 8-10,Hasbergen,49205,"Landkreis Osnabrück,Lower Saxony; A Poultry",Germany,EU-EFTA,PM,CP,N,,CP - Cutting Plant,,
"DE EZG 253, DE ESG 253",Gräfendorfer Geflügel- und Tiefkühlfeinkost Produktions GmbH,Reichsstraße 3,Mockrehna,04862,"Landkreis Nordsachsen,Saxony; A Poultry",Germany,EU-EFTA,PM,SH CP,Y,,SH - Slaughterhouse | CP - Cutting Plant,,
DE BE 10073,Grünland Fleisch GmbH,Beusselstraße 44 n-q,Berlin,10553,Berlin; A Poultry,Germany,EU-EFTA,PM,CP,N,,CP - Cutting Plant,,
DE-NI 11907 -EG,Gut Bergmark Premium Geflügel GmbH & Co. KG,Rouen Kamp 6,Steinfeld (Oldenburg),49439,"Landkreis Vechta,Lower Saxony",Germany,EU-EFTA,PM,CP,N,,CP - Cutting Plant,,
DE NI 10128 EG,Gut Bergmark Premium Geflügel GmbH & Co. KG,Goldenstedter Str. 22,Wildeshausen,27793,"Landkreis Oldenburg,Lower Saxony; A Poultry",Germany,EU-EFTA,PM,CP SH,Y,,CP - Cutting Plant | SH - Slaughterhouse,,
DE NI 10067,Heidemark Mästerkreis GmbH & Co. KG,Lether Gewerbestraße 2; Ahlhorn,Großenkneten,26197,"Landkreis Oldenburg,Lower Saxony; A Poultry",Germany,EU-EFTA,PM,SH CP,Y,,SH - Slaughterhouse | CP - Cutting Plant,,
DE-NW-20008,Heinrich Borgmeier GmbH & Co. KG,Schöninger Str. 33,Delbrück,33129,"Kreis Paderborn,Regierungsbezirk Detmold,North Rhine-Westphalia; A Poultry",Germany,EU-EFTA,PM,CP SH,Y,,CP - Cutting Plant | SH - Slaughterhouse,,
DE BY 10006 EG,"Hermannsdorfer Landwerkstätten Glonn GmbH & Co. KG, Wurstmanufaktur Gut Kerschlach",Gut Kerschlach 1,Pähl,82396,"Landkreis Weilheim-Schongau,Upper Bavaria,Bavaria; A Poultry",Germany,EU-EFTA,PM,SH CP,Y,,SH - Slaughterhouse | CP - Cutting Plant,,
DE 09 779 163 0249,Holzheimer Geflügelspezialitäten GmbH & Co. KG,Rainer Straße 28,Holzheim,86684,"Danube-Ries,Swabia,Bavaria",Germany,EU-EFTA,PM,SH,Y,,SH - Slaughterhouse,,
DE BY 11132,Josef Maier GmbH & Co. KG,Justus-von-Liebig-Str. 48,Landsberg am Lech,86899,"Landkreis Landsberg am Lech,Upper Bavaria,Bavaria",Germany,EU-EFTA,PM,CP,N,,CP - Cutting Plant,,
NI 13311,Josef Schnabels GmbH & CO. KG,Brüsseler Str. 1,Georgsmarienhütte,49124,"Landkreis Osnabrück,Lower Saxony; A Poultry",Germany,EU-EFTA,PM,CP,N,,CP - Cutting Plant,,
BW 54077,Judith Wohlfarth / Hofgut Silva,Hesselbach 46,Oberkirch,77704,"Ortenaukreis,Regierungsbezirk Freiburg,Baden-Württemberg",Germany,EU-EFTA,PM,SH,Y,,SH - Slaughterhouse,,
DE BB 60017 EG,Kah-Ra-Man Döner Produktion GmbH,Glaserwinkel 1,Ahrensfelde,16356,"Landkreis Barnim,Brandenburg; A Poultry",Germany,EU-EFTA,PM,CP,N,,CP - Cutting Plant,,
EZG 221,Klein Geflügelfeinkost GmbH & Co. KG,Schmiedestraße 3,Drensteinfurt,48317,"Kreis Warendorf,Regierungsbezirk Münster,North Rhine-Westphalia; A Poultry",Germany,EU-EFTA,PM,CP,N,,CP - Cutting Plant,,
DE NI 11750 EG,LTC Lohner Tiefkühl Center GmbH,Krimpenforter Berg 3,Lohne (Oldenburg),49393,"Landkreis Vechta,Lower Saxony",Germany,EU-EFTA,PM,CP,N,,CP - Cutting Plant,,
DE BW 05036 EG,Lackmann Fleisch- und Feinkostfabrik GmbH,Carl-Benz-Straße 10,Willstätt,77731,"Ortenaukreis,Regierungsbezirk Freiburg,Baden-Württemberg; A Poultry",Germany,EU-EFTA,PM,CP,N,,CP - Cutting Plant,,
DE NW 20133,Linex Handelsgesellschaft mbH,Im Hengstfeld 28,Lemgo,32657,"Kreis Lippe,Regierungsbezirk Detmold,North Rhine-Westphalia; A Poultry",Germany,EU-EFTA,PM,CP,N,,CP - Cutting Plant,,
120695969502,Lorenz Marken Geflügel GmbH & Co. KG,Am Fuchsbau 24,Seddiner See,14554,"Landkreis Potsdam-Mittelmark,Brandenburg",Germany,EU-EFTA,PM,SH,Y,,SH - Slaughterhouse,,
DE NW 70587,"MIRAN GmbH, ALASKA Fleisch",Heidestraße 216,Cologne,51147,"Cologne,Cologne Government Region,North Rhine-Westphalia; A Poultry",Germany,EU-EFTA,PM,CP,N,,CP - Cutting Plant,,
ESG 230,Markeruper Gänse u. Enten GmbH & Co.KG,Hauptstr. 7,Husby,24975,"Kreis Schleswig-Flensburg,Schleswig-Holstein",Germany,EU-EFTA,PM,SH,Y,,SH - Slaughterhouse,,
DE SH 00458 EG,Mathilde Balzer GmbH & Co. KG,Kurt-Fischer-Straße 45,Ahrensburg,22926,"Kreis Stormarn,Schleswig-Holstein; A Poultry",Germany,EU-EFTA,PM,CP,N,,CP - Cutting Plant,,
DE130760350031,Mecklenburger Landpute GmbH,Kastanienallee 3 OT Severin,Domsühl,19374,"Landkreis Ludwigslust-Parchim,Mecklenburg-Vorpommern",Germany,EU-EFTA,PM,SH,Y,,SH - Slaughterhouse,,
DE NW 30102,Meierhof Rassfeld Land- und Forstwirtschaft,Meier-zu-Rassfeld-Weg 15,Gütersloh,33330,"Kreis Gütersloh,Regierungsbezirk Detmold,North Rhine-Westphalia",Germany,EU-EFTA,PM,SH,Y,,SH - Slaughterhouse,,
BY15019,Metzgerei Oberhuber,Mais 8,Amerang,83123,"Landkreis Rosenheim,Upper Bavaria,Bavaria",Germany,EU-EFTA,PM,SH,Y,,SH - Slaughterhouse,,
DE NI 10756,Morgenland Import-Export Gastronomie Belieferung GmbH,Am Tönniesberg 16-18,Hanover,30453,Landeshauptstadt Hannover; A Poultry,Germany,EU-EFTA,PM,CP,N,,CP - Cutting Plant,,
DE ESG 251 / DE EZG 251,Märkische Geflügelhof-Spezialitäten GmbH,Am Möllenberg 3-9,Niederlehme,15713,"Landkreis Dahme-Spreewald,Brandenburg; A Poultry",Germany,EU-EFTA,PM,SH CP,Y,,SH - Slaughterhouse | CP - Cutting Plant,,
DE BY 11016 EG,Nikolaus Bartl,Berg 14a,Tuntenhausen,83104,"Landkreis Rosenheim,Upper Bavaria,Bavaria; L Lagomorphs",Germany,EU-EFTA,PM,SH,Y,,SH - Slaughterhouse,,
DE NI 10861 EG,Nordfrost GmbH & Co. KG,Emsteker Straße 4,Emstek,49685,"Landkreis Cloppenburg,Lower Saxony; A Poultry",Germany,EU-EFTA,PM,CP,N,,CP - Cutting Plant,,
DE EZ 202 EG,Nordfrost GmbH & Co. KG,Im Industriegelände 25,Versmold,33775,"Kreis Gütersloh,Regierungsbezirk Detmold,North Rhine-Westphalia",Germany,EU-EFTA,PM,CP,N,,CP - Cutting Plant,,
DE HH 00033,Nordfrost GmbH & Co. KG,Hovestraße 72,Hamburg,20539,Hamburg,Germany,EU-EFTA,PM,CP,N,,CP - Cutting Plant,,
DE NI 11700,Nordfrost GmbH & Co. KG,Pazifik 25-45,Wilhelmshaven,26388,"Wilhelmshaven,Lower Saxony",Germany,EU-EFTA,PM,CP,N,,CP - Cutting Plant,,
DE NI 10084 EG,Nordfrost GmbH & Co. KG,Im Gewerbegebiet 22,Schortens,26419,"Landkreis Friesland,Lower Saxony; A Poultry",Germany,EU-EFTA,PM,CP,N,,CP - Cutting Plant,,
DE ST 00824,Nordfrost GmbH & Co. KG,Roßlauer Straße 51,Zerbst,39261,"Landkreis Anhalt-Bitterfeld,Saxony-Anhalt; A Poultry",Germany,EU-EFTA,PM,CP,N,,CP - Cutting Plant,,
DE NI 11101,Oldenburger Geflügelspezialitäten GmbH & Co. KG,Brägeler Straße 110,Lohne (Oldenburg),49393,"Landkreis Vechta,Lower Saxony; A Poultry",Germany,EU-EFTA,PM,CP SH,Y,,CP - Cutting Plant | SH - Slaughterhouse,,
DE BW 01007,Omega Sorg GmbH,Margarete-Steiff-Straße 22,Essingen,73457,"Ostalbkreis,Regierungsbezirk Stuttgart,Baden-Württemberg; A Poultry",Germany,EU-EFTA,PM,CP,N,,CP - Cutting Plant,,
DE MV 12002 EG,Plukon Brenz GmbH,Am Brenzer Kanal 2,Brenz,19306,"Landkreis Ludwigslust-Parchim,Mecklenburg-Vorpommern",Germany,EU-EFTA,PM,CP SH,Y,,CP - Cutting Plant | SH - Slaughterhouse,,
SN-EZG 041,Plukon Döbeln GmbH,Hermann-Otto-Schmidt-Str. 7,Döbeln,04720,"Landkreis Mittelsachsen,Saxony",Germany,EU-EFTA,PM,CP,N,,CP - Cutting Plant,,
HE 30104,Plukon Gudensberg GmbH,Besser Str. 45,Gudensberg,34281,"Schwalm-Eder-Kreis,Regierungsbezirk Kassel,Hesse",Germany,EU-EFTA,PM,CP SH,Y,,CP - Cutting Plant | SH - Slaughterhouse,,
DE ESG 255 EG / DE EZG 255 EG,Plukon Storkow,Fürstenwalder Straße 55,Storkow (Mark),15859,"Landkreis Oder-Spree,Brandenburg",Germany,EU-EFTA,PM,CP SH,Y,,CP - Cutting Plant | SH - Slaughterhouse,,
DE NI 10000,Plukon Visbek GmbH,Ahlhorner Straße 98a,Visbek,49429,"Landkreis Vechta,Lower Saxony; A Poultry",Germany,EU-EFTA,PM,CP,N,,CP - Cutting Plant,,
DE BE 10182 EG,Provinz Food GmbH,Quickborner Str. 48-50,Berlin,13439,Berlin,Germany,EU-EFTA,PM,CP,N,,CP - Cutting Plant,,
DE NI 10565 EG,SFB Fleisch- und Kühlcentrale GmbH & Co. KG,Industriestraße 22,Holdorf,49451,"Landkreis Vechta,Lower Saxony; A Poultry",Germany,EU-EFTA,PM,CP,N,,CP - Cutting Plant,,
DE NW10439 EG,Salhan GmbH,Harkort Straße 23,Selm,59379,"Kreis Unna,Regierungsbezirk Arnsberg,North Rhine-Westphalia; A Poultry",Germany,EU-EFTA,PM,CP,N,,CP - Cutting Plant,,
DE NW 40007,Saygin GmbH,Lanterstraße 50,Dinslaken,46539,"Kreis Wesel,Regierungsbezirk Düsseldorf,North Rhine-Westphalia; A Poultry",Germany,EU-EFTA,PM,CP,N,,CP - Cutting Plant,,
DE BY 50044,Schlachtbetrieb Alexander Bärlein-Denterlein GmbH,Werner - von - Siemens-Str. 3,Neustadt an der Aisch,91413,"Landkreis Neustadt an der Aisch-Bad Windsheim,Middle Franconia,Bavaria; A Poultry",Germany,EU-EFTA,PM,CP,N,,CP - Cutting Plant,,
NI 17671,Schwarz Metzgereien GmbH,Hemm 15,Hemmoor,21745,"Landkreis Cuxhaven,Lower Saxony",Germany,EU-EFTA,PM,SH,Y,,SH - Slaughterhouse,,
DE BY 11118,"Schönegger Käse-Alm GmbH, Betrieb Pschorrhof",Steingadener Straße 8,Rottenbuch,82401,"Landkreis Weilheim-Schongau,Upper Bavaria,Bavaria; A Poultry",Germany,EU-EFTA,PM,CP,N,,CP - Cutting Plant,,
DE BY 10385,Siegner Fleisch & Partner GmbH,Triebstraße18,Munich,80993,"Munich,Upper Bavaria,Bavaria",Germany,EU-EFTA,PM,CP,N,,CP - Cutting Plant,,
DE HH 00042,Steakmeister GmbH,Lagerstraße 11,Hamburg,20357,Hamburg; A Poultry,Germany,EU-EFTA,PM,CP,N,,CP - Cutting Plant,,
BW 20247,Sternhof Mack GmbH & Co. KG,Weikersholz 8,Rot am See,74585,"Landkreis Schwäbisch Hall,Regierungsbezirk Stuttgart,Baden-Württemberg",Germany,EU-EFTA,PM,SH,Y,,SH - Slaughterhouse,,
071310700426,Straußenfarm Gemarkenhof Ralph Schumacher,Auf Plattborn 7,Remagen,53424,"Landkreis Ahrweiler,Rhineland-Palatinate",Germany,EU-EFTA,PM,SH,Y,,SH - Slaughterhouse,,
DE BY 15014,Süddeutsche Truthahn AG,Angerstraße 2,Ampfing,84539,"Landkreis Mühldorf am Inn,Upper Bavaria,Bavaria",Germany,EU-EFTA,PM,SH CP,Y,,SH - Slaughterhouse | CP - Cutting Plant,,
DE EZ 033,TCW - Tiefkühllogistik Center Wustermark GmbH,Kurt-Nagel-Straße 10,Wustermark,14641,"Landkreis Havelland,Brandenburg; A Poultry",Germany,EU-EFTA,PM,CP,N,,CP - Cutting Plant,,
DE BE 10184 EG,TEK Döner Fleisch GmbH,Flohrstraße 19,Berlin,13507,Berlin,Germany,EU-EFTA,PM,CP,N,,CP - Cutting Plant,,
DE NW 86017,TH Food GmbH,Brüsseler Straße 10,Gladbeck,45968,"Kreis Recklinghausen,Regierungsbezirk Münster,North Rhine-Westphalia",Germany,EU-EFTA,PM,CP,N,,CP - Cutting Plant,,
09 277 133 0041,TLC Landgeflügel GmbH,Moosvogel 21,Massing im Rottal,84323,"Landkreis Rottal-Inn,Lower Bavaria,Bavaria",Germany,EU-EFTA,PM,CP SH,Y,,CP - Cutting Plant | SH - Slaughterhouse,,
DE BW 18151,"Thorwart Fleischwaren GmbH, Philipp Thorwart",Andreas-Bechdolf-Straße 12,Ellwangen (Jagst),73479,"Ostalbkreis,Regierungsbezirk Stuttgart,Baden-Württemberg; A Poultry",Germany,EU-EFTA,PM,CP,N,,CP - Cutting Plant,,
DE NW 20028,Tillman's Convenience GmbH,In der Mark 2,Rheda-Wiedenbrück,33378,"Kreis Gütersloh,Regierungsbezirk Detmold,North Rhine-Westphalia; A Poultry",Germany,EU-EFTA,PM,CP,N,,CP - Cutting Plant,,
DE BW 07088,Transgourmet Deutschland GmbH & Co. OHG,Eiselauer Weg 2,Ulm,89081,"Ulm,Regierungsbezirk Tübingen,Baden-Württemberg; A Poultry",Germany,EU-EFTA,PM,CP,N,,CP - Cutting Plant,,
DE NI 10172,Trinity GmbH,Brüsseler Straße 36,Bad Bentheim,48455,"Landkreis Grafschaft Bentheim,Lower Saxony; A Poultry",Germany,EU-EFTA,PM,CP,N,,CP - Cutting Plant,,
DE ES 1665,Vieh- und Fleischhandlung Richard Ehning,Weseker Straße 51,Borken,46325,"Kreis Borken,Regierungsbezirk Münster,North Rhine-Westphalia; A Poultry",Germany,EU-EFTA,PM,CP,N,,CP - Cutting Plant,,
DE BY 50363,Wichmann Entenspezialitäten GmbH,Warmersdorf 60,Warmersdorf,96193,"Landkreis Erlangen-Höchstadt,Middle Franconia,Bavaria; A Poultry",Germany,EU-EFTA,PM,SH CP,Y,,SH - Slaughterhouse | CP - Cutting Plant,,
DE BW 54006,"""Die Metzgerei"" GmbH & Co. KG",Friedrichstraße 41,Altenheim,77743,"Ortenaukreis,Regierungsbezirk Freiburg,Baden-Württemberg; R Ratites",Germany,EU-EFTA,GM,SH,Y,,SH - Slaughterhouse,,
DE BW 13009 EG,"Abele, Michael",Hofgut Bernau,Herbrechtingen,89542,"Landkreis Heidenheim,Regierungsbezirk Stuttgart,Baden-Württemberg",Germany,EU-EFTA,GM,CP SH,Y,,CP - Cutting Plant | SH - Slaughterhouse,,
DE BY 10580 EG,Andreas Gigglinger,Schmidhausen 1a,Tuntenhausen,83104,"Landkreis Rosenheim,Upper Bavaria,Bavaria; fG Farmed land mammals other than domestic ungulates",Germany,EU-EFTA,GM,SH CP,Y,,SH - Slaughterhouse | CP - Cutting Plant,,
DE BY 20432 EG,"Bablitzka, Peter",Kohlstattstr. 13 - 15,Breitenberg,94139,"Landkreis Passau,Lower Bavaria,Bavaria; fG Farmed land mammals other than domestic ungulates",Germany,EU-EFTA,GM,CP SH,Y,,CP - Cutting Plant | SH - Slaughterhouse,,
DE BY 30177 EG,Bäuerliche Schlachtgemeinschaft Moosbach-Waidhaus e.V.,An der Burgtreswitzer Str. 1,Moosbach,92709,"Landkreis Neustadt an der Waldnaab,Upper Palatinate,Bavaria; fG Farmed land mammals other than domestic ungulates",Germany,EU-EFTA,GM,SH,Y,,SH - Slaughterhouse,,
DE BY 14004 EG,Christian Oswald Import-Export GmbH,Oberlaufing 5,Ebersberg,85560,"Landkreis Ebersberg,Upper Bavaria,Bavaria",Germany,EU-EFTA,GM,CP,N,,CP - Cutting Plant,,
"DE BW 07109, DE BW 07110",Emil Färber GmbH & Co. KG,Flachsstraße 46,Mengen,88512,"Landkreis Sigmaringen,Regierungsbezirk Tübingen,Baden-Württemberg; fG Farmed land mammals other than domestic ungulates",Germany,EU-EFTA,GM,CP SH,Y,,CP - Cutting Plant | SH - Slaughterhouse,,
DE BY 30025 EG,Ernst Breu,Schwellweg 16,Eschlkam,93458,"Landkreis Cham,Upper Palatinate,Bavaria; fG Farmed land mammals other than domestic ungulates",Germany,EU-EFTA,GM,SH,Y,,SH - Slaughterhouse,,
DE MV 21007 EG,Fleischerei Ernst Magdeburg GmbH,Plattenweg 1,Stäbelow,18198,"Landkreis Rostock,Mecklenburg-Vorpommern; fG Farmed land mammals other than domestic ungulates",Germany,EU-EFTA,GM,CP SH,Y,,CP - Cutting Plant | SH - Slaughterhouse,,
DE SL 90029,Franz Dausend,Gartenstraße 10,Freisen,66629,"Landkreis St. Wendel,Saarland",Germany,EU-EFTA,GM,SH,Y,,SH - Slaughterhouse,,
DE NI 10255 EG,Grochowski Vieh-und Fleischhandel GmbH,Am Eichenhain 7,Reinstorf,21400,"Landkreis Lüneburg,Lower Saxony; fG Farmed land mammals other than domestic ungulates",Germany,EU-EFTA,GM,SH,Y,,SH - Slaughterhouse,,
DE EZ 1704,Gustav Winterhalter GmbH,Telfer Straße 4,Elzach,79215,"Landkreis Emmendingen,Regierungsbezirk Freiburg,Baden-Württemberg; fG Farmed land mammals other than domestic ungulates",Germany,EU-EFTA,GM,CP SH,Y,,CP - Cutting Plant | SH - Slaughterhouse,,
DE BY 11134,Halsbacher Qualitätsfleisch GmbH,Brandl 53,Halsbach,84553,"Landkreis Altötting,Upper Bavaria,Bavaria; fG Farmed land mammals other than domestic ungulates",Germany,EU-EFTA,GM,CP SH,Y,,CP - Cutting Plant | SH - Slaughterhouse,,
DE BY 30421 EG,J. Ackermann Landmetzgerei GmbH,Kurbersdorfer Str. 7,Trabitz,92724,"Landkreis Neustadt an der Waldnaab,Upper Palatinate,Bavaria; fG Farmed land mammals other than domestic ungulates",Germany,EU-EFTA,GM,CP SH,Y,,CP - Cutting Plant | SH - Slaughterhouse,,
DE BY 11132,Josef Maier GmbH & Co. KG,Justus-von-Liebig-Str. 48,Landsberg am Lech,86899,"Landkreis Landsberg am Lech,Upper Bavaria,Bavaria",Germany,EU-EFTA,GM,CP,N,,CP - Cutting Plant,,
BW 54077,Judith Wohlfarth / Hofgut Silva,Hesselbach 46,Oberkirch,77704,"Ortenaukreis,Regierungsbezirk Freiburg,Baden-Württemberg",Germany,EU-EFTA,GM,SH,Y,,SH - Slaughterhouse,,
DE BY 70823 EG,KKS Hartung GmbH Fleischerei / Metzgereivereinigung Füssen,Am Kühbrunnen 10,Füssen,87629,"Landkreis Ostallgäu,Swabia,Bavaria; fG Farmed land mammals other than domestic ungulates",Germany,EU-EFTA,GM,SH,Y,,SH - Slaughterhouse,,
DE BW 54002 EG,Metzgerei Keck GbR,Rheinwaldstraße 24,Kehl,77694,"Ortenaukreis,Regierungsbezirk Freiburg,Baden-Württemberg; fG Farmed land mammals other than domestic ungulates; R Ratites",Germany,EU-EFTA,GM,CP SH,Y,,CP - Cutting Plant | SH - Slaughterhouse,,
DE SL 12000,Metzgerei Martin,Nauwies 12,Überherrn,66802,"Landkreis Saarlouis,Saarland",Germany,EU-EFTA,GM,SH,Y,,SH - Slaughterhouse,,
DE BY 11016 EG,Nikolaus Bartl,Berg 14a,Tuntenhausen,83104,"Landkreis Rosenheim,Upper Bavaria,Bavaria; fG Farmed land mammals other than domestic ungulates",Germany,EU-EFTA,GM,SH,Y,,SH - Slaughterhouse,,
DE NI 10861 EG,Nordfrost GmbH & Co. KG,Emsteker Straße 4,Emstek,49685,"Landkreis Cloppenburg,Lower Saxony",Germany,EU-EFTA,GM,CP,N,,CP - Cutting Plant,,
DE BW 50003 EG,Ralf Zähringer,Schmiege 22,Ehrenkirchen,79238,"Landkreis Breisgau-Hochschwarzwald,Regierungsbezirk Freiburg,Baden-Württemberg; fG Farmed land mammals other than domestic ungulates",Germany,EU-EFTA,GM,SH,Y,,SH - Slaughterhouse,,
DE RP 23027,SIMON-Fleisch GmbH,Gutenbergstraße 12,Wittlich,54516,"Landkreis Bernkastel-Wittlich,Rhineland-Palatinate; fG Farmed land mammals other than domestic ungulates",Germany,EU-EFTA,GM,SH CP,Y,,SH - Slaughterhouse | CP - Cutting Plant,,
DE BY 40124 EG,Schlachthof Marktredwitz,Eger str. 63,Marktredwitz,95615,"Landkreis Wunsiedel im Fichtelgebirge,Upper Franconia,Bavaria; fG Farmed land mammals other than domestic ungulates",Germany,EU-EFTA,GM,SH,Y,,SH - Slaughterhouse,,
DE RP 05022 EG,Schlachtstätte Gerhard Meyers,Auf der Loch 1,Wallersheim,54597,"Eifelkreis Bitburg-Prüm,Rhineland-Palatinate; fG Farmed land mammals other than domestic ungulates",Germany,EU-EFTA,GM,CP SH,Y,,CP - Cutting Plant | SH - Slaughterhouse,,
DE BY 11118,"Schönegger Käse-Alm GmbH, Betrieb Pschorrhof",Steingadener Straße 8,Rottenbuch,82401,"Landkreis Weilheim-Schongau,Upper Bavaria,Bavaria; fG Farmed land mammals other than domestic ungulates",Germany,EU-EFTA,GM,SH CP,Y,,SH - Slaughterhouse | CP - Cutting Plant,,
DE SL 90052,Stadt Völklingen Fachdienst Forstwirtschaft,Zum Wasserwerk 20,Völklingen,66333,"Regionalverband Saarbrücken,Saarland",Germany,EU-EFTA,GM,CP SH,Y,,CP - Cutting Plant | SH - Slaughterhouse,,
DE HH 00042,Steakmeister GmbH,Lagerstraße 11,Hamburg,20357,Hamburg,Germany,EU-EFTA,GM,CP,N,,CP - Cutting Plant,,
DE BW 07088,Transgourmet Deutschland GmbH & Co. OHG,Eiselauer Weg 2,Ulm,89081,"Ulm,Regierungsbezirk Tübingen,Baden-Württemberg",Germany,EU-EFTA,GM,CP,N,,CP - Cutting Plant,,
DE BY 30559,Wild and more GmbH,Handwerkerstraße 12,Velburg,92355,"Landkreis Neumarkt in der Oberpfalz,Upper Palatinate,Bavaria; fG Farmed land mammals other than domestic ungulates",Germany,EU-EFTA,GM,CP,N,,CP - Cutting Plant,,
SL 90028,Wildspezialitäten Broszeit,Hermbacher Hof 1,Freisen,66629,"Landkreis St. Wendel,Saarland",Germany,EU-EFTA,GM,SH,Y,,SH - Slaughterhouse,,
DE SL 90013,Alexander Keller,Hauptstraße 6,Freisen,66629,"Landkreis St. Wendel,Saarland",Germany,EU-EFTA,WM,GHE,N,,GHE - Game-Handling Establishment,,
DE BY 10580 EG,Andreas Gigglinger,Schmidhausen 1a,Tuntenhausen,83104,"Landkreis Rosenheim,Upper Bavaria,Bavaria; wA Wild game birds; wG Wild land mammals other than wild ungulates; wL Lagomorphs living freely in the wild; wU Wild ungulates",Germany,EU-EFTA,WM,GHE,N,,GHE - Game-Handling Establishment,,
DE RP 22014 EG,Artemis GmbH & Co. KG,Am Kenner Haus 5-11,Kenn,54344,"Landkreis Trier-Saarburg,Rhineland-Palatinate",Germany,EU-EFTA,WM,GHE CP,N,,GHE - Game-Handling Establishment | CP - Cutting Plant,,
DE BY 20432 EG,"Bablitzka, Peter",Kohlstattstr. 13 - 15,Breitenberg,94139,"Landkreis Passau,Lower Bavaria,Bavaria; L Lagomorphs; wA Wild game birds; wG Wild land mammals other than wild ungulates; wU Wild ungulates; wL Lagomorphs living freely in the wild",Germany,EU-EFTA,WM,CP GHE,N,,CP - Cutting Plant | GHE - Game-Handling Establishment,,
DE-HE 10125 EG,Baumann GmbH & Co. KG,Am Pariser Weg 25,Viernheim,68519,"Kreis Bergstraße,Regierungsbezirk Darmstadt,Hesse; wL Lagomorphs living freely in the wild; wU Wild ungulates",Germany,EU-EFTA,WM,CP,N,,CP - Cutting Plant,,
130751360007,Bundesanstalt für Immobilienaufgaben – Anstalt des öffentlichen Rechts – Bundesforstbetrieb Vorpommern-Strelitz,Ueckerstraße 48,Ueckermünde,17373,"Landkreis Vorpommern-Greifswald,Mecklenburg-Vorpommern",Germany,EU-EFTA,WM,CC,N,,CC - Collection Centre,,
DE ST 01753,Chefs Culinar Ost GmbH & Co. KG,OT Zorbau Patterken 2,Lützen,06686,"Burgenlandkreis,Saxony-Anhalt; wU Wild ungulates",Germany,EU-EFTA,WM,CP,N,,CP - Cutting Plant,,
DE BY 14004 EG,Christian Oswald Import-Export GmbH,Oberlaufing 5,Ebersberg,85560,"Landkreis Ebersberg,Upper Bavaria,Bavaria",Germany,EU-EFTA,WM,GHE,N,,GHE - Game-Handling Establishment,,
0359954-Wildsammelstelle,Daniela Ernst,Garham 6b,Röhrnbach,94133,"Landkreis Freyung-Grafenau,Lower Bavaria,Bavaria",Germany,EU-EFTA,WM,CC,N,,CC - Collection Centre,,
DE-BY 30380,Dornbachtal GmbH,Dornmühle 1,Windischeschenbach,92670,"Landkreis Neustadt an der Waldnaab,Upper Palatinate,Bavaria",Germany,EU-EFTA,WM,GHE,N,,GHE - Game-Handling Establishment,,
DE NI 11023,EG Fleischwarenfabrik Dieter Hein GmbH & Co. KG,Hansastraße 8-10,Hasbergen,49205,"Landkreis Osnabrück,Lower Saxony; wA Wild game birds; wL Lagomorphs living freely in the wild; wU Wild ungulates; wG Wild land mammals other than wild ungulates",Germany,EU-EFTA,WM,CP,N,,CP - Cutting Plant,,
DE 09 189 149 0404,Eduard Christian Schlögl,Dachsteinstraße 1a OT Emertsham,Tacherting,83342,"Landkreis Traunstein,Upper Bavaria,Bavaria",Germany,EU-EFTA,WM,CC,N,,CC - Collection Centre,,
"DE BW 07109, DE BW 07110",Emil Färber GmbH & Co. KG,Flachsstraße 46,Mengen,88512,"Landkreis Sigmaringen,Regierungsbezirk Tübingen,Baden-Württemberg; wA Wild game birds; wL Lagomorphs living freely in the wild; wU Wild ungulates; wG Wild land mammals other than wild ungulates",Germany,EU-EFTA,WM,CP GHE,N,,CP - Cutting Plant | GHE - Game-Handling Establishment,,
DE SH 00070 EG,FZ Neumünster GmbH & Co. KG (Fleischzentrale Neumünster),Baeyerstraße 10,Neumünster,24536,"Neumünster,Schleswig-Holstein; wU Wild ungulates",Germany,EU-EFTA,WM,GHE,N,,GHE - Game-Handling Establishment,,
NOH-0011437,Fürst zu Bentheimsche Domänenkammer,Deilmannstr. 2,Bad Bentheim,48455,"Landkreis Grafschaft Bentheim,Lower Saxony",Germany,EU-EFTA,WM,CC,N,,CC - Collection Centre,,
DE NI 10820,GETI WILBA GmbH,Hansestraße 2,Bremervörde,27432,"Landkreis Rotenburg (Wümme),Lower Saxony",Germany,EU-EFTA,WM,GHE,N,,GHE - Game-Handling Establishment,,
DE DGF Wildsammelstelle 01,Graf Elmar,Unterstuben 2,Reisbach,94419,"Landkreis Dingolfing-Landau,Lower Bavaria,Bavaria; wG Wild land mammals other than wild ungulates",Germany,EU-EFTA,WM,CC,N,porcine,CC - Collection Centre,,
DE EV 1704,Gustav Winterhalter GmbH,Telfer Straße 4,Elzach,79215,"Landkreis Emmendingen,Regierungsbezirk Freiburg,Baden-Württemberg; wU Wild ungulates",Germany,EU-EFTA,WM,GHE,N,,GHE - Game-Handling Establishment,,
keine Sammelstelle - Wild aus Drückjagd 30/11/2024,Heinrich Rikhof,OT Nienhagen Wolterweg 1,Schwanebeck,39397,"Landkreis Harz,Saxony-Anhalt",Germany,EU-EFTA,WM,CC,N,,CC - Collection Centre,,
DE SL 10030 EG,Heribert Klein,Ponsheimer Hof,Mandelbachtal,66399,"Saarpfalz-Kreis,Saarland; wU Wild ungulates",Germany,EU-EFTA,WM,GHE,N,,GHE - Game-Handling Establishment,,
DE BY 10010 EG,Hermannsdorfer Landwerkstätten Glonn GmbH & Co. KG,Hermannsdorf 7,Glonn,85625,"Landkreis Ebersberg,Upper Bavaria,Bavaria; wU Wild ungulates",Germany,EU-EFTA,WM,GHE CP,N,,GHE - Game-Handling Establishment | CP - Cutting Plant,,
DE BY 10006 EG,"Hermannsdorfer Landwerkstätten Glonn GmbH & Co. KG, Wurstmanufaktur Gut Kerschlach",Gut Kerschlach 1,Pähl,82396,"Landkreis Weilheim-Schongau,Upper Bavaria,Bavaria; L Lagomorphs; wA Wild game birds; wG Wild land mammals other than wild ungulates; wU Wild ungulates",Germany,EU-EFTA,WM,GHE,N,,GHE - Game-Handling Establishment,,
DE HE 30393 EG,Hof Raßner & Reutel GbR,Hermesbachweg 7,Frielendorf,34621,"Schwalm-Eder-Kreis,Regierungsbezirk Kassel,Hesse; wU Wild ungulates",Germany,EU-EFTA,WM,GHE CP,N,,GHE - Game-Handling Establishment | CP - Cutting Plant,,
DE BY 30421 EG,J. Ackermann Landmetzgerei GmbH,Kurbersdorfer Str. 7,Trabitz,92724,"Landkreis Neustadt an der Waldnaab,Upper Palatinate,Bavaria; L Lagomorphs; wA Wild game birds; wG Wild land mammals other than wild ungulates; wL Lagomorphs living freely in the wild; wU Wild ungulates",Germany,EU-EFTA,WM,GHE,N,,GHE - Game-Handling Establishment,,
84571-REG-Wildsammelstelle,Josef Kammergruber,Stockwimm 67,Reischach,84571,"Landkreis Altötting,Upper Bavaria,Bavaria",Germany,EU-EFTA,WM,CC,N,,CC - Collection Centre,,
DE BY 11132,Josef Maier GmbH & Co. KG,Justus-von-Liebig-Str. 48,Landsberg am Lech,86899,"Landkreis Landsberg am Lech,Upper Bavaria,Bavaria",Germany,EU-EFTA,WM,CP GHE,N,,CP - Cutting Plant | GHE - Game-Handling Establishment,,
DE BY 70823 EG,KKS Hartung GmbH Fleischerei / Metzgereivereinigung Füssen,Am Kühbrunnen 10,Füssen,87629,"Landkreis Ostallgäu,Swabia,Bavaria; L Lagomorphs; R Ratites; wA Wild game birds; wG Wild land mammals other than wild ungulates; wL Lagomorphs living freely in the wild; wU Wild ungulates",Germany,EU-EFTA,WM,CP GHE,N,,CP - Cutting Plant | GHE - Game-Handling Establishment,,
DE 09 183 1140 115,Krieger Robert,Gumpolding 5,Buchbach,84428,"Landkreis Mühldorf am Inn,Upper Bavaria,Bavaria",Germany,EU-EFTA,WM,CC,N,,CC - Collection Centre,,
DE RP 22010 EG,Landmetzgerei Lothar Klos,Bahnhofstraße 3,Zerf,54314,"Landkreis Trier-Saarburg,Rhineland-Palatinate; L Lagomorphs; wA Wild game birds; wG Wild land mammals other than wild ungulates; wL Lagomorphs living freely in the wild; wU Wild ungulates; R Ratites",Germany,EU-EFTA,WM,CP GHE,N,,CP - Cutting Plant | GHE - Game-Handling Establishment,,
MÜ-WK,Lantenhammer Anita,Inzlham 1,Schönberg,84573,"Landkreis Mühldorf am Inn,Upper Bavaria,Bavaria",Germany,EU-EFTA,WM,CC,N,,CC - Collection Centre,,
4983 MST,Lenz Wild GmbH,Prenzlauer Chaussee 16a,Woldegk,17348,"Landkreis Mecklenburgische Seenplatte,Mecklenburg-Vorpommern",Germany,EU-EFTA,WM,CC,N,,CC - Collection Centre,,
84553-REG-Wildsammelstelle,Ludwig Reiter,Dorfstr. 15,Halsbach,84553,"Landkreis Altötting,Upper Bavaria,Bavaria",Germany,EU-EFTA,WM,CC,N,,CC - Collection Centre,,
DE SH 00458 EG,Mathilde Balzer GmbH & Co. KG,Kurt-Fischer-Straße 45,Ahrensburg,22926,"Kreis Stormarn,Schleswig-Holstein; wU Wild ungulates; wG Wild land mammals other than wild ungulates",Germany,EU-EFTA,WM,CP,N,,CP - Cutting Plant,,
DE SL 90003,Metzgerei Göller GmbH,Seelbacher Straße 16,Blieskastel,66440,"Saarpfalz-Kreis,Saarland",Germany,EU-EFTA,WM,GHE,N,,GHE - Game-Handling Establishment,,
DE BW 54002 EG,Metzgerei Keck GbR,Rheinwaldstraße 24,Kehl,77694,"Ortenaukreis,Regierungsbezirk Freiburg,Baden-Württemberg",Germany,EU-EFTA,WM,GHE CP,N,,GHE - Game-Handling Establishment | CP - Cutting Plant,,
DE SL 12000,Metzgerei Martin,Nauwies 12,Überherrn,66802,"Landkreis Saarlouis,Saarland",Germany,EU-EFTA,WM,CP GHE,N,,CP - Cutting Plant | GHE - Game-Handling Establishment,,
DE BY 70841 EG,Metzgerei Riedhofer,Mühlenweg 3,Eisenberg,87637,"Landkreis Ostallgäu,Swabia,Bavaria; wA Wild game birds; L Lagomorphs; wU Wild ungulates; wG Wild land mammals other than wild ungulates; wL Lagomorphs living freely in the wild",Germany,EU-EFTA,WM,CP,N,,CP - Cutting Plant,,
DE-BB-63029_EG,Michael Nagl,Friedensstr. 14,Stechow,14715,"Landkreis Havelland,Brandenburg",Germany,EU-EFTA,WM,GHE,N,,GHE - Game-Handling Establishment,,
LA WM 0028,Mühlhofer Harald,Kaiserfeld 1,Gerzen,84175,"Landkreis Landshut,Lower Bavaria,Bavaria",Germany,EU-EFTA,WM,CC,N,,CC - Collection Centre,,
DE HH 00033,Nordfrost GmbH & Co. KG,Hovestraße 72,Hamburg,20539,Hamburg,Germany,EU-EFTA,WM,CP,N,,CP - Cutting Plant,,
1514711,Oswald Bernhard,Mondseestr. 9,Aldersbach,94501,"Landkreis Passau,Lower Bavaria,Bavaria",Germany,EU-EFTA,WM,CC,N,,CC - Collection Centre,,
DE BW 03090,Pacific & Meer Fisch GmbH,Binnenhafenstraße 1-3,Mannheim,68159,"Mannheim,Regierungsbezirk Karlsruhe,Baden-Württemberg",Germany,EU-EFTA,WM,GHE,N,,GHE - Game-Handling Establishment,,
DE BW 50003 EG,Ralf Zähringer,Schmiege 22,Ehrenkirchen,79238,"Landkreis Breisgau-Hochschwarzwald,Regierungsbezirk Freiburg,Baden-Württemberg; wU Wild ungulates",Germany,EU-EFTA,WM,CP,N,,CP - Cutting Plant,,
DE BY 60030,Rhönmetzgerei Arnold,Gefäll Feuerbergstraße 36,Burkardroth,97657,"Landkreis Bad Kissingen,Lower Franconia,Bavaria",Germany,EU-EFTA,WM,GHE,N,,GHE - Game-Handling Establishment,,
DE RP 23027,SIMON-Fleisch GmbH,Gutenbergstraße 12,Wittlich,54516,"Landkreis Bernkastel-Wittlich,Rhineland-Palatinate; wU Wild ungulates",Germany,EU-EFTA,WM,CP GHE,N,,CP - Cutting Plant | GHE - Game-Handling Establishment,,
DE BY 11118,"Schönegger Käse-Alm GmbH, Betrieb Pschorrhof",Steingadener Straße 8,Rottenbuch,82401,"Landkreis Weilheim-Schongau,Upper Bavaria,Bavaria; wA Wild game birds; wL Lagomorphs living freely in the wild; wU Wild ungulates; wG Wild land mammals other than wild ungulates",Germany,EU-EFTA,WM,GHE,N,,GHE - Game-Handling Establishment,,
DE BY 10385,Siegner Fleisch & Partner GmbH,Triebstraße18,Munich,80993,"Munich,Upper Bavaria,Bavaria",Germany,EU-EFTA,WM,GHE,N,,GHE - Game-Handling Establishment,,
DE HH 00042,Steakmeister GmbH,Lagerstraße 11,Hamburg,20357,Hamburg,Germany,EU-EFTA,WM,CP,N,,CP - Cutting Plant,,
DE NW 20028,Tillman's Convenience GmbH,In der Mark 2,Rheda-Wiedenbrück,33378,"Kreis Gütersloh,Regierungsbezirk Detmold,North Rhine-Westphalia; wA Wild game birds; wL Lagomorphs living freely in the wild; wU Wild ungulates; wG Wild land mammals other than wild ungulates",Germany,EU-EFTA,WM,CP,N,,CP - Cutting Plant,,
DE NW 20033,Transmeat Schöller GmbH & Co. KG,Schützenstraße 9,Versmold,33775,"Kreis Gütersloh,Regierungsbezirk Detmold,North Rhine-Westphalia; wA Wild game birds; L Lagomorphs; wU Wild ungulates; wG Wild land mammals other than wild ungulates",Germany,EU-EFTA,WM,GHE,N,,GHE - Game-Handling Establishment,,
DE BY 60358,VION Convenience GmbH,Nordring 13,Großostheim,63762,"Landkreis Aschaffenburg,Lower Franconia,Bavaria; wA Wild game birds; wL Lagomorphs living freely in the wild; wU Wild ungulates; wG Wild land mammals other than wild ungulates",Germany,EU-EFTA,WM,CP,N,,CP - Cutting Plant,,
LA WM 0029,Wagner Wild und Geflügel,Taubengässchen 337,Landshut,84034,"Landshut,Lower Bavaria,Bavaria",Germany,EU-EFTA,WM,CC,N,,CC - Collection Centre,,
DE BY EW 301 EWG,Weber - Wildbret e. K.,Kothmaißling 1,Cham,93413,"Landkreis Cham,Upper Palatinate,Bavaria",Germany,EU-EFTA,WM,GHE,N,,GHE - Game-Handling Establishment,,
DE PA 09 275 116 0318,Wieser Norbert,Wies 7,Bad Füssing,94072,"Landkreis Passau,Lower Bavaria,Bavaria",Germany,EU-EFTA,WM,CC,N,,CC - Collection Centre,,
DE BY 30559,Wild and more GmbH,Handwerkerstraße 12,Velburg,92355,"Landkreis Neumarkt in der Oberpfalz,Upper Palatinate,Bavaria; wA Wild game birds; wG Wild land mammals other than wild ungulates; wL Lagomorphs living freely in the wild; wU Wild ungulates",Germany,EU-EFTA,WM,GHE,N,,GHE - Game-Handling Establishment,,
141610000310,Wildbearbeitungsbetrieb Dörr,Hauptstraße 16,Chemnitz,09128,"Chemnitz,Saxony",Germany,EU-EFTA,WM,GHE,N,,GHE - Game-Handling Establishment,,
1621154,Wildsammelstelle Asenham,Wirtsberg 8,Bad Birnbach,84364,"Landkreis Rottal-Inn,Lower Bavaria,Bavaria",Germany,EU-EFTA,WM,CC,N,,CC - Collection Centre,,
092771480041,Wildsammelstelle Dirnaichner,Schachten 2,Tann,84367,"Landkreis Rottal-Inn,Lower Bavaria,Bavaria",Germany,EU-EFTA,WM,CC,N,,CC - Collection Centre,,
DE 268563668,Wildsammelstelle Nagl Sylvia,Gschaid 6a,Dietersburg,84378,"Landkreis Rottal-Inn,Lower Bavaria,Bavaria",Germany,EU-EFTA,WM,CC,N,,CC - Collection Centre,,
DE326643112,Wildsammelstelle Robert Kugler,Aichbauer 1,Reut,84367,"Landkreis Rottal-Inn,Lower Bavaria,Bavaria; wG Wild land mammals other than wild ungulates",Germany,EU-EFTA,WM,CC,N,,CC - Collection Centre,,
LA WM 0004,Wildsammelstelle Scherer,Riegelstr. 3,Ergoldsbach,84061,"Landkreis Landshut,Lower Bavaria,Bavaria",Germany,EU-EFTA,WM,CC,N,,CC - Collection Centre,,
SL 90028,Wildspezialitäten Broszeit,Hermbacher Hof 1,Freisen,66629,"Landkreis St. Wendel,Saarland",Germany,EU-EFTA,WM,CP,N,,CP - Cutting Plant,,
SN-EW 001,Wurzener Wildspezialitaeten,"Hauptstraße 2a, 04828 Bennewitz/Altenbach",Wurzen,04828,"Landkreis Leipzig,Saxony",Germany,EU-EFTA,WM,GHE,N,,GHE - Game-Handling Establishment,,
178714 (Ecocert Code),Walter Geiger Fischhandels GmbH,Stefansfelderstr. 15,Salem,88682,"Bodenseekreis,Regierungsbezirk Tübingen,Baden-Württemberg",Germany,EU-EFTA,FFP,WM PP,,,WM - Wholesale Market | PP - Processing Plant,,
DE797351538140430,CT Canada Trade GmbH,Technologiepark 24,Trittau,22946,"Kreis Stormarn,Schleswig-Holstein",Germany,EU-EFTA,FFP,WM,,,WM - Wholesale Market,,
NE-0044585,ANKA EU GmbH,"Mainstrasse 85, Gebäude 85",Neuss,41469,"Rhein-Kreis Neuss,Regierungsbezirk Düsseldorf,North Rhine-Westphalia",Germany,EU-EFTA,FFP,WM,,,WM - Wholesale Market,,
DE MV EFB 018 EG,ANKER GmbH Fisch- u. Feinkostfabrik,Gewerbestr. 6,Dassow,23942,"Landkreis Nordwestmecklenburg,Mecklenburg-Vorpommern",Germany,EU-EFTA,FFP,PP,,,PP - Processing Plant,,
OLS-0008674,AlShalati Großhandel Inh. Ahmed Feras Kaadan Alchalati,August-Wilhelm-Kuhnholz-Straße 8,Oldenburg,26135,"Oldenburg,Lower Saxony",Germany,EU-EFTA,FFP,WM,,,WM - Wholesale Market,,
DE NW 50361,Albers GmbH,Mündelheimer Weg 6,Düsseldorf,40472,"Düsseldorf,Regierungsbezirk Düsseldorf,North Rhine-Westphalia",Germany,EU-EFTA,FFP,PP,,,PP - Processing Plant,,
DE NI 10029,Allfein Feinkost GmbH & Co. KG,Brägeler Straße 110,Lohne,49393,"Landkreis Vechta,Lower Saxony",Germany,EU-EFTA,FFP,PP FFPP,,,PP - Processing Plant | FFPP - Fresh Fishery Products Plant,,
DE NI 12029 EG,"Allfein Feinkost GmbH & Co. KG, Werk II (Mühlen)",Rienshof 8,Steinfeld,49439,"Landkreis Vechta,Lower Saxony",Germany,EU-EFTA,FFP,PP,,,PP - Processing Plant,,
DE MV 22001,"Allfein Feinkost GmbH & Co. KG, Zweigniederlassung Laage",OT Kronskamp Am Wiesengrund 1,Laage,18299,"Landkreis Rostock,Mecklenburg-Vorpommern",Germany,EU-EFTA,FFP,PP,,,PP - Processing Plant,,
DE BY 70495,Allgäu Fresh Foods GmbH & Co. KG,Ursulasrieder Straße2,Kempten (Allgäu),87437,"Kempten (Allgäu),Swabia,Bavaria",Germany,EU-EFTA,FFP,PP,,,PP - Processing Plant,,
DE BY 10338,Alois Dallmayr KG,Dienerstraße 14-15,Munich,80331,"Munich,Upper Bavaria,Bavaria",Germany,EU-EFTA,FFP,PP,,,PP - Processing Plant,,
DE HH-EFB 009,Altonaer Kaviar Import Haus,Schmarjestraße 44,Hamburg-Mitte,22767,Hamburg,Germany,EU-EFTA,FFP,PP,,,PP - Processing Plant,,
DE SH 00481,Altonaer Kaviar Import Haus Gustav Rüsch GmbH & Co. KG,Chausseestraße 32,Wöhrden,25797,"Kreis Dithmarschen,Schleswig-Holstein",Germany,EU-EFTA,FFP,PP,,,PP - Processing Plant,,
DE BY 10580 EG,Andreas Gigglinger,Schmidhausen 1a,Tuntenhausen,83104,"Landkreis Rosenheim,Upper Bavaria,Bavaria",Germany,EU-EFTA,FFP,PP,,,PP - Processing Plant,,
DE HB-EFB 062,Andreas Simonsen GmbH,Am Lunedeich 138,Bremerhaven,27572,"Bremerhaven,Free and Hanseatic City of Bremen",Germany,EU-EFTA,FFP,PP,,,PP - Processing Plant,,
DE3653900,Andreas Simonsen GmbH,Ruhrstraße 90,Hamburg,22761,Hamburg,Germany,EU-EFTA,FFP,WM,,,WM - Wholesale Market,,
2252118,Arapaima Bavaria UG,Am Osterbach 20,Cham,93413,"Landkreis Cham,Upper Palatinate,Bavaria",Germany,EU-EFTA,FFP,WM,,,WM - Wholesale Market,,
DE HH 00059,Atlantik Fisch International,Große Elbstraße 139,Hamburg,22767,Hamburg,Germany,EU-EFTA,FFP,PP,,,PP - Processing Plant,,
ST 00077,Attilus GmbH,Gewerbepark 22,Jessen (Elster),06917,"Landkreis Wittenberg,Saxony-Anhalt",Germany,EU-EFTA,FFP,FFPP,,,FFPP - Fresh Fishery Products Plant,,
HRB 124472,Austability GmbH,Karlsruher Strasse 9,Hockenheim,68766,"Rhein-Neckar-Kreis,Regierungsbezirk Karlsruhe,Baden-Württemberg",Germany,EU-EFTA,FFP,WM,,,WM - Wholesale Market,,
DE726874138959173,AviaCargo GmbH,Lilienthalstr. 25,Hallbergmoos,85399,"Landkreis Freising,Upper Bavaria,Bavaria",Germany,EU-EFTA,FFP,WM,,,WM - Wholesale Market,,
DE BB 70022,Ayanda GmbH,Am Hünengrab 20,Pritzwalk,16928,"Landkreis Prignitz,Brandenburg",Germany,EU-EFTA,FFP,PP,,,PP - Processing Plant,,
DE BY 40911,BHI Biohealth International GmbH,Heinrich-Wirth-Straße 13,Münchberg,95213,"Landkreis Hof,Upper Franconia,Bavaria",Germany,EU-EFTA,FFP,PP,,,PP - Processing Plant,,
DE MV 15007,BMP Production GmbH,Neuhofer Weiche 48,Parchim,19370,"Landkreis Ludwigslust-Parchim,Mecklenburg-Vorpommern",Germany,EU-EFTA,FFP,PP,,,PP - Processing Plant,,
VIE-036-9448,BVS-Handel GmbH,Am Sickeskreuz 8,Willich,47877,"Kreis Viersen,Regierungsbezirk Düsseldorf,North Rhine-Westphalia",Germany,EU-EFTA,FFP,WM,,,WM - Wholesale Market,,
DE NI 40222 EG,"Berlin NC 107, Deutsche 'Fischfang-Union GmbH & Co. KG",Bei der Alten Liebe 5,Cuxhaven,27472,"Landkreis Cuxhaven,Lower Saxony; 9969558",Germany,EU-EFTA,FFP,FV,,,FV - Factory Vessel,,
DE NI 10670 EG,Best Harvest GmbH,Cuxhavener Str. 36,Otterndorf,21762,"Landkreis Cuxhaven,Lower Saxony",Germany,EU-EFTA,FFP,PP FFPP,,,PP - Processing Plant | FFPP - Fresh Fishery Products Plant,,
DE NI 10261,Brauer´s Fischräucherei,Lange Straße 36,Landesbergen,31628,"Landkreis Nienburg/Weser,Lower Saxony",Germany,EU-EFTA,FFP,PP,,,PP - Processing Plant,,
Großmarkt,CAV-UG MARKET,MARKET STR. 10,Cologne,50968,"Cologne,Cologne Government Region,North Rhine-Westphalia",Germany,EU-EFTA,FFP,PP,,,PP - Processing Plant,,
DE NI 10868 EG,CNM Ingredients GmbH,Neufelder Str. 44,Cuxhaven,27472,"Landkreis Cuxhaven,Lower Saxony",Germany,EU-EFTA,FFP,PP,,,PP - Processing Plant,,
DE NI 11076,COSTA Meeresspezialitäten GmbH & Co. KG,Stedinger Straße.25,Emden,26723,"Emden,Lower Saxony",Germany,EU-EFTA,FFP,PP,,,PP - Processing Plant,,
DE NI 49179,Caldenhof Convenience GmbH,Untere Eschstraße 9,Ostercappeln,49179,"Landkreis Osnabrück,Lower Saxony",Germany,EU-EFTA,FFP,PP,,,PP - Processing Plant,,
DE HB 00112,Castro Seafood GmbH & Co KG,Am Lunedeich 108,Bremerhaven,27572,"Bremerhaven,Free and Hanseatic City of Bremen",Germany,EU-EFTA,FFP,PP,,,PP - Processing Plant,,
DE NW 70529,Caviar Union GmbH,Kölner Straße 225,Kürten,42929,"Rheinisch-Bergischer Kreis,Cologne Government Region,North Rhine-Westphalia",Germany,EU-EFTA,FFP,PP,,,PP - Processing Plant,,
DE NI 13854 EG,"Cuxhaven NC 100, Deutsche Fischfang-Union GmbH & Co. KG",Bei der Alten Liebe 5,Cuxhaven,27472,"Landkreis Cuxhaven,Lower Saxony; 9782778",Germany,EU-EFTA,FFP,FV,,,FV - Factory Vessel,,
066310092210,DESIETRA GmbH,Kruppstraße 5,Rodges,36041,"Landkreis Fulda,Regierungsbezirk Kassel,Hesse",Germany,EU-EFTA,FFP,FFPP,,,FFPP - Fresh Fishery Products Plant,,
DE NI 10690 EG,DIF Organveredelung Gerhard Küpers GmbH & Co. KG,Brandstr. 21,Lohne,49393,"Landkreis Vechta,Lower Saxony",Germany,EU-EFTA,FFP,PP,,,PP - Processing Plant,,
DE NI 11070,De Beer Fisch-Feinkost GmbH & Co. KG,An den Darren 1,Greetsiel,26736,"Landkreis Aurich,Lower Saxony",Germany,EU-EFTA,FFP,PP,,,PP - Processing Plant,,
DE NI 11067,De Beer GmbH & Co. Krabbenhandels-KG,An den Darren 1,Greetsiel,26736,"Landkreis Aurich,Lower Saxony",Germany,EU-EFTA,FFP,PP,,,PP - Processing Plant,,
DE SH 00555 EG,Delta Fleisch Handels GmbH,Beim Umspannwerk 11,Norderstedt,22844,"Kreis Segeberg,Schleswig-Holstein",Germany,EU-EFTA,FFP,PP,,,PP - Processing Plant,,
DE NI 10053 EG,Deutsche Salzfisch-Union GmbH,Präsident-Herwig-Straße 2,Cuxhaven,27472,"Landkreis Cuxhaven,Lower Saxony",Germany,EU-EFTA,FFP,PP FFPP,,,PP - Processing Plant | FFPP - Fresh Fishery Products Plant,,
DE HB 00123,Deutsche See GmbH,Maifischstraße 3-9,Bremerhaven,27572,"Bremerhaven,Free and Hanseatic City of Bremen",Germany,EU-EFTA,FFP,PP FFPP,,,PP - Processing Plant | FFPP - Fresh Fishery Products Plant,,
DE HB 00122,Deutsche See GmbH,Am Lunedeich 115,Bremerhaven,27572,"Bremerhaven,Free and Hanseatic City of Bremen",Germany,EU-EFTA,FFP,PP FFPP,,,PP - Processing Plant | FFPP - Fresh Fishery Products Plant,,
NI 11183,Deutsches Institut für Lebensmitteltechnik e. V.,Professor-von-Klitzing-Str. 7,Quakenbrück,49610,"Landkreis Osnabrück,Lower Saxony",Germany,EU-EFTA,FFP,PP,,,PP - Processing Plant,,
DE NI 27419,Die Räucherei GmbH & Co. KG,Klosterhörn 2,Klein Meckelsen,27419,"Landkreis Rotenburg (Wümme),Lower Saxony",Germany,EU-EFTA,FFP,PP,,,PP - Processing Plant,,
DE HH-EFB 003,Dieckmann & Hansen Caviar,Große Elbstraße 210,Hamburg,22767,Hamburg,Germany,EU-EFTA,FFP,PP,,,PP - Processing Plant,,
084260670395,Dietmayer Walter,Bischoff-Helding-Str. 17,Langenenslingen,88515,"Landkreis Biberach,Regierungsbezirk Tübingen,Baden-Württemberg",Germany,EU-EFTA,FFP,PP,,,PP - Processing Plant,,
D BW 07124,Dietmayer Walter Junior,Hauptstr. 79,Hettingen,72513,"Landkreis Sigmaringen,Regierungsbezirk Tübingen,Baden-Württemberg",Germany,EU-EFTA,FFP,PP,,,PP - Processing Plant,,
DE NI 12064,Dirk Abrahams GmbH,Collsteder Damm 3,Zetel,26340,"Landkreis Friesland,Lower Saxony",Germany,EU-EFTA,FFP,PP FFPP,,,PP - Processing Plant | FFPP - Fresh Fishery Products Plant,,
DE NW 30135,Dr. August Oetker Nahrungsmittel KG,Lutterstraße 14,Bielefeld,33617,"Bielefeld,Regierungsbezirk Detmold,North Rhine-Westphalia",Germany,EU-EFTA,FFP,PP,,,PP - Processing Plant,,
DE BW 07439,E. Geiger GmbH,Torenstraße 19-21,Meersburg,88709,"Bodenseekreis,Regierungsbezirk Tübingen,Baden-Württemberg",Germany,EU-EFTA,FFP,FFPP PP,,,FFPP - Fresh Fishery Products Plant | PP - Processing Plant,,
DE BY-EFB 303,Engert GmbH - Fisch- und Feinkostgroßhandel,Bayreuther Straße 6,Amberg,92224,"Amberg,Upper Palatinate,Bavaria",Germany,EU-EFTA,FFP,PP,,,PP - Processing Plant,,
DE SN 30506,Euro Fine Fish GmbH,Zum Storchennest 9,Mutzschen,04668,"Landkreis Leipzig,Saxony",Germany,EU-EFTA,FFP,PP FFPP,,,PP - Processing Plant | FFPP - Fresh Fishery Products Plant,,
54799ES,Euro Food Import-Export GmbH,Schießhausweg 3,Deizisau,73779,"Landkreis Esslingen,Regierungsbezirk Stuttgart,Baden-Württemberg",Germany,EU-EFTA,FFP,WM,,,WM - Wholesale Market,,
DE NW 10344,Evangelisches Krankenhaus Lippstadt gGmbH,Weidenbrücker Straße 33,Lippstadt,59555,"Kreis Soest,Regierungsbezirk Arnsberg,North Rhine-Westphalia",Germany,EU-EFTA,FFP,PP,,,PP - Processing Plant,,
DE MV 15003,FEMEG Produktions- und Vertriebs GmbH,Gletzower Landstraße 6,Rehna,19217,"Landkreis Nordwestmecklenburg,Mecklenburg-Vorpommern",Germany,EU-EFTA,FFP,PP,,,PP - Processing Plant,,
HB 00183,FRoSTA AG,Am Lunedeich 116,"Bremerhaven, Stadt",27572,,Germany,EU-EFTA,FFP,PP,,,PP - Processing Plant,,
DE ST 00003 EG,Feinkost Reich GmbH,Am Schützenkrug 10,Harsleben,38829,"Landkreis Harz,Saxony-Anhalt",Germany,EU-EFTA,FFP,PP,,,PP - Processing Plant,,
DE SL 31011,Feinkost Yargici,Kreisstraße 134b,Saarbrücken,66128,"Regionalverband Saarbrücken,Saarland",Germany,EU-EFTA,FFP,PP,,,PP - Processing Plant,,
DE5589827,"Fisch Import und Export, Alexander Kukshaus",Alte Owinger Str. 40,Überlingen,88662,"Bodenseekreis,Regierungsbezirk Tübingen,Baden-Württemberg",Germany,EU-EFTA,FFP,WM,,,WM - Wholesale Market,,
093751160083,Fisch Maier e.K.,Donaustr. 18,Frengkofen,93090,"Landkreis Regensburg,Upper Palatinate,Bavaria",Germany,EU-EFTA,FFP,FFPP,,,FFPP - Fresh Fishery Products Plant,,
BY 16023,Fischerei Köppelmühle Gmbh,Köppelmühle 1,Markt Schwaben,85570,"Landkreis Ebersberg,Upper Bavaria,Bavaria",Germany,EU-EFTA,FFP,FFPP,,,FFPP - Fresh Fishery Products Plant,,
DE095721110278,Fischgroßhandlung Ludwig Paulus,Schlossstr. 4,Adelsdorf,91325,"Landkreis Erlangen-Höchstadt,Middle Franconia,Bavaria",Germany,EU-EFTA,FFP,WM,,,WM - Wholesale Market,,
DE HH 00083,Fischmarkt Hamburg-Altona GmbH,Große Elbstraße 145f,Hamburg,22767,Hamburg,Germany,EU-EFTA,FFP,PP AH,,,PP - Processing Plant | AH - Auction Hall,,
DE-NI EFB 101 EG,Forellen Abel GmbH,Welsestraße 23,Ganderkesee,27777,"Landkreis Oldenburg,Lower Saxony",Germany,EU-EFTA,FFP,PP FFPP,,,PP - Processing Plant | FFPP - Fresh Fishery Products Plant,,
DE BE 20362,Freiberger Lebensmittel GmbH,Zerpenschleuser Ring 1,Berlin,13439,Berlin,Germany,EU-EFTA,FFP,PP,,,PP - Processing Plant,,
DE SL 80011,Fresh Völklingen GmbH,August-Clüsserath-Weg 2,Völklingen,66333,"Regionalverband Saarbrücken,Saarland",Germany,EU-EFTA,FFP,PP FFPP,,,PP - Processing Plant | FFPP - Fresh Fishery Products Plant,,
DE SH-EFB 013,Friesenkrone Feinkost GmbH & Co. KG,Alter Kirchweg 18,Marne,25709,"Kreis Dithmarschen,Schleswig-Holstein",Germany,EU-EFTA,FFP,PP,,,PP - Processing Plant,,
DE BY 60370,Frische und Service GmbH Lebensmittelvertrieb,Industriestraße 15,Wiesentheid,97353,"Landkreis Kitzingen,Lower Franconia,Bavaria",Germany,EU-EFTA,FFP,PP,,,PP - Processing Plant,,
DE HE 10812 EG,"FrischeParadies GmbH & Co. KG, Niederlassung Frankfurt",Lärchenstraße 101,Frankfurt am Main,65933,"Frankfurt am Main,Regierungsbezirk Darmstadt,Hesse",Germany,EU-EFTA,FFP,PP,,,PP - Processing Plant,,
DE BY 50579 EG,"FrischeParadies GmbH & Co. KG, Niederlassung Fürth",Hans-Vogel-Straße 113,Fürth,90765,"Fürth,Middle Franconia,Bavaria",Germany,EU-EFTA,FFP,PP FFPP,,,PP - Processing Plant | FFPP - Fresh Fishery Products Plant,,
DE BW 01013 EG,"FrischeParadies GmbH & Co. KG, Niederlassung Stuttgart",Ulmer Straße 159,Stuttgart,70188,"Stuttgart,Regierungsbezirk Stuttgart,Baden-Württemberg",Germany,EU-EFTA,FFP,FFPP,,,FFPP - Fresh Fishery Products Plant,,
DE SN 30767 EG,"FrischeParadies GmbH & Co.KG, Niederlassung Leipzig",Maximilian Allee 5,Leipzig,04129,"Leipzig,Saxony",Germany,EU-EFTA,FFP,PP FFPP,,,PP - Processing Plant | FFPP - Fresh Fishery Products Plant,,
DE NW-EFB 213,Frostkrone Engel-Food Tiefkühlkost GmbH,Konrad-Adenauer-Straße 28,Rietberg,33397,"Kreis Gütersloh,Regierungsbezirk Detmold,North Rhine-Westphalia",Germany,EU-EFTA,FFP,PP,,,PP - Processing Plant,,
DE HB 00145,Frozen Fish International GmbH,Am Lunedeich 115,Bremerhaven,27572,"Bremerhaven,Free and Hanseatic City of Bremen",Germany,EU-EFTA,FFP,PP FFPP,,,PP - Processing Plant | FFPP - Fresh Fishery Products Plant,,
DE993412938026480,GE-LO GmbH,MITTELWENDUNG 23 a,Weyhe,28844,"Landkreis Diepholz,Lower Saxony",Germany,EU-EFTA,FFP,WM,,,WM - Wholesale Market,,
DE MV 15005,Garnelen Farm Grevesmühlen GmbH & Co. KG,Am Baarssee 5,Grevesmühlen,23936,"Landkreis Nordwestmecklenburg,Mecklenburg-Vorpommern",Germany,EU-EFTA,FFP,FFPP,,,FFPP - Fresh Fishery Products Plant,,
DE NW 60038,Gebrüder Otto Gourmet GmbH,Boos-Fremery-Straße 62,Heinsberg,52525,"Kreis Heinsberg,Cologne Government Region,North Rhine-Westphalia",Germany,EU-EFTA,FFP,PP,,,PP - Processing Plant,,
DE SH-EFB 028,Georg Usbek GmbH,Bösterredder 15e,Wankendorf,24601,"Kreis Plön,Schleswig-Holstein",Germany,EU-EFTA,FFP,PP,,,PP - Processing Plant,,
HRA9647,Golden Seabreeze GmbH & Co. KG,Grüner Weg 83,Aachen-Mitte,52070,"Städteregion Aachen,Cologne Government Region,North Rhine-Westphalia",Germany,EU-EFTA,FFP,WM,,,WM - Wholesale Market,,
DE NI-EFB 106,Gooss Logistic GmbH,Lentzkai Amerikahafen,Cuxhaven,27472,"Landkreis Cuxhaven,Lower Saxony",Germany,EU-EFTA,FFP,PP,,,PP - Processing Plant,,
Gramme - Revit GmbH,Gramme-Revit GmbH,Im Oberdorf 10 99428 Grammetal (OT Niederzimmern),Grammetal,99428,"Landkreis Weimarer Land,Thuringia; 62 Third countries using only raw material either from Member States or from other third countries approved for imports of such raw material to the Union, in accordance with Article 2.",Germany,EU-EFTA,FFP,PP,,,PP - Processing Plant,,
DE NI 11102,Greenland Seafood Wilhelmshaven GmbH,Flutstraße 84,Wilhelmshaven,26386,"Wilhelmshaven,Lower Saxony",Germany,EU-EFTA,FFP,PP,,,PP - Processing Plant,,
DE NI 29646,"Grundmann, Lasse / Forellenteichwirtschaft Grevenhof",Grevenhof 5a,Steinbeck (Luhe),29646,"Landkreis Heidekreis,Lower Saxony",Germany,EU-EFTA,FFP,PP FFPP,,,PP - Processing Plant | FFPP - Fresh Fishery Products Plant,,
DE BY 70471,Gräflich Castell'sche Delikatessen GmbH,Griestal 18,Markt Rettenbach,87733,"Landkreis Unterallgäu,Swabia,Bavaria",Germany,EU-EFTA,FFP,PP FFPP,,,PP - Processing Plant | FFPP - Fresh Fishery Products Plant,,
DE HB 00216,H.-J. Fiedler Meeresdelikatessen GmbH,Am Pumpwerk 4-6,Bremerhaven,27572,"Bremerhaven,Free and Hanseatic City of Bremen",Germany,EU-EFTA,FFP,PP,,,PP - Processing Plant,,
DE SH-EFB 009 EG,"HAWESTA - Feinkost, Hans Westphal GmbH & Co. KG",Mecklenburger Straße 140-142,Lübeck,23568,"Lübeck,Schleswig-Holstein",Germany,EU-EFTA,FFP,PP,,,PP - Processing Plant,,
DE SL 30009,Haldy GmbH & Co. KG,Hans-Großwendt-Ring 7,Völklingen,66333,"Regionalverband Saarbrücken,Saarland",Germany,EU-EFTA,FFP,PP,,,PP - Processing Plant,,
DE HB-EFB 013,Hans Fiedler & Söhne,Am Lunedeich 149,Bremerhaven,27572,"Bremerhaven,Free and Hanseatic City of Bremen",Germany,EU-EFTA,FFP,PP,,,PP - Processing Plant,,
DE130740261046,HanseGarnelen Grevesmühlen GmbH,Am Baarssee 7,Grevesmühlen,23936,"Landkreis Nordwestmecklenburg,Mecklenburg-Vorpommern",Germany,EU-EFTA,FFP,FFPP,,,FFPP - Fresh Fishery Products Plant,,
SL-EFU 003,Havekost GmbH & Co. KG,Güterbahnhofstraße 4,Homburg,66424,"Saarpfalz-Kreis,Saarland",Germany,EU-EFTA,FFP,WM,,,WM - Wholesale Market,,
DE NI 11413,Heidefisch GmbH/ Stefan Winkelmann,Meinholz 1,Wietzendorf,29649,"Landkreis Heidekreis,Lower Saxony",Germany,EU-EFTA,FFP,PP,,,PP - Processing Plant,,
DE HB 00212,Heinrich Abelmann GmbH,Am Lunedeich 22,Bremerhaven,27572,"Bremerhaven,Free and Hanseatic City of Bremen",Germany,EU-EFTA,FFP,PP,,,PP - Processing Plant,,
DE NW 20108 EG,Heinrich Kühlmann GmbH & Co. KG,Am Grubebach 1,Delbrück,33129,"Kreis Paderborn,Regierungsbezirk Detmold,North Rhine-Westphalia",Germany,EU-EFTA,FFP,PP,,,PP - Processing Plant,,
DE HB 00134 EG,Henry Lamotte Oils GmbH,Merkurstraße 47-49,"Bremen, Stadt",28197,,Germany,EU-EFTA,FFP,PP,,,PP - Processing Plant,,
DE BY 10334,Hipp GmbH & Co. Produktion KG,Georg-Hipp-Straße 7,Pfaffenhofen an der Ilm,85276,"Landkreis Pfaffenhofen an der Ilm,Upper Bavaria,Bavaria",Germany,EU-EFTA,FFP,PP,,,PP - Processing Plant,,
034600105354,"Holzenkamp, Robert",Siedenbögen 11,Visbek,49429,"Landkreis Vechta,Lower Saxony",Germany,EU-EFTA,FFP,FFPP,,,FFPP - Fresh Fishery Products Plant,,
TR-4374514,IBF Logistik und Trade GmbH,Auenstr. 49,Süßen,73079,"Landkreis Göppingen,Regierungsbezirk Stuttgart,Baden-Württemberg",Germany,EU-EFTA,FFP,WM,,,WM - Wholesale Market,,
DE HE 10806,Icefresh GmbH,Union-Brauerei-Straße 4d,Groß-Gerau,64521,"Kreis Groß-Gerau,Regierungsbezirk Darmstadt,Hesse",Germany,EU-EFTA,FFP,PP FFPP,,,PP - Processing Plant | FFPP - Fresh Fishery Products Plant,,
DE NW 90220,Iglo GmbH - Werk Reken,Aeckern 1,Reken,48734,"Kreis Borken,Regierungsbezirk Münster,North Rhine-Westphalia",Germany,EU-EFTA,FFP,PP,,,PP - Processing Plant,,
DE BE 80125,Imperial Caviar GmbH,Rheinbabenallee 14,Berlin,14199,Berlin,Germany,EU-EFTA,FFP,PP,,,PP - Processing Plant,,
DE BY 10294,InnFood GmbH,Menningerstraße 1,Polling,84570,"Landkreis Mühldorf am Inn,Upper Bavaria,Bavaria",Germany,EU-EFTA,FFP,PP,,,PP - Processing Plant,,
DE BY 14051,Isana Naturfeinkost GmbH & Co. Produktions- und Handels KG,Gewerbering 2,Eresing,86922,"Landkreis Landsberg am Lech,Upper Bavaria,Bavaria",Germany,EU-EFTA,FFP,PP,,,PP - Processing Plant,,
DE RP 08036,Italpesca Fisch Groß- und Einzelhandel,Brückenstraße 10,Grünstadt,67269,"Landkreis Bad Dürkheim,Rhineland-Palatinate",Germany,EU-EFTA,FFP,PP FFPP,,,PP - Processing Plant | FFPP - Fresh Fishery Products Plant,,
DE ST-EFB 012,Jütro Tiefkühlkost GmbH & Co. KG,Alte Wittenberger Straße 21,Jessen (Elster),06917,"Landkreis Wittenberg,Saxony-Anhalt",Germany,EU-EFTA,FFP,PP,,,PP - Processing Plant,,
DE BY 16001,KAGERER & CO. GMBH,WEISSENFELDER STRASSE 6,Feldkirchen,85622,"Landkreis München,Upper Bavaria,Bavaria",Germany,EU-EFTA,FFP,WM,,,WM - Wholesale Market,,
DE SL 31003,KD Pharma Bexbach GmbH,Am Kraftwerk 6,Bexbach,66450,"Saarpfalz-Kreis,Saarland",Germany,EU-EFTA,FFP,PP,,,PP - Processing Plant,,
DE 02 500 5004 20,KEL Logistik GmbH,Neumann-Reichardt-Straße 27-33,Hamburg,22041,Hamburg,Germany,EU-EFTA,FFP,WM,,,WM - Wholesale Market,,
DE7349300,Kauf-O-Mat GmbH,Brümmerstr. 38,Berlin,14195,Berlin,Germany,EU-EFTA,FFP,WM,,,WM - Wholesale Market,,
DE HE 10810,Kosmidis Feinkost GmbH,Morsestraße 36-42,Frankfurt am Main,60486,"Frankfurt am Main,Regierungsbezirk Darmstadt,Hesse",Germany,EU-EFTA,FFP,FFPP,,,FFPP - Fresh Fishery Products Plant,,
DE NI 14348 EG,Krabben-Bremer GmbH,Blickhausener Landstr. 1,Dorum,27639,"Landkreis Cuxhaven,Lower Saxony",Germany,EU-EFTA,FFP,PP,,,PP - Processing Plant,,
DE BW 05036 EG,Lackmann Fleisch- und Feinkostfabrik GmbH,Carl-Benz-Straße 10,Willstätt,77731,"Ortenaukreis,Regierungsbezirk Freiburg,Baden-Württemberg",Germany,EU-EFTA,FFP,WM,,,WM - Wholesale Market,,
201900001179,Le Tonno Fresco,Kurpfalzring 106-108,Heidelberg,69123,"Heidelberg,Regierungsbezirk Karlsruhe,Baden-Württemberg",Germany,EU-EFTA,FFP,WM,,,WM - Wholesale Market,,
DE SL-EFB 004,Lebenshilfe Nordsaarland Werkstätte gGmbH,Blättelbornweg 6,Merzig,66663,"Landkreis Merzig-Wadern,Saarland",Germany,EU-EFTA,FFP,PP,,,PP - Processing Plant,,
DEBB66027,Lemberg Fisch GmbH,Lindenstraße 15,Raddusch - Raduš,03226,"Landkreis Oberspreewald-Lausitz,Brandenburg",Germany,EU-EFTA,FFP,PP,,,PP - Processing Plant,,
BB 72036,Lemberg Lebensmittel GmbH,Bahnhofstrasse 77,Blankenfelde,15827,"Landkreis Teltow-Fläming,Brandenburg",Germany,EU-EFTA,FFP,PP,,,PP - Processing Plant,,
BE 80121,Lemberg Lebensmittel GmbH,Germaniastr. 29,Berlin,12099,Berlin,Germany,EU-EFTA,FFP,PP,,,PP - Processing Plant,,
010620063247,Lenk Seafood Services GmbH,Rathausstraße 28,Bargteheide,22941,"Kreis Stormarn,Schleswig-Holstein",Germany,EU-EFTA,FFP,WM,,,WM - Wholesale Market,,
DE-BY79011,Louis Dreyfus Ingredients GmbH,"Robert-Hansen Strasse 1, 89257 Illerstissen",Illertissen,89257,"Landkreis Neu-Ulm,Swabia,Bavaria",Germany,EU-EFTA,FFP,PP,,,PP - Processing Plant,,
HB-EFB 047,Louis Schoppenhauer GmbH & Co. KG,Am Lunedeich 52,Bremerhaven,27572,"Bremerhaven,Free and Hanseatic City of Bremen",Germany,EU-EFTA,FFP,PP,,,PP - Processing Plant,,
DE632159361468825,MERKER & MENZER GMBH,ERLENRODE 14,Wuppertal,42277,"Wuppertal,Regierungsbezirk Düsseldorf,North Rhine-Westphalia",Germany,EU-EFTA,FFP,WM,,,WM - Wholesale Market,,
DE HE 30800,MONOLITH CAVIAR & CO,HAUPTSTRASSE 49,Haunetal,36166,"Landkreis Hersfeld-Rotenburg,Regierungsbezirk Kassel,Hesse",Germany,EU-EFTA,FFP,PP,,,PP - Processing Plant,,
DE344113377192557,MSE Foods GmbH,Porphyrstraße 14,Halle (Saale),06126,"Halle (Saale),Saxony-Anhalt",Germany,EU-EFTA,FFP,WM,,,WM - Wholesale Market,,
HRB15754,MVF LEBENSMITTEL GMBH,DESSAUERSTR. 60,Mülheim an der Ruhr,45472,"Mülheim an der Ruhr,Regierungsbezirk Düsseldorf,North Rhine-Westphalia",Germany,EU-EFTA,FFP,WM,,,WM - Wholesale Market,,
DE203493451850851,MVF Lebensmittel GmbH,Dessauer Str. 60,Mülheim an der Ruhr,45472,"Mülheim an der Ruhr,Regierungsbezirk Düsseldorf,North Rhine-Westphalia",Germany,EU-EFTA,FFP,WM,,,WM - Wholesale Market,,
DE NI 27472 EG,Maris Food GmbH,Neufelder Schanze 2,Cuxhaven,27472,"Landkreis Cuxhaven,Lower Saxony",Germany,EU-EFTA,FFP,PP,,,PP - Processing Plant,,
DE03359028-Marisco,Marisco GmbH,Westerjork 31,Jork,21635,"Landkreis Stade,Lower Saxony",Germany,EU-EFTA,FFP,WM,,,WM - Wholesale Market,,
DE NW 20036,Matiss Feinkost GmbH,Im Sundernkamp 12-13,Enger,32130,"Kreis Herford,Regierungsbezirk Detmold,North Rhine-Westphalia",Germany,EU-EFTA,FFP,PP,,,PP - Processing Plant,,
DE HB-EFB 081,Meereskost GmbH,Heringstraße 7,Bremerhaven,27572,"Bremerhaven,Free and Hanseatic City of Bremen",Germany,EU-EFTA,FFP,PP,,,PP - Processing Plant,,
DE NI 10050,Meistermacher Convenience Food GmbH,Feldbrügge 16,Neuenkirchen-Vörden,49434,"Landkreis Vechta,Lower Saxony",Germany,EU-EFTA,FFP,FFPP PP,,,FFPP - Fresh Fishery Products Plant | PP - Processing Plant,,
DE SN 20832,Meisters Wurst- und Fleischwaren Bautzen GmbH,Edisonstraße 17,Bautzen,02625,"Landkreis Bautzen,Saxony",Germany,EU-EFTA,FFP,FFPP,,,FFPP - Fresh Fishery Products Plant,,
DE HE 30800 EG,Monolith Caviar & Co. GmbH,Hauptstraße 49,Haunetal,36166,"Landkreis Hersfeld-Rotenburg,Regierungsbezirk Kassel,Hesse",Germany,EU-EFTA,FFP,PP FFPP,,,PP - Processing Plant | FFPP - Fresh Fishery Products Plant,,
DE NI 25000 EG,Nermerich Feinkost GmbH,Humphry-Davy-Str. 2-8,Cuxhaven,27472,"Landkreis Cuxhaven,Lower Saxony",Germany,EU-EFTA,FFP,PP,,,PP - Processing Plant,,
D-0032139,Nicolas Dany Mootooveeren,Metro-Str. 45,Düsseldorf,40235,"Düsseldorf,Regierungsbezirk Düsseldorf,North Rhine-Westphalia",Germany,EU-EFTA,FFP,WM,,,WM - Wholesale Market,,
HB 00228,"Nordbank Hochseefischerei GmbH ""Jan Maria"" BX792",Doggerbank Hochseefischerei GmbH c/o Nordbank Hochseefischerei GmbH JAN MARIA BX792 Grönlandstr. 1,Bremerhaven,27572,"Bremerhaven,Free and Hanseatic City of Bremen; 9917397",Germany,EU-EFTA,FFP,ZV,,,ZV - Freezer Vessel,,
DE NI 10084 EG,Nordfrost GmbH & Co. KG,Im Gewerbegebiet 22,Schortens,26419,"Landkreis Friesland,Lower Saxony",Germany,EU-EFTA,FFP,PP,,,PP - Processing Plant,,
DE455436606,Novora Ingredients and Advisory GmbH,Schönauerstr 34,Heidelberg,69118,"Heidelberg,Regierungsbezirk Karlsruhe,Baden-Württemberg",Germany,EU-EFTA,FFP,WM,,,WM - Wholesale Market,,
DE NW 40040,Nura GmbH,Hülsermannshof 16-18,Duisburg,47179,"Duisburg,Regierungsbezirk Düsseldorf,North Rhine-Westphalia",Germany,EU-EFTA,FFP,WM,,,WM - Wholesale Market,,
DE BY 16025,Oceanloop Munich GmbH,Straßäcker 6,Langenpreising,85465,"Landkreis Erding,Upper Bavaria,Bavaria",Germany,EU-EFTA,FFP,FFPP,,,FFPP - Fresh Fishery Products Plant,,
DE MV 25007,"Oderbank Hochseefischerei GmbH ""Helen Mary"" ROS 785",Boddenstraße 64,Lietzow,18528,"Landkreis Vorpommern-Rügen,Mecklenburg-Vorpommern; 9126364",Germany,EU-EFTA,FFP,ZV,,,ZV - Freezer Vessel,,
HB 00144,Oleum Produktions- u. Handels- GmbH,Schleusenrampe 8,Bremerhaven,27570,"Bremerhaven,Free and Hanseatic City of Bremen",Germany,EU-EFTA,FFP,PP,,,PP - Processing Plant,,
DE BW 01007,Omega Sorg GmbH,Margarete-Steiff-Straße 22,Essingen,73457,"Ostalbkreis,Regierungsbezirk Stuttgart,Baden-Württemberg",Germany,EU-EFTA,FFP,FFPP,,,FFPP - Fresh Fishery Products Plant,,
DE BW 01009,"Omega Sorg GmbH, Niederlassung Stuttgart",Kesselstraße 13,Stuttgart,70327,"Stuttgart,Regierungsbezirk Stuttgart,Baden-Württemberg",Germany,EU-EFTA,FFP,FFPP,,,FFPP - Fresh Fishery Products Plant,,
DE HH 00050,"Ortegal Fischerei GmbH, Gefrierschiff - HF 570 ""Ortegal TRES""",Hainholzweg 38e,Hamburg,22041,Hamburg,Germany,EU-EFTA,FFP,FFPP FV ZV,,,FFPP - Fresh Fishery Products Plant | FV - Factory Vessel | ZV - Freezer Vessel,,
DE NI 43000,Ozean Fischgroßhandel GmbH,Untere Eschstr. 7,Ostercappeln,49179,"Landkreis Osnabrück,Lower Saxony",Germany,EU-EFTA,FFP,WM,,,WM - Wholesale Market,,
DE BW 03090,Pacific & Meer Fisch GmbH,Binnenhafenstraße 1-3,Mannheim,68159,"Mannheim,Regierungsbezirk Karlsruhe,Baden-Württemberg",Germany,EU-EFTA,FFP,FFPP,,,FFPP - Fresh Fishery Products Plant,,
DE ST 00041,Paradiesfrucht GmbH,Bergener Straße 10,"Salzwedel, Stadt",29410,,Germany,EU-EFTA,FFP,PP,,,PP - Processing Plant,,
DE NW 30017 EG,Paul Schröder,Friedrichstr. 19,Bad Lippspringe,33175,"Kreis Paderborn,Regierungsbezirk Detmold,North Rhine-Westphalia",Germany,EU-EFTA,FFP,PP,,,PP - Processing Plant,,
DE NI 10959,Pickenpack Seafoods GmbH,OT Riepe Schmiedestraße 16,Ihlow,26632,"Landkreis Aurich,Lower Saxony",Germany,EU-EFTA,FFP,PP FFPP,,,PP - Processing Plant | FFPP - Fresh Fishery Products Plant,,
DE TH 03014,Rastenberger Fertig- und Frischmenue GmbH,Carl-Zeiss-Ring 5,Rastenberg,99636,"Landkreis Sömmerda,Thuringia",Germany,EU-EFTA,FFP,PP,,,PP - Processing Plant,,
DE HE 10800,Reichold Feinkost GmbH,Im Maisel 6,Taunusstein,65232,"Rheingau-Taunus-Kreis,Regierungsbezirk Darmstadt,Hesse",Germany,EU-EFTA,FFP,PP,,,PP - Processing Plant,,
DE BY 10997,Richard Posch GmbH,Am Schwartlinggraben 2,Aßling,85617,"Landkreis Ebersberg,Upper Bavaria,Bavaria",Germany,EU-EFTA,FFP,PP,,,PP - Processing Plant,,
SN-EFB 034,Rodag Food GmbH,Gewerbering 35,Annaberg-Buchholz,09456,"Erzgebirgskreis,Saxony",Germany,EU-EFTA,FFP,PP,,,PP - Processing Plant,,
DE NI 11699 EG,Royal Fresh Fish GmbH,Neuferlder-strabe 37-41,Cuxhaven,27472,"Landkreis Cuxhaven,Lower Saxony",Germany,EU-EFTA,FFP,PP,,,PP - Processing Plant,,
DE NI 10699,Royal Greenland Germany GmbH,Schleusenstraße 2,Cuxhaven,27472,"Landkreis Cuxhaven,Lower Saxony",Germany,EU-EFTA,FFP,PP FFPP,,,PP - Processing Plant | FFPP - Fresh Fishery Products Plant,,
DE MV-EFB 008 EG,Rügen Fisch GmbH,Straße der Jugend 10,Sassnitz,18546,"Landkreis Vorpommern-Rügen,Mecklenburg-Vorpommern",Germany,EU-EFTA,FFP,PP,,,PP - Processing Plant,,
DE HE-EFU 020,SSP Konsumgüter Trade & Consult GmbH,Philipp-Reis-Straße 15 B3/B4,Dietzenbach,63128,"Landkreis Offenbach,Regierungsbezirk Darmstadt,Hesse; 62 Third countries using only raw material either from Member States or from other third countries approved for imports of such raw material to the Union, in accordance with Article 2.",Germany,EU-EFTA,FFP,WM,,,WM - Wholesale Market,,
HB 00117,Sandelmann GmbH,Kühlhausstraße 12 - 14,Bremerhaven,27572,"Bremerhaven,Free and Hanseatic City of Bremen",Germany,EU-EFTA,FFP,FFPP PP,,,FFPP - Fresh Fishery Products Plant | PP - Processing Plant,,
DE HB 00102,Sandor Seafood GmbH,"An der Packhalle XIII, Abt. 7&8",Bremerhaven,27572,"Bremerhaven,Free and Hanseatic City of Bremen",Germany,EU-EFTA,FFP,FFPP PP,,,FFPP - Fresh Fishery Products Plant | PP - Processing Plant,,
DE BY 16024,Schleicher-Geist Delikatessen GmbH,Henschelring 11,Kirchheim bei München,85551,"Landkreis München,Upper Bavaria,Bavaria",Germany,EU-EFTA,FFP,PP,,,PP - Processing Plant,,
EN-0003412H,Schmorow GmbH,Loher Str. 14,Schwelm,58332,"Ennepe-Ruhr-Kreis,Regierungsbezirk Arnsberg,North Rhine-Westphalia",Germany,EU-EFTA,FFP,FFPP,,,FFPP - Fresh Fishery Products Plant,,
DE BW 07191,Schultheiss GmbH Fischgroßhandel,Robert Bosch Str.8,Berkheim,88450,"Landkreis Biberach,Regierungsbezirk Tübingen,Baden-Württemberg",Germany,EU-EFTA,FFP,FFPP PP,,,FFPP - Fresh Fishery Products Plant | PP - Processing Plant,,
DE BY 13155,Schönegger Käse-Alm GmbH,Steinwies 20,Prem,86984,"Landkreis Weilheim-Schongau,Upper Bavaria,Bavaria",Germany,EU-EFTA,FFP,PP,,,PP - Processing Plant,,
RÜD-3003H,Scottish Import Finefood GmbH,Wiesenstraße 35,Martinsthal,65344,"Rheingau-Taunus-Kreis,Regierungsbezirk Darmstadt,Hesse",Germany,EU-EFTA,FFP,WM,,,WM - Wholesale Market,,
DE SL-EFB 002 EG,Simo Fishprocessing GmbH & Co. KG,Hilbringer Straße 2-4,Merzig,66663,"Landkreis Merzig-Wadern,Saarland",Germany,EU-EFTA,FFP,PP,,,PP - Processing Plant,,
INITDE05378.20260123.01,Sky Food Hasan Mouna,Britanniahütte 12,Bergisch Gladbach,51469,"Rheinisch-Bergischer Kreis,Cologne Government Region,North Rhine-Westphalia",Germany,EU-EFTA,FFP,WM,,,WM - Wholesale Market,,
DE MV 010,SternMaid GmbH & Co. KG,Am Mühlenberg 4,Wittenburg,19243,"Landkreis Ludwigslust-Parchim,Mecklenburg-Vorpommern",Germany,EU-EFTA,FFP,PP,,,PP - Processing Plant,,
DE BW 03008,Sunval Nahrungsmittel GmbH,Industriestraße 11,Waghäusel,68753,"Landkreis Karlsruhe,Regierungsbezirk Karlsruhe,Baden-Württemberg",Germany,EU-EFTA,FFP,PP,,,PP - Processing Plant,,
HB 00207,TFE GmbH,Am Lunedeich 96,Stadtbezirk Bremerhaven-Süd,27572,"Bremerhaven,Free and Hanseatic City of Bremen",Germany,EU-EFTA,FFP,PP,,,PP - Processing Plant,,
06434tinema01,TINEMA GmbH,Daimlerstr. 3,Steinbach,61449,"Hochtaunuskreis,Regierungsbezirk Darmstadt,Hesse",Germany,EU-EFTA,FFP,WM,,,WM - Wholesale Market,,
DE MV 25009,Thai Union Marine Nutrients GmbH,Hansestraße 12a,Bentwisch,18182,"Landkreis Rostock,Mecklenburg-Vorpommern",Germany,EU-EFTA,FFP,PP,,,PP - Processing Plant,,
1223923,TrendFood Fish MV GmbH,Am Wäthering 17,Strasburg (Uckermark),17335,"Landkreis Vorpommern-Greifswald,Mecklenburg-Vorpommern",Germany,EU-EFTA,FFP,PP,,,PP - Processing Plant,,
DE NI 11022 EG,UNIQFOOD GmbH,Münsterstraße 9 - 15,Hilter,49176,"Landkreis Osnabrück,Lower Saxony",Germany,EU-EFTA,FFP,PP,,,PP - Processing Plant,,
DE BY 60331,Universitätsklinikum Würzburg,Josef-Schneider-Straße 2 D15,Würzburg,97080,"Würzburg,Lower Franconia,Bavaria",Germany,EU-EFTA,FFP,PP,,,PP - Processing Plant,,
DE SH 00439 EU,Vega Salmon GmbH,Skandinavien-Bogen 6-8,Handewitt,24983,"Kreis Schleswig-Flensburg,Schleswig-Holstein",Germany,EU-EFTA,FFP,PP,,,PP - Processing Plant,,
DE HE 10816,Venos Lebensmittelhandelsges. GmbH,Rödelheimer Landstraße 75-85,Frankfurt am Main,60487,"Frankfurt am Main,Regierungsbezirk Darmstadt,Hesse",Germany,EU-EFTA,FFP,FFPP,,,FFPP - Fresh Fishery Products Plant,,
08 315 115 0005,Walter Fath - Forellenhof Umkirch,Forellenhofweg 1,Umkirch,79224,"Landkreis Breisgau-Hochschwarzwald,Regierungsbezirk Freiburg,Baden-Württemberg",Germany,EU-EFTA,FFP,PP FFPP,,,PP - Processing Plant | FFPP - Fresh Fishery Products Plant,,
MV 25006,"Warnemünder Hochseefischerei GmbH ""Mark"" ROS 777",Boddenstr. 64,Lietzow,18528,"Landkreis Vorpommern-Rügen,Mecklenburg-Vorpommern; 9690688",Germany,EU-EFTA,FFP,ZV,,,ZV - Freezer Vessel,,
DE NW-EFB 403,Wechsler Feinfisch GmbH,Wildweg 6,Erftstadt,50374,"Rhein-Erft-Kreis,Cologne Government Region,North Rhine-Westphalia",Germany,EU-EFTA,FFP,PP,,,PP - Processing Plant,,
DE MV 15001 EG,Werner Lauenroth Fischfeinkost GmbH,Werner-Lauenroth-Straße 1-3,Lüdersdorf,23922,"Landkreis Nordwestmecklenburg,Mecklenburg-Vorpommern",Germany,EU-EFTA,FFP,PP,,,PP - Processing Plant,,
DE NI 43463 EG,Wernsing Feinkost GmbH,Kartoffelweg 1,Essen (Oldenburg),49632,"Landkreis Cloppenburg,Lower Saxony",Germany,EU-EFTA,FFP,PP,,,PP - Processing Plant,,
DE MV 25001,"Westbank Hochseefischerei GmbH, Gefrierschiff ""Maartje Theadora"" ROS 171",Boddenstr. 64,Lietzow,18528,"Landkreis Vorpommern-Rügen,Mecklenburg-Vorpommern; 9182801",Germany,EU-EFTA,FFP,ZV,,,ZV - Freezer Vessel,,
09277126H002,Willa Mehl Mühlenbetrieb GmbH,Ammersdorf 15,Johanniskirchen,84381,"Landkreis Rottal-Inn,Lower Bavaria,Bavaria",Germany,EU-EFTA,FFP,PP,,,PP - Processing Plant,,
PM-76709,Wonster GmbH,Obstplantage 26,Beelitz,14547,"Landkreis Potsdam-Mittelmark,Brandenburg",Germany,EU-EFTA,FFP,WM,,,WM - Wholesale Market,,
HH 00106,Yin Seafood GmbH,Große Elbstr. 133-135,Hamburg,22767,Hamburg,Germany,EU-EFTA,FFP,PP WM,,,PP - Processing Plant | WM - Wholesale Market,,
BE 80084,Zarendom Lebensmittel GmbH,Beusselstraße 44 N-Q Gebäude 30C,Berlin,10553,Berlin,Germany,EU-EFTA,FFP,PP FFPP,,,PP - Processing Plant | FFPP - Fresh Fishery Products Plant,,
DE NW 87135,apetito Aktiengesellschaft,Bonifatiusstraße 305,Rheine,48432,"Kreis Steinfurt,Regierungsbezirk Münster,North Rhine-Westphalia",Germany,EU-EFTA,FFP,PP,,,PP - Processing Plant,,
DE6688292,maBitec GmbH,Kattrepelsbrücke 1,Hamburg,20095,Hamburg,Germany,EU-EFTA,FFP,WM,,,WM - Wholesale Market,,
156759,misson vision GmbH,Hegholt 59,Hamburg,22179,Hamburg,Germany,EU-EFTA,FFP,WM,,,WM - Wholesale Market,,
BM-0036523,Özsandikci GmbH / Import & Export Gross und Einzelhandel,Gut Tannenhof 1,Pulheim,50259,"Rhein-Erft-Kreis,Cologne Government Region,North Rhine-Westphalia",Germany,EU-EFTA,FFP,WM,,,WM - Wholesale Market,,
