approval_number,name,address,city,postcode,region,country,section,activity,slaughter,species,remarks,date_of_approval,publication_date
S118,"""SFAGEIA SKOTOUSSAS E.P.E.""",SKOTOUSSA SERRON,Skotousa Serres,62100,"Serres Regional Unit,Central Macedonia Region,Macedonia - Thrace",Greece,RM,SH,Y,,SH - Slaughterhouse,,
A512,108 EMPORIA KREATON SA,"SIKOLIA ,N.KYDONIAS",Chania,73100,"Chania Regional Unit,Region of Crete,Crete",Greece,RM,CP,N,,CP - Cutting Plant,,
A 891,4 YEEROS I.K.E.,ACHARNES,Acharnes,13671,"Regional Unit of East Attica,Region of Attica,Attica",Greece,RM,CP,N,,CP - Cutting Plant,,
A373,A & CH. IFANTIS A.V.E.E,KIFISIA ATTIKI,Kifissia,14562,"Regional Unit North Athens,Region of Attica,Attica",Greece,RM,CP,N,,CP - Cutting Plant,,
A141,A & I TIAKA,ALEXANDROUPOLI EVROS,Alexandroupoli,68100,"Evros Regional Unit,East Macedonia and Thrace Region,Macedonia - Thrace",Greece,RM,CP,N,,CP - Cutting Plant,,
A317,A. FOTOPOULOS MONOPROSOPI EPE,GARGALIANOI,Gargaliani,24400,"Messenia Regional Unit,Peloponnese, West Greece and Ionian Sea",Greece,RM,CP,N,,CP - Cutting Plant,,
A492,A. KARYLAKIS MON. LTD,NEA PERAMOS,Nea Peramos,19006,"Regional Unit of West Attica,Region of Attica,Attica",Greece,RM,CP,N,,CP - Cutting Plant,,
A767,A. MANOLITSAKIS & SIA OE,RETHIMNO,Rethymno,93010,"Rethymno Regional Unit,Region of Crete,Crete",Greece,RM,CP,N,,CP - Cutting Plant,,
S125,ACHMETIS SPIRIDON TOU KONSTANTINOU,PSILI RACHI LOUROU,Louros,48061,"Preveza Regional Unit,Epirus Region,Epirus - Western Macedonia",Greece,RM,SH,Y,,SH - Slaughterhouse,,
A58,AFI K. DIROKALTSI,TRIKALA,Trikala,42100,"Regional Unit of Trikala,Region of Thessaly,Thessaly - Central Greece",Greece,RM,CP,N,,CP - Cutting Plant,,
A88,AFI ANTONAKI AEVE,ATSIPOPOULO RETHYMNO,Atsipopoulo,,"Rethymno Regional Unit,Region of Crete,Crete",Greece,RM,CP,N,,CP - Cutting Plant,,
A291,AFI AYFANTIS AVEE,NEAPOLI AITOLOAKARNANIA,Agrinio,30021,"Aetolia-Acarnania Regional Unit,Peloponnese, West Greece and Ionian Sea",Greece,RM,CP,N,,CP - Cutting Plant,,
A274,AFI FAKOU A.E,THIVA VIOTIA,Thiva,32200,"Regional Unit of Boeotia,Region of Central Greece,Thessaly - Central Greece",Greece,RM,CP,N,,CP - Cutting Plant,,
A136,AFI GAZI A.E.,NIDRI LEFKADA,Nydri,48100,"Lefkada Regional Unit,Ionian Islands Region,Peloponnese, West Greece and Ionian Sea",Greece,RM,CP,N,,CP - Cutting Plant,,
A343,AFI SAPOUNTZI O.E.,MAYROCHORI KASTORIA,Mavrochori,52056,"Kastoria Regional Unit,West Macedonia Region,Epirus - Western Macedonia",Greece,RM,CP,N,,CP - Cutting Plant,,
A740,AFOI ASTERIOU FP ( KREATA MAKEDONIAS),KALOCHORI-DIMOS DELTA,Kalochori Kalochori,57009,"Thessaloniki Regional Unit,Central Macedonia Region,Macedonia - Thrace",Greece,RM,CP,N,,CP - Cutting Plant,,
A386,AFOI BAMPOURI O.E,IRAKLEIA SERRES,Iraklia,62100,"Serres Regional Unit,Central Macedonia Region,Macedonia - Thrace",Greece,RM,CP,N,,CP - Cutting Plant,,
A289,AFOI CHASIKOU AEVE,ATSIPOPOULO RETHYMNO,Atsipopoulo,,"Rethymno Regional Unit,Region of Crete,Crete",Greece,RM,CP,N,,CP - Cutting Plant,,
A 880,AFOI D. MICHALOPOULOI IKE,MESSINI,Messini,24200,"Messenia Regional Unit,Peloponnese, West Greece and Ionian Sea",Greece,RM,CP,N,,CP - Cutting Plant,,
A422,AFOI DIMITRIOU A.E.,"8 DIMARCHOU CHR BEKA, 15344 Spata",Spata,15344,"Regional Unit of East Attica,Region of Attica,Attica",Greece,RM,CP,N,bovine caprine ovine porcine,CP - Cutting Plant,,
A521,AFOI GIANNETA EPE,THIRAS 182 - KORYDALLOS,33 Piraeus,185,"Regional Unit of Piraeus,Region of Attica,Attica",Greece,RM,CP,N,,CP - Cutting Plant,,
A518,AFOI KOUNINIOTI O.E,AVYTHOS AIGIO ACHAIA,Aigio,25100,"Achaea Regional Unit,Peloponnese, West Greece and Ionian Sea",Greece,RM,CP,N,,CP - Cutting Plant,,
A409,AFOI MARKOU O.E,TRIKALA,Trikala,42100,"Regional Unit of Trikala,Region of Thessaly,Thessaly - Central Greece",Greece,RM,CP,N,,CP - Cutting Plant,,
A392,AFOI MICHAIL TSAGKARI O.E,KALYMNOS DODEKANISA,Kalymnos,85200,"Περιφερειακή Ενότητα Καλύμνου,South Aegean Region",Greece,RM,CP,N,,CP - Cutting Plant,,
S89,AFOI NIKOLOPOULOI FARM S.A.,"AGIOS IOANNIS, AMALIADA",Amaliada,27100,"Peloponnese, West Greece and Ionian Sea",Greece,RM,SH,Y,,SH - Slaughterhouse,,
A799,AFOI PAPAGEORGOULI O.E,GIANNOULI,Giannouli,41500,"Regional Unit of Larisa,Region of Thessaly,Thessaly - Central Greece",Greece,RM,CP,N,,CP - Cutting Plant,,
A397,AFOI RERRE O.E,MELIGALAS MESSINIA,Meligalas,24100,"Messenia Regional Unit,Peloponnese, West Greece and Ionian Sea",Greece,RM,CP,N,,CP - Cutting Plant,,
A819,AFOI TRIDIMA O.E,ANDROS,Andros,84500,"Περιφερειακή Ενότητα Άνδρου,South Aegean Region",Greece,RM,CP,N,,CP - Cutting Plant,,
A 899,AFOI ZIAKA E.E.,LAMIA,Lamia,35100,"Regional Unit of Phthiotis,Region of Central Greece,Thessaly - Central Greece",Greece,RM,CP,N,,CP - Cutting Plant,,
A414,AFTHENTIKON TRIKALON O.E.,FILYRA TRIKALA,Filyra,42032,"Regional Unit of Trikala,Region of Thessaly,Thessaly - Central Greece",Greece,RM,CP,N,,CP - Cutting Plant,,
A519,AGGELIDAKI EFTHALIA,L. EIRINIS 69 - TAVROS,Municipal Unit of Tavros,17778,"Regional Unit of South Athens,Region of Attica,Attica",Greece,RM,CP,N,,CP - Cutting Plant,,
A 940,AGKOP KEMPAP I.K.E.,ZEFYRI,Zefyri,13451,"Regional Unit of West Attica,Region of Attica,Attica",Greece,RM,CP,N,,CP - Cutting Plant,,
A 727,AGRAFA PAROCHI IPIRESEION & EKMETALEFSI ESTIATORION E.E,ATHINA,Athina,10176,"Region of Attica,Attica",Greece,RM,CP,N,,CP - Cutting Plant,,
A311,AGROKTIMA KARANIKA E.P.E,ALEXANDRIA IMATHIAS,Alexandreia,59300,"Imathia Regional Unit,Central Macedonia Region,Macedonia - Thrace",Greece,RM,CP,N,,CP - Cutting Plant,,
S188,AGROKTINOTROFIKI BIOLOGICAL & EMPORIKI SINGLE MEMBER PRIVATE COMPANY,GASTOUNI,Gastouni,27300,"Peloponnese, West Greece and Ionian Sea",Greece,RM,SH,Y,bovine caprine ovine porcine,SH - Slaughterhouse,,
A 486,AGROKTINOTROFIKI VIOLOGIKI & EMPORIKI MONOPROSOPI I.K.E. -VIOLOGIKI MONOPROSOPI I.K.E.,"A. PAPANDREOU 3 PARALIA PATRON, ACHAIA",Patras,26332,"Achaea Regional Unit,Peloponnese, West Greece and Ionian Sea",Greece,RM,CP,N,,CP - Cutting Plant,,
A876,AGROPA A.E,RODOTOPI,Rodotopi,45500,"Ioannina Regional Unit,Epirus Region,Epirus - Western Macedonia",Greece,RM,CP,N,,CP - Cutting Plant,,
A803,ALEXANDROS & IOANNIS TIAKAS & SIA O.E,SOUFLI,Soufli,68200,"Evros Regional Unit,East Macedonia and Thrace Region,Macedonia - Thrace",Greece,RM,CP,N,,CP - Cutting Plant,,
A342,ALEXANDROS SKORDILIS,FEAKON KERKYRA,Templonion Kerkyra,49100,"Corfu Regional Unit,Ionian Islands Region,Peloponnese, West Greece and Ionian Sea",Greece,RM,CP,N,,CP - Cutting Plant,,
A520,ALEXIOU P. - POLYMEROPOULOU TH. FP,"5on km TRIKALON-KALAMPAKAS ,TRIKALA",Trikala,42100,"Regional Unit of Trikala,Region of Thessaly,Thessaly - Central Greece",Greece,RM,CP,N,,CP - Cutting Plant,,
A578,ALFA MEAT E.E.,GRYPARI 28-34 - KALLITHEA,Kallithea,17673,"Regional Unit of South Athens,Region of Attica,Attica",Greece,RM,CP,N,,CP - Cutting Plant,,
A707,ALFA-VITA VASILOPOULOS S.A.,VI.P.E. - IRAKLEIOU,Heraklion,71410,"Heraklion Regional Unit,Region of Crete,Crete",Greece,RM,CP,N,,CP - Cutting Plant,,
A144,ALFA-VITA VASILOPOULOS S.A.,AG. I. RENTIS ATIKIS,Municipal Unit of Nikaia,18450,"Regional Unit of Piraeus,Region of Attica,Attica",Greece,RM,CP,N,,CP - Cutting Plant,,
A553,ALFA-VITA VASILOPOULOS S.A.,N. EFKARPIA,Efkarpia,56436,"Thessaloniki Regional Unit,Central Macedonia Region,Macedonia - Thrace",Greece,RM,CP,N,,CP - Cutting Plant,,
A585,ALFA-VITA VASILOPOULOS S.A.,7on km E.O.SERRON-THESSALONIKIS,Serres,62100,"Serres Regional Unit,Central Macedonia Region,Macedonia - Thrace",Greece,RM,CP,N,,CP - Cutting Plant,,
A 487,ALIAGAS DIMITRIOS & SIA E.E.,"IOANNINON & RODOU KALAMPAKA ,TRIKALA",Kalambaka,42200,"Regional Unit of Trikala,Region of Thessaly,Thessaly - Central Greece",Greece,RM,CP,N,,CP - Cutting Plant,,
A820,ALL ABOUT MEAT IKE,MYKONOS,Mykonos,84600,"Περιφερειακή Ενότητα Μυκόνου,South Aegean Region",Greece,RM,CP,N,,CP - Cutting Plant,,
A777,ALLANTIKA DIANIK A.E,NEO FALIRO,Palaio Faliro,17564,"Regional Unit of South Athens,Region of Attica,Attica",Greece,RM,CP,N,,CP - Cutting Plant,,
A601,ALLANTIKA IOANNINON VLACHOS O.E,IOANNINA,Ioannina Ioannina,45332,"Ioannina Regional Unit,Epirus Region,Epirus - Western Macedonia",Greece,RM,CP,N,,CP - Cutting Plant,,
A369,ALLANTOPOIIA DYTIKIS MAKEDONIAS -N. TH. SKOUTELAS & SIA OE,KAISAREIA KOZANI,Kesaria,50010,"Regional Unit of Kozani,West Macedonia Region,Epirus - Western Macedonia",Greece,RM,CP,N,,CP - Cutting Plant,,
A591,ALLANTOPOIIA RODOPIS IKE,KOMOTINI,Komotini,69100,"Rodopi Regional Unit,East Macedonia and Thrace Region,Macedonia - Thrace",Greece,RM,CP,N,,CP - Cutting Plant,,
A275,ALPHA PREMIUM FOODS IKE,FIKI TRIKALA,Fiki,42100,"Regional Unit of Trikala,Region of Thessaly,Thessaly - Central Greece",Greece,RM,CP,N,,CP - Cutting Plant,,
A42,AMALTHEIA S.A.,ASSIROS THESSALONIKIS,Assiros,57200,"Thessaloniki Regional Unit,Central Macedonia Region,Macedonia - Thrace",Greece,RM,CP,N,,CP - Cutting Plant,,
A792,ANAGNOSTOU IOULIA,LAMIA,Lamia,35014,"Regional Unit of Phthiotis,Region of Central Greece,Thessaly - Central Greece",Greece,RM,CP,N,,CP - Cutting Plant,,
A768,ANASTASIOS DIMITROPOULOS & SIA OE,SPARTI,Sparta,23100,"Lakonia Regional Unit,Peloponnese, West Greece and Ionian Sea",Greece,RM,CP,N,,CP - Cutting Plant,,
S75,ANASTASIOS KARANASTASIS & SIA A.E.,KALITHEA ELASSONA THESI GYFTOS,Kallithea Elassona,40200,"Regional Unit of Larisa,Region of Thessaly,Thessaly - Central Greece",Greece,RM,SH,Y,,SH - Slaughterhouse,,
A794,ANDREAS CHAR. PANITSAS & SIA OE,PERISTERA,Παλαιά Περιστέρα,25200,"Achaea Regional Unit,Peloponnese, West Greece and Ionian Sea",Greece,RM,CP,N,,CP - Cutting Plant,,
A37,ANDREAS I. PETIKAS AEVE,Thermi Thessalonikis,Thermi,57001,"Thessaloniki Regional Unit,Central Macedonia Region,Macedonia - Thrace",Greece,RM,CP,N,,CP - Cutting Plant,,
A 929,ANDREAS TROMPETAS,MEGARA,Megara,19100,"Regional Unit of West Attica,Region of Attica,Attica",Greece,RM,CP,N,,CP - Cutting Plant,,
A337,ANDROMIDAS DIMITRIOS & SIA O.E,MONEMVASIA LAKONIA,Palea Monemvasia,,"Lakonia Regional Unit,Peloponnese, West Greece and Ionian Sea",Greece,RM,CP,N,,CP - Cutting Plant,,
A302,ANEDIK KRITIKOS A.E,AIGINA,Aigina,18010,"Regional Unit of Islands,Region of Attica,Attica",Greece,RM,CP,N,,CP - Cutting Plant,,
A110,ANGHELAKIS KONSTANTINOS FP,KARTEROS IRAKLEIO,Nea Alikarnassos Irakleio Kr.,71500,"Heraklion Regional Unit,Region of Crete,Crete",Greece,RM,CP,N,,CP - Cutting Plant,,
A779,ANOUSOS NIKOLAOS,SPARTI,Sparta,23100,"Lakonia Regional Unit,Peloponnese, West Greece and Ionian Sea",Greece,RM,CP,N,,CP - Cutting Plant,,
A760,ANTONAKI DANAI,MESOCHORI,Mesochori,,"Heraklion Regional Unit,Region of Crete,Crete",Greece,RM,CP,N,,CP - Cutting Plant,,
A206,ANTONARAS X. GEORGIOS,C. M. THESSALONIKI S.A.,Thessaloniki,54627,"Thessaloniki Regional Unit,Central Macedonia Region,Macedonia - Thrace",Greece,RM,CP,N,,CP - Cutting Plant,,
A 867,ANTONIOS MARINOU & SIA EE,AG. ATHANASIOS CHALKIDONA,Γέφυρα,57011,"Thessaloniki Regional Unit,Central Macedonia Region,Macedonia - Thrace",Greece,RM,CP,N,,CP - Cutting Plant,,
A263,APKOT AEBE,CHALKIDA EVIA,Chalkida,34100,"Regional Unit of Euboea,Region of Central Greece,Thessaly - Central Greece",Greece,RM,CP,N,,CP - Cutting Plant,,
A717,APLADAS A.E.V.E.,VI.PE. IRAKLEIOU,Heraklion,71410,"Heraklion Regional Unit,Region of Crete,Crete",Greece,RM,CP,N,,CP - Cutting Plant,,
A 821,APOSTOLAKIS MEATS MONOPROSOPI I.K.E.,VONITSA,Vonitsa,48100,"Aetolia-Acarnania Regional Unit,Peloponnese, West Greece and Ionian Sea",Greece,RM,CP,N,,CP - Cutting Plant,,
A388,APOSTOLOS DELITZIS A.E,DIDIMOTICHO EVROS,Didymoticho,68300,"Evros Regional Unit,East Macedonia and Thrace Region,Macedonia - Thrace",Greece,RM,CP,N,,CP - Cutting Plant,,
Α298,ARGIRAKIS IKE,FARSALA LARISAS,Farsala,40300,"Regional Unit of Larisa,Region of Thessaly,Thessaly - Central Greece",Greece,RM,CP,N,,CP - Cutting Plant,,
A118,ARGYROPOULOS BROS O.E.,TZIVA TEGEAS ARKADIA,Tzivas,22100,"Peloponnese, West Greece and Ionian Sea",Greece,RM,CP,N,,CP - Cutting Plant,,
A182,ARKAS LTD,4on km PALAIAS ODOU TRIPOLIS-KALAMATAS,Tripoli Tripoli,22100,"Peloponnese, West Greece and Ionian Sea",Greece,RM,CP,N,,CP - Cutting Plant,,
Α 901,ARMONIA LAB AND BURGERS E.E.,THESSALONIKI,28 Thessaloniki,546,"Thessaloniki Regional Unit,Central Macedonia Region,Macedonia - Thrace",Greece,RM,CP,N,,CP - Cutting Plant,,
A284,ARVANITIS A.E,LIMNOS,Myrina,,"Regional Unit of Lemnos,North Aegean Region",Greece,RM,CP,N,,CP - Cutting Plant,,
A377,ARVANITIS PANAGIOTIS,SPERCHIADA FTHIOTIDA,Sperchiada,35100,"Regional Unit of Phthiotis,Region of Central Greece,Thessaly - Central Greece",Greece,RM,CP,N,,CP - Cutting Plant,,
S113,ARVANITIS S.A.,LIVADOCHORI LIMNOU,Livadochorion Myrina,81400,"Regional Unit of Lemnos,North Aegean Region",Greece,RM,SH,Y,,SH - Slaughterhouse,,
A453,ASONITIS P. & SONS S.A.,C. M. ATHINON S.A. - AG. I. RENTIS,Municipal Unit of Agios Ioannis Rentis,18233,"Regional Unit of Piraeus,Region of Attica,Attica",Greece,RM,CP,N,,CP - Cutting Plant,,
A808,ASPIK-KOURALIDI O.E,STAYROCHORI,Stavrochori,61100,"Kilkis Regional Unit,Central Macedonia Region,Macedonia - Thrace",Greece,RM,CP,N,,CP - Cutting Plant,,
A746,ASPRAKIS- KOLEGIANNIS A.V.E.E.,7o km RODOU - LINDOU - RODOS,Rodos,85100,"Rhodes Regional Unit,South Aegean Region",Greece,RM,CP,N,,CP - Cutting Plant,,
A208,ASTERIOY BROS F.P.,C. M. THESSALONIKI S.A.,Thessaloniki,54627,"Thessaloniki Regional Unit,Central Macedonia Region,Macedonia - Thrace",Greece,RM,CP,N,,CP - Cutting Plant,,
S96,ATH. FASOULAS - DIM. NTOUFAS & CO,"RIZOPOULOU 28, LARISA",Petroto Neochori Trikalon,42300,"Regional Unit of Trikala,Region of Thessaly,Thessaly - Central Greece",Greece,RM,SH,Y,,SH - Slaughterhouse,,
A 446,ATHANASIOS KORDALIS - CHALIKIA & SIA O.E.,C. M. ATHINON S.A. - AG. I. RENTIS,Municipal Unit of Agios Ioannis Rentis,18233,"Regional Unit of Piraeus,Region of Attica,Attica",Greece,RM,CP,N,,CP - Cutting Plant,,
A109,"ATHANASOPOULOS ST. & CHR. O.E ""O STATHIS""",POTAMIA ARKADIA,Φαλαισία,22021,"Peloponnese, West Greece and Ionian Sea",Greece,RM,CP,N,,CP - Cutting Plant,,
A 902,ATLAMAZOGLOU VASILIKI,NEA VARVALI KAVALA,Nea Karvali,64006,"Kavala Regional Unit,East Macedonia and Thrace Region,Macedonia - Thrace",Greece,RM,CP,N,,CP - Cutting Plant,,
A606,AV. VASILIPOULOS,VOLOS,Volos,38221,"Regional Unit of Magnesia,Region of Thessaly,Thessaly - Central Greece",Greece,RM,CP,N,,CP - Cutting Plant,,
A 949,AVGOUSTI VASILIKI TOU FRIXOU/ OIKOGENEIA KOKOGIA,AGRIA VOLOU,Agria,37300,"Regional Unit of Magnesia,Region of Thessaly,Thessaly - Central Greece",Greece,RM,CP,N,,CP - Cutting Plant,,
A862,B. SELMAN EPE,OROPOS,Oropos,19015,"Regional Unit of East Attica,Region of Attica,Attica",Greece,RM,CP,N,,CP - Cutting Plant,,
A595,BABANASIOS ATHANASIOS IMPORT-TRADING COMPANY FRESH & FROZEN FOODS,"K3-08B (N.36) & K3-07B (N.37) ATHENS C. MARKET, AG. I. RENTIS GREECE",Municipal Unit of Agios Ioannis Rentis,18233,"Regional Unit of Piraeus,Region of Attica,Attica",Greece,RM,CP,N,,CP - Cutting Plant,,
A861,BACHTSEVANIDIS IOANNIS,MESOCHORI,Mesochori,69100,"Rodopi Regional Unit,East Macedonia and Thrace Region,Macedonia - Thrace",Greece,RM,CP,N,,CP - Cutting Plant,,
A296,BAKRATSAS AP. & SIA IKE,KARDITSA,Karditsa Karditsa,43100,"Karditsa Regional Unit,Region of Thessaly,Thessaly - Central Greece",Greece,RM,CP,N,,CP - Cutting Plant,,
A379,BALAMOTI ELEYTHERIA,LARISA,Larissa,42222,"Regional Unit of Larisa,Region of Thessaly,Thessaly - Central Greece",Greece,RM,CP,N,,CP - Cutting Plant,,
A774,BALASKAS YSS A.E.,GLYFADA,Glyfada,16673,"Regional Unit of South Athens,Region of Attica,Attica",Greece,RM,CP,N,,CP - Cutting Plant,,
A710,BAMPANASIOS ATHANASIOS MONOPROSOPI IKE,C. M. ATHINON S.A. - AG.I. RENTIS,Municipal Unit of Agios Ioannis Rentis,18233,"Regional Unit of Piraeus,Region of Attica,Attica",Greece,RM,CP,N,,CP - Cutting Plant,,
A456,BAMPANASIOU BROS FP,C. M. ATHINON S.A. - AG. I. RENTIS,Municipal Unit of Agios Ioannis Rentis,18233,"Regional Unit of Piraeus,Region of Attica,Attica",Greece,RM,CP,N,,CP - Cutting Plant,,
A587,BANTAK S.A.,AVDIRA,Avdira,67100,"Xanthi Regional Unit,East Macedonia and Thrace Region,Macedonia - Thrace",Greece,RM,CP,N,,CP - Cutting Plant,,
A 192,BARMPOUTAS THEODOROS,VOLOS MAGNISIA,Volos,38445,"Regional Unit of Magnesia,Region of Thessaly,Thessaly - Central Greece",Greece,RM,CP,N,,CP - Cutting Plant,,
A403,BAZAAR S.A.,VI.PE.TH. O.T. 14 THESSALONIKI,Thessaloniki,54627,"Thessaloniki Regional Unit,Central Macedonia Region,Macedonia - Thrace",Greece,RM,CP,N,,CP - Cutting Plant,,
A 504,BELLE MEAT MONOPROSOPI E.P.E.,ORTANSIAS 25 ACHARNES ATTIKI,Acharnes,13677,"Regional Unit of East Attica,Region of Attica,Attica",Greece,RM,CP,N,,CP - Cutting Plant,,
A328,BELLIS AVEE,FLORINA,Florina,53100,"Florina Regional Unit,West Macedonia Region,Epirus - Western Macedonia",Greece,RM,CP,N,,CP - Cutting Plant,,
A363,BERSIANIS,VRYSIA LARISA,Vrysia,40300,"Regional Unit of Larisa,Region of Thessaly,Thessaly - Central Greece",Greece,RM,CP,N,,CP - Cutting Plant,,
A251,BEST MEAT,PEIRAIAS ATTIKIS,35 Piraeus,185,"Regional Unit of Piraeus,Region of Attica,Attica",Greece,RM,CP,N,,CP - Cutting Plant,,
A726,BIKAS S.A. ( M. TRADE SOLUTION S.A.),"1on km ODOU VEROIAS-AMMOU ,VEROIA",Veria,59131,"Imathia Regional Unit,Central Macedonia Region,Macedonia - Thrace",Greece,RM,CP,N,,CP - Cutting Plant,,
A400,BILLI THEMELINA & CO F.P.,ZAFEIRI RODOS DODEKANISA,Rodos,85100,"Rhodes Regional Unit,South Aegean Region",Greece,RM,CP,N,,CP - Cutting Plant,,
A547,BIMPASI ANASTASIA I.K.E,ANATOLI,Ioannina,45221,"Ioannina Regional Unit,Epirus Region,Epirus - Western Macedonia",Greece,RM,CP,N,,CP - Cutting Plant,,
A 910,BITOPOULOS CHOIROTROFIKI A.E.,KATERINI,Katerini Katerini,60100,"Pieria Regional Unit,Central Macedonia Region,Macedonia - Thrace",Greece,RM,CP,N,,CP - Cutting Plant,,
A255,BLACK PIG OF OLYMPOUS M.I.K.E,EXOCHI PIERIA,Exochi,60100,"Pieria Regional Unit,Central Macedonia Region,Macedonia - Thrace",Greece,RM,CP,N,,CP - Cutting Plant,,
A 348,BOGIATZIS THOMAS,PTOLEMAIDA,Ptolemaida,50200,"Regional Unit of Kozani,West Macedonia Region,Epirus - Western Macedonia",Greece,RM,CP,N,,CP - Cutting Plant,,
A471,BOUCHLARIOTIS S.A.,AG. ANARGYROI LARISA,Agii Anargyri,41500,"Regional Unit of Larisa,Region of Thessaly,Thessaly - Central Greece",Greece,RM,CP,N,,CP - Cutting Plant,,
ΡΕ 619,BOUMPAS G. & F. & SIA E.P.E.,MELISIA,Μαρούσι,15127,"Regional Unit North Athens,Region of Attica,Attica",Greece,RM,CP,N,,CP - Cutting Plant,,
A 894,BOUMPAS G. & F. & SIA EPE,MELISSIA,Μαρούσι,15127,"Regional Unit North Athens,Region of Attica,Attica",Greece,RM,CP,N,,CP - Cutting Plant,,
A210,BOURAS I.K.E,C. M. THESSALONIKI S.A.,Thessaloniki,54627,"Thessaloniki Regional Unit,Central Macedonia Region,Macedonia - Thrace",Greece,RM,CP,N,,CP - Cutting Plant,,
A543,BOZIONELOS S.A.,PYRGOU 27 - MOSCHATO,Municipal Unit of Moschato,18345,"Regional Unit of South Athens,Region of Attica,Attica",Greece,RM,CP,N,,CP - Cutting Plant,,
A818,BROTHERS MEAT O.E,AG.I.RENTIS,Municipal Unit of Agios Ioannis Rentis,18233,"Regional Unit of Piraeus,Region of Attica,Attica",Greece,RM,CP,N,,CP - Cutting Plant,,
A451,CARNOVO MONOPROSOPI I.K.E.,C. M. ATHINON S.A. - AG. I. RENTIS,Municipal Unit of Agios Ioannis Rentis,18233,"Regional Unit of Piraeus,Region of Attica,Attica",Greece,RM,CP,N,,CP - Cutting Plant,,
A 944,CARNOVO MONOPROSOPI I.K.E.,ACHARNES,Acharnes,13671,"Regional Unit of East Attica,Region of Attica,Attica",Greece,RM,CP,N,,CP - Cutting Plant,,
A132,CH. MICHAS AEVE,ALIARTOS VOIOTIA,Aliartos,32001,"Regional Unit of Boeotia,Region of Central Greece,Thessaly - Central Greece",Greece,RM,CP,N,,CP - Cutting Plant,,
A74,CH. ZOTOU BROS F.P.,GRAIKOCHORIO THESPROTIA,Grekochori,46100,"Thesprotia Regional Unit,Epirus Region,Epirus - Western Macedonia",Greece,RM,CP,N,,CP - Cutting Plant,,
A567,CHALKIADAKIS S.A.,1on km E.O. GAZIOU-KROUSONA,Krousonas,,"Heraklion Regional Unit,Region of Crete,Crete",Greece,RM,CP,N,,CP - Cutting Plant,,
A787,CHAMAKOS IOANNIS & SIA Ε.E.,PYRGOS,Πύργος,27131,"Peloponnese, West Greece and Ionian Sea",Greece,RM,CP,N,,CP - Cutting Plant,,
A765,CHANTZIS KONSTANTINOS,MAGOULA -SPARTIS,Sparta,23100,"Lakonia Regional Unit,Peloponnese, West Greece and Ionian Sea",Greece,RM,CP,N,,CP - Cutting Plant,,
A137,CHASAPI CHOIRINA IKE,NEA AMISSOS XANTHI,Nea Amisos,67200,"Xanthi Regional Unit,East Macedonia and Thrace Region,Macedonia - Thrace",Greece,RM,CP,N,,CP - Cutting Plant,,
A332,CHATZIDAKIS GEORGIOS & SIA,KASTELLI IRAKLEIO,Kastelli,,"Heraklion Regional Unit,Region of Crete,Crete",Greece,RM,CP,N,,CP - Cutting Plant,,
A128,CHATZIEFRAIMIDIS AP. MON.A.V.E.E.,A' VI.PE.VOLOS MAGNISIA,Volos,38221,"Regional Unit of Magnesia,Region of Thessaly,Thessaly - Central Greece",Greece,RM,CP,N,,CP - Cutting Plant,,
A131,CHATZIGAVRIILIDIS THEMISTOKLIS BIKRE SA,Amisiana - Kavalas,Amisiana,64100,"Kavala Regional Unit,East Macedonia and Thrace Region,Macedonia - Thrace",Greece,RM,CP,N,,CP - Cutting Plant,,
A850,CHATZIKONSTANTINOU FOTEINI & SIA E.E.,IRAKLEIO,Heraklion,71410,"Heraklion Regional Unit,Region of Crete,Crete",Greece,RM,CP,N,,CP - Cutting Plant,,
A884,CHIOS FARM A.E.,CHIOS,Chios,82132,"Chios Prefecture,North Aegean Region",Greece,RM,CP,N,,CP - Cutting Plant,,
A315,CHIROTROFIKI - AFI BISIRITSA A.E,SERVIA KOZANIS,Servia,50500,"Regional Unit of Kozani,West Macedonia Region,Epirus - Western Macedonia",Greece,RM,CP,N,,CP - Cutting Plant,,
A76,CHITAS AVEE,GEFIRA KALOGIROU PREVEZA,Filippiada,48200,"Preveza Regional Unit,Epirus Region,Epirus - Western Macedonia",Greece,RM,CP,N,,CP - Cutting Plant,,
S24,CHOIRINA EPIDAVROU O.E.,ARCHAIA EPIDAVROS,Palaia Epidavros,21059,"Argolis Regional Unit,Peloponnese, West Greece and Ionian Sea",Greece,RM,SH,Y,,SH - Slaughterhouse,,
A826,CHOIROFARM E.P.E,TRIKALA,Trikala,42130,"Regional Unit of Trikala,Region of Thessaly,Thessaly - Central Greece",Greece,RM,CP,N,,CP - Cutting Plant,,
S84,CHOIROFARM MONOPROSOPI LTD,PYLI TRIKALON,Pyli,42032,"Regional Unit of Trikala,Region of Thessaly,Thessaly - Central Greece",Greece,RM,SH,Y,,SH - Slaughterhouse,,
S117,CHOIROTROFIKI ILIAS - SFAGEIA I. PAPAKONSTANTINOU S.A.,ASPRA SPITIA ARCHAIAS OLYMPIAS,Aspra Spitia Archaia Olympia,27065,"Peloponnese, West Greece and Ionian Sea",Greece,RM,SH,Y,,SH - Slaughterhouse,,
A759,CHOURCHOULIS ATHANASIOS PCC,EO PALAIOKASTRITSAS 58 SOLARI,Templonion Kerkyra,49100,"Corfu Regional Unit,Ionian Islands Region,Peloponnese, West Greece and Ionian Sea",Greece,RM,CP,N,,CP - Cutting Plant,,
A842,CHRISTOFOROS O.E,KALAMATA,Kalamata,24100,"Messenia Regional Unit,Peloponnese, West Greece and Ionian Sea",Greece,RM,CP,N,,CP - Cutting Plant,,
S27,CRETA FARM FOODS SA,LATZIMAS MYLOPOTAMOU,Prines Rethymnis Rethymno,74100,"Rethymno Regional Unit,Region of Crete,Crete",Greece,RM,SH,Y,,SH - Slaughterhouse,,
A737,CRETAN FOOD MEAT M LTD,"P, 71601, VI.PE IRAKLEIOU",Heraklion,71410,"Heraklion Regional Unit,Region of Crete,Crete",Greece,RM,CP,N,,CP - Cutting Plant,,
A319,D & D MAYROMATIS OVEE - TA VLACHAKIA,PROSOTSANI DRAMA,Prosotsani,66200,"Drama Regional Unit,East Macedonia and Thrace Region,Macedonia - Thrace",Greece,RM,CP,N,,CP - Cutting Plant,,
A257,D. BOYNZOLAS & SIA O.E,VERIA IMATHIA,00 Veria,591,"Imathia Regional Unit,Central Macedonia Region,Macedonia - Thrace",Greece,RM,CP,N,,CP - Cutting Plant,,
A390,D. CHASAPIS & SIA OEVE,XANTHI,Xanthi,67100,"Xanthi Regional Unit,East Macedonia and Thrace Region,Macedonia - Thrace",Greece,RM,CP,N,,CP - Cutting Plant,,
S144,D. E. SFAGEIOU - ELAIOTRIVEIOU,STENI TINOU,Steni Tinos,84200,"Περιφερειακή Ενότητα Σύρου,South Aegean Region",Greece,RM,SH,Y,,SH - Slaughterhouse,,
S11,D. KELAIDITIS & CO S.A.,PISSONAS,Pissonas Kathenoi,34018,"Regional Unit of Euboea,Region of Central Greece,Thessaly - Central Greece",Greece,RM,SH,Y,,SH - Slaughterhouse,,
A47,D. KELAIDITIS & Co AE,NEA ARTAKI EVIAS,Nea Artaki,34600,"Regional Unit of Euboea,Region of Central Greece,Thessaly - Central Greece",Greece,RM,CP,N,,CP - Cutting Plant,,
A566,D. MASOYTIS S.A,19on km KAVALAS-THESSALONIKIS,Thessaloniki,54627,"Thessaloniki Regional Unit,Central Macedonia Region,Macedonia - Thrace",Greece,RM,CP,N,,CP - Cutting Plant,,
A476,D. NIK. MAKRIS A.V.E.E.,"ANAGENNISEOS & ARMENOPOULOU ANO LIOSIA,ATTIKIS",Municipal Unit of Ano Liosia,13674,"Regional Unit of West Attica,Region of Attica,Attica",Greece,RM,CP,N,,CP - Cutting Plant,,
S58,D.E.S.P.T.A.,4TH KM TYRNAVOU - AMPELONA,Tirnavos,40100,"Regional Unit of Larisa,Region of Thessaly,Thessaly - Central Greece",Greece,RM,SH,Y,,SH - Slaughterhouse,,
A563,D.M. TSAMIS M.I.KE,DALAMANARA,Dalamanara,21200,"Argolis Regional Unit,Peloponnese, West Greece and Ionian Sea",Greece,RM,CP,N,,CP - Cutting Plant,,
A556,DAGRES ANARGYROS,ILIOKASTRO-ERMIONIS,Ermioni,21051,"Argolis Regional Unit,Peloponnese, West Greece and Ionian Sea",Greece,RM,CP,N,,CP - Cutting Plant,,
A703,DELI IMBRAM CHASAN CHASAN,FILYRA,Fillyra,69300,"Rodopi Regional Unit,East Macedonia and Thrace Region,Macedonia - Thrace",Greece,RM,CP,N,,CP - Cutting Plant,,
A 256,DELICIOUS HELLENIC QSINE A.E.,ASPROPYRGOS ATTIKIS,Aspropyrgos,19300,"Regional Unit of West Attica,Region of Attica,Attica",Greece,RM,CP,N,,CP - Cutting Plant,,
A551,DELIKOSTOPOULOI BROS A.V.E.T.E.,VI.PE ARGOSTOLIOU,Argostoli,28100,"Kefallonia Regional Unit,Ionian Islands Region,Peloponnese, West Greece and Ionian Sea",Greece,RM,CP,N,,CP - Cutting Plant,,
A261,DELIMEAT IKE,ARGOS,Argos,21200,"Argolis Regional Unit,Peloponnese, West Greece and Ionian Sea",Greece,RM,CP,N,,CP - Cutting Plant,,
A 923,DELINTZIS CHRISTOS & SIA O.E.,DIDYMOTEIXO,Didymoticho,68300,"Evros Regional Unit,East Macedonia and Thrace Region,Macedonia - Thrace",Greece,RM,CP,N,,CP - Cutting Plant,,
S94,DEMICO S.A.,MEGALI AULI KERATEA,Keratea Kerates,19001,"Regional Unit of East Attica,Region of Attica,Attica",Greece,RM,SH,Y,,SH - Slaughterhouse,,
A801,DERAS V. KYRIAKOS,GIANNITSA,Giannitsa,58100,"Pella Regional Unit,Central Macedonia Region,Macedonia - Thrace",Greece,RM,CP,N,,CP - Cutting Plant,,
A279,DERMITZAKIS & SIA O.E.,AGIOS NIKOLAOS LASITHIOU,Άγιος Νικόλαος,72100,"Lasithi Regional Unit,Region of Crete,Crete",Greece,RM,CP,N,,CP - Cutting Plant,,
S71,DHMOTIKO SFAGEIO ORESTIADOS,VI. PE. ORESTIADOS,Orestiada,68200,"Evros Regional Unit,East Macedonia and Thrace Region,Macedonia - Thrace",Greece,RM,SH,Y,,SH - Slaughterhouse,,
A 919,DIANOMES TROFIMON LAMIAS I.K.E.,KOMMA LAMIAS,Komma,35100,"Regional Unit of Phthiotis,Region of Central Greece,Thessaly - Central Greece",Greece,RM,CP,N,,CP - Cutting Plant,,
A252,DIDASKALOU ILIAS & SIA O.E,LAKKOMA CHALKIDIKIS,Lakkoma,63080,"Chalkidiki Regional Unit,Central Macedonia Region,Macedonia - Thrace",Greece,RM,CP,N,,CP - Cutting Plant,,
A202,DIGAS THOMAS,C. M. THESSALONIKI S.A.,Thessaloniki,54627,"Thessaloniki Regional Unit,Central Macedonia Region,Macedonia - Thrace",Greece,RM,CP,N,,CP - Cutting Plant,,
A758,DIM. DOUFAS- ATH. FASOULAS &CO FP,GOURNOFAGAS ICHALIAS,Ichalia,42300,"Regional Unit of Trikala,Region of Thessaly,Thessaly - Central Greece",Greece,RM,CP,N,,CP - Cutting Plant,,
A610,DIMAS MICH. DIMITRIOS,N. PERAMOS,Nea Peramos,19006,"Regional Unit of West Attica,Region of Attica,Attica",Greece,RM,CP,N,,CP - Cutting Plant,,
A465,DIMITRIADIS I. & CO F.P.,"MAVROVOUNI SKYDRAS ,PELLA",Mavrovounio Skydra,58500,"Pella Regional Unit,Central Macedonia Region,Macedonia - Thrace",Greece,RM,CP,N,,CP - Cutting Plant,,
A705,DIMITRIOS NIK. ZAVERDAS & CO FP,OT P 57 L.DIMOKRATIAS -LAMIA,Lamia,35014,"Regional Unit of Phthiotis,Region of Central Greece,Thessaly - Central Greece",Greece,RM,CP,N,,CP - Cutting Plant,,
S108,DIMOTIKA SFAGEIA ALMYROU,"V .KONSTANTINOU 117, ALMYROS",Almyros,37100,"Regional Unit of Magnesia,Region of Thessaly,Thessaly - Central Greece",Greece,RM,SH,Y,,SH - Slaughterhouse,,
S166,DIMOTIKA SFAGEIA ALONNISOU,ALONNISOS,Alonnisos,37005,"Regional Unit of Sporades,Region of Thessaly,Thessaly - Central Greece",Greece,RM,SH,Y,,SH - Slaughterhouse,,
S119,DIMOTIKA SFAGEIA FILIATON,FILIATES THESPROTIAS,Filiates,46300,"Thesprotia Regional Unit,Epirus Region,Epirus - Western Macedonia",Greece,RM,SH,Y,,SH - Slaughterhouse,,
S140,DIMOTIKA SFAGEIA NAXOU (CHORAS),CHORA NAXOU,Naxos,84300,"Naxos Regional Unit,South Aegean Region",Greece,RM,SH,Y,,SH - Slaughterhouse,,
S141,DIMOTIKA SFAGEIA PAROU,AG. MINAS PAROU,Paros,84400,"Paros Regional Unit,South Aegean Region",Greece,RM,SH,Y,,SH - Slaughterhouse,,
S167,DIMOTIKA SFAGEIA SKOPELOU,NEO KLIMA SKOPELOU,Skopelos,37003,"Regional Unit of Sporades,Region of Thessaly,Thessaly - Central Greece",Greece,RM,SH,Y,,SH - Slaughterhouse,,
A732,DIMOTIKA SFAGEIA TRIKALON S.A.,AGIOI APOSTOLOI,Apostoloi Trikala,42100,"Regional Unit of Trikala,Region of Thessaly,Thessaly - Central Greece",Greece,RM,CP,N,,CP - Cutting Plant,,
S142,DIMOTIKA SFAGEIA TRIKALON S.A.,AGIOI APOSTOLOI,Apostoloi Trikala,42100,"Regional Unit of Trikala,Region of Thessaly,Thessaly - Central Greece",Greece,RM,SH,Y,,SH - Slaughterhouse,,
S160,DIMOTIKA SFAGEIA VOUVA,VOUVAS SFAKION,Vouvas Chora Sfakion,73011,"Chania Regional Unit,Region of Crete,Crete",Greece,RM,SH,Y,,SH - Slaughterhouse,,
S164,DIMOTIKI EPICHIRISI POLITISMOU ATHLITISMOU PERIVALLONTOS DIMOU DESKATIS,"ANDROMANAS 2, DESKATI GREVENON",Deskati,51200,"Grevena Regional Unit,West Macedonia Region,Epirus - Western Macedonia",Greece,RM,SH,Y,,SH - Slaughterhouse,,
S148,DIMOTIKO SFAGEIO AMFILOCHIAS,AMFILOCHIA,Ag Trias Valtou Amfilochia,30500,"Aetolia-Acarnania Regional Unit,Peloponnese, West Greece and Ionian Sea",Greece,RM,SH,Y,,SH - Slaughterhouse,,
S174,DIMOTIKO SFAGEIO AMORGOU,CHLOROVOUNIA AMORGOU,Amorgos,84008,"Naxos Regional Unit,South Aegean Region",Greece,RM,SH,Y,,SH - Slaughterhouse,,
S169,DIMOTIKO SFAGEIO ANDROU,XIROKAMPOS GAVRIOU YDROUSAS ANDROU,Andros,84500,"Περιφερειακή Ενότητα Άνδρου,South Aegean Region",Greece,RM,SH,Y,,SH - Slaughterhouse,,
S116,DIMOTIKO SFAGEIO ANO SYROU,"PAGOS, SYROS",Pagos Syros,84100,"Περιφερειακή Ενότητα Σύρου,South Aegean Region",Greece,RM,SH,Y,,SH - Slaughterhouse,,
S76,DIMOTIKO SFAGEIO ARKALOCHORIOU,EKTHESIAKO KENTRO ARKALOCHORI,Arkalochori,70300,"Heraklion Regional Unit,Region of Crete,Crete",Greece,RM,SH,Y,,SH - Slaughterhouse,,
S77,DIMOTIKO SFAGEIO ASIMIOU,ASIMI DIMOU GORTYNAS,Asimion Pyrgos Irakleiou,70010,"Heraklion Regional Unit,Region of Crete,Crete",Greece,RM,SH,Y,,SH - Slaughterhouse,,
S137,DIMOTIKO SFAGEIO ASTYPALAIAS,MARMARI ASTYPALAIAS,Analipsi Astypalaia,85900,"Περιφερειακή Ενότητα Καλύμνου,South Aegean Region",Greece,RM,SH,Y,,SH - Slaughterhouse,,
S86,DIMOTIKO SFAGEIO DIDIMOTICHOU,I.A. ORESTIADAS,Orestiada,68200,"Evros Regional Unit,East Macedonia and Thrace Region,Macedonia - Thrace",Greece,RM,SH,Y,,SH - Slaughterhouse,,
S139,DIMOTIKO SFAGEIO DRYMALIAS,"FILOTI, NAXOS",Filotion Chalkeio,84302,"Naxos Regional Unit,South Aegean Region",Greece,RM,SH,Y,,SH - Slaughterhouse,,
S159,DIMOTIKO SFAGEIO EVRYTANIAS,CHALIKAKI KARPENISIOU,Karpenisi,36100,"Regional Unit of Evrytania,Region of Central Greece,Thessaly - Central Greece",Greece,RM,SH,Y,,SH - Slaughterhouse,,
S147,DIMOTIKO SFAGEIO KALAVRYTON,PERIVOLA KALAVRYTON,Kalavryta,25001,"Achaea Regional Unit,Peloponnese, West Greece and Ionian Sea",Greece,RM,SH,Y,,SH - Slaughterhouse,,
S145,DIMOTIKO SFAGEIO KALYMNOU,GIANNOCHORAFA,Arginonta Kalymnos,85200,"Περιφερειακή Ενότητα Καλύμνου,South Aegean Region",Greece,RM,SH,Y,,SH - Slaughterhouse,,
S115,DIMOTIKO SFAGEIO KANTANOU,DIMOS KANTANOU - SELINOU,Ag.Apostolos Kantanos,73004,"Chania Regional Unit,Region of Crete,Crete",Greece,RM,SH,Y,,SH - Slaughterhouse,,
S176,DIMOTIKO SFAGEIO KASOU,"AGIOS PANTELEIMONAS, DIMOS KASOU",Kasos,85800,"Karpathos Regional Unit,South Aegean Region",Greece,RM,SH,Y,,SH - Slaughterhouse,,
S150,DIMOTIKO SFAGEIO KO,AG. VASSILIOS,Agios Dimitrios Kos,85300,"Περιφερειακή Ενότητα Κω,South Aegean Region",Greece,RM,SH,Y,,SH - Slaughterhouse,,
S136,DIMOTIKO SFAGEIO LEROU,PARTHENI LEROU,Ag Marina Lerou Leros,85400,"Περιφερειακή Ενότητα Καλύμνου,South Aegean Region",Greece,RM,SH,Y,,SH - Slaughterhouse,,
S102,DIMOTIKO SFAGEIO MANTAMADOU,IKTINOU 2,Antissa,81103,"Regional Unit of Lesbos,North Aegean Region",Greece,RM,SH,Y,,SH - Slaughterhouse,,
S78,DIMOTIKO SFAGEIO MOIRON,MOIRES FESTOY,Moires,70400,"Heraklion Regional Unit,Region of Crete,Crete",Greece,RM,SH,Y,,SH - Slaughterhouse,,
S162,DIMOTIKO SFAGEIO MYKONOU,FTELIA MYKONOU,Marathion Mykonou Mykonos,84600,"Περιφερειακή Ενότητα Μυκόνου,South Aegean Region",Greece,RM,SH,Y,,SH - Slaughterhouse,,
S69,DIMOTIKO SFAGEIO N. MESIMVRIAS FRAGKOPOULOS KONSTANTINOS,NEA MESIMVRIA,Nea Mesimvria Gefyra Thes-Nikis,57011,"Thessaloniki Regional Unit,Central Macedonia Region,Macedonia - Thrace",Greece,RM,SH,Y,,SH - Slaughterhouse,,
S175,DIMOTIKO SFAGEIO NISYROU,"ARKI MANDRAKIOU, DIMOS NISYROU",Nisyros,85303,"Περιφερειακή Ενότητα Κω,South Aegean Region",Greece,RM,SH,Y,,SH - Slaughterhouse,,
S155,DIMOTIKO SFAGEIO SAMOTHRAKIS,"THESI ALONIA, SAMOTHRAKI",Alonia Samothraki,68002,"Evros Regional Unit,East Macedonia and Thrace Region,Macedonia - Thrace",Greece,RM,SH,Y,,SH - Slaughterhouse,,
S172,DIMOTIKO SFAGEIO SIFNOU,"TROULAKI, SIFNOS",Sifnos,84003,"Milos Regional Unit,South Aegean Region",Greece,RM,SH,Y,,SH - Slaughterhouse,,
S93,DIMOTIKO SFAGEIO SKALOCHORIOU,IKTINOU 2,Antissa,81103,"Regional Unit of Lesbos,North Aegean Region",Greece,RM,SH,Y,,SH - Slaughterhouse,,
S95,DIMOTIKO SFAGEIO SKOPELOU,IKTINOU 2,Antissa,81103,"Regional Unit of Lesbos,North Aegean Region",Greece,RM,SH,Y,,SH - Slaughterhouse,,
S161,DIMOTIKO SFAGEIO SKYROU,KORAKAS SKYROS,Skyros,34007,"Regional Unit of Euboea,Region of Central Greece,Thessaly - Central Greece",Greece,RM,SH,Y,,SH - Slaughterhouse,,
S163,DIMOTIKO SFAGEIO SYMIS,SYMI,Symi,85600,"Rhodes Regional Unit,South Aegean Region",Greece,RM,SH,Y,,SH - Slaughterhouse,,
A490,DN FOOD AE,"NEA RAIDESTOS, THERMI",Nea Raidestos,57001,"Thessaloniki Regional Unit,Central Macedonia Region,Macedonia - Thrace",Greece,RM,CP,N,,CP - Cutting Plant,,
A706,DORKAS S.A.,AKTIO-VONITSA,Aktio,30002,"Aetolia-Acarnania Regional Unit,Peloponnese, West Greece and Ionian Sea",Greece,RM,CP,N,,CP - Cutting Plant,,
S110,DORKAS S.A.,6TH KM VONITSAS-LEFKADAS THESI SKARPA,Vonitsa,30002,"Aetolia-Acarnania Regional Unit,Peloponnese, West Greece and Ionian Sea",Greece,RM,SH,Y,,SH - Slaughterhouse,,
A 885,DRACOULIS MEAT WHOLESALES MONOPROSOPI A.E.,KOROPI,Koropi,15344,"Regional Unit of East Attica,Region of Attica,Attica",Greece,RM,CP,N,,CP - Cutting Plant,,
A613,E. & I. MALIKIOSI E.P.E - KRE.MA. E.P.E,TRIKALA,Trikala,42100,"Regional Unit of Trikala,Region of Thessaly,Thessaly - Central Greece",Greece,RM,CP,N,,CP - Cutting Plant,,
A293,E. CHALAS - TH. CHALAS & SIA O.E O.E,N. SANTA KILKIS,Nea Santa,61100,"Kilkis Regional Unit,Central Macedonia Region,Macedonia - Thrace",Greece,RM,CP,N,,CP - Cutting Plant,,
A106,E.G.PASSIAS,N. EFKARPIA THESSALONIKIS,Efkarpia,56436,"Thessaloniki Regional Unit,Central Macedonia Region,Macedonia - Thrace",Greece,RM,CP,N,,CP - Cutting Plant,,
A752,E.NTOUNTOULAKIS AEE,GALATAS CHANION,Chania,73100,"Chania Regional Unit,Region of Crete,Crete",Greece,RM,CP,N,,CP - Cutting Plant,,
A427,E.P.E.K. S.A.,PAGANI LESVOS,Mytilene,81131,"Regional Unit of Lesbos,North Aegean Region",Greece,RM,CP,N,,CP - Cutting Plant,,
A424,EFODIASMOS LTD,ALISTRATI SERRES,Alistrati,62045,"Serres Regional Unit,Central Macedonia Region,Macedonia - Thrace",Greece,RM,CP,N,,CP - Cutting Plant,,
S67,EFTHIMIOU S67,"LAGOURA ARGOS ORESTIKO, KASTORIA",Argos Orestiko,52200,"Kastoria Regional Unit,West Macedonia Region,Epirus - Western Macedonia",Greece,RM,SH,Y,,SH - Slaughterhouse,,
A509,EKEV S.A.,"AMPELAKI LEFKIMMI,KERKYRA",Lefkimmi,49100,"Corfu Regional Unit,Ionian Islands Region,Peloponnese, West Greece and Ionian Sea",Greece,RM,CP,N,,CP - Cutting Plant,,
A385,ELEFTHERIOS KOKTSIDS & SIA O.E.,VERIA IMATHIA,00 Veria,591,"Imathia Regional Unit,Central Macedonia Region,Macedonia - Thrace",Greece,RM,CP,N,,CP - Cutting Plant,,
A371,ELEYTHERIADIS KIRIAKOS,ALEXANDREIA IMATHIA,Alexandreia,59300,"Imathia Regional Unit,Central Macedonia Region,Macedonia - Thrace",Greece,RM,CP,N,,CP - Cutting Plant,,
A875,ELLINIKES FARMES M.I.K.E.,CHALKIDA,Chalkida,34100,"Regional Unit of Euboea,Region of Central Greece,Thessaly - Central Greece",Greece,RM,CP,N,,CP - Cutting Plant,,
A270,ELLINIKES NOSTIMIES A.E,LAKKOMA CHALKIDIKIS,Lakkoma,63080,"Chalkidiki Regional Unit,Central Macedonia Region,Macedonia - Thrace",Greece,RM,CP,N,,CP - Cutting Plant,,
A791,ELLINIKES YPERAGORES SKLAVENITI A.E.E.,SCHIMATARI,Schimatari,32009,"Regional Unit of Boeotia,Region of Central Greece,Thessaly - Central Greece",Greece,RM,CP,N,,CP - Cutting Plant,,
A 525,ELLINIKI AGORA KREATON A.E./ELLINIKI AGORA KREATON,BAS. ADAMOPOULOU 48 LEFKA,Patra,26333,"Achaea Regional Unit,Peloponnese, West Greece and Ionian Sea",Greece,RM,CP,N,,CP - Cutting Plant,,
S177,ELLINIKI AGORA KREATON A.E./ELLINIKI AGORA KREATON,"AGIOS GEORGIOS KALENTZIOU, DIMOS ERYMANTHOU, ACHAIA",Kalentzion Erymantheia,25015,"Achaea Regional Unit,Peloponnese, West Greece and Ionian Sea",Greece,RM,SH,Y,,SH - Slaughterhouse,,
A 904,ELMEGA MONOPROSOPI IKE ETAIREIA ESTIASIS ANAPTYXIS ESTIATORION KETERING EMPORIAS EIDON DIATROFISP,NIKAIA,Municipal Unit of Nikaia,18454,"Regional Unit of Piraeus,Region of Attica,Attica",Greece,RM,CP,N,,CP - Cutting Plant,,
A259,ELVIDA TROFIMA A.E,PERISTERI ATTIKIS,Peristeri,12132,"Regional Unit of West Attica,Region of Attica,Attica",Greece,RM,CP,N,,CP - Cutting Plant,,
A438,EMPORIA KREATON SAKKA MONOPROSOPI LTD.,C. M. ATHINON S.A. - AG. I. RENTIS,Municipal Unit of Agios Ioannis Rentis,18233,"Regional Unit of Piraeus,Region of Attica,Attica",Greece,RM,CP,N,,CP - Cutting Plant,,
A 922,ENKA FOOD MON. I.K.E.,KOS,Kos,85300,"Περιφερειακή Ενότητα Κω,South Aegean Region",Greece,RM,CP,N,,CP - Cutting Plant,,
A 900,EPEXERGASIA KREATON LIOURIS O.E.,IOANNINA,Ioannina,45444,"Ioannina Regional Unit,Epirus Region,Epirus - Western Macedonia",Greece,RM,CP,N,,CP - Cutting Plant,,
A 939,ERGASTIRIO KREATON A.E./O PROEDROS,"MORNOU 29, ACHARNES",Acharnes,13675,"Regional Unit of East Attica,Region of Attica,Attica",Greece,RM,CP,N,,CP - Cutting Plant,,
A843,ESTIA MIKROGEVMATA E.E,PEIRAIAS,10 Piraeus,185,"Regional Unit of Piraeus,Region of Attica,Attica",Greece,RM,CP,N,,CP - Cutting Plant,,
A426,EVIA FARM A.V.E.E.,OXYLITHOS EVIA,Oxylithos,34003,"Regional Unit of Euboea,Region of Central Greece,Thessaly - Central Greece",Greece,RM,CP,N,,CP - Cutting Plant,,
S111,EVIA FARM A.V.E.E.,OXYLITHOS KYMIS,Paralia Oxylithou Kymi,34003,"Regional Unit of Euboea,Region of Central Greece,Thessaly - Central Greece",Greece,RM,SH,Y,,SH - Slaughterhouse,,
A268,EVRIPOS QUALITY FOODS IKE,NEA ARTAKI EVIA,Nea Artaki,34600,"Regional Unit of Euboea,Region of Central Greece,Thessaly - Central Greece",Greece,RM,CP,N,,CP - Cutting Plant,,
A849,EVROMARSE MONOPROSOPI AE,PERISTERI,Peristeri,12132,"Regional Unit of West Attica,Region of Attica,Attica",Greece,RM,CP,N,,CP - Cutting Plant,,
A415,F MEAT MONOPROSOPI IKE,MEGALI CHORA NEAPOLIS,Agrinio,30021,"Aetolia-Acarnania Regional Unit,Peloponnese, West Greece and Ionian Sea",Greece,RM,CP,N,,CP - Cutting Plant,,
A736,F. KATERINA MONOPROSOPI A.E.V.E.,D.D. MAGOULAS - ELEYSINA,Magoula,19018,"Regional Unit of West Attica,Region of Attica,Attica",Greece,RM,CP,N,,CP - Cutting Plant,,
A 604,F. BOZIONELOS & SONS A.E.E.,"AKOVA, ARGOS - MIKINES",Argos,21200,"Argolis Regional Unit,Peloponnese, West Greece and Ionian Sea",Greece,RM,CP,N,,CP - Cutting Plant,,
A 945,F.I.MY EPEXERGASIA E.E.,SEKLO VOLOS,Sesklo,38500,"Regional Unit of Magnesia,Region of Thessaly,Thessaly - Central Greece",Greece,RM,CP,N,,CP - Cutting Plant,,
A294,FAETHON AVEE,SIDIROKASTRO SERRES,Sidirokastro Sidirokastro Serron,62300,"Serres Regional Unit,Central Macedonia Region,Macedonia - Thrace",Greece,RM,CP,N,,CP - Cutting Plant,,
A 942,FARMA KOUTSIOFTI A.E.,VEROIA,Mesi,59100,"Imathia Regional Unit,Central Macedonia Region,Macedonia - Thrace",Greece,RM,CP,N,,CP - Cutting Plant,,
S55,FARMA CHALASTRAS - A.E EBORIAS KREATON KE IDON DIATROFIS,"CHALASTRA, THESSALONIKI",Chalastra,57300,"Thessaloniki Regional Unit,Central Macedonia Region,Macedonia - Thrace",Greece,RM,SH,Y,,SH - Slaughterhouse,,
A191,FARMA CHALASTRAS S.A.,CHALASTRA THESSALONIKI,Chalastra,57300,"Thessaloniki Regional Unit,Central Macedonia Region,Macedonia - Thrace",Greece,RM,CP,N,,CP - Cutting Plant,,
A565,FARMA CHITAS S.A.,ROMIA,Romia,48200,"Preveza Regional Unit,Epirus Region,Epirus - Western Macedonia",Greece,RM,CP,N,,CP - Cutting Plant,,
A474,FARMA CHITAS S.A.,GEFYRA KALOGIROU PREVEZA,Filippiada,48200,"Preveza Regional Unit,Epirus Region,Epirus - Western Macedonia",Greece,RM,CP,N,,CP - Cutting Plant,,
S154,FARMA CHITAS A.E.,"GKARGKOULA, ROMIA ZIROU",Romia Filippiada,48200,"Preveza Regional Unit,Epirus Region,Epirus - Western Macedonia",Greece,RM,SH,Y,,SH - Slaughterhouse,,
● Α576,FARMA CHRISTOPOULOU,5TH KM KALAMATA-MESSINI,Kalamata,24100,"Messenia Regional Unit,Peloponnese, West Greece and Ionian Sea",Greece,RM,CP,N,,CP - Cutting Plant,,
S25,FARMA CHRISTOPOULOU S.A.,5TH KM KALAMATAS - MESSINIAS,Ag Konstantinos Kakalamata,24100,"Messenia Regional Unit,Peloponnese, West Greece and Ionian Sea",Greece,RM,SH,Y,,SH - Slaughterhouse,,
A576,FARMA CHRISTOPOULOU S.A.,VI.PE. KALAMATAS,Kalamata,24131,"Messenia Regional Unit,Peloponnese, West Greece and Ionian Sea",Greece,RM,CP,N,,CP - Cutting Plant,,
Α 916,FARMA DASKALOS MONOPROSOPI A.E.,TYRNAVOS,Tirnavos,40100,"Regional Unit of Larisa,Region of Thessaly,Thessaly - Central Greece",Greece,RM,CP,N,,CP - Cutting Plant,,
S12,FARMA EFYRA A.V.E.E.,17TH KM NNR KORINTHOU-TRIPOLIS D.D. KOUTALAS,Koutalas Chiliomodi,20008,"corinthia Regional Unit,Peloponnese, West Greece and Ionian Sea",Greece,RM,SH,Y,,SH - Slaughterhouse,,
A33,FARMA EFYRA A.V.E.E.,KOUTALAS KORINTHOS,Koutalas Chiliomodi,20008,"corinthia Regional Unit,Peloponnese, West Greece and Ionian Sea",Greece,RM,CP,N,,CP - Cutting Plant,,
A125,FARMA ELASSONAS A.E,MESOCHORI LARISAS,Mesochori,43100,"Regional Unit of Larisa,Region of Thessaly,Thessaly - Central Greece",Greece,RM,CP,N,,CP - Cutting Plant,,
S41,FARMA ELASSONAS S.A.,33KM PEO LARISAS - ELASSONAS MESOCHORI,Mesochorion Tirnavos,40100,"Regional Unit of Larisa,Region of Thessaly,Thessaly - Central Greece",Greece,RM,SH,Y,,SH - Slaughterhouse,,
S46,FARMA ELLAS KREATA S.A.,"426 LEOFOROS NATO, ASPROPYRGOS",Aspropyrgos Aspropyrgos,,Attica,Greece,RM,SH,Y,,SH - Slaughterhouse,,
S13,FARMA MITSOPOULOS A.K.V.E.E.K.,D.D. KALENTZI,Zevgolateio Zevgolateio,20001,"corinthia Regional Unit,Peloponnese, West Greece and Ionian Sea",Greece,RM,SH,Y,,SH - Slaughterhouse,,
A32,FARMA MITSOPOULOS A.V.K.E.E.K.,ANC. KORINTHOS,Ancient Korinthos,20100,"corinthia Regional Unit,Peloponnese, West Greece and Ionian Sea",Greece,RM,CP,N,,CP - Cutting Plant,,
A180,FARMA MITSOPOULOS A.V.K.K.E.K.,KALENTZION KORINTHOS,Καλέντζι,20001,"corinthia Regional Unit,Peloponnese, West Greece and Ionian Sea",Greece,RM,CP,N,,CP - Cutting Plant,,
A389,FARMES TOU CHORIOU IKE,KASTORIA,Kastoria,52100,"Kastoria Regional Unit,West Macedonia Region,Epirus - Western Macedonia",Greece,RM,CP,N,,CP - Cutting Plant,,
Α499,FAROS A.E.,IERAPETRA LASITHIOU,Ierapetra,,"Lasithi Regional Unit,Region of Crete,Crete",Greece,RM,CP,N,,CP - Cutting Plant,,
A499,FAROS S.A.,"IERAPETRA ,LASITHI",Ierapetra,,"Lasithi Regional Unit,Region of Crete,Crete",Greece,RM,CP,N,,CP - Cutting Plant,,
A773,FESTAS & SIA O.E,KALAMATA,Kalamata,24100,"Messenia Regional Unit,Peloponnese, West Greece and Ionian Sea",Greece,RM,CP,N,,CP - Cutting Plant,,
A48,FLORIDIS KREATA A.E.,"78 KIFISSOU AVE, AGIOS IOANNIS RENTIS",Municipal Unit of Agios Ioannis Rentis,18233,"Regional Unit of Piraeus,Region of Attica,Attica",Greece,RM,CP,N,,CP - Cutting Plant,,
A290,FOOD MASTER A.E.V.E,PETA ARTAS,Peta,47100,"Arta Regional Unit,Epirus Region,Epirus - Western Macedonia",Greece,RM,CP,N,,CP - Cutting Plant,,
A828,FOTAS THOMAS,KARDITSA,Karditsa,43100,"Karditsa Regional Unit,Region of Thessaly,Thessaly - Central Greece",Greece,RM,CP,N,,CP - Cutting Plant,,
A771,FOUKA VASILIKI & SIA OE,MYKONOS,Mykonos,84600,"Περιφερειακή Ενότητα Μυκόνου,South Aegean Region",Greece,RM,CP,N,,CP - Cutting Plant,,
A429,FRAGKOPOULOS EFTHIMIOS & CO F.P.,"1on km LAGKADA-KOLCHIKOU ,THESSALONIKI",Lagkadas Lagkadas,,"Thessaloniki Regional Unit,Central Macedonia Region,Macedonia - Thrace",Greece,RM,CP,N,,CP - Cutting Plant,,
A117,FRESKOS A.V.E.E.,KYPARISSIA MESSINIA,Kyparissia,27100,"Messenia Regional Unit,Peloponnese, West Greece and Ionian Sea",Greece,RM,CP,N,,CP - Cutting Plant,,
S138,FYTORIO S.A.,PER. FYTORIO N. AIGAIOU,Rodos,85100,"Rhodes Regional Unit,South Aegean Region",Greece,RM,SH,Y,,SH - Slaughterhouse,,
A354,FYTOZOF KON/NOS SIA O.E,ACHARNES ATTIKIS,Acharnes,14342,"Regional Unit of East Attica,Region of Attica,Attica",Greece,RM,CP,N,,CP - Cutting Plant,,
A468,FYTOZOV & CO F.P.,NEAPOLI -ACHARNES,Acharnes,14342,"Regional Unit of East Attica,Region of Attica,Attica",Greece,RM,CP,N,,CP - Cutting Plant,,
A502,G. & N. ANNINOS F.P.,SAMI KEFALLINIA,Sami,28080,"Kefallonia Regional Unit,Ionian Islands Region,Peloponnese, West Greece and Ionian Sea",Greece,RM,CP,N,,CP - Cutting Plant,,
A582,G. ATTALIOTIS - EL. MAKRI FP,AGIA VASSA - CHIOS,Chios,82132,"Chios Prefecture,North Aegean Region",Greece,RM,CP,N,,CP - Cutting Plant,,
S44,G. BIKAS & SIA O.E.,RIZARI EDESSAS,Rizarion Edessa,58200,"Pella Regional Unit,Central Macedonia Region,Macedonia - Thrace",Greece,RM,SH,Y,,SH - Slaughterhouse,,
A782,G. BITOPOULOS - N. APOSTOLOPOULOS O.E,BRYA,Vria,60100,"Pieria Regional Unit,Central Macedonia Region,Macedonia - Thrace",Greece,RM,CP,N,,CP - Cutting Plant,,
A174,G. GALIKA SONS F.P.,MAKROCHORI IMATHIA,Makrochori,59033,"Imathia Regional Unit,Central Macedonia Region,Macedonia - Thrace",Greece,RM,CP,N,,CP - Cutting Plant,,
A381,G. KOKOZIS & SONS O.E,IRAKLEIA SERRES,Iraklia,62100,"Serres Regional Unit,Central Macedonia Region,Macedonia - Thrace",Greece,RM,CP,N,,CP - Cutting Plant,,
A562,G. STAIKOS SA,VI.PA. PROSOTSANIS,Prosotsani,66100,"Drama Regional Unit,East Macedonia and Thrace Region,Macedonia - Thrace",Greece,RM,CP,N,,CP - Cutting Plant,,
A 917,G. ZAVVOU FS MONONOPROSOPI I.K.E.,NIKAIA,Municipal Unit of Nikaia,18450,"Regional Unit of Piraeus,Region of Attica,Attica",Greece,RM,CP,N,,CP - Cutting Plant,,
A761,GALAXIAS S.A.,E.O PELEKA-ALEPOU,Alepou,49100,"Corfu Regional Unit,Ionian Islands Region,Peloponnese, West Greece and Ionian Sea",Greece,RM,CP,N,,CP - Cutting Plant,,
A327,GASNAKIS G. ANTONIOS,KAMPOCHORI - ALEXANDRIAS IMATHIA,Alexandreia,59300,"Imathia Regional Unit,Central Macedonia Region,Macedonia - Thrace",Greece,RM,CP,N,,CP - Cutting Plant,,
Α 914,GASTIS ILIAS,FLORINA,Florina,53100,"Florina Regional Unit,West Macedonia Region,Epirus - Western Macedonia",Greece,RM,CP,N,,CP - Cutting Plant,,
A 938,GAZETAS EFTHIMIOS,TRIKALA,Trikala,42131,"Regional Unit of Trikala,Region of Thessaly,Thessaly - Central Greece",Greece,RM,CP,N,,CP - Cutting Plant,,
A498,GAZIS DIMITRIOS,NYDRI LEFKADA,Nydri,48100,"Lefkada Regional Unit,Ionian Islands Region,Peloponnese, West Greece and Ionian Sea",Greece,RM,CP,N,,CP - Cutting Plant,,
A840,GEFSEIS THESSALIAS E.E,LARISA,Larissa,41500,"Regional Unit of Larisa,Region of Thessaly,Thessaly - Central Greece",Greece,RM,CP,N,,CP - Cutting Plant,,
A886,GENES & NATURE,AGIOI APOSTOLOI TRIKALA,Apostoloi Trikala,42100,"Regional Unit of Trikala,Region of Thessaly,Thessaly - Central Greece",Greece,RM,CP,N,,CP - Cutting Plant,,
A554,GEORGINEZIS DIMITRIOS,O.T.10 VI.PE.TH.-ECHEDOROS,Sindos,57022,"Central Macedonia Region,Macedonia - Thrace",Greece,RM,CP,N,,CP - Cutting Plant,,
A448,GEORGIOS D. CHATZIPANTAZIS,C. M. ATHINON S.A. - AG. I. RENTIS,Municipal Unit of Agios Ioannis Rentis,18233,"Regional Unit of Piraeus,Region of Attica,Attica",Greece,RM,CP,N,,CP - Cutting Plant,,
A557,GEORGIOS DENEZIS,MEGALO SPLITHARI-KOUTSOPODI,Νέα Δήμαινα,21200,"Argolis Regional Unit,Peloponnese, West Greece and Ionian Sea",Greece,RM,CP,N,,CP - Cutting Plant,,
A 898,GEORGIOS PAPAKALAS & SIA E.E.,KROKOS,Krokos,50100,"Regional Unit of Kozani,West Macedonia Region,Epirus - Western Macedonia",Greece,RM,CP,N,,CP - Cutting Plant,,
Α460,GEORGIOU IOANNIS,STAFYLOS SKOPELOU MAGNHSIA,Stafylos,37003,"Regional Unit of Sporades,Region of Thessaly,Thessaly - Central Greece",Greece,RM,CP,N,,CP - Cutting Plant,,
A425,GEORGOPOULOS PANAGIOTIS,KAMARES ACHAIA,Kamares,25009,"Achaea Regional Unit,Peloponnese, West Greece and Ionian Sea",Greece,RM,CP,N,,CP - Cutting Plant,,
A788,GERGATSOULIS A.E,KARPATHOS,Karpathos,85700,"Karpathos Regional Unit,South Aegean Region",Greece,RM,CP,N,,CP - Cutting Plant,,
S68,GEUSIGNOSIA S.Α.,V. PAVLOU 10A & 3o km P.E.O. KOMOTINIS XANTHIS,Komotini,69100,"Rodopi Regional Unit,East Macedonia and Thrace Region,Macedonia - Thrace",Greece,RM,SH,Y,,SH - Slaughterhouse,,
A789,GEYSINOUS A.V.E.E,KRYONERI,Pefkofyto,14568,"Regional Unit of East Attica,Region of Attica,Attica",Greece,RM,CP,N,,CP - Cutting Plant,,
A347,GEYSTIKOS KOSMOS KREATOS,ACHARNES ATTIKIS,Acharnes,13675,"Regional Unit of East Attica,Region of Attica,Attica",Greece,RM,CP,N,,CP - Cutting Plant,,
S90,GIANNELIS A.E.,1ST KM EP. ODOU MAYROVOUNIOU - ARIDEAS,Mavrovounio Skydra,58500,"Pella Regional Unit,Central Macedonia Region,Macedonia - Thrace",Greece,RM,SH,Y,,SH - Slaughterhouse,,
A544,GIANNOPOULOS E. IOANNIS,LAPPA,Μετόχι,27052,"Achaea Regional Unit,Peloponnese, West Greece and Ionian Sea",Greece,RM,CP,N,,CP - Cutting Plant,,
A 181,GIATRAS SINGLE MEMBER PC,"9ΤΗ KILOMETRE OF VEROIA NAOUSSA, STENIMACHOS NAOYSAS IMATHIA",Stenimachos,59200,"Imathia Regional Unit,Central Macedonia Region,Macedonia - Thrace",Greece,RM,CP,N,,CP - Cutting Plant,,
A754,GKINI CHRISTINA & SIA O.E,AG.I.RENTIS,Municipal Unit of Agios Ioannis Rentis,18233,"Regional Unit of Piraeus,Region of Attica,Attica",Greece,RM,CP,N,,CP - Cutting Plant,,
A384,GKOUSDOUVAS DIMITRIOS,LARISA,Larissa,42222,"Regional Unit of Larisa,Region of Thessaly,Thessaly - Central Greece",Greece,RM,CP,N,,CP - Cutting Plant,,
A 888,GOLDEN GYROS SINGLE MEMBER S.A.- GOLDEN GYROS A.E.,ACHARNES,Acharnes,13679,"Regional Unit of East Attica,Region of Attica,Attica",Greece,RM,CP,N,,CP - Cutting Plant,,
A314,GORILAS MILTIADIS & SIA O.E,LARISA,Larissa,42222,"Regional Unit of Larisa,Region of Thessaly,Thessaly - Central Greece",Greece,RM,CP,N,,CP - Cutting Plant,,
A273,GR. BOUNTAS,RODOLIVOS SERRES,Rodolivos,66100,"Serres Regional Unit,Central Macedonia Region,Macedonia - Thrace",Greece,RM,CP,N,,CP - Cutting Plant,,
A 915,GRECO FOOD E.E.,METAMORFOSI,Metamorfosi,14452,"Regional Unit North Athens,Region of Attica,Attica",Greece,RM,CP,N,,CP - Cutting Plant,,
S99,GRIVAS LTD,AGGINARA AITOLIKO,Etoliko,30400,"Aetolia-Acarnania Regional Unit,Peloponnese, West Greece and Ionian Sea",Greece,RM,SH,Y,,SH - Slaughterhouse,,
A408,GUSTA CARNIS I.K.E.,18on km KASTORIAS-KOZANIS KASTORIA,Kastoria,52100,"Kastoria Regional Unit,West Macedonia Region,Epirus - Western Macedonia",Greece,RM,CP,N,,CP - Cutting Plant,,
A5,HELLENIC CATERING S.A.,INDUSTRIAL AREA OF THESSALONIKI,Thessaloniki,54625,"Thessaloniki Regional Unit,Central Macedonia Region,Macedonia - Thrace",Greece,RM,CP,N,,CP - Cutting Plant,,
A 928,HELLENIC MEATWORKS IKE,PERISTERI,Peristeri,12133,"Regional Unit of West Attica,Region of Attica,Attica",Greece,RM,CP,N,,CP - Cutting Plant,,
S97,I. ARONIS A.V.E.E.K.,AGIOI APOSTOLOI VOION LAKONIAS,Agioi Apostoloi Neapoli Lakonias,23053,"Lakonia Regional Unit,Peloponnese, West Greece and Ionian Sea",Greece,RM,SH,Y,,SH - Slaughterhouse,,
A600,I. BRADITSAS TROFINO S.A.,45.7 KLM N.R TARAPSAS-MON/SIAS,Sykea Molaoi,23052,"Lakonia Regional Unit,Peloponnese, West Greece and Ionian Sea",Greece,RM,CP,N,,CP - Cutting Plant,,
A335,I. CHATZIDIMITRIOU & SONS O.E,AG. IOANNIS SERRES,Serres,62122,"Serres Regional Unit,Central Macedonia Region,Macedonia - Thrace",Greece,RM,CP,N,,CP - Cutting Plant,,
A 823,I. MARTAKIS - A. TSEKOURAS I.K.E.,VRILISSIA,Μαρούσι,15235,"Regional Unit North Athens,Region of Attica,Attica",Greece,RM,CP,N,,CP - Cutting Plant,,
A530,I. N. ARONIS AVEEK,AG. APOSTOLOI,Agioi Apostoloi Neapoli,23053,"Lakonia Regional Unit,Peloponnese, West Greece and Ionian Sea",Greece,RM,CP,N,,CP - Cutting Plant,,
A68,I. NANOS & SIA AEVE,ASPROPIRGOS ATTIKIS,Aspropyrgos,19300,"Regional Unit of West Attica,Region of Attica,Attica",Greece,RM,CP,N,,CP - Cutting Plant,,
A265,I. NTOURMAS,AMARINUES EVIA,Amarynthos,34006,"Regional Unit of Euboea,Region of Central Greece,Thessaly - Central Greece",Greece,RM,CP,N,,CP - Cutting Plant,,
A573,I. P. PANAGIOTOU-ANT. PANAGIOTOU,DIMOS IRAKLEIAS,Iraklia,62400,"Serres Regional Unit,Central Macedonia Region,Macedonia - Thrace",Greece,RM,CP,N,,CP - Cutting Plant,,
S62,I.BRADITSAS TROFINO S.A,INDUSTRIAL AREA 48.7 KM TARAPSAS MONEMVASIAS,Molai,23052,"Lakonia Regional Unit,Peloponnese, West Greece and Ionian Sea",Greece,RM,SH,Y,,SH - Slaughterhouse,,
A69,IAKOVOS DAVOUTIS & CO S.A.,"15 ERGASIAS & ALEKOU PANAGOULI P.C.14231 , NEA IONIA, ATHENS.",Μαρούσι,14235,"Regional Unit North Athens,Region of Attica,Attica",Greece,RM,CP,N,,CP - Cutting Plant,,
S98,ILEIAKA VIOMICHANIKA SFAGEIA S.A.,"AGIOI THEODOROI, LECHENA",Agioi Theodoroi Lechaina,27053,"Peloponnese, West Greece and Ionian Sea",Greece,RM,SH,Y,,SH - Slaughterhouse,,
A865,ILEIAKA VIOMICHANIKA SFAGEIA S.A.,LECHAINA,Agioi Theodoroi Lechaina,27053,"Peloponnese, West Greece and Ionian Sea",Greece,RM,CP,N,,CP - Cutting Plant,,
A878,ILIAS KOULIERIS AE,KALAMATA,Kalamata,24100,"Messenia Regional Unit,Peloponnese, West Greece and Ionian Sea",Greece,RM,CP,N,,CP - Cutting Plant,,
S186,INDUSTRIAL SLAUGHTERHOUSES OF MITILINI - TAXIARCHIS P.C.,"Agia Paraskevi, Municipality of West Lesvos, Lesvos",Agia Paraskevi,81102,"Regional Unit of Lesbos,North Aegean Region",Greece,RM,SH,Y,bovine caprine ovine porcine,SH - Slaughterhouse,,
A858,IOAKEIM AN. CHATZILIADIS,P.FOKAIA,Palaia Phokaia,19013,"Regional Unit of East Attica,Region of Attica,Attica",Greece,RM,CP,N,,CP - Cutting Plant,,
A 168,IOAKEIMIDIS A.E.V.E.,ELLIS 1-3 - KALLITHEA ATTIKIS,Kallithea,17675,"Regional Unit of South Athens,Region of Attica,Attica",Greece,RM,CP,N,,CP - Cutting Plant,,
Α 934,IOANNIS & ANASTASIOS VASALAKIS O.E.,NAXOS,Naxos,84300,"Naxos Regional Unit,South Aegean Region",Greece,RM,CP,N,,CP - Cutting Plant,,
A396,IOANNIS KRITIKOS,TINOS KYKLADES,Tinos,84200,"Περιφερειακή Ενότητα Τήνου,South Aegean Region",Greece,RM,CP,N,,CP - Cutting Plant,,
A775,ISLAND FOOD SERVICE O.E,SYROS,Ano Syros,84100,"Περιφερειακή Ενότητα Σύρου,South Aegean Region",Greece,RM,CP,N,,CP - Cutting Plant,,
A277,K. DOUROU & SIA OE,NAFPAKTOS AITOLOAKARNANIA,Nafpaktos,30300,"Aetolia-Acarnania Regional Unit,Peloponnese, West Greece and Ionian Sea",Greece,RM,CP,N,,CP - Cutting Plant,,
A193,K. GIAGKOULAS & CO F.P.,GIANNITSA PELLA,Giannitsa,58100,"Pella Regional Unit,Central Macedonia Region,Macedonia - Thrace",Greece,RM,CP,N,,CP - Cutting Plant,,
A 329,K. KLEITSIOTIS MONOPROSOPI E.P.E.,GLIKONERI RODOPI,Glykoneri,67100,"Rodopi Regional Unit,East Macedonia and Thrace Region,Macedonia - Thrace",Greece,RM,CP,N,,CP - Cutting Plant,,
S173,K. STAMOULIS & CO FP,"A. TRITSI 3, ARGOSTOLI",Argostoli,28100,"Kefallonia Regional Unit,Ionian Islands Region,Peloponnese, West Greece and Ionian Sea",Greece,RM,SH,Y,,SH - Slaughterhouse,,
S64,K.E.K. ANAVRAS MAGNISIAS,"V. KONSTANTINOU 117, ALMYROS",Almyros,37100,"Regional Unit of Magnesia,Region of Thessaly,Thessaly - Central Greece",Greece,RM,SH,Y,,SH - Slaughterhouse,,
A832,KADOGLOU EIRINI & SIA O.E.,KATERINI,00 Katerini,601,"Pieria Regional Unit,Central Macedonia Region,Macedonia - Thrace",Greece,RM,CP,N,,CP - Cutting Plant,,
A580,KALAMVOKI AEVE,THEOMITOROS 50 - AG. DIMITRIOS,Municipal Unit of Dafni,17236,"Regional Unit of Central Athens,Region of Attica,Attica",Greece,RM,CP,N,,CP - Cutting Plant,,
A445,KAPETIS POLYVIOS S.A.,C. M. ATHINON S.A. - AG. I. RENTIS,Municipal Unit of Agios Ioannis Rentis,18233,"Regional Unit of Piraeus,Region of Attica,Attica",Greece,RM,CP,N,,CP - Cutting Plant,,
A306,KARA CHASAN TZEMALI ΙΚΕ,LEFKOPETRA XANTHI,Lefkopetra,67100,"Xanthi Regional Unit,East Macedonia and Thrace Region,Macedonia - Thrace",Greece,RM,CP,N,,CP - Cutting Plant,,
A772,KARAKANTIS KYRIAKOS,ORESTIADA,Orestiada,68200,"Evros Regional Unit,East Macedonia and Thrace Region,Macedonia - Thrace",Greece,RM,CP,N,,CP - Cutting Plant,,
A 458,KARAKANTIS G. KYRIAKOS M. LTD,C. M. ATHINON S.A. - AG. I. RENTIS,Municipal Unit of Agios Ioannis Rentis,18233,"Regional Unit of Piraeus,Region of Attica,Attica",Greece,RM,CP,N,,CP - Cutting Plant,,
A308,KARAKOULAKIS A.V.E.E,KOS DODEKANISA,Kos,85300,"Περιφερειακή Ενότητα Κω,South Aegean Region",Greece,RM,CP,N,,CP - Cutting Plant,,
A201,KARASAVVIDIS MEAT MEPE,C. M. THESSALONIKI S.A.,Thessaloniki,54627,"Thessaloniki Regional Unit,Central Macedonia Region,Macedonia - Thrace",Greece,RM,CP,N,,CP - Cutting Plant,,
A 866,KARNA ELLAS M.E.P.E,ASPROPYRGOS,Aspropyrgos,19300,"Regional Unit of West Attica,Region of Attica,Attica",Greece,RM,CP,N,,CP - Cutting Plant,,
Α 927,KARVOUNIARIS ANDREAS-STATHMOS KREATOS,AIGIALEIA,Αρραβωνίτσα,25100,"Achaea Regional Unit,Peloponnese, West Greece and Ionian Sea",Greece,RM,CP,N,,CP - Cutting Plant,,
A352,KASIDIS A.E,TIRNAVOS,Tirnavos,40100,"Regional Unit of Larisa,Region of Thessaly,Thessaly - Central Greece",Greece,RM,CP,N,,CP - Cutting Plant,,
S49,KASIDIS A.E.,"2ND KM LAGKADA - KOLCHIKOU, THESI ""AMPELI""",Lagkadas Lagkadas,,"Thessaloniki Regional Unit,Central Macedonia Region,Macedonia - Thrace",Greece,RM,SH,Y,,SH - Slaughterhouse,,
A 178,KASIDIS S.A.,AG. SOFIA-TYRNAVOS LARISA,Tirnavos,40100,"Regional Unit of Larisa,Region of Thessaly,Thessaly - Central Greece",Greece,RM,CP,N,,CP - Cutting Plant,,
A863,KASIOS KOIN. S .EP.,FRY - KASOS,Fry,85800,"Karpathos Regional Unit,South Aegean Region",Greece,RM,CP,N,,CP - Cutting Plant,,
A555,KECHAGIAS DIMITRIOS & CO O.E,AGROKTIMA VEROIAS,Tagarochorion Veroia,59100,"Imathia Regional Unit,Central Macedonia Region,Macedonia - Thrace",Greece,RM,CP,N,,CP - Cutting Plant,,
A 517,KEMPAP SAVVAS MONOPROSOPI I.K.E.,YPATIS 34 - PERISTERI,Egaleo,12136,"Regional Unit of West Athens,Region of Attica,Attica",Greece,RM,CP,N,,CP - Cutting Plant,,
A203,KEPAPTSOGLOU -URMANIS & CO E.E.,C. M. THESSALONIKI S.A.,Thessaloniki,54627,"Thessaloniki Regional Unit,Central Macedonia Region,Macedonia - Thrace",Greece,RM,CP,N,,CP - Cutting Plant,,
A523,KERKETEFS A.E.V.E. - BAZAAR,VATHY,Vathy,83100,"Regional Unit of Samos,North Aegean Region",Greece,RM,CP,N,,CP - Cutting Plant,,
A148,KERKYRAIKI ETAIREIA KREATON S.A.,TRIKLINO KERKYRA,Templonion Kerkyra,49100,"Corfu Regional Unit,Ionian Islands Region,Peloponnese, West Greece and Ionian Sea",Greece,RM,CP,N,,CP - Cutting Plant,,
A770,KERMES IKE,PEIRAIAS,Piraeus,18545,"Regional Unit of Piraeus,Region of Attica,Attica",Greece,RM,CP,N,,CP - Cutting Plant,,
A449,KIACHAKIS ELEFTHERIOS S.A,C. M. ATHINON S.A. - AG. I. RENTIS,Municipal Unit of Agios Ioannis Rentis,18233,"Regional Unit of Piraeus,Region of Attica,Attica",Greece,RM,CP,N,,CP - Cutting Plant,,
A 906,KING FOOD 1994 E.E.,KOMOTINI,Komotini,69100,"Rodopi Regional Unit,East Macedonia and Thrace Region,Macedonia - Thrace",Greece,RM,CP,N,,CP - Cutting Plant,,
A 913,KING'S GYROS EPEXERGASIA-EMPORIA KREATON A.E.,AGIOS IOANNIS RENTIS,Municipal Unit of Agios Ioannis Rentis,18233,"Regional Unit of Piraeus,Region of Attica,Attica",Greece,RM,CP,N,,CP - Cutting Plant,,
A755,KING’S GYROS SA,"26 DIMITRATOU, RENTIS",Municipal Unit of Agios Ioannis Rentis,18233,"Regional Unit of Piraeus,Region of Attica,Attica",Greece,RM,CP,N,,CP - Cutting Plant,,
A349,KIOSSES NIKOLAOS & SONS O.E,SERRES,Serres,62124,"Serres Regional Unit,Central Macedonia Region,Macedonia - Thrace",Greece,RM,CP,N,,CP - Cutting Plant,,
A399,KIRKILI O.E - PARADOSIAKA ALLANTIKA,MELIGALAS MESSINIAS,Meligalas,24100,"Messenia Regional Unit,Peloponnese, West Greece and Ionian Sea",Greece,RM,CP,N,,CP - Cutting Plant,,
A394,KLAVAS M. ARISTEIDIS,MYTILINI LESVOS,Mytilene,81100,"Regional Unit of Lesbos,North Aegean Region",Greece,RM,CP,N,,CP - Cutting Plant,,
A859,KLIMANTIRIS PANAGIOTIS,ZACHARO,Neochori (Zacharo),27054,"Peloponnese, West Greece and Ionian Sea",Greece,RM,CP,N,,CP - Cutting Plant,,
A222,KLIMATZIDAS I.K.E - TOXOTIS KREATA I.K.E,C. M. THESSALONIKI S.A.,Thessaloniki,54627,"Thessaloniki Regional Unit,Central Macedonia Region,Macedonia - Thrace",Greece,RM,CP,N,,CP - Cutting Plant,,
S72,"KOINOFELIS EPICHEIRISI DIMOU POLYGYROU ""KEDIPO""",GALATISTA,Galatista,63073,"Chalkidiki Regional Unit,Central Macedonia Region,Macedonia - Thrace",Greece,RM,SH,Y,,SH - Slaughterhouse,,
S74,KOINOFELIS EPICHEIRISI DIMOU PROPONTIDAS,"Nea Triglia, Chalkidiki",Nea Triglia,63079,"Chalkidiki Regional Unit,Central Macedonia Region,Macedonia - Thrace",Greece,RM,SH,Y,,SH - Slaughterhouse,,
S156,KOINONIA KLIRON. IOAN. AMERIKANOU,"ERESOS, LESVOS",Eresos,81105,"Regional Unit of Lesbos,North Aegean Region",Greece,RM,SH,Y,,SH - Slaughterhouse,,
A173,KOKKALI ZOI & CO O.E.,KAMPI ARTAS,Kambi,48200,"Arta Regional Unit,Epirus Region,Epirus - Western Macedonia",Greece,RM,CP,N,,CP - Cutting Plant,,
A 931,KOKKONIS KONSTANTINOS,OINOUSA,Oinousa,62100,"Serres Regional Unit,Central Macedonia Region,Macedonia - Thrace",Greece,RM,CP,N,,CP - Cutting Plant,,
A756,KOLIOKITSOS NIKOLAOS,BIZANOMACHON 1 FILIPPIADA ZIROU,Filippiada,48100,"Preveza Regional Unit,Epirus Region,Epirus - Western Macedonia",Greece,RM,CP,N,,CP - Cutting Plant,,
A766,KONSTANTINIDOU OLGA,AGIOS DIMITRIOS,Agios Dimitrios,19400,"Regional Unit of East Attica,Region of Attica,Attica",Greece,RM,CP,N,,CP - Cutting Plant,,
A338,KONTES DIMITRIOS,PAPADIANIKA LAKONIA,Papadianika,23056,"Lakonia Regional Unit,Peloponnese, West Greece and Ionian Sea",Greece,RM,CP,N,,CP - Cutting Plant,,
A204,KORIZIS S.A.,C. M. THESSALONIKI S.A.,Thessaloniki,54627,"Thessaloniki Regional Unit,Central Macedonia Region,Macedonia - Thrace",Greece,RM,CP,N,,CP - Cutting Plant,,
A87,KOSIAVAS-KOUZIOKAS AEVE,A' VIPE VOLOU MAGNISIA,Volos,38001,"Regional Unit of Magnesia,Region of Thessaly,Thessaly - Central Greece",Greece,RM,CP,N,,CP - Cutting Plant,,
A 930,KOSKINIOTIS V. - BERDI L. OE,FALIRAKI,Faliraki,85100,"Rhodes Regional Unit,South Aegean Region",Greece,RM,CP,N,,CP - Cutting Plant,,
A514,KOSMOS S.A.,PYRGOS ORESTIADAS EVROS,Neos Pyrgos,68200,"Evros Regional Unit,East Macedonia and Thrace Region,Macedonia - Thrace",Greece,RM,CP,N,,CP - Cutting Plant,,
A272,KOUTRAS D - KOUTRAS I. O.E,NIKAIA ATTIKIS,Municipal Unit of Nikaia,18450,"Regional Unit of Piraeus,Region of Attica,Attica",Greece,RM,CP,N,,CP - Cutting Plant,,
A559,KOUTROUFINIS EVAGGELOS & SONS FP,1on km ARGOUS-NAFPLIOU,Argos,20500,"Argolis Regional Unit,Peloponnese, West Greece and Ionian Sea",Greece,RM,CP,N,,CP - Cutting Plant,,
A 374,KRASANAKIS MARKOS MON. I.K.E.,EPISKOPI IRAKLEIO,Episkopi,,"Heraklion Regional Unit,Region of Crete,Crete",Greece,RM,CP,N,,CP - Cutting Plant,,
A 795,KREARISTON PAPACHRISTOS MONOPROSOPI A.E..,ACHARNES,Acharnes,14342,"Regional Unit of East Attica,Region of Attica,Attica",Greece,RM,CP,N,,CP - Cutting Plant,,
A116,KREARKO IKE,ARCH. KORINTHOS,Ancient Korinthos,20100,"corinthia Regional Unit,Peloponnese, West Greece and Ionian Sea",Greece,RM,CP,N,,CP - Cutting Plant,,
A73,KREATA ATTIKIS A.E.,PAIANIA ATTIKIS,Paiania,19004,"Regional Unit of East Attica,Region of Attica,Attica",Greece,RM,CP,N,,CP - Cutting Plant,,
A103,KREATA CHATZIAGOROU A.E.B.E.K.,KRITHIA THESSALONIKIS,Krithia,57200,"Thessaloniki Regional Unit,Central Macedonia Region,Macedonia - Thrace",Greece,RM,CP,N,,CP - Cutting Plant,,
A407,KREATA EVROPIS LTD,I. METAXA 59 - KOROPI ATTIKIS,Koropi,19400,"Regional Unit of East Attica,Region of Attica,Attica",Greece,RM,CP,N,,CP - Cutting Plant,,
A 879,KREATA GAITANI MONOPROSOPI IKE,MYTILINI,Mytilene,81100,"Regional Unit of Lesbos,North Aegean Region",Greece,RM,CP,N,,CP - Cutting Plant,,
S5,KREATA IPEIROU A.E.,GEFYRA KALOGIROU-FILIPPIADA,Filippiada,48200,"Preveza Regional Unit,Epirus Region,Epirus - Western Macedonia",Greece,RM,SH,Y,,SH - Slaughterhouse,,
S128,KREATA POGONIOU VIOMICHANIKA SFAGEIA PARAKALAMOU,PARAKALAMOS IOANNINON,Parakalamos Ioanninon,44004,"Ioannina Regional Unit,Epirus Region,Epirus - Western Macedonia",Greece,RM,SH,Y,,SH - Slaughterhouse,,
A214,KREATAGORA AFOI KONTA IKE,C. M. THESSALONIKI S.A.,Thessaloniki,54627,"Thessaloniki Regional Unit,Central Macedonia Region,Macedonia - Thrace",Greece,RM,CP,N,,CP - Cutting Plant,,
A330,KREATAGORA LAMIAS I.K.E,AGIA PARASKEVI FTHIOTIDAS,Lamia,35100,"Regional Unit of Phthiotis,Region of Central Greece,Thessaly - Central Greece",Greece,RM,CP,N,,CP - Cutting Plant,,
S157,KREATAGORA LAMIAS IKE,AGIA PARASKEVI,Ag Paraskeyi Fthiolamia,35100,"Regional Unit of Phthiotis,Region of Central Greece,Thessaly - Central Greece",Greece,RM,SH,Y,,SH - Slaughterhouse,,
A 950,KREATAGORA MOUROUTIS APOSTOLOS IKE,G. PAPANDREOU & EPTANISOU 27 ACHARNES,Acharnes,13671,"Regional Unit of East Attica,Region of Attica,Attica",Greece,RM,CP,N,,CP - Cutting Plant,,
Α461,KREATAGORA PAROU,"NAOUSA PAROU ,KYKLADES",Naousa,84401,"Paros Regional Unit,South Aegean Region",Greece,RM,CP,N,,CP - Cutting Plant,,
A361,KREATAGORA SKOUTELAS IKE,KROKOS KOZANIS,Krokos,50010,"Regional Unit of Kozani,West Macedonia Region,Epirus - Western Macedonia",Greece,RM,CP,N,,CP - Cutting Plant,,
A283,KREATEMPORIKI - KOSSIVA A.E,ASTROS ARKADIA,Astros,21200,"Peloponnese, West Greece and Ionian Sea",Greece,RM,CP,N,,CP - Cutting Plant,,
A834,KREATEMPORIKI THESSALIAS A.E,GERAKAS,Gerakas,15127,"Regional Unit of East Attica,Region of Attica,Attica",Greece,RM,CP,N,,CP - Cutting Plant,,
A 751,KREATEMPORIKI KOSSYVA A.E.,C. M. ATHINON S.A. - AG.I. RENTIS,Municipal Unit of Agios Ioannis Rentis,18233,"Regional Unit of Piraeus,Region of Attica,Attica",Greece,RM,CP,N,,CP - Cutting Plant,,
A292,KREATOSYSKEVASTIKI LAMIAS AVEE,LAMIA FTHIOTIDA,Lamia,35014,"Regional Unit of Phthiotis,Region of Central Greece,Thessaly - Central Greece",Greece,RM,CP,N,,CP - Cutting Plant,,
A895,KREATOTECHNEIO EE,N. CHALKIDONA,Athens,13561,"Regional Unit of Central Athens,Region of Attica,Attica",Greece,RM,CP,N,,CP - Cutting Plant,,
S37,KREKA S.A. MEAT PRODUCTION AND TRADING,PERNI DIMOS NESTOU,Perni Kavala,64200,"Kavala Regional Unit,East Macedonia and Thrace Region,Macedonia - Thrace",Greece,RM,SH,Y,,SH - Slaughterhouse,,
A378,KREOKOPEION A.E.,OINOFITA VIOTIAS,Oinofyta Oinofyta,32011,"Regional Unit of Boeotia,Region of Central Greece,Thessaly - Central Greece",Greece,RM,CP,N,,CP - Cutting Plant,,
A218,KREOPOLEIA ELLINIKON S.A.,C. M. THESSALONIKI S.A.,Thessaloniki,54627,"Thessaloniki Regional Unit,Central Macedonia Region,Macedonia - Thrace",Greece,RM,CP,N,,CP - Cutting Plant,,
A 810,KREOS KAI SIA E.E.,A. LIOSIA,Municipal Unit of Ano Liosia,13231,"Regional Unit of West Attica,Region of Attica,Attica",Greece,RM,CP,N,,CP - Cutting Plant,,
A359,KREOTECHNION GEORGIADIS A.E,PIKERMI,Pikermi,19009,"Regional Unit of East Attica,Region of Attica,Attica",Greece,RM,CP,N,,CP - Cutting Plant,,
Α 941,KREOTIS E.E.,ASSIROS LAGKADAS,Langadas,57200,"Thessaloniki Regional Unit,Central Macedonia Region,Macedonia - Thrace",Greece,RM,CP,N,,CP - Cutting Plant,,
A599,KRETEMPORIKI GIANNENAKIS SA,THERISOS,Theriso,,"Chania Regional Unit,Region of Crete,Crete",Greece,RM,CP,N,,CP - Cutting Plant,,
A142,KRIOS A.E.V.E.,N. EFKARPIA THESSALONIKI,Efkarpia,56403,"Thessaloniki Regional Unit,Central Macedonia Region,Macedonia - Thrace",Greece,RM,CP,N,,CP - Cutting Plant,,
A112,KRIS A.E.,AG. STEFANOS RETHYMNO,Rethymno,74131,"Rethymno Regional Unit,Region of Crete,Crete",Greece,RM,CP,N,,CP - Cutting Plant,,
S59,KRIS S.A.,"PRINES DIMOU NIKIFOROU FOKA, RETHYMNO",Prines Rethymnis Rethymno,74100,"Rethymno Regional Unit,Region of Crete,Crete",Greece,RM,SH,Y,,SH - Slaughterhouse,,
A196,KRIVEK S.A.,KAMPOS ELIAS IRAKLEIO,Heraklion,71410,"Heraklion Regional Unit,Region of Crete,Crete",Greece,RM,CP,N,,CP - Cutting Plant,,
S82,KTHMA GIANNOYLI SA,AXIOUPOLI KILKIS,Axioupoli,61400,"Kilkis Regional Unit,Central Macedonia Region,Macedonia - Thrace",Greece,RM,SH,Y,ovine bovine caprine porcine,SH - Slaughterhouse,,
A510,KTIMA GIANNOULI S.A.,"SOPATA FRE, CHANIA",Fres,,"Chania Regional Unit,Region of Crete,Crete",Greece,RM,CP,N,,CP - Cutting Plant,,
S146,KTIMA GIANNOULI S.A.,"VIOLI CHARAKI, RETHYMNO",Violi Charaki Rethymno,74100,"Rethymno Regional Unit,Region of Crete,Crete",Greece,RM,SH,Y,,SH - Slaughterhouse,,
S130,KTIMA GIANNOULI S.A.,SOPATA FRE DIMOU APOKORONOU,Fres Vamos,73008,"Chania Regional Unit,Region of Crete,Crete",Greece,RM,SH,Y,,SH - Slaughterhouse,,
A223,KYR. I. TSERNOS M.IKE,C. M. THESSALONIKI S.A.,Thessaloniki,54627,"Thessaloniki Regional Unit,Central Macedonia Region,Macedonia - Thrace",Greece,RM,CP,N,,CP - Cutting Plant,,
A224,KYR. I. TSERNOS M.IKE,C. M. THESSALONIKI S.A.,Thessaloniki,54627,"Thessaloniki Regional Unit,Central Macedonia Region,Macedonia - Thrace",Greece,RM,CP,N,,CP - Cutting Plant,,
A757,KYR.I.TSERNOS MONOPROSOPI PCC,KENTRIKI AGORA THESSALON. K-22,Thessaloniki,54627,"Thessaloniki Regional Unit,Central Macedonia Region,Macedonia - Thrace",Greece,RM,CP,N,,CP - Cutting Plant,,
A 912,KYRIAKAKIS MEAT MONOPROSOPI A.E.,ACHARNES,Acharnes,13672,"Regional Unit of East Attica,Region of Attica,Attica",Greece,RM,CP,N,,CP - Cutting Plant,,
S21,L. TSIKAKIS - G. GIANOPOULOS A.E.,LEFKI,Lefki Sparti,23100,"Lakonia Regional Unit,Peloponnese, West Greece and Ionian Sea",Greece,RM,SH,Y,,SH - Slaughterhouse,,
A49,L. TSIKAKIS-G.GIANOPOULOS AE,LEFKI SPARTIS,Lefki Sparti,23100,"Lakonia Regional Unit,Peloponnese, West Greece and Ionian Sea",Greece,RM,CP,N,,CP - Cutting Plant,,
A303,L.- V. LAZARIDIS & SIA E.E,KORYDALLOS,10 Piraeus,185,"Regional Unit of Piraeus,Region of Attica,Attica",Greece,RM,CP,N,,CP - Cutting Plant,,
A300,LAKRE A.E.,BATONTAS EVIA,Nea Artaki,34600,"Regional Unit of Euboea,Region of Central Greece,Thessaly - Central Greece",Greece,RM,CP,N,,CP - Cutting Plant,,
A857,LALAS & SIA E.E,MENEMENI,Thessaloniki,54627,"Thessaloniki Regional Unit,Central Macedonia Region,Macedonia - Thrace",Greece,RM,CP,N,,CP - Cutting Plant,,
A324,LAPPAS K. & SIA O.E,KARDITSA,Karditsa,43100,"Karditsa Regional Unit,Region of Thessaly,Thessaly - Central Greece",Greece,RM,CP,N,,CP - Cutting Plant,,
A846,LATSISTALIS NIKOLAOS,DRAMA,Drama,66133,"Drama Regional Unit,East Macedonia and Thrace Region,Macedonia - Thrace",Greece,RM,CP,N,,CP - Cutting Plant,,
A 833,LAVDAS FOODSERVICE M.E.P.E.,KOROPI,Koropi,19400,"Regional Unit of East Attica,Region of Attica,Attica",Greece,RM,CP,N,,CP - Cutting Plant,,
A552,LAZARIDIS NIKOLAOS,PENTALOFOS KALLITHEAS,Pentalofos,54500,"Thessaloniki Regional Unit,Central Macedonia Region,Macedonia - Thrace",Greece,RM,CP,N,,CP - Cutting Plant,,
A288,LEONTZINI I. A.E KREATON - STOCHOS,N. PROPONTIDA CHALKIDIKI,Nea Kallikratia,63080,"Chalkidiki Regional Unit,Central Macedonia Region,Macedonia - Thrace",Greece,RM,CP,N,,CP - Cutting Plant,,
A134,LEVENTAKIS A.E.V.E.,Vi.Pe. IRAKLIO,Heraklion,71410,"Heraklion Regional Unit,Region of Crete,Crete",Greece,RM,CP,N,,CP - Cutting Plant,,
A367,LIOPRASITIS I. DIMITRIOS,FALANI LARISAS,Falanna,40011,"Regional Unit of Larisa,Region of Thessaly,Thessaly - Central Greece",Greece,RM,CP,N,,CP - Cutting Plant,,
A811,LORENTZOS KREATA MON. E.P.E,K. PETRALONA- ATHINA,45 Athens,117,"Regional Unit of Central Athens,Region of Attica,Attica",Greece,RM,CP,N,,CP - Cutting Plant,,
A855,LOUKAS KAITATZIS I.K.E,CHALKIDA,Chalkida,34100,"Regional Unit of Euboea,Region of Central Greece,Thessaly - Central Greece",Greece,RM,CP,N,,CP - Cutting Plant,,
A370,LOYPAS ASTERIOS & SIA O.E,EUAGELISMOS LARISA,Evangelismos,40200,"Regional Unit of Larisa,Region of Thessaly,Thessaly - Central Greece",Greece,RM,CP,N,,CP - Cutting Plant,,
Α 925,LYTRAS O.E.,VOLOS,Volos,38446,"Regional Unit of Magnesia,Region of Thessaly,Thessaly - Central Greece",Greece,RM,CP,N,,CP - Cutting Plant,,
A282,M. ATMATZIDIS AE-POLITIKO,N. KERASIA THESSALONIKIS,Nea Kerasia,57004,"Thessaloniki Regional Unit,Central Macedonia Region,Macedonia - Thrace",Greece,RM,CP,N,,CP - Cutting Plant,,
S180,M. FILIPPOU - I. TSIRONIS EPE,"AGIOS THOMAS, VIOTIA",Agios Thomas Schimatari,32009,"Regional Unit of Boeotia,Region of Central Greece,Thessaly - Central Greece",Greece,RM,SH,Y,,SH - Slaughterhouse,,
A382,M. PIGAKIS - M. KALOGERAKI O.E,ROUSOCHORIA IRAKLEIO,Rousochoria,,"Heraklion Regional Unit,Region of Crete,Crete",Greece,RM,CP,N,,CP - Cutting Plant,,
A467,M.K. EMPORIA KREATON M.E.P.E.,STENIMACHOS IMATHIA,Stenimachos,59200,"Imathia Regional Unit,Central Macedonia Region,Macedonia - Thrace",Greece,RM,CP,N,,CP - Cutting Plant,,
S50,MAKEKDOR SINGLE MEMBER PRIVATE,2 ND PEO CHALKIDONAS VEROIAS,Adendro,57007,"Thessaloniki Regional Unit,Central Macedonia Region,Macedonia - Thrace",Greece,RM,SH,Y,,SH - Slaughterhouse,,
A 909,MANIBUS MONOPROSOPI IKE-MANIBUS,ILION,Municipal Unit of Kamatero,13121,"Regional Unit of West Athens,Region of Attica,Attica",Greece,RM,CP,N,,CP - Cutting Plant,,
A841,MANIKAS A.E EMPORIA KREATOS - KREOPOLEIA - KREATA ACHAIAS A.E,PATRA,Patras,26441,"Achaea Regional Unit,Peloponnese, West Greece and Ionian Sea",Greece,RM,CP,N,,CP - Cutting Plant,,
A387,MANITAS BASILEIOS,MAKRIKOMI FTHIOTIDA,Makri,35011,"Regional Unit of Phthiotis,Region of Central Greece,Thessaly - Central Greece",Greece,RM,CP,N,,CP - Cutting Plant,,
A605,MANOLIS KEMPAP & SIA E.E,TAVROS,Municipal Unit of Tavros,17778,"Regional Unit of South Athens,Region of Attica,Attica",Greece,RM,CP,N,,CP - Cutting Plant,,
A883,MANOLITSAKIS ANTONIOS A.E.,RETHYMNO,Rethymno,74131,"Rethymno Regional Unit,Region of Crete,Crete",Greece,RM,CP,N,,CP - Cutting Plant,,
S124,MANOURAS S.A. - SFAGEIA DIMOU NEAPOLIS,"KOUROUNAI, NEAPOLI KRITIS",Kourounai Neapoli Kritis,72400,"Lasithi Regional Unit,Region of Crete,Crete",Greece,RM,SH,Y,porcine ovine caprine,SH - Slaughterhouse,,
A253,MANTZIARLIS,ΑCHARNES ATTIKIS,Acharnes,14342,"Regional Unit of East Attica,Region of Attica,Attica",Greece,RM,CP,N,,CP - Cutting Plant,,
A 800,MARIA KANTIKOU - STRAKA,VOLOS,Volos,38221,"Regional Unit of Magnesia,Region of Thessaly,Thessaly - Central Greece",Greece,RM,CP,N,,CP - Cutting Plant,,
A589,MARKET IN,DOROVEZA-MARKOPOULO-MESOGAIA,Markopoulo,19003,"Regional Unit of East Attica,Region of Attica,Attica",Greece,RM,CP,N,,CP - Cutting Plant,,
A325,MARKET IN A.E.V.E,PAIANIA ATTIKIS,Paiania,19400,"Regional Unit of East Attica,Region of Attica,Attica",Greece,RM,CP,N,,CP - Cutting Plant,,
A36,MARSEL A.E,SIDIROKASTRO SERRES,Sidirokastro,62300,"Serres Regional Unit,Central Macedonia Region,Macedonia - Thrace",Greece,RM,CP,N,,CP - Cutting Plant,,
A62,MARZO LTD,THEOLOGOS EVIA,Theologos,34018,"Regional Unit of Euboea,Region of Central Greece,Thessaly - Central Greece",Greece,RM,CP,N,,CP - Cutting Plant,,
A 926,MASTER MEAT MONOPROSOPI I.K.E.,IOANNINA,Ioannina,45110,"Ioannina Regional Unit,Epirus Region,Epirus - Western Macedonia",Greece,RM,CP,N,,CP - Cutting Plant,,
A 46,MASTER MEAT MONOPROSOPI I.K.E.,PATRIDA IMATHIAS,Patrida,59100,"Imathia Regional Unit,Central Macedonia Region,Macedonia - Thrace",Greece,RM,CP,N,,CP - Cutting Plant,,
S 184,MASTORAS A.E.,PARAMYTHIA THESPROTIAS,Paramythia,46200,"Thesprotia Regional Unit,Epirus Region,Epirus - Western Macedonia",Greece,RM,SH,Y,bovine caprine ovine porcine,SH - Slaughterhouse,,
A845,MASTORAS A.E,PARAMYTHIA,Paramythia,46200,"Thesprotia Regional Unit,Epirus Region,Epirus - Western Macedonia",Greece,RM,CP,N,,CP - Cutting Plant,,
A592,MATZIRIS CHARALAMPOS,GIPEDO SINDOU,Sindos Sindos,57400,"Central Macedonia Region,Macedonia - Thrace",Greece,RM,CP,N,,CP - Cutting Plant,,
A107,MAVIK AVEE,2 KM PTOLEM-ANATOLIK KOZANI,Ptolemaida,50200,"Regional Unit of Kozani,West Macedonia Region,Epirus - Western Macedonia",Greece,RM,CP,N,,CP - Cutting Plant,,
A753,MAVRIDOGLOU P. BROS FP,1A FIELD N. MADYTOS,Nea Madytos,62100,"Thessaloniki Regional Unit,Central Macedonia Region,Macedonia - Thrace",Greece,RM,CP,N,,CP - Cutting Plant,,
A860,MAVRIDOPOULOS A.E,VIPE IOANNINON,Ioannina,44002,"Ioannina Regional Unit,Epirus Region,Epirus - Western Macedonia",Greece,RM,CP,N,,CP - Cutting Plant,,
A586,MEAT FARM A.E V.E,49 ODOS VIOPA,Municipal Unit of Ano Liosia,13341,"Regional Unit of West Attica,Region of Attica,Attica",Greece,RM,CP,N,,CP - Cutting Plant,,
Α 896,MEAT HOUSE,TANAGRA,Tanagra,32009,"Regional Unit of Boeotia,Region of Central Greece,Thessaly - Central Greece",Greece,RM,CP,N,,CP - Cutting Plant,,
A 896,MEAT HOUSE MONOPROSOPI AE EPEKSERGASIAS KREATOS/MEAT HOUSE,OINOFITA,Κοινότητα Τανάγρας,32009,"Regional Unit of Boeotia,Region of Central Greece,Thessaly - Central Greece",Greece,RM,CP,N,,CP - Cutting Plant,,
A571,MEAT HOUSE S.A. EPEXERGASIA KREATOS,LEOF. NATO 100 - ASPROPYRGOS,Aspropyrgos,19018,"Regional Unit of West Attica,Region of Attica,Attica",Greece,RM,CP,N,,CP - Cutting Plant,,
A280,MEAT LAD A.E.,CHANIA,Chania,73135,"Chania Regional Unit,Region of Crete,Crete",Greece,RM,CP,N,,CP - Cutting Plant,,
A 907,MEAT NET DIANOMES EIDON DIATROFIS M.E.P.E.- MEAT NET M.E.P.E.,RENTIS,Municipal Unit of Agios Ioannis Rentis,18233,"Regional Unit of Piraeus,Region of Attica,Attica",Greece,RM,CP,N,,CP - Cutting Plant,,
A854,MEAT STORE E.E,ASSOS,Assos,20006,"corinthia Regional Unit,Peloponnese, West Greece and Ionian Sea",Greece,RM,CP,N,,CP - Cutting Plant,,
A807,MEATBALLER EE,MOSCHATO,Municipal Unit of Moschato,18345,"Regional Unit of South Athens,Region of Attica,Attica",Greece,RM,CP,N,,CP - Cutting Plant,,
A812,MEATING GROUP AVEE,PLATANIAS,Acharnes,13672,"Regional Unit of East Attica,Region of Attica,Attica",Greece,RM,CP,N,,CP - Cutting Plant,,
A404,MEATKA S.A.,THERMOPYLON 20 - SPATA,Spata,19019,"Regional Unit of East Attica,Region of Attica,Attica",Greece,RM,CP,N,,CP - Cutting Plant,,
A569,MEATLAD A.E,VI.PE. IRAKLEIOY,Heraklion,71410,"Heraklion Regional Unit,Region of Crete,Crete",Greece,RM,CP,N,,CP - Cutting Plant,,
A 933,MEATOLOGY I.K.E.,ZITSA IOANNINA,Zitsa,44003,"Ioannina Regional Unit,Epirus Region,Epirus - Western Macedonia",Greece,RM,CP,N,,CP - Cutting Plant,,
Α299,MEGAS GYROS S.A.,LEOFOROS NATO 100-ASPROPYRGOS,Aspropyrgos,19300,"Regional Unit of West Attica,Region of Attica,Attica",Greece,RM,CP,N,,CP - Cutting Plant,,
A 932,MELLOS FACTORY MONOPROSOPI Ι.Κ.Ε.,POLIDENDRI OROPOS,Polydendri,19014,"Regional Unit of East Attica,Region of Attica,Attica",Greece,RM,CP,N,,CP - Cutting Plant,,
A305,MESTA ANAPTIXIAKI EPE,TANAGRA VIOTIA,Tanagra,32009,"Regional Unit of Boeotia,Region of Central Greece,Thessaly - Central Greece",Greece,RM,CP,N,,CP - Cutting Plant,,
A 918,METEORON GAIA E.E.,METEORA,Theopetra,42100,"Regional Unit of Trikala,Region of Thessaly,Thessaly - Central Greece",Greece,RM,CP,N,,CP - Cutting Plant,,
A533,MICHAIL D. TSEPAS MONOPROSOPI E.P.E.,AGIAS SOFIAS 96-98 - ATHINA,Athens,10674,"Regional Unit of Central Athens,Region of Attica,Attica",Greece,RM,CP,N,,CP - Cutting Plant,,
A155,MICHALOPOULOS MARIOS,DODEKANISOU 36-VOLOS MAGNISIA,Volos,38221,"Regional Unit of Magnesia,Region of Thessaly,Thessaly - Central Greece",Greece,RM,CP,N,,CP - Cutting Plant,,
A515,MIKROMASTORAS G. & REVEKKA FP,XYLOKASTROU 6 - ILION,Municipal Unit of Ano Liosia,13231,"Regional Unit of West Attica,Region of Attica,Attica",Greece,RM,CP,N,,CP - Cutting Plant,,
S122,"MITROU N. & M. E.P.E. ""ASTERIOS E.P.E.""",NEA ZICHNI SERRON,Nea Zichni,62042,"Serres Regional Unit,Central Macedonia Region,Macedonia - Thrace",Greece,RM,SH,Y,,SH - Slaughterhouse,,
S127,MR. MON S.A.,MANOURADES AG. GEORGIOS SYKOUSIS,Agia Ermioni Chios,82100,"Chios Prefecture,North Aegean Region",Greece,RM,SH,Y,,SH - Slaughterhouse,,
A383,N. MAYRIDOPOULOS & SIA O.E.,ALEPOU KERKYRA,Alepou,49100,"Corfu Regional Unit,Ionian Islands Region,Peloponnese, West Greece and Ionian Sea",Greece,RM,CP,N,,CP - Cutting Plant,,
A316,N. PAULIDIS - D. KOTZAFILIOY & SIA O.E,AMINTAIO FLORINA,Amyndeo,53200,"Florina Regional Unit,West Macedonia Region,Epirus - Western Macedonia",Greece,RM,CP,N,,CP - Cutting Plant,,
A459,NASIOPOULOI BROS S.A.,C. M. ATHINON S.A. - AG. I. RENTIS,Municipal Unit of Agios Ioannis Rentis,18233,"Regional Unit of Piraeus,Region of Attica,Attica",Greece,RM,CP,N,,CP - Cutting Plant,,
Α 892,NATURA A.E.,ALEXANDROUPOLI,Alexandroupoli,68100,"Evros Regional Unit,East Macedonia and Thrace Region,Macedonia - Thrace",Greece,RM,CP,N,,CP - Cutting Plant,,
S171,NEA DIMOTIKA SFAGEIA KEAS,AG. KONSTANTINOS KEAS,Ioulis,84002,"Περιφερειακή Ενότητα Κέας - Κύθνου,South Aegean Region",Greece,RM,SH,Y,,SH - Slaughterhouse,,
A391,NESKES MICHAIL MONOPROSOPI EPE,ANTIMACHIA -KOS DODEKANISA,Antimachia,85300,"Περιφερειακή Ενότητα Κω,South Aegean Region",Greece,RM,CP,N,,CP - Cutting Plant,,
A 734,NEW TASTES EMPORIO EPEXERGASIA KREATOS A.E,TAYROS ATTIKI,Municipal Unit of Agios Ioannis Rentis,18233,"Regional Unit of Piraeus,Region of Attica,Attica",Greece,RM,CP,N,,CP - Cutting Plant,,
A 572,NIK. D. MAKRIS IKE,C. M. ATHINON S.A. - AG. I. RENTIS,Municipal Unit of Agios Ioannis Rentis,18233,"Regional Unit of Piraeus,Region of Attica,Attica",Greece,RM,CP,N,,CP - Cutting Plant,,
A419,NIKOLAKOPOULOS ARISTEIDIS,DIAKOPTO ACHAIA,Diakopto,25003,"Achaea Regional Unit,Peloponnese, West Greece and Ionian Sea",Greece,RM,CP,N,,CP - Cutting Plant,,
A322,NIKOLAOS BOYTERAKOS,AIGIES LAKONIAS,Χάνια,23100,"Lakonia Regional Unit,Peloponnese, West Greece and Ionian Sea",Greece,RM,CP,N,,CP - Cutting Plant,,
S85,NIKOLAOS PALYVOS & CO,MOURIES STYRA,Styra Styra,34015,"Regional Unit of Euboea,Region of Central Greece,Thessaly - Central Greece",Greece,RM,SH,Y,,SH - Slaughterhouse,,
A 921,NIKOLAOS ROUSSOUNELOS & SIA O.E.,SYROS,Ano Syros,84100,"Περιφερειακή Ενότητα Σύρου,South Aegean Region",Greece,RM,CP,N,,CP - Cutting Plant,,
A82,NIKOLOPOULOI BROS - FARM S.A.,80on km PATRON-PYRGOY ILEIA,Amaliada,27200,"Peloponnese, West Greece and Ionian Sea",Greece,RM,CP,N,,CP - Cutting Plant,,
A 948,NIKOLOUDIS EXCEPTIONAL MEAT E.E.,MOIRES,Moires,70400,"Heraklion Regional Unit,Region of Crete,Crete",Greece,RM,CP,N,,CP - Cutting Plant,,
A393,NIVICE GROUP- RIZOPONTIKAS IKE,PERISTERI ATTIKIS,Peristeri,12132,"Regional Unit of West Attica,Region of Attica,Attica",Greece,RM,CP,N,,CP - Cutting Plant,,
A411,NOULIS BROS F.P,PERIVOLAKI LAGADA,Perivolaki,57200,"Thessaloniki Regional Unit,Central Macedonia Region,Macedonia - Thrace",Greece,RM,CP,N,,CP - Cutting Plant,,
A526,NTALIANIS KONSTANTINOS M. LTD,TRIKALA,Trikala,42100,"Regional Unit of Trikala,Region of Thessaly,Thessaly - Central Greece",Greece,RM,CP,N,,CP - Cutting Plant,,
A558,NTANOS SPIRIDON,VASILIKA-AGIOS IOANNIS,Agios Ioannis,49100,"Corfu Regional Unit,Ionian Islands Region,Peloponnese, West Greece and Ionian Sea",Greece,RM,CP,N,,CP - Cutting Plant,,
A188,NTAOULAS SOTIRIS,AG. PARRASKEFI 30 THESSALONIKI,Thessaloniki,54627,"Thessaloniki Regional Unit,Central Macedonia Region,Macedonia - Thrace",Greece,RM,CP,N,,CP - Cutting Plant,,
A496,NTASIOTI CHRISOULA,VATHY EVIA,Vathy,34100,"Regional Unit of Euboea,Region of Central Greece,Thessaly - Central Greece",Greece,RM,CP,N,,CP - Cutting Plant,,
A506,NTIMIS IOANNIS & CO FP,"8on km IOANNINON-KONITSAS,IOANNINA",Ioannina,44002,"Ioannina Regional Unit,Epirus Region,Epirus - Western Macedonia",Greece,RM,CP,N,,CP - Cutting Plant,,
A179,NTITSIAS CHRISTOS,VI. PE LARISAS,Larissa,41500,"Regional Unit of Larisa,Region of Thessaly,Thessaly - Central Greece",Greece,RM,CP,N,,CP - Cutting Plant,,
A583,"NTOPIA KREATA PREVEZAS""ΤΕΜΕΤΕRON""SA",GRAMMENO-N.SAMPSOUNTA,Nea Sampsounta,48100,"Preveza Regional Unit,Epirus Region,Epirus - Western Macedonia",Greece,RM,CP,N,,CP - Cutting Plant,,
A741,OIKOLOGIKO AGROKTIMA S.A.,THESI VRISES-DIMOS SERVION,Servia,50500,"Regional Unit of Kozani,West Macedonia Region,Epirus - Western Macedonia",Greece,RM,CP,N,,CP - Cutting Plant,,
S168,OIKOLOGIKO AGROKTIMA S.A.,VRYSES SERVION,Servia,50500,"Regional Unit of Kozani,West Macedonia Region,Epirus - Western Macedonia",Greece,RM,SH,Y,,SH - Slaughterhouse,,
A534,OIKONOMAKIS ANTONIS S.A.,AGIOS NIKOLAOS KOSKINOU,Koskinou,85100,"Rhodes Regional Unit,South Aegean Region",Greece,RM,CP,N,,CP - Cutting Plant,,
A406,OIKONOMOPOULOS SPYROS & CO O.E.,KASTANIA KORINTHIAS,Kastania,21200,"corinthia Regional Unit,Peloponnese, West Greece and Ionian Sea",Greece,RM,CP,N,,CP - Cutting Plant,,
S106,OIKONOMOPOULOS SPYROS & CO O.E.,KAMARI KASTANIAS,Kastanea Kalianoi,20016,"corinthia Regional Unit,Peloponnese, West Greece and Ionian Sea",Greece,RM,SH,Y,,SH - Slaughterhouse,,
A 936,OLYMPIC CATERING A.E.,"ELEFTHERIOS VENIZELOS AIRPORT ,SPATA",Spata,19019,"Regional Unit of East Attica,Region of Attica,Attica",Greece,RM,CP,N,,CP - Cutting Plant,,
A550,P. & A. KON. ADRIOPOULOI BROS FP,LADONOS & AG. PAVLOU 2 - ATHINA,Athens,11471,"Regional Unit of Central Athens,Region of Attica,Attica",Greece,RM,CP,N,,CP - Cutting Plant,,
A469,P. & N. STAVROPOULOI & CO F.P.,DAFNOULA ACHAIA,Dafnoula Faron,25008,"Achaea Regional Unit,Peloponnese, West Greece and Ionian Sea",Greece,RM,CP,N,,CP - Cutting Plant,,
A149,P. ALEXANDRIS,KALLONI LESVOS,Kalloni,81100,"Regional Unit of Lesbos,North Aegean Region",Greece,RM,CP,N,,CP - Cutting Plant,,
S65,P. FLAKAS - A. FLAKAS F.P.,BOUZA AITOLIKOU,Aitoliko,30400,"Aetolia-Acarnania Regional Unit,Peloponnese, West Greece and Ionian Sea",Greece,RM,SH,Y,,SH - Slaughterhouse,,
Α 250,P. G. NIKAS A.V.E.E.,AGIOS STEFANOS ATTIKI,Dionysos,14565,"Regional Unit of East Attica,Region of Attica,Attica",Greece,RM,CP,N,,CP - Cutting Plant,,
A140,P. KAMARATOU,AG. I. RENTIS ATTIKIS,Municipal Unit of Nikaia,18450,"Regional Unit of Piraeus,Region of Attica,Attica",Greece,RM,CP,N,,CP - Cutting Plant,,
A 924,P. MARKOULAKIS & SIA O.E.,DIMOS RETHYMNOU,Rethymno,74100,"Rethymno Regional Unit,Region of Crete,Crete",Greece,RM,CP,N,,CP - Cutting Plant,,
A769,P. MARMARAS A.E.V.E,IRAKLEIO,Heraklion,71410,"Heraklion Regional Unit,Region of Crete,Crete",Greece,RM,CP,N,,CP - Cutting Plant,,
A 897,P. MOULKIOTIS E.P.E.,"STAMATI GKLIATI 8, MANDRA",Μάνδρα,19600,"Regional Unit of West Attica,Region of Attica,Attica",Greece,RM,CP,N,,CP - Cutting Plant,,
A398,P. MOULKIOTIS E.P.E,MANDRA ATTIKIS,Μάνδρα,19600,"Regional Unit of West Attica,Region of Attica,Attica",Greece,RM,CP,N,,CP - Cutting Plant,,
A219,P.SARIKAS- A. KALENDERIAN A.E.V.E.,N. MENEMENIIMPORT,Thessaloniki,54632,"Thessaloniki Regional Unit,Central Macedonia Region,Macedonia - Thrace",Greece,RM,CP,N,,CP - Cutting Plant,,
A 937,PAGONIS IKE,A. VI.PE. VOLOU,Διμήνι,38500,"Regional Unit of Magnesia,Region of Thessaly,Thessaly - Central Greece",Greece,RM,CP,N,,CP - Cutting Plant,,
A194,PALMIE CATERING S.A.,VI.PA. AVLONAS ATTIKIS,Avlona,19011,"Regional Unit of East Attica,Region of Attica,Attica",Greece,RM,CP,N,,CP - Cutting Plant,,
A522,PANAGIOTIDIS S.A.,PENTALOFOS THESSALONIKI,Pentalofos,54500,"Thessaloniki Regional Unit,Central Macedonia Region,Macedonia - Thrace",Greece,RM,CP,N,,CP - Cutting Plant,,
A802,PANAGIOTIDIS STAVROS,LAGKADAS,Agia Marina Lagkadas,57200,"Thessaloniki Regional Unit,Central Macedonia Region,Macedonia - Thrace",Greece,RM,CP,N,,CP - Cutting Plant,,
A464,PAPADOPOULOS APOSTOLOS & CO F.P.,LAMPINO XANTHIS,Lamprinon Xanthi,67100,"Xanthi Regional Unit,East Macedonia and Thrace Region,Macedonia - Thrace",Greece,RM,CP,N,,CP - Cutting Plant,,
S57,PAPADOPOULOS APOSTOLOS & CO F.P.,LAMPRINO,Lamprinon Xanthi,67100,"Xanthi Regional Unit,East Macedonia and Thrace Region,Macedonia - Thrace",Greece,RM,SH,Y,,SH - Slaughterhouse,,
A336,PAPADOPOULOS GEORGIOS - PAPAKRET,KIRGIA DRAMAS,Kyria,66032,"Drama Regional Unit,East Macedonia and Thrace Region,Macedonia - Thrace",Greece,RM,CP,N,,CP - Cutting Plant,,
A 908,PAPADOPOULOS IORDANIS,THESSALONIKI,Thessaloniki,54627,"Thessaloniki Regional Unit,Central Macedonia Region,Macedonia - Thrace",Greece,RM,CP,N,,CP - Cutting Plant,,
A340.,PAPADOPOULOS VASILIOS,KERKINI SERRES,Kerkini,62055,"Serres Regional Unit,Central Macedonia Region,Macedonia - Thrace",Greece,RM,CP,N,,CP - Cutting Plant,,
A 258,PAPAGEORGIOU FOOD SERVICE A.V.E.E./ PFS A.V.E.E.,AMPELONAS LARISA,Ambelonas,40400,"Regional Unit of Larisa,Region of Thessaly,Thessaly - Central Greece",Greece,RM,CP,N,,CP - Cutting Plant,,
A 615,PAPAGEORGIOU FOOD SERVICE AVEE - PFS AVEE,LARISA,Larissa,42222,"Regional Unit of Larisa,Region of Thessaly,Thessaly - Central Greece",Greece,RM,CP,N,,CP - Cutting Plant,,
A410,PAPAKONSTANTINOU M.E.P.E.,PLALISTRA LIBADEIAS VIOTIA,Livadia,32100,"Regional Unit of Boeotia,Region of Central Greece,Thessaly - Central Greece",Greece,RM,CP,N,,CP - Cutting Plant,,
S 182,PAPALAMPROU KONSTANTINA,ARACHOVA,Arachova,32004,"Regional Unit of Boeotia,Region of Central Greece,Thessaly - Central Greece",Greece,RM,SH,Y,,SH - Slaughterhouse,,
A418,PAPAMANOS S.A.,VI.PE. PREVEZAS,Preveza,48100,"Preveza Regional Unit,Epirus Region,Epirus - Western Macedonia",Greece,RM,CP,N,,CP - Cutting Plant,,
A804,PAPAS & SIA OE,C. M. THESSALONIKI S.A.,Thessaloniki,54627,"Thessaloniki Regional Unit,Central Macedonia Region,Macedonia - Thrace",Greece,RM,CP,N,,CP - Cutting Plant,,
A511,PAPASIMAKIS N. & CO F.P.,THERMO AITOLOAKARNANIA,Thermo,30200,"Aetolia-Acarnania Regional Unit,Peloponnese, West Greece and Ionian Sea",Greece,RM,CP,N,,CP - Cutting Plant,,
A798,PAPAZAFEIRIS DIMITRIOS,AMFITHEA,Amfithea,47100,"Arta Regional Unit,Epirus Region,Epirus - Western Macedonia",Greece,RM,CP,N,,CP - Cutting Plant,,
S179,PAPOUTSOPOULOS PANAGIOTIS,"KOUNDOUROS, AITOLIKO, DIMOS MESOLOGGIOU, AITOLOAKARNANIA",Aitoliko,30400,"Aetolia-Acarnania Regional Unit,Peloponnese, West Greece and Ionian Sea",Greece,RM,SH,Y,,SH - Slaughterhouse,,
Α216,PAPPAS A.V.E.E.,C. M. THESSALONIKI S.A.,Thessaloniki,54627,"Thessaloniki Regional Unit,Central Macedonia Region,Macedonia - Thrace",Greece,RM,CP,N,,CP - Cutting Plant,,
A111,PAPPAS MEAT MONOPROSOPI IKE,"10 km IOANNINON-ATHINON ,IOANNINA",Chora,45500,"Ioannina Regional Unit,Epirus Region,Epirus - Western Macedonia",Greece,RM,CP,N,,CP - Cutting Plant,,
S20,PAPPAS S.A.,MEGA PERISTERI D. METSOVOU,Mega Peristerion Ioannina,45500,"Ioannina Regional Unit,Epirus Region,Epirus - Western Macedonia",Greece,RM,SH,Y,,SH - Slaughterhouse,,
A712,PARADOSIAKA EDESMATA I.K.E.,26on km THESSALONIKIS-KILKIS,Kilkis,61200,"Kilkis Regional Unit,Central Macedonia Region,Macedonia - Thrace",Greece,RM,CP,N,,CP - Cutting Plant,,
A494,PARADOSIAKI OLIMPOU A.V.E.E.,LITOCHORO PIERIA,Litochoro,60200,"Pieria Regional Unit,Central Macedonia Region,Macedonia - Thrace",Greece,RM,CP,N,,CP - Cutting Plant,,
A 943,PARAGIOUTSIKOU PINELOPI,VELESTINO,Velestino,37500,"Regional Unit of Magnesia,Region of Thessaly,Thessaly - Central Greece",Greece,RM,CP,N,,CP - Cutting Plant,,
A93,PATERAKIS S.A,STERNES AKROTIRIOU CHANIA,Sternes,,"Chania Regional Unit,Region of Crete,Crete",Greece,RM,CP,N,,CP - Cutting Plant,,
S101,PATRONI BROS & CO FP,GENISEA,Koutso,67064,"Xanthi Regional Unit,East Macedonia and Thrace Region,Macedonia - Thrace",Greece,RM,SH,Y,,SH - Slaughterhouse,,
A535,PATRONI S. BROS & CO FP,GENISEA,Genisea,67100,"Xanthi Regional Unit,East Macedonia and Thrace Region,Macedonia - Thrace",Greece,RM,CP,N,,CP - Cutting Plant,,
A829,PAVLOS & APOSTOLOS MALLIOPOULOS IKE,ALEPOCHORI ILEIA,Πύργος,27131,"Peloponnese, West Greece and Ionian Sea",Greece,RM,CP,N,,CP - Cutting Plant,,
A 537,PAVLOUDIS PANTELEIMON MONOPROSOPI I.K.E.,PALAIOCHORA,Paleochora,63073,"Chalkidiki Regional Unit,Central Macedonia Region,Macedonia - Thrace",Greece,RM,CP,N,,CP - Cutting Plant,,
A200,PEPOS BROTHERS MONOPROSOPI I.K.E.,KRITHIA THESSALONIKI,Krithia,57200,"Thessaloniki Regional Unit,Central Macedonia Region,Macedonia - Thrace",Greece,RM,CP,N,,CP - Cutting Plant,,
A713,PEPPAS KREATA IKE,C. M. ATHINON S.A. - AG. I. RENTIS,Municipal Unit of Agios Ioannis Rentis,18233,"Regional Unit of Piraeus,Region of Attica,Attica",Greece,RM,CP,N,,CP - Cutting Plant,,
S48,PETALAS IOANNIS,CHRYSOPETRA KILKIS,Chrysopetra Kilkis,61100,"Kilkis Regional Unit,Central Macedonia Region,Macedonia - Thrace",Greece,RM,SH,Y,,SH - Slaughterhouse,,
A433,PETIDIS BROS & CO O.E.,"C. M. ATHINON S.A. - AG. I. RENTIS,PIREAS",Municipal Unit of Nikaia,18454,"Regional Unit of Piraeus,Region of Attica,Attica",Greece,RM,CP,N,,CP - Cutting Plant,,
A491,PETRIDIS STAVROS,ZOODOCHOU PIGIS 20 - PEIRAIAS,Piraeus,18543,"Regional Unit of Piraeus,Region of Attica,Attica",Greece,RM,CP,N,,CP - Cutting Plant,,
S30,PIERIKI CHOIRIOU KREATOS A.E.,KORINOS,Korinos,60062,"Pieria Regional Unit,Central Macedonia Region,Macedonia - Thrace",Greece,RM,SH,Y,,SH - Slaughterhouse,,
A479,PILION EDESMATA A.V.E.E.,A΄ VI.PE. BOLOU MAGNISIA,Volos,38221,"Regional Unit of Magnesia,Region of Thessaly,Thessaly - Central Greece",Greece,RM,CP,N,,CP - Cutting Plant,,
A564,PODOGYROS VASILEIOS LTD,C. M. ATHINON S.A. - AG. I. RENTIS,Municipal Unit of Agios Ioannis Rentis,18233,"Regional Unit of Piraeus,Region of Attica,Attica",Greece,RM,CP,N,,CP - Cutting Plant,,
A743,POIOTIKA KREOPOLEIA M.I.K.E,THERMI,Thermi,57001,"Thessaloniki Regional Unit,Central Macedonia Region,Macedonia - Thrace",Greece,RM,CP,N,,CP - Cutting Plant,,
A 171,POIOTITA & TIMI LTD.,K. PALAMA 2 - KAMATERO,Municipal Unit of Kamatero,13122,"Regional Unit of West Athens,Region of Attica,Attica",Greece,RM,CP,N,,CP - Cutting Plant,,
A366,POULOPOULOS SP. PANAGIOTIS,MADENA,Μάδενα,24200,"Messenia Regional Unit,Peloponnese, West Greece and Ionian Sea",Greece,RM,CP,N,,CP - Cutting Plant,,
A 609,POZATZIDIS KEMPAP O.E.,IPIROU 7,Piraeus,18540,"Regional Unit of Piraeus,Region of Attica,Attica",Greece,RM,CP,N,,CP - Cutting Plant,,
A470,PRITSAS CHRISTOS,PRODROMOS KAMPOU KARDITSA,Prodromos,43100,"Karditsa Regional Unit,Region of Thessaly,Thessaly - Central Greece",Greece,RM,CP,N,,CP - Cutting Plant,,
A529,"PRODAN TATIANA ""GOUGOUSKAS""",2on km SERRON-NEOCHORIOU,Neochori,62100,"Serres Regional Unit,Central Macedonia Region,Macedonia - Thrace",Greece,RM,CP,N,,CP - Cutting Plant,,
A318,PROIOS THEODOROS-PROIOS THEMISTOKLIS O.E.-AFI PROIOU O.E.,NHSI IMATHIAS,Nisi,59300,"Imathia Regional Unit,Central Macedonia Region,Macedonia - Thrace",Greece,RM,CP,N,,CP - Cutting Plant,,
PE 604,PSYGEIA ARKADIAS DIMITROPOULOI A.E. -ARKA FROZ A.E.,VI.PE. TRIPOLI,Tripoli Tripoli,22100,"Peloponnese, West Greece and Ionian Sea",Greece,RM,CP,N,,CP - Cutting Plant,,
A762,QUALITY FARM MONOPROSOPI EPE,KAVALA,Kavala,64100,"Kavala Regional Unit,East Macedonia and Thrace Region,Macedonia - Thrace",Greece,RM,CP,N,,CP - Cutting Plant,,
A154,R.E.KA S.A.,3 km TSAIRI-AIRPORT - RODOS,Rodos,85100,"Rhodes Regional Unit,South Aegean Region",Greece,RM,CP,N,,CP - Cutting Plant,,
A570,RISSETI MONOPROSOPI IKE,ARACHTOU 23 - MOSCHATO,Municipal Unit of Moschato,18345,"Regional Unit of South Athens,Region of Attica,Attica",Greece,RM,CP,N,,CP - Cutting Plant,,
A806,RIZOS VASILEIOS MON. IKE,ZACHARO ILEIA,Neochori (Zacharo),27054,"Peloponnese, West Greece and Ionian Sea",Greece,RM,CP,N,,CP - Cutting Plant,,
A 784,ROMIO MONOPROSOPI A.E.,MAKRYCHORI,Makrychori,40006,"Regional Unit of Larisa,Region of Thessaly,Thessaly - Central Greece",Greece,RM,CP,N,,CP - Cutting Plant,,
S10,ROUPEL S.A.,CHORTERO SIDIROKASTROU,Chorteron Sidirokastro Serron,62300,"Serres Regional Unit,Central Macedonia Region,Macedonia - Thrace",Greece,RM,SH,Y,,SH - Slaughterhouse,,
A24,ROUPEL S.A.,CHORTERO SERRES,Chortero,62300,"Serres Regional Unit,Central Macedonia Region,Macedonia - Thrace",Greece,RM,CP,N,,CP - Cutting Plant,,
A164,S. CHONDROGIANNIS & SONS S.A.,TEMPLONIO KERKYRA,Templonion Kerkyra,49100,"Corfu Regional Unit,Ionian Islands Region,Peloponnese, West Greece and Ionian Sea",Greece,RM,CP,N,,CP - Cutting Plant,,
S92,S.A.G. AGGELOU A.V.E.E.,MANIAKI PISSONAS,Pissonas Kathenoi,34018,"Regional Unit of Euboea,Region of Central Greece,Thessaly - Central Greece",Greece,RM,SH,Y,,SH - Slaughterhouse,,
A184,S.A.G. AGGELOU A.V.E.E.,PISSONAS EVIA,Pissonas,34018,"Regional Unit of Euboea,Region of Central Greece,Thessaly - Central Greece",Greece,RM,CP,N,,CP - Cutting Plant,,
S149,S.D.S. LIDORIKIOU,Amygdalia Fokidas,Amygdalia Erateini,33058,"Regional Unit of Phocis,Region of Central Greece,Thessaly - Central Greece",Greece,RM,SH,Y,,SH - Slaughterhouse,,
A716,SAATZOGLOU PELAGIA,D.E. FILIPPON,Antiphilippi,64100,"Kavala Regional Unit,East Macedonia and Thrace Region,Macedonia - Thrace",Greece,RM,CP,N,,CP - Cutting Plant,,
IMP 535,SALAS INTER GROUP SA,34 Lykosouras Str.,Peristeri,12132,"Regional Unit of West Attica,Region of Attica,Attica",Greece,RM,CP,N,,CP - Cutting Plant,,
A480,SANATSIOS ATHANASIOS & CO F.P.,GERMA KASTORIA,Germas,52200,"Kastoria Regional Unit,West Macedonia Region,Epirus - Western Macedonia",Greece,RM,CP,N,,CP - Cutting Plant,,
A579,SARIMPOGIAS S.A,DRAMA,Drama,66100,"Drama Regional Unit,East Macedonia and Thrace Region,Macedonia - Thrace",Greece,RM,CP,N,,CP - Cutting Plant,,
A430,SAVVAΪDI BROS F.P.,"VI.PE. DRAMAS,DRAMA",Drama,66100,"Drama Regional Unit,East Macedonia and Thrace Region,Macedonia - Thrace",Greece,RM,CP,N,,CP - Cutting Plant,,
A608,SEITIS SOTIRIOS,LARISA,Larissa,42222,"Regional Unit of Larisa,Region of Thessaly,Thessaly - Central Greece",Greece,RM,CP,N,,CP - Cutting Plant,,
A809,SEL MEAT EPE,AGIOI APOSTOLOI,Kapandriti,19014,"Regional Unit of East Attica,Region of Attica,Attica",Greece,RM,CP,N,,CP - Cutting Plant,,
A 733,SELACHAS A.V.E.E.,"ZIGRA ,AGIA PARASKEVI",Agia Paraskevi,81102,"Regional Unit of Lesbos,North Aegean Region",Greece,RM,CP,N,,CP - Cutting Plant,,
S109,SELACHAS A.V.E.E.,"ZIGRA AG.PARASKEVIS, KALLONI",Kalloni,81107,"Regional Unit of Lesbos,North Aegean Region",Greece,RM,SH,Y,,SH - Slaughterhouse,,
A796,SERRAIKI- THRAKIKI ALLANTOVIOMICHANIA AE - CHARINO A.E,LEFKONAS,Lefkonas,62100,"Serres Regional Unit,Central Macedonia Region,Macedonia - Thrace",Greece,RM,CP,N,,CP - Cutting Plant,,
A217,SEVASTOS KOPRALIS,C. M. THESSALONIKI S.A.,Thessaloniki,54627,"Thessaloniki Regional Unit,Central Macedonia Region,Macedonia - Thrace",Greece,RM,CP,N,,CP - Cutting Plant,,
S131,SFA.DI.S. A.E. O.T.A.,NEOS SKOPOS SERRON,Neos Skopos,62044,"Serres Regional Unit,Central Macedonia Region,Macedonia - Thrace",Greece,RM,SH,Y,,SH - Slaughterhouse,,
S112,SFAGEIA ACHAIAS-SKAGIAS A.V.E.E.,VIPE PATRON B2,Achaikon Kato Achaia,25200,"Achaea Regional Unit,Peloponnese, West Greece and Ionian Sea",Greece,RM,SH,Y,,SH - Slaughterhouse,,
S134,SFAGEIA AGIOU ATHANASIOU A.E.,AGROTEMACHIO AGIOU ATHANASIOU DRAMA,Agios Athanasios Doxato,66300,"Drama Regional Unit,East Macedonia and Thrace Region,Macedonia - Thrace",Greece,RM,SH,Y,,SH - Slaughterhouse,,
S83,SFAGEIA AGRINIOY SINGLE MEMBER P.C.,GEFYRA ACHELOOU AGRINIO,Agrinio,30100,"Aetolia-Acarnania Regional Unit,Peloponnese, West Greece and Ionian Sea",Greece,RM,SH,Y,,SH - Slaughterhouse,,
S40,SFAGEIA ALMOPIAS A.E.,FOUSTANI ALMOPIAS,Aridaia,58400,"Pella Regional Unit,Central Macedonia Region,Macedonia - Thrace",Greece,RM,SH,Y,,SH - Slaughterhouse,,
A183,SFAGEIA ALMOPIAS S.A.,1on km. E.O. FILOTIAS -FOUSTANIS,Filotia,58100,"Pella Regional Unit,Central Macedonia Region,Macedonia - Thrace",Greece,RM,CP,N,,CP - Cutting Plant,,
S104,SFAGEIA AMFIKLEIAS,AMFIKLEIA FTHIOTIDOS,Amfikleia,35002,"Regional Unit of Phthiotis,Region of Central Greece,Thessaly - Central Greece",Greece,RM,SH,Y,,SH - Slaughterhouse,,
S153,SFAGEIA ARGOLIDAS S.A.,"THESI ASPROCHOMA, ARKADIKO, EPIDAVROS",Ieron Asklipiou Lygourio,21052,"Argolis Regional Unit,Peloponnese, West Greece and Ionian Sea",Greece,RM,SH,Y,,SH - Slaughterhouse,,
S165,SFAGEIA CHANION S.A.,KOUMPELI CHANION THESI KAFKALA,Chania,73100,"Chania Regional Unit,Region of Crete,Crete",Greece,RM,SH,Y,,SH - Slaughterhouse,,
A501,SFAGEIA CHIOU MON. A.E.,AGIOS GEORGIOS CHIOS,Ag. Georgios Sikousis,82100,"Chios Prefecture,North Aegean Region",Greece,RM,CP,N,,CP - Cutting Plant,,
S123,SFAGEIA DIMOU GASTOUNIS S.A.,AGGINARA GASTOUNIS,Gastouni,27300,"Peloponnese, West Greece and Ionian Sea",Greece,RM,SH,Y,,SH - Slaughterhouse,,
S66,SFAGEIA DIMOU PALAMA,"1ST KM PALAMA ITEAS, PALAMAS KARDITSAS",Palamas,43200,"Karditsa Regional Unit,Region of Thessaly,Thessaly - Central Greece",Greece,RM,SH,Y,,SH - Slaughterhouse,,
S151,SFAGEIA DYTIKIS FTHIOTIDAS LTD,THESI DIASERGIANI SPERCHEIADOS,Spercheiada,35003,"Regional Unit of Phthiotis,Region of Central Greece,Thessaly - Central Greece",Greece,RM,SH,Y,,SH - Slaughterhouse,,
S38,SFAGEIA EXARCHOS A.E.,"AGIOS VISSARIOS, KARDITSA",Agios Vissarios Sofades,43300,"Karditsa Regional Unit,Region of Thessaly,Thessaly - Central Greece",Greece,RM,SH,Y,,SH - Slaughterhouse,,
S61,SFAGEIA GEORGANTONI,"AGIOS DIMITRIOS ZARAKOS, NIATA D. EYROTA",Ag Dimitrios Zarakniata,23060,"Lakonia Regional Unit,Peloponnese, West Greece and Ionian Sea",Greece,RM,SH,Y,,SH - Slaughterhouse,,
S79,SFAGEIA KARDITSAS A.E.,"KONTOSTAVLOS, KARDITSA",Karditsa Karditsa,43100,"Karditsa Regional Unit,Region of Thessaly,Thessaly - Central Greece",Greece,RM,SH,Y,,SH - Slaughterhouse,,
S 38,SFAGEIA KARELAS ASPRO PROVATO E.E.,Agios Vyssarios,Agios Vyssarios,43300,"Karditsa Regional Unit,Region of Thessaly,Thessaly - Central Greece",Greece,RM,SH,Y,bovine caprine ovine porcine,SH - Slaughterhouse,,
A98,SFAGEIA KARYSTOU S.A.,KATSARONI KARYSTOU EVIA,Katsaroni,34013,"Regional Unit of Euboea,Region of Central Greece,Thessaly - Central Greece",Greece,RM,CP,N,,CP - Cutting Plant,,
S43,SFAGEIA KARYSTOU S.A.,KATSARONI KARYSTOU,Katsaronion Marmari,34013,"Regional Unit of Euboea,Region of Central Greece,Thessaly - Central Greece",Greece,RM,SH,Y,,SH - Slaughterhouse,,
S120,SFAGEIA KOZANIS S.A.,KASLAS KOZANIS,Kozani,50100,"Regional Unit of Kozani,West Macedonia Region,Epirus - Western Macedonia",Greece,RM,SH,Y,,SH - Slaughterhouse,,
S34,SFAGEIA LARISSAS S.A.,GYRTONI LARISAS,Sykouri Sykouri,40006,"Regional Unit of Larisa,Region of Thessaly,Thessaly - Central Greece",Greece,RM,SH,Y,,SH - Slaughterhouse,,
S51,SFAGEIA MAVIK A.V.E.E.,2ND KM PTOLEMAIDAS - ANATOLIKOU,Ptolemaida,50200,"Regional Unit of Kozani,West Macedonia Region,Epirus - Western Macedonia",Greece,RM,SH,Y,,SH - Slaughterhouse,,
S45,SFAGEIA PROSOTSANIS G. STAIKOS S.A.,"I.A. PROSOTSANIS, DRAMA",Prosotsani,66200,"Drama Regional Unit,East Macedonia and Thrace Region,Macedonia - Thrace",Greece,RM,SH,Y,,SH - Slaughterhouse,,
S114,SFAGEIA THESPROTIAS S.A.,KORITIANI THESPROTIAS,Koritiani Igoumenitsa,46100,"Thesprotia Regional Unit,Epirus Region,Epirus - Western Macedonia",Greece,RM,SH,Y,,SH - Slaughterhouse,,
S36,SFAGEIA TRIPOLEOS BOUZALA,BLOCK 7 VIPE TRIPOLIS,Tripoli,22100,"Peloponnese, West Greece and Ionian Sea",Greece,RM,SH,Y,,SH - Slaughterhouse,,
S143,SFAGEIA VOLOU S.A.,"LAZOU 10, PEDION AREOS, VOLOS",Nea Volos,38334,"Regional Unit of Magnesia,Region of Thessaly,Thessaly - Central Greece",Greece,RM,SH,Y,,SH - Slaughterhouse,,
A785,SFAGEIA VOREIOU EVOIAS KOMPOTHANASIS A.E,ISTIAIA,Istiea,34200,"Regional Unit of Euboea,Region of Central Greece,Thessaly - Central Greece",Greece,RM,CP,N,,CP - Cutting Plant,,
S31,SFAGEIA XANTHIS S.A.,NEA MΟRSINI,N.Morsini Xanthis,67100,"Xanthi Regional Unit,East Macedonia and Thrace Region,Macedonia - Thrace",Greece,RM,SH,Y,,SH - Slaughterhouse,,
S33,SFAGEIA ZHROY MI.K.E.,AGIA KYRIAKH-FILIPPIADA,Filippiada,48200,"Preveza Regional Unit,Epirus Region,Epirus - Western Macedonia",Greece,RM,SH,Y,,SH - Slaughterhouse,,
A114,SFAGIA LARISSAS A.E.,GYRTONI LARISAS,Gyrtoni,41500,"Regional Unit of Larisa,Region of Thessaly,Thessaly - Central Greece",Greece,RM,CP,N,,CP - Cutting Plant,,
A475,SGARDONIS GEORGIOS & CO E.E.,KOROPI MILEON MAGNISIA,Koropi,37010,"Regional Unit of Magnesia,Region of Thessaly,Thessaly - Central Greece",Greece,RM,CP,N,,CP - Cutting Plant,,
A719,SIAKOS VAS.& SIA OE,ACHARNES,Acharnes,14342,"Regional Unit of East Attica,Region of Attica,Attica",Greece,RM,CP,N,,CP - Cutting Plant,,
A428,SIMONIS ANDREAS,DIAKOPTO ACHAIA,Diakopto,25003,"Achaea Regional Unit,Peloponnese, West Greece and Ionian Sea",Greece,RM,CP,N,,CP - Cutting Plant,,
A221,SIVIS MICHAIL & CO E.E.,C. M. THESSALONIKI S.A.,Thessaloniki,54627,"Thessaloniki Regional Unit,Central Macedonia Region,Macedonia - Thrace",Greece,RM,CP,N,,CP - Cutting Plant,,
A 920,SKLAVOUNOS CHRISTOS & SKLAVOUNOS ANDREAS O.E.,KERKYRA,Corfu,49100,"Corfu Regional Unit,Ionian Islands Region,Peloponnese, West Greece and Ionian Sea",Greece,RM,CP,N,,CP - Cutting Plant,,
A508,SKORDILIS ALEXANDROS,"AGIA ELENI ,KERKYRA",Agio Eleni,49100,"Corfu Regional Unit,Ionian Islands Region,Peloponnese, West Greece and Ionian Sea",Greece,RM,CP,N,,CP - Cutting Plant,,
A351,SOFIKITIS LAZAROS - SOUVLAKIS A.E,KRANIDI ARGOLIDA,Kranidi,21300,"Argolis Regional Unit,Peloponnese, West Greece and Ionian Sea",Greece,RM,CP,N,,CP - Cutting Plant,,
A483,SONS ATHANASIOY PLATI F.P.,19on km XANTHIS-AVDIRON,Avdira,67100,"Xanthi Regional Unit,East Macedonia and Thrace Region,Macedonia - Thrace",Greece,RM,CP,N,,CP - Cutting Plant,,
A123,SONS CR. GIOLDASSI- I PAPADOPOULOS & CO FP,GEF. KALOGHIROU PREVEZA,Preveza,48100,"Preveza Regional Unit,Epirus Region,Epirus - Western Macedonia",Greece,RM,CP,N,,CP - Cutting Plant,,
A715,SPENTZOS FARMS IKE,C. M. ATHINON S.A. - AG.I. RENTIS,Municipal Unit of Agios Ioannis Rentis,18233,"Regional Unit of Piraeus,Region of Attica,Attica",Greece,RM,CP,N,,CP - Cutting Plant,,
A870,SPENTZOS FARMS IKE,ASPROPYRGOS,Aspropyrgos,19018,"Regional Unit of West Attica,Region of Attica,Attica",Greece,RM,CP,N,,CP - Cutting Plant,,
A89,SPITIKA TROFIMA A.V.E.E.,B' VIPE VOLOS MAGNISIA,Volos,38001,"Regional Unit of Magnesia,Region of Thessaly,Thessaly - Central Greece",Greece,RM,CP,N,,CP - Cutting Plant,,
A 903,STAVROU VAIOS TOU NIKOLAOU,MANDRA,Μάνδρα,19600,"Regional Unit of West Attica,Region of Attica,Attica",Greece,RM,CP,N,,CP - Cutting Plant,,
A 790,STRATIS GEORGIOS & SIA EMPORIO KREATON E.E.,RODOS,Rodos,85100,"Rhodes Regional Unit,South Aegean Region",Greece,RM,CP,N,,CP - Cutting Plant,,
S32,STRAVOGIANNI AFOI S.A.,THESI NISELI NEA EFESSOS,Nea Efessos Katerini,,"Pieria Regional Unit,Central Macedonia Region,Macedonia - Thrace",Greece,RM,SH,Y,,SH - Slaughterhouse,,
A423,"SVYNOU EVAGGELIA A.E.V.E. ""SVYNOU""","LIMNI PYLI KO ,DODEKANISA",Pyli,85300,"Περιφερειακή Ενότητα Κω,South Aegean Region",Greece,RM,CP,N,,CP - Cutting Plant,,
A747,SYNERGIA SA,MARATHONOS 5-7 - NEO IRAKLEIO,Μαρούσι,14121,"Regional Unit North Athens,Region of Attica,Attica",Greece,RM,CP,N,,CP - Cutting Plant,,
A489,SYNTILIS G. KONSTANTINOS,L. MARATHONOS 48 - PALLINI,Pallini,15344,"Regional Unit of East Attica,Region of Attica,Attica",Greece,RM,CP,N,,CP - Cutting Plant,,
A 911,TASIOULAS V. ANGELOS,IGOUMENITSA,Igoumenitsa,46100,"Thesprotia Regional Unit,Epirus Region,Epirus - Western Macedonia",Greece,RM,CP,N,,CP - Cutting Plant,,
A485,TASSOS DIM. ATHANASIOS S.A.,MELISSOPETRA IOANNINA,Melissopetra,44100,"Ioannina Regional Unit,Epirus Region,Epirus - Western Macedonia",Greece,RM,CP,N,,CP - Cutting Plant,,
S121,TASSOS DIM. ATHANASIOS S.A.,MELISSOPETRA KONITSAS,Melissopetra Konitsa,44100,"Ioannina Regional Unit,Epirus Region,Epirus - Western Macedonia",Greece,RM,SH,Y,,SH - Slaughterhouse,,
A813,TASTY MOODS IKE,PATRA,Patras,26441,"Achaea Regional Unit,Peloponnese, West Greece and Ionian Sea",Greece,RM,CP,N,,CP - Cutting Plant,,
S107,TH. KYRKOS - CHOIROTROFIKI VONITSAS S.A.,"VONITSA , AITOLOAKARNANIAS",Vonitsa,30002,"Aetolia-Acarnania Regional Unit,Peloponnese, West Greece and Ionian Sea",Greece,RM,SH,Y,,SH - Slaughterhouse,,
A561,TH. KYRKOS-CHOIROTROFIKI VONITSAS S.A.,VONITSA,Vonitsa,30002,"Aetolia-Acarnania Regional Unit,Peloponnese, West Greece and Ionian Sea",Greece,RM,CP,N,,CP - Cutting Plant,,
A 851,THE GREEK BUTCHER E.E.,MESOCHORI,Mesochori,69100,"Rodopi Regional Unit,East Macedonia and Thrace Region,Macedonia - Thrace",Greece,RM,CP,N,,CP - Cutting Plant,,
A380,THEODOROPOULOS K. VASILIOS O.E,ANDRITSAINA ILEIA,Ανδρίτσαινα,27061,"Peloponnese, West Greece and Ionian Sea",Greece,RM,CP,N,,CP - Cutting Plant,,
A 824,THEOFILOS FOOD SERVICE I.K.E.,KAVALA,Kavala,64100,"Kavala Regional Unit,East Macedonia and Thrace Region,Macedonia - Thrace",Greece,RM,CP,N,,CP - Cutting Plant,,
A360,THESSALIKA KREATA A.E,PLATYKAMPOS,Platykampos,40009,"Regional Unit of Larisa,Region of Thessaly,Thessaly - Central Greece",Greece,RM,CP,N,,CP - Cutting Plant,,
S191,THESSALIKA SFAGEIA IKE,VRYOTOPOS AMPELONA TYRNAVOY LARISAS,Vryotopos,40400,"Regional Unit of Larisa,Region of Thessaly,Thessaly - Central Greece",Greece,RM,SH,Y,,SH - Slaughterhouse,,
A150,THRAKI A.E.,KRYONERI ATTIKIS,Pefkofyto,14568,"Regional Unit of East Attica,Region of Attica,Attica",Greece,RM,CP,N,,CP - Cutting Plant,,
A 764,TO KREOPOLEIO TIS AGORAS E.E,AG.I.RENTIS,Municipal Unit of Agios Ioannis Rentis,18233,"Regional Unit of Piraeus,Region of Attica,Attica",Greece,RM,CP,N,,CP - Cutting Plant,,
A 905,TO TSIGKELI I.K.E.,THESSALONIKI,Evosmos,56224,"Thessaloniki Regional Unit,Central Macedonia Region,Macedonia - Thrace",Greece,RM,CP,N,,CP - Cutting Plant,,
A160,TOP MEAT M.E.P.E,TAVROS ATTIKIS,Municipal Unit of Tavros,17778,"Regional Unit of South Athens,Region of Attica,Attica",Greece,RM,CP,N,,CP - Cutting Plant,,
A701,TOUFEKTSI VASILIKI,7on km E.O.SERRON-THESSALONIKIS,Serres,62124,"Serres Regional Unit,Central Macedonia Region,Macedonia - Thrace",Greece,RM,CP,N,,CP - Cutting Plant,,
A350,TOULIKA NEKTARIA & SIA OE,KATERINI PIERIAS,Katerini,60100,"Pieria Regional Unit,Central Macedonia Region,Macedonia - Thrace",Greece,RM,CP,N,,CP - Cutting Plant,,
S73,TOURISTIKES EPICHIRISEIS TORONIS DIMOTIKI A.E.,SYKIA,Sarti Sykea,63072,"Chalkidiki Regional Unit,Central Macedonia Region,Macedonia - Thrace",Greece,RM,SH,Y,,SH - Slaughterhouse,,
A 368,TRADITIONAL TEMPI SAUSAGE E.E.,"EVAGGELISMOS, LARISA",Tempe,40004,"Regional Unit of Larisa,Region of Thessaly,Thessaly - Central Greece",Greece,RM,CP,N,,CP - Cutting Plant,,
A848,TRIKALES GEFSEIS MONOPROSOPI I.K.E,KALYVIA,Kalyvia Thorikou,19010,"Regional Unit of East Attica,Region of Attica,Attica",Greece,RM,CP,N,,CP - Cutting Plant,,
A825,TRIKALON GEYSEIS,TRIKALA,Apostoloi Trikala,42100,"Regional Unit of Trikala,Region of Thessaly,Thessaly - Central Greece",Greece,RM,CP,N,,CP - Cutting Plant,,
3063/27-09-2010,TSABASSIS SINGLE-MEMBER S.A.,AKOVA/ARGOS,Argos,21200,"Argolis Regional Unit,Peloponnese, West Greece and Ionian Sea",Greece,RM,CP,N,,CP - Cutting Plant,,
A780,TSAKALOZOU ANASTASIA,PATRA,Patras,26441,"Achaea Regional Unit,Peloponnese, West Greece and Ionian Sea",Greece,RM,CP,N,,CP - Cutting Plant,,
A 213,TSAOUSOGLOU EVAGGELIA ARGYRIOU,C. M. THESSALONIKI S.A.,Thessaloniki,54627,"Thessaloniki Regional Unit,Central Macedonia Region,Macedonia - Thrace",Greece,RM,CP,N,,CP - Cutting Plant,,
A176,TSARTSARAS GEORGIOS,7on km LARISA-OMORFO,Larissa,41500,"Regional Unit of Larisa,Region of Thessaly,Thessaly - Central Greece",Greece,RM,CP,N,,CP - Cutting Plant,,
A421,TSATOPOULOS I. & SONS A.E.V.E.,L. IONIAS 86 - ACHARNES ATTIKI,Acharnes,13674,"Regional Unit of East Attica,Region of Attica,Attica",Greece,RM,CP,N,,CP - Cutting Plant,,
A420,TSEVRENIDIS NAPOLEON & CO F.P.,"VI.PE. PREVEZAS, PREVEZA",Preveza,48100,"Preveza Regional Unit,Epirus Region,Epirus - Western Macedonia",Greece,RM,CP,N,,CP - Cutting Plant,,
A827,TSILIMPERDIS ELEFTHERIOS,KALAMATA,Kalamata,24100,"Messenia Regional Unit,Peloponnese, West Greece and Ionian Sea",Greece,RM,CP,N,,CP - Cutting Plant,,
A 887,TZELEPIS IOANNIS,DRAMA,Drama,66100,"Drama Regional Unit,East Macedonia and Thrace Region,Macedonia - Thrace",Greece,RM,CP,N,,CP - Cutting Plant,,
A187,TZEVELEKOS S.A.,MYTIKAS KALLIANON KORINTHIA,Kalianoi,20016,"corinthia Regional Unit,Peloponnese, West Greece and Ionian Sea",Greece,RM,CP,N,,CP - Cutting Plant,,
S103,TZEVELEKOS S.A.,KALLIANOI KORINTHIAS,Kalianoi,20016,"corinthia Regional Unit,Peloponnese, West Greece and Ionian Sea",Greece,RM,SH,Y,,SH - Slaughterhouse,,
A 893,The Mart A.E.,VI.PE. TRIPOLIS,Tripoli Tripoli,22100,"Peloponnese, West Greece and Ionian Sea",Greece,RM,CP,N,,CP - Cutting Plant,,
A 59,The Mart A.E.,PYLAIA THESSALONIKIS,10 Hortiatis,570,"Thessaloniki Regional Unit,Central Macedonia Region,Macedonia - Thrace",Greece,RM,CP,N,,CP - Cutting Plant,,
A 568,The Mart A.E.,IRAKLEIO,Heraklion,71201,"Heraklion Regional Unit,Region of Crete,Crete",Greece,RM,CP,N,,CP - Cutting Plant,,
A 402,The Mart A.E.,"2on km XANTHIS-PETEINOU ,XANTHI",Xanthi,67131,"Xanthi Regional Unit,East Macedonia and Thrace Region,Macedonia - Thrace",Greece,RM,CP,N,,CP - Cutting Plant,,
A 281,The Mart A.E.,DIAVATA THESSALONIKI,Neochorouda,57008,"Thessaloniki Regional Unit,Central Macedonia Region,Macedonia - Thrace",Greece,RM,CP,N,,CP - Cutting Plant,,
A 776,The Mart A.E.,ARGYROUPOLI,Municipal Unit of Argyroupoli,16451,"Regional Unit of South Athens,Region of Attica,Attica",Greece,RM,CP,N,,CP - Cutting Plant,,
A 539,The Mart A.E.,PANEPISTIMIOY & ATHINON 103 RIO,Patras,26500,"Achaea Regional Unit,Peloponnese, West Greece and Ionian Sea",Greece,RM,CP,N,,CP - Cutting Plant,,
A 805,The Mart A.E.,IOANNINA,Ioannina Ioannina,45332,"Ioannina Regional Unit,Epirus Region,Epirus - Western Macedonia",Greece,RM,CP,N,,CP - Cutting Plant,,
Α 935,The Mart A.E.,KALAMATA,Kalamata,24100,"Messenia Regional Unit,Peloponnese, West Greece and Ionian Sea",Greece,RM,CP,N,,CP - Cutting Plant,,
A 113,The Mart A.E.,AGIOS IOANNIS RENTIS,Municipal Unit of Nikaia,18450,"Regional Unit of Piraeus,Region of Attica,Attica",Greece,RM,CP,N,,CP - Cutting Plant,,
A 503,The Mart A.E.,"4on km E.O.LARISAS-FARSALON, LARISA",Farsala,40300,"Regional Unit of Larisa,Region of Thessaly,Thessaly - Central Greece",Greece,RM,CP,N,,CP - Cutting Plant,,
A 417,The Mart A.E.,5on km VOLOU-LARISAS MAGNISIA,Ano Volos,38500,"Regional Unit of Magnesia,Region of Thessaly,Thessaly - Central Greece",Greece,RM,CP,N,,CP - Cutting Plant,,
A 130,The Mart A.E.,PALLINI ATTIKI,Pallini,15344,"Regional Unit of East Attica,Region of Attica,Attica",Greece,RM,CP,N,,CP - Cutting Plant,,
A 536,UNI FOOD COMPANY MONOPROSOPI I.K.E.,KATO AGIOS IOANNIS KORINOS,Kato Agios Ioannis,60100,"Pieria Regional Unit,Central Macedonia Region,Macedonia - Thrace",Greece,RM,CP,N,,CP - Cutting Plant,,
A 593,V. DENAXAS A.E.,K2-10A-28 & K2-11B-29 OKAA RENTI ATHENS,Municipal Unit of Agios Ioannis Rentis,18233,"Regional Unit of Piraeus,Region of Attica,Attica",Greece,RM,CP,N,,CP - Cutting Plant,,
S19,V. GEORGIADI & Co F.P.,PANORAMA PROSOTSANIS,Panorama Prosotsani,66200,"Drama Regional Unit,East Macedonia and Thrace Region,Macedonia - Thrace",Greece,RM,SH,Y,,SH - Slaughterhouse,,
A723,V. GEORGIADOU & CO FP,TERMA EYXINOU PONTOU,Drama,66131,"Drama Regional Unit,East Macedonia and Thrace Region,Macedonia - Thrace",Greece,RM,CP,N,,CP - Cutting Plant,,
A108,V. SAVVOPOULOS A.E.,AG. VARTHOLOMAIOS FLORINAS,Agios Vartholomeos,53100,"Florina Regional Unit,West Macedonia Region,Epirus - Western Macedonia",Greece,RM,CP,N,,CP - Cutting Plant,,
S39,V. SAVVOPOULOS S.A.,"AGIOS VARTHOLOMAIOS, FLORINA",Leptokaryai Florina,53100,"Florina Regional Unit,West Macedonia Region,Epirus - Western Macedonia",Greece,RM,SH,Y,,SH - Slaughterhouse,,
A310,V. TSIANAVAS S.A.,13th km NR Karditsa- Athens,Karditsa,43100,"Karditsa Regional Unit,Region of Thessaly,Thessaly - Central Greece",Greece,RM,CP,N,,CP - Cutting Plant,,
A847,VAIOS N. KALOROGIANNIS,OMORFOCHORI,Omorfochorion Larisa,41500,"Regional Unit of Larisa,Region of Thessaly,Thessaly - Central Greece",Greece,RM,CP,N,,CP - Cutting Plant,,
S105,VAMPOULAS CHRISTOS & SIA O.E.,3RD KM FIKIS - FILYRAS,Pyli,42032,"Regional Unit of Trikala,Region of Thessaly,Thessaly - Central Greece",Greece,RM,SH,Y,,SH - Slaughterhouse,,
A190,VAMPOULAS CHRISTOS & SIA O.E.,FIKI TRIKALA,Fiki,42100,"Regional Unit of Trikala,Region of Thessaly,Thessaly - Central Greece",Greece,RM,CP,N,,CP - Cutting Plant,,
A170,VARDALACHAKI BROS LTD,IRAKLEIO ATTIKIS,Μαρούσι,14121,"Regional Unit North Athens,Region of Attica,Attica",Greece,RM,CP,N,,CP - Cutting Plant,,
A874,VASILEIOU TROFINKO A.E V.E,MAGOULA,Magoula,19018,"Regional Unit of West Attica,Region of Attica,Attica",Greece,RM,CP,N,,CP - Cutting Plant,,
A611,VAVOURAKIS KONSTANTINOS,RETHYMNO,Rethymno,93010,"Rethymno Regional Unit,Region of Crete,Crete",Greece,RM,CP,N,,CP - Cutting Plant,,
S47,VE.Z.ZO A.V.E.E.,"KERASONAS, FILIPPIADA",Kerasona Filippiada,48200,"Preveza Regional Unit,Epirus Region,Epirus - Western Macedonia",Greece,RM,SH,Y,,SH - Slaughterhouse,,
A90,VEK KIOURTSIDIS A.V.E.E.,MIKRO DASSOS KILKIS,Mikro Dasos,61200,"Kilkis Regional Unit,Central Macedonia Region,Macedonia - Thrace",Greece,RM,CP,N,,CP - Cutting Plant,,
A838,VENETIS A.V.E.E.T,LYKOVRYSI,Μαρούσι,14123,"Regional Unit North Athens,Region of Attica,Attica",Greece,RM,CP,N,,CP - Cutting Plant,,
A199,VESKE A.E.E.,19on km L.MARKOPOULOU ATTIKIS,Markopoulo,15344,"Regional Unit of East Attica,Region of Attica,Attica",Greece,RM,CP,N,,CP - Cutting Plant,,
A145,VESTA FOODS A.E.,ARGYROUPOLI ATTIKIS,Municipal Unit of Argyroupoli,16451,"Regional Unit of South Athens,Region of Attica,Attica",Greece,RM,CP,N,,CP - Cutting Plant,,
A 598,VESTA FOODS A.E.,KONDYLI 3A - AG. I. RENTIS,Municipal Unit of Agios Ioannis Rentis,18233,"Regional Unit of Piraeus,Region of Attica,Attica",Greece,RM,CP,N,,CP - Cutting Plant,,
A133,VESTA FOODS AE,MOSCHATO,Municipal Unit of Moschato,18345,"Regional Unit of South Athens,Region of Attica,Attica",Greece,RM,CP,N,,CP - Cutting Plant,,
S16,VIOMICHANIKA SFAGEIA KILKIS S.A.,1ST KM NATIONAL ROAD KILKIS - METALLIKOU,Kilkis,61100,"Kilkis Regional Unit,Central Macedonia Region,Macedonia - Thrace",Greece,RM,SH,Y,,SH - Slaughterhouse,,
A 186,VIOMICHANIKO SFAGEIO IMATHIAS MONOPROSOPI A.E. & V.E.,TAGAROHORI VEROIA,Tagarochorion Veroia,59100,"Imathia Regional Unit,Central Macedonia Region,Macedonia - Thrace",Greece,RM,CP,N,,CP - Cutting Plant,,
S14,VIOMICHANIKO SFAGEIO IMATHIAS MONOPROSOPI A.E. & V.E.,TAGAROCHORI VEROIAS,Tagarochorion Veroia,59100,"Imathia Regional Unit,Central Macedonia Region,Macedonia - Thrace",Greece,RM,SH,Y,,SH - Slaughterhouse,,
A836,VITA EPSILON A.E.,MONOLITHOS THIRAS,Fira,84700,"Thira Regional Unit,South Aegean Region",Greece,RM,CP,N,,CP - Cutting Plant,,
Α 41,VITTOS FAMILY MONOPROSOPI E.P.E,22 PAPADOPOULOU STREET,Municipal Unit of Agios Ioannis Rentis,18233,"Regional Unit of Piraeus,Region of Attica,Attica",Greece,RM,CP,N,,CP - Cutting Plant,,
A 890,VOLKANOS FARM KASTANAS A. DIAMANTOPOULOS A. & SIA OE,OICHALIA,Οιχαλία,24002,"Messenia Regional Unit,Peloponnese, West Greece and Ionian Sea",Greece,RM,CP,N,,CP - Cutting Plant,,
A185,VOUDOURIS KONSTAS S.A.,MOSCHATO ATTIKI,Municipal Unit of Moschato,18345,"Regional Unit of South Athens,Region of Attica,Attica",Greece,RM,CP,N,,CP - Cutting Plant,,
A189,VOULGARAKIS GEORGIOS I.K.E.,RIZARI PELLAS,Rizari,58200,"Pella Regional Unit,Central Macedonia Region,Macedonia - Thrace",Greece,RM,CP,N,,CP - Cutting Plant,,
A540,VREKOU K. BROS FP,KERASOULES KARPENISIOU,Karpenisi,36100,"Regional Unit of Evrytania,Region of Central Greece,Thessaly - Central Greece",Greece,RM,CP,N,,CP - Cutting Plant,,
A 889,XASAPIO I.K.E.,PERISTERI,Peristeri,12132,"Regional Unit of West Attica,Region of Attica,Attica",Greece,RM,CP,N,,CP - Cutting Plant,,
A844,YIOI GEORGIOU PRAPA IKE,NAOUSA,Naousa Naousa,,"Imathia Regional Unit,Central Macedonia Region,Macedonia - Thrace",Greece,RM,CP,N,,CP - Cutting Plant,,
A341,YIOI K. CHARTAKI O.E. -FARMA CHARTAKI,ALIARTOS VIOTIA,Aliartos,32001,"Regional Unit of Boeotia,Region of Central Greece,Thessaly - Central Greece",Greece,RM,CP,N,,CP - Cutting Plant,,
A 472,YIOI MILTIADI PAPASTERGIOU & SIA O.E.,MODIO MADYTOU THESSALONIKI,Nea Madytos,57014,"Thessaloniki Regional Unit,Central Macedonia Region,Macedonia - Thrace",Greece,RM,CP,N,,CP - Cutting Plant,,
A750,YIOI S. KADOGLOU FP,4on km ODOU VEROIAS-NAOUSAS,00 Veria,591,"Imathia Regional Unit,Central Macedonia Region,Macedonia - Thrace",Greece,RM,CP,N,,CP - Cutting Plant,,
S54,YPERAGORA PAPAMANOS EPE,KOLONIATI IOANNINON,Koloniation Ioannina,45500,"Ioannina Regional Unit,Epirus Region,Epirus - Western Macedonia",Greece,RM,SH,Y,,SH - Slaughterhouse,,
A115,YPERAGORA PAPAMANOS EPE,KOLONIATI IOANNINA,Koloniati,45500,"Ioannina Regional Unit,Epirus Region,Epirus - Western Macedonia",Greece,RM,CP,N,,CP - Cutting Plant,,
Α 947,YUSEIN DENIS,ANALIPSI MESSSINI,Messini,24200,"Messenia Regional Unit,Peloponnese, West Greece and Ionian Sea",Greece,RM,CP,N,,CP - Cutting Plant,,
A339,Z. BORAS & SIA OE,LIVADIA SERRES,Livadia,61100,"Serres Regional Unit,Central Macedonia Region,Macedonia - Thrace",Greece,RM,CP,N,,CP - Cutting Plant,,
A295,ZARKOS A.E.V.E,KIATO KORINTHOS,Kiato,20200,"corinthia Regional Unit,Peloponnese, West Greece and Ionian Sea",Greece,RM,CP,N,,CP - Cutting Plant,,
A531,ZAVVOY MON. IKE,AVLIDA,Avlida Beach,34100,"Regional Unit of Euboea,Region of Central Greece,Thessaly - Central Greece",Greece,RM,CP,N,,CP - Cutting Plant,,
A60,ZLATIS M.I.K.E,NEA KESSARIANA PELLA,Kesariana,58200,"Pella Regional Unit,Central Macedonia Region,Macedonia - Thrace",Greece,RM,CP,N,,CP - Cutting Plant,,
S152,Β & Ν ΚΑRILAKIS O.E.,"AG. STEFANOS MEGARA, ATTIKI",Megara,19100,"Regional Unit of West Attica,Region of Attica,Attica",Greece,RM,SH,Y,,SH - Slaughterhouse,,
S135,ΚΡΕΑΤΕΜΠΟΡΙΚΗ ΨΗΛΟΡΕΙΤΗΣ ΙΚΕ / KREATEMPORIKI PSILOREITI MONOPROSOPI IKE,LIVADIA MYLOPOTAMOU,Livadia Anogeia,74051,"Rethymno Regional Unit,Region of Crete,Crete",Greece,RM,SH,Y,,SH - Slaughterhouse,,
A 724,ΜΕΤΑΜΕΑΤ 2026 Ε.Ε.,FALANTHOU 6-8 - PERISTERI,Peristeri,12137,"Regional Unit of West Attica,Region of Attica,Attica",Greece,RM,CP,N,,CP - Cutting Plant,,
A 748,ΧΧ-KREATOSKEYASMATA & SIA E.E,NEA EFKARPIA,Efkarpia,56436,"Thessaloniki Regional Unit,Central Macedonia Region,Macedonia - Thrace",Greece,RM,CP,N,,CP - Cutting Plant,,
P6,"""I PINDOS"" AGROTIKOS PTINOTROFIKOS SINETERISMOS IOANNINON",Rodotopi,Rodotopi,45500,"Ioannina Regional Unit,Epirus Region,Epirus - Western Macedonia; A Poultry",Greece,PM,SH,Y,,SH - Slaughterhouse,,
PE167,108 EMPORIA KREATON SA,"SIKOLIA ,N.KYDONIAS",Chania,73100,"Chania Regional Unit,Region of Crete,Crete",Greece,PM,CP,N,,CP - Cutting Plant,,
PE591,4 YEEROS I.K.E.,ACHARNES,Acharnes,13671,"Regional Unit of East Attica,Region of Attica,Attica",Greece,PM,CP,N,,CP - Cutting Plant,,
PE239,A & CH. IFANTIS A.V.E.E,KIFISIA ATTIKI,Kifissia,14562,"Regional Unit North Athens,Region of Attica,Attica; A Poultry",Greece,PM,CP,N,,CP - Cutting Plant,,
PE145,A. KARYLAKIS MON. LTD,NEA PERAMOS,Nea Peramos,19006,"Regional Unit of West Attica,Region of Attica,Attica; A Poultry",Greece,PM,CP,N,,CP - Cutting Plant,,
PE492,A. MANOLITSAKIS & SIA OE,RETHIMNO,Rethymno,93010,"Rethymno Regional Unit,Region of Crete,Crete; A Poultry",Greece,PM,CP,N,,CP - Cutting Plant,,
PE35,AFI ANTONAKI AEVE,ATSIPOPOULO RETHYMNO,Atsipopoulo,,"Rethymno Regional Unit,Region of Crete,Crete; A Poultry",Greece,PM,CP,N,,CP - Cutting Plant,,
PE240,AFI AYFANTIS AVEE,NEAPOLI AITOLOAKARNANIA,Agrinio,30021,"Aetolia-Acarnania Regional Unit,Peloponnese, West Greece and Ionian Sea; A Poultry",Greece,PM,CP,N,,CP - Cutting Plant,,
PE69,AFI FAKOU A.E,THIVA VIOTIA,Thiva,32200,"Regional Unit of Boeotia,Region of Central Greece,Thessaly - Central Greece; A Poultry",Greece,PM,CP,N,,CP - Cutting Plant,,
PE461,AFOI ASTERIOU FP ( KREATA MAKEDONIAS),KALOCHORI-DIMOS DELTA,Kalochori Kalochori,57009,"Thessaloniki Regional Unit,Central Macedonia Region,Macedonia - Thrace; A Poultry",Greece,PM,CP,N,,CP - Cutting Plant,,
PE107,AFOI DIMITRIOU A.E.,"8 DIMARCHOU CHR BEKA, 15344 Spata",Spata,15344,"Regional Unit of East Attica,Region of Attica,Attica; A Poultry",Greece,PM,CP,N,,CP - Cutting Plant,,
PE 592,AFOI GAZI AE,NYDRI,Nydri,31100,"Lefkada Regional Unit,Ionian Islands Region,Peloponnese, West Greece and Ionian Sea",Greece,PM,CP,N,,CP - Cutting Plant,,
PE 615,AFOI IMPRAIM O.E.- SMAK,AG. THEODOROI,Xylagani,69100,"Rodopi Regional Unit,East Macedonia and Thrace Region,Macedonia - Thrace",Greece,PM,CP,N,,CP - Cutting Plant,,
PE166,AFOI KOUNINIOTI O.E,AVYTHOS AIGIO ACHAIA,Aigio,25100,"Achaea Regional Unit,Peloponnese, West Greece and Ionian Sea; A Poultry",Greece,PM,CP,N,,CP - Cutting Plant,,
PE472,AFOI MANTZIOU O.E.,ZITSA,Peratis,45500,"Ioannina Regional Unit,Epirus Region,Epirus - Western Macedonia; A Poultry",Greece,PM,CP,N,,CP - Cutting Plant,,
PE89,AFOI MARKOU O.E,TRIKALA,Trikala,42100,"Regional Unit of Trikala,Region of Thessaly,Thessaly - Central Greece; A Poultry",Greece,PM,CP,N,,CP - Cutting Plant,,
PE250,AFOI MICHAIL TSAGKARI O.E,KALYMNOS DODEKANISA,Kalymnos,85200,"Περιφερειακή Ενότητα Καλύμνου,South Aegean Region; A Poultry",Greece,PM,CP,N,,CP - Cutting Plant,,
PE573,AFOI NOULI IKE,LAGKADAS,Lagkadas Lagkadas,,"Thessaloniki Regional Unit,Central Macedonia Region,Macedonia - Thrace",Greece,PM,CP,N,,CP - Cutting Plant,,
PE514,AFOI PAPAGEORGOULI O.E,GIANNOULI,Giannouli,41500,"Regional Unit of Larisa,Region of Thessaly,Thessaly - Central Greece",Greece,PM,CP,N,,CP - Cutting Plant,,
PE478,AFOI VARDALACHAKI LTD,KROUSONAS MALEVIZIOU,Krousonas,,"Heraklion Regional Unit,Region of Crete,Crete; A Poultry",Greece,PM,CP,N,,CP - Cutting Plant,,
PE 595,AFOI ZIAKA E.E.,LAMIA,Lamia,35100,"Regional Unit of Phthiotis,Region of Central Greece,Thessaly - Central Greece",Greece,PM,CP,N,,CP - Cutting Plant,,
PE41,AGELAKIS S.A.,POURNO,Pournos,34018,"Regional Unit of Euboea,Region of Central Greece,Thessaly - Central Greece; A Poultry",Greece,PM,CP,N,,CP - Cutting Plant,,
P32,AGGELAKIS S.A.,"POURNOS EVIA P.C. 34014 ,KRIA VRISI",Steni Dirfyos,34014,"Regional Unit of Euboea,Region of Central Greece,Thessaly - Central Greece",Greece,PM,SH,Y,,SH - Slaughterhouse,,
PE 638,AGKOP KEMPAP I.K.E.,ZEFYRI,Zefyri,13451,"Regional Unit of West Attica,Region of Attica,Attica",Greece,PM,CP,N,,CP - Cutting Plant,,
PE 142,AGROKTINOTROFIKI VIOLOGIKI & EMPORIKI MONOPROSOPI I.K.E. -VIOLOGIKI MONOPROSOPI I.K.E.,"A. PAPANDREOU 3 PARALIA PATRON, ACHAIA",Patras,26332,"Achaea Regional Unit,Peloponnese, West Greece and Ionian Sea; A Poultry",Greece,PM,CP,N,,CP - Cutting Plant,,
P56,AGROPA S.A.,VI.PE. RODOTOPI,Rodotopi,45500,"Ioannina Regional Unit,Epirus Region,Epirus - Western Macedonia; A Poultry; L Lagomorphs",Greece,PM,SH,Y,,SH - Slaughterhouse,,
P19,AGROTIKOS PTINOTROFIKOS SIN. ARTAS,Arta,Arta,47100,"Arta Regional Unit,Epirus Region,Epirus - Western Macedonia; A Poultry",Greece,PM,SH,Y,,SH - Slaughterhouse,,
PE77,AGROZOI A.V.E.E.,N. ARTAKI,Nea Artaki,34600,"Regional Unit of Euboea,Region of Central Greece,Thessaly - Central Greece; A Poultry",Greece,PM,CP,N,,CP - Cutting Plant,,
P15,AGROZOI A.V.E.E.,NEA ARTAKI,Nea Artaki,34600,"Regional Unit of Euboea,Region of Central Greece,Thessaly - Central Greece; A Poultry",Greece,PM,SH,Y,,SH - Slaughterhouse,,
PE199,ALEKTOR POIOTIKA TROFIMA I.K.E,MAROUSI,Μαρούσι,15122,"Regional Unit North Athens,Region of Attica,Attica; A Poultry",Greece,PM,CP,N,,CP - Cutting Plant,,
P52,ALEXANDRAKIS PAVLOS,MONASTIRAKI,Monastiraki,,"Rethymno Regional Unit,Region of Crete,Crete; A Poultry; L Lagomorphs",Greece,PM,SH,Y,,SH - Slaughterhouse,,
PE170,ALEXANDRAKIS PAVLOS,MONASTIRAKI,Monastiraki,,"Rethymno Regional Unit,Region of Crete,Crete; A Poultry; L Lagomorphs",Greece,PM,CP,N,,CP - Cutting Plant,,
PE228,ALEXANDROS SKORDILIS,FEAKON KERKYRA,Templonion Kerkyra,49100,"Corfu Regional Unit,Ionian Islands Region,Peloponnese, West Greece and Ionian Sea; A Poultry",Greece,PM,CP,N,,CP - Cutting Plant,,
PE411,ALFA MEAT E.E.,GRYPARI 28-34 - KALLITHEA,Kallithea,17673,"Regional Unit of South Athens,Region of Attica,Attica; A Poultry",Greece,PM,CP,N,,CP - Cutting Plant,,
PE258,ALLANTIKA IOANNINON VLACHOS O.E,IOANNINA,Ioannina Ioannina,45332,"Ioannina Regional Unit,Epirus Region,Epirus - Western Macedonia; A Poultry",Greece,PM,CP,N,,CP - Cutting Plant,,
PE562,AMALTHEIA S.A.,ASSIROS THESSALONIKIS,Assiros,57200,"Thessaloniki Regional Unit,Central Macedonia Region,Macedonia - Thrace",Greece,PM,CP,N,,CP - Cutting Plant,,
PE488,AMBROSIADIS KOTOPOULA EXOCHIS AV.E.E,MENIDI,Κοινότητα Αμφιλοχίας,30500,"Aetolia-Acarnania Regional Unit,Peloponnese, West Greece and Ionian Sea; A Poultry",Greece,PM,CP,N,,CP - Cutting Plant,,
PE43,AMVROSIADIS KOTOPOULA OLYMPOU AVEE,KERAMIDI,Neo Keramidi,60100,"Pieria Regional Unit,Central Macedonia Region,Macedonia - Thrace; A Poultry",Greece,PM,CP,N,,CP - Cutting Plant,,
P64,AMVROSIADIS KOTOPOULA EXOCHIS AVEE,PORFYRO MENIDI AMFILOCHIA,Menidi,30016,"Aetolia-Acarnania Regional Unit,Peloponnese, West Greece and Ionian Sea",Greece,PM,SH,Y,,SH - Slaughterhouse,,
P28,AMVROSIADIS KOTOPOULA OLYMPOU A.V.E.E.,KATERINI,00 Katerini,601,"Pieria Regional Unit,Central Macedonia Region,Macedonia - Thrace; A Poultry",Greece,PM,SH,Y,,SH - Slaughterhouse,,
PE508,ANDREAS CHAR. PANITSAS & SIA OE,PERISTERA,Παλαιά Περιστέρα,25200,"Achaea Regional Unit,Peloponnese, West Greece and Ionian Sea; A Poultry",Greece,PM,CP,N,,CP - Cutting Plant,,
PE504,ANDREAS I. PETIKAS AEVE,Thermi Thessalonikis,Thermi,57001,"Thessaloniki Regional Unit,Central Macedonia Region,Macedonia - Thrace; A Poultry",Greece,PM,CP,N,,CP - Cutting Plant,,
PE569,ANDREAS TROMPETAS,MEGARA,Megara,19100,"Regional Unit of West Attica,Region of Attica,Attica",Greece,PM,CP,N,,CP - Cutting Plant,,
PE236,ANDROMIDAS DIMITRIOS & SIA O.E,MONEMVASIA LAKONIA,Palea Monemvasia,,"Lakonia Regional Unit,Peloponnese, West Greece and Ionian Sea; A Poultry",Greece,PM,CP,N,,CP - Cutting Plant,,
PE201,APKOT AEBE,CHALKIDA EVIA,Chalkida,34100,"Regional Unit of Euboea,Region of Central Greece,Thessaly - Central Greece; A Poultry",Greece,PM,CP,N,,CP - Cutting Plant,,
PE441,APLADAS A.E.V.E.,VI.PE. IRAKLEIOU,Heraklion,71410,"Heraklion Regional Unit,Region of Crete,Crete; A Poultry",Greece,PM,CP,N,,CP - Cutting Plant,,
PE 555,APOSTOLAKIS MEATS MONOPROSOPI I.K.E.,VONITSA,Vonitsa,48100,"Aetolia-Acarnania Regional Unit,Peloponnese, West Greece and Ionian Sea",Greece,PM,CP,N,,CP - Cutting Plant,,
PE19,ARTA POULTRY COOPER,ARTA,Arta,47100,"Arta Regional Unit,Epirus Region,Epirus - Western Macedonia; A Poultry",Greece,PM,CP,N,,CP - Cutting Plant,,
PE583,ARVANITIS A.E,LIMNOS,Myrina,,"Regional Unit of Lemnos,North Aegean Region",Greece,PM,CP,N,,CP - Cutting Plant,,
PE521,ASPIK-KOURALIDI O.E,STAYROCHORI,Stavrochori,61100,"Kilkis Regional Unit,Central Macedonia Region,Macedonia - Thrace",Greece,PM,CP,N,,CP - Cutting Plant,,
PE467,ASPRAKIS- KOLEGIANNIS A.V.E.E.,7o km RODOU - LINDOU - RODOS,Rodos,85100,"Rhodes Regional Unit,South Aegean Region; A Poultry",Greece,PM,CP,N,,CP - Cutting Plant,,
PE563,B. SELMAN EPE,OROPOS,Oropos,19015,"Regional Unit of East Attica,Region of Attica,Attica",Greece,PM,CP,N,,CP - Cutting Plant,,
PE498,BALASKAS YSS A.E.,GLYFADA,Glyfada,16673,"Regional Unit of South Athens,Region of Attica,Attica; A Poultry",Greece,PM,CP,N,,CP - Cutting Plant,,
PE436,BAMPANASIOS ATHANASIOS MONOPROSOPI IKE,C. M. ATHINON S.A. - AG.I. RENTIS,Municipal Unit of Agios Ioannis Rentis,18233,"Regional Unit of Piraeus,Region of Attica,Attica; A Poultry",Greece,PM,CP,N,,CP - Cutting Plant,,
PE159,BELLE MEAT MONOPROSOPI E.P.E.,ORTANSIAS 25 ACHARNES ATTIKI,Acharnes,13677,"Regional Unit of East Attica,Region of Attica,Attica; A Poultry",Greece,PM,CP,N,,CP - Cutting Plant,,
PE53,BELLIS AVEE,FLORINA,Florina,53100,"Florina Regional Unit,West Macedonia Region,Epirus - Western Macedonia; A Poultry",Greece,PM,CP,N,,CP - Cutting Plant,,
PE86,BILLI THEMELINA & CO F.P.,ZAFEIRI RODOS DODEKANISA,Rodos,85100,"Rhodes Regional Unit,South Aegean Region; A Poultry",Greece,PM,CP,N,,CP - Cutting Plant,,
PE434,BIMPASI ANASTASIA I.K.E,ANATOLI,Ioannina,45221,"Ioannina Regional Unit,Epirus Region,Epirus - Western Macedonia; A Poultry",Greece,PM,CP,N,,CP - Cutting Plant,,
P45,BIOGRECO S.A.,KAMINIA SPARTI,Sparta,23100,"Lakonia Regional Unit,Peloponnese, West Greece and Ionian Sea; A Poultry",Greece,PM,SH,Y,,SH - Slaughterhouse,,
PE92,BIOGRECO S.A.,KAMINIA - SPARTI,Lefki Sparti,23100,"Lakonia Regional Unit,Peloponnese, West Greece and Ionian Sea; A Poultry",Greece,PM,CP,N,,CP - Cutting Plant,,
PE534,BROTHERS MEAT O.E,AG.I.RENTIS,Municipal Unit of Agios Ioannis Rentis,18233,"Regional Unit of Piraeus,Region of Attica,Attica",Greece,PM,CP,N,,CP - Cutting Plant,,
PE119,CARNOVO MONOPROSOPI I.K.E.,C. M. ATHINON S.A. - AG. I. RENTIS,Municipal Unit of Agios Ioannis Rentis,18233,"Regional Unit of Piraeus,Region of Attica,Attica; A Poultry",Greece,PM,CP,N,,CP - Cutting Plant,,
PE253,CH. MICHAS A.E.V.E.,YPSILANTI VOIOTIA,Αγία Παρασκευή,32001,"Regional Unit of Boeotia,Region of Central Greece,Thessaly - Central Greece; A Poultry",Greece,PM,CP,N,,CP - Cutting Plant,,
PE154,CH. ZOTOU BROS F.P.,GRAIKOCHORIO THESPROTIA,Grekochori,46100,"Thesprotia Regional Unit,Epirus Region,Epirus - Western Macedonia; A Poultry",Greece,PM,CP,N,,CP - Cutting Plant,,
PE460,CHAMAKOS IOANNIS & SIA Ε.E.,PYRGOS,Πύργος,27131,"Peloponnese, West Greece and Ionian Sea; A Poultry",Greece,PM,CP,N,,CP - Cutting Plant,,
PE49,CHATZIEFRAIMIDIS AP. MON.A.V.E.E.,A' VI.PE.VOLOS MAGNISIA,Volos,38221,"Regional Unit of Magnesia,Region of Thessaly,Thessaly - Central Greece; A Poultry",Greece,PM,CP,N,,CP - Cutting Plant,,
PE404,CHATZIGAVRIILIDIS THEMISTOKLIS BIKRE SA,Amisiana - Kavalas,Amisiana,64100,"Kavala Regional Unit,East Macedonia and Thrace Region,Macedonia - Thrace",Greece,PM,CP,N,,CP - Cutting Plant,,
PE556,CHATZIKONSTANTINOU FOTEINI & SIA E.E.,IRAKLEIO,Heraklion,71410,"Heraklion Regional Unit,Region of Crete,Crete",Greece,PM,CP,N,,CP - Cutting Plant,,
PE473,CHICK IN KALAITZI M.LTD,VRONTOU,Vrontou,60100,"Pieria Regional Unit,Central Macedonia Region,Macedonia - Thrace; A Poultry",Greece,PM,CP,N,,CP - Cutting Plant,,
PE512,CHIOS FARM A.E,MANOURADES CHIOS,Ag. Georgios Sikousis,82100,"Chios Prefecture,North Aegean Region",Greece,PM,CP,N,,CP - Cutting Plant,,
PE581,CHIOS FARM A.E.,CHIOS,Chios,82132,"Chios Prefecture,North Aegean Region",Greece,PM,CP,N,,CP - Cutting Plant,,
PE223,CHIROTROFIKI - AFI BISIRITSA A.E,SERVIA KOZANIS,Servia,50500,"Regional Unit of Kozani,West Macedonia Region,Epirus - Western Macedonia; A Poultry",Greece,PM,CP,N,,CP - Cutting Plant,,
PE547,CHRISTOFOROS O.E,KALAMATA,Kalamata,24100,"Messenia Regional Unit,Peloponnese, West Greece and Ionian Sea",Greece,PM,CP,N,,CP - Cutting Plant,,
PE193,CHRISTOS & NIKOLAOS STATHOULIAS FP,AG. IOANNI PRATSIKA 141,Patras,26332,"Achaea Regional Unit,Peloponnese, West Greece and Ionian Sea; A Poultry",Greece,PM,CP,N,,CP - Cutting Plant,,
PE499,CRETA FARM TROFIMON A.V.E.E,RETHYMNO RETHYMNO,Rethymno,74131,"Rethymno Regional Unit,Region of Crete,Crete; A Poultry",Greece,PM,CP,N,,CP - Cutting Plant,,
PE458,CRETAN FOOD MEAT M LTD,"P, 71601, VI.PE IRAKLEIOU",Heraklion,71410,"Heraklion Regional Unit,Region of Crete,Crete; A Poultry",Greece,PM,CP,N,,CP - Cutting Plant,,
PE263,D. BOYNZOLAS & SIA O.E,VERIA IMATHIA,00 Veria,591,"Imathia Regional Unit,Central Macedonia Region,Macedonia - Thrace; A Poultry",Greece,PM,CP,N,,CP - Cutting Plant,,
PE79,D. KELAIDITIS & CO LTD,PISSONAS,Pissonas,34018,"Regional Unit of Euboea,Region of Central Greece,Thessaly - Central Greece; A Poultry",Greece,PM,CP,N,,CP - Cutting Plant,,
P16,D. KELAIDITIS & Co S.A.,NEA ARTAKI,Nea Artaki,34600,"Regional Unit of Euboea,Region of Central Greece,Thessaly - Central Greece; A Poultry",Greece,PM,SH,Y,,SH - Slaughterhouse,,
PE136,D. NIK. MAKRIS A.V.E.E.,"ANAGENNISEOS & ARMENOPOULOU ANO LIOSIA,ATTIKIS",Municipal Unit of Ano Liosia,13674,"Regional Unit of West Attica,Region of Attica,Attica; A Poultry",Greece,PM,CP,N,,CP - Cutting Plant,,
PE417,D.EXINTAVELONIS - S.ARAMPATZI O.E,LAKOMA CHALKIDIKI,Lakkoma,63080,"Chalkidiki Regional Unit,Central Macedonia Region,Macedonia - Thrace; A Poultry",Greece,PM,CP,N,,CP - Cutting Plant,,
PE402,D.M. TSAMIS M.I.KE,DALAMANARA,Dalamanara,21200,"Argolis Regional Unit,Peloponnese, West Greece and Ionian Sea; A Poultry",Greece,PM,CP,N,,CP - Cutting Plant,,
PE198,DANOS SPYRIDON CO SA,VASILIKA AG. IOANNI PARELION,Vasilika,49100,"Corfu Regional Unit,Ionian Islands Region,Peloponnese, West Greece and Ionian Sea; A Poultry",Greece,PM,CP,N,,CP - Cutting Plant,,
PE419,DELI IMBRAM CHASAN CHASAN,FILYRA,Fillyra,69300,"Rodopi Regional Unit,East Macedonia and Thrace Region,Macedonia - Thrace; A Poultry",Greece,PM,CP,N,,CP - Cutting Plant,,
PE194,DELIKOSTOPOULOI BROS A.V.E.T.E.,VI.PE ARGOSTOLIOU,Argostoli,28100,"Kefallonia Regional Unit,Ionian Islands Region,Peloponnese, West Greece and Ionian Sea; A Poultry",Greece,PM,CP,N,,CP - Cutting Plant,,
PE255,DELIMEAT IKE,ARGOS,Argos,21200,"Argolis Regional Unit,Peloponnese, West Greece and Ionian Sea; A Poultry",Greece,PM,CP,N,,CP - Cutting Plant,,
PE517,DERAS V. KYRIAKOS,GIANNITSA,Giannitsa,58100,"Pella Regional Unit,Central Macedonia Region,Macedonia - Thrace",Greece,PM,CP,N,,CP - Cutting Plant,,
PE206,DERMITZAKIS & SIA O.E.,AGIOS NIKOLAOS LASITHIOU,Άγιος Νικόλαος,72100,"Lasithi Regional Unit,Region of Crete,Crete; A Poultry",Greece,PM,CP,N,,CP - Cutting Plant,,
PE204,DIDASKALOU ILIAS & SIA O.E,LAKKOMA CHALKIDIKIS,Lakkoma,63080,"Chalkidiki Regional Unit,Central Macedonia Region,Macedonia - Thrace; A Poultry",Greece,PM,CP,N,,CP - Cutting Plant,,
PE523,DOUMANI PANAGIOTA - KOT.IMA,ALEXANDREIA,Alexandreia,59300,"Imathia Regional Unit,Central Macedonia Region,Macedonia - Thrace",Greece,PM,CP,N,,CP - Cutting Plant,,
PE 582,DRACOULIS MEAT WHOLESALES MONOPROSOPI A.E.,KOROPI,Koropi,15344,"Regional Unit of East Attica,Region of Attica,Attica",Greece,PM,CP,N,,CP - Cutting Plant,,
PE109,EFODIASMOS LTD,ALISTRATI SERRES,Alistrati,62045,"Serres Regional Unit,Central Macedonia Region,Macedonia - Thrace; A Poultry",Greece,PM,CP,N,,CP - Cutting Plant,,
PE164,EKEV S.A.,"AMPELAKI LEFKIMMI,KERKYRA",Lefkimmi,49100,"Corfu Regional Unit,Ionian Islands Region,Peloponnese, West Greece and Ionian Sea; A Poultry",Greece,PM,CP,N,,CP - Cutting Plant,,
PE246,ELEFTHERIOS KOKTSIDS & SIA O.E.,VERIA IMATHIA,00 Veria,591,"Imathia Regional Unit,Central Macedonia Region,Macedonia - Thrace; A Poultry",Greece,PM,CP,N,,CP - Cutting Plant,,
PE265,ELEYTHERIADIS KIRIAKOS,ALEXANDREIA IMATHIA,Alexandreia,59300,"Imathia Regional Unit,Central Macedonia Region,Macedonia - Thrace; A Poultry",Greece,PM,CP,N,,CP - Cutting Plant,,
PE203,ELLINIKES NOSTIMIES A.E,LAKKOMA CHALKIDIKIS,Lakkoma,63080,"Chalkidiki Regional Unit,Central Macedonia Region,Macedonia - Thrace; A Poultry",Greece,PM,CP,N,,CP - Cutting Plant,,
PE 171,ELLINIKI AGORA KREATON A.E./ELLINIKI AGORA KREATON,BAS. ADAMOPOULOU 48 LEFKA,Patra,26333,"Achaea Regional Unit,Peloponnese, West Greece and Ionian Sea; A Poultry",Greece,PM,CP,N,,CP - Cutting Plant,,
PE 599,ELMEGA MONOPROSOPI IKE ETAIREIA ESTIASIS ANAPTYXIS ESTIATORION KETERING EMPORIAS EIDON DIATROFISP,NIKAIA,Municipal Unit of Nikaia,18454,"Regional Unit of Piraeus,Region of Attica,Attica",Greece,PM,CP,N,,CP - Cutting Plant,,
PE242,ELVIDA TROFIMA A.E,PERISTERI ATTIKIS,Peristeri,12132,"Regional Unit of West Attica,Region of Attica,Attica; A Poultry",Greece,PM,CP,N,,CP - Cutting Plant,,
PE100,EMPORIA KREATON SAKKA MONOPROSOPI LTD.,C. M. ATHINON S.A. - AG. I. RENTIS,Municipal Unit of Agios Ioannis Rentis,18233,"Regional Unit of Piraeus,Region of Attica,Attica; A Poultry",Greece,PM,CP,N,,CP - Cutting Plant,,
PE 623,ENKA FOOD MON. I.K.E.,KOS,Kos,85300,"Περιφερειακή Ενότητα Κω,South Aegean Region",Greece,PM,CP,N,,CP - Cutting Plant,,
PE 584,EPEK A.E,PAGANI LESVOS,Mytilene,81131,"Regional Unit of Lesbos,North Aegean Region",Greece,PM,CP,N,,CP - Cutting Plant,,
PE 637,ERGASTIRIO KREATON A.E./O PROEDROS,"MORNOU 29, ACHARNES",Acharnes,13675,"Regional Unit of East Attica,Region of Attica,Attica",Greece,PM,CP,N,,CP - Cutting Plant,,
PE127,EVIA FARM A.V.E.E.,OXYLITHOS EVIA,Oxylithos,34003,"Regional Unit of Euboea,Region of Central Greece,Thessaly - Central Greece; A Poultry",Greece,PM,CP,N,,CP - Cutting Plant,,
PE552,EVROMARSE MONOPROSOPI AE,PERISTERI,Peristeri,12132,"Regional Unit of West Attica,Region of Attica,Attica",Greece,PM,CP,N,,CP - Cutting Plant,,
PE106,F MEAT MONOPROSOPI IKE,MEGALI CHORA NEAPOLIS,Agrinio,30021,"Aetolia-Acarnania Regional Unit,Peloponnese, West Greece and Ionian Sea; A Poultry",Greece,PM,CP,N,,CP - Cutting Plant,,
PE457,F. KATERINA MONOPROSOPI A.E.V.E.,D.D. MAGOULAS - ELEYSINA,Magoula,19018,"Regional Unit of West Attica,Region of Attica,Attica; A Poultry",Greece,PM,CP,N,,CP - Cutting Plant,,
PE 260,F. BOZIONELOS & SONS A.E.E.,"AKOVA, ARGOS - MIKINES",Argos,21200,"Argolis Regional Unit,Peloponnese, West Greece and Ionian Sea; A Poultry",Greece,PM,CP,N,,CP - Cutting Plant,,
PE 642,F.I.MY EPEXERGASIA E.E.,SEKLO VOLOS,Sesklo,38500,"Regional Unit of Magnesia,Region of Thessaly,Thessaly - Central Greece",Greece,PM,CP,N,,CP - Cutting Plant,,
PE214,FAETHON AVEE,SIDIROKASTRO SERRES,Sidirokastro Sidirokastro Serron,62300,"Serres Regional Unit,Central Macedonia Region,Macedonia - Thrace; A Poultry",Greece,PM,CP,N,,CP - Cutting Plant,,
PE564,FARMA CHALASTRAS S.A.,CHALASTRA THESSALONIKI,Chalastra,57300,"Thessaloniki Regional Unit,Central Macedonia Region,Macedonia - Thrace",Greece,PM,CP,N,,CP - Cutting Plant,,
PE 614,FARMA DASKALOS MONOPROSOPI A.E.,TYRNAVOS,Tirnavos,40100,"Regional Unit of Larisa,Region of Thessaly,Thessaly - Central Greece",Greece,PM,CP,N,,CP - Cutting Plant,,
P57,FARMA EFYRA A.V.E.E.,ARCHAIES KLEONES,Ancient Kleonai,20100,"corinthia Regional Unit,Peloponnese, West Greece and Ionian Sea; L Lagomorphs",Greece,PM,SH,Y,,SH - Slaughterhouse,,
PE148,FARMA MITSOPOULOS A.V.K.E.E.K.,ANC. KORINTHOS,Ancient Korinthos,20100,"corinthia Regional Unit,Peloponnese, West Greece and Ionian Sea; A Poultry",Greece,PM,CP,N,,CP - Cutting Plant,,
PE155,FLORIDIS KREATA A.E.,"78 KIFISSOU AVE, AGIOS IOANNIS RENTIS",Municipal Unit of Agios Ioannis Rentis,18233,"Regional Unit of Piraeus,Region of Attica,Attica; A Poultry",Greece,PM,CP,N,,CP - Cutting Plant,,
PE21,FOOD MASTER AEVE,ARTA ARTA,Arta,47100,"Arta Regional Unit,Epirus Region,Epirus - Western Macedonia; A Poultry",Greece,PM,CP,N,,CP - Cutting Plant,,
PE496,FOUKA VASILIKI & SIA OE,MYKONOS,Mykonos,84600,"Περιφερειακή Ενότητα Μυκόνου,South Aegean Region; A Poultry",Greece,PM,CP,N,,CP - Cutting Plant,,
PE497,FRAGKOPOULOS EFTHIMIOS & CO F.P.,"1on km LAGKADA-KOLCHIKOU ,THESSALONIKI",Lagkadas Lagkadas,,"Thessaloniki Regional Unit,Central Macedonia Region,Macedonia - Thrace; A Poultry",Greece,PM,CP,N,,CP - Cutting Plant,,
PE234,FYTOZOF KON/NOS SIA O.E,ACHARNES ATTIKIS,Acharnes,14342,"Regional Unit of East Attica,Region of Attica,Attica; A Poultry",Greece,PM,CP,N,,CP - Cutting Plant,,
PE134,FYTOZOV & CO F.P.,NEAPOLI -ACHARNES,Acharnes,14342,"Regional Unit of East Attica,Region of Attica,Attica; A Poultry",Greece,PM,CP,N,,CP - Cutting Plant,,
PE157,G. & N. ANNINOS F.P.,SAMI KEFALLINIA,Sami,28080,"Kefallonia Regional Unit,Ionian Islands Region,Peloponnese, West Greece and Ionian Sea; A Poultry",Greece,PM,CP,N,,CP - Cutting Plant,,
PE414,G. ATTALIOTIS - EL. MAKRI FP,AGIA VASSA - CHIOS,Chios,82132,"Chios Prefecture,North Aegean Region; A Poultry",Greece,PM,CP,N,,CP - Cutting Plant,,
PE433,G. GALLIKA SONS F.P.,AGROKTIMA DIMOU VEROIAS,00 Veria,591,"Imathia Regional Unit,Central Macedonia Region,Macedonia - Thrace; A Poultry",Greece,PM,CP,N,,CP - Cutting Plant,,
PE244,G. KOKOZIS & SONS O.E,IRAKLEIA SERRES,Iraklia,62100,"Serres Regional Unit,Central Macedonia Region,Macedonia - Thrace; A Poultry",Greece,PM,CP,N,,CP - Cutting Plant,,
PE 616,G. ZAVVOU FS MONONOPROSOPI I.K.E.,NIKAIA,Municipal Unit of Nikaia,18450,"Regional Unit of Piraeus,Region of Attica,Attica",Greece,PM,CP,N,,CP - Cutting Plant,,
PE 618,G.M. O.E./MEAT O.E.,NEA FILADELFIA,Municipal Unit of Nea Filadelfeia,14342,"Regional Unit of Central Athens,Region of Attica,Attica",Greece,PM,CP,N,,CP - Cutting Plant,,
PE 636,GAZETAS EFTHIMIOS,TRIKALA,Trikala,42131,"Regional Unit of Trikala,Region of Thessaly,Thessaly - Central Greece",Greece,PM,CP,N,,CP - Cutting Plant,,
PE545,GEFSEIS THESSALIAS E.E,LARISA,Larissa,41500,"Regional Unit of Larisa,Region of Thessaly,Thessaly - Central Greece",Greece,PM,CP,N,,CP - Cutting Plant,,
PE116,GEORGIOS D. CHATZIPANTAZIS,C. M. ATHINON S.A. - AG. I. RENTIS,Municipal Unit of Agios Ioannis Rentis,18233,"Regional Unit of Piraeus,Region of Attica,Attica; A Poultry",Greece,PM,CP,N,,CP - Cutting Plant,,
PE 594,GEORGIOS PAPAKALAS & SIA E.E.,KROKOS,Krokos,50100,"Regional Unit of Kozani,West Macedonia Region,Epirus - Western Macedonia",Greece,PM,CP,N,,CP - Cutting Plant,,
PE128,GEORGIOU IOANNIS,STAFYLOS SKOPELOU MAGNHSIA,Stafylos,37003,"Regional Unit of Sporades,Region of Thessaly,Thessaly - Central Greece; A Poultry",Greece,PM,CP,N,,CP - Cutting Plant,,
PE502,GERGATSOULIS A.E,KARPATHOS,Karpathos,85700,"Karpathos Regional Unit,South Aegean Region; A Poultry",Greece,PM,CP,N,,CP - Cutting Plant,,
PE 624,GERMANLIS KLEANTHIS,ALEXANDROUPOLI,Alexandroupoli,68100,"Evros Regional Unit,East Macedonia and Thrace Region,Macedonia - Thrace",Greece,PM,CP,N,,CP - Cutting Plant,,
PE495,GERMAS FARM - SANATSIOS ATHANASIOS & SIA OE,GERMA KASTORIA,Germas,52100,"Kastoria Regional Unit,West Macedonia Region,Epirus - Western Macedonia; A Poultry",Greece,PM,CP,N,,CP - Cutting Plant,,
PE503,GEYSINOUS A.V.E.E,KRYONERI,Pefkofyto,14568,"Regional Unit of East Attica,Region of Attica,Attica; A Poultry",Greece,PM,CP,N,,CP - Cutting Plant,,
PE231,GEYSTIKOS KOSMOS KREATOS,ACHARNES ATTIKIS,Acharnes,13675,"Regional Unit of East Attica,Region of Attica,Attica; A Poultry",Greece,PM,CP,N,,CP - Cutting Plant,,
PE403,GIANNARELLIS SOTIRIOS,GONIMO NEO PETRITSIO,Gonimo,62100,"Serres Regional Unit,Central Macedonia Region,Macedonia - Thrace; A Poultry",Greece,PM,CP,N,,CP - Cutting Plant,,
PE188,GIANNOPOULOS E. IOANNIS,LAPPA,Μετόχι,27052,"Achaea Regional Unit,Peloponnese, West Greece and Ionian Sea; A Poultry",Greece,PM,CP,N,,CP - Cutting Plant,,
PE 588,GIATRAS SINGLE MEMBER PC,"9ΤΗ KILOMETRE OF VEROIA NAOUSSA, STENIMACHOS NAOYSAS IMATHIA",Stenimachos,59200,"Imathia Regional Unit,Central Macedonia Region,Macedonia - Thrace",Greece,PM,CP,N,,CP - Cutting Plant,,
PE480,GKINI CHRISTINA & SIA O.E,AG.I.RENTIS,Municipal Unit of Agios Ioannis Rentis,18233,"Regional Unit of Piraeus,Region of Attica,Attica; A Poultry",Greece,PM,CP,N,,CP - Cutting Plant,,
PE 596,GLAVAS TH.-AFOI KAΪKI,THESSALONIKI,28 Thessaloniki,546,"Thessaloniki Regional Unit,Central Macedonia Region,Macedonia - Thrace",Greece,PM,CP,N,,CP - Cutting Plant,,
PE587,GOLDEN GYROS SINGLE MEMBER S.A.- GOLDEN GYROS A.E.,ACHARNES,Acharnes,13679,"Regional Unit of East Attica,Region of Attica,Attica",Greece,PM,CP,N,,CP - Cutting Plant,,
PE 612,GRECO FOOD E.E.,METAMORFOSI,Metamorfosi,14452,"Regional Unit North Athens,Region of Attica,Attica",Greece,PM,CP,N,,CP - Cutting Plant,,
PE 180,GUSTA CARNIS I.K.E.,18on km KASTORIAS-KOZANIS KASTORIA,Kastoria,52100,"Kastoria Regional Unit,West Macedonia Region,Epirus - Western Macedonia",Greece,PM,CP,N,,CP - Cutting Plant,,
PE520,HAIYUN EPE,ASPROPYRGOS ATTIKI,Aspropyrgos,19018,"Regional Unit of West Attica,Region of Attica,Attica",Greece,PM,CP,N,,CP - Cutting Plant,,
PE506,HELLENIC CATERING S.A.,SINDOS THESSALONIKI,Thessaloniki,54627,"Thessaloniki Regional Unit,Central Macedonia Region,Macedonia - Thrace; A Poultry",Greece,PM,CP,N,,CP - Cutting Plant,,
PE 629,HELLENIC MEATWORKS IKE,PERISTERI,Peristeri,12133,"Regional Unit of West Attica,Region of Attica,Attica",Greece,PM,CP,N,,CP - Cutting Plant,,
PE32,HELLENIC QUALITY FOODS S.A.,NEA ARTAKI EVOIA,Nea Artaki Nea Artaki,34600,"Regional Unit of Euboea,Region of Central Greece,Thessaly - Central Greece; A Poultry",Greece,PM,CP,N,,CP - Cutting Plant,,
P2,HELLENIC QUALITY FOODS S.A.,NEA ARTAKI,Nea Artaki,34600,"Regional Unit of Euboea,Region of Central Greece,Thessaly - Central Greece; A Poultry",Greece,PM,SH,Y,,SH - Slaughterhouse,,
PE226,I. CHATZIDIMITRIOU & SONS O.E,AG. IOANNIS SERRES,Serres,62122,"Serres Regional Unit,Central Macedonia Region,Macedonia - Thrace; A Poultry",Greece,PM,CP,N,,CP - Cutting Plant,,
PE 536,I. MARTAKIS - A. TSEKOURAS I.K.E.,VRILISSIA,Μαρούσι,15235,"Regional Unit North Athens,Region of Attica,Attica",Greece,PM,CP,N,,CP - Cutting Plant,,
PE491,I. NANOS & SIA AEVE,ASPROPIRGOS ATTIKIS,Aspropyrgos,19300,"Regional Unit of West Attica,Region of Attica,Attica; A Poultry",Greece,PM,CP,N,,CP - Cutting Plant,,
PE241,IAKOVOS DAVOUTIS & CO S.A.,"15 ERGASIAS & ALEKOU PANAGOULI P.C.14231 , NEA IONIA, ATHENS.",Μαρούσι,14235,"Regional Unit North Athens,Region of Attica,Attica; A Poultry",Greece,PM,CP,N,,CP - Cutting Plant,,
PE451,IOANNA FERROU,AGIOS DIMITRIOS-KARYES-D.D.OMIROUPOLIS,Agios Dimitrios,82200,"Chios Prefecture,North Aegean Region; A Poultry",Greece,PM,CP,N,,CP - Cutting Plant,,
PE 632,IOANNIS & ANASTASIOS VASALAKIS O.E.,NAXOS,Naxos,84300,"Naxos Regional Unit,South Aegean Region",Greece,PM,CP,N,,CP - Cutting Plant,,
PE252,IOANNIS KRITIKOS,TINOS KYKLADES,Tinos,84200,"Περιφερειακή Ενότητα Τήνου,South Aegean Region; A Poultry",Greece,PM,CP,N,,CP - Cutting Plant,,
PE222,K. DOUROU & SIA OE,NAFPAKTOS AITOLOAKARNANIA,Nafpaktos,30300,"Aetolia-Acarnania Regional Unit,Peloponnese, West Greece and Ionian Sea; A Poultry",Greece,PM,CP,N,,CP - Cutting Plant,,
PE412,KALAMVOKI AEVE,THEOMITOROS 50 - AG. DIMITRIOS,Municipal Unit of Dafni,17236,"Regional Unit of Central Athens,Region of Attica,Attica; A Poultry",Greece,PM,CP,N,,CP - Cutting Plant,,
PE113,KAPETIS POLYVIOS S.A.,C. M. ATHINON S.A. - AG. I. RENTIS,Municipal Unit of Agios Ioannis Rentis,18233,"Regional Unit of Piraeus,Region of Attica,Attica; A Poultry",Greece,PM,CP,N,,CP - Cutting Plant,,
PE230,KARA CHASAN TZEMALI ΙΚΕ,LEFKOPETRA XANTHI,Lefkopetra,67100,"Xanthi Regional Unit,East Macedonia and Thrace Region,Macedonia - Thrace; A Poultry",Greece,PM,CP,N,,CP - Cutting Plant,,
PE220,KARAKOULAKIS A.V.E.E,KOS DODEKANISA,Kos,85300,"Περιφερειακή Ενότητα Κω,South Aegean Region; A Poultry",Greece,PM,CP,N,,CP - Cutting Plant,,
PE585,KARNA ELLAS M.E.P.E,ASPROPYRGOS,Aspropyrgos,19300,"Regional Unit of West Attica,Region of Attica,Attica",Greece,PM,CP,N,,CP - Cutting Plant,,
PE 628,KARVOUNIARIS ANDREAS-STATHMOS KREATOS,AIGIALEIA,Αρραβωνίτσα,25100,"Achaea Regional Unit,Peloponnese, West Greece and Ionian Sea",Greece,PM,CP,N,,CP - Cutting Plant,,
PE 168,KASIDIS S.A.,AG. SOFIA-TYRNAVOS LARISA,Tirnavos,40100,"Regional Unit of Larisa,Region of Thessaly,Thessaly - Central Greece; A Poultry",Greece,PM,CP,N,,CP - Cutting Plant,,
PE197,KECHAGIAS DIMITRIOS & CO O.E,AGROKTIMA VEROIAS,Tagarochorion Veroia,59100,"Imathia Regional Unit,Central Macedonia Region,Macedonia - Thrace; A Poultry",Greece,PM,CP,N,,CP - Cutting Plant,,
PE 169,KEMPAP SAVVAS MONOPROSOPI I.K.E.,YPATIS 34 - PERISTERI,Egaleo,12136,"Regional Unit of West Athens,Region of Attica,Attica; A Poultry",Greece,PM,CP,N,,CP - Cutting Plant,,
PE67,KERKYRAIKI ETAIREIA KREATON S.A.,TRIKLINO KERKYRA,Templonion Kerkyra,49100,"Corfu Regional Unit,Ionian Islands Region,Peloponnese, West Greece and Ionian Sea; A Poultry",Greece,PM,CP,N,,CP - Cutting Plant,,
PE400,KINATIDIS CHRISTOS & CO E.E.,VISTONIDAS 1 & NESTOU,Municipal Unit of Ano Liosia,13341,"Regional Unit of West Attica,Region of Attica,Attica; A Poultry",Greece,PM,CP,N,,CP - Cutting Plant,,
PE 600,KING FOOD 1994 E.E.,KOMOTINI,Komotini,69100,"Rodopi Regional Unit,East Macedonia and Thrace Region,Macedonia - Thrace",Greece,PM,CP,N,,CP - Cutting Plant,,
PE 609,KING'S GYROS EPEXERGASIA-EMPORIA KREATON A.E.,AGIOS IOANNIS RENTIS,Municipal Unit of Agios Ioannis Rentis,18233,"Regional Unit of Piraeus,Region of Attica,Attica",Greece,PM,CP,N,,CP - Cutting Plant,,
PE481,KING’S GYROS SA,"26 DIMITRATOU, RENTIS",Municipal Unit of Agios Ioannis Rentis,18233,"Regional Unit of Piraeus,Region of Attica,Attica",Greece,PM,CP,N,,CP - Cutting Plant,,
PE232,KIOSSES NIKOLAOS & SONS O.E,SERRES,Serres,62124,"Serres Regional Unit,Central Macedonia Region,Macedonia - Thrace; A Poultry",Greece,PM,CP,N,,CP - Cutting Plant,,
PE257,KIRKILI O.E - PARADOSIAKA ALLANTIKA,MELIGALAS MESSINIAS,Meligalas,24100,"Messenia Regional Unit,Peloponnese, West Greece and Ionian Sea; A Poultry",Greece,PM,CP,N,,CP - Cutting Plant,,
PE463,KLIMATZIDAS I.K.E - TOXOTIS KREATA I.K.E,C. M. THESSALONIKI S.A.,Thessaloniki,54627,"Thessaloniki Regional Unit,Central Macedonia Region,Macedonia - Thrace; A Poultry",Greece,PM,CP,N,,CP - Cutting Plant,,
PE483,KOLIOKITSOS NIKOLAOS,BIZANOMACHON 1 FILIPPIADA ZIROU,Filippiada,48100,"Preveza Regional Unit,Epirus Region,Epirus - Western Macedonia; A Poultry",Greece,PM,CP,N,,CP - Cutting Plant,,
PE490,KONSTANTINIDOU OLGA,AGIOS DIMITRIOS,Agios Dimitrios,19400,"Regional Unit of East Attica,Region of Attica,Attica; A Poultry",Greece,PM,CP,N,,CP - Cutting Plant,,
PE 630,KOSKINIOTIS V. - BERDI L. OE,FALIRAKI,Faliraki,85100,"Rhodes Regional Unit,South Aegean Region",Greece,PM,CP,N,,CP - Cutting Plant,,
PE448,KOSMOS S.A.,PYRGOS ORESTIADAS EVROS,Neos Pyrgos,68200,"Evros Regional Unit,East Macedonia and Thrace Region,Macedonia - Thrace; A Poultry",Greece,PM,CP,N,,CP - Cutting Plant,,
PE108,KOTEMPORIKI ELAIONA,ELAIONAS,Elaionas,62100,"Serres Regional Unit,Central Macedonia Region,Macedonia - Thrace; A Poultry",Greece,PM,CP,N,,CP - Cutting Plant,,
PE477,KOTINO A.V.E.E.,21o km EO ATHINON LAMIAS,Pefkofyto,14568,"Regional Unit of East Attica,Region of Attica,Attica; A Poultry",Greece,PM,CP,N,,CP - Cutting Plant,,
PE 270,KOTOFRESH BOURLESIS I.K.E.,ACHARNES,Acharnes,14342,"Regional Unit of East Attica,Region of Attica,Attica; A Poultry",Greece,PM,CP,N,,CP - Cutting Plant,,
PE17,KOTOPOULA CHALKIDIKIS,GALATISTA,Galatista,63073,"Chalkidiki Regional Unit,Central Macedonia Region,Macedonia - Thrace; A Poultry",Greece,PM,CP,N,,CP - Cutting Plant,,
PE 605,KOTOPOULA FILIATRON -AFOI KYRIAKOPOULOI O.E.,FILIATRA,Filiatra,24300,"Messenia Regional Unit,Peloponnese, West Greece and Ionian Sea",Greece,PM,CP,N,,CP - Cutting Plant,,
PE 621,KOTOPOULA FRAGKOS E.E.,K.A.TH. (K 20) ΝΕΑ ΜΕΝΕΜΕΝI,28 Thessaloniki,546,"Thessaloniki Regional Unit,Central Macedonia Region,Macedonia - Thrace",Greece,PM,CP,N,,CP - Cutting Plant,,
PE156,KOUTRAS D - KOUTRAS I. O.E,NIKAIA ATTIKIS,Municipal Unit of Nikaia,18450,"Regional Unit of Piraeus,Region of Attica,Attica; A Poultry",Greece,PM,CP,N,,CP - Cutting Plant,,
PE 509,KREARISTON PAPACHRISTOS MONOPROSOPI A.E..,ACHARNES,Acharnes,14342,"Regional Unit of East Attica,Region of Attica,Attica; A Poultry",Greece,PM,CP,N,,CP - Cutting Plant,,
PE181,KREARKO IKE,ARCH. KORINTHOS,Ancient Korinthos,20100,"corinthia Regional Unit,Peloponnese, West Greece and Ionian Sea; A Poultry",Greece,PM,CP,N,,CP - Cutting Plant,,
PE70,KREATA CHATZIAGOROU A.E.B.E.K.,KRITHIA THESSALONIKIS,Krithia,57200,"Thessaloniki Regional Unit,Central Macedonia Region,Macedonia - Thrace; A Poultry",Greece,PM,CP,N,,CP - Cutting Plant,,
PE141,KREATA EVROPIS LTD,I. METAXA 59 - KOROPI ATTIKIS,Koropi,19400,"Regional Unit of East Attica,Region of Attica,Attica; A Poultry",Greece,PM,CP,N,,CP - Cutting Plant,,
PE 575,KREATA GAITANI MONOPROSOPI IKE,MYTILINI,Mytilene,81100,"Regional Unit of Lesbos,North Aegean Region",Greece,PM,CP,N,,CP - Cutting Plant,,
PE476,KREATAGORA AFOI KONTA IKE,C. M. THESSALONIKI S.A.,Thessaloniki,54627,"Thessaloniki Regional Unit,Central Macedonia Region,Macedonia - Thrace; A Poultry",Greece,PM,CP,N,,CP - Cutting Plant,,
PE530,KREATAGORA LAMIAS IKE,AGIA PARASKEVI,Ag Paraskeyi Fthiolamia,35100,"Regional Unit of Phthiotis,Region of Central Greece,Thessaly - Central Greece",Greece,PM,CP,N,,CP - Cutting Plant,,
PE129,KREATAGORA PAROU,"NAOUSA PAROU ,KYKLADES",Naousa,84401,"Paros Regional Unit,South Aegean Region; A Poultry",Greece,PM,CP,N,,CP - Cutting Plant,,
PE209,KREATEMPORIKI - KOSSIVA A.E,ASTROS ARKADIA,Astros,21200,"Peloponnese, West Greece and Ionian Sea; A Poultry",Greece,PM,CP,N,,CP - Cutting Plant,,
PE540,KREATEMPORIKI THESSALIAS A.E,GERAKAS,Gerakas,15127,"Regional Unit of East Attica,Region of Attica,Attica",Greece,PM,CP,N,,CP - Cutting Plant,,
PE 640,KREATEMPORIKI KOSSYVA A.E.,C. M. ATHINON S.A. - AG.I. RENTIS,Municipal Unit of Agios Ioannis Rentis,18233,"Regional Unit of Piraeus,Region of Attica,Attica",Greece,PM,CP,N,,CP - Cutting Plant,,
PE124,KREATOSYSKEVASTIKI LAMIAS AVEE,LAMIA FTHIOTIDA,Lamia,35014,"Regional Unit of Phthiotis,Region of Central Greece,Thessaly - Central Greece; A Poultry",Greece,PM,CP,N,,CP - Cutting Plant,,
PE 593,KREATOTECHNEIO EE,N. CHALKIDONA,Athens,13561,"Regional Unit of Central Athens,Region of Attica,Attica",Greece,PM,CP,N,,CP - Cutting Plant,,
PE243,KREOKOPEION A.E.,OINOFITA VIOTIAS,Oinofyta Oinofyta,32011,"Regional Unit of Boeotia,Region of Central Greece,Thessaly - Central Greece; A Poultry",Greece,PM,CP,N,,CP - Cutting Plant,,
PE 613,KREOPOLEIA ELLINIKON A.E.,C. M. THESSALONIKI S.A. -K18- NEA MENEMENI,28 Thessaloniki,546,"Thessaloniki Regional Unit,Central Macedonia Region,Macedonia - Thrace",Greece,PM,CP,N,,CP - Cutting Plant,,
PE 525,KREOS KAI SIA E.E.,A. LIOSIA,Municipal Unit of Ano Liosia,13231,"Regional Unit of West Attica,Region of Attica,Attica",Greece,PM,CP,N,,CP - Cutting Plant,,
PE237,KREOTECHNION GEORGIADIS A.E,PIKERMI,Pikermi,19009,"Regional Unit of East Attica,Region of Attica,Attica; A Poultry",Greece,PM,CP,N,,CP - Cutting Plant,,
ΡΕ 639,KREOTIS E.E.,ASSIROS LAGKADAS,Langadas,57200,"Thessaloniki Regional Unit,Central Macedonia Region,Macedonia - Thrace",Greece,PM,CP,N,,CP - Cutting Plant,,
PE82,KRIVEK S.A.,KAMPOS ELIAS IRAKLEIO,Heraklion,71410,"Heraklion Regional Unit,Region of Crete,Crete; A Poultry",Greece,PM,CP,N,,CP - Cutting Plant,,
PE 608,KYRIAKAKIS MEAT MONOPROSOPI A.E.,ACHARNES,Acharnes,13672,"Regional Unit of East Attica,Region of Attica,Attica",Greece,PM,CP,N,,CP - Cutting Plant,,
PE217,L.- V. LAZARIDIS & SIA E.E,KORYDALLOS,10 Piraeus,185,"Regional Unit of Piraeus,Region of Attica,Attica; A Poultry",Greece,PM,CP,N,,CP - Cutting Plant,,
PE216,LAKRE A.E.,BATONTAS EVIA,Nea Artaki,34600,"Regional Unit of Euboea,Region of Central Greece,Thessaly - Central Greece; A Poultry",Greece,PM,CP,N,,CP - Cutting Plant,,
PE560,LALAS & SIA E.E,MENEMENI,Thessaloniki,54627,"Thessaloniki Regional Unit,Central Macedonia Region,Macedonia - Thrace",Greece,PM,CP,N,,CP - Cutting Plant,,
PE24,LAMDA LTD,KATSIKAS,Ioannina,45221,"Ioannina Regional Unit,Epirus Region,Epirus - Western Macedonia; A Poultry",Greece,PM,CP,N,,CP - Cutting Plant,,
P13,LAMDA LTD IMPORT-EXPORT REPRES.,KATSIKAS,Kontsika,45500,"Ioannina Regional Unit,Epirus Region,Epirus - Western Macedonia; A Poultry",Greece,PM,SH,Y,,SH - Slaughterhouse,,
PE 539,LAVDAS FOODSERVICE M.E.P.E.,KOROPI,Koropi,19400,"Regional Unit of East Attica,Region of Attica,Attica",Greece,PM,CP,N,,CP - Cutting Plant,,
PE196,LAZARIDIS NIKOLAOS,PENTALOFOS KALLITHEAS,Pentalofos,54500,"Thessaloniki Regional Unit,Central Macedonia Region,Macedonia - Thrace; A Poultry",Greece,PM,CP,N,,CP - Cutting Plant,,
PE213,LEONTZINI I. A.E KREATON - STOCHOS,N. PROPONTIDA CHALKIDIKI,Nea Kallikratia,63080,"Chalkidiki Regional Unit,Central Macedonia Region,Macedonia - Thrace; A Poultry",Greece,PM,CP,N,,CP - Cutting Plant,,
P41,LESVIAKI PTINOTROFIA,POLICHNITOS,Polichnitos,81300,"Regional Unit of Lesbos,North Aegean Region; A Poultry",Greece,PM,SH,Y,,SH - Slaughterhouse,,
PE78,LEVENTAKIS A.E.V.E.,VASILIKI,Βασιλική,,"Heraklion Regional Unit,Region of Crete,Crete; A Poultry",Greece,PM,CP,N,,CP - Cutting Plant,,
PE52,LEVENTAKIS A.E.V.E.,Vi.Pe. IRAKLIO,Heraklion,71410,"Heraklion Regional Unit,Region of Crete,Crete; A Poultry",Greece,PM,CP,N,,CP - Cutting Plant,,
PE516,LIOPRASITIS I. DIMITRIOS,FALANI LARISAS,Falanna,40011,"Regional Unit of Larisa,Region of Thessaly,Thessaly - Central Greece",Greece,PM,CP,N,,CP - Cutting Plant,,
PE527,LORENTZOS KREATA MON. E.P.E,K. PETRALONA- ATHINA,45 Athens,117,"Regional Unit of Central Athens,Region of Attica,Attica",Greece,PM,CP,N,,CP - Cutting Plant,,
PE558,LOUKAS KAITATZIS I.K.E,CHALKIDA,Chalkida,34100,"Regional Unit of Euboea,Region of Central Greece,Thessaly - Central Greece",Greece,PM,CP,N,,CP - Cutting Plant,,
PE147,M. BELITSOU & CO F.P.,NEA ARTAKI,Nea Artaki,34600,"Regional Unit of Euboea,Region of Central Greece,Thessaly - Central Greece; A Poultry",Greece,PM,CP,N,,CP - Cutting Plant,,
PE 603,MANIBUS MONOPROSOPI IKE-MANIBUS,ILION,Municipal Unit of Kamatero,13121,"Regional Unit of West Athens,Region of Attica,Attica",Greece,PM,CP,N,,CP - Cutting Plant,,
PE546,MANIKAS A.E EMPORIA KREATOS - KREOPOLEIA - KREATA ACHAIAS A.E,PATRA,Patras,26441,"Achaea Regional Unit,Peloponnese, West Greece and Ionian Sea",Greece,PM,CP,N,,CP - Cutting Plant,,
PE73,MANOLIS CHATZELIS S.A.,MEGALA ABELIA,Pigi,81100,"Regional Unit of Lesbos,North Aegean Region; A Poultry",Greece,PM,CP,N,,CP - Cutting Plant,,
PE261,MANOLIS KEMPAP & SIA E.E,TAVROS,Municipal Unit of Tavros,17778,"Regional Unit of South Athens,Region of Attica,Attica; A Poultry",Greece,PM,CP,N,,CP - Cutting Plant,,
PE579,MANOLITSAKIS ANTONIOS A.E.,RETHYMNO,Rethymno,74131,"Rethymno Regional Unit,Region of Crete,Crete",Greece,PM,CP,N,,CP - Cutting Plant,,
P68,MANOLITSAKIS ANTONIOS A.E.,BIO. PA. RETHYMNO,Rethymno,74100,"Rethymno Regional Unit,Region of Crete,Crete; A Poultry; L Lagomorphs",Greece,PM,SH,Y,,SH - Slaughterhouse,,
PE151,MANTZIARLI BROS A.E.E.,ACHARNES,Acharnes,13677,"Regional Unit of East Attica,Region of Attica,Attica; A Poultry",Greece,PM,CP,N,,CP - Cutting Plant,,
P53,MANTZIOS VASILEIOS,Perati,Peratis,45500,"Ioannina Regional Unit,Epirus Region,Epirus - Western Macedonia; A Poultry",Greece,PM,SH,Y,,SH - Slaughterhouse,,
PE424,MARKET IN,DOROVEZA-MARKOPOULO-MESOGAIA,Markopoulo,19003,"Regional Unit of East Attica,Region of Attica,Attica; A Poultry",Greece,PM,CP,N,,CP - Cutting Plant,,
PE 626,MASTER MEAT MONOPROSOPI I.K.E.,IOANNINA,Ioannina,45110,"Ioannina Regional Unit,Epirus Region,Epirus - Western Macedonia",Greece,PM,CP,N,,CP - Cutting Plant,,
PE 610,MASTER MEAT MONOPROSOPI I.K.E.,PATRIDA IMATHIAS,Patrida,59100,"Imathia Regional Unit,Central Macedonia Region,Macedonia - Thrace",Greece,PM,CP,N,,CP - Cutting Plant,,
PE580,MAURA JANE LYNN STEFANOU,PALLADIO,Palladio,69100,"Rodopi Regional Unit,East Macedonia and Thrace Region,Macedonia - Thrace",Greece,PM,CP,N,,CP - Cutting Plant,,
P67,MAURA JANE LYNN STEFANOU,OIKISMOS PALLADIO-IASMOS,Palladio,69100,"Rodopi Regional Unit,East Macedonia and Thrace Region,Macedonia - Thrace; A Poultry",Greece,PM,SH,Y,,SH - Slaughterhouse,,
PE561,MAVRIDOPOULOS A.E.,VIPE IOANNINON,Ioannina,44002,"Ioannina Regional Unit,Epirus Region,Epirus - Western Macedonia",Greece,PM,CP,N,,CP - Cutting Plant,,
PE421,MEAT FARM A.E V.E,49 ODOS VIOPA,Municipal Unit of Ano Liosia,13341,"Regional Unit of West Attica,Region of Attica,Attica; A Poultry",Greece,PM,CP,N,,CP - Cutting Plant,,
PE429,MEAT HOUSE S.A. EPEXERGASIA KREATOS,LEOF. NATO 100 - ASPROPYRGOS,Aspropyrgos,19018,"Regional Unit of West Attica,Region of Attica,Attica; A Poultry",Greece,PM,CP,N,,CP - Cutting Plant,,
PE 601,MEAT NET DIANOMES EIDON DIATROFIS M.E.P.E.- MEAT NET M.E.P.E.,RENTIS,Municipal Unit of Agios Ioannis Rentis,18233,"Regional Unit of Piraeus,Region of Attica,Attica",Greece,PM,CP,N,,CP - Cutting Plant,,
PE428,MEAT NET LTD,PAVLOU MELA 54 & VOULGAROKTON,Municipal Unit of Tavros,17778,"Regional Unit of South Athens,Region of Attica,Attica; A Poultry",Greece,PM,CP,N,,CP - Cutting Plant,,
PE557,MEAT STORE E.E,ASSOS,Assos,20006,"corinthia Regional Unit,Peloponnese, West Greece and Ionian Sea",Greece,PM,CP,N,,CP - Cutting Plant,,
PE 627,MEATBALLER Ε.Ε.,MOSCHATO,Municipal Unit of Moschato,18345,"Regional Unit of South Athens,Region of Attica,Attica",Greece,PM,CP,N,,CP - Cutting Plant,,
PE526,MEATING GROUP AVEE,PLATANIAS,Acharnes,13672,"Regional Unit of East Attica,Region of Attica,Attica",Greece,PM,CP,N,,CP - Cutting Plant,,
PE144,MEATKA S.A.,THERMOPYLON 20 - SPATA,Spata,19019,"Regional Unit of East Attica,Region of Attica,Attica; A Poultry",Greece,PM,CP,N,,CP - Cutting Plant,,
PE158,MEGAS GYROS S.A.,LEOFOROS NATO 100-ASPROPYRGOS,Aspropyrgos,19300,"Regional Unit of West Attica,Region of Attica,Attica; A Poultry",Greece,PM,CP,N,,CP - Cutting Plant,,
PE487,MESSINIAKI TROFIMON,ARMENIOI MESSINIA,Messini,24100,"Messenia Regional Unit,Peloponnese, West Greece and Ionian Sea; A Poultry",Greece,PM,CP,N,,CP - Cutting Plant,,
PE227,MESTA ANAPTIXIAKI EPE,TANAGRA VIOTIA,Tanagra,32009,"Regional Unit of Boeotia,Region of Central Greece,Thessaly - Central Greece; A Poultry",Greece,PM,CP,N,,CP - Cutting Plant,,
PE182,MICHAIL D. TSEPAS MONOPROSOPI E.P.E.,AGIAS SOFIAS 96-98 - ATHINA,Athens,10674,"Regional Unit of Central Athens,Region of Attica,Attica; A Poultry",Greece,PM,CP,N,,CP - Cutting Plant,,
PE507,MIKROMASTORAS G. & REVEKKA FP,XYLOKASTROU 6 - ILION,Municipal Unit of Ano Liosia,13231,"Regional Unit of West Attica,Region of Attica,Attica; A Poultry",Greece,PM,CP,N,,CP - Cutting Plant,,
PE450,MINAKOT KOTOPOULA LAGADA,LAGADAS,Langadas,57200,"Thessaloniki Regional Unit,Central Macedonia Region,Macedonia - Thrace; A Poultry",Greece,PM,CP,N,,CP - Cutting Plant,,
PE479,MORAITIS ELLINIKA KOTOPOULA MONOPROSOPI IKE,20o km LAVRIOU-PAIANIAS,Paiania,19400,"Regional Unit of East Attica,Region of Attica,Attica; A Poultry",Greece,PM,CP,N,,CP - Cutting Plant,,
PE245,N. MAYRIDOPOULOS & SIA O.E.,ALEPOU KERKYRA,Alepou,49100,"Corfu Regional Unit,Ionian Islands Region,Peloponnese, West Greece and Ionian Sea; A Poultry",Greece,PM,CP,N,,CP - Cutting Plant,,
PE162,NATOURA S.A.,ALEXANDROUPOLI,Alexandroupoli,68132,"Evros Regional Unit,East Macedonia and Thrace Region,Macedonia - Thrace; A Poultry",Greece,PM,CP,N,,CP - Cutting Plant,,
PE505,NESKES MICHAIL MONOPROSOPI EPE,ANTIMACHIA -KOS DODEKANISA,Antimachia,85300,"Περιφερειακή Ενότητα Κω,South Aegean Region; A Poultry",Greece,PM,CP,N,,CP - Cutting Plant,,
PE454,NEW TASTES EMPORIO EPEXERGASIA KREATOS A.E,TAYROS ATTIKI,Municipal Unit of Agios Ioannis Rentis,18233,"Regional Unit of Piraeus,Region of Attica,Attica",Greece,PM,CP,N,,CP - Cutting Plant,,
PE 406,NIK. D. MAKRIS IKE,C. M. ATHINON S.A. - AG. I. RENTIS,Municipal Unit of Agios Ioannis Rentis,18233,"Regional Unit of Piraeus,Region of Attica,Attica; A Poultry",Greece,PM,CP,N,,CP - Cutting Plant,,
PE184,NIKOLAKOPOULOS ARISTEIDIS,KALANTERI ELIKI,Eliki,25100,"Achaea Regional Unit,Peloponnese, West Greece and Ionian Sea; A Poultry",Greece,PM,CP,N,,CP - Cutting Plant,,
PE515,NIKOLAOS BOYTERAKOS,AIGIES LAKONIAS,Χάνια,23100,"Lakonia Regional Unit,Peloponnese, West Greece and Ionian Sea",Greece,PM,CP,N,,CP - Cutting Plant,,
PE 622,NIKOLAOS ROUSSOUNELOS & SIA O.E.,SYROS,Ano Syros,84100,"Περιφερειακή Ενότητα Σύρου,South Aegean Region",Greece,PM,CP,N,,CP - Cutting Plant,,
PE 644,NIKOLOUDIS EXCEPTIONAL MEAT E.E.,MOIRES,Moires,70400,"Heraklion Regional Unit,Region of Crete,Crete",Greece,PM,CP,N,,CP - Cutting Plant,,
P18,NITSIAKOS AVEE,NEOCHOROUDA,Neochorouda,54500,"Thessaloniki Regional Unit,Central Macedonia Region,Macedonia - Thrace; A Poultry",Greece,PM,SH,Y,,SH - Slaughterhouse,,
PE18,NITSIAKOS AVEE,NEOCHOROUDA,Neochorouda,54500,"Thessaloniki Regional Unit,Central Macedonia Region,Macedonia - Thrace; A Poultry",Greece,PM,CP,N,,CP - Cutting Plant,,
PE251,NIVICE GROUP- RIZOPONTIKAS IKE,PERISTERI ATTIKIS,Peristeri,12132,"Regional Unit of West Attica,Region of Attica,Attica; A Poultry",Greece,PM,CP,N,,CP - Cutting Plant,,
PE 597,NTALIANIS KONSTANTINOS M. LTD,TRIKALA,Trikala,42100,"Regional Unit of Trikala,Region of Thessaly,Thessaly - Central Greece",Greece,PM,CP,N,,CP - Cutting Plant,,
PE161,NTIMIS IOANNIS & CO FP,"8on km IOANNINON-KONITSAS,IOANNINA",Ioannina,44002,"Ioannina Regional Unit,Epirus Region,Epirus - Western Macedonia; A Poultry",Greece,PM,CP,N,,CP - Cutting Plant,,
PE416,"NTOPIA KREATA PREVEZAS""ΤΕΜΕΤΕRON""SA",GRAMMENO-N.SAMPSOUNTA,Nea Sampsounta,48100,"Preveza Regional Unit,Epirus Region,Epirus - Western Macedonia; A Poultry",Greece,PM,CP,N,,CP - Cutting Plant,,
PE183,OIKONOMAKIS ANTONIS S.A.,AGIOS NIKOLAOS KOSKINOU,Koskinou,85100,"Rhodes Regional Unit,South Aegean Region; A Poultry",Greece,PM,CP,N,,CP - Cutting Plant,,
PE 633,OLYMPIC CATERING A.E.,"ELEFTHERIOS VENIZELOS AIRPORT ,SPATA",Spata,19019,"Regional Unit of East Attica,Region of Attica,Attica",Greece,PM,CP,N,,CP - Cutting Plant,,
PE34,ORNITHA AVEE,PERISTERI ATTIKIS,Egaleo,12136,"Regional Unit of West Athens,Region of Attica,Attica; A Poultry",Greece,PM,CP,N,,CP - Cutting Plant,,
PE192,P. & A. KON. ADRIOPOULOI BROS FP,LADONOS & AG. PAVLOU 2 - ATHINA,Athens,11471,"Regional Unit of Central Athens,Region of Attica,Attica; A Poultry",Greece,PM,CP,N,,CP - Cutting Plant,,
PE195,P. KAMARATOU & CO E.E.,MARKOPOULO ATTIKI,Markopoulo,19003,"Regional Unit of East Attica,Region of Attica,Attica; A Poultry",Greece,PM,CP,N,,CP - Cutting Plant,,
PE 625,P. MARKOULAKIS & SIA O.E.,DIMOS RETHYMNOU,Rethymno,74100,"Rethymno Regional Unit,Region of Crete,Crete",Greece,PM,CP,N,,CP - Cutting Plant,,
PE256,P. MOULKIOTIS E.P.E,MANDRA ATTIKIS,Μάνδρα,19600,"Regional Unit of West Attica,Region of Attica,Attica; A Poultry",Greece,PM,CP,N,,CP - Cutting Plant,,
PE 634,PAGONIS IKE,A. VI.PE. VOLOU,Διμήνι,38500,"Regional Unit of Magnesia,Region of Thessaly,Thessaly - Central Greece",Greece,PM,CP,N,,CP - Cutting Plant,,
PE80,PALMIE CATERING S.A.,VI.PA. AVLONAS ATTIKIS,Avlona,19011,"Regional Unit of East Attica,Region of Attica,Attica; A Poultry",Greece,PM,CP,N,,CP - Cutting Plant,,
ΡΕ 577,PAPADAKIS FOODS E.E,DIAVATA,Diavata Diavata,,"Central Macedonia Region,Macedonia - Thrace",Greece,PM,CP,N,,CP - Cutting Plant,,
PE405,PAPADOPOULOS EVAGELOS,KYPARISSIO GREVENA,Grevena,52100,"Grevena Regional Unit,West Macedonia Region,Epirus - Western Macedonia; A Poultry",Greece,PM,CP,N,,CP - Cutting Plant,,
PE 645,PAPADOPOULOS IORDANIS,KOSMA AITOLOU 12 THESSALONIKI,Thessaloniki,54642,"Thessaloniki Regional Unit,Central Macedonia Region,Macedonia - Thrace",Greece,PM,CP,N,,CP - Cutting Plant,,
PE 602,PAPADOPOULOS NIKOLAOS TOY KONSTANTINOU,XIROKRINI,Thessaloniki,54627,"Thessaloniki Regional Unit,Central Macedonia Region,Macedonia - Thrace",Greece,PM,CP,N,,CP - Cutting Plant,,
PE262,PAPAGEORGIOU FOOD SERVICE AVEE - PFS AVEE,LARISA,Larissa,42222,"Regional Unit of Larisa,Region of Thessaly,Thessaly - Central Greece; A Poultry",Greece,PM,CP,N,,CP - Cutting Plant,,
PE90,PAPAKONSTANTINOU M.E.P.E.,PLALISTRA LIBADEIAS VIOTIA,Livadia,32100,"Regional Unit of Boeotia,Region of Central Greece,Thessaly - Central Greece; A Poultry",Greece,PM,CP,N,,CP - Cutting Plant,,
PE518,PAPAS & SIA OE,C. M. THESSALONIKI S.A.,Thessaloniki,54627,"Thessaloniki Regional Unit,Central Macedonia Region,Macedonia - Thrace",Greece,PM,CP,N,,CP - Cutting Plant,,
PE513,PAPAZAFEIRIS DIMITRIOS,AMFITHEA,Amfithea,47100,"Arta Regional Unit,Epirus Region,Epirus - Western Macedonia",Greece,PM,CP,N,,CP - Cutting Plant,,
PE131,PAPPAS MEAT MONOPROSOPI IKE,"10 km IOANNINON-ATHINON ,IOANNINA",Chora,45500,"Ioannina Regional Unit,Epirus Region,Epirus - Western Macedonia; A Poultry",Greece,PM,CP,N,,CP - Cutting Plant,,
PE439,PARADOSIAKA EDESMATA I.K.E.,26on km THESSALONIKIS-KILKIS,Kilkis,61200,"Kilkis Regional Unit,Central Macedonia Region,Macedonia - Thrace; A Poultry",Greece,PM,CP,N,,CP - Cutting Plant,,
PE81,PARADOSIAKOS AGROS S.A.,MARKOPOULO,Markopoulo,19003,"Regional Unit of East Attica,Region of Attica,Attica; A Poultry",Greece,PM,CP,N,,CP - Cutting Plant,,
PE 641,PARAGIOUTSIKOU PINELOPI,VELESTINO,Velestino,37500,"Regional Unit of Magnesia,Region of Thessaly,Thessaly - Central Greece",Greece,PM,CP,N,,CP - Cutting Plant,,
PE 75,PATERAKIS S.A,STERNES AKROTIRIOU CHANIA,Sternes,,"Chania Regional Unit,Region of Crete,Crete",Greece,PM,CP,N,,CP - Cutting Plant,,
PE 578,PAVLOS & APOSTOLOS MALLIOPOULOS IKE,ALEPOCHORI ILEIA,Πύργος,27131,"Peloponnese, West Greece and Ionian Sea",Greece,PM,CP,N,,CP - Cutting Plant,,
PE 571,PAVLOUDIS PANTELEIMON MONOPROSOPI I.K.E.,PALAIOCHORA,Paleochora,63073,"Chalkidiki Regional Unit,Central Macedonia Region,Macedonia - Thrace",Greece,PM,CP,N,,CP - Cutting Plant,,
PE440,PEPPAS KREATA IKE,C. M. ATHINON S.A. - AG. I. RENTIS,Municipal Unit of Agios Ioannis Rentis,18233,"Regional Unit of Piraeus,Region of Attica,Attica; A Poultry",Greece,PM,CP,N,,CP - Cutting Plant,,
PE138,PILION EDESMATA A.V.E.E.,A΄ VI.PE. BOLOU MAGNISIA,Volos,38221,"Regional Unit of Magnesia,Region of Thessaly,Thessaly - Central Greece; A Poultry",Greece,PM,CP,N,,CP - Cutting Plant,,
PE39,PINDOS A.P.S.I,RODOTOPI IOANNINA,Rodotopi,45500,"Ioannina Regional Unit,Epirus Region,Epirus - Western Macedonia; A Poultry",Greece,PM,CP,N,,CP - Cutting Plant,,
Ρ6,PINDOS A.P.S.I.,Rodotopi,Rodotopi,45500,"Ioannina Regional Unit,Epirus Region,Epirus - Western Macedonia",Greece,PM,SH,Y,,SH - Slaughterhouse,,
PE464,PODOGYROS VASILEIOS LTD,C. M. ATHINON S.A. - AG. I. RENTIS,Municipal Unit of Agios Ioannis Rentis,18233,"Regional Unit of Piraeus,Region of Attica,Attica; A Poultry",Greece,PM,CP,N,,CP - Cutting Plant,,
PE462,POIOTIKA KREOPOLEIA M.I.K.E,THERMI,Thermi,57001,"Thessaloniki Regional Unit,Central Macedonia Region,Macedonia - Thrace; A Poultry",Greece,PM,CP,N,,CP - Cutting Plant,,
PE 264,POZATZIDIS KEMPAP O.E.,IPIROU 7,Piraeus,18540,"Regional Unit of Piraeus,Region of Attica,Attica; A Poultry",Greece,PM,CP,N,,CP - Cutting Plant,,
PE178,"PRODAN TATIANA ""GOUGOUSKAS""",2on km SERRON-NEOCHORIOU,Neochori,62100,"Serres Regional Unit,Central Macedonia Region,Macedonia - Thrace; A Poultry",Greece,PM,CP,N,,CP - Cutting Plant,,
PE42,PTINEMPORIKI I.K.E.,MESSIMERIO EDESSAS,Mesimeri,58200,"Pella Regional Unit,Central Macedonia Region,Macedonia - Thrace; A Poultry",Greece,PM,CP,N,,CP - Cutting Plant,,
PE422,PTINOSFAGEIO ATTIKIS A.G.E.V.E.,PAIANIA,Paiania,19400,"Regional Unit of East Attica,Region of Attica,Attica; A Poultry",Greece,PM,CP,N,,CP - Cutting Plant,,
PE160,PTINOSFAGEIO ATTIKIS A.G.E.V.E.,PAIANIA,Paiania,19002,"Regional Unit of East Attica,Region of Attica,Attica; A Poultry",Greece,PM,CP,N,,CP - Cutting Plant,,
Ρ33,PTINOSFAGIO ATTIKIS,Paiania,Paiania,19002,"Regional Unit of East Attica,Region of Attica,Attica; A Poultry",Greece,PM,SH,Y,,SH - Slaughterhouse,,
PE 631,PTINOTROFEIA-SFAGEIA DALMARIS A.E./ KOTOPOULA DALMARIS A.E.,VI.PE. TRIPOLI,Tripoli Tripoli,22100,"Peloponnese, West Greece and Ionian Sea",Greece,PM,CP,N,,CP - Cutting Plant,,
P35,PTINOTROFIA-SFAGIA DALMARIS,"TRIPOLI,ARKADIA",Tripoli,22100,"Peloponnese, West Greece and Ionian Sea; A Poultry",Greece,PM,SH,Y,,SH - Slaughterhouse,,
P42,PTINOTROFIKES EPICHEIRISEIS ARTAS A.V.E.E.,Arta,Arta,47100,"Arta Regional Unit,Epirus Region,Epirus - Western Macedonia",Greece,PM,SH,Y,,SH - Slaughterhouse,,
PE71,PTINOTROFIKES EPICHEIRISEIS ARTAS A.V.E.E.,ARTA,Arta,47100,"Arta Regional Unit,Epirus Region,Epirus - Western Macedonia; A Poultry",Greece,PM,CP,N,,CP - Cutting Plant,,
P44,PTINOTROFIKES EPICHEIRISEIS NAFPAKTOU S.A,EFPALIO,Ευπάλιο,33056,"Regional Unit of Phocis,Region of Central Greece,Thessaly - Central Greece; A Poultry",Greece,PM,SH,Y,,SH - Slaughterhouse,,
PE76,PTINOTROFIKES EPICHEIRISEIS NAFPAKTOU S.A.,EFPALIO,Agios Polykarpos Efpalio,33056,"Regional Unit of Phocis,Region of Central Greece,Thessaly - Central Greece; A Poultry",Greece,PM,CP,N,,CP - Cutting Plant,,
Ρ43,PTINOTROFIKES EPICHEIRISEIS NAFPAKTOU S.A.,Agios Polykarpos Efpalio,Ευπάλιο,33056,"Regional Unit of Phocis,Region of Central Greece,Thessaly - Central Greece",Greece,PM,SH,Y,,SH - Slaughterhouse,,
PE484,QUALITY FARM MONOPROSOPI EPE,KAVALA,Kavala,64100,"Kavala Regional Unit,East Macedonia and Thrace Region,Macedonia - Thrace; A Poultry",Greece,PM,CP,N,,CP - Cutting Plant,,
PE432,RISSETI MONOPROSOPI IKE,ARACHTOU 23 - MOSCHATO,Municipal Unit of Moschato,18345,"Regional Unit of South Athens,Region of Attica,Attica; A Poultry",Greece,PM,CP,N,,CP - Cutting Plant,,
PE519,RIZOS VASILEIOS MON. IKE,ZACHARO ILEIA,Neochori (Zacharo),27054,"Peloponnese, West Greece and Ionian Sea",Greece,PM,CP,N,,CP - Cutting Plant,,
PE485,ROMIO MONOPROSOPI A.E.,MAKRYCHORI,Makrychori,40006,"Regional Unit of Larisa,Region of Thessaly,Thessaly - Central Greece; A Poultry",Greece,PM,CP,N,,CP - Cutting Plant,,
PE66,S. CHONDROGIANNIS & SONS S.A.,TEMPLONIO KERKYRA,Templonion Kerkyra,49100,"Corfu Regional Unit,Ionian Islands Region,Peloponnese, West Greece and Ionian Sea; A Poultry",Greece,PM,CP,N,,CP - Cutting Plant,,
PE524,SEL MEAT EPE,AGIOI APOSTOLOI,Kapandriti,19014,"Regional Unit of East Attica,Region of Attica,Attica",Greece,PM,CP,N,,CP - Cutting Plant,,
PE 453,SELACHAS A.V.E.E.,"ZIGRA ,AGIA PARASKEVI",Agia Paraskevi,81102,"Regional Unit of Lesbos,North Aegean Region",Greece,PM,CP,N,,CP - Cutting Plant,,
PE510,SERRAIKI- THRAKIKI ALLANTOVIOMICHANIA AE - CHARINO A.E,LEFKONAS,Lefkonas,62100,"Serres Regional Unit,Central Macedonia Region,Macedonia - Thrace",Greece,PM,CP,N,,CP - Cutting Plant,,
PE401,SFAGEIA ALMOPIAS S.A.,1on km. E.O. FILOTIAS -FOUSTANIS,Filotia,58100,"Pella Regional Unit,Central Macedonia Region,Macedonia - Thrace; A Poultry",Greece,PM,CP,N,,CP - Cutting Plant,,
PE501,SFAGEIA VOREIOU EVOIAS KOMPOTHANASIS A.E,ISTIAIA,Istiea,34200,"Regional Unit of Euboea,Region of Central Greece,Thessaly - Central Greece; A Poultry",Greece,PM,CP,N,,CP - Cutting Plant,,
PE443,SIAKOS VAS.& SIA OE,ACHARNES,Acharnes,14342,"Regional Unit of East Attica,Region of Attica,Attica",Greece,PM,CP,N,,CP - Cutting Plant,,
PE235,SITISIS MONOPROSOPI EPE,METAMORFOSI,Metamorfosi,14452,"Regional Unit North Athens,Region of Attica,Attica; A Poultry",Greece,PM,CP,N,,CP - Cutting Plant,,
PE 620,SKLAVOUNOS CHRISTOS & SKLAVOUNOS ANDREAS O.E.,KERKYRA,Corfu,49100,"Corfu Regional Unit,Ionian Islands Region,Peloponnese, West Greece and Ionian Sea",Greece,PM,CP,N,,CP - Cutting Plant,,
PE163,SKORDILIS ALEXANDROS,"AGIA ELENI ,KERKYRA",Agio Eleni,49100,"Corfu Regional Unit,Ionian Islands Region,Peloponnese, West Greece and Ionian Sea; A Poultry",Greece,PM,CP,N,,CP - Cutting Plant,,
PE233,SOFIKITIS LAZAROS - SOUVLAKIS A.E,KRANIDI ARGOLIDA,Kranidi,21300,"Argolis Regional Unit,Peloponnese, West Greece and Ionian Sea; A Poultry",Greece,PM,CP,N,,CP - Cutting Plant,,
PE140,SONS ATHANASIOY PLATI F.P.,19on km XANTHIS-AVDIRON,Avdira,67100,"Xanthi Regional Unit,East Macedonia and Thrace Region,Macedonia - Thrace; A Poultry",Greece,PM,CP,N,,CP - Cutting Plant,,
PE465,SPENTZOS FARMS IKE,C. M. ATHINON S.A. - AG.I. RENTIS,Municipal Unit of Agios Ioannis Rentis,18233,"Regional Unit of Piraeus,Region of Attica,Attica; A Poultry",Greece,PM,CP,N,,CP - Cutting Plant,,
PE567,SPENTZOS FARMS IKE,ASPROPYRGOS,Aspropyrgos,19018,"Regional Unit of West Attica,Region of Attica,Attica",Greece,PM,CP,N,,CP - Cutting Plant,,
PE36,SPITIKA TROFIMA A.V.E.E.,B' VIPE VOLOS MAGNISIA,Volos,38001,"Regional Unit of Magnesia,Region of Thessaly,Thessaly - Central Greece; A Poultry",Greece,PM,CP,N,,CP - Cutting Plant,,
PE 598,STAVROU VAIOS TOU NIKOLAOU,MANDRA,Μάνδρα,19600,"Regional Unit of West Attica,Region of Attica,Attica",Greece,PM,CP,N,,CP - Cutting Plant,,
PE150,STRAVARIDI A.E V.E,PERISTASI,00 Peristasi,601,"Pieria Regional Unit,Central Macedonia Region,Macedonia - Thrace; A Poultry",Greece,PM,CP,N,,CP - Cutting Plant,,
P31,STRAVARIDI A.E.V.E .,PERISTASSI,00 Peristasi,601,"Pieria Regional Unit,Central Macedonia Region,Macedonia - Thrace; A Poultry",Greece,PM,SH,Y,,SH - Slaughterhouse,,
PE468,SYNERGIA SA,MARATHONOS 5-7 - NEO IRAKLEIO,Μαρούσι,14121,"Regional Unit North Athens,Region of Attica,Attica; A Poultry",Greece,PM,CP,N,,CP - Cutting Plant,,
PE143,SYNTILIS G. KONSTANTINOS,L. MARATHONOS 48 - PALLINI,Pallini,15344,"Regional Unit of East Attica,Region of Attica,Attica; A Poultry",Greece,PM,CP,N,,CP - Cutting Plant,,
PE 607,TASIOULAS V. ANGELOS,IGOUMENITSA,Igoumenitsa,46100,"Thesprotia Regional Unit,Epirus Region,Epirus - Western Macedonia",Greece,PM,CP,N,,CP - Cutting Plant,,
PE528,TASTY MOODS IKE,PATRA,Patras,26441,"Achaea Regional Unit,Peloponnese, West Greece and Ionian Sea",Greece,PM,CP,N,,CP - Cutting Plant,,
PE26,TH. NITSIAKOS A.V.E.E.,RODOTOPI,Rodotopi,45500,"Ioannina Regional Unit,Epirus Region,Epirus - Western Macedonia; A Poultry",Greece,PM,CP,N,,CP - Cutting Plant,,
PE68,TH. NITSIAKOS A.V.E.E.,ASPROPYRGOS,Aspropyrgos,19300,"Regional Unit of West Attica,Region of Attica,Attica; A Poultry",Greece,PM,CP,N,,CP - Cutting Plant,,
P23,TH. NITSIAKOS AVEE,RODOTOPI,Rodotopi,45500,"Ioannina Regional Unit,Epirus Region,Epirus - Western Macedonia; A Poultry",Greece,PM,SH,Y,,SH - Slaughterhouse,,
PE 537,THEOFILOS FOOD SERVICE I.K.E.,KAVALA,Kavala,64100,"Kavala Regional Unit,East Macedonia and Thrace Region,Macedonia - Thrace",Greece,PM,CP,N,,CP - Cutting Plant,,
PE 489,TO KREOPOLEIO TIS AGORAS E.E,AG.I.RENTIS,Municipal Unit of Agios Ioannis Rentis,18233,"Regional Unit of Piraeus,Region of Attica,Attica; A Poultry",Greece,PM,CP,N,,CP - Cutting Plant,,
PE415,TOP MEAT M.E.P.E,TAVROS ATTIKIS,Municipal Unit of Tavros,17778,"Regional Unit of South Athens,Region of Attica,Attica; A Poultry",Greece,PM,CP,N,,CP - Cutting Plant,,
PE418,TOUFEKTSI VASILIKI,7on km E.O.SERRON-THESSALONIKIS,Serres,62124,"Serres Regional Unit,Central Macedonia Region,Macedonia - Thrace; A Poultry",Greece,PM,CP,N,,CP - Cutting Plant,,
ΡΕ 611,TRADITIONAL TEMPI SAUSAGE E.E.,EVAGELISMOS,Evangelismos,40200,"Regional Unit of Larisa,Region of Thessaly,Thessaly - Central Greece",Greece,PM,CP,N,,CP - Cutting Plant,,
PE550,TRIKALES GEFSEIS MONOPROSOPI I.K.E,KALYVIA,Kalyvia Thorikou,19010,"Regional Unit of East Attica,Region of Attica,Attica",Greece,PM,CP,N,,CP - Cutting Plant,,
PE130,TROFODIANOMI CHATZIIOANNOU & SIA E.E.,XANTHI,00 Xanthi,671,"Xanthi Regional Unit,East Macedonia and Thrace Region,Macedonia - Thrace; A Poultry",Greece,PM,CP,N,,CP - Cutting Plant,,
PE 617,TSAKATIKAS PANAGIOTIS,RODITSA LAMIAS,Roditsa,35100,"Regional Unit of Phthiotis,Region of Central Greece,Thessaly - Central Greece",Greece,PM,CP,N,,CP - Cutting Plant,,
PE249,TSALKANTIS N. IOANNIS,PELLA,Pella,58005,"Pella Regional Unit,Central Macedonia Region,Macedonia - Thrace; A Poultry",Greece,PM,CP,N,,CP - Cutting Plant,,
PE486,TSIKAKIS- GIANNOPOULOS A.E,ANOGEIA,Ανώγεια,23054,"Lakonia Regional Unit,Peloponnese, West Greece and Ionian Sea; A Poultry",Greece,PM,CP,N,,CP - Cutting Plant,,
ΡΕ57,TSILIGKARIDOU MARIA TOU KONSTANTINOU,LAGADAS,Lagkadas Lagkadas,,"Thessaloniki Regional Unit,Central Macedonia Region,Macedonia - Thrace; A Poultry",Greece,PM,CP,N,,CP - Cutting Plant,,
PE 586,TZELEPIS IOANNIS,DRAMA,Drama,66100,"Drama Regional Unit,East Macedonia and Thrace Region,Macedonia - Thrace",Greece,PM,CP,N,,CP - Cutting Plant,,
PE 208,The Mart A.E.,DIAVATA THESSALONIKI,Neochorouda,57008,"Thessaloniki Regional Unit,Central Macedonia Region,Macedonia - Thrace; A Poultry",Greece,PM,CP,N,,CP - Cutting Plant,,
PE 185,UNI FOOD COMPANY MONOPROSOPI I.K.E.,KATO AGIOS IOANNIS KORINOS,Kato Agios Ioannis,60100,"Pieria Regional Unit,Central Macedonia Region,Macedonia - Thrace; A Poultry",Greece,PM,CP,N,,CP - Cutting Plant,,
PE 426,V. DENAXAS A.E.,K2-10A-28 & K2-11B-29 OKAA RENTI ATHENS,Municipal Unit of Agios Ioannis Rentis,18233,"Regional Unit of Piraeus,Region of Attica,Attica",Greece,PM,CP,N,,CP - Cutting Plant,,
PE551,VAIOS N. KALOROGIANNIS,OMORFOCHORI,Omorfochorion Larisa,41500,"Regional Unit of Larisa,Region of Thessaly,Thessaly - Central Greece",Greece,PM,CP,N,,CP - Cutting Plant,,
PE568,VASILEIOU TROFINKO A.E V.E,MAGOULA,Magoula,19018,"Regional Unit of West Attica,Region of Attica,Attica",Greece,PM,CP,N,,CP - Cutting Plant,,
PE37,VEK KIOURTSIDIS A.V.E.E.,MIKRO DASSOS KILKIS,Mikro Dasos,61200,"Kilkis Regional Unit,Central Macedonia Region,Macedonia - Thrace; A Poultry",Greece,PM,CP,N,,CP - Cutting Plant,,
PE544,VENETIS A.V.E.E.T,LYKOVRYSI,Μαρούσι,14123,"Regional Unit North Athens,Region of Attica,Attica",Greece,PM,CP,N,,CP - Cutting Plant,,
PE84,VESKE A.E.E.,19on km L.MARKOPOULOU ATTIKIS,Markopoulo,15344,"Regional Unit of East Attica,Region of Attica,Attica; A Poultry",Greece,PM,CP,N,,CP - Cutting Plant,,
PE54,VESTA FOODS A.E.,ARGYROUPOLI ATTIKIS,Municipal Unit of Argyroupoli,16451,"Regional Unit of South Athens,Region of Attica,Attica; A Poultry",Greece,PM,CP,N,,CP - Cutting Plant,,
PE60,VESTA FOODS AE,MOSCHATO,Municipal Unit of Moschato,18345,"Regional Unit of South Athens,Region of Attica,Attica; A Poultry",Greece,PM,CP,N,,CP - Cutting Plant,,
PE 475,VIOMICHANIKO SFAGEIO IMATHIAS MONOPROSOPI A.E. & V.E.,TAGAROCHORI VEROIAS,Tagarochorion Veroia,59100,"Imathia Regional Unit,Central Macedonia Region,Macedonia - Thrace; A Poultry",Greece,PM,CP,N,,CP - Cutting Plant,,
PE543,VITA EPSILON A.E.,MONOLITHOS THIRAS,Fira,84700,"Thira Regional Unit,South Aegean Region",Greece,PM,CP,N,,CP - Cutting Plant,,
PE 153,VITTOS FAMILY MONOPROSOPI E.P.E,22 PAPADOPOULOU STREET,Municipal Unit of Agios Ioannis Rentis,18233,"Regional Unit of Piraeus,Region of Attica,Attica",Greece,PM,CP,N,,CP - Cutting Plant,,
PE590,VOLKANOS FARM KASTANAS A. DIAMANTOPOULOS A. & SIA OE,OICHALIA,Οιχαλία,24002,"Messenia Regional Unit,Peloponnese, West Greece and Ionian Sea",Greece,PM,CP,N,,CP - Cutting Plant,,
PE455,VOUDOURIS KONSTAS S.A.,MOSCHATO ATTIKI,Municipal Unit of Moschato,18345,"Regional Unit of South Athens,Region of Attica,Attica; A Poultry",Greece,PM,CP,N,,CP - Cutting Plant,,
PE 589,XASAPIO I.K.E.,PERISTERI,Peristeri,12132,"Regional Unit of West Attica,Region of Attica,Attica",Greece,PM,CP,N,,CP - Cutting Plant,,
PE 606,YIOI K. CHARTAKI O.E. -FARMA CHARTAKI,ALIARTOS VIOTIA,Aliartos,32001,"Regional Unit of Boeotia,Region of Central Greece,Thessaly - Central Greece",Greece,PM,CP,N,,CP - Cutting Plant,,
PE474,YIOI S. KADOGLOU FP,4on km ODOU VEROIAS-NAOUSAS,00 Veria,591,"Imathia Regional Unit,Central Macedonia Region,Macedonia - Thrace; A Poultry",Greece,PM,CP,N,,CP - Cutting Plant,,
PE215,ZARKOS A.E.V.E,KIATO KORINTHOS,Kiato,20200,"corinthia Regional Unit,Peloponnese, West Greece and Ionian Sea; A Poultry",Greece,PM,CP,N,,CP - Cutting Plant,,
P65,ZERVOS GEORGIOS,"AMYGDALOS MELIDONIOU, DIMOS MYLOPOTAMOU, RETHYMNO",Melidonion Perama Rethymnis,74052,"Rethymno Regional Unit,Region of Crete,Crete",Greece,PM,SH,Y,,SH - Slaughterhouse,,
PE 446,ΜΕΤΑΜΕΑΤ 2026 Ε.Ε.,FALANTHOU 6-8 - PERISTERI,Peristeri,12137,"Regional Unit of West Attica,Region of Attica,Attica; A Poultry",Greece,PM,CP,N,,CP - Cutting Plant,,
PE 469,ΧΧ-KREATOSKEYASMATA & SIA E.E,NEA EFKARPIA,Efkarpia,56436,"Thessaloniki Regional Unit,Central Macedonia Region,Macedonia - Thrace",Greece,PM,CP,N,,CP - Cutting Plant,,
39KN23,FINTRILIS PAN SMPC,AG.MARINAS ST.,Ag Andreas Korakocpyrgos Ileias,,"Peloponnese, West Greece and Ionian Sea",Greece,GM,CP,N,,CP - Cutting Plant,,
A597,MEAT NET EPE,54 SPIROU MELA & VOULGAROKTONOU,Municipal Unit of Tavros,17778,"Regional Unit of South Athens,Region of Attica,Attica",Greece,GM,CP,N,,CP - Cutting Plant,,
