approval_number,name,address,city,postcode,region,country,group,section,activity,slaughter,species,remarks,date_of_approval,publication_date
1389,AL-KHAJA FREEZING PRIVATE LIMITED,"VILL-MOHISGODI, P.O- MUDIAHAT, P.S- SHASAN, DIST- NORTH 24 PARGANAS, KOLKATA-700128, WEST BENGAL",Parganas (N),24,West Bengal,India,third-country,FFP,PP,,,PP - Processing Plant,08/09/2025,
1977,ALPHA MARINE LIMITED,"Sy. No. 587, 589 & 591, Gandavaram to Peyyalapalem Road, Bodduvaripalem (V), Kammavaripalem Post, Kodavalur (M), Nellore – 524316, Andhra Pradesh, India",Kodavalur,,"Sri Potti Sriramulu Nellore District,Andhra Pradesh",India,third-country,FFP,PP,,,PP - Processing Plant,08/09/2025,
1997,AMEYA FROZEN FOODS PRIVATE LIMITED,"D No. 7-118, RS No.5/1C, 5/1A, 5/1B, Vissampalem, Tadimalla, Nidadavole Mandal, East Godavari, Andhra Pradesh, India – 534305",ANDHRA PRADESH,,Andhra Pradesh,India,third-country,FFP,PP,,,PP - Processing Plant,10/06/2026,
1906,AVR Marines Private Ltd,"R.S.NO:60/3B,THIRUPATHIPURAM, ATTILI MANDAL,WEST GODAVARI DISTRICT, ANDHRA PRADESH - 534134",Attili,534100,"West Godavari District,Andhra Pradesh",India,third-country,FFP,PP,,,PP - Processing Plant,28/04/2023,
2625,Amar Food Products,"Vanana Unit, Survey No. 67, Near Vanana, Tall Plaza Highway, Tal-Ranavav, Digvijaygadh, Dist.-Porbandar, Gujarat-360560, India",Porbandar,360575,Gujarat,India,third-country,FFP,PP,,,PP - Processing Plant,05/09/2025,
2620,Aqua Foods Exim,"Plot No. B-4, Additional Lote MIDC, Asgani Village, Khed Taluka, Ratnagiri Dist, Maharashtra 415708",Khed,415709,"Ratnagiri,Maharashtra",India,third-country,FFP,PP,,,PP - Processing Plant,20/06/2025,
1378,Ashadeep Aquaculture Pvt Ltd,"Plot No.-768, 751, 764/842, 443, 766, 767, 448, 441, Tinipada Jugal Kishorepur, Mankhani, PS: Khantapada, Dist.: Balasore, Odisha, Pin-756043",Balasore,756040,"Baleshwar,Odisha",India,third-country,FFP,PP,,,PP - Processing Plant,05/09/2025,
1382,BRC Marine Products,"Plot No. - 288/1123 and 1124, Narasinghprasad, P.O. Dosinga, VIA, Dhamara, Bhadrak, Odisha - 756171",Bhadrak,756040,"Baleshwar,Odisha",India,third-country,FFP,PP,,,PP - Processing Plant,05/09/2025,
1359,Basu International (UNIT V),"JAGAIBASAN, P.O.- DIGHA, DIST-PURBA MEDINIPUR, PIN-721 428, WEST BENGAL",Digha,721428,"Purba Medinipur,West Bengal",India,third-country,FFP,PP,,,PP - Processing Plant,27/04/2023,
1976,CHOICE TRADING CORPORATION PRIVATE LIMITED,"Survey No: 389-3, 389-2H, 389-2C, 389-2D, 387-1A, Yazali Village, Dhammanavaripalem Village and Post, Karlapalem, Bapatla, Guntur District Andhra Pradesh - 522111",Guntur,522035,"Guntur District,Andhra Pradesh",India,third-country,FFP,PP,,,PP - Processing Plant,08/09/2025,
CHE/FFP/02833,DANICA AQUA EXPORTS PRIVATE LIMITED,"Survey No. 4/10 to 4/19, Yerukonda Village, Poosapatirega Mandal - 535213, Vizianagaram District, Andhra Pradesh, India",ANDHRA PRADESH,,Andhra Pradesh,India,third-country,FFP,PP,,,PP - Processing Plant,28/04/2023,
1973,Deva Sea Food Unit- 1,"3/12E Bye Pass Road, Madathur, Tuticorin-628101, Tamil Nadu",Tuticorin,628003,"Thoothukudi district,Tamil Nadu",India,third-country,FFP,PP,,,PP - Processing Plant,08/09/2025,
916,Devi Sea Foods Limited,,Tanuku,534100,"West Godavari District,Andhra Pradesh",India,third-country,FFP,PP,,,PP - Processing Plant,,
1952,Devi Sea Foods Limited (Unit-II),"Sy.No.80/5,81/1A, Mulaguntapadu(V), Singarayakonda - 523101, Prakasam District, Andhra Pradesh, India",Singarayakonda,523101,"Prakasam District,Andhra Pradesh",India,third-country,FFP,PP,,,PP - Processing Plant,20/02/2025,
747,FAIR EXPORTS (INDIA) PRIVATE LIMITED,"DOOR NO. AP 22/636, INDUSTRIAL ESTATE, P.O. AROOR, ALAPPUZHA, 688 534, KERALA",Aroor,,Kerala,India,third-country,FFP,PP,,,PP - Processing Plant,28/11/2023,
1390,FLAMINQO SHRIMPEX PRIVATE LIMITED,"IDCO Plot No 12, Sea Food Park, Deras, Haripur, Mendasal, Bhubaneswar, Khordha, Odisha, 752054",Khurda,,Odisha,India,third-country,FFP,PP,,,PP - Processing Plant,10/06/2026,
1383,GADRE MARINE EXPORT PVT LTD,"Surimi Unit, Salt Road, Tundara, PO Inchudi, Remuna Block, Balasore, Odisha 756021",Balasore,756040,"Baleshwar,Odisha",India,third-country,FFP,PP,,,PP - Processing Plant,03/08/2026,
CHE/FFP/02741,GODAVARI MEGA AQUA FOOD PARK PRIVATE LIMITED,"R.S.NO.799, TUNDURRU VILLAGE, BHIMAVARAM MANDAL, WEST GODAVARI DISTRICT, 534207",Bhimavaram,522600,"Prakasam District,Andhra Pradesh",India,third-country,FFP,PP,,,PP - Processing Plant,,
1612,GOLD MARINE EXPORTS PVT LTD,"SNDP JUNCTION, THURAVOOR P.O. KUTHIYATHODE, ALAPPUZHA DIST- 688532, KERALA",Kuthiyathood,688540,"Alappuzha,Kerala",India,third-country,FFP,PP,,,PP - Processing Plant,05/09/2025,
2405,GREAT WIN EXPORTS PRIVATE LIMITED,"Sy.No. 859-1, 860, Podalakuru Road, Madamanuru Village – 524405 Manubolu Mandal, SPSR Nellore District, Andhra Pradesh",ANDHRA PRADESH,,Andhra Pradesh,India,third-country,FFP,PP,,,PP - Processing Plant,10/06/2026,
MUM/FFP/02564,Great Wall Exports,"Plot no.1406, G.I.D.C. ESTATE",Veraval,362200,Gujarat,India,third-country,FFP,PP,,,PP - Processing Plant,,
2633,Harbour Arabian Exports,"Survey No. 281, Hissa No. 3B, At-Nate, Taluka-Rajapur, Dist- Ratnagiri, Nate, Ratnagiri, Maharashtra, 415806.",Rajapur,416416,"Sangli district,Maharashtra",India,third-country,FFP,PP,,,PP - Processing Plant,08/09/2025,
1967,Island Seafood Exports,"Door No 6/226/A3, Ramanathapuram Road, Tharuvaikulam, Tuticorin District, Tamil Nadu - 628105",Tuticorin,628003,"Thoothukudi district,Tamil Nadu",India,third-country,FFP,PP,,,PP - Processing Plant,05/09/2025,
1611,KARTHIK MARINE INDUSTRIES,"S NO 187/7, PITHRODY, UDYAVARA, UDUPI, KARNATAKA, 574118",Udupi,574115,"Udupi district,Karnataka",India,third-country,FFP,PP,,,PP - Processing Plant,05/09/2025,
CH:CS-33,KING ICE PLANT (COLD STORAGE),"S.F.NO. 82/5,85/3,85/4 A, DOOR NO 4/247/2, MELA ARASARADI, OTTAPIDARAM TALUK, 628 002",Tuticorin,628003,"Thoothukudi district,Tamil Nadu",India,third-country,FFP,CS,,,CS - Cold Stores,,
975,Kader Exports Private Limited Unit 04,"2/91, Pattinamarut hur Village, Tharuvaikulam Post, Tuticorin-628105, Tamil Nadu",Tuticorin,628003,"Thoothukudi district,Tamil Nadu",India,third-country,FFP,PP,,,PP - Processing Plant,14/01/2026,
897,Kader Exports Private Limited Unit 02,"D. No. 4-139, Pedaamiram, Bhimavaram-534204, West Godavari Dist, Andhra Pradesh",Bhimavaram,522600,"Prakasam District,Andhra Pradesh",India,third-country,FFP,PP,,,PP - Processing Plant,,
976,Kader Exports Private Limited Unit 03,"'A' Block, I.D.A., Autonager, Visakhapatnam, Andhra Pradesh-530012,India",Vishakapatnam,,"Vishakhapatnam District,Andhra Pradesh",India,third-country,FFP,PP,,,PP - Processing Plant,,
839,Kader Exports Private Limited Unit 05,"TNFDC Freezing complex, Rarnnad district, Mandapam - 623518",Mandapam,623518,"Ramanathapuram district,Tamil Nadu",India,third-country,FFP,PP,,,PP - Processing Plant,,
528,M/S Esmario Export Enterprises Private Limited,"Kavanad P.O., Kollam- 691003, Kerala",Kollam,691001,"Kollam,Kerala",India,third-country,FFP,PP,,,PP - Processing Plant,26/04/2023,
1896,M/S Nekkanti Mega Food Park Pvt.Ltd.,"Sy.No.698-B2,699-A1, Kothapatnam Village, Kota Mandal, SPSR Nellore District, Andhra Pradesh 524411",ANDHRA PRADESH,,Andhra Pradesh,India,third-country,FFP,PP,,,PP - Processing Plant,27/04/2023,
761,M/S Veronica Marine Exports Private Limited.,"Building No. NGP III.209A, Puthenthura PO, Neendara, Kollam-691581",Neendakara,691585,"Kollam,Kerala",India,third-country,FFP,PP,,,PP - Processing Plant,,
920,M/S. ASVINI FISHERIES PRIVATE LIMITED,"R.S.No. 626/1, Dirusumaru Road, P.B.No. 52, Bhimavaram, West Godavari Disrict 534239",West Godavari,,Andhra Pradesh,India,third-country,FFP,PP,,,PP - Processing Plant,,
1551,M/S. Fouress Foods,"Survey No.17/1, 17/2, Balale Hobli, Mogata, Karebail Village",Ankola,581314,"Uttara Kannada,Karnataka",India,third-country,FFP,PP,,,PP - Processing Plant,,
1261,"M/S. SEASAGA ENTERPRISES PRIVATE. LIMITED, UNIT II","Plot No.E-27, Taloja Industrial Area, Dist. Raigad, Pin-410208",MIDC Taloja,400104,"Raigad,Maharashtra",India,third-country,FFP,PP,,,PP - Processing Plant,,
KOL:CS-09,M/S. Snowman Logistics Ltd.,"Plot No.2360-80, Khata No.574,Phulnakh ara- Adaspur Road, P.O. Sundargram, Pin-754002",Cuttack,753001,"Cuttack,Odisha",India,third-country,FFP,CS,,,CS - Cold Stores,,
520,M/S.Capithan Exporting Company,"Port Road, Sakthikulangara P.O., Kollam-691581, Kerala",Kollam,691585,"Kollam,Kerala",India,third-country,FFP,PP,,,PP - Processing Plant,26/04/2023,
707,M/s A. S. MARINE INDUSTRIES PRIVATE LIMITED,"CCXVIII/263, Nadakadavu Road, Kochi-682006, Kerala",Ernakulam,682006,"Ernakulam,Kerala",India,third-country,FFP,PP,,,PP - Processing Plant,22/08/2025,
1501,M/s A.M. Fisheries,XIII/378. Kakkazhom. Vandanam P.O.,Ambalapuzha,688561,"Alappuzha,Kerala",India,third-country,FFP,PP,,,PP - Processing Plant,,
763,M/s ABM Marine Products,"19/2084 - E, Nambiapuram Road Palluruthy, Kochi – 682006, Kerala",Palluruthy,682006,Kerala,India,third-country,FFP,PP,,,PP - Processing Plant,27/04/2023,
1605,M/s AI Marine Products India Private Limited,"Plot No.32 KSIDC Industrial Growth Centre, Pallippuram Post-688541, Cherthala, Alappuzha District, Kerala",Cherthala,,"Alappuzha,Kerala",India,third-country,FFP,PP,,,PP - Processing Plant,20/02/2025,
678,M/s Abad Exim Private Limited,"Plot No. 32 & 33A, Cochin Special Economic Zone, Kakkanad, Kochi-682037, Kerala",Cochin,682037,"Ernakulam,Kerala",India,third-country,FFP,PP,,,PP - Processing Plant,03/08/2026,
KOC:CS-1,M/s Abad Exports Pvt. Ltd.,,Aroor,,Kerala,India,third-country,FFP,CS,,,CS - Cold Stores,,
716,M/s Abad Fisheries Private Limited,"N.H. Rd, bldg n° 1/168",Aroor,,Kerala,India,third-country,FFP,PP,,,PP - Processing Plant,,
730,M/s Abad Fisheries Private Limited (Unit VII),"01/99, Pallipuram P.O., Munambam, Ernakulam Dist Pin- 683515, Kerala",Ernakulam,,"Ernakulam,Kerala",India,third-country,FFP,PP,,,PP - Processing Plant,18/08/2026,
626,M/s Abad Fisheries Private Limited (Unit-III),"VII/29-34, Vizhinjam, Thiruvananthapuram- 695521, Kerala",Vizhinjam,695521,"Thiruvananthapuram,Kerala",India,third-country,FFP,PP,,,PP - Processing Plant,03/08/2026,
KOC:CS-8,M/s Abad Fisheries Private Limited Cold Store,,Aroor,,Kerala,India,third-country,FFP,CS,,,CS - Cold Stores,,
821,M/s Abad Overseas Private Limited,,Visakhapatnam,531173,"Vishakhapatnam District,Andhra Pradesh",India,third-country,FFP,PP,,,PP - Processing Plant,,
910,M/s Abad Overseas Pvt Ltd,"Plot No.C2, Sipcot Industrial Park, Irungattukottai",Sriperumbudur,631501,"Thiruvallur district,Tamil Nadu",India,third-country,FFP,PP,,,PP - Processing Plant,,
684,M/s Accelerated Freeze Drying Co. Ltd.,"Door No. EP/IV/513, Ezhupunna, Alappuzha Dist., Kerala – 688548",Ezhupunna South,688537,"Alappuzha,Kerala",India,third-country,FFP,PP,,,PP - Processing Plant,26/04/2023,
1177,M/s Aftab Marine Exports,"Plot No. 1003, GIDC Estate, Pin-362269",Veraval,362200,Gujarat,India,third-country,FFP,PP,,,PP - Processing Plant,,
1108,M/s Alps Ice & Cold Storage Pvt. Ltd.,,Mumbai,400053,"Mumbai City,Maharashtra",India,third-country,FFP,PP,,,PP - Processing Plant,,
1283,M/s Amar Food Products,"Jawar Naka, Porbandar-360575, Gujarat, India",Porbandar,360575,Gujarat,India,third-country,FFP,PP,,,PP - Processing Plant,28/04/2023,
264,M/s Amarsagar Seafoods Pvt. Ltd,"P.O. Box No. 23, Javarnaka",Porbandar,360575,Gujarat,India,third-country,FFP,PP,,,PP - Processing Plant,,
252,M/s Amison Fisheries Limited,,Malvan,,"Nandubar,Maharashtra",India,third-country,FFP,PP,,,PP - Processing Plant,,
282,M/s Amrut Cold Storage Pvt. Ltd.,,Veraval,362200,Gujarat,India,third-country,FFP,PP,,,PP - Processing Plant,,
883,M/s Amulya Seafoods,,Tuticorin,628003,"Thoothukudi district,Tamil Nadu",India,third-country,FFP,PP,,,PP - Processing Plant,,
872,M/s Ananda Enterprises (India) Pvt. Ltd.,,Palakoderu,534200,"West Godavari District,Andhra Pradesh",India,third-country,FFP,PP,,,PP - Processing Plant,,
929,M/s Ananda Foods,27-8-21/3 SIVARAOPET,Bhimavaram,522600,"Prakasam District,Andhra Pradesh",India,third-country,FFP,PP,,,PP - Processing Plant,,
791,M/s Anchuthara Food Products,"House n° III-B.MLA Rd, Poochakkai",Alappuzha,682018,"Alappuzha,Kerala",India,third-country,FFP,PP,,,PP - Processing Plant,,
1833,M/s Andhra Medi Pharma India Pvt. Ltd.,,Bapulapadu,,"Krishna District,Andhra Pradesh",India,third-country,FFP,PP,,,PP - Processing Plant,,
1948,M/s Aparna Marine Exports,"Survey No.387-3A1,387-4,389/2, Dammanavaripalem Panchayat, Karlapalem Mandal, Bapatla Guntur, District, Andhra Pradesh - 522111",Karlapalem,522200,"Guntur District,Andhra Pradesh",India,third-country,FFP,PP,,,PP - Processing Plant,28/04/2023,
1800,M/s Apex Frozen Foods Limited.,"3-160, Panasapadu",Kakinada,533433,"East Godavari District,Andhra Pradesh",India,third-country,FFP,PP,,,PP - Processing Plant,,
871,M/s Aqua World Exports Private Limited,"Meenanchal, Padanthalmoodu",Kaliakavila,,"Kanyakumari district,Tamil Nadu",India,third-country,FFP,PP,,,PP - Processing Plant,,
1543,M/s Arbee Aquatic Proteins Pvt. Ltd.,"AP-II/723, Aroor Industrial Area, Dist-Alleppey",Aroor,,Kerala,India,third-country,FFP,PP,,,PP - Processing Plant,,
1524,M/s Arbee Biomarine Extracts Pvt. Ltd.,"Plot nNo.13/P2, Thandya Industrial Area Nanjangudu",Mysore University Layout,570001,"Mysuru district,Karnataka",India,third-country,FFP,PP,,,PP - Processing Plant,14/03/2022,
738,M/s Aswin Associates,,Kochi,682036,"Ernakulam,Kerala",India,third-country,FFP,PP,,,PP - Processing Plant,,
1117,M/s Atlas Fisheries Pvt. Ltd.,,old Goa,403006,"North Goa,Goa",India,third-country,FFP,PP,,,PP - Processing Plant,,
KOC: CS-46,M/s Avla Cold Storage,"Cheelendimukku, Kollam",Neendakara,691585,"Kollam,Kerala",India,third-country,FFP,CS,,,CS - Cold Stores,,
799,M/s Avla Nettos Exports,Sakthikulangara,Kollam,601012,"Kollam,Kerala",India,third-country,FFP,PP,,,PP - Processing Plant,,
468,"M/s B.S. Sea Foods Pvt. Ltd., Unit II","Vill-Chandigari-Kanchantala, P.O. Badu, P.S. Barasat",Parganas (N),24,West Bengal,India,third-country,FFP,PP,,,PP - Processing Plant,,
826,M/s Baby Marine (Eastern) Exports,,Mandapam,623518,"Ramanathapuram district,Tamil Nadu",India,third-country,FFP,PP,,,PP - Processing Plant,,
CH:CS-3,M/s Baby Marine (Eastern) Foods,,Tuticorin Port,628001,"Thoothukudi district,Tamil Nadu",India,third-country,FFP,CS,,,CS - Cold Stores,,
669,M/s Baby Marine International,"Bldg No. 18/51, Thoppumpady, Kochi-682005, Kerala",Thoppumpady,682005,"Ernakulam,Kerala",India,third-country,FFP,PP,,,PP - Processing Plant,11/02/2025,
KOC:CS-41,M/s Baby Marine International,,Mangalore,575010,"Dakshina Kannada,Karnataka",India,third-country,FFP,CS,,,CS - Cold Stores,,
KOC:CS-35,M/s Baraka Overseas Traders,"Kallai 1st Cross, Oddedaguly Harekal",Mangalore,575010,"Dakshina Kannada,Karnataka",India,third-country,FFP,CS,,,CS - Cold Stores,,
514,M/s Bell Foods (Marine Division),,Thoppumpady,628002,"Ernakulam,Kerala",India,third-country,FFP,PP,,,PP - Processing Plant,,
238,M/s Bhavani Sea Foods,,Veraval,362200,Gujarat,India,third-country,FFP,PP,,,PP - Processing Plant,,
1372,M/s Bhubaneshwari Seafood Private Limited,"Plot No. 1177, Mouja: Biruan, Balasore, Pin-756060, Odisha, India",Khannagar,756060,"Baleshwar,Odisha",India,third-country,FFP,PP,,,PP - Processing Plant,27/04/2023,
343,M/s Bijaya Marine Products,,Puri,752001,"Cuttack,Odisha",India,third-country,FFP,PP,,,PP - Processing Plant,,
851,M/s Blue Park Sea Foods Pvt. Ltd.,D. N° 152/2 Kurumaddali Village,Pamarru,521157,"Krishna District,Andhra Pradesh",India,third-country,FFP,PP,,,PP - Processing Plant,,
KOC:CS-37,M/s Blue Water Foods And Exports Pvt. Ltd.,,New Mangalore,,"Dakshina Kannada,Karnataka",India,third-country,FFP,CS,,,CS - Cold Stores,,
752,M/s Blue Water Foods and Exports (P) Ltd.,,Baikampady,575001,"Dakshina Kannada,Karnataka",India,third-country,FFP,PP,,,PP - Processing Plant,,
808,M/s Britto Seafoods Export Private Limited,,Thoothukudi,628001,"Thoothukudi district,Tamil Nadu",India,third-country,FFP,PP,,,PP - Processing Plant,,
844,M/s Britto Seafoods Exports Private Limited Unit-II,,Tuticorin,628003,"Thoothukudi district,Tamil Nadu",India,third-country,FFP,PP,,,PP - Processing Plant,,
1562,M/s Busthan AL Wathaniya,"Plot No. 29, KSIDC Industrial Growth Centre, Pallipuram P.O., Cherthala, Alappuzha Dist., Kerala-688541",Cherthala,,"Alappuzha,Kerala",India,third-country,FFP,PP,,,PP - Processing Plant,27/04/2023,
392,M/s Calcutta Seafoods Private Limited,,Madhyamgram,,West Bengal,India,third-country,FFP,PP,,,PP - Processing Plant,,
686,M/s Cap Seafoods Private Limited,"1/71, Vypeen Island, Azheekal P.O.",Ernakulam,,"Ernakulam,Kerala",India,third-country,FFP,PP,,,PP - Processing Plant,,
1270,M/s Capital Fish Centre,"Plot No 1305, G.I.D.C. Estate",Veraval,362200,Gujarat,India,third-country,FFP,PP,,,PP - Processing Plant,,
KOC:CS-40,M/s Capithan Cold Store Unit No. III,,Kollam,601012,"Kollam,Kerala",India,third-country,FFP,CS,,,CS - Cold Stores,,
KOC:CS-18,M/s Capithan Exporting Company,,Kollam,601012,"Kollam,Kerala",India,third-country,FFP,CS,,,CS - Cold Stores,,
KOC:CS-28,M/s Capithan Exporting Company,"Cold Store n° 2, Door n° W-III/204",Kollam,601012,"Kollam,Kerala",India,third-country,FFP,CS,,,CS - Cold Stores,,
253,M/s Castlerock Fisheries Limited,,MIDC Taloja,400104,"Raigad,Maharashtra",India,third-country,FFP,PP,,,PP - Processing Plant,,
215,"M/s Castlerock Fisheries Limited, Unit II",,Veraval,362200,Gujarat,India,third-country,FFP,PP,,,PP - Processing Plant,,
182,"M/s Castlerock Fisheries Ltd., Unit III",,Veraval,362200,Gujarat,India,third-country,FFP,PP,,,PP - Processing Plant,,
277,M/s Castlerock Fisheries Pvt. Ltd.,"Plot No. B 31/34, Road No. 18, Wagle Industrial Estate",Thane (MUMBAI),400606,Maharashtra,India,third-country,FFP,PP,,,PP - Processing Plant,,
737,M/s Charly Fisheries,,Kollam,601012,"Kollam,Kerala",India,third-country,FFP,PP,,,PP - Processing Plant,,
KOC:CS-32,M/s Charly Fisheries Cold Store,"Mamachanthuruthu, Neendakara P.O.",Kollam,601012,"Kollam,Kerala",India,third-country,FFP,CS,,,CS - Cold Stores,,
741,M/s Cherukattu Industries (Marine Division),Aroor 688534,Alleppey,,Kerala,India,third-country,FFP,PP,,,PP - Processing Plant,,
KOC:CS-15,M/s Cherukattu Industries Cold Store,,Chandiroor,,Kerala,India,third-country,FFP,CS,,,CS - Cold Stores,,
792,M/s Choice Canning Company,21/1391 A Thangai Nagar,Kochi,682036,"Ernakulam,Kerala",India,third-country,FFP,PP,,,PP - Processing Plant,,
913,M/s Coastal Corporation Limited Unit - II,,Visakhapatnam,531173,"Vishakhapatnam District,Andhra Pradesh",India,third-country,FFP,PP,,,PP - Processing Plant,,
940,M/s Coastal Corporation Ltd.,,Visakhapatnam,531173,"Vishakhapatnam District,Andhra Pradesh",India,third-country,FFP,PP,,,PP - Processing Plant,,
658,M/s Cochin Frozen Food Exports Pvt Ltd,"AArookutty Ferry Road, IV/475",Aroor,,Kerala,India,third-country,FFP,PP,,,PP - Processing Plant,,
453,M/s Coreline Exports,,Parganas (S),24,West Bengal,India,third-country,FFP,PP,,,PP - Processing Plant,,
224,M/s Corlim Marine Exports Pvt. Ltd.,"Plot No. 25-32, Phase III B, Sancoale Industrial Estate, Pin-403726",Zuarinagar,,"South Goa,Goa",India,third-country,FFP,PP,,,PP - Processing Plant,,
1839,M/s Crystal Sea Foods Private Limited,,Vetapalem,521001,"Krishna District,Andhra Pradesh",India,third-country,FFP,PP,,,PP - Processing Plant,,
1127,M/s Deepmala Foods,,Veraval,362200,Gujarat,India,third-country,FFP,PP,,,PP - Processing Plant,,
704,M/s Delsea Exports Private Limited,"19/2055 A, Nambiapuram",Palluruthy,682006,Kerala,India,third-country,FFP,PP,,,PP - Processing Plant,,
853,M/s Devi Fisheries Ltd.,,Pendurthi Mandal,,"Vishakhapatnam District,Andhra Pradesh",India,third-country,FFP,PP,,,PP - Processing Plant,,
810,M/s Devi Sea Foods Limited,,Singarayakonda,523002,"Prakasam District,Andhra Pradesh",India,third-country,FFP,PP,,,PP - Processing Plant,,
1303,M/s Digha Seafood Exports Pvt. Ltd.,,Kolkata,700017,"Hugli,West Bengal",India,third-country,FFP,PP,,,PP - Processing Plant,,
1168,M/s Dolphin Marine Foods & Processors (India) Pvt. Ltd.,,MIDC Taloja,400104,"Raigad,Maharashtra",India,third-country,FFP,PP,,,PP - Processing Plant,,
1523,M/s Dolphin Wires Pvt. Ltd.,,Arror,,Kerala,India,third-country,FFP,PP,,,PP - Processing Plant,,
769,M/s Eastern Condiments Pvt. Ltd.,,Idikki,,"Idukki,Kerala",India,third-country,FFP,PP,,,PP - Processing Plant,,
959,M/s Edhayam Frozen Foods Pvt. Ltd.,"4/91 A&B, Maravanmadam Village, Pudukottai, Tuticorin 628103, Tamil Nadu",Tuticorin,628003,"Thoothukudi district,Tamil Nadu",India,third-country,FFP,PP,,,PP - Processing Plant,11/02/2025,
2623,M/s Elaf Cold Storage Plant-1,"Plot No. M-63 and M-64, MIDC Taloja, Tal. Panvel, Dist. Raigad, Maharashtra, 410208",Panvel,410208,"Raigad,Maharashtra",India,third-country,FFP,PP,,,PP - Processing Plant,05/09/2025,
2624,M/s Elaf Cold Storage Plant-2,"Plot No. M-63 and M-64, MIDC Taloja, Tal. Panvel, Dist. Raigad, Maharashtra, 410208",Panvel,410208,"Raigad,Maharashtra",India,third-country,FFP,PP,,,PP - Processing Plant,05/09/2025,
382,M/s Elque Ventures Private Limited,24 PARGANAS (N),Madhyamgram,,West Bengal,India,third-country,FFP,PP,,,PP - Processing Plant,,
852,M/s Everblue Seafoods Pvt. Ltd.,S-272/2 Bodda Palem,Anandapuram,,"Bhadradri Kothagudem District,Telangana",India,third-country,FFP,PP,,,PP - Processing Plant,,
779,M/s Everest Seafoods Pvt. Ltd.,,Mangalore,575010,"Dakshina Kannada,Karnataka",India,third-country,FFP,PP,,,PP - Processing Plant,,
1570,M/s F3 Marine Foods Worldwide,"Sy. No. 138/24 & 138/2A2, Annappa Industrial Area, Fisheries Road, Gujjarbettu Paduthonse Village ,Udupi, Karnataka-576115",Udupi,574115,"Udupi district,Karnataka",India,third-country,FFP,PP,,,PP - Processing Plant,27/04/2023,
332,M/s Falcon Marine Exports Ltd.,"Plot nr 138, Sector A ,zone B,Mancheswar,Indastial estate",Bhubaneswar,751024,"Khordha,Odisha",India,third-country,FFP,PP,,,PP - Processing Plant,,
450,M/s Falcon Marine Exports Ltd.,,Kolkata,700017,"Hugli,West Bengal",India,third-country,FFP,PP,,,PP - Processing Plant,,
430,M/s Falcon Marine Exports Ltd.,,Bhubaneswar,751024,"Khordha,Odisha",India,third-country,FFP,PP,,,PP - Processing Plant,,
KOL:CS-7,M/s Falcon Marine Exports Ltd.,,Bhubaneswar,751024,"Khordha,Odisha",India,third-country,FFP,CS,,,CS - Cold Stores,,
1503,M/s Febin Marine Foods,"Eramalloor- 688537, Alappuzha, Kerala",Eramalloor,688537,"Alappuzha,Kerala",India,third-country,FFP,PP,,,PP - Processing Plant,28/04/2023,
930,M/s Five Star Marine Exports Private Limited,,Nellore,524002,"Sri Potti Sriramulu Nellore District,Andhra Pradesh",India,third-country,FFP,PP,,,PP - Processing Plant,,
209,M/s Forstar Frozen Foods Private Limited,"M-53, MIDC Industrial Area, Taloja, Navi Mumbai-410208, Maharashtra, India",MIDC Taloja,410208,"Raigad,Maharashtra",India,third-country,FFP,PP,,,PP - Processing Plant,07/02/2025,
1202,M/s Forstar Frozen Foods Pvt. Ltd. Unit-2,"Plot No-M-53/1, MIDC, Industrial Area, Taloja, Dist-Raigad-410208 Maharashtra, India",MIDC Taloja,410208,"Raigad,Maharashtra",India,third-country,FFP,PP,,,PP - Processing Plant,11/02/2025,
1107,M/s Forstar Insta Foods (A division of Forstar Frozen Foods Pvt. Ltd.),,MIDC Taloja,400104,"Raigad,Maharashtra",India,third-country,FFP,PP,,,PP - Processing Plant,,
751,M/s Freeze Engineering Industries Pvt. Ltd.,"XVI/1109, Cochin Fisheries Harbour, Thoppumpady,Cochin-682005, Kerala",Thoppumpady,682005,"Ernakulam,Kerala",India,third-country,FFP,PP,,,PP - Processing Plant,26/04/2023,
635,M/s Freeze Exim,,Alappuzha,682018,"Alappuzha,Kerala",India,third-country,FFP,PP,,,PP - Processing Plant,,
903,M/s Fresh Catch Exports,"Plot No. 14 & 15, APIIC, Industrial Park, Sarpavaram",Kakinada,533433,"East Godavari District,Andhra Pradesh",India,third-country,FFP,PP,,,PP - Processing Plant,,
KOC:CS-25,M/s Frigo Mangala Marine Exim India (P) Ltd.,,Alleppey,,Kerala,India,third-country,FFP,CS,,,CS - Cold Stores,,
715,M/s Frontline Exports Pvt. Ltd.,"II/814, Industrial Estate, Aroor-688534, Alappuzha District, Kerala",Aroor,,Kerala,India,third-country,FFP,PP,,,PP - Processing Plant,26/04/2023,
682,M/s G.K.S. Business Associates (P) Limited,"GKS Complex, Arookutty Ferry Road Aroor-, Pin-688534",Alappuzha,682018,"Alappuzha,Kerala",India,third-country,FFP,PP,,,PP - Processing Plant,,
111,M/s Gadre Marine Export,,Ratnagiri,415612,"Ratnagiri,Maharashtra",India,third-country,FFP,PP,,,PP - Processing Plant,,
KOC/FFP/02701,M/s Gadre Marine Export Private Limited-Branch 9,"Surimi Unit, Plot No. IP-32 & IP-33, Mangalore Special Economic Zone, Bajpe Post & Village, Mangaluru Taluk, Dakshina Kannada District -574142",Mangaluru,583257,"Koppal district,Karnataka",India,third-country,FFP,PP,,,PP - Processing Plant,,
1124,M/s Gadre Marine Export Pvt Ltd. (Plant No.2),,Ratnagiri,415612,"Ratnagiri,Maharashtra",India,third-country,FFP,PP,,,PP - Processing Plant,,
1104,M/s Gadre Marine Export Pvt. Ltd.,"Plot No FP-1,MIDC Mirjole",Ratnagiri,415612,"Ratnagiri,Maharashtra",India,third-country,FFP,PP,,,PP - Processing Plant,,
217,M/s Gadre Marine Export Pvt. Ltd.,Plot No. 130/1,Chorwad,,"Dhule,Maharashtra",India,third-country,FFP,PP,,,PP - Processing Plant,,
1102,M/s Gadre Marine Export Pvt. Ltd.,,Chorwad,,"Dhule,Maharashtra",India,third-country,FFP,PP,,,PP - Processing Plant,,
1101,M/s Gee Square Exports(I) Pvt. Ltd,Plot n° 169 Mirkerwada Bunder Rd,Ratnagiri,415612,"Ratnagiri,Maharashtra",India,third-country,FFP,PP,,,PP - Processing Plant,,
790,M/s Geltec Private Ltd,"Sr No 24,26/3,27/2, Yada vanahalli",Bengaluru,560001,"Bangalore Urban,Karnataka",India,third-country,FFP,PP,,,PP - Processing Plant,,
732,M/s Geo Aquatic Products Pvt. Ltd.,"Veluthully Road, Chandiroor, Alappuzha-688547, Kerala",Alappuzha,688003,"Alappuzha,Kerala",India,third-country,FFP,PP,,,PP - Processing Plant,13/06/2022,
536,M/s Geo Sea Foods,Post Box no 906,Palluruthy,682006,Kerala,India,third-country,FFP,PP,,,PP - Processing Plant,,
KOC:CS-19,M/s Geo Seafoods,,Palluruthy,682006,Kerala,India,third-country,FFP,CS,,,CS - Cold Stores,,
911,M/s Ghan Marine Products,,Anandapuram,515200,"Anantapur District,Andhra Pradesh",India,third-country,FFP,PP,,,PP - Processing Plant,,
827,M/s Gladson Exporters,599 James Nagar,Kanyakumari,629001,"Kanyakumari district,Tamil Nadu",India,third-country,FFP,PP,,,PP - Processing Plant,,
1892,M/s Gladson Exporters Unit-II,"5/218 James Nagar, Muttom-629202, Kanyakumari District, Tamil Nadu",Kanyakumari,629001,"Kanyakumari district,Tamil Nadu",India,third-country,FFP,PP,,,PP - Processing Plant,,
797,M/s Goan Fresh Marine Exports Pvt. Ltd.,"Manoor, Padukare-kota",Udupi,574115,"Udupi district,Karnataka",India,third-country,FFP,PP,,,PP - Processing Plant,,
695,"M/s Goan Fresh Marine Exports Pvt. Ltd., Branch-1","C/o Lewis Natural Foods Ltd. S. No. 31-1A1, Lewis Compunds, Baikady Village, Brahmavar, 576213",Udupi,574115,"Udupi district,Karnataka",India,third-country,FFP,PP,,,PP - Processing Plant,,
KOC:CS-3,M/s Gold Farm Foods Pvt. Ltd.,,Thoppumpady,628002,"Ernakulam,Kerala",India,third-country,FFP,CS,,,CS - Cold Stores,,
1138,M/s Goodwill Enterprise,,Veraval,362200,Gujarat,India,third-country,FFP,PP,,,PP - Processing Plant,,
KOC:CS-22,M/s Grand Marine Foods,,Aroor,,Kerala,India,third-country,FFP,CS,,,CS - Cold Stores,,
KOC:CS-5,M/s Gro Enterprises,,Thoppumpady,682006,"Ernakulam,Kerala",India,third-country,FFP,CS,,,CS - Cold Stores,,
770,M/s H.T. Foods Pvt. Ltd.,,Kakkanad,682018,"Ernakulam,Kerala",India,third-country,FFP,PP,,,PP - Processing Plant,,
234,M/s HMG Industries Ltd.,"C-21/6, MIDC TTC Arca, Pawne",Vashi,400104,"Thane,Maharashtra",India,third-country,FFP,PP,,,PP - Processing Plant,,
950,M/s Handy Waterbase India Pvt. Limited,,Thoothukudi,628001,"Thoothukudi district,Tamil Nadu",India,third-country,FFP,PP,,,PP - Processing Plant,,
279,M/s Hanswati Export Pvt. Ltd.,,Veraval,362200,Gujarat,India,third-country,FFP,PP,,,PP - Processing Plant,,
1129,M/s Hejazi Foodstuff Pvt. Ltd.,,MIDC Taloja,400104,"Raigad,Maharashtra",India,third-country,FFP,PP,,,PP - Processing Plant,,
680,M/s High Seas Exim,"N.H. Road, AP X/102",Chandiroor,,Kerala,India,third-country,FFP,PP,,,PP - Processing Plant,,
104,M/s Hiravati International Pvt. Ltd.,,Mumbai,400053,"Mumbai City,Maharashtra",India,third-country,FFP,PP,,,PP - Processing Plant,,
1271,M/s Honest Frozen Foods Co. Unit-II,G.I.D.C. plot No.1404,Veraval,362200,Gujarat,India,third-country,FFP,PP,,,PP - Processing Plant,,
938,M/s Hyson Logistics And Marine Exports Private Ltd.,,Sullurpet,,"Sri Potti Sriramulu Nellore District,Andhra Pradesh",India,third-country,FFP,PP,,,PP - Processing Plant,,
541,M/s India Sea Foods (Regd),Kannamaly P.O.,Kochi,682036,"Ernakulam,Kerala",India,third-country,FFP,PP,,,PP - Processing Plant,,
713,M/s Indian Aquatic Products,,Sakthikulangara,601012,"Kollam,Kerala",India,third-country,FFP,PP,,,PP - Processing Plant,,
750,M/s Indo Fisheries,,Mangalore,575010,"Dakshina Kannada,Karnataka",India,third-country,FFP,PP,,,PP - Processing Plant,,
1171,M/s Indotech Ice & Cold Storage,,Cuncolim,403603,"South Goa,Goa",India,third-country,FFP,PP,,,PP - Processing Plant,,
1535,M/s Integrated Rubian Exports Ltd.,,Aroor,,Kerala,India,third-country,FFP,PP,,,PP - Processing Plant,,
1525,M/s International Freezfish Exports (Unit 1),"AP II/810, Industrial Estate, Aroor -688534,Alleppy District, Kerala, India",Alleppey,,Kerala,India,third-country,FFP,PP,,,PP - Processing Plant,27/04/2023,
735,M/s International Freezfish Exports (Unit II),,Aroor,,Kerala,India,third-country,FFP,PP,,,PP - Processing Plant,,
KOC:CS-13,M/s International Freezfish Exports Cold Store,,Aroor,,Kerala,India,third-country,FFP,CS,,,CS - Cold Stores,,
712,M/s Interseas,,Chandiroor,,Kerala,India,third-country,FFP,PP,,,PP - Processing Plant,,
KOC:CS-7,M/s Interseas,,Chandiroor,,Kerala,India,third-country,FFP,CS,,,CS - Cold Stores,,
MUM:CS-06,M/s J.Bhagwan Marine Exports,,Veraval,362200,Gujarat,India,third-country,FFP,CS,,,CS - Cold Stores,,
1144,M/s J.J. Seafoods,Bara Rd,Mangrol,362225,Gujarat,India,third-country,FFP,PP,,,PP - Processing Plant,,
1163,M/s J.M. Marine Exports,"R.S No 1798/1 Near G.I.D.C. Udhyong Nagar, Patan Road",Veraval,362200,Gujarat,India,third-country,FFP,PP,,,PP - Processing Plant,,
KOC:CS-34,M/s JIS International Exports Pvt Ltd,Chemical Industrial Estate. Alappuzha,Aroor,,Kerala,India,third-country,FFP,CS,,,CS - Cold Stores,,
999,M/s Jagadeesh Marine Exports,"1-174, KOMARADA ROAD",Rayalam Village,,"West Godavari District,Andhra Pradesh",India,third-country,FFP,PP,,,PP - Processing Plant,,
1145,M/s Jagdish Marine Exports,"47-48, GIDC Estate-362269",Veraval,362200,Gujarat,India,third-country,FFP,PP,,,PP - Processing Plant,,
801,M/s Jasper Aqua Exports Private Limited,,Vishakapatnam,,"Vishakhapatnam District,Andhra Pradesh",India,third-country,FFP,PP,,,PP - Processing Plant,,
1899,M/s Jaya Satya Marine Exports P. Ltd.,,Bhimavaram,522600,"Prakasam District,Andhra Pradesh",India,third-country,FFP,PP,,,PP - Processing Plant,,
928,"M/s Jayalakshmi Sea Foods Pvt. Ltd., Unit II","R. S. No 267/2 & 275/2, Seesali Village, Kalla Mandal, Bhimavaram – 534237, West Godavari District, Andhra Pradesh",West Godavari,,Andhra Pradesh,India,third-country,FFP,PP,,,PP - Processing Plant,11/02/2025,
924,M/s Jayalakshmi Seafoods Pvt Ltd,"R.S.No.267/2 & 268/2, Seesali Village, Kalla Mandal, Bhimavaram – 534237, West Godavari District, Andhra Pradesh",West Godavari,,Andhra Pradesh,India,third-country,FFP,PP,,,PP - Processing Plant,11/02/2025,
241,M/s Jinny Marine Traders,,Veraval,362200,Gujarat,India,third-country,FFP,PP,,,PP - Processing Plant,,
1183,M/s Jinny Marine Traders (Unit - II),"1310, GIDC Estate",Veraval,362200,Gujarat,India,third-country,FFP,PP,,,PP - Processing Plant,,
834,M/s Jude Foods India Private Limited,,Agastiswaram,,"Kanyakumari district,Tamil Nadu",India,third-country,FFP,PP,,,PP - Processing Plant,,
KOC:CS-39,M/s K. M. Fisheries Cold Store,,Aroor,,Kerala,India,third-country,FFP,CS,,,CS - Cold Stores,,
1304,M/s K.N.C. Agro Limited,,Ramnagar,721441,"Purba Medinipur,West Bengal",India,third-country,FFP,PP,,,PP - Processing Plant,,
1122,M/s K.R. Sea Foods,-,Porbandar,360575,Gujarat,India,third-country,FFP,PP,,,PP - Processing Plant,,
204,M/s K.R. Sea Foods Pvt. Ltd.,,Veraval,362200,Gujarat,India,third-country,FFP,PP,,,PP - Processing Plant,,
915,M/s K.V. Marine Exports,,Kelambakkam,603103,"Kanchipuram district,Tamil Nadu",India,third-country,FFP,PP,,,PP - Processing Plant,,
CH:CS-4,M/s Kadar Investment & Trading Co.(P) L Ltd. Unit-II,,Tuticorin Port,628001,"Thoothukudi district,Tamil Nadu",India,third-country,FFP,CS,,,CS - Cold Stores,,
955,M/s Kader Exports Pvt. Ltd.,,Bhimavaram,522600,"Prakasam District,Andhra Pradesh",India,third-country,FFP,PP,,,PP - Processing Plant,,
1218,M/s Kalp Sea Foods,,Porbandar,360575,Gujarat,India,third-country,FFP,PP,,,PP - Processing Plant,,
1179,M/s Kalpataru Exports,"GNB, Plot No. 9/10, Near CIFT, Pin-362267",Veraval,362200,Gujarat,India,third-country,FFP,PP,,,PP - Processing Plant,,
1142,M/s Kan Victual Pvt. Ltd.,,Porbandar,360575,Gujarat,India,third-country,FFP,PP,,,PP - Processing Plant,,
1196,M/s Kan Victual Pvt. Ltd. (Unit II),,Porbandar,360575,Gujarat,India,third-country,FFP,PP,,,PP - Processing Plant,,
1130,M/s Karunya Marine Exports Pvt. Ltd.,,Ratnagiri,415612,"Ratnagiri,Maharashtra",India,third-country,FFP,PP,,,PP - Processing Plant,,
914,M/s Kaushalya Aqua Marine Product Exports Pvt. Ltd.,,Palavakkam,600041,"Chennai district,Tamil Nadu",India,third-country,FFP,PP,,,PP - Processing Plant,,
765,M/s Kay Kay Exports,"Building No.IX/388, 388A, Chanthapalam, Kannamaly PO Kochi -682008, Kerala, India",Chellanam,682008,"Alappuzha,Kerala",India,third-country,FFP,PP,,,PP - Processing Plant,24/09/2024,
KOC:CS-10,M/s Kay Kay Exports,,Chandiroor,,Kerala,India,third-country,FFP,CS,,,CS - Cold Stores,,
731,M/s Kerala State Co-operative Federation For Fisheries Development Ltd.,Matsyafed Ice & Freezing Plant,Kochi,682036,"Ernakulam,Kerala",India,third-country,FFP,PP,,,PP - Processing Plant,,
1148,M/s Keshodwala Foods UNIT-II,"GIDC, Plot n° 306",Veraval,362200,Gujarat,India,third-country,FFP,PP,,,PP - Processing Plant,,
260,M/s King Fish Exports,,Veraval,362200,Gujarat,India,third-country,FFP,PP,,,PP - Processing Plant,,
854,M/s Kings International Limited,"B7, B8 (A), B10, Tuticorin Cooperative Industrial Estate Ltd., Korampallam",Tuticorin,628003,"Thoothukudi district,Tamil Nadu",India,third-country,FFP,PP,,,PP - Processing Plant,,
673,M/s Kings Marine Products,,Uliyakovil,,Kerala,India,third-country,FFP,PP,,,PP - Processing Plant,,
774,M/s Kings Seafoods,"Kings Building, Neendakara P.O. Kollam-691582",Kollam,601012,"Kollam,Kerala",India,third-country,FFP,PP,,,PP - Processing Plant,,
605,M/s Koluthara Exports Limited,"Post Box No. 7, Keltron Road, Aroor-688534, Alappuzha Dist, Kerala",Aroor,,Kerala,India,third-country,FFP,PP,,,PP - Processing Plant,22/08/2025,
MUM:CS-01,M/s Konkan Ice & Cold Storage,"C-69, Mirjole, M.I.D.C. - 415639",Ratnagiri,415612,"Ratnagiri,Maharashtra",India,third-country,FFP,CS,,,CS - Cold Stores,,
1147,M/s Krishna Frozen Foods,,Malala,362520,Daman and Diu,India,third-country,FFP,PP,,,PP - Processing Plant,,
258,M/s Libran Cold Storages Pvt Ltd,,MIDC Taloja,400104,"Raigad,Maharashtra",India,third-country,FFP,PP,,,PP - Processing Plant,,
1923,M/s Lito Marine Exports Private Limited,"Survey No. 157-8, 158, Valluru (Village), Anakapalli (Mandal), Visakhapatnam District, Pin – 586200, Andhra Pradesh, India",Anakapalle,531001,"Vishakhapatnam District,Andhra Pradesh",India,third-country,FFP,PP,,,PP - Processing Plant,28/04/2023,
865,M/s Luke Export,Padanthalumoodu,Kanyakumari,629001,"Kanyakumari district,Tamil Nadu",India,third-country,FFP,PP,,,PP - Processing Plant,,
CHE:CS-13,M/s Luke Export,,Padanthalumoodu,,"Kanyakumari district,Tamil Nadu",India,third-country,FFP,CS,,,CS - Cold Stores,,
364,M/s M.M.C. Exports Ltd.,-,Kolkata,700017,"Hugli,West Bengal",India,third-country,FFP,PP,,,PP - Processing Plant,,
469,M/s Magnum Sea Foods Ltd,At-Botanda,Khurda,,Odisha,India,third-country,FFP,PP,,,PP - Processing Plant,,
229,M/s Mamta Cold Storage,"Plot No.806, G.I.D.C Estate, Veraval:362269 Gujarat, India",Veraval,362200,Gujarat,India,third-country,FFP,PP,,,PP - Processing Plant,,
718,M/s Mangala Marine Exim India Private Limited,"XXII/1388-A, Aamir Complex, N.H. Road",Edakochi,682010,Kerala,India,third-country,FFP,PP,,,PP - Processing Plant,,
638,M/s Mangala Marine Exim India Private Limited (Unit # 1 Mangala Sea Products),,Aroor,,Kerala,India,third-country,FFP,PP,,,PP - Processing Plant,,
701,M/s Mangala Marine Exim India Private Limited (Unit # 2 Bhatsons Aquatic Products),,Aroor,,Kerala,India,third-country,FFP,PP,,,PP - Processing Plant,,
1505,M/s Mangala Seafoods,"Industrial Development Area, Pin-688534",Aroor,,Kerala,India,third-country,FFP,PP,,,PP - Processing Plant,,
CHE:CS-24,M/s Marble Valley Foods & Beverages Pvt. Ltd.,"349, Subhramanyapuram, Eraippuvari Village, Nanguneri Taluk, Thirunelvali District, Tamil Nadu-627108",Nanguneri,627108,"Tirunelveli Kattabo,Tamil Nadu",India,third-country,FFP,CS,,,CS - Cold Stores,25/02/2025,
820,M/s Maria Aquacon Pvt. Ltd.,Kootapuli,Kanyakumari,629001,"Kanyakumari district,Tamil Nadu",India,third-country,FFP,PP,,,PP - Processing Plant,,
723,M/s Marine Food Packers,"55 Industrial Area, Bailampady, Mangalore",Mangalore,575010,"Dakshina Kannada,Karnataka",India,third-country,FFP,PP,,,PP - Processing Plant,,
1862,M/s Milesh Marine Exports Pvt. Ltd.,,Kruthivennu Mandal,,"Krishna District,Andhra Pradesh",India,third-country,FFP,PP,,,PP - Processing Plant,,
471,M/s Milsha Sea Product,"Unit n° 2, ISFPC Benfish Complex",Kolkata,700017,"Hugli,West Bengal",India,third-country,FFP,PP,,,PP - Processing Plant,,
1509,M/s Monsun Foods Private Limited,"22/1194, Jetty Road, Pin-682006",Edakochi,682010,Kerala,India,third-country,FFP,PP,,,PP - Processing Plant,,
794,M/s Moon Fishery (India) Pvt Ltd,National Institute of Fisheries Post harvest Technology and Training,Kochi,682036,"Ernakulam,Kerala",India,third-country,FFP,PP,,,PP - Processing Plant,,
1836,M/s Munnangi Sea Foods Pvt. Ltd.,,Jarugumalli,,Andhra Pradesh,India,third-country,FFP,PP,,,PP - Processing Plant,,
1581,M/s NAS FISHERIES PRIVATE LIMITED,"16/1712, Old No. 22/1173-A NH. 47, Edakochi, Kochi - 682010",Edakochi,682010,Kerala,India,third-country,FFP,PP,,,PP - Processing Plant,27/04/2023,
1831,M/s Naga Hanuman Fish Packers,,Visakhapatnam,531173,"Vishakhapatnam District,Andhra Pradesh",India,third-country,FFP,PP,,,PP - Processing Plant,,
276,M/s Naik Frozen Foods Pvt. Ltd.,"Plot No. M - 9/10, MIDC Industrial Area, Taloja, District Raigad - 410208, Maharashtra, India",MIDC Taloja,410208,"Raigad,Maharashtra",India,third-country,FFP,PP,,,PP - Processing Plant,26/08/2025,
294,M/s Naik Ice & Cold Storage (Plant 2),,Ratnagiri,415612,"Ratnagiri,Maharashtra",India,third-country,FFP,PP,,,PP - Processing Plant,,
1205,M/s Nanak Nutrition Foods (Taloja) Pvt. Ltd.,,MIDC Taloja,400104,"Raigad,Maharashtra",India,third-country,FFP,PP,,,PP - Processing Plant,,
1238,M/s Navrang Sea Food,"Plot No. 206-207, Vanana G.I.D.C., Tal. Ranava, Porbandar-360575, Gujarat, India",Porbandar,360575,Gujarat,India,third-country,FFP,PP,,,PP - Processing Plant,28/04/2023,
1944,M/s Nekkanti Sea Foods Limited,"Sy.No.699-A1, Kothapatnam Village, Kota Mandal, SPSR Nellore District, Andhra Pradesh- 524411",Kota,524004,"Sri Potti Sriramulu Nellore District,Andhra Pradesh",India,third-country,FFP,PP,,,PP - Processing Plant,28/04/2023,
864,M/s Nekkanti Seafoods Limited,"Ethakota Village, Ravulapalem Mandal, East Godavari District, Andhra Pradesh-533238",Ravulapalem,533233,"East Godavari District,Andhra Pradesh",India,third-country,FFP,PP,,,PP - Processing Plant,05/09/2025,
KOC/FFP/02587,M/s Nettos Marine Exports,"V/551, Needakara Kollam",Kollam,601012,"Kollam,Kerala",India,third-country,FFP,PP,,,PP - Processing Plant,,
1150,M/s New Faizan Foods,"301 GIDC Estate, Behind Export Association",Veraval,362200,Gujarat,India,third-country,FFP,PP,,,PP - Processing Plant,,
467,M/s Nezami Rekha Seafoods Private Limited,Unit N° 10 Benfish Complex,Kolkata,700017,"Hugli,West Bengal",India,third-country,FFP,PP,,,PP - Processing Plant,,
939,M/s Nila Sea Foods (P) Ltd.,,Tuticorin,628003,"Thoothukudi district,Tamil Nadu",India,third-country,FFP,PP,,,PP - Processing Plant,,
816,M/s Nila Sea Foods Exports,"646, Nainankulam, Pannavayal",Pattukkottai,613001,"Thanjavur district,Tamil Nadu",India,third-country,FFP,PP,,,PP - Processing Plant,,
CHE:CS-12,M/s Nila Sea Foods Private Limited,,Tuticorin,628003,"Thoothukudi district,Tamil Nadu",India,third-country,FFP,CS,,,CS - Cold Stores,,
1158,M/s Nilesh Sea Foods,"Plot No 214, Vanana, G.I.D.C. Estate, Taluka Ranavav",Porbandar,360575,Gujarat,India,third-country,FFP,PP,,,PP - Processing Plant,,
833,M/s Ninans (P) Limited,,Thoothukudi,628001,"Thoothukudi district,Tamil Nadu",India,third-country,FFP,PP,,,PP - Processing Plant,,
2626,M/s Nishiindo Foods Private Limited,"U1/5-6 GIDC Area, Behind Soneri Marine, Somnath Road, Veraval-362269, Gujarat-India",Veraval,362265,Gujarat,India,third-country,FFP,PP,,,PP - Processing Plant,05/09/2025,
1533,M/s Niyaz Sea Foods,,Mangalore,575010,"Dakshina Kannada,Karnataka",India,third-country,FFP,PP,,,PP - Processing Plant,,
1141,M/s Noor Ice & Cold Storages Pvt. Ltd,Plot N° M-47 MIDC,Raigad,,"Raigad,Maharashtra",India,third-country,FFP,PP,,,PP - Processing Plant,,
786,M/s Ocean Wealth Exports,"EP/9/92, 93, Kakkathuruthu Road, Eramalloor P.O.,Cherthala, Alappuzha, Kerala",Eramalloor,688537,"Alappuzha,Kerala",India,third-country,FFP,PP,,,PP - Processing Plant,26/04/2023,
850,M/s Oceanic Edibles International Limited,Pudukuppam Village,Villupuram,,"Viluppuram district,Tamil Nadu",India,third-country,FFP,PP,,,PP - Processing Plant,,
1180,M/s Panbros Impex Pvt. Ltd.,,talala,362150,Gujarat,India,third-country,FFP,PP,,,PP - Processing Plant,,
727,M/s Paragon Sea Foods Pvt. Ltd.,"Near Railway Overbridge, Aroor – 688534, Alappuzha, Kerala",Aroor,,Kerala,India,third-country,FFP,PP,,,PP - Processing Plant,26/04/2023,
759,M/s Parayil Food Products Pvt. Ltd.,,Aroor,,Kerala,India,third-country,FFP,PP,,,PP - Processing Plant,,
922,M/s Philips Foods India Pvt. Ltd.,,Tuticorin,628003,"Thoothukudi district,Tamil Nadu",India,third-country,FFP,PP,,,PP - Processing Plant,,
812,M/s Phillips Foods India Pvt. Ltd.,,Madathoor,,Tamil Nadu,India,third-country,FFP,PP,,,PP - Processing Plant,,
578,M/s Poyilakada Fisheries Private Limited,,Chinnakada,,"Kollam,Kerala",India,third-country,FFP,PP,,,PP - Processing Plant,,
644,M/s Premier Exports International,,Chandiroor,,Kerala,India,third-country,FFP,PP,,,PP - Processing Plant,,
755,M/s Premier Marine Enterprises,,Eramalloor,628002,"Alappuzha,Kerala",India,third-country,FFP,PP,,,PP - Processing Plant,,
657,M/s Premier Marine Foods.,"VII/141, Chandiroor - 688547 Alappuzha District, Kerala",Chandiroor,,Kerala,India,third-country,FFP,PP,,,PP - Processing Plant,26/04/2023,
1577,M/s Premier Seafoods Exim Private Limited,"22/601 A, Industrial Estate Aroor-688534, Alappuzha, Kerala",Aroor,,Kerala,India,third-country,FFP,PP,,,PP - Processing Plant,27/04/2023,
KOC:CS-27,M/s Prime House,22/597-A,Edakochi,682010,Kerala,India,third-country,FFP,CS,,,CS - Cold Stores,,
1580,M/s QFROZ TRADES PRIVATE LIMITED,"XXII/623, (AP II/857A), Industrial Area, Aroor, Alappuzha – 688534, Kerala, India",Aroor,,Kerala,India,third-country,FFP,PP,,,PP - Processing Plant,27/04/2023,
CHE:CS-7,M/s R D R Exports Unit-II,"Seesali Village, Kallamandal, Pin-534237",Bhimavaram,522600,"Prakasam District,Andhra Pradesh",India,third-country,FFP,CS,,,CS - Cold Stores,,
696,M/s R.F. Exports,"Eramalloor, Alappuzha- 688537, Kerala",Eramalloor,688537,"Alappuzha,Kerala",India,third-country,FFP,PP,,,PP - Processing Plant,11/02/2025,
KOC:CS-29 A,M/s R.K Exports Cold Store,Thykoodam Rd,Alappuzha,682018,"Alappuzha,Kerala",India,third-country,FFP,CS,,,CS - Cold Stores,,
807,M/s RDR Exports,R.S.No.243/3 Seesali Village,West Godavari,,Andhra Pradesh,India,third-country,FFP,PP,,,PP - Processing Plant,,
805,M/s RVR Marine Products Limited,R.S. N° 35/4 & 5 Kopalie Village,Bhimavaram,522600,"Prakasam District,Andhra Pradesh",India,third-country,FFP,PP,,,PP - Processing Plant,,
725,M/s Rabia Sea Foods,"Palluruthy, Kerala",Cochin,682037,"Ernakulam,Kerala",India,third-country,FFP,PP,,,PP - Processing Plant,,
370,M/s Ram's Assorted Cold Storage Limited,"ARAKHAKUDA , TELENGAPENTHA, CUTTACK, ORISSA (INDIA",Orissa,751003,Odisha,India,third-country,FFP,PP,,,PP - Processing Plant,,
MUM-CS-2,M/s Rameshwar Cold Storage Unit-II,Opp Real Exports Bhidiya,Veraval,362200,Gujarat,India,third-country,FFP,CS,,,CS - Cold Stores,,
335,M/s Rams Assorted Cold Storage Ltd.,,Jagatsingpur,,Odisha,India,third-country,FFP,PP,,,PP - Processing Plant,,
1159,M/s Ratna Surimi,Bara Rd,Mangrol,362225,Gujarat,India,third-country,FFP,PP,,,PP - Processing Plant,,
1160,M/s Real Exports,"Plot No.8&9, Somnath Road, Bhidiya",Veraval,362200,Gujarat,India,third-country,FFP,PP,,,PP - Processing Plant,,
KOL:CS-10,M/s Rekha Cold Storage (A Unit Of Nezami Rekha Seafoods Private Limited),,Chakgaria,,West Bengal,India,third-country,FFP,CS,,,CS - Cold Stores,,
1206,M/s Rich Marine Export,"Plot No. 904, G.I.D.C. Estate, Veraval-362269, Gujarat, India",Veraval,362265,Gujarat,India,third-country,FFP,PP,,,PP - Processing Plant,28/04/2023,
1837,M/s Royale Marine Impex Pvt. Ltd.,,Kavurivaripalem,,"Prakasam District,Andhra Pradesh",India,third-country,FFP,PP,,,PP - Processing Plant,,
242,M/s S. S. Impex.,"No. 1302, GIDC Estate",Veraval,362200,Gujarat,India,third-country,FFP,PP,,,PP - Processing Plant,,
1302,M/s S.A. Exports,"Kamduni More, P.O. Kamduni, Khoribari, P.S. Barasat, District-24 Parganas(North), Kolkata - 700135, West Bengal",Parganas (N),24,West Bengal,India,third-country,FFP,PP,,,PP - Processing Plant,10/09/2025,
665,M/s S.H. Marine Exim,,Edacochi,,Kerala,India,third-country,FFP,PP,,,PP - Processing Plant,,
396,M/s S.K. Exports (Pvt) Limited,"246, LEWIS ROAD",Bhubaneswar,751024,"Khordha,Odisha",India,third-country,FFP,PP,,,PP - Processing Plant,,
1584,M/s SHREE ULKA LLP,"IP-48 A & B, MSEZ Mangalore Dakshin Kannad, Karnataka-574509, India",Mangalore,575010,"Dakshina Kannada,Karnataka",India,third-country,FFP,PP,,,PP - Processing Plant,27/04/2023,
1357,M/s SREERAGAM EXPORTS PRIVATE LIMITED,"Bent, Champagarh, Chandpur, Dist-Nayagarh,Odisha, Pin-752024,India",Nayagarh,752069,"Nayagarh,Odisha",India,third-country,FFP,PP,,,PP - Processing Plant,15/01/2025,
814,M/s SSF Limited,,Visakhapatnam,531173,"Vishakhapatnam District,Andhra Pradesh",India,third-country,FFP,PP,,,PP - Processing Plant,,
1301,M/s Sabri Food Products Private Limited,"Plot No. 56, Chandaka Industrial Estate",Bhubaneswar,751024,"Khordha,Odisha",India,third-country,FFP,PP,,,PP - Processing Plant,,
781,M/s Safera Food International,"IX/477, Kannamaly P.O., Kochi-682008, Kerala",Kannamaly,,Kerala,India,third-country,FFP,PP,,,PP - Processing Plant,10/10/2025,
KOC:CS:30,M/s Safera Food International Cold Store,"IX/477,Opp Kannamali Police Station,Kannamali P.O",Kochi,682036,"Ernakulam,Kerala",India,third-country,FFP,CS,,,CS - Cold Stores,,
MUM:CS-3,M/s Sagar Cold Storage,,Veraval,362200,Gujarat,India,third-country,FFP,CS,,,CS - Cold Stores,,
MUM:CS-4,M/s Sagar Cold Storage - 2,,Veraval,362200,Gujarat,India,third-country,FFP,CS,,,CS - Cold Stores,,
198,M/s Sagar Foods,,Veraval,362200,Gujarat,India,third-country,FFP,PP,,,PP - Processing Plant,,
909,M/s Sagar Grandhi Exports Pvt. Ltd.,,Singarayakonda,523002,"Prakasam District,Andhra Pradesh",India,third-country,FFP,PP,,,PP - Processing Plant,,
905,"M/s Sagar Grandhi Exports Pvt. Ltd., Unit II",,Nellore,524002,"Sri Potti Sriramulu Nellore District,Andhra Pradesh",India,third-country,FFP,PP,,,PP - Processing Plant,,
1181,M/s Sagar Samrat Seafoods,,Bokira,,Gujarat,India,third-country,FFP,PP,,,PP - Processing Plant,,
460,M/s Sahada Exports,,Kolkata,700017,"Hugli,West Bengal",India,third-country,FFP,PP,,,PP - Processing Plant,,
1999,M/s Sai Marine Exports Pvt. Ltd.,,Kruthivennu Mandal,,"Krishna District,Andhra Pradesh",India,third-country,FFP,PP,,,PP - Processing Plant,,
1136,M/s Sail Ganga EU Exports,,Veraval,362200,Gujarat,India,third-country,FFP,PP,,,PP - Processing Plant,,
1298,M/s Salet Seafoods Pvt. Ltd.,"Plot No. 38 to 40, Vanana Industrial Estate, Porbandar-360575, Gujarat, India",Porbandar,360575,Gujarat,India,third-country,FFP,PP,,,PP - Processing Plant,,
KOC:CS-14,M/s San Cold Storage,,Sakthikulangara,629158,"Kollam,Kerala",India,third-country,FFP,CS,,,CS - Cold Stores,,
783,M/s San Marine Exports,,Kollam,601012,"Kollam,Kerala",India,third-country,FFP,PP,,,PP - Processing Plant,,
KOC:CS-33,M/s San Marine Exports Independent Cold Storage,Govt. Boat Yard Road. Sakthikulangara,Kollam,601012,"Kollam,Kerala",India,third-country,FFP,CS,,,CS - Cold Stores,,
1165,M/s Sanchita Frozen Foods Pvt Ltd,"Plot No. M-7 A, Taloja, MIDC, Industrial Area",Raigad,,"Raigad,Maharashtra",India,third-country,FFP,PP,,,PP - Processing Plant,,
263,M/s Sanchita Marine Products Ptv. Ltd.,"Plot No. M-11, Taloja, MIDC Industrial Area, Panvel, Pin-410208, Maharashtra, India",MIDC Taloja,410208,"Raigad,Maharashtra",India,third-country,FFP,PP,,,PP - Processing Plant,11/02/2025,
1946,M/s Sandhya Aqua Exports Private Limited,"KSEZ, R.Sy No. 208, Plot No, D5-D6, Ponnada Village, U. Kothapalli Mandal, Kakinada, East Godavari District, Andhra Pradesh – 533448",Kakinada,533434,"East Godavari District,Andhra Pradesh",India,third-country,FFP,PP,,,PP - Processing Plant,28/04/2023,
830,M/s Sandhya Aqua Exports Pvt Ltd.,"Kurumaddali Village, Pamarru Mandal, Krishna District, Andhra Pradesh - 521 157",Pamarru,521157,"Krishna District,Andhra Pradesh",India,third-country,FFP,PP,,,PP - Processing Plant,15/01/2025,
946,M/s Sandhya Marine Limited,POOLAPALLI,Palakol,,"West Godavari District,Andhra Pradesh",India,third-country,FFP,PP,,,PP - Processing Plant,,
CH:CS-5,"M/s Sandhya Marines Limited, Unit-II",,Visakhapatnam,531173,"Vishakhapatnam District,Andhra Pradesh",India,third-country,FFP,CS,,,CS - Cold Stores,,
842,M/s Sandhya Marines Limited-Unit II,Palakole Mandal,West Godavari,,Andhra Pradesh,India,third-country,FFP,PP,,,PP - Processing Plant,,
1573,M/s Sashimi Foods Private Limited,"Plot No. 178, 5th Main, Yeswanthapur Industrial Suburb, Yeswanthapur, Bangalore, Karnataka - 560022",Bengaluru,560001,"Bangalore Urban,Karnataka",India,third-country,FFP,PP,,,PP - Processing Plant,,
KOC:CS-16,M/s Sea Bay Exports (P) Ltd,,Aroor,,Kerala,India,third-country,FFP,CS,,,CS - Cold Stores,,
664,M/s Sea Boy Fisheries Pvt. Ltd.,,Puthenthope,,"Thiruvananthapuram,Kerala",India,third-country,FFP,PP,,,PP - Processing Plant,,
1269,M/s Sea Star Frozen Foods,"Survey No.- 63, Nr. Narvai Mandir, Porbandar-Veraval National Highway, Village-Gosa-360576, Porbandar, Gujarat, India",Porbandar,360575,Gujarat,India,third-country,FFP,PP,,,PP - Processing Plant,28/04/2023,
1521,M/s Seafood Innovations,,Cherthala,,"Alappuzha,Kerala",India,third-country,FFP,PP,,,PP - Processing Plant,,
728,M/s Seafresh Exports Ltd.,,Aroor,,Kerala,India,third-country,FFP,PP,,,PP - Processing Plant,,
278,M/s Seasaga Enterprise Private Limited,,Mumbai,400053,"Mumbai City,Maharashtra",India,third-country,FFP,PP,,,PP - Processing Plant,,
1832,M/s Seven Hills Chem Products,,Undrajavaram,534001,"West Godavari District,Andhra Pradesh",India,third-country,FFP,PP,,,PP - Processing Plant,,
933,M/s Sharat Industries Ltd,,Nellore,524002,"Sri Potti Sriramulu Nellore District,Andhra Pradesh",India,third-country,FFP,PP,,,PP - Processing Plant,,
458,M/s Shimpo Exports Private Limited,"Boodherhat, Chakgaria",Kolkata,700017,"Hugli,West Bengal",India,third-country,FFP,PP,,,PP - Processing Plant,,
488,M/s Shimpo Seafoods,"IDCO Plot No.53, Chandaka Industrial Estate",Bhubaneswar,751024,"Khordha,Odisha",India,third-country,FFP,PP,,,PP - Processing Plant,,
1294,M/s Siddiq Sea Food Unit-III,"All Weather Port Road, Bokhira, Porbandar-360575, Gujarat, India",Porbandar,360575,Gujarat,India,third-country,FFP,PP,,,PP - Processing Plant,27/04/2023,
1109,M/s Silver Sea Food Unit-II,,Porbandar,360575,Gujarat,India,third-country,FFP,PP,,,PP - Processing Plant,,
1153,M/s Silver Star Exports,"Javar Village, Porbandar-360575, Gujarat, India",Porbandar,360575,Gujarat,India,third-country,FFP,PP,,,PP - Processing Plant,27/04/2023,
CHE:CS-14,M/s Snowman Logistics Ltd,,Visakhapatnam,531173,"Vishakhapatnam District,Andhra Pradesh",India,third-country,FFP,CS,,,CS - Cold Stores,,
KOL:CS-9,M/s Snowman Logistics Ltd.,,Cuttack,753001,"Cuttack,Odisha",India,third-country,FFP,CS,,,CS - Cold Stores,,
KOL:CS-2,M/s Snowman Logistics Ltd.(CS No.104),"C/o Modular Food Park, Dag No.261 & 262 Plot No.8",Serampore,712306,"Hugli,West Bengal",India,third-country,FFP,CS,,,CS - Cold Stores,,
831,M/s Softgel Healthcare Private Limited,"Survey n° 20/1, Vandaiur-Kelambakkam Rd",Kancheepuram,,"Kanchipuram district,Tamil Nadu",India,third-country,FFP,PP,,,PP - Processing Plant,,
766,M/s Sonia Exports,Door No.AP/VIII/123,Chandiroor,,Kerala,India,third-country,FFP,PP,,,PP - Processing Plant,,
1197,M/s Sonia Fisheries Pvt. Ltd.,,MIDC Taloja,400104,"Raigad,Maharashtra",India,third-country,FFP,PP,,,PP - Processing Plant,,
1151,M/s Sonia Fisheries Unit N° 2,M-40 MIDC Taloja,Raigad,,"Raigad,Maharashtra",India,third-country,FFP,PP,,,PP - Processing Plant,,
869,M/s Sprint Exports Private Ltd,"10-50-84/C, Sun Towers, Waltair Main Road",Vishakhapatnam,,"Vishakhapatnam District,Andhra Pradesh",India,third-country,FFP,PP,,,PP - Processing Plant,,
806,M/s Srikanth International,Alapadu post,Venkata Krishna Puram,522001,"Guntur District,Andhra Pradesh",India,third-country,FFP,PP,,,PP - Processing Plant,,
962,M/s St. John's Seafoods,,Kanyakumari,629001,"Kanyakumari district,Tamil Nadu",India,third-country,FFP,PP,,,PP - Processing Plant,,
840,M/s St. Peter & Paul Sea Food Exports (P)Limited,"Allied Centre, No. 90, Kanigaipair Village & P.O. Periyapalayam, Main Road, Uthukottai Taluk",Thiruvallore,,Tamil Nadu,India,third-country,FFP,PP,,,PP - Processing Plant,,
823,M/s Star Agro Marine Exports P. Ltd.,,Nellore,524002,"Sri Potti Sriramulu Nellore District,Andhra Pradesh",India,third-country,FFP,PP,,,PP - Processing Plant,,
1532,M/s Star Fish Exports,,Thiruvananthapuram,629158,"Thiruvananthapuram,Kerala",India,third-country,FFP,PP,,,PP - Processing Plant,,
2611,M/s Stellar Bio-Sol,"Talala Road, Ranivav, Village : Bhalpara, Dist: Gir Somnath, Gujarat, India-362268",Somnath,362265,Gujarat,India,third-country,FFP,PP,,,PP - Processing Plant,20/02/2025,
594,M/s Sterling Foods,,Mangalore,575010,"Dakshina Kannada,Karnataka",India,third-country,FFP,PP,,,PP - Processing Plant,,
1156,M/s Sun Exports,,Veraval,362200,Gujarat,India,third-country,FFP,PP,,,PP - Processing Plant,,
1885,M/s Surya Sea Foods Exports-Unit-I,"6/33 A5, Annai Theresa Nagar, Tharuvaikulam village, Ottapidaram Taluk",Thoothukudi,628001,"Thoothukudi district,Tamil Nadu",India,third-country,FFP,PP,,,PP - Processing Plant,,
1819,M/s Suryamitra Exim Private Limited,"R.S. NO. 130,YANAMADURRU VILLAGE, BHIMAVARAM 534 239, W.G. DIST.",Bhimavaram,522600,"Prakasam District,Andhra Pradesh",India,third-country,FFP,PP,,,PP - Processing Plant,,
901,M/s Suryamitra Exim Pvt. Ltd. (Unit-II),,Bhimavaram,522600,"Prakasam District,Andhra Pradesh",India,third-country,FFP,PP,,,PP - Processing Plant,,
459,M/s Teekay Marine Pvt. Limited,Patia,Bhubaneswar,751024,"Khordha,Odisha",India,third-country,FFP,PP,,,PP - Processing Plant,,
1131,M/s Tejal Sea Foods,,Porbandar,360575,Gujarat,India,third-country,FFP,PP,,,PP - Processing Plant,,
521,M/s The Canning Industries Cochin Ltd.,,Palluruthy,682006,Kerala,India,third-country,FFP,PP,,,PP - Processing Plant,,
937,M/s The Waterbase Limited,,Nellore,524002,"Sri Potti Sriramulu Nellore District,Andhra Pradesh",India,third-country,FFP,PP,,,PP - Processing Plant,,
941,M/s Theva & Co.,"5/55, SENTHILAMPANNAI, PUDUKOTTAI, TUTICORIN-628103",Tuticorin,628003,"Thoothukudi district,Tamil Nadu",India,third-country,FFP,PP,,,PP - Processing Plant,20/04/2023,
683,M/s Torry Harris Seafood Private Limited,"N.H. Road, V/143 A",Eramalloor,628002,"Alappuzha,Kerala",India,third-country,FFP,PP,,,PP - Processing Plant,,
789,M/s U & Co Marine Exports,"Ezhikkara P.O, North Paravur",Ernakulam,,"Ernakulam,Kerala",India,third-country,FFP,PP,,,PP - Processing Plant,,
878,M/s Uniloids Biosciences Private Limited,"D. No. 5-138, Sreesali Village, Kala Mandal",Bhimavaram,522600,"Prakasam District,Andhra Pradesh",India,third-country,FFP,PP,,,PP - Processing Plant,,
679,M/s Uniroyal Marine Exports Ltd,,Vengalam,,Kerala,India,third-country,FFP,PP,,,PP - Processing Plant,,
470,M/s Unitriveni Overseas,150 Champajhar Malipada,Khurda,,Odisha,India,third-country,FFP,PP,,,PP - Processing Plant,,
1114,M/s VKM Foods Private Limited,,MIDC Taloja,400104,"Raigad,Maharashtra",India,third-country,FFP,PP,,,PP - Processing Plant,,
1110,M/s Vanita Cold Storage,,Veraval,362200,Gujarat,India,third-country,FFP,PP,,,PP - Processing Plant,,
1186,M/s Vasai Frozen Food Co.,,Vasai,400104,"Thane,Maharashtra",India,third-country,FFP,PP,,,PP - Processing Plant,,
890,M/s Vasista Marine,,West Godavari,,Andhra Pradesh,India,third-country,FFP,PP,,,PP - Processing Plant,,
KOC:CS-26,M/s Vayalat Cold Storage,,Aroor,,Kerala,India,third-country,FFP,CS,,,CS - Cold Stores,,
1949,M/s Veerabhadra Exports Private Limited,"Sy.No.264, Lampakalova, Prathipadu Mandal, Kakinada District, Andhra Pradesh - 533430",Prattipadu,533432,"East Godavari District,Andhra Pradesh",India,third-country,FFP,PP,,,PP - Processing Plant,28/04/2023,
1530,M/s Viceroy Exports (India) Private Limited,"Plot No.55, Industrial Area Baikampady, Mangalore-575011 Karnataka",Mangalore,575010,"Dakshina Kannada,Karnataka",India,third-country,FFP,PP,,,PP - Processing Plant,27/04/2023,
150,M/s Vipul Impex & Infra Build Limited,"612 GIDC Area, Somnath Rd",Veraval,362200,Gujarat,India,third-country,FFP,PP,,,PP - Processing Plant,,
1209,M/s WINSOR WORLD EXPORT,PLOT NO. 801&802/1/2 GIDC ESTATE VERAVAL 362269,Veraval,362200,Gujarat,India,third-country,FFP,PP,,,PP - Processing Plant,,
1273,M/s WINSOR WORLD EXPORT UNIT-2,PLOT NO. 103/1 GIDC ESTATE VERAVAL 362269,Veraval,362200,Gujarat,India,third-country,FFP,PP,,,PP - Processing Plant,,
934,M/s Wellcome Fisheries Ltd.,"Old No.1/409 (New No.4-46) Vandram Village, Undi Mandal, West Godavari District, Bhimavaram-534 199, Andhra Pradesh, INDIA",West Godavari,,Andhra Pradesh,India,third-country,FFP,PP,,,PP - Processing Plant,07/01/2026,
1195,M/s West Coast Foods,"Plot No. 34, GIDC Vanana",Porbandar,360575,Gujarat,India,third-country,FFP,PP,,,PP - Processing Plant,,
1139,M/s West Coast Frozen Foods Private Limited,"Plot No. 322, 323, Village Orma, Olpad, Surat -394540, Gujarat",Surat,394230,"Surat,Gujarat",India,third-country,FFP,PP,,,PP - Processing Plant,,
1188,"M/s West Coast Frozen Foods Private Limited, Unit-2",,Surat,394230,"Surat,Gujarat",India,third-country,FFP,PP,,,PP - Processing Plant,,
1583,M/s Yashaswi Fish Meal And Oil Company Branch 1,"Plot No.lP-24 A, Mangalore SEZ, Permude Village,· Dakshina Kannada- 574509",Mangalore,575010,"Dakshina Kannada,Karnataka",India,third-country,FFP,PP,,,PP - Processing Plant,,
478,M/s Z.A. Sea Foods (P) Ltd,Unit n°9 ISFPC (Benfish Complex),Kolkata,700017,"Hugli,West Bengal",India,third-country,FFP,PP,,,PP - Processing Plant,,
1280,M/s Zenith Exports,"Plot No.317, G.I.D.C Estate, Veraval-362269, Gujarat, lndia",Veraval,362200,Gujarat,India,third-country,FFP,PP,,,PP - Processing Plant,,
637,M/s. ABAD FISHERIES PRIVATE LIMITED (UNIT-IV),"XIII/360, Karthedom Road, Malipuram, Vypeen, Kochi-682511, Kerala",Kochi,682504,"Ernakulam,Kerala",India,third-country,FFP,PP,,,PP - Processing Plant,03/08/2026,
1385,M/s. ABBA KABA OVERSEAS PRIVATE LIMITED,"At-Mulijhara, PO- Kusumi, P.S-Tangi, Dist-Khurdha",Khordha,752055,"Khordha,Odisha",India,third-country,FFP,PP,,,PP - Processing Plant,08/09/2025,
1990,M/s. ADIVISHNU MARINE FOODS PRIVATE LIMITED,"Plot No. D14, Sy.No.209, Kakinada SEZ Limited, Ponnada, U. Kothapalli Mandal, East Godavari District- 533448, Andra Pradesh, India",East Godavari,,"East Godavari District,Andhra Pradesh",India,third-country,FFP,PP,,,PP - Processing Plant,03/09/2026,
2603,M/s. AL IRFAN EXPORTS,"Poman, Mori Village, Bhendi Pada, Nr. Universal College, Dongri Pada, Kaman Bhiwandi Road, Palghar, Maharashtra-401208",Palghar,401209,"Thane,Maharashtra",India,third-country,FFP,PP,,,PP - Processing Plant,28/04/2023,
1348,M/s. AQUA MARINE ODISHA,"Srikona, Chandipur, Balasore, Odisha-756025, India",Chandipur,756025,"Baleshwar,Odisha",India,third-country,FFP,PP,,,PP - Processing Plant,01/04/2025,
1538,M/s. ASSA SEAFOODS,"Kakkazhom, Vandanam P.O., Alappuzha-688005, Kerala",Alappuzha,688003,"Alappuzha,Kerala",India,third-country,FFP,PP,,,PP - Processing Plant,05/09/2025,
1992,M/s. Aadhya Sea Foods Private Limited,"Sy.No. 30/3, Annavarappadu Gram panchayat, Malleswaram Village, Peravali Mandal, East Godavari District, Andhra Pradesh-534330, India",East Godavari,,"East Godavari District,Andhra Pradesh",India,third-country,FFP,PP,,,PP - Processing Plant,10/06/2026,
2618,M/s. Aaliya Foods,"Plot No. 713, GIDC Area, Opp. Mamta Cold Storage, Veraval, Dist: Gir Somnath, Gujarat-362269",Veraval,362265,Gujarat,India,third-country,FFP,PP,,,PP - Processing Plant,05/09/2025,
CH:CS-6,M/s. Abad Exports Pvt. Ltd.,"Plot N° C2, SIPCOT Industrial Park",Chennai,600001,"Chennai district,Tamil Nadu",India,third-country,FFP,CS,,,CS - Cold Stores,,
1988,M/s. Abad Overseas Private Limited,"Sy. No. 13, Kudithipalem Village, Indukurupet Mandal, Sri Potti Sriramulu Nellore District, Andhra Pradesh- 524313, India",ANDHRA PRADESH,,Andhra Pradesh,India,third-country,FFP,PP,,,PP - Processing Plant,10/06/2026,
1844,M/s. Abad Overseas Pvt. Ltd.,,Nizampatnam,,"Guntur District,Andhra Pradesh",India,third-country,FFP,PP,,,PP - Processing Plant,,
1601,M/s. Accelerated Freeze Drying Company Limited (Unit-2),"14/418,Thuravoor-Kumbalangi Road, Ezhupunna Cherthala, Alappuzha-688537",Ezhupunna South,688537,"Alappuzha,Kerala",India,third-country,FFP,PP,,,PP - Processing Plant,27/04/2023,
1894,M/s. Aishwarya Impex,"No.136, Someswaram Village, Alapadu Post, Kaikaluru Mandal, Krishna District, Andhra Pradesh - 521340",Kaikaluru,521333,"Krishna District,Andhra Pradesh",India,third-country,FFP,PP,,,PP - Processing Plant,27/04/2023,
1887,M/s. Akshay Food Impex Pvt. Ltd.,"R.S.No.-490/1&2, Pamarru (M)",Venkata Krishna Puram,522001,"Guntur District,Andhra Pradesh",India,third-country,FFP,PP,,,PP - Processing Plant,,
1312,M/s. Alashore Marine Exports Pvt.Ltd.,,Balasore,756001,"Baleshwar,Odisha",India,third-country,FFP,PP,,,PP - Processing Plant,,
1254,M/s. Albys Agro Pvt.Ltd,"Plot No. 2/1 to 2/6, Sanguem Industrial Estate, Sanguem-Xelpem",Sanguem,403704,"South Goa,Goa",India,third-country,FFP,PP,,,PP - Processing Plant,,
1166,M/s. Amar Aquatic (A Unit of Amar Polyfils Pvt. Ltd),Survey No.81/1 Paiki-1 VIII Vanana,Porbandar,360575,Gujarat,India,third-country,FFP,PP,,,PP - Processing Plant,,
1846,M/s. Ananda Aqua Exports Private Limited,,Bhimavaram,522600,"Prakasam District,Andhra Pradesh",India,third-country,FFP,PP,,,PP - Processing Plant,,
927,M/s. Anjaneya Seafoods,"6-122 A, North Rajupalem Village, Kodavaluru Mandal, Nellore District – 524 366, Andhra Pradesh",Kodavalur,,"Sri Potti Sriramulu Nellore District,Andhra Pradesh",India,third-country,FFP,PP,,,PP - Processing Plant,08/09/2025,
CHE/FFP/02842,"M/s. Apex Frozen Foods Ltd, Unit-II","9-79/1, G.Ragampeta (Village), Peddapuram Mandal, East Godavari, Andhra Pradesh, India-533437",Peddapuram,533437,"East Godavari District,Andhra Pradesh",India,third-country,FFP,PP,,,PP - Processing Plant,20/06/2025,
720,M/s. Aqua Geno Exim,"Keltron Road, Aroor. - 688534",Alappuzha,682018,"Alappuzha,Kerala",India,third-country,FFP,PP,,,PP - Processing Plant,,
1346,M/s. Aqua Green Exim Private Limited,"Vill- Nawpala, PS- Bagnan, Howrah-711303, West Bengal",Bagnan,711303,"Hugli,West Bengal",India,third-country,FFP,PP,,,PP - Processing Plant,27/04/2023,
776,M/s. Aquastar Marine Exports,"VIII/249, Vallethode, Ezhupunna South P.O., Alappuzha Dist., Kerala-688550",Ambalapuzha,688561,"Alappuzha,Kerala",India,third-country,FFP,PP,,,PP - Processing Plant,27/04/2023,
1371,M/s. Aquatech Feed & Seafoods Private Limited,"Hanuman Complex, Village- Islampur, P.O-Islampur, Dist-Howrah , West Bengal-711401",Howrah,711101,"Hugli,West Bengal",India,third-country,FFP,PP,,,PP - Processing Plant,20/02/2025,
1863,M/s. Aquatica Frozen Foods Global Pvt. Ltd.,"Sy.No.235/3&4, 236/1, 237/1, Nayunipalli Village, Challareddypalem Panchayat, Vetapalem Post, Prakasam District, Andhra Pradesh - 523187",Vetapalem,523187,"Prakasam District,Andhra Pradesh",India,third-country,FFP,PP,,,PP - Processing Plant,22/08/2025,
899,M/s. Arsha Seafood Exports,"4/364, Anna Road, Palavakkam - 600041",Chennai,600001,"Chennai district,Tamil Nadu",India,third-country,FFP,PP,,,PP - Processing Plant,,
1858,M/s. Arya Sea Foods Private Limited,,Veeravasaram Mandal,,"West Godavari District,Andhra Pradesh",India,third-country,FFP,PP,,,PP - Processing Plant,,
1170,M/s. Asha Ganga Exports,,Veraval,362200,Gujarat,India,third-country,FFP,PP,,,PP - Processing Plant,,
1599,M/s. Asian Marine Foods,"VI/1330 (Old No.VII/464), Kochangadi, Kochi-682002, Kerala",Kochangadi,,"Ernakulam,Kerala",India,third-country,FFP,PP,,,PP - Processing Plant,20/02/2025,
870,M/s. Asvini Fisheries Private Limited,"522,Ramachandrapuram,Pazhayakayal, 628152",Tuticorin,628003,"Thoothukudi district,Tamil Nadu",India,third-country,FFP,PP,,,PP - Processing Plant,,
2605,M/s. Athos Collagen Private Limited,"Plot No.B-19,Gujarat Agro Infrastructure Mega Food Park, Village-Shah &Vasravi, Taluk-Mangrol, 394 410",Surat,394230,"Surat,Gujarat",India,third-country,FFP,PP,,,PP - Processing Plant,,
1556,M/s. Authentic Ocean Treasure,"Plot No. 1P- 63A, M.S.E.Z",Mangalore,575010,"Dakshina Kannada,Karnataka",India,third-country,FFP,PP,,,PP - Processing Plant,,
1971,M/s. Avanti Frozen Foods Private Limited,"R.Sy.No. 13-6, 13-7, 13-8, 7, Krishnapuram Village, Thondangi Mandal, Kakinada District, Pin-533408 Andhra Pradesh, India",Kakinada,533400,"East Godavari District,Andhra Pradesh",India,third-country,FFP,PP,,,PP - Processing Plant,05/09/2025,
809,M/s. Avanti Frozen Foods Private Limited,"Gopalapuram-533274, Ravulapalem Mandal, East Godavari District, Andhra Pradesh",Gopalapuram,533274,"East Godavari District,Andhra Pradesh",India,third-country,FFP,PP,,,PP - Processing Plant,10/10/2025,
1879,M/s. Avanti Frozen Foods Pvt. Ltd.,"yerravaram Unit, Sy.No.342, 360 & 362, Yerravaram, Yeleswaram Mandal",East Godavari,,"East Godavari District,Andhra Pradesh",India,third-country,FFP,PP,,,PP - Processing Plant,,
1391,M/s. B-ONE BUSINESS HOUSE PVT LTD,"Plot No. – 23, Sea Food Park, At – Haridamada, Bhubaneswar, Khorda, Odisha, India, Pin - 752054",Janla,752054,"Khordha,Odisha",India,third-country,FFP,PP,,,PP - Processing Plant,10/06/2026,
1350,M/s. B-ONE BUSINESS HOUSE PVT. LTD.,"PLOT NO-3891/6236, SRIKONA, CHANDIPUR, BALASORE, PIN -756025, ODISHA, INDIA",Chandipur,756025,"Baleshwar,Odisha",India,third-country,FFP,PP,,,PP - Processing Plant,15/01/2025,
1342,M/s. B-ONE BUSINESS HOUSE PVT. LTD.,"PLOT NO-27, SEA FOOD PARK, AT-HARIDAMADA, BHUBANESWAR, KHORDA-752054, ODISHA",Khordha,752055,"Khordha,Odisha",India,third-country,FFP,PP,,,PP - Processing Plant,15/01/2025,
2641,M/s. BAM FOODS LLP,"Plot No. 99, Sancoale Industrial Estate, Zuarinagar, Mormugao -Goa - 403726",Zuarinagar,,"South Goa,Goa",India,third-country,FFP,PP,,,PP - Processing Plant,02/07/2026,
KOC/FFP/02694,M/s. BELOORBAYIR BIOTECH LTD. (UNIT: BAYIR CHEMICALS),"10, 13th Cross, 37th Main, 34th Ward, Doddanna Industrial Estate, Near Peenya 2nd Stage, Bengalore-560091",Peenya Industrial Area,560091,"Bangalore Urban,Karnataka",India,third-country,FFP,PP,,,PP - Processing Plant,08/09/2025,
1845,M/s. BMR INDUSTRIES PRIVATE LIMITED,"S.No.198A to D1, 230/2A to D1, 230/3A to F1, Damavaram Village, Dagadarthi Mandal, Nellore District, Andhra Pradesh-524152",Dagadarthi,,"Sri Potti Sriramulu Nellore District,Andhra Pradesh",India,third-country,FFP,PP,,,PP - Processing Plant,05/09/2025,
1840,M/s. Baby Marine (Eastern) Exports (Unit-II),,Mandapam,623518,"Ramanathapuram district,Tamil Nadu",India,third-country,FFP,PP,,,PP - Processing Plant,,
1544,M/s. Bathsha Marine Exports Pvt.Ltd.,,Aroor,,Kerala,India,third-country,FFP,PP,,,PP - Processing Plant,,
1370,M/s. Bhimraj Exports Private Limited,"Badapokharia, P.O: Nilagiripatana, P.S: Nirakarpur, Dist: Khurda, Odisha, Pin-752019",Khurda,,Odisha,India,third-country,FFP,PP,,,PP - Processing Plant,15/01/2025,
1187,M/s. Blue-Fin Frozen Foods Pvt. Ltd.,,MIDC Taloja,400104,"Raigad,Maharashtra",India,third-country,FFP,PP,,,PP - Processing Plant,,
1600,M/s. Byrd Foods International LLP,"Hall No. 02 & 03, SDF Building, KSIDC Mega Food Park, KSIDC IGC, Pallipuram, P.O., Cherthala, Alappuzha, Kerala, India Pin-688541",Turavoor,688540,"Alappuzha,Kerala",India,third-country,FFP,PP,,,PP - Processing Plant,20/06/2025,
1986,M/s. CASTLEROCK FISHERIES PRIVATE LIMITED,"Sy No: 85-1, 85-2, 85-3, 85-4, 85-5, 85-6, 86-1A, 86-1B, 86-1D, 86-2, 86-3, 86-4, 86-5A, 86-5B, 86-6, Maddali (V), Kota (M), SPSR Nellore District, Andhra Pradesh, India-524410",ANDHRA PRADESH,,Andhra Pradesh,India,third-country,FFP,PP,,,PP - Processing Plant,08/09/2025,
MUM:CS-19,M/s. Castlerock Fisheries Pvt. Ltd.,"Plot No. M-48, MID C, Taloja Industrial Area, Taluka- Panvel, District- Raigad, 410 208",Navi Mumbai,400705,"Thane,Maharashtra",India,third-country,FFP,CS,,,CS - Cold Stores,,
1954,M/s. Choice Canning Company Unit III (A Division of Choice Trading Corporation Private Limited),"R. Sy. No. 2/4,5, 3/1,2,3,4, 4/1 and 4/4, Potukuru (V), Magam Road, Ainavilli (M), Konaseema District, Andhra Pradesh-533577",ANDHRA PRADESH,,Andhra Pradesh,India,third-country,FFP,PP,,,PP - Processing Plant,20/06/2025,
1866,M/s. Coastal Aqua Private Limited,"1-164,Patharlagadda, Kakinada-533468, Andhra Pradesh",ANDHRA PRADESH,,Andhra Pradesh,India,third-country,FFP,PP,,,PP - Processing Plant,27/04/2023,
1956,M/s. Coastal Corporation Limited,"Sy. No. 208, 209, Plot: D 7 & 8, Kakinada SEZ, Ponnada Village, U. Kothapalli Mandal, Kakinada District-533448, Andhra Pradesh, India",ANDHRA PRADESH,,Andhra Pradesh,India,third-country,FFP,PP,,,PP - Processing Plant,01/04/2025,
1905,M/s. Cofoods Processors Private Limited,"Sy. No. 456/2, 456/3, 456/4, 458/1, 458/2, 458/3, 458/5, 461/3, Arugolanu Road, Arugolanu Village, Bapulapadu Mandal, Krishna District, Andhra Pradesh- 521106",ANDHRA PRADESH,,Andhra Pradesh,India,third-country,FFP,PP,,,PP - Processing Plant,27/04/2023,
KOL: CS -14,M/s. Coldman Logistics Private Limited,"Chamber No.: 104, 105, 106, 107, 108, 109, 110, & 111, Mouza Chamrail, J. L. No. 105, Police Station Liluah, Belly-Jagacha, Howrah, West Bengal -711114",Howrah,711101,"Hugli,West Bengal",India,third-country,FFP,CS,,,CS - Cold Stores,05/09/2025,
1361,M/s. Contai Marine Fish Export Private Limited,"Ghole, PO:Chaulkhola, PS: Ramnagar, Dist: Purba Medinipur, West Bengal-721455",Purba Medinipur,,West Bengal,India,third-country,FFP,PP,,,PP - Processing Plant,20/02/2025,
1893,M/s. Continental Marines,"S.No. 145, Kondakarla Village, Atchutapuram Mandal, Visakhapatnam-531033, Andhra Pradesh",ANDHRA PRADESH,,Andhra Pradesh,India,third-country,FFP,PP,,,PP - Processing Plant,27/04/2023,
KOL:CS-11,M/s. Crystal Roadways (P) Ltd.,,Howrah,700021,"Hugli,West Bengal",India,third-country,FFP,CS,,,CS - Cold Stores,,
990,M/s. DEVI FISHERIES LIMITED,"2-159,APSP Camp, Panasapadu, Kakinada-533005, Andhra Pradesh",Kakinada,533005,"East Godavari District,Andhra Pradesh",India,third-country,FFP,PP,,,PP - Processing Plant,12/02/2025,
857,M/s. DEVI FISHERIES LIMITED,"3-510, SARPAVARAM",Kakinada,533433,"East Godavari District,Andhra Pradesh",India,third-country,FFP,PP,,,PP - Processing Plant,,
1978,"M/s. DEVI FISHERIES LIMITED, UNIT-6","12-275, Seethanagaram Village, Jaggampeta Mandal, Kakinada District, Andhra Pradesh -533435",Jaggampeta,533435,"East Godavari District,Andhra Pradesh",India,third-country,FFP,PP,,,PP - Processing Plant,08/09/2025,
1931,M/s. DWARAKA SEA FOODS,"Sy.No.265/267, Batlamachavaram Sivaru, Maddulur Village, Santhanuthalapadu Mandal, Prakasam District-523225, Andhra Pradesh",Prakasam,,"Prakasam District,Andhra Pradesh",India,third-country,FFP,PP,,,PP - Processing Plant,01/04/2025,
1242,M/s. Deepak Foods,"Plot No.3 to 8, Somnath Road",Veraval,362200,Gujarat,India,third-country,FFP,PP,,,PP - Processing Plant,,
1228,M/s. Deepmala Fisheries,,Veraval,362200,Gujarat,India,third-country,FFP,PP,,,PP - Processing Plant,,
1938,M/s. Deva Sea Food,"3/13, Bye Pass Road , Madathur, Tuticorin - 628101, Tamil Nadu",Tuticorin,628003,"Thoothukudi district,Tamil Nadu",India,third-country,FFP,PP,,,PP - Processing Plant,21/04/2022,
1936,M/s. Devi Fisheries Limited,"Plot No: D4,Sy.Nos:208, Ponnada, U.Kothapalli Mandal, East Godavari District, Pin code: -533448, Andhra Pradesh",East Godavari,,"East Godavari District,Andhra Pradesh",India,third-country,FFP,PP,,,PP - Processing Plant,21/08/2025,
1888,"M/s. Devi Fisheries Limited, Unit-5","12-274, Seethanagaram Village, Jaggampeta Mandal, Kakinada District, Andhra Pradesh-533435",Jaggampeta,533435,"East Godavari District,Andhra Pradesh",India,third-country,FFP,PP,,,PP - Processing Plant,21/08/2025,
1974,M/s. Devi Sea Foods Limited (Unit-3),"R.S.No. 741/2P, 742/3P, 745/6P, 7P&8P, 746/3P&4P, Peravali Road, Tanuku 534211, West Godavari District, Andhra Pradesh, India",Tanuku,534211,"West Godavari District,Andhra Pradesh",India,third-country,FFP,PP,,,PP - Processing Plant,08/09/2025,
265,M/s. Dhanani Frozen Foods Unit-I,,Dwarka,110077,Delhi,India,third-country,FFP,PP,,,PP - Processing Plant,,
676,M/s. ELTE Marine Products,"EL TE Complex, Chandiroor-688537 Alappuzha, Kerala",Chandiroor,,Kerala,India,third-country,FFP,PP,,,PP - Processing Plant,05/09/2025,
1315,M/s. ESSEX MARINE LIMITED,"Vill - Kuliatta, PO & PS - Ramnagar, Dist - Purba Medinipur, West Bengal - 721441",Ramnagar,721441,"Purba Medinipur,West Bengal",India,third-country,FFP,PP,,,PP - Processing Plant,22/08/2025,
1549,M/s. Eminent Seafoods Pvt.Ltd.,,Cochin,682037,"Ernakulam,Kerala",India,third-country,FFP,PP,,,PP - Processing Plant,,
KOC:CS-52,M/s. Everest Sea Foods Exports Private Limited,"Plot No. 449/C, Industrial Area, Baikampady, 575011, Dakshina Kannada",Mangalore,575010,"Dakshina Kannada,Karnataka",India,third-country,FFP,CS,,,CS - Cold Stores,,
1602,M/s. Evergreen Exports,"Behind Port Trust Hospital Willingdon Island Kochi, Pin-682003",Kochi,682003,"Ernakulam,Kerala",India,third-country,FFP,PP,,,PP - Processing Plant,25/02/2025,
1571,M/s. Excellent Fisheries Private Limited,"XIII/407-A, Ezhupunna",Alappuzha,682018,"Alappuzha,Kerala",India,third-country,FFP,PP,,,PP - Processing Plant,,
1613,"M/s. FRONTLINE EXPORTS PVT. LTD., UNIT-2","INDUSTRIAL ESTATE, AROOR, KERALA, 688534",Alappuzha,688003,"Alappuzha,Kerala",India,third-country,FFP,PP,,,PP - Processing Plant,08/09/2025,
1327,M/s. Falcon Marine Exports Limited,"NH5, Khantapara, Kasbajaypur",Balasore,756001,"Baleshwar,Odisha",India,third-country,FFP,PP,,,PP - Processing Plant,,
1189,M/s. Favourite Exports,"Plot No. 611, GIDC Estate, Veraval-362269, Gujarat, India",Veraval,362265,Gujarat,India,third-country,FFP,PP,,,PP - Processing Plant,25/02/2025,
1943,M/s. Fedora Sea Foods Private Limited,"NH-16/AH-45, North Rajupalem Village, Kodavalur Mandalam, Nellore-524366",Kodavalur,,"Sri Potti Sriramulu Nellore District,Andhra Pradesh",India,third-country,FFP,PP,,,PP - Processing Plant,20/06/2025,
1539,M/s. Foodco Delicacies India (P) Ltd.,,Cherthala,,"Alappuzha,Kerala",India,third-country,FFP,PP,,,PP - Processing Plant,,
1589,M/s. Friends Marine Industries,"Door No-537/538,Ezhupunna, Alappuzha-688537, Kerala",Ezhupunna South,688537,"Alappuzha,Kerala",India,third-country,FFP,PP,,,PP - Processing Plant,27/04/2023,
1610,M/s. GHAN MARINE EXIM,"PLOT NO. 17/C, KSIDC FOOD PARK, PALLIPURAM POST-688541, CHERTHALA, ALAPPUZHA, KERALA, INDIA",Alappuzha,682018,"Alappuzha,Kerala",India,third-country,FFP,PP,,,PP - Processing Plant,05/09/2025,
2638,M/s. Gadre Marine Export Pvt. Ltd. (EL-5 Plant),"Plot No. EL-5, MIDC, Mirjole Block, MIDC, Ratnagiri 415639, Maharashtra, India.",Ratnagiri,415639,"Ratnagiri,Maharashtra",India,third-country,FFP,PP,,,PP - Processing Plant,08/09/2025,
1221,M/s. Gadre Marine Export Pvt.Ltd. (Surimi Unit),,Chorwad,,"Dhule,Maharashtra",India,third-country,FFP,PP,,,PP - Processing Plant,,
1234,M/s. Gausia Cold Storage Pvt.Ltd.,,Raigad,,"Raigad,Maharashtra",India,third-country,FFP,PP,,,PP - Processing Plant,,
1985,M/s. Gayatri Marine Products,"Sy. No. 455-2A, 455-2B, 455-2C, 455-2D, 455-2E, 455-2G2, Chillakuru Mandal, Oduru Village, Tirupati District, Andhra Pradesh - 524410",ANDHRA PRADESH,,Andhra Pradesh,India,third-country,FFP,PP,,,PP - Processing Plant,08/09/2025,
1989,M/s. Gokulam Marine Export Private Limited,"Plot No B-11 to B-16, B-22 to B-26, SP B-27 and B-21 (Partly), PIPDIC Industrial Estate Phase-1, Sedarapet, Puducherry - 605111",Puducherry,605111,Puducherry,India,third-country,FFP,PP,,,PP - Processing Plant,10/06/2026,
1560,M/s. Gold Marine Exports Pvt.Ltd,"8/30 A, SNDP JN, Valamangalam, Pin-688533",Alappuzha,682018,"Alappuzha,Kerala",India,third-country,FFP,PP,,,PP - Processing Plant,,
KOC:CS-68,M/s. Grand Marine Exim,"Plot No.33, KSIDC Mega Food Park, Pallipuram-688541, Cherthala, Alappuzha Dist., Kerala",Cherthala,,"Alappuzha,Kerala",India,third-country,FFP,CS,,,CS - Cold Stores,10/06/2026,
1504,M/s. Grand Marine Foods,"11/750A, Industrial Development Area, Aroor P.O., Pin-688534 Alappuzha District, Kerala",Aroor,,Kerala,India,third-country,FFP,PP,,,PP - Processing Plant,27/04/2023,
1957,M/s. Green Asia Impex Private Limited,"RS. No. 677/2A1, Unguturu Village and Mandal, West Godavari District- 534411, Andhra Pradesh",West Godavari,,Andhra Pradesh,India,third-country,FFP,PP,,,PP - Processing Plant,25/02/2025,
1872,M/s. Green House Agro Products,"Survey Nos.173A,B,C & 174/A,B, Kodavaluru Mandal, SPSR Nellore Dist",Rajupalem,523292,"Prakasam District,Andhra Pradesh",India,third-country,FFP,PP,,,PP - Processing Plant,,
1854,M/s. Growel Processors Pvt. Ltd.,,Venkata Krishna Puram,522001,"Guntur District,Andhra Pradesh",India,third-country,FFP,PP,,,PP - Processing Plant,,
MUM/FFP/02597,M/s. H.H. Marine,"Plot No. 19, Survey No. 1788/1, Near Win Marine Exports, Veraval 362 269 Gujarat - India",Veraval,362200,Gujarat,India,third-country,FFP,PP,,,PP - Processing Plant,,
742,M/s. HIC-ABF Special Foods Pvt.Ltd.,"Industrial Development Area, Project Colony Road, alappuzha, Dist. Pin-688534",Aroor,,Kerala,India,third-country,FFP,PP,,,PP - Processing Plant,,
1330,M/s. Hari Marine Pvt. Limited,"Biruan,P.O. Seragarh, Pin-756060",Balasore,756001,"Baleshwar,Odisha",India,third-country,FFP,PP,,,PP - Processing Plant,,
1365,M/s. Highland Agro Food Private Limited,"Plot No. 347-358, Gadabhanga, Khantapada, Balasore-756043, Odisha",Khantapada,756040,"Baleshwar,Odisha",India,third-country,FFP,PP,,,PP - Processing Plant,27/04/2023,
MUM:CS-21,M/s. Hiravati Marine Products Pvt. Ltd.,"Jawar Naka, Porbandar 360575, Gujarat, India",Porbandar,360575,Gujarat,India,third-country,FFP,CS,,,CS - Cold Stores,08/09/2025,
1250,M/s. Hiravati Marine Products Pvt. Ltd. Unit II,Jawar Naka,Porbandar,360575,Gujarat,India,third-country,FFP,PP,,,PP - Processing Plant,,
477,M/s. IFB Agro Industries Limited,"Plot n° IND-5, Sector-1",Kolkata,700017,"Hugli,West Bengal",India,third-country,FFP,PP,,,PP - Processing Plant,,
214,M/s. INDIAN EXPORTS,"Plot No. 1316/1-2, G.I.D.C Estate, Veraval- 362269, Gujarat, India",Veraval,362265,Gujarat,India,third-country,FFP,PP,,,PP - Processing Plant,05/09/2025,
1884,M/s. Ifaa Win Marine Exports India Private Limited,"S.F.No. 30/1 & 30/A, Kottakuppam Village, Ellapuram Block, Uthukottai Taluk, Pin-601102",Thiruvallur,631501,"Thiruvallur district,Tamil Nadu",India,third-country,FFP,PP,,,PP - Processing Plant,,
2608,M/s. J M Sea Foods,"Plot No. 315 & 316, GIDC Estate, Veraval 362269, Gujarat, India",Veraval,362265,Gujarat,India,third-country,FFP,PP,,,PP - Processing Plant,28/04/2023,
1849,M/s. JRJ Sea Foods India Pvt. Ltd.,,Pudukkottai,613001,"Pudukkottai district,Tamil Nadu",India,third-country,FFP,PP,,,PP - Processing Plant,,
2617,M/s. JRK Marine Exports,"Sy No. 1071/2, Maktupur Road, Mangrol Bandar, Mangrol 362225, District Junagadh, Gujarat, India",Mangrol,362225,Gujarat,India,third-country,FFP,PP,,,PP - Processing Plant,05/09/2025,
1852,M/s. Jahnavi Chem Products Pvt.Ltd.,,Bapulapadu,,"Krishna District,Andhra Pradesh",India,third-country,FFP,PP,,,PP - Processing Plant,,
1345,M/s. Jana Brothers Sea Foods LLP,"Jagaibasan, P.O-Digha, PS-Digha Mohana Coastal, Dist.- Purba Medinipur-721441, West Bengal",Ramnagar,721441,"Purba Medinipur,West Bengal",India,third-country,FFP,PP,,,PP - Processing Plant,19/05/2022,
1969,"M/s. Jaya Lakshmi sea Foods Pvt. Ltd, Unit-III","Survey No. 412/5,413/4A,413/4B,415/3,420/1,420/2,420/3A,420/3B,420/3C,420/3D,420/3E,421/1,421/2A,421/2C,422 /1,422/2,423,424,425/2, Movva Village & Mandal, Krishna District, Andhra Pradesh – 521135, India",Movva,521300,"Krishna District,Andhra Pradesh",India,third-country,FFP,PP,,,PP - Processing Plant,05/09/2025,
1264,M/s. Jeelani marine Products,"Plot No G-6 & G-7/2, MIDC Area, Mirjole Block, Ratnagiri-415639, Maharashtra",Ratnagiri,415612,"Ratnagiri,Maharashtra",India,third-country,FFP,PP,,,PP - Processing Plant,,
MUM:CS-5,M/s. Jinny Marine Traders Cold Storage,,Veraval,362200,Gujarat,India,third-country,FFP,CS,,,CS - Cold Stores,,
2604,M/s. Joecons Marine Exports Private Limited,"Plot No. L-4 & M-23, Cuncolim Industrial Estate, Cuncolim, Salcete, South Goa 403703, India",Cuncolim,403603,"South Goa,Goa",India,third-country,FFP,PP,,,PP - Processing Plant,28/04/2023,
CH:CS-16,M/s. K K Cold Storage,,Visakhapatnam,531173,"Vishakhapatnam District,Andhra Pradesh",India,third-country,FFP,CS,,,CS - Cold Stores,,
746,M/s. K.M.FISHERIES,"XIII/2, Light House Junction, Azhikode P.O, Kodungalloor, Thrissur-680666",Azhikode,670009,"Kannur district,Kerala",India,third-country,FFP,PP,,,PP - Processing Plant,,
904,M/s. KALYAN AQUA& MARINE EXPORTS INDIA (P) LTD.,"Survey Nos. 143, 144/1, 144/2, 144/3, Keerthi Padu Village, Maddipadu Mandal, Near Ongole, Prakasham District, Andhra Pradesh-523211, India",Prakasam,,"Prakasam District,Andhra Pradesh",India,third-country,FFP,PP,,,PP - Processing Plant,05/09/2025,
1550,M/s. Karavali Freezers & Exporters,"Survey No.117/6.Door No.1-92(1), Ward: Kukkehalli, Bellampalli Village Kukkikatte Post, Punchoor Road, Udupi Taluk & District, Karnataka-576124",Harikandige,576124,"Udupi district,Karnataka",India,third-country,FFP,PP,,,PP - Processing Plant,27/04/2023,
1842,M/s. Kiefer Sea Foods,,Tuticorin,628003,"Thoothukudi district,Tamil Nadu",India,third-country,FFP,PP,,,PP - Processing Plant,,
KOC: CS- 36,M/s. Kings Marine Exim,,Kollam,601012,"Kollam,Kerala",India,third-country,FFP,CS,,,CS - Cold Stores,,
1964,M/s. Lifaa Sea Food Exports,"4/37-2, Keela Arasaradi, Ottapidaram Taluk, Tuticorin- 628002.",Tuticorin,628003,"Thoothukudi district,Tamil Nadu",India,third-country,FFP,PP,,,PP - Processing Plant,05/09/2025,
1316,M/s. Linus Agroventures Pvt. Ltd.,,Parganas (N),24,West Bengal,India,third-country,FFP,PP,,,PP - Processing Plant,,
1222,M/s. MARUTI FROZEN FOODS,"Bara Road, Mangrol-362265, Gujarat, India",Veraval,362265,Gujarat,India,third-country,FFP,PP,,,PP - Processing Plant,08/09/2025,
2622,M/s. MG Exports,"Plot No. 801/802/1/1, GIDC Estate, Veraval 362269, Gujarat",Veraval,362265,Gujarat,India,third-country,FFP,PP,,,PP - Processing Plant,05/09/2025,
1374,M/s. Maa Nachinda Sea Foods Private Limited,"AT/PO-Karanpalli, Dhamara, District: Bhadrak, Odisha, Pin-756164, India",Bhadrak,756040,"Baleshwar,Odisha",India,third-country,FFP,PP,,,PP - Processing Plant,25/02/2025,
1321,M/s. Magnum Estates Limited,"Plot No.3858, At: Naupalgadi, Mouza: Srikona. PO/PS. Chandipur, Balasore",Balaramgadi – 756025,,Odisha,India,third-country,FFP,PP,,,PP - Processing Plant,,
1557,M/s. Malpefresh Marine Export Private Limited,"D.No. D-II 19 A-5, Devalkunda, Vishnumurthy Temple Road, Kundapur Taluk, Udupi, Karnataka-576230",Kundapura,576200,"Udupi district,Karnataka",India,third-country,FFP,PP,,,PP - Processing Plant,27/04/2023,
1926,M/s. Marble Valley Foods & Beverages Private Limited,"349,Subramaniapuram, Eraippuvari Village, Nanguneri Taluk, Tirunelveli District, Tamil Nadu- 627 108",Nanguneri,627108,"Tirunelveli Kattabo,Tamil Nadu",India,third-country,FFP,PP,,,PP - Processing Plant,19/02/2025,
1393,M/s. Mathurapur Agro India Private Limited,"Dag No. – 737, Khatian No. – 6598, Village – Uttar Kumrapara, Mouza – Kumrapara, J. L. No. – 111, P.O. – Kumrapara, P.S. – Raidighi, District – South 24 Parganas, Pin 743383, West Bengal",Raidighi,743383,West Bengal,India,third-country,FFP,PP,,,PP - Processing Plant,15/07/2026,
1328,M/s. Megaa Moda Pvt. Ltd.,"Sriram Hanuman Gate, Ranihati, Amta Road, Vill&P.O. Islampur, Pin-711401",Howrah,700021,"Hugli,West Bengal",India,third-country,FFP,PP,,,PP - Processing Plant,14/01/2026,
492,M/s. Milsha Agro Exports Pvt. Ltd.,"Unit No, 1, ISFPC Benfish complex Chakgaria, Pin-700094",Kolkata,700017,"Hugli,West Bengal",India,third-country,FFP,PP,,,PP - Processing Plant,,
1286,M/s. Mindhola Foods LLP,"Block No. 187/A, Moje Makhinga, Taluka Palsana, District- Surat- 394315. State- Gujarat, India",Makhinga,394315,"Surat,Gujarat",India,third-country,FFP,PP,,,PP - Processing Plant,27/04/2023,
745,M/s. Misty Frozen Foods,"CC 18/343,Nadakadavu Road Palluruthy, Kochi-682006, Kerala, India",Palluruthy,682006,Kerala,India,third-country,FFP,PP,,,PP - Processing Plant,26/04/2023,
CHE/FFP/02832,M/s. Monsoon Bounty Foods Manufacturing Private Limited,"Plot No.99, SIPCOT Industrial Estate, EPIP Zone, Gummidipoondi-601201, Thiruvallur, Tamil Nadu",Gummidipundi,601200,"Thiruvallur district,Tamil Nadu",India,third-country,FFP,PP,,,PP - Processing Plant,,
767,M/s. Moon Fishery (India) Pvt. Ltd.,"Chemical Industrial Estate, Aroor-688534, Alappuzha Dist",Aroor,,Kerala,India,third-country,FFP,PP,,,PP - Processing Plant,,
1975,M/s. Mulpuri Aqua Processors,"Survery No.460, 461/1, 461/2, 462, 462/1, Arugolanu (V), Bapulapadu (M), Krishna, Andhra Pradesh-521106",Bapulapadu,,"Krishna District,Andhra Pradesh",India,third-country,FFP,PP,,,PP - Processing Plant,08/09/2025,
1983,M/s. N G Exports International,"S. No. 4/3, 4/2, 3/2, Vajrapukoduru Road, Kathipudi (V), Sankhavaram (M), Kakinada Dist, Pin-533444, Andhra Pradesh, India",ANDHRA PRADESH,,Andhra Pradesh,India,third-country,FFP,PP,,,PP - Processing Plant,08/09/2025,
1100,M/s. NAIK SEAFOODS PVT. LTD.,"S. No. 3A, H. No. 3A/3B, At and Post Karla, Ratnagiri-415612, Maharashtra, India",Ratnagiri,415612,"Ratnagiri,Maharashtra",India,third-country,FFP,PP,,,PP - Processing Plant,08/09/2025,
1363,M/s. NDM Sea Food Processors & Exporters Private Limited,"Hosennabad Village, Mogra, Hooghly-712148, West Bengal",Hooghly,,West Bengal,India,third-country,FFP,PP,,,PP - Processing Plant,27/02/2026,
1937,M/s. NEYTHAL FRESH EXPORTS,"10/121-D, Rameswaram Road, Mappilaioorani Village, Thoothukudi, Tamil Nadu- 628002",Thoothukudi,628001,"Thoothukudi district,Tamil Nadu",India,third-country,FFP,PP,,,PP - Processing Plant,28/04/2023,
2634,M/s. NISHIINDO FOODS PRIVATE LIMITED,"Survey No. 132 Paiky, Kathiyawad Industries Ltd, Gadu-362250, Taluka – Maliya Hatina, District: Junagadh, Gujarat, India",Gadu,,Gujarat,India,third-country,FFP,PP,,,PP - Processing Plant,08/09/2025,
1856,"M/s. Nagahanuman Fish Packers, Unit-1","Survey No 71P & 73P, Palavalasa Village, Anandapuram Mandal, Visakhapatnam-530052, Andhra Pradesh",Visakhapatnam,530048,"Vishakhapatnam District,Andhra Pradesh",India,third-country,FFP,PP,,,PP - Processing Plant,27/04/2023,
1120,M/s. Naik Oceanic Exports Pvt. Ltd.,"M-5, MIDC, Taloja, Navi Mumbai, Dist- Raigad, 410208",Mumbai,400053,"Mumbai City,Maharashtra",India,third-country,FFP,PP,,,PP - Processing Plant,,
1855,M/s. Neeli Aqua Private Limited,,Addanki,,Andhra Pradesh,India,third-country,FFP,PP,,,PP - Processing Plant,,
882,M/s. Nekkanti Sea Foods Limited,"Marikavalasa, Paradesipalem Village, Viskhapatnam-531163, Andhra Pradesh",Visakhapatnam,531173,"Vishakhapatnam District,Andhra Pradesh",India,third-country,FFP,PP,,,PP - Processing Plant,05/09/2025,
1868,M/s. Nekkanti Sea Foods Ltd.,,Peddapuram,533100,"West Godavari District,Andhra Pradesh",India,third-country,FFP,PP,,,PP - Processing Plant,,
KOC:CS-44,M/s. Ocean Wealth Exports,,Eramalloor,628002,"Alappuzha,Kerala",India,third-country,FFP,CS,,,CS - Cold Stores,,
1366,M/s. Orchid Marine Exports Private Limited,"Khaladiha No.1, Badasimulia, Baliapal, Balasore, Odisha-756026, India",Baliapal,756026,"Baleshwar,Odisha",India,third-country,FFP,PP,,,PP - Processing Plant,27/04/2023,
1901,M/s. Orient Frozen Foods LLP,"Survey No.51/1B2, No.4, Poovalai Village, Gummidipundi Taluk- 601201,Tamil Nadu",Gummidipundi,601200,"Thiruvallur district,Tamil Nadu",India,third-country,FFP,PP,,,PP - Processing Plant,27/04/2023,
297,M/s. PARTY TIME ICE PVT. LTD.,"C-24, TTC Industrial Area, MIDC, Pawne, Navi Mumbai-400705, Maharashtra, India",Navi Mumbai,400705,"Thane,Maharashtra",India,third-country,FFP,PP,,,PP - Processing Plant,08/09/2025,
1318,M/s. Padmashree Export,"Plot No.274, Champajhara, Dist.Khordha",Malipada,751001,"Khordha,Odisha",India,third-country,FFP,PP,,,PP - Processing Plant,,
1367,M/s. Pasupati Aquatics Private Limited,"Haria, Atmaramchak, J.L. No. 131, P.O., Haria, P.S., Khejuri, Dist.-Purba Medinipur, West Bengal, Pin-721430, India",Purba Medinipur,,West Bengal,India,third-country,FFP,PP,,,PP - Processing Plant,27/04/2023,
1857,M/s. Penver Products Limited,"Door No.285, Voduru Post, Punnaparivaripalem Road Chillakur Mandal",Nellore,524002,"Sri Potti Sriramulu Nellore District,Andhra Pradesh",India,third-country,FFP,PP,,,PP - Processing Plant,,
KOC:CS-55,"M/s. Penver Products Limited, Unit-2 Cold Store","Industries Estate, Aroor-688534,Alappuzha,Kerala",Alappuzha,688003,"Alappuzha,Kerala",India,third-country,FFP,CS,,,CS - Cold Stores,16/06/2022,
KOC:CS-47,M/s. Premier Innovative Foods,"XVI/338B,KSID C Mega Food Park, Industrial Growth Centre, Pallippuram, Alappuzha, Cherthala Pin-688541",Cherthala,,"Alappuzha,Kerala",India,third-country,FFP,CS,,,CS - Cold Stores,,
KOC:CS-48,M/s. Premier Marine Foods.,"Plot No.22,KSIDC Mega Foods Park, Industrial Growth Centre Pallippuram Cherthala.",Alappuzha,682018,"Alappuzha,Kerala",India,third-country,FFP,CS,,,CS - Cold Stores,,
762,M/s. Profand Vayalat Marine Exports Pvt. Ltd,"CC XXIII/1804, Binny Road, Palluruthy P.O., Kochi-682006, Kerala",Palluruthy,682006,Kerala,India,third-country,FFP,PP,,,PP - Processing Plant,27/04/2023,
232,M/s. RAUNAQ ICE & COLD STORAGE,"Bara Road, Mangrol-362225, Gujarat, India",Mangrol,362225,Gujarat,India,third-country,FFP,PP,,,PP - Processing Plant,25/02/2025,
2407,M/s. ROYALE MARINE IMPEX PVT. LTD. UNIT -II,"Sy No. 42, Gavinivaripalem, Bapatla District, Andhra Pradesh, India-523166",ANDHRA PRADESH,,Andhra Pradesh,India,third-country,FFP,PP,,,PP - Processing Plant,10/06/2026,
MUM/FFP/02565,M/s. Rahemat Fish Centre,"Plot No.812,G.I.D.C, Estate, Veraval-362269",Veraval,362200,Gujarat,India,third-country,FFP,PP,,,PP - Processing Plant,,
1982,M/s. Rajyalakshmi Marine Exports,"Survey No. 105-1, 105-2, 105-4A, Mamidada Village, Jaggampeta Mandal, Kakinada District-533435, Andhra Pradesh, India",ANDHRA PRADESH,,Andhra Pradesh,India,third-country,FFP,PP,,,PP - Processing Plant,08/09/2025,
200,M/s. Rameshwar Cold Storage,"Somnath Road, Bhidiya",Veraval,362200,Gujarat,India,third-country,FFP,PP,,,PP - Processing Plant,,
428,M/s. Razban Seafood Pvt. Ltd.,"770, Kalikapore, Kolkata-700099, West Bengal",Kolkata,700017,"Hugli,West Bengal",India,third-country,FFP,PP,,,PP - Processing Plant,,
1603,M/s. Relish Foods,"14/190, 192, Valanjavazhi, Ambalapuzha, Alappuzha-688005, Kerala, India",Ambalapuzha,688561,"Alappuzha,Kerala",India,third-country,FFP,PP,,,PP - Processing Plant,25/02/2025,
2602,M/s. Rizwan Ice & Cold Storage Unit-II,"Plot No. M-17, Taloja MIDC, Taluka Panvel, District, Raigad, Navi Mumbai- 410208, Maharashtra, India",Panvel,410208,"Raigad,Maharashtra",India,third-country,FFP,PP,,,PP - Processing Plant,28/04/2023,
1890,M/s. Royal Import and Export.,"Survey No. 329/1,2, 330/1,2,3, 332/1, 413/2,3,5, Bendapudi Village, Thondangi Mandal, East Godawari District, Andhra Pradesh- 533 406",Bendapudi,533406,"East Godavari District,Andhra Pradesh",India,third-country,FFP,PP,,,PP - Processing Plant,27/04/2023,
771,M/s. Royal Oceans,AP XII/528,Chandiroor,,Kerala,India,third-country,FFP,PP,,,PP - Processing Plant,,
1319,M/s. Rupsha Fish Pvt. Ltd.,,Ruiya,,West Bengal,India,third-country,FFP,PP,,,PP - Processing Plant,,
1352,M/s. S. S. SEA FOOD,"Vill: Jagaibasan, PO: Digha, PS: Digha Mohana Coastal, Dist.: Purba Medinipur, West Bengal-721428",Digha,721428,"Purba Medinipur,West Bengal",India,third-country,FFP,PP,,,PP - Processing Plant,25/02/2025,
472,M/s. S.D. Heavy Sea Food Pvt. Ltd.,"Benfish Complex, I.S.F.P.C, Unit No: 6, Chakgaria, Budher Hat, Kolkata, West Bengal",Kolkata,700094,"Hugli,West Bengal",India,third-country,FFP,PP,,,PP - Processing Plant,26/04/2023,
1274,M/s. S.I.A Impex,"Plot No. 811 G.I.D.C., Estate Veraval 362269 Gujarat, India",Veraval,362200,Gujarat,India,third-country,FFP,PP,,,PP - Processing Plant,,
1162,M/s. S.S. International,"Plot No.604/605, G.I.D.C estate, Veraval-362269",Veraval,362200,Gujarat,India,third-country,FFP,PP,,,PP - Processing Plant,,
1314,M/s. S.S.Sea Food Pvt.Ltd.,,Ruiya,,West Bengal,India,third-country,FFP,PP,,,PP - Processing Plant,,
1386,M/s. SABRI FOOD PRODUCTS PRIVATE LIMITED - UNIT II,"PLOT No. 5 & 6, SEA FOOD PARK, DERAS, HARIDAMADA, BHUBANESWAR, ODISHA, 752054",Janla,752054,"Khordha,Odisha",India,third-country,FFP,PP,,,PP - Processing Plant,08/09/2025,
1930,"M/s. SAI MARINE EXPORTS PRIVATE LIMITED, UNIT II","Sy.No.351/8A, 9, 10, 350-A-1B, 3, 4, 5, 6A & 357/2B, Gudivada (V), S.Rayavaram (M), Visakhapatnam-531083, Andhra Pradesh",Vishakhapatnam,,"Vishakhapatnam District,Andhra Pradesh",India,third-country,FFP,PP,,,PP - Processing Plant,01/04/2025,
2406,"M/s. SANDHYA AQUA EXPORTS PRIVATE LIMITED, UNIT - 4","KSEZ, R.S No. 209, Plot No. D9, D10, Ponnada Village, U.Kothapalli Mandal, Kakinada District, Andhra Pradesh- 533448, India.",ANDHRA PRADESH,,Andhra Pradesh,India,third-country,FFP,PP,,,PP - Processing Plant,10/06/2026,
856,M/s. SANDY BAY SEAFOODS (INDIA) PVT. LTD.,"6-37, Marikavalasa, K. Paradesipalem Post, Visakhapatnam - 530048, Andhra Pradesh",Visakhapatnam,530048,"Vishakhapatnam District,Andhra Pradesh",India,third-country,FFP,PP,,,PP - Processing Plant,10/06/2026,
1263,M/s. SEAHATH CANNING COMPANY,"Plot No. 6, 7 & 8, Margao Industrial Estate, St. Jose De Areal, Post Curtorim, Salcette, Goa-403709",Goa,403806,Goa,India,third-country,FFP,PP,,,PP - Processing Plant,10/06/2026,
2615,M/s. SILVER CRUSTACEA EXPORTS,"Survey No. 124, Javar Naka, Porbandar 360575, Gujarat, India",Porbandar,360575,Gujarat,India,third-country,FFP,PP,,,PP - Processing Plant,20/06/2025,
1874,M/s. SIMON SEA FOODS PVT. LTD.,"Simon Estates, No 68, Nallur Village, Mullikulathur Post, Thirukkalukumtram Taluk, Kancheepuram District, Tamil Nadu-603109",Oragadam,603109,"Kanchipuram district,Tamil Nadu",India,third-country,FFP,PP,,,PP - Processing Plant,05/09/2025,
1275,M/s. SKR Exports India Private Limited,"Plot No. 169, Mirkarwada, Bhagwati Bunder Road, Ratnagiri-415612, Maharashtra, India",Ratnagiri,415612,"Ratnagiri,Maharashtra",India,third-country,FFP,PP,,,PP - Processing Plant,25/02/2025,
512,M/s. SLS EXPORTS PVT. LTD.,"XXII/1377, Edakochi P.O., Kochi-682010, Ernakulam District, Kerala",Edakochi,682010,Kerala,India,third-country,FFP,PP,,,PP - Processing Plant,22/08/2025,
CH:CS-26,M/s. SMSEA COLD STORAGE,"SEA SANDS, SS EMPIRE, FLAT NO. A 2,D.NO.1-44-3(2),SECTOR-1,MVP COLONY, 530017",Visakhapatnam,531173,"Vishakhapatnam District,Andhra Pradesh",India,third-country,FFP,CS,,,CS - Cold Stores,,
1991,M/s. SMSEA CORPORATION LLP,"S.No. 369 Part, Janguluru Velampalem Village, S. Rayavaram Mandal, Anakapalli District-531055",ANDHRA PRADESH,,Andhra Pradesh,India,third-country,FFP,PP,,,PP - Processing Plant,10/06/2026,
1841,M/s. SMSEA Marines Private Limited,,Visakhapatnam,531173,"Vishakhapatnam District,Andhra Pradesh",India,third-country,FFP,PP,,,PP - Processing Plant,,
815,M/s. SSF Limited,"47-1-5, Yetimoga Jagannaickpur, Kakinada - 533002, Andhra Pradesh",Kakinada,533434,"East Godavari District,Andhra Pradesh",India,third-country,FFP,PP,,,PP - Processing Plant,27/04/2023,
CH: CS-32,M/s. SVR COLD STORAGE,"S.NO.40/11/,BAKURUPALEM VILLAGE ,ANANDAPURAM MANDAL,VISAKHAPATNAM DISTRICT 531173",Visakhapatnam,531173,"Vishakhapatnam District,Andhra Pradesh",India,third-country,FFP,CS,,,CS - Cold Stores,,
MUM:CS-13,M/s. Sagar Feeds & Food Processing Industries,"Plot No. L-27, GIDC, Cuncolim Industrial Estate, Cuncolim, Salcete, Goa - 403703",Cuncolim,403603,"South Goa,Goa",India,third-country,FFP,CS,,,CS - Cold Stores,,
1225,M/s. Sagar Marine Impex,"B/H Trivedi Weigh Bridge, Near Keval Export, Bhalka Patan Road",Veraval,362200,Gujarat,India,third-country,FFP,PP,,,PP - Processing Plant,,
KOL: CS-15,M/s. Sagar Multipurpose Storage Private Limited,"Cold Room No. 1, L. R. Dag No. 119, Khatian No. 492, Mouza – Alampur, NH – 6, Jayshree Complex, P.O – New Kolora, Howrah – 711203, West Bengal",Howrah,711101,"Hugli,West Bengal",India,third-country,FFP,CS,,,CS - Cold Stores,08/09/2025,
2612,M/s. Salet Seafoods Private Limited-Unit-I,"Plot No. 46 to 47, GIDC Industrial Estate, Vanana, Porbandar-360550, Gujarat, India",Ranavav,360550,Gujarat,India,third-country,FFP,PP,,,PP - Processing Plant,25/02/2025,
1987,M/s. Sandhya Marines Limited,"R.S.No. 117, 118, 119, 127 & 130, Poolapalli Village, Palakole Mandal, West Godavari District – 534250, Andhra Pradesh, India",West Godavari,,Andhra Pradesh,India,third-country,FFP,PP,,,PP - Processing Plant,08/09/2025,
CHE/FFP/02784,M/s. Satish Marine Exim Private Limited,"Dammanavaripalem Village & Post, Karlapalem Mandal, Guntur District-522111, Andhra Pradesh",ANDHRA PRADESH,,Andhra Pradesh,India,third-country,FFP,PP,,,PP - Processing Plant,22/08/2025,
1387,M/s. Sea Doris Marine Exports,"Dag No. – 756, J. L. No. -96, Mouza- Chandipur, P.O. – B. Gobindapur, P. S. -Bhangar, Dist. –South 24 Parganas, West Bengal, Pin – 743502, India",Parganas (S),24,West Bengal,India,third-country,FFP,PP,,,PP - Processing Plant,08/09/2025,
498,M/s. Sea Foods Private Limited,"At - Dakshin Balarampur (Shankarpur), P.S. Ramnagar, Dist - Purba Medinipur",Bodra,,West Bengal,India,third-country,FFP,PP,,,PP - Processing Plant,,
2629,M/s. Seama Freezing and Cold Storage,"Survey No. 45/3, Rajwadi, Near Tiware Phata, Rajapur, Ratnagiri-416707, Maharashtra, India",Wadapeth,416707,"Ratnagiri,Maharashtra",India,third-country,FFP,PP,,,PP - Processing Plant,05/09/2025,
1373,M/s. Shankha Deep Exports Private Limited (Unit-II),"Chondigori, Badu, North 24 Parganas, Kolkata-700128, West Bengal",Parganas (N),24,West Bengal,India,third-country,FFP,PP,,,PP - Processing Plant,20/02/2025,
MUM: CS-07,M/s. Shivganga Marine Products Unit-II,"Plot No.1314, G.I.D.C. Estate",Veraval,362200,Gujarat,India,third-country,FFP,CS,,,CS - Cold Stores,,
1133,M/s. Shree Datt Aquaculture Farms Pvt. Ltd.,,Navsari,395001,"Surat,Gujarat",India,third-country,FFP,PP,,,PP - Processing Plant,,
2613,M/s. Shyam Marine Foods,"Survey No. 1787/1, Plot No. 2, Near GIDC Estate, Udyognagar, Prabhas Patan, Veraval-362269, Gujarat",Veraval,362265,Gujarat,India,third-country,FFP,PP,,,PP - Processing Plant,01/04/2025,
1185,M/s. Siddiqee Exports,"Plot No-104/A, GIDC Estate",Veraval,362200,Gujarat,India,third-country,FFP,PP,,,PP - Processing Plant,,
1927,M/s. Sigma Seafoods,"Plot No 12, Phase III, Industrial Develpoment Area, ADB Road, Peddapuram, East Godavari District, Andhra Pradesh - 533 437",Peddapuram,533437,"East Godavari District,Andhra Pradesh",India,third-country,FFP,PP,,,PP - Processing Plant,28/04/2023,
CH:CS-22,M/s. Snowman Logistics Ltd.,"Sy No. 199/9,200/2, Near ETA Villa, Mevallurkuppam village, Thandalam, sriperampudur TK, Pin-602105",Kanchipuram,631501,"Kanchipuram district,Tamil Nadu",India,third-country,FFP,CS,,,CS - Cold Stores,,
CH: CS-17,M/s. Snowman Logistics Ltd.,,Gajuwada,,"Vishakhapatnam District,Andhra Pradesh",India,third-country,FFP,CS,,,CS - Cold Stores,,
259,M/s. Sonia Marine Exports Private Limited.,"M-40, M.I.D.C Taloja, District- Raigad, 410208",MIDC Taloja,400104,"Raigad,Maharashtra",India,third-country,FFP,PP,,,PP - Processing Plant,,
1861,M/s. Southern Tropical Foods Pvt. Ltd.,,Bitragunta,524200,"Sri Potti Sriramulu Nellore District,Andhra Pradesh",India,third-country,FFP,PP,,,PP - Processing Plant,,
CH: CS-37,M/s. Sravan Shipping Services Pvt. Ltd.,"Sy. No.3/1, 3/2, 3/7, 3/9, 3/10, 3/11, 3/12. 3/13, 3/14, 3/15 & 7, Kapusettivanipalem, Rebaka (V), Anakapalli (M), Visakhapatnam – 531001, Andhra Pradesh",Anakapalle,531001,"Vishakhapatnam District,Andhra Pradesh",India,third-country,FFP,CS,,,CS - Cold Stores,08/09/2025,
1379,M/s. Sreeragam Exports Private Limited,"Unit- 2, Plot No. 41, Bent, Champagarh, Chandpur, Dist. Nayagarh - 752024, Odisha",Nayagarh,752069,"Nayagarh,Odisha",India,third-country,FFP,PP,,,PP - Processing Plant,05/09/2025,
1247,M/s. Stellar Marine Food Processor India Pvt. Ltd.,"M-50, MIDC, Dist: Raigad",MIDC Taloja,400104,"Raigad,Maharashtra",India,third-country,FFP,PP,,,PP - Processing Plant,,
1604,M/s. Sun Aquatic Products Private Limited,"Plot-31, KSIDC-Industrial Growth Center, Pallipuram Post-688541, Cherthala, Alappuzha District Kerala",Cherthala,,"Alappuzha,Kerala",India,third-country,FFP,PP,,,PP - Processing Plant,05/09/2025,
2607,M/s. Sun International,"Plot No. 1403, G.I.D.C Estate, Veraval-362269, Gujarat, India",Veraval,362265,Gujarat,India,third-country,FFP,PP,,,PP - Processing Plant,28/04/2023,
1290,M/s. Sun Marine Exports,"Plot No. 1312, GIDC Estate,",Veraval,362200,Gujarat,India,third-country,FFP,PP,,,PP - Processing Plant,,
768,M/s. TOLAR OCEAN PRODUCTS PVT. LTD.,"Manur Fisheries Road, Kota-576221 Udupi Taluk & District, Karnataka, India",Udupi,576105,"Udupi district,Karnataka",India,third-country,FFP,PP,,,PP - Processing Plant,02/07/2026,
1192,M/s. ULKA SEA FOODS PVT. LTD.,"Plot No. M-34/2, 35, MIDC, Taloja, Dist. Raigad, Maharashtra, 410208, India",MIDC Taloja,410208,"Raigad,Maharashtra",India,third-country,FFP,PP,,,PP - Processing Plant,11/02/2025,
1161,M/s. ULKA SEAFOODS (P) LTD. (UNIT NO.4),"Plot No. M-79, Taloja, MIDC Industrial Area, Dist. Raigad, Pin-410208, Maharashtra, India",MIDC Taloja,410208,"Raigad,Maharashtra",India,third-country,FFP,PP,,,PP - Processing Plant,11/02/2025,
1215,M/s. ULKA SEAFOODS PVT. LTD.,"Plot No. M-79, MIDC, Taloja, District-Raigad, Maharashtra-410208",MIDC Taloja,410208,"Raigad,Maharashtra",India,third-country,FFP,PP,,,PP - Processing Plant,11/02/2025,
2619,M/s. Ulka Sea Foods Private Limited,"Plot No. M-79, MIDC, Taloja, District- Raigad, Maharashtra- 410208",MIDC Taloja,410208,"Raigad,Maharashtra",India,third-country,FFP,PP,,,PP - Processing Plant,08/09/2025,
222,M/s. Ulka Seafoods Pvt.Ltd.(Unit II),"Orgao, Marcela Pin-403107",Marcel,,"North Goa,Goa",India,third-country,FFP,PP,,,PP - Processing Plant,,
1851,"M/s. Uniloids Biosciences Private Limited, Unit II",,Bhimavaram,522600,"Prakasam District,Andhra Pradesh",India,third-country,FFP,PP,,,PP - Processing Plant,,
CH:CS-20,M/s. V V Marine Products (Cold Storage Unit),"17-C, Keeraikaranthattu, Tisayanvilai, Tamil Nadu, 627657",Tirunelveli,627001,"Tirunelveli Kattabo,Tamil Nadu",India,third-country,FFP,CS,,,CS - Cold Stores,,
1942,M/s. V. B. Medicare Private Limited,"Plot No. 59, 61, 62, 63,66A & 67, SIPCOT Industrial Area, Phase-II, Krishnagiri Main Road, Hosur- 635109, Tamil Nadu",Nagapura,635109,"Kolar district,Karnataka",India,third-country,FFP,PP,,,PP - Processing Plant,28/04/2023,
862,M/s. V.V. Marine Products,,Tuticorin,628003,"Thoothukudi district,Tamil Nadu",India,third-country,FFP,PP,,,PP - Processing Plant,,
1998,M/s. VAISAKHI MARINE RESOURCES PRIVATE LIMITED,"Survey No. 77 & 78, Bayyavaram Village, Yelamanchili Mandal, Anakapalli Dist-531055, Andhra Pradesh, India",ANDHRA PRADESH,,Andhra Pradesh,India,third-country,FFP,PP,,,PP - Processing Plant,10/06/2026,
1941,M/s. VARMA MARINE PRIVATE LIMITED,"R.S.No.361/1, Vempa Road , Mogalturu Village & Mandal , West Godavari District , Andhra Pradesh -534281",West Godavari,,Andhra Pradesh,India,third-country,FFP,PP,,,PP - Processing Plant,19/03/2025,
CH:CS-29,M/s. VISAKHAPATNAM PORT LOGISTICS PARK LIMITED (VPLPL),"SURVEY NO. IP & 2P, BESIDE MINDI RAILWAY SIDING, MULAGANDA VILLAGE, 530012",Visakhapatnam,531173,"Vishakhapatnam District,Andhra Pradesh",India,third-country,FFP,CS,,,CS - Cold Stores,,
1244,M/s. VKM FOODS PRIVATE LIMITED,"Plot No. M-82, MIDC, Taloja Industrial Area, Dist. Raigad-410208, Maharashtra, India",MIDC Taloja,410208,"Raigad,Maharashtra",India,third-country,FFP,PP,,,PP - Processing Plant,10/10/2025,
1265,M/s. VKM Foods Private Limited,"Plot No. D-154/1 & D-155, TTC Industrial Area, Shirvane, District Thane, Navi Mumbai-400706, Maharashtra, India",Thane (MUMBAI),400606,Maharashtra,India,third-country,FFP,PP,,,PP - Processing Plant,27/04/2023,
1297,M/s. Vanita Foods,"Plot No.312, 313, GIDC Estate, Veraval-362269, Gujarat, India",Veraval,362265,Gujarat,India,third-country,FFP,PP,,,PP - Processing Plant,27/04/2023,
2621,M/s. Vasai Star Foods,"S/N, 18, Poman Village, Vasai Bhiwandi Road, Palghar, Maharashtra, India-401208",Palghar,401209,"Thane,Maharashtra",India,third-country,FFP,PP,,,PP - Processing Plant,05/09/2025,
1847,M/s. Veerabhadra Exports Private Limited,"Survey No.116, Gurajanapalli, Karapa (Mandal), Kakinada, East Godavari District-533016, Andhra Pradesh",East Godavari,,"East Godavari District,Andhra Pradesh",India,third-country,FFP,PP,,,PP - Processing Plant,05/09/2025,
832,M/s. Vitality Aquaculture Pvt. Ltd.,,Tuticorin,628003,"Thoothukudi district,Tamil Nadu",India,third-country,FFP,PP,,,PP - Processing Plant,,
1256,M/s. Vitality Aquaculture Pvt. Ltd.,"Plot No 20-21, Sr No 120, Zakhar, Behind Maruti Show Room, Jamnagar Khambhalia Highway, Padana Patiya",Jamnagar,361001,Gujarat,India,third-country,FFP,PP,,,PP - Processing Plant,,
1272,M/s. Western Superfresh Stores Private Limited,"Plot No.24-27, Survey No.83, Mahadev Service Industrial Estate, Kalyan Shilphata Road, Navi Mumbai -400 701, Maharashtra, India",Mumbai,400701,"Mumbai City,Maharashtra",India,third-country,FFP,PP,,,PP - Processing Plant,27/04/2023,
1245,M/s. Win Marine Products,"Survey No: 1787/1-6, Near G.I.D.C Somnath Road, Veraval-362269, Gujarat, India",Veraval,362265,Gujarat,India,third-country,FFP,PP,,,PP - Processing Plant,12/07/2023,
KOC/FFP/02739,M/s. YASHASWI FISHMEAL AND OIL COMPANY BRANCH: 2,"Plot No. IP-25 A, Part II, Permude Village, Mangalore SEZ, Dakshina Kannada, Karnataka- 574509",Dakshina Kannada,574509,Karnataka,India,third-country,FFP,PP,,,PP - Processing Plant,08/09/2025,
KOC: CS-63,M/s. Yentrans Maritime Logistics Private Limited,"Cold Store Chamber No. 1, Plot No. 61, KSIDC Mega Food Park Industrial Growth Centre, Pallipuram Post-688541, Cherthala Taluk, Alappuzha District, Kerala",Cherthala,,"Alappuzha,Kerala",India,third-country,FFP,CS,,,CS - Cold Stores,08/09/2025,
1260,M/s. Zeal Aqua Limited,"No. 347, Village-Orma, Taluka Olpad",Surat,394230,"Surat,Gujarat",India,third-country,FFP,PP,,,PP - Processing Plant,,
1869,M/s.Alpha Marine,,Kodavalur,,"Sri Potti Sriramulu Nellore District,Andhra Pradesh",India,third-country,FFP,PP,,,PP - Processing Plant,,
CH:CS-28,M/s.COLD CARE TECHNOLOGIES PVT. LTD,"C2A, GURRAMPALEM, INDUSTRIAL ESTATE, PENDURTHI MANDAL – 531173",Visakhapatnam,531173,"Vishakhapatnam District,Andhra Pradesh",India,third-country,FFP,CS,,,CS - Cold Stores,,
MUM-CS-10,M/s.Hiravati Marine Products Pvt.Ltd..,"Survey No-26, Jawar Naka",Porbandar,360575,Gujarat,India,third-country,FFP,CS,,,CS - Cold Stores,,
CH:CS-18,M/s.Kern Logistics Pvt Ltd,"314/1A2, Sriperumbudur Taluk, Kancheepuram District",Chettipedu Village,,"Kanchipuram district,Tamil Nadu",India,third-country,FFP,CS,,,CS - Cold Stores,,
1904,M/s.Tharangini Seafoods,"4/210, MGR ROAD, PALAVAKKAM, CHENNAI-600041 TAMIL NADU",Chennai,600041,"Chennai district,Tamil Nadu",India,third-country,FFP,PP,,,PP - Processing Plant,27/04/2023,
1169,M/sSomnath Marine Export,"Plot No.308, G.I.D.C. Estate, Somnath Road",Veraval,362200,Gujarat,India,third-country,FFP,PP,,,PP - Processing Plant,,
CHE/FFP/02744,MOURYA AQUEX PRIVATE LIMITED,"1-330/1, KOMARADA ROAD, RAYALAM VILLAGE, BHIMAVARAM - 534 208, WEST GODAVARI DISTRICT",Bhimavaram,522600,"Prakasam District,Andhra Pradesh",India,third-country,FFP,PP,,,PP - Processing Plant,,
1340,Matara Aquaculture West Bengal Private Limited,"VILLAGE: GIRIRCHAK, PO : NORGHAT, PS - NANDAKUMAR DIST.:- PURBA MEDINIPUR, WEST BENGAL-721669",Purba Medinipur,,West Bengal,India,third-country,FFP,PP,,,PP - Processing Plant,27/04/2023,
1972,Mekworld Marines and Exports Private Limited,"S.No.382/1,2,3, Agarru Road, Agarthipalem Village, Palakollu Mandal, West Godavari District, Andhra Pradesh-534260",Penkillapadu,534260,"West Godavari District,Andhra Pradesh",India,third-country,FFP,PP,,,PP - Processing Plant,08/09/2025,
CHE/FFP/02753,NK MARINE EXPORTS LLP,"SURVEY NO:750, DOSAPADU PUNTHA ROAD,DUVVA VILLAGE,TANUKU MANDAL,WEST GODAVARI DISTRICT",Bhimavaram,522600,"Prakasam District,Andhra Pradesh",India,third-country,FFP,PP,,,PP - Processing Plant,,
1609,OCEAN PROTEINS PRIVATE LIMITED,"PLOT NO. 281 AND 282, BAIKAMPADY INDUSTRIAL AREA, MANGALORE, DAKSHIN KANNAD, KARNATAKA, 575011",Mangalore,575010,"Dakshina Kannada,Karnataka",India,third-country,FFP,PP,,,PP - Processing Plant,05/09/2025,
1607,PROTECH ORGANO FOODS PVT LTD,"Plot No 19 & 20, KSIDC Mega Food Park, KSIDC Growth Centre, Pallipuram Cherthala, Alappuzha-688541, Kerala",Turavoor,688540,"Alappuzha,Kerala",India,third-country,FFP,PP,,,PP - Processing Plant,20/06/2025,
2644,Pravesh Seafood Private Limited,"Plot No. B-28, MIDC, Additional Lote- Parashuram Industrial Area, Asagani, Taluka –Khed, District-Ratnagiri, Maharashtra, Pin – 415708, India.",Khed,415709,"Ratnagiri,Maharashtra",India,third-country,FFP,PP,,,PP - Processing Plant,15/07/2026,
1924,Prince Seafoods Exports,"Door No.06/220/3, S.No.389/2A, ECR Road, Tharuvaikulam",Tuticorin,628003,"Thoothukudi district,Tamil Nadu",India,third-country,FFP,PP,,,PP - Processing Plant,,
2404,"SANDHYA AQUA EXPORTS PRIVATE LIMITED, UNIT -5","KSEZ, R.S No. 208, 209/2,210/4, Plot No. D11, D15, Ponnada Village, U.Kothapalli Mandal, Kakinada District, Andhra Pradesh -533448, India.",ANDHRA PRADESH,,Andhra Pradesh,India,third-country,FFP,PP,,,PP - Processing Plant,10/06/2026,
1980,SV SEA FOODS,"S.F. No 197/2A1C, Plot No. 14, Keela Arasadi Village, Ottapidaram Taluk, Tuticorin – 628002, Tamil Nadu, India",Tuticorin,628002,"Thoothukudi district,Tamil Nadu",India,third-country,FFP,PP,,,PP - Processing Plant,08/09/2025,
1970,Sam Aqua Exports LLP,"R.S. No. 127-1, 127-2, Kurumaddali Village, Pamarru Mandal, Pamarru, Krishna, Andhra Pradesh – 521157",Pamarru,521157,"Krishna District,Andhra Pradesh",India,third-country,FFP,PP,,,PP - Processing Plant,08/09/2025,
CHE/FFP/02728,"Sandhya Aqua Exports Pvt. Ltd., UNIT-II","NH-65, Kurumaddali Village, Pamarru Post & Mandal, Krishna District, Andhra Pradesh- 521157",Bhimavaram,522600,"Prakasam District,Andhra Pradesh",India,third-country,FFP,PP,,,PP - Processing Plant,,
2632,Shree Niddhi Exports,"R. S. No. 1498, Javar Road, Kuchhadi, Porbandar - 360575, Gujarat (India)",Porbandar,360575,Gujarat,India,third-country,FFP,PP,,,PP - Processing Plant,10/06/2026,
1381,Snow World Marine Exports Private Limited,"Bahal, Remuna, Balasore, Baleshwar, Odisha, 756060",Khannagar,756060,"Baleshwar,Odisha",India,third-country,FFP,PP,,,PP - Processing Plant,08/09/2025,
1984,Summit Marine Exports Private Limited,"R.S. No. 435/1, Near Electrical Sub-Station, Akividu Road, Elurupadu, Kalla Mandal, West Godavari, 534236, Andhra Pradesh, India",West Godavari,,Andhra Pradesh,India,third-country,FFP,PP,,,PP - Processing Plant,08/09/2025,
CH:CS-15,VR Food Enterprises LLP,,Chennai,600001,"Chennai district,Tamil Nadu",India,third-country,FFP,CS,,,CS - Cold Stores,,
1597,"m/s Karnataka Fisheries Development Corporation Limited, Unit-3","Marine Export Unit, door no-146,Survey No. 1681-D Tadri, Kumta Taluk, Uttar Kannad Karnataka-581326",Tadadi,581326,"Uttara Kannada,Karnataka",India,third-country,FFP,PP,,,PP - Processing Plant,21/07/2022,
