approval_number,name,address,city,postcode,region,country,section,activity,slaughter,species,remarks,date_of_approval,publication_date
1685M,"""FEZZA TOMMASO & FIGLI"" DI FEZZA TOMMASO - S.N.C.",VIA MADONNA DI FATIMA 21,Pagani,84016,"Salerno,Campania",Italy,RM,SH,Y,,SH - Slaughterhouse,,
B0M4N,"""MAURITANIA DI STEFANO PINNA & C. S.N.C.""",VITTORIO VENETO,Santadi,09010,"Sud Sardegna,Sardinia",Italy,RM,CP,N,,CP - Cutting Plant,,
1504M,"""R & C OVINI S.R.L.""",VIA CATALANO 2,Casalnuovo di Napoli,80013,"Napoli,Campania",Italy,RM,SH,Y,,SH - Slaughterhouse,,
1175 P,2 L S.R.L.,PRIVATA BIANCHI,Taggia,18018,"Imperia,Liguria",Italy,RM,CP,N,,CP - Cutting Plant,,
J0L8W,2S LAVORAZIONE DISTRIBUZIONE ALIMENTARE SRLS,BELLINI,Villa Ceccolini,61122,"Pesaro e Urbino,Marche",Italy,RM,CP,N,,CP - Cutting Plant,,
Q8V49,3 A CARNI DI DI PAOLO ANTONIO & C. SNC,VIA ITALIA 144,Gissi,,"Chieti,Abruzzo",Italy,RM,CP,N,,CP - Cutting Plant,,
Q3476,3 DP CARNI S.R.L.,"VIA S. MASSEO, 4",Orte,01028,"Viterbo,Lazio",Italy,RM,SH,Y,bovine porcine,SH - Slaughterhouse,,
Q6V2H,3 ELLE FOOD SRL SEMPLIFICATA,F.LLI CAPRONI,Gemonio,21036,Lombardy,Italy,RM,CP,N,,CP - Cutting Plant,,
CE IT 2013 M,3B DEI F.LLI BIONDI SNC,LOCALITA' IMPOSTO FRAZIONE TRIANA,Roccalbegna,58053,"Grosseto,Tuscany",Italy,RM,SH,Y,,SH - Slaughterhouse,,
U143P,3DP CARNI S.R.L.,SAN MARTINO,Terni,05100,"Terni,Umbria",Italy,RM,CP,N,,CP - Cutting Plant,,
P6J7L,63032 SOCIETA' AGRICOLA A RESPONSABILITA' LIMITATA,FABBRICA,Castignano,63032,"Ascoli Piceno,Marche",Italy,RM,CP SH,Y,,CP - Cutting Plant | SH - Slaughterhouse,,
CE IT 1498 S,A.B.F. - S.R.L.,VIA DEL MOSCIA 1/C-D-E,Londa,50060,"Metropolitan City of Florence,Tuscany",Italy,RM,CP,N,,CP - Cutting Plant,,
CE IT D7E13,A.B.F.- S.R.L.,VIA PAOLINA ROMAGNOLI 26,Scarperia e San Piero,50038,"Metropolitan City of Florence,Tuscany",Italy,RM,CP,N,,CP - Cutting Plant,,
2558 M,A.D.E.S. S.R.L.,CESOLLE,Sant'Angelo in Formis,81040,"Caserta,Campania",Italy,RM,CP SH,Y,,CP - Cutting Plant | SH - Slaughterhouse,,
2464 M,A.D.M. CARNI S.R.L.,ARTIGIANALE,Ghedi,25016,"Brescia,Lombardy",Italy,RM,SH,Y,,SH - Slaughterhouse,,
2940 S,A.ESSE.PI. CARNI SRL,VIGONE 10,Villafranca Piemonte,,"Torino,Piemont",Italy,RM,CP,N,,CP - Cutting Plant,,
U3Y13,A.F.I. SNC DI AQUILANO FRANCESCO E IVAN,GALLARATE,Milan,20132,Lombardy,Italy,RM,CP,N,,CP - Cutting Plant,,
9 949 L,"A.G.E.R. S.N.C. DI PECCHIO ERMANNO, VULCANO & C.",FEA,Rivalta di Torino,10043,"Torino,Piemont",Italy,RM,CP,N,,CP - Cutting Plant,,
1745 M,A.G.M. MACELLAZIONI S.R.L.,VIA FRASCHETTI 25,Balangero,10070,"Torino,Piemont",Italy,RM,SH CP,Y,,SH - Slaughterhouse | CP - Cutting Plant,,
U4V0W,A.L.F. SOCIETà€ AGRICOLA,PORTICCIOLO,Alghero,07041,"Sassari,Sardinia",Italy,RM,SH,Y,,SH - Slaughterhouse,,
1029 F,A.R.A. S.R.L.,MONSIGNOR FORTE,Perito,84050,"Salerno,Campania",Italy,RM,CP,N,,CP - Cutting Plant,,
2095 S,A.S.A.G. SPA INDUSTRIA LAVORAZIONE CARNI,MAFALDA DI SAVOIA,Catania,95021,"Catania,Sicily",Italy,RM,CP,N,,CP - Cutting Plant,,
13 59,A.S.C.A. ALLEVATORI SOCIETA' COOPERATIVA ANVERSANA - COOPERATIVA SOCIALE AGRICOLA,FONTE DI CURZIO,Vallelarga,,"L'Aquila,Abruzzo",Italy,RM,SH,Y,,SH - Slaughterhouse,,
1565 S,ABRAM SPECK E SALUMI DI ABRAM FRANCESCA & C. S.N.C.,G. MAZZINI,Cavareno,38011,"Trento,Trentino-Alto Adige/Südtirol",Italy,RM,CP,N,,CP - Cutting Plant,,
2919 M,ACER CARNI S.R.L.,PIPOLI,Acerenza,,"Potenza,Basilicata",Italy,RM,SH CP,Y,,SH - Slaughterhouse | CP - Cutting Plant,,
N6Q43,ADAMI EGIDIO DI ADAMI CARLO,"VIA RIVOLI BIANCHI, 4",Tolmezzo,33028,Friuli Venezia Giulia,Italy,RM,SH,Y,,SH - Slaughterhouse,,
Q5T5Y,AE CARNI SNC DI ALESSI ALBERTO E MARIANO,ROMA,Valstrona,28897,"Verbano-Cusio-Ossola,Piemont",Italy,RM,SH CP,Y,,SH - Slaughterhouse | CP - Cutting Plant,,
1558 S,AGAZZONE CARNI S.R.L.,ROMA,Borgomanero,28010,"Novara,Piemont",Italy,RM,CP,N,,CP - Cutting Plant,,
1969 M,AGEROLA CARNI SRL,S. CROCE,Agerola,80051,"Napoli,Campania",Italy,RM,CP,N,,CP - Cutting Plant,,
X3W0R,AGOSTINELLI GUIDO,VIA CERNAIA 14,Verdello,24049,"Bergamo,Lombardy",Italy,RM,SH,Y,,SH - Slaughterhouse,,
P5V5Y,AGOSTO E PISTONE SNC DI AGOSTO DOMENICO E C,VIA SIRI,Mallare,17041,"Savona,Liguria",Italy,RM,SH,Y,,SH - Slaughterhouse,,
1398 S,AGRATE CARNI S.R.L.,"VIA MONTEROSA, 75",Arcore,20862,"Monza and Brianza,Lombardy",Italy,RM,CP,N,,CP - Cutting Plant,,
K1W21,AGRI SIMBA SOCIETA' AGRICOLA SEMPLICE,DEL VIO VISCIOLOSO - SAN MARTINO IN COLLE,Perugia,06127,"Perugia,Umbria",Italy,RM,CP,N,,CP - Cutting Plant,,
1230 M,AGRIBEST S.R.L.,ANTICOLANA,Anagni,03012,"Frosinone,Lazio",Italy,RM,SH,Y,,SH - Slaughterhouse,,
Z648R,AGRICARNI SNC DI BETTINELLI MARIA TERESA E C.,VIA G. MARCONI 2,Via alla Francesca,24050,Lombardy,Italy,RM,SH,Y,,SH - Slaughterhouse,,
0 1059 S,AGRICOLA LOMBARDA SOCIETA' AGRICOLA COOPERATIVA,PER PIEVE TERZAGNI,Pescarolo ed Uniti,,"Cremona,Lombardy",Italy,RM,CP,N,,CP - Cutting Plant,,
9 3099 L,AGRICOLA NUOVA CASEALPI S.R.L.,"VIA TERZAGO, 5",Scanzorosciate,24020,"Bergamo,Lombardy",Italy,RM,SH CP,Y,,SH - Slaughterhouse | CP - Cutting Plant,,
G8U2V,AGRICOLA PUCCIA S.R.L.,Contrada Puccia snc,Polizzi Generosa,90028,"Palermo,Sicily",Italy,RM,SH CP,Y,,SH - Slaughterhouse | CP - Cutting Plant,,
IT L4J49 CE,AGRICOLA TENCA S.S. SOC. AGR.,VIA VALLE 3,Casalmaggiore,26041,"Cremona,Lombardy",Italy,RM,CP,N,,CP - Cutting Plant,,
L5H0M,AGRIMAD SOCIETA AGRICOLA SRL,Fontana degli Italiani,San Demetrio Corone,87069,"Cosenza,Calabria",Italy,RM,SH CP,Y,porcine,SH - Slaughterhouse | CP - Cutting Plant,,
954 L,AGRIMAD SOCIETA' AGRICOLA S.R.L.,CONTRADA FILLA,San Demetrio Corone,87069,"Cosenza,Calabria",Italy,RM,CP,N,,CP - Cutting Plant,,
M8U63,AGRISALUMERIA LUISET DI CASETTA MAURO,VIA TORINO 107,Ferrere,14012,"Asti,Piemont",Italy,RM,SH,Y,,SH - Slaughterhouse,,
H6J6J,AGRITURISMO BARBAGIA,REGIONE FIGHERA N. 26,Alghero,07041,"Sassari,Sardinia",Italy,RM,SH,Y,,SH - Slaughterhouse,,
E1N4J,AGRITURISMO LE PINNETTE,MONTE SIXERI - REG. GUARDIA GRANDE,Alghero,07041,"Sassari,Sardinia",Italy,RM,SH,Y,,SH - Slaughterhouse,,
U9P8U,AGRITURISMO S.A.RI.DE,REGIONE COREA N. 360 S.M. LA PALMA,Alghero,07041,"Sassari,Sardinia",Italy,RM,SH,Y,,SH - Slaughterhouse,,
W3B1U,AGRITURISMO SA TANCA,SA TANCA,Arbus,09031,"Sud Sardegna,Sardinia",Italy,RM,SH,Y,,SH - Slaughterhouse,,
K7R2B,AGROCARNI SOCIETA' AGRICOLA ARL,VIA COMO 52,Cascina Restelli,22078,"Como,Lombardy",Italy,RM,CP,N,,CP - Cutting Plant,,
R5174,AIETA CARNI SAS DI GIOVANNI MAIORANA & C.,MASSALUCAIA,Verbicaro,87020,"Cosenza,Calabria",Italy,RM,SH,Y,bovine caprine ovine porcine equine,SH - Slaughterhouse,,
1329 M,AIMARETTI SPA INDUSTRIA SALUMI,VIA CAVOUR 9/13,Villafranca Piemonte,10068,"Torino,Piemont",Italy,RM,CP SH,Y,porcine,CP - Cutting Plant | SH - Slaughterhouse,,
Y1040,AIRIA S.R.L.,BOSCO ARCIERI,Taurisano,73056,"Lecce,Apulia",Italy,RM,CP,N,,CP - Cutting Plant,,
P5D3B,AL VERO POLLO 1962 S.R.L.,PITTORE,San Giorgio a Cremano,80046,"Napoli,Campania",Italy,RM,CP,N,,CP - Cutting Plant,,
0 753 S,AL-BRI - ALIMENTARI BRIANZOLI S.R.L.,VIA AL POLLIROLO 33,Mariano Comense,22066,"Como,Lombardy",Italy,RM,CP,N,,CP - Cutting Plant,,
H3X37,AL.CO.BE. SRL,PER CHIERI,Villanova d'Asti,14019,Piemont,Italy,RM,CP SH,Y,,CP - Cutting Plant | SH - Slaughterhouse,,
2906 S,AL.FE. CARNI S.R.L.,CASCINA PIANO,Langhirano,,"Parma,Emilia-Romagna",Italy,RM,CP,N,,CP - Cutting Plant,,
CE IT 859 S,AL.PA.EM. SRL,VIA LUIGI DI GALLO 16,Bassano del Grappa,36061,"Vicenza,Veneto",Italy,RM,CP,N,,CP - Cutting Plant,,
IT 675 S,AL.PI SPA,"VIA MAZZINI, 2",San Damiano d'Asti,14015,"Asti,Piemont",Italy,RM,CP,N,,CP - Cutting Plant,,
725 M,AL.PI. S.P.A.,"VIA NAZIONALE, 22",Baldichieri d'Asti,14011,"Asti,Piemont",Italy,RM,SH CP,Y,,SH - Slaughterhouse | CP - Cutting Plant,,
1698 L,AL.VE.RE.SE S.R.L.,SANTA MARIA LE QUINTE,Monte Compatri,00077,"Roma Capitale,Lazio",Italy,RM,CP,N,,CP - Cutting Plant,,
740 S,ALA CARNI SRL,CERàˆ,Ala,38061,"Trento,Trentino-Alto Adige/Südtirol",Italy,RM,CP,N,,CP - Cutting Plant,,
M7Q5Q,ALBASINI ANGIOLINO,GIARDINI,Casalnoceto,15059,Piemont,Italy,RM,SH,Y,,SH - Slaughterhouse,,
X0Z4D,ALBER HUGO,GARBERGASSE,Laas - Lasa,39023,Trentino-Alto Adige/Südtirol,Italy,RM,SH,Y,,SH - Slaughterhouse,,
T1K1V,ALBERTI IOLE,VIA MANVIT 22,Leffe,24026,Lombardy,Italy,RM,SH,Y,,SH - Slaughterhouse,,
IT 669S CE,ALCAR UNO S.p.A.,Via della Pace 10,Castelnuovo Rangone,41051,"Modena,Emilia-Romagna",Italy,RM,CP,N,,CP - Cutting Plant,,
F1N8J,ALCE SUD SRL,"VIA VITTORIO EMANUELE ORLANDO, 30",Eboli,84025,"Salerno,Campania",Italy,RM,CP,N,,CP - Cutting Plant,,
D0Y8D,ALDO RIVA DI ELENA RIVA & C. SNC,VIA DEI MULINI 7,Missaglia,23873,"Lecco,Lombardy",Italy,RM,CP,N,,CP - Cutting Plant,,
9 950 L,ALEMANO DANIELE S.R.L.,ASTI,Moncalvo,14036,"Asti,Piemont",Italy,RM,CP,N,,CP - Cutting Plant,,
CE IT 2685 S,ALESSIO CARNI SNC DI PARLANTI BONELLO E C,VIA FRANCESCA UGGIA 587/F,Monsummano Terme,51015,"Pistoia,Tuscany",Italy,RM,CP,N,,CP - Cutting Plant,,
C1D22,ALI.MAR FOOD S.R.L.,COLUBRO STRADA PROVINCIALE 19 C,Artena,00031,"Roma Capitale,Lazio",Italy,RM,CP,N,,CP - Cutting Plant,,
697 M,ALICARNI S.R.L.,"VIA COMIGNAGO, 2",Gattico-Veruno,28013,"Novara,Piemont",Italy,RM,CP,N,,CP - Cutting Plant,,
Q7J8Y,ALICE SRL,NAZIONALE ZONA PIP,Carbonia,09013,Sardinia,Italy,RM,CP,N,,CP - Cutting Plant,,
1668 S,ALIMENTARI MORETTI SRL,"VIA BERGAMO, 46",Curno,24035,"Bergamo,Lombardy",Italy,RM,CP,N,,CP - Cutting Plant,,
1572 S,ALIMENTARI SAN MICHELE S.R.L.,ROMA,Nembro,24027,Lombardy,Italy,RM,CP,N,,CP - Cutting Plant,,
3031 M,"ALIMENTARI/MACELLERIA BESI SNC DI BESI LUCA, MATTIA, CRISTIAN",DEGLI ALPINI - LOC. CAVALO,Fumane,37022,"Verona,Veneto",Italy,RM,SH,Y,,SH - Slaughterhouse,,
1592 M,ALIMENTARIA srl,VIA MARCONI 62,Borgofranco d'Ivrea,10013,"Torino,Piemont",Italy,RM,SH CP,Y,,SH - Slaughterhouse | CP - Cutting Plant,,
9 765 L,ALLA PORCHETTA SALUMIFICIO E MACELLERIA S.N.C. DI RIGHETTI FRANCESCO E C.,VIA SAN PERETTO 18,Negrar di Valpolicella,37024,"Verona,Veneto",Italy,RM,SH,Y,,SH - Slaughterhouse,,
IT B9V1M CE,ALLEVAMENTO CHIANINA DI CANOSSA DI BIGI UMBERTO E MAURO S.S.,VIA BANZOLA 2 - LOC. BANZOLA,Casina,42034,"Reggio nell'Emilia,Emilia-Romagna",Italy,RM,SH CP,Y,,SH - Slaughterhouse | CP - Cutting Plant,,
IT 2995M CE,ALLEVAMENTO IL GRIFO S.S.,"VIA LASAGNI, 29/AB",Reggio nell'Emilia,42122,"Reggio nell'Emilia,Emilia-Romagna",Italy,RM,CP SH,Y,,CP - Cutting Plant | SH - Slaughterhouse,,
CE IT Y004M,ALLEVAMENTO MORIS - SOCIETA' SEMPLICE AGRICOLA DI MORISIASCO FRANCO E FIGLI,FRAZIONE PASCHERA SAN DEFENDENTE 79,Caraglio,12023,"Cuneo,Piemont",Italy,RM,CP,N,,CP - Cutting Plant,,
P4P5S,ALLEVAMENTO TINO DI ZORZA ERMANNO E AGOSTINA SS,ROMA - LOC. CA' DE TOCCHI,Ripalta Vecchia,26020,"Cremona,Lombardy",Italy,RM,SH,Y,,SH - Slaughterhouse,,
2111 S,ALOI CARNI S.R.L.,ALOI,Palermo,90136,"Palermo,Sicily",Italy,RM,CP,N,,CP - Cutting Plant,,
CEITN7H74,ALPI CARNE S.N.C. DI REVELLI DANILO E GHISOLFI ERMANNO,TOMATIS,Dogliani,12060,"Cuneo,Piemont",Italy,RM,SH CP,Y,caprine ovine equine porcine bovine,SH - Slaughterhouse | CP - Cutting Plant,,
W723H,ALPINA CARNI S.A.S. DI NARDI PAOLO & C.,VIA PAPA GIOVANNI XXIII 2,Lugo di Vicenza,36010,"Vicenza,Veneto",Italy,RM,CP,N,,CP - Cutting Plant,,
2572 S,AM SALUMI SRL CASH AND CARRY,"VIA VIOLA,20",Ercolano,80056,"Napoli,Campania",Italy,RM,CP,N,,CP - Cutting Plant,,
K2M27,AMBROCARNI SRL,PROVINCIALE FRESSURIELLO,Saviano,80039,"Napoli,Campania",Italy,RM,CP,N,,CP - Cutting Plant,,
2874 S,AMBROSINI CARNI S.R.L.,SAN DOMENICO SAVIO,Brusaporto,24060,"Bergamo,Lombardy",Italy,RM,CP,N,,CP - Cutting Plant,,
L9S83,ANADOLU,CURATI,Carpaneto Piacentino,29013,"Piacenza,Emilia-Romagna",Italy,RM,CP,N,,CP - Cutting Plant,,
V7R48,ANDREOLI DANIELE LUIGI,VIA S. ANNA 2,Trevisago,21034,"Varese,Lombardy",Italy,RM,SH,Y,,SH - Slaughterhouse,,
U757U,ANDREOLI EMILIO,VIA FERRARI,Sospiro,26048,"Cremona,Lombardy",Italy,RM,SH,Y,,SH - Slaughterhouse,,
B2955,ANFOSSO GERMANO,località GAO,Isolabona,18035,"Imperia,Liguria",Italy,RM,SH,Y,,SH - Slaughterhouse,,
CE IT 404 M,ANNONI S.P.A.,MADONNA PRATI,Busseto,43011,"Parma,Emilia-Romagna",Italy,RM,CP SH,Y,,CP - Cutting Plant | SH - Slaughterhouse,,
0 672 S,ANTICA FATTORIA S.R.L.,C.DA RUOTE FINO 3/BIS,Castilenti,,Abruzzo,Italy,RM,CP,N,,CP - Cutting Plant,,
CE IT 9 1893 L,ANTICA LAVORAZIONE CARNI DI UMBERTO E MASSIMO DI LORENZO SNC,"VIA CASSIA, 156/C - FRAZ. CESA",Marciano della Chiana,52047,"Arezzo,Tuscany",Italy,RM,CP,N,,CP - Cutting Plant,,
H3202,ANTICA MACELLERIA DE' MEZA RATA DI PEDRONI VITTORIO,VIA TRIESTE 4/6,Pontoglio,25037,"Brescia,Lombardy",Italy,RM,SH,Y,,SH - Slaughterhouse,,
905 L,ANTICA MACELLERIA DEL POGGIO 1938 SRLS,DEL LAVORO,Poggio,60020,"Ancona,Marche",Italy,RM,CP,N,,CP - Cutting Plant,,
CE IT 1524 S,ANTICA MACELLERIA FALORNI SRL,VIA COLOGNOLE 67,Greve in Chianti,50022,"Metropolitan City of Florence,Tuscany",Italy,RM,CP,N,,CP - Cutting Plant,,
1861 L,ANTICA NORCINERIA F.LLI ANSUINI SNC DI ANSUINI WALTER & C.,"VIALE DELLA STAZIONE, 46",Norcia,06046,"Perugia,Umbria",Italy,RM,CP,N,,CP - Cutting Plant,,
9 2366 L,ANTICA PASTA S.R.L.,LIMITI SUD LOC.TA' SPINACCETO,Greccio,02045,"Rieti,Lazio",Italy,RM,CP,N,,CP - Cutting Plant,,
CE IT F068U,ANTICA SALUMERIA DI FEA ROBERTO & C. S.N.C.,VIA MAGLIANO 3/A,Savigliano,12038,"Cuneo,Piemont",Italy,RM,CP,N,bovine caprine ovine porcine equine,CP - Cutting Plant,,
X5T7V,ANTONELLI CARNI DI SAVOLDI IRIDE E C. SAS,XXIV MAGGIO,Rovato,25030,"Brescia,Lombardy",Italy,RM,SH CP,Y,,SH - Slaughterhouse | CP - Cutting Plant,,
1090 S,APPIA CARNI ARICCIA S.R.L.,APPIA ANTICA,Rocca di Papa,00040,"Roma Capitale,Lazio",Italy,RM,CP,N,,CP - Cutting Plant,,
E6T8T,AR. CARNI S.R.L.,SAN LORENZO,Cancello ed Arnone,81030,"Caserta,Campania",Italy,RM,CP,N,,CP - Cutting Plant,,
K5K3L,ARCA SPA,CIMABUE,Senigallia,60019,"Ancona,Marche",Italy,RM,CP,N,,CP - Cutting Plant,,
01793370063,ARCHIVOLTO OSTERIA NOSTRALE SEBASTIANO E ROSARIO PAPALIA,PIAZZA GARIBALDI N. 25/26,Ovada,15076,"Alessandria,Piemont",Italy,RM,CP,N,porcine,CP - Cutting Plant,,
2914 S,ARESU CARNI S.R.L.,TREBOLDI,Edolo,25048,Lombardy,Italy,RM,CP,N,,CP - Cutting Plant,,
P4356,ARROSTICINI D'ANTUONO S.R.L.S.,PIANO CASALENO,Senarica,65010,"Pescara,Abruzzo",Italy,RM,CP,N,,CP - Cutting Plant,,
F6B1Q,ARS SALUMI SRL,CONTRADA SAUDE,Torrecuso,82030,Campania,Italy,RM,CP,N,,CP - Cutting Plant,,
CE IT 1873 S,ARTEMIS S.R.L.,VIA SAN MICHELE 9,San Pietro in Gu,35010,"Padova,Veneto",Italy,RM,CP,N,,CP - Cutting Plant,,
J4L5U,ARTHUR'S MOUNTAIN MEAT OHG DES MAIR ARTHUR,TULVE,St. Michael - S. Michele,39040,Trentino-Alto Adige/Südtirol,Italy,RM,SH,Y,,SH - Slaughterhouse,,
CE IT D3D5G,ARTHURS SELECTION - FINE MEATS E MORE SRLS,"N/A PRATI, TULVE 259",Pfitsch - Val di Vizze,39049,"South Tyrol,Trentino-Alto Adige/Südtirol",Italy,RM,CP,N,,CP - Cutting Plant,,
2830 S,ARTIGIANA CARNI S.R.L.,DI MONTE TESTACCIO,Roma,00153,"Roma Capitale,Lazio",Italy,RM,CP,N,,CP - Cutting Plant,,
2029 M,ARTIGIANA MACELLAZIONI DI GIORDANELLA ANTONIO E C. S.N.C.,RECUPERO,Pozzallo,97016,Sicily,Italy,RM,SH,Y,,SH - Slaughterhouse,,
2041 S,ASPIAG SERVICE S.R.L.,VIA BRUNO BUOZZI,Bolzano - Bozen,39100,"South Tyrol,Trentino-Alto Adige/Südtirol",Italy,RM,CP,N,,CP - Cutting Plant,,
CE IT S1P24,ASPIAG SERVICE S.R.L.,STRADA ROVIGANA 58,Monselice,35043,"Padova,Veneto",Italy,RM,CP,N,,CP - Cutting Plant,,
9 3646 L,ASSOCIAZIONE AGRARIA AZIENDE CAFRA SOC. AGR. SEMP.,GALDO,Terranova di Pollino,85030,Basilicata,Italy,RM,CP SH,Y,,CP - Cutting Plant | SH - Slaughterhouse,,
0 355 S,ASTRO S.R.L.,VIA SAN ROCCO - FRAZ.BASALDELLA 24,Campoformido,33030,Friuli Venezia Giulia,Italy,RM,CP,N,,CP - Cutting Plant,,
H133Q,AVARO FLAVIO,VIA BEINASCO 11,None,10060,"Torino,Piemont",Italy,RM,SH,Y,,SH - Slaughterhouse,,
860 P,AVICAP DI UBERTI MAURO & C. SRL,VIA BORNICO 32,Rovato,25030,"Brescia,Lombardy",Italy,RM,CP,N,,CP - Cutting Plant,,
2257 S,AVICOLA 90 SRL,"VIA PIEMONTE, 37",Villapia,20010,"Milan,Lombardy",Italy,RM,CP,N,,CP - Cutting Plant,,
M3872,AVONDOGLIO GINO & C. DI AVONDOGLIO ATTILIO,MONTALTO,Chiaverano,10010,"Torino,Piemont",Italy,RM,SH,Y,,SH - Slaughterhouse,,
S8D8U,AZ AGR. TRIESTE DI AZZINI GIOVANNI E VALERIO,VIA SAN VITO 23,Guidizzolo,46040,Lombardy,Italy,RM,SH,Y,,SH - Slaughterhouse,,
M5F5G,AZ. AG. BRONZINI L. E A. DI BRONZINI A. & C. S.S.,FUSINE,Cares,38071,Trentino-Alto Adige/Südtirol,Italy,RM,SH,Y,,SH - Slaughterhouse,,
E3S7S,AZ. AGR. AGRITURISTICA DA SANTINO,CASCINA INCASATE 9/1,Cabiate,22060,Lombardy,Italy,RM,SH,Y,,SH - Slaughterhouse,,
M1Q05,AZ. AGR. ALLEVAMENTO SUINI DI MINELLI PAOLO,"VIA S.S. 420, 51",Casalmaggiore,26041,"Cremona,Lombardy",Italy,RM,SH,Y,,SH - Slaughterhouse,,
L8N15,AZ. AGR. CANALI SS DI ANTONIO E ANGELO CANALI,VIA CAVE 11,Gaverina Terme,24026,"Bergamo,Lombardy",Italy,RM,CP,N,,CP - Cutting Plant,,
Y351F,AZ. AGR. CASCINA MILANDRA DI ZANARDI ANDREA,CASCINA MILANDRA,Oviglio,15026,"Alessandria,Piemont",Italy,RM,SH,Y,,SH - Slaughterhouse,,
L7Z7Y,AZ. AGR. CORNALBA SAS,C.NA NESPOREDO,Locate di Triulzi,20085,"Milan,Lombardy",Italy,RM,SH,Y,,SH - Slaughterhouse,,
F3H7W,AZ. AGR. CORTE DEI MONACI,VIA CANTONI 1,Crema,26013,"Cremona,Lombardy",Italy,RM,SH,Y,,SH - Slaughterhouse,,
IT K235Q CE,AZ. AGR. IL GIRASOLE DI GOVI LUCIANO,"VIA M. MELATO, 19 - LOC. BORZANO",Albinea,42020,"Reggio nell'Emilia,Emilia-Romagna",Italy,RM,CP,N,,CP - Cutting Plant,,
2992 M,AZ. AGR. LA FATTORIA DI PARMEGGIANO ALFREDO,VIA S. ELISABETTA 42,Pozzo d'Adda,20060,Lombardy,Italy,RM,CP SH,Y,,CP - Cutting Plant | SH - Slaughterhouse,,
2963 M,AZ. AGR. LODIGIANI F.LLI SS,C.NA RESMINA SECONDA 4,Santo Stefano Lodigiano,26849,Lombardy,Italy,RM,CP,N,,CP - Cutting Plant,,
C2Q35,AZ. AGR. OASI DI SCANDROGLIO GABRIELLA,VIA ORTIGARA 8,Cassano Magnago,21012,"Varese,Lombardy",Italy,RM,SH,Y,,SH - Slaughterhouse,,
03 438,AZ. AGR. RUCHE DI FREDDI STEFANO,PIANE,Casto,25070,"Brescia,Lombardy",Italy,RM,SH,Y,,SH - Slaughterhouse,,
P9V9R,AZ. AGR. SCAGLIA DI PAOLO GRAZIANO E MAURO S.S.,ARTIGIANELLI,Tetti Neirotti,10098,"Torino,Piemont",Italy,RM,CP SH,Y,,CP - Cutting Plant | SH - Slaughterhouse,,
CE IT Y5L6B,AZ. AGRICOLA ANTICA CASCINA COSTA EREDI DI PEJRONE MODESTO DI PEJ RONE ALFIO,"VIA ROMANI, 8",Pagno,12030,"Cuneo,Piemont",Italy,RM,SH,Y,bovine caprine ovine porcine,SH - Slaughterhouse,,
Y8B9B,AZ. AGRICOLA ANTONELLI SALUMI DI ANGELO ANTONELLI,CONTRADA PRATO DEL TORO,Castelromano,86080,"Isernia,Molise",Italy,RM,SH,Y,,SH - Slaughterhouse,,
9 861 L,AZ. AGRICOLA CA' LUMACO DI FERRI EMANUELE,MAZZONI,Zocca,41059,"Modena,Emilia-Romagna",Italy,RM,SH CP,Y,,SH - Slaughterhouse | CP - Cutting Plant,,
J8E55,AZ. AGRICOLA F.LLI DEL PROPOSTO DI G. & P. SS SOCIETA' AGRICOLA,SALMACINA,Loreto Aprutino,65014,"Pescara,Abruzzo",Italy,RM,SH,Y,,SH - Slaughterhouse,,
K5L5C,AZ. AGRICOLA F.LLI MAPELLI SOC. AGRICOLA,VIA MISURATO 30,Arcore,20862,"Monza and Brianza,Lombardy",Italy,RM,SH,Y,,SH - Slaughterhouse,,
U131K,AZ.AGR. SORIANI ROBERTO,VIA CANTONE F.NE SAN ROCCO,San Rocco,46026,Lombardy,Italy,RM,SH CP,Y,,SH - Slaughterhouse | CP - Cutting Plant,,
9 1082 L,AZ.AGR.BOLDINI MARTINO E C. S.S. SOC. AGRICOLA,VIA URNE DI SOPRA 30,Capriano del Colle,25021,"Brescia,Lombardy",Italy,RM,SH CP,Y,,SH - Slaughterhouse | CP - Cutting Plant,,
S6815,AZ.AGR.LUZI GIANNALBERTO-ALESSANDRO & C. SOCIETA' AGRICOLA S.S.,VIGNA,Sant'Angelo in Vado,61026,"Pesaro e Urbino,Marche",Italy,RM,CP,N,,CP - Cutting Plant,,
Y1A6S,AZ.AGR.NAVA S.S. SOCIETA' AGRICOLA,DEL BOSCO,Roncello,20877,"Monza and Brianza,Lombardy",Italy,RM,CP,N,,CP - Cutting Plant,,
K1C18,"AZ.AGRICOLA SALUMERIA SASSILAT SOCIETA' AGRICOLA SOCIETA' SEMPLICE DI BATTISTON ANTONELLA, REMO E MORETTO A",MANZONI,Fossalta di Portogruaro,30025,"Venezia,Veneto",Italy,RM,CP,N,,CP - Cutting Plant,,
V2H0F,AZIENDA AGRICOLA AGRITURISTICA LA FATTORIA,VIA ALFIERI 1,Mariano Comense,22066,"Como,Lombardy",Italy,RM,SH,Y,,SH - Slaughterhouse,,
05 346,AZIENDA AGRICOLA AIDI DI FLAVIO SARTORE,"VIA MOLETTE, 25",Marano Vicentino,36035,"Vicenza,Veneto",Italy,RM,SH,Y,,SH - Slaughterhouse,,
P1V0N,AZIENDA AGRICOLA ARCHELAO,SAN QUIRICO PODERE N. 80,Aristanis/Oristano,09170,"Aristanis/Oristano,Sardinia",Italy,RM,SH,Y,,SH - Slaughterhouse,,
G7Z7M,AZIENDA AGRICOLA ARCURI DI CARLO ARCURI,STAGLI NICODEMO,Pietrafitta,87050,"Cosenza,Calabria",Italy,RM,CP,N,,CP - Cutting Plant,,
G4C20,AZIENDA AGRICOLA BERTEA PAOLO,"FRAZIONE VARAITA, 4",Moretta,12033,"Cuneo,Piemont",Italy,RM,CP,N,bovine ovine porcine equine caprine,CP - Cutting Plant,,
R1J3S,AZIENDA AGRICOLA BONACINA FABRIZIO,VIA FUMAGALLI 32,Inverigo,22044,"Como,Lombardy",Italy,RM,SH,Y,,SH - Slaughterhouse,,
E6M0T,AZIENDA AGRICOLA BRICCO DEL PRETE DI CARBONE GIUSEPPE,LOCALITA' RIVASSO,Grinzano,,"Cuneo,Piemont",Italy,RM,SH,Y,,SH - Slaughterhouse,,
U7S45,AZIENDA AGRICOLA BRIGATTI ANTONIO SOCIETA' SEMPLICE DI BRIGATTI ENRICO E BRIGATTI ENZO,VIA GIOVANNI XIII 2,Bernareggio,20881,"Monza and Brianza,Lombardy",Italy,RM,SH,Y,,SH - Slaughterhouse,,
W3W42,AZIENDA AGRICOLA BUSTAFFA ALESSANDRO,"VIA ANGELO CUSTODE, 14 - LOCALITA' PAGLIETTE",Cavriana,46040,"Mantua,Lombardy",Italy,RM,SH,Y,,SH - Slaughterhouse,,
D4433,AZIENDA AGRICOLA CAGLIANI GIOVANNI,ALTO BELLO,Oggiono,23848,Lombardy,Italy,RM,CP SH,Y,,CP - Cutting Plant | SH - Slaughterhouse,,
X681C,AZIENDA AGRICOLA CAMPAGNOLE S.S. SOCIETA' AGRICOLA,CASELLE,Rovato,25030,"Brescia,Lombardy",Italy,RM,SH,Y,,SH - Slaughterhouse,,
2773 S,AZIENDA AGRICOLA CASAMONTI,PODERE CASAMONTI,Castellina in Chianti,53011,"Siena,Tuscany",Italy,RM,CP,N,,CP - Cutting Plant,,
C7F40,AZIENDA AGRICOLA CASARINI FRANCO,ROMA,Bressana Bottarone,27040,"Pavia,Lombardy",Italy,RM,SH,Y,,SH - Slaughterhouse,,
D2D1F,AZIENDA AGRICOLA CASAROTTI DINO E PIETRO S.S.,VIA PILA POLETTO 1076,Sustinente,46030,Lombardy,Italy,RM,CP,N,,CP - Cutting Plant,,
A5E44,AZIENDA AGRICOLA CASCINA GAZZELLI S.S. DEI FRATELLI PELIZZA GIOVANNI E SILVIA,ASTI,Chieri,10020,"Torino,Piemont",Italy,RM,SH,Y,,SH - Slaughterhouse,,
9 3374 L,AZIENDA AGRICOLA CIRENAICA S.S. DI PASSERINI S. E G. SOCIETA' AGRICOLA,CASCINA CIRENAICA 1,San Lorenzo,20020,"Milan,Lombardy",Italy,RM,CP SH,Y,,CP - Cutting Plant | SH - Slaughterhouse,,
V2N5G,AZIENDA AGRICOLA DA PINA DI MORO STEFANO,BORGHETTO,Voltaggio,15060,"Alessandria,Piemont",Italy,RM,SH,Y,,SH - Slaughterhouse,,
N2M64,"AZIENDA AGRICOLA DELL'ADDA DI BESANA SILVIA, FILIPPO & C. s.s.a.","VIA FONTANILE, 6",Brivio,23883,"Lecco,Lombardy",Italy,RM,CP,N,,CP - Cutting Plant,,
M7G7B,AZIENDA AGRICOLA DELLABIANCA RAFFAELE,LOCALITA` CERRONE,Pietra de' Giorgi,27040,"Pavia,Lombardy",Italy,RM,SH CP,Y,,SH - Slaughterhouse | CP - Cutting Plant,,
G3F39,AZIENDA AGRICOLA DESTEFANIS CLAUDIO DI DESTEFANIS ANNA,SPOLINA,Cossato,13836,"Biella,Piemont",Italy,RM,SH,Y,,SH - Slaughterhouse,,
E7Y2L,AZIENDA AGRICOLA FIORE DI MERCHIANTI FIORANGELA,VIA CHISIMAIO 31,Busto Arsizio,21052,Lombardy,Italy,RM,SH,Y,,SH - Slaughterhouse,,
IT S2V7X CE,AZIENDA AGRICOLA FONTANESI VALTER,"VIA ALDO BAGNI, 22",Reggio nell'Emilia,42122,"Reggio nell'Emilia,Emilia-Romagna",Italy,RM,SH CP,Y,porcine,SH - Slaughterhouse | CP - Cutting Plant,,
Y5K33,AZIENDA AGRICOLA FREDIANELLI DI FREDIANELLI SIMONE,CIARPI,Porcari,55016,"Lucca,Tuscany",Italy,RM,SH,Y,,SH - Slaughterhouse,,
G4V7T,AZIENDA AGRICOLA GALLOSI DI CARINI E MARAZZI SOCIETA' SEMPLICE AGRICOLA,GALLOSI,San Polo,29010,"Piacenza,Emilia-Romagna",Italy,RM,SH,Y,,SH - Slaughterhouse,,
9 1999 L,AZIENDA AGRICOLA GERMANO BRUNO S.S.,VALLUNGA,Mombarone,14020,"Asti,Piemont",Italy,RM,CP SH,Y,,CP - Cutting Plant | SH - Slaughterhouse,,
IT M0A75,AZIENDA AGRICOLA GIRON DI GIRON FLAVIO & C. S.A.S.,"Via Pietro Jorio, 23/B",Ornavasso,28877,"Verbano-Cusio-Ossola,Piemont",Italy,RM,CP SH,Y,bovine caprine ovine,CP - Cutting Plant | SH - Slaughterhouse,,
V4P3Y,"AZIENDA AGRICOLA IL CASTELLO DI BETTINI ROBERTA, MARCHESCHI TIZIANA E MARCHESCHI MAURIZIO S. S",DELLA RUGA,Capannori,55012,"Lucca,Tuscany",Italy,RM,SH,Y,,SH - Slaughterhouse,,
03 1469,AZIENDA AGRICOLA LA VALLE SRL,STRADA TORRE - CORTE MERLESCO,Goito,46044,"Mantua,Lombardy",Italy,RM,CP,N,,CP - Cutting Plant,,
CE IT L 9 3556 L,AZIENDA AGRICOLA MARCOLI,via CERQUONE n° 74,Cortona,52044,"Arezzo,Tuscany",Italy,RM,CP,N,,CP - Cutting Plant,,
M2H1M,AZIENDA AGRICOLA MINELLA DI MINELLA DAVIDE,VIA DOMEGA 5,Santa Giustina,32035,"Belluno,Veneto",Italy,RM,SH,Y,,SH - Slaughterhouse,,
F8Q8E,AZIENDA AGRICOLA MORETTI GIOVANNI,VIA PIAN DI MARTE N. 17,Passignano sul Trasimeno,06065,"Perugia,Umbria",Italy,RM,CP SH,Y,,CP - Cutting Plant | SH - Slaughterhouse,,
2491 M,AZIENDA AGRICOLA MULINELLO SRL,PIANO COMUNE,Assoro,94010,"Enna,Sicily",Italy,RM,SH,Y,,SH - Slaughterhouse,,
ITF8450CE,AZIENDA AGRICOLA MULINELLO SRL,CONTRADA PIANOI COMUNE SNC,Assoro,94010,"Enna,Sicily",Italy,RM,CP,N,porcine,CP - Cutting Plant,,
E1838,AZIENDA AGRICOLA PALAZZO RANCH DI PASINI MANOLO ARTURO G.PPE,C.DA PALAZZO SNC,Lamezia Terme,88046,"Catanzaro,Calabria",Italy,RM,SH,Y,,SH - Slaughterhouse,,
V307S,AZIENDA AGRICOLA PIROVANO ROBERTO,Via Volpi 53,Besano,21050,"Varese,Lombardy",Italy,RM,SH CP,Y,,SH - Slaughterhouse | CP - Cutting Plant,,
C216J,AZIENDA AGRICOLA POLLINI MARIANGELO,VIA CANVETTA 15/17,Trontano,28845,"Verbano-Cusio-Ossola,Piemont",Italy,RM,CP,N,,CP - Cutting Plant,,
G0B4P,AZIENDA AGRICOLA PUPPO STEFANO,FRAZ. TORRONE 22,Bosnasco,27040,"Pavia,Lombardy",Italy,RM,SH,Y,,SH - Slaughterhouse,,
42 75,AZIENDA AGRICOLA RUATTI GIOVANNI & C. SOCIETA' SEMPLICE AGRICOLA,PRACORNO,Rabbi,38020,"Trento,Trentino-Alto Adige/Südtirol",Italy,RM,SH,Y,,SH - Slaughterhouse,,
9 718 L,AZIENDA AGRICOLA SAVINI DI SAVINI FEDERICO,PAPAGNANO,Petritoli,63848,Marche,Italy,RM,CP,N,,CP - Cutting Plant,,
A485R,AZIENDA AGRICOLA TURISTICA CASCINA POZZARELLO DI ALLEGRINI MAURIZIO,VIA CASTELFELICE 4,Montebello della Battaglia,,Lombardy,Italy,RM,SH,Y,,SH - Slaughterhouse,,
T3429,AZIENDA AGRICOLA ZANARDINI DI DALMI ATTILIO,PALMIRO TOGLIATTI,Costa Volpino,24062,"Bergamo,Lombardy",Italy,RM,SH,Y,,SH - Slaughterhouse,,
D3S6S,AZIENDA AGRICOLA ZONCADA GIULIANA MARIA,CASCINA DOPPIA,Caponago,20867,"Monza and Brianza,Lombardy",Italy,RM,SH,Y,,SH - Slaughterhouse,,
9 3013 L,AZIENDA LA PINETA SOCIETA' AGRICOLA DI BOELLA CARLO & C. S.N.C.,VIA BOSCHI 4,Neive,12052,"Cuneo,Piemont",Italy,RM,SH CP,Y,,SH - Slaughterhouse | CP - Cutting Plant,,
0 128 S,AZIENDA POLLO S. FAUSTINO SRL,VIA ROMA 25/A,Ceresara,46040,Lombardy,Italy,RM,CP,N,,CP - Cutting Plant,,
H3M8Y,AZIENDA SPECIALE MULTISERVIZI DEL COMUNE DI COLLE VAL D`ELSA,BELVEDERE,Colle di Val d'Elsa,53034,"Siena,Tuscany",Italy,RM,CP,N,,CP - Cutting Plant,,
C7R8K,AZIENDA SUINICOLA E MACELLO DI CALABRIA MARIA E C. S.A.S.,LOCALITA' ISCA,Abatemarco,84040,"Salerno,Campania",Italy,RM,SH,Y,,SH - Slaughterhouse,,
13 81,AZIENDA ZOOTECNICA GRAN SASSO DI PETRONIO GIULIO,PIEDICOLLE,Castel del Monte,67023,"L'Aquila,Abruzzo",Italy,RM,SH,Y,,SH - Slaughterhouse,,
Y6J6E,AZIENDE AGRICOLE CERATI S.S. SOC. AGR.,VIA FORNACE,Livelli Superiori,26040,Lombardy,Italy,RM,CP,N,,CP - Cutting Plant,,
CE IT K7450,AZOVE - SOCIETA' AGRICOLA COOPERATIVA SIGLA AZOVE SOC. AGR. COOP.,VIA DEL MACELLO 9,Cittadella,35013,"Padova,Veneto",Italy,RM,CP SH,Y,,CP - Cutting Plant | SH - Slaughterhouse,,
9 2995 L,AZZI GIANNI,ZIBRAMONDA,Guidizzolo,46040,Lombardy,Italy,RM,CP,N,,CP - Cutting Plant,,
869 S,AZZONI SRL,VIA MARTIN LUTHER KING 32 (FRAZ. POLESINE),Pegognaga,46020,"Mantua,Lombardy",Italy,RM,CP,N,,CP - Cutting Plant,,
207M,Agricola Tre Valli Società Cooperativa,Via Mazzacavallo 47 Loc Magreta,Formigine,41043,"Modena,Emilia-Romagna",Italy,RM,CP SH,Y,,CP - Cutting Plant | SH - Slaughterhouse,,
1245 LOA,B.T. DI BONI DANIELE & C. S.A.S.,SANTA,Viadana,46019,"Mantua,Lombardy",Italy,RM,CP,N,,CP - Cutting Plant,,
1309 M,BA. CARNI DI BA IBRAHIMA,SOCRATE ZONA IND.LE,Sassetta,57027,"Livorno,Tuscany",Italy,RM,SH,Y,,SH - Slaughterhouse,,
L4T5J,BAIGUERA GIUSEPPE,VIA PIAVE 17,Dello,25029,"Brescia,Lombardy",Italy,RM,SH,Y,,SH - Slaughterhouse,,
348 L,BALDO INDUSTRIE ALIMENTARI S.R.L.,"VIA ITALIA, 21- FRAZIONE VIGHIZZOLO",Cantù,22063,"Como,Lombardy",Italy,RM,CP,N,,CP - Cutting Plant,,
H6320,BALDUZZI MASSIMO,GUIZZETTI,Clusone,24023,"Bergamo,Lombardy",Italy,RM,SH,Y,,SH - Slaughterhouse,,
U677Y,BALLABIO MARCO,C.NA S. GIUSEPPE 38,Besana in Brianza,20842,"Monza and Brianza,Lombardy",Italy,RM,SH,Y,,SH - Slaughterhouse,,
2089 F,BALZAN FABIO S.R.L.,VIA XXX APRILE,Cornuda,31041,Veneto,Italy,RM,CP,N,,CP - Cutting Plant,,
R2W1L,BALZARANO SRL,VARCO,Foglianise,82030,"Benevento,Campania",Italy,RM,CP,N,,CP - Cutting Plant,,
9 3506 L,BAR ALIMENTARI SCOTINI S.A.S. DI SCOTINI ANTONIA & C.,P. MILIANI,Fabriano,60044,"Ancona,Marche",Italy,RM,CP,N,,CP - Cutting Plant,,
2490 M,BARBARA ROCCO SAS DI BARBARA SALVATORE,C.DA RANCOLA,Stilo,89822,"Reggio di Calabria,Calabria",Italy,RM,SH,Y,,SH - Slaughterhouse,,
2960M,BARBELLA ANTONIO,CONTRADA CROCI snc,Tramutola,,"Potenza,Basilicata",Italy,RM,SH,Y,,SH - Slaughterhouse,,
2960 M,BARBELLA ANTONIO,CROCI,San Brancato,85057,"Potenza,Basilicata",Italy,RM,SH,Y,,SH - Slaughterhouse,,
X2K28,BARBETTA DARIO,NAZIONALE 93,Ardenno,23011,"Sondrio,Lombardy",Italy,RM,SH,Y,,SH - Slaughterhouse,,
K4X33,BARBONSAL SRL,MONTE COLOMBERA 16,Aviano,33081,Friuli Venezia Giulia,Italy,RM,SH,Y,,SH - Slaughterhouse,,
S481F,BAREATO CARNI SNC DI LUCA BAREATO & MARIA PIA TONELLO,SAMBRUSON,Mira,30034,"Venezia,Veneto",Italy,RM,CP,N,,CP - Cutting Plant,,
749 S,BARILI FRANCO SNC DI BARILI FABIO CLAUDIO E C.,VIA FERMI 17,Casalmaggiore,26041,"Cremona,Lombardy",Italy,RM,CP,N,,CP - Cutting Plant,,
V3E7G,BARONI SEBASTIANO,MAZZINI,Spinadesco,26020,Lombardy,Italy,RM,SH,Y,,SH - Slaughterhouse,,
Z070U,BARTOCCI SAMUEL,MADONNA DELLA FONTE,Cantalupo,62021,Marche,Italy,RM,SH,Y,,SH - Slaughterhouse,,
K1S5S,BASSANI BATTISTA SNC,VIA MILANO,Martinengo,24057,"Bergamo,Lombardy",Italy,RM,SH,Y,,SH - Slaughterhouse,,
9 381 L,BATTISTI SALUMI SRL,"VIA AREZZO, 14",Villa Ceccolini,61122,"Pesaro e Urbino,Marche",Italy,RM,CP,N,,CP - Cutting Plant,,
H2C5T,BECAR DI BECCIO A. E C. S.A.S.,"PONTE ROMANO,",Saint-Vincent,11027,Aosta Valley,Italy,RM,SH,Y,,SH - Slaughterhouse,,
863 S,BEEF - S.R.L.,CONTOTTA,Quistello,46020,"Mantua,Lombardy",Italy,RM,CP,N,,CP - Cutting Plant,,
572 M,BELFIORECARNI S.R.L.,S. ROCCHETTO,Borgo Bonavicina,37050,"Verona,Veneto",Italy,RM,CP SH,Y,,CP - Cutting Plant | SH - Slaughterhouse,,
2229 S,BELICE CARNI SRL,"VIA SS. 119 KM 42,50",Santa Ninfa,91029,"Trapani,Sicily",Italy,RM,CP,N,,CP - Cutting Plant,,
1627 M,BELLI GIOVANNI E FIGLI S.N.C.,VIA INDUSTRIA 1,Trigolo,,"Cremona,Lombardy",Italy,RM,SH CP,Y,,SH - Slaughterhouse | CP - Cutting Plant,,
1183 M,BELLIER S.R.L.,COLLECCHIO,Pianella,65019,"Pescara,Abruzzo",Italy,RM,SH,Y,,SH - Slaughterhouse,,
1556 P,BELLOTTO CARNI S.R.L.,"VIA DELL`INDUSTRIA, 100/B",Maserada sul Piave,31052,"Treviso,Veneto",Italy,RM,CP,N,,CP - Cutting Plant,,
M305G,BELTRAMI MAURIZIO,VIA MERA 5,Scopello,13028,"Vercelli,Piemont",Italy,RM,SH,Y,,SH - Slaughterhouse,,
CE IT 455 M,BENCARNI SPA,VIA MARCONI,Nogarole Rocca,,"Verona,Veneto",Italy,RM,SH CP,Y,,SH - Slaughterhouse | CP - Cutting Plant,,
CE IT S2X49,BENCARNI SPA,VIA ADIGE 15,Nogarole Rocca,37060,"Verona,Veneto",Italy,RM,CP,N,,CP - Cutting Plant,,
9 1403 L,BENCINI F.LLI SNC DI BENCINI GIOVANNI VINCENZO E PIERLUIGI,XI FEBBRAIO,Briosco,20836,"Monza and Brianza,Lombardy",Italy,RM,CP,N,,CP - Cutting Plant,,
H6U1K,BENEDETTO S.R.L.,ZONA INDUSTRIALE,Campo Calabro,,"Reggio di Calabria,Calabria",Italy,RM,CP,N,,CP - Cutting Plant,,
968 M,BERARDI SRLS,"Contrada Berardi 11, 85020 Atella PZ",Atella,85020,"Potenza,Basilicata",Italy,RM,SH,Y,,SH - Slaughterhouse,,
J6W1R,BERES JUNIOR S.R.L.,DE AMICIS,Collegno,10093,"Torino,Piemont",Italy,RM,CP,N,,CP - Cutting Plant,,
H6A3B,BERGAMINI PAOLO,Cascina Pomi 1,Formigliana,13030,"Vercelli,Piemont",Italy,RM,SH CP,Y,,SH - Slaughterhouse | CP - Cutting Plant,,
F7547,BERLUSCONI ANTONIO,VIA PAOLO CARCANO 5,Intimiano,22070,"Como,Lombardy",Italy,RM,SH,Y,,SH - Slaughterhouse,,
N416V,BERNARDINI MASSIMO,CIRCONVALLAZIONE,Crodo,28862,"Verbano-Cusio-Ossola,Piemont",Italy,RM,CP SH,Y,,CP - Cutting Plant | SH - Slaughterhouse,,
K118J,BERRUTI MARIO,STRADA VALLE 1,Cunico,,"Asti,Piemont",Italy,RM,SH,Y,,SH - Slaughterhouse,,
9 331 L,BERTAGNOLLI CARNI SNC,VIA PRINCIPALE 41,Fondo,38013,"Trento,Trentino-Alto Adige/Südtirol",Italy,RM,SH CP,Y,,SH - Slaughterhouse | CP - Cutting Plant,,
G1D9Q,"BERTOLINO SNC DI COSTANZO, GIANPIERO, ALESSANDRO E STEFANO BERTOLINO",DELLA TECNICA,Seppiana,28844,"Verbano-Cusio-Ossola,Piemont",Italy,RM,CP,N,,CP - Cutting Plant,,
E5R6W,BERTONE CARNI SNC,VIA ARQUELLO 7,Borgomanero,28021,"Novara,Piemont",Italy,RM,CP,N,,CP - Cutting Plant,,
T273N,BERTONE ROBERTO,MONTE GRAPPA,Bressana Bottarone,27040,"Pavia,Lombardy",Italy,RM,SH,Y,,SH - Slaughterhouse,,
IT R915K CE,BERVINI PRIMO SRL,MONASTEROLO,Borgo Virgilio,46034,"Mantua,Lombardy",Italy,RM,SH CP,Y,,SH - Slaughterhouse | CP - Cutting Plant,,
H4U44,BEST CARNI FELINO SNC,VIA DIAZ 36,Traversetolo,43029,"Parma,Emilia-Romagna",Italy,RM,CP,N,,CP - Cutting Plant,,
K7M8Y,BEST ITALIAN MEAT S.R.L.,"SANT'ANGELO, 2^ ZONA A.S.I.",Fasano,72015,"Brindisi,Apulia",Italy,RM,CP,N,,CP - Cutting Plant,,
9 3611 L,BETTONI MAURIZIO,G.PAGLIA,Costa Volpino,24062,"Bergamo,Lombardy",Italy,RM,SH CP,Y,,SH - Slaughterhouse | CP - Cutting Plant,,
IT 389 L CE,BFOOD DELLE VALLI S.R.L.,POSTO - STRADA COMUNALE DEI ROGANTI,Piuro,23021,"Sondrio,Lombardy",Italy,RM,CP,N,,CP - Cutting Plant,,
763 L,BFOOD DELLE VALLI S.R.L.,"DELL'INDUSTRIA, 2",Buglio in Monte,23010,Lombardy,Italy,RM,CP,N,,CP - Cutting Plant,,
1089 S,BG CARNI DI MANZIN S.R.L.,"BRIANO, 6",Moncucco Torinese,14022,"Asti,Piemont",Italy,RM,CP,N,,CP - Cutting Plant,,
2414 S,BIANCHI ANTONIO S.R.L.,VIA SALVADOR ALLENDE N. 8 - C.DA BARONIA,San Giorgio Ionico,74027,"Taranto,Apulia",Italy,RM,CP,N,,CP - Cutting Plant,,
0 410 F,BIANCHINI LUCIANO,"VIA MONTI, 424",Fratta Polesine,,"Rovigo,Veneto",Italy,RM,CP,N,,CP - Cutting Plant,,
1924 M,BIFFI CARNI SRL,"VIA DANTE, 63",Castello di Brianza,23884,"Lecco,Lombardy",Italy,RM,SH CP,Y,,SH - Slaughterhouse | CP - Cutting Plant,,
G782C,BIGATTI SOCIETA' SEMPLICE AGRICOLA,BIGATTI,Incisa Scapaccino,,"Asti,Piemont",Italy,RM,SH,Y,,SH - Slaughterhouse,,
2921 M,BIGIERRE CARNI SRL,MORETTO,Carpenedolo,25013,"Brescia,Lombardy",Italy,RM,SH CP,Y,,SH - Slaughterhouse | CP - Cutting Plant,,
S4Y97,BIOALLEVA S.R.L.,R. SPINETA,Borgo Bonavicina,37050,"Verona,Veneto",Italy,RM,CP,N,,CP - Cutting Plant,,
9 3671 L,BIOLOGICO RECCHI SOCIETA' AGRICOLA,CALCINARI,Petritoli,63848,Marche,Italy,RM,CP,N,,CP - Cutting Plant,,
D2J7V,BISOGLIO S.S.,VIA CASCINA FORNACE 15,Valenza,15040,"Alessandria,Piemont",Italy,RM,SH,Y,,SH - Slaughterhouse,,
R5634,BLM CARNI S.R.L.,BRUGHIERA,Villaggio C.L.E.D.A.I.,16030,"Genoa,Liguria",Italy,RM,SH,Y,,SH - Slaughterhouse,,
T6U1Z,BOCCA GIANLUCA,DEI GARIONI FRAZIONE CASABIANCA,Verolengo,10038,Piemont,Italy,RM,SH,Y,,SH - Slaughterhouse,,
1964 M,BOCCHIO CARNI SRL,ASTI,Bosco Marengo,15065,Piemont,Italy,RM,SH,Y,,SH - Slaughterhouse,,
1266 S,BOCCIA S.R.L.,"VIA PIANILLO, 53",San Giuseppe Vesuviano,80047,Campania,Italy,RM,CP,N,,CP - Cutting Plant,,
B091P,BODENVERBESSERUNGSKONSORTIUM INNICHEN,"SAN CANDIDO, PUSTERTALERSTRASSE 25 A",Innichen - San Candido,39038,"South Tyrol,Trentino-Alto Adige/Südtirol",Italy,RM,CP,N,,CP - Cutting Plant,,
CE IT N6Q8C,BOETTI AURELIO PAOLO,VIA MARCONI 26,Morozzo,12040,"Cuneo,Piemont",Italy,RM,SH,Y,,SH - Slaughterhouse,,
9 953 L,BOETTO S.N.C. DI TARROCCHIONE FABRIZIO & C.,PRATIDONIO,Pont-Canavese,10082,"Torino,Piemont",Italy,RM,SH,Y,,SH - Slaughterhouse,,
CE IT X3E2K,BOGGI GIUSEPPE S.N.C.,STRADA PROVINCIALE PITIGLIANO loc. Casa Rocchi,Sorano,58010,"Grosseto,Tuscany",Italy,RM,CP,N,,CP - Cutting Plant,,
Q7F57,BOITO SERAFINA S.R.L.,CERNIDOR,Belluno,32100,"Belluno,Veneto",Italy,RM,CP,N,,CP - Cutting Plant,,
T1J01,BOLLANO MARIO,VIA CAVOUR 7,Dogliani,12060,"Cuneo,Piemont",Italy,RM,SH,Y,,SH - Slaughterhouse,,
K8W8H,BOLTEI SOCIETA' AGRICOLA S.S.,BOLTEI,Lu Palau/Palau,07020,Sardinia,Italy,RM,SH,Y,,SH - Slaughterhouse,,
CE IT 912 LP,BOMBIERI S.P.A.,VIALE DEL LAVORO 25/27,Buttapietra,37060,"Verona,Veneto",Italy,RM,CP,N,,CP - Cutting Plant,,
CE IT 9 2009 L,BONACCHI ROBERTO,VIA DELLA LIBERTA' 13,Agliana,51031,"Pistoia,Tuscany",Italy,RM,CP,N,,CP - Cutting Plant,,
2823 S,BONACONZA CARNI SRL,"VIA FIORINA, 7",Pescantina,37026,"Verona,Veneto",Italy,RM,CP,N,,CP - Cutting Plant,,
A5D9X,BONANOMI STEFANO,VIA A. MANZONI 28,Monte Marenzo,,"Lecco,Lombardy",Italy,RM,SH,Y,,SH - Slaughterhouse,,
CE IT 1145 L,BONAZZA S.P.A.,VIA TRIESTINA 185/B - FRAZIONE CA` NOGHERA,Venezia,30173,"Venezia,Veneto",Italy,RM,CP,N,,CP - Cutting Plant,,
9 72 L,BONDI PIERINO SNC,BELVEDERE,Serramazzoni,41028,"Modena,Emilia-Romagna",Italy,RM,CP,N,,CP - Cutting Plant,,
R1Y3M,BONETTI ANGELO,via Gastaldi 13/A,Besano,21050,"Varese,Lombardy",Italy,RM,SH CP,Y,,SH - Slaughterhouse | CP - Cutting Plant,,
1773 M,BONETTI MACELLAZIONE SRL,G. DI VITTORIO,Orzinuovi,25034,"Brescia,Lombardy",Italy,RM,SH,Y,,SH - Slaughterhouse,,
W001J,BONFANTI MARCO,VIA ROMA 52,Gropparello,29025,"Piacenza,Emilia-Romagna",Italy,RM,SH,Y,,SH - Slaughterhouse,,
IT 9 802L CE,BONI DANTE E FIGLI DI BONI DANTE & FIGLI SNC,VIA CROCE 2/A - LOC. CROCE,Castelnovo ne' Monti,42035,"Reggio nell'Emilia,Emilia-Romagna",Italy,RM,SH CP,Y,,SH - Slaughterhouse | CP - Cutting Plant,,
K811T,BONI UGO & C. SAS DI BONI LUCIANO,LAMA,Montese,41055,"Modena,Emilia-Romagna",Italy,RM,CP,N,,CP - Cutting Plant,,
1955 S,BONICAR S.N.C. DI BONIFAZI P. E CARDARELLI T.,"VIA F. PETROSELLI, 33/35",Viterbo,01100,"Viterbo,Lazio",Italy,RM,CP,N,,CP - Cutting Plant,,
CE IT 1686 S,"BONINI MARINO SOCIETA' A RESPONSABILITA' LIMITATA', ABBREVIABILEIN 'BONINI MARINO S.R.L.'",VIA DELLA COSTITUZIONE 4,Chiesina Uzzanese,51013,"Pistoia,Tuscany",Italy,RM,CP,N,,CP - Cutting Plant,,
CE IT T2W9Y,BONO PIERLUIGI,"VIA VITTORIO EMANUELE II, 8",Caramagna Piemonte,12030,"Cuneo,Piemont",Italy,RM,SH,Y,,SH - Slaughterhouse,,
R3B46,BONORA MAURO,VIA DEI PONTICELLI 20,Castenedolo,25014,"Brescia,Lombardy",Italy,RM,SH,Y,,SH - Slaughterhouse,,
N9431,BONTEMPI ATHOS,VIA NAZIONALE OVEST 41,Collecchio,43044,"Parma,Emilia-Romagna",Italy,RM,CP SH,Y,,CP - Cutting Plant | SH - Slaughterhouse,,
V5310,BORDES PIERO,DUCA DEGLI ABRUZZI,Trofarello,10028,"Torino,Piemont",Italy,RM,CP,N,,CP - Cutting Plant,,
1625 L,BORELLI CESARE S.R.L.,BOTTERI,Parma,43126,"Parma,Emilia-Romagna",Italy,RM,CP,N,,CP - Cutting Plant,,
CE IT 3058 S,BORGO CARNI M.F. SRL,VIA PONTE BUGGIANESE 135,Buggiano,51011,"Pistoia,Tuscany",Italy,RM,CP,N,,CP - Cutting Plant,,
9 818 L,BORIO GIOVANNI DI BORIO PIERO ALBERTINO & C. SNC,BIANCO CORRADO,Costigliole d'Asti,14055,"Asti,Piemont",Italy,RM,CP,N,,CP - Cutting Plant,,
Q9P8M,BORRELLO FRANCO,FORTE,Sinagra,98069,"Messina,Sicily",Italy,RM,CP,N,,CP - Cutting Plant,,
1146 F,BORRUTO S.R.L.,MALDARITI TRAVERSA I,Reggio Calabria,89100,"Reggio di Calabria,Calabria",Italy,RM,CP,N,,CP - Cutting Plant,,
IT1405LCE,BORTOLOTTI SALUMI SRL,VIA ALCIDE DE GASPERI 9,Cene,,"Bergamo,Lombardy",Italy,RM,CP,N,,CP - Cutting Plant,,
CE IT 9 183 L,BOSCOVIVO SNC DI LANDUCCI ALFREDO E BIANCHINI FRANCA,"via DEI BOSCHI, località Badia al Pino",Civitella in Val di Chiana,52041,"Arezzo,Tuscany",Italy,RM,CP,N,,CP - Cutting Plant,,
CE IT Y6D7J,BOSIO FLAVIO,"VIA GIORDANINO, 13",Marene,12030,"Cuneo,Piemont",Italy,RM,CP,N,,CP - Cutting Plant,,
Y6D7J,BOSIO MARIO DOMENICO,VIA GIORDANINO 13,Savigliano,12030,"Cuneo,Piemont",Italy,RM,CP,N,,CP - Cutting Plant,,
H3K0Z,BOTTARI S.N.C. DI BOTTARI GIAN-BATTISTA E C.,STATALE REGINA,Gonte,22010,"Como,Lombardy",Italy,RM,SH,Y,,SH - Slaughterhouse,,
L3J7U,BOTTE SNC DI BOTTE ANGELO E LUCIANA E C.,C.DA CROCELLE,Pietracatella,86040,"Campobasso,Molise",Italy,RM,SH,Y,,SH - Slaughterhouse,,
1671 M,BOTTERI CARNI SRL STABILIMENTO DI STREMBO,PONTE VITTORIA,Strembo,38080,"Trento,Trentino-Alto Adige/Südtirol",Italy,RM,SH CP,Y,,SH - Slaughterhouse | CP - Cutting Plant,,
P749Z,BOTTI SHOP S.N.C. DI ALESSANDRO & C.,ALBORGHETTO,Gromlongo,24030,"Bergamo,Lombardy",Italy,RM,SH,Y,,SH - Slaughterhouse,,
256 S,BOVENTI GIUSEPPE S.R.L.,PROVINCIALE,Gussago,25050,"Brescia,Lombardy",Italy,RM,CP,N,,CP - Cutting Plant,,
1532 M,BOVICARNE SICILIA SOCIETA'COOPERATIVA AGRICOLA,MAGIONE,Gangi,90024,"Palermo,Sicily",Italy,RM,CP SH,Y,,CP - Cutting Plant | SH - Slaughterhouse,,
CEITR5P03,BOVINLANGA SOC. AGR. COOP.,VIA TRENTO 2,Dogliani,12063,"Cuneo,Piemont",Italy,RM,CP,N,caprine ovine equine porcine bovine,CP - Cutting Plant,,
UE IT 1108 F,BP FOOD 1950 SRL,"VIA COLONIE, 13 - LOC. SALVATERRA",Casalgrande,42013,"Reggio nell'Emilia,Emilia-Romagna",Italy,RM,CP,N,bovine caprine ovine porcine,CP - Cutting Plant,,
736 M,BRAMIERI CARNI SRL,VIA VIGNAZZA 18/BIS,Rottofreno,29010,Emilia-Romagna,Italy,RM,SH,Y,,SH - Slaughterhouse,,
9 856 L,BRANCHI S.R.L.,VIA ROMA 11,Felino,43035,"Parma,Emilia-Romagna",Italy,RM,CP,N,,CP - Cutting Plant,,
706 S,BRANDI CARNI SRL,VIA LUIGI CANEPA,Genoa,16128,"Genoa,Liguria",Italy,RM,CP,N,,CP - Cutting Plant,,
X1L78,BRASCA MASSIMO,VIA ROMA 65,Vidigulfo,27018,Lombardy,Italy,RM,SH,Y,,SH - Slaughterhouse,,
9 3534 L,BRESSANI MAURO,VICOLO MADONNINA 12,Crema,26010,"Cremona,Lombardy",Italy,RM,CP,N,,CP - Cutting Plant,,
S6D2U,BREZZI GIOVANNI CAMILLO,GRILLA 13 FRAZ. CASTELCERIOLO,Pavone,15122,"Alessandria,Piemont",Italy,RM,SH,Y,,SH - Slaughterhouse,,
9 2627 L,BRIANZA CARNI SRL,"VIA COMO, 126",Brivio,,"Lecco,Lombardy",Italy,RM,CP,N,,CP - Cutting Plant,,
CE IT 1056 L,BRIZIO SRL,"REGIONE SAN BARTOLOMEO, 5",Venasca,12012,"Cuneo,Piemont",Italy,RM,CP,N,,CP - Cutting Plant,,
Q147B,BROTTO SANTE S.R.L.,ANDOLFATTO,Cassola,36022,"Vicenza,Veneto",Italy,RM,CP SH,Y,,CP - Cutting Plant | SH - Slaughterhouse,,
B4B0D,BRUGNATELLI LUCA FRANCESCO,"ETTORE SPALENZA, 55/A",Rovato,25038,"Brescia,Lombardy",Italy,RM,SH,Y,,SH - Slaughterhouse,,
0 798 S,BRUNETTO FRIGO SRL,TINTORIA,Campobello di Licata,92023,"Agrigento,Sicily",Italy,RM,CP,N,,CP - Cutting Plant,,
9 1380 L,BRUSCHI MASSIMILIANO,PROCACCI,Lucignano,52046,"Arezzo,Tuscany",Italy,RM,CP,N,,CP - Cutting Plant,,
G7H4M,BS SUPERMARKETS S.R.L.,"VIA DELLA REPUBBLICA, 4/6",Subiaco,00028,"Roma Capitale,Lazio",Italy,RM,CP,N,,CP - Cutting Plant,,
CE IT 2439 S,BUGGIANI DOMENICO S.R.L.,VIA TOSCO ROMAGNOLA 249,San Miniato,56028,"Pisa,Tuscany",Italy,RM,CP,N,,CP - Cutting Plant,,
CE IT E6N6P,BUGIN CARNI DI BUGIN MASSIMILIANO E C. S.R.L.,VIA DELL'INDUSTRIA 81,Camponogara,30010,"Venezia,Veneto",Italy,RM,CP,N,,CP - Cutting Plant,,
CE IT 2048 S,BUGIN CARNI DI BUGIN MASSIMILIANO E C. S.R.L.,"VIA CALLESETTE, 37",Fossò,,"Venezia,Veneto",Italy,RM,CP,N,,CP - Cutting Plant,,
CE IT 403 M,BUGIN S.R.L.,VIA DELLE INDUSTRIE 10,Santa Maria di Sala,30036,"Venezia,Veneto",Italy,RM,SH CP,Y,,SH - Slaughterhouse | CP - Cutting Plant,,
2932 S,BUONA CARNE SRL,VIA DELLA RESISTENZA 7,Almenno San Bartolomeo,24030,"Bergamo,Lombardy",Italy,RM,CP,N,,CP - Cutting Plant,,
03 312,BURLANDI SS SOCIETA' AGRICOLA,RIPA,Pezzolo,24020,"Bergamo,Lombardy",Italy,RM,SH,Y,,SH - Slaughterhouse,,
2067 M,BUTCHER SERVICE S.R.L.,"STR. TEVERINA, KM. 8,00",Viterbo,01100,"Viterbo,Lazio",Italy,RM,SH,Y,,SH - Slaughterhouse,,
H3V7H,BUTCHER SERVICE S.R.L.,STRADA PROVINCIALE TOLFA-S.SEVERA SNC,Tolfa,00059,"Roma Capitale,Lazio",Italy,RM,SH,Y,,SH - Slaughterhouse,,
G135D,BUZZI PAOLO & C. SAS,VIA G. MATTEOTTI 9,Daverio,21010,"Varese,Lombardy",Italy,RM,SH,Y,,SH - Slaughterhouse,,
570 M,BUZZI SPA,via COMO - Loc. CASCINA PIATTI,Turate,22078,"Como,Lombardy",Italy,RM,SH CP,Y,,SH - Slaughterhouse | CP - Cutting Plant,,
1812 M-,BUZZI SPA,VIA VIGNOLA 13/1,Oggiono,23848,"Lecco,Lombardy",Italy,RM,SH CP,Y,bovine,SH - Slaughterhouse | CP - Cutting Plant,,
832 M,C & G CARNI S.R.L. UNIPERSONALE,MARANO PIANURA,Marano di Napoli,80016,"Napoli,Campania",Italy,RM,CP,N,,CP - Cutting Plant,,
2443M,C C C S.R.L Centro Carni Calabresi,Loc. Sbrandello Z I,Mongrassano,87040,"Cosenza,Calabria",Italy,RM,CP SH,Y,,CP - Cutting Plant | SH - Slaughterhouse,,
2443 M,C.C.C. SRL DI D`ACRI FRANCESCO,SBRANDELLO Z.I.,Mongrassano,,"Cosenza,Calabria",Italy,RM,SH,Y,,SH - Slaughterhouse,,
1914 S,C.C.D. CENTRO CARNI DEL DELTA S.R.L.,DELLE REGIONI- LOC. VOLANIA,Comacchio,44022,"Ferrara,Emilia-Romagna",Italy,RM,CP,N,,CP - Cutting Plant,,
F761S,C.E.G. SRL,MATTEOTTI,Brignano Gera d'Adda,24053,"Bergamo,Lombardy",Italy,RM,SH,Y,,SH - Slaughterhouse,,
1477 S,C.E.M. - COOPERATIVA FRA ESERCENTI MACELLAI - SOCIETÀ COOPERATIVA,VIA GUARNIERI,Cesena,47522,"Forlì-Cesena,Emilia-Romagna",Italy,RM,CP,N,,CP - Cutting Plant,,
J3X9N,C.F.M. GROUP S.R.L.,S.DONATO ZONA INDUSTRIALE,Apice,,"Benevento,Campania",Italy,RM,CP,N,,CP - Cutting Plant,,
W7V80,C.G. DI CARLETTI GIUSEPPE SRL,VIA BISSOLATI 16,Pescarolo ed Uniti,,"Cremona,Lombardy",Italy,RM,CP SH,Y,,CP - Cutting Plant | SH - Slaughterhouse,,
9 2118 L,C.I.S. SALUMIFICIO SRL,VIA TORRICELLI 8,Sermide,46028,"Mantua,Lombardy",Italy,RM,CP,N,,CP - Cutting Plant,,
IT 378M,C.L.A.I. - COOPERATIVA LAVORATORI AGRICOLI IMOLESI - SOCIETA' COOPERATIVA AGRICOLA IN BREVE CLAI SOC,VIA S. SILVESTRO 178,Faenza,48018,"Ravenna,Emilia-Romagna",Italy,RM,SH,Y,,SH - Slaughterhouse,,
2033 L,C.L.C. S.R.L.,DEL FULLONE,San Marco Argentano,87018,"Cosenza,Calabria",Italy,RM,CP,N,,CP - Cutting Plant,,
1337 M,C.M.O. CENTRO MACELLAZIONE ORVIETO S.R.L.,DEI TESSITORI -LOC. FONTANELLE DI BARDANO,Orvieto,05018,"Terni,Umbria",Italy,RM,CP SH,Y,,CP - Cutting Plant | SH - Slaughterhouse,,
CE IT S9T9Z,C.M.V. S.R.L.,"VIA BENI COMUNALI, 3",Villafalletto,12020,"Cuneo,Piemont",Italy,RM,CP SH,Y,porcine bovine ovine caprine equine,CP - Cutting Plant | SH - Slaughterhouse,,
X6Y5T,C.R. CARNI SRL,VIA PROVINCIALE 141,Rosarno,89025,"Reggio di Calabria,Calabria",Italy,RM,CP,N,,CP - Cutting Plant,,
1024 M,C.S.M. SOC. COOP. A R.L.,"VIA MACELLO, 6",Pompei,80045,"Napoli,Campania",Italy,RM,SH,Y,,SH - Slaughterhouse,,
638 M,CA' DEL BOTTO S.R.L.,"VIA CUNELLA, 10",Ardesio,24020,"Bergamo,Lombardy",Italy,RM,SH CP,Y,,SH - Slaughterhouse | CP - Cutting Plant,,
854 S,CAFAGGI SNC DI CAFAGGI IMPERO & C.,IVO MONTAGNI,Gambassi Terme,50050,"Metropolitan City of Florence,Tuscany",Italy,RM,CP,N,,CP - Cutting Plant,,
U3642,CAISA SERVICE S.R.L.,BORGO OLCESE,Losine,25040,"Brescia,Lombardy",Italy,RM,CP,N,,CP - Cutting Plant,,
T3J22,CAIULI CARNI S.R.L.,VIA A. MANZONI 43,Meda,20821,"Monza and Brianza,Lombardy",Italy,RM,SH CP,Y,,SH - Slaughterhouse | CP - Cutting Plant,,
1775 S,CALABRESE S.R.L.,"VIA GIOBERTI, KM 2",Foggia,,Apulia,Italy,RM,CP,N,,CP - Cutting Plant,,
E3W72,CALLIANETTO SALUMI DI LOVISONE FABIO & C. S.N.C.,VENEZIA,Asti,14100,"Asti,Piemont",Italy,RM,CP,N,,CP - Cutting Plant,,
CEITS8P2W,CALLIGARIS STEFANO,G. MARCONI 23/B - FRAZ. SOTTOSELVA,Palmanova,33057,Friuli Venezia Giulia,Italy,RM,SH CP,Y,,SH - Slaughterhouse | CP - Cutting Plant,,
2097 M,CALZI SRL,MATTEOTTI,Bertonico,26821,"Lodi,Lombardy",Italy,RM,SH,Y,,SH - Slaughterhouse,,
1107 L,CAMAC VIGNOLA SRL,"via Casette Zanasi, 21/B",Castelnuovo Rangone,41051,Emilia-Romagna,Italy,RM,CP,N,,CP - Cutting Plant,,
N7G2Y,CAMAC VIGNOLA SRL,"TRINITA', 8",Vignola,41058,Emilia-Romagna,Italy,RM,CP,N,,CP - Cutting Plant,,
2644 M,CAMALDO GIUSEPPE,CERBARO,Lagonegro,85042,"Potenza,Basilicata",Italy,RM,CP SH,Y,,CP - Cutting Plant | SH - Slaughterhouse,,
1824 S,CAMARDA INDUSTRIA ALIMENTARI CARNI S.R.L.,VIA TORRE SANTA SUSANNA KM.1,Mesagne,,"Brindisi,Apulia",Italy,RM,CP,N,,CP - Cutting Plant,,
2933 S,CAMELI PRUDENZA,"C.DA ASO, 65",Ortezzano,63851,"Fermo,Marche",Italy,RM,CP,N,,CP - Cutting Plant,,
IT 9 2819L CE,CAMPANI SNC DI CAMPANI DANILO E C.,"VIA LA CANALA, 7 SARZANO",Casina,42034,"Reggio nell'Emilia,Emilia-Romagna",Italy,RM,CP,N,,CP - Cutting Plant,,
1816 S,CAMPANIA ALIMENTARE SRL,STADERA A POGGIOREALE,Naples,80133,Campania,Italy,RM,CP,N,,CP - Cutting Plant,,
2130 M,CAMPANIA CARNI SRL,CONTRADA SAN MARCO snc,Benevento,82100,"Benevento,Campania",Italy,RM,SH,Y,,SH - Slaughterhouse,,
9 984 L,CAMPIONI SNC DI CAMPIONI AGOSTINO & C.,MONTALBANO,Zocca,41059,"Modena,Emilia-Romagna",Italy,RM,CP,N,,CP - Cutting Plant,,
2195 M,CAMPOCARNI SRL,AGOSTINI,Forlimpopoli,47034,"Forlì-Cesena,Emilia-Romagna",Italy,RM,CP,N,,CP - Cutting Plant,,
986 S,CANCELLONI FOOD SERVICE SPA,LUDOVICO ARIOSTO,Magione,06063,"Perugia,Umbria",Italy,RM,CP,N,,CP - Cutting Plant,,
0 436 M,CANGIALEONI CRISTIANO SRL,G. DI VITTORIO,Santa Sofia,47018,"Forlì-Cesena,Emilia-Romagna",Italy,RM,CP,N,,CP - Cutting Plant,,
9 1475 L,CAPELLI VINICIO DI CAPELLI VINICIO & C. SNC,STRADONE,Poggio Piccolo,40023,"Bologna,Emilia-Romagna",Italy,RM,CP,N,,CP - Cutting Plant,,
Y4K66,CAPITANI STEFANO,II PIANO PIANDELAGOTTI,Frassinoro,41044,Emilia-Romagna,Italy,RM,SH,Y,,SH - Slaughterhouse,,
2277 S,CAPPELLETTI LANFRANCO INGROSSO CARNI,RISORGIMENTO,Martinsicuro,64014,"Teramo,Abruzzo",Italy,RM,CP,N,,CP - Cutting Plant,,
9 1336 L,CAPPELLETTI SRL,MAZZINI,Folgaria,38064,"Trento,Trentino-Alto Adige/Südtirol",Italy,RM,CP SH,Y,,CP - Cutting Plant | SH - Slaughterhouse,,
9 1546 L,CAPPONI CANDIDO,VIA C.A. DALLA CHIESA SNC,Grottazzolina,63844,"Fermo,Marche",Italy,RM,CP,N,,CP - Cutting Plant,,
9 330 L,CAPRINI TOMMASO SRL,VIA MAZZINI 41,Negrar di Valpolicella,37024,"Verona,Veneto",Italy,RM,SH CP,Y,,SH - Slaughterhouse | CP - Cutting Plant,,
614 S,CARAMANTI SRL,VIA S.AGATA 2,Viadana,46019,"Mantua,Lombardy",Italy,RM,CP,N,,CP - Cutting Plant,,
1973 S,CARBENT DI BENTIVOGLIO R. E C. S.A.S.,VIA GARDESANA DELL`ACQUA 6,Bardolino,37011,"Verona,Veneto",Italy,RM,CP,N,,CP - Cutting Plant,,
Y731Q,CARBONE GIACOMO FRANCO & C. SNC,BLIGNY,Genoa,16128,"Genoa,Liguria",Italy,RM,CP,N,,CP - Cutting Plant,,
H0537,CARDARELLI VINCENZO,LOCALITA' TERRAROSSA,Manziana,01010,Lazio,Italy,RM,SH,Y,,SH - Slaughterhouse,,
2766 M,CARETTO ATTILIO SRL,VIA CIRCONVALLAZIONE 5,Santena,10026,"Torino,Piemont",Italy,RM,CP SH,Y,,CP - Cutting Plant | SH - Slaughterhouse,,
X746W,CARIONI BERNANDO,VIA MINORE 13,Crema,26010,"Cremona,Lombardy",Italy,RM,SH,Y,,SH - Slaughterhouse,,
F4P14,CARMINATI LUCIANO,VIA RENATO DONATELLI 6,Casco,24069,"Bergamo,Lombardy",Italy,RM,SH,Y,,SH - Slaughterhouse,,
S767W,CARNI & SALUMI IALLONARDI SOCIETA' IN ACCOMANDITA SEMPLICE DI MARIO IALLONARDI & C.,BELVEDERE,Isernia,86170,"Isernia,Molise",Italy,RM,CP,N,,CP - Cutting Plant,,
W6B51,CARNI ALL'INGROSSO DI BARAILLER P. & C. S.N.C.,"DZOVENNOZ,",Bien,11010,Aosta Valley,Italy,RM,CP,N,,CP - Cutting Plant,,
A8884,CARNI BO.ERO SNC DI CITTADINO SERGIO & C.,ASTI,Canale,12043,Piemont,Italy,RM,CP SH,Y,,CP - Cutting Plant | SH - Slaughterhouse,,
9 2326 L,CARNI BONETTO S.R.L. PRODUZIONE SALUMI TIPICI,RONCHI,Grantorto,35010,Veneto,Italy,RM,CP,N,,CP - Cutting Plant,,
2361 P,CARNI CELIN SRL,VIA STAZIONE 119/I,Mirano,30035,Veneto,Italy,RM,CP,N,,CP - Cutting Plant,,
836 S,CARNI DE MATTIA SRL,"STR. CONS. CAMPAGNANESE KM 0,460",Morlupo,00067,"Roma Capitale,Lazio",Italy,RM,CP,N,,CP - Cutting Plant,,
Z7Q3U,CARNI DEL MATESE S.R.L.,LAZIO,Campobasso,86100,Molise,Italy,RM,CP,N,,CP - Cutting Plant,,
CE IT M7T65,CARNI DOC S.R.L.,"VIA ANTONIO DE CURTIS , 17, CERCOLA (Napoli)",Cercola,80040,"Napoli,Campania",Italy,RM,CP,N,,CP - Cutting Plant,,
CE IT 984 S,CARNI DOC S.R.L.,STR. S.MARCELLINO-AVERSA V.LE KENNEDY,Trentola Ducenta,81038,"Caserta,Campania",Italy,RM,CP,N,,CP - Cutting Plant,,
2973 S,CARNI E AFFINI SRL,SHAHBAZ BHATTI EX SECONDA TRAVERSA CORSO DEL MEZZOGIORNO,Foggia,,Apulia,Italy,RM,CP,N,,CP - Cutting Plant,,
2931 S,CARNI E SALUMI DEI F.LLI ACAMPORA S.R.L.S.,PIANO,Agerola,80051,"Napoli,Campania",Italy,RM,CP,N,,CP - Cutting Plant,,
9 267 L,"CARNI E SALUMI F.LLI ANSELMI DI ANSELMI GIANPIETRO, ANDREA, EUGENIO SNC",STRADA PROVINCIALE,Caldes,38022,"Trento,Trentino-Alto Adige/Südtirol",Italy,RM,CP,N,,CP - Cutting Plant,,
9 2744 L,CARNI E SALUMI TROIER SAS DI TROIER DARIO E C.,"VIA NAZIONALE, 82",Lavis,38015,"Trento,Trentino-Alto Adige/Südtirol",Italy,RM,CP,N,,CP - Cutting Plant,,
9 2442 L,CARNI E SALUMI VOLPIANA DI VOLPIANA PIETRO PAOLO,GARAVOGLIA,Altissimo,36070,"Vicenza,Veneto",Italy,RM,SH CP,Y,,SH - Slaughterhouse | CP - Cutting Plant,,
1232 L,CARNI GEST SRL,"via Poggio, 17 AB",Poggio Piccolo,40023,"Bologna,Emilia-Romagna",Italy,RM,CP,N,,CP - Cutting Plant,,
646 M,CARNI LEVANTE S.R.L.,LA COMUNE - ZONA IND.LE,Peschici,71010,"Foggia,Apulia",Italy,RM,CP,N,,CP - Cutting Plant,,
1360 L,CARNI LUCIANI S.R.L.,VIA TADDEI 22,Rosciano,65020,"Pescara,Abruzzo",Italy,RM,CP,N,,CP - Cutting Plant,,
CE 1783 M,CARNI MARTINELLI S.R.L.,VIA PERGOLA 5,Montecchia di Crosara,37030,"Verona,Veneto",Italy,RM,SH CP,Y,,SH - Slaughterhouse | CP - Cutting Plant,,
1739 S,CARNI NOBILI S.R.L.,"VIA BOVISASCA, 38",Milan,20132,Lombardy,Italy,RM,CP,N,,CP - Cutting Plant,,
CEE IT C4T1H,CARNI OSSARI S.R.L.,VIA RENA 32,Terrassa Padovana,35020,"Padova,Veneto",Italy,RM,CP,N,,CP - Cutting Plant,,
9 1648 L,CARNI PASSON DI PASSON GUIDO & C. SAS,CURMINIE,Montenars,33010,Friuli Venezia Giulia,Italy,RM,SH,Y,,SH - Slaughterhouse,,
3062 S,CARNI PIU' SRL,CISTERNE ZONA P.I.P.,Torremaggiore,71017,"Foggia,Apulia",Italy,RM,CP,N,,CP - Cutting Plant,,
L511R,CARNI POZZOLO SRLS,LEVATA - VIA EMILIA,Bosco Marengo,15065,Piemont,Italy,RM,SH,Y,,SH - Slaughterhouse,,
T3K7B,CARNI PYRAMIDS S.R.L.,VIA INDUSTRIA 33,Roccafranca,25030,"Brescia,Lombardy",Italy,RM,SH,Y,,SH - Slaughterhouse,,
1933 S,CARNI SERVICE SRLS,SAN GIORGIO JONICO,Taranto,74123,Apulia,Italy,RM,CP,N,,CP - Cutting Plant,,
9 3393 L,CARNI TRE COLLI SAS,LARGO MARCONI ISOLA B,Apice,,"Benevento,Campania",Italy,RM,CP,N,,CP - Cutting Plant,,
1212M,CARNI VAL SERCHIO SOCIETA' A RESPONSABILITA' LIMITATA,VIA CIARPI 54,Porcari,55016,"Lucca,Tuscany",Italy,RM,SH CP,Y,,SH - Slaughterhouse | CP - Cutting Plant,,
9 304 L,CARNI VALLE BELBO SOC. COOP. AGRICOLA,SAN BOVO VIA STATALE,Cossano Belbo,12054,"Cuneo,Piemont",Italy,RM,SH,Y,,SH - Slaughterhouse,,
F7X2L,CARNI VALLE BELBO SOC.COOP.AGRICOLA,Località PIANI 8,Niella Belbo,12050,"Cuneo,Piemont",Italy,RM,SH,Y,bovine caprine ovine equine,SH - Slaughterhouse,,
V1701,CARNI ZULLO DI ZULLO ANDREA,VIA BUSA 3,Montecchio,37023,"Verona,Veneto",Italy,RM,SH,Y,,SH - Slaughterhouse,,
C1077,CARNIAGRICOLA SOCIETA' AGRICOLA A RESPONSABILITA' LIMITATA,VIA MULINUT S.N.,Enemonzo,33020,Friuli Venezia Giulia,Italy,RM,SH,Y,,SH - Slaughterhouse,,
2937 S,CARNIMARCHE SRL,DELLA COSTITUENTE,Valloscura,63900,Marche,Italy,RM,CP,N,,CP - Cutting Plant,,
134 L,CARNJ SOCIETA' COOPERATIVA AGRICOLA,"CARROZZE VACCILI, 13",Castelplanio,60031,"Ancona,Marche",Italy,RM,CP,N,,CP - Cutting Plant,,
CE IT 2847 S,CARPANO SPECK S.R.L.,VIA DEGLI ARTIGIANI 9,Falcade,32020,"Belluno,Veneto",Italy,RM,CP,N,,CP - Cutting Plant,,
V741C,CARRETTO TERESITA,LOCALITA' SCALETTA VIA MARCHISIO 17,Sale delle Langhe,12070,"Cuneo,Piemont",Italy,RM,SH,Y,,SH - Slaughterhouse,,
1344 M,CARUSO IMPEX S.R.L.,VIA SANT`ANDREA,Barcellona Pozzo di Gotto,98051,"Messina,Sicily",Italy,RM,SH,Y,,SH - Slaughterhouse,,
2070 S,CARVIN S.R.L.,"VIALE PALMIRO TOGLIATTI, 1280",Rome,00135,"Roma Capitale,Lazio",Italy,RM,CP,N,,CP - Cutting Plant,,
9 3651 L,CASCINA TEOLOGA S.N.C. DI SALUSSOLIA SILVIA E SALUSSOLIA STEFANO,Strada Teologa 1,Santhià,13040,"Vercelli,Piemont",Italy,RM,CP,N,,CP - Cutting Plant,,
3020 S,CASCONE CARNI SRL,"VIA MOTTA CARITA`, 112",Corbara,80050,"Salerno,Campania",Italy,RM,CP,N,,CP - Cutting Plant,,
03 190,CASEIFICIO SOCIALE GARDALATTE SOCIETA' COOPERATIVA AGRICOLA,CASSETTA,Lonato del Garda,25017,"Brescia,Lombardy",Italy,RM,SH,Y,,SH - Slaughterhouse,,
CE IT 903 S,CASINI CARNI S.R.L.,PIAZZA DELLA COSTITUZIONE 37,Pieve a Nievole,51018,"Pistoia,Tuscany",Italy,RM,CP,N,,CP - Cutting Plant,,
689 S,CASIRAGHI SRL,PROVINCIALE PER BERNAREGGIO,Verderio,23879,"Lecco,Lombardy",Italy,RM,CP,N,,CP - Cutting Plant,,
E4814,CASTAGNA GIUSEPPE S.R.L.,VIA DELLE GRIGNE 10,Erba,22030,"Como,Lombardy",Italy,RM,CP,N,,CP - Cutting Plant,,
670 S,CASTELFRIGO LV SRL,"via Allende, 6",Castelnuovo Rangone,41051,Emilia-Romagna,Italy,RM,CP,N,,CP - Cutting Plant,,
D4U2T,CASTELFRIGO LV SRL,via Allende n. 6,Castelnuovo Rangone,41051,"Modena,Emilia-Romagna",Italy,RM,CP,N,,CP - Cutting Plant,,
1021L,CASTELFRIGO LV SRL,via Aldo Moro n. 4/A,Castelnuovo Rangone,41051,"Modena,Emilia-Romagna",Italy,RM,CP,N,,CP - Cutting Plant,,
9 3202 L,CAVALLERI CARNI SNC DI CAVALLERI ANGELO E FIGLI,VIA ITALIA 47,Gardone Riviera,25080,"Brescia,Lombardy",Italy,RM,CP,N,,CP - Cutting Plant,,
CE IT 1545M,CAVALLO F.LLI SALUMIFICIO SRL,"VIA MARTIRI, 77",Beinette,12081,"Cuneo,Piemont",Italy,RM,CP SH,Y,,CP - Cutting Plant | SH - Slaughterhouse,,
C476L,CAZZAMALI DI DANILO E MARCO CAZZAMALI & C. S.A.S.,DEGLI ARTIGIANI,Romanengo,,Lombardy,Italy,RM,CP,N,,CP - Cutting Plant,,
N8S2F,CAZZANIGA ELIO,"VIA MATTEOTTI, 30",Lallio,24040,"Bergamo,Lombardy",Italy,RM,SH,Y,,SH - Slaughterhouse,,
2185 M,CE. MA. S.R.L.,ANTILLO,Acireale,95024,"Catania,Sicily",Italy,RM,SH,Y,,SH - Slaughterhouse,,
V343N,CE.D.A.G. S.N.C. DI SPANO MARIA GIOVANNA & C.,CAGLIARI,Vidda Eccia/Viddalba,07030,"Sassari,Sardinia",Italy,RM,CP,N,,CP - Cutting Plant,,
IT1978 M,CE.DI. CARNI SRL,c/o GESTIMPIANTI VIA MARIA PIA DI SAVOIA SNC,Venafro,86079,"Isernia,Molise",Italy,RM,CP,N,,CP - Cutting Plant,,
S3H8Z,CE.DI. MARCHE - SOCIETA' COOPERATIVA,LEONARDO DA VINCI,Poggio,60020,"Ancona,Marche",Italy,RM,CP,N,,CP - Cutting Plant,,
CE IT P3S1E,CECIONI CATERING SRL,VIA DELLE CALANDRE 67,Calenzano,50041,"Metropolitan City of Florence,Tuscany",Italy,RM,CP,N,,CP - Cutting Plant,,
R2088,CEK CARNI S.A.S.DI UCCELLI MASSIMILIANO,XXV APRILE,Suno,28019,"Novara,Piemont",Italy,RM,SH CP,Y,,SH - Slaughterhouse | CP - Cutting Plant,,
M2F3J,CENTRO ALIMENTARE FALCONI DI FALCONI FABIO,DELL`ASTORE,Rome,00135,"Roma Capitale,Lazio",Italy,RM,CP,N,,CP - Cutting Plant,,
CE IT 559 S,CENTRO CARNI COMPANY S.P.A.,VIA S.ANTONIO 80,Tombolo,35019,"Padova,Veneto",Italy,RM,CP,N,,CP - Cutting Plant,,
E3P42,CENTRO CARNI D.O.C. DI TESTA VENANZIO & C. SNC,PIAZZA PETRARCA 2,Darfo Boario Terme,25047,"Brescia,Lombardy",Italy,RM,CP,N,,CP - Cutting Plant,,
9 1939 L,CENTRO CARNI DI MALFATTO GIANFRANCO,CAGLIARA,Barbarano Mossano,36021,"Vicenza,Veneto",Italy,RM,CP,N,,CP - Cutting Plant,,
B5Q47,CENTRO CARNI MARINI DI CORTI MARIA,CAMPAGNASSO,Stradella,27049,"Pavia,Lombardy",Italy,RM,SH,Y,,SH - Slaughterhouse,,
2042 S,CENTRO CARNI MONTI S.R.L.,VIA ANTICOLANA KM 2+00,Anagni,03012,"Frosinone,Lazio",Italy,RM,CP,N,,CP - Cutting Plant,,
S8S5S,CENTRO CARNI RIGAMONTI S.R.L.,VICINALE DELLA GUARNAZZOLA,Parabiago,20015,"Milan,Lombardy",Italy,RM,CP,N,,CP - Cutting Plant,,
UE IT 1252 M,CENTRO CARNI ROMA,Via Palmiro Togliatti 1280,Roma,00155,"Roma Capitale,Lazio",Italy,RM,SH,Y,,SH - Slaughterhouse,,
V1F5B,CENTRO CARNI S.R.L.,MICHELICA - ZONA ARTIGIANALE,Modica,97015,"Ragusa,Sicily",Italy,RM,SH,Y,,SH - Slaughterhouse,,
2898 S,CENTRO CARNI SERVIZI S.R.L. A CAPITALE RIDOTTO,POTENZA STRADA STATALE 93,Rionero in Vulture,85028,"Potenza,Basilicata",Italy,RM,CP,N,,CP - Cutting Plant,,
S3X3S,CENTRO CARNI TOZZI S.R.L.,VIA DELLE FORNACI - LOCALITA' GOLFAROLO,Carsoli,67065,"L'Aquila,Abruzzo",Italy,RM,SH CP,Y,,SH - Slaughterhouse | CP - Cutting Plant,,
2425 M,CENTRO CARNI VAL TORDINO S.R.L.,DEL PROGRESSO - ZONA INDUSTRIALE,Mosciano Sant'Angelo,64023,"Teramo,Abruzzo",Italy,RM,SH CP,Y,,SH - Slaughterhouse | CP - Cutting Plant,,
K2E8E,CENTRO CARNI ZA-BO DI ZANCHI FRANCESCO & C. SNC,PIAZZA GUGLIELMO MARCONI 14-16,Lallio,24040,"Bergamo,Lombardy",Italy,RM,SH,Y,,SH - Slaughterhouse,,
W4A5R,CENTRO CATERING S.R.L.,"S.P. 74 KM 0,900",Floridia,96014,"Siracusa,Sicily",Italy,RM,CP,N,,CP - Cutting Plant,,
N3L4Z,CENTRO FRESCHI S.R.L.,TORINO,Termoli,86039,"Campobasso,Molise",Italy,RM,CP,N,,CP - Cutting Plant,,
2143 M,CENTRO MACELLAZIONE DEI F.LLI D'ADDARIO REMO & FIGLI SNC,C.DA TERZI,Gissi,,"Chieti,Abruzzo",Italy,RM,SH,Y,,SH - Slaughterhouse,,
2054 M,CENTRO MACELLAZIONE S.R.L.,"VIA CADELORA, 4",Trevenzuolo,37060,"Verona,Veneto",Italy,RM,SH CP,Y,,SH - Slaughterhouse | CP - Cutting Plant,,
M7M2D,CENTRO MACELLAZIONI FELTRINE S.N.C. DI MICHIELIN M. & DE ROSSI E.,MONTELUNGO,Feltre,32032,Veneto,Italy,RM,CP SH,Y,,CP - Cutting Plant | SH - Slaughterhouse,,
CE IT 1901 S,CENTRO ZOOTECNICO LE COLMATE SOCIETÀ AGRICOLA SEMPLICE,VIA TEVERE 11,Pieve a Nievole,51018,"Pistoia,Tuscany",Italy,RM,CP,N,,CP - Cutting Plant,,
9 2396 L,CERADINI ELIO S.N.C. DI CERADINI DANIELA & C.,"VIA CASA ZAMBONI, 30 (FRAZ. ARBIZZANO)",Negrar di Valpolicella,37024,"Verona,Veneto",Italy,RM,CP,N,,CP - Cutting Plant,,
W849W,CERESA PIERO,VIA RICCA 8,Bollengo,13884,Piemont,Italy,RM,SH,Y,,SH - Slaughterhouse,,
1588 L,CERIOTTI LAURA,ROMA,Cassolnovo,27023,"Pavia,Lombardy",Italy,RM,CP,N,,CP - Cutting Plant,,
IT X1R82 CE,CERREDOLO SRL CON SOCIO UNICO,"VIA CORBELLA, 20 - LOC. CERREDOLO",Toano,42010,Emilia-Romagna,Italy,RM,CP,N,,CP - Cutting Plant,,
2616 S,CERTI GUSTI S.R.L.,SAN GIOVANNI LO PIRATO,Modica,97015,"Ragusa,Sicily",Italy,RM,CP,N,,CP - Cutting Plant,,
1142 M,CERULLO SRL,C.DA DESERTA,Grottaminarda,83035,"Avellino,Campania",Italy,RM,SH,Y,,SH - Slaughterhouse,,
9 3503 L,CERUTTI RENATO,VIA GEROLE 8,Carpenedolo,25013,"Brescia,Lombardy",Italy,RM,SH,Y,,SH - Slaughterhouse,,
IT 27/10 CE,CESARO,"VIA ABRUZZI, 54",Segrate,20090,"Milan,Lombardy",Italy,RM,CP,N,,CP - Cutting Plant,,
2550 S,CESMAR S.A.S. DI CESARINI MICHELA E MARIONNI SABATINO,VIA COMMERCIALE,Fossato di Vico,06022,"Perugia,Umbria",Italy,RM,CP,N,,CP - Cutting Plant,,
2902 M,CESTARI CARNI SRL,PEZZA LA CORTE,Montesano sulla Marcellana,,"Salerno,Campania",Italy,RM,SH CP,Y,,SH - Slaughterhouse | CP - Cutting Plant,,
J9C47,CHIANCHERIA GOURMET S.R.L.,ROMA,Vairano Patenora,81058,"Caserta,Campania",Italy,RM,CP,N,,CP - Cutting Plant,,
CEIT2339M,CHIAPELLA S.R.L.,CORSO VITTORIO OLCESE 6,Clavesana,12060,"Cuneo,Piemont",Italy,RM,CP,N,bovine caprine ovine equine porcine,CP - Cutting Plant,,
V472N,CHIODI DARIO & CARLO SOCIETA' SEMPLICE,CA'DI BIAGIOLO - FRAZ. S. LEO BASTIA,Monte Santa Maria Tiberina,06012,"Perugia,Umbria",Italy,RM,CP,N,,CP - Cutting Plant,,
R2K6L,CHIRIATTI SOCIETA' A RESPONSABILITA' LIMITATA SEMPLIFICATA,AMATORE SCIESA,Copertino,,"Lecce,Apulia",Italy,RM,CP,N,,CP - Cutting Plant,,
L044X,CHIZZALI PAOLO GIUSEPPE,VIA ROMA 76,Celat,32020,"Belluno,Veneto",Italy,RM,SH,Y,,SH - Slaughterhouse,,
9 599 L,CHRISTANELL MACELLERIA SAS DI CHRISTANELL STEPHAN & C.,VIA PRINCIPALE,Naturns - Naturno,39025,"South Tyrol,Trentino-Alto Adige/Südtirol",Italy,RM,CP,N,,CP - Cutting Plant,,
U6K69,CIARNIELLO SAS DI MOCCIA GIUSEPPE & C.,VIA VIA FONTANA 2,Bagnoli del Trigno,86091,"Isernia,Molise",Italy,RM,SH,Y,,SH - Slaughterhouse,,
J8Y98,CIBERTI DOMENICO AGOSTINO,VITTORIO EMANUELE II,Castellazzo Bormida,15073,"Alessandria,Piemont",Italy,RM,SH,Y,,SH - Slaughterhouse,,
1160 S,CICI S.R.L.,VIA CAV. DI VITTORIO VENETO,Barialto,70010,"Bari,Apulia",Italy,RM,CP,N,,CP - Cutting Plant,,
1272 S,CIEMME CARNI SRL,"VIA DEI SINDACATI, 19 - LOC. POGGINO",Viterbo,01100,"Viterbo,Lazio",Italy,RM,CP,N,,CP - Cutting Plant,,
F6J52,CIRILLI MAURO,"VIA PRENESTINA KM. 32,800",Paterno,03010,Lazio,Italy,RM,SH,Y,,SH - Slaughterhouse,,
3059 M,CIRONI ALIMENTARE S.R.L.,I CERRI,Antica Colle Piscioso,03029,"Frosinone,Lazio",Italy,RM,SH CP,Y,,SH - Slaughterhouse | CP - Cutting Plant,,
R7327,CIUFFOLINI GABRIELE,"VIA PUCCINI, 25",Chiaravalle,60033,"Ancona,Marche",Italy,RM,CP,N,,CP - Cutting Plant,,
2614 M,CL CARNI S.R.L.,CASILINA SUD,Ferentino,03013,"Frosinone,Lazio",Italy,RM,CP SH,Y,,CP - Cutting Plant | SH - Slaughterhouse,,
Z8Y3V,CLC DI CIARNIELLO VINCENZO & C. SOCIETA' IN ACCOMANDITA SEMPLICE,CONTRADA STRADA INTERPODERALE COLLE PICCIONE,Bagnoli del Trigno,,"Isernia,Molise",Italy,RM,SH CP,Y,,SH - Slaughterhouse | CP - Cutting Plant,,
H896A,CLM TRADIZIONE MACELLAIA SRL,VIA GIACOMO MATTEOTTI 17,Mazzano,25080,"Brescia,Lombardy",Italy,RM,CP,N,,CP - Cutting Plant,,
1665 M,CO.BE.CA. COMMERCIALE SRL,VIA DOSSI 5,Pian Camuno,25050,"Brescia,Lombardy",Italy,RM,SH CP,Y,,SH - Slaughterhouse | CP - Cutting Plant,,
Q8J3A,CO.BE.CA. S.R.L.,"S.P. 231 KM 46,400",Corato,70033,Apulia,Italy,RM,CP,N,,CP - Cutting Plant,,
2236 M,CO.MA.C. COOPERATIVA MACELLAI CASENTINESI S.C.R.L.,VIA PIEVE LOC.STR.IN CASENTINO - CASTEL SAN NICCOLO`,Castel San Niccolò,52018,"Arezzo,Tuscany",Italy,RM,SH CP,Y,,SH - Slaughterhouse | CP - Cutting Plant,,
CE IT 1414 M,CO.MA.CA. SRL,VIA GARIBALDI 114,San Martino di Lupari,35018,Veneto,Italy,RM,CP SH,Y,,CP - Cutting Plant | SH - Slaughterhouse,,
2145 M,CO.MAC. SOC. COOP. ARL,ZONA INDUSTRIALE LOTTO G1 snc,Tèmpiu/Tempio Pausania,07029,"Sassari,Sardinia",Italy,RM,SH,Y,,SH - Slaughterhouse,,
CE IT1981 M,CO.SER SOCIETA' COOPERATIVA AGRICOLA A R.L.,VIA CA` BIANCA 45,Cartura,35025,"Padova,Veneto",Italy,RM,CP SH,Y,,CP - Cutting Plant | SH - Slaughterhouse,,
2385 F,CO.VA. CARNI S.N.C. DI VAIARELLO SALVATORE & C.,"CONTRADA SAN SILVESTRO, 452/A",Marsala,91025,"Trapani,Sicily",Italy,RM,CP,N,,CP - Cutting Plant,,
IT 1814 S UE,COA - SOCIETA' COOPERATIVA,DELLE VALLI,Aprilia,04011,"Latina,Lazio",Italy,RM,CP,N,,CP - Cutting Plant,,
ITJ2E1MCE,COAL AGROALIMENTARE S.R.L.,Contrada Mulinetto snc,Mosciano Sant'Angelo,64023,"Teramo,Abruzzo",Italy,RM,CP,N,,CP - Cutting Plant,,
1851 M,COALBE SERVICE SOCIETA' A RESPONSABILITA' LIMITATA SEMPLIFICATA,TERR`E FORRU S.S. 554 KM. 9,Ceraxius/Selargius,09047,"Cagliari,Sardinia",Italy,RM,SH CP,Y,,SH - Slaughterhouse | CP - Cutting Plant,,
P7E22,COALVE COOP. CONSORZIO ALBERGATORI VERSILIESE,AURELIA SUD,Camaiore,55041,"Lucca,Tuscany",Italy,RM,CP,N,,CP - Cutting Plant,,
CE IT 1617 S,COBECA G S.R.L.,"VIA DEI PODERI, 3 - FZ. CASTELNUOVO",Prato,59100,"Prato,Tuscany",Italy,RM,CP,N,,CP - Cutting Plant,,
Y7M66,COCCINI GIOVANNI,VIA SAN MARTINO 42,Molino Faenza,27020,"Pavia,Lombardy",Italy,RM,SH,Y,,SH - Slaughterhouse,,
G286L,COCCODE' SRL UNIPERSONALE,DELLA FONDERIA,Oriolo Romano,01010,"Viterbo,Lazio",Italy,RM,CP,N,,CP - Cutting Plant,,
A6F5C,COI S.N.C. DI GIORGIA GASPARELLO & C.,CAVIN CASELLE,Santa Maria di Sala,30036,"Venezia,Veneto",Italy,RM,CP,N,,CP - Cutting Plant,,
1580 S,COLDGEST S.P.A.,CELONA,Palermo,90136,"Palermo,Sicily",Italy,RM,CP,N,,CP - Cutting Plant,,
Y8A36,COLLE VERDE DI SABBA GIAMPAOLO E C. SAS,TENUTA,Ponte Verucchio,47826,Emilia-Romagna,Italy,RM,CP,N,,CP - Cutting Plant,,
L2X6Y,COLLI FILIPPO,"VIA NAZIONALE NORD, 6",Colico,23823,"Lecco,Lombardy",Italy,RM,SH,Y,,SH - Slaughterhouse,,
2364 S,COLLI LUCANI-SOCIETA' COOPERATIVA PER AZIONI,BOSCOTRECASE,Picerno,85055,"Potenza,Basilicata",Italy,RM,CP,N,,CP - Cutting Plant,,
C5S1U,COLOMBARO LUCA,BASTITA,Sarezzano,15050,Piemont,Italy,RM,SH,Y,,SH - Slaughterhouse,,
CE IT 367 M,COLOMBEROTTO S.P.A.,VIA MONTEGRAPPA 68/72,Moriago della Battaglia,31010,"Treviso,Veneto",Italy,RM,SH,Y,,SH - Slaughterhouse,,
E4E0Y,COLOMBO CARLO,VIA ROMA 6,Gorla Minore,21055,"Varese,Lombardy",Italy,RM,SH,Y,,SH - Slaughterhouse,,
1080 L,COLOMBO SALVO & C. S.R.L.,VIA CAREGO' 21,Crosio della Valle,21020,"Varese,Lombardy",Italy,RM,CP,N,,CP - Cutting Plant,,
R2T1Z,COLUMBANO ANTONELLO,GIUANNEDDU,Alzachena/Arzachena,07021,"Sassari,Sardinia",Italy,RM,SH,Y,,SH - Slaughterhouse,,
CE IT 1229 S,COM.PA S.P.A.,VIA CALTANA 55,Villanova di Camposampiero,35010,"Padova,Veneto",Italy,RM,CP,N,,CP - Cutting Plant,,
2820 S,COMAL SRL,VIA ALVARI 12,Rome,00135,"Roma Capitale,Lazio",Italy,RM,CP,N,,CP - Cutting Plant,,
920 S,COMALBEST SRL,C.DA S.ANGELO N. 4,Fasano,72015,"Brindisi,Apulia",Italy,RM,CP,N,,CP - Cutting Plant,,
W3P5T,COMIMPORT S.R.L.,SS. 106 FRAZIONE TORRE ZONA P.I.P.,Melissa,88814,"Crotone,Calabria",Italy,RM,CP,N,,CP - Cutting Plant,,
A4P6K,COMINT S.N.C. DI DE POLI MATTEO & C.,"VIA STRA', 2",San Martino di Lupari,35018,"Padova,Veneto",Italy,RM,CP,N,,CP - Cutting Plant,,
UE IT P213A,COMITAL S.R.L.,Via delle Arti n. 18,Vignola,41026,"Modena,Emilia-Romagna",Italy,RM,CP,N,,CP - Cutting Plant,,
C5M00,COMMERCIALE DECA DI DE CAPITANI GIUSEPPE,"VIA BERGAMO, 30",Galbiate,23851,"Lecco,Lombardy",Italy,RM,CP,N,,CP - Cutting Plant,,
M122M,COMMERCIALE MESSINA S.R.L.,MASSIMO TROISI,Cancello ed Arnone,81030,"Caserta,Campania",Italy,RM,CP,N,,CP - Cutting Plant,,
X727A,COMMERCIALE RAGOZZINO SRL,VIA S.S. APPIA 196+900,Vitulazio,81041,"Caserta,Campania",Italy,RM,CP,N,,CP - Cutting Plant,,
0 20 S,COMMERCIALE RAMONDA SRL,"VIA MAZZINI, 97",Rosà,36027,"Vicenza,Veneto",Italy,RM,CP,N,,CP - Cutting Plant,,
U5E7U,COMMERCIO CARNI F.LLI SALVETTI S.N.C. DI SALVETTI GIUSEPPE E LUI-GI,LOC. BAGNOL,Pesina,37010,"Verona,Veneto",Italy,RM,CP,N,,CP - Cutting Plant,,
C342B,COMMERCIO CARNI PAGANI DI MARTINELLI DONATELLO E C. SNC,VIA DONATORI DI SANGUE 18,Darfo Boario Terme,25047,"Brescia,Lombardy",Italy,RM,CP,N,,CP - Cutting Plant,,
K7J53,COMMERCIO-CARNI E BESTIAME-DI COGLIATI DANTE E C. SOCIETA' IN ACCOMANDITA SEMPLICE,MADONNINA,Vergo,23880,"Monza and Brianza,Lombardy",Italy,RM,CP SH,Y,,CP - Cutting Plant | SH - Slaughterhouse,,
2033 S,COMPAGNIA DELLE CARNI S.R.L.,IV NOVEMBRE - FRAZIONE PIEDIMONTE,Gorizia,34170,Friuli Venezia Giulia,Italy,RM,CP,N,,CP - Cutting Plant,,
E5X1U,COMUNE DI BOBBIO,VIA GENOVA 6,Bobbio,29022,"Piacenza,Emilia-Romagna",Italy,RM,SH,Y,,SH - Slaughterhouse,,
Q7717,COMUNE DI COLLELONGO,CANALE,Collelongo,,"L'Aquila,Abruzzo",Italy,RM,SH,Y,,SH - Slaughterhouse,,
J6118,COMUNE DI PESCOPENNATARO,LOCALITA' GLORIA PADRE S.N.C.,Castelromano,86080,"Isernia,Molise",Italy,RM,SH,Y,,SH - Slaughterhouse,,
3051 M,COMUNE DI TRIVENTO,CONTRADA STERPARO S.N.C.,Trivento,,Molise,Italy,RM,SH,Y,,SH - Slaughterhouse,,
2602 M,COMUNITA` MONTANA CAMASTRA ALTO SAURO,ISCA DEL GALLO - ZONA PIP,Tintera,85010,"Potenza,Basilicata",Italy,RM,SH,Y,,SH - Slaughterhouse,,
1667 L,CONAL FOOD SOCIETA' A RESPONSABILITA' LIMITATA,DEGLI ULIVETI,Lamezia Terme,88046,"Catanzaro,Calabria",Italy,RM,CP,N,,CP - Cutting Plant,,
2597 S,CONSORZIO AL.B.A.,LOC.DIFESA ZONA INDUSTRIALE,Ogliastro Cilento,,"Salerno,Campania",Italy,RM,CP,N,,CP - Cutting Plant,,
J3S4E,CONSORZIO ALLEVATORI BOVINA ROMAGNOLA DELLA ROMAGNA-TOSCANA IL MAGNIFICO,DINO BERTINI,Santa Sofia,47018,"Forlì-Cesena,Emilia-Romagna",Italy,RM,SH,Y,,SH - Slaughterhouse,,
2249 M,CONSORZIO GROSSISTI INDUSTRIA E COMMERCIO CARNI - COOPERATIVA A RESPONSABILITA' LIMITATA,"VIA TRAVES, 43",Turin,10151,"Torino,Piemont",Italy,RM,SH CP,Y,,SH - Slaughterhouse | CP - Cutting Plant,,
1251 M,CONSORZIO MACELLAI BRAIDESI,"VIALE INDUSTRIA, 4",Bra,12042,"Cuneo,Piemont",Italy,RM,SH,Y,,SH - Slaughterhouse,,
uvac02-1034,CONSORZIO MACELLAI DELLA MURGIA - SOCIETA' CONSORTILE A RESPONSABILITA' LIMITATA,CONTRADA JAZZO DEL FORNO SN,Altamura,70022,Apulia,Italy,RM,SH,Y,,SH - Slaughterhouse,,
N281S,CONTINI LEONARDO,VIA GARIBALDI 11 FRAZ. BARZANIGA,Annicco,,"Cremona,Lombardy",Italy,RM,SH,Y,,SH - Slaughterhouse,,
C1F4Q,CONZ ATTILIO & C. S.N.C.,FOSCA,Celat,32020,"Belluno,Veneto",Italy,RM,SH,Y,,SH - Slaughterhouse,,
N7W6Z,COOP SAN PIETRO VARA SCRL,VIA PROVINCIALE 35,Varese Ligure,19028,"La Spezia,Liguria",Italy,RM,CP,N,,CP - Cutting Plant,,
1242 M,COOP. CO.Z.A.C. R.L.,PIANO LAGO C.DA FILICETTI,Pietrafitta,87050,"Cosenza,Calabria",Italy,RM,CP,N,,CP - Cutting Plant,,
1847 M,COOP. MACELLATORI FANO SRL,LOC. SCHIEPPE,Orciano di Pesaro,61038,"Pesaro e Urbino,Marche",Italy,RM,SH,Y,,SH - Slaughterhouse,,
2729 S,COOP. SOCIALE ALLE CASCINE ARL,VIA CAMPANIA 16,San Giuliano Milanese,20098,"Milan,Lombardy",Italy,RM,CP,N,,CP - Cutting Plant,,
CE IT R4Y2K,COOPERATIVA AGRICOLA BAGNOLESE SOC. AGR. COOP.,"VIA ROSSANO, 38",Bagnolo Piemonte,12031,"Cuneo,Piemont",Italy,RM,SH,Y,bovine,SH - Slaughterhouse,,
CE IT U3R03,COOPERATIVA AGRICOLA BUSCHESE SOC. AGR. COOP.,V IA LAGHI DI AVIGLIANA 140,Busca,12022,"Cuneo,Piemont",Italy,RM,CP,N,,CP - Cutting Plant,,
CE IT 2417 M,COOPERATIVA AGRICOLA FIRENZUOLA SOCIETA' AGRICOLA COOPERATIVA,VIALE DEL PROGRESSO 1,Vicchio,50039,"Metropolitan City of Florence,Tuscany",Italy,RM,SH CP,Y,,SH - Slaughterhouse | CP - Cutting Plant,,
9 1986 L,COOPERATIVA AGRICOLA FONNONI SOC. COOP. A R.L. A MUTALITA' PREVALENTE,CONTRADA FONNONI SN,Carpino,71010,"Foggia,Apulia",Italy,RM,SH,Y,,SH - Slaughterhouse,,
D616L,COOPERATIVA AGRICOLA PRIOCCHESE SOCIETA' AGRICOLA COOPERATIVA,SAN CARLO,Grinzano,,"Cuneo,Piemont",Italy,RM,SH,Y,,SH - Slaughterhouse,,
767 M,COOPERATIVA AGRICOLA SAN ROCCO SOCIETA' AGRICOLA COOPERATIVA PER AZIONI,PIETRASANTA,Magenta,20013,"Milan,Lombardy",Italy,RM,SH,Y,,SH - Slaughterhouse,,
G1N5M,COOPERATIVA AGRICOLA STROVINA 78,PODERE VALBELLA - SANLURI STATO,Seddori/Sanluri,09025,"Sud Sardegna,Sardinia",Italy,RM,SH,Y,,SH - Slaughterhouse,,
H5K2Z,COOPERATIVA AGRICOLA VOLPAGO - SOCIETA' COOPERATIVA AGRICOLA,SCHIAVONESCA VECCHIA,Gorgo al Monticano,31040,Veneto,Italy,RM,CP,N,,CP - Cutting Plant,,
CE IT Q203V,COOPERATIVA COMMERCIALIZZAZIONE PRODOTTI ALLEVAMENTO SOC. COOP. AGR. (COMPRAL),VIA BRA 77/O,Cuneo,12100,"Cuneo,Piemont",Italy,RM,CP,N,,CP - Cutting Plant,,
C2Q4M,COOPERATIVA FATTORIE SICILIANE ASSOCIATE - SOCIETA' AGRICOLA FASA,CONTRADA MANDRIANUOVA,Valledolmo,,"Palermo,Sicily",Italy,RM,CP,N,,CP - Cutting Plant,,
1618 M,COOPERATIVA MACELLAI CHIERESI SOC. COOP. SIGLABILE C.M.C. S.C.,"VIA CAFASSO, 8",Chieri,10023,"Torino,Piemont",Italy,RM,SH,Y,,SH - Slaughterhouse,,
2376 S,COOPERATIVA PRODUTTORI CARNE COLTIVATORI DIRETTI S. NICOLO' SOC. COOPERATIVA AGRICOLA,DELLO SCALO - LOC. QUADRELLI,Montecastrilli,05026,"Terni,Umbria",Italy,RM,CP,N,,CP - Cutting Plant,,
IT 361 M,COOPERATIVA PRODUTTORI SUINI PRO SUS SOCIETA' COOPERATIVA AGRICOLA,VIA MALTA SNC,Vescovato,26039,"Cremona,Lombardy",Italy,RM,SH CP,Y,,SH - Slaughterhouse | CP - Cutting Plant,,
c,COOPERATIVA TERREMERSE SOC. COOP,FIUMAZZO - LOC. VOLTANA,Lugo,48022,"Ravenna,Emilia-Romagna",Italy,RM,CP,N,,CP - Cutting Plant,,
2416 S,COPAS SRL,COMUNALE - VILLAGGIO SAN MICHELE,Messina,98127,"Messina,Sicily",Italy,RM,CP,N,,CP - Cutting Plant,,
2265 S,CORAD CARNI S.R.L.,VIA NATTA Z.I. CASIC,Su Masu/Elmas,09030,"Cagliari,Sardinia",Italy,RM,CP,N,,CP - Cutting Plant,,
E2P4L,CORDINI S.R.L.,EMILIA,Broni,27043,"Pavia,Lombardy",Italy,RM,CP,N,,CP - Cutting Plant,,
Y5T50,CORRà€ ANGELO & C. SNC,DEI CIGNI,Predaia,38012,"Trento,Trentino-Alto Adige/Südtirol",Italy,RM,SH,Y,,SH - Slaughterhouse,,
2449 M,CORTONA SVILUPPO S.R.L. MATTATOIO COMUNALE OSSAIA CORTONA,OSSAIA,Cortona,52044,"Arezzo,Tuscany",Italy,RM,CP,N,,CP - Cutting Plant,,
1189 S,CORTONESE CARNI SRL,VALLONE,Cortona,52044,"Arezzo,Tuscany",Italy,RM,CP,N,,CP - Cutting Plant,,
3065 P,COSARO S.R.L.,VALLUGANA,Malo,36034,"Vicenza,Veneto",Italy,RM,CP,N,,CP - Cutting Plant,,
3009 M,COSSU CARNI SAS,LOC. SA TANCHITTA SS 131 BIS,Thiesi,07047,"Sassari,Sardinia",Italy,RM,SH,Y,,SH - Slaughterhouse,,
9 2492 L,COUNTRY PIG SOCIETA' AGRICOLA SEMPLICE DI BASTIANELLI MAURO E BASTIANELLI BRIAN,SAN ZENONE,Montegiorgio,63833,"Fermo,Marche",Italy,RM,CP,N,,CP - Cutting Plant,,
Q1246,CRIVELLO SNC DI ALFARANO CATERINA E CRIVELLO SECONDO,VIA PEZZANA 4,Santena,10026,"Torino,Piemont",Italy,RM,SH,Y,,SH - Slaughterhouse,,
F6U0G,CROSETTI GIAN PIETRO,ROMA,Crodo,28862,"Verbano-Cusio-Ossola,Piemont",Italy,RM,CP,N,,CP - Cutting Plant,,
S7G7E,CS CARNI SNC DI COLOSIMO CARMINE E C.,"SELVE,",Seran,11020,Aosta Valley,Italy,RM,SH,Y,,SH - Slaughterhouse,,
2755 S,CUBIA RI.C.AL. S.P.A.,"VIA BELLINI, 8",Cattolica,,"Rimini,Emilia-Romagna",Italy,RM,CP,N,,CP - Cutting Plant,,
U1U4U,CURTARELLI ANGELO,VIA UMBERTO IÂ° 25,Castelnuovo Bocca d'Adda,26843,"Lodi,Lombardy",Italy,RM,SH,Y,,SH - Slaughterhouse,,
X612E,CURTARELLI F.LLI SAS,VIA UMBERTO IÂ° 11,Castelnuovo Bocca d'Adda,26843,"Lodi,Lombardy",Italy,RM,CP SH,Y,,CP - Cutting Plant | SH - Slaughterhouse,,
2756 S,CUZZOCREA PASQUALE & C. - S.A.S. DI GIUSEPPE CUZZOCREA,S.ELIA II TRAV. PRIVATA RAVAGNESE,Reggio Calabria,89100,"Reggio di Calabria,Calabria",Italy,RM,CP,N,,CP - Cutting Plant,,
ITP4B93CE,D'AMICO CARNI S.R.L.,Via Nazionale snc,Canzano,64020,"Teramo,Abruzzo",Italy,RM,CP,N,,CP - Cutting Plant,,
ITY7V00 UE,D'AMICO CARNI S.R.L.,Via Luigi Pirandello,Castelnuovo Vomano,64020,"Teramo,Abruzzo",Italy,RM,CP,N,,CP - Cutting Plant,,
P4B93,D'AMICO DONATELLA LAVORAZIONE E VENDITA CARNI,PIANO DI CORTE,Castelnuovo Vomano,64020,"Teramo,Abruzzo",Italy,RM,CP,N,,CP - Cutting Plant,,
K 1012,D'amato Carni S.R.L,VIA SALVADOR ALLENDE S.N.,San Giorgio Ionico,74027,"Taranto,Apulia",Italy,RM,CP SH,Y,,CP - Cutting Plant | SH - Slaughterhouse,,
CE IT E982J,D. & D. DI TARICCO DAVIDE BIAGIO & C. S.A.S.,"VIA MARCONI, 141",Marene,12030,"Cuneo,Piemont",Italy,RM,CP,N,bovine caprine ovine porcine equine,CP - Cutting Plant,,
0 794 S,D.O.C. CARNI DI CICCARRONE ANGELA & C. S.N.C.,LIMITE DEL POZZO - QUERCE,Atena Lucana,84030,"Salerno,Campania",Italy,RM,CP,N,,CP - Cutting Plant,,
P721E,D.P.S. CARNI S.R.L.,P.I.P. LOTTO 50 P.T.,Collepasso,73040,"Lecce,Apulia",Italy,RM,CP,N,,CP - Cutting Plant,,
T2F3K,DA REGALLI DI RIGOLLI ELENA,ROMA,San Polo,29010,"Piacenza,Emilia-Romagna",Italy,RM,SH,Y,,SH - Slaughterhouse,,
1210 L,DA.CA. DI D`ADDARIO NICOLA E F.LLI SNC,C.DA PIANO S.ANGELO ZONA INDUSTRIALE,Pantano,66050,Abruzzo,Italy,RM,CP,N,,CP - Cutting Plant,,
U8D5C,DA.MA. S.R.L.,VITTORIO VENETO,Santa Giustina,32035,"Belluno,Veneto",Italy,RM,CP,N,,CP - Cutting Plant,,
IT U8D5C,DA.MA. SRL,"VIA VITTORIO VENETO, 15",Santa Giustina,32035,"Belluno,Veneto",Italy,RM,CP,N,,CP - Cutting Plant,,
2901S,DAC Distribuzione Alimentari Convivenze SPA,"VIA SANTERNO, 8 - SAVIO",Cervia,48015,"Ravenna,Emilia-Romagna",Italy,RM,CP,N,,CP - Cutting Plant,,
1832 M,DADE CARNI S.R.L.,TUOPPOLO,Pastene,82018,"Benevento,Campania",Italy,RM,SH,Y,,SH - Slaughterhouse,,
2218 M,DAGA CARNI S.R.L.,ZONA INDUSTRIALE P.I.P. sn,Marrùbiu/Marrubiu,09094,"Aristanis/Oristano,Sardinia",Italy,RM,CP SH,Y,,CP - Cutting Plant | SH - Slaughterhouse,,
9 3513 L,DAGOSTIN MACELLAI E SALUMIERI DAL 1963 S.R.L.,LOC. CANTELGER 39/A,Pochi - Buchholz,38030,"South Tyrol,Trentino-Alto Adige/Südtirol",Italy,RM,CP,N,,CP - Cutting Plant,,
2986 S,DAL MONTE S.N.C. DI DAL MONTE MARINO C.,Q.RE PRE`,Bassano del Grappa,36061,"Vicenza,Veneto",Italy,RM,CP,N,,CP - Cutting Plant,,
CE IT 2032 M,DAL MONTE S.R.L.,VIA VERONA 4,Pove del Grappa,36020,"Vicenza,Veneto",Italy,RM,CP SH,Y,,CP - Cutting Plant | SH - Slaughterhouse,,
G1V17,DAL NISI SOCIETA' COOPERATIVA,VILLAFRANCA,Nizza di Sicilia,98020,"Messina,Sicily",Italy,RM,CP,N,,CP - Cutting Plant,,
CE IT 1959 L,DALLATANA S.R.L,VIA PROVINCIALE 4/A,Busseto,43011,"Parma,Emilia-Romagna",Italy,RM,CP,N,,CP - Cutting Plant,,
CEIT1140M,DAMA CARNI SRLS,"VIA SCALONE, 11",Malalbergo,40051,"Bologna,Emilia-Romagna",Italy,RM,SH,Y,bovine,SH - Slaughterhouse,,
L1U3H,DAMASIO CRISTIAN,SAN GIACOMO,San Damiano d'Asti,14015,Piemont,Italy,RM,CP,N,,CP - Cutting Plant,,
2050 S,DAMASO S.R.L.,VIA F.LLI BANDIERA,Olbia,07026,"Sassari,Sardinia",Italy,RM,CP,N,,CP - Cutting Plant,,
V8Z2R,DANI ALDO,VIA BARON N. 34,Castelvecchio,36070,"Vicenza,Veneto",Italy,RM,SH,Y,,SH - Slaughterhouse,,
N587G,DANINI CARNI DI DANINI MASSIMO,DELLA LIBERTA`,Canicossa,46010,"Mantua,Lombardy",Italy,RM,SH,Y,,SH - Slaughterhouse,,
T3H6Z,DAVINI GABRIELE,STATALE - LOC. CARPINELLI,Minucciano,55034,Tuscany,Italy,RM,SH,Y,,SH - Slaughterhouse,,
IT P2H4N CE,DDM INDUSTRIAL S.R.L.,"Via M. Tito, 69/A - Montecavolo",Quattro Castella,42020,"Reggio nell'Emilia,Emilia-Romagna",Italy,RM,CP,N,porcine,CP - Cutting Plant,,
1061 S,DE AMICIS SPA,VIA MONTECUCCOLI 29,Milan,20132,Lombardy,Italy,RM,CP,N,,CP - Cutting Plant,,
V4K80,DE ANDREIS FAUSTO,MADONNA DI LORETO,Capitignano,67014,"L'Aquila,Abruzzo",Italy,RM,SH CP,Y,,SH - Slaughterhouse | CP - Cutting Plant,,
J130S,DE BORTOLI SERGIO SRL,VIA SAN ROCCO 22,Robecco sul Naviglio,20087,"Milan,Lombardy",Italy,RM,CP,N,,CP - Cutting Plant,,
Q6F76,DE LUCA ANTONIO,ISABELLA CATALANO,Monreale,90046,"Palermo,Sicily",Italy,RM,CP,N,,CP - Cutting Plant,,
E4H60,DE MARCO ROBERTO,PETRARO,Corbara,80050,"Salerno,Campania",Italy,RM,CP,N,,CP - Cutting Plant,,
9 2087 L,DE ROSA S.R.L.,DOGANACCIA,Tarquinia,01016,"Viterbo,Lazio",Italy,RM,CP,N,,CP - Cutting Plant,,
A8S6C,DE SOCIO DAVIDE S.N.C. - DI DE SOCIO DAVIDE & C.,VONZI,Vinchiaturo,86020,Molise,Italy,RM,SH,Y,,SH - Slaughterhouse,,
U9H22,DE.DO S.R.L.,DELL'INDUSTRIA - FRAZIONE BAZZANO,L'Aquila,67100,"L'Aquila,Abruzzo",Italy,RM,CP,N,,CP - Cutting Plant,,
R3R8D,DE.MA. SRL,"L.GO GIOACCHINO GIUSEPPE BELLI, 1/4",Manziana,01010,Lazio,Italy,RM,SH,Y,,SH - Slaughterhouse,,
IT 2473 M,DECARNI SOCIETA' A RESPONSABILITA' LIMITATA,"C. DA LACOMETANA, 16",Santeramo in Colle,70029,"Bari,Apulia",Italy,RM,SH CP,Y,,SH - Slaughterhouse | CP - Cutting Plant,,
9 60 L,DEGIORGI ANTONIO & C. S.A.S.,"VIA SAN GRATO, 9",Borgosesia,13011,"Vercelli,Piemont",Italy,RM,CP,N,,CP - Cutting Plant,,
L3G5C,DEIDDA CATERINA,VALLONE CUCCO,Lipari,98050,"Messina,Sicily",Italy,RM,SH,Y,,SH - Slaughterhouse,,
9 551 L,DEL BEN ERNESTO & C. SAS,SELVA,Maniago,33085,Friuli Venezia Giulia,Italy,RM,CP,N,,CP - Cutting Plant,,
3056 S,DEL COLLE SRL,"C.DA SAN PIETRO, Z.I. SNC",Mormanno,,"Cosenza,Calabria",Italy,RM,CP,N,,CP - Cutting Plant,,
L880Z,DEL MIGLIO GIOVANNI,VIA MARCONI 17,Motta Baluffi,26045,"Cremona,Lombardy",Italy,RM,SH,Y,,SH - Slaughterhouse,,
628 L,DEL VECCHIO ANTONIO E REMO S.N.C.,MADONNA DELL`OLIVO,Cesena,47522,"Forlì-Cesena,Emilia-Romagna",Italy,RM,CP,N,,CP - Cutting Plant,,
M5N8K,DELLA TORRE MASSIMO,VIA TORINO 4,Casorate Sempione,21011,"Varese,Lombardy",Italy,RM,SH,Y,,SH - Slaughterhouse,,
1640 S,DELTA S.R.L.,"VIA MEDAGLIE D`ARGENTO, 9",Castelleone,26012,"Cremona,Lombardy",Italy,RM,CP,N,,CP - Cutting Plant,,
2472M,DESIDERI LUCIANO S.R.L.,VIA ABRUZZI 2,Pontedera,56025,"Pisa,Tuscany",Italy,RM,SH CP,Y,,SH - Slaughterhouse | CP - Cutting Plant,,
F0N4F,DEUS SOCIETà€ AGRICOLA ZOOTECNICA DI FILITTI DOMENICO & C. S.N.C.,CIANNI SNC,Tintera,85010,"Potenza,Basilicata",Italy,RM,SH,Y,,SH - Slaughterhouse,,
B2K5V,DI BIASE CARNI SRL,"O. DI BIASE 1, TRAV. 1 - LOC. GUASTAMEROLI",Frisa,66030,"Chieti,Abruzzo",Italy,RM,CP SH,Y,,CP - Cutting Plant | SH - Slaughterhouse,,
B7R7F,DI FLORIO SALUMI S.A.S. DI ANTONIO DI FLORIO & C.,PROVINCIALE N. 6 NOCERA SARNO,Nocera Inferiore,84014,"Salerno,Campania",Italy,RM,CP,N,,CP - Cutting Plant,,
F1176,DI GIAMPAOLO UMBERTO,STERPARO DEI SANTI,Moscufo,65010,"Pescara,Abruzzo",Italy,RM,CP,N,,CP - Cutting Plant,,
G1T53,DI GIOSA CARNI SRL,CONTRADA LAGO VECCHIO s.n.,Toritto,70020,Apulia,Italy,RM,SH CP,Y,,SH - Slaughterhouse | CP - Cutting Plant,,
1523 M,DI IORIO CARNI SRL,S.S. 17 KM 283+400 LOC. ISCHIA DI SOTTO,Volturara Appula,,"Foggia,Apulia",Italy,RM,SH CP,Y,,SH - Slaughterhouse | CP - Cutting Plant,,
V1X06,DI LENARDA GIGINO,VIA UDINE 51 CODERNO loc. bas,Sedegliano,33039,Friuli Venezia Giulia,Italy,RM,CP SH,Y,,CP - Cutting Plant | SH - Slaughterhouse,,
R458Q,DI LIBERTO S.R.L.,CONTRADA PORRAZZI snc,Ciminna,90023,Sicily,Italy,RM,SH,Y,,SH - Slaughterhouse,,
P5U6T,DI MARCANTONIO IVANA,"VIA CUPA, S.N.C.",Arsita,,Abruzzo,Italy,RM,SH,Y,,SH - Slaughterhouse,,
1130 M,DI PONIO SIMONA S.R.L.S.,PANACCIONI,Posticciola,03043,"Rieti,Lazio",Italy,RM,SH,Y,,SH - Slaughterhouse,,
1403 M,DI TELLA S.R.L.,P. MASCAGNI,Cancello ed Arnone,81030,"Caserta,Campania",Italy,RM,CP SH,Y,,CP - Cutting Plant | SH - Slaughterhouse,,
G725J,DI TOMO OLIVIERO,CONTRADA ELCINE 64,Miglianico,66010,"Chieti,Abruzzo",Italy,RM,SH CP,Y,,SH - Slaughterhouse | CP - Cutting Plant,,
996 S,DI.CAR. S.R.L.,F.SCO CRUTI,Palermo,90136,"Palermo,Sicily",Italy,RM,CP,N,,CP - Cutting Plant,,
2144 P,DIA S.P.A.,CAVOUR,Calcinato,25011,"Brescia,Lombardy",Italy,RM,CP,N,,CP - Cutting Plant,,
2004 L,DIANO SALUMI S.R.L.,PIETRO NENNI,Atena Lucana Scalo,84030,Campania,Italy,RM,CP,N,,CP - Cutting Plant,,
CE IT P6K5G,DIMAR S.P.A.,VIA VALLE PO 173 - MADONNA DELL'OLMO,Cuneo,12100,"Cuneo,Piemont",Italy,RM,CP,N,,CP - Cutting Plant,,
C125R,DIMAR S.P.A.,CIME DI LECA,Albenga,17031,"Savona,Liguria",Italy,RM,CP,N,,CP - Cutting Plant,,
1421 S,DIMECA SRL,"VIA CASTELLUCCIO DEI SAURI, 67 (SEGEZIA)",Foggia,,Apulia,Italy,RM,CP,N,,CP - Cutting Plant,,
Q1S4E,DIMENSIONE CARNE SRL,ROMEA,Bertipaglia,35020,"Padova,Veneto",Italy,RM,SH,Y,,SH - Slaughterhouse,,
0 365 S,DIODORO S.R.L.,ACHILLE GRANDI,Montesilvano,65013,"Pescara,Abruzzo",Italy,RM,CP,N,,CP - Cutting Plant,,
1092 F,DIPA CARNI S.R.L.,VILLAGGIO TREMESTIERI - CONTRADA ROCCAMOTORE,Messina,98127,"Messina,Sicily",Italy,RM,CP,N,,CP - Cutting Plant,,
H992F,DITTA AGOSTINO FRUSCIANTE,VIALE EUROPA,Pastene,82018,"Benevento,Campania",Italy,RM,SH,Y,,SH - Slaughterhouse,,
S1U92,DITTA DI MARIA S.S.A.,VIA CESE ALTA,San Bartolomeo in Galdo,82020,"Benevento,Campania",Italy,RM,SH,Y,,SH - Slaughterhouse,,
2040 M,DITTA MA.BE.R SRL,C.DA CLIMENO S. CARLO,Condofuri,,"Reggio di Calabria,Calabria",Italy,RM,SH,Y,,SH - Slaughterhouse,,
F8Z4L,DITTA MARINO LOGISTICA S.A.S. DI ANTONIO MARINO & C.,CORAZZO,Scandale,,Calabria,Italy,RM,CP,N,,CP - Cutting Plant,,
J9121,DITTA PORCU GIUSEPPE,S'ISCALA DE SA MURTA,Irgoli,08020,"Nuoro,Sardinia",Italy,RM,SH,Y,,SH - Slaughterhouse,,
T7K7F,DITTA TA.RO.DI TARTARO ROCCO S.R.L.,"C/DA CARPINELLI, 36",San Bartolomeo in Galdo,82020,"Benevento,Campania",Italy,RM,CP,N,,CP - Cutting Plant,,
Y5T8G,DOGLIANI CARNI DI DOGLIANI AGOSTINO & C. S.A.S.,VIA GARIBALDI 47,Narzole,12041,"Cuneo,Piemont",Italy,RM,CP,N,,CP - Cutting Plant,,
L4G4V,DOLCI GIUSEPPE,ROMA,Vobarno,25079,"Brescia,Lombardy",Italy,RM,SH,Y,,SH - Slaughterhouse,,
Q4Y27,DOLEATTO OSCAR GUIDO,BRAYDA,Cuceglio,10090,"Torino,Piemont",Italy,RM,SH,Y,,SH - Slaughterhouse,,
1606 M,DONDONI S.R.L.,"VIA ALAGNA, 107",Garlasco,27026,"Pavia,Lombardy",Italy,RM,SH CP,Y,,SH - Slaughterhouse | CP - Cutting Plant,,
B6W3Q,DONEGANA ANDREA,REGINA NUOVA,Gonte,22010,"Como,Lombardy",Italy,RM,CP SH,Y,,CP - Cutting Plant | SH - Slaughterhouse,,
Q1169,DORIGO ALDO,VIA LIVEL 88,Cappella Maggiore,31012,"Treviso,Veneto",Italy,RM,SH,Y,,SH - Slaughterhouse,,
2802 S,DORO SRL - SEMPLIFICATA,"PAPA GIOVANNI XXIII,",Castrolibero,,"Cosenza,Calabria",Italy,RM,CP,N,,CP - Cutting Plant,,
CE IT B4P5F,DRC S.R.L.,VIA SANTA MARIA DELLE GRAZIE SNC,San Gregorio Magno,84020,"Salerno,Campania",Italy,RM,SH,Y,,SH - Slaughterhouse,,
X648R,DUE EFFE S.R.L.,DELLE INDUSTRIE,Ercolano,80040,"Napoli,Campania",Italy,RM,CP,N,,CP - Cutting Plant,,
E6620,DUE EMME S.R.L.,S. PASQUALE - LOCALITà€ MACCHIA,Monte Sant'Angelo,71037,Apulia,Italy,RM,CP,N,,CP - Cutting Plant,,
Q0W2T,DUE G DISOSSO SUD SRLS SOCIETA' A RESPONSABILITA' LIMITATA SEMPLIFICATA,P.I.P. DA FONTANELLA,Sant'Arcangelo Trimonte,,"Benevento,Campania",Italy,RM,CP,N,,CP - Cutting Plant,,
S4V4U,DUEMME CARNI SRL,NAZARIO SAURO,San Benedetto del Tronto,63074,"Ascoli Piceno,Marche",Italy,RM,CP,N,,CP - Cutting Plant,,
G5S8Y,DUTTO CHRISTIAN DANIELE,VIA MILIA 23,Boves,12012,"Cuneo,Piemont",Italy,RM,SH,Y,bovine caprine ovine equine,SH - Slaughterhouse,,
1802 S,D`AMBROS IPERMERCATO SPA,"VIA LA MASSINA, 45",Cascina Restelli,22078,"Como,Lombardy",Italy,RM,CP,N,,CP - Cutting Plant,,
IT 1203 M,D`ANTUONO GIUSEPPE DI PAOLINI MARIA NICOLA & C. S.A.S.,STRADA STATALE 479 KM 2 SNC,Introdacqua,67030,"L'Aquila,Abruzzo",Italy,RM,SH,Y,,SH - Slaughterhouse,,
CEITS5M6W,Dal Massimo Goloso id Corrà Massimo,"Via Borgonuovo, 5",Predaia,38012,"Trento,Trentino-Alto Adige/Südtirol",Italy,RM,CP,N,bovine caprine ovine porcine,CP - Cutting Plant,,
1591 L,E. MORETTI SRL,DELLA RESISTENZA,Marano Principato,,"Cosenza,Calabria",Italy,RM,CP,N,,CP - Cutting Plant,,
E1K69,E.S.B. DI FLISI UMBERTO E C. SNC,VIA STRADA SENGA 7B,Marcaria,46010,"Mantua,Lombardy",Italy,RM,SH,Y,,SH - Slaughterhouse,,
P0H7C,EAT MEAT SRL,"via A. Moro, 6 A/B/C",Castelnuovo Rangone,41051,Emilia-Romagna,Italy,RM,CP,N,,CP - Cutting Plant,,
CE IT 2003 S,"EBAL S.R.L. CON SIGLA ""EBAL""",VIA L. DA VINCI 8,Pozzonovo,35020,"Padova,Veneto",Italy,RM,CP,N,bovine ovine caprine,CP - Cutting Plant,,
X012Z,ECOCARNI S.R.L.,MATTEI,Villapia,20010,"Milan,Lombardy",Italy,RM,CP,N,,CP - Cutting Plant,,
2576 S,EFFE CARNI S.R.L.,CONTRADA SAN DONATO,Apice,,"Benevento,Campania",Italy,RM,CP,N,,CP - Cutting Plant,,
IT 3090 P,EFFESALUMI SAS DI FUMAGALLI ANGELO & C.,VIA GARIBALDI 41/A,Briosco,20836,"Monza and Brianza,Lombardy",Italy,RM,CP,N,,CP - Cutting Plant,,
W2V5V,EFFETI SURGELATI SRL,MORESE,Calenzano,50041,"Metropolitan City of Florence,Tuscany",Italy,RM,CP,N,,CP - Cutting Plant,,
D6L62,ELITARIA S.R.L.,PO',Sovicille,53018,"Siena,Tuscany",Italy,RM,CP,N,,CP - Cutting Plant,,
1931 M,ELLE EMME `85 COOPERATIVA AGRICOLA SOC. COOP. R.L.,ARETINA,Monte Santa Maria Tiberina,06012,"Perugia,Umbria",Italy,RM,CP,N,,CP - Cutting Plant,,
1009 S,ELLECARNI S.R.L.,VIOLE,Gambettola,,"Forlì-Cesena,Emilia-Romagna",Italy,RM,CP,N,,CP - Cutting Plant,,
H9E1L,EMMECI FOOD S.R.L.,MALPENSA,Pianella,65019,"Pescara,Abruzzo",Italy,RM,CP,N,,CP - Cutting Plant,,
N3P0W,EMMEDUE CARNI S.R.L.,SORGAGLIA,Arre,35020,Veneto,Italy,RM,CP,N,,CP - Cutting Plant,,
9 1886 L,ENZO MONIA,"VIA TRE DENARI, 439",Fiumicino,00054,"Roma Capitale,Lazio",Italy,RM,CP,N,,CP - Cutting Plant,,
1986 M (02),EQUS CARNI SRL,STRADA PROV.LE PER CASAMASSIMA KM.1,Noicattaro,70016,"Bari,Apulia",Italy,RM,SH,Y,,SH - Slaughterhouse,,
2612 M(01),EQUUS UNIPERSONALE E SRL,VIA COZZE 2,Conversano,70014,"Bari,Apulia",Italy,RM,SH,Y,,SH - Slaughterhouse,,
9 813 L,EREDI CORNETI SRL,PORRETTANA,Zocca,41059,"Modena,Emilia-Romagna",Italy,RM,SH CP,Y,,SH - Slaughterhouse | CP - Cutting Plant,,
K3R3S,"EREDI DI BONETTO ALBINO S.N.C. DI BONETTO ROBERTO, BONETTO FABIO & C.",VIA LEONARDO DA VINCI 43,Grantorto,35010,Veneto,Italy,RM,CP SH,Y,,CP - Cutting Plant | SH - Slaughterhouse,,
1781 S,EREDI DI MARIO CASTELLI DI LEDA ROTONDI S.A.S.,DEGLI ARTIGIANI,Genzano di Roma,00045,Lazio,Italy,RM,CP,N,,CP - Cutting Plant,,
CE IT 708 L,ERRE ITALIA S.R.L.,VIA CASALBARBATO 129/D,Fontanellato,43012,"Parma,Emilia-Romagna",Italy,RM,CP,N,,CP - Cutting Plant,,
CE IT P0X7A,ERRE ITALIA S.R.L.,VIA FARABOLI,Fontanellato,43012,"Parma,Emilia-Romagna",Italy,RM,CP,N,,CP - Cutting Plant,,
1567 F,ERREEFFE CARNI S.R.L.,CAMPANA,Quarto,80010,"Napoli,Campania",Italy,RM,CP,N,,CP - Cutting Plant,,
1016 S,ESSE CARNI SRL,ABATE R. DI GRANDMESNIL,Lamezia Terme,88046,"Catanzaro,Calabria",Italy,RM,CP,N,,CP - Cutting Plant,,
1184 S,ESSELUNGA SPA,Via Giambologna 1,Pioltello,20096,"Milan,Lombardy",Italy,RM,CP,N,,CP - Cutting Plant,,
1494 S,ETRURIA SOCIETA` COOPERATIVA,BADESSE - VIA RESISTENZA,Monteriggioni,53035,"Siena,Tuscany",Italy,RM,CP,N,,CP - Cutting Plant,,
CE IT B1W6V,ETRUSCO ITTICA SRL,LOC. CASETTA CITERNI,Scarlino,58020,"Grosseto,Tuscany",Italy,RM,CP,N,,CP - Cutting Plant,,
1022 L,EUREKA S.R.L.,via LA CROCE 15,Camerata Picena,60020,"Ancona,Marche",Italy,RM,CP,N,,CP - Cutting Plant,,
1999 M,EURO - SARDA OVINEX S.R.L. SEMPLIFICATA CON UNICO SOCIO,MEDADOS - ZONA INDUSTRIALE,Patada/Pattada,07016,Sardinia,Italy,RM,SH,Y,,SH - Slaughterhouse,,
UE IT 2806 M,EURO CA.BE. S.R.L.,C.DA FERRAINO,Lamezia Terme,88046,"Catanzaro,Calabria",Italy,RM,CP SH,Y,,CP - Cutting Plant | SH - Slaughterhouse,,
2566 M,EURO CARNI IMPORT SRL,C.DA FRASSO,Strongoli,,Calabria,Italy,RM,CP,N,,CP - Cutting Plant,,
2118 M,EURO CASH S.R.L.,SANT'ANDREA,Avezzano,67051,"L'Aquila,Abruzzo",Italy,RM,CP,N,,CP - Cutting Plant,,
CEIT01020S,EURO P.A. SRL,VIA COLLE DI NAVA 24/L,Magliano Alpi,12060,"Cuneo,Piemont",Italy,RM,CP,N,caprine ovine equine porcine bovine,CP - Cutting Plant,,
1999 M (719),EURO-SARDA OVINEX SRL,REGIONE MEDADOS - ZONA INDUSTRIALE snc,Olbia,07026,"Sassari,Sardinia",Italy,RM,SH,Y,,SH - Slaughterhouse,,
W4L60,EUROCARNI 2000 S.R.L.,FRASSONETTO ZONA INDUSTRIALE MAZZOCCHIO,Pontinia,04014,Lazio,Italy,RM,CP SH,Y,,CP - Cutting Plant | SH - Slaughterhouse,,
2264 M,EUROMAC S.R.L. UNINOMINALE,"VIA S. MARTINO, 34",Pofi,03020,"Frosinone,Lazio",Italy,RM,CP SH,Y,,CP - Cutting Plant | SH - Slaughterhouse,,
1150 S,EUROMEC S.R.L.,"VIA FLACCA KM 8,200",Fondi,04022,"Latina,Lazio",Italy,RM,CP,N,,CP - Cutting Plant,,
2025 S,EUROPA OVINI S.R.L.,FEUDO,Villamagna,66010,"Chieti,Abruzzo",Italy,RM,CP,N,,CP - Cutting Plant,,
2027 S,EUROPE MEAT INTERNATIONAL S.R.L.,ROMA,Resana,31033,"Treviso,Veneto",Italy,RM,CP,N,,CP - Cutting Plant,,
H1G6G,EUROPIG SRL,NAZIONALE EST,Collecchio,43044,"Parma,Emilia-Romagna",Italy,RM,CP,N,,CP - Cutting Plant,,
0 478 S,EUROPOLLI S.R.L.,RIPOLI- FRAZ. COLLERANESCO,Giulianova,64021,"Teramo,Abruzzo",Italy,RM,CP,N,,CP - Cutting Plant,,
F425Y,EUROSPIN TIRRENICA SPA,VIA CASE SPARSE N. 57/A - LOC. VILLA,Magione,06063,"Perugia,Umbria",Italy,RM,CP,N,,CP - Cutting Plant,,
V2E5R,EXPO CARNI SRL,MARITTIMA II,Pontinia,04014,Lazio,Italy,RM,CP,N,,CP - Cutting Plant,,
CE IT D261S,F&B DISTRIBUZIONE SRL,VIA GIOVANNI AMENDOLA 2/1,Anzola dell'Emilia,40011,"Bologna,Emilia-Romagna",Italy,RM,CP,N,,CP - Cutting Plant,,
ITA6D4M,F.B.M. Lavorazione carni srl,"Via Galileo Galilei,379 Loc. Vicarello",Collesalvetti,57014,"Livorno,Tuscany",Italy,RM,CP,N,,CP - Cutting Plant,,
2420 S,F.LLI BALLARDINI CARNI SNC,TRENTO,Tre Ville,38079,"Trento,Trentino-Alto Adige/Südtirol",Italy,RM,CP,N,,CP - Cutting Plant,,
9 2195 L,F.LLI BARTOLI SOCIETA' A RESPONSABILITA' LIMITATA,I MAGGIO,Castelleone di Suasa,60010,"Ancona,Marche",Italy,RM,CP,N,,CP - Cutting Plant,,
9 1425 L,F.LLI BARUFFINI SDF,VIA PORTA 50,Erba,22036,"Como,Lombardy",Italy,RM,SH,Y,,SH - Slaughterhouse,,
M4K5J,F.LLI BIANCHI SNC DI BIANCHI G. E M.,VIA POIACH,Traona,23019,Lombardy,Italy,RM,SH,Y,,SH - Slaughterhouse,,
K1K1C,F.LLI CARDELLA S.R.L.,"VINCENZO BAVIERA, LOTTO N. 50 Z.I.R.",Trapani,91100,"Trapani,Sicily",Italy,RM,CP,N,,CP - Cutting Plant,,
9 1515 L,F.LLI COLOMBO LUIGI E NATALE SRL,"VIA COMO, 15/17",Colle Brianza,23886,"Lecco,Lombardy",Italy,RM,CP SH,Y,,CP - Cutting Plant | SH - Slaughterhouse,,
CE IT M604X,F.LLI CONTIN S.R.L.,VIA TOLOMEO 5,Piove di Sacco,35028,Veneto,Italy,RM,CP,N,,CP - Cutting Plant,,
D6J6V,F.LLI CORDERO SNC,NEIVE,Guarene,12050,"Cuneo,Piemont",Italy,RM,CP,N,,CP - Cutting Plant,,
2134 S,F.LLI DAGA SRL,S.S. 554 KM 3.900,Ceraxius/Selargius,09047,"Cagliari,Sardinia",Italy,RM,CP,N,,CP - Cutting Plant,,
G8E8C,F.LLI DEMARTIS S.N.C.,LOCALITà€ S'ACCHILEZZU,Boruta/Borutta,07040,"Sassari,Sardinia",Italy,RM,CP,N,,CP - Cutting Plant,,
1553 M,F.LLI DENINA SRL,VIA GRAMAGLIA 5,Ceva,12073,"Cuneo,Piemont",Italy,RM,SH CP,Y,,SH - Slaughterhouse | CP - Cutting Plant,,
P374F,F.LLI DONAGRANDI SRL,VIA ROMA 84 FRAZ. CEPINA,Valdisotto,23030,Lombardy,Italy,RM,SH,Y,,SH - Slaughterhouse,,
2936 M,F.LLI FRASCARO DI D`URSO CONCETTA ANNA & C. S.A.S.,"CUTROFIANO-SUPERSANO - ZONA PIP, LOTTO 20",Collepasso,73040,"Lecce,Apulia",Italy,RM,SH,Y,,SH - Slaughterhouse,,
2078 M,F.LLI GODDI S.A.S. DI GODDI SEBASTIANO & C.,SOLOGO ZONA INDUSTRIALE,Lùvula/Lula,08020,"Nuoro,Sardinia",Italy,RM,SH CP,Y,,SH - Slaughterhouse | CP - Cutting Plant,,
2274,F.LLI GUARNIERI SRL,VIA MAESTRI DEL LAVORO 21,Putignano,70017,Apulia,Italy,RM,CP,N,,CP - Cutting Plant,,
CE IT 763 M,F.LLI GUERRIERO S.R.L.,VIA GOMIERO 18,Villafranca Padovana,35010,"Padova,Veneto",Italy,RM,CP SH,Y,,CP - Cutting Plant | SH - Slaughterhouse,,
UE IT U4L6Q,F.LLI MALZONE S.A.S,VIA ALANO FRAZ.S.MARIA,Castellabate,84048,"Salerno,Campania",Italy,RM,SH,Y,bovine caprine ovine equine porcine,SH - Slaughterhouse,,
D3J3W,F.LLI MARINI CARNI S.R.L.,LOCALITA' CAMERATA,Tagliacozzo,67069,"L'Aquila,Abruzzo",Italy,RM,CP,N,,CP - Cutting Plant,,
C5Z49,F.LLI MORICCA S.N.C. DI MORICCA PASQUALINO E MORICCA SAVERIO,"VIALE DEL RE, 16",Dinami,89833,"Vibo Valentia,Calabria",Italy,RM,CP,N,,CP - Cutting Plant,,
CE IT 9 1712 L,F.LLI MOSCHINI SRL,VIA PONTICELLO DEL VESCOVO 36,Ponte Buggianese,51019,"Pistoia,Tuscany",Italy,RM,CP,N,,CP - Cutting Plant,,
A4S6L,F.LLI MOTTERLINI SNC,ROMA,Rovato,25030,"Brescia,Lombardy",Italy,RM,SH,Y,,SH - Slaughterhouse,,
2018 S,F.LLI MUSCO SNC,MADONNA DI BAIANO,Spoleto,06049,"Perugia,Umbria",Italy,RM,CP,N,,CP - Cutting Plant,,
2167 M,F.LLI NUTINI SRL,"NAZIONALE, 108 FR. CALAVORNO",Coreglia Antelminelli,55025,"Lucca,Tuscany",Italy,RM,CP SH,Y,,CP - Cutting Plant | SH - Slaughterhouse,,
1471 M,F.LLI PETA SRL,INFORCATURA ZONA IND.LE,Marcellinara,88044,"Catanzaro,Calabria",Italy,RM,CP,N,,CP - Cutting Plant,,
V208D,F.LLI PETRUCCELLI S.A.S.,VIA PESCANNOZZO,San Bartolomeo in Galdo,82020,"Benevento,Campania",Italy,RM,SH,Y,,SH - Slaughterhouse,,
934 P,F.LLI RIZZI SRL,CIURLINA,Via alla Francesca,24050,Lombardy,Italy,RM,CP,N,,CP - Cutting Plant,,
9 1005 L,F.LLI TORRESANI DI TORRESANI G.,DI SANTO STEFANO,Presson,38020,"Trento,Trentino-Alto Adige/Südtirol",Italy,RM,SH,Y,,SH - Slaughterhouse,,
U2R4Q,F.LLI TURANI S.N.C.,VIA VICOLO CHIUSO 1,Gromlongo,24030,"Bergamo,Lombardy",Italy,RM,SH,Y,,SH - Slaughterhouse,,
UE IT F7V1N,FA. LU. CIOLI S.R.L.,"Via variante di Cancelliera, 17-19",Ariccia,00072,"Roma Capitale,Lazio",Italy,RM,CP,N,porcine,CP - Cutting Plant,,
CEITC716K,FACCIA FRATELLI S.R.L.,"VIA LUIGI EINAUDI, 28",Ceva,12073,"Cuneo,Piemont",Italy,RM,CP SH,Y,,CP - Cutting Plant | SH - Slaughterhouse,,
J5M6Z,FAIC SRL,VIA PORTUENSE 1555 00148 ROMA ITALIE,Roma,00146,"Roma Capitale,Lazio",Italy,RM,CP,N,,CP - Cutting Plant,,
2639 M,FALODE SOC.COOP ARL,ACQUA S. MARIA,Sepicciano,81016,"Caserta,Campania",Italy,RM,SH,Y,,SH - Slaughterhouse,,
CE IT 9 325 LP,FANTIN S.R.L.,VIA VICENZA 242,Altavilla Vicentina,36077,"Vicenza,Veneto",Italy,RM,CP,N,,CP - Cutting Plant,,
H1C1C,FASCE GIAN MARIO,VIA RECROSO 241 BIS,Lumarzo,16024,"Genoa,Liguria",Italy,RM,SH,Y,,SH - Slaughterhouse,,
U4L6V,FASOLI CARNI S.R.L.,"VIA LIBERTÀ, 7",Ronco all'Adige,37055,Veneto,Italy,RM,SH CP,Y,,SH - Slaughterhouse | CP - Cutting Plant,,
1711 L,FATTOBENE PAOLO & NUNZIO,"LOC.SANT`ELENA, 52",San Severino Marche,62027,"Macerata,Marche",Italy,RM,SH,Y,,SH - Slaughterhouse,,
CE IT 9 926 L,FATTORIA BARBERO GIUSEPPE DI BARBERO MAURO,"FRAZIONE COLOMBARO DEI ROSSI, 43",Saluzzo,12037,"Cuneo,Piemont",Italy,RM,SH CP,Y,,SH - Slaughterhouse | CP - Cutting Plant,,
CE IT 09 084,FATTORIA DI RIMAGGIO DI CALVO PEGNA S.S. SOCIETA' AGRICOLA,"LOC. RIMAGGIO-VIA NAZIONALE, 2 INT. 2",Laterina Pergine Valdarno,52020,"Arezzo,Tuscany",Italy,RM,SH,Y,,SH - Slaughterhouse,,
H631G,"FATTORIA LE TRE ""D"" DI RUFFINO DOMENICO",MARLERO,Borgo d'Ale,13040,"Vercelli,Piemont",Italy,RM,CP,N,,CP - Cutting Plant,,
2838 S,FATTORIE SAN LORENZO S.R.L. - SOCIETA' AGRICOLA,VALLETTA,Suzzara,46029,"Mantua,Lombardy",Italy,RM,CP,N,,CP - Cutting Plant,,
R642U,FEDERICI CARNI S.R.L.S.,DELLA MOLA LOC.TA' TORANO,Borgorose,02021,"Rieti,Lazio",Italy,RM,SH,Y,,SH - Slaughterhouse,,
CE IT 9 1456 L,FELICI SALUMI DI FELICI ALESSANDRO E C. SNC,VIA BOLOGNA 196/Z3,Prato,59100,"Prato,Tuscany",Italy,RM,CP,N,,CP - Cutting Plant,,
2534 M,FENIC. CAR,ZONA ART. LOTTO 32,Otzana/Ottana,08020,"Nuoro,Sardinia",Italy,RM,SH,Y,,SH - Slaughterhouse,,
723 M,FEREOLI MARIO E FIGLIO SNC,PARMA - LOC. PILASTRO,Langhirano,,"Parma,Emilia-Romagna",Italy,RM,CP,N,,CP - Cutting Plant,,
B3T2T,FERRARA S.R.L.,"VIA CINQUANTA, 43 FRAZ. BANZANO",Montoro,83025,"Avellino,Campania",Italy,RM,CP,N,,CP - Cutting Plant,,
UEITQ0021,FERRARA SRL,VIA MELITO,Solofra,83029,"Avellino,Campania",Italy,RM,SH,Y,bovine caprine ovine porcine,SH - Slaughterhouse,,
219 L,FERRARI ERIO E C. SPA,"via Canaletto Nord, 565/1",Modena,41122,"Modena,Emilia-Romagna",Italy,RM,CP,N,,CP - Cutting Plant,,
R5Z70,FERRARI LAURA SNC DI SASSI RUGGERO & C.,VIA MARCONI 14,Azzate,21022,"Varese,Lombardy",Italy,RM,SH,Y,,SH - Slaughterhouse,,
IT 251L CE,FERRARINI SPA,VIA LAURO FERRARINI 1,Rivalta,42123,"Reggio nell'Emilia,Emilia-Romagna",Italy,RM,CP,N,porcine,CP - Cutting Plant,,
D273U,FERRISFOOD S.A.S. DI STEFANO FERRI & C.,Via dell'artigianato 1,Gazzuolo,46010,"Mantua,Lombardy",Italy,RM,CP,N,,CP - Cutting Plant,,
1685 M,FEZZA TOMMASO & FIGLI DI FEZZA TOMMASO SNC,MADONNA DI FATIMA,Pagani,84016,"Salerno,Campania",Italy,RM,SH CP,Y,,SH - Slaughterhouse | CP - Cutting Plant,,
9 1601 L,FG SNC DI FERRARIS ANDREA E STEFANO,"DELLA TORRE, FRAZIONE MAGOGNINO",Stresa,28838,"Verbano-Cusio-Ossola,Piemont",Italy,RM,CP,N,,CP - Cutting Plant,,
9 2732 L,FIA MARIO,CASA NUOVA,Dogliani,12060,"Cuneo,Piemont",Italy,RM,SH CP,Y,,SH - Slaughterhouse | CP - Cutting Plant,,
2885 S,FIAMMENGHI VALERIO,MARTIRI FANTINI,Pinarella di Cervia,48015,"Ravenna,Emilia-Romagna",Italy,RM,CP,N,,CP - Cutting Plant,,
U4K2E,FIDENZA CARNI 001 RM SRLS,Via P. Cassani 820/sx,Fidenza,43036,"Parma,Emilia-Romagna",Italy,RM,CP,N,bovine porcine equine caprine ovine,CP - Cutting Plant,,
1600 M,FILIERA 110 S.R.L.,P. FABBRI,Gaggio Montano,40041,"Bologna,Emilia-Romagna",Italy,RM,SH CP,Y,,SH - Slaughterhouse | CP - Cutting Plant,,
CE IT P9W5J,FILIERA AGRICOLA MALFATTO S.N.C. DI MALFATTO GIANFRANCO & C. - SOCIETA' AGRICOLA IN SIGLA: FIAM S.N.,VIA CAGLIARA 30,Barbarano Mossano,36021,"Vicenza,Veneto",Italy,RM,CP SH,Y,,CP - Cutting Plant | SH - Slaughterhouse,,
3034 S,FILIERA AGROALIMENTARE TRENTINA S.P.A.,BROLETTI,Castelnuovo,38050,"Trento,Trentino-Alto Adige/Südtirol",Italy,RM,CP,N,,CP - Cutting Plant,,
C3H3T,FILIPPINI DARIO,GAVARDINA,Bedizzole,25081,"Brescia,Lombardy",Italy,RM,CP SH,Y,,CP - Cutting Plant | SH - Slaughterhouse,,
2612 M,FIN. SUD IMPORT S.R.L.,"VIA COZZE, 2",Conversano,70014,"Bari,Apulia",Italy,RM,SH,Y,,SH - Slaughterhouse,,
F558H,FINAMORE RAFFAELE,PIANA DEL POZZO,Bagnoli del Trigno,,"Isernia,Molise",Italy,RM,SH,Y,,SH - Slaughterhouse,,
H122E,FIOC CARNI SRL,VIA IV NOVEMBRE,Bozzolo,,"Mantua,Lombardy",Italy,RM,SH,Y,,SH - Slaughterhouse,,
592 S,FIORANI & C spa,"via Coppalati, 52",Piacenza,29122,"Piacenza,Emilia-Romagna",Italy,RM,CP,N,,CP - Cutting Plant,,
L7Y3R,FIORANI E C. S.P.A.,VIA MONTANARA 44,Castelvetro di Modena,41014,"Modena,Emilia-Romagna",Italy,RM,CP,N,,CP - Cutting Plant,,
2622S,FIORANI E C. SRL,VIA DELLA PACE 6/C,Castelnuovo Rangone,41051,"Modena,Emilia-Romagna",Italy,RM,CP,N,,CP - Cutting Plant,,
B1L1S,FIORINI GOLFREDO,TUDERTE - VOC. LE URGHE,Amelia,05022,Umbria,Italy,RM,CP,N,,CP - Cutting Plant,,
C4D3Q,FITTABILE ANDREA,VIA ROMA 48,Fabbrica Curone,15054,"Alessandria,Piemont",Italy,RM,SH,Y,,SH - Slaughterhouse,,
Y0J1F,FL SPECIAL CARNI SOCIETA' COOPERATIVA,VITTORIO EMANUELE III,Musei,09010,"Sud Sardegna,Sardinia",Italy,RM,CP,N,,CP - Cutting Plant,,
K5L7S,FLORIDA S.R.L.,DELL'INDUSTRIA,Ripalta Vecchia,26020,"Cremona,Lombardy",Italy,RM,CP,N,,CP - Cutting Plant,,
D3N26,FOGLIA PIERO,XXV LUGLIO,San Giusto Canavese,10090,"Torino,Piemont",Italy,RM,SH,Y,,SH - Slaughterhouse,,
1862 S,FONTANA ANTONIO SRL,"VIA DELLE LASTE, 1",Longa,36060,"Vicenza,Veneto",Italy,RM,CP,N,,CP - Cutting Plant,,
S3Z9K,FONTANA DANIELE,VIA SAN BASILIO 118,Taglio di Po,45019,"Rovigo,Veneto",Italy,RM,SH,Y,,SH - Slaughterhouse,,
Z0115,"FONTANA MICHELANGELO SNC DI FONTANA VALTER, ANDREA & C.",VIA NONIS 64,Marostica,36063,"Vicenza,Veneto",Italy,RM,SH,Y,,SH - Slaughterhouse,,
P6R5Y,FONTANA SNC DI FONTANA ATTILIO & C.,VIA ROMA 1,Volpiano,10088,"Torino,Piemont",Italy,RM,SH,Y,,SH - Slaughterhouse,,
CE IT D503T,FONTANI GIANMARCO,VIA ROMA 101/A,Londa,50060,"Metropolitan City of Florence,Tuscany",Italy,RM,SH,Y,,SH - Slaughterhouse,,
2625 F,FOOD MEAT S.R.L. SEMPLIFICATA,F. CASOLARO,Casoria,80026,Campania,Italy,RM,CP,N,,CP - Cutting Plant,,
S6M7P,FORESTA ETTORE GIOVANNI,LOCALITA' PANTANO,Petilia Policastro,88837,"Crotone,Calabria",Italy,RM,SH,Y,,SH - Slaughterhouse,,
J3U60,FORMENTI S.R.L.,MATTEOTTI,Cassago Brianza,23893,Lombardy,Italy,RM,CP,N,,CP - Cutting Plant,,
1423 S,FORMIGINESE CARNI SRL,via Coppi n.38,Formigine,41043,"Modena,Emilia-Romagna",Italy,RM,CP,N,,CP - Cutting Plant,,
9 5 L,FORNO MAURO,ROCCA D`ARAZZO,Montaldo Scarampi,14048,"Asti,Piemont",Italy,RM,CP SH,Y,,CP - Cutting Plant | SH - Slaughterhouse,,
C3W3C,FOSSON IVO,ANTAGNOD - VIA E.CHANOUX,Ayas,11020,Aosta Valley,Italy,RM,SH,Y,,SH - Slaughterhouse,,
P9Y2P,FRAMIK SAS DI VILLANI FRANCESCO,RISORGIMENTO,Nocera Superiore,84015,"Salerno,Campania",Italy,RM,CP,N,,CP - Cutting Plant,,
M658D,FRANCHINI SRL MACELLAZIONE COMMERCIO CARNI,MAGAZZENO,Savignano sul Panaro,41056,"Modena,Emilia-Romagna",Italy,RM,SH,Y,,SH - Slaughterhouse,,
9 3141 L,FRANCO S.N.C. DI FRANCO MATTIA & C.,CONTE NUVOLI DI GRINZANE,San Damiano d'Asti,14015,Piemont,Italy,RM,CP,N,,CP - Cutting Plant,,
CE IT 1525 S,FRANZIN CARNI S.R.L.,VIA DELLE INDUSTRIE II 9,Meolo,30020,"Venezia,Veneto",Italy,RM,CP,N,,CP - Cutting Plant,,
S2Z6E,FRATELLI ANGELI SRL,PALAZZI PONTE PRESALE,Sestino,52038,"Arezzo,Tuscany",Italy,RM,CP SH,Y,,CP - Cutting Plant | SH - Slaughterhouse,,
S0R75,FRATELLI ARNABOLDI SNC DI ARNABOLDI ARMANDO E MAURIZIO,VIA NOBILI CALVI 10,Carimate,22060,"Como,Lombardy",Italy,RM,SH,Y,,SH - Slaughterhouse,,
Y6G3S,FRATELLI BARALE S.N.C. DI BARALE GABRIELE & C.,BAUDENASCA VIA MAESTRA,Pinerolo,10064,Piemont,Italy,RM,SH,Y,,SH - Slaughterhouse,,
K757N,FRATELLI BOETTO - DI BOETTO EMANUELE & C. - S.N.C.,VIA GIOTTO 4,Sparone,10080,"Torino,Piemont",Italy,RM,SH,Y,,SH - Slaughterhouse,,
2204 M,FRATELLI CAPPOLA SRL,"TIBURTINA VALERIA KM 192,94",Tocco da Casauria,65028,"Pescara,Abruzzo",Italy,RM,SH CP,Y,,SH - Slaughterhouse | CP - Cutting Plant,,
1293 S,FRATELLI CHIMENTI DI CHIMENTI ANDREA E PAOLA S.N.C.,SCIOLA,Massarosa,55054,"Lucca,Tuscany",Italy,RM,CP,N,,CP - Cutting Plant,,
CE IT Y475D,FRATELLI CORRA' SRL (STAB. VIA ROEN),ROEN 2/C,Predaia,38012,"Trento,Trentino-Alto Adige/Südtirol",Italy,RM,CP,N,,CP - Cutting Plant,,
IT 2065 M,FRATELLI GRECO S.R.L.,ZONA INDUSTRIALE SECLÌ sn,Seclì,,"Lecce,Apulia",Italy,RM,SH,Y,,SH - Slaughterhouse,,
J2177,FRATELLI GUIDA S.R.L.,"VIA CESE, ZONA PIP",Puglianello,82030,"Benevento,Campania",Italy,RM,SH,Y,,SH - Slaughterhouse,,
CEITR4X0B,"FRATELLI LANZA S.N.C. DI LANZA EZIO, MARIA GRAZIA & C.",VIA MONDOLE' 13,Frabosa Sottana,12083,"Cuneo,Piemont",Italy,RM,SH,Y,,SH - Slaughterhouse,,
IT 988L CE,FRATELLI MANZINI S.P.A.,"VIA BRUGNA, 43 - LOC. PAULLO",Casina,42034,"Reggio nell'Emilia,Emilia-Romagna",Italy,RM,CP,N,,CP - Cutting Plant,,
942 L,FRATELLI MANZINI SPA,via Giardini Nord 6140,Serramazzoni,41028,"Modena,Emilia-Romagna",Italy,RM,CP,N,,CP - Cutting Plant,,
Q1X10,FRATELLI NARDOIA S.N.C.,PESCO MORELLI,Cercemaggiore,86012,"Campobasso,Molise",Italy,RM,SH,Y,,SH - Slaughterhouse,,
9 2095 L,FRATELLI PULICE SRL,MONACHE,Carolei,87030,"Cosenza,Calabria",Italy,RM,CP,N,,CP - Cutting Plant,,
949 S,FRATELLI SIBILIA S.R.L.,Via Castelletto 73,Borgo Ticino,28040,"Novara,Piemont",Italy,RM,CP,N,,CP - Cutting Plant,,
M6D68,FRATELLI VALSECCHI SNC DI VALSECCHI MARIO E GIOVANNI,VIA B. APPIANI 49,Bosisio Parini,23842,"Lecco,Lombardy",Italy,RM,CP,N,,CP - Cutting Plant,,
1794 S,FRATICELLI SRL,FLAMINIA,Colli al Metauro,61036,"Pesaro e Urbino,Marche",Italy,RM,CP,N,,CP - Cutting Plant,,
D6B2R,FRESCARNI S.R.L.,EDOARDO BOCCHIO - FRAZ. MANDROGNE,Pavone,15122,"Alessandria,Piemont",Italy,RM,CP,N,,CP - Cutting Plant,,
X8S6T,FRESCO FOOD SRL,PONTINA,Latina Scalo,04100,"Latina,Lazio",Italy,RM,CP,N,,CP - Cutting Plant,,
491 S,FRIGO-GEL SRL,via S. Giacinto n. 8,Sassuolo,41049,"Modena,Emilia-Romagna",Italy,RM,CP,N,,CP - Cutting Plant,,
CEIT191M,FRIULCARNI S.A.S. DI BATTILANA CARLO & C.,"VIA NAZARIO SAURO,27",Basiliano,33031,Friuli Venezia Giulia,Italy,RM,SH,Y,,SH - Slaughterhouse,,
H8T8U,FRIULFORTE SALUMI S.R.L.,AVILLA,Battaglia,33030,Friuli Venezia Giulia,Italy,RM,CP,N,,CP - Cutting Plant,,
92 L,FUMAGALLI - INDUSTRIA ALIMENTARI S.P.A.,Via Briantea 18,Tavernerio,22038,"Como,Lombardy",Italy,RM,SH CP,Y,,SH - Slaughterhouse | CP - Cutting Plant,,
V6S4J,FUNGO MASSIMO,ROMA,Castello di Annone,14034,Piemont,Italy,RM,CP,N,,CP - Cutting Plant,,
622 S,FURLANI CARNI SPA,MACCANI,Trento,38123,"Trento,Trentino-Alto Adige/Südtirol",Italy,RM,CP,N,,CP - Cutting Plant,,
1677 S,FUTURA CARNI SRL,16 ADRIATICA,Falconara Marittima,60015,"Ancona,Marche",Italy,RM,CP,N,,CP - Cutting Plant,,
Macello J5Y5Z,Farra SRL,C/da Farra,Mezzojuso,90030,"Palermo,Sicily",Italy,RM,SH,Y,,SH - Slaughterhouse,,
E321R,Fratelli Salmoiraghi S.r.l.,"Via per Cedrate, 1",Oggiona con Santo Stefano,,"Varese,Lombardy",Italy,RM,CP,N,,CP - Cutting Plant,,
3002 S,Fratelli Salmoiraghi S.r.l.,Via dei Ronchi,Gorla Maggiore,,"Varese,Lombardy",Italy,RM,CP,N,,CP - Cutting Plant,,
839 S,G&S DISTRIBUZIONE S.R.L.,TUSCOLANA,Rocca di Papa,00040,"Roma Capitale,Lazio",Italy,RM,CP,N,,CP - Cutting Plant,,
639 L,G. POZZOLI 1875 S.R.L.,VIA AL PIANO 30,Gordona,23020,"Sondrio,Lombardy",Italy,RM,CP,N,,CP - Cutting Plant,,
E307M,G. R. SERVICE S.R.L.,CONTRADA INDOVINA,Mussomeli,93014,"Caltanissetta,Sicily",Italy,RM,SH,Y,,SH - Slaughterhouse,,
3085 S,G.A.M. S.R.L.,"STRADA PROVINCIALE VERENTANA KM. 3,150",Montefiascone,01027,"Viterbo,Lazio",Italy,RM,CP,N,,CP - Cutting Plant,,
2313 M,G.C.CARNI SRL,VIA S. ANTONIO,Vitulano,82038,"Benevento,Campania",Italy,RM,SH,Y,,SH - Slaughterhouse,,
1078 S,G.D. DEI F.LLI DIAFERIA S.R.L.,"PAPA GIOVANNI XXIII,",Trani,,Apulia,Italy,RM,CP,N,,CP - Cutting Plant,,
Z7808,G.L.C. S.R.L. COMMERCIO CARNI,"VIA G. FALCONE, 105/119",Canosa di Puglia,76012,Apulia,Italy,RM,CP,N,,CP - Cutting Plant,,
E1D10,G.M.F. GRANDI MAGAZZINI FIORONI SPA,FERRINI - PONTE SAN GIOVANNI,Perugia,06127,"Perugia,Umbria",Italy,RM,CP,N,,CP - Cutting Plant,,
376 S,G.M.P. S.R.L.,LUIGI GHIACCI,Scandiano,42019,"Reggio nell'Emilia,Emilia-Romagna",Italy,RM,CP,N,,CP - Cutting Plant,,
1262 L,G.R. DI GIAMBATTISTINI ENZO & C. SNC,"VIA PIAVE, 4 (CASTELVECCHIO)",Trecastelli,61040,"Ancona,Marche",Italy,RM,CP,N,,CP - Cutting Plant,,
1813 L,G.R.SALUMI S.R.L.,SERRA,Picerno,85055,"Potenza,Basilicata",Italy,RM,CP,N,,CP - Cutting Plant,,
1813 L,G.R.SALUMI S.R.L.,SERRA,Picerno,85055,"Potenza,Basilicata",Italy,RM,CP,N,,CP - Cutting Plant,,
770S,G.Z. CARNI SRL,Maestri del Lavoro n. 12,Maranello,41051,"Modena,Emilia-Romagna",Italy,RM,CP,N,,CP - Cutting Plant,,
872 L,GABBA SALUMI SRL,SANDIGLIANO,Candelo,13878,Piemont,Italy,RM,CP,N,,CP - Cutting Plant,,
P1K6U,GAFFORELLI E PLEBANI DI GAFFORELLI BRUNA & C. SNC,VIA S. FRANCESCO D'ASSISI 8,Sant'Antonio,24060,"Bergamo,Lombardy",Italy,RM,SH,Y,,SH - Slaughterhouse,,
9 3432 L,GALEAZZO`S MEAT S.N.C. DI GALEAZZO GABRIELE E GIAMPIETRO,"VIA MARCONI, 204 - FRAZ. RONCAGLIA",Bertipaglia,35020,"Padova,Veneto",Italy,RM,CP,N,,CP - Cutting Plant,,
1212L,GALLI SRL INDUSTRIA SALUMI,"Via Milano, 187",Cogozzo,46019,"Mantua,Lombardy",Italy,RM,CP,N,,CP - Cutting Plant,,
0 232 S,GALLO E C. S.A.S.,DELL`ARTIGIANATO 32,Finale Ligure,17024,"Savona,Liguria",Italy,RM,CP,N,,CP - Cutting Plant,,
9 39 L,GALLOTTI SALUMI SRL,VIA XXV APRILE 21/23,Albuzzano,27010,"Pavia,Lombardy",Italy,RM,CP,N,,CP - Cutting Plant,,
X4J6Q,GALLUZZI ANNA SNC DI MANZOLINI GIOVANNI E MARIO,"VIA ROMA, 35",Casargo,23831,"Lecco,Lombardy",Italy,RM,SH,Y,,SH - Slaughterhouse,,
X188K,GALVANI GIORGIO,VIA CARABBIOLO 9,Rovato,25030,"Brescia,Lombardy",Italy,RM,CP SH,Y,,CP - Cutting Plant | SH - Slaughterhouse,,
9 1215 L,GAMBA EDOARDO DI PIERLUIGI GAMBA SRL,MAZZINI,Villa d'Almè,24018,"Bergamo,Lombardy",Italy,RM,CP,N,,CP - Cutting Plant,,
701 S,GAMS S.R.L.,"Via Montanara, 13 A",Castelnuovo Rangone,41051,"Modena,Emilia-Romagna",Italy,RM,CP,N,,CP - Cutting Plant,,
IT CE U6314,GAR.MEATS - SOCIETA' A RESPONSABILITA' LIMITATA,VIA VENEZIA - VOLTO DI ROSOLINA 43,Rosolina,45010,"Rovigo,Veneto",Italy,RM,SH,Y,,SH - Slaughterhouse,,
2008 S,GARDANI SRL,"VIA G. GALILEI, 24",Viadana,46019,"Mantua,Lombardy",Italy,RM,CP,N,,CP - Cutting Plant,,
CE IT 9 2515 L,GARELLO GIAN DOMENICO E C. SAS,"VIA RUFFIA, 1/B",Monasterolo di Savigliano,12030,"Cuneo,Piemont",Italy,RM,CP,N,,CP - Cutting Plant,,
C560C,GARILLI ANTONIO & GIOVANNI,LOC. RUSSI DI COGNO SAN SAVINO,Farini,,Emilia-Romagna,Italy,RM,SH,Y,,SH - Slaughterhouse,,
P7277,GARUTTI PAOLA E VINCENZI NELSO DI VINCENZI NELSO,CANDIA 10,Novi di Modena,41016,"Modena,Emilia-Romagna",Italy,RM,SH,Y,,SH - Slaughterhouse,,
CE IT G4Z9S,GASTALDI FABRIZIO,"VIA UMBERTO I, 22",Murello,12030,"Cuneo,Piemont",Italy,RM,SH,Y,,SH - Slaughterhouse,,
CEIT3067M,GATTEL FRANCO,S. MICHELE 8,Cordenons,33084,Friuli Venezia Giulia,Italy,RM,CP SH,Y,,CP - Cutting Plant | SH - Slaughterhouse,,
X0F4Z,GATTI LUIGI,VIA VITTORIO EMANUELE II - FRAZ. VIGONZONE 1,Torrevecchia Pia,27010,Lombardy,Italy,RM,SH,Y,,SH - Slaughterhouse,,
1786 M,GAVAZZA 1913 SRL,"STRADA COMUNALE DONNA GRIGIA, 7-9",Castello di Annone,14034,"Asti,Piemont",Italy,RM,SH CP,Y,,SH - Slaughterhouse | CP - Cutting Plant,,
V1V7G,GAZZOTTI CLAUDIO,DON RABETTI,Pavullo nel Frignano,41026,"Modena,Emilia-Romagna",Italy,RM,CP,N,,CP - Cutting Plant,,
F3D8R,GE.BA. - CARNI DI GENOVESE MASSIMILIANO E GENOVESE PAOLO S.N.C.,SAN CARLO,Calvi dell'Umbria,05032,"Terni,Umbria",Italy,RM,CP,N,,CP - Cutting Plant,,
760 S,GE.MA.DISAL S.R.L.,NAPOLI,Castellammare di Stabia,80053,"Napoli,Campania",Italy,RM,CP,N,,CP - Cutting Plant,,
2777 S,GEL.DI. S.P.A.,AIANERA,Guardiagrele,66016,"Chieti,Abruzzo",Italy,RM,CP,N,,CP - Cutting Plant,,
1852 S,GELCARNI S.R.L.,CIMON DEI FURLANI,Aviano,33081,Friuli Venezia Giulia,Italy,RM,CP,N,,CP - Cutting Plant,,
1855 S,GEMINIANI SAURO & FIGLI S.R.L.,SERRA,Vallefoglia,61022,"Pesaro e Urbino,Marche",Italy,RM,CP,N,,CP - Cutting Plant,,
0 541 F,GEMMA GIORGIO,LOMBARDIA,Lecce,73010,"Lecce,Apulia",Italy,RM,CP,N,,CP - Cutting Plant,,
1260 S,GENERAL CARNI DI ANGELO LAI E C.,"CETTOLINI, ZONA CASIC",Su Masu/Elmas,09030,"Cagliari,Sardinia",Italy,RM,CP,N,,CP - Cutting Plant,,
IT 217 S CE,GENERALFRIGO SRL,"VIA GERMANIA, 40",Melzo,20066,Lombardy,Italy,RM,CP,N,,CP - Cutting Plant,,
G3Q4P,GERELLI MARIO,GRAZIOLI - FRAZ. FONTANELLA,Guidizzolo,46040,Lombardy,Italy,RM,SH,Y,,SH - Slaughterhouse,,
CE IT 1290 S,GERIBA SRL,VIA AMALFI 65,Montemurlo,59013,"Prato,Tuscany",Italy,RM,CP,N,,CP - Cutting Plant,,
V6R9V,GERMAR S.R.L.S CON SOCIO UNICO,CONTRADA SAN RIMEDIO,Postiglione,80045,Campania,Italy,RM,CP,N,,CP - Cutting Plant,,
W7J1R,GERVANOTTI PIER LUIGI,"VIA M. FERRARI, 4",San Polo,29010,"Piacenza,Emilia-Romagna",Italy,RM,CP,N,,CP - Cutting Plant,,
1906 S,GESIVAR SRL,"VIA CIRCONDARIALE, 1856 (B.GO HERMADA)",Terracina,04019,"Latina,Lazio",Italy,RM,CP,N,,CP - Cutting Plant,,
1401 S,GESTIGULLIO S.R.L.,ARPINATI,Rapallo,16035,"Genoa,Liguria",Italy,RM,CP,N,,CP - Cutting Plant,,
1978 M,GESTIMPIANTI S.R.L.,MARIA PIA DI SAVOIA,Venafro,86079,"Isernia,Molise",Italy,RM,SH,Y,,SH - Slaughterhouse,,
2083 M,GESTMAC SRL,CONTRADA DEMOSTRE SN,Calitri,83045,"Avellino,Campania",Italy,RM,SH,Y,,SH - Slaughterhouse,,
D1A7F,GHIDOTTI GIORGIO,VIA STEZZANO 7/A,Via alla Francesca,24050,Lombardy,Italy,RM,SH,Y,,SH - Slaughterhouse,,
9 1908 L,GHIGGI ANSELMO E C. SNC,MONS. GARDINALI,Castelverde,260122,"Cremona,Lombardy",Italy,RM,SH,Y,,SH - Slaughterhouse,,
544 M,GHINZELLI SRL,"VIA I MAGGIO, 28",Viadana,46019,"Mantua,Lombardy",Italy,RM,SH,Y,,SH - Slaughterhouse,,
J2T81,GHISI CARLO & C. SNC,VIA LAMARMORA,Roncoferraro,46037,"Mantua,Lombardy",Italy,RM,CP,N,,CP - Cutting Plant,,
B5M96,GIACOPELLO CARNI S.R.L.,AVARNA-VILLAGGIO SAN MICHELE,Messina,98127,"Messina,Sicily",Italy,RM,CP,N,,CP - Cutting Plant,,
N0U5D,GIANELLO FRANCESCO & C. S.A.S.,"VIA GRAMSCI, 2",Villaggio C.L.E.D.A.I.,16030,"Genoa,Liguria",Italy,RM,CP,N,,CP - Cutting Plant,,
N9E0V,GIANTIN ALBERTO,VIA CELESTIA 4,Peseggia,30030,"Venezia,Veneto",Italy,RM,SH,Y,,SH - Slaughterhouse,,
752 S,GIBELLINI & MELLI S.R.L.,DESTRA GUERRO,Castelvetro di Modena,41014,"Modena,Emilia-Romagna",Italy,RM,CP,N,,CP - Cutting Plant,,
X284Q,GIDAL SPA,"VIA NAPOLI, 350/B",Castellammare di Stabia,80053,"Napoli,Campania",Italy,RM,CP,N,,CP - Cutting Plant,,
F4L4V,GIELLE CARNI S.R.L.,"SETTIGNANO,",Atina,03042,"Frosinone,Lazio",Italy,RM,CP,N,,CP - Cutting Plant,,
779 S,GIGI IL SALUMIFICIO SRL,ALDO MORO 3/B,Castelnuovo Rangone,41051,Emilia-Romagna,Italy,RM,CP,N,,CP - Cutting Plant,,
3080 M,GILARDI LUIGI,CASCINA CASSINETTA,Gudo Visconti,20088,"Milan,Lombardy",Italy,RM,SH,Y,,SH - Slaughterhouse,,
B0X76,GILLI ANGELO GIUSEPPE,VIA IÂ° MAGGIO,Mattie,10050,"Torino,Piemont",Italy,RM,CP,N,,CP - Cutting Plant,,
W778T,GIMAC CARNI DI FINAMORE GIOVANNI & FIGLI S.A.S.,VIA SAN PIETRO N. 17,Bagnoli del Trigno,86091,"Isernia,Molise",Italy,RM,CP SH,Y,,CP - Cutting Plant | SH - Slaughterhouse,,
M7D9T,GINATTA LAURO & C. S.N.C.,AURELIA PONENTE,Taggia,18018,"Imperia,Liguria",Italy,RM,CP,N,,CP - Cutting Plant,,
L709D,GINESTRA S.R.L.,SANT'EGIDIO,Senarica,65010,"Pescara,Abruzzo",Italy,RM,CP,N,,CP - Cutting Plant,,
9 2516 L,GIOCOLI SRL,GRUMENTINA,Abriola,85050,"Potenza,Basilicata",Italy,RM,SH CP,Y,,SH - Slaughterhouse | CP - Cutting Plant,,
1929 S,GIORDANI DOMENICO,PROVINCIALE,Arcola,19021,"La Spezia,Liguria",Italy,RM,CP,N,,CP - Cutting Plant,,
S538Q,GIORGI GIUSEPPINA,FRAZ. SAIRANO - VIA CADUTI 130,Zinasco,27030,Lombardy,Italy,RM,SH,Y,,SH - Slaughterhouse,,
1950 M,GIORGI S.P.A.,"VIA SANTA VECCHIA, 44",Valmadrera,23868,"Lecco,Lombardy",Italy,RM,CP,N,,CP - Cutting Plant,,
1789 F,GIORGIONI E MIETTI SRL,"VIA AMEDEO AVOGADRO, 6 (ROSCIANO)",Rosciano,61032,"Pesaro e Urbino,Marche",Italy,RM,CP,N,,CP - Cutting Plant,,
N2H3K,GIRARD DANIELE,VALTER FONTAN,Mattie,10050,"Torino,Piemont",Italy,RM,SH,Y,,SH - Slaughterhouse,,
K5D0P,GIRASOLE INGROSSO CARNI S.R.L.,ROMA,Gelisuli/Girasole,08040,"Nuoro,Sardinia",Italy,RM,CP,N,,CP - Cutting Plant,,
N0D66,GIROLA MASSIMO,VIA ROMA 2,Oltrona di San Mamette,22070,"Como,Lombardy",Italy,RM,SH,Y,,SH - Slaughterhouse,,
1444 S,GIUGLIANO PATRIZIA,S. PERTNI,Ercolano,80040,"Napoli,Campania",Italy,RM,CP,N,,CP - Cutting Plant,,
9 1435 L,GIUSEPPE CANTU' & FIGLI SAS DI VITTORIO CANTU' & C.,MILANO,Somma Lombardo,21019,"Varese,Lombardy",Italy,RM,CP,N,,CP - Cutting Plant,,
362 S,GLOBALCARNI SPA,VIA SARDEGNA 98,Spilamberto,41057,"Modena,Emilia-Romagna",Italy,RM,CP,N,,CP - Cutting Plant,,
1909 M,GLORIOSO S.P.A.,VIA VILLAFRANCA 16,Cavour,10061,"Torino,Piemont",Italy,RM,CP SH,Y,,CP - Cutting Plant | SH - Slaughterhouse,,
2078M,GODDI CARNI S.R.L.,Z.I. SOLOGO,Lùvula/Lula,08020,"Nuoro,Sardinia",Italy,RM,SH,Y,,SH - Slaughterhouse,,
M074P,GOLOSITA` SANNITE SRL,CESE NUOVE,Foglianise,82030,"Benevento,Campania",Italy,RM,CP,N,,CP - Cutting Plant,,
P528W,GOLZIO CARNI DI FILIPPO GOLZIO E C. S.N.C.,GRIFFA,Collegno,10040,"Torino,Piemont",Italy,RM,SH,Y,,SH - Slaughterhouse,,
G649X,GORETTI ADELIO,VIA ROMA 13,Centro Valle Intelvi,22023,"Como,Lombardy",Italy,RM,SH,Y,,SH - Slaughterhouse,,
9 1568 L,GORINI BATTISTA & C SNC,SAN NICOLO',Via alla Francesca,24050,Lombardy,Italy,RM,SH,Y,,SH - Slaughterhouse,,
Z2871,GRA.DI.VI. MACELLAZIONI SRL,"VIA SAN FRANCESCO, SNC",Sarnano,62028,"Macerata,Marche",Italy,RM,CP SH,Y,bovine caprine ovine porcine equine,CP - Cutting Plant | SH - Slaughterhouse,,
0 25 M,GRAMELLINI F.LLI SPA,RAVEGNANA 397/C,Forlì,47121,"Forlì-Cesena,Emilia-Romagna",Italy,RM,CP,N,,CP - Cutting Plant,,
UE IT 1721L,GRANCARNI SPA,Via Galatina Fraz. S.Angelo in Formis,Pastorano,81050,"Caserta,Campania",Italy,RM,CP,N,,CP - Cutting Plant,,
UE IT U445N,GRANCARNI SPA,Via Cerasa 3,Pastorano,81050,"Caserta,Campania",Italy,RM,CP,N,bovine ovine porcine,CP - Cutting Plant,,
P2C9F,GRANELLA CARNI S.R.L.,SAN PIETRO ZONA P.I.P.,Bidda Matzràxia/Villamassargia,09010,"Sud Sardegna,Sardinia",Italy,RM,SH,Y,,SH - Slaughterhouse,,
1299 F,GRANMERCATO SPA,"VIA PROVINCIALE VALLASSINA, 7/10",Verzago,22040,"Como,Lombardy",Italy,RM,CP,N,,CP - Cutting Plant,,
V6010,GRAZIOLI GIUSEPPE,SAN GIUSEPPE,Caponago,20867,"Monza and Brianza,Lombardy",Italy,RM,CP,N,,CP - Cutting Plant,,
655 L,GRAZZI ERNESTO SRL,VIA I MAGGIO 4,Viadana,46019,"Mantua,Lombardy",Italy,RM,CP,N,,CP - Cutting Plant,,
2891 S,GRECCIO STRUZZI SRL,VIA CIPA SNC,Greccio,02045,"Rieti,Lazio",Italy,RM,CP,N,,CP - Cutting Plant,,
P867Z,GRECI ANGIOLINO,VIA ROMA 28,Rovato,25030,"Brescia,Lombardy",Italy,RM,CP,N,,CP - Cutting Plant,,
Q4H7S,GRIFA - SOCIETA' A RESPONSABILITA' LIMITATA SEMPLIFICATA,MORGAGNI,San Severo,71016,"Foggia,Apulia",Italy,RM,CP,N,,CP - Cutting Plant,,
IT R6T2T CE,GRIGIO DEL CASENTINO,via Nazionale 51/A,Bibbiena,52011,"Arezzo,Tuscany",Italy,RM,CP,N,,CP - Cutting Plant,,
1144998,GRIGLIO S.N.C. DI COLETTA ROBERTO E COLETTA VINCENZO,VIA LANZO 57,Turin,10148,"Torino,Piemont",Italy,RM,CP,N,,CP - Cutting Plant,,
K3T7P,GRIGNASCHI PIERGIACOMO,SAN ROCCO,Cannero Riviera,28821,Piemont,Italy,RM,SH,Y,,SH - Slaughterhouse,,
S636Z,GRIMALDI MARIO,VIA MARANA 5 - CESAPROBA,Montereale,,"L'Aquila,Abruzzo",Italy,RM,SH,Y,,SH - Slaughterhouse,,
X5T6F,GROS EFFE QUATTRO - F4 DEI F.LLI PANCONI SNC,LOTTIZZAZIONE,Massa,54100,"Massa-Carrara,Tuscany",Italy,RM,CP,N,,CP - Cutting Plant,,
J174R,GRUBER EGON,PRICIPALE,Ulten - Ultimo,39016,"South Tyrol,Trentino-Alto Adige/Südtirol",Italy,RM,SH,Y,,SH - Slaughterhouse,,
H0N49,GRUPPO MARTINO S.R.L. DI MARTINO FRANCESCO & C.,GIUSEPPE PISANI,Castelvetrano,91022,"Trapani,Sicily",Italy,RM,CP,N,,CP - Cutting Plant,,
K589R,GRUPPO SICULA CARNI S.R.L.,REGINA MARGERITA,Bronte,95034,Sicily,Italy,RM,CP,N,,CP - Cutting Plant,,
2962,GS SPA,VIA CIRCONVALLAZIONE 74,Acqui Terme,15011,"Alessandria,Piemont",Italy,RM,CP,N,,CP - Cutting Plant,,
T8Y4V,GUALCO LUIGI,ROMA,Sale,,"Alessandria,Piemont",Italy,RM,SH,Y,,SH - Slaughterhouse,,
E667S,GUALTIERI CARNI SAS,"VIA CISTERNA, SNC",Monsampietro Morico,,"Fermo,Marche",Italy,RM,SH,Y,,SH - Slaughterhouse,,
E9L2M,GUASTAVIGNA GIAN PAOLO,BARBERIS,Bergamasco,,"Alessandria,Piemont",Italy,RM,SH,Y,,SH - Slaughterhouse,,
W7Z25,GUBBIO SOLIDALE SOCIETA' COOPERATIVA SOCIALE,MONTANALDO,Gubbio,06024,"Perugia,Umbria",Italy,RM,CP,N,,CP - Cutting Plant,,
Z5F81,GUERCI FABIO,LOCALITA' LE MOGLIE,Pian de' Valli,02010,"Rieti,Lazio",Italy,RM,CP SH,Y,,CP - Cutting Plant | SH - Slaughterhouse,,
0 649 M,GUERINI VIRGINIA E C. SNC,CASCINA BAGLIONI 20,Costa Volpino,24062,"Bergamo,Lombardy",Italy,RM,CP,N,,CP - Cutting Plant,,
1162 S,GUGLIELMI CARNI SRL,ROTABILE,Boville Ernica,,"Frosinone,Lazio",Italy,RM,CP,N,,CP - Cutting Plant,,
Y302E,GUGLIELMO CARNI SUINE DI GUGLIELMO FRANCESCO,PISCIOLO,Luogosano,83040,"Avellino,Campania",Italy,RM,SH,Y,,SH - Slaughterhouse,,
2772 S,GUIDONCARNI SRL DI PINO GUIDONI,VIA SORISO 50,Rome,00135,"Roma Capitale,Lazio",Italy,RM,CP,N,,CP - Cutting Plant,,
W8L11,GUINDANI ALESSANDRO,VIA XX SETTEMBRE 5,Dello,25020,"Brescia,Lombardy",Italy,RM,SH,Y,,SH - Slaughterhouse,,
CE IT S713B,GUSTI D'AUTORE DI DANILO STRUMIA,"VIA NUCLEO TAGLIATA, 29",Racconigi,12035,Piemont,Italy,RM,CP,N,,CP - Cutting Plant,,
ITF8T97CE,GUSTO SAPORI E TRADIZIONI S.R.L.,Via Niccolò Copernico 10 Zona Industriale Santa Scolastica,Corropoli,64013,"Teramo,Abruzzo",Italy,RM,CP,N,,CP - Cutting Plant,,
P793L,GUZZAGO GIOVANNI,VITTORIO VENETO SERA,Trenzano,25030,Lombardy,Italy,RM,SH,Y,,SH - Slaughterhouse,,
W1256,GUZZETTI MASSIMO,VIA GRAMSCI 230,Castiglione Olona,21040,"Varese,Lombardy",Italy,RM,SH,Y,,SH - Slaughterhouse,,
T E4V1G CE,Gruppo galli spa,Viale Palmiro Togliatti 1280,Roma,00155,"Roma Capitale,Lazio",Italy,RM,CP,N,,CP - Cutting Plant,,
838 M,HAUSER CARNI SPA,"VIA CANE`, 138",Mezzocorona,38016,"Trento,Trentino-Alto Adige/Südtirol",Italy,RM,CP SH,Y,,CP - Cutting Plant | SH - Slaughterhouse,,
CE IT M8Y3T,HIGH QUALITY FOOD SPA,VIA DI PIETRALATA 179,Rome,00158,"Roma Capitale,Lazio",Italy,RM,CP,N,,CP - Cutting Plant,,
666 L,I FRATELLI EMILIANI SPA,VIA DON CORCHIA 14,Langhirano,,"Parma,Emilia-Romagna",Italy,RM,CP,N,,CP - Cutting Plant,,
W1X3R,I PIACERI DELLE CARNI SRL,SAN DONATO,San Giorgio Morgeto,89022,"Reggio di Calabria,Calabria",Italy,RM,CP,N,,CP - Cutting Plant,,
CE IT 1575 L,I SAPORI DEL SANNIO S.R.L.,ZONA NDUSTRIALE VIA RELLA 33/35,Forchia,82011,"Benevento,Campania",Italy,RM,CP,N,,CP - Cutting Plant,,
1127 L,I.B.S. SPA,VIA EMILIA 33,Azzano San Paolo,24052,"Bergamo,Lombardy",Italy,RM,CP,N,,CP - Cutting Plant,,
R6743,I.C.A. INGROSSO CARNI ATERNO S.R.L.,"260 KM 1,300",Pizzoli,67017,Abruzzo,Italy,RM,SH CP,Y,,SH - Slaughterhouse | CP - Cutting Plant,,
CE IT 175 M,I.C.A.M. SNC,LOC. STIACCIOLOE- FRAZIONE ISTIA D'OMBRONE,Grosseto,58100,"Grosseto,Tuscany",Italy,RM,CP SH,Y,,CP - Cutting Plant | SH - Slaughterhouse,,
9 1187 L,I.C.A.M. SRL,BOLCIANO,Trecastelli,61040,"Ancona,Marche",Italy,RM,CP,N,,CP - Cutting Plant,,
2397 S,I.L.C.A. S.N.C. DI LENTINI E C.,CONTRADA PALMA N. 190,Alcamo Marina,91011,"Trapani,Sicily",Italy,RM,CP,N,,CP - Cutting Plant,,
2476 M,I.L.C.A.M. SRL,16 BR-LE KM. 929.300,San Pietro Vernotico,72027,"Brindisi,Apulia",Italy,RM,CP,N,,CP - Cutting Plant,,
L1M51,I.L.C.O. NORD S.R.L.,TACITO,Cremona,26100,"Cremona,Lombardy",Italy,RM,CP,N,,CP - Cutting Plant,,
1662 M,I.L.C.O. S.R.L. INDUSTRIA LAVORAZIONI CARNI OVINE,"STRADA PROVINCIALE ONANENSE LOC. SAN GIUSTO km 4,3",Acquapendente,01021,"Viterbo,Lazio",Italy,RM,SH,Y,,SH - Slaughterhouse,,
1875 M,I.M.C. S.A.S. DI GUZZO LUIGINO & C.,"VIA CIMITERO, 12",Agna,,"Padova,Veneto",Italy,RM,CP SH,Y,,CP - Cutting Plant | SH - Slaughterhouse,,
2024M,I.M.C.O. VAL PESCARA S.R.L.,VIA CASTAGNA 13,Torre de' Passeri,65029,"Pescara,Abruzzo",Italy,RM,SH,Y,,SH - Slaughterhouse,,
2769 M,I.MA. CARNI S.R.L.,REDIPUGLIA - LOC IS CORROPUS,Sètimu/Settimo San Pietro,09060,"Cagliari,Sardinia",Italy,RM,CP,N,,CP - Cutting Plant,,
620 L,I.SA.S SPA,"VIA CASE BRUCIATE, 15/A B C D",Castelnuovo Rangone,41051,Emilia-Romagna,Italy,RM,CP,N,,CP - Cutting Plant,,
1247 S,I.SAL. INDUSTRIA SALUMI S.P.A.,"VIA CIMINA, 14",Viterbo,01100,"Viterbo,Lazio",Italy,RM,CP,N,,CP - Cutting Plant,,
833 M,IAB S.R.L.,VIA ORZINUOVI 94,Brescia,25062,"Brescia,Lombardy",Italy,RM,CP,N,,CP - Cutting Plant,,
L7D78,IBEC SRL,C.DA CHIANCARO N.42,Santeramo in Colle,70029,Apulia,Italy,RM,CP,N,,CP - Cutting Plant,,
IT354MCE,ICE S.R.L.,"VIA REGINA MARGHERITA, 18",Momo,28015,"Novara,Piemont",Italy,RM,CP,N,bovine caprine ovine porcine,CP - Cutting Plant,,
2112 M,IDEALCARNI S.N.C. DI DEMARIA GIORGIO E C.,"VIA CALVETTI, 19",Prarostino,10060,"Torino,Piemont",Italy,RM,SH CP,Y,,SH - Slaughterhouse | CP - Cutting Plant,,
03 494,IL BOSCASSO SOCIETA' AGRICOLA,BOSCASSO,Bressana Bottarone,27040,"Pavia,Lombardy",Italy,RM,SH,Y,,SH - Slaughterhouse,,
2493 S,IL CHIARAMONTANO DI CASTRO & COMPANY S.R.L.,III FASE,Ragusa,97100,"Ragusa,Sicily",Italy,RM,CP,N,,CP - Cutting Plant,,
B4C5R,IL CONTADINO DI PALA OTTAVIO,BRANDOLINI,Zinasco,27030,Lombardy,Italy,RM,SH,Y,,SH - Slaughterhouse,,
B4C4T,IL FAIDO SNC DI NANI EMANUELE & C.,VIA FAIDO 56,Varese,21100,"Varese,Lombardy",Italy,RM,SH,Y,,SH - Slaughterhouse,,
G8L65,IL MACELLAIO S.N.C. DI MASCANZONI E.G. E MODENA R.,CAMPAZZI,Bardolino,37011,"Verona,Veneto",Italy,RM,CP,N,,CP - Cutting Plant,,
K092J,IL MERCATO CARNI DI DUTTO SRL,LEGNANO,Novara,28100,Piemont,Italy,RM,CP,N,,CP - Cutting Plant,,
C5R8W,IL POGGIO L'AZIENDA AGRICOLA DI MARCHI DANIELE,POGGIO MERIGGI,Bressana Bottarone,27040,"Pavia,Lombardy",Italy,RM,SH,Y,,SH - Slaughterhouse,,
K7C2V,IL POSCHIAVINO DI BESSEGHINI MARTINO,via Gere,Vervio,23030,"Sondrio,Lombardy",Italy,RM,CP SH,Y,,CP - Cutting Plant | SH - Slaughterhouse,,
Z514H,IL PRINCIPE CARNI S.R.L.,PASSO DEL FICO SP 70/I CONTRADA JUNGETTO,Catania,95021,"Catania,Sicily",Italy,RM,CP,N,,CP - Cutting Plant,,
9 2439 L,IL QUADRIFOGLIO DI CURTI D. E C. SNC,"VIA DON V. LUCCHETTI, 11/B",Montecastrilli,05026,"Terni,Umbria",Italy,RM,CP,N,,CP - Cutting Plant,,
2957 S,IL REGNO DELLE CARNI SRL,"A. DE GASPERI, 138",Avellino,83100,Campania,Italy,RM,CP,N,,CP - Cutting Plant,,
CE IT 2982 S,IL SAPITO S.R.L. AZIENDA AGRICOLA,VIA POGGIO ALLA TERRA 18,Montaione,50050,"Metropolitan City of Florence,Tuscany",Italy,RM,CP,N,,CP - Cutting Plant,,
U6981,IL SOLE SRL,CHERCHI GRAZIA,Piacenza,29122,"Piacenza,Emilia-Romagna",Italy,RM,CP,N,,CP - Cutting Plant,,
B9C61,IL VECCHIO OVILE SOC. COOP. A R.L.,DEI GELSI,Anzio,00042,Lazio,Italy,RM,SH,Y,,SH - Slaughterhouse,,
598 S,ILCA CARNI SRL,RAIALE,Pescara,65126,"Pescara,Abruzzo",Italy,RM,CP,N,,CP - Cutting Plant,,
2579 F,IMECA INDUSTRIA MERIDIONALE DELLE CARNI SRL,VIALE CASSIODORO,Catanzaro,88100,"Catanzaro,Calabria",Italy,RM,CP,N,,CP - Cutting Plant,,
2671 P,IMMOBILIARE CASA SOLLIEVO DELLA SOFFERENZA S.P.A.,"AMENDOLA S.S. 89, KM.186,6 -C/O AZ. AGR.-ZOOT. POSTA LA VIA",Manfredonia,,"Foggia,Apulia",Italy,RM,CP,N,,CP - Cutting Plant,,
2578 M,IMOS CARNI SRL,VIA REGIONE SU TROGLIU,Thiesi,07047,"Sassari,Sardinia",Italy,RM,SH,Y,,SH - Slaughterhouse,,
UE IT 818 M,IMPORT-EXPORT EUROGRANADEROS SOCIEDAD LITADA,VIA PORINI 5/F,Guarene,12051,"Cuneo,Piemont",Italy,RM,CP SH,Y,,CP - Cutting Plant | SH - Slaughterhouse,,
1732M,IN. C.E.B. SUD S.LUIGI - S.R.L.,VIA STABIA 399,Sant'Antonio Abate,80057,"Napoli,Campania",Italy,RM,SH,Y,,SH - Slaughterhouse,,
S3G5L,IN.CA INGROSSO CARNI SRL,EUROPA,Grosseto,58100,"Grosseto,Tuscany",Italy,RM,CP,N,,CP - Cutting Plant,,
1032 M,IN.CAR.SRL INGROSSO CARNI,LOC.TA` S. ANGELO SNC,Tuscania,01017,"Viterbo,Lazio",Italy,RM,SH,Y,,SH - Slaughterhouse,,
IT 253 M CE,INALCA S.P.A.,VIA CHIAVICHE 36,Pegognaga,46020,"Mantua,Lombardy",Italy,RM,SH CP,Y,,SH - Slaughterhouse | CP - Cutting Plant,,
236L,INALCA SPA,VIALE DELLE SCIENZE NR.1,Rieti,02100,"Rieti,Lazio",Italy,RM,CP,N,,CP - Cutting Plant,,
IT S5H85 CE,INALCA SPA,"VIA DUE CANALI, 13/A",Reggio nell'Emilia,42124,"Reggio nell'Emilia,Emilia-Romagna",Italy,RM,CP,N,bovine caprine ovine porcine,CP - Cutting Plant,,
IT 2270 M,INALCA SPA,VIALE EUROPA 10,Ospedaletto Lodigiano,26864,Lombardy,Italy,RM,CP SH,Y,,CP - Cutting Plant | SH - Slaughterhouse,,
132 M,INALCA SPA,"via Spilamberto, 30/C",Castelvetro di Modena,41014,"Modena,Emilia-Romagna",Italy,RM,CP SH,Y,,CP - Cutting Plant | SH - Slaughterhouse,,
IT 1892 M,INDAL SRL 1892M,VIA F. CAVALLOTTI 282A,Montichiari,25018,"Brescia,Lombardy",Italy,RM,SH CP,Y,,SH - Slaughterhouse | CP - Cutting Plant,,
944 M,INDUSTRIA ALIMENTARE CARNI F.LLI SCARLINO SRL,"TAURISANO-MIGGIANO KM 0,5",Taurisano,73056,"Lecce,Apulia",Italy,RM,CP,N,,CP - Cutting Plant,,
CE IT 1404 F,INDUSTRIA CARNI GARGIULO S.R.L.,"CORSO ITALIA, 108",Mugnano di Napoli,80018,"Napoli,Campania",Italy,RM,CP,N,,CP - Cutting Plant,,
946 L,INDUSTRIA SALUMI SIMONINI S.P.A.,PER MODENA 176,Castelvetro di Modena,41014,"Modena,Emilia-Romagna",Italy,RM,CP,N,,CP - Cutting Plant,,
L6R3N,INDUSTRIA SERVIZI AGROALIMENTARI S.P.A.,STRADA 10 ANGOLO STRADA 11,Sassari,07100,"Sassari,Sardinia",Italy,RM,CP,N,,CP - Cutting Plant,,
B101E,INGROSSO CARNI PREGIATE DI BIASE DOMENICO DI DI BIASE PAOLO LIBERATO,VIA 4 NOVEMBRE 1/3,Cavazzo Carnico,33020,Friuli Venezia Giulia,Italy,RM,CP SH,Y,,CP - Cutting Plant | SH - Slaughterhouse,,
H8B57a,INNERHACKER DES LANZ BERNHARD,VIA GUSTAV-MAHLER 52,Toblach - Dobbiaco,39034,"South Tyrol,Trentino-Alto Adige/Südtirol",Italy,RM,CP SH,Y,,CP - Cutting Plant | SH - Slaughterhouse,,
P4Q8F,INSTITUT AGRICOLE REGIONAL,PICCOLO SAN BERNARDO,Aosta,11100,Aosta Valley,Italy,RM,SH,Y,,SH - Slaughterhouse,,
CE IT Q1S4E,INTERNATIONAL MEAT SRLS,VIA ROMEA 14,Codevigo,300010,"Padova,Veneto",Italy,RM,CP SH,Y,,CP - Cutting Plant | SH - Slaughterhouse,,
J9F80,INVERNIZZI CARNI SAS DI ROBERTO INVERNIZZI & C.,VIA CASCUTELLI 25,Sant'Omobono Terme,23802,"Bergamo,Lombardy",Italy,RM,SH,Y,,SH - Slaughterhouse,,
9 2638 L,INVERNIZZI GIUSEPPE,"VIA GRANGE, 2 FRAZIONE CASALROSSO",Lignana,13034,"Vercelli,Piemont",Italy,RM,CP SH,Y,,CP - Cutting Plant | SH - Slaughterhouse,,
1093 S,IOZZO SRL,C.DA CERASARA,Chiaravalle Centrale,88064,"Catanzaro,Calabria",Italy,RM,CP,N,,CP - Cutting Plant,,
3011 S,IPERCARNI S.R.L.,"VIA DEI RUDERI DI TORRENOVA, 75",Rome,00135,"Roma Capitale,Lazio",Italy,RM,CP,N,,CP - Cutting Plant,,
2612/M,IPPOCASALE SRL,VIA COZZE 2,Conversano,70014,"Bari,Apulia",Italy,RM,SH,Y,,SH - Slaughterhouse,,
9 3437 L,ISERNIA CARNI DI MANCINI DENIS & C. - S.A.S.,OCCIDENTALE,Isernia,86170,"Isernia,Molise",Italy,RM,SH,Y,,SH - Slaughterhouse,,
CEITD8M17,ISOLAGRICOLA SOCIETA' COOPERATIVA AGRICOLA,VIA DELL'ISOLA SNC,Lesegno,12076,"Cuneo,Piemont",Italy,RM,CP,N,,CP - Cutting Plant,,
D6W2P,ITACARNI DISTRIBUTION S.R.L.,VIA LIGURIA 43,Sona,37060,"Verona,Veneto",Italy,RM,CP,N,,CP - Cutting Plant,,
IT 1337 L,ITALBONTA' S.R.L.,"VIA GALILEO GALILEI, 17",Codevigo,35020,"Padova,Veneto",Italy,RM,CP,N,,CP - Cutting Plant,,
CE IT Z5650,ITALBOVINI S.R.L.,VIA CAMPAGNE 10 - FRAZIONE TEMPIO,Ormelle,31024,"Treviso,Veneto",Italy,RM,CP SH,Y,,CP - Cutting Plant | SH - Slaughterhouse,,
CE IT X3D6K,"ITALCARNI DI LUCIANO GIOVACCHINO, DAVID E MARCO S.A.S.",VIA LANDINI REMO 6,Massa e Cozzile,51010,"Pistoia,Tuscany",Italy,RM,CP,N,,CP - Cutting Plant,,
9 48 L,ITALCARNI SRL,"VIA ASPROMONTE, 10/12",Nichelino,10042,Piemont,Italy,RM,CP,N,,CP - Cutting Plant,,
1237 S,ITALCARNI SRL,C.DA PANUZZI,Regalbuto,94010,"Enna,Sicily",Italy,RM,CP,N,,CP - Cutting Plant,,
2594 S,ITALCATERING S.R.L.,18 - KM. 89,Capaccio,84047,"Salerno,Campania",Italy,RM,CP,N,,CP - Cutting Plant,,
966 L,ITALIA AUTHENTICA S.R.L.,"ISOLA (S.S. VALNERINA KM. 10,600)",Arrone,05031,"Terni,Umbria",Italy,RM,CP,N,,CP - Cutting Plant,,
1436 S,ITALIC SUD SRL,"VIA F. COPPI, 1/3",Casoria,80026,Campania,Italy,RM,CP,N,,CP - Cutting Plant,,
UE IT Y7T2M,ITALKEBAB DISTRIBUZIONE S.R.L.,VIA UMBRIA 102,Monsummano Terme,51015,"Pistoia,Tuscany",Italy,RM,CP,N,,CP - Cutting Plant,,
CE IT 702 M,ITALPORK SRL,VIA PONTE BUGGIANESE 150/B,Buggiano,51011,"Pistoia,Tuscany",Italy,RM,CP SH,Y,,CP - Cutting Plant | SH - Slaughterhouse,,
3069 S,ITALSAPORI S.R.L.,TROIAT,Azzano Decimo,33082,Friuli Venezia Giulia,Italy,RM,CP,N,,CP - Cutting Plant,,
K7C0L,ITRIA AGROALIMENTARI CARBOTTI S.R.L.,FRANCESCO CORRENTE,Barialto,70010,"Bari,Apulia",Italy,RM,CP,N,,CP - Cutting Plant,,
911 F,JOLANDA DE COLO' SPA,I MAGGIO,Palmanova,33057,Friuli Venezia Giulia,Italy,RM,CP,N,,CP - Cutting Plant,,
9 532 L,JOMI S.P.A.,TROGLIO,Borghetto Lodigiano,20078,"Lodi,Lombardy",Italy,RM,CP,N,,CP - Cutting Plant,,
S711Q,JONFER CARNI S.A.S. DI IONFER SERGIO & C.,VISELLA,Quarona,13017,Piemont,Italy,RM,SH,Y,,SH - Slaughterhouse,,
IT K1012,JONICA BEST. SOCIETA' A RESPONSABILITA' LIMITATA SEMPLIFICATA,S. ALLENDE - C.DA BARONIA Z.I.,San Giorgio Ionico,74027,"Taranto,Apulia",Italy,RM,SH,Y,,SH - Slaughterhouse,,
02 90,JOTAZ SIMONE,COGNEIN,Bien,11010,Aosta Valley,Italy,RM,CP,N,,CP - Cutting Plant,,
J2X50,JUVICA S.R.L.,PAPA GIOVANNI XXIII,Ghemme,28074,Piemont,Italy,RM,CP,N,,CP - Cutting Plant,,
2702 S,KASAURIA SRL,PIANO D'ORTA - VIA PROVINCIALE,Caramanico Terme,65020,"Pescara,Abruzzo",Italy,RM,CP,N,,CP - Cutting Plant,,
1252M,KATIA IMPORT S.R.L.,VIA PALMIRO TOGLIATTI 1280,Roma,00155,"Roma Capitale,Lazio",Italy,RM,SH,Y,,SH - Slaughterhouse,,
0 423 S,KING POLLO E C.,"PIETRO NENNI,",Mussomeli,93010,"Caltanissetta,Sicily",Italy,RM,CP,N,,CP - Cutting Plant,,
2116 L,KOFLER DELIKATESSEN SRL,"ZONA PRODUTTIVA, 2",Unsere Liebe Frau im Walde-St. Felix - Senale-San Felice,39010,"South Tyrol,Trentino-Alto Adige/Südtirol",Italy,RM,CP,N,,CP - Cutting Plant,,
D210T,KOFLER VIKTOR & ANDREAS OHG,VIA BOLZANO,Lana,39011,Trentino-Alto Adige/Südtirol,Italy,RM,CP,N,,CP - Cutting Plant,,
K8J2U,KOSMARK SUPERMERCATI S.R.L.,DEGLI SPINI,Parre,24020,"Bergamo,Lombardy",Italy,RM,SH,Y,,SH - Slaughterhouse,,
2593 S,L'ABBONDANZA S.R.L.,CINQUEMIGLIA,Monte Santa Maria Tiberina,06012,"Perugia,Umbria",Italy,RM,CP,N,,CP - Cutting Plant,,
N7Q6V,L'ALCO GRANDI MAGAZZINI SPA,VIA PARMA 8,Varedo,20814,"Monza and Brianza,Lombardy",Italy,RM,CP,N,,CP - Cutting Plant,,
E6V31,L'ALCO GRANDI MAGAZZINI SPA,VIA DANTE 88,Crespiatica,,"Lodi,Lombardy",Italy,RM,CP,N,,CP - Cutting Plant,,
IT 0 675 S,L'ANGOLANA,"VIA PO, 72 - FRAZ. CONGIUNTI",Collecorvino,65010,"Pescara,Abruzzo",Italy,RM,CP SH,Y,,CP - Cutting Plant | SH - Slaughterhouse,,
1245 M,L'ARTE DELLA MACELLAZIONE D'ALESSIO & C. S.R.L.,RAIALE,Pescara,65126,"Pescara,Abruzzo",Italy,RM,SH,Y,,SH - Slaughterhouse,,
CE IT 0 503 M,"L'AVICOLA BENESE DI MANASSERO FRANCESCO, FABRIZIO & C. S.N.C.","VIA CARRU`, 27",Bene Vagienna,12041,Piemont,Italy,RM,SH CP,Y,,SH - Slaughterhouse | CP - Cutting Plant,,
H9N1K,L. B. 2000 DI BURZOTTA ANDREA & C.,"VIA G. MANCUSO N. 10, 12, 14",Mazara del Vallo,91026,"Trapani,Sicily",Italy,RM,CP,N,,CP - Cutting Plant,,
Z6E6J,L.A. PILEGGI SRL,COMUNI CONDOMINI,Maida,88025,"Catanzaro,Calabria",Italy,RM,CP,N,,CP - Cutting Plant,,
L4W8R,L.C.S. SRL,"VIA DEGLI ORTI, 4",Malagnino,26030,"Cremona,Lombardy",Italy,RM,CP,N,,CP - Cutting Plant,,
1983 S,L.C.S. SRL,"VIA G. BARETTI, I/B",Rosciano,61032,"Pesaro e Urbino,Marche",Italy,RM,CP,N,,CP - Cutting Plant,,
1759 S,L.F.C. DI ROGGERO PIERO E C. - S.N.C.,"TRAVES,",Rivalta di Torino,10043,"Torino,Piemont",Italy,RM,CP,N,,CP - Cutting Plant,,
T451B,L.G.M. SERVICE S.R.L.,FERRARA,Massafra,74016,"Taranto,Apulia",Italy,RM,CP,N,,CP - Cutting Plant,,
994 S(01),L.I.BEST. DI LIUZZI DOMENICO S.R.L.,CONTRADA MURGIA ZONA C 66,Noci,70015,"Bari,Apulia",Italy,RM,CP,N,,CP - Cutting Plant,,
994 S,L.I.BEST. DI LIUZZI DOMENICO S.R.L.,MURGIA ZONA C,Noci,70015,Apulia,Italy,RM,CP,N,,CP - Cutting Plant,,
1633 S,L.W.T. S.R.L.,"VIA CASAMASSIMA, 62",Barialto,70010,"Bari,Apulia",Italy,RM,CP,N,,CP - Cutting Plant,,
Y2V4A,LA BELLUNESE SUINI S.S. - SOCIETA' AGRICOLA GANZ GIULIANO E COLLE DANIELA,SAN GIORGIO,Sedico,32036,"Belluno,Veneto",Italy,RM,CP SH,Y,,CP - Cutting Plant | SH - Slaughterhouse,,
IT J7H46 CE,LA BOTTEGA DI ADO' S.R.L.,VIA NERINO GARBUIO 47R SNC,Montignoso,54038,"Massa-Carrara,Tuscany",Italy,RM,CP,N,,CP - Cutting Plant,,
2098 M,LA BUONA FELTRIA - SOCIETA' COOPERATIVA,VIA DELL`INDUSTRIA (CAMPIANO) 18,Talamello,47867,"Rimini,Emilia-Romagna",Italy,RM,SH,Y,,SH - Slaughterhouse,,
S5V1L,LA CARNE S.R.L.,"VIA NAZARENO STRAMPELLI, 51",Fonte Laurentina,00143,"Roma Capitale,Lazio",Italy,RM,CP,N,,CP - Cutting Plant,,
CE IT 05 224,LA CASARA RONCOLATO ROMANO S.R.L.,VIA NUOVA 1/3,Roncà,37030,"Verona,Veneto",Italy,RM,CP,N,,CP - Cutting Plant,,
2049 S,LA CERVESE DI MAZZONI & PETRINI S.N.C.,DEL LAVORO,Pinarella di Cervia,48015,"Ravenna,Emilia-Romagna",Italy,RM,CP,N,,CP - Cutting Plant,,
M2L6F,LA COCCINELLA S.R.L.,FEO CONIGLIO,Petralia,98039,Sicily,Italy,RM,CP,N,,CP - Cutting Plant,,
Y3B1G,LA COMMERCIALE CARNI S.R.L.S.,COMUNALE PER CASALETTO LODIGIANO,Caselle Lurani,26853,"Lodi,Lombardy",Italy,RM,SH,Y,,SH - Slaughterhouse,,
1286 S,LA COMMERCIALE SAN GIULIO NEGRI E C. S.R.L.,DOMODOSSOLA,Orta San Giulio,28016,"Novara,Piemont",Italy,RM,CP,N,,CP - Cutting Plant,,
L804Q,LA DUCHESSA SOCIETA' A RESPONSABILITA' LIMITATA,IA FARNETE (GIA' LOC.TA' CROCELLE - STADA PROV.LE 120) SNC,Cellole,81030,"Caserta,Campania",Italy,RM,SH,Y,,SH - Slaughterhouse,,
U6B8R,LA FAUCI CARNI SRL,PER CABIATE,Mariano Comense,22066,"Como,Lombardy",Italy,RM,CP,N,,CP - Cutting Plant,,
Y7G2N,LA FILIERA SOCIETA' COOPERATIVA,DELLE PRATA,Sinalunga,53048,"Siena,Tuscany",Italy,RM,CP,N,,CP - Cutting Plant,,
1850 S,LA FIORANESE CARNI SRL,Via del commercio 14/16,Fiorano Modenese,41042,"Modena,Emilia-Romagna",Italy,RM,CP,N,,CP - Cutting Plant,,
03 1648,LA FIORIDA S.R.L. SOCIETA' AGRICOLA AZIENDA AGRITURISTICA VALTELLINA,VIA LUNGO ADDA 12,Mantello,23016,"Sondrio,Lombardy",Italy,RM,SH CP,Y,,SH - Slaughterhouse | CP - Cutting Plant,,
L4E3J,LA FONTE SOCIETA' COOPERATIVA AGRICOLA,CASTAGNETO,Castelnuovo di Farfa,02040,"Rieti,Lazio",Italy,RM,SH,Y,,SH - Slaughterhouse,,
N2W3T,LA FORNACE DI RAI S.S SOCIETA' AGRICOLA,LOC. FORNACE GRASSI 1,San Polo,29010,"Piacenza,Emilia-Romagna",Italy,RM,SH,Y,,SH - Slaughterhouse,,
CE IT N6W50,LA GRANDA TRASFORMAZIONE S.R.L.,"VIA GARETTA, 8A",Genola,12040,"Cuneo,Piemont",Italy,RM,CP,N,,CP - Cutting Plant,,
V1V0D,LA MACELLERIA DEI F.LLI ALGERI E C. SNC,VIA MARCONI 40,Nembro,24027,Lombardy,Italy,RM,SH,Y,,SH - Slaughterhouse,,
C1U5L,LA MACELLERIA DI ZAMBONI SILVANO,BRESCIA,Gardone Riviera,25080,"Brescia,Lombardy",Italy,RM,SH,Y,,SH - Slaughterhouse,,
2939 F,LA MIA CARNI SRL,"EX VIA ROMA, 95- OGGI VIA FALCONE",Casandrino,80025,"Napoli,Campania",Italy,RM,CP,N,,CP - Cutting Plant,,
H5W2D,LA NUOVA VALLE S.S. AZIENDA AGRICOLA ED AGRITURISTICA,BELLINGERA,Sarezzano,15050,Piemont,Italy,RM,SH,Y,,SH - Slaughterhouse,,
CEITT872W,LA PORTA DELLA LANGA SOCIETA' COOPERATIVA AGRICOLA,VIA BASSE 9/B,Rocca de' Baldi,12047,"Cuneo,Piemont",Italy,RM,CP SH,Y,caprine ovine equine porcine bovine,CP - Cutting Plant | SH - Slaughterhouse,,
J5F78,LA QUADRIFOGLIO AZIENDA AGRICOLA SS,DELLE BRUGAROLE,Brembate,24041,"Bergamo,Lombardy",Italy,RM,SH,Y,,SH - Slaughterhouse,,
2408 S,LA REGINA DELLE CARNI SRL,C.SO EUROPA N. 152,Quarto,80010,"Napoli,Campania",Italy,RM,CP,N,,CP - Cutting Plant,,
IT1981 M,LA REGINA S.R.L.,VIA CA` BIANCA 45,Cartura,35025,"Padova,Veneto",Italy,RM,SH,Y,,SH - Slaughterhouse,,
1559 S,LA ROCCA GIUSEPPE,"VIA GARIBALDI, 235",Montesano sulla Marcellana,,"Salerno,Campania",Italy,RM,CP,N,,CP - Cutting Plant,,
M846K,LA SCELTA DELLE CARNI DEI F.LLI BETTONI SNC,VIA NAZIONALE 74,Sant'Antonio,24060,"Bergamo,Lombardy",Italy,RM,CP,N,,CP - Cutting Plant,,
F3D03,LA STELLA DELLE CARNI SOCIETA' A RESPONSABILITA' LIMITATA,PETRARO,Corbara,80050,"Salerno,Campania",Italy,RM,CP,N,,CP - Cutting Plant,,
2833 S,LA TRADIZIONE D'ABRUZZO S.R.L.,DELL`ACQUEDOTTO,Chieti,66100,"Chieti,Abruzzo",Italy,RM,CP,N,,CP - Cutting Plant,,
1499 L,LA VECJE SALUMERIE S.N.C.,STRADA VECCHIA PER RIVIGNANO,Rivignano Teor,33061,Friuli Venezia Giulia,Italy,RM,CP,N,,CP - Cutting Plant,,
9 1649 L,LA VENA D'ORO S.R.L.,VIA PIAIA. 60,Ponte nelle Alpi,32014,"Belluno,Veneto",Italy,RM,CP,N,,CP - Cutting Plant,,
11 112,LA VERGARA BORGO RURALE SOCIETA' AGRICOLA DI RAPINI LUCIANO & MARTONI MARIA COSTANZA,TOSE,Castel di Lama,63082,Marche,Italy,RM,CP,N,,CP - Cutting Plant,,
CE IT 853 LOA,LA.BU.NAT. S.R.L.,VIA BASAGLIE 4,Quistello,46026,"Mantua,Lombardy",Italy,RM,CP,N,,CP - Cutting Plant,,
2057 S,LA.CO.CARNI S.R.L.,ISONZO,Cusano Milanino,20095,"Milan,Lombardy",Italy,RM,CP,N,,CP - Cutting Plant,,
R9K8Y,LABORCARNI SRL,EUROPA UNITA,Collegno,10040,"Torino,Piemont",Italy,RM,CP,N,,CP - Cutting Plant,,
2203 M,LACAV GROUP S.R.L.,VIA GIACOMO LEOPARDI 526/3,Castagnaro,37043,"Verona,Veneto",Italy,RM,SH,Y,,SH - Slaughterhouse,,
106BZ106,LADSTAETTER EUGEN,VALDAORA DI SOPRA 89,Oberolang - Valdaora di Sopra,39030,"South Tyrol,Trentino-Alto Adige/Südtirol",Italy,RM,CP,N,,CP - Cutting Plant,,
C400F,LAGAZIO ROBERTO,IRMO FERRARI,Voltaggio,15060,"Alessandria,Piemont",Italy,RM,SH,Y,,SH - Slaughterhouse,,
M2515,LAMBERTI DANIELA,CALDARA,Siderno,89048,"Reggio di Calabria,Calabria",Italy,RM,SH,Y,,SH - Slaughterhouse,,
2129 M,LANINI CARNI SRL,"LOCALITA' BATTIFOLLE, 26",Castel San Niccolò,52018,"Arezzo,Tuscany",Italy,RM,SH,Y,,SH - Slaughterhouse,,
G1C7G,LANNA CARNI A.A.S,"SANNITICA KM.13,600",Acerra,80023,"Napoli,Campania",Italy,RM,CP,N,,CP - Cutting Plant,,
CE IT 2163 M,LANZA S.R.L.,VIALE EUROPA 9,Negrar di Valpolicella,37024,"Verona,Veneto",Italy,RM,CP SH,Y,,CP - Cutting Plant | SH - Slaughterhouse,,
J864N,LANZONI GIOVANNI E LUIGI SAS,LOC. CASC. S. EUSEBIO DI SOTTO,Romano di Lombardia,24058,"Bergamo,Lombardy",Italy,RM,SH,Y,,SH - Slaughterhouse,,
B7E8A,LARIVERA CORRADO,SANTA CROCE,Montefalcone nel Sannio,86033,"Campobasso,Molise",Italy,RM,SH,Y,,SH - Slaughterhouse,,
03 523,LATTERIA SOCIALE DI CALVENZANO SOC. COOP. AGRICOLA,LARGO XXV APRILE 6,Lallio,24040,"Bergamo,Lombardy",Italy,RM,SH,Y,,SH - Slaughterhouse,,
2328 M,LAVORAZIONE CARNI CABRINI MARIO S.N.C. DI CABRINI SERGIO E C.,CA' DE ZECCHI,Tavazzano con Villavesco,26838,"Lodi,Lombardy",Italy,RM,SH CP,Y,,SH - Slaughterhouse | CP - Cutting Plant,,
2114 S,LAVORAZIONE CARNI DI COSTO LUCCO ROBERTO,"VIA DON G.B. VIGANO`, 27",Besana in Brianza,20842,"Monza and Brianza,Lombardy",Italy,RM,CP,N,,CP - Cutting Plant,,
CE IT 9 2905 L,LAVORAZIONE CARNI IL GIGLIO S.R.L.,VIA MURA 72,Montaione,50050,"Metropolitan City of Florence,Tuscany",Italy,RM,CP,N,,CP - Cutting Plant,,
9 138 L,LAVORAZIONE CARNI SUINE DI RABISSI PEPI E C. SRL,SOLATIO SAN ROCCO A PILLI,Sovicille,53018,"Siena,Tuscany",Italy,RM,CP,N,,CP - Cutting Plant,,
H505M,LAZZARIN GIORGIO E C. S.A.S.,VERGAGLIA,Giavone,37040,Veneto,Italy,RM,SH,Y,,SH - Slaughterhouse,,
1093 L,LAZZERI ALESSANDRO S.R.L.,"VIA LE PONTI, 58 (F.NE SEMOGO)",Valdidentro,23038,"Sondrio,Lombardy",Italy,RM,CP,N,,CP - Cutting Plant,,
2794 S,LB CARNI SRL UNIPERSONALE,CRUCILLA`,Mussomeli,93010,"Caltanissetta,Sicily",Italy,RM,CP,N,,CP - Cutting Plant,,
1793 S,LE CARNI DI BIONDO 2 SRL,ROSSINI - FRAZ. TORMINI,Roè Volciano,25077,"Brescia,Lombardy",Italy,RM,CP,N,,CP - Cutting Plant,,
0 301 M,LE CASTELLANE S.C.A.,SINISTRA GUERRO,Castelvetro di Modena,41014,"Modena,Emilia-Romagna",Italy,RM,CP,N,,CP - Cutting Plant,,
2588 S,LEBON S.R.L.,ZONA INDUSTRIALE,Palse,33080,Friuli Venezia Giulia,Italy,RM,CP,N,,CP - Cutting Plant,,
X3E8G,LEGRENZI FULVIO,MOLINELLO,Albino,24021,"Bergamo,Lombardy",Italy,RM,SH,Y,,SH - Slaughterhouse,,
1315 S,LEM CARNI S.R.L.,MELUZZA,Dozza,40060,"Bologna,Emilia-Romagna",Italy,RM,CP,N,,CP - Cutting Plant,,
CE IT S5G9W,LEONE CARNI DI LEONE GIOVANNI E SEBASTIANO & C. S.A.S.,VIA BRA 7/B,Cervere,12040,"Cuneo,Piemont",Italy,RM,CP SH,Y,bovine caprine equine porcine ovine,CP - Cutting Plant | SH - Slaughterhouse,,
2580 M,LEONE INDUSTRIA ALIMENTARE SRL,TAVERNA DEL CORTILE - Z.I.,Ripalimosani,86025,"Campobasso,Molise",Italy,RM,CP SH,Y,,CP - Cutting Plant | SH - Slaughterhouse,,
2070 L,LEVISALUMI SRL,MAESTRI DEL LAVORO,Castiglione Olona,21040,"Varese,Lombardy",Italy,RM,CP,N,,CP - Cutting Plant,,
1430 S,LG CARNI SRL,"VIA NOBEL, 8-10",Casoria,80026,Campania,Italy,RM,CP,N,,CP - Cutting Plant,,
9 2704 L,LIKE ITALY S.R.L.,CADORNA,Casavatore,,"Napoli,Campania",Italy,RM,CP,N,,CP - Cutting Plant,,
Q9G34,LIRIODENDRO SOC. AGR. COOP.,VIA CAROLINA 30,Borgaro Torinese,10071,"Torino,Piemont",Italy,RM,CP,N,,CP - Cutting Plant,,
IT 583S CE,LISA - LAVORAZIONE ITALIANA SPECIALITA' ALIMENTARI - SRL ABBREVIABILE IN LISA SRL,"VIA LIMIDO, 51",Castelnovo di Sotto,42024,"Reggio nell'Emilia,Emilia-Romagna",Italy,RM,CP,N,,CP - Cutting Plant,,
9 2939 LOA,LISAT DI RONTANINI EMANUELA & C. S.A.S.,PILONE,Asti,14100,"Asti,Piemont",Italy,RM,CP,N,,CP - Cutting Plant,,
Q8255,LISSONE CARNI S.R.L.,CADORNA,Cabiate,22060,Lombardy,Italy,RM,CP,N,,CP - Cutting Plant,,
G5T56,LISSONI DARIO,VIA FLEMING 4,Lissone,20851,"Monza and Brianza,Lombardy",Italy,RM,SH,Y,,SH - Slaughterhouse,,
R2Y63,LO GIUDICE S.R.L.,BELLIA,Piazza Armerina,94015,"Enna,Sicily",Italy,RM,SH,Y,,SH - Slaughterhouse,,
1171 S,LOGISTICA CARNI SRL UNIPERSONALE DI FLORIO SABATO,LAVINAIO TRAVERSA PESSONI,San Giuseppe Vesuviano,80047,Campania,Italy,RM,CP,N,,CP - Cutting Plant,,
2240 M,LOGUDORO CARNI EUR S.R.L.,LOC. MOLINOS SNC,Uddusò/Buddusò,,"Sassari,Sardinia",Italy,RM,SH CP,Y,,SH - Slaughterhouse | CP - Cutting Plant,,
1811 S,LOIPOLL S.R.L.,"VIA G.B. MORONI, 232",Bergamo,24125,"Bergamo,Lombardy",Italy,RM,CP,N,,CP - Cutting Plant,,
046FR207,LOLLI S.R.L.,"VIA PRENESTINA KM 51,200",Paliano,03018,"Frosinone,Lazio",Italy,RM,CP,N,,CP - Cutting Plant,,
1017 S,LOMA S.R.L.,E. FERMI,Casoria,80026,Campania,Italy,RM,CP,N,,CP - Cutting Plant,,
Q4V2W,LOMBARDA CARNI S.R.L.,COMO,Brivio,,"Lecco,Lombardy",Italy,RM,CP,N,,CP - Cutting Plant,,
CEIT9-751 L,LOMBARDI DAVIDE,"VIA UMBERTO I, 2",Mombasiglio,12070,"Cuneo,Piemont",Italy,RM,CP SH,Y,caprine ovine equine porcine bovine,CP - Cutting Plant | SH - Slaughterhouse,,
IT2565 M,LOMBARDI VITO,CONTRADA JAZZO DEL FORNO SN,Altamura,70022,"Bari,Apulia",Italy,RM,SH,Y,,SH - Slaughterhouse,,
2869 S,LOMBARDIA CARNI SRL,VIA VOLTA 6,Almè,24011,"Bergamo,Lombardy",Italy,RM,CP,N,,CP - Cutting Plant,,
2138 S,LONGA CARNI SRL,"VIA FLORIN, 261",Livigno,23030,Lombardy,Italy,RM,CP,N,,CP - Cutting Plant,,
R7N8K,LORD SALUMI DI SEVERGNINI GUIDO ETTORE & C. SNC,ROMA,Ripalta Vecchia,26020,"Cremona,Lombardy",Italy,RM,SH,Y,,SH - Slaughterhouse,,
1065 L,LORENZI SPA,VIA PAPA GIOVANNI XXIII 11,Lallio,24040,"Bergamo,Lombardy",Italy,RM,CP,N,,CP - Cutting Plant,,
9 1708 L,LORENZINI S.A.S. DI LORENZINI ROSSANO & C.,DEI LECCI,Civitella in Val di Chiana,52041,"Arezzo,Tuscany",Italy,RM,SH CP,Y,,SH - Slaughterhouse | CP - Cutting Plant,,
B8S0F,LORETO CARNI S.R.L.,FALCONE,Treviolo,24048,"Bergamo,Lombardy",Italy,RM,CP,N,,CP - Cutting Plant,,
N352W,LOVAZZANO PIETRO,NOVI,Sarezzano,15050,Piemont,Italy,RM,SH,Y,,SH - Slaughterhouse,,
N6J4G,LUCCHESI CARNI E SALUMI DI LUCCHESI F. & C. SAS,CASCINA - FRAZ. BOZZANO,Massarosa,55054,"Lucca,Tuscany",Italy,RM,CP,N,,CP - Cutting Plant,,
G1J62,LUCCO BORLERA MARINO,DEL MULINO,Collegno,10040,"Torino,Piemont",Italy,RM,SH,Y,,SH - Slaughterhouse,,
T3M2V,LUGANA CARNI SNC DI LUGANA PAOLO E C.,TITO SPERI,Lonato del Garda,25010,"Brescia,Lombardy",Italy,RM,SH,Y,,SH - Slaughterhouse,,
P774L,LUMETTA S.R.L.,NAZIONALE,Cinisi,90045,"Palermo,Sicily",Italy,RM,SH,Y,,SH - Slaughterhouse,,
1143 L,LUSETTI SALUMI SRL,VIA NAZIONALE CISA KM 162 N.36 B/C,Suzzara,46029,"Mantua,Lombardy",Italy,RM,CP,N,,CP - Cutting Plant,,
V2E6D,L`ALCO GRANDI MAGAZZINI SPA,MOLINI,Lonato del Garda,25017,"Brescia,Lombardy",Italy,RM,CP,N,,CP - Cutting Plant,,
2306 M,M.A.B. CARNI S.R.L.,Strada per Ciconio,Ozegna,10080,"Torino,Piemont",Italy,RM,SH CP,Y,bovine caprine ovine porcine equine,SH - Slaughterhouse | CP - Cutting Plant,,
835 S,M.A.R.R. SPA (MAGAZZ. ALIMENT. RIUN. RIMIN.),VIA G. PASCOLI SNC,Casoria,80026,Campania,Italy,RM,CP,N,,CP - Cutting Plant,,
2014 M,M.B. CARNI S.R.L.,TANCA MANNA,Macumere/Macomèr,08015,"Nuoro,Sardinia",Italy,RM,CP SH,Y,,CP - Cutting Plant | SH - Slaughterhouse,,
9 2463 L,M.B. DI BERINI GIORGIO E C. SNC,MARCONI,Beura-Cardezza,28805,"Verbano-Cusio-Ossola,Piemont",Italy,RM,SH,Y,,SH - Slaughterhouse,,
CE IT 0 483 M,M.C.M. DI MARTINA ADRIANO E C. SNC,"VIA CAVOUR, 177",Bagnolo Piemonte,12031,Piemont,Italy,RM,CP SH,Y,,CP - Cutting Plant | SH - Slaughterhouse,,
CE IT 1697M,M.E.C. SPA,"VIA CIRCONVALLAZIONE, 26",Montanera,12040,"Cuneo,Piemont",Italy,RM,SH CP,Y,,SH - Slaughterhouse | CP - Cutting Plant,,
1806 M,M.M. CARNI S.R.L.,"VIA VERDI, 31",Palazzo Pignano,26020,"Cremona,Lombardy",Italy,RM,CP SH,Y,,CP - Cutting Plant | SH - Slaughterhouse,,
1832M,M.O.C. S.R.L.,VIA TUOPPOLO 6,Calvi,,"Benevento,Campania",Italy,RM,SH,Y,,SH - Slaughterhouse,,
P321F,M.T.C. SRL,DON C.MURENA,Travedona Monate,21020,"Varese,Lombardy",Italy,RM,CP,N,,CP - Cutting Plant,,
U0A80,MA-BO MACELLAZIONE BOVINI SRL,DESTRA GUERRO,Castelvetro di Modena,41014,"Modena,Emilia-Romagna",Italy,RM,CP SH,Y,,CP - Cutting Plant | SH - Slaughterhouse,,
G7S3Q,MA. PA. S.N.C. DEI F.LLI PASTURA & C,MADDALENA,Fuscaldo,87027,"Cosenza,Calabria",Italy,RM,SH,Y,,SH - Slaughterhouse,,
1841 F,MA.DI.CAR. SRL,E. MELATELLO,Forlimpopoli,47034,"Forlì-Cesena,Emilia-Romagna",Italy,RM,CP,N,,CP - Cutting Plant,,
660M,MA.GE.MA. SOCIETA' AGRICOLA COOPERATIVA,VIA BEVANO 3,Castiglione di Ravenna,48100,"Ravenna,Emilia-Romagna",Italy,RM,SH,Y,,SH - Slaughterhouse,,
1123 M,MA.LA.C.A. DI MEO O. DI G. MEO & C. SAS,LECCE,Lecce,73010,"Lecce,Apulia",Italy,RM,SH,Y,,SH - Slaughterhouse,,
1123M,MA.LA.CA. S.A.S.,VIA PORTOGALLO N.38 ZONA INDUSTRIALE,Surbo,73010,"Lecce,Apulia",Italy,RM,SH CP,Y,,SH - Slaughterhouse | CP - Cutting Plant,,
N7J74,MA.VI SRL SOCIETA' AGRICOLA,GULF ITALIANA,Terranova dei Passerini,26845,"Lodi,Lombardy",Italy,RM,CP,N,,CP - Cutting Plant,,
2613 M,MACAT S.R.L.,CONTRADA MIDICHICCHIO,Floridia,96014,"Siracusa,Sicily",Italy,RM,SH,Y,,SH - Slaughterhouse,,
N914P,MACCARIO GIANFRANCO,GARIBALDI,Boves,12012,Piemont,Italy,RM,SH,Y,,SH - Slaughterhouse,,
Q1Q4D,MACCHI FRANCESCO MACELLERIA,VIA MATTEOTTI 30/32,Ferrera Erbognone,27030,"Pavia,Lombardy",Italy,RM,SH,Y,,SH - Slaughterhouse,,
M2F62,MACELLAI RIUNITI SNC,MARINELLA,Castel del Piano,58033,"Grosseto,Tuscany",Italy,RM,SH CP,Y,,SH - Slaughterhouse | CP - Cutting Plant,,
1267 M,MACELLATORI TEATINI SOCIETA' COOPERATIVA,VIA F.LLI POMILIO 90,Chieti,66100,"Chieti,Abruzzo",Italy,RM,SH,Y,,SH - Slaughterhouse,,
Q2E1W,MACELLAZIONE CASANOVA SNC,VIA FONTE CUPA 1,Senarica,65010,"Pescara,Abruzzo",Italy,RM,SH,Y,,SH - Slaughterhouse,,
932 M,MACELLAZIONE E TRASFORMAZIONE CARNI VALPA DI TASSI D. E C. SNC,GRANDE - FRAZ. RIVARA,San Felice sul Panaro,41038,"Modena,Emilia-Romagna",Italy,RM,SH,Y,,SH - Slaughterhouse,,
2383 M,MACELLAZIONE E TRASFORMAZIONI INNOVATIVE SRL,SA COVECADA,Tula,07010,"Sassari,Sardinia",Italy,RM,SH,Y,,SH - Slaughterhouse,,
801 M,MACELLAZIONE F.LLI MAGNARELLO DI MAGNARELLO ANNA MARIA & C. S.A.S.,"VIA ROTELLA DESTRA, 29",Sant'Urbano,35040,"Padova,Veneto",Italy,RM,SH CP,Y,,SH - Slaughterhouse | CP - Cutting Plant,,
Q4U8Y,MACELLAZIONI B.M.F. SNC DI FRAULO C. E ALBERTINI N.,DEL MATTATOIO,Marsciano,06055,"Perugia,Umbria",Italy,RM,CP SH,Y,,CP - Cutting Plant | SH - Slaughterhouse,,
M5F7N,MACELLAZIONI F.LLI DI MATTIOLI FRANCESCO E MARIO SNC,VIA PAGANINA 1,Pietole,46030,"Mantua,Lombardy",Italy,RM,CP SH,Y,,CP - Cutting Plant | SH - Slaughterhouse,,
N4J3P,MACELLERIA SIRI DI SIRI GIAMPIERO,"VIA FERRIERA, 3/2",Urbe,17048,"Savona,Liguria",Italy,RM,SH,Y,,SH - Slaughterhouse,,
9 2299 L,MACELLERIA - SALUMERIA SEGOR DI SEGOR E C. S.N.C.,P. CHANOUX,Villeneuve,11018,Aosta Valley,Italy,RM,CP,N,,CP - Cutting Plant,,
W5V5D,MACELLERIA BADETTO DI CAPPELLINI FIORENZO E CAPPELLINI MANUEL SNC,BADETTO,Losine,25040,"Brescia,Lombardy",Italy,RM,SH,Y,,SH - Slaughterhouse,,
U2C9J,MACELLERIA BAGINI GIANCARLO & CORRADO SNC,VIA CIRCONVALLAZIONE 2,Lallio,24040,"Bergamo,Lombardy",Italy,RM,SH,Y,,SH - Slaughterhouse,,
J281X,MACELLERIA BARINDELLI ROBERTO,VIA ORTALLI,Valbrona,22039,"Como,Lombardy",Italy,RM,SH,Y,,SH - Slaughterhouse,,
P1X8H,MACELLERIA BASSI S.N.C. DI BASSI MASSIMO E FRANCESCO,VIA FRAZ. CASTELLETTO 7,Zelo Surrigone,20080,Lombardy,Italy,RM,SH,Y,,SH - Slaughterhouse,,
CE IT 9 3108 L,MACELLERIA BELLI S.R.L.,VIA PASSEGGIO GARIBALDI N. 55,Torrita di Siena,53049,"Siena,Tuscany",Italy,RM,CP,N,,CP - Cutting Plant,,
G0R30,MACELLERIA BELLI SRL,ALDO MORO,Torrita di Siena,53049,"Siena,Tuscany",Italy,RM,CP,N,,CP - Cutting Plant,,
N164D,MACELLERIA BERTOLONE MAURO,VIA VALLE GOLA 33,Pino Torinese,10025,"Torino,Piemont",Italy,RM,SH,Y,,SH - Slaughterhouse,,
U1H6T,MACELLERIA BIANCHI GEROLAMO,VIA KENNEDY 49,Borghetto Lodigiano,20078,"Lodi,Lombardy",Italy,RM,SH,Y,,SH - Slaughterhouse,,
N508F,MACELLERIA BIER SNC DI BIER FILIPPO E C.,VIA ZORUTTI 1,Cavasso Nuovo,33092,Friuli Venezia Giulia,Italy,RM,SH,Y,,SH - Slaughterhouse,,
U3E24,MACELLERIA BOLLONE DI BOLLONE MASSIMO,TOMMASO FERRERI,Barbania,10070,"Torino,Piemont",Italy,RM,SH,Y,,SH - Slaughterhouse,,
J6500,MACELLERIA BORELLA DI BORGAZZI EMILIO,VITTORIO EMANUELE,Miazzina,28801,"Verbano-Cusio-Ossola,Piemont",Italy,RM,SH,Y,,SH - Slaughterhouse,,
N8F35,MACELLERIA BRESCIANI SNC,VIA TRENTO 18,Cazzago San Martino,25046,"Brescia,Lombardy",Italy,RM,SH,Y,,SH - Slaughterhouse,,
U0F7B,MACELLERIA CALL S.A.S. DI CALL HELMUT & CO.,S. VIGILIO - VIA CATARINA LANZ,Marèo - Enneberg - Marebbe,39030,"South Tyrol,Trentino-Alto Adige/Südtirol",Italy,RM,SH,Y,,SH - Slaughterhouse,,
B5G62,MACELLERIA CASTELLI STEFANO,VIA DUCA D'AOSTA 35,Romano di Lombardia,24058,"Bergamo,Lombardy",Italy,RM,SH,Y,,SH - Slaughterhouse,,
S7M8M,MACELLERIA CONSONNI S.A.S. DI ALBERTO E ANDREA CONSONNI & C.,"VIA A. MANZONI, 40",Castiglione Olona,21040,"Varese,Lombardy",Italy,RM,SH,Y,,SH - Slaughterhouse,,
Q273U,MACELLERIA CONTESSI DI CONTESSI DONATO E C. SNC,CAVOUR,Pisogne,25055,"Brescia,Lombardy",Italy,RM,SH,Y,,SH - Slaughterhouse,,
UE IT 1844 F,MACELLERIA COPPIELLO GIOVANNI S.R.L.,VIA S. G. BARBARIGO 26,Vigonza,35010,"Padova,Veneto",Italy,RM,CP,N,,CP - Cutting Plant,,
Y6H4B,MACELLERIA DAL CIN TRANQUILLO S.N.C. DI DAL CIN GUIDO E MERJ,VIA VALSUGANA 17,Col San Martino,31010,"Treviso,Veneto",Italy,RM,SH CP,Y,,SH - Slaughterhouse | CP - Cutting Plant,,
V4Y6Z,MACELLERIA DE GASPARI DI DE GASPARI STEFANO E SIMONE S.N.C.,BASSA III,Campodarsego,35011,"Padova,Veneto",Italy,RM,SH,Y,,SH - Slaughterhouse,,
M4N6U,MACELLERIA DI FROSIO ELIA,NAZIONALE,Vezza d'Oglio,25059,Lombardy,Italy,RM,SH,Y,,SH - Slaughterhouse,,
R0A1D,MACELLERIA DM DI DI MARCO JONNY E C SNC,AMENDOLA,Bibbona,57020,"Livorno,Tuscany",Italy,RM,CP,N,,CP - Cutting Plant,,
J291B,MACELLERIA DONINI SNC DI DONINI MARZIO & C.,VIA XXV APRILE 11,Bozzolo,,"Mantua,Lombardy",Italy,RM,SH,Y,,SH - Slaughterhouse,,
R5S61,MACELLERIA E SALUMERIA BOMBARDIERI DI MAURO BOMBARDIERI & C. SAS,VIA PALAZZETTA 35,Uzza,23030,"Sondrio,Lombardy",Italy,RM,SH,Y,,SH - Slaughterhouse,,
CE IT 9 2459 L,MACELLERIA E SALUMIFICIO TRONO DI MONTINI GIACOMO & C. SAS,PIAZZA DELLA CHIESA 5,Cantagallo,59025,"Prato,Tuscany",Italy,RM,CP,N,,CP - Cutting Plant,,
L5665,MACELLERIA ERBA,FERROVIA,Porlezza,22018,"Como,Lombardy",Italy,RM,SH,Y,,SH - Slaughterhouse,,
B7M02,MACELLERIA F.LLI ARDEMAGNI & C. SAS,VIA STRADA PROVINCIALE 181 N. 1,Merlino,26833,"Lodi,Lombardy",Italy,RM,SH,Y,,SH - Slaughterhouse,,
R1R60,"MACELLERIA F.LLI GALLI S.N.C. DI GALLI CORRADO, ELISABETTA E GABRIELE",BORGHETTO,Pievepelago,41027,"Modena,Emilia-Romagna",Italy,RM,SH,Y,,SH - Slaughterhouse,,
X6R4D,MACELLERIA F.LLI ZOLA E SERGIO SNC,VIA MURATELLO 38,Nave,25075,"Brescia,Lombardy",Italy,RM,SH,Y,,SH - Slaughterhouse,,
P2551,MACELLERIA FERRARIO S.A.S. DI FERRARIO ANDREA & C.,VIA DEI MILLE 8,Busto Garolfo,20020,"Milan,Lombardy",Italy,RM,SH,Y,,SH - Slaughterhouse,,
N4U2J,MACELLERIA FERRI SAS DI FERRI EUGENIO E C.,VIA AGLIARDI CAV QUARTO 16,Via alla Francesca,24050,Lombardy,Italy,RM,SH,Y,,SH - Slaughterhouse,,
9 565 L,MACELLERIA FOLIE S.R.L.,N/A VIA PRICIPALE 39,Graun - Curon Venosta,39027,"South Tyrol,Trentino-Alto Adige/Südtirol",Italy,RM,CP SH,Y,,CP - Cutting Plant | SH - Slaughterhouse,,
V1R0Z,MACELLERIA FRATELLI MASIELLO DI MASIELLO MICHELE E C. - S.N.C.,OCCIDENTALE,Ripalimosani,86025,"Campobasso,Molise",Italy,RM,SH,Y,,SH - Slaughterhouse,,
B2T3J,MACELLERIA GAGGERO S.N.C.,"VIA BARASINO, 11",Pedemonte,16010,"Genoa,Liguria",Italy,RM,SH,Y,,SH - Slaughterhouse,,
W5854,MACELLERIA GALMOZZI GIULIO CESARE,MARCONI,Crema,26010,"Cremona,Lombardy",Italy,RM,SH,Y,,SH - Slaughterhouse,,
R3Y1L,MACELLERIA GANDA ELIO SRL,VIA ROMA 43,Vighizzolo,26030,"Cremona,Lombardy",Italy,RM,SH,Y,,SH - Slaughterhouse,,
D835Y,MACELLERIA GASTRONOMIA SPAGARINO GIUSEPPINA DI FRESIA MARCO,ALBA,Costigliole d'Asti,14055,"Asti,Piemont",Italy,RM,SH,Y,,SH - Slaughterhouse,,
X3Y2H,MACELLERIA GAVAZZI DI GAVAZZI MASSIMILIANO,KENNEDY,Gussago,25050,"Brescia,Lombardy",Italy,RM,SH,Y,,SH - Slaughterhouse,,
P6H4P,MACELLERIA GELIO FABIO E FIGLIE DI BONETTI LORELLA,BERTOLDI,Pescantina,37026,"Verona,Veneto",Italy,RM,SH CP,Y,,SH - Slaughterhouse | CP - Cutting Plant,,
Y3196,MACELLERIA GERVASONI,"VIALE EUROPA, 38",Casella,16015,"Genoa,Liguria",Italy,RM,SH,Y,,SH - Slaughterhouse,,
V772Y,MACELLERIA GHIRINGHELLI,MARIO DAVI,Travedona Monate,21020,"Varese,Lombardy",Italy,RM,SH,Y,,SH - Slaughterhouse,,
Y0D3C,MACELLERIA GORI SRL,DELLO SPUNTONE,Colle di Val d'Elsa,53034,"Siena,Tuscany",Italy,RM,CP,N,,CP - Cutting Plant,,
9 2502 L,MACELLERIA GRUBER SRL,SAUDERS,Kastelruth - Castelrotto,39043,"South Tyrol,Trentino-Alto Adige/Südtirol",Italy,RM,CP,N,,CP - Cutting Plant,,
Q403A,MACELLERIA IRRONEO - S.N.C.- DI IRRONEO VITTORE E C.,ROMA,Uzza,23030,"Sondrio,Lombardy",Italy,RM,SH CP,Y,,SH - Slaughterhouse | CP - Cutting Plant,,
K6N3H,MACELLERIA ISOLA GIUSEPPE SRL,VIA CASALE DI SOPRA - FRAZIONE S.EUSTACCHIO,Montoro,83025,"Avellino,Campania",Italy,RM,CP,N,,CP - Cutting Plant,,
9 567 L,MACELLERIA KIEM SRL,STATALE,Tartsch - Tarces,39020,"South Tyrol,Trentino-Alto Adige/Südtirol",Italy,RM,CP,N,,CP - Cutting Plant,,
G0T4C,MACELLERIA LOCATELLI MARCO DI LOCATELLI FRANCESCO & C. SNC,VIA SANT'OMOBONO 58/A,Sant'Omobono Terme,23802,"Bergamo,Lombardy",Italy,RM,SH,Y,,SH - Slaughterhouse,,
9 1070 L,MACELLERIA MAIR DI KUENRATH ROLAND & CO SNC,VIA FLORA,Glurns - Glorenza,39020,Trentino-Alto Adige/Südtirol,Italy,RM,SH,Y,,SH - Slaughterhouse,,
UE IT 9 1715 L,MACELLERIA MARINI MARCO DI MARINI NICOLA E MANUEL SNC,VIA C. LEVI NCM,Agliana,51031,"Pistoia,Tuscany",Italy,RM,CP,N,,CP - Cutting Plant,,
N188W,MACELLERIA MARTINI DI MARTINI SIMONE,GIOTTO,Solesino,35047,"Padova,Veneto",Italy,RM,SH,Y,,SH - Slaughterhouse,,
M1W60,MACELLERIA MARZANO DI MARZANO GAETANO E FIGLI - S.N.C.,FONTE LAPPONE,Sant'Angelo in Grotte,86090,"Isernia,Molise",Italy,RM,SH,Y,,SH - Slaughterhouse,,
CE IT V8L0Z,MACELLERIA MATTAROLLO S.A.S. DI MATTAROLLO GIUSEPPE & C.,VIA ORTIGARA 9,Paese,31038,Veneto,Italy,RM,SH,Y,,SH - Slaughterhouse,,
Q852G,MACELLERIA MAZZUCCHELLI DAVIDE,VIA SAN GREGORIO 10,Edolo,25048,Lombardy,Italy,RM,SH,Y,,SH - Slaughterhouse,,
9 570 L,MACELLERIA METZGEREI EGGER MARKUS,FORRIGASSE-VICOLO FORRI,Mölten - Meltina,39010,"South Tyrol,Trentino-Alto Adige/Südtirol",Italy,RM,CP SH,Y,,CP - Cutting Plant | SH - Slaughterhouse,,
W2L68,MACELLERIA MONTABONE DI MONTABONE CORRADO,MONTENERO,Oulx,10056,"Torino,Piemont",Italy,RM,SH,Y,,SH - Slaughterhouse,,
N6Q4A,MACELLERIA MONTIGLIO DI MONTIGLIO MASSIMO,VIA URBANO RATTAZZI 29,Masio,10046,Piemont,Italy,RM,SH,Y,,SH - Slaughterhouse,,
C2R57,MACELLERIA NEGRI SERGIO DI NEGRI GIUSEPPE E NEGRI ROSSANA S.N.C.,MARCONI,Guidizzolo,46040,Lombardy,Italy,RM,CP SH,Y,,CP - Cutting Plant | SH - Slaughterhouse,,
W582T,MACELLERIA NIEDERBRUNNER DI NIEDERBRUNNER EDITH,VIA PAESE,Al Plan de Mareo - St. Vigil in Enneberg - San Vigilio di Marebbe,39030,"South Tyrol,Trentino-Alto Adige/Südtirol",Italy,RM,SH,Y,,SH - Slaughterhouse,,
Q7C3H,MACELLERIA OLIVETTI DI OLIVETTI GIACOMO E C. SNC,VIA MONTELLO 6,Dello,25020,"Brescia,Lombardy",Italy,RM,SH,Y,,SH - Slaughterhouse,,
9 2414 L,MACELLERIA ORLANDI DI ORLANDI GIORGIO,T. DECIANI,Martignacco,33035,Friuli Venezia Giulia,Italy,RM,SH CP,Y,,SH - Slaughterhouse | CP - Cutting Plant,,
H521B,MACELLERIA PARIS IVAN,VIA TONALE 177,Sant'Antonio,24060,"Bergamo,Lombardy",Italy,RM,SH,Y,,SH - Slaughterhouse,,
L7091,MACELLERIA PATTIS SNC DI PATTIS ROMAN & C,BREITENKOFL,Deutschnofen - Nova Ponente,39050,"South Tyrol,Trentino-Alto Adige/Südtirol",Italy,RM,SH CP,Y,,SH - Slaughterhouse | CP - Cutting Plant,,
K120V,MACELLERIA PENSERINI SRL,SANTA LUCIA VILLANOVA,Macerata Feltria,61023,"Pesaro e Urbino,Marche",Italy,RM,CP,N,,CP - Cutting Plant,,
T4E0X,MACELLERIA PINO DI PUGLISI GIUSEPPE,CIBRARIO,Rivalta di Torino,10043,"Torino,Piemont",Italy,RM,CP,N,,CP - Cutting Plant,,
P7E2Q,MACELLERIA PIZZININI SNC DI PIZZININI WALTER & C.,S. CASSIANO - VIA MICURÀ DE Rù 16,Badia - Abtei,39036,"South Tyrol,Trentino-Alto Adige/Südtirol",Italy,RM,SH,Y,,SH - Slaughterhouse,,
Z8M6V,MACELLERIA PLIGER,VIA STAZIONE,Eppan an der Weinstraße - Appiano sulla Strada del Vino,39057,"South Tyrol,Trentino-Alto Adige/Südtirol",Italy,RM,SH,Y,,SH - Slaughterhouse,,
Z8M6V,MACELLERIA PLIGER,VIA STAZIONE,Eppan an der Weinstraße - Appiano sulla Strada del Vino,39057,"South Tyrol,Trentino-Alto Adige/Südtirol",Italy,RM,SH,Y,,SH - Slaughterhouse,,
B7S2X,MACELLERIA PODENZANI DI PODENZANI REMO,VIA PREMOLI 11,Massalengo,26815,Lombardy,Italy,RM,SH,Y,,SH - Slaughterhouse,,
P3D3M,MACELLERIA POLETTI LUIGI,VIA SAN CRISTOFORO 18,Buglio in Monte,23010,Lombardy,Italy,RM,SH CP,Y,,SH - Slaughterhouse | CP - Cutting Plant,,
U9P3H,MACELLERIA PUGNETTI DI PUGNETTI MAURO SAS,SOTTOCOLLE,Battaglia,33030,Friuli Venezia Giulia,Italy,RM,SH,Y,,SH - Slaughterhouse,,
CEIT9-1527L,MACELLERIA REVELLI S.A.S.,VIA ROMA 66,Monastero di Vasco,12080,"Cuneo,Piemont",Italy,RM,CP SH,Y,caprine ovine equine porcine bovine,CP - Cutting Plant | SH - Slaughterhouse,,
T0L60,MACELLERIA RICCI SNC DI RICCI ENRICO E C,TRAVERSA DEI MONTI,Trequanda,53020,"Siena,Tuscany",Italy,RM,CP,N,,CP - Cutting Plant,,
9 3461 L,MACELLERIA ROSSI SRL,VIA FUGGER 3 - ZONA ARTIGIANALE - CAMPI DI SOTTO,Thuins - Tunes,39049,"South Tyrol,Trentino-Alto Adige/Südtirol",Italy,RM,CP,N,,CP - Cutting Plant,,
D6286,MACELLERIA ROSSINI DI ROSSINI TIBERIO & C. SNC,NUOVO,Via alla Francesca,24050,Lombardy,Italy,RM,SH,Y,,SH - Slaughterhouse,,
L1C3V,MACELLERIA SALUMERIA BARAIOLO ERMES,VALERIANA,Traona,23019,Lombardy,Italy,RM,CP SH,Y,,CP - Cutting Plant | SH - Slaughterhouse,,
R0102,MACELLERIA SALUMERIA BELLONI DI BELLONI MASSIMO & C. S.N.C.,IV NOVEMBRE,Zeccone,27010,Lombardy,Italy,RM,SH,Y,,SH - Slaughterhouse,,
J4T0R,MACELLERIA SALUMERIA DA NATALINO DI COSTA NATALINO,ABASSE,Acqui Terme,15010,"Alessandria,Piemont",Italy,RM,SH,Y,,SH - Slaughterhouse,,
K8Q9B,MACELLERIA SALUMERIA DEL CORSO SRL,CORSO LANGHE 16,Alba,12051,"Cuneo,Piemont",Italy,RM,CP,N,,CP - Cutting Plant,,
C4D5Q,MACELLERIA SALUMERIA GIACOBBE DI G.B. GIACOBBE & C. S.A.S.,"ZUNINI,",Sassello,17046,"Savona,Liguria",Italy,RM,SH,Y,,SH - Slaughterhouse,,
9 2606 L,MACELLERIA SALUMERIA NOBILI ARNALDO S.R.L.,"Via Stelvio, 18",Poggiridenti,23020,"Sondrio,Lombardy",Italy,RM,CP,N,,CP - Cutting Plant,,
V886T,MACELLERIA SALUMERIA SILVIO BRARDA DI LUCA GANDIONE E C. S.N.C.,VIA A. PEYRON 28,Cavour,10061,"Torino,Piemont",Italy,RM,CP,N,,CP - Cutting Plant,,
R1S1P,MACELLERIA SALUMERIA VERGANI SNC DI ANGELO E GIOVANNI VERGANI,VIA ROMA 98,Inverigo,22044,"Como,Lombardy",Italy,RM,CP,N,,CP - Cutting Plant,,
2856 S,MACELLERIA SAN GIUSEPPE S.R.L.,CONTRADA CAVA ISPICA CIANCIA 22,Ispica,97014,"Ragusa,Sicily",Italy,RM,CP,N,,CP - Cutting Plant,,
P4V8Y,MACELLERIA SERNESI DI LEONARDO SERNESI & C. S.N.C.,MAZZINI - LOC. PONTE DELLA VENTURINA GRANAGLIONE,Alto Reno Terme,40046,"Bologna,Emilia-Romagna",Italy,RM,CP,N,,CP - Cutting Plant,,
CE IT Q8X0P,MACELLERIA SPADA,VIA MARTIRI E CADUTI 52,Demonte,12014,"Cuneo,Piemont",Italy,RM,SH,Y,,SH - Slaughterhouse,,
P8103,MACELLERIA TAGLIAFICO DI TAGLIAFICO ANDREA E GIUSEPPE S.N.C.,VIA SAN BENEDETTO 6,Tagliolo Monferrato,15070,"Alessandria,Piemont",Italy,RM,SH,Y,,SH - Slaughterhouse,,
CEITP0U8B,MACELLERIA TARICCO DI TARICCO GIANMARCO & C S.N.C.,PIAZZA SAN GIOVANNI 12,Farigliano,12060,"Cuneo,Piemont",Italy,RM,CP,N,caprine ovine equine porcine bovine,CP - Cutting Plant,,
T2W8T,MACELLERIA TEANI SNC DI TEANI ANGELO & C.,VIA ALDO MORO 1,Lallio,24040,"Bergamo,Lombardy",Italy,RM,SH,Y,,SH - Slaughterhouse,,
9 3223 L,MACELLERIA THIALER EUGEN & CO. SAS,VIA ARENA,Prad am Stilfserjoch - Prato allo Stelvio,39026,"South Tyrol,Trentino-Alto Adige/Südtirol",Italy,RM,CP,N,,CP - Cutting Plant,,
V6J3P,MACELLERIA TOMMASINI MARIA S.A.S. DI VENTURELLI FRANCESCO & C.,C. BATTISTI,Sommacampagna,37066,"Verona,Veneto",Italy,RM,SH,Y,,SH - Slaughterhouse,,
G1T97,MACELLERIA TORRE MARIANO DI TORRE PIETRO,DOMENICO CUNEO,San Colombano Certenoli,16040,"Genoa,Liguria",Italy,RM,SH,Y,,SH - Slaughterhouse,,
CE IT 9 2596 L,MACELLERIA TOZZETTI SNC,VIA POGGIO BORGONI - MERCATALE V.P. 41/E,San Casciano in Val di Pesa,50026,"Metropolitan City of Florence,Tuscany",Italy,RM,CP,N,,CP - Cutting Plant,,
J9L6S,MACELLERIA TRABALZA SNC,LOC. NAVELLO,Spello,06038,"Perugia,Umbria",Italy,RM,CP,N,,CP - Cutting Plant,,
F9U1Z,MACELLERIA TRE CAPITELLI DI PIZZONI ANDREA,TRENTO,Idro,25074,"Brescia,Lombardy",Italy,RM,SH,Y,,SH - Slaughterhouse,,
D1L59,MACELLERIA TROGLIO GUIDO,VIA GENOVA 72,Bobbio,29020,"Piacenza,Emilia-Romagna",Italy,RM,SH,Y,,SH - Slaughterhouse,,
UE IT N117P,MACELLERIA VERCELLONE DI VERCELLONE VALERIO E STEFANO S.N.C.,VIA TORRETTE 43,Bernezzo,12010,"Cuneo,Piemont",Italy,RM,SH CP,Y,bovine caprine ovine porcine equine,SH - Slaughterhouse | CP - Cutting Plant,,
Q2S14,MACELLERIA ZANI SNC,VIA MONTE 21,Villanova sull'Arda,29010,Emilia-Romagna,Italy,RM,SH,Y,,SH - Slaughterhouse,,
1287 M,MACELLERIA ZIVIERI MASSIMO SRL,CASSOLETTA,Valsamoggia,40053,"Bologna,Emilia-Romagna",Italy,RM,CP SH,Y,,CP - Cutting Plant | SH - Slaughterhouse,,
B1C1P,MACELLERIA ZONTA GIAN DOMENICO,PRADA,Capo di Ponte,19,Lombardy,Italy,RM,SH,Y,,SH - Slaughterhouse,,
T911R,"MACELLERIE BAZZOLI SNC DI BAZZOLI SERGIO, LUCA, PATRICK & C.",LINGESSIMA,Sella Giudicarie,38087,"Trento,Trentino-Alto Adige/Südtirol",Italy,RM,SH CP,Y,,SH - Slaughterhouse | CP - Cutting Plant,,
CE IT E7X12,MACELLERIE FRATELLI CAVALLO DI CAVALLO MAURO E C. S.N.C.,STRADA STATALE 94,Peveragno,12016,"Cuneo,Piemont",Italy,RM,CP,N,,CP - Cutting Plant,,
CE IT 1676 M,MACELLI DI SAN MINIATO S.R.L.,VIA GUERRAZZI 80,San Miniato,56028,"Pisa,Tuscany",Italy,RM,CP SH,Y,,CP - Cutting Plant | SH - Slaughterhouse,,
1561 M,MACELLO BERTELLINI SRL,CASELLI,Reggiolo,42046,Emilia-Romagna,Italy,RM,SH,Y,,SH - Slaughterhouse,,
C531B,MACELLO BOSIA STEFANO,"VIA IPPOLITO, 14",Bascapè,27010,"Pavia,Lombardy",Italy,RM,SH CP,Y,,SH - Slaughterhouse | CP - Cutting Plant,,
J6W1Z,MACELLO BOSIO MARCO SPACCIO CARNI BOSIO,VIA CHIESA VECCHIA 24,Voltaggio,15060,"Alessandria,Piemont",Italy,RM,SH,Y,,SH - Slaughterhouse,,
Z1K7S,MACELLO CAGLIANO SNC,CASCINA SAN PIETRO 111,Tronzano Vercellese,13049,"Vercelli,Piemont",Italy,RM,CP,N,,CP - Cutting Plant,,
405 M,MACELLO CAMPIONE DI LEBOVITZ GIANCARLO E MASSIMO & C. SNC,"VIA MATTARELLA, 10",Bagnolo San Vito,46031,"Mantua,Lombardy",Italy,RM,CP SH,Y,,CP - Cutting Plant | SH - Slaughterhouse,,
N610F,MACELLO CASTELROTTO,TELFEN LANZIN,Kastelruth - Castelrotto,39040,"South Tyrol,Trentino-Alto Adige/Südtirol",Italy,RM,SH CP,Y,,SH - Slaughterhouse | CP - Cutting Plant,,
J6U81,MACELLO CIVICO DI MERANO,ST. JOSEF STR.,Meran - Merano,39012,"South Tyrol,Trentino-Alto Adige/Südtirol",Italy,RM,SH CP,Y,,SH - Slaughterhouse | CP - Cutting Plant,,
Z5F0R,MACELLO COMUNALE,VIA 4 NOVEMBRE 11,Losine,25040,"Brescia,Lombardy",Italy,RM,SH,Y,,SH - Slaughterhouse,,
F4K4L,MACELLO COMUNALE DI RENON,ZONA ARTIGIANALE 30,Ritten - Renon,39054,"South Tyrol,Trentino-Alto Adige/Südtirol",Italy,RM,SH,Y,,SH - Slaughterhouse,,
M780U,MACELLO COMUNALE DI SAN LORENZO BELLIZZI,VIA C.DA SGOTTO 12,Alessandria del Carretto,87070,Calabria,Italy,RM,SH,Y,,SH - Slaughterhouse,,
C4R8F,MACELLO COMUNALE MURO LUCANO,PASCONE,Muro Lucano,85054,"Potenza,Basilicata",Italy,RM,SH,Y,,SH - Slaughterhouse,,
F0B1K,MACELLO D.F.I. DI CALVETTO IVAN DOMENICO,VIA BOSELLI 29,Cumiana,10040,"Torino,Piemont",Italy,RM,SH CP,Y,,SH - Slaughterhouse | CP - Cutting Plant,,
1635 M,MACELLO DEL SORBO SNC DI PASQUALE DEL SORBO,NAZIONALE,Corbara,80050,"Salerno,Campania",Italy,RM,SH,Y,,SH - Slaughterhouse,,
2269 M,MACELLO DI BOLZANO,GALVANI,Bolzano - Bozen,39100,"South Tyrol,Trentino-Alto Adige/Südtirol",Italy,RM,CP SH,Y,,CP - Cutting Plant | SH - Slaughterhouse,,
218 M,MACELLO DI PARMA S.R.L.,"DEL TAGLIO, 6",Parma,43126,"Parma,Emilia-Romagna",Italy,RM,CP SH,Y,,CP - Cutting Plant | SH - Slaughterhouse,,
X8021,MACELLO DI SARENTINO,ZONA INDUSTRIALE,Sarntal - Sarentino,39058,"South Tyrol,Trentino-Alto Adige/Südtirol",Italy,RM,SH,Y,,SH - Slaughterhouse,,
G4A76,MACELLO FORTE DI FORTE ADELE,"STRADA STATALE 85 VENAFRANA - KM. 24,600",Pozzilli,,"Isernia,Molise",Italy,RM,SH CP,Y,,SH - Slaughterhouse | CP - Cutting Plant,,
CE IT 2198 M,"MACELLO GARZARO S.N.C. DI GARZARO ANDREA, NICOLA & C.",VIA STRAELLE 13,Borgoricco,35010,"Padova,Veneto",Italy,RM,SH,Y,,SH - Slaughterhouse,,
U4M65,MACELLO MARSON DI ZANET MARIA MERY,VIA BELVEDERE 88,Chiesanuova,30020,"Venezia,Veneto",Italy,RM,SH,Y,,SH - Slaughterhouse,,
735 M,MACELLO PADANO S.R.L.,Via CANTARANA 1,San Cipriano Po,27043,"Pavia,Lombardy",Italy,RM,SH,Y,,SH - Slaughterhouse,,
CE IT 1601 M,MACELLO PICCOLO SRL,VIA CA` BASADONNA 31,Lozzo Atestino,35034,Veneto,Italy,RM,CP SH,Y,,CP - Cutting Plant | SH - Slaughterhouse,,
A6N2U,MACELLO PIEMONTE NORD S.R.L.,VIA NAZIONALE 13,Carema,11026,"Torino,Piemont",Italy,RM,CP SH,Y,,CP - Cutting Plant | SH - Slaughterhouse,,
F8768,MACELLO RONCHEI EVANGELISTA DI RONCHEI ANDREA,PEDEMONTANA PER BANNONE,Traversetolo,43029,"Parma,Emilia-Romagna",Italy,RM,SH,Y,,SH - Slaughterhouse,,
Y4Q5G,MACELLO SALUMIFICIO DEL COLLE S.R.L. AMM. UNICO PAOLINO GIUSEPPE,LOCALITA' COLLE DEL CARROSO S.N.C.,Mormanno,,"Cosenza,Calabria",Italy,RM,SH,Y,,SH - Slaughterhouse,,
CEITW6G5C,MACELLO SOCIALE VALLE BORMIDA - SOC. AGR. COOP.,VITTORIO EMANUELE,Saliceto,12079,"Cuneo,Piemont",Italy,RM,SH,Y,,SH - Slaughterhouse,,
727 M,MACELLO VALLE ISARCO SRL,VIA JULIUS DURST,Brixen - Bressanone,39042,"South Tyrol,Trentino-Alto Adige/Südtirol",Italy,RM,SH,Y,,SH - Slaughterhouse,,
K6T30,MACELLO VALTARO SOCIETà€ COOPERATIVA,TORRESANA,Borgo Val di Taro,43043,"Parma,Emilia-Romagna",Italy,RM,CP,N,,CP - Cutting Plant,,
N3J5R,MACELLO VISENTIN DI VISENTIN ALEX,SCHIAVONESCA NUOVA,Gorgo al Monticano,31040,Veneto,Italy,RM,SH,Y,,SH - Slaughterhouse,,
G2Y9E,MACELLOLOGO DI BRENTARO GIANNI E C. S.N.C.,VIA ABETONE 52,Isola della Scala,37063,"Verona,Veneto",Italy,RM,CP SH,Y,,CP - Cutting Plant | SH - Slaughterhouse,,
B0216,MACOR BRUNO,TURATI,Rivignano Teor,33061,Friuli Venezia Giulia,Italy,RM,CP SH,Y,,CP - Cutting Plant | SH - Slaughterhouse,,
F6C74,MAFFIOLETTI SAS DEI F.LLI MAFFIOLETTI - MACELLERIA E SALUMERIA,VIA DANTE ALIGHIERI,Stezzano,,"Bergamo,Lombardy",Italy,RM,CP,N,,CP - Cutting Plant,,
W1G34,MAGNA MATER SRL SOCIETA' AGRICOLA,SAN SAVINO,Ripatransone,63065,"Ascoli Piceno,Marche",Italy,RM,CP,N,,CP - Cutting Plant,,
Q129Q,MAGNIN S.N.C. - DI BARATONO GIACOMO LUIGI & C.,SAN GRATO,Torre Canavese,10010,Piemont,Italy,RM,CP,N,,CP - Cutting Plant,,
1683 S,MAGRI` SRL,"ALBERTINI, 34",Ancona,60015,"Ancona,Marche",Italy,RM,CP,N,,CP - Cutting Plant,,
V7W1T,MAINETTI DI TAVERNA GIOVANNA,CASCINA MOLINO MOLGORA,Comazzo,26833,"Lodi,Lombardy",Italy,RM,SH CP,Y,,SH - Slaughterhouse | CP - Cutting Plant,,
V5Y8F,MAINI MATTEO,VIA MASCARETTI 18,San Polo,29010,"Piacenza,Emilia-Romagna",Italy,RM,SH,Y,,SH - Slaughterhouse,,
X365Z,MAIORA S.R.L.,SANTA LUCIA A.C.,Corato,70033,Apulia,Italy,RM,CP,N,,CP - Cutting Plant,,
S1E8V,MAIORANA MAGGIORINO S.P.A.,TENUTA DEL CAVALIERE,Guidonia Montecelio,00012,"Roma Capitale,Lazio",Italy,RM,CP,N,,CP - Cutting Plant,,
IT107BZ013,MAIR KARL,"FRAZ. TULVE, 259",Pfitsch - Val di Vizze,39049,"South Tyrol,Trentino-Alto Adige/Südtirol",Italy,RM,SH,Y,,SH - Slaughterhouse,,
CE IT R6935,MALINVERNI BARBARA E MICHELONE MARCO SOCIETA' SEMPLICE AGRICOLA,VIA QUINTO 9,Olcenengo,13047,"Vercelli,Piemont",Italy,RM,SH,Y,porcine,SH - Slaughterhouse,,
M8H5Y,MALVISI GIULIANO E C. S.N.C.,GAVAZZOLI,Noceto,43015,"Parma,Emilia-Romagna",Italy,RM,SH CP,Y,,SH - Slaughterhouse | CP - Cutting Plant,,
CE IT V3C5N,MANCINI ADRIANA S.N.C. DI CIONI ALBERTO E CIONI MAURIZIO,VIA GUERRAZZI 91/93,San Miniato,56028,"Pisa,Tuscany",Italy,RM,CP,N,,CP - Cutting Plant,,
P804F,MANCINI ENRICO,LOC. STAZIONE VIA PANTIERE,Moie,60030,"Ancona,Marche",Italy,RM,SH,Y,,SH - Slaughterhouse,,
Y3D6M,MANERA PIERLUIGI,VIA FERMI 1/3,Ferrera Erbognone,27030,"Pavia,Lombardy",Italy,RM,CP SH,Y,,CP - Cutting Plant | SH - Slaughterhouse,,
G2D2N,MANGILI BATTISTA,CARLO CERESA,San Giovanni Bianco,24014,Lombardy,Italy,RM,SH,Y,,SH - Slaughterhouse,,
9 1452 L,MANGILI MARIO SRL,ROMA 17,Gromlongo,24030,"Bergamo,Lombardy",Italy,RM,CP SH,Y,,CP - Cutting Plant | SH - Slaughterhouse,,
1357 M,MANINI E MIAZZA SRL,NOVARA,Casale Corte Cerro,,Piemont,Italy,RM,CP,N,,CP - Cutting Plant,,
2868 M,MANNONI RAFFAELE,LOC. MONTE PRAMMA,Thiesi,07047,"Sassari,Sardinia",Italy,RM,SH,Y,,SH - Slaughterhouse,,
1842 S,MANTICA S.R.L.,VOLTA,Villaggio Brollo,20030,"Milan,Lombardy",Italy,RM,CP,N,,CP - Cutting Plant,,
CE IT 1936 M,MANZINI CARNI S.R.L.,VIA TOSCANINI 19,Eraclea,30020,"Venezia,Veneto",Italy,RM,SH,Y,,SH - Slaughterhouse,,
CEITJ345S,MANZO CARNI SNC DI MANZO NATALE & C.,VIA GIOVANNI XXIII 8,Rocca de' Baldi,12047,"Cuneo,Piemont",Italy,RM,CP,N,,CP - Cutting Plant,,
CEIT2535M,MANZO CARNI SNC di MANZO NATALE & C.,FRAZIONE CRAVA - VIA PEIRONE 1/BIS,Rocca de' Baldi,12047,"Cuneo,Piemont",Italy,RM,SH CP,Y,caprine ovine equine porcine bovine,SH - Slaughterhouse | CP - Cutting Plant,,
1953 S,MANZONI WALTER,VIA BORGO ROLDI 29/31,Pandino,26025,Lombardy,Italy,RM,CP,N,,CP - Cutting Plant,,
C5T36,MARCHESE ITALIA SPA,PIETRO AGOSTI,Sanremo,18038,"Imperia,Liguria",Italy,RM,CP,N,,CP - Cutting Plant,,
2903 S,MARCHI S.P.A.,"VIA MONTE TOMBA, 5",Longa,36060,"Vicenza,Veneto",Italy,RM,CP,N,,CP - Cutting Plant,,
2209 M,MARCHIGIANA MACELLAZIONE SRL,GRAZIE DI FIASTRA,Monastero,62020,"Macerata,Marche",Italy,RM,CP SH,Y,,CP - Cutting Plant | SH - Slaughterhouse,,
R346K,MARCHINI DI MARCHINI GIACOMO & C. S.A.S.,VARIANTE CISA,Senato,19038,Liguria,Italy,RM,CP,N,,CP - Cutting Plant,,
9 265 L,MARCHIORI CARNI E SALUMI DI MARCHIORI ROBERTO E TIZIANO SNC,"LOC. FANCH, 1",Fondo,38013,"Trento,Trentino-Alto Adige/Südtirol",Italy,RM,CP,N,,CP - Cutting Plant,,
CEITQ156E,MARCHISIO ALESSANDRO,VIA DEI PARTIGIANI 26-28,Bastia Mondovì,,"Cuneo,Piemont",Italy,RM,CP SH,Y,caprine ovine equine porcine bovine,CP - Cutting Plant | SH - Slaughterhouse,,
A7C95,MARCOLINI MICHELE S.A.S.,VIA DEI FORNI 10,Montecchio,37023,"Verona,Veneto",Italy,RM,SH,Y,,SH - Slaughterhouse,,
2513 S,MARCONATO CARNI S.R.L.,VIA GALILEO FERRARIS 25,Montebelluna,31044,"Treviso,Veneto",Italy,RM,CP,N,,CP - Cutting Plant,,
S5D8H,MARCOVECCHIO LUCIANA,VIA FONTANA VECCHIA,Valle del Sole,66040,Abruzzo,Italy,RM,SH,Y,,SH - Slaughterhouse,,
R6768,MARELLI ERNESTO & C. SNC,VIA G. MAZZINI 8,San Lorenzo,20020,"Milan,Lombardy",Italy,RM,SH,Y,,SH - Slaughterhouse,,
CE IT E7V3S,MARINO MANUEL,VIA CARAGLIO 75,Busca,12022,"Cuneo,Piemont",Italy,RM,SH CP,Y,,SH - Slaughterhouse | CP - Cutting Plant,,
2489 S,MARIO MARTONE SRL,"VIA SCAFATI, 126",Corbara,80050,"Salerno,Campania",Italy,RM,CP,N,,CP - Cutting Plant,,
IT 147 M,MARIO TRONI SRL,"46040 - VIA VALEGGIO, 11",Monzambano,46049,"Mantua,Lombardy",Italy,RM,SH CP,Y,,SH - Slaughterhouse | CP - Cutting Plant,,
G6L3T,MARIOTTI GIANLUCA,VIA SAN ROCCO,Dello,25020,"Brescia,Lombardy",Italy,RM,SH,Y,,SH - Slaughterhouse,,
CE IT 2983 S,MARKAL S.P.A,VIA ORSUCCI VIERI 21,Buggiano,51011,"Pistoia,Tuscany",Italy,RM,CP,N,,CP - Cutting Plant,,
V482C,MARKET INGROSS S.R.L.,via Radici in Piano n. 463,Sassuolo,41049,"Modena,Emilia-Romagna",Italy,RM,CP,N,,CP - Cutting Plant,,
9 3225 L,MARNI SALUMI SRL,CARPINELLI,Possidente,85021,"Potenza,Basilicata",Italy,RM,CP,N,,CP - Cutting Plant,,
A5Y74,MARNIGA VITTORIO,VIA CAVOUR 8,Losine,25040,"Brescia,Lombardy",Italy,RM,SH,Y,,SH - Slaughterhouse,,
C2N1K,MAROCCO BARTOLOMEO,CARMAGNOLA,Grinzano,,"Cuneo,Piemont",Italy,RM,CP SH,Y,,CP - Cutting Plant | SH - Slaughterhouse,,
G4W3C,MAROTA SOCIETA' AGRICOLA SEMPLICE,VIA CIMIRANO,Moglie,63068,Marche,Italy,RM,CP,N,,CP - Cutting Plant,,
969 S,MARR - MAGAZZINI ALIMENTARI RIUNITI RIMINESI,"ZONA IND. MACCHIAREDDU, 5 STRADA",Uda/Uta,09010,"Cagliari,Sardinia",Italy,RM,CP,N,,CP - Cutting Plant,,
1823 S,MARR S.P.A.,"VIA PLEROTE, 6",San Michele al Tagliamento,30028,"Venezia,Veneto",Italy,RM,CP,N,,CP - Cutting Plant,,
2405,MARR S.P.A.,"VIA A. MORO, 37",Monopoli,70043,"Bari,Apulia",Italy,RM,CP,N,,CP - Cutting Plant,,
CE IT Z8U23,MARR SPA,VIA TONI FRANCESCO 285/297,Pistoia,51100,"Pistoia,Tuscany",Italy,RM,CP,N,,CP - Cutting Plant,,
Y7553,MARSILETTI AUGUSTO,VIA VICOLO CHIUSO 4,Gavardo,25085,"Brescia,Lombardy",Italy,RM,SH,Y,,SH - Slaughterhouse,,
2655 S,MARTANA CARNI SAS DI PERSICHETTI DANIELA & C.,VOC. CIMACOLLE N. 469,Massa Martana,06056,"Perugia,Umbria",Italy,RM,CP,N,,CP - Cutting Plant,,
643 M,MARTELLI F.LLI SPA,VIA FRATELLI MARTELLI 2/4,Dosolo,46030,"Mantua,Lombardy",Italy,RM,CP SH,Y,porcine,CP - Cutting Plant | SH - Slaughterhouse,,
H1Q1K,MARTINELLI ALESSANDRO,P.ZZA BONANDRINI 3,Pezzolo,24020,"Bergamo,Lombardy",Italy,RM,SH,Y,,SH - Slaughterhouse,,
H2P22,MARTINELLI GLORIA,VIA OBERDAN,Arcisate,21051,"Varese,Lombardy",Italy,RM,SH CP,Y,,SH - Slaughterhouse | CP - Cutting Plant,,
CE IT Y1Z19,MARTINI MARCO & C. - S.N.C.,VIA MILIA 23,Boves,12012,Piemont,Italy,RM,CP SH,Y,,CP - Cutting Plant | SH - Slaughterhouse,,
N037V,MARTINO LUCA,"VIA CELESTINO VALCALDA, 13",Pedemonte,16010,"Genoa,Liguria",Italy,RM,SH,Y,,SH - Slaughterhouse,,
CE IT 1837 S,MARZI S.P.A.,VIA C. PISACANE 1,Campi Bisenzio,50013,"Metropolitan City of Florence,Tuscany",Italy,RM,CP,N,,CP - Cutting Plant,,
J5F4Q,MASCANZONI CARNI SRL,DELLA BISAVOLA,Bardolino,37011,"Verona,Veneto",Italy,RM,CP,N,,CP - Cutting Plant,,
C1U0P,MASCHERINI GIUSEPPE,CARSEGGIO,Casalfiumanese,40020,"Bologna,Emilia-Romagna",Italy,RM,SH,Y,,SH - Slaughterhouse,,
1088 M,MASCIOLI CARNI SRL,"VIA DELLE CROCI, 1 - FRAZ. ANNIFO",Foligno,06034,"Perugia,Umbria",Italy,RM,CP SH,Y,,CP - Cutting Plant | SH - Slaughterhouse,,
IT1833 M,MASELLI INDUSTRIE S.R.L.,"VIA VOLTA, 16",Ruvo di Puglia,70037,"Bari,Apulia",Italy,RM,SH,Y,,SH - Slaughterhouse,,
U0K2Z,MASSA MARTANA CARNI SRL,DANTE ALIGHIERI,Massa Martana,06056,"Perugia,Umbria",Italy,RM,CP,N,,CP - Cutting Plant,,
Q4G73,MASSERDOTTI ARTURO,FILIPPO CORRIDONI,Lonato del Garda,25010,"Brescia,Lombardy",Italy,RM,CP,N,,CP - Cutting Plant,,
2475 S,MASSERIE DEL SOLE SOC. COOP.,C.DA MONACHELLA,Ragusa,97100,"Ragusa,Sicily",Italy,RM,CP,N,,CP - Cutting Plant,,
154 M,MASSIRONI CARNI SRL,"VIA SONDRIO, 11",Muggiò,20835,"Monza and Brianza,Lombardy",Italy,RM,CP,N,,CP - Cutting Plant,,
J8571,MATASSA CENTRO CARNI DI MATASSA MASSIMO & C. - S.N.C.,COLLE DI ACQUAVIVA,Lupara,86030,"Campobasso,Molise",Italy,RM,SH,Y,,SH - Slaughterhouse,,
L7L3A,MATTATOIO PUBBLICO DEL COMUNE DI LEONESSA,VIA DI VILLA LUCCI SNC,Villa Massi,02016,Lazio,Italy,RM,SH,Y,,SH - Slaughterhouse,,
3103 M,MATTATOIO ALVARO DI SARRA SRL,"VIA FARENSE,12",Fara in Sabina,02032,"Rieti,Lazio",Italy,RM,SH,Y,,SH - Slaughterhouse,,
E7G9X,MATTATOIO CASA DI RECLUSIONE ISILI,LOCALITà€ SARCIDANO,Ìsili/Isili,08033,"Sud Sardegna,Sardinia",Italy,RM,SH,Y,,SH - Slaughterhouse,,
P186P,MATTATOIO COMUNALE,MADONNA DEL BUONCONSIGLIO,Pontremoli,54027,"Massa-Carrara,Tuscany",Italy,RM,SH,Y,,SH - Slaughterhouse,,
2319 M,MATTATOIO COMUNALE,C.DA TRODE,Laureana di Borrello,89833,"Reggio di Calabria,Calabria",Italy,RM,SH,Y,,SH - Slaughterhouse,,
H0H33,MATTATOIO COMUNALE CASTROVILLARI GESTIONE SIGNOR CHIDICHIMO DECIMO GIACINTO,CELIMARRO,Castrovillari,87012,Calabria,Italy,RM,SH,Y,,SH - Slaughterhouse,,
L1J81,MATTATOIO COMUNALE CASTIGLIONE MESSER MARINO,VIA MONSIGNOR GASBARRO,Castiglione Messer Marino,,"Chieti,Abruzzo",Italy,RM,SH CP,Y,,SH - Slaughterhouse | CP - Cutting Plant,,
Y8U95,MATTATOIO COMUNALE DI AGGIUS,LOCALITà€ SIRENA,Lu Palau/Palau,07020,Sardinia,Italy,RM,SH,Y,,SH - Slaughterhouse,,
2375 M,MATTATOIO COMUNALE DI ARBOREA,DICIANNOVE EST,Arborea,09092,"Aristanis/Oristano,Sardinia",Italy,RM,SH,Y,,SH - Slaughterhouse,,
H5V7N,MATTATOIO COMUNALE DI ARZACHENA,"VIA PAOLO DETTORI, 82",Alzachena/Arzachena,07021,"Sassari,Sardinia",Italy,RM,SH,Y,,SH - Slaughterhouse,,
R3B4U,MATTATOIO COMUNALE DI ARZANA,FIRENZE,Àrthana/Arzana,08040,"Nuoro,Sardinia",Italy,RM,SH,Y,,SH - Slaughterhouse,,
E3R91,MATTATOIO COMUNALE DI BITTI,LOCALITà€ MACARRONARE,Bitzi/Bitti,08021,"Nuoro,Sardinia",Italy,RM,SH,Y,,SH - Slaughterhouse,,
V1656,MATTATOIO COMUNALE DI CACCAMO,CONTRADA COSTA DEL CARMELO,Caccamo,90023,"Palermo,Sicily",Italy,RM,SH,Y,,SH - Slaughterhouse,,
2680 M,MATTATOIO COMUNALE DI ENNA,VIA DONIZZETTI,Enna,94100,Sicily,Italy,RM,SH,Y,,SH - Slaughterhouse,,
W4C5F,MATTATOIO COMUNALE DI FAVIGNANA,CONTRADA PLAIA,Favignana,91023,"Trapani,Sicily",Italy,RM,SH,Y,,SH - Slaughterhouse,,
Y1M7F,MATTATOIO COMUNALE DI GUALDO TADINO,SAN LAZZARO,Gualdo Tadino,06023,"Perugia,Umbria",Italy,RM,SH,Y,,SH - Slaughterhouse,,
Z6Q6T,MATTATOIO COMUNALE DI MEANA SARDO,EUROPA,Meana/Meana Sardo,08030,"Nuoro,Sardinia",Italy,RM,SH,Y,,SH - Slaughterhouse,,
W5X6K,MATTATOIO COMUNALE DI PANTELLERIA,"CONTRADA KAZEN, N. 99",Pantelleria,91017,Sicily,Italy,RM,SH,Y,,SH - Slaughterhouse,,
M225M,MATTATOIO COMUNALE DI PERDASDEFOGU,NURAXI,Foghesu/Perdasdefogu,08046,"Nuoro,Sardinia",Italy,RM,SH,Y,,SH - Slaughterhouse,,
2545 M,MATTATOIO COMUNALE DI POZZOMAGGIORE,SAN PIETRO,Putumajore/Pozzomaggiore,07018,"Sassari,Sardinia",Italy,RM,SH,Y,,SH - Slaughterhouse,,
T2H5F,MATTATOIO COMUNALE DI SEDINI,VIA BULORIGA,Séddini/Sedini,07035,"Sassari,Sardinia",Italy,RM,SH,Y,,SH - Slaughterhouse,,
2350 M,MATTATOIO COMUNALE DI SPOLETO,DEI FILOSOFI,Spoleto,06049,"Perugia,Umbria",Italy,RM,SH,Y,,SH - Slaughterhouse,,
N9H5Y,MATTATOIO COMUNALE DI TROINA,SCHIDDACI,Troina,94018,"Enna,Sicily",Italy,RM,SH,Y,,SH - Slaughterhouse,,
A0P16,MATTATOIO COMUNALE DI VALLEDOLMO,CONTRADA SAMPIERI,Valledolmo,,"Palermo,Sicily",Italy,RM,SH,Y,,SH - Slaughterhouse,,
P274X,MATTATOIO COMUNALE DI VILLANOVA MONTELEONE,SA FUNTANA DI SU PIRASTRU,Biddanoa Monteleone/Villanova Monteleone,07019,"Sassari,Sardinia",Italy,RM,SH,Y,,SH - Slaughterhouse,,
UE IT S1Q1T,MATTATOIO DATTI SRLS,VIA DORANDO PIETRI 33,Seclì,,"Lecce,Apulia",Italy,RM,SH,Y,,SH - Slaughterhouse,,
Q982R,MATTATOIO NARDOIA DI NARDOIA MICHELE,PILA,Ferrazzano,86010,"Campobasso,Molise",Italy,RM,SH,Y,,SH - Slaughterhouse,,
CE IT Q7405,MATTAZIONE MAREMMANA S.R.L. (MA.MAR.),POLO INDUSTRIALE MADONNINO,Roccastrada,58036,"Grosseto,Tuscany",Italy,RM,CP SH,Y,,CP - Cutting Plant | SH - Slaughterhouse,,
9 104 L,MATTEINI ANTONIO,LA PIRA,Loro Ciuffenna,52026,"Arezzo,Tuscany",Italy,RM,CP,N,,CP - Cutting Plant,,
2585M,MATTEONI SRL,VIA DEL GIARDINO N. 753 FRAZIONE PONTETETTO,Lucca,55057,"Lucca,Tuscany",Italy,RM,SH,Y,,SH - Slaughterhouse,,
Y889C,MAX FOOD SOCIETA' A RESPONSABILITA' LIMITATA,VIA LARGA I TRAVERSA snc,San Marcellino,,"Caserta,Campania",Italy,RM,SH,Y,,SH - Slaughterhouse,,
Q0496,MAXICHEF S.R.L.,GUIDO ROSSA,Montale,51037,Tuscany,Italy,RM,CP,N,,CP - Cutting Plant,,
K7772,MAZZA LORENZO,VIA CONSORZIO AGRARIO 3/H,Chiari,25032,"Brescia,Lombardy",Italy,RM,CP,N,,CP - Cutting Plant,,
P666Z,MAZZINI GIANLUCA,GIARDINI SUD 168,Pavullo nel Frignano,41026,"Modena,Emilia-Romagna",Italy,RM,CP,N,,CP - Cutting Plant,,
J666A,MAZZUCCHELLI MAZIA,LOC. SIVIANO 25,Gussago,25050,"Brescia,Lombardy",Italy,RM,SH,Y,,SH - Slaughterhouse,,
CE IT 681 S,MC SRL,VIA ALDO MORO 7,Lesignano de' Bagni,43037,"Parma,Emilia-Romagna",Italy,RM,CP,N,,CP - Cutting Plant,,
1800M,MCS S.R.L. - SOCIETA' AGRICOLA A RESPONSABILITA' LIMITATA,CONTRADA AKAN SNC,Condofuri,89030,"Reggio di Calabria,Calabria",Italy,RM,SH,Y,,SH - Slaughterhouse,,
M861G,MEAT INTERNATIONAL S.R.L.,SAN ROCCO,Pagani,84016,"Salerno,Campania",Italy,RM,CP,N,,CP - Cutting Plant,,
304 M,MEC-CARNI - S.P.A.,"P.M. VIRGILIO, 22",Marcaria,46010,"Mantua,Lombardy",Italy,RM,SH CP,Y,,SH - Slaughterhouse | CP - Cutting Plant,,
2603 S,MEDITERRANEA MEAT SRL,STRADA PROVINCIALE 10-PADANA INFERIORE 1,Castelvetro Piacentino,29010,Emilia-Romagna,Italy,RM,CP,N,,CP - Cutting Plant,,
2677 S,MEET SERVICE SRL,"VIA COMUNALE CALATA MACELLO, 1",Naples,80133,Campania,Italy,RM,CP,N,,CP - Cutting Plant,,
9 334 L,MEGGIO ROBERTO & C. SNC,PERTEGA,Grigno,38055,"Trento,Trentino-Alto Adige/Südtirol",Italy,RM,CP,N,,CP - Cutting Plant,,
551 M,MELCA SRL,VIA PALAZZINA 9,Monticelli Pavese,27010,Lombardy,Italy,RM,CP SH,Y,,CP - Cutting Plant | SH - Slaughterhouse,,
9 3466 L,MELIFIORI S.N.C. DI MELIFIORI GIANMARIA E NICOLAS MATTIA & C.,PESCHIERE,Collegno,10040,"Torino,Piemont",Italy,RM,CP,N,,CP - Cutting Plant,,
CE IT 522 CSM,MELIUS CATERING - S.P.A.,"VIA GUGLIELMO PEPE, 117",Sant'Egidio del Monte Albino,84010,"Salerno,Campania",Italy,RM,CP,N,,CP - Cutting Plant,,
E022Q,MENSI FULVIO,VIA EUROPA 186/188,Concesio,25062,"Brescia,Lombardy",Italy,RM,SH,Y,,SH - Slaughterhouse,,
F118Q,MENSO MAURO,GARIBALDI,Montanaro,,"Torino,Piemont",Italy,RM,SH,Y,,SH - Slaughterhouse,,
CE IT 1424 S,MERCAFIR S.C.P.A.,PIAZZA ARTOM 12,Florence,50127,"Metropolitan City of Florence,Tuscany",Italy,RM,CP,N,,CP - Cutting Plant,,
1252M.,MERCATO CENTRO CARNI-COMUNE DI ROMA-AGRICOL CARNI SRL,"VIA P. TOGLIATTI, 1206 - BOX 8/12",Rome,00135,"Roma Capitale,Lazio",Italy,RM,CP,N,,CP - Cutting Plant,,
U818H,MERIALDO MARCO & C. S.N.C.,"MOLANA,",Sassello,17046,"Savona,Liguria",Italy,RM,SH,Y,,SH - Slaughterhouse,,
1463 P,MERICCO S.P.A.,VIA MARCONI 11,Cusago,20090,"Milan,Lombardy",Italy,RM,CP,N,,CP - Cutting Plant,,
Q263A,MERIDIONAL CARNI SRL DI TASSONE MARIA ANTONIETTA,"LOCALITA' CURTU' , SNC",Arena,,"Vibo Valentia,Calabria",Italy,RM,SH,Y,,SH - Slaughterhouse,,
U143S,MERKANT S.R.L.,"GERMANIA,",Ragusa,97100,"Ragusa,Sicily",Italy,RM,CP,N,,CP - Cutting Plant,,
K5C87,MERLO PIETRO VITTORIO,SAN DESIDERIO,Monastero Bormida,14058,"Asti,Piemont",Italy,RM,SH CP,Y,,SH - Slaughterhouse | CP - Cutting Plant,,
H7Z5V,MERLO SILVIO,VIA MIAGLIA 1,San Benigno Canavese,10080,"Torino,Piemont",Italy,RM,SH,Y,,SH - Slaughterhouse,,
U2L04,METRO DOLOMITI S.P.A.,MACCANI,Trento,38123,"Trento,Trentino-Alto Adige/Südtirol",Italy,RM,CP,N,,CP - Cutting Plant,,
A773W,METRO DOLOMITI SPA,ZONA INDUSTRIALE,Lana,39011,Trentino-Alto Adige/Südtirol,Italy,RM,CP,N,,CP - Cutting Plant,,
2295,METRO ITALIA CASH & CARRY SPA,VIA TRASVOLATORI ATLANTICI 6,Ferrara,44124,"Ferrara,Emilia-Romagna",Italy,RM,CP,N,,CP - Cutting Plant,,
CE IT L1V4E,METRO ITALIA CASH AND CARRY S.P.A.,VIA GIUSEPPE SAVERIO MERCADANTE 2,Florence,50144,"Metropolitan City of Florence,Tuscany",Italy,RM,CP,N,,CP - Cutting Plant,,
2971,METRO ITALIA CASH AND CARRY S.P.A.,Via Virglio 51,Modena,41033,"Modena,Emilia-Romagna",Italy,RM,CP,N,,CP - Cutting Plant,,
CE IT F1Z73,METRO ITALIA CASH AND CARRY SPA,VIA DEL CANTONE 4,Sesto Fiorentino,50019,"Metropolitan City of Florence,Tuscany",Italy,RM,CP,N,,CP - Cutting Plant,,
CE IT W254F,METRO ITALIA SPA,VIA ANTONIO ROSSI 3,Rubano,35030,"Padova,Veneto",Italy,RM,CP,N,,CP - Cutting Plant,,
SH,METZGEREI FRICK KG des FRICK JOHANNES & CO.,Brennerstr. 2,Sterzing - Vipiteno,,"South Tyrol,Trentino-Alto Adige/Südtirol",Italy,RM,SH,Y,,SH - Slaughterhouse,,
3021 M,METZGEREI STEINER GMBH,HANDWERKERZONE RASEN 13,Rasen-Antholz - Rasun-Anterselva,39030,"South Tyrol,Trentino-Alto Adige/Südtirol",Italy,RM,CP SH,Y,bovine caprine ovine porcine equine,CP - Cutting Plant | SH - Slaughterhouse,,
ceitr2n39,MFC CARNI SRL,ZONA PIP LOC TAVERNA DI ANNIBALE,Frigento,83040,Campania,Italy,RM,CP,N,,CP - Cutting Plant,,
2335 M,MI.FO. S.R.L.,ARDERIA,Mileto,,"Vibo Valentia,Calabria",Italy,RM,CP SH,Y,,CP - Cutting Plant | SH - Slaughterhouse,,
1858 S,MIACARNI SRL,VIA LEONARDO DA VINCI 14,Grantorto,35010,Veneto,Italy,RM,CP,N,,CP - Cutting Plant,,
UE IT 1830 L,MICAD Srl,Via degli Alpini 10,Tezze sul Brenta,36056,"Vicenza,Veneto",Italy,RM,CP,N,,CP - Cutting Plant,,
1800 M,MICELI CARNI SRL,AKAN,Condofuri,,"Reggio di Calabria,Calabria",Italy,RM,SH,Y,,SH - Slaughterhouse,,
R5K0H,MILANO RISTORAZIONE S.P.A.,GIOVANNI BATTISTA SAMMARTINI,Milan,20132,Lombardy,Italy,RM,CP,N,,CP - Cutting Plant,,
C6F75,MILESI LUCIA,PASCOLI,Lallio,24040,"Bergamo,Lombardy",Italy,RM,SH,Y,,SH - Slaughterhouse,,
1856 M,MILIA S.R.L.,TANCAS DE MESU,Bortigali/Bortigale,08012,"Nuoro,Sardinia",Italy,RM,SH CP,Y,,SH - Slaughterhouse | CP - Cutting Plant,,
R0W9B,MILMAR S.R.L.,CALARCO,Sant'Agata di Militello,98076,Sicily,Italy,RM,CP,N,,CP - Cutting Plant,,
G155F,MINORETTI ADELIO E C. SNC,VIA DANTE 6,Buccinigo,22030,"Como,Lombardy",Italy,RM,SH,Y,,SH - Slaughterhouse,,
V308Z,MISTERMEAT S.R.L.,RAIMONDO MONTECUCCOLI,Milan,20132,Lombardy,Italy,RM,CP,N,,CP - Cutting Plant,,
R6Z73,MOLINARI SALUMI srl,GIULIO CESARE,Zuglio,33020,Friuli Venezia Giulia,Italy,RM,CP,N,,CP - Cutting Plant,,
1834 S,MOLINARI TRADING S.R.L.,MOLISE,Pontoglio,25037,"Brescia,Lombardy",Italy,RM,CP,N,,CP - Cutting Plant,,
Q3W5Y,MOLLO ALESSANDRO,DELLA VALLE,Dogliani,12060,"Cuneo,Piemont",Italy,RM,SH,Y,,SH - Slaughterhouse,,
1153 S,MONDIAL CARNI DUE S.R.L.,ZONA IND.LE CONTRADA MONGETTI,Galatone,73044,"Lecce,Apulia",Italy,RM,CP,N,,CP - Cutting Plant,,
T1L4T,MONFERRATO CARNI DI GIOLITO & C. SNC,PRATA,Incisa Scapaccino,,"Asti,Piemont",Italy,RM,CP SH,Y,,CP - Cutting Plant | SH - Slaughterhouse,,
1035 LP,MONTALCINO SALUMI SRL,"BRUGNELLO, STRADA PROVINCIALE N. 18 ""S.ANTONIO""",Campagnatico,,Tuscany,Italy,RM,CP,N,,CP - Cutting Plant,,
R5C79,MONTECUCCO GIAMPIERO,VIA BETTOLINO 5,Valrossara,15066,Piemont,Italy,RM,SH,Y,,SH - Slaughterhouse,,
1625 S,MONTI GIOVANNI,MORONCINA,Ripalta Vecchia,26020,"Cremona,Lombardy",Italy,RM,CP,N,,CP - Cutting Plant,,
1674 S,MONTRASIO CARNI SRL,"VIA G. PUECHER, 2",Merone,22046,"Como,Lombardy",Italy,RM,CP,N,,CP - Cutting Plant,,
P9N45,MONZANI ANTONIO,VIA G. PASCOLI 20,Lallio,24040,"Bergamo,Lombardy",Italy,RM,SH,Y,,SH - Slaughterhouse,,
CE IT L7U24,MORANDI DANIELE,VIA GORGO 53,Anguillara Veneta,35022,"Padova,Veneto",Italy,RM,SH,Y,,SH - Slaughterhouse,,
1236 L,MORDENTI SRL,via provinciale 127,Predappio,47016,"Forlì-Cesena,Emilia-Romagna",Italy,RM,CP,N,,CP - Cutting Plant,,
728 M,MORENICA CARNI S.R.L.,GERRA,Castiglione delle Stiviere,46043,"Mantua,Lombardy",Italy,RM,CP,N,,CP - Cutting Plant,,
CEITF4Q8X,MORETTI S.N.C. DI MORETTI ALBERTO E C.,VIA TORINO 144,Dogliani,12063,"Cuneo,Piemont",Italy,RM,CP SH,Y,caprine ovine equine porcine bovine,CP - Cutting Plant | SH - Slaughterhouse,,
Z4G72,MORLOTTI RENATO BATTISTA,VIA PORTA 4,Almenno San Bartolomeo,24030,"Bergamo,Lombardy",Italy,RM,SH,Y,,SH - Slaughterhouse,,
CE IT W6N7K,MORSETTI CARNI DI MORSETTI MARIO E C. SNC,"VIA CASALGRASSO, 7",Polonghera,12030,"Cuneo,Piemont",Italy,RM,SH,Y,,SH - Slaughterhouse,,
M3M7A,MOSCA GIOVANNI,GRAMSCI,Sandigliano,13876,"Biella,Piemont",Italy,RM,CP,N,,CP - Cutting Plant,,
CE IT 1929 L,MOSER SRL,Untermels 7,Plaus,39025,"South Tyrol,Trentino-Alto Adige/Südtirol",Italy,RM,CP,N,,CP - Cutting Plant,,
G723S,MOTTA SERGIO,VIA GARIBALDI 3,Inzago,20065,"Milan,Lombardy",Italy,RM,SH,Y,,SH - Slaughterhouse,,
CE IT 1085 LP,MOTTOLINI S.R.L. SOCIETÀ BENEFIT,VIA LOZZONI 5,Poggiridenti,23020,"Sondrio,Lombardy",Italy,RM,CP,N,,CP - Cutting Plant,,
CE IT 2922 S,MP PELLICHERO CARNI S.R.L.,VIA PASUBIO 92,Valdagno,36078,"Vicenza,Veneto",Italy,RM,CP,N,,CP - Cutting Plant,,
817 LOA,MP SRL,FARINI,Castelnuovo Rangone,41051,Emilia-Romagna,Italy,RM,CP,N,,CP - Cutting Plant,,
CEITQ6K32,MPQ S.R.L.,PROSECCO 350,Prosecco / Prosek,34017,Friuli Venezia Giulia,Italy,RM,SH,Y,,SH - Slaughterhouse,,
2326 S,MR. CLOD GROUP S.A.S. DI VINCENZI CLAUDIO E C.,via Pio Donati n. 101,Formigine,41043,"Modena,Emilia-Romagna",Italy,RM,CP,N,,CP - Cutting Plant,,
2860 S,MULTICASH S.P.A.,CONTRADA MULINETTO,Mosciano Sant'Angelo,64023,"Teramo,Abruzzo",Italy,RM,CP,N,,CP - Cutting Plant,,
H4430,MUTHER RALF,VIA LASA ZONA INDUSTRIALE,Laas - Lasa,39023,Trentino-Alto Adige/Südtirol,Italy,RM,SH,Y,,SH - Slaughterhouse,,
X7C1L,MUTTI ENNIO,FRAZIONE BARACCA 44,Sarezzano,15050,Piemont,Italy,RM,SH,Y,,SH - Slaughterhouse,,
750 S,NABA CARNI - NUOVA AZIENDA BRESCIANA ALIMENTARI CARNI - S.P.A.,VIA PRATI 69,Rezzato,25086,"Brescia,Lombardy",Italy,RM,CP,N,,CP - Cutting Plant,,
9 850 L,NARDI ALVISIO E C. SNC,VIA FLAMINIA NORD N. 46,Foligno,06034,"Perugia,Umbria",Italy,RM,CP,N,,CP - Cutting Plant,,
CE IT 739 S,NARDI E NENCINI S.R.L.,VIALE ADUA 306/308,Pistoia,51100,"Pistoia,Tuscany",Italy,RM,CP,N,,CP - Cutting Plant,,
H3B9T,NARDI MARIO S.N.C. DI NARDI EMANUELE E C.,"LOC.Tà€ CHIESA VECCHIA, 13",Montalto di Castro,01014,"Viterbo,Lazio",Italy,RM,SH,Y,,SH - Slaughterhouse,,
J5E3U,NARDINI CLAUDIO,SQUERO,Adria,45011,"Rovigo,Veneto",Italy,RM,SH,Y,,SH - Slaughterhouse,,
9 3622 L,NASUTI LUIGI,PIANO AVENTINO 3,Casoli,,Abruzzo,Italy,RM,SH,Y,,SH - Slaughterhouse,,
CE IT 1342 L,NATIVA 2018 SRL,VIA VOLTA NUOVA 45,Concamarise,37050,"Verona,Veneto",Italy,RM,CP,N,,CP - Cutting Plant,,
W2816,NATURA CARNI S.R.L.,"STRADA PROVINCIALE 231 EX S.S. 98, KM.80+700",Modugno,70026,Apulia,Italy,RM,CP,N,,CP - Cutting Plant,,
R813D,NATURAL CARNI S.R.L.,PIETRO TOGLIATTI,Castel San Giorgio,84086,"Salerno,Campania",Italy,RM,CP,N,,CP - Cutting Plant,,
J4D8Z,NATURALCARNI S.R.L.,CASARANO-SUPERSANO,Collepasso,73040,"Lecce,Apulia",Italy,RM,CP,N,,CP - Cutting Plant,,
1241 LOA,NATURALGRASSI S.R.L.,SOMALIA 72,Forlì,47121,"Forlì-Cesena,Emilia-Romagna",Italy,RM,CP,N,,CP - Cutting Plant,,
2262 M,NAVA SERVICE S.P.A.,STRADA PROVINCIALE 121,Agrate Brianza,20864,"Monza and Brianza,Lombardy",Italy,RM,SH,Y,,SH - Slaughterhouse,,
2648 M,NE.MA. SOCIETA' COOPERATIVA,LOC. CASTAGNETI,Ascoli Piceno,63100,"Ascoli Piceno,Marche",Italy,RM,SH,Y,,SH - Slaughterhouse,,
R372A,NEBIOLO PIERMARCO,CORNAPO',Portacomaro Stazione,14033,Piemont,Italy,RM,SH,Y,,SH - Slaughterhouse,,
L504Z,NEGRA VALTER,FRAZIONE PIEDIMEGGIANA LOCALITA` LOGGIONE,Campertogno,13020,"Vercelli,Piemont",Italy,RM,SH,Y,,SH - Slaughterhouse,,
UE IT 693S,NEW CARNI DOCK S.R.L.,VIA MANTA 5/A,Lagnasco,12030,"Cuneo,Piemont",Italy,RM,SH CP,Y,porcine,SH - Slaughterhouse | CP - Cutting Plant,,
2241 S,NEW COLD PACARO S.R.L.,LOC.NUCLEO INDUSTRIALE SNC FRAZ. PIANA DI SPEDINO,Borgorose,02021,"Rieti,Lazio",Italy,RM,CP,N,,CP - Cutting Plant,,
G358G,NEW FOOD ITALIA S.A.S. DI THE ITALIAN FOOD GROUP S.R.L.,ITALIA,Quarto,80010,"Napoli,Campania",Italy,RM,CP,N,,CP - Cutting Plant,,
G8S9S,NEW GENERATION COOPERATIVA TRASPORTI - SOCIETA' COOPERATIVA A R.L.,CASILINA NORD,Ferentino,03013,"Frosinone,Lazio",Italy,RM,CP,N,,CP - Cutting Plant,,
2825 M,NEW SICIL MACEL S.R.L.,RIZZO,Campobello di Licata,92023,"Agrigento,Sicily",Italy,RM,SH CP,Y,,SH - Slaughterhouse | CP - Cutting Plant,,
2839 M,NEW SUINICOLA VALDIANO S.R.L.,C/DA FERRARI,Atena Lucana,84030,"Salerno,Campania",Italy,RM,CP,N,,CP - Cutting Plant,,
2678 S,NG CARNI S.R.L.,02-giu,San Severo,71016,"Foggia,Apulia",Italy,RM,CP,N,,CP - Cutting Plant,,
N0J40,NICHETTI FERDINANDO,VIA C. MORESCHI 3,Cermenate,22072,"Como,Lombardy",Italy,RM,SH,Y,,SH - Slaughterhouse,,
W9601,NISI CARNI S.R.L.,SANTA BARBARA,Fiumedinisi,,Sicily,Italy,RM,SH,Y,,SH - Slaughterhouse,,
1765 S,NISSENA CARNI DI CITATI G. E C. SNC,"C.DA PONTICELLO, SS 117 BIS KM 7,7",Enna,94100,Sicily,Italy,RM,CP,N,,CP - Cutting Plant,,
CE IT 9 326 LP,NOGARA EMILIANO,VIA MARTIRI DELLA LIBERTA' 16,Sovizzo,36050,"Vicenza,Veneto",Italy,RM,CP,N,,CP - Cutting Plant,,
9 1995 L,"NORCINERIA UMBRA SENSI NATALE DI SENSI DOMENICO, FABRIZIO & C. SNC","VIA CENEDA, 29/31",Rome,00135,"Roma Capitale,Lazio",Italy,RM,CP,N,,CP - Cutting Plant,,
U5T5U,NORCINI DEL COLLIO & ISONZO SOCIETA' COOPERATIVA,VIA CORONA N. 14,Cormons,34071,Friuli Venezia Giulia,Italy,RM,SH,Y,,SH - Slaughterhouse,,
T463D,NOSTRAN CARNI dei F.LLI DALLA RIZZA S.R.L.,VIA ROMA 2,Luisago,22070,"Como,Lombardy",Italy,RM,SH,Y,,SH - Slaughterhouse,,
729 S,NOVELLINI FOOD S.R.L.,BACCHELLI,Marmirolo,37067,"Mantua,Lombardy",Italy,RM,CP,N,,CP - Cutting Plant,,
P2Y3Z,NOVEMBRE S.R.L.,FERRIZZI,Satriano,88060,"Catanzaro,Calabria",Italy,RM,CP,N,,CP - Cutting Plant,,
IT 864 S CE,NUOVA ANGELO TURATI SRL,VIA ITALIA 10,Cusano Milanino,20095,"Milan,Lombardy",Italy,RM,CP,N,,CP - Cutting Plant,,
9 2035 L,NUOVA CARNI PADANE SRL,VIA MATTEI 5,Sermide,46028,"Mantua,Lombardy",Italy,RM,CP,N,,CP - Cutting Plant,,
1698 M,NUOVA CENTRO CARNI SRL,ZONA INDUSTRIALE TOSSILO sn,Macumere/Macomèr,08015,"Nuoro,Sardinia",Italy,RM,SH CP,Y,,SH - Slaughterhouse | CP - Cutting Plant,,
1028 F,NUOVA GE.CA. DI PONTIERI VINCENZO %26 C. S.A.S.,V.LE STAZIONE,Nocera Terinese,,"Catanzaro,Calabria",Italy,RM,CP,N,,CP - Cutting Plant,,
Y8Q7A,NUOVA SUD CARNI S.R.L.,VIA PROVINCIALE PER GROTTAGLIE - ZONA P.I.P.,Francavilla Fontana,72021,"Brindisi,Apulia",Italy,RM,CP,N,,CP - Cutting Plant,,
9 1054 L,NUOVO SALUMIFICIO SAN MARTINO SRL,G. MAGNANINI,San Martino in Rio,42018,"Reggio nell'Emilia,Emilia-Romagna",Italy,RM,CP,N,,CP - Cutting Plant,,
1600M,NUOVO SALUMIFICIO VITALI SRL,VIA FABBRI 7,Gaggio Montano,40041,"Bologna,Emilia-Romagna",Italy,RM,SH,Y,,SH - Slaughterhouse,,
K7N1K,O.P.A.N. SOCIETA' COOPERATIVA AGRICOLA,BADETTA,Caronia,98078,"Messina,Sicily",Italy,RM,CP,N,,CP - Cutting Plant,,
M8G01,OBERHUBER OSWALD & CO OHG,VIA VALLE AURINA,Sand in Taufers - Campo Tures,39032,Trentino-Alto Adige/Südtirol,Italy,RM,SH,Y,,SH - Slaughterhouse,,
CE IT 2285 M,OLD BEAR S.R.L.,"VIA BRA, 77 - FRAZ. RONCHI",Cuneo,12100,"Cuneo,Piemont",Italy,RM,SH CP,Y,,SH - Slaughterhouse | CP - Cutting Plant,,
CE IT 1397 M,OLIVIERI S.P.A.,VIA GARDESANA 27,Pastrengo,37010,"Verona,Veneto",Italy,RM,SH CP,Y,,SH - Slaughterhouse | CP - Cutting Plant,,
2504 S,OLIVIERI SALUMI S.R.L.,F.FEDELI - LOC. LA PACIANA,Foligno,06034,"Perugia,Umbria",Italy,RM,CP,N,,CP - Cutting Plant,,
C4K8C,OLMI WALTER,VIA RAMOLINI 18,Canossa,42026,"Reggio nell'Emilia,Emilia-Romagna",Italy,RM,SH CP,Y,,SH - Slaughterhouse | CP - Cutting Plant,,
T4512,OMEGNA E FIGLI SNC DI OMEGNA UMBERTO E C.,TANI,Cocconato,14023,"Asti,Piemont",Italy,RM,CP,N,,CP - Cutting Plant,,
IT 791M,OPAS ALIMENTARE SRL,VIA PER GUASTALLA 21/A - LOC. MIGLIARINA,Carpi,41012,"Modena,Emilia-Romagna",Italy,RM,CP SH,Y,,CP - Cutting Plant | SH - Slaughterhouse,,
CE IT 1631 M,OPERTI S.N.C. DI OPERTI PAOLO E OPERTI ROBERTO E C.,"REGIONE MADONNA DEI PRATI, 323",Centallo,12044,"Cuneo,Piemont",Italy,RM,CP SH,Y,bovine caprine ovine equine porcine,CP - Cutting Plant | SH - Slaughterhouse,,
CE IT S684Q,OPTIMA CARNE DI DEMAGISTRIS ALBERTO,"VIA TORINO, 84",Bene Vagienna,12041,Piemont,Italy,RM,CP,N,,CP - Cutting Plant,,
876 M,ORG. GESTIONE AZIENDALE SRL,LOTTO N.10 (TITO SCALO),Tito,85050,Basilicata,Italy,RM,SH CP,Y,,SH - Slaughterhouse | CP - Cutting Plant,,
2381 M,ORTOMATT S.R.L.,MONACELLE ZONA INDUSTR. LA MARTELLA,Matera,75100,"Matera,Basilicata",Italy,RM,SH,Y,,SH - Slaughterhouse,,
01 259,OSSOLA SALUMI E FORMAGGI DI DELVECCHIO ANTONIO VALTER E BRUNO - S.N.C.,DE NICOLA,Domodossola,28845,"Verbano-Cusio-Ossola,Piemont",Italy,RM,CP,N,,CP - Cutting Plant,,
U7X0M,OTTONE GUIDO,MERA,Scopello,13028,"Vercelli,Piemont",Italy,RM,SH,Y,,SH - Slaughterhouse,,
R2T30,OTTONE SERGIO,"Via Umberto I, 3",Campertogno,13020,"Vercelli,Piemont",Italy,RM,SH,Y,,SH - Slaughterhouse,,
2568 M,OUAZZANI CHADI MOHAMMED,VETTIGANO,Albinea,42010,"Reggio nell'Emilia,Emilia-Romagna",Italy,RM,SH,Y,,SH - Slaughterhouse,,
2568M,OUAZZANI CHADI MOHAMMED - SALAMI AHMED,VIA VETTIGANO 29,Rio Saliceto,42010,"Reggio nell'Emilia,Emilia-Romagna",Italy,RM,SH,Y,,SH - Slaughterhouse,,
2117 M,OVIN MATESE DI ANTONIO DI RIENZO E C. SAS,VIA RICCETTA,Caiazzo,81013,"Caserta,Campania",Italy,RM,SH,Y,,SH - Slaughterhouse,,
1772 S,OVIN.COM S.R.L.,PAGLIARONE,Pianella,65019,"Pescara,Abruzzo",Italy,RM,CP,N,,CP - Cutting Plant,,
2017 M,OVINEX S.R.L.S.,CONTRADA MACCHIA LA CORTE snc,Ruvo del Monte,,"Potenza,Basilicata",Italy,RM,SH,Y,,SH - Slaughterhouse,,
E9P6R,OZ FOOD DI ANGELORO LILIANA,DEGLI ARTIGIANI,Crema,26010,"Cremona,Lombardy",Italy,RM,CP,N,,CP - Cutting Plant,,
T4X66,P.A.M. SERVIZI DI MINUTELLI PAOLO & C. SNC,"VIA LOMBARDIA, 1",Villa Ceccolini,61122,"Pesaro e Urbino,Marche",Italy,RM,CP,N,,CP - Cutting Plant,,
Z041T,P.D.P. E COMPANY S.R.L.,DELLE CERQUETTE,Rocca di Papa,00040,"Roma Capitale,Lazio",Italy,RM,CP,N,,CP - Cutting Plant,,
C5H93,P.F. SNC DI PEDRINI ALESSIO & FUMANTI OTTAVIANO,LA FERRIERA,Fivizzano,54013,"Massa-Carrara,Tuscany",Italy,RM,SH,Y,,SH - Slaughterhouse,,
F382U,P.P. BURGER S.R.L.S.,ALESSANDRINI,Sant'Apollinare,66030,Abruzzo,Italy,RM,CP,N,,CP - Cutting Plant,,
V1P5B,PA & MA S.N.C. DI BONACINA PAOLO E ROMEO MANUEL,A. PIATTI,Gromlongo,24030,"Bergamo,Lombardy",Italy,RM,SH,Y,,SH - Slaughterhouse,,
2359 M,PA.CA.SAS,LUZZI (LOC. PORCILE),Cosenza,87100,"Cosenza,Calabria",Italy,RM,SH CP,Y,,SH - Slaughterhouse | CP - Cutting Plant,,
F9M8C,PACCHIEGA ARMIDO,STRADA PARENZO 3,Caorle,30021,Veneto,Italy,RM,SH,Y,,SH - Slaughterhouse,,
523 M,PADANIA SRL,CIRCONVALLAZIONE SUD,Offanengo,26010,"Cremona,Lombardy",Italy,RM,SH,Y,,SH - Slaughterhouse,,
CE IT K196A,PADRIN ENRICO,VIA BERICO EUGANEA 3,Villaga,36021,Veneto,Italy,RM,SH CP,Y,,SH - Slaughterhouse | CP - Cutting Plant,,
9 2045 L,"PAGLIAI FRANCESCO, NIERI GIUSEPPE E C. SNC",DEL TIRO A SEGNO - FRAZ. S.ANNA,Lucca,55100,"Lucca,Tuscany",Italy,RM,CP,N,,CP - Cutting Plant,,
9 2222 L,PAGLIARIN CARNI EQUINE DI PAGLIARIN VALTER,VIA VIGONOVESE 46,Padua,35132,"Padova,Veneto",Italy,RM,CP,N,,CP - Cutting Plant,,
E6277,PAGOTTO CARNI S.N.C. DI PAGOTTO ALDO & C.,CARTIERE,Signoressa,31030,"Treviso,Veneto",Italy,RM,CP,N,,CP - Cutting Plant,,
CE IT 1908 S,PAM PANORAMA S.P.A.,PIAZZA ARTOM 12,Florence,50127,"Metropolitan City of Florence,Tuscany",Italy,RM,CP,N,,CP - Cutting Plant,,
H5Y77,PAMIDA CARNI S.R.L.,LOCALITA` BODENIZZO,Peschici,71010,"Foggia,Apulia",Italy,RM,CP,N,,CP - Cutting Plant,,
717 S,PAN LAVORAZIONE CARNI SRL,VIA Moncenisio 16/18,Sassuolo,41049,"Modena,Emilia-Romagna",Italy,RM,CP,N,,CP - Cutting Plant,,
CE IT 1821 M,PANTANO CARNI S.P.A.,VIA SOLCHIELLO 20,Arre,35020,"Padova,Veneto",Italy,RM,CP SH,Y,,CP - Cutting Plant | SH - Slaughterhouse,,
2609 S,PANTANO FOOD S.R.L. SEMPLIFICATA,GIOVANNI BERTOLI,Monte Compatri,00077,"Roma Capitale,Lazio",Italy,RM,CP,N,,CP - Cutting Plant,,
uvac02-725,PAOLA IMPORT-EXPORT DI MERCADANTE GIUSEPPE,CONTRADA JAZZO DEL FORNO SN,Altamura,70022,"Bari,Apulia",Italy,RM,SH,Y,,SH - Slaughterhouse,,
2001 M,PAOLO MORICI & FIGLI S.N.C.,"S.S. 119 KM. 42,350",Santa Ninfa,91029,"Trapani,Sicily",Italy,RM,SH,Y,,SH - Slaughterhouse,,
1867 S,PAOLO PIRAS & S.R.L.,S. AGOSTINO,Abbasanta,09071,"Aristanis/Oristano,Sardinia",Italy,RM,CP,N,,CP - Cutting Plant,,
F2570,PAP SRL,ZONA IND.LE S.ATTO,Teramo,64100,Abruzzo,Italy,RM,CP,N,,CP - Cutting Plant,,
CE IT 2411 S,PARADISO CARNI S.A.S. DI VETTORI GIORGIO & C.,VIA DEL PALAZZACCIO 3,Florence,50141,"Metropolitan City of Florence,Tuscany",Italy,RM,CP,N,,CP - Cutting Plant,,
2635 S,PARAULA SALUMI DI PARAULA CARMELO,COZZO CULLO,Petralia Soprana,90026,Sicily,Italy,RM,CP,N,,CP - Cutting Plant,,
F6M8U,PARIS LUCA,VIA CORNELLO 6,Sant'Antonio,24060,"Bergamo,Lombardy",Italy,RM,SH,Y,,SH - Slaughterhouse,,
1872 L,PARISI SNC DI PARISI ROBERTO & C.,MADICE,Cares,38071,Trentino-Alto Adige/Südtirol,Italy,RM,SH CP,Y,,SH - Slaughterhouse | CP - Cutting Plant,,
W1U2H,PARODI GIOVANNI,"SALITA SAN CIPRIANO, 6A",Serra Riccò,16010,"Genoa,Liguria",Italy,RM,SH,Y,,SH - Slaughterhouse,,
V4N6M,PASCALE ANTONIO,CERVARANO,Gioia Sannitica,,"Caserta,Campania",Italy,RM,CP,N,,CP - Cutting Plant,,
1231 P,PASSERI CARNI SRL,"VIA MACCHIA D`ORO, 16",Fiuggi,03014,"Frosinone,Lazio",Italy,RM,CP,N,,CP - Cutting Plant,,
1046 S,PASTORE S.R.L.,VIA DANTE 1,Casamassima,70010,Apulia,Italy,RM,CP,N,,CP - Cutting Plant,,
D7G1U,PASTORINO ANDREA,GIOVO,Pontinvrea,17042,"Savona,Liguria",Italy,RM,SH,Y,,SH - Slaughterhouse,,
1458 P,PAYSAN S.R.L.,DEL DROSSO,Rivalta di Torino,10043,"Torino,Piemont",Italy,RM,CP,N,,CP - Cutting Plant,,
CEIT9-3571L,PECCHENINO MARCO,LOCALITA' GAROMBO 11,Somano,12060,"Cuneo,Piemont",Italy,RM,CP SH,Y,caprine ovine equine porcine bovine,CP - Cutting Plant | SH - Slaughterhouse,,
M0K6K,PEDERGNANA ETTORE,FRAZIONE TOZZAGA,Caldes,38022,"Trento,Trentino-Alto Adige/Südtirol",Italy,RM,SH,Y,,SH - Slaughterhouse,,
CE IT W8E25,PEDONA CARNI DI MOIRENGO DAVIDE & C. S.N.C.,"VIA DON MINZONI, 50",Borgo San Dalmazzo,12011,"Cuneo,Piemont",Italy,RM,SH CP,Y,,SH - Slaughterhouse | CP - Cutting Plant,,
M7K0U,PEDRALI MAURO,CASCINA PACE 13,Via alla Francesca,24050,Lombardy,Italy,RM,SH,Y,,SH - Slaughterhouse,,
IT 03 285 CE,PEDRANZINI SALUMIFICIO DI BORMIO S.R.L.,VIA DEL FIENO 1,Bormio,23032,"Sondrio,Lombardy",Italy,RM,CP SH,Y,,CP - Cutting Plant | SH - Slaughterhouse,,
F6Y4P,PEDRINI CESARE,C.NA PORTICO AL SEMINARIO 2,Via alla Francesca,24050,Lombardy,Italy,RM,SH,Y,,SH - Slaughterhouse,,
610 L,PEDRONI SRL,PER RUBIERA,Scandiano,42019,"Reggio nell'Emilia,Emilia-Romagna",Italy,RM,CP,N,,CP - Cutting Plant,,
D8Z9L,PEINCARO SRL INDUSTRIA CARNI ROMAGNOLA,VIA CARRARA ARGINELLO 1/4,Lugo,48022,"Ravenna,Emilia-Romagna",Italy,RM,SH,Y,,SH - Slaughterhouse,,
B7M5D,PELLEGRINI EMIL,VIA STOPPANI 14,Gromlongo,24030,"Bergamo,Lombardy",Italy,RM,SH,Y,,SH - Slaughterhouse,,
CE IT P3C0Z,PELLEGRINO EZIO,VIA TETTI PASERO 14,Boves,12016,"Cuneo,Piemont",Italy,RM,SH,Y,,SH - Slaughterhouse,,
CE IT 2159 M,PELLIZZARI CARNI DEI F.LLI PELLIZZARI SNC,VIA I MAGGIO 40/A,Loria,31037,"Treviso,Veneto",Italy,RM,CP SH,Y,,CP - Cutting Plant | SH - Slaughterhouse,,
CE IT U9D5Q,PERETTO GIOACHINO,"VIA SILVIO PELLICO, 3",Caresana,13010,"Vercelli,Piemont",Italy,RM,SH,Y,caprine ovine porcine bovine,SH - Slaughterhouse,,
CEIT980M,PERICO & C. SOCIETA' A RESPONSABILITA' LIMITATA SEMPLIFICATA,STRADA PROVINCIALE 430 8/A,Priero,12070,"Cuneo,Piemont",Italy,RM,SH CP,Y,caprine ovine equine porcine bovine,SH - Slaughterhouse | CP - Cutting Plant,,
R788M,PERINON CARNI S.R.L.,ENRICO FERMI,Guidizzolo,46040,Lombardy,Italy,RM,CP,N,,CP - Cutting Plant,,
2762 S,PEROTTI SRL,VIA BRIOLA 3,Vische,10030,Piemont,Italy,RM,CP,N,,CP - Cutting Plant,,
B4Z62,PERROTTA GIOVANNI,COSTA NATALE,Campodipietra,86010,"Campobasso,Molise",Italy,RM,SH,Y,,SH - Slaughterhouse,,
M 5718,PERSICHILLO ENRICO,CERRITELLO,Acquaviva Collecroce,86030,"Campobasso,Molise",Italy,RM,SH,Y,,SH - Slaughterhouse,,
CE IT H7N8G,PERUCCIO EZIO,"FRAZIONE COLOMBARO DEI ROSSI, 58",Saluzzo,12037,"Cuneo,Piemont",Italy,RM,SH CP,Y,,SH - Slaughterhouse | CP - Cutting Plant,,
M7K13,PESENTI DIEGO,CENTRO FRAZ. ENDENNA,Zogno,24019,"Bergamo,Lombardy",Italy,RM,SH,Y,,SH - Slaughterhouse,,
834 S,PESSINA CARNI SRL,VIA PISACANE 17,Pero,20016,"Milan,Lombardy",Italy,RM,CP,N,,CP - Cutting Plant,,
1723 M,PETRELLI CARNI SOCIETA' AGRICOLA SEMPLICE,CENTRALE VIA SALARIA,Acquasanta Terme,63095,"Ascoli Piceno,Marche",Italy,RM,SH,Y,,SH - Slaughterhouse,,
K5Z13,PEZZOLI F.LLI SOCIETA' AGRICOLA SEMPLICE,VIA G. MAMELI 5,Orzinuovi,25034,"Brescia,Lombardy",Italy,RM,SH,Y,,SH - Slaughterhouse,,
C8020,PIACENTINI MAURO,Cascina Giardinetto 36,Offlaga,,"Brescia,Lombardy",Italy,RM,SH,Y,,SH - Slaughterhouse,,
03 1552,PIAN DEL LARES DI CARRARO FLAVIO,PIAN DEL LARES - FRAZIONE ARMIO,Maccagno con Pino e Veddasca,21061,"Varese,Lombardy",Italy,RM,SH,Y,,SH - Slaughterhouse,,
N428A,PIANAROSA CARNI DI PIANAROSA LUCIO E PIAZZOLI ELENA SNC,VIA POLA 1,Tremezzina,22016,"Como,Lombardy",Italy,RM,SH,Y,,SH - Slaughterhouse,,
9 3112 L,PIAZZA FLAVIO,VIALE DEI MARTIRI 4,Sutrio,33020,Friuli Venezia Giulia,Italy,RM,SH,Y,,SH - Slaughterhouse,,
B6S5L,PICCHIONI SURGELATI SRL,DEL PLANETARIO,Montevarchi,52025,"Arezzo,Tuscany",Italy,RM,CP,N,,CP - Cutting Plant,,
CE IT 1461 S,PICO SRL,VIA LUCCHESE 207,Empoli,50053,Tuscany,Italy,RM,CP,N,,CP - Cutting Plant,,
T0Q8M,PIERCO DI DEMARTIS PIERFRANCO E C. S.N.C.,"VIA TORINO, 5",Bunnànnaru/Bonnanaro,07043,"Sassari,Sardinia",Italy,RM,CP,N,,CP - Cutting Plant,,
L3F2T,PIERINI CARNI DI PIERINI GIANLUCA,DUOMO,Recanati,62019,"Macerata,Marche",Italy,RM,CP,N,,CP - Cutting Plant,,
R3T21,PIGNATELLI LORENZO,VIA MAESTRA FRAZ. RIVA DI PINEROLO,Pinerolo,10064,Piemont,Italy,RM,SH,Y,,SH - Slaughterhouse,,
532 M,PINARDI S.A.S. DI PINARDI ENRICO & C.,"PADRE MARCOLINI, 2/12",Bagnolo Mella,25021,"Brescia,Lombardy",Italy,RM,SH CP,Y,,SH - Slaughterhouse | CP - Cutting Plant,,
2055 S,PINCIONI CARNI S.R.L.,SVEZIA,Olbia,07026,"Sassari,Sardinia",Italy,RM,CP,N,,CP - Cutting Plant,,
T8865,PINETO COOP SOC. COOP. SOCIALE,S.P. PER ATRI,Pineto,64025,"Teramo,Abruzzo",Italy,RM,CP SH,Y,,CP - Cutting Plant | SH - Slaughterhouse,,
9 2277 L,PINGUE SAS DI PINGUE FILOMENA,LA CISTERNA,Vallelarga,,"L'Aquila,Abruzzo",Italy,RM,CP,N,,CP - Cutting Plant,,
IT 312 M CE,PINI ITALIA S.R.L.,STATALE BERGAMASCA 98/100,Castelverde,260122,"Cremona,Lombardy",Italy,RM,CP SH,Y,,CP - Cutting Plant | SH - Slaughterhouse,,
W6D2B,PINOTTI LUIGI,VIA ROMA 27,San Polo,29010,"Piacenza,Emilia-Romagna",Italy,RM,SH,Y,,SH - Slaughterhouse,,
CE IT 9 3132 L,PINZANI DORIANO E FIGLI S.R.L.,VIA PONZANO 144,Empoli,50053,Tuscany,Italy,RM,CP,N,,CP - Cutting Plant,,
N8709,PISTONO MARCO,VIA PRALE 15,Bairo,10010,"Torino,Piemont",Italy,RM,CP SH,Y,,CP - Cutting Plant | SH - Slaughterhouse,,
N9Y5R,PIZZAGALLI SOCIETA' AGRICOLA,VIA S. AMBROGIO 31,Albiate,20847,"Monza and Brianza,Lombardy",Italy,RM,SH,Y,,SH - Slaughterhouse,,
P4G5D,PIZZAMIGLIO FRANCESCO,MORBASCO,Paderno Ponchielli,,"Cremona,Lombardy",Italy,RM,CP SH,Y,,CP - Cutting Plant | SH - Slaughterhouse,,
9 3479 L,PIZZOLATO ANTONIO,VIA SORAN N. 5/A,Malo,36034,"Vicenza,Veneto",Italy,RM,CP,N,,CP - Cutting Plant,,
K0J7B,PODDESU SRL,VIA PIELUGI NERVI 2,Su Masu/Elmas,09030,"Cagliari,Sardinia",Italy,RM,CP,N,,CP - Cutting Plant,,
M3P63,PODERE SANTA LUCIA S.R.L. - SOCIETA' AGRICOLA,VIOLA FRAZIONE CHIARINO,Tossicia,64049,"Teramo,Abruzzo",Italy,RM,CP,N,,CP - Cutting Plant,,
CE IT 9 2003 L,POGGETTO CARNI SNC DI CAFAGGI L. E BOGGIOLI S.,VIA GIOTTO 41/M,Poggio a Caiano,59016,Tuscany,Italy,RM,CP,N,,CP - Cutting Plant,,
1544 L,POGGINO SALUMI SRL,VIA DELL`INDUSTRIA,Viterbo,01100,"Viterbo,Lazio",Italy,RM,CP,N,,CP - Cutting Plant,,
1977 L,POGGIO SAN GIORGIO S.R.L.,AGRIANO,Norcia,06046,"Perugia,Umbria",Italy,RM,CP,N,,CP - Cutting Plant,,
9 1108 L,POGGIOLI SALUMI S.R.L.,G. DI VITTORIO,Marano sul Panaro,41054,"Modena,Emilia-Romagna",Italy,RM,CP,N,,CP - Cutting Plant,,
S1R2B,POLARIS LOGISTICA S.R.L.,QUARTO NEGRONI,Rocca di Papa,00040,"Roma Capitale,Lazio",Italy,RM,CP,N,,CP - Cutting Plant,,
W186Z,POLENGHI ATTILIO MACELLERIA,VIA V. VENETO 55,Santo Stefano Lodigiano,26849,Lombardy,Italy,RM,SH,Y,,SH - Slaughterhouse,,
CE IT V408S,POLESINE CARNI DI ZORDAN MIRCO & C. SAS,VIA LEONARDO DA VINCI 776,Badia Polesine,45021,"Rovigo,Veneto",Italy,RM,CP,N,,CP - Cutting Plant,,
UE IT M8C76,POLI SAPORI TOSCANA SRL,VIA DELLA REPUBBLICA 90,Cerreto Guidi,50050,"Metropolitan City of Florence,Tuscany",Italy,RM,CP,N,,CP - Cutting Plant,,
1644 F,POLO S.P.A.,"VIA SAN BENEDETTO, 44/A",Teolo,35037,"Padova,Veneto",Italy,RM,CP,N,,CP - Cutting Plant,,
1428 S,POLONCARNI SRL,"VIA SCHITO, 167",Castellammare di Stabia,80053,"Napoli,Campania",Italy,RM,CP,N,,CP - Cutting Plant,,
CE IT 9 1362 L,POLTRONIERI SALUMI S.A.S. DI POLTRONIERI ENRICO & C.,VIA MOLINO DI SOPRA 6,Nogara,37054,"Verona,Veneto",Italy,RM,CP,N,,CP - Cutting Plant,,
1703 M,POTENZA MICHELINO & FIGLI S.R.L.,C.DA MAGLIANESE,Baragiano,85059,"Potenza,Basilicata",Italy,RM,SH,Y,,SH - Slaughterhouse,,
B4446,POZZI MARIO SRL,VIA LIBERTA' 12,Morazzone,21040,"Varese,Lombardy",Italy,RM,CP SH,Y,,CP - Cutting Plant | SH - Slaughterhouse,,
F3L51,PRADELLA CORRADO,NEGRANA,Gravedona ed Uniti,22015,"Como,Lombardy",Italy,RM,SH,Y,,SH - Slaughterhouse,,
J3R40,PRADELLA NATALE,TRENTO,Losine,25040,"Brescia,Lombardy",Italy,RM,SH,Y,,SH - Slaughterhouse,,
CE IT 1639 L,PRAMSTRAHLER SRL,Via Kalchofen 10 - Prato Isarco,Völs am Schlern - Fiè allo Sciliar,39050,"South Tyrol,Trentino-Alto Adige/Südtirol",Italy,RM,CP,N,,CP - Cutting Plant,,
M6E35,PRATI VERDI DEL MOLISE S.R.L.,MASSERIA ZALOLLA - ZONA P.I.P.,Sant'Elia a Pianisi,,"Campobasso,Molise",Italy,RM,CP,N,,CP - Cutting Plant,,
V2V5N,PRATO CARNI SRL,VIA PER LENO 7-7A,Gottolengo,25023,"Brescia,Lombardy",Italy,RM,CP,N,,CP - Cutting Plant,,
C6R8K,PREGIS S.P.A.,S.ANDREA,Riva del Garda,38066,"Trento,Trentino-Alto Adige/Südtirol",Italy,RM,CP,N,,CP - Cutting Plant,,
CE IT S3T2H,PREGIS SPA,VIA DEL LAVORO 29/41,Chiesina Uzzanese,51013,"Pistoia,Tuscany",Italy,RM,CP,N,,CP - Cutting Plant,,
H6Y7E,PRENSERVICE PRENCI LUIGI S.A.S. DI ERBINI FRANCESCO & C.,COSTIERA,Mazara del Vallo,91026,"Trapani,Sicily",Italy,RM,CP,N,,CP - Cutting Plant,,
1317 M,PRIMAVERA S.A.S. DI BADELLINO MARIO .,"STRADA VECCHIA DI PISCINA, 2",Frossasco,10060,"Torino,Piemont",Italy,RM,SH CP,Y,,SH - Slaughterhouse | CP - Cutting Plant,,
Z3Z2M,PRINA LUIGI,PROVINCIALE SORDIO BETTOLA KM. 1420,Casalmaiocco,26831,Lombardy,Italy,RM,SH CP,Y,,SH - Slaughterhouse | CP - Cutting Plant,,
2612 M (1),PRISCIANDARO S.R.L.,"VIA COZZE, 2",Conversano,7044,"Bari,Apulia",Italy,RM,SH,Y,,SH - Slaughterhouse,,
1323 M,PROMOCARNI CALABRIA SRL,LOC. SETTEPORTE,Rocca di Neto,88821,"Crotone,Calabria",Italy,RM,SH,Y,bovine caprine ovine porcine equine,SH - Slaughterhouse,,
CEIT 2676S,PRONTO CARNI SRL,STRADA BAGANZOLA 98,Parma,43100,"Parma,Emilia-Romagna",Italy,RM,CP,N,,CP - Cutting Plant,,
9 196 L,PROSCIUTTIFICIO CASTAGNETO SNC DI BORTOLOTTI OSCAR E C.,CASTAGNETO 6,Pavullo nel Frignano,41026,"Modena,Emilia-Romagna",Italy,RM,CP,N,,CP - Cutting Plant,,
401 L,PROSCIUTTIFICIO SAN FRANCESCO SPA,via DELLA PACE 8/A,Castelnuovo Rangone,41051,Emilia-Romagna,Italy,RM,CP,N,,CP - Cutting Plant,,
IT 9 966 L,PROSCIUTTIFICIO SOAVE DI MASCONALE MARCO E C SNC,"VIA CA' DEL BOSCO, 36",Soave,37038,"Verona,Veneto",Italy,RM,CP,N,,CP - Cutting Plant,,
S2P10,PUBBLICO MACELLO DI PALAZZOLO ACREIDE,VIA BARONE SALVATORE FERLA DI TRISTAINO,Palazzolo Acreide,96010,Sicily,Italy,RM,SH,Y,,SH - Slaughterhouse,,
1630 M,PUBLIX.MEAT S.R.L.,"SANNITICA 87 KM 9,200",Afragola,,"Napoli,Campania",Italy,RM,CP,N,,CP - Cutting Plant,,
1986 M,PUGLIA CARNI S.R.L.,"VIA CASAMASSIMA, KM. 1 sn",Noicattaro,70016,"Bari,Apulia",Italy,RM,SH,Y,,SH - Slaughterhouse,,
9 2034 L,PULIANI STEFANO,AL PIANO,Villette,28856,Piemont,Italy,RM,CP,N,,CP - Cutting Plant,,
P8T7D,PUNTO CARNI S.A.S DI LISERRE GENNARO E C.,LAGO,Verbicaro,87020,"Cosenza,Calabria",Italy,RM,CP,N,,CP - Cutting Plant,,
X126W,QUAGLIA VALERIA,VIA RITIRATA 14,San Francesco al Campo,10070,"Torino,Piemont",Italy,RM,CP SH,Y,,CP - Cutting Plant | SH - Slaughterhouse,,
9 1081 L,QUALITA' ITALIANA SOCIETA' A RESPONSABILITA' LIMITATA,"Via per Reggio, 16/A loc. Arceto",Scandiano,42019,"Reggio nell'Emilia,Emilia-Romagna",Italy,RM,CP,N,bovine caprine ovine porcine equine,CP - Cutting Plant,,
1434 M,QUALITY INTERNATIONAL SERVICE S.R.L,VIA CASARIELLI 2,Sant'Antonio Abate,80057,"Napoli,Campania",Italy,RM,SH,Y,,SH - Slaughterhouse,,
1958 S,QUARTIGLIA FOOD SERVICE S.P.A.,NAZIONALE ADRIATICA - FRAZIONE COLOGNA SPIAGGIA,Roseto degli Abruzzi,64026,"Teramo,Abruzzo",Italy,RM,CP,N,,CP - Cutting Plant,,
2560 S,QUINTINO & CO. SRL,VIA DEGLI EMIGRANTI 10,Gordona,23035,"Sondrio,Lombardy",Italy,RM,CP,N,,CP - Cutting Plant,,
1504 M,R & C. OVINI SRL,VIA CATALANO 2,Casalnuovo di Napoli,80013,"Napoli,Campania",Italy,RM,SH,Y,,SH - Slaughterhouse,,
ITC5M4N,R.BUSANEL E F.LI S.R.L.,"VIA DELLE INDUSTRIE, 64",Eraclea,30020,"Venezia,Veneto",Italy,RM,CP,N,,CP - Cutting Plant,,
1320 M,R.E. CARNI SRL,"MOLINETTI, (ALBIANO MAGRA)",Aulla,54011,Tuscany,Italy,RM,SH,Y,,SH - Slaughterhouse,,
1429 M,R.O.C.A. SRL,CIORANI,Mercato San Severino,84085,"Salerno,Campania",Italy,RM,SH,Y,,SH - Slaughterhouse,,
9 1528 L,RACCA SNC DI RACCA RENATO & C.,VIA CARIGNANO 72,Carmagnola,10022,"Torino,Piemont",Italy,RM,CP,N,,CP - Cutting Plant,,
uvac02-111,RAG. PIETRO GUARNIERI E FIGLI S.N.C.,VIA GEN. SABATO N.11 INT.B,Putignano,70017,"Bari,Apulia",Italy,RM,SH,Y,,SH - Slaughterhouse,,
E307J,RAILCA S.R.L.,VIA CANNIZZOLI - FRAZIONE TRAPPITELLO,Petralia,98039,Sicily,Italy,RM,CP,N,,CP - Cutting Plant,,
H7L7J,RAIZZOLA CARNI DI BONIOTTO ALESSIO & C. S.A.S.,RAIZZOLA,Casaleone,37052,"Verona,Veneto",Italy,RM,SH CP,Y,,SH - Slaughterhouse | CP - Cutting Plant,,
W3W97,RAMELLA PRALUNGO GIANFRANCO,GRAMSCI,Sandigliano,13876,"Biella,Piemont",Italy,RM,SH,Y,,SH - Slaughterhouse,,
V5C1K,RAMELLA VOTTA PIERO,MARTIRI LIBERTA',Occhieppo Inferiore,13897,"Biella,Piemont",Italy,RM,SH,Y,,SH - Slaughterhouse,,
9 1473 L,"RANABOLDO AIMO E FIGLI S.N.C. DI RANABOLDO MAURO,LODOVICO E CESARE",CORSO MARCONI 48,Desana,13034,Piemont,Italy,RM,SH CP,Y,porcine bovine,SH - Slaughterhouse | CP - Cutting Plant,,
CE IT 2248 S,RANGONE CARNI DI RUBBIANESI E CI S.N.C.,PER FORMIGINE,Castelnuovo Rangone,41051,Emilia-Romagna,Italy,RM,CP,N,,CP - Cutting Plant,,
1249 L,RASPINI S.P.A.,via Poirino 21,Isolabella,10046,"Torino,Piemont",Italy,RM,CP,N,,CP - Cutting Plant,,
G082G,REAL ITALY FOOD S.R.L.,Via Ausonio Tosini 2,Lesignano de' Bagni,43037,"Parma,Emilia-Romagna",Italy,RM,CP,N,,CP - Cutting Plant,,
2857 M,REALBEEF S.R.L.,TIERZI - ZONA ASI,Flumeri,,"Avellino,Campania",Italy,RM,SH,Y,,SH - Slaughterhouse,,
18-1820 M,REALBEEF S.R.L.,VIA CONTRADA DA PIANI 2,Rocca San Felice,,"Avellino,Campania",Italy,RM,SH,Y,,SH - Slaughterhouse,,
F9722,REALE S.R.L.,SPEDINO,Borgorose,02021,"Rieti,Lazio",Italy,RM,SH,Y,,SH - Slaughterhouse,,
9 1800 L,REALIMENTARE S.R.L.,"LOC. SUSTINENZA VIA GARIBALDI, 76",Casaleone,37052,"Verona,Veneto",Italy,RM,CP,N,,CP - Cutting Plant,,
CE IT Y7M8N,REBUFFATTI TARCISIO,VIA PINTURA FRAZIONE S. BARNABA 74,Busca,20826,"Cuneo,Piemont",Italy,RM,SH,Y,,SH - Slaughterhouse,,
CE IT 621 L,RECLA SPA,ZONA PRODUTTIVA 2,Schlanders - Silandro,39028,"South Tyrol,Trentino-Alto Adige/Südtirol",Italy,RM,CP,N,,CP - Cutting Plant,,
9 390 L,REGOLI IVANO SNC DI REGOLI IGINO E C.,"VIA MOLINO, 55",Monastero,62020,"Macerata,Marche",Italy,RM,CP,N,,CP - Cutting Plant,,
T5C1S,REMBAND SOCIETA' SEMPLICE,VIA DELLA LIBERTA' 17,Prarostino,10060,"Torino,Piemont",Italy,RM,SH,Y,,SH - Slaughterhouse,,
9 2517 L,RENATO CARNI SRL,"STR. S. FILOMENA, 84",Terni,05100,"Terni,Umbria",Italy,RM,CP,N,,CP - Cutting Plant,,
2880 S,RIALTOFOODART SOCIETA' A RESPONSABILITA' LIMITATA SEMPLIFICATA,TRIESTINA,Chiesanuova,30020,"Venezia,Veneto",Italy,RM,CP,N,,CP - Cutting Plant,,
R3280,RIBE S.R.L.,"VIA UBALDO COMANDINI, 38",Rome,00135,"Roma Capitale,Lazio",Italy,RM,CP,N,,CP - Cutting Plant,,
U949F,RICCHIUTI SALVATORE,NAPOLI,Carovilli,86083,"Isernia,Molise",Italy,RM,SH,Y,,SH - Slaughterhouse,,
E3R91(588),RICCIU CARNI SRL,LOCALITÀ MACARRONARE,Bitzi/Bitti,08021,"Nuoro,Sardinia",Italy,RM,SH,Y,,SH - Slaughterhouse,,
X144F,RICCO GROUP S.R.L.,"VIA ORESTE LEONARDI, 1",Eboli,84025,"Salerno,Campania",Italy,RM,CP,N,,CP - Cutting Plant,,
CE IT 1217 S,RIGACCI CARNI SRL,VIA DEL FABBRO 5,Tavarnelle Val di Pesa,50028,Tuscany,Italy,RM,CP,N,,CP - Cutting Plant,,
F165J,RIPA MACELLAZIONI DI VAGNONI FEDERICO E MAURIZI FABIO SNC,FIORANO,Ripatransone,63065,"Ascoli Piceno,Marche",Italy,RM,SH,Y,,SH - Slaughterhouse,,
1812 M,RIPAMONTI CARNI S.R.L.,VIA VIGNOLA 13/1,Oggiono,23848,Lombardy,Italy,RM,SH,Y,,SH - Slaughterhouse,,
T805K,RIPAMONTI SNC,DON DAVIDE COLLI,Triuggio,20844,"Monza and Brianza,Lombardy",Italy,RM,SH,Y,,SH - Slaughterhouse,,
2763 F,RISTOGAMMA SRL,VIA CONTEA 15/A,Rubiera,42048,"Reggio nell'Emilia,Emilia-Romagna",Italy,RM,CP,N,,CP - Cutting Plant,,
B6147,RIVA CARNI 2 DI IANTORNO GIUSEPPINA,VIA SAN GIOVANNI 15,Chieri,10020,"Torino,Piemont",Italy,RM,SH,Y,,SH - Slaughterhouse,,
CE IT 787,RIVAMAR S.R.L.,VIA DEL LAVORO 41,Taglio di Po,45019,"Rovigo,Veneto",Italy,RM,CP,N,,CP - Cutting Plant,,
T5E3Z,ROBERTO PASSARETTA S.R.L.,ANTONIO SEBASTIANO,Minturno,04026,"Latina,Lazio",Italy,RM,CP,N,,CP - Cutting Plant,,
274 M,ROBES S.P.A.,ROVADINO,Calcinato,25011,"Brescia,Lombardy",Italy,RM,CP SH,Y,,CP - Cutting Plant | SH - Slaughterhouse,,
Z330Z,ROBUSTELLINI EUSEBIO,VIA PATRIOTI 61,Grosotto,23033,"Sondrio,Lombardy",Italy,RM,CP,N,,CP - Cutting Plant,,
781 L,ROBUSTELLINI S.R.L.,SPLUGA - FRAZ. NUOVA OLONIO,Dubino,20529,"Sondrio,Lombardy",Italy,RM,CP,N,,CP - Cutting Plant,,
0335 S,RODA S.R.L.,via Loda n. 98,Castelfranco Emilia,41122,"Modena,Emilia-Romagna",Italy,RM,CP,N,,CP - Cutting Plant,,
0 335 S,RODA SRL,LODA,Castelfranco Emilia,41013,"Modena,Emilia-Romagna",Italy,RM,CP,N,,CP - Cutting Plant,,
R7N0H,RODDOLO CARLO,PALESTRO,Monforte d'Alba,12065,"Cuneo,Piemont",Italy,RM,SH,Y,,SH - Slaughterhouse,,
CE IT 1286 L,ROHA ITALY S.P.A.,VIA DELL` AGRICOLTURA 25/A,Bussolengo,37012,"Verona,Veneto",Italy,RM,CP,N,,CP - Cutting Plant,,
P937W,ROMANO DI ROMANO SALVATORE E C. S.A.S.,GUARDIOLA ZONA PIP,San Bartolomeo in Galdo,82020,"Benevento,Campania",Italy,RM,SH CP,Y,,SH - Slaughterhouse | CP - Cutting Plant,,
2775 S,ROMANO GIUSEPPE SRL,C.DA PIETRACUTALE,Longobucco,,"Cosenza,Calabria",Italy,RM,CP,N,,CP - Cutting Plant,,
1427 P,RON.GO FOOD S.R.L.,ROSSI TRAV TORINO,Volla,80040,"Napoli,Campania",Italy,RM,CP,N,,CP - Cutting Plant,,
C0B7A,RONCONI MIRCO E C. S.N.C.,PIAZZA DALLA BONA 36,Sant'Anna d'Alfaedo,37020,Veneto,Italy,RM,SH,Y,,SH - Slaughterhouse,,
K4Z4R,RONZANI MASSIMILIANO,VIA G. CANTELE 8,Laverda,36046,"Vicenza,Veneto",Italy,RM,SH CP,Y,,SH - Slaughterhouse | CP - Cutting Plant,,
2871 S,ROSA CARNI S.R.L.,VISENTIN,Camposampiero,35012,"Padova,Veneto",Italy,RM,CP,N,,CP - Cutting Plant,,
1045 L,ROSI S.R.L.,CERRETTI,Capanne,56020,"Pisa,Tuscany",Italy,RM,CP,N,,CP - Cutting Plant,,
2855 S,ROSOTTA S.R.L.,IV NOVEMBRE,Trentola Ducenta,81038,"Caserta,Campania",Italy,RM,CP,N,,CP - Cutting Plant,,
CE IT 2136 M,ROSSI CARNI SRL,VIA RONCALLI 56,Paese,31038,"Treviso,Veneto",Italy,RM,SH,Y,,SH - Slaughterhouse,,
W9863,ROSSI PAOLO,P. NENNI,Mercato Saraceno,47025,Emilia-Romagna,Italy,RM,SH,Y,,SH - Slaughterhouse,,
E7F9U,ROSTY DI PORCINO GIUSEPPE,EREMO PIETRA STORTA,Reggio Calabria,89100,"Reggio di Calabria,Calabria",Italy,RM,CP,N,,CP - Cutting Plant,,
F4C1D,ROTA GUIDO,FIESCHI - LOC. SANTA MARIA DEL TARO,Tornolo,43059,"Parma,Emilia-Romagna",Italy,RM,SH,Y,,SH - Slaughterhouse,,
Y468W,ROTASPERTI GIACOMO,"VIA CAVOUR, 1",Rovato,25030,"Brescia,Lombardy",Italy,RM,SH,Y,,SH - Slaughterhouse,,
1921 M,ROVERETO CARNI SRL,ALBANO MODENA - FRAZIONE ROVERETO S/SECCHIA,Novi di Modena,41016,"Modena,Emilia-Romagna",Italy,RM,CP,N,,CP - Cutting Plant,,
G2Q8D,ROVESCALA MAURIZIO & C. S.A.S.,VIA PONTE VECCHIO 9,Pieve Porto Morone,27017,"Pavia,Lombardy",Italy,RM,SH CP,Y,,SH - Slaughterhouse | CP - Cutting Plant,,
G4F5U,ROVO CARNI SNC,STIFFE - VIA CROCIFISSO,Roccapreturo,67020,Abruzzo,Italy,RM,CP,N,,CP - Cutting Plant,,
2296 M,RUBINO CARNI DI SCUTIERI SERAFINA,"LOC. SAN FRANCESCO, 42",Catanzaro,88050,"Catanzaro,Calabria",Italy,RM,SH,Y,,SH - Slaughterhouse,,
E3P72,RUFFOLO SRL,MAZZINI,Marano Marchesato,,"Cosenza,Calabria",Italy,RM,CP SH,Y,,CP - Cutting Plant | SH - Slaughterhouse,,
1048 L,RUGGER SPA,TETTI GIRO,Santena,10026,"Torino,Piemont",Italy,RM,CP,N,,CP - Cutting Plant,,
9 2610 L,RUI DANILO,"VIA GUARDI, 1",Lido di Jesolo,30016,"Venezia,Veneto",Italy,RM,CP,N,,CP - Cutting Plant,,
B762F,RUIU CARNI DI RUIU ALESSANDRO & C. S.A.S.,BELVEDERE,Ossi,07045,"Sassari,Sardinia",Italy,RM,SH,Y,,SH - Slaughterhouse,,
D786G,RUSTICANTE S.R.L. SOCIETA' AGRICOLA,BELVEDERE,Valfabbrica,06029,"Perugia,Umbria",Italy,RM,CP,N,,CP - Cutting Plant,,
1834 S (1),RZ SERVICE SRL,VIA MOLISE 1,Pontoglio,25037,"Brescia,Lombardy",Italy,RM,CP,N,,CP - Cutting Plant,,
IT657SCE,S. PIETRO CARNI S.R.L.,VIA CAPPELLO 20,San Pietro in Gu,35010,"Padova,Veneto",Italy,RM,CP,N,,CP - Cutting Plant,,
B3W8M,S.A.G.A. S.R.L.,PINCERE,Rocchetta Alta,86070,"Isernia,Molise",Italy,RM,SH,Y,,SH - Slaughterhouse,,
IT 1587 S CE,S.A.I. SOCIETA' ALIMENTARE ITALIANA S.R.L.,Via De Amicis 2,Magnago,20020,"Milan,Lombardy",Italy,RM,CP,N,,CP - Cutting Plant,,
2990 S,S.A.P. DI FULGERI UGO SRL,Via PASUBIO 12,Pavullo nel Frignano,41026,"Modena,Emilia-Romagna",Italy,RM,CP,N,,CP - Cutting Plant,,
D764V,S.A.P. DI FULGERI UGO SRL,Via XXII Aprile 63,Pavullo nel Frignano,41026,"Modena,Emilia-Romagna",Italy,RM,CP,N,,CP - Cutting Plant,,
724 S,S.A.V. SRL,VIA VAL DI STAVA 9,Sona,37060,"Verona,Veneto",Italy,RM,CP,N,,CP - Cutting Plant,,
2882 M,S.B.A. DI PIU BIANCA & C. S.N.C.,LOC. MARRERI,Orune,08020,"Nuoro,Sardinia",Italy,RM,SH,Y,,SH - Slaughterhouse,,
CE IT 0 985 S,S.C.S. - SOCIETA' COMMERCIALE SANDRI - S.P.A.,VIA ROSSINI 35,Cartigliano,36050,"Vicenza,Veneto",Italy,RM,CP,N,,CP - Cutting Plant,,
501 S,S.I.C.P.A. SRL,"VIA KENNEDY, 66",Verolanuova,25028,"Brescia,Lombardy",Italy,RM,CP,N,,CP - Cutting Plant,,
uvac02-589,S.I.E.D. SRL,CONTRADA LACOMETANA N. 16,Santeramo in Colle,70029,"Bari,Apulia",Italy,RM,SH,Y,,SH - Slaughterhouse,,
9 1580 L,S.M.P. SRL,"VIA CLERICI, 26",Rimini,47924,"Rimini,Emilia-Romagna",Italy,RM,CP,N,,CP - Cutting Plant,,
9 3643 L,S.V.A.S.,VIA ISOLA MANTEGNA 26,Piazzola sul Brenta,35016,"Padova,Veneto",Italy,RM,CP,N,,CP - Cutting Plant,,
CE IT 634 M,SA-CAR S.R.L.,"VIA MONDOVI`, 46",Sant'Albano Stura,12083,Piemont,Italy,RM,SH CP,Y,,SH - Slaughterhouse | CP - Cutting Plant,,
9 1188 L,SA.MO. SRL,VOCABOLO TERRICOLI,Matelica,62024,"Macerata,Marche",Italy,RM,CP,N,,CP - Cutting Plant,,
CE IT 1143,SA.SO - SALUMIFICIO SORANESE S.R.L.,loc. LA FRATTA,Sorano,58010,"Grosseto,Tuscany",Italy,RM,CP,N,,CP - Cutting Plant,,
1255 M,SA.VEN S.R.L.,TRIESTE,Zanè,36010,"Vicenza,Veneto",Italy,RM,CP SH,Y,,CP - Cutting Plant | SH - Slaughterhouse,,
03 1757,SACCHI NOEMI AZIENDA AGRICOLA,CASLETTO,Sant'Antonio,24060,"Bergamo,Lombardy",Italy,RM,SH,Y,,SH - Slaughterhouse,,
uvac02-658,SACCO GIOVANNI,CONTRADA LACOMETANA N. 16,Santeramo in Colle,70029,"Bari,Apulia",Italy,RM,SH,Y,,SH - Slaughterhouse,,
1516 S,SAGLIOCCO CARNI SRL,VIA G. MANICA,Cancello ed Arnone,81030,"Caserta,Campania",Italy,RM,CP,N,,CP - Cutting Plant,,
9 1306 L,SAL.CAR. DI RASTELLI & C. - S.N.C.,VIA CUSTOZA 7,Vercelli,13100,"Vercelli,Piemont",Italy,RM,CP,N,,CP - Cutting Plant,,
CE IT U3Q1Z,SAL.PI. UNO SRL,Zona Industriale Il Lago,Preci,06047,"Perugia,Umbria",Italy,RM,CP,N,porcine,CP - Cutting Plant,,
U3Q1Z,SAL.PI. UNO SRL,IL LAGO,Preci,06047,"Perugia,Umbria",Italy,RM,CP,N,,CP - Cutting Plant,,
C1T5T,SALA ORESTE EMILIO,RONCO,San Donato Milanese,20097,"Milan,Lombardy",Italy,RM,SH,Y,,SH - Slaughterhouse,,
0 305 S,SALCA - S.R.L.,DEL CIGNO,Finale Ligure,17024,"Savona,Liguria",Italy,RM,CP,N,,CP - Cutting Plant,,
uvac02-1643,SALENTO FOOD S.R.L.,"VIA CASAMASSIMA, KM. 1 sn",Noicattaro,70016,"Bari,Apulia",Italy,RM,SH,Y,,SH - Slaughterhouse,,
E0V57,SALOTTI BRUNO,"VALLE,",San Romano in Garfagnana,55038,"Lucca,Tuscany",Italy,RM,SH,Y,,SH - Slaughterhouse,,
J5433,SALPROSCIUTTI S.R.L.,"CASILINA KM. 21,600",Monte Compatri,00077,"Roma Capitale,Lazio",Italy,RM,CP,N,,CP - Cutting Plant,,
CE IT 1239 S,SALSOCARNI S.R.L.,VIA PARMA N. 80,Salsomaggiore Terme,43039,"Parma,Emilia-Romagna",Italy,RM,CP,N,,CP - Cutting Plant,,
H2Y12,SALTI ANDREA,PIAZZA ROMA 5,Crema,26010,"Cremona,Lombardy",Italy,RM,SH,Y,,SH - Slaughterhouse,,
U3G82,SALUMERIA DI MONTE SAN SAVINO S.R.L.,SANTA MARIA DELLE VERTIGHE,Monte San Savino,52048,"Arezzo,Tuscany",Italy,RM,CP,N,,CP - Cutting Plant,,
W2A7A,SALUMI ARTIGIANALI F.LLI MOCCIA ONOFRIO E MARIO S.N.C.,S. ROCCO,Biccari,,"Foggia,Apulia",Italy,RM,SH,Y,,SH - Slaughterhouse,,
Q6Y15,SALUMI ARTIGIANALI SAPORI D'ALTRI TEMPI S.R.L.S.,PONTE S. ANTONIO,Lamezia Terme,88046,"Catanzaro,Calabria",Italy,RM,CP,N,,CP - Cutting Plant,,
1184 LP,SALUMI BENVENUTI S.R.L.,"VIA SS. ANNUNZIATA, N.1225/C",Lucca,55100,"Lucca,Tuscany",Italy,RM,CP,N,,CP - Cutting Plant,,
D8B35,SALUMI CINQUE STELLE SRL,CAGNOLA,Abbiategrasso,20081,"Milan,Lombardy",Italy,RM,CP,N,,CP - Cutting Plant,,
1941 S,SALUMI CORSINI SRL,S. LUCIA,Villa Ceccolini,61122,"Pesaro e Urbino,Marche",Italy,RM,CP,N,,CP - Cutting Plant,,
1582 L,SALUMI DE STEFANI S.R.L.,VIA STRADA DI GUIA 31,Valdobbiadene,31049,"Treviso,Veneto",Italy,RM,CP,N,,CP - Cutting Plant,,
U3J4H,SALUMI DI OFFAGNA SRL,SAN BERNARDINO,Poggio,60020,"Ancona,Marche",Italy,RM,CP,N,,CP - Cutting Plant,,
2646 S,SALUMI EMMEDUE S.R.L.,SERRALTA,Picerno,85055,"Potenza,Basilicata",Italy,RM,CP,N,,CP - Cutting Plant,,
1829 L,SALUMI IL BORGO S.R.L.,Via Toscana n. 183,Monteroni d'Arbia,53014,"Siena,Tuscany",Italy,RM,CP,N,,CP - Cutting Plant,,
N2S9C,SALUMI SIMONINI DI SIMONINI CLEMENTE,DELL`ARTIGIANATO,Ala,38061,"Trento,Trentino-Alto Adige/Südtirol",Italy,RM,CP,N,,CP - Cutting Plant,,
9 321 L,SALUMIFICIO TOMASINO S.R.L.,VIA CUGNOLIO 8,Tricerro,13039,"Vercelli,Piemont",Italy,RM,CP,N,,CP - Cutting Plant,,
CEIT1470 L,SALUMIFICIO A. LOVISON S.R.L.,UGO FOSCOLO,Spilimbergo,33097,Friuli Venezia Giulia,Italy,RM,CP,N,,CP - Cutting Plant,,
1700 L,SALUMIFICIO AGOSTONI SRL,VIA NAZIONALE 9,Brivio,,"Lecco,Lombardy",Italy,RM,CP SH,Y,,CP - Cutting Plant | SH - Slaughterhouse,,
1267 L,SALUMIFICIO ALIPRANDI S.P.A.,VIA MANDOLOSSA 25,Gussago,25064,"Brescia,Lombardy",Italy,RM,CP,N,,CP - Cutting Plant,,
N3P5Y,SALUMIFICIO ALIPRANDI S.P.A.,VIA MANDOLOSSA 25,Gussago,25064,"Brescia,Lombardy",Italy,RM,CP,N,,CP - Cutting Plant,,
9 1421 L,SALUMIFICIO ALTO MANTOVANO - S.N.C. DI TRAVAGLINI NIVES E NERIS,LEVATA,Goito,46044,"Mantua,Lombardy",Italy,RM,SH CP,Y,,SH - Slaughterhouse | CP - Cutting Plant,,
9 1388 LP,SALUMIFICIO ANGELONI SRL,MONTE GRAPPA,Trecastelli,61040,"Ancona,Marche",Italy,RM,CP,N,,CP - Cutting Plant,,
1668 L,SALUMIFICIO ARTIGIANALE ERREVI S.R.L.,F. CORRIDONI,Lonato del Garda,25010,"Brescia,Lombardy",Italy,RM,CP,N,,CP - Cutting Plant,,
9 2130 L,SALUMIFICIO ARTIGIANO S.N.C. DI BENEVENTI STEFANO E LUCIO,LUGHESE,Forlì,47121,"Forlì-Cesena,Emilia-Romagna",Italy,RM,CP,N,,CP - Cutting Plant,,
9 475 L,SALUMIFICIO BARDI DI BARDI ALESSANDRO E C. SNC,GOLFARELLI,Forlì,47121,"Forlì-Cesena,Emilia-Romagna",Italy,RM,CP,N,,CP - Cutting Plant,,
1999 L,SALUMIFICIO BARTOCCI SNC DI BARTOCCI RENATO E C.,CARLO CAMELI,Matelica,62024,"Macerata,Marche",Italy,RM,CP,N,,CP - Cutting Plant,,
UE IT 2059 M,SALUMIFICIO BBS DI BARTOLI G. E C. SNC,"VIA C.COLOMBO, 90",Novellara,42017,"Reggio nell'Emilia,Emilia-Romagna",Italy,RM,CP SH,Y,,CP - Cutting Plant | SH - Slaughterhouse,,
9 206 L,SALUMIFICIO BENASSI SNC DI BENASSI FRANCA E FIORENZA & C.,EMILIA - LOC. CASTELGUELFO,Vidalenzo,43010,"Parma,Emilia-Romagna",Italy,RM,CP,N,,CP - Cutting Plant,,
CE IT 1276 M,SALUMIFICIO BENESE SRL,"VIA NARZOLE, 2",Bene Vagienna,12041,Piemont,Italy,RM,SH CP,Y,,SH - Slaughterhouse | CP - Cutting Plant,,
2652 M,SALUMIFICIO BERTOLETTI S.R.L.,DELLE BOSCHINE,Graffignana,26813,"Lodi,Lombardy",Italy,RM,CP,N,,CP - Cutting Plant,,
IT 9 728L CE,SALUMIFICIO BONINI SNC DI BONINI GIORGIO & C.,VIA CAMPANILE 4/1,Casina,42034,"Reggio nell'Emilia,Emilia-Romagna",Italy,RM,CP SH,Y,,CP - Cutting Plant | SH - Slaughterhouse,,
926 L,SALUMIFICIO BORGO DORA S.P.A.,CORSO VERCELLI 279/A,Turin,10156,"Torino,Piemont",Italy,RM,CP,N,,CP - Cutting Plant,,
9 2867 L,SALUMIFICIO BOVOLENTA S.N.C. DI DE AGOSTINI MIMO E CONTIN MASSIMO,ROMEA VECCHIA,Ariano nel Polesine,,"Rovigo,Veneto",Italy,RM,CP SH,Y,,CP - Cutting Plant | SH - Slaughterhouse,,
IT CE1894 S,SALUMIFICIO BRIANZA SRL,"VIA LUPIA ALTA ZONA INDUSTRIALE, 35",Montagnana,35044,"Padova,Veneto",Italy,RM,CP,N,,CP - Cutting Plant,,
9 205 L,SALUMIFICIO BURLENGHI S.R.L.,Via Emilia Est 58/E,Fontanellato,43012,"Parma,Emilia-Romagna",Italy,RM,CP,N,,CP - Cutting Plant,,
1284 L,SALUMIFICIO BUTTI SNC,VIA MOLINI 11,Valmadrera,23868,"Lecco,Lombardy",Italy,RM,CP,N,,CP - Cutting Plant,,
9 1080 L,SALUMIFICIO CASTELLI SRL,VIA ROMA 42,Intimiano,22070,"Como,Lombardy",Italy,RM,CP,N,,CP - Cutting Plant,,
CE IT 9 1463 L,SALUMIFICIO CERBONI DI CERBONI AUGUSTO,via DEL GALLACCINO n. 17,Castel del Piano,58033,"Grosseto,Tuscany",Italy,RM,CP,N,,CP - Cutting Plant,,
9 46 L,SALUMIFICIO CEREDA DI CAV. MAURO MANDIROLA S.R.L.,"P.ZZA VITTORIO EMANUELE II, 69",Castellazzo Bormida,15073,"Alessandria,Piemont",Italy,RM,CP,N,,CP - Cutting Plant,,
1900 M,SALUMIFICIO CIRIACI SRL,CROCE,Ortezzano,63851,"Fermo,Marche",Italy,RM,CP,N,,CP - Cutting Plant,,
719 L,SALUMIFICIO COCCHI srl,VIA FRATELLI CANVELLI 5,Noceto,43015,"Parma,Emilia-Romagna",Italy,RM,CP,N,,CP - Cutting Plant,,
J954Y,SALUMIFICIO COMMELLINI S.R.L. SEMPLIFICATA,CASETTI,Anzola dell'Emilia,40011,"Bologna,Emilia-Romagna",Italy,RM,CP,N,,CP - Cutting Plant,,
2225 M,SALUMIFICIO COMPAT S.R.L.,"VIA CIRCONVALLAZIONE SUD, 65",Offanengo,26010,"Cremona,Lombardy",Italy,RM,SH,Y,,SH - Slaughterhouse,,
9 1258 L,SALUMIFICIO COSTA SRL,VIA MORTARA 91,Gambolò,27025,"Pavia,Lombardy",Italy,RM,CP,N,,CP - Cutting Plant,,
9 1658 L,SALUMIFICIO DEL PO DI TIRELLI TAZIO E FAUSTO SNC,VILLA GARIBALDI - STRADELLO MESCOLI 6,San Benedetto Po,46027,"Mantua,Lombardy",Italy,RM,CP,N,,CP - Cutting Plant,,
2064 L,SALUMIFICIO DEL POLLINO SRL,VIA MOLINELLI 18,Verbicaro,87020,"Cosenza,Calabria",Italy,RM,CP,N,,CP - Cutting Plant,,
9 981 L,SALUMIFICIO DELLA LUCANIA SRL,GRAMSCI,Picerno,85055,"Potenza,Basilicata",Italy,RM,CP,N,,CP - Cutting Plant,,
9 993 L,SALUMIFICIO DESSILANI ANTONIO S.N.C. DI DESSILANI ALDO PIETRO E PAOLA & C.,ROMA,Fara Novarese,28073,"Novara,Piemont",Italy,RM,CP,N,,CP - Cutting Plant,,
1003 L,SALUMIFICIO DI FRANCIACORTA INDUSTRIA ALIMENTARE SRL,VIA TITO SPERI 7/M,Losine,25040,"Brescia,Lombardy",Italy,RM,CP,N,,CP - Cutting Plant,,
3070 S,SALUMIFICIO DI GENGA SRL,LOC.MELETO SN,Genga,60040,"Ancona,Marche",Italy,RM,CP,N,,CP - Cutting Plant,,
1209 L,SALUMIFICIO DI VIGLIANO DI CREMINELLI UMBERTO & C. - S.N.C.,MILANO,Vigliano Biellese,13856,Piemont,Italy,RM,CP,N,,CP - Cutting Plant,,
9 1000 L,SALUMIFICIO E LAVORAZIONE CARNI PANTANALI SAS,COLUGNA - VIA SAN DANIELE,Collalto,33010,Friuli Venezia Giulia,Italy,RM,CP,N,,CP - Cutting Plant,,
9 335 L,SALUMIFICIO E. FRACHETTI SRL,"VILLAMONTAGNA, 109",Trento,38123,"Trento,Trentino-Alto Adige/Südtirol",Italy,RM,CP,N,,CP - Cutting Plant,,
1550 L,SALUMIFICIO F.LLI BERETTA SPA,VIA F.LLI BANDIERA 12,Trezzo sull'Adda,10874,"Milan,Lombardy",Italy,RM,CP,N,,CP - Cutting Plant,,
698 L,SALUMIFICIO F.LLI BORONI SRL,STRADA COLONNE 13/3,Roverbella,46048,"Mantua,Lombardy",Italy,RM,CP,N,,CP - Cutting Plant,,
UE IT 366 L,SALUMIFICIO F.LLI COATI S.P.A.,VIA VALPOLICELLA 51,Pescantina,37026,"Verona,Veneto",Italy,RM,CP,N,,CP - Cutting Plant,,
CE IT 2044 L,SALUMIFICIO F.LLI COATI S.P.A.,VIA MONTI LESSINI 36,Marano di Valpolicella,37020,"Verona,Veneto",Italy,RM,CP,N,,CP - Cutting Plant,,
1107 M,SALUMIFICIO F.LLI COSTANTINI G.N.E. SRL,MONTRONE,Torano Nuovo,64010,"Teramo,Abruzzo",Italy,RM,SH,Y,,SH - Slaughterhouse,,
2016 M,SALUMIFICIO F.LLI CRACCO S.R.L.,GARAVOGLIA,Altissimo,36070,"Vicenza,Veneto",Italy,RM,CP SH,Y,,CP - Cutting Plant | SH - Slaughterhouse,,
9 1423 L,SALUMIFICIO F.LLI GINI DI GINI PAOLO & C. SNC,VIA MAZZINI 1,Villa Guardia,22079,"Como,Lombardy",Italy,RM,CP,N,,CP - Cutting Plant,,
981 M,SALUMIFICIO F.LLI MUGNAIOLI S.R.L.,VEZZANO,Chiusdino,53012,"Siena,Tuscany",Italy,RM,CP SH,Y,,CP - Cutting Plant | SH - Slaughterhouse,,
S4U1Q,SALUMIFICIO F.LLI REGIS DI REGIS GIOVANNI & SILVIO - S.N.C.,B. SELLA,Pray,13867,"Biella,Piemont",Italy,RM,CP,N,,CP - Cutting Plant,,
CE IT G7583,SALUMIFICIO F.LLI SCAPOCCHIN S.R.L.,VIA GIORGIO LA PIRA 14,Camposampiero,35012,"Padova,Veneto",Italy,RM,CP,N,,CP - Cutting Plant,,
CE 9 347 L,SALUMIFICIO FACCIOLI S.R.L.,VIA BOSCAROLA - FRAZIONE VOLARGNE 464/B,Dolcè,37020,"Verona,Veneto",Italy,RM,CP,N,,CP - Cutting Plant,,
1542 S,SALUMIFICIO FAGGIOLI GIANCARLO,VIA QUINTO BUCCI 237,Cesena,47522,"Forlì-Cesena,Emilia-Romagna",Italy,RM,CP,N,,CP - Cutting Plant,,
CEIT9-260L,SALUMIFICIO FENOGLIO S.R.L.,VIA IV NOVEMBRE 13,Villanova Mondovì,12047,"Cuneo,Piemont",Italy,RM,CP,N,caprine ovine equine porcine bovine,CP - Cutting Plant,,
9 916 L,SALUMIFICIO FERRERO DI FERRERO GUIDO & C. S.N.C.,VITTORIO VENETO,Cocconato,14023,"Asti,Piemont",Italy,RM,CP SH,Y,,CP - Cutting Plant | SH - Slaughterhouse,,
1363 L,SALUMIFICIO FONTANA DEI F.LLI FONTANA S.N.C.,"VIA SCHIAVIN, 9",Este,35042,"Padova,Veneto",Italy,RM,CP,N,,CP - Cutting Plant,,
E403H,SALUMIFICIO FORMA SRL,TOSSILO VIA DEL MACELLO,Macumere/Macomèr,08015,"Nuoro,Sardinia",Italy,RM,CP,N,,CP - Cutting Plant,,
9 508 L,SALUMIFICIO FRANCESCHINI SRL,VALLE DEL SAMOGGIA - LOC CASTELLO DI SERRAVALLE,Valsamoggia,40053,"Bologna,Emilia-Romagna",Italy,RM,CP,N,,CP - Cutting Plant,,
1316 L,SALUMIFICIO FRATELLI RIVA S.P.A.,"VIA ROSSINI, 10",Molteno,23847,"Lecco,Lombardy",Italy,RM,CP,N,,CP - Cutting Plant,,
9 204 L,SALUMIFICIO FRATI CARLA,VIA AZZALI 8,Priorato,43012,"Parma,Emilia-Romagna",Italy,RM,CP,N,,CP - Cutting Plant,,
1212 L,SALUMIFICIO GALLI REMO SRL,"VIA MILANO, 189 FZ. COGOZZO",Viadana,46019,"Mantua,Lombardy",Italy,RM,CP,N,,CP - Cutting Plant,,
CE IT 1612 S,SALUMIFICIO GERINI S.P.A.,VIALE HANOI 50,Pontassieve,50065,"Metropolitan City of Florence,Tuscany",Italy,RM,CP,N,,CP - Cutting Plant,,
9 1436 L,SALUMIFICIO GIANCARLO MACCHI S.R.L.,MONTE BIANCO,Samarate,21017,"Varese,Lombardy",Italy,RM,CP,N,,CP - Cutting Plant,,
CE IT 9 1252 L,SALUMIFICIO GIANFERRARI F.LLI DI GIANFERRARI M. E V. SNC,"VIA VAL D`ENZA NORD, 143",Canossa,42026,"Reggio nell'Emilia,Emilia-Romagna",Italy,RM,CP,N,,CP - Cutting Plant,,
IT 791 L,SALUMIFICIO GIANONCELLI DI ARTURO E SERGIO GIANONCELLI SRL,"Via Statale dello Stelvio, 23",Poggiridenti,23020,"Sondrio,Lombardy",Italy,RM,CP,N,,CP - Cutting Plant,,
CEIT1473M,SALUMIFICIO GONELLA S.R.L.,"Via Romita, 19",Ceva,12073,"Cuneo,Piemont",Italy,RM,CP,N,porcine,CP - Cutting Plant,,
1310 L,SALUMIFICIO LA ROCCA SRL,VIA CANETO,Castell'Arquato,29014,"Piacenza,Emilia-Romagna",Italy,RM,CP,N,,CP - Cutting Plant,,
672 L,SALUMIFICIO LEONI S.R.L.,CARLO ALBERTO DALLA CHIESA,Bibbiano,42021,"Reggio nell'Emilia,Emilia-Romagna",Italy,RM,CP,N,,CP - Cutting Plant,,
CE IT 9 1956 LP,SALUMIFICIO M. BRUGNOLO S.R.L.,"VIA F. RISMONDO, 131/A",Porto Viro,45014,"Rovigo,Veneto",Italy,RM,CP,N,,CP - Cutting Plant,,
9 35 L,SALUMIFICIO MADETTI MARIO DI MADETTI CLAUDIO,REGIONE CASE BRUCIATE 67,Villafranca d'Asti,14018,"Asti,Piemont",Italy,RM,CP,N,,CP - Cutting Plant,,
9 1680 LP,SALUMIFICIO MAGNONI SRL,CENTO,Vigarano Mainarda,44049,"Ferrara,Emilia-Romagna",Italy,RM,CP,N,,CP - Cutting Plant,,
9 1116 L,SALUMIFICIO MANCINELLI SNC,DEL TESORO,Falconara Marittima,60015,"Ancona,Marche",Italy,RM,CP,N,,CP - Cutting Plant,,
L7F0E,SALUMIFICIO MARAN DI LE PERA ANNUNZIATA,NAZIONALE - ACCIARELLO,Villa San Giovanni,89018,"Reggio di Calabria,Calabria",Italy,RM,CP,N,,CP - Cutting Plant,,
CEIT2861M,SALUMIFICIO MARCHISIO SRL,S.P. MONDOVI'-CUNEO 3,Pianfei,12080,"Cuneo,Piemont",Italy,RM,SH CP,Y,porcine,SH - Slaughterhouse | CP - Cutting Plant,,
CE IT 9 45 L,SALUMIFICIO MARTINO DI MARTINO GIORGIO E FIGLI SNC,"VIA CAVALLOTTA, 28 A",Savigliano,12038,"Cuneo,Piemont",Italy,RM,CP,N,,CP - Cutting Plant,,
492 L,SALUMIFICIO MENATTI - S.R.L.,VIA FURONI 284/A,Piantedo,23010,"Sondrio,Lombardy",Italy,RM,CP,N,,CP - Cutting Plant,,
2653 S,SALUMIFICIO MENOTTI SRL,ROMA,Pietrafitta,87050,"Cosenza,Calabria",Italy,RM,CP,N,,CP - Cutting Plant,,
9 1434 L,SALUMIFICIO MENTASTI S.R.L.,ROMA,Gazzada Schianno,21045,"Varese,Lombardy",Italy,RM,CP,N,,CP - Cutting Plant,,
CE IT 9 1925 L,SALUMIFICIO MEONI S.R.L.,VIA FRANCESCO FERRUCCI 5,Montale,51037,Tuscany,Italy,RM,CP,N,,CP - Cutting Plant,,
1702 L,SALUMIFICIO MERLOTTI SRL,VIA BUOZZI 1,Marmirolo,46045,"Mantua,Lombardy",Italy,RM,CP,N,,CP - Cutting Plant,,
9 85 L,SALUMIFICIO MONTE PENICE S.R.L.,ROMA,Rivergaro,29029,Emilia-Romagna,Italy,RM,CP,N,,CP - Cutting Plant,,
L2K9X,SALUMIFICIO MONTEISOLA DI MORETTI FRANCO E TURLA EMILIANO E C. S.A.S.,SENZANO,Gussago,25050,"Brescia,Lombardy",Italy,RM,CP,N,,CP - Cutting Plant,,
2047 M,SALUMIFICIO NADIA DI MORIONDO PIETRO & C. S.N.C.,ARE' - VIA PASUBIO,Caluso,10014,"Torino,Piemont",Italy,RM,CP,N,,CP - Cutting Plant,,
2189 M,SALUMIFICIO NERINO MEZZALUNA & C. SNC,"VIA S. GIROLAMO, 3",Valloscura,63900,Marche,Italy,RM,CP,N,,CP - Cutting Plant,,
9 1911 L,SALUMIFICIO NIGRO S.N.C. DI NIGRO GIAMPIERO E C.,MONCALIERI,Grugliasco,,Piemont,Italy,RM,CP,N,,CP - Cutting Plant,,
1039 L,SALUMIFICIO PEDRAZZOLI SPA,VIA SAN GIOVANNI 16/A,San Giovanni del Dosso,46020,"Mantua,Lombardy",Italy,RM,SH,Y,,SH - Slaughterhouse,,
9 3340 L,SALUMIFICIO PERUGINO IL BARONCINO SNC DI LUPATELLI FEDERICO,STR. TIBERINA NORD N. 6 - S. ORSOLA - RESINA,Perugia,06127,"Perugia,Umbria",Italy,RM,CP,N,,CP - Cutting Plant,,
1173 L,SALUMIFICIO PEZZI S.R.L.,GUIDO ROSSA,Viadana,46019,"Mantua,Lombardy",Italy,RM,CP,N,,CP - Cutting Plant,,
2237 M,SALUMIFICIO PITACCOLO G. S.R.L.,MALIGNANI 2/B,Castions di Strada,33050,Friuli Venezia Giulia,Italy,RM,SH CP,Y,,SH - Slaughterhouse | CP - Cutting Plant,,
9 514 L,SALUMIFICIO PIZZAGALLI S.N.C. DI RENDINA E C.,DEL PONTE,Santa Maria Hoè,23889,Lombardy,Italy,RM,CP,N,,CP - Cutting Plant,,
9 1445 L,"SALUMIFICIO RAMPOLDI SAS DI RAMPOLDI ANTONELLA, SANDRA, GABRIELE E C.",BELGIOIOSO,Torre de' Negri,27011,"Pavia,Lombardy",Italy,RM,CP,N,,CP - Cutting Plant,,
9 147 L,SALUMIFICIO RICCI GIULIANO DI NATOLI NILS E C. S.A.S.,TOSCANA - FRAZ. VESCOVADO,Murlo,53016,"Siena,Tuscany",Italy,RM,CP,N,,CP - Cutting Plant,,
CE IT Z6C4R,SALUMIFICIO RO-MA DI BRESCI ROSSANA E C. SNC,VIA LUNGO CALICE 98,Agliana,51031,"Pistoia,Tuscany",Italy,RM,CP,N,,CP - Cutting Plant,,
9 922 L,SALUMIFICIO RONCADESE S.N.C. DI BOZZATO LUCA E FIGLI,VIA FILIPPO MANERA 21,Roncade,31056,"Treviso,Veneto",Italy,RM,CP,N,,CP - Cutting Plant,,
U315Q,SALUMIFICIO ROSSI SRL,DEI PINI,Moresco,,"Fermo,Marche",Italy,RM,CP,N,,CP - Cutting Plant,,
J3A11,SALUMIFICIO RUOCCO S.A.S. DI RUOCCO RAFFAELE,SANTA MARIA,Agerola,80051,"Napoli,Campania",Italy,RM,CP,N,,CP - Cutting Plant,,
918 L,SALUMIFICIO S.A.C.A.S. SRL,PER SCANDIANO,Scandiano,42019,"Reggio nell'Emilia,Emilia-Romagna",Italy,RM,CP,N,,CP - Cutting Plant,,
9 1545 L,SALUMIFICIO S.GIORGIO F.LLI MATTII SNC,"VIA CROCEDIVIA, 22",Montegiorgio,63833,"Fermo,Marche",Italy,RM,CP,N,,CP - Cutting Plant,,
3105 S,SALUMIFICIO SAN MARCO S.R.L.,CAPPUCCINI,Rocca di Capri Leone,98070,"Messina,Sicily",Italy,RM,CP,N,,CP - Cutting Plant,,
9 2420 L,SALUMIFICIO SAN MICHELE DI FAGIOLINI GRAZIANA,VOLTERRANA,Terricciola,56030,"Pisa,Tuscany",Italy,RM,CP,N,,CP - Cutting Plant,,
2276 P,"SALUMIFICIO SANDRI DI SANDRI ROBERTO, ANTONIO & UMBERTO S.R.L.",PROVINCIALE DEI 3 COMUNI LOCALITA' MEZZAVIA,Montescudaio,56040,"Pisa,Tuscany",Italy,RM,CP,N,,CP - Cutting Plant,,
9 1644 L,SALUMIFICIO SANTA MARIA S.R.L.,RAFFONDO DECANO,Caltanissetta,93100,"Caltanissetta,Sicily",Italy,RM,CP,N,,CP - Cutting Plant,,
9 1709 L,SALUMIFICIO SANTA VITTORIA DI CRUSCANTI LINO,CASSIA,Marciano della Chiana,52047,"Arezzo,Tuscany",Italy,RM,SH,Y,,SH - Slaughterhouse,,
2391 S,SALUMIFICIO SANTORO S.R.L.,"C.DA MARINELLI, VIA ISONZO 8",Cisternino,72014,"Brindisi,Apulia",Italy,RM,CP,N,,CP - Cutting Plant,,
1609 L,SALUMIFICIO SORRENTINO S.R.L.,via CUNA RE DI COPPE,Mozzagrogna,66030,"Chieti,Abruzzo",Italy,RM,SH CP,Y,,SH - Slaughterhouse | CP - Cutting Plant,,
1436 L,SALUMIFICIO SOSIO S.R.L.,"Via Casacce, 66",Chiuro,23036,"Sondrio,Lombardy",Italy,RM,CP,N,,CP - Cutting Plant,,
1451 L,SALUMIFICIO TABACHETTI PASQUALE S.R.L.,GIORGIO PIACENZA,Moncalvo,14036,"Asti,Piemont",Italy,RM,CP,N,,CP - Cutting Plant,,
9 1411 L,SALUMIFICIO TESTINI S.A.S. DI TESTINI SIMONE & C.,DEI FRUTTETI 64/A,Montagna in Valtellina,23020,"Sondrio,Lombardy",Italy,RM,CP,N,,CP - Cutting Plant,,
2752 S,SALUMIFICIO VAL TIEPIDO SNC DI FAVA GIANCARLO E LASAGNI DAVIDE E C.,frazione di Colombaro in via Sant ’ Antonio n. 64,Formigine,41043,"Modena,Emilia-Romagna",Italy,RM,CP,N,,CP - Cutting Plant,,
9 817 L,SALUMIFICIO VALDRAGONE SNC,VIA PROVINCIALE SUD,Palagano,41046,"Modena,Emilia-Romagna",Italy,RM,CP SH,Y,,CP - Cutting Plant | SH - Slaughterhouse,,
1612 LP,SALUMIFICIO VALPOLICELLA S.P.A.,"VIA CASA ROSSA, 20",San Pietro in Cariano,37029,"Verona,Veneto",Italy,RM,CP,N,,CP - Cutting Plant,,
766 M,SALUMIFICIO VALTIBERINO SRL,"VIA DELLA LIBERTA`, 50",Citerna,06010,Umbria,Italy,RM,SH CP,Y,,SH - Slaughterhouse | CP - Cutting Plant,,
CE IT 9 29 L,SALUMIFICIO VIVIANO F.LLI S.N.C.DI VIVIANO FERDINANDO E C.,"BORGO SAN BARTOLOMEO, 5 BIS",Venasca,12020,"Cuneo,Piemont",Italy,RM,CP SH,Y,,CP - Cutting Plant | SH - Slaughterhouse,,
210 L,SALUMIFICIO VOLPI S.P.A.,VIA ROMA 41,Collebeato,25060,"Brescia,Lombardy",Italy,RM,CP,N,,CP - Cutting Plant,,
9 725 L,SALUMIFICIO ZIRONI E C. SRL,VIA ROMA 72/74,Migliarino,44027,"Ferrara,Emilia-Romagna",Italy,RM,CP,N,,CP - Cutting Plant,,
CE IT 584M,SAMA SRL,"CONTRADA IANNARELLO S.P.74/II KM 18 sn,",Paternò,95047,"Catania,Sicily",Italy,RM,SH,Y,,SH - Slaughterhouse,,
629 L,SAN BONO SRL,VIA VACCARI 28/30,Ponte dell'Olio,29028,"Piacenza,Emilia-Romagna",Italy,RM,CP,N,,CP - Cutting Plant,,
839 LOA,SANDRI GINO SNC,GORIZIA,Bertinoro,47032,"Forlì-Cesena,Emilia-Romagna",Italy,RM,CP,N,,CP - Cutting Plant,,
G4333,SANGIORGIO OVIDIO SNC DI SANGIORGIO DANILO E C,VIA MARCO POLO 4,Merone,22046,"Como,Lombardy",Italy,RM,SH,Y,,SH - Slaughterhouse,,
826 S,SANTA GIUSTINA CARNI S.R.L.,"VIA NAZIONALE, 9",San Fior,31020,"Treviso,Veneto",Italy,RM,SH CP,Y,,SH - Slaughterhouse | CP - Cutting Plant,,
743 S,SANTI F.LLI S.R.L.,DELL`ARTIGIANATO,Musano,31050,"Treviso,Veneto",Italy,RM,CP,N,,CP - Cutting Plant,,
1048 F,SANTINI CARNI & C. SAS DI SANTINI STEFANO,"DELL`ARTIGIANO, 23",Monte San Vito,60037,"Ancona,Marche",Italy,RM,CP,N,,CP - Cutting Plant,,
2227 S,SANTINI CARNI S.R.L.,PIANO DEL QUERCIONE V. DEGLI ARTIGIANI,Massarosa,55054,"Lucca,Tuscany",Italy,RM,CP,N,,CP - Cutting Plant,,
P9Z6E,SANTINI S.R.L.,MADRE TERESA DI CALCUTTA,Torre de' Picenardi,26038,"Cremona,Lombardy",Italy,RM,CP,N,,CP - Cutting Plant,,
CE IT 1657 LP,SANTO STEFANO S.P.A.,VIA CAMAZZANE 7,Sandrigo,36066,"Vicenza,Veneto",Italy,RM,CP,N,,CP - Cutting Plant,,
CE IT 738M,SANTO STEFANO S.P.A.,VIA LUIGI GALVANI 97,Sandrigo,36066,Veneto,Italy,RM,SH CP,Y,,SH - Slaughterhouse | CP - Cutting Plant,,
Q199X,SAPORI CALATINI BONANNO S.R.L.,MONSIGNOR GERBINO,Caltagirone,95041,"Catania,Sicily",Italy,RM,CP,N,,CP - Cutting Plant,,
CE IT 9 1174 L,SAPORI DELLA VALDICHIANA SRL,DELLA COSTITUZIONE n. 1,Monte San Savino,52048,"Arezzo,Tuscany",Italy,RM,CP,N,,CP - Cutting Plant,,
B2N4Z,SAPORI VERI SOCIETA' COOPERATIVA,PIAVE FRAZ. PIE' DI MOGGIO,Rieti,02100,"Rieti,Lazio",Italy,RM,CP,N,,CP - Cutting Plant,,
B2N4Z,SAPORI VERI SOCIETA' COOPERATIVA,PIAVE FRAZ. PIE' DI MOGGIO,Rieti,02100,"Rieti,Lazio",Italy,RM,CP,N,,CP - Cutting Plant,,
F2B5J,SARACCO ROBERTO,VIA AMEDEO D'AOSTA 64,Valfenera,14017,"Asti,Piemont",Italy,RM,SH,Y,,SH - Slaughterhouse,,
L565A,SARTORE EZIO,VIA MOTTINELLO 53,Rossano Veneto,35015,Veneto,Italy,RM,SH CP,Y,,SH - Slaughterhouse | CP - Cutting Plant,,
CE IT B5T6K,SARTORI CARLO E FIGLI S.A.S.,VIA XX SETTEMBRE 19/21,Brenzone sul Garda,37010,"Verona,Veneto",Italy,RM,CP,N,,CP - Cutting Plant,,
C5G2K,SARTORI GIUSEPPE,VIA MICHELANGELO 2,Sona,37060,"Verona,Veneto",Italy,RM,SH,Y,,SH - Slaughterhouse,,
190 M,SASSI S.P.A.,"DELLA SELVA, 96",Colorno,43052,"Parma,Emilia-Romagna",Italy,RM,SH,Y,,SH - Slaughterhouse,,
9 3231 L,SAVANI GIAN MARIA,PALAZZINA,Albareto,43051,"Parma,Emilia-Romagna",Italy,RM,SH CP,Y,,SH - Slaughterhouse | CP - Cutting Plant,,
E8M29,SAVELLI SALUMI E CARNI SNC DI PETRANGELI SILVIO E C.,DELLA STAZIONE,Norcia,06046,"Perugia,Umbria",Italy,RM,CP,N,,CP - Cutting Plant,,
CE IT 9 3467 L,SAVIGNI SOCIETA' SEMPLICE AGRICOLA,VIA DELLA CHIESA 36,Sambuca Pistoiese,51020,"Pistoia,Tuscany",Italy,RM,CP,N,,CP - Cutting Plant,,
2966 M,SAVOLDI CARNI DI SAVOLDI MICHELE E C. S.A.S.,TRIVELLINO,Lonato del Garda,25017,"Brescia,Lombardy",Italy,RM,SH CP,Y,,SH - Slaughterhouse | CP - Cutting Plant,,
M716V,SBARBARO TONITTO,"LOC. SBARBARI, 15",Rezzoaglio,16023,"Genoa,Liguria",Italy,RM,SH,Y,,SH - Slaughterhouse,,
K1K98,SBARBERI MARIO,VIA CERRETO 28,Bagolino,25072,"Brescia,Lombardy",Italy,RM,SH,Y,,SH - Slaughterhouse,,
CE IT R2V6T,SC LAVORAZIONE CARNI SRL,Ausonio Tosini 8/10,Lesignano de' Bagni,43037,"Parma,Emilia-Romagna",Italy,RM,CP,N,,CP - Cutting Plant,,
754 S,SCACCABAROZZI CARNI SRL,VIA MADONNINA 2 FRAZ. MARESSO,Missaglia,23873,"Lecco,Lombardy",Italy,RM,CP,N,,CP - Cutting Plant,,
2721 S,SCALIGERA & INTRACARNI COMPANY S.R.L.,15 LOTTO 7,Favara,92026,"Agrigento,Sicily",Italy,RM,CP,N,bovine ovine porcine,CP - Cutting Plant,,
773 M,SCALIGERA CARNI SRL,VIA PISONA 4,Isola della Scala,37063,"Verona,Veneto",Italy,RM,SH CP,Y,,SH - Slaughterhouse | CP - Cutting Plant,,
1347 L,SCIANCA SALUMI SRL,Via TEVERINA 13,Montecchio,05020,"Terni,Umbria",Italy,RM,CP,N,,CP - Cutting Plant,,
1916 S,SCIANCALEPORE LUIGI,BRICCO MIGLINO,Cortazzone,14014,"Asti,Piemont",Italy,RM,CP,N,,CP - Cutting Plant,,
9 2818 L,SCLAVI LUCIANO,"VIA COSTIOLO, 5",Canneto Pavese,,"Pavia,Lombardy",Italy,RM,SH,Y,,SH - Slaughterhouse,,
P073Z,SCOTTI NATALE,VIA GARIBALDI 18,Bovisio,20813,"Monza and Brianza,Lombardy",Italy,RM,SH,Y,,SH - Slaughterhouse,,
2836 S,SCUSAL CARNI S.R.L.,"ANGELO MARIA RIPELLINO,",Palermo,90136,"Palermo,Sicily",Italy,RM,CP,N,,CP - Cutting Plant,,
UVAC 18-2287 M,SE.MA. F.LLI SEPE S.R.L.,VIA SANTA - ZONA INDUSTRIALE snc,Pago del Vallo di Lauro,,"Avellino,Campania",Italy,RM,SH,Y,,SH - Slaughterhouse,,
2287 M,SE.MA.F.LLI SEPE SRL,SANTA - ZONA INDUSTRIALE,Gaudi,83020,Campania,Italy,RM,SH CP,Y,,SH - Slaughterhouse | CP - Cutting Plant,,
2943 S,SEFIN S.R.L.,"PROVINCIALE SPECCHIA - ALESSANO KM.1,100",Collepasso,73040,"Lecce,Apulia",Italy,RM,CP,N,,CP - Cutting Plant,,
1740 L,SEGARELLI SALUMI S.N.C. DI SEGARELLI FERNANDO E MARCO,STRADONE - ZONA ARTIGIANALE,Cannara,06033,"Perugia,Umbria",Italy,RM,CP,N,,CP - Cutting Plant,,
529 L,SEGATA S.P.A.,PER SOPRAMONTE,Trento,38123,"Trento,Trentino-Alto Adige/Südtirol",Italy,RM,CP,N,,CP - Cutting Plant,,
1484 F,SEL SERVICE MEAT S.R.L.S.,"231 KM.37,700",Andria,76123,"Barletta-Andria-Trani,Apulia",Italy,RM,CP,N,,CP - Cutting Plant,,
IT2808 S,SELECTA S.P.A.,"VIA DEL SAPERE, 1",Occhiobello,45030,"Rovigo,Veneto",Italy,RM,CP,N,,CP - Cutting Plant,,
IT P3V3A,SELEZIONE OBERTO S.R.L.,"VIA CAVALLOTTO 30, RODDI (CN)",Roddi,12060,"Cuneo,Piemont",Italy,RM,CP,N,,CP - Cutting Plant,,
IT T7P94,SELEZIONE OBERTO S.R.L.,"VIA CAVALLOTTO 36, RODDI (CN) - IT T7P94 - uvac 25-5666",Roddi,12060,"Cuneo,Piemont",Italy,RM,CP,N,,CP - Cutting Plant,,
B802S,SELMO CARLO ERNESTO,VIA MARCONI 9/11,Villapia,20010,"Milan,Lombardy",Italy,RM,SH,Y,,SH - Slaughterhouse,,
CE IT E3054,SERAVESI LUCIANO,"VIA STAFFARDA, 13",Revello,12036,Piemont,Italy,RM,SH,Y,,SH - Slaughterhouse,,
CE IT M8A2U,SERGIO FALASCHI CARNI E SALUMI SRLS,VIA MARZANA 8/E,San Miniato,56028,"Pisa,Tuscany",Italy,RM,CP,N,,CP - Cutting Plant,,
G7K43,SETOLA MARIO,"VIA CAMPO SPORTIVO, 18, LOCAL. BENEDETTA",Lurate Caccivio,22075,Lombardy,Italy,RM,CP,N,,CP - Cutting Plant,,
CE IT E196U,SFERA SAS DI CACCARO FERNANDA E C.,VIA FIUME 62/64,Piazzola sul Brenta,35016,"Padova,Veneto",Italy,RM,SH CP,Y,,SH - Slaughterhouse | CP - Cutting Plant,,
2295 F,SFORZA CARNI S.R.L.,"LA STANGA, STRADA 16",Aielli,,"L'Aquila,Abruzzo",Italy,RM,SH CP,Y,ovine caprine,SH - Slaughterhouse | CP - Cutting Plant,,
1626 M,SICARNI S.R.L.,GAMELLO,Spino d'Adda,26016,"Cremona,Lombardy",Italy,RM,CP SH,Y,,CP - Cutting Plant | SH - Slaughterhouse,,
2829 M,SICILIANI S.P.A.,STRADA PROVINCIALE PALO-BITONTO,Palo del Colle,70027,"Bari,Apulia",Italy,RM,SH CP,Y,bovine caprine ovine porcine,SH - Slaughterhouse | CP - Cutting Plant,,
0272810722,SICILIANI SOCIETA` PER AZIONI - INDUSTRIA LAVORAZIONE CARNE,STRADA PROVINCIALE PALO DEL COLLE-BITONTO sn,Palo del Colle,70027,"Bari,Apulia",Italy,RM,SH,Y,,SH - Slaughterhouse,,
CE IT 916 L,SIEBENFOERCHER GMBH - SRL,VIA MAX VALIER 2-4,Meran - Merano,39012,"South Tyrol,Trentino-Alto Adige/Südtirol",Italy,RM,CP,N,,CP - Cutting Plant,,
IT UE H3M8Y,SIENAMAT SRL,loc. Belvedere 46,Colle di Val d'Elsa,53034,"Siena,Tuscany",Italy,RM,CP SH,Y,,CP - Cutting Plant | SH - Slaughterhouse,,
940 M,SILCAR SOCIETA' A RESPONSABILITA' LIMITATA SEMPLIFICATA,"GRANATARI,",Tracoccia,98040,"Messina,Sicily",Italy,RM,SH,Y,,SH - Slaughterhouse,,
1944 M,SILPIER SRL,CAMOZZI,Nembro,24027,Lombardy,Italy,RM,CP SH,Y,,CP - Cutting Plant | SH - Slaughterhouse,,
1913 M,SIMAR SRL,GARIBALDI,Intimiano,22070,"Como,Lombardy",Italy,RM,CP SH,Y,,CP - Cutting Plant | SH - Slaughterhouse,,
1897 M,SIMCAL CARNI SRL,"VIA MUZIO, 1",Leini,10040,"Torino,Piemont",Italy,RM,CP SH,Y,bovine caprine ovine equine porcine,CP - Cutting Plant | SH - Slaughterhouse,,
Y2B4M,SIMONELLI CARNI S.R.L.S.,PASTINO GRANDE,Minturno,04026,"Latina,Lazio",Italy,RM,CP,N,,CP - Cutting Plant,,
U7Y2U,SIRIO GIAMPIERO,LOCALITA' MANERA 12,Guarene,12050,"Cuneo,Piemont",Italy,RM,SH,Y,,SH - Slaughterhouse,,
2530M,SIRIO S.R.L.,Loc. Sant'Elia,Mileto,89852,"Vibo Valentia,Calabria",Italy,RM,SH,Y,bovine caprine ovine porcine,SH - Slaughterhouse,,
1031 L,SMAPP SPA,"VIA CIRCONVALLAZIONE, 7",Trezzano sul Naviglio,20090,"Milan,Lombardy",Italy,RM,CP,N,,CP - Cutting Plant,,
2984 S,SO.GE.FRE. SRL,VIALE PALMIRO TOGLIATTI 1206,Rome,00135,"Roma Capitale,Lazio",Italy,RM,CP,N,,CP - Cutting Plant,,
CE IT 827 P,SO.PAS. SRL,VIA CAMPAGNA 64,Loria,31037,"Treviso,Veneto",Italy,RM,CP,N,,CP - Cutting Plant,,
1392 L,SOALCA SRL,"C.DA CERRANI, 13/B",Villamagna,66010,"Chieti,Abruzzo",Italy,RM,CP,N,,CP - Cutting Plant,,
J6B7P,"SOC. AGR. AURORA DI FUSAR POLI FELICE, FUSAR POLI ARTEMIO M. E FUSAR POLI ALVARO SS",VIA DOSSO MATTINA 21,Crema,26010,"Cremona,Lombardy",Italy,RM,SH,Y,,SH - Slaughterhouse,,
M6885,SOC. AGR. FATTORIA FONTETTO S.S.,VIA UFFOGLIANO 77,Novafeltria,47863,"Rimini,Emilia-Romagna",Italy,RM,CP SH,Y,,CP - Cutting Plant | SH - Slaughterhouse,,
V1T34,SOC. AGR. RENOFFI ALESSANDRO E FAUSTO S.S.,LUMACA 24,Molinella,40062,"Bologna,Emilia-Romagna",Italy,RM,SH,Y,,SH - Slaughterhouse,,
K7Q2W,SOC. AGR. ZANABONI ANGELO DAVIDE E ROBERTO SS,ANCONA,Corte Palasio,26834,"Lodi,Lombardy",Italy,RM,CP,N,,CP - Cutting Plant,,
3102 M,SOC. COOP. AGR 27 FEBBRAIO,LOC. PIMPISU S.S. 293 KM 11.600,Serramanna,09038,"Sud Sardegna,Sardinia",Italy,RM,SH,Y,,SH - Slaughterhouse,,
9 3251 L,SOC. COOP. AGRICOLA ZOOTECNICA GRISCIANO A R.L.,"FRAZIONE GRISCIANO VIA SALARIA KM 143,200",Accumoli,02011,"Rieti,Lazio",Italy,RM,CP,N,,CP - Cutting Plant,,
L8W7Q,SOC. COOP. ARL NICOLA LIBRETTI,AVENIDA DO BRASIL - LOC. TORRICELLI,Atena Lucana Scalo,84030,Campania,Italy,RM,SH,Y,,SH - Slaughterhouse,,
E0F4C,SOC.AGR.PONTE ROTTO S.R.L.,PONTEROTTO,Soliera,41019,"Modena,Emilia-Romagna",Italy,RM,SH CP,Y,,SH - Slaughterhouse | CP - Cutting Plant,,
9 1582 LP,"SOC.AGR.SALVARANI RENATO, SANDRO E STEFANO S.S.",RAVIGNANA,Quistello,37060,"Verona,Veneto",Italy,RM,CP,N,,CP - Cutting Plant,,
Y6Q8N,SOCIETA' AGR. DAMATI SOCIETA' SEMPLICE DI GRISI EMILIO & C.,VIA ROSOLINI 1,Badia Calavena,37030,"Verona,Veneto",Italy,RM,CP SH,Y,,CP - Cutting Plant | SH - Slaughterhouse,,
M452T,SOCIETA' AGRICOLA AGRIPIG DI BERGAMASCHI G. E F. S.S.,SANTINA,Via alla Francesca,24050,Lombardy,Italy,RM,SH,Y,,SH - Slaughterhouse,,
K5B94,SOCIETA' AGRICOLA AL COVOLO S.S. DI RACCANELLO NICOLA & C.,SOLAROLI,Crespano del Grappa,31017,"Treviso,Veneto",Italy,RM,SH,Y,,SH - Slaughterhouse,,
C9N6C,SOCIETA' AGRICOLA ALBERTI AUGUSTO SS,VIA GREGIS 73,Via alla Francesca,24050,Lombardy,Italy,RM,CP SH,Y,,CP - Cutting Plant | SH - Slaughterhouse,,
Y8M8L,SOCIETA' AGRICOLA AMADIO VILLA S.S.,DEI DOSSI,Fara Gera d'Adda,24045,"Bergamo,Lombardy",Italy,RM,SH,Y,,SH - Slaughterhouse,,
K7K1D,SOCIETA' AGRICOLA BELVEDERE,MASIRONI,Brisighella,48013,"Ravenna,Emilia-Romagna",Italy,RM,SH CP,Y,,SH - Slaughterhouse | CP - Cutting Plant,,
9 3379 L,SOCIETA' AGRICOLA BORGOGNI LEONARDO,"LOC. CASE AL CINCIO, 19",Arezzo,52100,"Arezzo,Tuscany",Italy,RM,CP,N,,CP - Cutting Plant,,
9 3143 L,SOCIETA' AGRICOLA CALDERA & C. S.S. DI CALDERA PIER PAOLO,VIA RIVAROLO 12,Isola d'Asti,14057,"Asti,Piemont",Italy,RM,CP,N,,CP - Cutting Plant,,
1763 M,SOCIETA' AGRICOLA CIPRIANA S.R.L.,CIPRIANA,Via alla Francesca,24050,Lombardy,Italy,RM,CP SH,Y,,CP - Cutting Plant | SH - Slaughterhouse,,
F6J6S,SOCIETA' AGRICOLA COLOMBO ANGELO E FIGLI S.S.,VIA ALZAIA NAVIGLIO MARTESANA 111 CASCINA REGOLE',Cassano d'Adda,20062,Lombardy,Italy,RM,SH,Y,,SH - Slaughterhouse,,
Q258D,SOCIETA' AGRICOLA COOPERATIVA IL FRUTTO PERMESSO,DEL VERNE',Prarostino,10060,"Torino,Piemont",Italy,RM,CP,N,,CP - Cutting Plant,,
B2B2N,SOCIETA' AGRICOLA COOPERATIVA VIOTTO,VIA BUSSONROTONDO 31,Prarostino,10060,"Torino,Piemont",Italy,RM,SH,Y,,SH - Slaughterhouse,,
X3K8K,SOCIETA' AGRICOLA CORTE PREZIOSA F.LLI PELIZZARDI S.S.,CARDINALE EST,Serravalle a Po,46030,"Mantua,Lombardy",Italy,RM,SH,Y,,SH - Slaughterhouse,,
03 583,SOCIETA' AGRICOLA F.LLI DE CAO S.S.,BRASILIA,Borgo Virgilio,46034,"Mantua,Lombardy",Italy,RM,CP,N,,CP - Cutting Plant,,
P592R,SOCIETA' AGRICOLA F.LLI FARRONATO S.S.,VIA ANDOLFATTO 28,Cassola,36022,"Vicenza,Veneto",Italy,RM,SH,Y,,SH - Slaughterhouse,,
W264H,SOCIETA' AGRICOLA F.LLI LAMBERTI SS,VIA CASE SPARSE 11,Rovato,25030,"Brescia,Lombardy",Italy,RM,SH,Y,,SH - Slaughterhouse,,
G7038,SOCIETA' AGRICOLA F.LLI MEI CARNI DI MEI ALBERTO E C. S.S.,PIANE CHIENTI,Civitanova Alta,62012,"Macerata,Marche",Italy,RM,SH CP,Y,,SH - Slaughterhouse | CP - Cutting Plant,,
3047 S,SOCIETA' AGRICOLA FATTORIA ALLE ORIGINI DEI F.LLI ZAGGIA ALESSANDRO E VINICIO S.S.,DEGLI ARTIGIANI,Vanzo,35025,"Padova,Veneto",Italy,RM,CP,N,,CP - Cutting Plant,,
M138U,SOCIETA' AGRICOLA FRATELLI GIORGINI S.S.,VAL DI PONDO,Civitella di Romagna,47012,Emilia-Romagna,Italy,RM,SH CP,Y,,SH - Slaughterhouse | CP - Cutting Plant,,
N2L7D,SOCIETA' AGRICOLA FRATELLI RUBIZZANI,PRATO GRASSO,Camposanto,41031,"Modena,Emilia-Romagna",Italy,RM,CP,N,,CP - Cutting Plant,,
9 3079 L,SOCIETA' AGRICOLA FRATTINI DANILO S.R.L.,VIA GAZZENDA 18,Adrara San Martino,24060,Lombardy,Italy,RM,SH CP,Y,,SH - Slaughterhouse | CP - Cutting Plant,,
T8Q7Z,SOCIETA' AGRICOLA FUSTINONI ANNIBALE & C. SS,VIA BENAGO 1,Ambria,24010,"Bergamo,Lombardy",Italy,RM,SH,Y,,SH - Slaughterhouse,,
IT725M,SOCIETA' AGRICOLA GRUPPO CIEMME S.S.,VIA NAZIONALE 14,Baldichieri d'Asti,14011,"Asti,Piemont",Italy,RM,SH,Y,,SH - Slaughterhouse,,
B1Y7V,SOCIETA' AGRICOLA IL CANE' S.S.,CANE',Loiano,40050,"Bologna,Emilia-Romagna",Italy,RM,SH CP,Y,,SH - Slaughterhouse | CP - Cutting Plant,,
H1Z45,SOCIETA' AGRICOLA LA BURLA - CASCINE DEL SOLE S.R.L.,Località La Burla,Guardabosone,13010,"Vercelli,Piemont",Italy,RM,SH,Y,,SH - Slaughterhouse,,
D7333,SOCIETA' AGRICOLA LA GERMANA DI BESSEGA C. & S. SS,VIA POLLO,Castiglione Olona,21040,"Varese,Lombardy",Italy,RM,SH,Y,,SH - Slaughterhouse,,
CE IT 2780 M,SOCIETA' AGRICOLA MACELLO VALLE PO SOCIETA' SEMPLICE,"VIA VALLE PO, 45",Revello,12036,Piemont,Italy,RM,CP SH,Y,,CP - Cutting Plant | SH - Slaughterhouse,,
B4Y88,SOCIETA' AGRICOLA MARCHESINI DI MARCHESINI PIERGIUSEPPE E FIGLI S.S.,PONTENOVE,Bedizzole,25081,"Brescia,Lombardy",Italy,RM,SH,Y,,SH - Slaughterhouse,,
X4M7F,SOCIETA' AGRICOLA MARCONI DI MARCONI VALENTINO E C. S.S.,MAROGNI - LOC. TUIL,Sant'Anna d'Alfaedo,37020,Veneto,Italy,RM,CP,N,,CP - Cutting Plant,,
CE IT D2T5N,SOCIETA' AGRICOLA MEONI GIULIO E ANTONIO S.S,VIA PRATOLOZZO 18,Pescia,51017,"Pistoia,Tuscany",Italy,RM,SH,Y,,SH - Slaughterhouse,,
T9H8V,"SOCIETA' AGRICOLA NINOLA DI LUISONI GIUSEPPE, CESARE E PAOLO SS",VIA CASCINA NINOLA,Via alla Francesca,24050,Lombardy,Italy,RM,SH,Y,,SH - Slaughterhouse,,
T339T,SOCIETA' AGRICOLA PASCUCCI S.S.,DEI LOMBARDI - SAVIO DI RAVENNA,Pinarella di Cervia,48015,"Ravenna,Emilia-Romagna",Italy,RM,SH,Y,,SH - Slaughterhouse,,
K512J,SOCIETA' AGRICOLA PIO BOVE S.S.,VIA PASUBIO 1,Albiate,20847,"Monza and Brianza,Lombardy",Italy,RM,SH,Y,,SH - Slaughterhouse,,
J5P93,SOCIETA' AGRICOLA PIROLA ROBERTO S.N.C.,DI MEZZO,Sant'Agata Martesana,20060,"Milan,Lombardy",Italy,RM,SH,Y,,SH - Slaughterhouse,,
U7998,SOCIETA' AGRICOLA PIZZOCCHERO FRATELLI S.S.,CASCINA DOSSI,Caravaggio,24043,"Bergamo,Lombardy",Italy,RM,SH,Y,,SH - Slaughterhouse,,
V5U45,"SOCIETA' AGRICOLA POLATO FIORENZO, FABIANO & C. SOCIETA' SEMPLICE",VIA S. MARCO 75,Campagna Lupia,30010,Veneto,Italy,RM,CP,N,,CP - Cutting Plant,,
CE IT 1399 S,SOCIETA' AGRICOLA PORCOBRADO S.R.L.,VIA CASE SPARSE n. 57,Cortona,52044,"Arezzo,Tuscany",Italy,RM,CP,N,,CP - Cutting Plant,,
B432W,SOCIETA' AGRICOLA RIER DI BRESCIANI S.S.,RIVIERO,Sant'Antonio,24060,"Bergamo,Lombardy",Italy,RM,SH,Y,,SH - Slaughterhouse,,
G7V3X,SOCIETA' AGRICOLA ROTA GIOVANNI E ROBERTO SS,VIA CASC. PORTICHETTO 9,Azzano San Paolo,24052,"Bergamo,Lombardy",Italy,RM,SH,Y,,SH - Slaughterhouse,,
T7W3B,SOCIETA' AGRICOLA SAN GEMINIANO S.S.,SAN GEMINIANO,Caselle Lurani,26853,"Lodi,Lombardy",Italy,RM,CP,N,,CP - Cutting Plant,,
X1X5W,SOCIETA' AGRICOLA SAN GIOBBE A RESPONSABILITA' LIMITATA,MONTELUCE - FRAZ. PORTO,Castiglione del Lago,06061,"Perugia,Umbria",Italy,RM,CP,N,,CP - Cutting Plant,,
C6K48,SOCIETA' AGRICOLA SAVOLDELLI S.S.,STRADA STATALE,Masate,20060,"Milan,Lombardy",Italy,RM,SH,Y,,SH - Slaughterhouse,,
W1H7E,SOCIETA' AGRICOLA SPACCIO CARLO POMA SRL SEMPLIFICATA,ROMA SUD,Borgo Mantovano,46036,"Mantua,Lombardy",Italy,RM,SH,Y,,SH - Slaughterhouse,,
E4F3X,SOCIETA' AGRICOLA TENUTA SAIANO S.S. DI MANLIO MAGGIOLI,CASONE,Poggio Torriana,47827,"Rimini,Emilia-Romagna",Italy,RM,CP,N,,CP - Cutting Plant,,
U727Z,SOCIETA' AGRICOLA TONELLI ARMANDO E FIGLI IVO E REMO S.S.,VIA RAVERE 20,Carpenedolo,25013,"Brescia,Lombardy",Italy,RM,SH,Y,,SH - Slaughterhouse,,
M2Y1G,SOCIETA' AGRICOLA VENTO SOCIETA' A RESPONSABILITA' LIMITATA SEMPL IFICATA,BIVIO ANGOLLA,Sefro,62025,Marche,Italy,RM,SH,Y,,SH - Slaughterhouse,,
P028J,SOCIETA' AGRICOLA VERONESI DI VERONESI GAETANO E C. SAS,ABBA' E MOTTO,Finale Emilia,41034,"Modena,Emilia-Romagna",Italy,RM,SH CP,Y,,SH - Slaughterhouse | CP - Cutting Plant,,
C9X60,SOCIETA' AGRICOLA ZAVOLI S.S.,PULZONA,Saludecio,,"Rimini,Emilia-Romagna",Italy,RM,CP,N,,CP - Cutting Plant,,
J4D6F,SOCIETA' COOPERATIVA AGRICOLA DI BERGAMASCO,MARCONI,Bergamasco,,"Alessandria,Piemont",Italy,RM,SH,Y,,SH - Slaughterhouse,,
H6B8P,SOCIETA' COOPERATIVA GENUINA,ZONA ARTIGIANALE D.I.3 C/O STAZIONE FERROVIARIA VIA STAZIONE,Piaghe/Ploaghe,07017,"Sassari,Sardinia",Italy,RM,CP,N,,CP - Cutting Plant,,
757 M,SOCIETA' COOPERATIVA MACELLATORI PERUGIA,BRUNO SIMONUCCI - PONTE SAN GIOVANNI,Perugia,06127,"Perugia,Umbria",Italy,RM,SH,Y,,SH - Slaughterhouse,,
Z5K2W,SOCIETA' COOPERATIVA PER LA COMMERCIALIZZAZIONE DEL BESTIAME VAL PASSIRIA,VIA VALLONE-MONTACCIO,Mölten - Meltina,39010,"South Tyrol,Trentino-Alto Adige/Südtirol",Italy,RM,SH,Y,,SH - Slaughterhouse,,
Z3H8F,SOCIETA' COOPERATIVA SOCIALE ONLUS DIGLIO,"VIA VILLANUOVA, 45",Alvignano,81013,"Caserta,Campania",Italy,RM,SH,Y,,SH - Slaughterhouse,,
X4865,SOCIETA' COOPERATIVA SOCIALE SETTE - O.N.L.U.S.,SEGRONA,Noviglio,20082,Lombardy,Italy,RM,SH,Y,,SH - Slaughterhouse,,
F4E5V,SOCIETA' DI INTERMEDIAZIONI ALIMENTARI MILANO S.I.A.M. SRL,CESARE LOMBROSO,Milan,20132,Lombardy,Italy,RM,CP,N,,CP - Cutting Plant,,
F3C7Q,SOCIETA' SAN GREGORIO S.R.L.,PISCIARELLO,Modica,97015,"Ragusa,Sicily",Italy,RM,CP,N,,CP - Cutting Plant,,
N2U29.,SOCIETA' SCUOIATORI SNC DI METALIU DRITAN & C,VIA BASTIA 32,San Mauro Pascoli,47030,"Forlì-Cesena,Emilia-Romagna",Italy,RM,SH,Y,,SH - Slaughterhouse,,
T4F24,SOCIETA' SEMPLICE AGRICOLA CARRARO & C.,VIA SAN VALENTINO 30,Centrale,36030,"Vicenza,Veneto",Italy,RM,SH,Y,,SH - Slaughterhouse,,
J5B10,SOCIETA' SEMPLICE AGRICOLA FEDERA,FEDERA,Claut,32010,Friuli Venezia Giulia,Italy,RM,SH,Y,,SH - Slaughterhouse,,
D3E82,SOCIETA` AGRICOLA FARINELLI S.S.,FONTANA SAN GIOVANNI,San Gemini,05029,"Terni,Umbria",Italy,RM,CP,N,,CP - Cutting Plant,,
1954 MS,SOCIETA` AGRICOLA FELISATI S.R.L.,"CA` TRON, 11",Adria,45011,"Rovigo,Veneto",Italy,RM,CP,N,,CP - Cutting Plant,,
M7G1R,SOCIETA` AGRICOLA FONTANA SS,VIA CAPRA 8,Osio Sopra,24040,"Bergamo,Lombardy",Italy,RM,SH,Y,,SH - Slaughterhouse,,
2659 M,SOCIETA` COOPERATIVA AGRICOLA A R.L. IL LAVORO NUOVO,SAN LEONARDO,Carlentini,96016,"Siracusa,Sicily",Italy,RM,CP SH,Y,,CP - Cutting Plant | SH - Slaughterhouse,,
2629 S,SOCIETA` VIGNALE SNC DEI FRATELLI GIAGNACOVO,VIGNALE,Bojano,86020,"Campobasso,Molise",Italy,RM,CP,N,,CP - Cutting Plant,,
U3334,SOCIETà€ AGRICOLA SAN VINCENZO DI DI BERNARDO MILVA & C. S.A.S.,MADONNA DELLE GRAZIE,Val Vomano,64030,"Teramo,Abruzzo",Italy,RM,CP,N,,CP - Cutting Plant,,
CE IT 3089 S,SOGEGROSS SPA,"Via del commercio associato,11",Bologna,40127,"Bologna,Emilia-Romagna",Italy,RM,CP,N,,CP - Cutting Plant,,
CE IT P1Q37,SOGEGROSS SPA,VIA MEUCCI SNC,Bagno a Ripoli,50012,"Metropolitan City of Florence,Tuscany",Italy,RM,CP,N,,CP - Cutting Plant,,
IT J6F4T CE,SOGEGROSS SPA,"VIA E. FERRARI, 4",Reggio nell'Emilia,42124,"Reggio nell'Emilia,Emilia-Romagna",Italy,RM,CP,N,,CP - Cutting Plant,,
9 3275 L,SOLDATI PAOLO,"VIA GARCIA LORCA, 48",Castiglione delle Stiviere,46043,"Mantua,Lombardy",Italy,RM,CP,N,,CP - Cutting Plant,,
C2788,SOMMADOSSI MAURIZIO,ISOLETTA,Dro,38074,"Trento,Trentino-Alto Adige/Südtirol",Italy,RM,SH,Y,,SH - Slaughterhouse,,
838 LOA,SOPROMAC S.R.L.,"VIA TRIESTE, 7",Tribiano,20067,Lombardy,Italy,RM,CP,N,,CP - Cutting Plant,,
CE IT 2643 M,SORRENTINO ALIMENTARI S.R.L.,"VIA ROMANA, 15/17",Pagani,84016,"Salerno,Campania",Italy,RM,SH CP,Y,,SH - Slaughterhouse | CP - Cutting Plant,,
0 141 S,SPADI SRL,"PORRENA, VIA ARNO",Poppi,52014,"Arezzo,Tuscany",Italy,RM,CP,N,,CP - Cutting Plant,,
2970 M,SPADOLA & FIGLI S.R.L,C.DA MALAVITA,Santa Croce Camerina,97017,"Ragusa,Sicily",Italy,RM,SH,Y,,SH - Slaughterhouse,,
J839L,SPECIALCARNI S.R.L.,SANTA MARIA DELL'ALENTO,Villamagna,66010,"Chieti,Abruzzo",Italy,RM,CP,N,,CP - Cutting Plant,,
975 S,SPERANDIO MARIO & DI SARRA ALVARO S.R.L.,DELLA SCIENZA ZONA INDUSTRIALE,Fiano Romano,00065,"Roma Capitale,Lazio",Italy,RM,CP,N,,CP - Cutting Plant,,
H7B3C,SPERANZA NUOVA SOCIETA' AGRICOLA COOPERATIVA,STRADA C.NA NUOVA 34,Vinovo,10048,Piemont,Italy,RM,SH,Y,,SH - Slaughterhouse,,
N1J1M,SPIEDINO 2002 S.A.S. DI SCALPICCHIA CARMELA,VIA PRINCIPE DI PIEMONTE 5,Bisenti,,"Teramo,Abruzzo",Italy,RM,CP,N,,CP - Cutting Plant,,
2689 S,SPIEDI` S.R.L.,RAIALE,Pescara,65126,"Pescara,Abruzzo",Italy,RM,CP,N,,CP - Cutting Plant,,
CE IT 1889 S,ST.AL CARNI,VIA TERRAROSSA FONDA 166,Buggiano,51011,"Pistoia,Tuscany",Italy,RM,CP,N,,CP - Cutting Plant,,
X912U,STAGLIANO' MARIO,LOCALITA' FOSSO DI PICCA,San Vito sullo Ionio,,"Catanzaro,Calabria",Italy,RM,SH,Y,,SH - Slaughterhouse,,
L5V9W,STARVAGGI 1969 SRL,PIANO CROCE,Patti,98060,"Messina,Sicily",Italy,RM,CP,N,,CP - Cutting Plant,,
458 M,STC CARNI S.R.L.,MACCHIAREDDU 2 STRADA 9,Uda/Uta,09010,"Cagliari,Sardinia",Italy,RM,SH CP,Y,,SH - Slaughterhouse | CP - Cutting Plant,,
9 2686 L,STEFANANGELI SRL,"STRADA DI PERTICARA, 76/D",Terni,05100,"Terni,Umbria",Italy,RM,CP,N,,CP - Cutting Plant,,
1058 S,STELLA VITTORIA SAS,"STRADA POGGINO, 74",Viterbo,01100,"Viterbo,Lazio",Italy,RM,CP,N,,CP - Cutting Plant,,
W5P1K,STP 20130226 -2,VIA DI PROVA,Agosta,00020,"Roma Capitale,Lazio",Italy,RM,SH,Y,,SH - Slaughterhouse,,
V525G,STRAMBINI MARIO,PIAZZA BASILICA 40,Tirano,23037,Lombardy,Italy,RM,CP,N,,CP - Cutting Plant,,
9 2390 L,STRIGIOTTI SERGIO & C. SNC,VIA CIVASCA 35,Talamona,23018,"Sondrio,Lombardy",Italy,RM,CP SH,Y,,CP - Cutting Plant | SH - Slaughterhouse,,
E6668,SU BISTENTU,LOCALITA' GIRILLU SPINOSU,Igrèsias/Iglesias,09016,"Sud Sardegna,Sardinia",Italy,RM,SH,Y,,SH - Slaughterhouse,,
E8E3D,SU CUCCUREDDU S.R.L.,SA CORONEDDA,Scalepranu/Escalaplano,08043,"Sud Sardegna,Sardinia",Italy,RM,SH,Y,,SH - Slaughterhouse,,
2791 M,SU.MA. S.R.L.,LOCALITA` DIFESA - AREA PIP,Catanzaro,88050,"Catanzaro,Calabria",Italy,RM,CP SH,Y,,CP - Cutting Plant | SH - Slaughterhouse,,
2019 M,SUD ALLEVAMENTI SRL,"STRADA PROVINCIALE LATERZA KM. 2,500 sn",Gioia del Colle,70023,Apulia,Italy,RM,SH,Y,,SH - Slaughterhouse,,
2581 M,SUD CARNI SRL,DEL MATTATOIO,Crosia,,"Cosenza,Calabria",Italy,RM,SH,Y,,SH - Slaughterhouse,,
1543 S,SUICARNI CASTRONCELLO S.R.L,CASTRONCELLO,Castiglion Fiorentino,52043,Tuscany,Italy,RM,CP,N,,CP - Cutting Plant,,
686 S,SUINCOM SPA,Via del Cristo 12/14,Castelvetro di Modena,41014,"Modena,Emilia-Romagna",Italy,RM,CP,N,,CP - Cutting Plant,,
L7C86,SUINICOLA F.LLI COLOMBARA S. S.,CARBONARA,San Benedetto,36050,"Vicenza,Veneto",Italy,RM,CP SH,Y,,CP - Cutting Plant | SH - Slaughterhouse,,
C367D,SUINICOLA POSTIOMA S.S. - SOCIETA' AGRICOLA - DI BAGGIO GIUSEPPE & C.,VIA FERMI 49,Paese,31038,Veneto,Italy,RM,SH CP,Y,,SH - Slaughterhouse | CP - Cutting Plant,,
778 M,SUN MEAT SRL,"VIA XXV APRILE, 61",Suno,28019,"Novara,Piemont",Italy,RM,SH CP,Y,,SH - Slaughterhouse | CP - Cutting Plant,,
2947 S,SUPERCONTI SUPERMERCATI TERNI S.R.L.,DI SABBIONE,Terni,05100,"Terni,Umbria",Italy,RM,CP,N,,CP - Cutting Plant,,
F3H50,SUPERMACELLERIA BRIANZOLA S.R.L.,VIA PAPA GIOVANNI XXIII 37,Oggiono,23848,Lombardy,Italy,RM,CP,N,,CP - Cutting Plant,,
2348 S,SUPERMERCATI MARCELLO S.R.L.,VIA PERUGIA,Tèmpiu/Tempio Pausania,07029,"Sassari,Sardinia",Italy,RM,CP,N,,CP - Cutting Plant,,
2887 M,SURACE CARNE S.R.L.,ZONA C N.79,Noci,70015,Apulia,Italy,RM,SH CP,Y,,SH - Slaughterhouse | CP - Cutting Plant,,
J8E57,SURPI CLAUDIO,"VIA CALONGA, 9",Niardo,25050,"Brescia,Lombardy",Italy,RM,SH,Y,,SH - Slaughterhouse,,
J6U2D,SUT GIULIO,ONELLI,Chiesanuova,30020,"Venezia,Veneto",Italy,RM,SH,Y,,SH - Slaughterhouse,,
09 35,Salcis Siena 1941 S.R.L.,PROVINCIALE COLLIGIANA n. 33,Monteriggioni,53035,"Siena,Tuscany",Italy,RM,CP,N,,CP - Cutting Plant,,
IT CE U3B7T,Santa Croce srl,via guido rossa 20,Cellatica,25060,"Brescia,Lombardy",Italy,RM,CP,N,,CP - Cutting Plant,,
CEITY823G,Schlachthof Mals - Macello Malles METZGEREI MAIR - KUENRATH ROLAND & CO. OHG,N/A STRADA STATALE 28,Mals - Malles Venosta,39024,"South Tyrol,Trentino-Alto Adige/Südtirol",Italy,RM,SH,Y,,SH - Slaughterhouse,,
UE ITE6K7W,Società Agricola La Tonda S.S.,"Localita` Macchia, Scn",Giffoni Valle Piana,84095,"Salerno,Campania",Italy,RM,CP,N,,CP - Cutting Plant,,
L7T73,T.I.C.E. SRL,ARGINE AI GRANILI 88,Naples,80133,Campania,Italy,RM,CP,N,,CP - Cutting Plant,,
P3X4D,T.M.R. S.R.L.,ENNA,Pietraperzia,94016,"Enna,Sicily",Italy,RM,SH,Y,,SH - Slaughterhouse,,
2217 M,TA.VI. ITALIA S.R.L.,C.DA MARGI MONTEROTONDO,Ragusa,97010,"Ragusa,Sicily",Italy,RM,SH CP,Y,,SH - Slaughterhouse | CP - Cutting Plant,,
J8K3Z,TACCHINI ANGELO,VIA A. DIAZ 10,Eupilio,22030,"Como,Lombardy",Italy,RM,CP SH,Y,,CP - Cutting Plant | SH - Slaughterhouse,,
L8C4G,TAGLIETTI ANDREA,FERRANTE,Rovato,25030,"Brescia,Lombardy",Italy,RM,SH,Y,,SH - Slaughterhouse,,
2288 S,TAMMARO ROBERTO,VIA NUOVA DEL CAMPO N. 21,Naples,80133,Campania,Italy,RM,CP,N,,CP - Cutting Plant,,
H1W4E,TARDIVO CRISTIAN,FINCO,Grantorto,35010,Veneto,Italy,RM,SH CP,Y,,SH - Slaughterhouse | CP - Cutting Plant,,
G8G1E,TENUTA DELLA MARCA SOCIETA' SEMPLICE AGRICOLA,MONTECAMAURO,Campofilone,,"Fermo,Marche",Italy,RM,CP SH,Y,,CP - Cutting Plant | SH - Slaughterhouse,,
2011 L,TERRA DI SIENA S.R.L.,CALABRIA,Poggibonsi,53036,"Siena,Tuscany",Italy,RM,CP,N,,CP - Cutting Plant,,
2114 L,TERRE VERDIANE SRL,ZONA ARTIGIANALE 9 - FRAZ. PIEVEOTTOVILLE,Polesine Zibello,26049,"Parma,Emilia-Romagna",Italy,RM,CP,N,,CP - Cutting Plant,,
M6R01,TESTACCIO CARNI S.R.L.,"VIA DEI GELSI, 8A/F",Roma,00171,"Roma Capitale,Lazio",Italy,RM,CP,N,,CP - Cutting Plant,,
M3L50,TIBURNO LOGISTICA S.R.L.S.,TIBURNO,Roma,00157,"Roma Capitale,Lazio",Italy,RM,CP,N,,CP - Cutting Plant,,
X7T4F,TIGNONSINI PAOLO AGOSTINO,VIA ROMA 28,Rovato,25030,"Brescia,Lombardy",Italy,RM,SH,Y,,SH - Slaughterhouse,,
2719 S,TIGULLIO CARNI SRL,BLIGNY,Genoa,16128,"Genoa,Liguria",Italy,RM,CP,N,,CP - Cutting Plant,,
K133F,TILATTI CLAUDIO & GIANNI S.N.C.,MADONNA,Bertiolo,33032,Friuli Venezia Giulia,Italy,RM,SH,Y,,SH - Slaughterhouse,,
1483 S,TIMOSSI CARNI S.R.L.,MARCONI,Savignone,16010,"Genoa,Liguria",Italy,RM,CP,N,,CP - Cutting Plant,,
Q2L5Q,TINO TORRE S.R.L.,ROMA,Busalla,16012,Liguria,Italy,RM,CP,N,,CP - Cutting Plant,,
CE IT K707T,TISTARELLI ROBERTO,loc. USI - frazione. Santa Caterina,Roccalbegna,58053,Tuscany,Italy,RM,CP,N,,CP - Cutting Plant,,
785 M,TITBIT DI DONG XUELIANG E C. S.A.S.,"L. SPALLANZANI,4",Bagnolo in Piano,42011,"Reggio nell'Emilia,Emilia-Romagna",Italy,RM,SH,Y,,SH - Slaughterhouse,,
K891U,TITTARELLIFOOD - SOCIETA' COOPERATIVA,INDIPENDENZA,Senigallia,60019,"Ancona,Marche",Italy,RM,CP,N,,CP - Cutting Plant,,
U7V15,TITTORE BROTHER'S LDP SOCIETA' A RESPONSABILITA' LIMITATA SEMPLIFICATAO,LATINA CONTRADA STARZA,Pastorano,81050,"Caserta,Campania",Italy,RM,SH,Y,,SH - Slaughterhouse,,
E5X4H,TO.DI. FOOD S.N.C. DI DI BARI GIUSEPPE E SANTOLO,ITALIA,Andria,76123,"Barletta-Andria-Trani,Apulia",Italy,RM,CP,N,,CP - Cutting Plant,,
H6E8A,TOCALLI IVO S.R.L.,GERONE,Cataeggio,23010,"Sondrio,Lombardy",Italy,RM,CP,N,,CP - Cutting Plant,,
9 3696 L,TOMASO SALUMI S.R.L.,ODI,Foglianise,82030,"Benevento,Campania",Italy,RM,CP,N,,CP - Cutting Plant,,
T4G2Q,TOMEO TORIBIO & C. S.N.C.,ISCA DELL''ABATE,Massascusa,84060,Campania,Italy,RM,CP,N,,CP - Cutting Plant,,
3003 M,TOMIO ALBERTO,RIVA,Bricherasio,10060,Piemont,Italy,RM,SH,Y,,SH - Slaughterhouse,,
CE IT Q0B2J,TONNIES FLEISCH ITALIA SRL,VIA per Sassuolo 3526,Vignola,41058,Emilia-Romagna,Italy,RM,CP,N,,CP - Cutting Plant,,
2102 S,TOP CARNI SARDEGNA S.R.L.,"VIA NERVI, Z.I.",Su Masu/Elmas,09030,"Cagliari,Sardinia",Italy,RM,CP,N,,CP - Cutting Plant,,
2135 S,TORCIGLIANI GIANCARLO,"VIA DEL MERLINO, 16 (LIDO DI CAMAIORE)",Camaiore,55043,"Lucca,Tuscany",Italy,RM,CP,N,,CP - Cutting Plant,,
897 M,TORNESE S.R.L.,LOCALITA' POLICORVO BASSO SNC,Carpineto Sinello,66030,"Chieti,Abruzzo",Italy,RM,CP,N,,CP - Cutting Plant,,
Z3X7W,TORRESAN ROBERTO & C. SOCIETA' AGRICOLA S.S.,LOLLINI,Crocetta del Montello,31035,"Treviso,Veneto",Italy,RM,CP,N,,CP - Cutting Plant,,
CE IT Y2N7K,TORTA MARINO,"VIA BORGATA AIRALI, 9",Bene Vagienna,12041,Piemont,Italy,RM,CP SH,Y,bovine caprine ovine porcine,CP - Cutting Plant | SH - Slaughterhouse,,
N0H1W,TORTI MAURIZIO LUIGI,GUGLIELMO MARCONI,Castelnuovo Scrivia,15053,"Alessandria,Piemont",Italy,RM,SH,Y,,SH - Slaughterhouse,,
CE IT 1454 S,TOSCOAVICOLA S.R.L.,VIA VICINALE GATTINELLA 2,Campi Bisenzio,50013,Tuscany,Italy,RM,CP,N,,CP - Cutting Plant,,
1370 S,TOSETTI SNC DI TOSETTI ADRIANO & C.,VIA EDMONDO DE AMICIS 54,Moglia,46024,"Mantua,Lombardy",Italy,RM,CP,N,porcine,CP - Cutting Plant,,
L5B78,TOSI GIANNI,DON MINZONI,Medicina,40059,"Bologna,Emilia-Romagna",Italy,RM,CP SH,Y,,CP - Cutting Plant | SH - Slaughterhouse,,
2298 F,TOSO CARNI E ALIMENTARI S.R.L.,"VIA DUNE, 8",Lido di Jesolo,30016,"Venezia,Veneto",Italy,RM,CP,N,,CP - Cutting Plant,,
2819 S,TRADIZIONE CICOLANA S.R.L.S. UNIPERSONALE,DELL`ELETTRONICA,Cittaducale,02014,"Rieti,Lazio",Italy,RM,CP,N,,CP - Cutting Plant,,
9 1848 L,TRAVAGLINI S.N.C. DI TRAVAGLINI ASSUNTA & C.,LAROSCIA,Casoli,,Abruzzo,Italy,RM,CP,N,,CP - Cutting Plant,,
1341 L,TRENTIN S.P.A.,"VIA IV NOVEMBRE, 14",Cerea,37053,"Verona,Veneto",Italy,RM,CP,N,,CP - Cutting Plant,,
X2D1U,TRENTINI DIEGO,CASTEL PALT,Mori,38065,Trentino-Alto Adige/Südtirol,Italy,RM,CP,N,,CP - Cutting Plant,,
9 2050 L,TRIVELLA DANIELE,"LARGO OSTIANO,33",Persico Dosimo,26043,"Cremona,Lombardy",Italy,RM,SH CP,Y,,SH - Slaughterhouse | CP - Cutting Plant,,
W920U,TRIVIGNO FRANCESCO,MANCHE,Baragiano,85059,"Potenza,Basilicata",Italy,RM,CP,N,,CP - Cutting Plant,,
Y5D30,TROIANI FABIO MASSIMO,CESARE BATTISTI,Borgo Sant'Antonio,62039,Marche,Italy,RM,CP,N,,CP - Cutting Plant,,
G3M12,TRUCCHIERO CLAUDIO,DE LA COLLINE,Bien,11010,Aosta Valley,Italy,RM,SH,Y,,SH - Slaughterhouse,,
U8T5X,TUIA CARNI SOCIETA' COOPERATIVA A RESPONSABILITA' LIMITATA,MARCONI,Villa Guardia,22079,"Como,Lombardy",Italy,RM,SH CP,Y,,SH - Slaughterhouse | CP - Cutting Plant,,
G4354,TURCATTI GIUSEPPE,LOC. CASTAGNER,Grosotto,23033,"Sondrio,Lombardy",Italy,RM,SH,Y,,SH - Slaughterhouse,,
CE IT A1A67,TURLON L. & C. SNC DI TURLON LEONE & C.,VIA MONTE VENDA 30,Torreglia,35038,"Padova,Veneto",Italy,RM,CP,N,,CP - Cutting Plant,,
K4Z16,The Wolf Italian Food s.r.l.,Via santa Cecilia 21,Ferentino,03013,"Frosinone,Lazio",Italy,RM,CP,N,,CP - Cutting Plant,,
733 M,U.B. GROUP ITALIA S.R.L.,"PIETRO JORIO, 23/B",Ornavasso,28877,"Verbano-Cusio-Ossola,Piemont",Italy,RM,CP SH,Y,,CP - Cutting Plant | SH - Slaughterhouse,,
IT G701T CE,UGOLETTI OSCAR,"VIA MONTE VALESTRA, 128 - VALESTRA",Carpineti,42033,"Reggio nell'Emilia,Emilia-Romagna",Italy,RM,CP SH,Y,bovine caprine ovine porcine equine,CP - Cutting Plant | SH - Slaughterhouse,,
9 890 L,UMBRACARNI SAS DI CAIELLO CARLO E C.,NORD,Marsciano,06055,"Perugia,Umbria",Italy,RM,CP,N,,CP - Cutting Plant,,
CE IT 1935 M,UNIONE MONTANA DEL MONTEFELTRO,ZONA INDUSTRIALE MERCATALE snc,Sassocorvaro Auditore,61028,"Pesaro e Urbino,Marche",Italy,RM,SH,Y,,SH - Slaughterhouse,,
2384 M,UNIPIG S.R.L.,C/DA ROCCA,Gibellina,91024,"Trapani,Sicily",Italy,RM,SH,Y,,SH - Slaughterhouse,,
G7U1Q,UNIVERSITA' DEGLI STUDI DI TORINO DIPARTIMENTO DI SCIENZE VETERINARIE,Largo Paolo Braccini 2,Grugliasco,,Piemont,Italy,RM,CP,N,,CP - Cutting Plant,,
Q7Y0B,V.E.S. DI VISCARDI EMILIO E C. SAS,VIA SOLFERINO 3/5,Seveso,20822,Lombardy,Italy,RM,SH,Y,,SH - Slaughterhouse,,
N3S2B,VAGRETTI IVANO,VIA BOSCHET 12,Farra di Soligo,31010,"Treviso,Veneto",Italy,RM,SH CP,Y,,SH - Slaughterhouse | CP - Cutting Plant,,
846 F,VAILATI S.R.L.,"VIA PADANA SUPERIORE, 10",Cernusco sul Naviglio,20063,"Milan,Lombardy",Italy,RM,CP,N,,CP - Cutting Plant,,
D2F4R,VAL S.I.M.E. DI MERLO I. E C. SAS,PROVINCIALE PER LAINO,Centro Valle Intelvi,22028,"Como,Lombardy",Italy,RM,CP SH,Y,,CP - Cutting Plant | SH - Slaughterhouse,,
1603 F,VAL-MAUL SRL,"VIA DELLE CANTINE, 70 - LOC. SAN CIPRIANO",Cavriglia,52022,"Arezzo,Tuscany",Italy,RM,CP,N,,CP - Cutting Plant,,
CE IT 1222 M,VALCARNI DEI F.LLI CANCRO E C. S.R.L.,VIA LAMAZZONE SNC,Atena Lucana,84030,"Salerno,Campania",Italy,RM,CP SH,Y,,CP - Cutting Plant | SH - Slaughterhouse,,
CE IT 854 S,VALDELSA CARNI S.R.L.,VIA IVO MONTAGNI 65,Capraia e Limite,50050,"Metropolitan City of Florence,Tuscany",Italy,RM,CP,N,,CP - Cutting Plant,,
1095 LP,VALDELSA CARNI S.R.L.,R. GRIECO,Gambassi Terme,50050,"Metropolitan City of Florence,Tuscany",Italy,RM,CP,N,,CP - Cutting Plant,,
1194 M,VALDELSOLE CARNI DI MASCIA FRANCESCO E FIGLI S.R.L.,LOC. SAN RAIMONDO,Guasila,09040,"Sud Sardegna,Sardinia",Italy,RM,SH CP,Y,,SH - Slaughterhouse | CP - Cutting Plant,,
9 901 L,VALDICHIANA CARNI SRL DI BIGI M. & CO,TRENTO,Sinalunga,53048,"Siena,Tuscany",Italy,RM,CP,N,,CP - Cutting Plant,,
CE IT Y796D,VALL. CARNI S.A.S. DI VALLINO LOREDANA & C.,"VIA VALLE, 1E",Marene,12030,"Cuneo,Piemont",Italy,RM,CP,N,,CP - Cutting Plant,,
9 278 L,VALLE ORCO DI CRAVERO MARIA E FROLA GIUSEPPINA S.S.,VIA STRADA NUOVA 1,Montanaro,,"Torino,Piemont",Italy,RM,SH,Y,,SH - Slaughterhouse,,
9 1345 L,VALLINO MARCO & C. SNC,SAN GIOVANNI,Nole,10076,Piemont,Italy,RM,CP,N,,CP - Cutting Plant,,
J8P9U,VALNEGRI E MONTI SNC,ETTORE MONTI,Galbiate,23851,"Lecco,Lombardy",Italy,RM,SH CP,Y,,SH - Slaughterhouse | CP - Cutting Plant,,
458 M(01),VALRISO SOCIETA' COOPERATIVA,ZONA INDUSTRIALE MACCHIAREDDU 2 STRADA 9 snc,Ceraxius/Selargius,09028,"Cagliari,Sardinia",Italy,RM,SH,Y,,SH - Slaughterhouse,,
P8G85,VALSECCHI CAMILLO E C. SNC,F.LLI CITTADINI,Calolziocorte,23801,"Lecco,Lombardy",Italy,RM,SH,Y,,SH - Slaughterhouse,,
V7H35,VALSECCHI CELESTE,V. VENETO,Introbio,23815,"Lecco,Lombardy",Italy,RM,SH,Y,,SH - Slaughterhouse,,
9 2212 L,VANNI CLAUDIO,ROMA,Stevani,15030,Piemont,Italy,RM,CP,N,,CP - Cutting Plant,,
C381Q,VEGA MARKET SRL,VIALE STAZIONE,Orio Litta,26863,"Lodi,Lombardy",Italy,RM,SH CP,Y,,SH - Slaughterhouse | CP - Cutting Plant,,
960 S,VENDOR CARNI S.R.L.,"VIA NAZIONALE, 72",Montefredane,,"Avellino,Campania",Italy,RM,CP,N,,CP - Cutting Plant,,
9 3127 L,VENEZIALE PASQUALE,LOCALITA` CALLARINE S.N.C.,Isernia,86170,"Isernia,Molise",Italy,RM,CP,N,,CP - Cutting Plant,,
Z2N6H,VENICE MEAT SRL,VIA TAGLIAMENTO 59,Peseggia,30030,"Venezia,Veneto",Italy,RM,CP,N,,CP - Cutting Plant,,
CE IT 235 M,VERCELLI S.P.A.,STRADA STATALE 230 VERCELLI - BIELLA 15,Formigliana,13030,"Vercelli,Piemont",Italy,RM,SH CP,Y,,SH - Slaughterhouse | CP - Cutting Plant,,
N744K,VERDE CARNI S.R.L.,VIA S. BIAGIO 9/23,Fossalta di Portogruaro,30025,"Venezia,Veneto",Italy,RM,CP,N,,CP - Cutting Plant,,
F702A,VERDIGI PIERGIORGIO,PANTANETO,Massarosa,55054,"Lucca,Tuscany",Italy,RM,CP,N,,CP - Cutting Plant,,
821 S,VERNOCCHI GIUSEPPINA SRL,VIA SEMPIONE 45,Vergiate,21029,"Varese,Lombardy",Italy,RM,CP,N,,CP - Cutting Plant,,
R788M-,VERONA MEATS SRLS,"VIA ENRICO FERMI, 5",Ponti sul Mincio,46040,"Mantua,Lombardy",Italy,RM,CP,N,,CP - Cutting Plant,,
P7D91,VERSILIA CARNI SRL,SAN GIOVANNI BOSCO,Viareggio,55049,"Lucca,Tuscany",Italy,RM,CP,N,,CP - Cutting Plant,,
2012 L,VERZA SALUMI S.R.L.,DELLE CALCARE,Lugo di Vicenza,36010,"Vicenza,Veneto",Italy,RM,CP,N,,CP - Cutting Plant,,
M4C6D,VERZINA NICOLA,SALINELLA,Roccabernarda,88835,"Crotone,Calabria",Italy,RM,SH,Y,,SH - Slaughterhouse,,
P8486,VI E VI SRL,VIA ACCURSIO 1,Parabiago,20015,"Milan,Lombardy",Italy,RM,CP,N,,CP - Cutting Plant,,
1878 M,VICENTINI CARNI S.P.A.,VIA FOSSA CORBA 283,Salizzole,37056,"Verona,Veneto",Italy,RM,SH CP,Y,,SH - Slaughterhouse | CP - Cutting Plant,,
Y625T,VICERE' CESIRA E C. S.N.C. DI GIUSEPPE BERARDI,PELLEGRINO MATTEUCCI,Roma,00154,"Roma Capitale,Lazio",Italy,RM,CP,N,,CP - Cutting Plant,,
Y7Y6R,VIGANO' F.LLI S.S. SOCIETA' AGRICOLA,MADONNINA,Vergo,23880,"Monza and Brianza,Lombardy",Italy,RM,SH CP,Y,,SH - Slaughterhouse | CP - Cutting Plant,,
W539H,VIGLIOTTI ANTONIO,VIA CASCINE,Argenta,44011,"Ferrara,Emilia-Romagna",Italy,RM,CP,N,,CP - Cutting Plant,,
CE IT T3X1Z,VIGLIOTTI GROUP PADOVA SOCIETA' A RESPONSABILITA' LIMITATA,VIA CAPRERA 52/D,Castello di Godego,31030,"Treviso,Veneto",Italy,RM,CP,N,,CP - Cutting Plant,,
F2E9F,VIGNALE GIORGIO S.R.L.,DEL PIOPPO - PIANO DI VEZZANO II,Vezzano Ligure,19020,"La Spezia,Liguria",Italy,RM,SH CP,Y,,SH - Slaughterhouse | CP - Cutting Plant,,
2967 M,VIGNOLCARNI SRL,BERNABEI,Marano sul Panaro,41054,"Modena,Emilia-Romagna",Italy,RM,SH CP,Y,,SH - Slaughterhouse | CP - Cutting Plant,,
S6M35,VILL-CARNI SRL,ZONA INDUSTRIALE STRADA B,Biddacidru/Villacidro,09039,"Sud Sardegna,Sardinia",Italy,RM,SH,Y,,SH - Slaughterhouse,,
R4D3D,VILLA AMEDEO E VIRGILIO SS,C.NA CASTELLETTO DEL LUPO 3,Castelverde,260122,"Cremona,Lombardy",Italy,RM,SH,Y,,SH - Slaughterhouse,,
IT 68 L,VILLANI SPA,"E. ZANASI, 24",Castelnuovo Rangone,41051,"Modena,Emilia-Romagna",Italy,RM,CP,N,,CP - Cutting Plant,,
W6G1W,VILLANOVA CARNI S.A.S. DI MARRAS SALVATORE & C.,PIGLIARU,Biddanoa Monteleone/Villanova Monteleone,07019,"Sassari,Sardinia",Italy,RM,CP,N,,CP - Cutting Plant,,
W3C67,VILLGRATER ALOIS,VIA ANDERTER,Al Plan de Mareo - St. Vigil in Enneberg - San Vigilio di Marebbe,39030,"South Tyrol,Trentino-Alto Adige/Südtirol",Italy,RM,SH,Y,,SH - Slaughterhouse,,
1866 S,VISCONTI SRL,CORSO INDUSTRIA 30,Dusino San Michele,14010,"Asti,Piemont",Italy,RM,CP,N,,CP - Cutting Plant,,
9 2437 L,VITALI DI VITALI GIUSEPPE E GIAMPIERO & C. SNC,"C.DA GUALDUCCIO, 13-14",San Ginesio,62026,"Macerata,Marche",Italy,RM,CP,N,,CP - Cutting Plant,,
CE IT K635D,VITALY FOOD S.R.L.,VIA PROVINCIALE 12/INT.1,Campo San Martino,35010,"Padova,Veneto",Italy,RM,CP,N,,CP - Cutting Plant,,
CE IT 234 M,VITALY S.R.L.,VIA PROVINCIALE 12,Campo San Martino,35010,"Padova,Veneto",Italy,RM,SH CP,Y,,SH - Slaughterhouse | CP - Cutting Plant,,
9 3445 L,VIUMSER SPECK,"VIA ST. MAGDALENA 2, FIUMS",St. Michael - S. Michele,39040,Trentino-Alto Adige/Südtirol,Italy,RM,CP,N,,CP - Cutting Plant,,
V2A2R,WEBERN JOSEF & CO SAS,PAESE,St. Michael - S. Michele,39040,Trentino-Alto Adige/Südtirol,Italy,RM,SH,Y,,SH - Slaughterhouse,,
UE IT G1D82,WEGER NORBERT & CO. SAS,VIA BACHLA 1,Pfalzen - Falzes,39030,"South Tyrol,Trentino-Alto Adige/Südtirol",Italy,RM,SH,Y,,SH - Slaughterhouse,,
E6V7C,WEISSENSTEINER KG,SOPRABOLZANO - GEIERWEG,Ritten - Renon,39059,"South Tyrol,Trentino-Alto Adige/Südtirol",Italy,RM,CP,N,,CP - Cutting Plant,,
9 1009 L,WEISSTEINER KARL HEINZ,PARKWEG,Niederdorf - Villabassa,39039,"South Tyrol,Trentino-Alto Adige/Südtirol",Italy,RM,SH,Y,,SH - Slaughterhouse,,
CE IT 1729 S,ZA. MAR. DI MARTELOZZO ANTONIO E C. SNC,VIA SAN GIORGIO 33/35,Santa Giustina in Colle,35010,"Padova,Veneto",Italy,RM,CP,N,,CP - Cutting Plant,,
2137 M,ZA.RA S.R.L.,ANTICA PER CRESCENTINO,Verolengo,10038,Piemont,Italy,RM,CP SH,Y,,CP - Cutting Plant | SH - Slaughterhouse,,
CE IT 2127 F,ZAINO FOODSERVICE S.R.L.,VIA DEL COMMERCIO VICOLO I 2,Montegrotto Terme,35036,Veneto,Italy,RM,CP,N,,CP - Cutting Plant,,
D8220,ZAMBARBIERI LINO,VIA MOLINO NUOVO 2,Borgo Priolo,27050,"Pavia,Lombardy",Italy,RM,SH,Y,,SH - Slaughterhouse,,
T6G1S,ZAMBON F.LLI - S.A.S. DI ZAMBON RENZO & C.,CAL LARGA,Bidasio,31020,"Treviso,Veneto",Italy,RM,SH CP,Y,,SH - Slaughterhouse | CP - Cutting Plant,,
CE IT 1317 L,ZAMPINI S.R.L. INDUSTRIA SALUMI,VIA VILLATEGA 5,Salzano,30030,"Venezia,Veneto",Italy,RM,CP,N,,CP - Cutting Plant,,
N737E,ZANCHI GABRIELE,STRADA PAVESE 1755,Mortara,27036,"Pavia,Lombardy",Italy,RM,SH,Y,,SH - Slaughterhouse,,
H7Y2V,ZANCHIN ANTONIO,MARCONI,Grantorto,35010,Veneto,Italy,RM,SH,Y,,SH - Slaughterhouse,,
J9T3B,ZANDALASINI SNC DI ZANDALASINI ANGELO E C.,CASTELLETTO,Varzi,15054,"Pavia,Lombardy",Italy,RM,CP,N,,CP - Cutting Plant,,
5711K,ZANETTE 2000 DI ZANETTE LORENZO,VIA LEVADA 18/B,Godega di Sant'Urbano,31010,"Treviso,Veneto",Italy,RM,CP,N,,CP - Cutting Plant,,
M8U6A,ZANINI COSTANTE,VIA ROMA 91,Gromolevate,24064,Lombardy,Italy,RM,SH,Y,,SH - Slaughterhouse,,
H0X35,ZANINI MARCO,VIA TRIBOLINA 12,Gromolevate,24064,Lombardy,Italy,RM,SH,Y,,SH - Slaughterhouse,,
309 M,ZARO CARNI SPA,via BUSTO ARSIZIO,Lonate Pozzolo,21015,Lombardy,Italy,RM,SH CP,Y,,SH - Slaughterhouse | CP - Cutting Plant,,
2037 M,ZEMA SRL,26010 STRADA PROVINCIALE 20,Salvirola,2601,"Cremona,Lombardy",Italy,RM,SH,Y,,SH - Slaughterhouse,,
798 M,ZERBINI E RAGAZZI S.R.L.,"FOSDONDO, 36/A",Correggio,42015,"Reggio nell'Emilia,Emilia-Romagna",Italy,RM,SH CP,Y,,SH - Slaughterhouse | CP - Cutting Plant,,
CE IT 895 S,ZILIO SRL,VIA S. PIO X 19/B,Romano d'Ezzelino,36060,"Vicenza,Veneto",Italy,RM,CP,N,,CP - Cutting Plant,,
9 1394 L,ZOEGGELER FRANZ & CO. SAS,VIA ROMA 106,Burgstall - Postal,39014,"South Tyrol,Trentino-Alto Adige/Südtirol",Italy,RM,CP,N,,CP - Cutting Plant,,
T1B35,ZONTA GIOVANNI,CA' MOROLAZZARO,Vancimuglio,36020,"Vicenza,Veneto",Italy,RM,SH,Y,,SH - Slaughterhouse,,
T7641,ZOOMAT S.A.S. DI MADDANU MARIA PAOLA,LOCALITà€ SANT'ANGELO,Baunei,08040,"Nuoro,Sardinia",Italy,RM,SH,Y,,SH - Slaughterhouse,,
2916 S,"ZOPPELLETTO S.N.C. DI ZOPPELLETTO MASSIMO, NICOLA E FLAVIANO & C.",VIA PIAVE 1-3,Lisiera,36040,"Vicenza,Veneto",Italy,RM,CP,N,,CP - Cutting Plant,,
924 M,ZOPPO DOMENICO DI ZOPPO SILVANO E C. SNC,LA REMISE,Bien,11010,Aosta Valley,Italy,RM,SH CP,Y,,SH - Slaughterhouse | CP - Cutting Plant,,
Q1N1Z,ZORATTI S.R.L.,PERUGIA,Collalto,33010,Friuli Venezia Giulia,Italy,RM,CP,N,,CP - Cutting Plant,,
D6H6N,ZORZOLI ROBERTO,S. POLLINI,Ferrera Erbognone,27030,"Pavia,Lombardy",Italy,RM,CP,N,,CP - Cutting Plant,,
N0X0F,ZUCCONE REMO,VITTORIO EMANUELE,San Carlo,14030,"Asti,Piemont",Italy,RM,SH,Y,,SH - Slaughterhouse,,
H482A,ZURLO GIUSEPPE,PESCO MORELLI,Cercemaggiore,86012,"Campobasso,Molise",Italy,RM,SH,Y,,SH - Slaughterhouse,,
1252 M,Zeta Natural Food srl,VIALE P. TOGLIATTI 1280,Roma,00155,"Roma Capitale,Lazio",Italy,RM,SH,Y,,SH - Slaughterhouse,,
D3578,capecchi spa,TENUTA DEL CAVALIERE 1,Guidonia Montecelio,00012,"Roma Capitale,Lazio",Italy,RM,CP,N,,CP - Cutting Plant,,
IT1140,scheucher,"VIA SCALONE, 11",Malalbergo,40051,"Bologna,Emilia-Romagna",Italy,RM,SH,Y,,SH - Slaughterhouse,,
R5C69,"""FRATELLI CAIMI - S.N.C. DI LUIGI E MARIO CAIMI""",C. BATTISTI,Castiglione Olona,21040,"Varese,Lombardy",Italy,PM,CP,N,,CP - Cutting Plant,,
B9G5B,A.M.V.P. S.N.C. DI PARRINELLI PASQUALE,OLIMPIA,Crotone,88900,"Crotone,Calabria",Italy,PM,SH,Y,,SH - Slaughterhouse,,
CE IT 0 556 M,ABATI LUIGI SRL,VIA LUNGAGNANA 123,Montespertoli,50025,"Metropolitan City of Florence,Tuscany",Italy,PM,CP,N,,CP - Cutting Plant,,
CEIT127S,ABBONA MARCO - S.N.C. DI ABBONA MAURO E ROBERTO,BORGATA GOMBE 79,Dogliani,12063,"Cuneo,Piemont; A Poultry; L Lagomorphs",Italy,PM,CP,N,,CP - Cutting Plant,,
0 467 M,ACCIAI RINALDO DI ACCIAI M.G. E F. S.N.C.,ERBOSA LOC. PORRENA,Poppi,52014,"Arezzo,Tuscany",Italy,PM,SH,Y,,SH - Slaughterhouse,,
0 544 S,ADALPOL DI BERGNUCCHINI ALESSANDRO & C. S.A.S.,STRADA SOLAROLO N. 93,Goito,46044,"Mantua,Lombardy",Italy,PM,CP,N,,CP - Cutting Plant,,
0 638 S,ADAMELLO CARNI DI FAREA MICHELA E FAREA MIRKO SNC,S. ZENONE,Berzo Demo,25040,"Brescia,Lombardy",Italy,PM,CP,N,,CP - Cutting Plant,,
C144Q,ADIL DONER HALAL SNC DI REHMAN FAZAL UL E C.,VIA GRAMSCI 12,Rovato,25030,"Brescia,Lombardy",Italy,PM,CP,N,,CP - Cutting Plant,,
X3301,AGRI.IN. S.R.L.,19 Z.I. III FASE,Ragusa,97100,"Ragusa,Sicily",Italy,PM,CP,N,,CP - Cutting Plant,,
0 175 M,AGRICOLA BERICA SOCIETA' COOPERATIVA,ROVIGANA,Monselice,35043,"Padova,Veneto",Italy,PM,CP SH,Y,,CP - Cutting Plant | SH - Slaughterhouse,,
0 656 S,AGRICOLA HEN FOOD GROUP S.R.L.,LIPPIANO,Monte Santa Maria Tiberina,06010,"Perugia,Umbria",Italy,PM,CP,N,,CP - Cutting Plant,,
H7P24,AGRICOLA PETTOROSSI DI PETTOROSSI STEFANO & C. SAS,STR. DI SCHIGNANO N. 14 - FRAZ. SCHIFANOIA,Narni,05035,"Terni,Umbria",Italy,PM,SH,Y,,SH - Slaughterhouse,,
CE IT 04 M CE,AGRICOLA TRE VALLI - SOCIETA' COOPERATIVA,"VIA APOLLINARE VERONESI, 14",San Martino Buon Albergo,37036,"Verona,Veneto",Italy,PM,CP SH,Y,,CP - Cutting Plant | SH - Slaughterhouse,,
CE IT 0 214 M,AGRICOLA TRE VALLI - SOCIETA' COOPERATIVA,VIA PERSEGARA 1079/A,San Giorgio in Bosco,35010,"Padova,Veneto",Italy,PM,CP SH,Y,,CP - Cutting Plant | SH - Slaughterhouse,,
UE IT 0851 M,AGRICOLA TRE VALLI - SOCIETA' COOPERATIVA,VIA APOLLINARE VERONESI 1,Nogarole Rocca,37060,"Verona,Veneto; A Poultry",Italy,PM,CP SH,Y,,CP - Cutting Plant | SH - Slaughterhouse,,
2302 S,AGRIFEL S.R.L.,TURATI,Paese,31038,Veneto,Italy,PM,CP,N,,CP - Cutting Plant,,
0 263 S,AGRILUCE S.R.L.,STRAELLE,Grantorto,35010,Veneto,Italy,PM,CP,N,,CP - Cutting Plant,,
X4C6F,AGRIMONFERRATO DI CARAMELLINO PAOLO,SAN IORIO,Castellazzo,15020,"Alessandria,Piemont",Italy,PM,CP,N,,CP - Cutting Plant,,
0 90 M,ALBIERO S.R.L.,VIA DONANZOLA 35,Campiglia dei Berici,36020,"Vicenza,Veneto",Italy,PM,SH,Y,,SH - Slaughterhouse,,
CE IT 0 380 M,ALEMAS SRL,VALLONE,Cortona,52044,"Arezzo,Tuscany",Italy,PM,SH CP,Y,,SH - Slaughterhouse | CP - Cutting Plant,,
X8M58,ALFANO DOMENICO E CAVALIERE GIUSEPPE S.N.C.,"VIA TERLIZZI, 64-66",Bisceglie,76011,Apulia,Italy,PM,CP,N,,CP - Cutting Plant,,
0 489 S,ALIMENTARE COMMERCIALE DEL SEBINO,"VIA CAVE, 8",Gussago,25050,"Brescia,Lombardy",Italy,PM,CP,N,,CP - Cutting Plant,,
0 694 S,"ALIMENTARI AVICOLA BERGAMASCA DI BRESCIANI, CEREA E MISTRINI SNC",VIA ROMA 24,Sant'Antonio,24060,"Bergamo,Lombardy",Italy,PM,CP,N,,CP - Cutting Plant,,
0 34 M,ALL. COOP. SOCIETA` COOPERATIVA AGRICOLA,PROVINCIALE,Mosciano Sant'Angelo,64023,"Teramo,Abruzzo",Italy,PM,CP SH,Y,,CP - Cutting Plant | SH - Slaughterhouse,,
0 705 M,ALLEVAMENTO DELLA QUAGLIA GIGANTE E SELVATICA DI MARCO MANZONI,DIAZ,Ponte San Pietro,24036,"Bergamo,Lombardy",Italy,PM,SH,Y,,SH - Slaughterhouse,,
1075 F,ANTONIO NOCERINO SRL,"VIA BOSCO, 73",Somma Vesuviana,80049,"Napoli,Campania",Italy,PM,CP,N,,CP - Cutting Plant,,
H586T,ANTRESINI DIEGO VITO,CONTRADA QUARANZANA,Castellaneta,74011,Apulia,Italy,PM,SH,Y,,SH - Slaughterhouse,,
C0A56,ARTUFFO AGOSTINO,CASA PALETTI,Tonco,14039,"Asti,Piemont",Italy,PM,SH,Y,,SH - Slaughterhouse,,
0 313 S,AVA S.R.L.,VIA STELVIO 308,Morbegno,23017,"Sondrio,Lombardy",Italy,PM,CP,N,,CP - Cutting Plant,,
A9P87,AVANTAGGIATO FRANCESCO AGOSTINO,LOC. MASSERIA VECCHIA PESCHIULLI,Corigliano d'Otranto,73022,"Lecce,Apulia",Italy,PM,CP SH,Y,,CP - Cutting Plant | SH - Slaughterhouse,,
IT CE 02 M,AVI.COOP S.C.A.,Via Bonfandina 9,Cazzago San Martino,25046,"Brescia,Lombardy",Italy,PM,SH CP,Y,,SH - Slaughterhouse | CP - Cutting Plant,,
CE IT 0 130 M,AVI.COOP SOCIETA' COOPERATIVA AGRICOLA,VIA CASSIA NORD 15,Monteriggioni,53035,"Siena,Tuscany; A Poultry",Italy,PM,CP SH,Y,,CP - Cutting Plant | SH - Slaughterhouse,,
IT 021M,AVI.COOP SOCIETA' COOPERATIVA AGRICOLA,via del rio 336,Cesena,47023,"Forlì-Cesena,Emilia-Romagna",Italy,PM,SH CP,Y,,SH - Slaughterhouse | CP - Cutting Plant,,
IT 033 M CE,AVI.COOP SOCIETA' COOPERATIVA AGRICOLA,Strada provinciale n. 4 del Bidente snc,Santa Sofia,47018,"Forlì-Cesena,Emilia-Romagna",Italy,PM,SH CP,Y,,SH - Slaughterhouse | CP - Cutting Plant,,
0 803 S,AVI.COOP SOCIETà€ COOPERATIVA AGRICOLA,DELLA BONIFICA DEL TRONTO,Torricella Sicura,64010,Abruzzo,Italy,PM,CP,N,,CP - Cutting Plant,,
0 44 M,AVICOLA ALIMENTARE MONTEVERDE SRL,S. DONATO,Rovato,25038,"Brescia,Lombardy",Italy,PM,CP SH,Y,,CP - Cutting Plant | SH - Slaughterhouse,,
0 516 M,AVICOLA ANDRIANI S.R.L.,VIA POSTALE VECCHIA 44,Borgo Bonavicina,37050,"Verona,Veneto",Italy,PM,CP,N,,CP - Cutting Plant,,
0 202 M,AVICOLA ARTIGIANA DI BERSANETTI MAURO E C. S.N.C,PROVINCIALE,Formignana,44035,"Ferrara,Emilia-Romagna",Italy,PM,SH,Y,,SH - Slaughterhouse,,
IT 724 M,AVICOLA BACCO S.R.L.,"VIA ROMA, 67",Codevigo,35020,"Padova,Veneto; A Poultry",Italy,PM,SH CP,Y,,SH - Slaughterhouse | CP - Cutting Plant,,
Y5W7L,AVICOLA ETRELLI SNC DI ETRELLI GIULIANO E SUDIRO ALESSANDRA,VIA SANTO STEFANO 5,Castelvecchio,36070,"Vicenza,Veneto",Italy,PM,SH,Y,,SH - Slaughterhouse,,
0 876 S,AVICOLA F.LLI DEL PRETE DI DEL PRETE SALVATORE & C. S.A.S.,"VIA ROMA, 221/BIS",Frattaminore,,"Napoli,Campania",Italy,PM,CP,N,,CP - Cutting Plant,,
CE IT 0 1074 S,AVICOLA FABBRI SNC DI FABBRI W.& MOLINI MARCO,VIA BUGGIANESE 44,Ponte Buggianese,51019,"Pistoia,Tuscany",Italy,PM,CP,N,,CP - Cutting Plant,,
0 255 M,AVICOLA MAURO SRL,"CORSO VITTORIO EMANUELE,162",Paolisi,82011,"Benevento,Campania",Italy,PM,SH CP,Y,,SH - Slaughterhouse | CP - Cutting Plant,,
H9L1E,AVICOLA MERIDIONALE DI FILIPPONIO SERENA,PIZZO DELLE CANNE,Crispano,,"Napoli,Campania",Italy,PM,CP,N,,CP - Cutting Plant,,
0 435 M,AVICOLA OPPEANESE S.N.C. DI SAGGIORO FABRIZIO E PIER GIORGIO,SPIN,Borgo Bonavicina,37050,"Verona,Veneto",Italy,PM,CP SH,Y,,CP - Cutting Plant | SH - Slaughterhouse,,
CE IT 0 435 M,AVICOLA OPPEANESE S.R.L.,VIA SPIN 2,Oppeano,37050,"Verona,Veneto",Italy,PM,CP SH,Y,,CP - Cutting Plant | SH - Slaughterhouse,,
0 690 P,AVICOLA S. MARTINO S.R.L.,VICOLO ZERRA N. 5,Via alla Francesca,24050,Lombardy,Italy,PM,CP,N,,CP - Cutting Plant,,
0 376 M,AVICOLA VALTIDONE S.R.L.,DEL FONTANINO,Castel San Giovanni,29015,"Piacenza,Emilia-Romagna",Italy,PM,SH CP,Y,,SH - Slaughterhouse | CP - Cutting Plant,,
CE IT 0 297 M,AVICOLA VENETA SOCIETA' COOPERATIVA AGRICOLA PER AZIONI,VIA CALVECCHIA 5,San Donà di Piave,30027,"Venezia,Veneto",Italy,PM,SH CP,Y,,SH - Slaughterhouse | CP - Cutting Plant,,
J7R0S,AVIMECC SPA,FARGIONE VIALE DEL COMMERCIO,Modica,97015,"Ragusa,Sicily",Italy,PM,CP,N,,CP - Cutting Plant,,
0 15 M,AVISCO S.R.L.,PUCCINI,Rivolta d'Adda,26027,"Cremona,Lombardy",Italy,PM,SH,Y,,SH - Slaughterhouse,,
C6863,AZ. AGR. BONANNINI MARCO,"DELLE COLLINE, LOC. VICARELLO",Collesalvetti,57014,"Livorno,Tuscany",Italy,PM,SH,Y,,SH - Slaughterhouse,,
CE IT L9U7J,AZ. AGR. LICE DI LICE SANDRA,BIVIO CAVALIGGI 1,Valgrana,12010,"Cuneo,Piemont",Italy,PM,SH,Y,,SH - Slaughterhouse,,
S5Q6T,AZ. AGRICOLA CHIEREGATI SERGIO,FERRARINE,San Rocco,46026,Lombardy,Italy,PM,SH,Y,,SH - Slaughterhouse,,
E7K8Y,AZ.AGR. SCUDELLARO SOCIETA' AGRICOLA SEMPLICE,VALLI PONTECASALE,Bertipaglia,35020,"Padova,Veneto",Italy,PM,CP,N,,CP - Cutting Plant,,
F7E3N,AZ.AGR.NESPECA EMILIO & OSIMI SERAFINA SOCIETA' SEMPLICE,"VIA TESINO, 7",Offida,63032,"Ascoli Piceno,Marche",Italy,PM,SH,Y,,SH - Slaughterhouse,,
J4C3C,AZIENDA AGRICOLA CORNIOLA DI MICHELOTTI FABRIZIO,PROVINCIALE,Sarmato,29010,Emilia-Romagna,Italy,PM,CP,N,,CP - Cutting Plant,,
0 745 M,AZIENDA AGRICOLA CUNILSARDA S.S. DI PALMAS MARZIA & BEATRICE,PONTE E` PAULE,Abbasanta,09071,"Aristanis/Oristano,Sardinia",Italy,PM,SH CP,Y,,SH - Slaughterhouse | CP - Cutting Plant,,
T0U8S,AZIENDA AGRICOLA DI COLANGELO PIERO,SCANNELLA SUPERIORE,Loreto Aprutino,65014,"Pescara,Abruzzo",Italy,PM,SH,Y,,SH - Slaughterhouse,,
0 327 M,AZIENDA AGRICOLA MARCANTONI SANTE,DEL VECCHIO LAZZERETTO,Livorno,57126,"Livorno,Tuscany",Italy,PM,SH,Y,,SH - Slaughterhouse,,
M9X41,AZIENDA AGRICOLA PAGIUSCO CARLO DI CROSARA MARIA,OGLIANA FRAZIONE CASTELCERIOLO,Pavone,15122,"Alessandria,Piemont",Italy,PM,SH,Y,,SH - Slaughterhouse,,
A0F48,"AZIENDA AVICOLA ""IL VEGETARIANO, POLLO SARDO"" DI MUDU FERRUCCIO",BACCU SCOVA,Ùssana/Ussana,09020,"Sud Sardegna,Sardinia",Italy,PM,SH,Y,,SH - Slaughterhouse,,
0 967 P,AZIENDA AVICOLA FRATELLI DI RAFFAELE SRL,VIA SPAGNUOLO,Frattaminore,,"Napoli,Campania",Italy,PM,CP,N,,CP - Cutting Plant,,
0 241 M,AZIENDA AVICOLA NARBONIS SOCIETA' SEMPLICE AGRICOLA,NARBONIS,Uras,09099,"Aristanis/Oristano,Sardinia",Italy,PM,CP SH,Y,,CP - Cutting Plant | SH - Slaughterhouse,,
CE IT 0 938M,AZZURRA CARNI SRL,VIA DIVISIONE CUNEENSE 33,Caraglio,12023,"Cuneo,Piemont",Italy,PM,CP,N,,CP - Cutting Plant,,
018 M,Agricola Tre Valli Società Cooperativa,"Via Battisti, 105",Vazzola,31028,"Treviso,Veneto",Italy,PM,CP SH,Y,,CP - Cutting Plant | SH - Slaughterhouse,,
CE IT 03 M,Agricola Tre Valli Società Cooperativa,Via Veneto 73,Castegnero,36020,"Vicenza,Veneto; A Poultry",Italy,PM,CP SH,Y,,CP - Cutting Plant | SH - Slaughterhouse,,
C318Q,BERTERO ANTONIO,RESSIA,Vigone,10067,"Torino,Piemont",Italy,PM,SH,Y,,SH - Slaughterhouse,,
IT 0731M CE,BERTONI CARNI S.R.L.,VIA ISOLELLA N. 1 - LOC. BUSANA,Ventasso,42032,"Reggio nell'Emilia,Emilia-Romagna; L Lagomorphs",Italy,PM,SH CP,Y,,SH - Slaughterhouse | CP - Cutting Plant,,
0 786 S,BIESSETI SRL,TORINO,Ciriè,10073,"Torino,Piemont",Italy,PM,CP,N,,CP - Cutting Plant,,
IT-D6L4W,BIRMAN DONER S.R.L.,Via Salvo D'Acquisto 4,Pedrengo,24066,"Bergamo,Lombardy",Italy,PM,CP,N,,CP - Cutting Plant,,
D6L4W,BIRMAN FOOD SOCIETA' UNIPERSONALE A RESPONSABILITA' LIMITATA,SALVO D'ACQUISTO,Pedrengo,24066,"Bergamo,Lombardy",Italy,PM,CP,N,,CP - Cutting Plant,,
X8V6U,BO FIORENZO & C. S.N.C.,VIA UMBERTO IÂ° 126,Bra,12042,"Cuneo,Piemont",Italy,PM,CP,N,,CP - Cutting Plant,,
0 192 M,BOFFA S.R.L.,"BOGLIETTO, VIA CANELLI",Costigliole d'Asti,14055,"Asti,Piemont",Italy,PM,CP,N,,CP - Cutting Plant,,
0 139 M,BORGOGLIO SRL,STRADA STATALE BIS DEI GIOVI 35 KM 19,Frugarolo,15065,"Alessandria,Piemont",Italy,PM,CP SH,Y,,CP - Cutting Plant | SH - Slaughterhouse,,
P9E3E,BROTTO EGIDIO S.R.L.,ANDOLFATTO,Cassola,36022,"Vicenza,Veneto",Italy,PM,CP,N,,CP - Cutting Plant,,
0 27 M,C.A.F.A.R. SOCIETA` AGRICOLA COOPERATIVA FRA ALLEVATORI ROMAGNOLI,L.PIRANDELLO,Gatteo,47043,"Forlì-Cesena,Emilia-Romagna",Italy,PM,CP SH,Y,,CP - Cutting Plant | SH - Slaughterhouse,,
2454 S,C.D.M. SRL DI CIUFFREDA MICHELE,"VIA MONTE SARACENO,1",Manfredonia,71043,"Foggia,Apulia",Italy,PM,CP,N,,CP - Cutting Plant,,
0 757 S,C.M.P.A. CENTRO MACELLAZIONE PRODOTTI AVICOLI DI SIRONI MAURIZIO & C. S.A.S.,LEONARDO DA VINCI,Concorezzo,20863,"Monza and Brianza,Lombardy",Italy,PM,CP,N,,CP - Cutting Plant,,
V7469,CALABRIA ALFONSO,SALVEMINI,Lamezia Terme,88046,"Catanzaro,Calabria",Italy,PM,CP,N,,CP - Cutting Plant,,
0 486 M,CALISE POLLI SRL,MONTETIGNUSO,Ischia,80077,Campania,Italy,PM,SH,Y,,SH - Slaughterhouse,,
S875F,CAMICIA GIUSEPPE E FIGLI S.S.,CARPENTINO,Altamura,70022,Apulia,Italy,PM,SH,Y,,SH - Slaughterhouse,,
2127 L,CAMPO VERDE S.R.L.,CONTRADA TORRE CANNATA,Modica,97015,"Ragusa,Sicily",Italy,PM,CP,N,,CP - Cutting Plant,,
2195M,CAMPOCARNI S.R.L.,VIA AGOSTINI 16,Forlimpopoli,47034,"Forlì-Cesena,Emilia-Romagna",Italy,PM,SH,Y,,SH - Slaughterhouse,,
V2P42,CARMINATI S.R.L.,SERIO,Albino,24021,"Bergamo,Lombardy",Italy,PM,CP,N,,CP - Cutting Plant,,
1325 F,CARNI & SURGELATI DI PUCCI GIOVANNI BATTISTA,L.TA` TRAPANI,Cirò Marina,88811,Calabria,Italy,PM,CP,N,,CP - Cutting Plant,,
P411K,CARNI BIANCHE DI CARMINE PONTICELLI,MAZZINI,Pulsano,74026,"Taranto,Apulia",Italy,PM,CP,N,,CP - Cutting Plant,,
V3Y6R,CARNI BIANCHE S.R.L.,NUOVA BELVEDERE,Cardito,,"Napoli,Campania",Italy,PM,CP,N,,CP - Cutting Plant,,
0 462 S,CARNI DE CARO SRL,VIA ARCELLA - ZONA INDUSTRIALE,Montefredane,,"Avellino,Campania",Italy,PM,CP,N,,CP - Cutting Plant,,
3042 S,CARNI DI CAMPAGNA DI ADELIZZI GENNARO,ZONA PIP N. 17 E 18,Campagna,84022,Campania,Italy,PM,CP,N,,CP - Cutting Plant,,
1889 S,CARNI MARKET S.R.L.,TERRAROSSA FONDA,Buggiano,51011,"Pistoia,Tuscany",Italy,PM,CP,N,,CP - Cutting Plant,,
CE IT 0 194 M,CARNJ SOCIETA COOPERATIVA AGRICOLA,LOCALITA' CERRETE COLLICELLI N.8,Cingoli,62011,"Macerata,Marche",Italy,PM,SH CP,Y,,SH - Slaughterhouse | CP - Cutting Plant,,
0 616 S,CENTRAL POLLI S.N.C. DI BLOCCO ISIDORO&C,2 TRAV. BRACCO N.13,Caivano,80027,"Napoli,Campania",Italy,PM,CP,N,,CP - Cutting Plant,,
R6K61,CENTRO AGROALIMENTARE DI NAPOLI (CAAN) SOCIETA' CONSORTILE PER AZIONI,"PALAZZIELLO, LOC. LUFRANO",Volla,80040,"Napoli,Campania",Italy,PM,CP,N,,CP - Cutting Plant,,
Q1D38,CENTRO CASH S.R.L.,UMBERTO TICCA,Casteddu/Cagliari,09125,Sardinia,Italy,PM,CP,N,,CP - Cutting Plant,,
Y4F32,CHIACCHIO GIOVANNI,VIA E. DE NICOLA S.N.,Crispano,,"Napoli,Campania",Italy,PM,CP,N,,CP - Cutting Plant,,
CE IT 3075 S,CHICKEN & RABBIT SOCIETA' COOPERATIVA AGRICOLA,"VIA SOLEABO`, 18/C",Barge,12032,"Cuneo,Piemont; A Poultry; L Lagomorphs",Italy,PM,CP,N,,CP - Cutting Plant,,
0 995 S,CHIRMA S.R.L.,DUCCIO GALIMBERTI,Collegno,10040,"Torino,Piemont",Italy,PM,CP,N,,CP - Cutting Plant,,
2831 S,CILLO S.R.L.,via LAVATOIO n. 230 (GIA'CONTRADA CORTEDONA),Airola,82011,Campania,Italy,PM,CP,N,,CP - Cutting Plant,,
CE IT J7465,CINELLI SRL,VIALE MATTEOTTI 94,Montespertoli,50025,"Metropolitan City of Florence,Tuscany",Italy,PM,CP,N,,CP - Cutting Plant,,
CE IT 0 567 S,CINTOLESI DI CINTOLESI A. & C.,VIA DI SAN MAURO 49,Signa,50058,"Metropolitan City of Florence,Tuscany",Italy,PM,CP,N,,CP - Cutting Plant,,
2082 F,CIRO FONTANELLA E FIGLI S.R.L.,S. FRANCESCO A PATRIA ZONA A.S.I.,Giugliano in Campania,80014,"Napoli,Campania",Italy,PM,CP,N,,CP - Cutting Plant,,
0 872 M,COMMERCIO CARNI F.LLI MILIDONI SRL,LOC. MADDAMANE,Ionadi,,"Vibo Valentia,Calabria",Italy,PM,SH CP,Y,,SH - Slaughterhouse | CP - Cutting Plant,,
0 637 M,CONIGLICOLTURA SIRACUSANA SOC COOP A R.L,GIAMBRA,Palazzolo Acreide,96010,Sicily,Italy,PM,SH,Y,,SH - Slaughterhouse,,
G1S5G,CONIGLIO DEL VENETO SOCIETA' COOPERATIVA AGRICOLA A RESPONSABILITA' LIMITATA,CAMAZZOLE,Carmignano di Brenta,35010,"Padova,Veneto",Italy,PM,SH,Y,,SH - Slaughterhouse,,
0 935 M,CONIGLIO DELLE NOSTRE FATTORIE SNC DI STRANGIS FRANCESCO E C.,"LOC. CAFARELLO, 480",Lamezia Terme,88046,"Catanzaro,Calabria",Italy,PM,SH,Y,,SH - Slaughterhouse,,
0 603 M,CONIGLIO MELILU` DI LUCIA-AIELLO G.& C.,MELIA PIANO DEL DUCA,Lamezia Terme,88046,"Catanzaro,Calabria",Italy,PM,SH,Y,,SH - Slaughterhouse,,
0 471 S,CONSOLAZIO VINCENZO,VIA NAPOLI 174,Castellammare di Stabia,80053,"Napoli,Campania",Italy,PM,CP,N,,CP - Cutting Plant,,
V358X,COOP. ITALIANA - SOCIETA' COOPERATIVA,SCAVATE CASE ROSSE,Salerno,84019,"Salerno,Campania",Italy,PM,CP,N,,CP - Cutting Plant,,
0 993 M,CUNIMAP S.R.L.,MADDALENA,San Bartolomeo in Galdo,82020,"Benevento,Campania",Italy,PM,CP SH,Y,,CP - Cutting Plant | SH - Slaughterhouse,,
0451 M,CZ SOCIETA' AGRICOLA S.R.L.,"VIA CAVOUR, 38",Gerenzago,27010,"Pavia,Lombardy",Italy,PM,SH CP,Y,,SH - Slaughterhouse | CP - Cutting Plant,,
2901 S,D&D SPA,SANTERNO - LOC. SAVIO DI CERVIA,Pinarella di Cervia,48015,"Ravenna,Emilia-Romagna",Italy,PM,CP,N,,CP - Cutting Plant,,
0 769 S,D'ANDREA CARNI S.R.L.,PIANA S. ANGELO,Roccacinquemiglia,67031,Abruzzo,Italy,PM,CP,N,,CP - Cutting Plant,,
C4Z7E,DE ANGELIS S.R.L.,MACHERIO,Saxa Rubra,00188,"Roma Capitale,Lazio",Italy,PM,CP,N,,CP - Cutting Plant,,
F0W04,DEDOLA DI DEDOLA MARCO E FENELLI IVANA SNC,VITTORIO VENETO,Recco,16036,"Genoa,Liguria",Italy,PM,CP,N,,CP - Cutting Plant,,
0 429 M,DELTA GROUP AGROALIMENTARE S.R.L.,VIA DOSSO 43,Porto Viro,45014,Veneto; A Poultry,Italy,PM,SH,Y,,SH - Slaughterhouse,,
Q5C86,DI GUO S.R.L.,TERZA STRADA,Conselve,35026,Veneto,Italy,PM,CP,N,,CP - Cutting Plant,,
2938 F,DI LECCE GIUSEPPE & C.,CARLUCCI,Matera,75100,"Matera,Basilicata",Italy,PM,CP,N,,CP - Cutting Plant,,
E8G3Z,DISTRIBUZIONE CAMBRIA S.R.L.,ORSO CORBINO,Messina,98127,"Messina,Sicily",Italy,PM,CP,N,,CP - Cutting Plant,,
CE IT 0 78 M,DOTTA PIER DOMENICO,"VIA FOSSANO, 24",Villafalletto,12020,"Cuneo,Piemont",Italy,PM,CP,N,,CP - Cutting Plant,,
0 316 S,DS POLLO DI DEL SORBO LUIGI,ROMA,Casola di Napoli,80050,Campania,Italy,PM,CP,N,,CP - Cutting Plant,,
0 776 M,D`AMICO DOMENICO,PRETARA,Villamagna,66010,"Chieti,Abruzzo",Italy,PM,SH,Y,,SH - Slaughterhouse,,
1159 S,E.P. SUPERCARNI SRL,DEL LAVORO,Casteddu/Cagliari,09125,Sardinia,Italy,PM,CP,N,,CP - Cutting Plant,,
CE IT U752N,ESTUARIO CARNI SOCIETA' COOPERATIVA AGRICOLA,"VIA FERRARIS, 2",Noventa di Piave,30020,"Venezia,Veneto",Italy,PM,CP,N,,CP - Cutting Plant,,
0 905 S,EURO PREPARATI DI VITALE GIUSEPPE & C. S.A.S.,VIA SPAGNOLO N.2,Crispano,,"Napoli,Campania",Italy,PM,CP,N,,CP - Cutting Plant,,
0 830 S,EUROAVICOLA S.R.L.,ALPI GRAIE ANGOLO VIA ISONZO,Tetti Neirotti,10098,"Torino,Piemont",Italy,PM,CP,N,,CP - Cutting Plant,,
M9Z7W,EUROCARNI DISTRIBUZIONI SRL,DELLA LIBERTA',Possidente,85021,"Potenza,Basilicata",Italy,PM,CP,N,,CP - Cutting Plant,,
0 819 M,EURORABBIT S.N.C. DI STASI VITO & CO.,VIA PIEMONTE,Laterza,74014,"Taranto,Apulia",Italy,PM,SH,Y,,SH - Slaughterhouse,,
U714R,F.LLI BORDIN S.N.C. DI FABRIZIO E GELSERINO BORDIN,IX STRADA,Peseggia,30030,"Venezia,Veneto",Italy,PM,CP,N,,CP - Cutting Plant,,
M384Q,F.LLI DOLANO DI DOLANO LUIGI,"VIA FIRENZE, 2",Crispano,,"Napoli,Campania",Italy,PM,CP,N,,CP - Cutting Plant,,
0 279 S,F.LLI GIORGIO DI GIORGIO MARIO E C. SNC,VIA D. CATALANO N. 8,Scafati,84018,"Salerno,Campania",Italy,PM,CP,N,,CP - Cutting Plant,,
CE IT 0 520 M,F.LLI MACAGNO DI MACAGNO EZIO E CLAUDIO SNC,VIA MONTRUCCO 9,Peveragno,12016,"Cuneo,Piemont",Italy,PM,SH,Y,,SH - Slaughterhouse,,
F2868,F.LLI MAGNONE S.N.C.,GALLO,Cannavali,87030,"Cosenza,Calabria",Italy,PM,CP,N,,CP - Cutting Plant,,
0 126 M,F.LLI MIROGLIO DI VALERIO E VIRGINIO SNC DI MIROGLIO EZIO RICCARDO & C.,XX SETTEMBRE,Baldichieri d'Asti,14011,"Asti,Piemont",Italy,PM,SH CP,Y,,SH - Slaughterhouse | CP - Cutting Plant,,
0 227 M,F.LLI POLDI ALLAI S.R.L.,ARGINE MOLA,Poviglio,42028,Emilia-Romagna,Italy,PM,SH CP,Y,,SH - Slaughterhouse | CP - Cutting Plant,,
0 476 M(01),F.LLI PUSSETTO S.N.C,VIA BURIASCO 12,Macello,10060,"Torino,Piemont",Italy,PM,CP,N,,CP - Cutting Plant,,
0 476 M,F.LLI PUSSETTO S.N.C. DI PUSSETTO DOMENICO & C.,BURIASCO,Prarostino,10060,"Torino,Piemont",Italy,PM,SH,Y,,SH - Slaughterhouse,,
0 272 S,F.LLI RAGNI MARTA & FEDERICO SNC,POLE,Urbino,61041,"Pesaro e Urbino,Marche",Italy,PM,CP,N,,CP - Cutting Plant,,
B5Y5L,FAVERO CARNI SRL,GORGO,Santa Maria di Sala,30036,"Venezia,Veneto",Italy,PM,CP,N,,CP - Cutting Plant,,
0 341 S,FIGLIE GREGORINI SAS DI CARBINI TIZIANA & C.,SAN PONZIO,Prarostino,10060,"Torino,Piemont",Italy,PM,CP,N,,CP - Cutting Plant,,
0 530 M,FIORENZATO S.N.C. DI FIORENZATO FABIO E LUCA,"VIA AMPEZZON, 16",Vigonza,35010,"Padova,Veneto",Italy,PM,CP SH,Y,,CP - Cutting Plant | SH - Slaughterhouse,,
0 702 S,FOOD INTERNATIONAL S.R.L.,F.LLI CALVI (GHIAIE),Lallio,24040,"Bergamo,Lombardy",Italy,PM,CP,N,,CP - Cutting Plant,,
U284E,FRATELLI ARDITO DI ARDITO MARCO & C. - S.A.S.,VIA DELLA REPUBBLICA 871/A,Trino,13039,"Vercelli,Piemont",Italy,PM,CP,N,,CP - Cutting Plant,,
0 706 S,FRATELLI BONATTI DI GUIDO & ORNELLA BONATTI S.N.C.,PIAZZA OLIVETI 18,Carpaneto Piacentino,29013,"Piacenza,Emilia-Romagna",Italy,PM,CP,N,,CP - Cutting Plant,,
0 906 S,FRATELLI GEROSA S.N.C. DI GEROSA EZIO E GIANPIETRO,MONTENERO,Inverigo,22044,"Como,Lombardy",Italy,PM,CP,N,,CP - Cutting Plant,,
1295 M,G & P S.R.L. UNIPERSONALE,LE CASELLE,Tarsia,,"Cosenza,Calabria",Italy,PM,CP,N,,CP - Cutting Plant,,
1459 F,G.F. SRL,STABIA,Angri,84012,Campania,Italy,PM,CP,N,,CP - Cutting Plant,,
0 386 F,G.M.S. SRL,PIANA DI CARDINALE 43,Monte San Vito,60037,"Ancona,Marche",Italy,PM,CP,N,,CP - Cutting Plant,,
0 963 S,GENERAL CARNI SRL,"PROVINCIALE - LATO AVERSA,2",Crispano,,"Napoli,Campania",Italy,PM,CP,N,,CP - Cutting Plant,,
B1J5D,GIORGIO PIEFFE S.R.L.,DOMENICO CATALANO,Scafati,84018,"Salerno,Campania",Italy,PM,CP,N,,CP - Cutting Plant,,
N5L8Z,GNARRA GIOVANNI,CALAIOI,Abatemarco,84040,"Salerno,Campania",Italy,PM,SH,Y,,SH - Slaughterhouse,,
J9Y0Z,GOBBI FRATTINI GIOVANNI S.R.L.,ALDO MORO,Ispra,21027,Lombardy,Italy,PM,CP,N,,CP - Cutting Plant,,
R6841,GOBBI FRATTINI SOCIETA' A RESPONSABILITA' LIMITATA - OVVERO GOBBI FRATTINI S.R.L.,"VIA ARTIGIANI, 610",Desenzano del Garda,25015,"Brescia,Lombardy",Italy,PM,CP,N,,CP - Cutting Plant,,
O 58 M,GOBBI FRATTINI SRL,"LOC.VENGA, 12",Desenzano del Garda,25015,"Brescia,Lombardy",Italy,PM,SH CP,Y,,SH - Slaughterhouse | CP - Cutting Plant,,
0 237 M,GOLD CHICKEN SRL,STRETTOLA FONTANA,Casalnuovo di Napoli,80013,"Napoli,Campania",Italy,PM,CP,N,,CP - Cutting Plant,,
1879 L,GOLINELLI 1975 S.R.L.,ARTIGIANATO,Molinella,40062,"Bologna,Emilia-Romagna",Italy,PM,CP,N,,CP - Cutting Plant,,
2792 S,GRE.CO SRL,MARTE,Imperia,18100,"Imperia,Liguria",Italy,PM,CP,N,,CP - Cutting Plant,,
B5Y8E,GRIGNAN BEEF SNC DI SALA DANIELE ED ELISABETH,"VARCA, 3",Primaluna,23819,"Lecco,Lombardy",Italy,PM,CP,N,,CP - Cutting Plant,,
0 244 M,GRUPPO COLOMBOITALIA M.A.C.O.R.I.T. SOC. COOP. ARL,BEROIDE,Spoleto,06049,"Perugia,Umbria",Italy,PM,SH CP,Y,,SH - Slaughterhouse | CP - Cutting Plant,,
N6B1D,GUSTO SAPORE PIACERE S.R.L. - IN BREVE G.S.P. S.R.L.,MADONNA DEL PIANO,Bolsena,01020,"Viterbo,Lazio",Italy,PM,CP,N,,CP - Cutting Plant,,
2512 P,I.C.A. S.R.L.,VIA TORRE SN,Regalbuto,94010,"Enna,Sicily",Italy,PM,CP,N,,CP - Cutting Plant,,
0 998 M,I.M.A.C. SRL,ZONA IND.LE ASI LOC. MADDALENA,Acerra,80023,"Napoli,Campania",Italy,PM,SH,Y,,SH - Slaughterhouse,,
W6J7G,IL CAMPANO S.R.L.,SPAGNUOLO,Frattaminore,,"Napoli,Campania",Italy,PM,CP,N,,CP - Cutting Plant,,
0 121 M,IL POLLO CAMPAGNOLO S.R.L.,VALLONI,Gottolengo,25023,"Brescia,Lombardy",Italy,PM,CP,N,,CP - Cutting Plant,,
0 271 M,IL POLLO VENETO DI PERSEGATO GIULIO & C. S.R.L.,"VIA VERGAGLIA, 318",Zimella,37040,"Verona,Veneto",Italy,PM,SH CP,Y,,SH - Slaughterhouse | CP - Cutting Plant,,
0 270 M,IL RUSPANTE S.R.L.,PROVINCIALE COLONNE DI GIUGLIANO,Melito di Napoli,,Campania,Italy,PM,CP,N,,CP - Cutting Plant,,
1070 S,INDUSTRIA ALIMENTARE CARNI QUINTO VITTORIO,231 KM 48,Corato,70033,Apulia,Italy,PM,CP,N,,CP - Cutting Plant,,
0 521 M,INGROSCARNI S.A.S. DI NOVARA G. E C.,CASTELNUOVO,Cortazzone,14014,"Asti,Piemont",Italy,PM,SH CP,Y,,SH - Slaughterhouse | CP - Cutting Plant,,
0 674 S,INGROSSO CARNI DI PAPA FABIOLA E C. S.A.S.,COLLE DEL CANALE,Valmontone,00038,"Roma Capitale,Lazio",Italy,PM,CP,N,,CP - Cutting Plant,,
0 621 S,INVERNICI SRL,"VIA BRUXELLES, 10",Lallio,24040,"Bergamo,Lombardy",Italy,PM,CP,N,,CP - Cutting Plant,,
0 282 M,ITALPOL DI MOLLEA OLGA E ZARRI GINETTO E C. SNC,DIVISIONI ALPINE,Cortemilia,12074,"Cuneo,Piemont",Italy,PM,SH,Y,,SH - Slaughterhouse,,
Identificativo 0 782 S,L'ALTRACARNE S.P.A.,PIANO S. DONATO,Castiglione Messer Raimondo,,"Teramo,Abruzzo",Italy,PM,CP,N,,CP - Cutting Plant,,
0 686 S,LA MASSERIA DI BARLETTA VINCENZO & C. S.A.S.,"ZONA INDUSTRIALE, VIA BAIONE",Monopoli,70043,"Bari,Apulia",Italy,PM,CP,N,,CP - Cutting Plant,,
0 524 M,LA NOSTRANA SRL,VIA TORINO 6,Buriasco,10060,"Torino,Piemont",Italy,PM,SH,Y,,SH - Slaughterhouse,,
0 219 S,LA POLLERIA ARONESE DI CANTOIA GIAN ANGELO,PIOLA,Maggiate Inferiore,28013,"Novara,Piemont",Italy,PM,CP,N,,CP - Cutting Plant,,
2552 M,LA PRIMA SRL,"MEZZANELLE - S.S. 160 - KM 24,300",Lucera,71036,"Foggia,Apulia",Italy,PM,CP,N,,CP - Cutting Plant,,
0 809 M,LA QUAGLIA SARDA DI LOI MARCELLO,LOC. GENNANTINE,Biddamanna Istrisàili/Villagrande Strisaili,08049,"Nuoro,Sardinia",Italy,PM,SH,Y,,SH - Slaughterhouse,,
0 277 M,LA TORRESE S.R.L.,APPIA BIS,Torre Le Nocelle,,"Avellino,Campania",Italy,PM,SH CP,Y,,SH - Slaughterhouse | CP - Cutting Plant,,
L7G7P,LA VALLE S.R.L.,DRAGONI,Grotteria,89049,"Reggio di Calabria,Calabria",Italy,PM,CP,N,,CP - Cutting Plant,,
L9M1G,LADISA S.R.L.,"LINDEMANN,",Bari,70126,"Bari,Apulia",Italy,PM,CP,N,,CP - Cutting Plant,,
0 40 S,LARIOAVICOLA S.P.A.,via Berina 1,Fenegrò,22078,"Como,Lombardy",Italy,PM,CP,N,,CP - Cutting Plant,,
0 218 S,LARIOPOLLI DI TEDINO GIUSEPPE,VIA GORIZIA,Fino Mornasco,22073,"Como,Lombardy",Italy,PM,CP,N,,CP - Cutting Plant,,
W5E8U,LECCA CARNI DI PATRIZIA LECCA S.A.S.,LOTTO NÂ°2 - LOCALITà€ PILL`E MATTA,Cuartùciu/Quartucciu,09044,"Cagliari,Sardinia",Italy,PM,CP,N,,CP - Cutting Plant,,
2377 S,LINEA CARNI SRL,"VIA G. LEOPARDI 20/A, FRAZ CASALETTO",Viadana,46019,"Mantua,Lombardy",Italy,PM,CP,N,,CP - Cutting Plant,,
N7W52,LINO CARNI DI FAVARETTO LINO & FIGLI S.N.C.,VIA ROSSINI 1/C,Santa Maria di Sala,30036,"Venezia,Veneto",Italy,PM,CP,N,,CP - Cutting Plant,,
2837 S,LUCCI GROUP S.R.L.,PLAVIGNANO - ZONA INDUSTRIALE,Castilenti,,Abruzzo,Italy,PM,CP,N,,CP - Cutting Plant,,
0 899 M,MA.CO. S.R.L.,LOC. TORRE CAPUANA N. 7,San Bartolomeo in Galdo,82020,"Benevento,Campania",Italy,PM,CP,N,,CP - Cutting Plant,,
0 461 M,MA.GE.MA. SOCIETA` AGRICOLA COOPERATIVA,SAN VITO,San Mauro Pascoli,47039,Emilia-Romagna,Italy,PM,CP SH,Y,,CP - Cutting Plant | SH - Slaughterhouse,,
H8B57,MACELLO DI DOBBIACO,GUSTAV-MAHLER,Toblach - Dobbiaco,39034,"South Tyrol,Trentino-Alto Adige/Südtirol",Italy,PM,CP,N,,CP - Cutting Plant,,
2725 S,MADAIO CARNI E SALUMI S.R.L.S.,TAVOLIELLO,Eboli,84025,"Salerno,Campania",Italy,PM,CP,N,,CP - Cutting Plant,,
0 359 S,MAGGIONI GIUSEPPE S.R.L.,SOLARO,Galbiate,23851,"Lecco,Lombardy",Italy,PM,CP,N,,CP - Cutting Plant,,
1079 S,MALAVENDA TOMMASO E C. SAS,VIA PADOVA ZONA IND.LE N.13,Reggio Calabria,89100,"Reggio di Calabria,Calabria",Italy,PM,CP,N,,CP - Cutting Plant,,
0 93 M,MALOCCO VITTORIO E FIGLI,"VIA CONFIN, 94",Torre di Mosto,30020,"Venezia,Veneto",Italy,PM,SH CP,Y,,SH - Slaughterhouse | CP - Cutting Plant,,
CE IT D4J1C,MARCELLO PAOLI,VIA DELLE CAPPELLE DI SOPRA 4,Calenzano,50041,"Metropolitan City of Florence,Tuscany",Italy,PM,SH,Y,,SH - Slaughterhouse,,
3001 S,MARIANI ANNA S.R.L.,TEVERE,Chianciano Terme,53042,"Siena,Tuscany",Italy,PM,CP,N,,CP - Cutting Plant,,
0 1027 S,MARPOL SERVICE SRL,"VIA G. MAZZINI, 3",Casoria,80026,Campania,Italy,PM,CP,N,,CP - Cutting Plant,,
U2Z93,MAZZOCCHI SRL,DEL PESCO,Grinzano,,"Cuneo,Piemont",Italy,PM,CP,N,,CP - Cutting Plant,,
0 1023 S,MONCUCCO SOCIETA' SEMPLICE AGRICOLA,"FRAZ. MONTONERO, 17",Vercelli,13100,"Vercelli,Piemont",Italy,PM,CP SH,Y,,CP - Cutting Plant | SH - Slaughterhouse,,
CE IT 0 120 M,MONGE FRATELLI DI MONGE BALDASSARRE E C. S.N.C.,"VIA SAVIGLIANO, 31/B",Monasterolo di Savigliano,12030,"Cuneo,Piemont; A Poultry; L Lagomorphs",Italy,PM,CP SH,Y,,CP - Cutting Plant | SH - Slaughterhouse,,
0 356 S,MORESSI CARNI SRL,MONTALBANO,Macerata,62100,"Macerata,Marche",Italy,PM,CP,N,,CP - Cutting Plant,,
N7F8L,NATGROUP S.R.L.,LIBERTA',Ostuni,72014,"Brindisi,Apulia",Italy,PM,CP,N,,CP - Cutting Plant,,
CE IT 0 1024 M,NESTI SAS DI NESTI FABIO E C.,VIA VITTORIO VENETO 166,Campi Bisenzio,50013,Tuscany,Italy,PM,SH,Y,,SH - Slaughterhouse,,
0 659 S,NEVARA SRL,MADONNA DI FATIMA,Pagani,84016,"Salerno,Campania",Italy,PM,CP,N,,CP - Cutting Plant,,
Q1P8K,NOI E LA NATURA,VIA MARGHERITA 1,Sospiro,26048,"Cremona,Lombardy",Italy,PM,CP SH,Y,,CP - Cutting Plant | SH - Slaughterhouse,,
0 326 S,NUOVA FOOD S.R.L.,LE VECCHIE II,Ercolano,80040,"Napoli,Campania",Italy,PM,CP,N,,CP - Cutting Plant,,
CE IT 0 100 M,O.R.A. SOCIETA' AGRICOLA S.R.L.,Via CUNEO 24 - FRAZIONE RORETO,Cherasco,12062,"Cuneo,Piemont",Italy,PM,SH CP,Y,,SH - Slaughterhouse | CP - Cutting Plant,,
CE IT 0 92 S,OSCAR TACCHINI S.R.L.,VIA DEL PALU` 1,San Martino di Lupari,35018,Veneto,Italy,PM,CP,N,,CP - Cutting Plant,,
0 696 S,P.G.F. DI PERAZZOLO ROBERTO E GOBBI FRATTINI ROSANNA S.N.C.,VIA PIAVE 12/A,Pietole,46030,"Mantua,Lombardy",Italy,PM,CP,N,,CP - Cutting Plant,,
Y9L23,PAGLIARINI AVICOLA DI PAGLIARINI MIRCO,VITTORIO EMANUELE,Canaro,45034,"Rovigo,Veneto",Italy,PM,CP,N,,CP - Cutting Plant,,
2466 S,PANTAROTTO LORIS,BANNIA,San Vito al Tagliamento,33078,Friuli Venezia Giulia,Italy,PM,CP,N,,CP - Cutting Plant,,
S116Q,PASCARELLA CARNI S.R.L.,CESARE PASCARELLA,Roma,00153,"Roma Capitale,Lazio",Italy,PM,CP,N,,CP - Cutting Plant,,
CE IT 1854 S,PASQUALINOTTO S.R.L.,VIA ROMA DESTRA 102,Jesolo,30016,"Venezia,Veneto",Italy,PM,CP,N,,CP - Cutting Plant,,
0 407 M,PAVESELLO SRL,VIA CASSINETTA 12,Bressana Bottarone,27040,"Pavia,Lombardy",Italy,PM,CP,N,,CP - Cutting Plant,,
0 557 M,PETOLICCHIO SOCIETA' A RESPONSABILITA' LIMITATA,ALDO MORO,Serino,84080,"Avellino,Campania",Italy,PM,SH,Y,,SH - Slaughterhouse,,
D081S,PIERRI ANTONIO,"VIA G. FORTUNATO, 31/33",Baronissi,84081,Campania,Italy,PM,CP,N,,CP - Cutting Plant,,
K5J5N,PLM S.R.L. UNIPERSONALE,BIALERA,Asti,14100,"Asti,Piemont",Italy,PM,CP,N,,CP - Cutting Plant,,
0 490 M,POLA S.R.L.,COMUNALE ROVERE,Finale Emilia,41034,"Modena,Emilia-Romagna",Italy,PM,SH,Y,,SH - Slaughterhouse,,
0 387 M,POLLAMI LILIANA S.R.L.,BIBANO DI SOTTO,Col San Martino,31010,"Treviso,Veneto",Italy,PM,CP SH,Y,,CP - Cutting Plant | SH - Slaughterhouse,,
0 148 S,POLLERIA BERNASCONI SNC,"VIA MATTEOTTI, 39",Lurate Caccivio,22075,Lombardy,Italy,PM,CP,N,,CP - Cutting Plant,,
R583C,POLLERIA PIATTI GIUSEPPE,VIA ROMA 31,Lurate Caccivio,22075,Lombardy,Italy,PM,CP,N,,CP - Cutting Plant,,
0 740 S,POLLI DOC DEI FRATELLI TRAPANI S.N.C. DI TRAPANI FIORENTINO E PASQUALE,VIA TRENTO N. 54/56,Pagani,84016,"Salerno,Campania",Italy,PM,CP,N,,CP - Cutting Plant,,
2480 S,POLLIO SALVATORE,MARZIALE,Sorrento,80067,"Napoli,Campania",Italy,PM,CP,N,,CP - Cutting Plant,,
0 338 M,POLLO ADIGE DI FACCIONI DARIO,POZZO,Borgo Bonavicina,37050,"Verona,Veneto",Italy,PM,CP,N,,CP - Cutting Plant,,
0 374 S,POLLO BRAGADINA DI FACCIONI ROBERTO,FRAZ. SAN PIETRO - VIA BRAGADINA 34,Legnago,37045,"Verona,Veneto",Italy,PM,CP,N,,CP - Cutting Plant,,
X5G6C,POLLO CAMP DI SURACI FRANCESCO,C.DA DOTTOLELLA PARAVATI,Mileto,,"Vibo Valentia,Calabria",Italy,PM,SH,Y,,SH - Slaughterhouse,,
L2T7Z,POLLO CAROLINA S.R.L. - SOCIETA' A RESPONSABILITA' LIMITATA,MOLINO CIOFFI AREA PIP,Paolisi,82011,"Benevento,Campania",Italy,PM,CP,N,,CP - Cutting Plant,,
0 1031 S,POLLO CAROLINA SRL,VIA ARMA DEI CARABINIERI,Paolisi,82011,"Benevento,Campania",Italy,PM,CP,N,,CP - Cutting Plant,,
0 283 M,POLLO CASTELLANO SRL,VIA CAMPAGNA 152,Loria,31037,"Treviso,Veneto",Italy,PM,SH,Y,,SH - Slaughterhouse,,
0 697 S,POLLO DELL'AVVENIRE S.R.L.,VIA PADOVA 109,Vanzo,35025,"Padova,Veneto",Italy,PM,CP,N,,CP - Cutting Plant,,
0 163 S,POLLO EPOREDIA DI BRUNASSO CASSININO GUIDO & C. S.A.S.,COTONIFICIO,Strambino,10019,"Torino,Piemont",Italy,PM,CP,N,,CP - Cutting Plant,,
CE IT 0 68 S,POLLO MACCARIO S.N.C. DI GIORDANO GIUSEPPE & C.,VIA GENERALE GIOVANNI ALLASIA 3,Boves,12012,Piemont,Italy,PM,CP,N,,CP - Cutting Plant,,
A9R6S,POLLO MIGLIORANZA DI SIGNORELLI FRANCA E C. S.A.S.,VIA DEI COLLI 61,Villafranca di Verona,37069,"Verona,Veneto",Italy,PM,CP,N,,CP - Cutting Plant,,
X1Y5T,POLLO OGLIASTRA DI MURINO ANTONIO,SU SENSU,Irvonu/Ilbono,08040,"Nuoro,Sardinia",Italy,PM,SH CP,Y,,SH - Slaughterhouse | CP - Cutting Plant,,
0 261 S,POLLO S. GIORGIO DI FILOSO ALDO,VIA SPINO II N. 4,Grantorto,35010,Veneto,Italy,PM,CP,N,,CP - Cutting Plant,,
C8S3W,POLLO SUPER DEI F.LLI FICO SRL,STRETTOIA FONTANA,Casalnuovo di Napoli,80013,"Napoli,Campania",Italy,PM,CP,N,,CP - Cutting Plant,,
CE IT U8A1K,POLLO TOSCANO DI PERUZZI DOMENICO,MONTALLA,Cortona,52044,"Arezzo,Tuscany",Italy,PM,SH,Y,,SH - Slaughterhouse,,
0 479 M,POLLO VALCALEPIO,COLLEONI,Sant'Antonio,24060,"Bergamo,Lombardy",Italy,PM,SH CP,Y,,SH - Slaughterhouse | CP - Cutting Plant,,
W2D1J,PREGNOLATO FRANCESCA,"VIA CONE, 1",Serra de' Conti,60036,"Ancona,Marche",Italy,PM,SH,Y,,SH - Slaughterhouse,,
1684 S,PUNTO CARNI SRL,"SS 114 KM 5,600 (PISTUNINA)",Messina,98127,"Messina,Sicily",Italy,PM,CP,N,,CP - Cutting Plant,,
CE IT 0 47 M,QUAJA VENETA SOCIETA' COOPERATIVA AGRICOLA,VIA PASUBIO 5-7,Malo,36034,"Vicenza,Veneto",Italy,PM,CP SH,Y,,CP - Cutting Plant | SH - Slaughterhouse,,
0 189 S,QUERCIA CARNI,16,Bisceglie,76011,Apulia,Italy,PM,CP,N,,CP - Cutting Plant,,
IT 0333S CE,R.C.A. S.R.L.,"VIA EMORE TIRELLI, 7",Reggio nell'Emilia,42122,"Reggio nell'Emilia,Emilia-Romagna",Italy,PM,CP,N,,CP - Cutting Plant,,
F3B6D,RASELLI S.R.L.,ENRICO DA MONZA,Monza,20900,"Monza and Brianza,Lombardy",Italy,PM,CP,N,,CP - Cutting Plant,,
0 919 S,RENZI PIETRO E C. SNC.,VIA PIANI ROSSI 2,Corridonia,62014,"Macerata,Marche",Italy,PM,CP,N,,CP - Cutting Plant,,
0 195 M,RIZZOGLIO MARIO,VIA STAZIONE,Calosso,,"Asti,Piemont",Italy,PM,CP,N,,CP - Cutting Plant,,
CE IT 0 531 M,ROMAGNOLCARNI S.C.A.,VIA PRATI 1160,Forlimpopoli,47034,"Forlì-Cesena,Emilia-Romagna",Italy,PM,SH CP,Y,,SH - Slaughterhouse | CP - Cutting Plant,,
0 531 M,ROMAGNOLCARNI SOCIETA` COOPERATIVA AGRICOLA,PRATI,Forlimpopoli,47034,"Forlì-Cesena,Emilia-Romagna",Italy,PM,SH,Y,,SH - Slaughterhouse,,
0 1102 S,ROMANELLI COSTANTINO EREDI SNC DI ROMANELLI PATRIZIA & C.,"VIA CARDUCCI, 1",Grottazzolina,63844,"Fermo,Marche",Italy,PM,CP,N,,CP - Cutting Plant,,
0 495 M,ROSSI MAURO S.R.L.,IL MONTE,Castellina in Chianti,53011,"Siena,Tuscany",Italy,PM,SH CP,Y,,SH - Slaughterhouse | CP - Cutting Plant,,
A849B,ROYAL POLLO S.R.L.,PAOLO BORSELLINO,Casandrino,80025,"Napoli,Campania",Italy,PM,CP,N,,CP - Cutting Plant,,
0 841 P,S.A.L. SOCIETA` AVICOLA LIGURE S.P.A.,R. BIANCHI,Genoa,16128,"Genoa,Liguria",Italy,PM,CP,N,,CP - Cutting Plant,,
0 1075 S,S.D. CARNI BIANCHE S.R.L.,"VIA ROSANEA, 55",Somma Vesuviana,80049,"Napoli,Campania",Italy,PM,CP,N,,CP - Cutting Plant,,
945 S,S.I.C.A. SRL,VIA PROVINCIALE PER LECCE KM 1,Vernole,73026,"Lecce,Apulia",Italy,PM,CP,N,,CP - Cutting Plant,,
Z6T8E,S.P. AVICOLA DI STASIA R. & C. SNC,XXV APRILE,Cossato,13836,"Biella,Piemont",Italy,PM,CP,N,,CP - Cutting Plant,,
0 296 S,SAF SOCIETà€ AVICOLA FIORANESE SRL,MONTANARA,Castelvetro di Modena,41014,"Modena,Emilia-Romagna",Italy,PM,CP,N,,CP - Cutting Plant,,
0 629 M,SAIGI SOCIETA' COOPERATIVA AGRICOLA,SOGLIANO,Santarcangelo di Romagna,47822,"Rimini,Emilia-Romagna",Italy,PM,SH,Y,,SH - Slaughterhouse,,
0 771 M,SAN BARTOLOMEO SOCIETA' COOPERATIVA AGRICOLA,TEVERINA,Viterbo,01100,"Viterbo,Lazio",Italy,PM,SH,Y,,SH - Slaughterhouse,,
IT 0153 M,SANDRI SPA,VIA MADONNETTA 7/A,Nervesa della Battaglia,31040,"Treviso,Veneto",Italy,PM,SH CP,Y,,SH - Slaughterhouse | CP - Cutting Plant,,
0 50 M,SANFELICE S.P.A.,CESARE BATTISTI,Vighizzolo,26030,"Cremona,Lombardy",Italy,PM,SH CP,Y,,SH - Slaughterhouse | CP - Cutting Plant,,
M6M4F,SANGRO CARNI SOCIETà€ A RESPONSABILITà€ LIMITATA SEMPLIFICATA,QUADRONI,Valle del Sole,66040,Abruzzo,Italy,PM,CP,N,,CP - Cutting Plant,,
P3P26,SANTINA FRANCESCO,VIA ORZINUOVI LOC. FEROLDA,Rovato,25030,"Brescia,Lombardy",Italy,PM,SH,Y,,SH - Slaughterhouse,,
CE IT K401C,SAPORI DI TOSCANA SPA,via AMBRA,Grosseto,58100,"Grosseto,Tuscany",Italy,PM,CP,N,,CP - Cutting Plant,,
0 349 S,SAPORI VENETI S.R.L.,LAMARMORA,Bertipaglia,35020,"Padova,Veneto",Italy,PM,CP,N,,CP - Cutting Plant,,
X6W85,SAVICOMM S.A.S. DI SOAVE ANGELO ANTONIO & C.,VIA MOTTELLA 17,Nogara,37054,"Verona,Veneto",Italy,PM,CP,N,,CP - Cutting Plant,,
0 434 M,SBERNA S.R.L.,TORRE,Rezzato,25086,"Brescia,Lombardy",Italy,PM,SH,Y,,SH - Slaughterhouse,,
307 M,SCARSO ROMUALDO & FIGLI S.R.L.,"VIA GARIBALDI, 43",Ponte San Nicolò,,"Padova,Veneto",Italy,PM,SH,Y,,SH - Slaughterhouse,,
0 307 M,SCARSO ROMUALDO & FIGLI S.R.L.,GARIBALDI,Bertipaglia,35020,"Padova,Veneto",Italy,PM,SH,Y,,SH - Slaughterhouse,,
K0E4S,SCOTTO DI VETTA BRUNO & C. SAS,"VIA OMERO, 26",Bacoli,80070,"Napoli,Campania",Italy,PM,SH,Y,,SH - Slaughterhouse,,
D5889,SDM FOOD SAS DI VESTRI SIMONA & C.,DOMENICO CIMAROSA,Livorno,57126,"Livorno,Tuscany",Italy,PM,CP,N,,CP - Cutting Plant,,
W5K17,SED MEATS S.R.L.,DEI MILLE,Palermo,90136,"Palermo,Sicily",Italy,PM,CP,N,,CP - Cutting Plant,,
CE IT2808 S,SELECTA S.P.A.,VIA DEL SAPERE 1,Occhiobello,45030,"Rovigo,Veneto",Italy,PM,CP,N,,CP - Cutting Plant,,
V4D4D,SICILCARNI S.R.L.,ALCIDE DE GASPERI,Santa Flavia,90017,"Palermo,Sicily",Italy,PM,CP,N,,CP - Cutting Plant,,
0 789 S,SICILPOLLI S.R.L.,LIPARI,Canicattì,92024,"Agrigento,Sicily",Italy,PM,CP,N,,CP - Cutting Plant,,
Y215V,SILVESTRI MARIA ANTONIETTA,POLLASTRADA,Rocchetta Alta,86070,"Isernia,Molise",Italy,PM,SH,Y,,SH - Slaughterhouse,,
9 337 LP,SIMONETTO CARNI SAS DI STEFANO SIMONETTO E C.,VENEZIA,Castelnuovo,38050,"Trento,Trentino-Alto Adige/Südtirol",Italy,PM,CP,N,,CP - Cutting Plant,,
0 242 M,SOC. COOP. AGRICOLA AVICOLA LIBERTA`,SA TANCA DE SU DONU,Terraba/Terralba,09098,"Aristanis/Oristano,Sardinia",Italy,PM,SH,Y,,SH - Slaughterhouse,,
0 1047 M,SOCIETA' AGRICOLA AZZOLINA S.R.L.,contrada MONACI - SP 25i ( sede stabilimento),Mineo,95044,"Catania,Sicily",Italy,PM,SH CP,Y,,SH - Slaughterhouse | CP - Cutting Plant,,
0 352 M,SOCIETA' AGRICOLA BARISON PAOLO S.S.,MORATTI,Grantorto,35010,Veneto,Italy,PM,CP,N,,CP - Cutting Plant,,
A5X43,SOCIETA' AGRICOLA BIOSANCO S.R.L.,"STRADA A, VILLACIDRO",Biddacidru/Villacidro,09039,"Sud Sardegna,Sardinia",Italy,PM,CP,N,,CP - Cutting Plant,,
CE IT E511L,SOCIETA' AGRICOLA BOVINO S.S.,VIA PIMAGGIORE 52,Vicchio,50039,"Metropolitan City of Florence,Tuscany",Italy,PM,SH,Y,,SH - Slaughterhouse,,
CEIT084M,SOCIETA' AGRICOLA EUROPOLL S.R.L,VIA DIVISIONE CUNEENSE 6,Caraglio,12023,"Cuneo,Piemont",Italy,PM,SH CP,Y,,SH - Slaughterhouse | CP - Cutting Plant,,
CE IT 0540M,SOCIETA' AGRICOLA EUROPOLL S.R.L.,FRAZIONE PANIALE 15,Caraglio,12023,"Cuneo,Piemont",Italy,PM,CP SH,Y,,CP - Cutting Plant | SH - Slaughterhouse,,
L7Y2T,SOCIETA' AGRICOLA FONTANA CARNI,MURI DELLA TORRE,Colletorto,86044,"Campobasso,Molise",Italy,PM,CP,N,,CP - Cutting Plant,,
0 262 M,SOCIETA' AGRICOLA GUIDI DI RONCOFREDDO DI GUIDI GIANCARLO E NICOL INI FAUSTA S.S.,PROV.LE MUSANO,Roncofreddo,47020,"Forlì-Cesena,Emilia-Romagna",Italy,PM,SH,Y,,SH - Slaughterhouse,,
01 522,SOCIETA' AGRICOLA LA CEREA S.S.,S. STEFANO ROERO,Collegno,10040,"Torino,Piemont",Italy,PM,CP SH,Y,,CP - Cutting Plant | SH - Slaughterhouse,,
F7D13,SOCIETA' AGRICOLA PENTA DI MENGONI TERESITA E C. S.S.,SANDRO PERTINI,Tolentino,62029,"Macerata,Marche",Italy,PM,CP,N,,CP - Cutting Plant,,
CE IT V5C8Y,SOCIETA' AGRICOLA RICCIO DI MANU S.S. DI F. E R. BAIOLI,VIA CIRI 651,Larciano,51036,"Pistoia,Tuscany",Italy,PM,SH CP,Y,,SH - Slaughterhouse | CP - Cutting Plant,,
L5T69,SOCIETA' AGRICOLA SANTO STEFANO S.S.,FRAZIONE SANTO STEFANO N. 40,Arcevia,60011,"Ancona,Marche",Italy,PM,SH CP,Y,,SH - Slaughterhouse | CP - Cutting Plant,,
0 292 S,SOCIETA' ARTIGIANA LAVORAZIONI CARNI AVICOLE - S.A.L.C.A. DI MALTONI ANDREA E C SAS,GANDHI,Forlì,47121,"Forlì-Cesena,Emilia-Romagna",Italy,PM,CP,N,,CP - Cutting Plant,,
Y315U,SQUISIPOLLO SAS DI SQUILLANTE GIUSEPPE E C.,CIMITERO,Palma Campania,80036,"Napoli,Campania",Italy,PM,CP,N,,CP - Cutting Plant,,
0 394 M,STANZANI VENTURELLI DI STANZANI GIANNI E C. S.N.C.,Via Imperiale EST n. 3/A,Nonantola,41015,"Modena,Emilia-Romagna",Italy,PM,CP,N,,CP - Cutting Plant,,
9 2089 L,STOLLAGLI CARNI S.R.L.,DELLA CHIMICA LOC.TA' VAZIA,Rieti,02100,"Rieti,Lazio",Italy,PM,CP,N,,CP - Cutting Plant,,
U168A,STRANO ENRICO,"DEGLI OLEANDRI,",Acireale,95024,"Catania,Sicily",Italy,PM,CP,N,,CP - Cutting Plant,,
0 229 S,SUNOVO SRL,XXV APRILE,Suno,28019,"Novara,Piemont",Italy,PM,CP,N,,CP - Cutting Plant,,
T035R,SUPER POLLERIA DI CORTALE VINCENZO,PIRGO,Grotteria,89049,"Reggio di Calabria,Calabria",Italy,PM,CP,N,,CP - Cutting Plant,,
0 400 S,SUPER POLLO S.R.L.,"VIA PONTICELLO ONETO, N. 11",Palermo,90136,"Palermo,Sicily",Italy,PM,CP,N,,CP - Cutting Plant,,
Q745H,TARAS CARNI S.R.L.,"VIA LAGO DI NEMI, 24",Taranto,74123,Apulia,Italy,PM,CP,N,,CP - Cutting Plant,,
0 710 S,TEI S.R.L.,M. ENRICO BOSSI,Salò,25087,"Brescia,Lombardy",Italy,PM,CP,N,,CP - Cutting Plant,,
Y1G70,TESEI GIOVANNI,VECCIOLA,Sarnano,62028,"Macerata,Marche",Italy,PM,SH CP,Y,,SH - Slaughterhouse | CP - Cutting Plant,,
CE IT 0 339 M,TESI VITTORIO,VIA SAN PIERO IN MERCATO 42/44,Montespertoli,50025,"Metropolitan City of Florence,Tuscany",Italy,PM,CP,N,,CP - Cutting Plant,,
CE IT 0 281 M,TESIO S.A.S. DI TESIO DARIO E C.,VIA DEI GOSSI 29,Busca,12022,"Cuneo,Piemont",Italy,PM,SH,Y,,SH - Slaughterhouse,,
0 960 M,TINELLI LEONARDO,"C.DA SAVA, 8",Santeramo in Colle,70029,Apulia,Italy,PM,SH,Y,,SH - Slaughterhouse,,
0 311 S,TINTI VALTER,CHIESACCIA - LOC CRESPELLANO,Valsamoggia,40053,"Bologna,Emilia-Romagna",Italy,PM,CP,N,,CP - Cutting Plant,,
927 P,TOCCANO IVANO - S.R.L.,VIA G.B. VIOTTI 2,Tricerro,13039,"Vercelli,Piemont",Italy,PM,CP,N,,CP - Cutting Plant,,
0 144 M,TOMASSINI CARNI DI TOMASSINI PIETRO & C. SNC,CAMERA,Valloscura,63900,Marche,Italy,PM,CP,N,,CP - Cutting Plant,,
0 498 S,TONIUTTI ALCEO,VIA NAZIONALE 28,Rive d'Arcano,33030,Friuli Venezia Giulia,Italy,PM,CP,N,,CP - Cutting Plant,,
0 452 S,TOSCANA CARNI SNC DI MAGINI GIANDOMENICO & C.,VIA GIROLFI,Cortona,52044,"Arezzo,Tuscany",Italy,PM,CP,N,,CP - Cutting Plant,,
0 1079 S,TRE D S.R.L.,"GIOVE LOC. QUARANTA MOGGI, ZONA INDUSTRIALE",Sant'Antimo,80029,"Napoli,Campania",Italy,PM,CP,N,,CP - Cutting Plant,,
CE IT 0 464 M,TUNINETTI GIANFRANCO & C. SNC,"VIA CRAVERO, 4",Cavallerleone,12030,"Cuneo,Piemont; L Lagomorphs",Italy,PM,SH,Y,,SH - Slaughterhouse,,
0 932 S,TURINO COMMERCIO S.R.L.,ITALIA,Cardito,,"Napoli,Campania",Italy,PM,CP,N,,CP - Cutting Plant,,
L049X,TUTTO CARNI S.R.L. S.,"QUARTARELLE, VANELLA 14",Modica,97015,"Ragusa,Sicily",Italy,PM,CP,N,,CP - Cutting Plant,,
0 267 M,VALLE DEL TELLESIMO S.R.L. SOCIETA' AGRICOLA,QUARTARELLA,Modica,97015,"Ragusa,Sicily",Italy,PM,CP,N,,CP - Cutting Plant,,
0 60 M,VALLE SPLUGA S.P.A.,"VIA AL PIANO, 16",Gordona,23020,"Sondrio,Lombardy",Italy,PM,CP SH,Y,,CP - Cutting Plant | SH - Slaughterhouse,,
S5Y9W,VI.CA.SAS,"VIA MONTESSORI, 3",Quarto,80010,"Napoli,Campania",Italy,PM,CP SH,Y,,CP - Cutting Plant | SH - Slaughterhouse,,
0 1060 M,VIUSTINO 65 SOCIETA' SEMPLICE AGRICOLA,VIUSTINO,San Giorgio Piacentino,29019,Emilia-Romagna,Italy,PM,SH CP,Y,,SH - Slaughterhouse | CP - Cutting Plant,,
M237E,ASD CINGHIALISTI ALTO RABBI,ROMA,Premilcuore,47010,"Forlì-Cesena,Emilia-Romagna",Italy,GM,SH,Y,,SH - Slaughterhouse,,
V1C2Z,AZ. AGR. LA RIVIERA STRUZZI DI MARTINA MICHELA,DIVISIONE JULIA,Magnano in Riviera,33010,Friuli Venezia Giulia,Italy,GM,SH,Y,,SH - Slaughterhouse,,
3035 M,AZ. AGR. ROSSI BRUNO,VIA VILLA INFERIORE 55,Suzzara,46029,"Mantua,Lombardy",Italy,GM,SH,Y,,SH - Slaughterhouse,,
9 3186 L,AZIENDA AGRICOLA ANTICHE MURA DI DAINESE GIORGIO,ANTICHE MURA,Lido di Jesolo,30016,"Venezia,Veneto",Italy,GM,SH,Y,,SH - Slaughterhouse,,
T060U,BELLINI MICHELE & FIGLI SRL,VIA GANDHI 41,Antegnate,24051,"Bergamo,Lombardy",Italy,GM,CP,N,,CP - Cutting Plant,,
J3J76,CALABRA STRUZZI DI GIUSEPPE GRAZIOLI,FINETA - SVINCOLO AUTOSTRADALE,Morano Calabro,,"Cosenza,Calabria",Italy,GM,CP,N,,CP - Cutting Plant,,
CEITN1428,CANAVESE ALBERTO,VIA ALBARETTA 24,Garessio,12075,"Cuneo,Piemont",Italy,GM,CP SH,Y,,CP - Cutting Plant | SH - Slaughterhouse,,
IT H3Z8F CE,CENCI TEODORICO,Via Pescara snc,Capracotta,86082,"Isernia,Molise",Italy,GM,CP,N,,CP - Cutting Plant,,
C325F,CENCI TEODORICO,SANGRINA,Vallelarga,,"L'Aquila,Abruzzo",Italy,GM,CP,N,,CP - Cutting Plant,,
2333 S,CHIODINI S.N.C. DI CHIODINI GIANFRANCO & C.,PER CASTERNO,Robecco sul Naviglio,20087,"Milan,Lombardy",Italy,GM,SH,Y,,SH - Slaughterhouse,,
1697 L,CIOLI EGIDIO S.R.L.,VARIANTE DI CANCELLIERA,Ariccia,00072,"Roma Capitale,Lazio",Italy,GM,CP,N,,CP - Cutting Plant,,
CE IT 742 S,CLES SRL,VIA PONTENUOVO 26,Malo,36034,"Vicenza,Veneto",Italy,GM,CP,N,,CP - Cutting Plant,,
1563 M,CONSORZIO ZOOTECNICO MACERATESE DI SERVIZI,A. DE GASPERI,Macerata,62100,"Macerata,Marche",Italy,GM,SH,Y,,SH - Slaughterhouse,,
1341 M,DAR BISTECCA DI ANGELINI ANTONIO,CA`GRASCELLINO,Urbania,61049,"Pesaro e Urbino,Marche",Italy,GM,SH,Y,,SH - Slaughterhouse,,
0 596 M,DENICOLA LORENZO,"FRAZIONE ARVA, 14",Cellio,13018,"Vercelli,Piemont",Italy,GM,SH,Y,,SH - Slaughterhouse,,
9 902 L,DIGAR S.R.L.,PIAN DEI PESCHI,Poggibonsi,53036,"Siena,Tuscany",Italy,GM,CP,N,,CP - Cutting Plant,,
H106G,FARDJMA SOCIETA' AGRICOLA COOPERATIVA,GENERAL CANTORE,Alpago,32016,"Belluno,Veneto",Italy,GM,CP,N,,CP - Cutting Plant,,
9 454 L,FAZI CARNI E SALUMI DI FAZI MAURO,VACCARA,Gualdo Tadino,06023,"Perugia,Umbria",Italy,GM,CP,N,,CP - Cutting Plant,,
G6W54,FERR-CASA DI CIRINA GIULIANO E C. S.N.C.,TROTTEREL,Morgex,11017,Aosta Valley,Italy,GM,CP,N,,CP - Cutting Plant,,
F8Z8E,GASPARINI AURELIO E MICHELE,CORTAZZIS,Nogaredo Al Torre,33050,Friuli Venezia Giulia,Italy,GM,SH,Y,,SH - Slaughterhouse,,
2815 S,IGEA CARNI S.R.L.,S. PERTINI,Bellaria-Igea Marina,47814,"Rimini,Emilia-Romagna",Italy,GM,CP,N,,CP - Cutting Plant,,
U8Z96,IL POGGIO CONVIVIUM SRL,IL POGGIO- CELLE SUL RIGO,San Casciano dei Bagni,53040,Tuscany,Italy,GM,CP,N,,CP - Cutting Plant,,
0 1083 S,INNAMORATI FRANCESCO,PIRENEI,Monte Urano,63015,"Fermo,Marche",Italy,GM,CP,N,,CP - Cutting Plant,,
S2H92,LA FATTORIA SOCIETA' AGRICOLA S.N.C. DI DONATO ANGELA,S. IANNI,Laino Castello,,"Cosenza,Calabria",Italy,GM,CP SH,Y,,CP - Cutting Plant | SH - Slaughterhouse,,
K6Y2Y,LA KIUVA SOCIETA' COOPERATIVA IN FORMA ABBREVIATA LA KIUVA S.C.,PIED DE VILLE,Arnad,11020,Aosta Valley,Italy,GM,SH,Y,,SH - Slaughterhouse,,
N6Z56,LAI TOMASO,DONNOLà™,Tertenia,08047,"Nuoro,Sardinia",Italy,GM,SH,Y,,SH - Slaughterhouse,,
9 2959 L,LUMINA S.R.L.,MANZONI,Bormio,23032,"Sondrio,Lombardy",Italy,GM,CP,N,,CP - Cutting Plant,,
V6C7D,LUPO ALESSANDRA,VIA CA' DEL FACCO 4,Crema,26010,"Cremona,Lombardy",Italy,GM,SH,Y,,SH - Slaughterhouse,,
S0Y22,MACELLERIA MAGRI BRUNO DI MAGRI FABIO,C. BATTISTI,Sant'Antonio,24060,"Bergamo,Lombardy",Italy,GM,SH,Y,,SH - Slaughterhouse,,
P6B8E,MACELLERIA NEGRO GUIDO,MARTIRI LIBERTA',Tollegno,13818,Piemont,Italy,GM,SH,Y,,SH - Slaughterhouse,,
CE IT 1820 L,MARTELLI SALUMI S.P.A.,VIA DELL' INDUSTRIA 11,Boara Pisani,35040,"Padova,Veneto",Italy,GM,CP,N,,CP - Cutting Plant,,
115BZ298,METZGEREI FRICK KG des FRICK JOHANNES & CO.,Brennerstr. 2,Sterzing - Vipiteno,,"South Tyrol,Trentino-Alto Adige/Südtirol",Italy,GM,CP,N,,CP - Cutting Plant,,
0 391 S,NUOVA A.R.SE.T. S.R.L.,MONTECRISTO,Aprilia,04011,"Latina,Lazio",Italy,GM,CP,N,,CP - Cutting Plant,,
C5444,OLIVARI & GROSSI S.R.L.,EMILIA - LOC. MAGIONE,Castel San Pietro Terme,40024,Emilia-Romagna,Italy,GM,CP,N,,CP - Cutting Plant,,
F314H,PABULO - SOCIETA' A RESPONSABILITA' LIMITATA,BRUNO PONTECORVO,Guidonia Montecelio,00012,"Roma Capitale,Lazio",Italy,GM,CP,N,,CP - Cutting Plant,,
U6Y2A,PELETTI AUGUSTO,STATALE MAREMMANA,Castel Giorgio,05013,"Terni,Umbria",Italy,GM,CP,N,,CP - Cutting Plant,,
0 918 S,POLLO DELON SNC,VIA FOSSA CONTARINA 1,San Giovanni Lupatoto,37057,"Verona,Veneto",Italy,GM,CP,N,,CP - Cutting Plant,,
S6K5F,REATINA BESTIAME E CARNI S.R.L.,CAVALCARECCIA LOC.TA' MONTICCHIOLO,Contigliano,02043,"Rieti,Lazio",Italy,GM,SH,Y,,SH - Slaughterhouse,,
CE H294U IT,RIGHETTO FERDINANDO E FIGLI SRL,VIA G. ROSSINI 33,Cartigliano,36050,"Vicenza,Veneto",Italy,GM,CP,N,,CP - Cutting Plant,,
V8W4K,S. GIACOMO S.R.L.,GALILEO GALILEI,Barcellona Pozzo di Gotto,98051,"Messina,Sicily",Italy,GM,CP,N,,CP - Cutting Plant,,
1615 L,SALUMIFICIO MAISON BERTOLIN S.R.L.,"CHAMPAGNOLAZ, 10",Arnad,11020,Aosta Valley,Italy,GM,CP,N,,CP - Cutting Plant,,
N2U29,SOCIETA' SCUOIATORI SNC DI METALIU DRITAN E C.,BASTIA,San Mauro Pascoli,47030,Emilia-Romagna,Italy,GM,SH,Y,,SH - Slaughterhouse,,
9 1220 L,TROCKNER SEBASTIAN SRL - GMBH,VIA SAN INGENUINO,St. Michael - S. Michele,39040,Trentino-Alto Adige/Südtirol,Italy,GM,CP,N,,CP - Cutting Plant,,
F8K5T,TRUTALLI VALERIO,VIA CEDRASCO 20,Cataeggio,23010,"Sondrio,Lombardy",Italy,GM,SH CP,Y,,SH - Slaughterhouse | CP - Cutting Plant,,
S213C,UNICOOP FIRENZE SOCIETà€ COOPERATIVA,ALESSANDRINI,Pontedera,56025,Tuscany,Italy,GM,CP,N,,CP - Cutting Plant,,
V1U7K,VALLE AMARA CENTRO DI LAVORAZIONE SELVAGGINA CACCIATA,LOCALITA' PELAIO SNC,Rosello,66040,"Chieti,Abruzzo",Italy,GM,CP,N,,CP - Cutting Plant,,
0 860 F,AGENZIA CON DEPOSITO S.R.L,POGGIO GAGLIARDO,Montescudaio,56040,"Pisa,Tuscany",Italy,WM,CP,N,,CP - Cutting Plant,,
03 420,ALPE DEL GARDA - SOCIETA' COOPERATIVA AGRICOLA,PROVINCIALE,Lonato del Garda,25010,"Brescia,Lombardy",Italy,WM,GHE,N,,GHE - Game-Handling Establishment,,
T579B,APPENNINO FOOD GROUP SPA,DEL LAVORO - LOC SAVIGNO,Valsamoggia,40053,"Bologna,Emilia-Romagna",Italy,WM,CP,N,,CP - Cutting Plant,,
CE IT T579B,APPENNINO FOOD GROUP SPA,VIA DEL LAVORO 14/B,Valsamoggia,40053,"Bologna,Emilia-Romagna",Italy,WM,CP,N,,CP - Cutting Plant,,
2914S,ARESU CARNI S.R.L.,TREBOLDI,Edolo,25048,Lombardy,Italy,WM,GHE,N,,GHE - Game-Handling Establishment,,
B114F,AUDENINO LORENZO SAS DI AUDENINO VITTORIO & C.,CASE BRUCIATE,Villafranca d'Asti,14018,"Asti,Piemont",Italy,WM,GHE CP,N,,GHE - Game-Handling Establishment | CP - Cutting Plant,,
S037B,AZIENDA AGROTURISTICA VENATORIA SAN VALENTINO SCRL,VIA RONTANO 35 - LOC. S. VALENTINO,Castellarano,42014,"Reggio nell'Emilia,Emilia-Romagna",Italy,WM,GHE,N,,GHE - Game-Handling Establishment,,
L7U0U,BOCARIA CRAFFONARA SAS DI CRAFFONARA ARTUR & CO.,LONGEGA,Marèo - Enneberg - Marebbe,39030,"South Tyrol,Trentino-Alto Adige/Südtirol",Italy,WM,GHE,N,,GHE - Game-Handling Establishment,,
E1N69,BONTA' TOSCANE S.R.L.,MALPASSO,Sansepolcro,52037,"Arezzo,Tuscany",Italy,WM,CP,N,,CP - Cutting Plant,,
Y655S,BOSCO FABRIZIO,CASA SCHIAVO,Val di Nizza,27050,"Pavia,Lombardy",Italy,WM,GHE,N,,GHE - Game-Handling Establishment,,
CE IT 9 2454 L,BOUTIQUE MILA S.A.S. DI SEGNALINI FERNANDO & C.,VIA DEL CONFINE 4,Castelfranco di Sotto,56022,"Pisa,Tuscany",Italy,WM,GHE,N,,GHE - Game-Handling Establishment,,
759 M,BRIVIO FELICE E C. SRL,"VIA STATALE, 47",La Valletta Brianza,23888,"Lecco,Lombardy",Italy,WM,GHE,N,,GHE - Game-Handling Establishment,,
E531L,C.A.C. PREALPI COMASCHE,VIA CASASCO 42,Molina,22020,"Como,Lombardy",Italy,WM,GHE,N,,GHE - Game-Handling Establishment,,
G8J40,COMPRENSORIO CACCIA PENISOLA LARIANA,VIA CIVIGLIO 7,Tavernerio,22038,"Como,Lombardy",Italy,WM,GHE,N,,GHE - Game-Handling Establishment,,
P0V7Z,COMUNE DI AGNONE,VALLE SAN LORENZO,Agnone,86081,"Isernia,Molise",Italy,WM,GHE,N,,GHE - Game-Handling Establishment,,
P5Y1Z,COMUNE DI SASSOFERRATO,"PIAZZALE ROMA, 6",Sassoferrato,60041,"Ancona,Marche",Italy,WM,GHE,N,,GHE - Game-Handling Establishment,,
P5Y1Z,COMUNE DI SASSOFERRATO,"PIAZZALE ROMA, 6",Sassoferrato,60041,"Ancona,Marche",Italy,WM,GHE,N,,GHE - Game-Handling Establishment,,
Y7669,CONSORZIO DI GESTIONE PARCO STORICO DI MONTE SOLE,"VIA SAN SILVESTRO, 7",Marzabotto,40043,"Bologna,Emilia-Romagna",Italy,WM,GHE,N,,GHE - Game-Handling Establishment,,
CE IT 1483,EMILIANI S.R.L.,STRADA VICINALE DI PATANELLA N. 4,Orbetello,58015,"Grosseto,Tuscany",Italy,WM,CP GHE,N,,CP - Cutting Plant | GHE - Game-Handling Establishment,,
P607P,FARE DEL BENE COOPERATIVA SOCIALE ARL,VIA MONTEGRANELLI - LOC. SAN PIERO IN BAGNO,Bagno di Romagna,47010,"Forlì-Cesena,Emilia-Romagna",Italy,WM,GHE,N,,GHE - Game-Handling Establishment,,
191 M,FRIULCARNI S.A.S. DI BATTILANA CARLO & C.,"VIA NAZARIO SAURO,27",Basiliano,33031,Friuli Venezia Giulia,Italy,WM,GHE CP,N,,GHE - Game-Handling Establishment | CP - Cutting Plant,,
Z8W7W,IL MERCATO DELLE CARNI DI MICHELETTI LUCA & C. SNC,VIA ROMA 83,Cataeggio,23020,"Sondrio,Lombardy",Italy,WM,GHE,N,,GHE - Game-Handling Establishment,,
H273U,LA CARNE DEL CONTADINO DI PAOLO AMBROSINI,SPLUGA,Dubino,20529,"Sondrio,Lombardy",Italy,WM,CP,N,,CP - Cutting Plant,,
CE IT E8S13,MACELLERIA GOLA FRANCESCO,FRAZIONE SAN BARTOLOMEO 72,Chiusa di Pesio,12013,"Cuneo,Piemont",Italy,WM,CP GHE,N,,CP - Cutting Plant | GHE - Game-Handling Establishment,,
Z4L4L,MACELLERIA NERI GIANFRANCO,GUZZANO,Camugnano,40032,"Bologna,Emilia-Romagna",Italy,WM,GHE,N,,GHE - Game-Handling Establishment,,
F8Z12,MACELLO MARCHESINI SANDRO,STRADA LOGHETTO 19,Bettola,29021,"Piacenza,Emilia-Romagna",Italy,WM,GHE,N,,GHE - Game-Handling Establishment,,
1339 M,MATTATOIO COMUNALE UMBERTIDE,VIA MADONNA DEL MORO,Umbertide,06019,"Perugia,Umbria",Italy,WM,GHE,N,,GHE - Game-Handling Establishment,,
L5W58,METZGEREI STOLZLECHNER DES STOLZLECHNER SIMON,IN DER LAHN,Gais,39030,Trentino-Alto Adige/Südtirol,Italy,WM,GHE,N,,GHE - Game-Handling Establishment,,
Q4J8A,OFFICINE GASTRONOMICHE SPADONI S.R.L.,PONTENONO,Brisighella,48013,"Ravenna,Emilia-Romagna",Italy,WM,GHE,N,,GHE - Game-Handling Establishment,,
M0S6L,RISERVA ALPINA DI CACCIA SAN VITO DI CADORE,VIA ROMA,San Vito di Cadore,32046,"Belluno,Veneto",Italy,WM,GHE,N,,GHE - Game-Handling Establishment,,
S8A20,S. UBERTO CARNI DEL BOSCO SRL,SANT`ANNA,Monterenzio,40050,"Bologna,Emilia-Romagna",Italy,WM,GHE,N,,GHE - Game-Handling Establishment,,
F3J23,SALUMI D'AUTORE DI SORBA DEBORAH,DELLA LIBERTA',Castellazzo,15020,"Alessandria,Piemont",Italy,WM,GHE,N,,GHE - Game-Handling Establishment,,
D9K6X,SERRI PIETRO LAVORAZIONE CARNI,PER PALAGANO,Lama Mocogno,41023,Emilia-Romagna,Italy,WM,GHE CP,N,,GHE - Game-Handling Establishment | CP - Cutting Plant,,
J507W,SOGLIANO AMBIENTE SPA - MACELLO COMUNALE SOGLIANO AL RUBICONE,FRATELLI CERVI,Bellaria-Igea Marina,47030,"Rimini,Emilia-Romagna",Italy,WM,GHE,N,,GHE - Game-Handling Establishment,,
