approval_number,name,address,city,postcode,region,country,group,section,activity,slaughter,species,remarks,date_of_approval,publication_date
CO 2906,AARK SOUS (MARCO PÊCHE),,Agadir,83152,"Taroudant Province,Souss-Massa",Morocco,third-country,FFP,ZV,,,ZV - Freezer Vessel,,
PSO.34.0148.17,ABDERA TRES (PESCA COSTA DORA),Port de pêche de Tanger,Tangier,90010,"Prefecture of Tangier - Assilah,Tanger - Tétouan - Al Hoceima",Morocco,third-country,FFP,ZV,,,ZV - Freezer Vessel,,
PCO.25.2101.16,ABLA (FINE FISHING),NOUVEAU PORT AGADIR,Agadir,83152,"Taroudant Province,Souss-Massa",Morocco,third-country,FFP,ZV,,,ZV - Freezer Vessel,,
CO 3201,ABOU AL WAFA (ZIMA FISHERIES COMPANY),,Agadir,83152,"Taroudant Province,Souss-Massa",Morocco,third-country,FFP,ZV,,,ZV - Freezer Vessel,,
PP.52.0468.25,ABXTRADING,LOT 28/31 ROUTE JORF LIHOUDI ZONE INDUSTRIELLE SAFI,Safi,46000,"Province de Safi إقليم أسفي,Marrakech-Safi",Morocco,third-country,FFP,PP,,,PP - Processing Plant,24/04/2025,
PCO.25.0296.21,AFOUDRAR (AGADPECHE SARL),,Agadir,83152,"Taroudant Province,Souss-Massa; 8001074	15/04/2026",Morocco,third-country,FFP,ZV,,,ZV - Freezer Vessel,,
PP.7.0370.23,AFRIOCEAN FISH,"Lot 28, Secteur 13S Zone industrielle Ouled Saleh Bouskoura",Nouaceur ⵏⵡⴰⵚⵕ النواصر,,"Nouaceur Province,Casablanca-Settat",Morocco,third-country,FFP,PP,,,PP - Processing Plant,07/02/2023,
PEF.25.0460.25,AFRO PESCA MAROC ENTREPOSAGE,LOT N° 47 ET 48 ZONE INDUSTRIELLE PORT DE COMMERCE AGADIR,Agadir,80005,"Agadir Ida-Outanane Prefecture,Souss-Massa",Morocco,third-country,FFP,CS,,,CS - Cold Stores,06/03/2025,
PP.34.0486.25,AFROCEANIC,LOCAL N° 6 PORT DE PECHE DE TANGER,Tangier,90000,"Prefecture of Tangier - Assilah,Tanger - Tétouan - Al Hoceima",Morocco,third-country,FFP,PP,,,PP - Processing Plant,15/10/2025,
6310,AGADIR OCEAN II,Q.I AIT MELLOUL,Agadir,83152,"Taroudant Province,Souss-Massa",Morocco,third-country,FFP,PP,,,PP - Processing Plant,,
CO 1002,AGDAL 2 (ASMAK RAHAL),ANCIEN PORT AGADIR,Agadir,83152,"Taroudant Province,Souss-Massa",Morocco,third-country,FFP,ZV,,,ZV - Freezer Vessel,,
PCO.25.3202.18,AGDAL 6 (PESCADO SUR OCEANO SA),"AVENUE DE LA MECQUE IM. 46, N°5 ETAGE 2",Agadir,83152,"Taroudant Province,Souss-Massa",Morocco,third-country,FFP,ZV,,,ZV - Freezer Vessel,,
PCO.25.1004.22,AGDAL-4 (ATLANTIC FISH EXPRIENCE SARL),ANCIEN PORT,Agadir,83152,"Taroudant Province,Souss-Massa",Morocco,third-country,FFP,ZV,,,ZV - Freezer Vessel,12/08/2022,
CO 3901,AGHBALOU (OMP FLOTTE),,Tan Tan,,Guelmim-Oued Noun,Morocco,third-country,FFP,ZV,,,ZV - Freezer Vessel,,
PCO.68.0375.23,AGLOU (AGARAW PECHE SARL),PORT DE PECHE D'AGADIR,Agadir,80005,"Agadir Ida-Outanane Prefecture,Souss-Massa; 8206480	03/05/2023",Morocco,third-country,FFP,ZV,,,ZV - Freezer Vessel,,
PEF.59.0098.16,AGRIGOLD FRIGO OULED HRIZ,,Berrechid,26100,"Berrechid Province,Casablanca-Settat",Morocco,third-country,FFP,CS,,,CS - Cold Stores,,
PCO.25.0297.21,AIN RAHMA-5 (MARCHIN CORPORATION SA),,Agadir,83152,"Taroudant Province,Souss-Massa",Morocco,third-country,FFP,ZV,,,ZV - Freezer Vessel,,
PCO.25.0298.21,AIN RAHMA-6 (MARCHIN CORPORATION SA),,Agadir,83152,"Taroudant Province,Souss-Massa",Morocco,third-country,FFP,ZV,,,ZV - Freezer Vessel,,
CO 3903,AL FALAKI (OMP FLOTTE),,Tan Tan,,Guelmim-Oued Noun,Morocco,third-country,FFP,ZV,,,ZV - Freezer Vessel,,
PCO.25.3204.18,AL FALAQ (PESCADO SUR OCEANO SA),"AVENUE DE LA MECQUE IM. 46, N°5 ETAGE 2",Agadir,83152,"Taroudant Province,Souss-Massa",Morocco,third-country,FFP,ZV,,,ZV - Freezer Vessel,,
CO 3205,AL FARAZDAK (ASMAK RAHAL),ANCIEN PORT AGADIR,Agadir,83152,"Taroudant Province,Souss-Massa",Morocco,third-country,FFP,ZV,,,ZV - Freezer Vessel,,
CO 3206,AL FARID (MERSEAMAR ),,Agadir,83152,"Taroudant Province,Souss-Massa",Morocco,third-country,FFP,ZV,,,ZV - Freezer Vessel,,
CO 3207,AL FARIS (ZIMA FISHERIES COMPANY),,Agadir,83152,"Taroudant Province,Souss-Massa",Morocco,third-country,FFP,ZV,,,ZV - Freezer Vessel,,
PCO.25.0401.22,AL GHAZALI (GUADAZUL F.B SARL),ANCIEN PORT AGADIR,Agadir,83152,"Taroudant Province,Souss-Massa",Morocco,third-country,FFP,ZV,,,ZV - Freezer Vessel,12/08/2022,
CO 3904,AL HAKIM (OMP FLOTTE),,Tan Tan,,Guelmim-Oued Noun,Morocco,third-country,FFP,ZV,,,ZV - Freezer Vessel,,
CO 3220,AL KHATABI (PALMA PESCA),NOUVEAU PORT AGADIR,Agadir,83152,"Taroudant Province,Souss-Massa",Morocco,third-country,FFP,ZV,,,ZV - Freezer Vessel,,
PCO.25.3210.18,AL KHAYAM (PESCADO SUR OCEANO SA),"AVENUE DE LA MECQUE IM. 46, N°5 ETAGE 2",Agadir,83152,"Taroudant Province,Souss-Massa",Morocco,third-country,FFP,ZV,,,ZV - Freezer Vessel,,
PCO.5.0131.17,AL MANAR-2 (MARCO PECHE),AGADIR,Agadir,83152,"Taroudant Province,Souss-Massa",Morocco,third-country,FFP,ZV,,,ZV - Freezer Vessel,,
CO 8101,AL MISS (MARLEB),ANCIEN PORT,Agadir,83152,"Taroudant Province,Souss-Massa",Morocco,third-country,FFP,ZV,,,ZV - Freezer Vessel,,
CO 3221,AL MOUTANABI (PALMA PESCA),NOUVEAU PORT AGADIR,Agadir,83152,"Taroudant Province,Souss-Massa",Morocco,third-country,FFP,ZV,,,ZV - Freezer Vessel,,
CO 3906,AL MOUTAWAKIL (OMP FLOTTE),,Tan Tan,,Guelmim-Oued Noun,Morocco,third-country,FFP,ZV,,,ZV - Freezer Vessel,,
CO 3907,AL MOUWAFAK (OMP FLOTTE),,Tan Tan,,Guelmim-Oued Noun,Morocco,third-country,FFP,ZV,,,ZV - Freezer Vessel,,
CO 3212,AL YACOUBI (ASMAK RAHAL),ANCIEN PORT AGADIR,Agadir,83152,"Taroudant Province,Souss-Massa",Morocco,third-country,FFP,ZV,,,ZV - Freezer Vessel,,
PCO.25.0226.19,ALBERTO-2 (AGADPECHE SARL),,Agadir,83152,"Taroudant Province,Souss-Massa; 8715675	04/05/2026",Morocco,third-country,FFP,ZV,,,ZV - Freezer Vessel,,
PCO.25.0402.22,ALBOUKHARI (GUADAZUL F.B SARL),ANCIEN PORT AGADIR,Agadir,83152,"Taroudant Province,Souss-Massa",Morocco,third-country,FFP,ZV,,,ZV - Freezer Vessel,12/08/2022,
PSO.25.0211.19,ALICANTE (KHALID FISHERIES SA),Nouveau Port d'Agadir Parcelle N° 3,Agadir,83152,"Taroudant Province,Souss-Massa",Morocco,third-country,FFP,ZV,,,ZV - Freezer Vessel,,
PSO.25.0147.17,ALICIA (GLOBAL FISHERIES SARL),PORT DE PECHE DE TANGER,Tangier,90010,"Prefecture of Tangier - Assilah,Tanger - Tétouan - Al Hoceima",Morocco,third-country,FFP,ZV,,,ZV - Freezer Vessel,,
PP.48.0309.21,ALIDA FOOD JERADA,Lot 42 Zone d'activité économique Jerada,Jerada,64552,"Province de Jerada إقليم جرادة,Oriental",Morocco,third-country,FFP,PP,,,PP - Processing Plant,31/01/2022,
PP.48.0205.19,ALIDA SEAFOOD AND PROCESSING,ZONE D'ACTIVITE ECONOMIQUE LOT № 41,Jerada,64552,"Province de Jerada إقليم جرادة,Oriental",Morocco,third-country,FFP,PP,,,PP - Processing Plant,,
CO 4701,ALIF (PHIASUD),,Agadir,83152,"Taroudant Province,Souss-Massa",Morocco,third-country,FFP,ZV,,,ZV - Freezer Vessel,,
PP.73.0406.23,ALPHA ATLANTIQUE DE SAHARA MAROCAINE 2,ZONE INDUSTRIELLE TARFAYA LOT N° 2,Laayoune,,Laayoune Province,Morocco,third-country,FFP,PP,,,PP - Processing Plant,15/11/2023,
PP.53.0314.21,ALPHA PESCA,Lot 36 Locaux incubateurs ZI El Jadida,El Jadida,24010,"El Jadida Province,Casablanca-Settat",Morocco,third-country,FFP,PP,,,PP - Processing Plant,15/02/2022,
PP.46.6364.18,ALPHA POISSON,KM 7 route Berkane Saidia Laatama,Berkane,63305,"Province de Berkane إقليم بركان,Oriental",Morocco,third-country,FFP,PP,,,PP - Processing Plant,,
PP.50.0223.19,ALTO MARE,"PORT DE PECHE DE BENI ENSAR, NADOR",Nador,62000,"Province de Nador إقليم الناظور,Oriental",Morocco,third-country,FFP,PP,,,PP - Processing Plant,,
2682,AMADIR,Q.I AIT MELLOUL,Agadir,83152,"Taroudant Province,Souss-Massa",Morocco,third-country,FFP,PP,,,PP - Processing Plant,,
CO 6001,AMAL (SOFINAS ),PORT DE PECHE BP. 1794 AGADIR,Agadir,83152,"Taroudant Province,Souss-Massa",Morocco,third-country,FFP,ZV,,,ZV - Freezer Vessel,,
CO 3908,AMIZMIZ (OMP FLOTTE),,Tan Tan,,Guelmim-Oued Noun,Morocco,third-country,FFP,ZV,,,ZV - Freezer Vessel,,
PCO.25.0333.22,AMOUDOU-1 (LA ROUTE DU SAHARA SARL AU),PORT DE PECHE AGADIR,Agadir,80026,"Agadir Ida-Outanane Prefecture,Souss-Massa",Morocco,third-country,FFP,ZV,,,ZV - Freezer Vessel,10/08/2022,
PCO.25.0369.22,AMOUDOU-2 (AGRAW PECHE SARL),PORT DE PECHE D'AGADIR,Agadir,80000,"Agadir Ida-Outanane Prefecture,Souss-Massa; 8206492	25/04/2023",Morocco,third-country,FFP,ZV,,,ZV - Freezer Vessel,,
PP.60.0192.18,ANASS PESCA,LOT 153 PORT DE MEHDIA,Kenitra,14000,"Province de Kenitra إقليم القنيطرة,Rabat-Salé-Kenitra",Morocco,third-country,FFP,PP,,,PP - Processing Plant,,
CO 1101,ANDALIB (OMP FLOTTE),,Tan Tan,,Guelmim-Oued Noun,Morocco,third-country,FFP,ZV,,,ZV - Freezer Vessel,,
PP.27.2171.21,ANDREXPORT,route principale de Biougra Ctouka Ait Baha,Agadir,83152,"Taroudant Province,Souss-Massa",Morocco,third-country,FFP,PP,,,PP - Processing Plant,,
PP.60.0365.22,ANENSA,PORT DE MEHDIA,Kenitra,14020,"Province de Kenitra إقليم القنيطرة,Rabat-Salé-Kenitra",Morocco,third-country,FFP,PP,,,PP - Processing Plant,03/01/2023,
PP.34.0188.18,ANTIPASTI-MED,"ZONE FRANCHE D'EXPORTATION DE TANGER, SECTEUR B1 LOT No 2",Tangier,90010,"Prefecture of Tangier - Assilah,Tanger - Tétouan - Al Hoceima",Morocco,third-country,FFP,PP,,,PP - Processing Plant,,
PSO.25.0214.19,ANZAR 2 (LE CREVETTIER COMPANY SARL),Nouveau Port d'Agadir Parcelle N° 3,Agadir,83152,"Taroudant Province,Souss-Massa",Morocco,third-country,FFP,ZV,,,ZV - Freezer Vessel,,
PCO.25.0130.17,ANZAR I (ASTIPECHE),PARCELLE N° 3 NOUVEAU PORT,Agadir,83152,"Taroudant Province,Souss-Massa",Morocco,third-country,FFP,ZV,,,ZV - Freezer Vessel,,
PA.22.0439.24,ARADE ECO AQUACULTURE,"Douar Smamda, commune Lhadra province rhamna",Marrakesh,40100,"Préfecture de Marrakech عمالة مراكش,Marrakech-Safi",Morocco,third-country,FFP,PP,,,PP - Processing Plant,09/10/2024,
PP.71.0299.21,ARENA FISHING,Lot n° 78 Zone industrielle El Marsa,Laayoune,,Laayoune Province,Morocco,third-country,FFP,PP,,,PP - Processing Plant,31/01/2022,
PC0.25.0270.20,AREZAK-19 (SINOPECHE SA),,Agadir,83152,"Taroudant Province,Souss-Massa",Morocco,third-country,FFP,ZV,,,ZV - Freezer Vessel,,
PCO.25.0346.22,AREZAK-23 (SINOPECHE SA),PORT D'AGADIR,Agadir,,"Agadir Ida-Outanane Prefecture,Souss-Massa",Morocco,third-country,FFP,ZV,,,ZV - Freezer Vessel,28/10/2022,
PCO.25.0344.22,AREZAK-7 (SINOPECHE SA),PORT D'AGADIR,Agadir,,"Agadir Ida-Outanane Prefecture,Souss-Massa",Morocco,third-country,FFP,ZV,,,ZV - Freezer Vessel,28/10/2022,
PCO.25.0345.22,AREZAK-9 (SINOPECHE SA),PORT D'AGADIR,Agadir,,"Agadir Ida-Outanane Prefecture,Souss-Massa",Morocco,third-country,FFP,ZV,,,ZV - Freezer Vessel,28/10/2022,
PCC.5.0152.17,ARGANE 2 (ALTA PECHE SARL),,Casablanca,20032,"Prefecture of Casablanca,Casablanca-Settat",Morocco,third-country,FFP,ZV,,,ZV - Freezer Vessel,,
CO 3909,ARRAZI (OMP FLOTTE),,Tan Tan,,Guelmim-Oued Noun,Morocco,third-country,FFP,ZV,,,ZV - Freezer Vessel,,
PP.37.0303.21,ARTEKI,NOUVEAU PORT DE PECHE DE LARACHE,Larache,92000,"Larache Province,Tanger - Tétouan - Al Hoceima",Morocco,third-country,FFP,PP,,,PP - Processing Plant,,
PP.74.3108.18,ARTERE CONGEL,Zone portuaire nouveau port - Dakhla,Dakhla,,Dakhla - Oued Ed-Dahab,Morocco,third-country,FFP,PP,,,PP - Processing Plant,,
PP.25.0465.25,ASMAK EL MOHIT AL JANOUBIA,PARCELLE N° 13-07 HALIOPOLIS ZONE INDUSTRIELLE DRARGA AGADIR,Agadir,80005,"Agadir Ida-Outanane Prefecture,Souss-Massa",Morocco,third-country,FFP,PP,,,PP - Processing Plant,06/03/2025,
PEF.25.0483.25,ASMAK MORSAD II,PARCELLE N°8-13 PARC HALLIOPOLIS COMMUNE DRARGA-AGADIR,Agadir,80005,"Agadir Ida-Outanane Prefecture,Souss-Massa",Morocco,third-country,FFP,CS,,,CS - Cold Stores,15/10/2025,
PCO.68.0415.23,ASNI (AGARAW PECHE SARL),Port de Pêche d'Agadir,Agadir,80016,"Agadir Ida-Outanane Prefecture,Souss-Massa; 8206478	01/02/2024",Morocco,third-country,FFP,ZV,,,ZV - Freezer Vessel,,
PP.71.0145.17,ASPAM SARL,LOT A35 ZONE INDUSTRIELLE EL MARSA,Laayoune,,Laayoune Province,Morocco,third-country,FFP,PP,,,PP - Processing Plant,,
PCO.25.0368.22,ASSA ZAK (AGADPECHE SARL],PORT DE PECEH D'AGARIR,Agadir,80000,"Agadir Ida-Outanane Prefecture,Souss-Massa; 8504131	25/04/2023",Morocco,third-country,FFP,ZV,,,ZV - Freezer Vessel,,
PSO.34.2104.23,ASSAFAR (ASTIPECHE SA),Port de pêche de Tanger,Tangier,90010,"Prefecture of Tangier - Assilah,Tanger - Tétouan - Al Hoceima; 8804634	18/09/2023",Morocco,third-country,FFP,ZV,,,ZV - Freezer Vessel,,
PP.53.0136.17,ASSALAMA FRIGOS 2,"ZONE INDUSTRIELLE LOT 151, EL JADIDA",El Jadida,24010,"El Jadida Province,Casablanca-Settat",Morocco,third-country,FFP,PP,,,PP - Processing Plant,,
CO 3911,ASSALIH (OMP FLOTTE),,Tan Tan,,Guelmim-Oued Noun,Morocco,third-country,FFP,ZV,,,ZV - Freezer Vessel,,
PEF.5.0262.20,ASSIETTE OCEANE,"ALLEE DES MANDARINES,BD CHEFCHAOUNI, AIN SEBAA",Casablanca,20580,"Prefecture of Casablanca,Casablanca-Settat",Morocco,third-country,FFP,CS,,,CS - Cold Stores,,
PCO.25.0093.16,ASSIF 2 (PESCADO SUR OCEANO),"AVENUE DE LA MECQUE IM. 46, N°5 ETAGE 2",Agadir,83152,"Taroudant Province,Souss-Massa",Morocco,third-country,FFP,ZV,,,ZV - Freezer Vessel,,
PP.68.3592.21,ATLANTIC BLEU FIN,LOT n° 7 ET 8 PORT DE TANTAN,Tan Tan,,Guelmim-Oued Noun,Morocco,third-country,FFP,PP,,,PP - Processing Plant,,
PP.71.0403.23,ATLANTIC KAN FISH,LOT N° 26 ZONE INDUSTRIELLE EL MARSA,Laayoune,,Laayoune Province,Morocco,third-country,FFP,PP,,,PP - Processing Plant,15/11/2023,
PEF.25.0467.25,ATLAS MARITIME INVESTMENTS,PARCELLE N° 68 ANCIEN PORT D'AGADIR,Agadir,80005,"Agadir Ida-Outanane Prefecture,Souss-Massa",Morocco,third-country,FFP,CS,,,CS - Cold Stores,06/03/2025,
PP.74.0041.15,ATUNEROS DEL SUR,zone industrielle hay essalam,Dakhla,,Dakhla - Oued Ed-Dahab,Morocco,third-country,FFP,PP,,,PP - Processing Plant,,
PP.74.0448.24,ATUNEROS DEL SUR CONSERVAS,N° 5 Zone Industrielle Essalam,Dakhla,,Dakhla - Oued Ed-Dahab,Morocco,third-country,FFP,PP,,,PP - Processing Plant,31/10/2024,
PP.74.0496.25,ATUNEROS DEL SUR CONSERVAS PRO I,Zone Industrielle Hay Essalam extension,Dakhla,,Dakhla - Oued Ed-Dahab,Morocco,third-country,FFP,PP,,,PP - Processing Plant,05/01/2026,
1653,AVEIRO MAROC,Zone Industrielle AIT MELLOUL BP 117,Agadir,83152,"Taroudant Province,Souss-Massa",Morocco,third-country,FFP,PP,,,PP - Processing Plant,,
CO 3912,AWLOZ (OMP FLOTTE),,Tan Tan,,Guelmim-Oued Noun,Morocco,third-country,FFP,ZV,,,ZV - Freezer Vessel,,
CO 3505,AYA IV (MOROCCAN SOUTH FISHING),,Agadir,83152,"Taroudant Province,Souss-Massa",Morocco,third-country,FFP,ZV,,,ZV - Freezer Vessel,,
CO 3506,AYA V (MOROCCAN SOUTH FISHING),,Agadir,83152,"Taroudant Province,Souss-Massa",Morocco,third-country,FFP,ZV,,,ZV - Freezer Vessel,,
PEF.40.0237.19,AYOUB DES POISSONS,No 138 ZONE INDUSTRIELLE,Tetuan,,Tanger - Tétouan - Al Hoceima,Morocco,third-country,FFP,CS,,,CS - Cold Stores,,
PSO.34.2121.18,AZAL (ATLANTIC SHRIMP SARL),nouveau port,Tangier,90010,"Prefecture of Tangier - Assilah,Tanger - Tétouan - Al Hoceima",Morocco,third-country,FFP,ZV,,,ZV - Freezer Vessel,,
PCO.25.0258.20,AZHAR 4 (SOPECHEMAT SA),,Agadir,83152,"Taroudant Province,Souss-Massa",Morocco,third-country,FFP,ZV,,,ZV - Freezer Vessel,,
PCO.25.0339.22,AZHAR-5 (SOCIETE DE PECHE MARITIME ATLANTA SA),PORT D'AGADIR,Agadir,,"Agadir Ida-Outanane Prefecture,Souss-Massa",Morocco,third-country,FFP,ZV,,,ZV - Freezer Vessel,28/10/2022,
PCO.25.0340.22,AZHAR-6 (SOCIETE DE PECHE MARITIME ATLANTA SA),PORT D'AGADIR,Agadir,,"Agadir Ida-Outanane Prefecture,Souss-Massa",Morocco,third-country,FFP,ZV,,,ZV - Freezer Vessel,28/10/2022,
PP.34.0292.21,AZIBOU PECHE,NOUVEAU PORT DE PECHE,Tangier,90000,"Prefecture of Tangier - Assilah,Tanger - Tétouan - Al Hoceima",Morocco,third-country,FFP,PP,,,PP - Processing Plant,,
PP.19.0146.17,AZUL FISH 2,No 756 LOTISSEMENT AL MASSAR ROUTE DE SAFI 40000 MARRAKECH,Marrakesh,40040,"Préfecture de Marrakech عمالة مراكش,Marrakech-Safi",Morocco,third-country,FFP,PP,,,PP - Processing Plant,,
SO 1003,Abdera Dos (Cabo Pesca),Port de pêche de Tanger,Tangier,90010,"Prefecture of Tangier - Assilah,Tanger - Tétouan - Al Hoceima",Morocco,third-country,FFP,ZV,,,ZV - Freezer Vessel,,
SO 0905,Abdera I (Pesca Magica),Port de pêche de Tanger,Tangier,90010,"Prefecture of Tangier - Assilah,Tanger - Tétouan - Al Hoceima",Morocco,third-country,FFP,ZV,,,ZV - Freezer Vessel,,
4315,Ace Maree,Lot 141 Z.I. Sidi Ghanem-Marrakech,Marrakesh,40040,"Préfecture de Marrakech عمالة مراكش,Marrakech-Safi",Morocco,third-country,FFP,PP,,,PP - Processing Plant,,
PA 1301,Afella-2 (Alta Peche),PORT DAKHLA,Dakhla,,Dakhla - Oued Ed-Dahab,Morocco,third-country,FFP,ZV,,,ZV - Freezer Vessel,,
2918,Afro Pesca Maroc,Parcelle n° 74 Z.I. El Marsa Laâyoune,Laayoune,,Laayoune Province,Morocco,third-country,FFP,PP,,,PP - Processing Plant,,
6047,Agadir Ice,"Port de Peche, parcelle 247",Agadir,83152,"Taroudant Province,Souss-Massa",Morocco,third-country,FFP,CS,,,CS - Cold Stores,,
CO 1001,Agdal 1 (Atlantic Fish Morocco),ANCIEN PORT,Agadir,83152,"Taroudant Province,Souss-Massa",Morocco,third-country,FFP,ZV,,,ZV - Freezer Vessel,,
CO 1003,Agdal 3 (Atlatic Fish Morocco),ANCIEN PORT,Agadir,83152,"Taroudant Province,Souss-Massa",Morocco,third-country,FFP,ZV,,,ZV - Freezer Vessel,,
4070,Al Alya Fisheries,Lot n° 3 Port de Laâyoune,Laayoune,,Laayoune Province,Morocco,third-country,FFP,PP,,,PP - Processing Plant,,
CO 3203,Al Bairoumi (Atlantic Fish Morocco),ANCIEN PORT,Agadir,83152,"Taroudant Province,Souss-Massa",Morocco,third-country,FFP,ZV,,,ZV - Freezer Vessel,,
CO 3208,Al Hamadani (Atlantic Fish Morocco),ANCIEN PORT,Agadir,83152,"Taroudant Province,Souss-Massa",Morocco,third-country,FFP,ZV,,,ZV - Freezer Vessel,,
CO 3209,Al Khawarizmi (Atlantic Fish Morocco),ANCIEN PORT,Agadir,83152,"Taroudant Province,Souss-Massa",Morocco,third-country,FFP,ZV,,,ZV - Freezer Vessel,,
CO 3211,Al Messaoudi (Atlantic Fish Morocco),ANCIEN PORT,Agadir,83152,"Taroudant Province,Souss-Massa",Morocco,third-country,FFP,ZV,,,ZV - Freezer Vessel,,
PP.25.1657.23,Amapex,,Agadir,83152,"Taroudant Province,Souss-Massa",Morocco,third-country,FFP,PP,,,PP - Processing Plant,15/11/2023,
3718,Andrexport II,Q.I. d'Ait Mellol n° B/979,Agadir,83152,"Taroudant Province,Souss-Massa",Morocco,third-country,FFP,PP,,,PP - Processing Plant,,
3416,Anol,,Agadir,83152,"Taroudant Province,Souss-Massa",Morocco,third-country,FFP,PP,,,PP - Processing Plant,,
CO 3101,Aoletis 1 (Sakia El Hamra Peche),PORT AGADIR,Agadir,83152,"Taroudant Province,Souss-Massa",Morocco,third-country,FFP,ZV,,,ZV - Freezer Vessel,,
CO 3104,Aoletis 2 (Sakia El Hamra Peche),PORT AGADIR,Agadir,83152,"Taroudant Province,Souss-Massa",Morocco,third-country,FFP,ZV,,,ZV - Freezer Vessel,,
CO 0302,Aouzirift 1 (Societe Des Peches Du Sud De L'Atlas),PORT AGADIR,Agadir,83152,"Taroudant Province,Souss-Massa",Morocco,third-country,FFP,ZV,,,ZV - Freezer Vessel,,
CO 0303,Aouzirift 2 (Societe Des Peches Du Sud De L'Atlas),PORT AGADIR,Agadir,83152,"Taroudant Province,Souss-Massa",Morocco,third-country,FFP,ZV,,,ZV - Freezer Vessel,,
CO 0901,Aouzirift 3 (Societe Des Peches Du Sud De L'Atlas),PORT AGADIR,Agadir,83152,"Taroudant Province,Souss-Massa",Morocco,third-country,FFP,ZV,,,ZV - Freezer Vessel,,
CO 0902,Aouzirift 4 (Societe Des Peches Du Sud De L'Atlas),PORT AGADIR,Agadir,83152,"Taroudant Province,Souss-Massa",Morocco,third-country,FFP,ZV,,,ZV - Freezer Vessel,,
CO 0903,Aouzirift 5 (Societe Des Peches Du Sud De L'Atlas),PORT AGADIR,Agadir,83152,"Taroudant Province,Souss-Massa",Morocco,third-country,FFP,ZV,,,ZV - Freezer Vessel,,
4082,Asmak Morsad,,Agadir,83152,"Taroudant Province,Souss-Massa",Morocco,third-country,FFP,CS,,,CS - Cold Stores,,
PA 1201,Assabi (Portusud),PORT DAKHLA,Dakhla,,Dakhla - Oued Ed-Dahab,Morocco,third-country,FFP,ZV,,,ZV - Freezer Vessel,,
PCO.25.0073.16,Assia 2 (SMM Fishery),PORT AGADIR,Agadir,83152,"Taroudant Province,Souss-Massa",Morocco,third-country,FFP,ZV,,,ZV - Freezer Vessel,,
3114,Atendak,,Dakhla,,Dakhla - Oued Ed-Dahab,Morocco,third-country,FFP,PP,,,PP - Processing Plant,,
3030,Atlantic Conserves,,Agadir,83152,"Taroudant Province,Souss-Massa",Morocco,third-country,FFP,PP,,,PP - Processing Plant,,
3507,Atlantic Sardine Anchovies Tan Tan,BP105,Tan Tan,,Guelmim-Oued Noun,Morocco,third-country,FFP,PP,,,PP - Processing Plant,,
2933,Atlantic Sea Products,31 NOUVEAU PORT,Agadir,83152,"Taroudant Province,Souss-Massa",Morocco,third-country,FFP,PP,,,PP - Processing Plant,,
3874,Atlas Seafood,40 angle rue abou bakr ei ouahrani et rue aviateur vitalis la villette,Casablanca,20580,"Prefecture of Casablanca,Casablanca-Settat",Morocco,third-country,FFP,PP,,,PP - Processing Plant,,
CO 8701,Awserd 1 (Miramar Peche),,Agadir,83152,"Taroudant Province,Souss-Massa",Morocco,third-country,FFP,ZV,,,ZV - Freezer Vessel,,
CO 8702,Awserd 3 (Miramar Peche),,Agadir,83152,"Taroudant Province,Souss-Massa",Morocco,third-country,FFP,ZV,,,ZV - Freezer Vessel,,
PCO.25.0022.14,Aya 6 (Moroccan South Fishing),,Agadir,83152,"Taroudant Province,Souss-Massa",Morocco,third-country,FFP,ZV,,,ZV - Freezer Vessel,,
PP.40.0320.22,B&T SEAFOOD,Lot 112 ZI Tétouan Park Km 8,Tétouan,93014,"Tetouan Province,Tanger - Tétouan - Al Hoceima",Morocco,third-country,FFP,PP,,,PP - Processing Plant,15/02/2022,
PCO.25.0153.17,BADR EL BAHR-3 (BADR EL BAHR SA),PORT,Agadir,83152,"Taroudant Province,Souss-Massa",Morocco,third-country,FFP,ZV,,,ZV - Freezer Vessel,,
PCO.25.0154.17,BADR EL BAHR-6 (BADR EL BAHR SA),PORT,Agadir,83152,"Taroudant Province,Souss-Massa",Morocco,third-country,FFP,ZV,,,ZV - Freezer Vessel,,
CO 7601,BAHIA (OMP FLOTTE),,Tan Tan,,Guelmim-Oued Noun,Morocco,third-country,FFP,ZV,,,ZV - Freezer Vessel,,
PSO.34.0056.15,BAKKIOUA 2 (ZAHARA PECHE),Port de pêche de Tanger,Tangier,90010,"Prefecture of Tangier - Assilah,Tanger - Tétouan - Al Hoceima",Morocco,third-country,FFP,ZV,,,ZV - Freezer Vessel,,
CO 6801,BAKR (OMP FLOTTE),,Tan Tan,,Guelmim-Oued Noun,Morocco,third-country,FFP,ZV,,,ZV - Freezer Vessel,,
PCO.25.0097.16,BASILIA (PESCADO SUR OCEANO),"AVENUE DE LA MECQUE IM. 46, N°5 ETAGE 2",Agadir,83152,"Taroudant Province,Souss-Massa",Morocco,third-country,FFP,ZV,,,ZV - Freezer Vessel,,
2817,BEAUX FRIGOS,ZONE INDUSTRIELLE HAY EASSALAM,Dakhla,,Dakhla - Oued Ed-Dahab,Morocco,third-country,FFP,PP,,,PP - Processing Plant,,
PP.26.0393.23,BELDIVA,AV ATLAS LOT 610 ZI,Ait Melloul,,"Inezgane-Ait Melloul Prefecture,Souss-Massa",Morocco,third-country,FFP,PP,,,PP - Processing Plant,13/06/2023,
1709,BELMA (STE),LOT 862 Z.I AIT MELLOUL,Agadir,83152,"Taroudant Province,Souss-Massa",Morocco,third-country,FFP,PP,,,PP - Processing Plant,,
PSO.34.0902.17,BELROMAR III (ATLANTIC SHRIMP SARL),Port de pêche de Tanger,Tangier,90010,"Prefecture of Tangier - Assilah,Tanger - Tétouan - Al Hoceima; 7386130	12/03/2025",Morocco,third-country,FFP,ZV,,,ZV - Freezer Vessel,,
PP.25.3976.20,BINEG,,Agadir,83152,"Taroudant Province,Souss-Massa",Morocco,third-country,FFP,PP,,,PP - Processing Plant,,
PEF.25.0408.23,BINEG 2,"LOT 266 ZONE DE PECHE HAUTURIERE, PORT DE PECHE AGADIR",Agadir,80005,"Agadir Ida-Outanane Prefecture,Souss-Massa",Morocco,third-country,FFP,CS,,,CS - Cold Stores,19/03/2024,
PP.74.0484.25,BLUE FISH CONSERVE,LOT N° 5 PORT DE PECHE DE DAKHLA,Dakhla,,Dakhla - Oued Ed-Dahab,Morocco,third-country,FFP,PP,,,PP - Processing Plant,15/10/2025,
PEF.37.0288.21,BLUE TUNA,ZONE D’ACTIVITE ECONOMIQUE Z I M'LALAH,Larache,92000,"Larache Province,Tanger - Tétouan - Al Hoceima",Morocco,third-country,FFP,CS,,,CS - Cold Stores,,
CO 3213,BNOU KOURA (MERSEAMAR),,Agadir,83152,"Taroudant Province,Souss-Massa",Morocco,third-country,FFP,ZV,,,ZV - Freezer Vessel,,
PCO.25.0275.21,BRAHAM-2 (AGADPECHE SARL),,Agadir,83152,"Taroudant Province,Souss-Massa; 8470122	15/04/2026",Morocco,third-country,FFP,ZV,,,ZV - Freezer Vessel,,
CO 1102,BUSAN (OMP FLOTTE),,Tan Tan,,Guelmim-Oued Noun,Morocco,third-country,FFP,ZV,,,ZV - Freezer Vessel,,
CO 6004,Bahia 3 (Sofinas),PORT DE PECHE BP. 1794 AGADIR,Agadir,83152,"Taroudant Province,Souss-Massa",Morocco,third-country,FFP,ZV,,,ZV - Freezer Vessel,,
SO 3101,Belromar I (Atlantic Shrimp),PARCELLE N° 3 NOUVEAU PORT,Agadir,83152,"Taroudant Province,Souss-Massa",Morocco,third-country,FFP,ZV,,,ZV - Freezer Vessel,,
SO 3102,Belromar II (Atlantic Shrimp),PARCELLE N° 3 NOUVEAU PORT,Agadir,83152,"Taroudant Province,Souss-Massa",Morocco,third-country,FFP,ZV,,,ZV - Freezer Vessel,,
3222,Benssi Frigo,zone industrielle hay essalam dakhla,Dakhla,,Dakhla - Oued Ed-Dahab,Morocco,third-country,FFP,PP,,,PP - Processing Plant,,
2975,Blancamar,"ZI SAPINO, lot 15 et 16 Nouaceur",Médiouna,,"Médiouna Province,Casablanca-Settat",Morocco,third-country,FFP,PP,,,PP - Processing Plant,,
2915,Blanmar,hay essalam zone industrielle dakhla,Dakhla,,Dakhla - Oued Ed-Dahab,Morocco,third-country,FFP,PP,,,PP - Processing Plant,,
1963,C. C. I. D.,ZONE INDUSTRIELLE EL MASSIRA DAKHLA 73000.,Dakhla,,Dakhla - Oued Ed-Dahab,Morocco,third-country,FFP,PP,,,PP - Processing Plant,,
PP.34.0366.22,CACHOTE PESCA,N°12 PORT DE PECHE DE TANGER,Tangier,90000,"Prefecture of Tangier - Assilah,Tanger - Tétouan - Al Hoceima",Morocco,third-country,FFP,PP,,,PP - Processing Plant,03/01/2023,
CO 1103,CAMAL (OMP FLOTTE),,Tan Tan,,Guelmim-Oued Noun,Morocco,third-country,FFP,ZV,,,ZV - Freezer Vessel,,
PP.72.2761.23,CANPECHES,zone industrielle lot n°12 boujdour.,Boujdour,71002,Boujdour Province,Morocco,third-country,FFP,PP,,,PP - Processing Plant,22/09/2023,
PP.74.2265.23,CEPHALOPODOS RIO DE ORO,Zone industrielle - Quartier AL Massira II Dakhla,Dakhla,,Dakhla - Oued Ed-Dahab,Morocco,third-country,FFP,PP,,,PP - Processing Plant,19/03/2024,
CO 4702,CHAMS (PHIASUD),,Agadir,83152,"Taroudant Province,Souss-Massa",Morocco,third-country,FFP,ZV,,,ZV - Freezer Vessel,,
PSO.34.2801.23,CHARKI (MARESPECE SARL),port de pêche Tanger,Tangier,90010,"Prefecture of Tangier - Assilah,Tanger - Tétouan - Al Hoceima; 8444513	18/09/2023",Morocco,third-country,FFP,ZV,,,ZV - Freezer Vessel,,
CO 6802,CHBIKA (OMP FLOTTE),,Tan Tan,,Guelmim-Oued Noun,Morocco,third-country,FFP,ZV,,,ZV - Freezer Vessel,,
PCO.25.0091.16,CHRISTINA 1 (SHANDONG FISHERIES),NOUVEAU PORT AGADIR,Agadir,83152,"Taroudant Province,Souss-Massa",Morocco,third-country,FFP,ZV,,,ZV - Freezer Vessel,,
PP.71.3335.18,COFRIGOB,BP 110 Port de Laâyoune 70002,Laayoune,,Laayoune Province,Morocco,third-country,FFP,PP,,,PP - Processing Plant,,
PP.72.0417.24,COFRIGOB BOUJDOUR,"LOT N° 9 ET 11 ZONE INDUSTRIELLE MEDZ, BOUJDOUR",Boujdour,71002,Boujdour Province,Morocco,third-country,FFP,PP,,,PP - Processing Plant,19/03/2024,
PEF.71.0274.21,COFRIGOB ENTREPOSAGE,LOT 81 ZONE INDUSTRIELLE EL MARSA,Laayoune,,Laayoune Province,Morocco,third-country,FFP,CS,,,CS - Cold Stores,,
PP.34.3515.19,COLD WATER UNITED SEA FOOD MAROC,-,Tangier,90010,"Prefecture of Tangier - Assilah,Tanger - Tétouan - Al Hoceima",Morocco,third-country,FFP,PP,,,PP - Processing Plant,,
PP.74.3011.18,CONGELATION AL JANOUB,Lots 77-78 Zone Industrielle hay Essalam 73000,Dakhla,,Dakhla - Oued Ed-Dahab,Morocco,third-country,FFP,PP,,,PP - Processing Plant,,
PP.74.2512.18,CONGELATION ALOUKDAS,Avenue Habouha Ben Soudani Massira II BP 83 DAKHLA,Dakhla,,Dakhla - Oued Ed-Dahab,Morocco,third-country,FFP,PP,,,PP - Processing Plant,,
PP.71.3921.18,CONGELATION EL MOSTAKIM,Lot n° 41 bis ZI Port de Laâyoune,Laayoune,,Laayoune Province,Morocco,third-country,FFP,PP,,,PP - Processing Plant,,
PP.40.0385.23,CONSERVAS SOSASU,N° 106 Zone industrielle Tétouan Park-Tétouan,Tétouan,93000,"Tetouan Province,Tanger - Tétouan - Al Hoceima",Morocco,third-country,FFP,PP,,,PP - Processing Plant,25/04/2023,
PP.34.0519.26,CONSERVAS Y SALAZONES DE TANGER,ZONE FRANCHE D’EXPORTATION ILOT 01 LOT N° 7 TANGER,Tangier,90010,"Prefecture of Tangier - Assilah,Tanger - Tétouan - Al Hoceima",Morocco,third-country,FFP,PP,,,PP - Processing Plant,09/06/2026,
PP.37.3014.19,CONSERVAS Y SALAZONES DEL ATLANTICO,,Larache,92000,"Larache Province,Tanger - Tétouan - Al Hoceima",Morocco,third-country,FFP,PP,,,PP - Processing Plant,,
PP.45.1248.22,CONSERVERIE D'OUJDA,,Oujda,60043,"Préfecture d'Oujda-Angad عمالة وجدة - أنجاد,Oriental",Morocco,third-country,FFP,PP,,,PP - Processing Plant,15/02/2022,
PP.74.0265.20,CONSERVERIE DE OUED EDDAHAB,LOT No 3 ZONE INDUSTRIELLE PORTUAIRE,Dakhla,,Dakhla - Oued Ed-Dahab,Morocco,third-country,FFP,PP,,,PP - Processing Plant,,
2035,CONSERVERIE DES DEUX MERS,,Agadir,83152,"Taroudant Province,Souss-Massa",Morocco,third-country,FFP,PP,,,PP - Processing Plant,,
4175,CONSERVERIE LA GIRONDE (LA GIRONDE I),,Agadir,83152,"Taroudant Province,Souss-Massa",Morocco,third-country,FFP,PP,,,PP - Processing Plant,,
1461,CONSERVERIES DES 2 MERS,Rue 3 lot 84 Zone Industrielle M’ghogha Lekbia - 90070,Tangier,90010,"Prefecture of Tangier - Assilah,Tanger - Tétouan - Al Hoceima",Morocco,third-country,FFP,PP,,,PP - Processing Plant,,
PEF.25.3931.24,CONSERVERIES DU MAGHREB,AGADIR - SOUS MASSA,Agadir,80005,"Agadir Ida-Outanane Prefecture,Souss-Massa",Morocco,third-country,FFP,CS,,,CS - Cold Stores,28/05/2024,
PP.74.0269.20,CONSERVERIES PELAGIQUES DE DAKHLA,LOT No 2 ZONE INDUSTRIELLE PORTUAIRE,Dakhla,,Dakhla - Oued Ed-Dahab,Morocco,third-country,FFP,PP,,,PP - Processing Plant,,
PP.74.0260.20,CONSERVERIES RIO DE ORO,"LOT No6, ZONE INDUSTRIELLE PORTUAIRE",Dakhla,,Dakhla - Oued Ed-Dahab,Morocco,third-country,FFP,PP,,,PP - Processing Plant,,
PP.72.0356.22,COOLING FISH,"LOTS 51, 52, 58, 59 ZONE INDUSTRIELLE 2ème TRANCHE",Boujdour,71002,Boujdour Province,Morocco,third-country,FFP,PP,,,PP - Processing Plant,19/10/2022,
PP.74.0529.26,COOPERATIVE OUAD DAHAB LITATMIN,"ZONE D’ACTIVITE ESSALAM, DAKHLA",Dakhla,,Dakhla - Oued Ed-Dahab,Morocco,third-country,FFP,PP,,,PP - Processing Plant,24/08/2026,
PP.34.0432.24,COOPËRATIVE TANJA PECHE DES COMMERCANTS DE POISSONS,LOCAL N° B2 LOT n° M4 PORT DE PECHE DE TANGER,Tangier,90003,"Prefecture of Tangier - Assilah,Tanger - Tétouan - Al Hoceima",Morocco,third-country,FFP,PP,,,PP - Processing Plant,28/05/2024,
PP.26.0157.18,COPRALIM,"ZONE INDUSTRIELLE TASSILA, No 178 D'CHEIRA EL JIHADIA INEZGANE AIT MELLOUL AGADIR",Inezgane-Ait Melloul,,Souss-Massa,Morocco,third-country,FFP,PP,,,PP - Processing Plant,,
2218,COPRAVE,"12, Rue 5, Quartier industriel, El Jadida.",El Jadida,24010,"El Jadida Province,Casablanca-Settat",Morocco,third-country,FFP,PP,,,PP - Processing Plant,,
2573,COQUILLAGES DAKHLA,RUE SOUK EL BALADI DAKHLA MAROC,Dakhla,,Dakhla - Oued Ed-Dahab,Morocco,third-country,FFP,PP,,,PP - Processing Plant,,
PP.60.0389.23,COQUILLAGES HISPA MAROC - MEHDIA,Avant Port de Mehdia,Kenitra,14020,"Province de Kenitra إقليم القنيطرة,Rabat-Salé-Kenitra",Morocco,third-country,FFP,PP,,,PP - Processing Plant,23/05/2023,
PSO.34.0055.15,COSTA BLANCA (ARMAPESCA SARL),av youssef ibn tachfin imm cote d'or apt 26,Tangier,90010,"Prefecture of Tangier - Assilah,Tanger - Tétouan - Al Hoceima; 8575245",Morocco,third-country,FFP,ZV,,,ZV - Freezer Vessel,,
PP.60.0088.16,COSTA CONSERVE,Lot 89 Quartier Industriel Municipal Kenitra,Kenitra,14000,"Province de Kenitra إقليم القنيطرة,Rabat-Salé-Kenitra",Morocco,third-country,FFP,PP,,,PP - Processing Plant,,
PP.74.3221.22,COSTAMAR FRIGO,ZONE INDUSTRIELLE ESSALAM DAKHLA,Dakhla,,Dakhla - Oued Ed-Dahab,Morocco,third-country,FFP,PP,,,PP - Processing Plant,19/10/2022,
PP.60.3060.21,COUJDA II,,Kenitra,14000,"Province de Kenitra إقليم القنيطرة,Rabat-Salé-Kenitra",Morocco,third-country,FFP,PP,,,PP - Processing Plant,,
PP.52.0114.16,CRAWFISH,"LOT No 42, ZONE INDUSTRIELLE, SAFI",Safi,46013,"Province de Safi إقليم أسفي,Marrakech-Safi",Morocco,third-country,FFP,PP,,,PP - Processing Plant,,
PP.60.0360.22,CRYSTAL DU PORT,PORT DE MEHDIA,Kenitra,14020,"Province de Kenitra إقليم القنيطرة,Rabat-Salé-Kenitra",Morocco,third-country,FFP,PP,,,PP - Processing Plant,03/01/2023,
PP.74.2467.18,CSF,ZONE INDUSTRIELLE AVENUE BOUJDOUR N°05 DAKHLA,Dakhla,,Dakhla - Oued Ed-Dahab,Morocco,third-country,FFP,PP,,,PP - Processing Plant,,
1156,CUMAREX,"39,ZONE INDUSTRIELLE TETOUAN",Tétouan,93014,"Tetouan Province,Tanger - Tétouan - Al Hoceima",Morocco,third-country,FFP,PP,,,PP - Processing Plant,,
3498,CUMAREX 1,"39,ZONE INDUSTRIELLE TETOUAN",Tétouan,93014,"Tetouan Province,Tanger - Tétouan - Al Hoceima",Morocco,third-country,FFP,PP,,,PP - Processing Plant,,
PP.34.0476.25,CYPRUS FISH,LOCAL N° 3 PORT DE PECHE DE TANGER,Tangier,90010,"Prefecture of Tangier - Assilah,Tanger - Tétouan - Al Hoceima",Morocco,third-country,FFP,PP,,,PP - Processing Plant,20/06/2025,
PP.68.0014.14,Cibel,,Tan Tan,,Guelmim-Oued Noun,Morocco,third-country,FFP,PP,,,PP - Processing Plant,,
9421,Cibel IV,Quartier Anza BP135/311,Agadir,83152,"Taroudant Province,Souss-Massa",Morocco,third-country,FFP,PP,,,PP - Processing Plant,,
PEF.25.0044.15,Cisneros Sea Food,"Parcelle 248 zone portuaire, ancien port de pêche",Agadir,83152,"Taroudant Province,Souss-Massa",Morocco,third-country,FFP,CS,,,CS - Cold Stores,,
3065,Codakpo,ZONE INDUSTRIELLE N°45 DAKHLA,Dakhla,,Dakhla - Oued Ed-Dahab,Morocco,third-country,FFP,PP,,,PP - Processing Plant,,
1720,Coloconsa,"prince moulay hassan ben mehdi, assilah",Asilah,,Tanger - Tétouan - Al Hoceima,Morocco,third-country,FFP,PP,,,PP - Processing Plant,,
PP.71.2940.15,Congel D'Cheira,Port de commerce Laâyoune,Laayoune,,Laayoune Province,Morocco,third-country,FFP,PP,,,PP - Processing Plant,,
3113,Congel Miramar,Zone industrielle Hay Salam Dakhla,Dakhla,,Dakhla - Oued Ed-Dahab,Morocco,third-country,FFP,PP,,,PP - Processing Plant,,
3116,Congelados Pesca,zone industrielle hay essalam 73000 dakhla,Dakhla,,Dakhla - Oued Ed-Dahab,Morocco,third-country,FFP,PP,,,PP - Processing Plant,,
PP.74.3066.22,Congelation Al Khalij,VILLE DE DAKHLA,Dakhla,,Dakhla - Oued Ed-Dahab,Morocco,third-country,FFP,PP,,,PP - Processing Plant,03/01/2023,
3246,Congelation Cabo Barbas,Zone industrielle hay essalam lot 23-24-25,Dakhla,,Dakhla - Oued Ed-Dahab,Morocco,third-country,FFP,PP,,,PP - Processing Plant,,
2917,Congelation Villamar,zone industrielle hay essalam dakhla 73000,Dakhla,,Dakhla - Oued Ed-Dahab,Morocco,third-country,FFP,PP,,,PP - Processing Plant,,
3278,Conital,148/149 Z.I TASSILA,Agadir,83152,"Taroudant Province,Souss-Massa",Morocco,third-country,FFP,PP,,,PP - Processing Plant,,
1293,Conor,lot 1424 Route Debdou Zone Industrielle Taourirt,Taourirt,65800,"Province de Taourirt إقليم تاوريرت,Oriental",Morocco,third-country,FFP,PP,,,PP - Processing Plant,,
3147,Conserval,Route De Djorf El Youdi,Safi,46013,"Province de Safi إقليم أسفي,Marrakech-Safi",Morocco,third-country,FFP,PP,,,PP - Processing Plant,,
5381,Conserval II,Route Djorf Lyoudi BP 2253,Safi,46013,"Province de Safi إقليم أسفي,Marrakech-Safi",Morocco,third-country,FFP,PP,,,PP - Processing Plant,,
PP.33.0084.16,Cooperative Islmane IFNI,,Sidi Ifni,85202,"Sidi Ifni Province,Guelmim-Oued Noun",Morocco,third-country,FFP,PP,,,PP - Processing Plant,,
3227,Copelit,BP 66 Z.I. Port de Laâyoune,Laayoune,,Laayoune Province,Morocco,third-country,FFP,PP,,,PP - Processing Plant,,
5459,Copelit I,Zone industrielle BP 66 port de Laâyoune,Laayoune,,Laayoune Province,Morocco,third-country,FFP,PP,,,PP - Processing Plant,21/12/2022,
2155,Coprinco,,Beni Ansar / Aït Nsar,62050,"Province de Nador إقليم الناظور,Oriental",Morocco,third-country,FFP,PP,,,PP - Processing Plant,,
3012,Cosa Peche,zone industrielle hay essalam,Dakhla,,Dakhla - Oued Ed-Dahab,Morocco,third-country,FFP,PP,,,PP - Processing Plant,,
4803,Crangomar,zone industrielle d'exportation de tanger îlot 2 N°118.,Tangier,90010,"Prefecture of Tangier - Assilah,Tanger - Tétouan - Al Hoceima",Morocco,third-country,FFP,PP,,,PP - Processing Plant,,
PCO.25.3604.16,DAFIR I (FINE FISHING),NOUVEAU PORT AGADIR,Agadir,83152,"Taroudant Province,Souss-Massa",Morocco,third-country,FFP,ZV,,,ZV - Freezer Vessel,,
PEF.74.0193.18,DAKHLA STOCKAGE,LOT No140 ZONE INDUSTRIELLE HAY ESSALAM,Dakhla,,Dakhla - Oued Ed-Dahab,Morocco,third-country,FFP,CS,,,CS - Cold Stores,,
2274,DAKMAR,AVENUE MOHAMED V QUARTIER INDUSTRIEL BP 132 DAKHLA MAROC,Dakhla,,Dakhla - Oued Ed-Dahab,Morocco,third-country,FFP,PP,,,PP - Processing Plant,,
2698,DAKNAVE,BOULEVARD MAA AL AINAINE BEN CHEIKH HAY MASSIRA 3 DAKHLA,Dakhla,,Dakhla - Oued Ed-Dahab,Morocco,third-country,FFP,PP,,,PP - Processing Plant,,
1975,DAMJIGUEND,"ZI,Mlaleh,Route Tanger BP121",Larache,92000,"Larache Province,Tanger - Tétouan - Al Hoceima",Morocco,third-country,FFP,PP,,,PP - Processing Plant,,
PP.37.0266.20,DAMPECHE 1,N°104 - Nouveau port - larache,Larache,92000,"Larache Province,Tanger - Tétouan - Al Hoceima",Morocco,third-country,FFP,PP,,,PP - Processing Plant,09/11/2022,
PEF.71.0102.16,DAMSA ENTREPOSAGE,LOT 21 ET 22 ZONE INDUSTRIELLE EL MARSA LAAYOUNE,Laayoune,,Laayoune Province,Morocco,third-country,FFP,CS,,,CS - Cold Stores,,
PCO.25.0253.20,DANA 1 (MAROCCAN CHINA FISHERY CORPORATION SA),,Agadir,83152,"Taroudant Province,Souss-Massa",Morocco,third-country,FFP,ZV,,,ZV - Freezer Vessel,,
PCO.25.0254.20,DANA 2 (MAROCCAN CHINA FISHERY CORPORATION SA),,Agadir,83152,"Taroudant Province,Souss-Massa",Morocco,third-country,FFP,ZV,,,ZV - Freezer Vessel,,
PCO.25.0256.20,DANA 3 (MAROCCAN CHINA FISHERY CORPORATION SA),,Agadir,83152,"Taroudant Province,Souss-Massa",Morocco,third-country,FFP,ZV,,,ZV - Freezer Vessel,,
PCO.25.0338.22,DANA-4 (MOROCCAN CHINA FISHERY CORPORATION SA),PORT D'AGADIR,Agadir,80150,"Agadir Ida-Outanane Prefecture,Souss-Massa",Morocco,third-country,FFP,ZV,,,ZV - Freezer Vessel,28/10/2022,
PP.25.5112.18,DAUPHIN PECHE,-,Agadir,83152,"Taroudant Province,Souss-Massa",Morocco,third-country,FFP,PP,,,PP - Processing Plant,,
1498,DELIMAR,Lot B 606 Z.I Ait Melloul,Agadir,83152,"Taroudant Province,Souss-Massa",Morocco,third-country,FFP,PP,,,PP - Processing Plant,,
6340,DELIMAR III,,Agadir,83152,"Taroudant Province,Souss-Massa",Morocco,third-country,FFP,PP,,,PP - Processing Plant,,
PP.71.0168.18,DELTA OCEAN 2,ZONE INDUSTRIELLE EL MARSA,Laayoune,,Laayoune Province,Morocco,third-country,FFP,PP,,,PP - Processing Plant,,
PA.25.0526.26,DERHEM SEAFOOD III,LOT N° 18 TIKIOUINE ZONE INDUSTRIELLE TASSILA III,Agadir,80020,"Agadir Ida-Outanane Prefecture,Souss-Massa",Morocco,third-country,FFP,PP,,,PP - Processing Plant,24/08/2026,
CO 1502,DERRAMAN III (ARTERE CONGEL),PORT,Agadir,83152,"Taroudant Province,Souss-Massa",Morocco,third-country,FFP,ZV,,,ZV - Freezer Vessel,,
PP.71.2199.18,DIPROMER I,BP 70 Parc El Corde Port de Laâyoune,Laayoune,,Laayoune Province,Morocco,third-country,FFP,PP,,,PP - Processing Plant,,
1727,DOHA,ZI Ait Melloul,Agadir,83152,"Taroudant Province,Souss-Massa",Morocco,third-country,FFP,PP,,,PP - Processing Plant,,
PA.74.0300.21,DOMAINE AIN AGHBAL DAKHLA,"PK I6,BAIE DE DAKHLA, BOUTALHA, COMMUNE AL AARGOUB",Dakhla,,Dakhla - Oued Ed-Dahab,Morocco,third-country,FFP,PP,,,PP - Processing Plant,,
PP.74.0494.25,DOMAINE AIN AGHBAL DAKHLA PRODUITS PECHE,"PK 16, BAIE DE DAKHLA, BOUTALHA COMMUNE AL AARGOUB",Dakhla,,Dakhla - Oued Ed-Dahab,Morocco,third-country,FFP,PP,,,PP - Processing Plant,26/05/2026,
SO 2602,Dades (Astipeche),PARCELLE N° 3 NOUVEAU PORT,Agadir,83152,"Taroudant Province,Souss-Massa",Morocco,third-country,FFP,ZV,,,ZV - Freezer Vessel,,
3404,Dakoro,zone industrielle hay essalam dakhla,Dakhla,,Dakhla - Oued Ed-Dahab,Morocco,third-country,FFP,PP,,,PP - Processing Plant,,
5210,Damsa,Lot 59 Z.I. Laâyoune-Port,Laayoune,,Laayoune Province,Morocco,third-country,FFP,PP,,,PP - Processing Plant,,
PEF.25.0036.14,Dar Raha Construction,"LOTISSEMENT AL HOUDA, LOT N°467E, Q.I. TASSILA",Agadir,83152,"Taroudant Province,Souss-Massa",Morocco,third-country,FFP,CS,,,CS - Cold Stores,,
6044,Delimar II,"Lot B 606, Zone Industrielle Ait Melloul",Agadir,83152,"Taroudant Province,Souss-Massa",Morocco,third-country,FFP,CS,,,CS - Cold Stores,,
1354,Delta Fish's,64 BD DAKHLA INARA1,Casablanca,20032,"Prefecture of Casablanca,Casablanca-Settat",Morocco,third-country,FFP,PP,,,PP - Processing Plant,,
3010,Derhem Sea Food,Z.I ESSALAM,Dakhla,,Dakhla - Oued Ed-Dahab,Morocco,third-country,FFP,PP,,,PP - Processing Plant,,
3107,Derhem Sea Food II,ZI TASSILA,Agadir,83152,"Taroudant Province,Souss-Massa",Morocco,third-country,FFP,PP,,,PP - Processing Plant,,
3073,Deshayses Therry,,Essaouira,44000,"Essaouira Province,Marrakech-Safi",Morocco,third-country,FFP,PP,,,PP - Processing Plant,,
3360,Dipromer III,Zone portuaire nouveau port Dakhla,Dakhla,,Dakhla - Oued Ed-Dahab,Morocco,third-country,FFP,PP,,,PP - Processing Plant,,
2190,Domaine D'Ain Aghbal,,Azrou,,"Province d'Ifrane ⵜⴰⵙⴳⴰ ⵏ ⵉⴼⵔⴰⵏ إقليم إفران,Fez-Meknes",Morocco,third-country,FFP,PP,,,PP - Processing Plant,,
CO 7107,Drimane 1 (Drimane Pêche),,Agadir,83152,"Taroudant Province,Souss-Massa",Morocco,third-country,FFP,ZV,,,ZV - Freezer Vessel,,
CO 7105,Drimane 2 (Drimane Pêche),,Agadir,83152,"Taroudant Province,Souss-Massa",Morocco,third-country,FFP,ZV,,,ZV - Freezer Vessel,,
CO 7407,Drimane 3 (Drimane Pêche),,Agadir,83152,"Taroudant Province,Souss-Massa",Morocco,third-country,FFP,ZV,,,ZV - Freezer Vessel,,
PP.26.0263.20,E.D.M. FISH TRADING,"LOT C55 ZI TASSILA, DCHEIRA EL JIHADIA INSGANE AIT MELLOUL",Agadir,83152,"Taroudant Province,Souss-Massa",Morocco,third-country,FFP,PP,,,PP - Processing Plant,,
PP.50.0424.24,EASTERN FISH,PORT DE PECHE DE BENI ENSAR NADOR,Nador,62000,"Province de Nador إقليم الناظور,Oriental",Morocco,third-country,FFP,PP,,,PP - Processing Plant,17/04/2024,
PP.50.0287.21,EL ABBOURI INDUSTRIE,PARC INDUSTRIEL No 3 LOTS 1 ET 2 DE SELOUANE,Nador,62000,"Province de Nador إقليم الناظور,Oriental",Morocco,third-country,FFP,PP,,,PP - Processing Plant,,
PSO.25.0057.15,EL ANDALUSS 2 (BOURSPECHE),Port de pêche de Tanger,Tangier,90010,"Prefecture of Tangier - Assilah,Tanger - Tétouan - Al Hoceima",Morocco,third-country,FFP,ZV,,,ZV - Freezer Vessel,,
PEF.34.0383.23,EL GUSTO PLUS,Zone industrielle MGHOUGHA Allée 1 n° 20 Route de Tétouan,Tangier,90000,"Prefecture of Tangier - Assilah,Tanger - Tétouan - Al Hoceima",Morocco,third-country,FFP,CS,,,CS - Cold Stores,25/04/2023,
PP.34.3846.19,EL HANDAOUI,,Tangier,90010,"Prefecture of Tangier - Assilah,Tanger - Tétouan - Al Hoceima",Morocco,third-country,FFP,PP,,,PP - Processing Plant,,
PP.25.0315.21,EL HARDOUFI 3,N° 1017 HALIOPOLIS DRARGA,Agadir,,"Agadir Ida-Outanane Prefecture,Souss-Massa",Morocco,third-country,FFP,PP,,,PP - Processing Plant,15/02/2022,
PP.72.0380.23,EL LEON DEL DESIERTO I,LOT N° 13 ZONE INDUSTRIELLE DE BOUJDOUR,Boujdour,71002,Boujdour Province,Morocco,third-country,FFP,PP,,,PP - Processing Plant,22/03/2023,
PP.60.0381.23,ENTRE MARES SEAFOOD,"Port de pêche de Mehdia, Kénitra",Kenitra,14080,"Province de Kenitra إقليم القنيطرة,Rabat-Salé-Kenitra",Morocco,third-country,FFP,PP,,,PP - Processing Plant,03/04/2023,
PEF.25.0216.19,ENTREPOT FRIGORIFIQUE SAY FISHERIES,PARCELLE No. 261 ZONE PECHE HAUTURIERE PORT DE PECHE AGADIR,Agadir,83152,"Taroudant Province,Souss-Massa",Morocco,third-country,FFP,CS,,,CS - Cold Stores,,
PEF.74.0234.20,ENTREPOT VILLAMAR,ZONE INDUSTRIELLE HAY SALAM,Dakhla,,Dakhla - Oued Ed-Dahab,Morocco,third-country,FFP,CS,,,CS - Cold Stores,,
6091,ERG Conserve,LOT 234-235 ZONE INDUSTRIELLE HAY ESSALAM DAKHLA,Dakhla,,Dakhla - Oued Ed-Dahab,Morocco,third-country,FFP,PP,,,PP - Processing Plant,,
6370,ERG DELICE,234-235 quartier industriel hay essalam,Dakhla,,Dakhla - Oued Ed-Dahab,Morocco,third-country,FFP,PP,,,PP - Processing Plant,,
PCO.5.8003.20,ERRAZAK 5 (SINO PECHE SA),,Agadir,83152,"Taroudant Province,Souss-Massa",Morocco,third-country,FFP,ZV,,,ZV - Freezer Vessel,,
CO 8501,ESSALAM 1 (ATL.OVERSEAS CORP ),,Agadir,83152,"Taroudant Province,Souss-Massa",Morocco,third-country,FFP,ZV,,,ZV - Freezer Vessel,,
CO 8502,ESSALAM 2 (ATL.OVERSEAS CORP ),,Agadir,83152,"Taroudant Province,Souss-Massa",Morocco,third-country,FFP,ZV,,,ZV - Freezer Vessel,,
PP.24.0248.20,ETABLISSEMENT SOUIRAH,73 BD MOULAY HICHAM ZONE INDUSTRIELLE,Essaouira,44000,"Essaouira Province,Marrakech-Safi",Morocco,third-country,FFP,PP,,,PP - Processing Plant,,
PSO.25.0225.19,EVA (GLOBAL FISHERIES SARL),PORT DE PECHE DE TANGER,Tangier,90010,"Prefecture of Tangier - Assilah,Tanger - Tétouan - Al Hoceima",Morocco,third-country,FFP,ZV,,,ZV - Freezer Vessel,,
1005,EVER FREEZE,Rue de l’océan quartier industriel- ANZA,Agadir,83152,"Taroudant Province,Souss-Massa",Morocco,third-country,FFP,PP,,,PP - Processing Plant,,
PP.34.0336.22,EXPO BIVALVE,LOT 13-14 PORT DE PECHE DE TANGER,Tangier,90000,"Prefecture of Tangier - Assilah,Tanger - Tétouan - Al Hoceima",Morocco,third-country,FFP,PP,,,PP - Processing Plant,02/08/2022,
PP.26.0405.23,EXPRESS MAREE,"C33/C34 ZONE INDUSTRIELLE TASSILA, DCHEIRA EL JIHADIA",Agadir,80005,"Agadir Ida-Outanane Prefecture,Souss-Massa",Morocco,third-country,FFP,PP,,,PP - Processing Plant,15/11/2023,
CO 3215,El Hariri (Atlantic Fish Morocco),ANCIEN PORT,Agadir,83152,"Taroudant Province,Souss-Massa",Morocco,third-country,FFP,ZV,,,ZV - Freezer Vessel,,
CO 3216,El Kendy (Atlantic Fish Morocco),ANCIEN PORT,Agadir,83152,"Taroudant Province,Souss-Massa",Morocco,third-country,FFP,ZV,,,ZV - Freezer Vessel,,
CO 1901,El Khlifa (Alia Peche),ANCIEN PORT AGADIR,Agadir,83152,"Taroudant Province,Souss-Massa",Morocco,third-country,FFP,ZV,,,ZV - Freezer Vessel,,
3438,El León Del Desierto III,DR LAMNACER 1- 12000 TEMARA,Temara,12000,"Préfecture de Skhirate-Témara عمالة الصخيرات-تمارة,Rabat-Salé-Kenitra",Morocco,third-country,FFP,PP,,,PP - Processing Plant,,
CO 8407,Elyas 3 (Univers Maritime),PORT AGADIR,Agadir,83152,"Taroudant Province,Souss-Massa",Morocco,third-country,FFP,ZV,,,ZV - Freezer Vessel,,
2457,Express Fish,,Casablanca,20580,"Prefecture of Casablanca,Casablanca-Settat",Morocco,third-country,FFP,PP,,,PP - Processing Plant,,
1884,F. M. C. A. (STE),RUE DE L'OCEAN QI ANZA,Agadir,83152,"Taroudant Province,Souss-Massa",Morocco,third-country,FFP,PP,,,PP - Processing Plant,,
2647,FADILI FRIGO,N° 05 AV LAAROUSIYINE DAKHLA MAROC,Dakhla,,Dakhla - Oued Ed-Dahab,Morocco,third-country,FFP,PP,,,PP - Processing Plant,,
CO 2301,FARAJ 5 (LUCKY FISHERIES),,Agadir,83152,"Taroudant Province,Souss-Massa",Morocco,third-country,FFP,ZV,,,ZV - Freezer Vessel,,
CO 2302,FARAJ 6 (LUCKY FISHERIES),,Agadir,83152,"Taroudant Province,Souss-Massa",Morocco,third-country,FFP,ZV,,,ZV - Freezer Vessel,,
CO 2303,FARAJ 7 (LUCKY FISHERIES),,Agadir,83152,"Taroudant Province,Souss-Massa",Morocco,third-country,FFP,ZV,,,ZV - Freezer Vessel,,
CO 2304,FARAJ 8 (LUCKY FISHERIES),,Agadir,83152,"Taroudant Province,Souss-Massa",Morocco,third-country,FFP,ZV,,,ZV - Freezer Vessel,,
CO 7802,FARIDA 1 (CISNEROS SEAFOOD),,Agadir,83152,"Taroudant Province,Souss-Massa",Morocco,third-country,FFP,ZV,,,ZV - Freezer Vessel,,
CO 7803,FARIDA 2 (CISNEROS SEAFOOD),,Agadir,83152,"Taroudant Province,Souss-Massa",Morocco,third-country,FFP,ZV,,,ZV - Freezer Vessel,,
PCO.34.0120.16,FARO (CANAMER SARL),80 rue de la liberté N°26,Tangier,90010,"Prefecture of Tangier - Assilah,Tanger - Tétouan - Al Hoceima",Morocco,third-country,FFP,ZV,,,ZV - Freezer Vessel,,
PCO.25.0259.20,FILAKA 5 (FILAKA PECHE SA),,Agadir,83152,"Taroudant Province,Souss-Massa",Morocco,third-country,FFP,ZV,,,ZV - Freezer Vessel,,
PCO.25.0257.20,FILAKA 6 (FILAKA PECHE SA),,Agadir,83152,"Taroudant Province,Souss-Massa",Morocco,third-country,FFP,ZV,,,ZV - Freezer Vessel,,
PCO.25.0341.22,FILAKA-7 (FILAKA PECHE),PORT D'AGADIR,Agadir,,"Agadir Ida-Outanane Prefecture,Souss-Massa",Morocco,third-country,FFP,ZV,,,ZV - Freezer Vessel,28/10/2022,
PCO.25.0342.22,FILAKA-8 (FILAKA PECHE),PORT D'AGADIR,Agadir,,"Agadir Ida-Outanane Prefecture,Souss-Massa",Morocco,third-country,FFP,ZV,,,ZV - Freezer Vessel,28/10/2022,
2329,FINNAOUI PESCA ALGARVE,BP 08 Port de Pêche Laâyoune,Laayoune,,Laayoune Province,Morocco,third-country,FFP,PP,,,PP - Processing Plant,,
PP.25.0499.25,FISH & FOOD PROCESS,"Rue angle El Mouhit et rue El Khalil, quartier industriel Anza",Agadir,80005,"Agadir Ida-Outanane Prefecture,Souss-Massa",Morocco,third-country,FFP,PP,,,PP - Processing Plant,05/01/2026,
PEF.25.0500.25,FISH & FOOD PROCESS 2,"Rue Angle El Mouhit et rue El Khali, quartier industriel Anza",Agadir,80005,"Agadir Ida-Outanane Prefecture,Souss-Massa",Morocco,third-country,FFP,CS,,,CS - Cold Stores,05/01/2026,
PEF.8.0200.19,FISH MER,"Route EL Gara, km 6,8 Sidi Hajaj Tit Mellil",Tit Mellil,29642,"Médiouna Province,Casablanca-Settat",Morocco,third-country,FFP,CS,,,CS - Cold Stores,07/11/2022,
PP.8.0267.20,FISH MER 1,ROUTE EL GARA KM 6.8 SIDI HAJJAJ TIT MELLIL,Médiouna,,"Médiouna Province,Casablanca-Settat",Morocco,third-country,FFP,PP,,,PP - Processing Plant,,
PP.7.0485.25,FISH'EO,"LOTISSEMENT ZAINA N°21 COMMUNE BOUSKOURA, PROVINCE NOUACER",Nouaceur ⵏⵡⴰⵚⵕ النواصر,,"Nouaceur Province,Casablanca-Settat",Morocco,third-country,FFP,PP,,,PP - Processing Plant,15/10/2025,
PSO.25.0183.18,FISHEMAR-11 (FISHEMAR SA),NOUVEAU PORT AGADIR,Agadir,83152,"Taroudant Province,Souss-Massa",Morocco,third-country,FFP,ZV,,,ZV - Freezer Vessel,,
PSO.25.0434.24,FISHEMAR-12 (FISHEMAR SA),Port de pêche d'Agadir,Agadir,,"Agadir Ida-Outanane Prefecture,Souss-Massa; 9257747	07/06/2024",Morocco,third-country,FFP,ZV,,,ZV - Freezer Vessel,,
PP.26.0169.18,FISHMARK,,Agadir,83152,"Taroudant Province,Souss-Massa",Morocco,third-country,FFP,PP,,,PP - Processing Plant,,
PEF.7.0409.23,FOOD MASTERS,PARC INDUSTRIEL SAPINO LOT N° 918 NOUACEUR,Nouaceur ⵏⵡⴰⵚⵕ النواصر,,"Nouaceur Province,Casablanca-Settat",Morocco,third-country,FFP,CS,,,CS - Cold Stores,19/03/2024,
PP.52.3128.18,FOR FISH,"n° 2 rue bournazel, quartier industriel",Safi,46013,"Province de Safi إقليم أسفي,Marrakech-Safi",Morocco,third-country,FFP,PP,,,PP - Processing Plant,,
PP.59.6092.20,FRESH CORP MOROCCO,,Berrechid,26100,"Berrechid Province,Casablanca-Settat",Morocco,third-country,FFP,PP,,,PP - Processing Plant,,
PEF.74.0401.23,FRICAINA,LOT N° 114 ZONE INDUSTRIELLE HAY SALAM,Dakhla,,Dakhla - Oued Ed-Dahab,Morocco,third-country,FFP,CS,,,CS - Cold Stores,15/11/2023,
PEF.26.0527.26,FRIGO AMINE BRAHIM ET CTS,TAMAZART AIT MELLOL,Agadir,80020,"Agadir Ida-Outanane Prefecture,Souss-Massa",Morocco,third-country,FFP,CS,,,CS - Cold Stores,24/08/2026,
PP.68.4021.18,FRIGO BOUCHTA,ZONE EXTRA-PORTUAIRE-TAN TAN PORT,Tan Tan,,Guelmim-Oued Noun,Morocco,third-country,FFP,PP,,,PP - Processing Plant,,
PP.25.1571.24,FRIGO ELJAOUHARI,,Agadir,83152,"Taroudant Province,Souss-Massa",Morocco,third-country,FFP,PP,,,PP - Processing Plant,28/05/2024,
PP.25.0498.25,FRIGORIFICOS PINA PESCA,N° 17 PARC HALIOPOLIS COMMUNE DRARGA,Agadir,80005,"Agadir Ida-Outanane Prefecture,Souss-Massa",Morocco,third-country,FFP,PP,,,PP - Processing Plant,22/01/2026,
PEF.35.0133.17,FRIOPUERTO TANGER,"ZONE FRANCHE LOGISTIQUE TANGER MED LOT 81, OUED R'MEL COMMUNE KSAR AL MAJAZ PROVINCE ANJRA TANGER",Tangier,90010,"Prefecture of Tangier - Assilah,Tanger - Tétouan - Al Hoceima",Morocco,third-country,FFP,CS,,,CS - Cold Stores,,
PP.74.0252.20,FRIPECHE,LOT No H ZONE INDUSTRIELLE HAY ESSALAM,Dakhla,,Dakhla - Oued Ed-Dahab,Morocco,third-country,FFP,PP,,,PP - Processing Plant,,
PP.59.0521.26,FUERTE SEAFOOD,"Lot n°156 commune Had Soualem, Province de Berrechid",Berrechid,26100,"Berrechid Province,Casablanca-Settat",Morocco,third-country,FFP,PP,,,PP - Processing Plant,09/06/2026,
PP.19.0005.14,Fatina Food Business,"Lot 184, Q.I. SIDI GHANEM Route de Safi - Marrakech",Marrakesh,,"Préfecture de Marrakech عمالة مراكش,Marrakech-Safi",Morocco,third-country,FFP,PP,,,PP - Processing Plant,,
PP.34.0033.14,Fish And Company T.F.Z,Tanger free zone lot N° 17,Tangier,90010,"Prefecture of Tangier - Assilah,Tanger - Tétouan - Al Hoceima",Morocco,third-country,FFP,PP,,,PP - Processing Plant,,
SO 1905,Fishemar 1 (Fishemar),NOUVEAU PORT AGADIR,Agadir,83152,"Taroudant Province,Souss-Massa",Morocco,third-country,FFP,ZV,,,ZV - Freezer Vessel,,
SO 1307,Fishemar 10 (Fishemar),NOUVEAU PORT AGADIR,Agadir,83152,"Taroudant Province,Souss-Massa",Morocco,third-country,FFP,ZV,,,ZV - Freezer Vessel,,
SO 1903,Fishemar 2 (Fishemar),NOUVEAU PORT AGADIR,Agadir,83152,"Taroudant Province,Souss-Massa",Morocco,third-country,FFP,ZV,,,ZV - Freezer Vessel,,
SO 1902,Fishemar 3 (Fishemar),NOUVEAU PORT AGADIR,Agadir,83152,"Taroudant Province,Souss-Massa",Morocco,third-country,FFP,ZV,,,ZV - Freezer Vessel,,
SO 1907,Fishemar 4 (Fishemar),NOUVEAU PORT AGADIR,Agadir,83152,"Taroudant Province,Souss-Massa",Morocco,third-country,FFP,ZV,,,ZV - Freezer Vessel,,
SO 1904,Fishemar 7 (Fishemar),NOUVEAU PORT D'AGADIR,Agadir,83152,"Taroudant Province,Souss-Massa",Morocco,third-country,FFP,ZV,,,ZV - Freezer Vessel,,
SO 2601,Fishemar V (Fishemar),NOUVEAU PORT AGADIR,Agadir,83152,"Taroudant Province,Souss-Massa",Morocco,third-country,FFP,ZV,,,ZV - Freezer Vessel,,
3217,Fishlay,Zone industrielle lots N° 209-210 Hay essalam. BP 306,Dakhla,,Dakhla - Oued Ed-Dahab,Morocco,third-country,FFP,PP,,,PP - Processing Plant,,
CO 8703,Foca (Cephapeche),80 rue de la liberté N°26,Tangier,90010,"Prefecture of Tangier - Assilah,Tanger - Tétouan - Al Hoceima",Morocco,third-country,FFP,ZV,,,ZV - Freezer Vessel,,
3283,Fratere-B-Pesca,zone industrielle hay essalam dakhla,Dakhla,,Dakhla - Oued Ed-Dahab,Morocco,third-country,FFP,PP,,,PP - Processing Plant,,
PP.25.2008.22,Frigema,10 RUE DU 2 MARS,Agadir,80000,"Agadir Ida-Outanane Prefecture,Souss-Massa",Morocco,third-country,FFP,PP,,,PP - Processing Plant,07/02/2023,
PP.74.3029.22,Frigo Al Massira,,Dakhla,,Dakhla - Oued Ed-Dahab,Morocco,third-country,FFP,PP,,,PP - Processing Plant,02/08/2022,
3088,Frigo Amrad,quartier industriel lot 131 dakhla,Dakhla,,Dakhla - Oued Ed-Dahab,Morocco,third-country,FFP,PP,,,PP - Processing Plant,,
3218,Frigo Chorfa,,Dakhla,,Dakhla - Oued Ed-Dahab,Morocco,third-country,FFP,PP,,,PP - Processing Plant,,
PP.74.2247.22,Frigo Dida Mar,DAKHLA OUED EDDAHAB,Dakhla,,Dakhla - Oued Ed-Dahab,Morocco,third-country,FFP,PP,,,PP - Processing Plant,07/02/2023,
1621,Frigo O.N.P.,ANCIEN PORT,Agadir,83152,"Taroudant Province,Souss-Massa",Morocco,third-country,FFP,CS,,,CS - Cold Stores,,
3476,Frigo Tassila,LOT N° 61 Z.I TASSILA III,Agadir,83152,"Taroudant Province,Souss-Massa",Morocco,third-country,FFP,PP,,,PP - Processing Plant,,
2916,Friocondal,Zone Industrielle Hay Essalam N°82 Dakhla,Dakhla,,Dakhla - Oued Ed-Dahab,Morocco,third-country,FFP,PP,,,PP - Processing Plant,,
PCO.05.6302.20,GERMON 3 (PULMAR SA),,Casablanca,20032,"Prefecture of Casablanca,Casablanca-Settat",Morocco,third-country,FFP,ZV,,,ZV - Freezer Vessel,,
CO 8705,GHALIA 6 (SMADEP),,Agadir,83152,"Taroudant Province,Souss-Massa",Morocco,third-country,FFP,ZV,,,ZV - Freezer Vessel,,
PCO.25.0238.19,GHALIA-9 (SMADEP SA),,Agadir,83152,"Taroudant Province,Souss-Massa",Morocco,third-country,FFP,ZV,,,ZV - Freezer Vessel,,
CO 4704,GHATT (PHIASUD),,Agadir,83152,"Taroudant Province,Souss-Massa",Morocco,third-country,FFP,ZV,,,ZV - Freezer Vessel,,
PP.71.0431.24,GLORIA PELAGIQUE,LOT 18 ZONE INDUSTRIELLE EL MARSA,Laayoune,,Laayoune Province,Morocco,third-country,FFP,PP,,,PP - Processing Plant,28/05/2024,
PEF.74.0327.22,GOLDEN LOGISTICS,Zone Industrielle Hay Salam,Dakhla,,Dakhla - Oued Ed-Dahab,Morocco,third-country,FFP,CS,,,CS - Cold Stores,18/05/2022,
CO 5201,GUELTA 1 (SAMAK SAHARA),,Laayoune,,Laayoune Province,Morocco,third-country,FFP,ZV,,,ZV - Freezer Vessel,,
CO 5202,GUELTA 2 (SAMAK SAHARA),,Laayoune,,Laayoune Province,Morocco,third-country,FFP,ZV,,,ZV - Freezer Vessel,,
CO 1503,GUELTA 3 (SAMAK SAHARA),,Laayoune,,Laayoune Province,Morocco,third-country,FFP,ZV,,,ZV - Freezer Vessel,,
CO 1504,GUELTA 4 (SAMAK SAHARA),,Laayoune,,Laayoune Province,Morocco,third-country,FFP,ZV,,,ZV - Freezer Vessel,,
2604,Gel Fish,BP 52 Port de pêche Laâyoune,Laayoune,,Laayoune Province,Morocco,third-country,FFP,PP,,,PP - Processing Plant,,
PCO.25.0023.14,Ghalia 7 (S.M.A.D.E.P.),,Agadir,83152,"Taroudant Province,Souss-Massa",Morocco,third-country,FFP,ZV,,,ZV - Freezer Vessel,,
PCO.25.0024.14,Ghalia 8 (S.M.A.D.E.P.),,Agadir,83152,"Taroudant Province,Souss-Massa",Morocco,third-country,FFP,ZV,,,ZV - Freezer Vessel,,
3508,Gil Comes,"Nouveau port,BP1029",Larache,92000,"Larache Province,Tanger - Tétouan - Al Hoceima",Morocco,third-country,FFP,PP,,,PP - Processing Plant,,
4389,Gil Comes II,Nouveau Port de Larache - BP 1029,Larache,92000,"Larache Province,Tanger - Tétouan - Al Hoceima",Morocco,third-country,FFP,PP,,,PP - Processing Plant,,
6153,Gil Comes M'Lalah,Zone Industrielle M'lalah -BP 29 -Larache,Larache,92000,"Larache Province,Tanger - Tétouan - Al Hoceima",Morocco,third-country,FFP,PP,,,PP - Processing Plant,,
3396,Gold Sea Fish II,234-235 QI HAY ESSALAM DAKHLA,Dakhla,,Dakhla - Oued Ed-Dahab,Morocco,third-country,FFP,PP,,,PP - Processing Plant,,
3284,Golden Golf,Z.I PORT DAKHLA,Dakhla,,Dakhla - Oued Ed-Dahab,Morocco,third-country,FFP,PP,,,PP - Processing Plant,,
SO 2604,Gorgues (Astipeche Tanger),parcele n°3 nouveau port agadir,Agadir,83152,"Taroudant Province,Souss-Massa",Morocco,third-country,FFP,ZV,,,ZV - Freezer Vessel,,
2919,Gourti Poulmar,zone industrielle hay essalam 73000 dakhla,Dakhla,,Dakhla - Oued Ed-Dahab,Morocco,third-country,FFP,PP,,,PP - Processing Plant,,
PP.71.0068.15,HACHIMAR,Quartier Industriel N°102 port de Lâyoune B.P: 150 CODE POSTAL: 70 002,Laayoune,,Laayoune Province,Morocco,third-country,FFP,PP,,,PP - Processing Plant,,
2847,HAFSA SAMAK,"332, lot Lina, Sidi Maarouf",Casablanca,20032,"Prefecture of Casablanca,Casablanca-Settat",Morocco,third-country,FFP,PP,,,PP - Processing Plant,,
PP.25.0479.25,HAIFEN FROID-TRAITEMENT,Lots 51-53-55-57-59-6061-62 Port de Commerce d'Agadir,Agadir,80005,"Agadir Ida-Outanane Prefecture,Souss-Massa",Morocco,third-country,FFP,PP,,,PP - Processing Plant,29/09/2025,
PEF.71.0165.18,HALIEUTES ENTREPOSAGE,No. 110 ZONE INDUSTRIELLE EL MARSA,Laayoune,,Laayoune Province,Morocco,third-country,FFP,CS,,,CS - Cold Stores,,
PHA.38.0422.24,HALLE AU POISSON DU PDA D'AMTAR,"PDA AMTAR, JEBHA",Chefchaouen,96000,"Chefchaouen Province,Tanger - Tétouan - Al Hoceima",Morocco,third-country,FFP,AH,,,AH - Auction Hall,28/05/2024,
PHA.25.0423.24,HALLE AU POISSON DU PDA D'IMOURANE,PDA IMOURANE COMMUNE AOURIR,Agadir,80005,"Agadir Ida-Outanane Prefecture,Souss-Massa",Morocco,third-country,FFP,AH,,,AH - Auction Hall,28/05/2024,
PHA.41.0397.23,HALLE AU POISSON DU PDA D'INOUAREN,PDA D'INOURAN,Al Hoceima,32005,"Al Hoceima Province,Tanger - Tétouan - Al Hoceima",Morocco,third-country,FFP,AH,,,AH - Auction Hall,28/05/2024,
PHA.2.0402.23,HALLE AU POISSON DU PDA DE SALE,"1, SOUK PORT DE SALE, PORT DE PECHE DE SALE",Salé,11006,"Prefecture of Salé,Rabat-Salé-Kenitra",Morocco,third-country,FFP,AH,,,AH - Auction Hall,28/05/2024,
PHA.41.0412.23,HALLE AU POISSON DU VDP DE CALA IRIS,VDP DE CALA IRIS,Al Hoceima,32005,"Al Hoceima Province,Tanger - Tétouan - Al Hoceima",Morocco,third-country,FFP,AH,,,AH - Auction Hall,19/03/2024,
PHA.72.0440.24,HALLE AUX POISSONS D'AFTISSAT,ROUTE NATIONALE N°1 VILLAGE DE PECHE D'AFTISSAT COMMUNE JRAIFIA BOUJDOUR,Boujdour,71002,Boujdour Province,Morocco,third-country,FFP,AH,,,AH - Auction Hall,11/04/2025,
PHA.25.0051.15,HALLE AUX POISSONS D'AGADIR,PORT DE PECHE D'AGADIR,Agadir,80000,"Agadir Ida-Outanane Prefecture,Souss-Massa",Morocco,third-country,FFP,AH,,,AH - Auction Hall,06/01/2023,
PHA.41.0324.22,HALLE AUX POISSONS D'AL HOCEIMA,PORT DE PECHE D'AL HOCEIMA,Al Hoceima,32005,"Al Hoceima Province,Tanger - Tétouan - Al Hoceima",Morocco,third-country,FFP,AH,,,AH - Auction Hall,06/01/2023,
PHA.34.0480.25,HALLE AUX POISSONS D'ASSILAH,PORT DE PECHE D'ASSILAH,Assilah ⴰⵚⵉⵍⴰ أصيلة,90055,"Prefecture of Tangier - Assilah,Tanger - Tétouan - Al Hoceima",Morocco,third-country,FFP,AH,,,AH - Auction Hall,29/09/2025,
PHA.53.0310.21,HALLE AUX POISSONS D'EL JADIDA,PORT DE PECHE D'EL JADIDA,El Jadida,,"El Jadida Province,Casablanca-Settat",Morocco,third-country,FFP,AH,,,AH - Auction Hall,06/01/2023,
PHA.72.0160.18,HALLE AUX POISSONS DE BOUJDOUR,PORT DE PECHE DE BOUJDOUR,Boujdour,71002,Boujdour Province,Morocco,third-country,FFP,AH,,,AH - Auction Hall,06/01/2023,
PHA.5.0352.22,HALLE AUX POISSONS DE CASABLANCA,PORT DE PECHE DE CASABLANCA,Casablanca,20032,"Prefecture of Casablanca,Casablanca-Settat",Morocco,third-country,FFP,AH,,,AH - Auction Hall,06/01/2023,
PHA.74.0082.16,HALLE AUX POISSONS DE DAKHLA,PORT DE PECHE DE DAKHLA,Dakhla,,Dakhla - Oued Ed-Dahab,Morocco,third-country,FFP,AH,,,AH - Auction Hall,06/01/2023,
PHA.38.0316.21,HALLE AUX POISSONS DE JEBHA,PORT DE PECHE DE JEBHA,Chefchaouen,96000,"Chefchaouen Province,Tanger - Tétouan - Al Hoceima",Morocco,third-country,FFP,AH,,,AH - Auction Hall,06/01/2023,
15-01,HALLE AUX POISSONS DE LAAYOUNE,PORT DE PECHE DE LAAYOUNE,Laayoune,,Laayoune Province,Morocco,third-country,FFP,AH,,,AH - Auction Hall,06/01/2023,
PHA.72.0438.24,HALLE AUX POISSONS DE LAKRAA,ROUTE NATIONALE N°1 VILLAGE DE PECHE LAKRAA COMMUNE JRAIFIA BOUJDOUR,Boujdour,71002,Boujdour Province,Morocco,third-country,FFP,AH,,,AH - Auction Hall,11/04/2025,
PHA.37.0075.16,HALLE AUX POISSONS DE LARACHE,PORT DE PECHE DE LARACHE,Larache,92000,"Larache Province,Tanger - Tétouan - Al Hoceima",Morocco,third-country,FFP,AH,,,AH - Auction Hall,06/01/2023,
PHA.36.0353.22,HALLE AUX POISSONS DE M'DIQ,PORT DE PECHE DE M'DIQ,M'diq,93153,"Préfecture de M'diq-Fnideq عمالة المضيق الفنيدق,Tanger - Tétouan - Al Hoceima",Morocco,third-country,FFP,AH,,,AH - Auction Hall,06/01/2023,
PHA.6.0351.22,HALLE AUX POISSONS DE MOHAMMEDIA,PORT DE PECHE DE MOHAMMEDIA,Mohammedia,28810,"Prefecture of Mohammédia,Casablanca-Settat",Morocco,third-country,FFP,AH,,,AH - Auction Hall,06/01/2023,
01-01,HALLE AUX POISSONS DE NADOR,PORT DE PECHE DE NADOR,Nador,62000,"Province de Nador إقليم الناظور,Oriental",Morocco,third-country,FFP,AH,,,AH - Auction Hall,06/01/2023,
PHA.50.0343.22,HALLE AUX POISSONS DE RAS KEBDANA,PORT DE PECHE DE RAS KEBDANA,Nador,62000,"Province de Nador إقليم الناظور,Oriental",Morocco,third-country,FFP,AH,,,AH - Auction Hall,06/01/2023,
10-01,HALLE AUX POISSONS DE SAFI,PORT DE PECHE DE SAFI,Safi,46000,"Province de Safi إقليم أسفي,Marrakech-Safi",Morocco,third-country,FFP,AH,,,AH - Auction Hall,06/01/2023,
PHA.51.0435.24,HALLE AUX POISSONS DE SIDI HSAINE,VILLAGE DE PECHEURS DE SIDI HSAINE COMMUNE RURALE DE TAZAGHINE PROVINCE DE DRIOUCH,Nador,62000,"Province de Nador إقليم الناظور,Oriental",Morocco,third-country,FFP,AH,,,AH - Auction Hall,11/04/2025,
PHA.33.0328.22,HALLE AUX POISSONS DE SIDI IFNI,PORT DE PECHE DE SIDI IFNI,Sidi Ifni,85202,"Sidi Ifni Province,Guelmim-Oued Noun",Morocco,third-country,FFP,AH,,,AH - Auction Hall,06/01/2023,
PHA.24.0451.24,HALLE AUX POISSONS DE TAFDNA,PDA DE TAFDNA COMMUNE DE TAFDNA ESSAOUIRA,Essaouira,44100,"Essaouira Province,Marrakech-Safi",Morocco,third-country,FFP,AH,,,AH - Auction Hall,11/04/2025,
PHA.34.0173.18,HALLE AUX POISSONS DE TANGER,PORT DE PECHE DE TANGER,Tangier,90000,"Prefecture of Tangier - Assilah,Tanger - Tétouan - Al Hoceima",Morocco,third-country,FFP,AH,,,AH - Auction Hall,06/01/2023,
15-02,HALLE AUX POISSONS DE TARFAYA,PORT DE PECHE DE TARFAYA,Tarfaya ⵟⴰⵔⴼⴰⵢⴰ طرفاية,,Tarfaya Province,Morocco,third-country,FFP,AH,,,AH - Auction Hall,06/01/2023,
PHA.27.0447.24,HALLE AUX POISSONS DE TIFNIT,PDE DE TIFNIT COMMUNE SIDI BIBI PROVINCE DE CHTOUKA AIT BAHA,Chtouka Ait Baha,,Souss-Massa,Morocco,third-country,FFP,AH,,,AH - Auction Hall,11/04/2025,
PHA.36.0520.26,HALLE AUX POISSONS DU PDA DE BELYOUNECH,PDA DE BELYOUNECH,M'diq,93200,"Préfecture de M'diq-Fnideq عمالة المضيق الفنيدق,Tanger - Tétouan - Al Hoceima",Morocco,third-country,FFP,AH,,,AH - Auction Hall,24/08/2026,
PHA.24.0459.25,HALLE AUX POISSONS DU PDA DE CAP SIM,"DOUAR OUASSEN SIDI HARRAZ, COMMUNE URBAINE D'ESSAOUIRA",Essaouira,44100,"Essaouira Province,Marrakech-Safi",Morocco,third-country,FFP,AH,,,AH - Auction Hall,11/04/2025,
PHA.40.0317.22,HALLE AUX POISSONS DU PDA DE D'OUED LAOU,POINT DE DEBARQUEMENT AMENAGE D'OUED LAOU COMMUNE D'OUED LAOU,M'diq,93200,"Préfecture de M'diq-Fnideq عمالة المضيق الفنيدق,Tanger - Tétouan - Al Hoceima",Morocco,third-country,FFP,AH,,,AH - Auction Hall,06/01/2023,
PHA.29.0306.21,HALLE AUX POISSONS DU PDA DE GOURIZIME,POINT DE DEBARQUEMENT AMENAGE DE GOURIZIME C.R. ARBAA SAHEL,Sidi Ifni,85202,"Sidi Ifni Province,Guelmim-Oued Noun",Morocco,third-country,FFP,AH,,,AH - Auction Hall,06/01/2023,
PHA.53.0514.26,HALLE AUX POISSONS DU PDA LAHDIDA,"PDA LAHDIDA, EL JADIDA",El Jadida,24010,"El Jadida Province,Casablanca-Settat",Morocco,third-country,FFP,AH,,,AH - Auction Hall,09/06/2026,
PHA.60.0461.25,HALLE AUX POISSONS DU PORT DE MEHDIA,PORT DE PECHE DE MEHDIA KENITRA,Kenitra,14015,"Province de Kenitra إقليم القنيطرة,Rabat-Salé-Kenitra",Morocco,third-country,FFP,AH,,,AH - Auction Hall,11/04/2025,
PHA.72.0437.24,HALLE AUX POISSONS DU VDP D'AGTI EL GHAZI,ROUTE NATIONALE N°1 VILLAGE DE PECHE D'AGTI EL GHAZI COMMUNE LAMSID BOUJDOUR,Boujdour,71002,Boujdour Province,Morocco,third-country,FFP,AH,,,AH - Auction Hall,11/04/2025,
PHA.73.0335.22,HALLE AUX POISSONS DU VILLAGE DE PECHE D'AMGRIOU,VILLAGE DES PECHEURS AMGRIOU COMMUNE TAH,Tarfaya ⵟⴰⵔⴼⴰⵢⴰ طرفاية,,Tarfaya Province,Morocco,third-country,FFP,AH,,,AH - Auction Hall,06/01/2023,
PHA.35.0115.16,HALLE AUX POISSONS DU VILLAGE DE PECHE DALIA,VILLAGE DES PECHEURS DALIA C.R. KSAR EL MAJAZ,Anjra ⴰⵏⵊⴰⵔⴰ أنجرة,,,Morocco,third-country,FFP,AH,,,"Fahs-Anjra Province,Tanger - Tétouan - Al Hoceima | AH - Auction Hall",06/01/2023,
PHA.38.0247.20,HALLE AUX POISSONS DU VILLAGE DE PECHE DE CHMAALA,VILLAGE DES PECHEURS CHMAALA COMMUNE BNI BOUZRA JEBHA,Chefchaouen,96000,"Chefchaouen Province,Tanger - Tétouan - Al Hoceima",Morocco,third-country,FFP,AH,,,AH - Auction Hall,06/01/2023,
PHA.36.0250.20,HALLE AUX POISSONS DU VILLAGE DE PECHE DE KAA-ASRAS,VILLAGE DES PECHEURS KAA-ASRAS COMMUNE TIZGANE,Chefchaouen,96000,"Chefchaouen Province,Tanger - Tétouan - Al Hoceima",Morocco,third-country,FFP,AH,,,AH - Auction Hall,06/01/2023,
PHA.38.0251.20,HALLE AUX POISSONS DU VILLAGE DE PECHE DE TARGHA,VILLAGE DES PECHEURS TARGHA COMMUNE TIZGANE,Chefchaouen,96000,"Chefchaouen Province,Tanger - Tétouan - Al Hoceima",Morocco,third-country,FFP,AH,,,AH - Auction Hall,06/01/2023,
15-003,HALLE AUX POISSONS DU VILLAGE DE PECHE DE TAROUMA,VILLAGE DES PECHEURS DE TAROUMA COMMUNE FOUM EL OUAD,Laayoune,,Laayoune Province,Morocco,third-country,FFP,AH,,,AH - Auction Hall,06/01/2023,
PHA.68.0046.15,HALLE AUX POISSONS TAN-TAN,PORT DE PECHE DE TAN-TAN,Tan-Tan,82004,"Province de Tan-Tan إقليم طانطان,Guelmim-Oued Noun",Morocco,third-country,FFP,AH,,,AH - Auction Hall,06/01/2023,
CO 7001,HAMA 1 (SPSA),,Laayoune,,Laayoune Province,Morocco,third-country,FFP,ZV,,,ZV - Freezer Vessel,,
CO 7002,HAMA 2 (SPSA),,Laayoune,,Laayoune Province,Morocco,third-country,FFP,ZV,,,ZV - Freezer Vessel,,
PP.59.0395.23,HEALTH INNOVATION,Douar Oulad Slimane Commune Sahel Oulad Hriz,Berrechid,26100,"Berrechid Province,Casablanca-Settat",Morocco,third-country,FFP,PP,,,PP - Processing Plant,18/09/2023,
CO 4705,HILIA (OMP FLOTTE),,Agadir,83152,"Taroudant Province,Souss-Massa",Morocco,third-country,FFP,ZV,,,ZV - Freezer Vessel,,
CO 2901,HITAA (MARPÊCHE),,Agadir,83152,"Taroudant Province,Souss-Massa",Morocco,third-country,FFP,ZV,,,ZV - Freezer Vessel,,
CO 6803,HMAM (OMP FLOTTE),,Tan Tan,,Guelmim-Oued Noun,Morocco,third-country,FFP,ZV,,,ZV - Freezer Vessel,,
CO 4706,HOUR (PHIASUD),,Agadir,83152,"Taroudant Province,Souss-Massa",Morocco,third-country,FFP,ZV,,,ZV - Freezer Vessel,,
3722,Haifen Froid,Nouveau port,Agadir,83152,"Taroudant Province,Souss-Massa",Morocco,third-country,FFP,CS,,,CS - Cold Stores,,
5505,Halieutes Process,Parcelle n° 30 Z.I. El Marsa,Laayoune,,Laayoune Province,Morocco,third-country,FFP,PP,,,PP - Processing Plant,,
PHA.53.0384.23,Halle aux poissons du PDA de SIDI ABED,Point de débarquement aménagé de SIDI ABED,El Jadida,,"El Jadida Province,Casablanca-Settat",Morocco,third-country,FFP,AH,,,AH - Auction Hall,23/05/2023,
PCO.25.3217.18,IBN AKAD (PESCADO SUR OCEANO SA),"AVENUE DE LA MECQUE IM. 46, N°5 ETAGE 2",Agadir,83152,"Taroudant Province,Souss-Massa",Morocco,third-country,FFP,ZV,,,ZV - Freezer Vessel,,
PCO.25.8601.22,IBN ROCHD (GUADAZUL F.B SARL),ANCIEN PORT AGADIR,Agadir,83152,"Taroudant Province,Souss-Massa",Morocco,third-country,FFP,ZV,,,ZV - Freezer Vessel,12/08/2022,
PCO.25.8602.22,IBN SINA (GUADAZUL F.B SARL),ANCIEN PORT AGADIR,Agadir,83152,"Taroudant Province,Souss-Massa",Morocco,third-country,FFP,ZV,,,ZV - Freezer Vessel,12/08/2022,
PCO.25.0444.24,IBNO AL KHATTIB (INVEST DEVELOPMENT FISHERIES SARL),PORT DE PECHE D'AGDIR,Agadir,80005,"Agadir Ida-Outanane Prefecture,Souss-Massa; 8318439	17/10/2024",Morocco,third-country,FFP,ZV,,,ZV - Freezer Vessel,,
PCO.25.3214.22,IBNOU NOUASS (ATLANTIC FISH EXPRIENCE SARL),ANCIEN PORT,Agadir,83152,"Taroudant Province,Souss-Massa",Morocco,third-country,FFP,ZV,,,ZV - Freezer Vessel,12/08/2022,
CO 3219,IBNOU NOUSSAIR (MARLEB),ANCIEN PORT,Agadir,83152,"Taroudant Province,Souss-Massa",Morocco,third-country,FFP,ZV,,,ZV - Freezer Vessel,,
SO 2503,ICHBILIA (SOFINAS),BP 1794 Port De Pêche,Agadir,83152,"Taroudant Province,Souss-Massa",Morocco,third-country,FFP,ZV,,,ZV - Freezer Vessel,,
PP.56.0390.23,IDNAFOOD,KM 2.5 route de Marrakech Settat,Settat,26000,"Settat Province,Casablanca-Settat",Morocco,third-country,FFP,PP,,,PP - Processing Plant,13/06/2023,
2459,IFNI FRIGO,Zone Industrielle Essalam - Dakhla,Dakhla,,Dakhla - Oued Ed-Dahab,Morocco,third-country,FFP,PP,,,PP - Processing Plant,08/11/2022,
2407,IGLO FISH,BP 73 ZI Port de Laâyoune 70002,Laayoune,,Laayoune Province,Morocco,third-country,FFP,PP,,,PP - Processing Plant,,
PCO.25.3608.18,IGOUDAR (KHALID FISHERIES SA),PARCELLE N° 3 NOUVEAU PORT,Agadir,83152,"Taroudant Province,Souss-Massa",Morocco,third-country,FFP,ZV,,,ZV - Freezer Vessel,,
PP.74.0441.24,INDUSMAR,"Lots n° 271, 273 et 275, Zone industrielle Hay Essalam",Dakhla,,Dakhla - Oued Ed-Dahab,Morocco,third-country,FFP,PP,,,PP - Processing Plant,09/10/2024,
PP.25.3444.21,INDUSTRIE MAROCAINE D’ANCHOIS,,Agadir,83152,"Taroudant Province,Souss-Massa",Morocco,third-country,FFP,PP,,,PP - Processing Plant,,
PP.7.0505.25,INDUSTRIES ALIMENTAIRES LA FONDA,N° 503 Zone industrielle Sapino,Nouaceur ⵏⵡⴰⵚⵕ النواصر,,"Nouaceur Province,Casablanca-Settat",Morocco,third-country,FFP,PP,,,PP - Processing Plant,22/01/2026,
PP.25.2143.21,INDUSTRY MOROCCAN ANCHOVIES,Q.I ANZA,Agadir,83152,"Taroudant Province,Souss-Massa",Morocco,third-country,FFP,PP,,,PP - Processing Plant,,
6296,IPOMA,ZI Sud Ouest Mohemmedia lots 131 et 132,Mohammedia,28810,"Prefecture of Mohammédia,Casablanca-Settat",Morocco,third-country,FFP,PP,,,PP - Processing Plant,,
PP.68.0047.15,ITALFISH,PORT TANTAN PARCELLE N°486,Tan Tan,,Guelmim-Oued Noun,Morocco,third-country,FFP,PP,,,PP - Processing Plant,,
3377,Idou Pesca,parcelle N°28 nouveau port,Agadir,83152,"Taroudant Province,Souss-Massa",Morocco,third-country,FFP,PP,,,PP - Processing Plant,,
PA 1101,Illa De Rua (El Leon Del Desierto),,M'diq,93153,"Préfecture de M'diq-Fnideq عمالة المضيق الفنيدق,Tanger - Tétouan - Al Hoceima",Morocco,third-country,FFP,ZV,,,ZV - Freezer Vessel,,
SO 1004,Indalo Segundo (Laura Pêche),Port de pêche de Tanger,Tangier,90010,"Prefecture of Tangier - Assilah,Tanger - Tétouan - Al Hoceima",Morocco,third-country,FFP,ZV,,,ZV - Freezer Vessel,,
5589,International Canning Company,Qu. Ind. Route de Djorf BP 11,Safi,46013,"Province de Safi إقليم أسفي,Marrakech-Safi",Morocco,third-country,FFP,PP,,,PP - Processing Plant,,
6219,Issalman River,,Kenitra,14000,"Province de Kenitra إقليم القنيطرة,Rabat-Salé-Kenitra",Morocco,third-country,FFP,PP,,,PP - Processing Plant,,
CO 4707,JANAH (PHIASUD),,Agadir,83152,"Taroudant Province,Souss-Massa",Morocco,third-country,FFP,ZV,,,ZV - Freezer Vessel,,
PP.71.0182.18,JANAH FRERES CONSERVE,"Lot no 40, Zone Industrielle El Marsa",Laayoune,,Laayoune Province,Morocco,third-country,FFP,PP,,,PP - Processing Plant,,
CO 4708,JAWHAR (OMP FLOTTE),,Agadir,83152,"Taroudant Province,Souss-Massa",Morocco,third-country,FFP,ZV,,,ZV - Freezer Vessel,,
1861,JISA,,Agadir,83152,"Taroudant Province,Souss-Massa",Morocco,third-country,FFP,PP,,,PP - Processing Plant,,
PP.50.0504.25,JISAKA,PORT DE PECHE BENI-ENSAR NADOR,Nador,62000,"Province de Nador إقليم الناظور,Oriental",Morocco,third-country,FFP,PP,,,PP - Processing Plant,05/01/2026,
3605,Josicop,N°103 ZONE INDUSTRIELLE HAY ESSALAM DAKHLA,Dakhla,,Dakhla - Oued Ed-Dahab,Morocco,third-country,FFP,PP,,,PP - Processing Plant,,
3117,Joumad Frigo,zone industrielle n 212 hay essalam dakhla,Dakhla,,Dakhla - Oued Ed-Dahab,Morocco,third-country,FFP,PP,,,PP - Processing Plant,,
CO 7602,KARAOUIYNE (OMP FLOTTE),,Tan Tan,,Guelmim-Oued Noun,Morocco,third-country,FFP,ZV,,,ZV - Freezer Vessel,,
PP.71.0031.15,KB FISH,"Zone portuaire, LAAYOUNE 70002",Laayoune,,Laayoune Province,Morocco,third-country,FFP,PP,,,PP - Processing Plant,,
PCO.5.0212.19,KELTI (ASTIPECHE TANGER SA),Parcelle n°3 nouveau port Agadir,Agadir,83152,"Taroudant Province,Souss-Massa",Morocco,third-country,FFP,ZV,,,ZV - Freezer Vessel,,
CO 2902,KENZ EL ATLAS (MARCO PÊCHE),,Agadir,83152,"Taroudant Province,Souss-Massa",Morocco,third-country,FFP,ZV,,,ZV - Freezer Vessel,,
CO 2701,KENZA 1 (SITA FISHING),ANCIEN PORT,Agadir,83152,"Taroudant Province,Souss-Massa",Morocco,third-country,FFP,ZV,,,ZV - Freezer Vessel,,
PCO.25.2702.22,KENZA-2 (GUADAZUL F.B SARL),ANCIEN PORT AGADIR,Agadir,83152,"Taroudant Province,Souss-Massa",Morocco,third-country,FFP,ZV,,,ZV - Freezer Vessel,12/08/2022,
PCO.25.2703.23,KENZA-3 (AL FANAR PECHE SARL),ANCIEN PORT,Agadir,83152,"Taroudant Province,Souss-Massa; 8222460	08/01/2024",Morocco,third-country,FFP,ZV,,,ZV - Freezer Vessel,,
PCO.25.2704.23,KENZA-4 (POINT FISH SARL),ANCIEN PORT,Agadir,83152,"Taroudant Province,Souss-Massa; 8222472	08/01/2024",Morocco,third-country,FFP,ZV,,,ZV - Freezer Vessel,,
CO 7805,KHADIJA 1 (CISNEROS SEAFOOD),,Agadir,83152,"Taroudant Province,Souss-Massa",Morocco,third-country,FFP,ZV,,,ZV - Freezer Vessel,,
CO 1104,KHAIR (OMP FLOTTE),,Tan Tan,,Guelmim-Oued Noun,Morocco,third-country,FFP,ZV,,,ZV - Freezer Vessel,,
CO 6804,KHNAG (OMP FLOTTE),,Tan Tan,,Guelmim-Oued Noun,Morocco,third-country,FFP,ZV,,,ZV - Freezer Vessel,,
PP.34.0221.19,KLAAS PUUL HAND PEELED,"TANGER FREE ZONE, ILOT No1, LOT No 7 TANGER",Tangier,90010,"Prefecture of Tangier - Assilah,Tanger - Tétouan - Al Hoceima",Morocco,third-country,FFP,PP,,,PP - Processing Plant,,
PP.60.0430.24,KOMEZMAR 2,Avant Port de Mehdia,Kenitra,14015,"Province de Kenitra إقليم القنيطرة,Rabat-Salé-Kenitra",Morocco,third-country,FFP,PP,,,PP - Processing Plant,28/05/2024,
PP.71.3460.18,KOMO FISH,-,Laayoune,,Laayoune Province,Morocco,third-country,FFP,PP,,,PP - Processing Plant,,
CO 7603,KOUTOUBIA (OMP FLOTTE),,Tan Tan,,Guelmim-Oued Noun,Morocco,third-country,FFP,ZV,,,ZV - Freezer Vessel,,
CO 2904,KSAR EL BAHR (MARCO PÊCHE),,Agadir,83152,"Taroudant Province,Souss-Massa",Morocco,third-country,FFP,ZV,,,ZV - Freezer Vessel,,
PP.25.0472.25,KT2S,LOT N°3 ET 25 ZONE INDUSTRIELLE DU PORT DE COMMERCE D'AGADIR,Agadir,80005,"Agadir Ida-Outanane Prefecture,Souss-Massa",Morocco,third-country,FFP,PP,,,PP - Processing Plant,26/05/2025,
PEF.25.0473.25,KT2S STORAGE,LOTS N° 23 ET 25 ZONE INDUSTRIELLE DU PORT DE COMMERCE AGADIR,Agadir,80005,"Agadir Ida-Outanane Prefecture,Souss-Massa",Morocco,third-country,FFP,CS,,,CS - Cold Stores,26/05/2025,
CO 6805,KYOTO (OMP FLOTTE),,Tan Tan,,Guelmim-Oued Noun,Morocco,third-country,FFP,ZV,,,ZV - Freezer Vessel,,
3410,Kacem Peche,,Dakhla,,Dakhla - Oued Ed-Dahab,Morocco,third-country,FFP,PP,,,PP - Processing Plant,,
PP.72.0074.16,Katasab Fish,,Boujdour,71002,Boujdour Province,Morocco,third-country,FFP,PP,,,PP - Processing Plant,,
PCO.25.2903.15,Kenz Errif (Marco Peche),,Agadir,83152,"Taroudant Province,Souss-Massa",Morocco,third-country,FFP,ZV,,,ZV - Freezer Vessel,,
PP.34.0013.14,Klaas Puul Maroc,zone industrielle AL MAJD Quartier Bhayar Aouama,Tangier,90010,"Prefecture of Tangier - Assilah,Tanger - Tétouan - Al Hoceima",Morocco,third-country,FFP,PP,,,PP - Processing Plant,,
3999,Komezmar,LOT 99 ZONE INDUS. BIR RAMI KENITRA 14090,Kenitra,14000,"Province de Kenitra إقليم القنيطرة,Rabat-Salé-Kenitra",Morocco,third-country,FFP,PP,,,PP - Processing Plant,,
SO 2504,Kortoba (Sofinas),BP 1794 Port de Peche,Agadir,83152,"Taroudant Province,Souss-Massa",Morocco,third-country,FFP,ZV,,,ZV - Freezer Vessel,,
1767,L'ESPADON,Quartier Industriel,Agadir,83152,"Taroudant Province,Souss-Massa",Morocco,third-country,FFP,PP,,,PP - Processing Plant,,
PP.5.1393.22,LA REINA DEL COSTA,"KHAILIL 2, Rue 4, N° 97 LA VILLETTE 20032",Casablanca,20310,"Prefecture of Casablanca,Casablanca-Settat",Morocco,third-country,FFP,PP,,,PP - Processing Plant,03/01/2023,
PSO.5.0464.25,LA ROJA-1 (ATLANTIC GAMBA SUD SARL AU),PORT DE PECHE DE CASABLANCA,Casablanca,,"Prefecture of Casablanca,Casablanca-Settat; 8465828	19/06/2025",Morocco,third-country,FFP,ZV,,,ZV - Freezer Vessel,,
PP.71.0311.21,LAAYOUNE FOUR SEASONS SERVICES,Lot n° 131 ZI El Marsa,Laayoune,,Laayoune Province,Morocco,third-country,FFP,PP,,,PP - Processing Plant,15/02/2022,
PP.71.0061.15,LAAYOUNE PROTEINE,Zone Industrielle Laâyoune-port,Laayoune,,Laayoune Province,Morocco,third-country,FFP,PP,,,PP - Processing Plant,,
CO 4709,LABIAR (OMP FLOTTE),,Agadir,83152,"Taroudant Province,Souss-Massa",Morocco,third-country,FFP,ZV,,,ZV - Freezer Vessel,,
PEF.25.0100.16,LADRARMAR 2,Q.I TASSILA III,Agadir,83152,"Taroudant Province,Souss-Massa",Morocco,third-country,FFP,CS,,,CS - Cold Stores,,
PP.74.0291.21,LAGUNE FISH,ZONE INDUSTRIELLE HAY SALAM LOT n° 7,Dakhla,,Dakhla - Oued Ed-Dahab,Morocco,third-country,FFP,PP,,,PP - Processing Plant,,
SO 2502,LARACHE (SOFINAS),BP 1794 Port de Peche,Agadir,83152,"Taroudant Province,Souss-Massa",Morocco,third-country,FFP,ZV,,,ZV - Freezer Vessel,,
PP.7.0050.15,LAURA FISH,,Médiouna,,"Médiouna Province,Casablanca-Settat",Morocco,third-country,FFP,PP,,,PP - Processing Plant,,
PCO.5.0202.19,LE VIZIR (CABESTAN FISHERIES SARL),,Casablanca,20032,"Prefecture of Casablanca,Casablanca-Settat",Morocco,third-country,FFP,ZV,,,ZV - Freezer Vessel,,
PCO.25.0239.19,LEILA-1 (CISNEROS SEA FOOD SA),,Agadir,83152,"Taroudant Province,Souss-Massa",Morocco,third-country,FFP,ZV,,,ZV - Freezer Vessel,,
PP.74.2567.24,LES FRIGORIFIQUES BOUZARGTOUN,Zone Industrielle AL MASSIRA DAKHLA,Dakhla,,Dakhla - Oued Ed-Dahab,Morocco,third-country,FFP,PP,,,PP - Processing Plant,13/02/2025,
PP.7.0357.22,LES FRIGORIFIQUES VICTORIA 1,ZONE INDUSTRIELLE JOUABER OULED SALEH,Nouaceur ⵏⵡⴰⵚⵕ النواصر,,"Nouaceur Province,Casablanca-Settat",Morocco,third-country,FFP,PP,,,PP - Processing Plant,03/01/2023,
PEF.7.0358.22,LES FRIGORIFIQUES VICTORIA 2,ZONE INDUSTRIELLE JOUABER OULED SALEH,Nouaceur ⵏⵡⴰⵚⵕ النواصر,,"Nouaceur Province,Casablanca-Settat",Morocco,third-country,FFP,CS,,,CS - Cold Stores,03/01/2023,
1418,LGMC / AMIAROC,,Agadir,83152,"Taroudant Province,Souss-Massa",Morocco,third-country,FFP,PP,,,PP - Processing Plant,,
1885,LGMC / CHERIFIENNE,route jorf lihoudi,Safi,46013,"Province de Safi إقليم أسفي,Marrakech-Safi",Morocco,third-country,FFP,PP,,,PP - Processing Plant,,
2469,LGMC / COMOSA,route jorf lihoudi,Safi,46013,"Province de Safi إقليم أسفي,Marrakech-Safi",Morocco,third-country,FFP,PP,,,PP - Processing Plant,,
2715,LGMC / MARIANA,route jorf lihoudi,Safi,46013,"Province de Safi إقليم أسفي,Marrakech-Safi",Morocco,third-country,FFP,PP,,,PP - Processing Plant,,
PP.60.0429.24,LICAL,PORT DE PECHE DE MEHDIA,Kenitra,14015,"Province de Kenitra إقليم القنيطرة,Rabat-Salé-Kenitra",Morocco,third-country,FFP,PP,,,PP - Processing Plant,17/04/2024,
PCO.25.0243.20,LILIA (UNIVERSAL FISH SARL),,Agadir,83152,"Taroudant Province,Souss-Massa; 9002013	22/02/2024",Morocco,third-country,FFP,ZV,,,ZV - Freezer Vessel,,
PP.7.0117.16,LIVING FISH 1,LOT No 1102 ZONE INDUSTRIELLE SAPINO PROVINCE DE NOUACEUR,Nouaceur ⵏⵡⴰⵚⵕ النواصر,,"Nouaceur Province,Casablanca-Settat",Morocco,third-country,FFP,PP,,,PP - Processing Plant,,
PEF.7.0118.16,LIVING FISH 2,LOT No 1102 ZONE INDUSTRIELLE SAPINO PROVINCE DE NOUACEUR,Nouaceur ⵏⵡⴰⵚⵕ النواصر,,"Nouaceur Province,Casablanca-Settat",Morocco,third-country,FFP,CS,,,CS - Cold Stores,,
6359,LOGIFOOD,,Casablanca,20580,"Prefecture of Casablanca,Casablanca-Settat",Morocco,third-country,FFP,PP,,,PP - Processing Plant,,
PP.74.3123.21,LOMEN FRIGO,,Dakhla,,Dakhla - Oued Ed-Dahab,Morocco,third-country,FFP,PP,,,PP - Processing Plant,,
PEF.6.0261.20,LOTRAF,ZONE LOGISTIQUE SNTL ENTREPOT D5 ZONE INDUSTRIELLE MOHAMMEDIA,Mohammedia,28810,"Prefecture of Mohammédia,Casablanca-Settat",Morocco,third-country,FFP,CS,,,CS - Cold Stores,,
3432,La Victoire Fish,Z.I TASSILA Parcelle B127/B2,Agadir,83152,"Taroudant Province,Souss-Massa",Morocco,third-country,FFP,PP,,,PP - Processing Plant,,
4012,Laayoune Conserve Nagjir,Zone industrielle Port-Laâyoune 70002,Laayoune,,Laayoune Province,Morocco,third-country,FFP,PP,,,PP - Processing Plant,,
PP.25.0002.14,Ladrarmar,Q.I TASSILA,Agadir,83152,"Taroudant Province,Souss-Massa",Morocco,third-country,FFP,PP,,,PP - Processing Plant,,
CO 6501,Laskia 1 (Societe Des Peches Du Sud De L'Atlas),PORT,Agadir,83152,"Taroudant Province,Souss-Massa",Morocco,third-country,FFP,ZV,,,ZV - Freezer Vessel,,
CO 6502,Laskia 2 (Societe Des Peches Du Sud De L'Atlas),PORT,Agadir,83152,"Taroudant Province,Souss-Massa",Morocco,third-country,FFP,ZV,,,ZV - Freezer Vessel,,
CO 6503,Laskia 3 (Societe Des Peches Du Sud De L'Atlas),PORT,Agadir,83152,"Taroudant Province,Souss-Massa",Morocco,third-country,FFP,ZV,,,ZV - Freezer Vessel,,
CO 6504,Laskia 4 (Societe Des Peches Du Sud De L'Atlas),PORT,Agadir,83152,"Taroudant Province,Souss-Massa",Morocco,third-country,FFP,ZV,,,ZV - Freezer Vessel,,
PP.7.0037.14,Le Fumet De L'Atlas,"N° 9 et 10, Zone Industrielle Dar Bouaazza, Nouaceur, Casablanca",Médiouna,,"Médiouna Province,Casablanca-Settat",Morocco,third-country,FFP,PP,,,PP - Processing Plant,,
1312,Les Frigorifiques Bouzerghtoun,"Rmal Lahlal, Lagouassem, Bouskoura",Médiouna,,"Médiouna Province,Casablanca-Settat",Morocco,third-country,FFP,PP,,,PP - Processing Plant,,
3427,Lotte Fishing,zone portuaire Dakhla N°3 et 4,Dakhla,,Dakhla - Oued Ed-Dahab,Morocco,third-country,FFP,PP,,,PP - Processing Plant,,
PCO.25.5101.16,MAHDI (PALMA PESCA),NOUVEAU PORT AGADIR,Agadir,83152,"Taroudant Province,Souss-Massa",Morocco,third-country,FFP,ZV,,,ZV - Freezer Vessel,,
PCO.68.5102.16,MAJID (PALMA PESCA),,Tan Tan,,Guelmim-Oued Noun,Morocco,third-country,FFP,ZV,,,ZV - Freezer Vessel,,
PCO.25.0141.17,MALOUKA 12 (MERSEAMAR SARL),AGADIR,Agadir,83152,"Taroudant Province,Souss-Massa",Morocco,third-country,FFP,ZV,,,ZV - Freezer Vessel,,
CO 4710,MANAR (PHIASUD),,Agadir,83152,"Taroudant Province,Souss-Massa",Morocco,third-country,FFP,ZV,,,ZV - Freezer Vessel,,
PCO.25.0319.22,MANSOUR EDDAHBI - 1 (DHAF PESCA SARL AU),PORT D'AGADIR,Agadir,,"Agadir Ida-Outanane Prefecture,Souss-Massa",Morocco,third-country,FFP,ZV,,,ZV - Freezer Vessel,23/02/2022,
PCO.25.0179.18,MAR ANTARTICO-2 (FENNEC PECHE SARL),ANCIEN PORT,Agadir,83152,"Taroudant Province,Souss-Massa; 8922369	08/01/2024",Morocco,third-country,FFP,ZV,,,ZV - Freezer Vessel,,
PP.74.0178.18,MAR SEAFOOD,Lot no. 140 ZI HAY ESSALAM DAKHLA,Dakhla,,Dakhla - Oued Ed-Dahab,Morocco,third-country,FFP,PP,,,PP - Processing Plant,,
PSO.25.0071.15,MARANDA NOVENO (SOCIETE MAROC ANDALOUSIE DE PECHE SA),Port de pêche de Tanger,Tangier,90010,"Prefecture of Tangier - Assilah,Tanger - Tétouan - Al Hoceima; 8576055	06/12/2024",Morocco,third-country,FFP,ZV,,,ZV - Freezer Vessel,,
PSO.25.0331.22,MARANDA SEPTIMO (MAROC-ANDALOUSIE DE PECHE SA),PORT D'AGADIR,Agadir,,"Agadir Ida-Outanane Prefecture,Souss-Massa",Morocco,third-country,FFP,ZV,,,ZV - Freezer Vessel,21/06/2022,
SO 2501,MARINA (SOFINAS),BP 1794 Port De Pêche,Agadir,83152,"Taroudant Province,Souss-Massa",Morocco,third-country,FFP,ZV,,,ZV - Freezer Vessel,,
PP.52.0516.26,MAROCPEIXE,LOT N°81 ZONE INDUSTRIELLE,Safi,46000,"Province de Safi إقليم أسفي,Marrakech-Safi",Morocco,third-country,FFP,PP,,,PP - Processing Plant,13/07/2026,
PSO.25.0425.24,MASINE (KHALID FISHERIES),PORT DE PECHE D'AGADIR,Agadir,80000,"Agadir Ida-Outanane Prefecture,Souss-Massa",Morocco,third-country,FFP,ZV,,,ZV - Freezer Vessel,13/05/2024,
PCO.25.0501.22,MASSIRA-VI (ATLANTIC FISH EXPRIENCE SARL),ANCIEN PORT,Agadir,83152,"Taroudant Province,Souss-Massa",Morocco,third-country,FFP,ZV,,,ZV - Freezer Vessel,12/08/2022,
PCO.25.0502.22,MASSIRA-VII (ATLANTIC FISH EXPRIENCE SARL),ANCIEN PORT,Agadir,83152,"Taroudant Province,Souss-Massa",Morocco,third-country,FFP,ZV,,,ZV - Freezer Vessel,12/08/2022,
PCO.25.0503.22,MASSIRA-VIII (ATLANTIC FISH EXPRIENCE SARL),ANCIEN PORT,Agadir,83152,"Taroudant Province,Souss-Massa",Morocco,third-country,FFP,ZV,,,ZV - Freezer Vessel,12/08/2022,
PP.7.0240.20,MEAT CORP,LOT 136 COMPLEXE INDUSTRIEL SAPINO PROVINCE NOUACEUR,Nouaceur ⵏⵡⴰⵚⵕ النواصر,,"Nouaceur Province,Casablanca-Settat",Morocco,third-country,FFP,PP,,,PP - Processing Plant,,
PP.34.0204.19,MED PECHE,NOUVEAU PORT DE PECHE DE TANGER,Tangier,90010,"Prefecture of Tangier - Assilah,Tanger - Tétouan - Al Hoceima",Morocco,third-country,FFP,PP,,,PP - Processing Plant,,
PCO.25.0101.16,MENARA-7 (SHANDONG FISHERIES SA),NOUVEAU PORT AGADIR,Agadir,83152,"Taroudant Province,Souss-Massa",Morocco,third-country,FFP,ZV,,,ZV - Freezer Vessel,,
PCO.25.3302.18,MERSAL 2 (MAYA CEPHALOPODES SARL AU),PORT AGADIR,Agadir,83152,"Taroudant Province,Souss-Massa",Morocco,third-country,FFP,ZV,,,ZV - Freezer Vessel,,
PCO.25.3305.18,MERSAL 5 (MAYA CEPHALOPODES SARL AU),-,Agadir,83152,"Taroudant Province,Souss-Massa",Morocco,third-country,FFP,ZV,,,ZV - Freezer Vessel,,
PCO.25.3306.18,MERSAL 6 (MAYA CEPHALOPODES SARL AU),-,Agadir,83152,"Taroudant Province,Souss-Massa",Morocco,third-country,FFP,ZV,,,ZV - Freezer Vessel,,
PCO.25.3301.20,MERSAL-1 (SORA FISHERIES SARL AU),,Agadir,83152,"Taroudant Province,Souss-Massa",Morocco,third-country,FFP,ZV,,,ZV - Freezer Vessel,,
PCO.25.3303.20,MERSAL-3 (SORA FISHERIES SARL AU),,Agadir,83152,"Taroudant Province,Souss-Massa",Morocco,third-country,FFP,ZV,,,ZV - Freezer Vessel,,
PCO.25.3304.20,MERSAL-4 (SORA FISHERIES SARL AU),,Agadir,83152,"Taroudant Province,Souss-Massa",Morocco,third-country,FFP,ZV,,,ZV - Freezer Vessel,,
PP.68.0224.19,MERVEILLES DE MER 2,ZONE INDUSTRIELLE ROUTE TILEMZOUNE,Tan-Tan,82004,"Province de Tan-Tan إقليم طانطان,Guelmim-Oued Noun",Morocco,third-country,FFP,PP,,,PP - Processing Plant,,
PP.68.0522.26,MERVEILLES DES MERS 3,ZONE INDUSTRIELLE ROUTE TELEMZOUNE TAN TAN 82000,Tan Tan,,Guelmim-Oued Noun,Morocco,third-country,FFP,PP,,,PP - Processing Plant,24/08/2026,
PEF.68.0523.26,MERVEILLES DES MERS ENTREPOSAGE,ZONE INDUSTRIELLE ROUTE TELEMZOUNE TAN TAN,Tan Tan,,Guelmim-Oued Noun,Morocco,third-country,FFP,CS,,,CS - Cold Stores,24/08/2026,
CO 8403,MESK ELIL (PESIMEX),,Agadir,83152,"Taroudant Province,Souss-Massa",Morocco,third-country,FFP,ZV,,,ZV - Freezer Vessel,,
CO 4711,MICHKAT (PHIASUD),,Agadir,83152,"Taroudant Province,Souss-Massa",Morocco,third-country,FFP,ZV,,,ZV - Freezer Vessel,,
1347,MIDAV,route sidi ouassel,Safi,46013,"Province de Safi إقليم أسفي,Marrakech-Safi",Morocco,third-country,FFP,PP,,,PP - Processing Plant,,
PP.25.0308.21,MIRA FISH,ZI Parc Halieutique Lot n° 413 Commune Drarga,Agadir,,"Agadir Ida-Outanane Prefecture,Souss-Massa",Morocco,third-country,FFP,PP,,,PP - Processing Plant,31/01/2022,
PP.74.0475.25,MOROCCO FIRST QUALITY FISH,ZONE INDUSTRIELLE TRANCHE 3 DAKHLA,Dakhla,,Dakhla - Oued Ed-Dahab,Morocco,third-country,FFP,PP,,,PP - Processing Plant,26/05/2025,
PP.25.0242.20,MOROCCO INDUSTRY OCEAN,PARCELLE No 280 ANCIEN PORT,Agadir,83152,"Taroudant Province,Souss-Massa",Morocco,third-country,FFP,PP,,,PP - Processing Plant,,
CO 2907,MOUSALIM (MARCO PÊCHE),,Agadir,83152,"Taroudant Province,Souss-Massa",Morocco,third-country,FFP,ZV,,,ZV - Freezer Vessel,,
PP.5.0001.14,MOUSSAOUI FISH FOOD,"N 97,Hay Rajaa, Angle rue des pleiades et allee des lions",Casablanca,20580,"Prefecture of Casablanca,Casablanca-Settat",Morocco,third-country,FFP,PP,,,PP - Processing Plant,,
PP.50.0511.26,MYA FISH,"ZONE INDUSTRIELLE DE SELOUANE, MED ZED, LOT 14/01 NADOR",Nador,62000,"Province de Nador إقليم الناظور,Oriental",Morocco,third-country,FFP,PP,,,PP - Processing Plant,08/04/2026,
CO 4803,Malouka 1 (Zima Fisheries),,Agadir,83152,"Taroudant Province,Souss-Massa",Morocco,third-country,FFP,ZV,,,ZV - Freezer Vessel,,
CO 7402,Malouka 10 (Drimane Pêche),,Agadir,83152,"Taroudant Province,Souss-Massa",Morocco,third-country,FFP,ZV,,,ZV - Freezer Vessel,,
CO 3102,Malouka 2 (Zima Fisheries),,Agadir,83152,"Taroudant Province,Souss-Massa",Morocco,third-country,FFP,ZV,,,ZV - Freezer Vessel,,
CO 3103,Malouka 3 (Zima Fisheries),,Agadir,83152,"Taroudant Province,Souss-Massa",Morocco,third-country,FFP,ZV,,,ZV - Freezer Vessel,,
CO 6303,Malouka 4 (Merseamar),,Agadir,83152,"Taroudant Province,Souss-Massa",Morocco,third-country,FFP,ZV,,,ZV - Freezer Vessel,,
CO 6301,Malouka 5 (Merseamar),,Agadir,83152,"Taroudant Province,Souss-Massa",Morocco,third-country,FFP,ZV,,,ZV - Freezer Vessel,,
CO 7405,Malouka 6 (Drimane Pêche),,Agadir,83152,"Taroudant Province,Souss-Massa",Morocco,third-country,FFP,ZV,,,ZV - Freezer Vessel,,
CO 7406,Malouka 7 (Drimane Pêche),,Agadir,83152,"Taroudant Province,Souss-Massa",Morocco,third-country,FFP,ZV,,,ZV - Freezer Vessel,,
CO 7403,Malouka 8 (Drimane Pêche),,Agadir,83152,"Taroudant Province,Souss-Massa",Morocco,third-country,FFP,ZV,,,ZV - Freezer Vessel,,
CO 7401,Malouka 9 (Drimane Pêche),,Agadir,83152,"Taroudant Province,Souss-Massa",Morocco,third-country,FFP,ZV,,,ZV - Freezer Vessel,,
PP.47.5879.21,Malufra,Lot 364/365 Z.I.,Taourirt,65800,"Province de Taourirt إقليم تاوريرت,Oriental",Morocco,third-country,FFP,PP,,,PP - Processing Plant,15/02/2022,
4659,Manal Frigo,Z.I. Ouled Essalam,Dakhla,,Dakhla - Oued Ed-Dahab,Morocco,third-country,FFP,PP,,,PP - Processing Plant,,
SO 8001,Manuel Damian (Marcorea),port de pêche Tanger,Tangier,90010,"Prefecture of Tangier - Assilah,Tanger - Tétouan - Al Hoceima",Morocco,third-country,FFP,ZV,,,ZV - Freezer Vessel,,
1927,Mapi,route jorf lihoudi,Safi,46013,"Province de Safi إقليم أسفي,Marrakech-Safi",Morocco,third-country,FFP,PP,,,PP - Processing Plant,,
PA 0902,Maranda Cuarto (Maroc Andalousie De Peche),parcele n°3 nouveau port agadir,Agadir,83152,"Taroudant Province,Souss-Massa",Morocco,third-country,FFP,ZV,,,ZV - Freezer Vessel,,
PSO.25.0387.23,Maranda Octavo (Maroc Andalousie De Peche SA),Port de pêche d'Agadir,Agadir,80024,"Agadir Ida-Outanane Prefecture,Souss-Massa; 9338436	22/05/2023",Morocco,third-country,FFP,ZV,,,ZV - Freezer Vessel,,
SO 9002,Maranda Primero (Maroc Andalousie De Peche),parcele n°3 nouveau port agadir,Agadir,83152,"Taroudant Province,Souss-Massa",Morocco,third-country,FFP,ZV,,,ZV - Freezer Vessel,,
PA 0903,Maranda Quinto (Maroc Andalousie De Peche),parcele n°3 nouveau port agadir,Agadir,83152,"Taroudant Province,Souss-Massa",Morocco,third-country,FFP,ZV,,,ZV - Freezer Vessel,,
SO 9003,Maranda Segundo (Maroc Andalousie De Peche),parcele n°3 nouveau port agadir,Agadir,83152,"Taroudant Province,Souss-Massa",Morocco,third-country,FFP,ZV,,,ZV - Freezer Vessel,,
PA 0904,Maranda Sexto (Maroc Andalousie De Peche),parcele n°3 nouveau port agadir,Agadir,83152,"Taroudant Province,Souss-Massa",Morocco,third-country,FFP,ZV,,,ZV - Freezer Vessel,,
PA 0901,Maranda Tercero (Maroc Andalousie De Peche),parcele n°3 nouveau port agadir,Agadir,83152,"Taroudant Province,Souss-Massa",Morocco,third-country,FFP,ZV,,,ZV - Freezer Vessel,,
PP.53.0076.16,Maro Paws,"Zone industrielle, Lot 157.",El Jadida,24010,"El Jadida Province,Casablanca-Settat",Morocco,third-country,FFP,PP,,,PP - Processing Plant,,
2888,Maromar,nouveau port BP573,Larache,92000,"Larache Province,Tanger - Tétouan - Al Hoceima",Morocco,third-country,FFP,PP,,,PP - Processing Plant,,
4972,Maromega,Port de TANTAN,Tan Tan,,Guelmim-Oued Noun,Morocco,third-country,FFP,PP,,,PP - Processing Plant,,
3960,Marpex,PORT DE PECHE AGADIR,Agadir,83152,"Taroudant Province,Souss-Massa",Morocco,third-country,FFP,PP,,,PP - Processing Plant,,
CO 6006,Martil (Sofinas),PORT DE PECHE BP. 1794 AGADIR,Agadir,83152,"Taroudant Province,Souss-Massa",Morocco,third-country,FFP,ZV,,,ZV - Freezer Vessel,,
5649,Med Seafood,Allé n° 3 ZI Al majd,Tangier,90010,"Prefecture of Tangier - Assilah,Tanger - Tétouan - Al Hoceima",Morocco,third-country,FFP,PP,,,PP - Processing Plant,,
PA.50.0391.23,Mediterranean Aquafarm,"BP 108, RAS EL MA PORT RAS EL MA COMMUNE",Nador,62000,"Province de Nador إقليم الناظور,Oriental",Morocco,third-country,FFP,PP,,,PP - Processing Plant,19/06/2023,
3280,Mellale Peche,Zone industrielle SALAM - Dakhla,Dakhla,,Dakhla - Oued Ed-Dahab,Morocco,third-country,FFP,PP,,,PP - Processing Plant,,
4279,Mer Fruit,,Beni Ansar / Aït Nsar,62050,"Province de Nador إقليم الناظور,Oriental",Morocco,third-country,FFP,PP,,,PP - Processing Plant,,
5898,Merveilles Des Mers,Z.I. Route Telmzoune,Tan-Tan,82004,"Province de Tan-Tan إقليم طانطان,Guelmim-Oued Noun",Morocco,third-country,FFP,PP,,,PP - Processing Plant,,
PA 0601,Moulay El Habib (Crusbel),PARCELLE N° 3 NOUVEAU PORT,Agadir,83152,"Taroudant Province,Souss-Massa",Morocco,third-country,FFP,ZV,,,ZV - Freezer Vessel,,
PP.60.2388.24,Moutei Et Gonzalez,PORT DE PECHE MEHDIA,Mehdya,,Rabat-Salé-Kenitra,Morocco,third-country,FFP,PP,,,PP - Processing Plant,09/10/2024,
CO 5301,NAMIA 1 (HAIFEN FISHERIES),,Agadir,83152,"Taroudant Province,Souss-Massa",Morocco,third-country,FFP,ZV,,,ZV - Freezer Vessel,,
CO 5001,NAMIA 10 (HAIFEN FISHERIES),,Agadir,83152,"Taroudant Province,Souss-Massa",Morocco,third-country,FFP,ZV,,,ZV - Freezer Vessel,,
CO 5002,NAMIA 11 (HAIFEN FISHERIES),,Agadir,83152,"Taroudant Province,Souss-Massa",Morocco,third-country,FFP,ZV,,,ZV - Freezer Vessel,,
PCO.25.0255.20,NAMIA 15,,Agadir,83152,"Taroudant Province,Souss-Massa",Morocco,third-country,FFP,ZV,,,ZV - Freezer Vessel,,
CO 5302,NAMIA 2 (HAIFEN FISHERIES),,Agadir,83152,"Taroudant Province,Souss-Massa",Morocco,third-country,FFP,ZV,,,ZV - Freezer Vessel,,
CO 5303,NAMIA 3 (HAIFEN FISHERIES),,Agadir,83152,"Taroudant Province,Souss-Massa",Morocco,third-country,FFP,ZV,,,ZV - Freezer Vessel,,
CO 5304,NAMIA 4 (HAIFEN FISHERIES),,Agadir,83152,"Taroudant Province,Souss-Massa",Morocco,third-country,FFP,ZV,,,ZV - Freezer Vessel,,
CO 3402,NAMIA 5 (HAIFEN FISHERIES),,Agadir,83152,"Taroudant Province,Souss-Massa",Morocco,third-country,FFP,ZV,,,ZV - Freezer Vessel,,
CO 3401,NAMIA 6 (HAIFEN FISHERIES),,Agadir,83152,"Taroudant Province,Souss-Massa",Morocco,third-country,FFP,ZV,,,ZV - Freezer Vessel,,
CO 0701,NAMIA 7 (HAIFEN FISHERIES),,Agadir,83152,"Taroudant Province,Souss-Massa",Morocco,third-country,FFP,ZV,,,ZV - Freezer Vessel,,
CO 0702,NAMIA 8 (HAIFEN FISHERIES),,Agadir,83152,"Taroudant Province,Souss-Massa",Morocco,third-country,FFP,ZV,,,ZV - Freezer Vessel,,
CO 5003,NAMIA 9 (HAIFEN FISHERIES),,Agadir,83152,"Taroudant Province,Souss-Massa",Morocco,third-country,FFP,ZV,,,ZV - Freezer Vessel,,
CO 5004,NAMIA12 (HAIFEN FISHERIES),,Agadir,83152,"Taroudant Province,Souss-Massa",Morocco,third-country,FFP,ZV,,,ZV - Freezer Vessel,,
PP.25.3313.20,NATURA POISSONS,nouveau port d'Agadir,Agadir,83152,"Taroudant Province,Souss-Massa",Morocco,third-country,FFP,PP,,,PP - Processing Plant,,
PEF.25.0394.23,NATURA POISSONS 2,Lot 66 Nouveau port d'Agdir,Agadir,80005,"Agadir Ida-Outanane Prefecture,Souss-Massa",Morocco,third-country,FFP,CS,,,CS - Cold Stores,18/09/2023,
PP.6.0167.18,NOBLEMAR,PORT DE PECHE DE MOHAMMEDIA,Mohammedia,28810,"Prefecture of Mohammédia,Casablanca-Settat",Morocco,third-country,FFP,PP,,,PP - Processing Plant,,
6127,NORD AFRICA FISH,ZI Port de Pêche de Laâyoune,Laayoune,,Laayoune Province,Morocco,third-country,FFP,PP,,,PP - Processing Plant,,
CO 4712,NOUR (PHIASUD ),,Agadir,83152,"Taroudant Province,Souss-Massa",Morocco,third-country,FFP,ZV,,,ZV - Freezer Vessel,,
PP.72.0313.21,NOUVELLE CONSERVERIE DE BOUJDOUR,ZI 2ème TRANCHE Lots 45-46-47-63-64-65,Boujdour,71002,Boujdour Province,Morocco,third-country,FFP,PP,,,PP - Processing Plant,15/02/2022,
2081,NOUVELLE COSARNO,Rue Albahhara Q.I Anza,Agadir,83152,"Taroudant Province,Souss-Massa",Morocco,third-country,FFP,PP,,,PP - Processing Plant,,
PEF.25.0195.18,NOUVELLE COSARNO 2,RUE AL BAHARA QI. ANZA.,Agadir,83152,"Taroudant Province,Souss-Massa",Morocco,third-country,FFP,CS,,,CS - Cold Stores,,
PHA.24.0396.23,NOUVELLE HALLE AU POISSON D'ESSAOUIRA,Port d'Essaouira,Essaouira,44000,"Essaouira Province,Marrakech-Safi",Morocco,third-country,FFP,AH,,,AH - Auction Hall,18/09/2023,
PP.72.0251.20,NOUVELLE UNITE DIPROMER,ZONE INDUSTRIELLE 2EME TRANCHE LOT No 26-27-28-29,Boujdour,71002,Boujdour Province,Morocco,third-country,FFP,PP,,,PP - Processing Plant,,
PCC.34.0034.16,NUEVO MAR (ANALMO PECHE),TANGER,Tangier,90010,"Prefecture of Tangier - Assilah,Tanger - Tétouan - Al Hoceima",Morocco,third-country,FFP,ZV,,,ZV - Freezer Vessel,,
PP.25.0302.21,NUOVA ONDAMAR,"LOT 80 ZI TASSILA ΙΙΙ, ΤΙΚΙΟUIΝΕ",Agadir,83152,"Taroudant Province,Souss-Massa",Morocco,third-country,FFP,PP,,,PP - Processing Plant,,
PP.26.0040.14,Nabaoctopus,"N° 674 av. Farahat Hachad, Z.I Tassila",Agadir,83152,"Taroudant Province,Souss-Massa",Morocco,third-country,FFP,PP,,,PP - Processing Plant,,
3879,Nepton Frigo,,Tan Tan,,Guelmim-Oued Noun,Morocco,third-country,FFP,PP,,,PP - Processing Plant,,
PP.52.4984.23,New Indus Fish,"LOT 80, ZONE INDUSTRIELLE BASSE route DJORF LYHOUDI",Safi,46000,"Province de Safi إقليم أسفي,Marrakech-Safi",Morocco,third-country,FFP,PP,,,PP - Processing Plant,23/05/2023,
3339,Noun's Fish,"sidi rahal plage, Province BERRCHID",Berrechid,26100,"Berrechid Province,Casablanca-Settat",Morocco,third-country,FFP,PP,,,PP - Processing Plant,,
4512,Nounemaroc,,Kenitra,14000,"Province de Kenitra إقليم القنيطرة,Rabat-Salé-Kenitra",Morocco,third-country,FFP,PP,,,PP - Processing Plant,,
3148,Nouvelle Aveiro Maroc II,,Agadir,83152,"Taroudant Province,Souss-Massa",Morocco,third-country,FFP,PP,,,PP - Processing Plant,,
PP.68.0012.14,Nouvelle Ougala,,Tan Tan,,Guelmim-Oued Noun,Morocco,third-country,FFP,PP,,,PP - Processing Plant,,
PP.71.0250.20,O-2A-FISH,No 136 ZONE INDUSTRIELLE ALMARSA,Laayoune,,Laayoune Province,Morocco,third-country,FFP,PP,,,PP - Processing Plant,,
PEF.71.0495.25,O2A FISH II,"Lot n° 135, Zone industrielle El Marsa Laâyoune",Laayoune,,Laayoune Province,Morocco,third-country,FFP,CS,,,CS - Cold Stores,05/01/2026,
PP.72.0139.17,OCEAMIC BOUJDOUR,"LOT H 13, ZONE INDUSTRIELLE BOUJDOUR",Boujdour,71002,Boujdour Province,Morocco,third-country,FFP,PP,,,PP - Processing Plant,,
PP.71.0411.23,OCEAMIC LAAYOUNE 2,ZONE INDUSTRIELLE EL MARSA LOT 61 LAAYOUNE,Laayoune,,Laayoune Province,Morocco,third-country,FFP,PP,,,PP - Processing Plant,19/03/2024,
PP.25.3535.17,OCEAN DELIGHTS,E 26 Z.I TASSILA,Agadir,83152,"Taroudant Province,Souss-Massa",Morocco,third-country,FFP,PP,,,PP - Processing Plant,,
PP.71.0364.22,OCTOMAR,LOT N° 87 ZONE INDUSTRIELLE EL MARSA,Laayoune,,Laayoune Province,Morocco,third-country,FFP,PP,,,PP - Processing Plant,03/01/2023,
4079,OLVEA ATLANTIC,Lot B 631 Z.I. AIT Melloul,Agadir,83152,"Taroudant Province,Souss-Massa",Morocco,third-country,FFP,PP,,,PP - Processing Plant,,
PEF.59.0286.21,OMEGA FRIGO,DOUAR CRAIZE OULED ISSA COMMUNE JACMA,Berrechid,26100,"Berrechid Province,Casablanca-Settat",Morocco,third-country,FFP,CS,,,CS - Cold Stores,,
PP.60.0400.23,ORO AZZURRO DEL MARE,Lot A Quartier Industriel municipal Kénitra,Kenitra,14000,"Province de Kenitra إقليم القنيطرة,Rabat-Salé-Kenitra",Morocco,third-country,FFP,PP,,,PP - Processing Plant,18/09/2023,
PP.74.0322.22,OUED EDDAHAB PRO,Lot n° 3 Zone industrielle portuaire Dakhla,Dakhla,,Dakhla - Oued Ed-Dahab,Morocco,third-country,FFP,PP,,,PP - Processing Plant,18/05/2022,
PCO.25.0143.17,OUMNIA II (SALY FISHING CORPORATION SARL),AGADIR,Agadir,83152,"Taroudant Province,Souss-Massa",Morocco,third-country,FFP,ZV,,,ZV - Freezer Vessel,,
PCO.25.0151.17,OUMNIA-12 (SALY FISHING CORPORATION SARL),AGADIR,Agadir,83152,"Taroudant Province,Souss-Massa",Morocco,third-country,FFP,ZV,,,ZV - Freezer Vessel,,
PCO.25.0181.18,OUMNIA-13 (SALY FISHING CORPORATION SARL),ANCIEN PORT AGADIR,Agadir,83152,"Taroudant Province,Souss-Massa",Morocco,third-country,FFP,ZV,,,ZV - Freezer Vessel,,
PCO.25.0235.19,OUMNIA-14 (SALY FISHING CORPORATION SARL),,Agadir,83152,"Taroudant Province,Souss-Massa",Morocco,third-country,FFP,ZV,,,ZV - Freezer Vessel,,
CO 8401,OUZOUD (PESIMEX),,Agadir,83152,"Taroudant Province,Souss-Massa",Morocco,third-country,FFP,ZV,,,ZV - Freezer Vessel,,
PP.68.5889.23,OVERSEAS LINK INTERNATIONAL,Port de pêche de Tan-Tan El Outia,Tan Tan,,Guelmim-Oued Noun,Morocco,third-country,FFP,PP,,,PP - Processing Plant,23/05/2023,
3336,Oceamic Laayoune,BP 154 Port de Laâyoune,Laayoune,,Laayoune Province,Morocco,third-country,FFP,PP,,,PP - Processing Plant,,
1425,Omnium Marocain De Peche Industrie,BP 189 TAN TAN PORT,Tan Tan,,Guelmim-Oued Noun,Morocco,third-country,FFP,PP,,,PP - Processing Plant,,
3211,Oprop Congelation,ZONE PORTUAIRE,Tan-Tan,82004,"Province de Tan-Tan إقليم طانطان,Guelmim-Oued Noun",Morocco,third-country,FFP,PP,,,PP - Processing Plant,,
6043,Orga Food,"Route Djorf Llihoudi, Quartier Industriel",Safi,46013,"Province de Safi إقليم أسفي,Marrakech-Safi",Morocco,third-country,FFP,PP,,,PP - Processing Plant,,
3653,Ougala II,,Tan Tan,,Guelmim-Oued Noun,Morocco,third-country,FFP,PP,,,PP - Processing Plant,,
CO 2501,Oumnia 1 (Saly Fishing Corporation),ANCIEN PORT AGADIR,Agadir,83152,"Taroudant Province,Souss-Massa",Morocco,third-country,FFP,ZV,,,ZV - Freezer Vessel,,
PEF.25.0350.22,PALMA PESCA,PARCELLE 82 ET 83 ZONE INDUSTRIELLE PORT DE COMMERCE,Agadir,,"Agadir Ida-Outanane Prefecture,Souss-Massa",Morocco,third-country,FFP,CS,,,CS - Cold Stores,19/10/2022,
PP.25.0388.23,PALMA PESCA 2,Parcelle n° 84 Z.I. nouveau port d'Agadir,Agadir,80005,"Agadir Ida-Outanane Prefecture,Souss-Massa",Morocco,third-country,FFP,PP,,,PP - Processing Plant,23/05/2023,
PSO.5.0132.17,PEIX-6 (BIOB SHRIMP FISH SUD SARL),CASABLANCA,Casablanca,20032,"Prefecture of Casablanca,Casablanca-Settat",Morocco,third-country,FFP,ZV,,,ZV - Freezer Vessel,,
PP.25.3665.23,PELAGIC INVESTMENT,NOUVEAU PORT,Agadir,83152,"Taroudant Province,Souss-Massa",Morocco,third-country,FFP,PP,,,PP - Processing Plant,19/03/2024,
PP.74.0280.21,PELAGIC PRO,LOT No 4 ZONE PORTUAIRE DE DAKHLA,Dakhla,,Dakhla - Oued Ed-Dahab,Morocco,third-country,FFP,PP,,,PP - Processing Plant,,
PP.74.0513.26,PELAGIC PRO I,LOT N° 4 ZONE INDUSTRIELLE DU PORT DAKHLA,Dakhla,,Dakhla - Oued Ed-Dahab,Morocco,third-country,FFP,PP,,,PP - Processing Plant,09/06/2026,
PP.25.0220.19,PELAGIQUE INDUSTRIE,"No1-11,LOT PARC HALIOPOLIS, C.R.DRARGA TIKIOUINE",Agadir,83152,"Taroudant Province,Souss-Massa",Morocco,third-country,FFP,PP,,,PP - Processing Plant,,
PP.71.0186.18,PELAPRO,LOT No 35 D ZONE INDUSTRIELLE EL MARSSA,Laayoune,,Laayoune Province,Morocco,third-country,FFP,PP,,,PP - Processing Plant,,
PCO.25.0271.21,PEONY-1 (HAI SHENG FISHERIES),,Agadir,83152,"Taroudant Province,Souss-Massa",Morocco,third-country,FFP,ZV,,,ZV - Freezer Vessel,,
PCO.25.0272.21,PEONY-4 (HAI SHENG FISHERIES),,Agadir,83152,"Taroudant Province,Souss-Massa",Morocco,third-country,FFP,ZV,,,ZV - Freezer Vessel,,
PCO.25.0273.21,PEONY-6 (SHANDONG FISHERIES),,Agadir,83152,"Taroudant Province,Souss-Massa",Morocco,third-country,FFP,ZV,,,ZV - Freezer Vessel,,
PP.72.0525.26,PESCA DEL CAPO,"LOT N° 50, ZONE INDUSTRIELLE MEDZ TRANCHE II, BOUJDOUR",Boujdour,71002,Boujdour Province,Morocco,third-country,FFP,PP,,,PP - Processing Plant,24/08/2026,
PP.34.3583.19,PESCA ZERHOUN,Port de peche de Tanger,Tangier,90010,"Prefecture of Tangier - Assilah,Tanger - Tétouan - Al Hoceima",Morocco,third-country,FFP,PP,,,PP - Processing Plant,,
PP.50.0378.23,PESCADO LONA DEL MAR,Port de pêche Beni Ensar,Nador,62000,"Province de Nador إقليم الناظور,Oriental",Morocco,third-country,FFP,PP,,,PP - Processing Plant,22/03/2023,
PEF.25.0414.23,PESCADO SUR OCEANO-1,"PARCELLE 292F-292G, PORT DE PECHE D'AGADIR",Agadir,80005,"Agadir Ida-Outanane Prefecture,Souss-Massa",Morocco,third-country,FFP,CS,,,CS - Cold Stores,19/03/2024,
PP.71.0449.24,PESCADOS FRIGO,LOT N° 27 Zone Industrielle EM Marssa,Laayoune,,Laayoune Province,Morocco,third-country,FFP,PP,,,PP - Processing Plant,31/10/2024,
PP.60.0198.19,PESCADOS PUNTAMAR,PORT DE MEHDIA KENITRA,Mehdia ⵎⵀⴷⵉⵢⴰ المهدية,14080,"Province de Kenitra إقليم القنيطرة,Rabat-Salé-Kenitra",Morocco,third-country,FFP,PP,,,PP - Processing Plant,,
1310,POLYVALENT ENNAJEH (ETS),"28, rue AL Ahram, Belvedere, Casablanca",Casablanca,20580,"Prefecture of Casablanca,Casablanca-Settat",Morocco,third-country,FFP,PP,,,PP - Processing Plant,,
PEF.25.0347.22,PREST CONG,Parcelle n° 250 (SI) Zone pêche hauturière au port de pêche Agadir,Agadir,,"Agadir Ida-Outanane Prefecture,Souss-Massa",Morocco,third-country,FFP,CS,,,CS - Cold Stores,19/10/2022,
PEF.25.0109.16,PROCESSING AND TRADING SEAFOOD,"LOT HALIOPOLIS No 11,12 COMMUNE DRARGA",Agadir,83152,"Taroudant Province,Souss-Massa",Morocco,third-country,FFP,CS,,,CS - Cold Stores,,
PP.25.0122.17,PROCESSING AND TRADING SEAFOOD 2,LOT HALIOPOLIS No11 ET 12 COMMUNE DRARGA -AGADIR,Agadir,83152,"Taroudant Province,Souss-Massa",Morocco,third-country,FFP,PP,,,PP - Processing Plant,,
PP.74.0418.24,PROTEIN AND OIL INDUSTRY,234 ET 235 QUARTIER INDUSTRIEL HAY ESSALAM DAKHLA MAROC +212528930258,Dakhla,,Dakhla - Oued Ed-Dahab,Morocco,third-country,FFP,PP,,,PP - Processing Plant,19/03/2024,
CO 3603,PULMAR I (PULMAR),ANCIEN PORT AGADIR,Agadir,83152,"Taroudant Province,Souss-Massa",Morocco,third-country,FFP,ZV,,,ZV - Freezer Vessel,,
5443,Pesbak & Benjelloun II,"Lot 40, 41, 42 Z.I. Gzenaya",Tangier,90010,"Prefecture of Tangier - Assilah,Tanger - Tétouan - Al Hoceima",Morocco,third-country,FFP,PP,,,PP - Processing Plant,,
3287,Pesca Gharb,PORT DE PECHE MEHDIA - Mehdia,Kenitra,14000,"Province de Kenitra إقليم القنيطرة,Rabat-Salé-Kenitra",Morocco,third-country,FFP,PP,,,PP - Processing Plant,26/05/2023,
PA 0405,Pescabona Cinco (Pescabona),Port de pêche de Tanger,Tangier,90010,"Prefecture of Tangier - Assilah,Tanger - Tétouan - Al Hoceima",Morocco,third-country,FFP,ZV,,,ZV - Freezer Vessel,,
PA 0404,Pescabona Cuatro ( Pescabona),Port de pêche de Tanger,Tangier,90010,"Prefecture of Tangier - Assilah,Tanger - Tétouan - Al Hoceima",Morocco,third-country,FFP,ZV,,,ZV - Freezer Vessel,,
PA 0402,Pescabona Dos (Pescabona),Port de pêche de Tanger,Tangier,90010,"Prefecture of Tangier - Assilah,Tanger - Tétouan - Al Hoceima",Morocco,third-country,FFP,ZV,,,ZV - Freezer Vessel,,
PA 0406,Pescabona Seis (Pescabona),Port de pêche de Tanger,Tangier,90010,"Prefecture of Tangier - Assilah,Tanger - Tétouan - Al Hoceima",Morocco,third-country,FFP,ZV,,,ZV - Freezer Vessel,,
PA 0403,Pescabona Tres (Pescabona),Port de pêche de Tanger,Tangier,90010,"Prefecture of Tangier - Assilah,Tanger - Tétouan - Al Hoceima",Morocco,third-country,FFP,ZV,,,ZV - Freezer Vessel,,
PA 0401,Pescabona Uno (Pescabona),Port de pêche de Tanger,Tangier,90010,"Prefecture of Tangier - Assilah,Tanger - Tétouan - Al Hoceima",Morocco,third-country,FFP,ZV,,,ZV - Freezer Vessel,,
PP.74.3411.22,Pescadak,ZONE INDUSTRIELLE DAKHLA,Dakhla,,Dakhla - Oued Ed-Dahab,Morocco,third-country,FFP,PP,,,PP - Processing Plant,18/05/2022,
2515,Pescados del Canto,,M'diq,93153,"Préfecture de M'diq-Fnideq عمالة المضيق الفنيدق,Tanger - Tétouan - Al Hoceima",Morocco,third-country,FFP,PP,,,PP - Processing Plant,,
3122,Pesconda,Hay Salam Zone Industrielle Dakhla,Dakhla,,Dakhla - Oued Ed-Dahab,Morocco,third-country,FFP,PP,,,PP - Processing Plant,,
3237,Poulpomar,zone industrielle hay essalam dakhla,Dakhla,,Dakhla - Oued Ed-Dahab,Morocco,third-country,FFP,PP,,,PP - Processing Plant,,
3694,Pro Co Saf,"zone industriel basse, jorf lihoudi",Safi,46013,"Province de Safi إقليم أسفي,Marrakech-Safi",Morocco,third-country,FFP,PP,,,PP - Processing Plant,,
1322,PÊCHE ET FROID DU SOUSS «P.F.S.»,ANCIEN PORT,Agadir,83152,"Taroudant Province,Souss-Massa",Morocco,third-country,FFP,PP,,,PP - Processing Plant,,
PP.25.0420.24,QUALITY SEA PRODUCT,PARCELLE N° i 12 (1ET2) HALIOPOLIS ZONE INDUSTRIELLE DRARGA AGADIR,Agadir,80005,"Agadir Ida-Outanane Prefecture,Souss-Massa",Morocco,third-country,FFP,PP,,,PP - Processing Plant,19/03/2024,
PEF.25.0421.24,QUALITY SEA PRODUCT 1,PARCELLE N° i 13 (1 ET 2) HALIOPOLIS ZONE INDUSTRIELLE DRARGA AGADIR,Agadir,83152,"Taroudant Province,Souss-Massa",Morocco,third-country,FFP,CS,,,CS - Cold Stores,19/03/2024,
CO 1105,RAWNAK (OMP FLOTTE),,Tan Tan,,Guelmim-Oued Noun,Morocco,third-country,FFP,ZV,,,ZV - Freezer Vessel,,
PP.25.0219.19,RAYLO,RUE ALMILAHA QUARTIER INDUSTRIEL D'ANZA,Agadir,83152,"Taroudant Province,Souss-Massa",Morocco,third-country,FFP,PP,,,PP - Processing Plant,,
PSO.25.0222.19,REGINA (GLOBAL FISHERIES SARL),PORT DE PECHE DE TANGER,Tangier,90010,"Prefecture of Tangier - Assilah,Tanger - Tétouan - Al Hoceima",Morocco,third-country,FFP,ZV,,,ZV - Freezer Vessel,,
2022,REKTA KRIFA,RUE PRESIDENT BEKKAY QI AGADIR,Agadir,83152,"Taroudant Province,Souss-Massa",Morocco,third-country,FFP,PP,,,PP - Processing Plant,,
PEF.74.0295.21,RIO INTERFRIGO,LOTNo 250 ZONE INDUSTRIELLE,Dakhla,,Dakhla - Oued Ed-Dahab,Morocco,third-country,FFP,CS,,,CS - Cold Stores,,
PSO.34.0373.23,RIO MAU (VAREMAR SARL),PORT DE PECHE DE TANGER,Tangier,90000,"Prefecture of Tangier - Assilah,Tanger - Tétouan - Al Hoceima",Morocco,third-country,FFP,ZV,,,ZV - Freezer Vessel,25/04/2023,
3223,Raissmer,Lots 32-33 Zone Industrielle Hay Essalam 73000,Dakhla,,Dakhla - Oued Ed-Dahab,Morocco,third-country,FFP,PP,,,PP - Processing Plant,,
2580,Raoihane,"Rue Assinaa, Q.I. Anza",Agadir,83152,"Taroudant Province,Souss-Massa",Morocco,third-country,FFP,PP,,,PP - Processing Plant,,
3192,Restinga Mar,"Zone industrielle N° 18 Selouane, Province de Nador",Nador,62000,"Province de Nador إقليم الناظور,Oriental",Morocco,third-country,FFP,PP,,,PP - Processing Plant,,
5108,Rguimar Quesada,"zone industrielle basse, jorf lihoudi",Safi,46013,"Province de Safi إقليم أسفي,Marrakech-Safi",Morocco,third-country,FFP,PP,,,PP - Processing Plant,,
3400,Rijal Sakia Al Hamra,zone industrielle hay essalam dakhla,Dakhla,,Dakhla - Oued Ed-Dahab,Morocco,third-country,FFP,PP,,,PP - Processing Plant,,
PP.71.0027.14,Rijal Sakia El Hamra,,Laayoune,,Laayoune Province,Morocco,third-country,FFP,PP,,,PP - Processing Plant,,
2914,Rio Export,zone industrielle hay essalam dakhla,Dakhla,,Dakhla - Oued Ed-Dahab,Morocco,third-country,FFP,PP,,,PP - Processing Plant,,
3031,Rio Glace,zone industrielle hay essalam dakhla,Dakhla,,Dakhla - Oued Ed-Dahab,Morocco,third-country,FFP,PP,,,PP - Processing Plant,,
CO 1501,Rita 1 (Gold Sea Fish),,Agadir,83152,"Taroudant Province,Souss-Massa",Morocco,third-country,FFP,ZV,,,ZV - Freezer Vessel,,
PCO.68.5103.18,SADR (FRE FISMA SARL),-,Agadir,83152,"Taroudant Province,Souss-Massa",Morocco,third-country,FFP,ZV,,,ZV - Freezer Vessel,,
CO 6008,SAFI IV (SOFINAS),PORT DE PECHE BP. 1794 AGADIR,Agadir,83152,"Taroudant Province,Souss-Massa",Morocco,third-country,FFP,ZV,,,ZV - Freezer Vessel,,
PP.52.0108.16,SAFI PESCADOS,"Lot 33, Zone Industrielle, SAFI",Safi,46013,"Province de Safi إقليم أسفي,Marrakech-Safi",Morocco,third-country,FFP,PP,,,PP - Processing Plant,,
PP.71.0359.22,SAHARA OCTOPUS,Zone Industrielle EL MARSA LOT 28,Laayoune,,Laayoune Province,Morocco,third-country,FFP,PP,,,PP - Processing Plant,03/01/2023,
PP.26.0241.20,SAHARA SEALANDFOOD,No 112 ZONE INDUSTRIELLE TASSILA INEZGANE,Ait Melloul,,"Inezgane-Ait Melloul Prefecture,Souss-Massa",Morocco,third-country,FFP,PP,,,PP - Processing Plant,,
CO 1106,SAHM (OMP FLOTTE),,Tan Tan,,Guelmim-Oued Noun,Morocco,third-country,FFP,ZV,,,ZV - Freezer Vessel,,
PP.5.5446.18,SAIF AL BAHR,Casablanca,Casablanca,20200,"Prefecture of Casablanca,Casablanca-Settat",Morocco,third-country,FFP,PP,,,PP - Processing Plant,23/05/2023,
2372,SAITO,N° 35 Q.I TASSILA,Agadir,83152,"Taroudant Province,Souss-Massa",Morocco,third-country,FFP,PP,,,PP - Processing Plant,,
PEF.26.0392.23,SAITO 2,N° 35 Q.I. TASSILA COMMUNE DCHEIRA EL JIHADIA INEZGANE - AIT MELLOUL,Agadir,80024,"Agadir Ida-Outanane Prefecture,Souss-Massa",Morocco,third-country,FFP,CS,,,CS - Cold Stores,13/06/2023,
PP.34.0518.26,SALDEMAR,N°7 PORT DE PECHE DE TANGER,Tangier,90010,"Prefecture of Tangier - Assilah,Tanger - Tétouan - Al Hoceima",Morocco,third-country,FFP,PP,,,PP - Processing Plant,09/06/2026,
PCO.25.2103.16,SALIMA (FINE FISHING),NOUVEAU PORT AGADIR,Agadir,83152,"Taroudant Province,Souss-Massa",Morocco,third-country,FFP,ZV,,,ZV - Freezer Vessel,,
CO 4713,SALWA (OMP FLOTTE),,Agadir,83152,"Taroudant Province,Souss-Massa",Morocco,third-country,FFP,ZV,,,ZV - Freezer Vessel,,
PP.1.0232.19,SAMAK BEN PROJET,Z.I LOT 2263 LOTISSEMENT OULED ZAERS AIN AOUDA,Rabat,,"Prefecture of Rabat,Rabat-Salé-Kenitra",Morocco,third-country,FFP,PP,,,PP - Processing Plant,,
4521,SAMARA,"01 rue abdelmoumen, quartier industriel, Essaouira.",Essaouira,44000,"Essaouira Province,Marrakech-Safi",Morocco,third-country,FFP,PP,,,PP - Processing Plant,,
PP.50.0458.25,SAMIA FISH,PORT DE PECHE DE BENI ENSAR NADOR,Nador,62000,"Province de Nador إقليم الناظور,Oriental",Morocco,third-country,FFP,PP,,,PP - Processing Plant,06/03/2025,
PSO.25.0482.25,SAN JORGE-R (FISHEMAR SA),Port de Pêche d'Agadir,Agadir,80005,"Agadir Ida-Outanane Prefecture,Souss-Massa; 9276121	21/10/2025",Morocco,third-country,FFP,ZV,,,ZV - Freezer Vessel,,
PP.74.2500.19,SARGA FRIGO,,Dakhla,,Dakhla - Oued Ed-Dahab,Morocco,third-country,FFP,PP,,,PP - Processing Plant,,
CO 4802,SAYAD (MARCOPÊCHE),,Agadir,83152,"Taroudant Province,Souss-Massa",Morocco,third-country,FFP,ZV,,,ZV - Freezer Vessel,,
PP.47.0281.21,SEAFOOD PROCESSING,EL AIOUN SIDI MELLOUK PRES DU LYCEE ALOUYOUNE AL JADIDA PROVINCE DE TAOURIRT,Taourirt,65800,"Province de Taourirt إقليم تاوريرت,Oriental",Morocco,third-country,FFP,PP,,,PP - Processing Plant,,
PP.26.0246.20,SELECT FISH,LOT No B 775 QUARTIER INDUSTRIEL INEZGANE,Ait Melloul,,"Inezgane-Ait Melloul Prefecture,Souss-Massa",Morocco,third-country,FFP,PP,,,PP - Processing Plant,,
PCO.25.0361.22,SELMA-4 (SOCIETE D'ARMEMENT ET DE PECHE JAWHARA SA),AGADIR,Agadir,80000,"Agadir Ida-Outanane Prefecture,Souss-Massa; 9958822	03/01/2023",Morocco,third-country,FFP,ZV,,,ZV - Freezer Vessel,,
PCO.25.0362.22,SELMA-5 (SOCIETE D'ARMEMENT ET DE PECHE NASSIM SA),AGADIR,Agadir,80000,"Agadir Ida-Outanane Prefecture,Souss-Massa; 9958834	03/01/2023",Morocco,third-country,FFP,ZV,,,ZV - Freezer Vessel,,
PCO.25.0363.22,SELMA-6 (PESCARIF SA),AGADIR,Agadir,80000,"Agadir Ida-Outanane Prefecture,Souss-Massa; 9958810	03/01/2023",Morocco,third-country,FFP,ZV,,,ZV - Freezer Vessel,,
PP.71.0185.18,SEPOMER SAHARA 2,ZONE INDUSTRIELLE EL MARSA,Laayoune,,Laayoune Province,Morocco,third-country,FFP,PP,,,PP - Processing Plant,,
2381,SERCODA,,Dakhla,,Dakhla - Oued Ed-Dahab,Morocco,third-country,FFP,PP,,,PP - Processing Plant,,
1898,SIALCO,Q.I ANZA,Agadir,83152,"Taroudant Province,Souss-Massa",Morocco,third-country,FFP,PP,,,PP - Processing Plant,,
PP.33.0477.25,SIDI IFNI FISH,LOT N°204 ET 2014 DE LA ZONE INDUSTRIELLE AU PORT DE SIDI IFNI,Sidi Ifni,85202,"Sidi Ifni Province,Guelmim-Oued Noun",Morocco,third-country,FFP,PP,,,PP - Processing Plant,26/05/2025,
CO 5704,SIP 5 (SITA FISHING),ANCIEN PORT,Agadir,83152,"Taroudant Province,Souss-Massa",Morocco,third-country,FFP,ZV,,,ZV - Freezer Vessel,,
PCO.25.5702.22,SIP-2 (GUADAZUL F.B SARL),ANCIEN PORT AGADIR,Agadir,83152,"Taroudant Province,Souss-Massa",Morocco,third-country,FFP,ZV,,,ZV - Freezer Vessel,12/08/2022,
CO 4714,SIRAJ (PHIASUD),,Agadir,83152,"Taroudant Province,Souss-Massa",Morocco,third-country,FFP,ZV,,,ZV - Freezer Vessel,,
PP.74.0187.18,SOBIFISH,LOT 62 ET 64 ZONE INDUSTRIELLE HAY SALAM,Dakhla,,Dakhla - Oued Ed-Dahab,Morocco,third-country,FFP,PP,,,PP - Processing Plant,,
2908,SOCOPO,BP 52 Port de Laâyoune 70002,Laayoune,,Laayoune Province,Morocco,third-country,FFP,PP,,,PP - Processing Plant,,
PP.68.0443.24,SODEVAP,Port de pêche EL OUATIA,Tan Tan,,Guelmim-Oued Noun,Morocco,third-country,FFP,PP,,,PP - Processing Plant,09/10/2024,
1905,SOGENCO I,Route du Jorf el Youdi,Safi,46013,"Province de Safi إقليم أسفي,Marrakech-Safi",Morocco,third-country,FFP,PP,,,PP - Processing Plant,,
1638,SOGENCO II,route jorf lihoudi,Safi,46013,"Province de Safi إقليم أسفي,Marrakech-Safi",Morocco,third-country,FFP,PP,,,PP - Processing Plant,,
6225,SOGLAMA,PARCELLE N°2. NOUVEAU PORT D'AGADIR,Agadir,83152,"Taroudant Province,Souss-Massa",Morocco,third-country,FFP,PP,,,PP - Processing Plant,,
PP.71.0161.18,SOGSACO,"ZONE INDUSTRIELLE EL MARSA, No. 55",Laayoune,,Laayoune Province,Morocco,third-country,FFP,PP,,,PP - Processing Plant,,
4696,SOLICOMA,Q.I ANZA,Agadir,83152,"Taroudant Province,Souss-Massa",Morocco,third-country,FFP,PP,,,PP - Processing Plant,,
PP.25.0372.23,SOLICOMA 4,"Rue ALMOHITE, Quartier industrielle ANZA",Agadir,80000,"Agadir Ida-Outanane Prefecture,Souss-Massa",Morocco,third-country,FFP,PP,,,PP - Processing Plant,07/02/2023,
PEF.25.0177.18,SOLICOMA III,Quartier Industriel ANZA,Agadir,83152,"Taroudant Province,Souss-Massa",Morocco,third-country,FFP,PP,,,PP - Processing Plant,,
1795,SOMECOP,zone industrielle P.38/BP6022,Tétouan,93014,"Tetouan Province,Tanger - Tétouan - Al Hoceima",Morocco,third-country,FFP,PP,,,PP - Processing Plant,,
PP.34.0197.19,SOMECOP 2,NOUVEAU PORT DE PECHE DE TANGER,Tangier,90010,"Prefecture of Tangier - Assilah,Tanger - Tétouan - Al Hoceima",Morocco,third-country,FFP,PP,,,PP - Processing Plant,,
PP.71.3702.19,SOPIMAS,Lot 37 Z.I. Port de Laâyoune,Laayoune,,Laayoune Province,Morocco,third-country,FFP,PP,,,PP - Processing Plant,,
PP.71.0126.17,SOTRAGEL CONGELATION,BP No 62 ZONE INDUSTRIELLE EL MARSA LAAYOUNE,Laayoune,,Laayoune Province,Morocco,third-country,FFP,PP,,,PP - Processing Plant,,
PP.50.0196.18,SOUFISH,PORT DE BENI ENSAR,Nador,62000,"Province de Nador إقليم الناظور,Oriental",Morocco,third-country,FFP,PP,,,PP - Processing Plant,,
PP.52.0107.16,SP.MAR,"Zone industrielle, Route Djorf Lyoudi, SAFI.",Safi,46013,"Province de Safi إقليم أسفي,Marrakech-Safi",Morocco,third-country,FFP,PP,,,PP - Processing Plant,,
PP.71.0453.24,SP.MAR AL-MARSA,100 Quartier Industriel ALMARSA LAAYOUNE,Laayoune,,Laayoune Province,Morocco,third-country,FFP,PP,,,PP - Processing Plant,13/02/2025,
PP.52.0326.22,SP.MAR LA RESERVE,Sidi Ghouzia Quartier Industriel Safi,Safi,46000,"Province de Safi إقليم أسفي,Marrakech-Safi",Morocco,third-country,FFP,PP,,,PP - Processing Plant,18/05/2022,
PP.74.2599.18,SYNE DAKH,-,Dakhla,,Dakhla - Oued Ed-Dahab,Morocco,third-country,FFP,PP,,,PP - Processing Plant,,
3191,Samak Anwal,,Beni Ansar / Aït Nsar,62050,"Province de Nador إقليم الناظور,Oriental",Morocco,third-country,FFP,PP,,,PP - Processing Plant,,
3516,Sarex,,Safi,46013,"Province de Safi إقليم أسفي,Marrakech-Safi",Morocco,third-country,FFP,PP,,,PP - Processing Plant,,
3437,Sarga Frigo II,,Dakhla,,Dakhla - Oued Ed-Dahab,Morocco,third-country,FFP,PP,,,PP - Processing Plant,,
4577,Saveurs De L'Ocean,Rue 3 lot 85 Zone Industrielle M’ghogha Lekbia - 90070,Tangier,90010,"Prefecture of Tangier - Assilah,Tanger - Tétouan - Al Hoceima",Morocco,third-country,FFP,PP,,,PP - Processing Plant,,
4188,Scandimar,,Mohammedia,28810,"Prefecture of Mohammédia,Casablanca-Settat",Morocco,third-country,FFP,PP,,,PP - Processing Plant,,
4275,Shrimpalida,Zone industrielle n° 12 Route d'Alger,Oujda,60043,"Préfecture d'Oujda-Angad عمالة وجدة - أنجاد,Oriental",Morocco,third-country,FFP,PP,,,PP - Processing Plant,,
6099,Shrimpmadeleine,"Lot n° 40, ZI Selouane",Nador,62000,"Province de Nador إقليم الناظور,Oriental",Morocco,third-country,FFP,PP,,,PP - Processing Plant,,
2824,Sigma Pêche,,Agadir,83152,"Taroudant Province,Souss-Massa",Morocco,third-country,FFP,PP,,,PP - Processing Plant,,
4123,Silver Food,RP N°3005 PK 5KM DOUAR BOUHALA SAHEL OULED HRIZ PROVINCE BERRECHID,Berrechid,26100,"Berrechid Province,Casablanca-Settat",Morocco,third-country,FFP,PP,,,PP - Processing Plant,,
3458,Single Fisherie El Khalifa,zone industrielle hay essalam dakhla,Dakhla,,Dakhla - Oued Ed-Dahab,Morocco,third-country,FFP,PP,,,PP - Processing Plant,,
3120,Sjovik Morocco,ZONE INDUSTRIELLE ESSALAM DAKHLA MAROC,Dakhla,,Dakhla - Oued Ed-Dahab,Morocco,third-country,FFP,PP,,,PP - Processing Plant,,
3110,Smoco,zone industrielle hay essalam dakhla,Dakhla,,Dakhla - Oued Ed-Dahab,Morocco,third-country,FFP,PP,,,PP - Processing Plant,,
PP.74.3210.23,Solacop,"7, ZONE INDUSTRIELLE HAY ESSALAM DAKHLA Dakhla",Dakhla,,Dakhla - Oued Ed-Dahab,Morocco,third-country,FFP,PP,,,PP - Processing Plant,13/06/2023,
1518,Somafaco,,Casablanca,20580,"Prefecture of Casablanca,Casablanca-Settat",Morocco,third-country,FFP,PP,,,PP - Processing Plant,,
4645,Somerpip II,"N° 266, ZI d'El Jadida",El Jadida,24010,"El Jadida Province,Casablanca-Settat",Morocco,third-country,FFP,PP,,,PP - Processing Plant,,
3748,Sopcoda,.B.P 217 Z.I Extra-portuaire ELOUATIA-TAN TAN,Tan Tan,,Guelmim-Oued Noun,Morocco,third-country,FFP,PP,,,PP - Processing Plant,,
3282,Sosafred,Zone industrielle - lot 42 Dakhla,Dakhla,,Dakhla - Oued Ed-Dahab,Morocco,third-country,FFP,PP,,,PP - Processing Plant,,
3363,Sotra Peche,,Dakhla,,Dakhla - Oued Ed-Dahab,Morocco,third-country,FFP,PP,,,PP - Processing Plant,,
4971,Sovapec,Port de TANTAN,Tan Tan,,Guelmim-Oued Noun,Morocco,third-country,FFP,PP,,,PP - Processing Plant,,
2939,Sozacop,zone industrielle lot 57 dakhla,Dakhla,,Dakhla - Oued Ed-Dahab,Morocco,third-country,FFP,PP,,,PP - Processing Plant,,
PP.74.2921.22,Super Congel,ZI ESSALAM DAKHLA,Dakhla,,Dakhla - Oued Ed-Dahab,Morocco,third-country,FFP,PP,,,PP - Processing Plant,19/10/2022,
PP.40.2004.18,T.K. Fish,"42, ZONE INDUSTRIELLE TETOUAN",Tétouan,93000,"Tetouan Province,Tanger - Tétouan - Al Hoceima",Morocco,third-country,FFP,PP,,,PP - Processing Plant,,
CO 3914,TAFDNA (OMP FLOTTE),,Tan Tan,,Guelmim-Oued Noun,Morocco,third-country,FFP,ZV,,,ZV - Freezer Vessel,,
CO 3915,TAGHAZOUT (OMP FLOTTE),,Tan Tan,,Guelmim-Oued Noun,Morocco,third-country,FFP,ZV,,,ZV - Freezer Vessel,,
CO 3916,TAHER (OMP FLOTTE),,Tan Tan,,Guelmim-Oued Noun,Morocco,third-country,FFP,ZV,,,ZV - Freezer Vessel,,
CO 3917,TAKBIR (OMP FLOTTE),,Tan Tan,,Guelmim-Oued Noun,Morocco,third-country,FFP,ZV,,,ZV - Freezer Vessel,,
CO 3918,TAKMIL (OMP FLOTTE),,Tan Tan,,Guelmim-Oued Noun,Morocco,third-country,FFP,ZV,,,ZV - Freezer Vessel,,
PSO.25.0334.22,TALA-23 (MARISCOS SAMI SARL AU),PORT DE PECHE AGADIR,Agadir,80026,"Agadir Ida-Outanane Prefecture,Souss-Massa",Morocco,third-country,FFP,ZV,,,ZV - Freezer Vessel,10/08/2022,
CO 3920,TAMANAR (OMP FLOTTE),,Tan Tan,,Guelmim-Oued Noun,Morocco,third-country,FFP,ZV,,,ZV - Freezer Vessel,,
PCO.25.3606.18,TAMEGRA (KHALID FISHERIES SA),PARCELLE N° 3 NOUVEAU PORT,Agadir,83152,"Taroudant Province,Souss-Massa",Morocco,third-country,FFP,ZV,,,ZV - Freezer Vessel,,
CO 3921,TAMESNA (OMP FLOTTE),,Tan Tan,,Guelmim-Oued Noun,Morocco,third-country,FFP,ZV,,,ZV - Freezer Vessel,,
PP.74.0229.19,TANTAN FRIGO,"LOT NO 6, ZONE INDUSTRIELLE HAY ESSALAM",Dakhla,,Dakhla - Oued Ed-Dahab,Morocco,third-country,FFP,PP,,,PP - Processing Plant,,
PP.68.0470.25,TANTAN HOUT,ZONE INDUSTRIELLE EXTRA PORTUAIRE D'EL OUATIA TANTAN,Tan-Tan,82004,"Province de Tan-Tan إقليم طانطان,Guelmim-Oued Noun",Morocco,third-country,FFP,PP,,,PP - Processing Plant,30/04/2025,
CO 3922,TARAJI (OMP FLOTTE),,Tan Tan,,Guelmim-Oued Noun,Morocco,third-country,FFP,ZV,,,ZV - Freezer Vessel,,
CO 6009,TARFAYA VI (SOFINAS),PORT DE PECHE BP. 1794 AGADIR,Agadir,83152,"Taroudant Province,Souss-Massa",Morocco,third-country,FFP,ZV,,,ZV - Freezer Vessel,,
PP.60.0089.16,TARIFET.DOS.MAR,,Kenitra,14000,"Province de Kenitra إقليم القنيطرة,Rabat-Salé-Kenitra",Morocco,third-country,FFP,PP,,,PP - Processing Plant,,
CO 3924,TAWHID (OMP FLOTTE),,Tan Tan,,Guelmim-Oued Noun,Morocco,third-country,FFP,ZV,,,ZV - Freezer Vessel,,
PP.42.0069.15,TAZA FOOD SERVICE,"Lot 81,82,83,84,85, zone industrielle 2, Taza",Taza,35000,"Province de Taza اقليم تازة,Fez-Meknes",Morocco,third-country,FFP,PP,,,PP - Processing Plant,,
PSO.60.0163.18,TAZIA 7 (SIRA PECHE SARL),KENITRA,Tangier,90010,"Prefecture of Tangier - Assilah,Tanger - Tétouan - Al Hoceima",Morocco,third-country,FFP,ZV,,,ZV - Freezer Vessel,,
PP.7.0379.23,TERCIALIA AGRO TRANSFORMERS,"Douar Bouzanyine, Commune Oulad Saleh",Nouaceur ⵏⵡⴰⵚⵕ النواصر,,"Nouaceur Province,Casablanca-Settat",Morocco,third-country,FFP,PP,,,PP - Processing Plant,22/03/2023,
PP.34.0436.24,TERRES DU NORD,LOT 90 ZONE INDUSTRIELLE DE LA ROUTE DE TETOUAN N° 3,Tangier,90010,"Prefecture of Tangier - Assilah,Tanger - Tétouan - Al Hoceima",Morocco,third-country,FFP,PP,,,PP - Processing Plant,14/10/2024,
PP.25.0399.23,THALASSA PRODUCT'S,Parcelle n° 09 Zone Industrielle nouveau port d'Agdir,Agadir,80005,"Agadir Ida-Outanane Prefecture,Souss-Massa",Morocco,third-country,FFP,PP,,,PP - Processing Plant,18/09/2023,
PCO.25.0463.25,TILILA-1 (KHALID FISHERIES SA),PORT DE PECHE D'AGADIR,Agadir,80016,"Agadir Ida-Outanane Prefecture,Souss-Massa; 9264403	11/02/2025",Morocco,third-country,FFP,ZV,,,ZV - Freezer Vessel,,
PEF.74.0407.23,TIRIS CONSERVERIE,ZONE INDUSTRIELLE HAY SALAM NOT N°45,Dakhla,80035,"Agadir Ida-Outanane Prefecture,Souss-Massa",Morocco,third-country,FFP,CS,,,CS - Cold Stores,15/11/2023,
CO 3925,TISIRINE (OMP FLOTTE),,Tan Tan,,Guelmim-Oued Noun,Morocco,third-country,FFP,ZV,,,ZV - Freezer Vessel,,
PP.71.5042.20,TISSIR PORT,LOT No 32 ZONE INDUSTRIELLE EL MARSA PORT DE LA AYOUNE,Laayoune,,Laayoune Province,Morocco,third-country,FFP,PP,,,PP - Processing Plant,,
PSO.34.3006.24,TODERT (KHALID FISHERIES SA),Port de pêche de Tanger,Tangier,90010,"Prefecture of Tangier - Assilah,Tanger - Tétouan - Al Hoceima; 8709511	16/05/2024",Morocco,third-country,FFP,ZV,,,ZV - Freezer Vessel,,
2503,TOP QUALITY FISH SERVICE,PARCELLE N°8 NOUVEAU PORT,Agadir,83152,"Taroudant Province,Souss-Massa",Morocco,third-country,FFP,PP,,,PP - Processing Plant,,
PSO.25.0455.24,TORREDELORO-R (FISHEMAR SA),PORT DE PECHE D'AGADIR,Agadir,80005,"Agadir Ida-Outanane Prefecture,Souss-Massa; 9292424	13/02/2025",Morocco,third-country,FFP,ZV,,,ZV - Freezer Vessel,,
PP.72.0410.23,TOUFA FOOD,"ZONE INDUSTRIELLE DE BOUJDOUR TRANCHE 2 LOTS N° 5,6,14,15,16,17,18",Boujdour,71002,Boujdour Province,Morocco,third-country,FFP,PP,,,PP - Processing Plant,19/03/2024,
PSO.5.0018.14,TOUMZINE (CRUSBEL),PARCELLE N° 3 NOUVEAU PORT,Agadir,83152,"Taroudant Province,Souss-Massa",Morocco,third-country,FFP,ZV,,,ZV - Freezer Vessel,,
PP.26.0307.21,TRANS DAK,Lot n° C30 ZI Tassila Dcheira El Jihadia. Inezgane Ait Melloul,Agadir,,"Agadir Ida-Outanane Prefecture,Souss-Massa",Morocco,third-country,FFP,PP,,,PP - Processing Plant,31/01/2022,
PEF.25.0462.25,TRANSPORT BLAILA,"LOT 116, PARC HALIOPOLIS, COMMUNE DRARGA AGADIR",Agadir,80005,"Agadir Ida-Outanane Prefecture,Souss-Massa",Morocco,third-country,FFP,CS,,,CS - Cold Stores,06/03/2025,
PP.59.0478.25,TUNAMAX,"LOTS 118, 119, 120, 121, 127, 128, 129, 130 PARC INDUSTRIEL ECOPARK DE BERCHID",Berrechid,26100,"Berrechid Province,Casablanca-Settat",Morocco,third-country,FFP,PP,,,PP - Processing Plant,20/06/2025,
PA 0905,Tafoukt (Khalid Fisheries),Port d'agadir,Agadir,83152,"Taroudant Province,Souss-Massa",Morocco,third-country,FFP,ZV,,,ZV - Freezer Vessel,,
PP.5.3746.25,Tajmid Fish,ZI Moulay Rachid Rue 3 Lot 124 Casablanca,Casablanca,20580,"Prefecture of Casablanca,Casablanca-Settat",Morocco,third-country,FFP,PP,,,PP - Processing Plant,22/01/2026,
PSO.60.0001.14,Tala 1 (Talab),Port de pêche de Tanger,Tangier,90010,"Prefecture of Tangier - Assilah,Tanger - Tétouan - Al Hoceima",Morocco,third-country,FFP,ZV,,,ZV - Freezer Vessel,,
SO 1701,Tala 10 (Wafa Samak),PORT DE PECHE DE TANGER,Tangier,90010,"Prefecture of Tangier - Assilah,Tanger - Tétouan - Al Hoceima",Morocco,third-country,FFP,ZV,,,ZV - Freezer Vessel,,
SO 1703,Tala 12 (Wafa Samak),PORT DE PECHE DE TANGER,Tangier,90010,"Prefecture of Tangier - Assilah,Tanger - Tétouan - Al Hoceima",Morocco,third-country,FFP,ZV,,,ZV - Freezer Vessel,,
SO 1704,Tala 15 (Wafa Samak),PORT DE PECHE DE TANGER,Tangier,90010,"Prefecture of Tangier - Assilah,Tanger - Tétouan - Al Hoceima",Morocco,third-country,FFP,ZV,,,ZV - Freezer Vessel,,
SO 1708,Tala 18 (SOFINAS),Port de pêche,Tangier,90010,"Prefecture of Tangier - Assilah,Tanger - Tétouan - Al Hoceima",Morocco,third-country,FFP,ZV,,,ZV - Freezer Vessel,,
2723,Tam,,Mohammedia,28810,"Prefecture of Mohammédia,Casablanca-Settat",Morocco,third-country,FFP,PP,,,PP - Processing Plant,,
CO 2602,Tamlalt 1 (Societe Des Peches Du Sud De L'Atlas),PORT,Agadir,83152,"Taroudant Province,Souss-Massa",Morocco,third-country,FFP,ZV,,,ZV - Freezer Vessel,,
CO 2601,Tamlalt 2 (Societe Des Peches Du Sud De L'Atlas),PORT,Agadir,83152,"Taroudant Province,Souss-Massa",Morocco,third-country,FFP,ZV,,,ZV - Freezer Vessel,,
CO 1301,Tamlalt 3 (Société De Pêches Du Sud De L'Atlas),PORT,Agadir,83152,"Taroudant Province,Souss-Massa",Morocco,third-country,FFP,ZV,,,ZV - Freezer Vessel,,
CO 1302,Tamlalt 4 (Société De Pêches Du Sud De L'Atlas),PORT,Agadir,83152,"Taroudant Province,Souss-Massa",Morocco,third-country,FFP,ZV,,,ZV - Freezer Vessel,,
CO 1303,Tamlalt 5 (Société De Pêches Du Sud De L'Atlas),PORT,Agadir,83152,"Taroudant Province,Souss-Massa",Morocco,third-country,FFP,ZV,,,ZV - Freezer Vessel,,
CO 1801,Tanwaca 1 (Societe Des Peches Du Sud De L'Atlas),PORT,Agadir,83152,"Taroudant Province,Souss-Massa",Morocco,third-country,FFP,ZV,,,ZV - Freezer Vessel,,
CO 1804,Tanwaca 2 (Societe Des Peches Du Sud De L'Atlas),PORT,Agadir,83152,"Taroudant Province,Souss-Massa",Morocco,third-country,FFP,ZV,,,ZV - Freezer Vessel,,
CO 1803,Tanwaca 3 (Societe Des Peches Du Sud De L'Atlas),PORT,Agadir,83152,"Taroudant Province,Souss-Massa",Morocco,third-country,FFP,ZV,,,ZV - Freezer Vessel,,
CO 1802,Tanwaca 4 (Societe Des Peches Du Sud De L'Atlas),PORT,Agadir,83152,"Taroudant Province,Souss-Massa",Morocco,third-country,FFP,ZV,,,ZV - Freezer Vessel,,
3224,Tayart Frigo,,Dakhla,,Dakhla - Oued Ed-Dahab,Morocco,third-country,FFP,PP,,,PP - Processing Plant,,
PSO.34.1002.23,Tazia 2 (MARVARELA SARL),35 Bd pasteur n° 14 Bis,Tangier,90010,"Prefecture of Tangier - Assilah,Tanger - Tétouan - Al Hoceima; 7424205	22/11/2023",Morocco,third-country,FFP,ZV,,,ZV - Freezer Vessel,,
SO 0302,Tazia 5 (Zerpesca),Port de pêche de Tanger,Tangier,90010,"Prefecture of Tangier - Assilah,Tanger - Tétouan - Al Hoceima",Morocco,third-country,FFP,ZV,,,ZV - Freezer Vessel,,
3397,Techla,zone industrielle hay essalam 73000 dakhla,Dakhla,,Dakhla - Oued Ed-Dahab,Morocco,third-country,FFP,PP,,,PP - Processing Plant,,
3009,Tires Mer,ZONE INDUSTRIELLE N° 85 BP 434,Dakhla,,Dakhla - Oued Ed-Dahab,Morocco,third-country,FFP,PP,,,PP - Processing Plant,,
CO 4001,Todra (Khalid Fisheries),PARCELLE N° 3 NOUVEAU PORT,Agadir,83152,"Taroudant Province,Souss-Massa",Morocco,third-country,FFP,ZV,,,ZV - Freezer Vessel,,
1654,UNIMER / ETAMAR,B.P 85 Quartier industriel ANZA,Agadir,83152,"Taroudant Province,Souss-Massa",Morocco,third-country,FFP,PP,,,PP - Processing Plant,,
3530,UNIMER / ETAMAR,route jorf lihoudi,Safi,46013,"Province de Safi إقليم أسفي,Marrakech-Safi",Morocco,third-country,FFP,PP,,,PP - Processing Plant,,
4138,UNIMER CNA 1,ROUTE DE D'JORF EL YOUDI BP129,Safi,46013,"Province de Safi إقليم أسفي,Marrakech-Safi",Morocco,third-country,FFP,PP,,,PP - Processing Plant,,
PP.52.1061.23,UNIMER CNA 2,Route jorf Lihoudi 46013 Safi,Safi,46000,"Province de Safi إقليم أسفي,Marrakech-Safi",Morocco,third-country,FFP,PP,,,PP - Processing Plant,13/06/2023,
1592,UNIMER CNA 3,B.P 85 Quartier industriel ANZA,Agadir,83152,"Taroudant Province,Souss-Massa",Morocco,third-country,FFP,PP,,,PP - Processing Plant,,
1897,UPA II,route jorf lihoudi,Safi,46013,"Province de Safi إقليم أسفي,Marrakech-Safi",Morocco,third-country,FFP,PP,,,PP - Processing Plant,,
1172,Unimer-Mehdia,Port de pêche de Mehdya- Kenitra Mehdya,Kenitra,14000,"Province de Kenitra إقليم القنيطرة,Rabat-Salé-Kenitra",Morocco,third-country,FFP,PP,,,PP - Processing Plant,26/05/2023,
1433,Upa III,route jorf lihoudi,Safi,46013,"Province de Safi إقليم أسفي,Marrakech-Safi",Morocco,third-country,FFP,PP,,,PP - Processing Plant,,
PP.71.0491.25,VAL FISH,LOT 113 ZONE INDUSTRIELLE EL MARSA,Laayoune,,Laayoune Province,Morocco,third-country,FFP,PP,,,PP - Processing Plant,22/01/2026,
PP.34.3747.18,VALOFISH,"Port de pêche de Tanger, N°: 9",Tangier,90010,"Prefecture of Tangier - Assilah,Tanger - Tétouan - Al Hoceima",Morocco,third-country,FFP,PP,,,PP - Processing Plant,,
PP.25.2395.23,VALU PESCA,nouveau port d'Agadir,Agadir,83152,"Taroudant Province,Souss-Massa",Morocco,third-country,FFP,PP,,,PP - Processing Plant,15/11/2023,
1363,VANELLI MAROC,Lot B 606 Z.I Ait Melloul,Agadir,83152,"Taroudant Province,Souss-Massa",Morocco,third-country,FFP,PP,,,PP - Processing Plant,,
PCO.25.0092.16,VERONIQUE 1 (SHANDONG FISHERIES),NOUVEAU PORT AGADIR,Agadir,83152,"Taroudant Province,Souss-Massa",Morocco,third-country,FFP,ZV,,,ZV - Freezer Vessel,,
3305,VMM,,Casablanca,20580,"Prefecture of Casablanca,Casablanca-Settat",Morocco,third-country,FFP,PP,,,PP - Processing Plant,,
PP.40.0404.23,WALID MER,ZONE INDUSTRIELLE TETOUAN PARC LOT 145 COMMUNE RURALE JOUMAA SOUK LAKDIM,Tétouan,93000,"Tetouan Province,Tanger - Tétouan - Al Hoceima",Morocco,third-country,FFP,PP,,,PP - Processing Plant,15/11/2023,
PCO.74.0398.23,WIDAD-2 (LITTORAL PECHE SA),Port de pêche d'Agadir,Agadir,80005,"Agadir Ida-Outanane Prefecture,Souss-Massa",Morocco,third-country,FFP,ZV,,,ZV - Freezer Vessel,13/10/2023,
PP.74.0284.21,WIRIZ,ZONE INDUSTRIELLE ESSALAM LOT N 137-138,Dakhla,,Dakhla - Oued Ed-Dahab,Morocco,third-country,FFP,PP,,,PP - Processing Plant,07/06/2022,
2422,Well Fishing,Zone industrielle port Laâyoune 70002,Laayoune,,Laayoune Province,Morocco,third-country,FFP,PP,,,PP - Processing Plant,,
PCO.25.0367.22,YACOUB AL MANSOUR (DHAF PESCA SARL AU),PORT DE PECHE D'AGARIR,Agadir,80000,"Agadir Ida-Outanane Prefecture,Souss-Massa; 7813315	25/04/2023",Morocco,third-country,FFP,ZV,,,ZV - Freezer Vessel,,
PCO.25.5104.18,YOSRA (FRE FISMA SARL),-,Agadir,83152,"Taroudant Province,Souss-Massa",Morocco,third-country,FFP,ZV,,,ZV - Freezer Vessel,,
PEF.25.0279.21,ZAHRA FISH,LOT No 36 NOUVEAU PORT D’AGADIR,Agadir,83152,"Taroudant Province,Souss-Massa",Morocco,third-country,FFP,CS,,,CS - Cold Stores,,
PP.25.0457.24,ZAHRA FISH 1,LOT N° 36 NOUVEAU PORT D'AGADIR,Agadir,80005,"Agadir Ida-Outanane Prefecture,Souss-Massa",Morocco,third-country,FFP,PP,,,PP - Processing Plant,06/03/2025,
PP.50.0268.20,ZAKAMINE,ZONE INDUSTRIELLE PORTUAIRE PORT DE BENI ENSAR,Nador,62000,"Province de Nador إقليم الناظور,Oriental",Morocco,third-country,FFP,PP,,,PP - Processing Plant,,
PCO.25.5402.18,ZEMMOUR 2 (BENIS PECHE SARL),-,Agadir,83152,"Taroudant Province,Souss-Massa",Morocco,third-country,FFP,ZV,,,ZV - Freezer Vessel,,
AA.59.28.18,ABATTOIR SAHEL I,Route principale n° 3603 ZI Had Soualem,Berrechid,26100,"Berrechid Province,Casablanca-Settat; 17 Poultry meat produced solely for the manufacture of poultry meat products on own territory and intended for export to the EU; A Poultry",Morocco,third-country,PM,SH,Y,,SH - Slaughterhouse,11/10/2022,
ADVL.59.29.18,ABATTOIR SAHEL II,Route principale 3603 ZI Had Soualem,Berrechid,26100,"Berrechid Province,Casablanca-Settat; 17 Poultry meat produced solely for the manufacture of poultry meat products on own territory and intended for export to the EU; A Poultry",Morocco,third-country,PM,CP,N,,CP - Cutting Plant,11/10/2022,
AA.3.4.13,DAWAJINE VIANDE I,Zone industrielle Skhirat,Skhirat,12050,"Préfecture de Skhirate-Témara عمالة الصخيرات-تمارة,Rabat-Salé-Kenitra; A Poultry; 17 Poultry meat produced solely for the manufacture of poultry meat products on own territory and intended for export to the EU",Morocco,third-country,PM,SH,Y,,SH - Slaughterhouse,11/10/2022,
ADVL.3.5.13,DAWAJINE VIANDE II,Zone industrielle Skhirat,Skhirat,12050,"Préfecture de Skhirate-Témara عمالة الصخيرات-تمارة,Rabat-Salé-Kenitra; A Poultry; 17 Poultry meat produced solely for the manufacture of poultry meat products on own territory and intended for export to the EU",Morocco,third-country,PM,CP,N,,CP - Cutting Plant,11/10/2022,
ADVL.59.02.13,ELDIN 2,Lot 80/82 zone industrielle Had Soualem,Berrechid,26100,"Berrechid Province,Casablanca-Settat; 17 Poultry meat produced solely for the manufacture of poultry meat products on own territory and intended for export to the EU; A Poultry",Morocco,third-country,PM,CP,N,,CP - Cutting Plant,20/12/2022,
ADVL.59.05.13,FOODIS 2,"Douar Ain Chugga, Sahel Oueld Hriz",Berrechid,26100,"Berrechid Province,Casablanca-Settat; 17 Poultry meat produced solely for the manufacture of poultry meat products on own territory and intended for export to the EU; A Poultry",Morocco,third-country,PM,CP,N,,CP - Cutting Plant,20/12/2022,
AA.7.35.13,INDUSTRIES ALIMENTAIRES LA FONDA I,N° 503 Zone industrielle Sapino,Nouaceur ⵏⵡⴰⵚⵕ النواصر,,"Nouaceur Province,Casablanca-Settat; A Poultry; 17 Poultry meat produced solely for the manufacture of poultry meat products on own territory and intended for export to the EU",Morocco,third-country,PM,SH,Y,,SH - Slaughterhouse,11/10/2022,
ADVL.7.36.13,INDUSTRIES ALIMENTAIRES LA FONDA II,N° 503 Zone Industrielle Sapino Nouaceur,Nouaceur ⵏⵡⴰⵚⵕ النواصر,,"Nouaceur Province,Casablanca-Settat; 17 Poultry meat produced solely for the manufacture of poultry meat products on own territory and intended for export to the EU; A Poultry",Morocco,third-country,PM,CP,N,,CP - Cutting Plant,22/12/2022,
