approval_number,name,address,city,postcode,region,country,group,section,activity,slaughter,species,remarks,date_of_approval,publication_date
2993,'t Zinkske,Vuurlinie 10,Neerkant,5758,"North Brabant,Netherlands",Netherlands,EU-EFTA,RM,SH CP,Y,,SH - Slaughterhouse | CP - Cutting Plant,,
80,2Mates Coldstores B.V.,Nieuwgraaf 17,Duiven,6921,"Gelderland,Netherlands",Netherlands,EU-EFTA,RM,CP,N,,CP - Cutting Plant,,
213289,4jaargetijdenvlees,Bosweg 4,Heino,8141,"Overijssel,Netherlands",Netherlands,EU-EFTA,RM,CP,N,,CP - Cutting Plant,,
207070,5 Sterren Vlees B.V.,De Factorij 47,Zwaag,1689,"North Holland,Netherlands",Netherlands,EU-EFTA,RM,CP,N,,CP - Cutting Plant,,
9087,ABZ Anloo B.V.,Annerweg 35,Anloo,9467,"Drenthe,Netherlands",Netherlands,EU-EFTA,RM,CP,N,,CP - Cutting Plant,,
702,AMEAT B.V.,Flevoland 26 a,Beverwijk,1948,"North Holland,Netherlands",Netherlands,EU-EFTA,RM,CP,N,,CP - Cutting Plant,,
321,Aardenburgse Vleescentrale B.V.,Nieuwe Kruidmolenweg 3,Vlissingen,4382,"Zeeland,Netherlands",Netherlands,EU-EFTA,RM,CP,N,,CP - Cutting Plant,,
750,Abbatoir Noord-Holland B.V.,Oostgraftdijk 109,Oost Graftdijk,1487,"North Holland,Netherlands",Netherlands,EU-EFTA,RM,SH CP,Y,bovine caprine ovine equine porcine,SH - Slaughterhouse | CP - Cutting Plant,,
297,Adel Kwaliteit Vlees B.V.,Lijnbaanstraat 9 C,Katwijk Zh,2222,"South Holland,Netherlands",Netherlands,EU-EFTA,RM,CP,N,,CP - Cutting Plant,,
3071,Agterberg Vleeswaren B.V.,De Heining 4,Zwanenburg,1161,"North Holland,Netherlands",Netherlands,EU-EFTA,RM,CP,N,,CP - Cutting Plant,,
229335,Al_Rahman Kip Producten,Burg. Lemmensstraat 230,Geleen,6163,,Netherlands,EU-EFTA,RM,CP,N,,CP - Cutting Plant,,
208545,Alewijn Ott Vlees Texel B.V.,Warmoesstraat 15,Den Burg,1791,"North Holland,Netherlands",Netherlands,EU-EFTA,RM,CP,N,,CP - Cutting Plant,,
3694,Allal Vleesgroothandel B.V.,Van der Kunstraat 34 A,'S-Gravenhage,2521,"South Holland,Netherlands",Netherlands,EU-EFTA,RM,CP,N,,CP - Cutting Plant,,
225528,Ambachtelijk Vleesbedrijf de Hoeve,Slemphutterweg 13,Eibergen,7152,"Gelderland,Netherlands",Netherlands,EU-EFTA,RM,CP,N,,CP - Cutting Plant,,
217218,Ameco Apeldoorn,Ecofactorij 29,Apeldoorn,7325,"Gelderland,Netherlands",Netherlands,EU-EFTA,RM,SH CP,Y,,SH - Slaughterhouse | CP - Cutting Plant,,
528,Americold Barneveld Warehousing B.V.,Nijverheidsweg 64,Barneveld,3771,"Gelderland,Netherlands",Netherlands,EU-EFTA,RM,CP,N,,CP - Cutting Plant,,
782,Amsterdam Halal B.V.,De Dollard 18,Watergang,1454,"North Holland,Netherlands",Netherlands,EU-EFTA,RM,CP,N,,CP - Cutting Plant,,
779,Atlas Halal Products B.V,Oeverweg 1,Montfoort,3417,"Utrecht,Netherlands",Netherlands,EU-EFTA,RM,CP,N,,CP - Cutting Plant,,
219832,Augustinus meat products B.V.,Gijsbert Stoutweg 13,Tiel,4005,"Gelderland,Netherlands",Netherlands,EU-EFTA,RM,CP,N,,CP - Cutting Plant,,
208498,Azra Halal Food,Pampuslaan 165,Weesp,1382,"North Holland,Netherlands",Netherlands,EU-EFTA,RM,CP,N,,CP - Cutting Plant,,
952,B&S GTC Customs B.V.,Rijksstraatweg 7,Dordrecht,3316,"South Holland,Netherlands",Netherlands,EU-EFTA,RM,CP,N,,CP - Cutting Plant,,
210264,B.V Levensmiddelengroothandel 'De Kweker',Centrale Groothandelsmarkt 183,Amsterdam,1051,"North Holland,Netherlands",Netherlands,EU-EFTA,RM,CP,N,,CP - Cutting Plant,,
210674,BIBOS B.V.,Goeseelsstraat 13,Breda,4817,"North Brabant,Netherlands",Netherlands,EU-EFTA,RM,CP,N,,CP - Cutting Plant,,
209758,Bab El Salam B.V.,Nieuw-Zeelandweg 9 A,Amsterdam,1045,"North Holland,Netherlands",Netherlands,EU-EFTA,RM,CP,N,,CP - Cutting Plant,,
9058,Beemsterlants Slachtplaats de Rode Os B.V.,Rijperweg 54,Middenbeemster,1462,"North Holland,Netherlands",Netherlands,EU-EFTA,RM,SH CP,Y,,SH - Slaughterhouse | CP - Cutting Plant,,
340,Beimer Meat,Euregioweg 300,Enschede,7532,"Overijssel,Netherlands",Netherlands,EU-EFTA,RM,CP,N,,CP - Cutting Plant,,
3789,Bergwerff's Slagerijen B.V.,Ebweg 30,Barendrecht,2991,"South Holland,Netherlands",Netherlands,EU-EFTA,RM,CP,N,,CP - Cutting Plant,,
9905,Best Star Meat Beef B.V.,Horselstraat 2,Nuth,6361,"Limburg,Netherlands",Netherlands,EU-EFTA,RM,CP,N,,CP - Cutting Plant,,
578,Blankendaal Coldstores B.V.,Veilingweg 9,Tuitjenhorn,1747,"North Holland,Netherlands",Netherlands,EU-EFTA,RM,CP,N,,CP - Cutting Plant,,
515,Blokland Cold Stores Cuijk B.V.,Simon Homburgstraat 14,Cuijk,5431,"North Brabant,Netherlands",Netherlands,EU-EFTA,RM,CP,N,,CP - Cutting Plant,,
214619,Blom Food B.V.,Ovenberg 11,Milsbeek,6596,"Limburg,Netherlands",Netherlands,EU-EFTA,RM,CP,N,,CP - Cutting Plant,,
209513,Blonde D'aquitaine B.V.,Van Zeggelenplein 107,Haarlem,2032,"North Holland,Netherlands",Netherlands,EU-EFTA,RM,CP,N,,CP - Cutting Plant,,
9505,Blonk vlees en vleeswaren B.V.,A.H. Kooistrastraat 7,Nieuwveen,2441,"South Holland,Netherlands",Netherlands,EU-EFTA,RM,CP,N,,CP - Cutting Plant,,
219566,Boerderie Bewust,De Kling 51,Schimmert,6333,"Limburg,Netherlands",Netherlands,EU-EFTA,RM,CP,N,,CP - Cutting Plant,,
9425,Boschma Slachtbedrijf Texel B.V.,De Vang 3,Oudeschild,1792,"North Holland,Netherlands",Netherlands,EU-EFTA,RM,SH CP,Y,,SH - Slaughterhouse | CP - Cutting Plant,,
5717,Bosschieter Poeliersbedrijf B.V.,Pascalstraat 29,Purmerend,1446,"North Holland,Netherlands",Netherlands,EU-EFTA,RM,CP,N,,CP - Cutting Plant,,
197,Bouwman Food B.V.,Havenstraat 25,Oss,5347,"North Brabant,Netherlands",Netherlands,EU-EFTA,RM,CP,N,,CP - Cutting Plant,,
209825,Brandt & Levie B.V.,Archangelkade 9,Amsterdam,1013,"North Holland,Netherlands",Netherlands,EU-EFTA,RM,CP,N,,CP - Cutting Plant,,
364,Bredase Horeca Vleescentrale B.V.,Van Rijckevorselstraat 3,Breda,4815,"North Brabant,Netherlands",Netherlands,EU-EFTA,RM,CP,N,,CP - Cutting Plant,,
5103,Brinky Food Processing B.V.,Kerkdennen 36,Ermelo,3851,"Gelderland,Netherlands",Netherlands,EU-EFTA,RM,CP,N,,CP - Cutting Plant,,
228557,Broeders Boerderijwinkel Exploitatie B.V.,Eindhovenseweg 12,Berkel-Enschot,5056,"North Brabant,Netherlands",Netherlands,EU-EFTA,RM,CP,N,,CP - Cutting Plant,,
207995,Bruurs Vlees B.V.,Flight Forum 3546,Eindhoven,5657,"North Brabant,Netherlands",Netherlands,EU-EFTA,RM,CP,N,,CP - Cutting Plant,,
3091,Burghgraef Vleesbedrijf B.V.,Oosterstraat 17 a,Ter Apel,9561,"Groningen,Netherlands",Netherlands,EU-EFTA,RM,CP,N,,CP - Cutting Plant,,
9257,C.W. van den Heuvel en Zn.,Hoogstraat 80,Werkendam,4251,"North Brabant,Netherlands",Netherlands,EU-EFTA,RM,SH CP,Y,,SH - Slaughterhouse | CP - Cutting Plant,,
220886,CHEFS CULINAR NEDERLAND,Bijsterhuizen 1126,Nijmegen,6546,"Gelderland,Netherlands",Netherlands,EU-EFTA,RM,CP,N,,CP - Cutting Plant,,
31,CTH B.V.,Bolderweg 38,Almere,1332,"Flevoland,Netherlands",Netherlands,EU-EFTA,RM,CP,N,,CP - Cutting Plant,,
664,Christ Lommers Vleesveredeling B.V.,Van Leeuwenhoekweg 38,Schijndel,5482,"North Brabant,Netherlands",Netherlands,EU-EFTA,RM,CP,N,,CP - Cutting Plant,,
587,Coldstore Hengelo B.V.,Westermaatsweg 3,Hengelo,7556,"Overijssel,Netherlands",Netherlands,EU-EFTA,RM,CP,N,,CP - Cutting Plant,,
845,Coldstore Hengelo B.V.,Wegtersweg 20,Hengelo,7556,"Overijssel,Netherlands",Netherlands,EU-EFTA,RM,CP,N,,CP - Cutting Plant,,
3608,Comfort Meat Group B.V.,Industrieweg 12,Ter Apel,9561,"Groningen,Netherlands",Netherlands,EU-EFTA,RM,CP,N,,CP - Cutting Plant,,
13,Compaxo Gouda B.V.,Schielands Hoge Zeedijk 35,Gouda,2802,"South Holland,Netherlands",Netherlands,EU-EFTA,RM,CP,N,,CP - Cutting Plant,,
121,Compaxo Vlees Zevenaar B.V.,Edisonstraat 48,Zevenaar,6902,"Gelderland,Netherlands",Netherlands,EU-EFTA,RM,SH CP,Y,,SH - Slaughterhouse | CP - Cutting Plant,,
451,Constellation Cold Logistics Varsseveld B.V.,Albert Schweitzerstraat 25,Lichtenvoorde,7131,"Gelderland,Netherlands",Netherlands,EU-EFTA,RM,CP,N,,CP - Cutting Plant,,
9319,Cooijmans Vlees B.V.,Bosscheweg 8,Den Dungen,5275,"North Brabant,Netherlands",Netherlands,EU-EFTA,RM,CP,N,,CP - Cutting Plant,,
692,D. Feenstra en Zonen B.V.,De Hemmen 98 a,Drachten,9206,"Friesland,Netherlands",Netherlands,EU-EFTA,RM,SH CP,Y,,SH - Slaughterhouse | CP - Cutting Plant,,
454,Daily Fresh Food,Vouersweg 111,Geleen,6161,"Limburg,Netherlands",Netherlands,EU-EFTA,RM,CP,N,,CP - Cutting Plant,,
923,Daily Fresh Food B.V.,Marconistraat 1,Landgraaf,6372,"Limburg,Netherlands",Netherlands,EU-EFTA,RM,CP,N,,CP - Cutting Plant,,
495,Danish Crown Haarlem B.V.,Oudeweg 10,HAARLEM,2031,Netherlands,Netherlands,EU-EFTA,RM,CP,N,,CP - Cutting Plant,,
917,De Boer Vlees B.V.,Castorweg 3,Leeuwarden,8938,"Friesland,Netherlands",Netherlands,EU-EFTA,RM,CP,N,,CP - Cutting Plant,,
35005,De Groot en Opschoor,Groothandelsmarkt 219,Rotterdam,3044,"South Holland,Netherlands",Netherlands,EU-EFTA,RM,CP,N,,CP - Cutting Plant,,
5090,De Heerens Vleeshandel B.V.,Lange Hei 16,Sprundel,4714,"North Brabant,Netherlands",Netherlands,EU-EFTA,RM,SH CP,Y,,SH - Slaughterhouse | CP - Cutting Plant,,
272,De Koning Vlees B.V,Daltonstraat 6,Zwijndrecht,3335,"South Holland,Netherlands",Netherlands,EU-EFTA,RM,CP,N,,CP - Cutting Plant,,
3085,De Nieuwe Slager B.V.,Energiestraat 43,Naarden,1411,"North Holland,Netherlands",Netherlands,EU-EFTA,RM,CP,N,,CP - Cutting Plant,,
259,"De Vleeschhouwerij, Vleesprodukten Mijdrecht B.V.",Handelsweg 1,Mijdrecht,3641,"Utrecht,Netherlands",Netherlands,EU-EFTA,RM,CP,N,,CP - Cutting Plant,,
863,De Vleespijl B.V.,Houtweg 28,Ter Aar,2461,"South Holland,Netherlands",Netherlands,EU-EFTA,RM,CP,N,,CP - Cutting Plant,,
5060,DeKaMarkt II B.V.,Platformweg 3,Velsen-Noord,1951,"North Holland,Netherlands",Netherlands,EU-EFTA,RM,CP,N,,CP - Cutting Plant,,
208816,Deli 4 You,Tiberghienweg 55,Clinge,4567,"Zeeland,Netherlands",Netherlands,EU-EFTA,RM,CP,N,,CP - Cutting Plant,,
473,Deli Harmony,De Hootkamp 6,Hedel,5321,"Gelderland,Netherlands",Netherlands,EU-EFTA,RM,CP,N,,CP - Cutting Plant,,
240,Den Houdijker Vlees B.V.,Celsiusbaan 6 B,Nieuwegein,3439,"Utrecht,Netherlands",Netherlands,EU-EFTA,RM,CP,N,,CP - Cutting Plant,,
755,Diepeveen Herveld B.V.,Romeplein 2 A,Heiveld,6674,"Gelderland,Netherlands",Netherlands,EU-EFTA,RM,SH CP,Y,,SH - Slaughterhouse | CP - Cutting Plant,,
219534,Dieteren Horeca V.O.F.,Provincialeweg Zuid 91 D,Oirsbeek,6438,"Limburg,Netherlands",Netherlands,EU-EFTA,RM,CP,N,,CP - Cutting Plant,,
543,Distrifresh Coldstore Den Bosch,Goudenheuvel 51,'s-Hertogenbosch,5234,"North Brabant,Netherlands",Netherlands,EU-EFTA,RM,CP,N,,CP - Cutting Plant,,
357,Diviande B.V.,Antennestraat 3,Veenendaal,3903,"Utrecht,Netherlands",Netherlands,EU-EFTA,RM,CP,N,,CP - Cutting Plant,,
5731,Driessen Food,Tennesseedreef 24,Utrecht,3565,"Utrecht,Netherlands",Netherlands,EU-EFTA,RM,CP,N,,CP - Cutting Plant,,
5814,Driessen Hilversum,Oosterengweg 32,Hilversum,1221,"North Holland,Netherlands",Netherlands,EU-EFTA,RM,CP,N,,CP - Cutting Plant,,
446,Dutch Convenience Meat B.V.,Ringweg 18,Roermond,6045,"Limburg,Netherlands",Netherlands,EU-EFTA,RM,CP,N,,CP - Cutting Plant,,
220946,E&M vlees,Hoevelakenseweg 204 A,Terschuur,3784,"Gelderland,Netherlands",Netherlands,EU-EFTA,RM,CP,N,,CP - Cutting Plant,,
936,E-Coldstore Coevorden B.V.,Modem 26,Coevorden,7741,"Drenthe,Netherlands",Netherlands,EU-EFTA,RM,CP,N,,CP - Cutting Plant,,
296,E-Coldstore Neede B.V.,Rapenburg 27,Neede,7161,"Gelderland,Netherlands",Netherlands,EU-EFTA,RM,CP,N,,CP - Cutting Plant,,
221803,E-Coldstore Oldenzaal B.V.,Kampenstraat 24,Oldenzaal,7575,"Overijssel,Netherlands",Netherlands,EU-EFTA,RM,CP,N,,CP - Cutting Plant,,
661,ECHT Goed B.V.,Rontgenweg 19,Echt,6101,"Limburg,Netherlands",Netherlands,EU-EFTA,RM,CP,N,,CP - Cutting Plant,,
369,ESA,Saba 9,Apeldoorn,7332,"Gelderland,Netherlands",Netherlands,EU-EFTA,RM,SH CP,Y,,SH - Slaughterhouse | CP - Cutting Plant,,
207664,Efe Vleesgroothandel,Nijverheidsweg 6,Purmerend,1442,"North Holland,Netherlands",Netherlands,EU-EFTA,RM,CP,N,,CP - Cutting Plant,,
9,Ekro B.V.,Laan Van Malkenschoten 100,Apeldoorn,7333,"Gelderland,Netherlands",Netherlands,EU-EFTA,RM,SH CP,Y,,SH - Slaughterhouse | CP - Cutting Plant,,
3798,Elings Vleesproducten B.V.,Buskesdries 7,Andelst,6673,"Gelderland,Netherlands",Netherlands,EU-EFTA,RM,CP,N,,CP - Cutting Plant,,
9587,Eminet Slachthuis B.V.,De Stad 20,Hooge Mierde,5095,"North Brabant,Netherlands",Netherlands,EU-EFTA,RM,SH CP,Y,,SH - Slaughterhouse | CP - Cutting Plant,,
341,Encebe Vleeswaren B.V.,Boseind 10,Boxtel,5281,"North Brabant,Netherlands",Netherlands,EU-EFTA,RM,CP,N,,CP - Cutting Plant,,
209371,Er-as Vlees B.V.,Middendijk 1 B,Helmond,5705,"North Brabant,Netherlands",Netherlands,EU-EFTA,RM,CP,N,,CP - Cutting Plant,,
209347,Euro Meat Oss B.V.,Angelenweg 77,Oss,5349,"North Brabant,Netherlands",Netherlands,EU-EFTA,RM,CP,N,,CP - Cutting Plant,,
219293,Euro Slagerij (Slagerij R. Grieving (Duinstraat),Duinstraat 16,Den Haag,2584,"South Holland,Netherlands",Netherlands,EU-EFTA,RM,CP,N,,CP - Cutting Plant,,
5976,European Food Packers B.V.,Röntgenweg 5,Spijkenisse,3208,"South Holland,Netherlands; North Holland,Netherlands",Netherlands,EU-EFTA,RM,CP CP,N,,CP - Cutting Plant | CP - Cutting Plant,,
29,Exportslachterij Family Beef B.V.,Oenerweg 2,Epe,8161,"Gelderland,Netherlands",Netherlands,EU-EFTA,RM,SH CP,Y,,SH - Slaughterhouse | CP - Cutting Plant,,
292,F. Wellink Lekkerkerk B.V.,Jan Tomstraat 10,Lekkerkerk,2941,"South Holland,Netherlands",Netherlands,EU-EFTA,RM,CP,N,,CP - Cutting Plant,,
9644,F. de Zeeuw's Vlees- en Vleeswaren,Soronghof 11,Hoogvliet Rotterdam,3193,"South Holland,Netherlands",Netherlands,EU-EFTA,RM,CP,N,,CP - Cutting Plant,,
219960,FFG B.V.,Spaanderstraat 11,Oss,5348,"North Brabant,Netherlands",Netherlands,EU-EFTA,RM,CP,N,,CP - Cutting Plant,,
84,Fa. Gebrs. Gijzels,Sint Annastraat 83,Sluis,4524,"Zeeland,Netherlands",Netherlands,EU-EFTA,RM,SH CP,Y,,SH - Slaughterhouse | CP - Cutting Plant,,
3567,Fa. Koning,Kombuisweg 17,Amsterdam,1041,"North Holland,Netherlands",Netherlands,EU-EFTA,RM,CP,N,,CP - Cutting Plant,,
9533,Fa. Slagerij Aldershof en Zn,Hornleger 8,Oosterwolde,8431,"Friesland,Netherlands",Netherlands,EU-EFTA,RM,SH CP,Y,,SH - Slaughterhouse | CP - Cutting Plant,,
3760,Farm Fields B.V.,Matendijk 1,Wekerom,6733,"Gelderland,Netherlands",Netherlands,EU-EFTA,RM,CP,N,,CP - Cutting Plant,,
5082,Ferdinand Zandbergen B.V.,De Nort 21,Woudenberg,3931,"Utrecht,Netherlands",Netherlands,EU-EFTA,RM,CP,N,bovine caprine ovine equine porcine,CP - Cutting Plant,,
381,Firma H. Beerten en Zoon,Dorpsstraat 17,Zieuwent,7136,"Gelderland,Netherlands",Netherlands,EU-EFTA,RM,SH CP,Y,,SH - Slaughterhouse | CP - Cutting Plant,,
9916,Firma Tuithof,Mijzijde 106,Kamerik,3471,"Utrecht,Netherlands",Netherlands,EU-EFTA,RM,SH CP,Y,,SH - Slaughterhouse | CP - Cutting Plant,,
5091,Firma Van der Linden,Rondven 2,Maarheeze,6026,"North Brabant,Netherlands",Netherlands,EU-EFTA,RM,CP,N,,CP - Cutting Plant,,
9432,Fontijn Vlees en Vleeswaren B.V.,Zuiderzeelaan 82,Weesp,1382,"North Holland,Netherlands",Netherlands,EU-EFTA,RM,CP,N,,CP - Cutting Plant,,
3584,Food Nazar B.V.,Beurtvaartweg 15,Nijmegen,6541,"Gelderland,Netherlands",Netherlands,EU-EFTA,RM,CP,N,,CP - Cutting Plant,,
217364,Foodrijk B.V.,Middenkampweg 21,Nijmegen,6545,"Gelderland,Netherlands",Netherlands,EU-EFTA,RM,CP,N,,CP - Cutting Plant,,
1012,Freshco Nuth B.V.,Edisonweg 30,Echt,6101,"Limburg,Netherlands",Netherlands,EU-EFTA,RM,CP,N,,CP - Cutting Plant,,
3687,Frigomundo Services B.V.,Produktieweg 5,Zoeterwoude,2382,"South Holland,Netherlands",Netherlands,EU-EFTA,RM,CP,N,,CP - Cutting Plant,,
216451,Fuite Veal B.V.,Beemsterweg 1,Almere,1311,"Flevoland,Netherlands",Netherlands,EU-EFTA,RM,CP,N,,CP - Cutting Plant,,
38003,G & A Wennekers Vleesgroothandel B.V.,Groothandelsmarkt 209,Rotterdam,3044,"South Holland,Netherlands",Netherlands,EU-EFTA,RM,CP,N,,CP - Cutting Plant,,
3350,G. Krikke & Zn B.V.,Biensma 34,Grou,9001,"Friesland,Netherlands",Netherlands,EU-EFTA,RM,CP,N,,CP - Cutting Plant,,
438,G.J. van der Bent Holding B.V.,Industrieweg 9,Zoetermeer,2712,"South Holland,Netherlands",Netherlands,EU-EFTA,RM,CP,N,,CP - Cutting Plant,,
5295,GONCA B.V.,Graafstroomstraat 5,Rotterdam,3044,"South Holland,Netherlands",Netherlands,EU-EFTA,RM,CP,N,,CP - Cutting Plant,,
749,Gebr. F.K. en G.F.H. Korver B.V.,Rijksstraatweg 11 A,Baambrugge,1396,"Utrecht,Netherlands",Netherlands,EU-EFTA,RM,SH,Y,bovine caprine ovine,SH - Slaughterhouse,,
109,Gebr. Van der Mey Vers Vlees B.V.,Edisonstraat 16,Sassenheim,2171,"South Holland,Netherlands",Netherlands,EU-EFTA,RM,CP,N,,CP - Cutting Plant,,
35004,Gebr. Van der Pijl B.V.,Groothandelsmarkt 218,Rotterdam,3044,"South Holland,Netherlands",Netherlands,EU-EFTA,RM,CP,N,,CP - Cutting Plant,,
224219,Geert van den Akker,Dr. Ruijsstraat 13,Overlangel,5357,"North Brabant,Netherlands",Netherlands,EU-EFTA,RM,CP,N,,CP - Cutting Plant,,
212341,Gepu Zelfbedieningsgroothandel B.V.,Vliegend Hertlaan 8,Utrecht,3526,"Utrecht,Netherlands",Netherlands,EU-EFTA,RM,CP,N,,CP - Cutting Plant,,
5084,Gilles,Witte Paal 112,Schagen,1742,"North Holland,Netherlands",Netherlands,EU-EFTA,RM,SH CP,Y,,SH - Slaughterhouse | CP - Cutting Plant,,
880,Goedegebuur Vlees Rotterdam B.V.,Groothandelsmarkt 201,Rotterdam,3044,"South Holland,Netherlands",Netherlands,EU-EFTA,RM,CP,N,,CP - Cutting Plant,,
5009,Grolleman Coldstore B.V.,Ecofactorij 14,Apeldoorn,7325,"Gelderland,Netherlands",Netherlands,EU-EFTA,RM,CP,N,,CP - Cutting Plant,,
568,Grolleman Vrieshuis Exploitatie Maatschappij B.V.,Industrieweg 23,Olst,8121,"Overijssel,Netherlands",Netherlands,EU-EFTA,RM,CP,N,,CP - Cutting Plant,,
214632,Groothandel De Leijer B.V.,Hoge Steenweg 42,Loon op Zand,5175,"North Brabant,Netherlands",Netherlands,EU-EFTA,RM,CP,N,,CP - Cutting Plant,,
3239,Groothandel en Slagerij-Dantuma B.V.,Kerkstraat 46,De Westereen,9271,"Friesland,Netherlands",Netherlands,EU-EFTA,RM,CP,N,,CP - Cutting Plant,,
9643,H. van Dasselaar,Bremerseweg 1,Nijkerk,3861,"Gelderland,Netherlands",Netherlands,EU-EFTA,RM,SH CP,Y,,SH - Slaughterhouse | CP - Cutting Plant,,
5162,H.M.C. (Horeca Meat Center) B.V.,Hoogstraat 103,Utrecht,3552,"Utrecht,Netherlands",Netherlands,EU-EFTA,RM,CP,N,,CP - Cutting Plant,,
3284,H.M.P. Meat Products B.V.,Lange Voren 36,Reusel,5541,"North Brabant,Netherlands",Netherlands,EU-EFTA,RM,CP,N,,CP - Cutting Plant,,
212965,HANOS Den Haag - Delft B.V.,Kleveringweg 57,Delft,2616,"South Holland,Netherlands",Netherlands,EU-EFTA,RM,CP,N,,CP - Cutting Plant,,
210185,HANOS Groningen B.V.,Bornholmstraat 56,Groningen,9723,"Groningen,Netherlands",Netherlands,EU-EFTA,RM,CP,N,,CP - Cutting Plant,,
210183,HANOS Heerlen B.V.,Heerlerweg 158,Hoensbroek,6433,"Limburg,Netherlands",Netherlands,EU-EFTA,RM,CP,N,,CP - Cutting Plant,,
219502,HANOS Hengelo B.V.,John Maynard Keynesstraat 10,Hengelo,7559,"Overijssel,Netherlands",Netherlands,EU-EFTA,RM,CP,N,,CP - Cutting Plant,,
224714,HANOS Maastricht B.V.,Molensingel 99,Maastricht,6229,"Limburg,Netherlands",Netherlands,EU-EFTA,RM,CP,N,,CP - Cutting Plant,,
210178,HANOS-ISPC Breda B.V.,Kalshoven 25,Breda,4825,"North Brabant,Netherlands",Netherlands,EU-EFTA,RM,CP,N,,CP - Cutting Plant,,
210177,HANOS-ISPC Utrecht B.V.,Ravenswade 94,Nieuwegein,3439,"Utrecht,Netherlands",Netherlands,EU-EFTA,RM,CP,N,,CP - Cutting Plant,,
488,HVO Meat B.V.,Piet Stuurmanweg 6,Waddinxveen,2742,"South Holland,Netherlands",Netherlands,EU-EFTA,RM,CP,N,,CP - Cutting Plant,,
3113,Habo Vleesspecialiteiten B.V.,Molendijk-Zuid 34,Schijndel,5482,"North Brabant,Netherlands",Netherlands,EU-EFTA,RM,CP,N,,CP - Cutting Plant,,
209178,Halima's Halal B.V.,Lekstraat 166 A,'S-Gravenhage,2515,"South Holland,Netherlands",Netherlands,EU-EFTA,RM,CP,N,,CP - Cutting Plant,,
9618,Hallal,'t Inne 9,Budel,6021,"North Brabant,Netherlands",Netherlands,EU-EFTA,RM,SH CP,Y,,SH - Slaughterhouse | CP - Cutting Plant,,
210190,Hanos Amsterdam,Spaklerweg 51,Duivendrecht,1114,"North Holland,Netherlands",Netherlands,EU-EFTA,RM,CP,N,,CP - Cutting Plant,,
5100,Hanos Apeldoorn B.V.,Stadhoudersmolenweg 41,Apeldoorn,7317,"Gelderland,Netherlands",Netherlands,EU-EFTA,RM,CP,N,,CP - Cutting Plant,,
210187,Hanos Eindhoven B.V.,Hurksestraat 19 A,Eindhoven,5652,"North Brabant,Netherlands",Netherlands,EU-EFTA,RM,CP,N,,CP - Cutting Plant,,
210184,Hanos Heerenveen B.V.,Houtdraaier 2,Heerenveen,8447,"Friesland,Netherlands",Netherlands,EU-EFTA,RM,CP,N,,CP - Cutting Plant,,
6880,Hanos Nijmegen B.V.,Energieweg 84,Nijmegen,6541,"Gelderland,Netherlands",Netherlands,EU-EFTA,RM,CP,N,,CP - Cutting Plant,,
210181,Hanos Venlo B.V.,Winkelveldstraat 17,Venlo,5916,"Limburg,Netherlands",Netherlands,EU-EFTA,RM,CP,N,,CP - Cutting Plant,,
210179,Hanos Zwolle B.V.,Schokkerweg 9,Zwolle,8042,"Overijssel,Netherlands",Netherlands,EU-EFTA,RM,CP,N,,CP - Cutting Plant,,
3613,Harry Smit 'De Marktslager',Melisseweg 89,Groningen,9731,"Groningen,Netherlands",Netherlands,EU-EFTA,RM,CP,N,,CP - Cutting Plant,,
116,Hartjes Vlees B.V.,Spaanderstraat 42,Oss,5348,"North Brabant,Netherlands",Netherlands,EU-EFTA,RM,CP,N,,CP - Cutting Plant,,
3058,Harto-Heijst B.V.,Waalstraat 29,Vlaardingen,3131,"South Holland,Netherlands",Netherlands,EU-EFTA,RM,CP,N,,CP - Cutting Plant,,
5074,"Hazo ""Vleescentrum"" B.V.",Zuidergracht 27,Soest,3763,"Utrecht,Netherlands",Netherlands,EU-EFTA,RM,CP,N,,CP - Cutting Plant,,
9607,Heinen Vleesbewerking B.V.,Nijverheidsweg 9,Zelhem,7021,"Gelderland,Netherlands",Netherlands,EU-EFTA,RM,SH CP,Y,,SH - Slaughterhouse | CP - Cutting Plant,,
144,Hems B.V.,Hunebedstraat 7,Oss,5342,"North Brabant,Netherlands",Netherlands,EU-EFTA,RM,CP,N,,CP - Cutting Plant,,
5757,Hendriks Wild & Gevogelte,Weselseweg 121,Venlo,5916,"Limburg,Netherlands",Netherlands,EU-EFTA,RM,CP,N,,CP - Cutting Plant,,
207718,Herefords Slagerij B.V.,Donk 1 A,Kessel,5995,"Limburg,Netherlands",Netherlands,EU-EFTA,RM,CP,N,,CP - Cutting Plant,,
496,Hesseling Vlees B.V.,Binnenzeestraat 20,Purmerend,1446,"North Holland,Netherlands",Netherlands,EU-EFTA,RM,CP,N,,CP - Cutting Plant,,
209890,Het Slagersatelier B.V.,Noordewierweg 122,Amersfoort,3812,"Utrecht,Netherlands",Netherlands,EU-EFTA,RM,CP,N,,CP - Cutting Plant,,
3757,Het Vleesgilde B.V.,Spanjelaan 22,Assen,9403,"Drenthe,Netherlands",Netherlands,EU-EFTA,RM,CP,N,,CP - Cutting Plant,,
371,Hilton Foods Holland,Grote Tocht 31,Zaandam,1507,"North Holland,Netherlands",Netherlands,EU-EFTA,RM,CP,N,,CP - Cutting Plant,,
230,Hogeslag Vleesverwerking B.V.,Bosberg 23,Borculo,7271,"Gelderland,Netherlands",Netherlands,EU-EFTA,RM,CP,N,,CP - Cutting Plant,,
75,Hogeslag-Olst B.V.,Industrieweg 16,Olst,8121,"Overijssel,Netherlands",Netherlands,EU-EFTA,RM,CP,N,bovine caprine ovine porcine equine,CP - Cutting Plant,,
142,Holland Meat Trading B.V.,Slabbecoornweg 37,Tholen,4691,"Zeeland,Netherlands",Netherlands,EU-EFTA,RM,CP,N,,CP - Cutting Plant,,
214475,Home Made Vleesspecialiteiten B.V.,Marconistraat 10,Ede,6716,"Gelderland,Netherlands",Netherlands,EU-EFTA,RM,CP,N,,CP - Cutting Plant,,
219513,Homeko Vlees B.V.,Ziedewij 29,Barendrecht,2991,"South Holland,Netherlands",Netherlands,EU-EFTA,RM,CP,N,,CP - Cutting Plant,,
250,Homeko-Hoefsmit B.V.,Ziedewij 39,Barendrecht,2991,"South Holland,Netherlands",Netherlands,EU-EFTA,RM,CP,N,,CP - Cutting Plant,,
214310,Horeca Line B.V.,De Run 5425,Veldhoven,5504,"North Brabant,Netherlands",Netherlands,EU-EFTA,RM,CP,N,,CP - Cutting Plant,,
1069,Horeca Vleescentrum Kemo,Industrieweg 16,Maarssen,3606,"Utrecht,Netherlands",Netherlands,EU-EFTA,RM,CP,N,,CP - Cutting Plant,,
206968,Horecaslagerij van Hees B.V.,Diepen 35,Amsterdam,1043,"North Holland,Netherlands",Netherlands,EU-EFTA,RM,CP,N,,CP - Cutting Plant,,
206858,Horecaslagerij van der Heijden,Ekkersrijt 3020,Son en Breugel,5692,"North Brabant,Netherlands",Netherlands,EU-EFTA,RM,CP,N,,CP - Cutting Plant,,
9223,Huisslachter Tiemen Visser B.V.,Vaarkampseweg 4,Lunteren,6741,"Gelderland,Netherlands",Netherlands,EU-EFTA,RM,SH CP,Y,,SH - Slaughterhouse | CP - Cutting Plant,,
260,Hutten Beef,IJzerweg 1,Heeten,8111,"Overijssel,Netherlands",Netherlands,EU-EFTA,RM,SH CP,Y,,SH - Slaughterhouse | CP - Cutting Plant,,
208977,Huuskes,Gronausestraat 425,Enschede,7533,"Overijssel,Netherlands",Netherlands,EU-EFTA,RM,CP,N,,CP - Cutting Plant,,
225988,IMPEX B.V.,Industrieweg 99 D,Rotterdam,3044,"South Holland,Netherlands",Netherlands,EU-EFTA,RM,CP,N,,CP - Cutting Plant,,
215137,IMPS (International Meat Processing Services),Keulschevaart 18,Breukelen,3621,"Utrecht,Netherlands",Netherlands,EU-EFTA,RM,SH CP,Y,,SH - Slaughterhouse | CP - Cutting Plant,,
218729,Ibrahim Vlees Centrum B.V.,Laagraven 45 B,Nieuwegein,3439,"Utrecht,Netherlands",Netherlands,EU-EFTA,RM,CP,N,,CP - Cutting Plant,,
222240,Intermezzomeat B.V.,Oonksweg 38 b,Borne,7622,"Overijssel,Netherlands",Netherlands,EU-EFTA,RM,CP,N,,CP - Cutting Plant,,
9647,Ipekci Slachterij B.V.,Buys Ballotstraat 7,Harderwijk,3846,"Gelderland,Netherlands",Netherlands,EU-EFTA,RM,SH CP,Y,,SH - Slaughterhouse | CP - Cutting Plant,,
226936,Ipekçi Slachterij B.V.,Réaumurstraat 3,Harderwijk,3846,"Gelderland,Netherlands",Netherlands,EU-EFTA,RM,CP,N,,CP - Cutting Plant,,
3611,Islamitische Slachterij Akce,Schoterlandseweg 3 A,Oudeschoot,8451,"Friesland,Netherlands",Netherlands,EU-EFTA,RM,SH CP,Y,,SH - Slaughterhouse | CP - Cutting Plant,,
9604,Islamitische Slachterij Mevlana,Spoorstraat 80,Varsseveld,7051,"Gelderland,Netherlands",Netherlands,EU-EFTA,RM,SH CP,Y,,SH - Slaughterhouse | CP - Cutting Plant,,
9035,Islamitische Slachtplaats Kurban,Diepersestraat 4 B,Neerijnen,4182,"Gelderland,Netherlands",Netherlands,EU-EFTA,RM,SH CP,Y,,SH - Slaughterhouse | CP - Cutting Plant,,
9631,"Islamse Slachtplaats ""Oud-Rijsenburg""",Langbroekerdijk 4,Driebergen-Rijsenburg,3972,"Utrecht,Netherlands",Netherlands,EU-EFTA,RM,SH,Y,,SH - Slaughterhouse,,
218982,Iwai meat B.V.,Roggeweg 8,Nijmegen,6534,"Gelderland,Netherlands",Netherlands,EU-EFTA,RM,CP,N,,CP - Cutting Plant,,
354,J.E. Zijdenbos Groothandel B.V.,Van Heekstraat 10,Schiedam,3125,"South Holland,Netherlands",Netherlands,EU-EFTA,RM,CP,N,,CP - Cutting Plant,,
5087,J.F.M. Havermans B.V.,Scheerbiesstraat 3 A,Wagenberg,4845,"North Brabant,Netherlands",Netherlands,EU-EFTA,RM,SH CP,Y,,SH - Slaughterhouse | CP - Cutting Plant,,
9055,J.G. de Graaff,Gaasterland 6,Beverwijk,1948,"North Holland,Netherlands",Netherlands,EU-EFTA,RM,SH,Y,,SH - Slaughterhouse,,
577,J.G. van der Mey B.V.,Hoofdstraat 20,Sassenheim,2171,"South Holland,Netherlands",Netherlands,EU-EFTA,RM,CP,N,,CP - Cutting Plant,,
632,J.W. Eikelenboom,Het Wargaren 19,Lith,5397,"North Brabant,Netherlands",Netherlands,EU-EFTA,RM,CP,N,,CP - Cutting Plant,,
505,Jan Roemaat Koel- en Vrieshuizen B.V.,Kerkstraat 66,Harreveld,7135,"Gelderland,Netherlands",Netherlands,EU-EFTA,RM,CP,N,,CP - Cutting Plant,,
352,Jan Zandbergen B.V.,Bobinestraat 29,Veenendaal,3903,"Utrecht,Netherlands",Netherlands,EU-EFTA,RM,CP,N,bovine caprine ovine equine porcine,CP - Cutting Plant,,
3779,Jan'S Vlees B.V.,Laan Van De Kreeft 191,Apeldoorn,7324,"Gelderland,Netherlands",Netherlands,EU-EFTA,RM,CP,N,,CP - Cutting Plant,,
3469,Jansen Vleeshandel Sneek B.V.,Alexanderstraat 6 a,Sneek,8606,"Friesland,Netherlands",Netherlands,EU-EFTA,RM,CP,N,,CP - Cutting Plant,,
9902,Jeroen de Vlieger Vleeshandel,Boskade 10,Hoogmade,2355,"South Holland,Netherlands",Netherlands,EU-EFTA,RM,CP,N,,CP - Cutting Plant,,
216574,Jimber Meat B.V.,Drukkersweg 14,HAARLEM,2031,Netherlands,Netherlands,EU-EFTA,RM,CP,N,,CP - Cutting Plant,,
717,Jo Roelofs Groothandel In Vlees B.V.,Molendwarsstraat 60 A,Twello,7391,"Gelderland,Netherlands",Netherlands,EU-EFTA,RM,CP,N,,CP - Cutting Plant,,
221745,Jocimeat B.V.,Industrieweg 86,Waalwijk,5145,"North Brabant,Netherlands",Netherlands,EU-EFTA,RM,CP,N,,CP - Cutting Plant,,
192,Kamminga's Slachtbedrijf B.V.,Grensweg 6,Surhuisterveen,9231,"Friesland,Netherlands",Netherlands,EU-EFTA,RM,SH CP,Y,,SH - Slaughterhouse | CP - Cutting Plant,,
209296,Keizer's Vleeshouwerij,Ondernemingsweg 210,Uithoorn,1422,"North Holland,Netherlands",Netherlands,EU-EFTA,RM,CP,N,,CP - Cutting Plant,,
230150,Keurslagerij van Strien B.V.,Hoofdstraat 64,'s Gravenmoer,5109,"North Brabant,Netherlands",Netherlands,EU-EFTA,RM,CP,N,,CP - Cutting Plant,,
3462,Keurslagerij van der Meer,Veenderveld 25,Roelofarendsveen,2371,"South Holland,Netherlands",Netherlands,EU-EFTA,RM,CP,N,,CP - Cutting Plant,,
344,Kooman Meat B.V.,Beneluxweg 9,Zuidbroek,9636,"Groningen,Netherlands",Netherlands,EU-EFTA,RM,CP,N,,CP - Cutting Plant,,
216223,Kouwenhoven Vlees,Witgoudweg 4,Almere,1362,"Flevoland,Netherlands",Netherlands,EU-EFTA,RM,CP,N,,CP - Cutting Plant,,
3472,Kraan Vleesservice B.V.,Tennesseedreef 21,Utrecht,3565,"Utrecht,Netherlands",Netherlands,EU-EFTA,RM,CP,N,,CP - Cutting Plant,,
208987,Kreko B.V.,Distriboulevard 5,Zevenbergen,4761,"North Brabant,Netherlands",Netherlands,EU-EFTA,RM,CP,N,,CP - Cutting Plant,,
5514,Krijgsman Food & Service,Piet Stuurmanweg 5,Waddinxveen,2742,"South Holland,Netherlands",Netherlands,EU-EFTA,RM,CP,N,,CP - Cutting Plant,,
25,Kroon Vlees,Gotenburgweg 30,Groningen,9723,"Groningen,Netherlands",Netherlands,EU-EFTA,RM,SH CP,Y,,SH - Slaughterhouse | CP - Cutting Plant,,
9345,Kwaliteitsslagerij J. Konijn,Kerkplein 24,Abcoude,1391,"Utrecht,Netherlands",Netherlands,EU-EFTA,RM,SH CP,Y,,SH - Slaughterhouse | CP - Cutting Plant,,
9326,Kwaliteitsslagerij Van den Berg,Herenstraat 46,Voorhout,2215,"South Holland,Netherlands",Netherlands,EU-EFTA,RM,SH CP,Y,,SH - Slaughterhouse | CP - Cutting Plant,,
3602,La Boucherie B.V.,Eerste Industrieweg 10,Made,4921,"North Brabant,Netherlands",Netherlands,EU-EFTA,RM,CP,N,,CP - Cutting Plant,,
3548,Landwinkel Berkelaarshof,Maasbrachterweg 76,Echt,6101,"Limburg,Netherlands",Netherlands,EU-EFTA,RM,CP,N,,CP - Cutting Plant,,
584,Lau van Haren Cold Stores B.V.,Metaalweg 15,Weurt,6551,"Gelderland,Netherlands",Netherlands,EU-EFTA,RM,CP,N,,CP - Cutting Plant,,
9635,Leclerq B.V.,De Koumen 15,Hoensbroek,6433,"Limburg,Netherlands",Netherlands,EU-EFTA,RM,SH CP,Y,,SH - Slaughterhouse | CP - Cutting Plant,,
3492,Lindenhoff B.V.,Rijksstraatweg 9 C,Baambrugge,1396,"Utrecht,Netherlands",Netherlands,EU-EFTA,RM,CP,N,,CP - Cutting Plant,,
531,Lineage Noord-Scharwoude B.V.,De Mossel 2,Noord-Scharwoude,1723,"North Holland,Netherlands",Netherlands,EU-EFTA,RM,CP,N,,CP - Cutting Plant,,
809,Lochtman Vlees en Vleeswaren B.V.,Kleinestraat 2 A,Heerlen,6422,"Limburg,Netherlands",Netherlands,EU-EFTA,RM,CP,N,,CP - Cutting Plant,,
489,Luiten B.V.,Edisonstraat 70,Zoetermeer,2723,"South Holland,Netherlands",Netherlands,EU-EFTA,RM,CP,N,,CP - Cutting Plant,,
5939,Luiten Food B.V.,Klaverblad 11,Leidschendam,2266,"South Holland,Netherlands",Netherlands,EU-EFTA,RM,CP,N,,CP - Cutting Plant,,
5715,M. Ruig En Zonen Bv,Zuideinde 235,Oostzaan,1511,"North Holland,Netherlands",Netherlands,EU-EFTA,RM,CP,N,,CP - Cutting Plant,,
9396,MAZA Vlees,Lindeweg 11,Heerjansdam,2995,"South Holland,Netherlands",Netherlands,EU-EFTA,RM,SH,Y,,SH - Slaughterhouse,,
9325,MFC Import & Export,Galvanistraat 8,Heerhugowaard,1704,"North Holland,Netherlands",Netherlands,EU-EFTA,RM,SH,Y,,SH - Slaughterhouse,,
3065,Maasland Vleeswaren B.V.,Damsluisweg 89,Almere,1332,"Flevoland,Netherlands",Netherlands,EU-EFTA,RM,CP,N,,CP - Cutting Plant,,
230998,"Marcel van der Weegh, Vleesverwerking",Enkstraat 80,Raalte,8102,"Overijssel,Netherlands",Netherlands,EU-EFTA,RM,CP,N,,CP - Cutting Plant,,
9891,Maurits Vlees B.V.,Wechelerweg 24,Raalte,8102,"Overijssel,Netherlands",Netherlands,EU-EFTA,RM,CP,N,,CP - Cutting Plant,,
223763,MeatClub,P.C. Staalweg 16,Bilthoven,3721,"Utrecht,Netherlands",Netherlands,EU-EFTA,RM,CP,N,,CP - Cutting Plant,,
654,Meatstreet Beverwijk B.V.,Rijnland 1,Beverwijk,1948,"North Holland,Netherlands",Netherlands,EU-EFTA,RM,CP,N,,CP - Cutting Plant,,
146,Meatstreet Born B.V.,Heirweg 7,Born,6121,"Limburg,Netherlands",Netherlands,EU-EFTA,RM,CP,N,,CP - Cutting Plant,,
878,Meatstreet Schagen B.V.,Witte Paal 330,Schagen,1742,"North Holland,Netherlands",Netherlands,EU-EFTA,RM,CP,N,,CP - Cutting Plant,,
9674,Moes For Meat B.V.,Hoofdweg 64,Wedde,9698,"Groningen,Netherlands",Netherlands,EU-EFTA,RM,SH,Y,,SH - Slaughterhouse,,
3658,Nice to Meat B.V.,Kobaltstraat 2,Almere,1362,"Flevoland,Netherlands",Netherlands,EU-EFTA,RM,CP,N,,CP - Cutting Plant,,
208715,Noordam Vleesservice,Rozenlaan 15,Doorn,3941,"Utrecht,Netherlands",Netherlands,EU-EFTA,RM,CP,N,,CP - Cutting Plant,,
224313,Oriental Enterprise Tong Fong Amsterdam B.V.,De Flinesstraat 6,Duivendrecht,1114,"North Holland,Netherlands",Netherlands,EU-EFTA,RM,CP,N,,CP - Cutting Plant,,
212694,Oriëntal Beef Products B.V.,Longobardenweg 4,Oss,5342,"North Brabant,Netherlands",Netherlands,EU-EFTA,RM,CP,N,,CP - Cutting Plant,,
174,Ozlem Groothandel in Shoarmavlees,De Giem 16,Enschede,7547,"Overijssel,Netherlands",Netherlands,EU-EFTA,RM,CP,N,,CP - Cutting Plant,,
210610,PRI-SUPPLIES B.V.,Bolderweg 46 Z,Almere,1332,"Flevoland,Netherlands",Netherlands,EU-EFTA,RM,CP,N,,CP - Cutting Plant,,
634,Peeters Vlees B.V.,De Ambachten 8,Zundert,4881,"North Brabant,Netherlands",Netherlands,EU-EFTA,RM,CP,N,,CP - Cutting Plant,,
9591,Pennings Vee en Vlees B.V.,Ringweg 8,Gendringen,7081,"Gelderland,Netherlands",Netherlands,EU-EFTA,RM,SH CP,Y,,SH - Slaughterhouse | CP - Cutting Plant,,
3015,Perier's Vleesbedrijf B.V.,Palmpolstraat 44,Almere,1327,"Flevoland,Netherlands",Netherlands,EU-EFTA,RM,CP,N,,CP - Cutting Plant,,
349,Peter Konijn B.V.,Hermelijnkoog 40,Alkmaar,1822,"North Holland,Netherlands",Netherlands,EU-EFTA,RM,CP,N,,CP - Cutting Plant,,
221392,Pieter van Meel productie,Energiestraat 29,Warmenhuizen,1749,"North Holland,Netherlands",Netherlands,EU-EFTA,RM,CP,N,,CP - Cutting Plant,,
5748,Pigarné B.V.,Marconistraat 1,Lichtenvoorde,7131,"Gelderland,Netherlands",Netherlands,EU-EFTA,RM,CP,N,,CP - Cutting Plant,,
787,Pigarné B.V.,Nijverheidsstraat 15,Lichtenvoorde,7131,"Gelderland,Netherlands",Netherlands,EU-EFTA,RM,CP SH,Y,,CP - Cutting Plant | SH - Slaughterhouse,,
208497,Poeliersbedrijf Cuno Moormann en Zonen BV,Wheeweg 30,Goor,7470,"Overijssel,Netherlands",Netherlands,EU-EFTA,RM,CP,N,,CP - Cutting Plant,,
209546,Polderlam B.V.,Nijverheidstraat 11,Giessen,4283,"North Brabant,Netherlands",Netherlands,EU-EFTA,RM,CP,N,,CP - Cutting Plant,,
226330,Polderlam Dodewaard B.V.,Voorenswei 8,Dodewaard,6669,"Gelderland,Netherlands",Netherlands,EU-EFTA,RM,CP SH,Y,,CP - Cutting Plant | SH - Slaughterhouse,,
230824,Prime Cuts Direct B.V.,Schillingweg 103,NIEUW-VENNEP,2153,"North Holland,Netherlands",Netherlands,EU-EFTA,RM,CP,N,,CP - Cutting Plant,,
575,Prins Op- en Overslag B.V.,Van Markenstraat 13,Lekkerkerk,2941,"South Holland,Netherlands",Netherlands,EU-EFTA,RM,CP,N,,CP - Cutting Plant,,
224284,Pure-Kitchen B.V.,Steenoven 40,Eindhoven,5626,"North Brabant,Netherlands",Netherlands,EU-EFTA,RM,CP,N,,CP - Cutting Plant,,
9610,R. & C. Wagner Vleeshandel & Party-Catering,Stuyvesantstraat 200,'S-Gravenhage,2593,"South Holland,Netherlands",Netherlands,EU-EFTA,RM,CP,N,,CP - Cutting Plant,,
766,RKKB Vleeshandel B.V.,Bierboomstraat 7,Didam,6942,"Gelderland,Netherlands",Netherlands,EU-EFTA,RM,CP,N,,CP - Cutting Plant,,
9408,Rademaker Vleesgroothandel B.V.,Beukenhorstweg 1,Winterswijk,7101,"Gelderland,Netherlands",Netherlands,EU-EFTA,RM,CP,N,,CP - Cutting Plant,,
208745,Ragazzi Vlees B.V.,Ambacht 3,Oostzaan,1511,"North Holland,Netherlands",Netherlands,EU-EFTA,RM,CP,N,,CP - Cutting Plant,,
208262,Ratouli Foods,Röntgenweg 7,Volendam,1131,"North Holland,Netherlands",Netherlands,EU-EFTA,RM,CP,N,,CP - Cutting Plant,,
219514,Real Meat B.V.,Nieuw-Zeelandweg 6 U,Amsterdam,1045,"North Holland,Netherlands",Netherlands,EU-EFTA,RM,CP,N,,CP - Cutting Plant,,
3219,René Elvers Vleeswaren Belvedere B.V.,Wolfskuilseweg 253,Nijmegen,6542,"Gelderland,Netherlands",Netherlands,EU-EFTA,RM,CP,N,,CP - Cutting Plant,,
9612,Roelofs Groothandel in Vlees B.V.,De Hork 5,Cuijk,5431,"North Brabant,Netherlands",Netherlands,EU-EFTA,RM,CP,N,,CP - Cutting Plant,,
1148,Roos Carpaccio B.V.,Van der Hoopstraat 2,Krimpen aan den IJssel,2921,"South Holland,Netherlands",Netherlands,EU-EFTA,RM,CP,N,,CP - Cutting Plant,,
225084,Ruigenhilvlees,Westmiddelweg 1,Oudemolen,4796,"North Brabant,Netherlands",Netherlands,EU-EFTA,RM,CP,N,,CP - Cutting Plant,,
42,Ruitenburg B.V.,Niels Bohrweg 161,Utrecht,3542,"Utrecht,Netherlands",Netherlands,EU-EFTA,RM,CP,N,,CP - Cutting Plant,,
5828,Rundvlees & Co B.V.,Tractieweg 36,Utrecht,3534,"Utrecht,Netherlands",Netherlands,EU-EFTA,RM,CP,N,,CP - Cutting Plant,,
3273,Rutting Versspecialiteiten B.V.,Rumpsterweg 9,Bunnik,3981,"Utrecht,Netherlands",Netherlands,EU-EFTA,RM,CP,N,,CP - Cutting Plant,,
223174,SVO vakopleiding food Eindhoven,Hooghuisstraat 24,Eindhoven,5611,"North Brabant,Netherlands",Netherlands,EU-EFTA,RM,CP,N,,CP - Cutting Plant,,
225143,Salty Butcher B.V.,Loggerstraat 55,IJmuiden,1976,"North Holland,Netherlands",Netherlands,EU-EFTA,RM,CP,N,,CP - Cutting Plant,,
216049,Savelkouls Agri B.V.,Hustenweg 8,'s-Hertogenbosch,5236,"North Brabant,Netherlands",Netherlands,EU-EFTA,RM,SH CP,Y,,SH - Slaughterhouse | CP - Cutting Plant,,
3260,Schipper Vlees & BBQ,Celsiusstraat 1,Zevenaar,6902,"Gelderland,Netherlands",Netherlands,EU-EFTA,RM,CP,N,,CP - Cutting Plant,,
837,Selekt Meat Products,Edisonstraat 17,Harlingen,8861,"Friesland,Netherlands",Netherlands,EU-EFTA,RM,CP,N,,CP - Cutting Plant,,
9275,Slacht- en Grossiersbedrijf Barten B.V.,Zouwendijk 113,Meerkerk,4231,"South Holland,Netherlands",Netherlands,EU-EFTA,RM,SH CP,Y,,SH - Slaughterhouse | CP - Cutting Plant,,
220785,Slachtbedrijf ATS OIdemarkt,de Boterberg 6,Oldemarkt,8375,"Overijssel,Netherlands",Netherlands,EU-EFTA,RM,SH CP,Y,,SH - Slaughterhouse | CP - Cutting Plant,,
126,Slachterij 's-Graveland,De Boomgaard 30,'s-Graveland,1243,"North Holland,Netherlands",Netherlands,EU-EFTA,RM,SH,Y,,SH - Slaughterhouse,,
763,Slachterij Amstelland B.V.,Maarssenbroeksedijk Oost 36 a,Maarssen,3603,"Utrecht,Netherlands",Netherlands,EU-EFTA,RM,CP,N,,CP - Cutting Plant,,
9424,Slachterij Dokkum B.V.,Doorvaart 9,Dokkum,9101,"Friesland,Netherlands",Netherlands,EU-EFTA,RM,SH CP,Y,,SH - Slaughterhouse | CP - Cutting Plant,,
234,Slachterij Erp B.V.,Franseweg 8,Erp,5469,"North Brabant,Netherlands",Netherlands,EU-EFTA,RM,SH CP,Y,,SH - Slaughterhouse | CP - Cutting Plant,,
254,Slachterij Henk Worst B.V.,Bulderweg 2,Nijkerk,3862,"Gelderland,Netherlands",Netherlands,EU-EFTA,RM,SH CP,Y,,SH - Slaughterhouse | CP - Cutting Plant,,
9589,Slachterij Story B.V.,De Morgenstond 1,Heeswijk-Dinther,5473,"North Brabant,Netherlands",Netherlands,EU-EFTA,RM,SH CP,Y,,SH - Slaughterhouse | CP - Cutting Plant,,
9502,Slachterij Tholen B.V.,Bronsgeestweg 2,Sint-Annaland,4697,"Zeeland,Netherlands",Netherlands,EU-EFTA,RM,SH CP,Y,,SH - Slaughterhouse | CP - Cutting Plant,,
725,Slachterij Van Kooten B.V.,Julianalaan 1,Montfoort,3417,"Utrecht,Netherlands",Netherlands,EU-EFTA,RM,CP,N,,CP - Cutting Plant,,
5268,Slachterij Vugts,Drie Lindekensweg 2 a,Steenbergen,4651,"North Brabant,Netherlands",Netherlands,EU-EFTA,RM,SH CP,Y,,SH - Slaughterhouse | CP - Cutting Plant,,
9649,Slachterij van der Linden B.V. i.o.,Meierijsebaan 8,Oirschot,5688,"North Brabant,Netherlands",Netherlands,EU-EFTA,RM,SH CP,Y,,SH - Slaughterhouse | CP - Cutting Plant,,
9611,Slachthuis Haaksbergen B.V.,Spoelsterstraat 53,Haaksbergen,7481,"Overijssel,Netherlands",Netherlands,EU-EFTA,RM,SH CP,Y,,SH - Slaughterhouse | CP - Cutting Plant,,
751,Slachthuis Henk van Kemenade B.V.,Laagveld 4 -6,Asten,5721,"North Brabant,Netherlands",Netherlands,EU-EFTA,RM,CP SH,Y,porcine,CP - Cutting Plant | SH - Slaughterhouse,,
335,Slachthuis Kerkrade Holding B.V.,Hammolenweg 66,Kerkrade,6466,"Limburg,Netherlands",Netherlands,EU-EFTA,RM,CP,N,,CP - Cutting Plant,,
793,Slachthuis Veenendaal B.V.,Nijverheidslaan 27,Veenendaal,3903,"Utrecht,Netherlands",Netherlands,EU-EFTA,RM,CP,N,,CP - Cutting Plant,,
690,Slachthuis en Slagerij Yakhlaf B.V.,Gerrit Bolkade 32,Zaandam,1507,"North Holland,Netherlands",Netherlands,EU-EFTA,RM,SH,Y,,SH - Slaughterhouse,,
208133,Slagerij Albert van den Heuvel v.o.f.,Viaductweg 14 a,Bruchem,5314,"Gelderland,Netherlands",Netherlands,EU-EFTA,RM,CP,N,,CP - Cutting Plant,,
9104,Slagerij Anema V.O.F.,Heeremastraat 10,Bolsward,8701,"Friesland,Netherlands",Netherlands,EU-EFTA,RM,SH,Y,,SH - Slaughterhouse,,
9621,Slagerij Attema,Harlingerdijk 3,Makkum,8754,"Friesland,Netherlands",Netherlands,EU-EFTA,RM,SH CP,Y,,SH - Slaughterhouse | CP - Cutting Plant,,
9105,Slagerij Bejo,Barnflair Oost 44,Ter Apel,9561,"Groningen,Netherlands",Netherlands,EU-EFTA,RM,SH CP,Y,,SH - Slaughterhouse | CP - Cutting Plant,,
9094,Slagerij Blokhuis,Brinkstraat 63 65,Denekamp,7591,"Overijssel,Netherlands",Netherlands,EU-EFTA,RM,SH,Y,,SH - Slaughterhouse,,
230485,Slagerij De Boomgaard,De Boomgaard 30 achter,'s-Graveland,1243,"North Holland,Netherlands",Netherlands,EU-EFTA,RM,CP,N,,CP - Cutting Plant,,
9487,Slagerij De Smet,Nieuwstraat 61,Koewacht,4576,"Zeeland,Netherlands",Netherlands,EU-EFTA,RM,SH,Y,,SH - Slaughterhouse,,
9494,Slagerij De Waard,Lepelstraat 5,Yerseke,4401,"Zeeland,Netherlands",Netherlands,EU-EFTA,RM,SH,Y,,SH - Slaughterhouse,,
226057,Slagerij Elidrissi,Markt 82,Almere,1354,"Flevoland,Netherlands",Netherlands,EU-EFTA,RM,CP,N,,CP - Cutting Plant,,
9377,Slagerij Fa. Van Den Berg,Stationsweg 23,Wezep,8091,"Gelderland,Netherlands",Netherlands,EU-EFTA,RM,SH CP,Y,,SH - Slaughterhouse | CP - Cutting Plant,,
219931,Slagerij G. ter Weele & Zoon B.V.,Molenvaart 10,Lieren,7364,"Gelderland,Netherlands",Netherlands,EU-EFTA,RM,SH CP,Y,,SH - Slaughterhouse | CP - Cutting Plant,,
9102,Slagerij G.J. Hoff B.V.,Zwedenweg 4,Hardenberg,7772,"Overijssel,Netherlands",Netherlands,EU-EFTA,RM,SH CP,Y,,SH - Slaughterhouse | CP - Cutting Plant,,
9114,Slagerij Gerard Dijkstra,Weerdingerkanaal NZ 165,Nieuw-Weerdinge,7831,"Drenthe,Netherlands",Netherlands,EU-EFTA,RM,SH,Y,,SH - Slaughterhouse,,
219360,Slagerij Groen B.V.,Beemsterweg 21,Almere,1311,"Flevoland,Netherlands",Netherlands,EU-EFTA,RM,CP,N,,CP - Cutting Plant,,
9333,Slagerij Groot,Pieter Janszoon Jongstraat 110,Lutjebroek,1614,"North Holland,Netherlands",Netherlands,EU-EFTA,RM,SH CP,Y,,SH - Slaughterhouse | CP - Cutting Plant,,
218344,Slagerij Hoeve Biesland,Bieslandseweg 1,Delfgauw,2645,"South Holland,Netherlands",Netherlands,EU-EFTA,RM,CP,N,,CP - Cutting Plant,,
9255,Slagerij J. Goos,Lange Brugstraat 10,Etten-Leur,4871,"North Brabant,Netherlands",Netherlands,EU-EFTA,RM,CP,N,,CP - Cutting Plant,,
9656,Slagerij Jansen,Weebosch 63,Bergeijk,5571,"North Brabant,Netherlands",Netherlands,EU-EFTA,RM,SH CP,Y,,SH - Slaughterhouse | CP - Cutting Plant,,
704,Slagerij Kaldenberg B.V.,Gaanweg 1 A,Vuren,4214,"Gelderland,Netherlands",Netherlands,EU-EFTA,RM,CP,N,,CP - Cutting Plant,,
9178,Slagerij Kastelein B.V.,Goorseweg 8 10,Diepenheim,7478,"Overijssel,Netherlands",Netherlands,EU-EFTA,RM,SH CP,Y,,SH - Slaughterhouse | CP - Cutting Plant,,
9194,Slagerij Keulen B.V.,Kerkstraat 26,Hulsberg,6336,"Limburg,Netherlands",Netherlands,EU-EFTA,RM,CP,N,,CP - Cutting Plant,,
9400,Slagerij Klaas Hiemstra,Hoofdstraat 14,Koudum,8723,"Friesland,Netherlands",Netherlands,EU-EFTA,RM,SH,Y,,SH - Slaughterhouse,,
3166,Slagerij Kouwen,Weth.Imminkstraat 16,Lemele,8148,"Overijssel,Netherlands",Netherlands,EU-EFTA,RM,SH CP,Y,,SH - Slaughterhouse | CP - Cutting Plant,,
9449,Slagerij Kusters,Rijksweg 73,Margraten,6269,"Limburg,Netherlands",Netherlands,EU-EFTA,RM,SH CP,Y,,SH - Slaughterhouse | CP - Cutting Plant,,
9918,Slagerij Louman B.V.,Goudsbloemstraat 76,Amsterdam,1015,"North Holland,Netherlands",Netherlands,EU-EFTA,RM,CP,N,,CP - Cutting Plant,,
9181,Slagerij Luijerink,Kerkstraat 2,Losser,7581,"Overijssel,Netherlands",Netherlands,EU-EFTA,RM,SH CP,Y,,SH - Slaughterhouse | CP - Cutting Plant,,
9133,Slagerij Meems,Weerdingerkanaal Nz 93,Nieuw-Weerdinge,7831,"Drenthe,Netherlands",Netherlands,EU-EFTA,RM,SH CP,Y,,SH - Slaughterhouse | CP - Cutting Plant,,
7410,Slagerij Otto B.V.,Oude Heijningsedijk 257 a,Heijningen,4794,"North Brabant,Netherlands",Netherlands,EU-EFTA,RM,SH,Y,bovine ovine porcine,SH - Slaughterhouse,,
9603,Slagerij Pennings B.V.,Middegaal 3,Veghel,5461,"North Brabant,Netherlands",Netherlands,EU-EFTA,RM,CP,N,,CP - Cutting Plant,,
372,Slagerij Pessers B.V.,Spoorweide 6,Riel,5133,"North Brabant,Netherlands",Netherlands,EU-EFTA,RM,CP,N,,CP - Cutting Plant,,
9147,Slagerij R. Rijpma en Zn.,Canterlandseweg 12,Gytsjerk,9061,"Friesland,Netherlands",Netherlands,EU-EFTA,RM,SH CP,Y,,SH - Slaughterhouse | CP - Cutting Plant,,
219709,Slagerij Richard van der Vlis B.V.,Fokko Kortlanglaan 180,Ermelo,3851,"Gelderland,Netherlands",Netherlands,EU-EFTA,RM,CP,N,,CP - Cutting Plant,,
9398,Slagerij Schreiber,Nije Buorren 4,Ferwert,9172,"Friesland,Netherlands",Netherlands,EU-EFTA,RM,SH CP,Y,,SH - Slaughterhouse | CP - Cutting Plant,,
9315,Slagerij Timmermans V.O.F.,Kastanjelaan 25,Helvoirt,5268,"North Brabant,Netherlands",Netherlands,EU-EFTA,RM,SH,Y,,SH - Slaughterhouse,,
9214,Slagerij Twan Ras B.V.,Vlassloot 13,Soerendonk,6027,"North Brabant,Netherlands",Netherlands,EU-EFTA,RM,SH CP,Y,,SH - Slaughterhouse | CP - Cutting Plant,,
9097,Slagerij Van Aalderen,Nieuwelandstraat 21,Ommen,7731,"Overijssel,Netherlands",Netherlands,EU-EFTA,RM,CP,N,,CP - Cutting Plant,,
9444,Slagerij Van Meurs B.V.,Kaagjesland 6,Reeuwijk,2811,"South Holland,Netherlands",Netherlands,EU-EFTA,RM,SH CP,Y,,SH - Slaughterhouse | CP - Cutting Plant,,
9162,Slagerij Walburg,Wommelserweg 7,Tzum,8804,"Friesland,Netherlands",Netherlands,EU-EFTA,RM,SH CP,Y,,SH - Slaughterhouse | CP - Cutting Plant,,
208643,Slagerij Willem Terlouw,Middenweg 450,Amsterdam,1097,"North Holland,Netherlands",Netherlands,EU-EFTA,RM,CP,N,,CP - Cutting Plant,,
221503,Slagerij Wout van de Veen B.V.,Poelweg 6 A,Ederveen,6744,"Gelderland,Netherlands",Netherlands,EU-EFTA,RM,SH CP,Y,,SH - Slaughterhouse | CP - Cutting Plant,,
220413,Slagerij de Graaf,Meeleweg 66,Nieuwleusen,7711,"Overijssel,Netherlands",Netherlands,EU-EFTA,RM,SH CP,Y,,SH - Slaughterhouse | CP - Cutting Plant,,
220435,Slagerij de Vries B.V.,Buurstede 1,Oosterwolde,8431,"Friesland,Netherlands",Netherlands,EU-EFTA,RM,CP,N,,CP - Cutting Plant,,
9019,Slagerij van de Pol,Deventerweg 33,Laren,7245,"Gelderland,Netherlands",Netherlands,EU-EFTA,RM,SH,Y,,SH - Slaughterhouse,,
9249,Slagerij van de Weg B.V.,Zwarteweg 24,Oosterwolde,8097,"Gelderland,Netherlands",Netherlands,EU-EFTA,RM,SH CP,Y,,SH - Slaughterhouse | CP - Cutting Plant,,
9144,Slagerij van der Sluis,Tsjerkestrjitte 2,De Westereen,9271,"Friesland,Netherlands",Netherlands,EU-EFTA,RM,SH,Y,,SH - Slaughterhouse,,
9321,Slagerij/Slachterij Vogels V.O.F.,Van Musschenbroekstraat 4,Elsendorp,5424,"North Brabant,Netherlands",Netherlands,EU-EFTA,RM,SH CP,Y,,SH - Slaughterhouse | CP - Cutting Plant,,
9358,Slagerijbedrijven Linderman B.V.,Abdijweg 48 50,Weerselo,7595,"Overijssel,Netherlands",Netherlands,EU-EFTA,RM,SH CP,Y,,SH - Slaughterhouse | CP - Cutting Plant,,
659,Slagersvleescentrale,Energieweg 9,Tholen,4691,"Zeeland,Netherlands",Netherlands,EU-EFTA,RM,CP,N,,CP - Cutting Plant,,
210054,Sligro,Boerendanserdijk 45,Zwolle,8024,"Overijssel,Netherlands",Netherlands,EU-EFTA,RM,CP,N,,CP - Cutting Plant,,
210201,Sligro,IABC 5252,Breda,4814,"North Brabant,Netherlands",Netherlands,EU-EFTA,RM,CP,N,,CP - Cutting Plant,,
210197,Sligro,Van den Broekeweg 12,Almelo,7602,"Overijssel,Netherlands",Netherlands,EU-EFTA,RM,CP,N,,CP - Cutting Plant,,
210221,Sligro,Hanzeweg 11,Gouda,2803,"South Holland,Netherlands",Netherlands,EU-EFTA,RM,CP,N,,CP - Cutting Plant,,
210238,Sligro,Kissel 30,Heerlen,6416,"Limburg,Netherlands",Netherlands,EU-EFTA,RM,CP,N,bovine caprine ovine equine porcine,CP - Cutting Plant,,
210230,Sligro,Roermondseweg 95,Weert,6004,"Limburg,Netherlands",Netherlands,EU-EFTA,RM,CP,N,,CP - Cutting Plant,,
210216,Sligro,Grote Wade 90,Nieuwegein,3439,"Utrecht,Netherlands",Netherlands,EU-EFTA,RM,CP,N,,CP - Cutting Plant,,
210209,Sligro,Bedrijfsweg 8,Vlissingen,4387,"Zeeland,Netherlands",Netherlands,EU-EFTA,RM,CP,N,,CP - Cutting Plant,,
213409,Sligro,Ir. E.L.C. Schiffstraat 246,Enschede,7547,"Overijssel,Netherlands",Netherlands,EU-EFTA,RM,CP,N,,CP - Cutting Plant,,
213419,Sligro,Perronlaan 1,Utrecht,3534,"Utrecht,Netherlands",Netherlands,EU-EFTA,RM,CP,N,,CP - Cutting Plant,,
210218,Sligro,Rooseveltstraat 57,Leiden,2321,"South Holland,Netherlands",Netherlands,EU-EFTA,RM,CP,N,,CP - Cutting Plant,,
210224,Sligro,Linge 2,'S-Gravenhage,2491,"South Holland,Netherlands",Netherlands,EU-EFTA,RM,CP,N,,CP - Cutting Plant,,
210200,Sligro,Pergolesilaan 10,Bergen op Zoom,4614,"North Brabant,Netherlands",Netherlands,EU-EFTA,RM,CP,N,,CP - Cutting Plant,,
210239,Sligro,Kennedylaan 3,Veghel,5466,"North Brabant,Netherlands",Netherlands,EU-EFTA,RM,CP,N,bovine caprine ovine equine porcine,CP - Cutting Plant,,
210234,Sligro,Franciscusweg 291,Hilversum,1216,"North Holland,Netherlands",Netherlands,EU-EFTA,RM,CP,N,,CP - Cutting Plant,,
210232,Sligro,Energieweg 42,Nijmegen,6541,"Gelderland,Netherlands",Netherlands,EU-EFTA,RM,CP,N,,CP - Cutting Plant,,
210231,Sligro,Burghoffweg 28,Roermond,6042,"Limburg,Netherlands",Netherlands,EU-EFTA,RM,CP,N,,CP - Cutting Plant,,
210053,Sligro,Willem Alexanderweg 72,Maastricht,6222,"Limburg,Netherlands",Netherlands,EU-EFTA,RM,CP,N,,CP - Cutting Plant,,
210211,Sligro,Ringbaan-Zuid 13,Tilburg,5021,"North Brabant,Netherlands",Netherlands,EU-EFTA,RM,CP,N,,CP - Cutting Plant,,
210207,Sligro,Groothandelsmarkt 181,Rotterdam,3044,"South Holland,Netherlands",Netherlands,EU-EFTA,RM,CP,N,,CP - Cutting Plant,,
210206,Sligro,Winkelveldstraat 28,Venlo,5916,"Limburg,Netherlands",Netherlands,EU-EFTA,RM,CP,N,,CP - Cutting Plant,,
210199,Sligro,Driepoortenweg 14,Arnhem,6827,"Gelderland,Netherlands",Netherlands,EU-EFTA,RM,CP,N,,CP - Cutting Plant,,
210213,Sligro,Stadionweg 47 -49,Rotterdam,3077,"South Holland,Netherlands",Netherlands,EU-EFTA,RM,CP,N,,CP - Cutting Plant,,
210223,Sligro,Hurksestraat 5,Eindhoven,5652,"North Brabant,Netherlands",Netherlands,EU-EFTA,RM,CP,N,,CP - Cutting Plant,,
210226,Sligro,Ruwekampweg 1,'s-Hertogenbosch,5222,"North Brabant,Netherlands",Netherlands,EU-EFTA,RM,CP,N,,CP - Cutting Plant,,
210214,Sligro,Leemstraat 3,Roosendaal,4705,"North Brabant,Netherlands",Netherlands,EU-EFTA,RM,CP,N,,CP - Cutting Plant,,
210229,Sligro,Nijbracht 85,Emmen,7821,"Drenthe,Netherlands",Netherlands,EU-EFTA,RM,CP,N,,CP - Cutting Plant,,
214073,Sligro,Polderweg 1,Purmerend,1446,"North Holland,Netherlands",Netherlands,EU-EFTA,RM,CP,N,,CP - Cutting Plant,,
213408,Sligro,De Huchtstraat 12,Almere,1327,"Flevoland,Netherlands",Netherlands,EU-EFTA,RM,CP,N,,CP - Cutting Plant,,
210215,Sligro,Jan van Krimpenweg 11,HAARLEM,2031,Netherlands,Netherlands,EU-EFTA,RM,CP,N,,CP - Cutting Plant,,
229260,Sligro,Kerketuinenweg 35,'S-Gravenhage,2544,"South Holland,Netherlands",Netherlands,EU-EFTA,RM,CP,N,,CP - Cutting Plant,,
210056,Sligro,Cobolweg 7,Amersfoort,3821,"Utrecht,Netherlands",Netherlands,EU-EFTA,RM,CP,N,,CP - Cutting Plant,,
210196,Sligro,Laanenderweg 9,Alkmaar,1812,"North Holland,Netherlands",Netherlands,EU-EFTA,RM,CP,N,,CP - Cutting Plant,,
210198,Sligro,van der Madeweg 39,Duivendrecht,1115,"North Holland,Netherlands",Netherlands,EU-EFTA,RM,CP,N,,CP - Cutting Plant,,
210235,Sligro Food Group Nederland B.V.,Osloweg 112,Groningen,9723,"Groningen,Netherlands",Netherlands,EU-EFTA,RM,CP,N,,CP - Cutting Plant,,
5163,Slobbe Meat Trading B.V.,Elbe 18,'S-Gravenhage,2491,"South Holland,Netherlands",Netherlands,EU-EFTA,RM,CP,N,,CP - Cutting Plant,,
53,Stam Vlees Hoorn B.V.,De Compagnie 3,Zwaag,1689,"North Holland,Netherlands",Netherlands,EU-EFTA,RM,CP,N,,CP - Cutting Plant,,
208978,Stefo,Tweede Industriestraat 3,Bussum,1401,"North Holland,Netherlands",Netherlands,EU-EFTA,RM,CP,N,bovine caprine ovine equine porcine,CP - Cutting Plant,,
101,Stegeman,Jan Meesterweg 2,Wijhe,8131,"Overijssel,Netherlands",Netherlands,EU-EFTA,RM,CP,N,,CP - Cutting Plant,,
231286,Stichting Vakinstelling SVO,Sleepboot 2,Houten,3991,"Utrecht,Netherlands",Netherlands,EU-EFTA,RM,CP,N,,CP - Cutting Plant,,
209533,Stichting Vakinstelling SVO,Diepenhorstlaan 3,Rijswijk,2288,"South Holland,Netherlands",Netherlands,EU-EFTA,RM,CP,N,,CP - Cutting Plant,,
207831,Stoop Premium Meat B.V.,Bramenberg 7,Eemnes,3755,"Utrecht,Netherlands",Netherlands,EU-EFTA,RM,CP,N,,CP - Cutting Plant,,
375,Stroomberg Weert B.V.,Kraanmeester 7,Weert,6004,"Limburg,Netherlands",Netherlands,EU-EFTA,RM,CP,N,,CP - Cutting Plant,,
208982,Super Halal Slagerij,Nieuw-Zeelandweg 6 M,Amsterdam,1045,"North Holland,Netherlands",Netherlands,EU-EFTA,RM,CP,N,,CP - Cutting Plant,,
644,Supply Point Cuijk B.V.,Korte Oijen 6,Katwijk,5433,"North Brabant,Netherlands",Netherlands,EU-EFTA,RM,CP,N,,CP - Cutting Plant,,
939,T. Boer en Zonen B.V.,'s Gravenweg 350,Nieuwerkerk aan den Ijssel,2911,"South Holland,Netherlands",Netherlands,EU-EFTA,RM,CP,N,,CP - Cutting Plant,,
34,T. Boer en Zonen B.V.,'s Gravenweg 114,Nieuwerkerk aan den Ijssel,2911,"South Holland,Netherlands",Netherlands,EU-EFTA,RM,SH CP,Y,,SH - Slaughterhouse | CP - Cutting Plant,,
9047,T. van der Kolk Vee en Vlees B.V.,Voorthuizerstraat 244 A,Putten,3881,"Gelderland,Netherlands",Netherlands,EU-EFTA,RM,CP,N,,CP - Cutting Plant,,
224309,TDH Vlees,Ledeboerstraat 68 01,Tilburg,5048,"North Brabant,Netherlands",Netherlands,EU-EFTA,RM,CP,N,,CP - Cutting Plant,,
208322,Tanger Distributiecentrum B.V.,Dinkel 94 Food center F,'S-Gravenhage,2491,"South Holland,Netherlands",Netherlands,EU-EFTA,RM,CP,N,,CP - Cutting Plant,,
219418,Teujib Halal Productie B.V.,Visseringweg 50,Diemen,1112,"North Holland,Netherlands",Netherlands,EU-EFTA,RM,CP,N,,CP - Cutting Plant,,
218403,The Dutch Proud,Flevostraat 265,Purmerend,1442,"North Holland,Netherlands",Netherlands,EU-EFTA,RM,CP,N,,CP - Cutting Plant,,
209154,Theo Everaers Horeca Leverancier B.V.,Economiestraat 4,Sittard,6135,"Limburg,Netherlands",Netherlands,EU-EFTA,RM,CP,N,,CP - Cutting Plant,,
814,Tieben Vlees B.V.,Nijverheidslaan 47 B,Musselkanaal,9581,"Groningen,Netherlands",Netherlands,EU-EFTA,RM,CP,N,,CP - Cutting Plant,,
218163,Top Nawar Vleesco,Van Slingelandtstraat 41,Amsterdam,1051,"North Holland,Netherlands",Netherlands,EU-EFTA,RM,CP,N,,CP - Cutting Plant,,
9671,Topslachterij Tolbert Al Nour,Feithspark 3,Tolbert,9356,"Groningen,Netherlands",Netherlands,EU-EFTA,RM,SH CP,Y,,SH - Slaughterhouse | CP - Cutting Plant,,
530,Topvlees B.V.,Einsteinstraat 5,'s-Gravenzande,2691,"South Holland,Netherlands",Netherlands,EU-EFTA,RM,CP,N,,CP - Cutting Plant,,
9672,Twentse Vleesgrossierderij Hoogwijk B.V.,Hellendoornseweg 7 b,Daarle,7688,"Overijssel,Netherlands",Netherlands,EU-EFTA,RM,CP,N,,CP - Cutting Plant,,
221985,Uw Slager Gebr. Duijzer,Marsdiepstraat 381,Den Helder,1784,"North Holland,Netherlands",Netherlands,EU-EFTA,RM,CP,N,,CP - Cutting Plant,,
638,V.O.F. Rijncom,Argonstraat 74,Zoetermeer,2718,"South Holland,Netherlands",Netherlands,EU-EFTA,RM,CP,N,,CP - Cutting Plant,,
9120,V.O.F. Slagerij Hiemstra,Kade 13,Sexbierum,8855,"Friesland,Netherlands",Netherlands,EU-EFTA,RM,SH CP,Y,,SH - Slaughterhouse | CP - Cutting Plant,,
9364,V.O.F. Slagerij Hoogeveen,Rijksweg 210,Hoogersmilde,9423,"Drenthe,Netherlands",Netherlands,EU-EFTA,RM,SH CP,Y,,SH - Slaughterhouse | CP - Cutting Plant,,
208611,V.O.F. Slagerij J. van der Veldt,Rijksstraatweg 322 A,Wassenaar,2242,"South Holland,Netherlands",Netherlands,EU-EFTA,RM,CP,N,,CP - Cutting Plant,,
5094,V.O.F. de Letter-Polfliet,'s-Gravenstraat 363,Clinge,4567,"Zeeland,Netherlands",Netherlands,EU-EFTA,RM,CP,N,,CP - Cutting Plant,,
221214,VDS Wolvega B.V.,Haulerweg 62,Wolvega,8471,"Friesland,Netherlands",Netherlands,EU-EFTA,RM,SH CP,Y,,SH - Slaughterhouse | CP - Cutting Plant,,
312,VION Apeldoorn B.V.,Laan Van Malkenschoten 77,Apeldoorn,7333,"Gelderland,Netherlands",Netherlands,EU-EFTA,RM,SH CP,Y,,SH - Slaughterhouse | CP - Cutting Plant,,
61,VION Boxtel B.V.,Boseind 10,Boxtel,5281,"North Brabant,Netherlands",Netherlands,EU-EFTA,RM,CP SH,Y,,CP - Cutting Plant | SH - Slaughterhouse,,
305,VION Enschede B.V.,Het Lentfert 74,Enschede,7547,"Overijssel,Netherlands",Netherlands,EU-EFTA,RM,CP,N,,CP - Cutting Plant,,
367,VION Groenlo B.V.,Den Sliem 8,Groenlo,7141,"Gelderland,Netherlands",Netherlands,EU-EFTA,RM,SH CP,Y,,SH - Slaughterhouse | CP - Cutting Plant,,
82,VION Scherpenzeel B.V.,'t Zwarte Land 13,Scherpenzeel,3925,"Gelderland,Netherlands",Netherlands,EU-EFTA,RM,CP,N,,CP - Cutting Plant,,
87,VION Tilburg BV,Enschotsestraat 28,Tilburg,5013,"North Brabant,Netherlands",Netherlands,EU-EFTA,RM,SH CP,Y,,SH - Slaughterhouse | CP - Cutting Plant,,
221406,VSS MEAT,Spoorstraat 35,'t Harde,8084,"Gelderland,Netherlands",Netherlands,EU-EFTA,RM,CP,N,,CP - Cutting Plant,,
667,Van Elteren Food,Lagestraat 11,Oud Gastel,4751,"North Brabant,Netherlands",Netherlands,EU-EFTA,RM,CP,N,,CP - Cutting Plant,,
214502,Van Gerven Vlees,Notelstraat 34,Esbeek,5085,"North Brabant,Netherlands",Netherlands,EU-EFTA,RM,CP,N,,CP - Cutting Plant,,
212342,Van Huisstede Vlees,De Alde Mar 24 A,Dronryp,9035,"Friesland,Netherlands",Netherlands,EU-EFTA,RM,CP,N,,CP - Cutting Plant,,
3373,Van Kooten Vleesgroothandel B.V.,Oeverweg 3,Montfoort,3417,"Utrecht,Netherlands",Netherlands,EU-EFTA,RM,CP,N,,CP - Cutting Plant,,
622,Van Loon Best,Bedrijfsweg 12,Best,5683,"North Brabant,Netherlands",Netherlands,EU-EFTA,RM,CP,N,,CP - Cutting Plant,,
734,Van Loon Noord,Kanaalweg 15,Beilen,9411,"Drenthe,Netherlands",Netherlands,EU-EFTA,RM,CP,N,bovine caprine ovine equine porcine,CP - Cutting Plant,,
360,Van Loon Son,Ekkersrijt 8825,Son en Breugel,5692,"North Brabant,Netherlands",Netherlands,EU-EFTA,RM,CP,N,,CP - Cutting Plant,,
774,Van Neerbos Horeca Vlees Service,Goudwerf 13,Beuningen GLD,6641,"Gelderland,Netherlands",Netherlands,EU-EFTA,RM,CP,N,,CP - Cutting Plant,,
9242,Van Norel Vlees,Bovenheigraaf 20,Oldebroek,8096,"Gelderland,Netherlands",Netherlands,EU-EFTA,RM,SH CP,Y,,SH - Slaughterhouse | CP - Cutting Plant,,
5089,Van Olphen Viande Select B.V.,Europalaan 20,Rijen,5121,"North Brabant,Netherlands",Netherlands,EU-EFTA,RM,CP,N,,CP - Cutting Plant,,
209871,Van Ommeren Vlees B.V.,Zonnehorst 9,Zutphen,7207,"Gelderland,Netherlands",Netherlands,EU-EFTA,RM,CP,N,,CP - Cutting Plant,,
628,Van Rooi Beef Processing,Mortelweg 1,Someren,5711,"North Brabant,Netherlands",Netherlands,EU-EFTA,RM,CP SH,Y,,CP - Cutting Plant | SH - Slaughterhouse,,
307,Van Rooi Meat B.V.,Kanaaldijk-zuid 2,Someren,5712,"North Brabant,Netherlands",Netherlands,EU-EFTA,RM,CP,N,,CP - Cutting Plant,,
28,Van Rooi Meat B.V.,Roggedijk 4,Helmond,5704,"North Brabant,Netherlands",Netherlands,EU-EFTA,RM,SH CP,Y,,SH - Slaughterhouse | CP - Cutting Plant,,
3575,Van den Berg Vleesexperts,Bonegraafseweg 4 b,Dodewaard,6669,"Gelderland,Netherlands",Netherlands,EU-EFTA,RM,CP,N,,CP - Cutting Plant,,
207156,Van der Burg & Bol B.V.,Elbe 1,'S-Gravenhage,2491,"South Holland,Netherlands",Netherlands,EU-EFTA,RM,CP,N,,CP - Cutting Plant,,
38,Van der Zee Vlees B.V.,Engelenburgstraat 16,Twello,7391,"Gelderland,Netherlands",Netherlands,EU-EFTA,RM,CP,N,,CP - Cutting Plant,,
643,Veal Fine Production B.V.,Tinsteden 11,Enschede,7547,"Overijssel,Netherlands",Netherlands,EU-EFTA,RM,CP,N,,CP - Cutting Plant,,
228299,Vee- en Vleesgroothandel Wouters,Postweg 166,Lunteren,6741,"Gelderland,Netherlands",Netherlands,EU-EFTA,RM,CP,N,,CP - Cutting Plant,,
69,Vee- en Vleeshandel A.G. Scholtes B.V.,Elbe 11,'S-Gravenhage,2491,"South Holland,Netherlands",Netherlands,EU-EFTA,RM,CP,N,,CP - Cutting Plant,,
494,Vee- en Vleeshandel Beernink B.V.,Kleibultweg 51,Oldenzaal,7575,"Overijssel,Netherlands",Netherlands,EU-EFTA,RM,SH CP,Y,,SH - Slaughterhouse | CP - Cutting Plant,,
9201,Vee- en Vleeshandel G. Willemsen B.V.,Houtstraat 93,Echt,6102,"Limburg,Netherlands",Netherlands,EU-EFTA,RM,SH CP,Y,,SH - Slaughterhouse | CP - Cutting Plant,,
207616,Vee- en Vleeshandel P. Manders B.V.,Reuth 2,Baarle-Nassau,5111,"North Brabant,Netherlands",Netherlands,EU-EFTA,RM,CP,N,,CP - Cutting Plant,,
3749,Vee- en Vleeshandel Verschoor B.V.,Achthovenerweg 15 K-L,Leiderdorp,2351,"South Holland,Netherlands",Netherlands,EU-EFTA,RM,CP,N,,CP - Cutting Plant,,
9507,Vee- en Vleeshandel Vlot B.V.,Zandweg 1,Leersum,3956,"Utrecht,Netherlands",Netherlands,EU-EFTA,RM,CP,N,,CP - Cutting Plant,,
322,Vee- en vleeshandel Mulder B.V.,Nijverheidsstraat 42,Twello,7391,"Gelderland,Netherlands",Netherlands,EU-EFTA,RM,SH CP,Y,,SH - Slaughterhouse | CP - Cutting Plant,,
5525,Vergrill,A. van Leeuwenhoekweg 52,Alphen aan den Rijn,2408,"South Holland,Netherlands",Netherlands,EU-EFTA,RM,CP,N,,CP - Cutting Plant,,
230411,Verhoog schapenhandel,Verbreepark 8,Benthuizen,2731,"South Holland,Netherlands",Netherlands,EU-EFTA,RM,CP,N,,CP - Cutting Plant,,
35001,Vers Vlees Centrum Rotterdam B.V.,Groothandelsmarkt 217,Rotterdam,3044,"South Holland,Netherlands",Netherlands,EU-EFTA,RM,CP,N,,CP - Cutting Plant,,
3768,Verscentrum Ter Brugge,Hanzestraat 8,Borne,7622,"Overijssel,Netherlands",Netherlands,EU-EFTA,RM,CP,N,,CP - Cutting Plant,,
693,Versinga,Zeeweegbree 5,Wolvega,8472,"Friesland,Netherlands",Netherlands,EU-EFTA,RM,CP,N,,CP - Cutting Plant,,
208669,Victoria Vlees,Strooijonkerstraat 10 A,Alkmaar,1812,"North Holland,Netherlands",Netherlands,EU-EFTA,RM,CP,N,,CP - Cutting Plant,,
585,Vion Retail Groenlo,Den Sliem 1,Groenlo,7141,"Gelderland,Netherlands",Netherlands,EU-EFTA,RM,CP,N,,CP - Cutting Plant,,
6963,Vishandel G & B Yerseke,Kreeft 35,Yerseke,4401,"Zeeland,Netherlands",Netherlands,EU-EFTA,RM,CP,N,,CP - Cutting Plant,,
49,Vitelco B.V.,Veemarktkade 21,'s-Hertogenbosch,5222,"North Brabant,Netherlands",Netherlands,EU-EFTA,RM,SH CP,Y,,SH - Slaughterhouse | CP - Cutting Plant,,
3534,Vlees Combinatie Zuid-West B.V.,Albert Plesmanweg 10,Goes,4462,"Zeeland,Netherlands",Netherlands,EU-EFTA,RM,CP,N,,CP - Cutting Plant,,
218090,Vlees groothandel Asya Laagraven B.V.,Laagraven 2 A,Nieuwegein,3439,"Utrecht,Netherlands",Netherlands,EU-EFTA,RM,CP,N,,CP - Cutting Plant,,
700,Vleesbedrijf Bolscher B.V.,Strootsweg 40,Enschede,7547,"Overijssel,Netherlands",Netherlands,EU-EFTA,RM,CP,N,,CP - Cutting Plant,,
826,Vleesbedrijf De Vries B.V.,Suvelstrjitte 1,Feanwâlden,9269,"Friesland,Netherlands",Netherlands,EU-EFTA,RM,CP,N,,CP - Cutting Plant,,
208646,Vleesbedrijf Verhoeven,Zandschelstraat 1 a,Goirle,5051,"North Brabant,Netherlands",Netherlands,EU-EFTA,RM,CP,N,,CP - Cutting Plant,,
257,Vleescentrale Van Der Horst B.V.,Schotsbossenstraat 13,Roosendaal,4705,"North Brabant,Netherlands",Netherlands,EU-EFTA,RM,CP,N,,CP - Cutting Plant,,
216947,Vleescentrum Leiden B.V.,Van Helmontstraat 9 Unit 3,Rotterdam,3029,"South Holland,Netherlands",Netherlands,EU-EFTA,RM,CP,N,,CP - Cutting Plant,,
226967,Vleeschmeester Nederland B.V.,Van Beethovensingel 44,Rotterdam,3055,"South Holland,Netherlands",Netherlands,EU-EFTA,RM,CP,N,,CP - Cutting Plant,,
143,Vleesgrossierderij Koekkoek B.V.,De Sluis 21,Vroomshoop,7681,"Overijssel,Netherlands",Netherlands,EU-EFTA,RM,CP,N,,CP - Cutting Plant,,
792,Vleeshandel Barten B.V.,Vinkekampweg 51,Kootwijkerbroek,3774,"Gelderland,Netherlands",Netherlands,EU-EFTA,RM,CP,N,,CP - Cutting Plant,,
255,Vleeshandel H. Perot,Nijverheidsweg 15,Maastricht,6227,"Limburg,Netherlands",Netherlands,EU-EFTA,RM,CP,N,,CP - Cutting Plant,,
9233,Vleeshandel Willems B.V.,Industrieweg 4,Druten,6651,"Gelderland,Netherlands",Netherlands,EU-EFTA,RM,SH CP,Y,,SH - Slaughterhouse | CP - Cutting Plant,,
670,Vleeshouwerij Jos Glas B.V.,Uranusweg 15,Leeuwarden,8938,"Friesland,Netherlands",Netherlands,EU-EFTA,RM,CP,N,,CP - Cutting Plant,,
5,Vleesvee Integratie Twente B.V.,Zutphenstraat 9,Oldenzaal,7575,"Overijssel,Netherlands",Netherlands,EU-EFTA,RM,SH CP,Y,,SH - Slaughterhouse | CP - Cutting Plant,,
220265,Vleesverwerkingsbedrijf Van der Holst B.V.,Jagtlustkade 13,Sassenheim,2171,"South Holland,Netherlands",Netherlands,EU-EFTA,RM,CP,N,,CP - Cutting Plant,,
178,Vleeswarenfabriek Henri van de Bilt B.V.,Goudwerf 9,Beuningen,6641,"Gelderland,Netherlands",Netherlands,EU-EFTA,RM,CP,N,,CP - Cutting Plant,,
111,Vleeswarenfabriek Persoon B.V.,Grachtweg 89,Lisse,2161,"South Holland,Netherlands",Netherlands,EU-EFTA,RM,CP,N,,CP - Cutting Plant,,
5550,Vleeswarengroothandel J. de Waal B.V.,Nijverheidsweg 28,Hendrik-Ido-Ambacht,3341,"South Holland,Netherlands",Netherlands,EU-EFTA,RM,CP,N,,CP - Cutting Plant,,
3679,Vomar Voordeelmarkt B.V.,Opaalstraat 15,Alkmaar,1812,"North Holland,Netherlands",Netherlands,EU-EFTA,RM,CP,N,,CP - Cutting Plant,,
514,Vriescentrale Asten B.V.,Laagveld 1,Asten,5721,"North Brabant,Netherlands",Netherlands,EU-EFTA,RM,CP,N,,CP - Cutting Plant,,
590,Vrieshuis Weert B.V.,Haveneind 8,Weert,6006,"Limburg,Netherlands",Netherlands,EU-EFTA,RM,CP,N,,CP - Cutting Plant,,
573,Vrieskade B.V.,Veemarktkade 9 A,'s-Hertogenbosch,5222,"North Brabant,Netherlands",Netherlands,EU-EFTA,RM,CP,N,,CP - Cutting Plant,,
507,Vriesveem Balmerd B.V.,Van Heemstraweg 85,Beuningen GLD,6641,"Gelderland,Netherlands",Netherlands,EU-EFTA,RM,CP,N,,CP - Cutting Plant,,
209073,W. Voets Vee- en Vleeshandel,Oude Vlijmenseweg 83,'s-Hertogenbosch,5223,"North Brabant,Netherlands",Netherlands,EU-EFTA,RM,CP,N,,CP - Cutting Plant,,
231320,WV Meat Products B.V.,Vang 12,Halsteren,4661,"North Brabant,Netherlands",Netherlands,EU-EFTA,RM,CP,N,,CP - Cutting Plant,,
224095,Wanderfort Meat B.V.,Venrayseweg 140,Venlo,5928,"Limburg,Netherlands",Netherlands,EU-EFTA,RM,CP,N,,CP - Cutting Plant,,
9163,Weidenaar Retail B.V.,Hogedijken 51,Dokkum,9101,"Friesland,Netherlands",Netherlands,EU-EFTA,RM,CP,N,bovine caprine ovine equine porcine,CP - Cutting Plant,,
207504,Weijdehoeve B.V.,Nijverheidsweg 15 15,Heiloo,1851,"North Holland,Netherlands",Netherlands,EU-EFTA,RM,CP,N,,CP - Cutting Plant,,
908,Westfort Gorinchem B.V.,Avelingen-West 25,Gorinchem,4202,"South Holland,Netherlands",Netherlands,EU-EFTA,RM,SH,Y,porcine,SH - Slaughterhouse,,
194,Westfort Oudewater B.V.,Elzenweg 15,Oudewater,3421,"Utrecht,Netherlands",Netherlands,EU-EFTA,RM,CP,N,,CP - Cutting Plant,,
3603,Westfort Vleesproducten,Kamerlingh Onneslaan 18,Ijsselstein Ut,3401,"Utrecht,Netherlands",Netherlands,EU-EFTA,RM,CP SH,Y,porcine,CP - Cutting Plant | SH - Slaughterhouse,,
332,Widro Onroerend Goed B.V.,Installatieweg 2,Dronten,8251,"Flevoland,Netherlands",Netherlands,EU-EFTA,RM,CP,N,,CP - Cutting Plant,,
5003,Wildhandel van der Cruijsen B.V.,Berentsweg 6,Mill,5451,"North Brabant,Netherlands",Netherlands,EU-EFTA,RM,SH CP,Y,,SH - Slaughterhouse | CP - Cutting Plant,,
9614,Willem Hooijmans Slachterij Vee-Vleeshandel,Luttel Inghweg 2,Kerkdriel,5331,"Gelderland,Netherlands",Netherlands,EU-EFTA,RM,SH CP,Y,,SH - Slaughterhouse | CP - Cutting Plant,,
418,Wilms Vlees B.V.,Enschotsestraat 47,Tilburg,5013,"North Brabant,Netherlands",Netherlands,EU-EFTA,RM,CP,N,,CP - Cutting Plant,,
229927,Wim Kosse Bezorgslager,Rheezerend 34,Dedemsvaart,7701,"Overijssel,Netherlands",Netherlands,EU-EFTA,RM,CP,N,,CP - Cutting Plant,,
212663,Worst en Vleesspecialiteiten Atelier De Hondsrug,Naweg 37,Gieten,9461,"Drenthe,Netherlands",Netherlands,EU-EFTA,RM,CP,N,,CP - Cutting Plant,,
3014,Worstenspecialist Koning B.V.,Flessingsterrein 7,Oude Pekela,9665,"Groningen,Netherlands",Netherlands,EU-EFTA,RM,CP,N,,CP - Cutting Plant,,
228173,Worstmakerij Hofman,Papierbaan 57,Winschoten,9672,"Groningen,Netherlands",Netherlands,EU-EFTA,RM,CP,N,,CP - Cutting Plant,,
220415,Zagt Vlees B.V.,Westhavenweg 115,Amsterdam,1042,"North Holland,Netherlands",Netherlands,EU-EFTA,RM,CP,N,,CP - Cutting Plant,,
767,Zandbergen Slagerijen B.V.,Harteveltweg 5,Leiden,2314,"South Holland,Netherlands",Netherlands,EU-EFTA,RM,CP,N,,CP - Cutting Plant,,
373,Zandbergen World's Finest Meat B.V.,Industrieweg 66,Zoeterwoude,2382,"South Holland,Netherlands",Netherlands,EU-EFTA,RM,CP,N,,CP - Cutting Plant,,
210672,Zegro-Centrum Rotterdam B.V.,Schuttevaerweg 24,Rotterdam,3044,"South Holland,Netherlands",Netherlands,EU-EFTA,RM,CP,N,bovine caprine ovine equine porcine,CP - Cutting Plant,,
9229,Zelfslachtende slager Henk Jonkers VOF,Dorpsstraat 18,Est,4185,"Gelderland,Netherlands",Netherlands,EU-EFTA,RM,SH CP,Y,,SH - Slaughterhouse | CP - Cutting Plant,,
212738,Zulal Vlees,Werfweg 78,Lelystad,8243,"Flevoland,Netherlands",Netherlands,EU-EFTA,RM,CP,N,,CP - Cutting Plant,,
207419,Zweistra Vlees en Vleeswaren B.V.,Nijverheidstraat 4,Leerdam,4143,"South Holland,Netherlands",Netherlands,EU-EFTA,RM,CP,N,,CP - Cutting Plant,,
421,Zwiers Schnitzel Specialiteiten B.V.,Schaafdries 40,Ravenstein,5371,"North Brabant,Netherlands",Netherlands,EU-EFTA,RM,CP,N,,CP - Cutting Plant,,
183,Zwiers Vleeswarenbedrijf B.V.,Het Wargaren 13,Lith,5397,"North Brabant,Netherlands",Netherlands,EU-EFTA,RM,CP,N,,CP - Cutting Plant,,
3077,departyslager,Everdenberg 7 L,Oosterhout Nb,4902,"North Brabant,Netherlands",Netherlands,EU-EFTA,RM,CP,N,,CP - Cutting Plant,,
5143,l'Empereur Boucherie Francaise,Industrieweg 13 E,Maartensdijk,3738,"Utrecht,Netherlands",Netherlands,EU-EFTA,RM,CP,N,,CP - Cutting Plant,,
9488,v.o.f. Huiskes,Nieuwstraat 103,Koewacht,4576,"Zeeland,Netherlands",Netherlands,EU-EFTA,RM,SH CP,Y,,SH - Slaughterhouse | CP - Cutting Plant,,
9048,van Rhee Vleeswaren,Garderenseweg 5,Uddel,3888,"Gelderland,Netherlands",Netherlands,EU-EFTA,RM,CP,N,,CP - Cutting Plant,,
9655,veehouderij logisch,Van Heemstraweg 11,Ewijk,6644,"Gelderland,Netherlands",Netherlands,EU-EFTA,RM,SH CP,Y,,SH - Slaughterhouse | CP - Cutting Plant,,
2993,'t Zinkske,Vuurlinie 10,Neerkant,5758,"North Brabant,Netherlands",Netherlands,EU-EFTA,PM,CP SH,Y,,CP - Cutting Plant | SH - Slaughterhouse,,
80,2Mates Coldstores B.V.,Nieuwgraaf 17,Duiven,6921,"Gelderland,Netherlands",Netherlands,EU-EFTA,PM,CP,N,,CP - Cutting Plant,,
207070,5 Sterren Vlees B.V.,De Factorij 47,Zwaag,1689,"North Holland,Netherlands",Netherlands,EU-EFTA,PM,CP,N,,CP - Cutting Plant,,
218091,A. Attout,Energiestraat 67,'S-Gravenhage,2525,"South Holland,Netherlands",Netherlands,EU-EFTA,PM,CP,N,,CP - Cutting Plant,,
218818,A. El Asbahi,Rentmeesterstraat 37,Rijswijk ZH,2288,"South Holland,Netherlands",Netherlands,EU-EFTA,PM,CP,N,,CP - Cutting Plant,,
3071,Agterberg Vleeswaren B.V.,De Heining 4,Zwanenburg,1161,"North Holland,Netherlands",Netherlands,EU-EFTA,PM,CP,N,,CP - Cutting Plant,,
219808,Al Amana Kip en Vlees B.V.,H. Kamerlingh Onnesweg 18,Alphen aan den Rijn,2408,"South Holland,Netherlands",Netherlands,EU-EFTA,PM,CP,N,,CP - Cutting Plant,,
229335,Al_Rahman Kip Producten,Burg. Lemmensstraat 230,Geleen,6163,,Netherlands,EU-EFTA,PM,CP,N,,CP - Cutting Plant,,
3694,Allal Vleesgroothandel B.V.,Van der Kunstraat 34 A,'S-Gravenhage,2521,"South Holland,Netherlands",Netherlands,EU-EFTA,PM,CP,N,,CP - Cutting Plant,,
528,Americold Barneveld Warehousing B.V.,Nijverheidsweg 64,Barneveld,3771,"Gelderland,Netherlands",Netherlands,EU-EFTA,PM,CP,N,,CP - Cutting Plant,,
231363,Amir Kip B.V.,Van 't Hoffstraat 29,Barendrecht,2991,"South Holland,Netherlands",Netherlands,EU-EFTA,PM,CP,N,,CP - Cutting Plant,,
218058,Ates B.V.,Hortensialaan 2,Huissen,6851,"Gelderland,Netherlands",Netherlands,EU-EFTA,PM,CP,N,,CP - Cutting Plant,,
779,Atlas Halal Products B.V,Oeverweg 1,Montfoort,3417,"Utrecht,Netherlands",Netherlands,EU-EFTA,PM,CP,N,,CP - Cutting Plant,,
208498,Azra Halal Food,Pampuslaan 165,Weesp,1382,"North Holland,Netherlands",Netherlands,EU-EFTA,PM,CP,N,,CP - Cutting Plant,,
5570,B&P Special Food B.V.,Zeeweg 75 A,Ermelo,3853,"Gelderland,Netherlands",Netherlands,EU-EFTA,PM,CP,N,,CP - Cutting Plant,,
210264,B.V Levensmiddelengroothandel 'De Kweker',Centrale Groothandelsmarkt 183,Amsterdam,1051,"North Holland,Netherlands",Netherlands,EU-EFTA,PM,CP,N,,CP - Cutting Plant,,
5047,B.V. Esbro,Argonstraat 2,Wehl,7031,"Gelderland,Netherlands",Netherlands,EU-EFTA,PM,SH CP,Y,,SH - Slaughterhouse | CP - Cutting Plant,,
210674,BIBOS B.V.,Goeseelsstraat 13,Breda,4817,"North Brabant,Netherlands",Netherlands,EU-EFTA,PM,CP,N,,CP - Cutting Plant,,
396,BMF Products B.V.,Lange Linden 2 a,Katwijk,5433,"North Brabant,Netherlands",Netherlands,EU-EFTA,PM,CP,N,,CP - Cutting Plant,,
209758,Bab El Salam B.V.,Nieuw-Zeelandweg 9 A,Amsterdam,1045,"North Holland,Netherlands",Netherlands,EU-EFTA,PM,CP,N,,CP - Cutting Plant,,
3742,Balkip B.V.,Markweg 25,NIEUW-VENNEP,2153,"North Holland,Netherlands",Netherlands,EU-EFTA,PM,CP,N,,CP - Cutting Plant,,
218310,Barla Food B.V.,Langendijk 19,Eindhoven,5652,"North Brabant,Netherlands",Netherlands,EU-EFTA,PM,CP,N,,CP - Cutting Plant,,
212667,Barla Food B.V.,Langendijk 11,Eindhoven,5652,"North Brabant,Netherlands",Netherlands,EU-EFTA,PM,CP,N,,CP - Cutting Plant,,
217826,Beni Said Laagraven B.V.,Laagraven 29 - 31,Nieuwegein,3439,"Utrecht,Netherlands",Netherlands,EU-EFTA,PM,CP,N,,CP - Cutting Plant,,
3789,Bergwerff's Slagerijen B.V.,Ebweg 30,Barendrecht,2991,"South Holland,Netherlands",Netherlands,EU-EFTA,PM,CP,N,,CP - Cutting Plant,,
221305,Beter Kip B.V.,Pampuslaan 151,Weesp,1382,"North Holland,Netherlands",Netherlands,EU-EFTA,PM,CP,N,,CP - Cutting Plant,,
5121,Bilal Chicken Centre B.V.,Scharenburg 10,Amsterdam,1046,"North Holland,Netherlands",Netherlands,EU-EFTA,PM,CP,N,,CP - Cutting Plant,,
515,Blokland Cold Stores Cuijk B.V.,Simon Homburgstraat 14,Cuijk,5431,"North Brabant,Netherlands",Netherlands,EU-EFTA,PM,CP,N,,CP - Cutting Plant,,
214619,Blom Food B.V.,Ovenberg 11,Milsbeek,6596,"Limburg,Netherlands",Netherlands,EU-EFTA,PM,CP,N,,CP - Cutting Plant,,
5717,Bosschieter Poeliersbedrijf B.V.,Pascalstraat 29,Purmerend,1446,"North Holland,Netherlands",Netherlands,EU-EFTA,PM,CP,N,,CP - Cutting Plant,,
364,Bredase Horeca Vleescentrale B.V.,Van Rijckevorselstraat 3,Breda,4815,"North Brabant,Netherlands",Netherlands,EU-EFTA,PM,CP,N,,CP - Cutting Plant,,
5103,Brinky Food Processing B.V.,Kerkdennen 36,Ermelo,3851,"Gelderland,Netherlands",Netherlands,EU-EFTA,PM,CP,N,,CP - Cutting Plant,,
5238,Broviand B.V.,Brouwer 1,Someren,5711,"North Brabant,Netherlands",Netherlands,EU-EFTA,PM,CP,N,,CP - Cutting Plant,,
219749,Bulut Food,Röntgenweg 7,Volendam,1131,"North Holland,Netherlands",Netherlands,EU-EFTA,PM,CP,N,,CP - Cutting Plant,,
220886,CHEFS CULINAR NEDERLAND,Bijsterhuizen 1126,Nijmegen,6546,"Gelderland,Netherlands",Netherlands,EU-EFTA,PM,CP,N,,CP - Cutting Plant,,
5845,Clazing Convenience Food B.V.,Korte Hei 8,Sprundel,4714,"North Brabant,Netherlands",Netherlands,EU-EFTA,PM,CP,N,,CP - Cutting Plant,,
5998,Clazing Kant en Klaar Producten B.V.,Bierhoogtweg 27,Zevenhuizen,2761,"North Brabant,Netherlands",Netherlands,EU-EFTA,PM,CP,N,,CP - Cutting Plant,,
845,Coldstore Hengelo B.V.,Wegtersweg 20,Hengelo,7556,"Overijssel,Netherlands",Netherlands,EU-EFTA,PM,CP,N,,CP - Cutting Plant,,
3608,Comfort Meat Group B.V.,Industrieweg 12,Ter Apel,9561,"Groningen,Netherlands",Netherlands,EU-EFTA,PM,CP,N,,CP - Cutting Plant,,
527,Constellation Cold Logistics Nijkerk B.V.,Gildenstraat 51,Nijkerk,3861,"Gelderland,Netherlands",Netherlands,EU-EFTA,PM,CP,N,,CP - Cutting Plant,,
451,Constellation Cold Logistics Varsseveld B.V.,Albert Schweitzerstraat 25,Lichtenvoorde,7131,"Gelderland,Netherlands",Netherlands,EU-EFTA,PM,CP,N,,CP - Cutting Plant,,
5563,Cor Voet B.V.,Westeinde 15,Oostzaan,1511,"North Holland,Netherlands",Netherlands,EU-EFTA,PM,CP,N,,CP - Cutting Plant,,
454,Daily Fresh Food,Vouersweg 111,Geleen,6161,"Limburg,Netherlands",Netherlands,EU-EFTA,PM,CP,N,,CP - Cutting Plant,,
923,Daily Fresh Food B.V.,Marconistraat 1,Landgraaf,6372,"Limburg,Netherlands",Netherlands,EU-EFTA,PM,CP,N,,CP - Cutting Plant,,
212444,De Frissche Roemer,Groeneweg 6,Oud-Zuilen,3611,"Utrecht,Netherlands",Netherlands,EU-EFTA,PM,SH CP,Y,,SH - Slaughterhouse | CP - Cutting Plant,,
227501,De Jong & Vader B.V.,Newtonstraat 12 A,Numansdorp,3281,"South Holland,Netherlands",Netherlands,EU-EFTA,PM,CP,N,,CP - Cutting Plant,,
272,De Koning Vlees B.V,Daltonstraat 6,Zwijndrecht,3335,"South Holland,Netherlands",Netherlands,EU-EFTA,PM,CP,N,,CP - Cutting Plant,,
5727,De Kuikenhof B.V.,Bommerigerweg 7 A,Mechelen,6281,"Limburg,Netherlands",Netherlands,EU-EFTA,PM,CP,N,,CP - Cutting Plant,,
3085,De Nieuwe Slager B.V.,Energiestraat 43,Naarden,1411,"North Holland,Netherlands",Netherlands,EU-EFTA,PM,CP,N,,CP - Cutting Plant,,
5060,DeKaMarkt II B.V.,Platformweg 3,Velsen-Noord,1951,"North Holland,Netherlands",Netherlands,EU-EFTA,PM,CP,N,,CP - Cutting Plant,,
208816,Deli 4 You,Tiberghienweg 55,Clinge,4567,"Zeeland,Netherlands",Netherlands,EU-EFTA,PM,CP,N,,CP - Cutting Plant,,
222660,Devran Döner,Gasstraat-Oost 28 A,Oss,5349,"North Brabant,Netherlands",Netherlands,EU-EFTA,PM,CP,N,,CP - Cutting Plant,,
219534,Dieteren Horeca V.O.F.,Provincialeweg Zuid 91 D,Oirsbeek,6438,"Limburg,Netherlands",Netherlands,EU-EFTA,PM,CP,N,,CP - Cutting Plant,,
543,Distrifresh Coldstore Den Bosch,Goudenheuvel 51,'s-Hertogenbosch,5234,"North Brabant,Netherlands",Netherlands,EU-EFTA,PM,CP,N,,CP - Cutting Plant,,
357,Diviande B.V.,Antennestraat 3,Veenendaal,3903,"Utrecht,Netherlands",Netherlands,EU-EFTA,PM,CP,N,,CP - Cutting Plant,,
5294,Dopa B.V.,Elbe 20,'S-Gravenhage,2491,"South Holland,Netherlands",Netherlands,EU-EFTA,PM,CP,N,,CP - Cutting Plant,,
5515,Doppenberg Chicken Processing B.V.,Ruitenbeek 24,Putten,3881,"Gelderland,Netherlands",Netherlands,EU-EFTA,PM,CP,N,,CP - Cutting Plant,,
5731,Driessen Food,Tennesseedreef 24,Utrecht,3565,"Utrecht,Netherlands",Netherlands,EU-EFTA,PM,CP,N,,CP - Cutting Plant,,
3319,Driessen Food,Persephonéstraat 7,Tilburg,5047,"North Brabant,Netherlands",Netherlands,EU-EFTA,PM,CP,N,,CP - Cutting Plant,,
5814,Driessen Hilversum,Oosterengweg 32,Hilversum,1221,"North Holland,Netherlands",Netherlands,EU-EFTA,PM,CP,N,,CP - Cutting Plant,,
3811,Dutch Chicken B.V.,Zuidergracht 23,Soest,3763,"Utrecht,Netherlands",Netherlands,EU-EFTA,PM,CP,N,,CP - Cutting Plant,,
220946,E&M vlees,Hoevelakenseweg 204 A,Terschuur,3784,"Gelderland,Netherlands",Netherlands,EU-EFTA,PM,CP,N,,CP - Cutting Plant,,
936,E-Coldstore Coevorden B.V.,Modem 26,Coevorden,7741,"Drenthe,Netherlands",Netherlands,EU-EFTA,PM,CP,N,,CP - Cutting Plant,,
296,E-Coldstore Neede B.V.,Rapenburg 27,Neede,7161,"Gelderland,Netherlands",Netherlands,EU-EFTA,PM,CP,N,,CP - Cutting Plant,,
221803,E-Coldstore Oldenzaal B.V.,Kampenstraat 24,Oldenzaal,7575,"Overijssel,Netherlands",Netherlands,EU-EFTA,PM,CP,N,,CP - Cutting Plant,,
221522,EFE Doner Food Production B.V.,Rhienderstein 15,Brummen,6971,"Gelderland,Netherlands",Netherlands,EU-EFTA,PM,CP,N,,CP - Cutting Plant,,
207664,Efe Vleesgroothandel,Nijverheidsweg 6,Purmerend,1442,"North Holland,Netherlands",Netherlands,EU-EFTA,PM,CP,N,,CP - Cutting Plant,,
207950,Elmasry B.V.,Veemarkt 94,Amsterdam,1019,"North Holland,Netherlands",Netherlands,EU-EFTA,PM,CP,N,,CP - Cutting Plant,,
217771,Emin Chicken,Jarmuiden 44,Amsterdam,1046,"North Holland,Netherlands",Netherlands,EU-EFTA,PM,CP,N,,CP - Cutting Plant,,
218974,Enderun Döner Fabriek B.V.,Schijfstraat 13 B,Oisterwijk,5061,"North Brabant,Netherlands",Netherlands,EU-EFTA,PM,CP,N,,CP - Cutting Plant,,
209371,Er-as Vlees B.V.,Middendijk 1 B,Helmond,5705,"North Brabant,Netherlands",Netherlands,EU-EFTA,PM,CP,N,,CP - Cutting Plant,,
209347,Euro Meat Oss B.V.,Angelenweg 77,Oss,5349,"North Brabant,Netherlands",Netherlands,EU-EFTA,PM,CP,N,,CP - Cutting Plant,,
219293,Euro Slagerij (Slagerij R. Grieving (Duinstraat),Duinstraat 16,Den Haag,2584,"South Holland,Netherlands",Netherlands,EU-EFTA,PM,CP,N,,CP - Cutting Plant,,
5976,European Food Packers B.V.,Röntgenweg 5,Spijkenisse,3208,"South Holland,Netherlands; North Holland,Netherlands",Netherlands,EU-EFTA,PM,CP CP,N,,CP - Cutting Plant | CP - Cutting Plant,,
5811,Exportslachterij Clazing B.V.,Bierhoogtweg 17,Zevenhuizen,2761,"South Holland,Netherlands",Netherlands,EU-EFTA,PM,SH CP,Y,,SH - Slaughterhouse | CP - Cutting Plant,,
219960,FFG B.V.,Spaanderstraat 11,Oss,5348,"North Brabant,Netherlands",Netherlands,EU-EFTA,PM,CP,N,,CP - Cutting Plant,,
5658,Fa. Gebr. Veldhoven,Wollefoppenweg 65 b,Zevenhuizen,2761,"North Brabant,Netherlands",Netherlands,EU-EFTA,PM,CP,N,,CP - Cutting Plant,,
5082,Ferdinand Zandbergen B.V.,De Nort 21,Woudenberg,3931,"Utrecht,Netherlands; A Poultry; L Lagomorphs",Netherlands,EU-EFTA,PM,CP,N,,CP - Cutting Plant,,
5229,Fileerpaleis,Handelsweg 13,Bunschoten Spakenburg,3751,"Utrecht,Netherlands",Netherlands,EU-EFTA,PM,CP,N,,CP - Cutting Plant,,
5924,Firma A. Motshagen En Zonen,Nieuwe Voorthuizerweg 9,Putten,3882,"Gelderland,Netherlands",Netherlands,EU-EFTA,PM,CP,N,,CP - Cutting Plant,,
5091,Firma Van der Linden,Rondven 2,Maarheeze,6026,"North Brabant,Netherlands",Netherlands,EU-EFTA,PM,CP,N,,CP - Cutting Plant,,
9432,Fontijn Vlees en Vleeswaren B.V.,Zuiderzeelaan 82,Weesp,1382,"North Holland,Netherlands",Netherlands,EU-EFTA,PM,CP,N,,CP - Cutting Plant,,
217364,Foodrijk B.V.,Middenkampweg 21,Nijmegen,6545,"Gelderland,Netherlands",Netherlands,EU-EFTA,PM,CP,N,,CP - Cutting Plant,,
216491,Foodservice Express International B.V.,Graafstroomstraat 19 A,Rotterdam,3044,"South Holland,Netherlands",Netherlands,EU-EFTA,PM,CP,N,,CP - Cutting Plant,,
1012,Freshco Nuth B.V.,Edisonweg 30,Echt,6101,"Limburg,Netherlands",Netherlands,EU-EFTA,PM,CP,N,,CP - Cutting Plant,,
615,Fuite Poultry B.V.,Klompenmaker 14,Nijkerk,3861,"Gelderland,Netherlands",Netherlands,EU-EFTA,PM,CP,N,,CP - Cutting Plant,,
3350,G. Krikke & Zn B.V.,Biensma 34,Grou,9001,"Friesland,Netherlands",Netherlands,EU-EFTA,PM,CP,N,,CP - Cutting Plant,,
5648,Gebr. Schoonbroodt Pluimvee en Poeliersbedrijf B.V,Mauritsstraat 4 -6,Nuth,6361,"Limburg,Netherlands",Netherlands,EU-EFTA,PM,CP,N,,CP - Cutting Plant,,
109,Gebr. Van der Mey Vers Vlees B.V.,Edisonstraat 16,Sassenheim,2171,"South Holland,Netherlands",Netherlands,EU-EFTA,PM,CP,N,,CP - Cutting Plant,,
212341,Gepu Zelfbedieningsgroothandel B.V.,Vliegend Hertlaan 8,Utrecht,3526,"Utrecht,Netherlands",Netherlands,EU-EFTA,PM,CP,N,,CP - Cutting Plant,,
5747,Gracia Holland B.V.,Elburgerweg 100,Nunspeet,8071,"Gelderland,Netherlands",Netherlands,EU-EFTA,PM,CP,N,,CP - Cutting Plant,,
209208,Groenland Kip B.V.,Frankrijkweg 2,Bodegraven,2411,"South Holland,Netherlands",Netherlands,EU-EFTA,PM,CP,N,,CP - Cutting Plant,,
5009,Grolleman Coldstore B.V.,Ecofactorij 14,Apeldoorn,7325,"Gelderland,Netherlands",Netherlands,EU-EFTA,PM,CP,N,,CP - Cutting Plant,,
568,Grolleman Vrieshuis Exploitatie Maatschappij B.V.,Industrieweg 23,Olst,8121,"Overijssel,Netherlands",Netherlands,EU-EFTA,PM,CP,N,,CP - Cutting Plant,,
5106,Groothandel Hollands Wildhuis B.V.,de Dintel 23,Best,5684,"North Brabant,Netherlands",Netherlands,EU-EFTA,PM,CP,N,,CP - Cutting Plant,,
3705,Guven B.V.,Bontsestraat 14 b,Cuijk,5431,"North Brabant,Netherlands; A Poultry",Netherlands,EU-EFTA,PM,CP,N,,CP - Cutting Plant,,
5070,H.J. Vieveen,Klaverblad 10,Leidschendam,2266,"South Holland,Netherlands",Netherlands,EU-EFTA,PM,CP,N,,CP - Cutting Plant,,
5162,H.M.C. (Horeca Meat Center) B.V.,Hoogstraat 103,Utrecht,3552,"Utrecht,Netherlands",Netherlands,EU-EFTA,PM,CP,N,,CP - Cutting Plant,,
3284,H.M.P. Meat Products B.V.,Lange Voren 36,Reusel,5541,"North Brabant,Netherlands",Netherlands,EU-EFTA,PM,CP,N,,CP - Cutting Plant,,
212965,HANOS Den Haag - Delft B.V.,Kleveringweg 57,Delft,2616,"South Holland,Netherlands",Netherlands,EU-EFTA,PM,CP,N,,CP - Cutting Plant,,
210185,HANOS Groningen B.V.,Bornholmstraat 56,Groningen,9723,"Groningen,Netherlands",Netherlands,EU-EFTA,PM,CP,N,,CP - Cutting Plant,,
210183,HANOS Heerlen B.V.,Heerlerweg 158,Hoensbroek,6433,"Limburg,Netherlands",Netherlands,EU-EFTA,PM,CP,N,,CP - Cutting Plant,,
219502,HANOS Hengelo B.V.,John Maynard Keynesstraat 10,Hengelo,7559,"Overijssel,Netherlands",Netherlands,EU-EFTA,PM,CP,N,,CP - Cutting Plant,,
224714,HANOS Maastricht B.V.,Molensingel 99,Maastricht,6229,"Limburg,Netherlands",Netherlands,EU-EFTA,PM,CP,N,,CP - Cutting Plant,,
210178,HANOS-ISPC Breda B.V.,Kalshoven 25,Breda,4825,"North Brabant,Netherlands",Netherlands,EU-EFTA,PM,CP,N,,CP - Cutting Plant,,
210177,HANOS-ISPC Utrecht B.V.,Ravenswade 94,Nieuwegein,3439,"Utrecht,Netherlands",Netherlands,EU-EFTA,PM,CP,N,,CP - Cutting Plant,,
3113,Habo Vleesspecialiteiten B.V.,Molendijk-Zuid 34,Schijndel,5482,"North Brabant,Netherlands",Netherlands,EU-EFTA,PM,CP,N,,CP - Cutting Plant,,
222518,Hajjam kip,Visserstraat 46,Aalsmeer,1431,"North Holland,Netherlands",Netherlands,EU-EFTA,PM,CP,N,,CP - Cutting Plant,,
209178,Halima's Halal B.V.,Lekstraat 166 A,'S-Gravenhage,2515,"South Holland,Netherlands",Netherlands,EU-EFTA,PM,CP,N,,CP - Cutting Plant,,
210190,Hanos Amsterdam,Spaklerweg 51,Duivendrecht,1114,"North Holland,Netherlands",Netherlands,EU-EFTA,PM,CP,N,,CP - Cutting Plant,,
5100,Hanos Apeldoorn B.V.,Stadhoudersmolenweg 41,Apeldoorn,7317,"Gelderland,Netherlands",Netherlands,EU-EFTA,PM,CP,N,,CP - Cutting Plant,,
210187,Hanos Eindhoven B.V.,Hurksestraat 19 A,Eindhoven,5652,"North Brabant,Netherlands",Netherlands,EU-EFTA,PM,CP,N,,CP - Cutting Plant,,
210184,Hanos Heerenveen B.V.,Houtdraaier 2,Heerenveen,8447,"Friesland,Netherlands",Netherlands,EU-EFTA,PM,CP,N,,CP - Cutting Plant,,
6880,Hanos Nijmegen B.V.,Energieweg 84,Nijmegen,6541,"Gelderland,Netherlands",Netherlands,EU-EFTA,PM,CP,N,,CP - Cutting Plant,,
210181,Hanos Venlo B.V.,Winkelveldstraat 17,Venlo,5916,"Limburg,Netherlands",Netherlands,EU-EFTA,PM,CP,N,,CP - Cutting Plant,,
210179,Hanos Zwolle B.V.,Schokkerweg 9,Zwolle,8042,"Overijssel,Netherlands",Netherlands,EU-EFTA,PM,CP,N,,CP - Cutting Plant,,
116,Hartjes Vlees B.V.,Spaanderstraat 42,Oss,5348,"North Brabant,Netherlands",Netherlands,EU-EFTA,PM,CP,N,,CP - Cutting Plant,,
3058,Harto-Heijst B.V.,Waalstraat 29,Vlaardingen,3131,"South Holland,Netherlands",Netherlands,EU-EFTA,PM,CP,N,,CP - Cutting Plant,,
5074,"Hazo ""Vleescentrum"" B.V.",Zuidergracht 27,Soest,3763,"Utrecht,Netherlands",Netherlands,EU-EFTA,PM,CP,N,,CP - Cutting Plant,,
5656,Heijs Food Products B.V.,Parmentierstraat 16,Hoogeveen,7903,"Drenthe,Netherlands",Netherlands,EU-EFTA,PM,CP,N,,CP - Cutting Plant,,
144,Hems B.V.,Hunebedstraat 7,Oss,5342,"North Brabant,Netherlands",Netherlands,EU-EFTA,PM,CP,N,,CP - Cutting Plant,,
5757,Hendriks Wild & Gevogelte,Weselseweg 121,Venlo,5916,"Limburg,Netherlands",Netherlands,EU-EFTA,PM,CP,N,,CP - Cutting Plant,,
222866,Hengeveld Food Production B.V.,Nobelstraat 44,Harderwijk,3846,"Gelderland,Netherlands",Netherlands,EU-EFTA,PM,CP,N,,CP - Cutting Plant,,
496,Hesseling Vlees B.V.,Binnenzeestraat 20,Purmerend,1446,"North Holland,Netherlands",Netherlands,EU-EFTA,PM,CP,N,,CP - Cutting Plant,,
5652,Het Nijkerkse Kippeboertje B.V.,Van Dijkhuizenstraat 58,Nijkerkerveen,3864,"Gelderland,Netherlands",Netherlands,EU-EFTA,PM,CP,N,,CP - Cutting Plant,,
209890,Het Slagersatelier B.V.,Noordewierweg 122,Amersfoort,3812,"Utrecht,Netherlands",Netherlands,EU-EFTA,PM,CP,N,,CP - Cutting Plant,,
3757,Het Vleesgilde B.V.,Spanjelaan 22,Assen,9403,"Drenthe,Netherlands",Netherlands,EU-EFTA,PM,CP,N,,CP - Cutting Plant,,
226986,Hilal Import-Export,Hastelweg 230,Eindhoven,5652,"North Brabant,Netherlands",Netherlands,EU-EFTA,PM,CP,N,,CP - Cutting Plant,,
209588,Hilal Import-Export,Hastelweg 244,Eindhoven,5652,"North Brabant,Netherlands",Netherlands,EU-EFTA,PM,CP,N,,CP - Cutting Plant,,
5851,Hillco Poeliersbedrijf B.V.,Seringstraat 49 A,Ederveen,6744,"Gelderland,Netherlands",Netherlands,EU-EFTA,PM,CP,N,,CP - Cutting Plant,,
142,Holland Meat Trading B.V.,Slabbecoornweg 37,Tholen,4691,"Zeeland,Netherlands",Netherlands,EU-EFTA,PM,CP,N,,CP - Cutting Plant,,
219513,Homeko Vlees B.V.,Ziedewij 29,Barendrecht,2991,"South Holland,Netherlands",Netherlands,EU-EFTA,PM,CP,N,,CP - Cutting Plant,,
216397,Horeca Centrum de Randsteden B.V.,Wegastraat 45,'S-Gravenhage,2516,"South Holland,Netherlands",Netherlands,EU-EFTA,PM,CP,N,,CP - Cutting Plant,,
214310,Horeca Line B.V.,De Run 5425,Veldhoven,5504,"North Brabant,Netherlands",Netherlands,EU-EFTA,PM,CP,N,,CP - Cutting Plant,,
1069,Horeca Vleescentrum Kemo,Industrieweg 16,Maarssen,3606,"Utrecht,Netherlands",Netherlands,EU-EFTA,PM,CP,N,,CP - Cutting Plant,,
206968,Horecaslagerij van Hees B.V.,Diepen 35,Amsterdam,1043,"North Holland,Netherlands",Netherlands,EU-EFTA,PM,CP,N,,CP - Cutting Plant,,
206858,Horecaslagerij van der Heijden,Ekkersrijt 3020,Son en Breugel,5692,"North Brabant,Netherlands",Netherlands,EU-EFTA,PM,CP,N,,CP - Cutting Plant,,
208977,Huuskes,Gronausestraat 425,Enschede,7533,"Overijssel,Netherlands",Netherlands,EU-EFTA,PM,CP,N,,CP - Cutting Plant,,
218729,Ibrahim Vlees Centrum B.V.,Laagraven 45 B,Nieuwegein,3439,"Utrecht,Netherlands",Netherlands,EU-EFTA,PM,CP,N,,CP - Cutting Plant,,
5141,Isis Groothandel Shoarma,Mercuriusstraat 47,Vlaardingen,3133,"South Holland,Netherlands",Netherlands,EU-EFTA,PM,CP,N,,CP - Cutting Plant,,
5637,J. Maas Versprodukten B.V.,Meerval 14,Raamsdonksveer,4941,"North Brabant,Netherlands",Netherlands,EU-EFTA,PM,CP,N,,CP - Cutting Plant,,
5738,J. van de Kraats Kipspecialiteiten B.V.,Eenspan 34,Zeewolde,3897,"Flevoland,Netherlands",Netherlands,EU-EFTA,PM,CP,N,,CP - Cutting Plant,,
5210,J.A. ter Maten Pluimveebedrijf B.V.,Copernicusweg 6,Bunschoten-Spakenburg,3752,"Utrecht,Netherlands",Netherlands,EU-EFTA,PM,CP,N,,CP - Cutting Plant,,
210146,J.A. ter Maten Pluimveebedrijf B.V.,De Kooihoek 7,Bunschoten Spakenburg,3751,"Utrecht,Netherlands",Netherlands,EU-EFTA,PM,CP,N,,CP - Cutting Plant,,
354,J.E. Zijdenbos Groothandel B.V.,Van Heekstraat 10,Schiedam,3125,"South Holland,Netherlands",Netherlands,EU-EFTA,PM,CP,N,,CP - Cutting Plant,,
5705,J.P. Brouwers en Zoon B.V.,Dorpsstraat 215 A,St. Willebrord,4711,"North Brabant,Netherlands",Netherlands,EU-EFTA,PM,CP,N,,CP - Cutting Plant,,
1157,JW Kip B.V.,Scheldestraat 20,Oss,5347,"North Brabant,Netherlands",Netherlands,EU-EFTA,PM,CP,N,,CP - Cutting Plant,,
352,Jan Zandbergen B.V.,Bobinestraat 29,Veenendaal,3903,"Utrecht,Netherlands; A Poultry; L Lagomorphs",Netherlands,EU-EFTA,PM,CP,N,,CP - Cutting Plant,,
3779,Jan'S Vlees B.V.,Laan Van De Kreeft 191,Apeldoorn,7324,"Gelderland,Netherlands",Netherlands,EU-EFTA,PM,CP,N,,CP - Cutting Plant,,
209921,Jesmina Horecagroothandel,Moesdijk 20,Weert,6004,"Limburg,Netherlands",Netherlands,EU-EFTA,PM,CP,N,,CP - Cutting Plant,,
214457,K&A Poultry B.V.,Kosmonaut 12,Amersfoort,3824,"Utrecht,Netherlands",Netherlands,EU-EFTA,PM,CP,N,,CP - Cutting Plant,,
5231,KPH Kipspecialiteiten,Pieter Bruegelstraat 2,Ommen,7731,"Overijssel,Netherlands",Netherlands,EU-EFTA,PM,CP,N,,CP - Cutting Plant,,
220069,Kadok B.V.,Taag 27,'S-Gravenhage,2491,"South Holland,Netherlands",Netherlands,EU-EFTA,PM,CP,N,,CP - Cutting Plant,,
222263,Kalkoenhouderij Bos,Dekeshorst 11,Helden,5988,"Limburg,Netherlands",Netherlands,EU-EFTA,PM,CP SH,Y,,CP - Cutting Plant | SH - Slaughterhouse,,
209296,Keizer's Vleeshouwerij,Ondernemingsweg 210,Uithoorn,1422,"North Holland,Netherlands",Netherlands,EU-EFTA,PM,CP,N,,CP - Cutting Plant,,
5073,KemperKip B.V.,Frontstraat 5,Uden,5405,"North Brabant,Netherlands",Netherlands,EU-EFTA,PM,SH CP,Y,,SH - Slaughterhouse | CP - Cutting Plant,,
209172,King's Meat B.V.,Het Wolbert 25,Enschede,7547,"Overijssel,Netherlands",Netherlands,EU-EFTA,PM,CP,N,,CP - Cutting Plant,,
218215,Kip Expert Almelo B.V.,Van der Hoopweg 15,Almelo,7602,"Overijssel,Netherlands",Netherlands,EU-EFTA,PM,CP,N,,CP - Cutting Plant,,
5097,Kipcentrum Mocca,Groothandelsmarkt 222,Rotterdam,3044,"South Holland,Netherlands",Netherlands,EU-EFTA,PM,CP,N,,CP - Cutting Plant,,
5241,Kipcentrum Zuid,Putsebocht 69 A,Rotterdam,3073,"South Holland,Netherlands",Netherlands,EU-EFTA,PM,CP,N,,CP - Cutting Plant,,
209974,Koylu Kipproducten,Grobbendonkstraat 3,Eindhoven,5628,"North Brabant,Netherlands",Netherlands,EU-EFTA,PM,CP,N,,CP - Cutting Plant,,
3472,Kraan Vleesservice B.V.,Tennesseedreef 21,Utrecht,3565,"Utrecht,Netherlands",Netherlands,EU-EFTA,PM,CP,N,,CP - Cutting Plant,,
5514,Krijgsman Food & Service,Piet Stuurmanweg 5,Waddinxveen,2742,"South Holland,Netherlands",Netherlands,EU-EFTA,PM,CP,N,,CP - Cutting Plant,,
217245,Lades Food,"Poeldijkseweg 1 B hal 8,9,10",Wateringen,2291,"South Holland,Netherlands",Netherlands,EU-EFTA,PM,CP,N,,CP - Cutting Plant,,
584,Lau van Haren Cold Stores B.V.,Metaalweg 15,Weurt,6551,"Gelderland,Netherlands",Netherlands,EU-EFTA,PM,CP,N,,CP - Cutting Plant,,
3492,Lindenhoff B.V.,Rijksstraatweg 9 C,Baambrugge,1396,"Utrecht,Netherlands",Netherlands,EU-EFTA,PM,CP,N,,CP - Cutting Plant,,
5939,Luiten Food B.V.,Klaverblad 11,Leidschendam,2266,"South Holland,Netherlands",Netherlands,EU-EFTA,PM,CP,N,,CP - Cutting Plant,,
5691,M&L Food B.V.,Hoefsmid 27,Nootdorp,2631,"South Holland,Netherlands",Netherlands,EU-EFTA,PM,CP,N,,CP - Cutting Plant,,
5715,M. Ruig En Zonen Bv,Zuideinde 235,Oostzaan,1511,"North Holland,Netherlands",Netherlands,EU-EFTA,PM,CP,N,,CP - Cutting Plant,,
218933,MJSB International B.V.,Industrieweg 99 C,Rotterdam,3044,"South Holland,Netherlands",Netherlands,EU-EFTA,PM,CP,N,,CP - Cutting Plant,,
5232,Maarten Van De Veen,Edisonstraat 5,Nijkerk,3861,"Gelderland,Netherlands",Netherlands,EU-EFTA,PM,CP,N,,CP - Cutting Plant,,
5071,Marjos Stiphout B.V.,Dorpsstraat 59,Helmond,5708,"North Brabant,Netherlands",Netherlands,EU-EFTA,PM,CP,N,,CP - Cutting Plant,,
146,Meatstreet Born B.V.,Heirweg 7,Born,6121,"Limburg,Netherlands",Netherlands,EU-EFTA,PM,CP,N,,CP - Cutting Plant,,
878,Meatstreet Schagen B.V.,Witte Paal 330,Schagen,1742,"North Holland,Netherlands",Netherlands,EU-EFTA,PM,CP,N,,CP - Cutting Plant,,
803,Meppel Poultry B.V.,Pieter Mastebroekweg 6,Meppel,7942,"Overijssel,Netherlands",Netherlands,EU-EFTA,PM,CP,N,,CP - Cutting Plant,,
221631,Meva Dönerproduction B.V.,Oude Kleefsebaan 33,Berg en Dal,6571,"Gelderland,Netherlands",Netherlands,EU-EFTA,PM,CP,N,,CP - Cutting Plant,,
3618,Mevlana Groot- & Detailhandel B.V.,Centrale Groothandelsmarkt 138,Amsterdam,1051,"North Holland,Netherlands",Netherlands,EU-EFTA,PM,CP,N,,CP - Cutting Plant,,
228698,Mevlana Groot- & Detailhandel B.V.,Centrale Groothandelsmarkt 144,Amsterdam,1051,"North Holland,Netherlands",Netherlands,EU-EFTA,PM,CP,N,,CP - Cutting Plant,,
3764,Mezem Convenience Food B.V.,Lyonstraat 41,Rotterdam,3047,"South Holland,Netherlands",Netherlands,EU-EFTA,PM,CP,N,,CP - Cutting Plant,,
3658,Nice to Meat B.V.,Kobaltstraat 2,Almere,1362,"Flevoland,Netherlands",Netherlands,EU-EFTA,PM,CP,N,,CP - Cutting Plant,,
208715,Noordam Vleesservice,Rozenlaan 15,Doorn,3941,"Utrecht,Netherlands",Netherlands,EU-EFTA,PM,CP,N,,CP - Cutting Plant,,
224313,Oriental Enterprise Tong Fong Amsterdam B.V.,De Flinesstraat 6,Duivendrecht,1114,"North Holland,Netherlands",Netherlands,EU-EFTA,PM,CP,N,,CP - Cutting Plant,,
207544,PMj Foods Holland B.V.,Röntgenweg 8,Bunschoten-Spakenburg,3752,"Utrecht,Netherlands",Netherlands,EU-EFTA,PM,CP,N,,CP - Cutting Plant,,
210610,PRI-SUPPLIES B.V.,Bolderweg 46 Z,Almere,1332,"Flevoland,Netherlands",Netherlands,EU-EFTA,PM,CP,N,,CP - Cutting Plant,,
3015,Perier's Vleesbedrijf B.V.,Palmpolstraat 44,Almere,1327,"Flevoland,Netherlands",Netherlands,EU-EFTA,PM,CP,N,,CP - Cutting Plant,,
349,Peter Konijn B.V.,Hermelijnkoog 40,Alkmaar,1822,"North Holland,Netherlands",Netherlands,EU-EFTA,PM,CP,N,,CP - Cutting Plant,,
5038,Pieter van Meel Groothnd in Wild en Gevogelte B.V.,C Groothandelsmarkt 185,Amsterdam,1051,"North Holland,Netherlands",Netherlands,EU-EFTA,PM,CP,N,,CP - Cutting Plant,,
221392,Pieter van Meel productie,Energiestraat 29,Warmenhuizen,1749,"North Holland,Netherlands",Netherlands,EU-EFTA,PM,CP,N,,CP - Cutting Plant,,
5582,Pluimvee-Uitsnijderij Clazing Rosmalen B.V.,Biestkampweg 2,Rosmalen,5249,"North Brabant,Netherlands",Netherlands,EU-EFTA,PM,CP,N,,CP - Cutting Plant,,
5054,Pluimveeslachterij C. van Miert B.V.,Keulschevaart 16,Breukelen,3621,"Utrecht,Netherlands",Netherlands,EU-EFTA,PM,SH CP,Y,,SH - Slaughterhouse | CP - Cutting Plant,,
5064,Pluimveeslachterij G.P. Remkes BV,Kweekweg 8,Epe,8161,"Gelderland,Netherlands",Netherlands,EU-EFTA,PM,SH CP,Y,,SH - Slaughterhouse | CP - Cutting Plant,,
5048,Pluimveeslachterij Gebr. Heijs B.V.,Mulderspark 23,Leek,9351,"Groningen,Netherlands",Netherlands,EU-EFTA,PM,SH CP,Y,,SH - Slaughterhouse | CP - Cutting Plant,,
5067,Pluimveeslachterij Mieki Hunsel B.V.,Swillerweg 5,Hunsel,6013,"Limburg,Netherlands",Netherlands,EU-EFTA,PM,SH CP,Y,,SH - Slaughterhouse | CP - Cutting Plant,,
5740,Pluimveeverwerking Jan van Ee B.V.,Wolweg 2,Stroe,3776,"Gelderland,Netherlands",Netherlands,EU-EFTA,PM,SH CP,Y,,SH - Slaughterhouse | CP - Cutting Plant,,
5042,Plukon Blokker B.V.,Gildenweg 7,Blokker,1695,"North Holland,Netherlands",Netherlands,EU-EFTA,PM,SH CP,Y,,SH - Slaughterhouse | CP - Cutting Plant,,
5933,Plukon CFG Nijkerk B.V.,Wattstraat 5 - 7,Nijkerk,3861,"Gelderland,Netherlands",Netherlands,EU-EFTA,PM,CP,N,,CP - Cutting Plant,,
5031,Plukon Dedemsvaart B.V.,Langewijk 135,Dedemsvaart,7701,"Overijssel,Netherlands",Netherlands,EU-EFTA,PM,SH CP,Y,,SH - Slaughterhouse | CP - Cutting Plant,,
5014,Plukon Goor B.V.,Breukersweg 10,Goor,7471,"Overijssel,Netherlands",Netherlands,EU-EFTA,PM,CP SH,Y,,CP - Cutting Plant | SH - Slaughterhouse,,
5577,Plukon Ommel B.V.,Ommelse Bos 5,Ommel,5724,"North Brabant,Netherlands",Netherlands,EU-EFTA,PM,CP,N,,CP - Cutting Plant,,
5056,Plukon Processing Ommel B.V.,Ommelse Bos 5 A,Ommel,5724,"North Brabant,Netherlands",Netherlands,EU-EFTA,PM,CP,N,,CP - Cutting Plant,,
5011,Plukon Wezep B.V.,Industrieweg 36,Wezep,8091,"Gelderland,Netherlands",Netherlands,EU-EFTA,PM,CP,N,,CP - Cutting Plant,,
219250,Poelier Vitesh FESA FOOD B.V.,Davidsstraat 18 A,Rotterdam,3023,"South Holland,Netherlands",Netherlands,EU-EFTA,PM,CP,N,,CP - Cutting Plant,,
5546,Poelier t vöske B.V.,Haalmansweg 5,Lochem,7241,"Gelderland,Netherlands",Netherlands,EU-EFTA,PM,CP,N,,CP - Cutting Plant,,
5217,Poelier van der Wal B.V.,Triemsterloane 60,Kollumerzwaag,9298,"Friesland,Netherlands",Netherlands,EU-EFTA,PM,CP,N,,CP - Cutting Plant,,
5927,Poeliersbedrijf Brinkhorst B.V.,Veenendaalseweg 1,De Klomp,6745,"Gelderland,Netherlands",Netherlands,EU-EFTA,PM,CP,N,,CP - Cutting Plant,,
208497,Poeliersbedrijf Cuno Moormann en Zonen BV,Wheeweg 30,Goor,7470,"Overijssel,Netherlands",Netherlands,EU-EFTA,PM,CP,N,,CP - Cutting Plant,,
5960,Poeliersbedrijf Cuno Moormann en Zonen BV,Wheeweg 47,Goor,7471,"Overijssel,Netherlands",Netherlands,EU-EFTA,PM,CP,N,,CP - Cutting Plant,,
5256,Poeliersbedrijf Ep De Graaf B.V.,Ruitenbeek 21,Putten,3881,"Gelderland,Netherlands",Netherlands,EU-EFTA,PM,CP,N,,CP - Cutting Plant,,
5655,Poeliersbedrijf G. van Nieuwenhuizen B.V.,Talmastraat 12,Nijkerkerveen,3864,"Gelderland,Netherlands",Netherlands,EU-EFTA,PM,CP,N,,CP - Cutting Plant,,
5653,Poeliersbedrijf Gebroeders L.A.- en M.A. van der Meer B.V.,Rijndijk 7 A,Hazerswoude Rijndijk,2394,"South Holland,Netherlands",Netherlands,EU-EFTA,PM,CP,N,,CP - Cutting Plant,,
5220,Poeliersbedrijf Ghouzli B.V.,Laakweg 1 A,Nijkerkerveen,3864,"Gelderland,Netherlands",Netherlands,EU-EFTA,PM,CP,N,,CP - Cutting Plant,,
229819,Poeliersbedrijf Jenniges,Grotelant 27,Scheemda,9679,"Groningen,Netherlands",Netherlands,EU-EFTA,PM,CP,N,,CP - Cutting Plant,,
5066,Poeliersbedrijf Kroeze,Werktuigenweg 30,Emmeloord,8304,"Flevoland,Netherlands",Netherlands,EU-EFTA,PM,CP,N,,CP - Cutting Plant,,
224123,Poeliersbedrijf Lamkadmi B.V.,Smitspol 18 h,Nijkerk,3861,"Gelderland,Netherlands",Netherlands,EU-EFTA,PM,CP,N,,CP - Cutting Plant,,
218911,Poeliersbedrijf Nijkerk B.V.,Talmastraat 10,Nijkerkerveen,3864,"Gelderland,Netherlands",Netherlands,EU-EFTA,PM,CP,N,,CP - Cutting Plant,,
5985,Poeliersbedrijf Sterk & Zn.,Griekenlandweg 14,Bodegraven,2411,"South Holland,Netherlands",Netherlands,EU-EFTA,PM,CP,N,,CP - Cutting Plant,,
5780,Poeliersbedrijf Thaam Dam B.V.,Herenweg 95,Hoogwoud,1718,"North Holland,Netherlands",Netherlands,EU-EFTA,PM,CP,N,,CP - Cutting Plant,,
230025,Poeliersbedrijf Van Berkel B.V.,Ierlandstraat 9,Kaatsheuvel,5171,"North Brabant,Netherlands",Netherlands,EU-EFTA,PM,CP,N,,CP - Cutting Plant,,
5821,Poeliersbedrijf Van Der Laan B.V.,Agriport 171,Middenmeer,1775,"North Holland,Netherlands",Netherlands,EU-EFTA,PM,CP,N,,CP - Cutting Plant,,
5936,Poeliersbedrijf Wil de Wit,Weijland 19,Nieuwerbrug aan den Rijn,2415,"South Holland,Netherlands",Netherlands,EU-EFTA,PM,CP,N,,CP - Cutting Plant,,
5755,Poeliersbedrijf Willie Kappert,Kruisbergseweg 33,Zelhem,7021,"Gelderland,Netherlands",Netherlands,EU-EFTA,PM,CP,N,,CP - Cutting Plant,,
5233,Poeliersbedrijf van Hemert B.V.,Weitjesweg 52 b,Brakel,5306,"Gelderland,Netherlands",Netherlands,EU-EFTA,PM,CP,N,,CP - Cutting Plant,,
5778,Poeliersgroothandel Swinkels B.V.,Roomweg 26,Grashoek,5985,"Limburg,Netherlands",Netherlands,EU-EFTA,PM,CP,N,,CP - Cutting Plant,,
5033,Polskamp B.V.,Oude Telgterweg 177,Ermelo,3851,"Gelderland,Netherlands",Netherlands,EU-EFTA,PM,CP,N,,CP - Cutting Plant,,
5043,Polskamp B.V.,Molenweg 75,Harskamp,6732,"Gelderland,Netherlands",Netherlands,EU-EFTA,PM,CP,N,,CP - Cutting Plant,,
228806,Puur&Hala,Daltonweg 4,Hellevoetsluis,3225,"South Holland,Netherlands",Netherlands,EU-EFTA,PM,CP,N,,CP - Cutting Plant,,
208745,Ragazzi Vlees B.V.,Ambacht 3,Oostzaan,1511,"North Holland,Netherlands",Netherlands,EU-EFTA,PM,CP,N,,CP - Cutting Plant,,
3219,René Elvers Vleeswaren Belvedere B.V.,Wolfskuilseweg 253,Nijmegen,6542,"Gelderland,Netherlands",Netherlands,EU-EFTA,PM,CP,N,,CP - Cutting Plant,,
5190,Rob Lelie B.V.,Jarmuiden 17,Amsterdam,1046,"North Holland,Netherlands",Netherlands,EU-EFTA,PM,CP,N,,CP - Cutting Plant,,
9612,Roelofs Groothandel in Vlees B.V.,De Hork 5,Cuijk,5431,"North Brabant,Netherlands",Netherlands,EU-EFTA,PM,CP,N,,CP - Cutting Plant,,
220083,Roufs food en non-food service,Kruburg 7,Eindhoven,5632,"North Brabant,Netherlands",Netherlands,EU-EFTA,PM,CP,N,,CP - Cutting Plant,,
225084,Ruigenhilvlees,Westmiddelweg 1,Oudemolen,4796,"North Brabant,Netherlands",Netherlands,EU-EFTA,PM,CP,N,,CP - Cutting Plant,,
42,Ruitenburg B.V.,Niels Bohrweg 161,Utrecht,3542,"Utrecht,Netherlands",Netherlands,EU-EFTA,PM,CP,N,,CP - Cutting Plant,,
3273,Rutting Versspecialiteiten B.V.,Rumpsterweg 9,Bunnik,3981,"Utrecht,Netherlands",Netherlands,EU-EFTA,PM,CP,N,,CP - Cutting Plant,,
222008,SALMO POULTRY B.V.,Touwslager 1 A,Nijkerk,3861,"Gelderland,Netherlands",Netherlands,EU-EFTA,PM,CP,N,,CP - Cutting Plant,,
5246,Salih Kipproducten,Sydneystraat 118,Rotterdam,3047,"South Holland,Netherlands",Netherlands,EU-EFTA,PM,CP,N,,CP - Cutting Plant,,
225143,Salty Butcher B.V.,Loggerstraat 55,IJmuiden,1976,"North Holland,Netherlands",Netherlands,EU-EFTA,PM,CP,N,,CP - Cutting Plant,,
5932,Scheria,Stompwijkseweg 66,Leidschendam,2266,"South Holland,Netherlands",Netherlands,EU-EFTA,PM,CP,N,,CP - Cutting Plant,,
837,Selekt Meat Products,Edisonstraat 17,Harlingen,8861,"Friesland,Netherlands",Netherlands,EU-EFTA,PM,CP,N,,CP - Cutting Plant,,
231191,Sisou groothandel B.V.,Industrieweg 28 A,Rotterdam,3044,"South Holland,Netherlands",Netherlands,EU-EFTA,PM,CP,N,,CP - Cutting Plant,,
5268,Slachterij Vugts,Drie Lindekensweg 2 a,Steenbergen,4651,"North Brabant,Netherlands",Netherlands,EU-EFTA,PM,SH CP,Y,,SH - Slaughterhouse | CP - Cutting Plant,,
5023,Slagerij Arkema,Korengarst 4,Noordbroek,9635,"Groningen,Netherlands",Netherlands,EU-EFTA,PM,CP,N,,CP - Cutting Plant,,
704,Slagerij Kaldenberg B.V.,Gaanweg 1 A,Vuren,4214,"Gelderland,Netherlands",Netherlands,EU-EFTA,PM,CP,N,,CP - Cutting Plant,,
9449,Slagerij Kusters,Rijksweg 73,Margraten,6269,"Limburg,Netherlands",Netherlands,EU-EFTA,PM,CP,N,,CP - Cutting Plant,,
219709,Slagerij Richard van der Vlis B.V.,Fokko Kortlanglaan 180,Ermelo,3851,"Gelderland,Netherlands",Netherlands,EU-EFTA,PM,CP,N,,CP - Cutting Plant,,
208643,Slagerij Willem Terlouw,Middenweg 450,Amsterdam,1097,"North Holland,Netherlands",Netherlands,EU-EFTA,PM,CP,N,,CP - Cutting Plant,,
220435,Slagerij de Vries B.V.,Buurstede 1,Oosterwolde,8431,"Friesland,Netherlands",Netherlands,EU-EFTA,PM,CP,N,,CP - Cutting Plant,,
213409,Sligro,Ir. E.L.C. Schiffstraat 246,Enschede,7547,"Overijssel,Netherlands",Netherlands,EU-EFTA,PM,CP,N,,CP - Cutting Plant,,
213419,Sligro,Perronlaan 1,Utrecht,3534,"Utrecht,Netherlands",Netherlands,EU-EFTA,PM,CP,N,,CP - Cutting Plant,,
210200,Sligro,Pergolesilaan 10,Bergen op Zoom,4614,"North Brabant,Netherlands",Netherlands,EU-EFTA,PM,CP,N,,CP - Cutting Plant,,
210218,Sligro,Rooseveltstraat 57,Leiden,2321,"South Holland,Netherlands",Netherlands,EU-EFTA,PM,CP,N,,CP - Cutting Plant,,
210224,Sligro,Linge 2,'S-Gravenhage,2491,"South Holland,Netherlands",Netherlands,EU-EFTA,PM,CP,N,,CP - Cutting Plant,,
210201,Sligro,IABC 5252,Breda,4814,"North Brabant,Netherlands",Netherlands,EU-EFTA,PM,CP,N,,CP - Cutting Plant,,
210197,Sligro,Van den Broekeweg 12,Almelo,7602,"Overijssel,Netherlands",Netherlands,EU-EFTA,PM,CP,N,,CP - Cutting Plant,,
210221,Sligro,Hanzeweg 11,Gouda,2803,"South Holland,Netherlands",Netherlands,EU-EFTA,PM,CP,N,,CP - Cutting Plant,,
210238,Sligro,Kissel 30,Heerlen,6416,"Limburg,Netherlands; A Poultry; L Lagomorphs",Netherlands,EU-EFTA,PM,CP,N,,CP - Cutting Plant,,
210230,Sligro,Roermondseweg 95,Weert,6004,"Limburg,Netherlands",Netherlands,EU-EFTA,PM,CP,N,,CP - Cutting Plant,,
210216,Sligro,Grote Wade 90,Nieuwegein,3439,"Utrecht,Netherlands",Netherlands,EU-EFTA,PM,CP,N,,CP - Cutting Plant,,
210209,Sligro,Bedrijfsweg 8,Vlissingen,4387,"Zeeland,Netherlands",Netherlands,EU-EFTA,PM,CP,N,,CP - Cutting Plant,,
210054,Sligro,Boerendanserdijk 45,Zwolle,8024,"Overijssel,Netherlands",Netherlands,EU-EFTA,PM,CP,N,,CP - Cutting Plant,,
210198,Sligro,van der Madeweg 39,Duivendrecht,1115,"North Holland,Netherlands",Netherlands,EU-EFTA,PM,CP,N,,CP - Cutting Plant,,
229260,Sligro,Kerketuinenweg 35,'S-Gravenhage,2544,"South Holland,Netherlands",Netherlands,EU-EFTA,PM,CP,N,,CP - Cutting Plant,,
210215,Sligro,Jan van Krimpenweg 11,HAARLEM,2031,Netherlands,Netherlands,EU-EFTA,PM,CP,N,,CP - Cutting Plant,,
210056,Sligro,Cobolweg 7,Amersfoort,3821,"Utrecht,Netherlands",Netherlands,EU-EFTA,PM,CP,N,,CP - Cutting Plant,,
210196,Sligro,Laanenderweg 9,Alkmaar,1812,"North Holland,Netherlands",Netherlands,EU-EFTA,PM,CP,N,,CP - Cutting Plant,,
210053,Sligro,Willem Alexanderweg 72,Maastricht,6222,"Limburg,Netherlands",Netherlands,EU-EFTA,PM,CP,N,,CP - Cutting Plant,,
210211,Sligro,Ringbaan-Zuid 13,Tilburg,5021,"North Brabant,Netherlands",Netherlands,EU-EFTA,PM,CP,N,,CP - Cutting Plant,,
210207,Sligro,Groothandelsmarkt 181,Rotterdam,3044,"South Holland,Netherlands",Netherlands,EU-EFTA,PM,CP,N,,CP - Cutting Plant,,
210206,Sligro,Winkelveldstraat 28,Venlo,5916,"Limburg,Netherlands",Netherlands,EU-EFTA,PM,CP,N,,CP - Cutting Plant,,
210199,Sligro,Driepoortenweg 14,Arnhem,6827,"Gelderland,Netherlands",Netherlands,EU-EFTA,PM,CP,N,,CP - Cutting Plant,,
210213,Sligro,Stadionweg 47 -49,Rotterdam,3077,"South Holland,Netherlands",Netherlands,EU-EFTA,PM,CP,N,,CP - Cutting Plant,,
210223,Sligro,Hurksestraat 5,Eindhoven,5652,"North Brabant,Netherlands",Netherlands,EU-EFTA,PM,CP,N,,CP - Cutting Plant,,
210226,Sligro,Ruwekampweg 1,'s-Hertogenbosch,5222,"North Brabant,Netherlands",Netherlands,EU-EFTA,PM,CP,N,,CP - Cutting Plant,,
210214,Sligro,Leemstraat 3,Roosendaal,4705,"North Brabant,Netherlands",Netherlands,EU-EFTA,PM,CP,N,,CP - Cutting Plant,,
210229,Sligro,Nijbracht 85,Emmen,7821,"Drenthe,Netherlands",Netherlands,EU-EFTA,PM,CP,N,,CP - Cutting Plant,,
210239,Sligro,Kennedylaan 3,Veghel,5466,"North Brabant,Netherlands; A Poultry; L Lagomorphs",Netherlands,EU-EFTA,PM,CP,N,,CP - Cutting Plant,,
210234,Sligro,Franciscusweg 291,Hilversum,1216,"North Holland,Netherlands",Netherlands,EU-EFTA,PM,CP,N,,CP - Cutting Plant,,
210232,Sligro,Energieweg 42,Nijmegen,6541,"Gelderland,Netherlands",Netherlands,EU-EFTA,PM,CP,N,,CP - Cutting Plant,,
210231,Sligro,Burghoffweg 28,Roermond,6042,"Limburg,Netherlands",Netherlands,EU-EFTA,PM,CP,N,,CP - Cutting Plant,,
214073,Sligro,Polderweg 1,Purmerend,1446,"North Holland,Netherlands",Netherlands,EU-EFTA,PM,CP,N,,CP - Cutting Plant,,
213408,Sligro,De Huchtstraat 12,Almere,1327,"Flevoland,Netherlands",Netherlands,EU-EFTA,PM,CP,N,,CP - Cutting Plant,,
210235,Sligro Food Group Nederland B.V.,Osloweg 112,Groningen,9723,"Groningen,Netherlands",Netherlands,EU-EFTA,PM,CP,N,,CP - Cutting Plant,,
5163,Slobbe Meat Trading B.V.,Elbe 18,'S-Gravenhage,2491,"South Holland,Netherlands",Netherlands,EU-EFTA,PM,CP,N,,CP - Cutting Plant,,
208978,Stefo,Tweede Industriestraat 3,Bussum,1401,"North Holland,Netherlands; A Poultry",Netherlands,EU-EFTA,PM,CP,N,,CP - Cutting Plant,,
209533,Stichting Vakinstelling SVO,Diepenhorstlaan 3,Rijswijk,2288,"South Holland,Netherlands",Netherlands,EU-EFTA,PM,CP,N,,CP - Cutting Plant,,
5001,Storteboom Food Group B.V.,Akkerweg 3,Zeewolde,3899,"Flevoland,Netherlands",Netherlands,EU-EFTA,PM,CP,N,,CP - Cutting Plant,,
5005,Storteboom Food Group B.V.,Galvanistraat 2,Nijkerk,3861,"Gelderland,Netherlands",Netherlands,EU-EFTA,PM,CP,N,,CP - Cutting Plant,,
5016,Storteboom Food Group B.V.,Voorthuizerstraat 148,Putten,3881,"Gelderland,Netherlands",Netherlands,EU-EFTA,PM,SH CP,Y,,SH - Slaughterhouse | CP - Cutting Plant,,
5018,Storteboom Food Group B.V.,Provincialeweg 70,Kornhorn,9864,"Groningen,Netherlands",Netherlands,EU-EFTA,PM,SH CP,Y,,SH - Slaughterhouse | CP - Cutting Plant,,
220479,Sultan Vlees & Vleeswaren B.V.,Jarmuiden 55,Amsterdam,1046,"North Holland,Netherlands",Netherlands,EU-EFTA,PM,CP,N,,CP - Cutting Plant,,
219149,Sumer Food B.V.,Luzernestraat 4,NIEUW-VENNEP,2153,"North Holland,Netherlands",Netherlands,EU-EFTA,PM,CP,N,,CP - Cutting Plant,,
208982,Super Halal Slagerij,Nieuw-Zeelandweg 6 M,Amsterdam,1045,"North Holland,Netherlands",Netherlands,EU-EFTA,PM,CP,N,,CP - Cutting Plant,,
644,Supply Point Cuijk B.V.,Korte Oijen 6,Katwijk,5433,"North Brabant,Netherlands",Netherlands,EU-EFTA,PM,CP,N,,CP - Cutting Plant,,
224309,TDH Vlees,Ledeboerstraat 68 01,Tilburg,5048,"North Brabant,Netherlands",Netherlands,EU-EFTA,PM,CP,N,,CP - Cutting Plant,,
208322,Tanger Distributiecentrum B.V.,Dinkel 94 Food center F,'S-Gravenhage,2491,"South Holland,Netherlands",Netherlands,EU-EFTA,PM,CP,N,,CP - Cutting Plant,,
219418,Teujib Halal Productie B.V.,Visseringweg 50,Diemen,1112,"North Holland,Netherlands",Netherlands,EU-EFTA,PM,CP,N,,CP - Cutting Plant,,
218403,The Dutch Proud,Flevostraat 265,Purmerend,1442,"North Holland,Netherlands",Netherlands,EU-EFTA,PM,CP,N,,CP - Cutting Plant,,
209154,Theo Everaers Horeca Leverancier B.V.,Economiestraat 4,Sittard,6135,"Limburg,Netherlands",Netherlands,EU-EFTA,PM,CP,N,,CP - Cutting Plant,,
5002,Thyker B.V.,Wattstraat 18,Barneveld,3771,"Gelderland,Netherlands",Netherlands,EU-EFTA,PM,CP,N,,CP - Cutting Plant,,
5944,Tomassen Duck-To B.V.,Fokko Kortlanglaan 116,Ermelo,3853,"Gelderland,Netherlands",Netherlands,EU-EFTA,PM,SH CP,Y,,SH - Slaughterhouse | CP - Cutting Plant,,
5744,Tomassen Worstmakerij B.V.,Horsterweg 213,Ermelo,3853,"Gelderland,Netherlands",Netherlands,EU-EFTA,PM,CP,N,,CP - Cutting Plant,,
218163,Top Nawar Vleesco,Van Slingelandtstraat 41,Amsterdam,1051,"North Holland,Netherlands",Netherlands,EU-EFTA,PM,CP,N,,CP - Cutting Plant,,
221985,Uw Slager Gebr. Duijzer,Marsdiepstraat 381,Den Helder,1784,"North Holland,Netherlands",Netherlands,EU-EFTA,PM,CP,N,,CP - Cutting Plant,,
229160,V.O.F. Poeliersbedrijf van de Beek,Talmastraat 24,Nijkerkerveen,3864,"Gelderland,Netherlands",Netherlands,EU-EFTA,PM,CP,N,,CP - Cutting Plant,,
208611,V.O.F. Slagerij J. van der Veldt,Rijksstraatweg 322 A,Wassenaar,2242,"South Holland,Netherlands",Netherlands,EU-EFTA,PM,CP,N,,CP - Cutting Plant,,
5094,V.O.F. de Letter-Polfliet,'s-Gravenstraat 363,Clinge,4567,"Zeeland,Netherlands",Netherlands,EU-EFTA,PM,CP,N,,CP - Cutting Plant,,
221406,VSS MEAT,Spoorstraat 35,'t Harde,8084,"Gelderland,Netherlands",Netherlands,EU-EFTA,PM,CP,N,,CP - Cutting Plant,,
223574,Van Buul International,IJzersteden 7,Enschede,7547,"Overijssel,Netherlands",Netherlands,EU-EFTA,PM,CP CP,N,,CP - Cutting Plant | CP - Cutting Plant,,
5947,Van De Pol Kipspecialiteiten B.V.,Brink 40,Nijkerk,3861,"Gelderland,Netherlands",Netherlands,EU-EFTA,PM,CP,N,,CP - Cutting Plant,,
3373,Van Kooten Vleesgroothandel B.V.,Oeverweg 3,Montfoort,3417,"Utrecht,Netherlands",Netherlands,EU-EFTA,PM,CP,N,,CP - Cutting Plant,,
5541,Van Leendert Maastricht B.V.,Punterweg 45,Maastricht,6222,"Limburg,Netherlands",Netherlands,EU-EFTA,PM,CP,N,,CP - Cutting Plant,,
5931,Van Leeuwen Kipspecialiteiten B.V.,Molenvliet 30,Wijk bij Duurstede,3961,"Utrecht,Netherlands",Netherlands,EU-EFTA,PM,CP,N,,CP - Cutting Plant,,
622,Van Loon Best,Bedrijfsweg 12,Best,5683,"North Brabant,Netherlands",Netherlands,EU-EFTA,PM,CP,N,,CP - Cutting Plant,,
360,Van Loon Son,Ekkersrijt 8825,Son en Breugel,5692,"North Brabant,Netherlands",Netherlands,EU-EFTA,PM,CP,N,,CP - Cutting Plant,,
774,Van Neerbos Horeca Vlees Service,Goudwerf 13,Beuningen GLD,6641,"Gelderland,Netherlands",Netherlands,EU-EFTA,PM,CP,N,,CP - Cutting Plant,,
5089,Van Olphen Viande Select B.V.,Europalaan 20,Rijen,5121,"North Brabant,Netherlands",Netherlands,EU-EFTA,PM,CP,N,,CP - Cutting Plant,,
307,Van Rooi Meat B.V.,Kanaaldijk-zuid 2,Someren,5712,"North Brabant,Netherlands",Netherlands,EU-EFTA,PM,CP,N,,CP - Cutting Plant,,
207156,Van der Burg & Bol B.V.,Elbe 1,'S-Gravenhage,2491,"South Holland,Netherlands",Netherlands,EU-EFTA,PM,CP,N,,CP - Cutting Plant,,
5029,Van der Linden Poultry Products B.V.,Meijelseweg 13,Beringe,5986,"Limburg,Netherlands",Netherlands,EU-EFTA,PM,SH CP,Y,,SH - Slaughterhouse | CP - Cutting Plant,,
38,Van der Zee Vlees B.V.,Engelenburgstraat 16,Twello,7391,"Gelderland,Netherlands",Netherlands,EU-EFTA,PM,CP,N,,CP - Cutting Plant,,
228299,Vee- en Vleesgroothandel Wouters,Postweg 166,Lunteren,6741,"Gelderland,Netherlands",Netherlands,EU-EFTA,PM,CP,N,,CP - Cutting Plant,,
3749,Vee- en Vleeshandel Verschoor B.V.,Achthovenerweg 15 K-L,Leiderdorp,2351,"South Holland,Netherlands",Netherlands,EU-EFTA,PM,CP,N,,CP - Cutting Plant,,
5525,Vergrill,A. van Leeuwenhoekweg 52,Alphen aan den Rijn,2408,"South Holland,Netherlands",Netherlands,EU-EFTA,PM,CP,N,,CP - Cutting Plant,,
5673,Verkoopcentrale Welp B.V.,Ardeschstraat 11,Nijkerk,3861,"Gelderland,Netherlands",Netherlands,EU-EFTA,PM,CP,N,,CP - Cutting Plant,,
5784,Versspecialist Wolters Poelier,Rector Hulshofstraat 3 A,Harreveld,7135,"Gelderland,Netherlands",Netherlands,EU-EFTA,PM,CP,N,,CP - Cutting Plant,,
208669,Victoria Vlees,Strooijonkerstraat 10 A,Alkmaar,1812,"North Holland,Netherlands",Netherlands,EU-EFTA,PM,CP,N,,CP - Cutting Plant,,
585,Vion Retail Groenlo,Den Sliem 1,Groenlo,7141,"Gelderland,Netherlands",Netherlands,EU-EFTA,PM,CP,N,,CP - Cutting Plant,,
6963,Vishandel G & B Yerseke,Kreeft 35,Yerseke,4401,"Zeeland,Netherlands",Netherlands,EU-EFTA,PM,CP,N,,CP - Cutting Plant,,
3534,Vlees Combinatie Zuid-West B.V.,Albert Plesmanweg 10,Goes,4462,"Zeeland,Netherlands",Netherlands,EU-EFTA,PM,CP,N,,CP - Cutting Plant,,
218090,Vlees groothandel Asya Laagraven B.V.,Laagraven 2 A,Nieuwegein,3439,"Utrecht,Netherlands",Netherlands,EU-EFTA,PM,CP,N,,CP - Cutting Plant,,
700,Vleesbedrijf Bolscher B.V.,Strootsweg 40,Enschede,7547,"Overijssel,Netherlands",Netherlands,EU-EFTA,PM,CP,N,,CP - Cutting Plant,,
826,Vleesbedrijf De Vries B.V.,Suvelstrjitte 1,Feanwâlden,9269,"Friesland,Netherlands",Netherlands,EU-EFTA,PM,CP,N,,CP - Cutting Plant,,
221355,VleeschHouwerij CRU B.V.,Renbaanstraat 133,'S-Gravenhage,2586,"South Holland,Netherlands",Netherlands,EU-EFTA,PM,CP,N,,CP - Cutting Plant,,
226967,Vleeschmeester Nederland B.V.,Van Beethovensingel 44,Rotterdam,3055,"South Holland,Netherlands",Netherlands,EU-EFTA,PM,CP,N,,CP - Cutting Plant,,
5263,Vleeshandel Top Kip B.V.,Toetsenbordweg 46,Amsterdam,1033,"North Holland,Netherlands",Netherlands,EU-EFTA,PM,CP,N,,CP - Cutting Plant,,
670,Vleeshouwerij Jos Glas B.V.,Uranusweg 15,Leeuwarden,8938,"Friesland,Netherlands",Netherlands,EU-EFTA,PM,CP,N,,CP - Cutting Plant,,
5550,Vleeswarengroothandel J. de Waal B.V.,Nijverheidsweg 28,Hendrik-Ido-Ambacht,3341,"South Holland,Netherlands",Netherlands,EU-EFTA,PM,CP,N,,CP - Cutting Plant,,
5785,Vogely B.V.,Langheckweg 6,Kerkrade,6468,"Limburg,Netherlands",Netherlands,EU-EFTA,PM,CP,N,,CP - Cutting Plant,,
3679,Vomar Voordeelmarkt B.V.,Opaalstraat 15,Alkmaar,1812,"North Holland,Netherlands",Netherlands,EU-EFTA,PM,CP,N,,CP - Cutting Plant,,
514,Vriescentrale Asten B.V.,Laagveld 1,Asten,5721,"North Brabant,Netherlands",Netherlands,EU-EFTA,PM,CP,N,,CP - Cutting Plant,,
590,Vrieshuis Weert B.V.,Haveneind 8,Weert,6006,"Limburg,Netherlands",Netherlands,EU-EFTA,PM,CP,N,,CP - Cutting Plant,,
507,Vriesveem Balmerd B.V.,Van Heemstraweg 85,Beuningen GLD,6641,"Gelderland,Netherlands",Netherlands,EU-EFTA,PM,CP,N,,CP - Cutting Plant,,
5050,W. van der Meer en Zonen B.V.,It Heech 44,Dronryp,9035,"Friesland,Netherlands",Netherlands,EU-EFTA,PM,CP SH,Y,,CP - Cutting Plant | SH - Slaughterhouse,,
9163,Weidenaar Retail B.V.,Hogedijken 51,Dokkum,9101,"Friesland,Netherlands; A Poultry",Netherlands,EU-EFTA,PM,CP,N,,CP - Cutting Plant,,
207504,Weijdehoeve B.V.,Nijverheidsweg 15 15,Heiloo,1851,"North Holland,Netherlands",Netherlands,EU-EFTA,PM,CP,N,,CP - Cutting Plant,,
5639,Wildhandel Arjan de Wit,Weijland 19 A,Nieuwerbrug aan den Rijn,2415,"South Holland,Netherlands",Netherlands,EU-EFTA,PM,CP,N,,CP - Cutting Plant,,
5003,Wildhandel van der Cruijsen B.V.,Berentsweg 6,Mill,5451,"North Brabant,Netherlands",Netherlands,EU-EFTA,PM,CP SH,Y,,CP - Cutting Plant | SH - Slaughterhouse,,
529,World of Kebab B.V.,Engeveldweg 6,Zevenaar,6904,"Gelderland,Netherlands",Netherlands,EU-EFTA,PM,CP,N,,CP - Cutting Plant,,
212663,Worst en Vleesspecialiteiten Atelier De Hondsrug,Naweg 37,Gieten,9461,"Drenthe,Netherlands",Netherlands,EU-EFTA,PM,CP,N,,CP - Cutting Plant,,
767,Zandbergen Slagerijen B.V.,Harteveltweg 5,Leiden,2314,"South Holland,Netherlands",Netherlands,EU-EFTA,PM,CP,N,,CP - Cutting Plant,,
373,Zandbergen World's Finest Meat B.V.,Industrieweg 66,Zoeterwoude,2382,"South Holland,Netherlands",Netherlands,EU-EFTA,PM,CP,N,,CP - Cutting Plant,,
210672,Zegro-Centrum Rotterdam B.V.,Schuttevaerweg 24,Rotterdam,3044,"South Holland,Netherlands; A Poultry; L Lagomorphs",Netherlands,EU-EFTA,PM,CP,N,,CP - Cutting Plant,,
3077,departyslager,Everdenberg 7 L,Oosterhout Nb,4902,"North Brabant,Netherlands",Netherlands,EU-EFTA,PM,CP,N,,CP - Cutting Plant,,
5143,l'Empereur Boucherie Francaise,Industrieweg 13 E,Maartensdijk,3738,"Utrecht,Netherlands",Netherlands,EU-EFTA,PM,CP,N,,CP - Cutting Plant,,
5736,v.d. Bor Pluimveeslachterij B.V.,Amersfoortseweg 118,Nijkerkerveen,3864,"Gelderland,Netherlands",Netherlands,EU-EFTA,PM,SH CP,Y,,SH - Slaughterhouse | CP - Cutting Plant,,
2993,'t Zinkske,Vuurlinie 10,Neerkant,5758,"North Brabant,Netherlands",Netherlands,EU-EFTA,GM,SH CP,Y,,SH - Slaughterhouse | CP - Cutting Plant,,
210264,B.V Levensmiddelengroothandel 'De Kweker',Centrale Groothandelsmarkt 183,Amsterdam,1051,"North Holland,Netherlands",Netherlands,EU-EFTA,GM,CP,N,,CP - Cutting Plant,,
214619,Blom Food B.V.,Ovenberg 11,Milsbeek,6596,"Limburg,Netherlands",Netherlands,EU-EFTA,GM,CP,N,,CP - Cutting Plant,,
364,Bredase Horeca Vleescentrale B.V.,Van Rijckevorselstraat 3,Breda,4815,"North Brabant,Netherlands",Netherlands,EU-EFTA,GM,CP,N,,CP - Cutting Plant,,
454,Daily Fresh Food,Vouersweg 111,Geleen,6161,"Limburg,Netherlands",Netherlands,EU-EFTA,GM,CP,N,,CP - Cutting Plant,,
923,Daily Fresh Food B.V.,Marconistraat 1,Landgraaf,6372,"Limburg,Netherlands",Netherlands,EU-EFTA,GM,CP,N,,CP - Cutting Plant,,
357,Diviande B.V.,Antennestraat 3,Veenendaal,3903,"Utrecht,Netherlands; fG Farmed land mammals other than domestic ungulates; R Ratites",Netherlands,EU-EFTA,GM,CP,N,bovine equine porcine,CP - Cutting Plant,,
5731,Driessen Food,Tennesseedreef 24,Utrecht,3565,"Utrecht,Netherlands",Netherlands,EU-EFTA,GM,CP,N,,CP - Cutting Plant,,
5814,Driessen Hilversum,Oosterengweg 32,Hilversum,1221,"North Holland,Netherlands",Netherlands,EU-EFTA,GM,CP,N,,CP - Cutting Plant,,
84,Fa. Gebrs. Gijzels,Sint Annastraat 83,Sluis,4524,"Zeeland,Netherlands",Netherlands,EU-EFTA,GM,SH CP,Y,,SH - Slaughterhouse | CP - Cutting Plant,,
209037,Fa. P. Brugmans en Zn.,Distributiestraat 63,Giessen,4283,"North Brabant,Netherlands",Netherlands,EU-EFTA,GM,CP,N,,CP - Cutting Plant,,
9432,Fontijn Vlees en Vleeswaren B.V.,Zuiderzeelaan 82,Weesp,1382,"North Holland,Netherlands",Netherlands,EU-EFTA,GM,CP,N,,CP - Cutting Plant,,
5648,Gebr. Schoonbroodt Pluimvee en Poeliersbedrijf B.V,Mauritsstraat 4 -6,Nuth,6361,"Limburg,Netherlands",Netherlands,EU-EFTA,GM,CP,N,,CP - Cutting Plant,,
5084,Gilles,Witte Paal 112,Schagen,1742,"North Holland,Netherlands",Netherlands,EU-EFTA,GM,SH,Y,,SH - Slaughterhouse,,
209208,Groenland Kip B.V.,Frankrijkweg 2,Bodegraven,2411,"South Holland,Netherlands",Netherlands,EU-EFTA,GM,CP,N,,CP - Cutting Plant,,
5106,Groothandel Hollands Wildhuis B.V.,de Dintel 23,Best,5684,"North Brabant,Netherlands",Netherlands,EU-EFTA,GM,CP,N,,CP - Cutting Plant,,
212965,HANOS Den Haag - Delft B.V.,Kleveringweg 57,Delft,2616,"South Holland,Netherlands",Netherlands,EU-EFTA,GM,CP,N,,CP - Cutting Plant,,
210185,HANOS Groningen B.V.,Bornholmstraat 56,Groningen,9723,"Groningen,Netherlands",Netherlands,EU-EFTA,GM,CP,N,,CP - Cutting Plant,,
219502,HANOS Hengelo B.V.,John Maynard Keynesstraat 10,Hengelo,7559,"Overijssel,Netherlands",Netherlands,EU-EFTA,GM,CP,N,,CP - Cutting Plant,,
224714,HANOS Maastricht B.V.,Molensingel 99,Maastricht,6229,"Limburg,Netherlands",Netherlands,EU-EFTA,GM,CP,N,,CP - Cutting Plant,,
210190,Hanos Amsterdam,Spaklerweg 51,Duivendrecht,1114,"North Holland,Netherlands",Netherlands,EU-EFTA,GM,CP,N,,CP - Cutting Plant,,
210184,Hanos Heerenveen B.V.,Houtdraaier 2,Heerenveen,8447,"Friesland,Netherlands",Netherlands,EU-EFTA,GM,CP,N,,CP - Cutting Plant,,
5074,"Hazo ""Vleescentrum"" B.V.",Zuidergracht 27,Soest,3763,"Utrecht,Netherlands",Netherlands,EU-EFTA,GM,CP,N,,CP - Cutting Plant,,
5757,Hendriks Wild & Gevogelte,Weselseweg 121,Venlo,5916,"Limburg,Netherlands",Netherlands,EU-EFTA,GM,CP,N,,CP - Cutting Plant,,
209890,Het Slagersatelier B.V.,Noordewierweg 122,Amersfoort,3812,"Utrecht,Netherlands",Netherlands,EU-EFTA,GM,CP,N,,CP - Cutting Plant,,
371,Hilton Foods Holland,Grote Tocht 31,Zaandam,1507,"North Holland,Netherlands",Netherlands,EU-EFTA,GM,CP,N,,CP - Cutting Plant,,
219513,Homeko Vlees B.V.,Ziedewij 29,Barendrecht,2991,"South Holland,Netherlands",Netherlands,EU-EFTA,GM,CP,N,,CP - Cutting Plant,,
9631,"Islamse Slachtplaats ""Oud-Rijsenburg""",Langbroekerdijk 4,Driebergen-Rijsenburg,3972,"Utrecht,Netherlands",Netherlands,EU-EFTA,GM,SH,Y,,SH - Slaughterhouse,,
3779,Jan'S Vlees B.V.,Laan Van De Kreeft 191,Apeldoorn,7324,"Gelderland,Netherlands",Netherlands,EU-EFTA,GM,CP,N,,CP - Cutting Plant,,
192,Kamminga's Slachtbedrijf B.V.,Grensweg 6,Surhuisterveen,9231,"Friesland,Netherlands",Netherlands,EU-EFTA,GM,SH CP,Y,,SH - Slaughterhouse | CP - Cutting Plant,,
5073,KemperKip B.V.,Frontstraat 5,Uden,5405,"North Brabant,Netherlands",Netherlands,EU-EFTA,GM,SH CP,Y,,SH - Slaughterhouse | CP - Cutting Plant,,
5514,Krijgsman Food & Service,Piet Stuurmanweg 5,Waddinxveen,2742,"South Holland,Netherlands",Netherlands,EU-EFTA,GM,CP,N,,CP - Cutting Plant,,
25,Kroon Vlees,Gotenburgweg 30,Groningen,9723,"Groningen,Netherlands",Netherlands,EU-EFTA,GM,SH,Y,,SH - Slaughterhouse,,
5939,Luiten Food B.V.,Klaverblad 11,Leidschendam,2266,"South Holland,Netherlands",Netherlands,EU-EFTA,GM,CP,N,,CP - Cutting Plant,,
5715,M. Ruig En Zonen Bv,Zuideinde 235,Oostzaan,1511,"North Holland,Netherlands",Netherlands,EU-EFTA,GM,CP,N,,CP - Cutting Plant,,
654,Meatstreet Beverwijk B.V.,Rijnland 1,Beverwijk,1948,"North Holland,Netherlands",Netherlands,EU-EFTA,GM,CP,N,,CP - Cutting Plant,,
146,Meatstreet Born B.V.,Heirweg 7,Born,6121,"Limburg,Netherlands",Netherlands,EU-EFTA,GM,CP,N,,CP - Cutting Plant,,
878,Meatstreet Schagen B.V.,Witte Paal 330,Schagen,1742,"North Holland,Netherlands",Netherlands,EU-EFTA,GM,CP,N,,CP - Cutting Plant,,
3658,Nice to Meat B.V.,Kobaltstraat 2,Almere,1362,"Flevoland,Netherlands",Netherlands,EU-EFTA,GM,CP,N,,CP - Cutting Plant,,
5038,Pieter van Meel Groothnd in Wild en Gevogelte B.V.,C Groothandelsmarkt 185,Amsterdam,1051,"North Holland,Netherlands",Netherlands,EU-EFTA,GM,CP SH,Y,,CP - Cutting Plant | SH - Slaughterhouse,,
221392,Pieter van Meel productie,Energiestraat 29,Warmenhuizen,1749,"North Holland,Netherlands",Netherlands,EU-EFTA,GM,CP,N,,CP - Cutting Plant,,
208497,Poeliersbedrijf Cuno Moormann en Zonen BV,Wheeweg 30,Goor,7470,"Overijssel,Netherlands",Netherlands,EU-EFTA,GM,CP,N,,CP - Cutting Plant,,
5960,Poeliersbedrijf Cuno Moormann en Zonen BV,Wheeweg 47,Goor,7471,"Overijssel,Netherlands",Netherlands,EU-EFTA,GM,CP,N,,CP - Cutting Plant,,
230025,Poeliersbedrijf Van Berkel B.V.,Ierlandstraat 9,Kaatsheuvel,5171,"North Brabant,Netherlands",Netherlands,EU-EFTA,GM,CP,N,,CP - Cutting Plant,,
5821,Poeliersbedrijf Van Der Laan B.V.,Agriport 171,Middenmeer,1775,"North Holland,Netherlands",Netherlands,EU-EFTA,GM,CP,N,,CP - Cutting Plant,,
3219,René Elvers Vleeswaren Belvedere B.V.,Wolfskuilseweg 253,Nijmegen,6542,"Gelderland,Netherlands",Netherlands,EU-EFTA,GM,CP,N,,CP - Cutting Plant,,
9612,Roelofs Groothandel in Vlees B.V.,De Hork 5,Cuijk,5431,"North Brabant,Netherlands",Netherlands,EU-EFTA,GM,CP,N,,CP - Cutting Plant,,
3273,Rutting Versspecialiteiten B.V.,Rumpsterweg 9,Bunnik,3981,"Utrecht,Netherlands",Netherlands,EU-EFTA,GM,CP,N,,CP - Cutting Plant,,
5932,Scheria,Stompwijkseweg 66,Leidschendam,2266,"South Holland,Netherlands",Netherlands,EU-EFTA,GM,CP,N,,CP - Cutting Plant,,
254,Slachterij Henk Worst B.V.,Bulderweg 2,Nijkerk,3862,"Gelderland,Netherlands",Netherlands,EU-EFTA,GM,SH,Y,,SH - Slaughterhouse,,
5268,Slachterij Vugts,Drie Lindekensweg 2 a,Steenbergen,4651,"North Brabant,Netherlands",Netherlands,EU-EFTA,GM,SH CP,Y,,SH - Slaughterhouse | CP - Cutting Plant,,
219931,Slagerij G. ter Weele & Zoon B.V.,Molenvaart 10,Lieren,7364,"Gelderland,Netherlands",Netherlands,EU-EFTA,GM,SH,Y,,SH - Slaughterhouse,,
219709,Slagerij Richard van der Vlis B.V.,Fokko Kortlanglaan 180,Ermelo,3851,"Gelderland,Netherlands",Netherlands,EU-EFTA,GM,CP,N,,CP - Cutting Plant,,
9398,Slagerij Schreiber,Nije Buorren 4,Ferwert,9172,"Friesland,Netherlands",Netherlands,EU-EFTA,GM,SH CP,Y,,SH - Slaughterhouse | CP - Cutting Plant,,
220435,Slagerij de Vries B.V.,Buurstede 1,Oosterwolde,8431,"Friesland,Netherlands",Netherlands,EU-EFTA,GM,CP,N,,CP - Cutting Plant,,
210054,Sligro,Boerendanserdijk 45,Zwolle,8024,"Overijssel,Netherlands",Netherlands,EU-EFTA,GM,CP,N,,CP - Cutting Plant,,
210201,Sligro,IABC 5252,Breda,4814,"North Brabant,Netherlands",Netherlands,EU-EFTA,GM,CP,N,,CP - Cutting Plant,,
210197,Sligro,Van den Broekeweg 12,Almelo,7602,"Overijssel,Netherlands",Netherlands,EU-EFTA,GM,CP,N,,CP - Cutting Plant,,
210221,Sligro,Hanzeweg 11,Gouda,2803,"South Holland,Netherlands",Netherlands,EU-EFTA,GM,CP,N,,CP - Cutting Plant,,
210238,Sligro,Kissel 30,Heerlen,6416,"Limburg,Netherlands; fG Farmed land mammals other than domestic ungulates",Netherlands,EU-EFTA,GM,CP,N,bovine porcine,CP - Cutting Plant,,
210230,Sligro,Roermondseweg 95,Weert,6004,"Limburg,Netherlands",Netherlands,EU-EFTA,GM,CP,N,,CP - Cutting Plant,,
210216,Sligro,Grote Wade 90,Nieuwegein,3439,"Utrecht,Netherlands",Netherlands,EU-EFTA,GM,CP,N,,CP - Cutting Plant,,
210209,Sligro,Bedrijfsweg 8,Vlissingen,4387,"Zeeland,Netherlands",Netherlands,EU-EFTA,GM,CP,N,,CP - Cutting Plant,,
213409,Sligro,Ir. E.L.C. Schiffstraat 246,Enschede,7547,"Overijssel,Netherlands",Netherlands,EU-EFTA,GM,CP,N,,CP - Cutting Plant,,
213419,Sligro,Perronlaan 1,Utrecht,3534,"Utrecht,Netherlands",Netherlands,EU-EFTA,GM,CP,N,,CP - Cutting Plant,,
210218,Sligro,Rooseveltstraat 57,Leiden,2321,"South Holland,Netherlands",Netherlands,EU-EFTA,GM,CP,N,,CP - Cutting Plant,,
210224,Sligro,Linge 2,'S-Gravenhage,2491,"South Holland,Netherlands",Netherlands,EU-EFTA,GM,CP,N,,CP - Cutting Plant,,
210200,Sligro,Pergolesilaan 10,Bergen op Zoom,4614,"North Brabant,Netherlands",Netherlands,EU-EFTA,GM,CP,N,,CP - Cutting Plant,,
210239,Sligro,Kennedylaan 3,Veghel,5466,"North Brabant,Netherlands",Netherlands,EU-EFTA,GM,CP,N,,CP - Cutting Plant,,
210234,Sligro,Franciscusweg 291,Hilversum,1216,"North Holland,Netherlands",Netherlands,EU-EFTA,GM,CP,N,,CP - Cutting Plant,,
210232,Sligro,Energieweg 42,Nijmegen,6541,"Gelderland,Netherlands",Netherlands,EU-EFTA,GM,CP,N,,CP - Cutting Plant,,
210231,Sligro,Burghoffweg 28,Roermond,6042,"Limburg,Netherlands",Netherlands,EU-EFTA,GM,CP,N,,CP - Cutting Plant,,
210053,Sligro,Willem Alexanderweg 72,Maastricht,6222,"Limburg,Netherlands",Netherlands,EU-EFTA,GM,CP,N,,CP - Cutting Plant,,
210211,Sligro,Ringbaan-Zuid 13,Tilburg,5021,"North Brabant,Netherlands",Netherlands,EU-EFTA,GM,CP,N,,CP - Cutting Plant,,
210207,Sligro,Groothandelsmarkt 181,Rotterdam,3044,"South Holland,Netherlands",Netherlands,EU-EFTA,GM,CP,N,,CP - Cutting Plant,,
210206,Sligro,Winkelveldstraat 28,Venlo,5916,"Limburg,Netherlands",Netherlands,EU-EFTA,GM,CP,N,,CP - Cutting Plant,,
210199,Sligro,Driepoortenweg 14,Arnhem,6827,"Gelderland,Netherlands",Netherlands,EU-EFTA,GM,CP,N,,CP - Cutting Plant,,
210213,Sligro,Stadionweg 47 -49,Rotterdam,3077,"South Holland,Netherlands",Netherlands,EU-EFTA,GM,CP,N,,CP - Cutting Plant,,
210223,Sligro,Hurksestraat 5,Eindhoven,5652,"North Brabant,Netherlands",Netherlands,EU-EFTA,GM,CP,N,,CP - Cutting Plant,,
210226,Sligro,Ruwekampweg 1,'s-Hertogenbosch,5222,"North Brabant,Netherlands",Netherlands,EU-EFTA,GM,CP,N,,CP - Cutting Plant,,
210214,Sligro,Leemstraat 3,Roosendaal,4705,"North Brabant,Netherlands",Netherlands,EU-EFTA,GM,CP,N,,CP - Cutting Plant,,
210229,Sligro,Nijbracht 85,Emmen,7821,"Drenthe,Netherlands",Netherlands,EU-EFTA,GM,CP,N,,CP - Cutting Plant,,
214073,Sligro,Polderweg 1,Purmerend,1446,"North Holland,Netherlands",Netherlands,EU-EFTA,GM,CP,N,,CP - Cutting Plant,,
213408,Sligro,De Huchtstraat 12,Almere,1327,"Flevoland,Netherlands",Netherlands,EU-EFTA,GM,CP,N,,CP - Cutting Plant,,
210215,Sligro,Jan van Krimpenweg 11,HAARLEM,2031,Netherlands,Netherlands,EU-EFTA,GM,CP,N,,CP - Cutting Plant,,
229260,Sligro,Kerketuinenweg 35,'S-Gravenhage,2544,"South Holland,Netherlands",Netherlands,EU-EFTA,GM,CP,N,,CP - Cutting Plant,,
210056,Sligro,Cobolweg 7,Amersfoort,3821,"Utrecht,Netherlands",Netherlands,EU-EFTA,GM,CP,N,,CP - Cutting Plant,,
210196,Sligro,Laanenderweg 9,Alkmaar,1812,"North Holland,Netherlands",Netherlands,EU-EFTA,GM,CP,N,,CP - Cutting Plant,,
210198,Sligro,van der Madeweg 39,Duivendrecht,1115,"North Holland,Netherlands",Netherlands,EU-EFTA,GM,CP,N,,CP - Cutting Plant,,
210235,Sligro Food Group Nederland B.V.,Osloweg 112,Groningen,9723,"Groningen,Netherlands",Netherlands,EU-EFTA,GM,CP,N,,CP - Cutting Plant,,
209154,Theo Everaers Horeca Leverancier B.V.,Economiestraat 4,Sittard,6135,"Limburg,Netherlands",Netherlands,EU-EFTA,GM,CP,N,,CP - Cutting Plant,,
208611,V.O.F. Slagerij J. van der Veldt,Rijksstraatweg 322 A,Wassenaar,2242,"South Holland,Netherlands",Netherlands,EU-EFTA,GM,CP,N,,CP - Cutting Plant,,
5094,V.O.F. de Letter-Polfliet,'s-Gravenstraat 363,Clinge,4567,"Zeeland,Netherlands",Netherlands,EU-EFTA,GM,CP,N,,CP - Cutting Plant,,
221406,VSS MEAT,Spoorstraat 35,'t Harde,8084,"Gelderland,Netherlands",Netherlands,EU-EFTA,GM,CP,N,,CP - Cutting Plant,,
5541,Van Leendert Maastricht B.V.,Punterweg 45,Maastricht,6222,"Limburg,Netherlands",Netherlands,EU-EFTA,GM,CP,N,,CP - Cutting Plant,,
622,Van Loon Best,Bedrijfsweg 12,Best,5683,"North Brabant,Netherlands",Netherlands,EU-EFTA,GM,CP,N,,CP - Cutting Plant,,
360,Van Loon Son,Ekkersrijt 8825,Son en Breugel,5692,"North Brabant,Netherlands",Netherlands,EU-EFTA,GM,CP,N,,CP - Cutting Plant,,
5089,Van Olphen Viande Select B.V.,Europalaan 20,Rijen,5121,"North Brabant,Netherlands",Netherlands,EU-EFTA,GM,CP,N,,CP - Cutting Plant,,
494,Vee- en Vleeshandel Beernink B.V.,Kleibultweg 51,Oldenzaal,7575,"Overijssel,Netherlands",Netherlands,EU-EFTA,GM,SH CP,Y,,SH - Slaughterhouse | CP - Cutting Plant,,
322,Vee- en vleeshandel Mulder B.V.,Nijverheidsstraat 42,Twello,7391,"Gelderland,Netherlands",Netherlands,EU-EFTA,GM,SH CP,Y,,SH - Slaughterhouse | CP - Cutting Plant,,
6963,Vishandel G & B Yerseke,Kreeft 35,Yerseke,4401,"Zeeland,Netherlands",Netherlands,EU-EFTA,GM,CP,N,,CP - Cutting Plant,,
3534,Vlees Combinatie Zuid-West B.V.,Albert Plesmanweg 10,Goes,4462,"Zeeland,Netherlands",Netherlands,EU-EFTA,GM,CP,N,,CP - Cutting Plant,,
670,Vleeshouwerij Jos Glas B.V.,Uranusweg 15,Leeuwarden,8938,"Friesland,Netherlands",Netherlands,EU-EFTA,GM,CP,N,,CP - Cutting Plant,,
5550,Vleeswarengroothandel J. de Waal B.V.,Nijverheidsweg 28,Hendrik-Ido-Ambacht,3341,"South Holland,Netherlands",Netherlands,EU-EFTA,GM,CP,N,,CP - Cutting Plant,,
5639,Wildhandel Arjan de Wit,Weijland 19 A,Nieuwerbrug aan den Rijn,2415,"South Holland,Netherlands",Netherlands,EU-EFTA,GM,CP,N,,CP - Cutting Plant,,
5003,Wildhandel van der Cruijsen B.V.,Berentsweg 6,Mill,5451,"North Brabant,Netherlands",Netherlands,EU-EFTA,GM,SH CP,Y,,SH - Slaughterhouse | CP - Cutting Plant,,
210672,Zegro-Centrum Rotterdam B.V.,Schuttevaerweg 24,Rotterdam,3044,"South Holland,Netherlands",Netherlands,EU-EFTA,GM,CP,N,,CP - Cutting Plant,,
2993,'t Zinkske,Vuurlinie 10,Neerkant,5758,"North Brabant,Netherlands",Netherlands,EU-EFTA,WM,CP GHE,N,,CP - Cutting Plant | GHE - Game-Handling Establishment,,
210264,B.V Levensmiddelengroothandel 'De Kweker',Centrale Groothandelsmarkt 183,Amsterdam,1051,"North Holland,Netherlands",Netherlands,EU-EFTA,WM,CP,N,,CP - Cutting Plant,,
214619,Blom Food B.V.,Ovenberg 11,Milsbeek,6596,"Limburg,Netherlands",Netherlands,EU-EFTA,WM,CP,N,,CP - Cutting Plant,,
5563,Cor Voet B.V.,Westeinde 15,Oostzaan,1511,"North Holland,Netherlands",Netherlands,EU-EFTA,WM,GHE CP,N,,GHE - Game-Handling Establishment | CP - Cutting Plant,,
454,Daily Fresh Food,Vouersweg 111,Geleen,6161,"Limburg,Netherlands",Netherlands,EU-EFTA,WM,CP,N,,CP - Cutting Plant,,
923,Daily Fresh Food B.V.,Marconistraat 1,Landgraaf,6372,"Limburg,Netherlands",Netherlands,EU-EFTA,WM,CP,N,,CP - Cutting Plant,,
208816,Deli 4 You,Tiberghienweg 55,Clinge,4567,"Zeeland,Netherlands",Netherlands,EU-EFTA,WM,CP,N,,CP - Cutting Plant,,
357,Diviande B.V.,Antennestraat 3,Veenendaal,3903,"Utrecht,Netherlands",Netherlands,EU-EFTA,WM,CP,N,,CP - Cutting Plant,,
5731,Driessen Food,Tennesseedreef 24,Utrecht,3565,"Utrecht,Netherlands",Netherlands,EU-EFTA,WM,CP,N,,CP - Cutting Plant,,
5648,Gebr. Schoonbroodt Pluimvee en Poeliersbedrijf B.V,Mauritsstraat 4 -6,Nuth,6361,"Limburg,Netherlands",Netherlands,EU-EFTA,WM,CP,N,,CP - Cutting Plant,,
209208,Groenland Kip B.V.,Frankrijkweg 2,Bodegraven,2411,"South Holland,Netherlands",Netherlands,EU-EFTA,WM,CP,N,,CP - Cutting Plant,,
5106,Groothandel Hollands Wildhuis B.V.,de Dintel 23,Best,5684,"North Brabant,Netherlands",Netherlands,EU-EFTA,WM,CP,N,,CP - Cutting Plant,,
210190,Hanos Amsterdam,Spaklerweg 51,Duivendrecht,1114,"North Holland,Netherlands",Netherlands,EU-EFTA,WM,CP,N,,CP - Cutting Plant,,
5100,Hanos Apeldoorn B.V.,Stadhoudersmolenweg 41,Apeldoorn,7317,"Gelderland,Netherlands",Netherlands,EU-EFTA,WM,CP,N,,CP - Cutting Plant,,
5074,"Hazo ""Vleescentrum"" B.V.",Zuidergracht 27,Soest,3763,"Utrecht,Netherlands",Netherlands,EU-EFTA,WM,CP,N,,CP - Cutting Plant,,
5757,Hendriks Wild & Gevogelte,Weselseweg 121,Venlo,5916,"Limburg,Netherlands",Netherlands,EU-EFTA,WM,CP,N,,CP - Cutting Plant,,
207718,Herefords Slagerij B.V.,Donk 1 A,Kessel,5995,"Limburg,Netherlands",Netherlands,EU-EFTA,WM,CP,N,,CP - Cutting Plant,,
3757,Het Vleesgilde B.V.,Spanjelaan 22,Assen,9403,"Drenthe,Netherlands",Netherlands,EU-EFTA,WM,CP,N,,CP - Cutting Plant,,
5851,Hillco Poeliersbedrijf B.V.,Seringstraat 49 A,Ederveen,6744,"Gelderland,Netherlands",Netherlands,EU-EFTA,WM,CP,N,,CP - Cutting Plant,,
371,Hilton Foods Holland,Grote Tocht 31,Zaandam,1507,"North Holland,Netherlands",Netherlands,EU-EFTA,WM,CP,N,,CP - Cutting Plant,,
3779,Jan'S Vlees B.V.,Laan Van De Kreeft 191,Apeldoorn,7324,"Gelderland,Netherlands",Netherlands,EU-EFTA,WM,CP,N,,CP - Cutting Plant,,
5939,Luiten Food B.V.,Klaverblad 11,Leidschendam,2266,"South Holland,Netherlands",Netherlands,EU-EFTA,WM,CP,N,,CP - Cutting Plant,,
5715,M. Ruig En Zonen Bv,Zuideinde 235,Oostzaan,1511,"North Holland,Netherlands",Netherlands,EU-EFTA,WM,CP,N,,CP - Cutting Plant,,
9396,MAZA Vlees,Lindeweg 11,Heerjansdam,2995,"South Holland,Netherlands",Netherlands,EU-EFTA,WM,GHE,N,,GHE - Game-Handling Establishment,,
146,Meatstreet Born B.V.,Heirweg 7,Born,6121,"Limburg,Netherlands",Netherlands,EU-EFTA,WM,CP,N,,CP - Cutting Plant,,
5038,Pieter van Meel Groothnd in Wild en Gevogelte B.V.,C Groothandelsmarkt 185,Amsterdam,1051,"North Holland,Netherlands",Netherlands,EU-EFTA,WM,CP,N,,CP - Cutting Plant,,
221392,Pieter van Meel productie,Energiestraat 29,Warmenhuizen,1749,"North Holland,Netherlands",Netherlands,EU-EFTA,WM,GHE CP,N,,GHE - Game-Handling Establishment | CP - Cutting Plant,,
5927,Poeliersbedrijf Brinkhorst B.V.,Veenendaalseweg 1,De Klomp,6745,"Gelderland,Netherlands",Netherlands,EU-EFTA,WM,CP,N,,CP - Cutting Plant,,
208497,Poeliersbedrijf Cuno Moormann en Zonen BV,Wheeweg 30,Goor,7470,"Overijssel,Netherlands",Netherlands,EU-EFTA,WM,CP,N,,CP - Cutting Plant,,
5960,Poeliersbedrijf Cuno Moormann en Zonen BV,Wheeweg 47,Goor,7471,"Overijssel,Netherlands",Netherlands,EU-EFTA,WM,CP,N,,CP - Cutting Plant,,
208745,Ragazzi Vlees B.V.,Ambacht 3,Oostzaan,1511,"North Holland,Netherlands",Netherlands,EU-EFTA,WM,CP,N,,CP - Cutting Plant,,
3219,René Elvers Vleeswaren Belvedere B.V.,Wolfskuilseweg 253,Nijmegen,6542,"Gelderland,Netherlands",Netherlands,EU-EFTA,WM,CP,N,,CP - Cutting Plant,,
3273,Rutting Versspecialiteiten B.V.,Rumpsterweg 9,Bunnik,3981,"Utrecht,Netherlands",Netherlands,EU-EFTA,WM,CP,N,,CP - Cutting Plant,,
9247,Slagerij G. ter Weele & Zoon B.V.,Houtweg 8,Oene,8167,"Gelderland,Netherlands",Netherlands,EU-EFTA,WM,GHE,N,,GHE - Game-Handling Establishment,,
9449,Slagerij Kusters,Rijksweg 73,Margraten,6269,"Limburg,Netherlands",Netherlands,EU-EFTA,WM,GHE CP,N,,GHE - Game-Handling Establishment | CP - Cutting Plant,,
9039,Slagerij Wilbrink V.O.F.,Harskamperweg 20,Otterlo,6731,"Gelderland,Netherlands",Netherlands,EU-EFTA,WM,CP,N,,CP - Cutting Plant,,
221503,Slagerij Wout van de Veen B.V.,Poelweg 6 A,Ederveen,6744,"Gelderland,Netherlands",Netherlands,EU-EFTA,WM,GHE CP,N,,GHE - Game-Handling Establishment | CP - Cutting Plant,,
210054,Sligro,Boerendanserdijk 45,Zwolle,8024,"Overijssel,Netherlands",Netherlands,EU-EFTA,WM,CP,N,,CP - Cutting Plant,,
210201,Sligro,IABC 5252,Breda,4814,"North Brabant,Netherlands",Netherlands,EU-EFTA,WM,CP,N,,CP - Cutting Plant,,
210197,Sligro,Van den Broekeweg 12,Almelo,7602,"Overijssel,Netherlands",Netherlands,EU-EFTA,WM,CP,N,,CP - Cutting Plant,,
210221,Sligro,Hanzeweg 11,Gouda,2803,"South Holland,Netherlands",Netherlands,EU-EFTA,WM,CP,N,,CP - Cutting Plant,,
210238,Sligro,Kissel 30,Heerlen,6416,"Limburg,Netherlands; wU Wild ungulates",Netherlands,EU-EFTA,WM,CP,N,,CP - Cutting Plant,,
210230,Sligro,Roermondseweg 95,Weert,6004,"Limburg,Netherlands",Netherlands,EU-EFTA,WM,CP,N,,CP - Cutting Plant,,
210216,Sligro,Grote Wade 90,Nieuwegein,3439,"Utrecht,Netherlands",Netherlands,EU-EFTA,WM,CP,N,,CP - Cutting Plant,,
210209,Sligro,Bedrijfsweg 8,Vlissingen,4387,"Zeeland,Netherlands",Netherlands,EU-EFTA,WM,CP,N,,CP - Cutting Plant,,
213409,Sligro,Ir. E.L.C. Schiffstraat 246,Enschede,7547,"Overijssel,Netherlands",Netherlands,EU-EFTA,WM,CP,N,,CP - Cutting Plant,,
213419,Sligro,Perronlaan 1,Utrecht,3534,"Utrecht,Netherlands",Netherlands,EU-EFTA,WM,CP,N,,CP - Cutting Plant,,
210218,Sligro,Rooseveltstraat 57,Leiden,2321,"South Holland,Netherlands",Netherlands,EU-EFTA,WM,CP,N,,CP - Cutting Plant,,
210224,Sligro,Linge 2,'S-Gravenhage,2491,"South Holland,Netherlands",Netherlands,EU-EFTA,WM,CP,N,,CP - Cutting Plant,,
210200,Sligro,Pergolesilaan 10,Bergen op Zoom,4614,"North Brabant,Netherlands",Netherlands,EU-EFTA,WM,CP,N,,CP - Cutting Plant,,
210239,Sligro,Kennedylaan 3,Veghel,5466,"North Brabant,Netherlands; wU Wild ungulates",Netherlands,EU-EFTA,WM,CP,N,,CP - Cutting Plant,,
210234,Sligro,Franciscusweg 291,Hilversum,1216,"North Holland,Netherlands",Netherlands,EU-EFTA,WM,CP,N,,CP - Cutting Plant,,
210232,Sligro,Energieweg 42,Nijmegen,6541,"Gelderland,Netherlands",Netherlands,EU-EFTA,WM,CP,N,,CP - Cutting Plant,,
210231,Sligro,Burghoffweg 28,Roermond,6042,"Limburg,Netherlands",Netherlands,EU-EFTA,WM,CP,N,,CP - Cutting Plant,,
210053,Sligro,Willem Alexanderweg 72,Maastricht,6222,"Limburg,Netherlands",Netherlands,EU-EFTA,WM,CP,N,,CP - Cutting Plant,,
210211,Sligro,Ringbaan-Zuid 13,Tilburg,5021,"North Brabant,Netherlands",Netherlands,EU-EFTA,WM,CP,N,,CP - Cutting Plant,,
210207,Sligro,Groothandelsmarkt 181,Rotterdam,3044,"South Holland,Netherlands",Netherlands,EU-EFTA,WM,CP,N,,CP - Cutting Plant,,
210206,Sligro,Winkelveldstraat 28,Venlo,5916,"Limburg,Netherlands",Netherlands,EU-EFTA,WM,CP,N,,CP - Cutting Plant,,
210199,Sligro,Driepoortenweg 14,Arnhem,6827,"Gelderland,Netherlands",Netherlands,EU-EFTA,WM,CP,N,,CP - Cutting Plant,,
210213,Sligro,Stadionweg 47 -49,Rotterdam,3077,"South Holland,Netherlands",Netherlands,EU-EFTA,WM,CP,N,,CP - Cutting Plant,,
210223,Sligro,Hurksestraat 5,Eindhoven,5652,"North Brabant,Netherlands",Netherlands,EU-EFTA,WM,CP,N,,CP - Cutting Plant,,
210226,Sligro,Ruwekampweg 1,'s-Hertogenbosch,5222,"North Brabant,Netherlands",Netherlands,EU-EFTA,WM,CP,N,,CP - Cutting Plant,,
210214,Sligro,Leemstraat 3,Roosendaal,4705,"North Brabant,Netherlands",Netherlands,EU-EFTA,WM,CP,N,,CP - Cutting Plant,,
210229,Sligro,Nijbracht 85,Emmen,7821,"Drenthe,Netherlands",Netherlands,EU-EFTA,WM,CP,N,,CP - Cutting Plant,,
214073,Sligro,Polderweg 1,Purmerend,1446,"North Holland,Netherlands",Netherlands,EU-EFTA,WM,CP,N,,CP - Cutting Plant,,
213408,Sligro,De Huchtstraat 12,Almere,1327,"Flevoland,Netherlands",Netherlands,EU-EFTA,WM,CP,N,,CP - Cutting Plant,,
210215,Sligro,Jan van Krimpenweg 11,HAARLEM,2031,Netherlands,Netherlands,EU-EFTA,WM,CP,N,,CP - Cutting Plant,,
229260,Sligro,Kerketuinenweg 35,'S-Gravenhage,2544,"South Holland,Netherlands",Netherlands,EU-EFTA,WM,CP,N,,CP - Cutting Plant,,
210056,Sligro,Cobolweg 7,Amersfoort,3821,"Utrecht,Netherlands",Netherlands,EU-EFTA,WM,CP,N,,CP - Cutting Plant,,
210196,Sligro,Laanenderweg 9,Alkmaar,1812,"North Holland,Netherlands",Netherlands,EU-EFTA,WM,CP,N,,CP - Cutting Plant,,
210198,Sligro,van der Madeweg 39,Duivendrecht,1115,"North Holland,Netherlands",Netherlands,EU-EFTA,WM,CP,N,,CP - Cutting Plant,,
210235,Sligro Food Group Nederland B.V.,Osloweg 112,Groningen,9723,"Groningen,Netherlands",Netherlands,EU-EFTA,WM,CP,N,,CP - Cutting Plant,,
5094,V.O.F. de Letter-Polfliet,'s-Gravenstraat 363,Clinge,4567,"Zeeland,Netherlands",Netherlands,EU-EFTA,WM,CP,N,,CP - Cutting Plant,,
221406,VSS MEAT,Spoorstraat 35,'t Harde,8084,"Gelderland,Netherlands",Netherlands,EU-EFTA,WM,CP,N,,CP - Cutting Plant,,
5541,Van Leendert Maastricht B.V.,Punterweg 45,Maastricht,6222,"Limburg,Netherlands",Netherlands,EU-EFTA,WM,CP,N,,CP - Cutting Plant,,
622,Van Loon Best,Bedrijfsweg 12,Best,5683,"North Brabant,Netherlands",Netherlands,EU-EFTA,WM,CP,N,,CP - Cutting Plant,,
5089,Van Olphen Viande Select B.V.,Europalaan 20,Rijen,5121,"North Brabant,Netherlands",Netherlands,EU-EFTA,WM,CP,N,,CP - Cutting Plant,,
209871,Van Ommeren Vlees B.V.,Zonnehorst 9,Zutphen,7207,"Gelderland,Netherlands",Netherlands,EU-EFTA,WM,CP,N,,CP - Cutting Plant,,
38,Van der Zee Vlees B.V.,Engelenburgstraat 16,Twello,7391,"Gelderland,Netherlands",Netherlands,EU-EFTA,WM,CP,N,,CP - Cutting Plant,,
5673,Verkoopcentrale Welp B.V.,Ardeschstraat 11,Nijkerk,3861,"Gelderland,Netherlands",Netherlands,EU-EFTA,WM,CP,N,,CP - Cutting Plant,,
5784,Versspecialist Wolters Poelier,Rector Hulshofstraat 3 A,Harreveld,7135,"Gelderland,Netherlands",Netherlands,EU-EFTA,WM,GHE,N,,GHE - Game-Handling Establishment,,
670,Vleeshouwerij Jos Glas B.V.,Uranusweg 15,Leeuwarden,8938,"Friesland,Netherlands",Netherlands,EU-EFTA,WM,CP,N,,CP - Cutting Plant,,
220265,Vleesverwerkingsbedrijf Van der Holst B.V.,Jagtlustkade 13,Sassenheim,2171,"South Holland,Netherlands",Netherlands,EU-EFTA,WM,CP,N,,CP - Cutting Plant,,
5550,Vleeswarengroothandel J. de Waal B.V.,Nijverheidsweg 28,Hendrik-Ido-Ambacht,3341,"South Holland,Netherlands",Netherlands,EU-EFTA,WM,CP,N,,CP - Cutting Plant,,
5785,Vogely B.V.,Langheckweg 6,Kerkrade,6468,"Limburg,Netherlands",Netherlands,EU-EFTA,WM,CP,N,,CP - Cutting Plant,,
214392,Wild van Wild B.V.,Polderweg 6,Loenersloot,3634,"Utrecht,Netherlands",Netherlands,EU-EFTA,WM,CP,N,,CP - Cutting Plant,,
5639,Wildhandel Arjan de Wit,Weijland 19 A,Nieuwerbrug aan den Rijn,2415,"South Holland,Netherlands",Netherlands,EU-EFTA,WM,GHE CP,N,,GHE - Game-Handling Establishment | CP - Cutting Plant,,
5003,Wildhandel van der Cruijsen B.V.,Berentsweg 6,Mill,5451,"North Brabant,Netherlands",Netherlands,EU-EFTA,WM,CP GHE,N,,CP - Cutting Plant | GHE - Game-Handling Establishment,,
210672,Zegro-Centrum Rotterdam B.V.,Schuttevaerweg 24,Rotterdam,3044,"South Holland,Netherlands; wU Wild ungulates; wG Wild land mammals other than wild ungulates",Netherlands,EU-EFTA,WM,CP,N,,CP - Cutting Plant,,
5143,l'Empereur Boucherie Francaise,Industrieweg 13 E,Maartensdijk,3738,"Utrecht,Netherlands",Netherlands,EU-EFTA,WM,CP,N,,CP - Cutting Plant,,
229709,621 Ferments B.V.,Industrieweg 15,Maartensdijk,3738,"Utrecht,Netherlands",Netherlands,EU-EFTA,FFP,PP,,,PP - Processing Plant,,
6256,A. van de Groep en Zonen B.V.,Haringweg 27,Bunschoten Spakenburg,3751,"Utrecht,Netherlands",Netherlands,EU-EFTA,FFP,FFPP,,,FFPP - Fresh Fishery Products Plant,,
230766,ALIAS B.V.,Schuytezand 28,Urk,8323,"Flevoland,Netherlands",Netherlands,EU-EFTA,FFP,FFPP,,,FFPP - Fresh Fishery Products Plant,,
6283,AMfish B.V.,Ambachtsweg 8,Katwijk Zh,2222,"South Holland,Netherlands",Netherlands,EU-EFTA,FFP,PP FFPP,,,PP - Processing Plant | FFPP - Fresh Fishery Products Plant,,
6746,AMfish B.V.,Scheepmakerstraat 16,Katwijk Zh,2222,"South Holland,Netherlands",Netherlands,EU-EFTA,FFP,PP FFPP,,,PP - Processing Plant | FFPP - Fresh Fishery Products Plant,,
20217,ANNA Dutch B.V.,Hurksestraat 8,Eindhoven,5652,"North Brabant,Netherlands",Netherlands,EU-EFTA,FFP,PP FFPP,,,PP - Processing Plant | FFPP - Fresh Fishery Products Plant,,
WL-25,ANTJE,Keatsbuorren 14,Nes,9143,"Friesland,Netherlands",Netherlands,EU-EFTA,FFP,FV,,,FV - Factory Vessel,,
209996,ATL Seafood IJmuiden B.V.,Loggerstraat 55,IJmuiden,1976,"North Holland,Netherlands",Netherlands,EU-EFTA,FFP,FFPP PP,,,FFPP - Fresh Fishery Products Plant | PP - Processing Plant,,
20547,Actifood B.V.,Buurstede 1,Oosterwolde,8431,"Friesland,Netherlands",Netherlands,EU-EFTA,FFP,PP,,,PP - Processing Plant,,
266,Ad van Geloven B.V.,Kraaivenstraat 1,Tilburg,5048,"North Brabant,Netherlands",Netherlands,EU-EFTA,FFP,PP,,,PP - Processing Plant,,
6144,Adri en Zoon Schaal- en Schelpdierenhandel B.V.,Krab 17,Yerseke,4401,"Zeeland,Netherlands",Netherlands,EU-EFTA,FFP,PP FFPP,,,PP - Processing Plant | FFPP - Fresh Fishery Products Plant,,
220948,Affish Fresh B.V.,Ensgat 1,Urk,8321,"Flevoland,Netherlands",Netherlands,EU-EFTA,FFP,FFPP,,,FFPP - Fresh Fishery Products Plant,,
213952,Alicante Vis,Van Slingelandtstraat 13 B,Amsterdam,1051,"North Holland,Netherlands",Netherlands,EU-EFTA,FFP,FFPP,,,FFPP - Fresh Fishery Products Plant,,
219939,Amazing Daily Cuisine B.V.,Laan van Haamstede 30,'S-Gravenhage,2497,"South Holland,Netherlands",Netherlands,EU-EFTA,FFP,PP,,,PP - Processing Plant,,
6867,Amelander Meervalkwekerij Gebr. Metz,Koeveldsweg 2,Buren,9164,"Friesland,Netherlands",Netherlands,EU-EFTA,FFP,PP FFPP,,,PP - Processing Plant | FFPP - Fresh Fishery Products Plant,,
528,Americold Barneveld Warehousing B.V.,Nijverheidsweg 64,Barneveld,3771,"Gelderland,Netherlands",Netherlands,EU-EFTA,FFP,FFPP,,,FFPP - Fresh Fishery Products Plant,,
6891,Americold Urk B.V.,Abbert 10,Urk,8321,"Flevoland,Netherlands",Netherlands,EU-EFTA,FFP,FFPP,,,FFPP - Fresh Fishery Products Plant,,
6799,Americold Urk B.V.,Texelstroom 7,Urk,8321,"Flevoland,Netherlands",Netherlands,EU-EFTA,FFP,FFPP,,,FFPP - Fresh Fishery Products Plant,,
6153,Aquafood B.V.,Boekelsebaan 2,Landhorst,5445,"North Brabant,Netherlands",Netherlands,EU-EFTA,FFP,FFPP PP,,,FFPP - Fresh Fishery Products Plant | PP - Processing Plant,,
228573,As FM B.V.,De Kuul 2,Volendam,1131,"North Holland,Netherlands",Netherlands,EU-EFTA,FFP,FFPP,,,FFPP - Fresh Fishery Products Plant,,
6216,Azur B.V.,Marsdiep 10,Urk,8321,"Flevoland,Netherlands",Netherlands,EU-EFTA,FFP,FFPP,,,FFPP - Fresh Fishery Products Plant,,
217596,B&B Seafood B.V.,Ambachtsweg 10,Tholen,4691,"Zeeland,Netherlands",Netherlands,EU-EFTA,FFP,FFPP PP,,,FFPP - Fresh Fishery Products Plant | PP - Processing Plant,,
214187,B-Lokall B.V.,Halkade 50,IJmuiden,1976,"North Holland,Netherlands",Netherlands,EU-EFTA,FFP,PP,,,PP - Processing Plant,,
210264,B.V Levensmiddelengroothandel 'De Kweker',Centrale Groothandelsmarkt 183,Amsterdam,1051,"North Holland,Netherlands",Netherlands,EU-EFTA,FFP,FFPP,,,FFPP - Fresh Fishery Products Plant,,
6033,Baarssen Fish Processing B.V.,Inschot 4,Urk,8321,"Flevoland,Netherlands",Netherlands,EU-EFTA,FFP,PP FFPP,,,PP - Processing Plant | FFPP - Fresh Fishery Products Plant,,
231210,Bali Food B.V.,Linge 1,'S-Gravenhage,2491,"South Holland,Netherlands",Netherlands,EU-EFTA,FFP,PP FFPP,,,PP - Processing Plant | FFPP - Fresh Fishery Products Plant,,
229465,Bamboo Onigiri Production EU B.V.,Pernissestraat 13 B,Schiedam,3114,"South Holland,Netherlands",Netherlands,EU-EFTA,FFP,PP,,,PP - Processing Plant,,
6277,Barsa Vis B.V.,Stortemelk 6,Urk,8321,"Flevoland,Netherlands",Netherlands,EU-EFTA,FFP,FFPP,,,FFPP - Fresh Fishery Products Plant,,
6624,Bawykov Zalm Nederland B.V.,Veenderveld 46,Roelofarendsveen,2371,"South Holland,Netherlands",Netherlands,EU-EFTA,FFP,PP,,,PP - Processing Plant,,
219884,Bellamy's B.V.,Industriestraat 70,IJmuiden,1976,"North Holland,Netherlands",Netherlands,EU-EFTA,FFP,PP,,,PP - Processing Plant,,
6006,Bertus-Dekker Seafood B.V.,Kotterkade 14,IJmuiden,1976,"North Holland,Netherlands",Netherlands,EU-EFTA,FFP,PP FFPP,,,PP - Processing Plant | FFPP - Fresh Fishery Products Plant,,
6712,Best Fish Almere Holland B.V.,Purmerweg 9,Almere,1311,"Flevoland,Netherlands",Netherlands,EU-EFTA,FFP,PP FFPP,,,PP - Processing Plant | FFPP - Fresh Fishery Products Plant,,
3666,Bioriginal Europe/Asia MD B.V.,Bosland 40,Den Bommel,3258,"South Holland,Netherlands",Netherlands,EU-EFTA,FFP,FFPP,,,FFPP - Fresh Fishery Products Plant,,
515,Blokland Cold Stores Cuijk B.V.,Simon Homburgstraat 14,Cuijk,5431,"North Brabant,Netherlands",Netherlands,EU-EFTA,FFP,FFPP,,,FFPP - Fresh Fishery Products Plant,,
214619,Blom Food B.V.,Ovenberg 11,Milsbeek,6596,"Limburg,Netherlands",Netherlands,EU-EFTA,FFP,PP,,,PP - Processing Plant,,
214604,Bodec B.V.,Scheepsboulevard 3,Helmond,5705,"North Brabant,Netherlands",Netherlands,EU-EFTA,FFP,PP,,,PP - Processing Plant,,
217059,Bogert Vis Yerseke B.V.,Alikruik 2 D,Yerseke,4401,"Zeeland,Netherlands",Netherlands,EU-EFTA,FFP,FFPP,,,FFPP - Fresh Fishery Products Plant,,
6100,Bond Seafood B.V.,Takkebijsters 25,Breda,4817,"North Brabant,Netherlands",Netherlands,EU-EFTA,FFP,PP FFPP,,,PP - Processing Plant | FFPP - Fresh Fishery Products Plant,,
330,Bonfait B.V.,Faradayweg 2,Denekamp,7591,"Overijssel,Netherlands",Netherlands,EU-EFTA,FFP,PP FFPP,,,PP - Processing Plant | FFPP - Fresh Fishery Products Plant,,
220628,Boschypaling B.V.,Lijnbaanstraat 7,Katwijk Zh,2222,"South Holland,Netherlands",Netherlands,EU-EFTA,FFP,PP,,,PP - Processing Plant,,
230408,Bouter Cheese B.V.,Hoge Akkers 4,Ruinerwold,7961,"Drenthe,Netherlands",Netherlands,EU-EFTA,FFP,PP FFPP,,,PP - Processing Plant | FFPP - Fresh Fishery Products Plant,,
219731,Bouter Group,Lupinestraat 11,Volendam,1131,"North Holland,Netherlands",Netherlands,EU-EFTA,FFP,PP,,,PP - Processing Plant,,
226285,Brinkman palingverwerking,Meerweg 1 a,Rohel,8507,"Friesland,Netherlands",Netherlands,EU-EFTA,FFP,FFPP,,,FFPP - Fresh Fishery Products Plant,,
6604,C.V. Fuikie Palinghandel Volendam,De Kuul 3,Volendam,1131,"North Holland,Netherlands",Netherlands,EU-EFTA,FFP,FFPP PP,,,FFPP - Fresh Fishery Products Plant | PP - Processing Plant,,
208797,"Cafe-Restaurant ""De Heerenkeet""",Boogerdweg 1,Kerkwerve,4321,"Zeeland,Netherlands",Netherlands,EU-EFTA,FFP,FFPP,,,FFPP - Fresh Fishery Products Plant,,
7497,Chane Terminal Amsterdam B.V.,Octaanweg 8,Amsterdam,1041,"North Holland,Netherlands",Netherlands,EU-EFTA,FFP,PP,,,PP - Processing Plant,,
40303,Chane Terminal Zaandam B.V.,Sluispolderweg 48,Zaandam,1505,"North Holland,Netherlands",Netherlands,EU-EFTA,FFP,PP,,,PP - Processing Plant,,
647,Chen International B.V.,Ambachtsring 25 A,Heemskerk,1969,"North Holland,Netherlands",Netherlands,EU-EFTA,FFP,FFPP,,,FFPP - Fresh Fishery Products Plant,,
6237,Claresse Visverwerking B.V.,Brouwerskampweg 19,Son en Breugel,5691,"North Brabant,Netherlands",Netherlands,EU-EFTA,FFP,FFPP,,,FFPP - Fresh Fishery Products Plant,,
6208,Cornelis Vrolijk Seafood B.V.,Makreelkade 5,IJmuiden,1976,"North Holland,Netherlands",Netherlands,EU-EFTA,FFP,PP FFPP,,,PP - Processing Plant | FFPP - Fresh Fishery Products Plant,,
6896,Cornelis Vrolijk's Visserij Maatschappij B.V.,Makreelkade 9,IJmuiden,1976,"North Holland,Netherlands",Netherlands,EU-EFTA,FFP,FFPP,,,FFPP - Fresh Fishery Products Plant,,
6666,Coöperatieve Visafslag Den Oever U.A.,Havenkade 1,Den Oever,1779,"North Holland,Netherlands",Netherlands,EU-EFTA,FFP,AH,,,AH - Auction Hall,,
6665,Coöperatieve vereniging Blue Port Centre U.A.,Het Nieuwe Diep 27 B,Den Helder,1781,"North Holland,Netherlands",Netherlands,EU-EFTA,FFP,AH,,,AH - Auction Hall,,
228717,CrawFish Farm Holland B.V.,Kortenoord 63,Nieuwerkerk Ad Ijssel,2911,,Netherlands,EU-EFTA,FFP,PP,,,PP - Processing Plant,,
206948,Crusta B.V.,Het Scheer 8,Urk,8321,"Flevoland,Netherlands",Netherlands,EU-EFTA,FFP,FFPP,,,FFPP - Fresh Fishery Products Plant,,
228266,Crustalicious Processing B.V.,Visserijweg 1,Colijnsplaat,4486,"Zeeland,Netherlands",Netherlands,EU-EFTA,FFP,PP,,,PP - Processing Plant,,
209594,Culicare Catering B.V.,Distributieweg 14,Emmeloord,8304,"Flevoland,Netherlands",Netherlands,EU-EFTA,FFP,PP,,,PP - Processing Plant,,
215812,Culivers,Meerenakkerweg 14,Eindhoven,5652,"North Brabant,Netherlands",Netherlands,EU-EFTA,FFP,PP,,,PP - Processing Plant,,
6593,D. Koelewijn's Haringinleggerij B.V.,Ansjovisweg 24,Bunschoten Spakenburg,3751,"Utrecht,Netherlands",Netherlands,EU-EFTA,FFP,PP FFPP,,,PP - Processing Plant | FFPP - Fresh Fishery Products Plant,,
217994,D. Koelewijn's Haringinleggerij B.V.,Palingweg 3,Bunschoten Spakenburg,3751,"Utrecht,Netherlands",Netherlands,EU-EFTA,FFP,PP,,,PP - Processing Plant,,
209283,DUTCH CANADIAN FOOD LINE B.V.,Zweedsestraat 3 B,Zutphen,7202,"Gelderland,Netherlands",Netherlands,EU-EFTA,FFP,FFPP,,,FFPP - Fresh Fishery Products Plant,,
477,Daalimpex Velsen B.V.,Velserkade 3,Velsen-Noord,1951,"North Holland,Netherlands",Netherlands,EU-EFTA,FFP,FFPP,,,FFPP - Fresh Fishery Products Plant,,
225728,Dadas Food Group,Nobelstraat 44 A,Harderwijk,3846,"Gelderland,Netherlands",Netherlands,EU-EFTA,FFP,FFPP,,,FFPP - Fresh Fishery Products Plant,,
454,Daily Fresh Food,Vouersweg 111,Geleen,6161,"Limburg,Netherlands",Netherlands,EU-EFTA,FFP,PP FFPP,,,PP - Processing Plant | FFPP - Fresh Fishery Products Plant,,
923,Daily Fresh Food B.V.,Marconistraat 1,Landgraaf,6372,"Limburg,Netherlands",Netherlands,EU-EFTA,FFP,PP FFPP,,,PP - Processing Plant | FFPP - Fresh Fishery Products Plant,,
226961,Daily Seafood B.V.,De Riepel 8 C,Urk,8321,"Flevoland,Netherlands",Netherlands,EU-EFTA,FFP,FFPP,,,FFPP - Fresh Fishery Products Plant,,
6257,Dayseaday Fresh B.V.,Schulpengat 9,Urk,8321,"Flevoland,Netherlands",Netherlands,EU-EFTA,FFP,FFPP,,,FFPP - Fresh Fishery Products Plant,,
223661,Dayseaday Productie B.V.,Vliestroom 7,Urk,8321,"Flevoland,Netherlands",Netherlands,EU-EFTA,FFP,FFPP,,,FFPP - Fresh Fishery Products Plant,,
211723,De Ambachterie B.V.,Dokweg 97,Breskens,4511,"Zeeland,Netherlands",Netherlands,EU-EFTA,FFP,PP,,,PP - Processing Plant,,
219359,De Graaf Seafood B.V.,Vlaardingenstraat 18,IJmuiden,1976,"North Holland,Netherlands",Netherlands,EU-EFTA,FFP,FFPP,,,FFPP - Fresh Fishery Products Plant,,
3816,De Keuken & Co,Halkade 66,IJmuiden,1976,"North Holland,Netherlands",Netherlands,EU-EFTA,FFP,PP FFPP,,,PP - Processing Plant | FFPP - Fresh Fishery Products Plant,,
6973,De Meulemeester B.V.,Korringaweg 63,Yerseke,4401,"Zeeland,Netherlands",Netherlands,EU-EFTA,FFP,PP,,,PP - Processing Plant,,
215394,De Steurhoeve,Holterweg 61,Laren Gld,7245,"Gelderland,Netherlands",Netherlands,EU-EFTA,FFP,FFPP PP,,,FFPP - Fresh Fishery Products Plant | PP - Processing Plant,,
214339,De Verspillingsfabriek B.V.,Huygensweg 10,Veghel,5466,"North Brabant,Netherlands",Netherlands,EU-EFTA,FFP,PP,,,PP - Processing Plant,,
6508,De Zeeuwse Mossel,Nieuwlandje 7,Bruinisse,4311,"Zeeland,Netherlands",Netherlands,EU-EFTA,FFP,PP FFPP,,,PP - Processing Plant | FFPP - Fresh Fishery Products Plant,,
6101,De Zeeuwse Visgroothandel,Ambachtsweg 6,Tholen,4691,"Zeeland,Netherlands",Netherlands,EU-EFTA,FFP,FFPP,,,FFPP - Fresh Fishery Products Plant,,
227633,De oesterwinkel,Havenkade 28,Bruinisse,4311,"Zeeland,Netherlands",Netherlands,EU-EFTA,FFP,FFPP,,,FFPP - Fresh Fishery Products Plant,,
208816,Deli 4 You,Tiberghienweg 55,Clinge,4567,"Zeeland,Netherlands",Netherlands,EU-EFTA,FFP,FFPP,,,FFPP - Fresh Fishery Products Plant,,
6791,Delicio Benelux B.V.,Kleverskerkseweg 14,Middelburg,4338,"Zeeland,Netherlands",Netherlands,EU-EFTA,FFP,PP,,,PP - Processing Plant,,
195,Delico Netherlands,Burgemeester Schalijlaan 64,Capelle aan den IJssel,2908,"South Holland,Netherlands",Netherlands,EU-EFTA,FFP,FFPP PP,,,FFPP - Fresh Fishery Products Plant | PP - Processing Plant,,
6038,Diepvries Urk B.V.,Zuidoostrak 18,Urk,8321,"Flevoland,Netherlands",Netherlands,EU-EFTA,FFP,FFPP,,,FFPP - Fresh Fishery Products Plant,,
6205,Dilvis,Kerklaan 40,Akersloot,1921,"North Holland,Netherlands",Netherlands,EU-EFTA,FFP,PP FFPP,,,PP - Processing Plant | FFPP - Fresh Fishery Products Plant,,
3319,Driessen Food,Persephonéstraat 7,Tilburg,5047,"North Brabant,Netherlands",Netherlands,EU-EFTA,FFP,PP FFPP,,,PP - Processing Plant | FFPP - Fresh Fishery Products Plant,,
5731,Driessen Food,Tennesseedreef 24,Utrecht,3565,"Utrecht,Netherlands",Netherlands,EU-EFTA,FFP,PP FFPP,,,PP - Processing Plant | FFPP - Fresh Fishery Products Plant,,
225309,Duipia B.V.,Gyroscoopweg 10,Amsterdam,1042,"North Holland,Netherlands",Netherlands,EU-EFTA,FFP,FFPP,,,FFPP - Fresh Fishery Products Plant,,
6022,Dulk Haasnoot Seafood B.V.,Vissershavenweg 27,'S-Gravenhage,2583,"South Holland,Netherlands",Netherlands,EU-EFTA,FFP,PP FFPP,,,PP - Processing Plant | FFPP - Fresh Fishery Products Plant,,
225029,Dutch Dumplin B.V.,Savoor 2 A,Reusel,5541,"North Brabant,Netherlands",Netherlands,EU-EFTA,FFP,FFPP,,,FFPP - Fresh Fishery Products Plant,,
6897,Dutch Seafoods,Vissershavenstraat 43,IJmuiden,1976,"North Holland,Netherlands",Netherlands,EU-EFTA,FFP,FFPP,,,FFPP - Fresh Fishery Products Plant,,
229357,Dynamic Processing B.V.,Schulpengat 7,Urk,8321,"Flevoland,Netherlands",Netherlands,EU-EFTA,FFP,FFPP,,,FFPP - Fresh Fishery Products Plant,,
209016,Eetgemak Special Foods,Blekerstraat 4 A,Katwijk Zh,2222,"South Holland,Netherlands",Netherlands,EU-EFTA,FFP,PP,,,PP - Processing Plant,,
224848,Eierdoos B.V.,Gyroscoopweg 10,Amsterdam,1042,"North Holland,Netherlands",Netherlands,EU-EFTA,FFP,PP,,,PP - Processing Plant,,
228547,El Pescado Seafood Trade B.V.,Laagraven 39,Nieuwegein,3439,"Utrecht,Netherlands",Netherlands,EU-EFTA,FFP,FFPP,,,FFPP - Fresh Fishery Products Plant,,
6143,Elka Vis Haring & Visgroothandel,Middenhavenstraat 23,IJmuiden,1976,"North Holland,Netherlands",Netherlands,EU-EFTA,FFP,PP FFPP,,,PP - Processing Plant | FFPP - Fresh Fishery Products Plant,,
6212,Elro Vis B.V.,Deltahoek 114 A,Breskens,4511,"Zeeland,Netherlands",Netherlands,EU-EFTA,FFP,FFPP PP,,,FFPP - Fresh Fishery Products Plant | PP - Processing Plant,,
6076,Esser Haringgroothandel en Rokerij B.V.,Schokkerweg 58,'S-Gravenhage,2583,"South Holland,Netherlands",Netherlands,EU-EFTA,FFP,PP FFPP,,,PP - Processing Plant | FFPP - Fresh Fishery Products Plant,,
6285,Eurozalm B.V.,Burgemeester J. Schipper Kade 12,Urk,8321,"Flevoland,Netherlands",Netherlands,EU-EFTA,FFP,PP FFPP,,,PP - Processing Plant | FFPP - Fresh Fishery Products Plant,,
6766,Fa. Dirk Tel,Zandvoortstraat 43,IJmuiden,1976,"North Holland,Netherlands",Netherlands,EU-EFTA,FFP,FFPP,,,FFPP - Fresh Fishery Products Plant,,
6125,Fa. W. van Wijk B.V.,Ammerse Kade 16,Groot-Ammers,2964,"South Holland,Netherlands",Netherlands,EU-EFTA,FFP,PP FFPP,,,PP - Processing Plant | FFPP - Fresh Fishery Products Plant,,
6080,Fieret's Vishandel Oostburg B.V.,Industrieweg 13,Oostburg,4501,"Zeeland,Netherlands",Netherlands,EU-EFTA,FFP,PP FFPP,,,PP - Processing Plant | FFPP - Fresh Fishery Products Plant,,
6761,Firma Gebr. De Boer,Havenstraat 12,Monnickendam,1141,"North Holland,Netherlands",Netherlands,EU-EFTA,FFP,PP,,,PP - Processing Plant,,
6879,Firma Knol's Palingrokerij,Kerkstraat 72 a,Groningen,9745,"Groningen,Netherlands",Netherlands,EU-EFTA,FFP,FFPP,,,FFPP - Fresh Fishery Products Plant,,
6168,FishPartners B.V.,Haringweg 39,Bunschoten Spakenburg,3751,"Utrecht,Netherlands",Netherlands,EU-EFTA,FFP,PP FFPP,,,PP - Processing Plant | FFPP - Fresh Fishery Products Plant,,
6650,FishPartners B.V.,Ir. Schiffstraat 276,Enschede,7547,"Overijssel,Netherlands",Netherlands,EU-EFTA,FFP,PP FFPP,,,PP - Processing Plant | FFPP - Fresh Fishery Products Plant,,
6780,Fiskko B.V.,Willem Loreweg 3 C,Kollum,9291,"Friesland,Netherlands",Netherlands,EU-EFTA,FFP,PP FFPP,,,PP - Processing Plant | FFPP - Fresh Fishery Products Plant,,
6068,Fix-Fisch B.V.,Trappenberglaan 36,Rijnsburg,2231,"South Holland,Netherlands",Netherlands,EU-EFTA,FFP,FFPP,,,FFPP - Fresh Fishery Products Plant,,
223067,Food Connect Maaltijdservice B.V.,Plesmanweg 28,Almelo,7602,"Overijssel,Netherlands",Netherlands,EU-EFTA,FFP,PP,,,PP - Processing Plant,,
218108,Food Designer B.V.,Stapels 2,Amsterdam,1043,"North Holland,Netherlands",Netherlands,EU-EFTA,FFP,PP,,,PP - Processing Plant,,
222862,Foodt B.V.,Woeziksestraat 622 Hal 1,Wijchen,6604,"Gelderland,Netherlands",Netherlands,EU-EFTA,FFP,FFPP,,,FFPP - Fresh Fishery Products Plant,,
6115,Foppen Seafood,Daltonstraat 24,Harderwijk,3846,"Gelderland,Netherlands",Netherlands,EU-EFTA,FFP,PP FFPP,,,PP - Processing Plant | FFPP - Fresh Fishery Products Plant,,
6565,Forellenkwekerij 't Smallert,Smallertsweg 8,Emst,8166,"Gelderland,Netherlands",Netherlands,EU-EFTA,FFP,FFPP,,,FFPP - Fresh Fishery Products Plant,,
217426,Four Seasons Food B.V.,Mandenmaker 26,Nieuwkuijk,5253,"North Brabant,Netherlands",Netherlands,EU-EFTA,FFP,PP,,,PP - Processing Plant,,
3247,Frank's Smoke House B.V.,Wittenburgergracht 303,Amsterdam,1018,"North Holland,Netherlands",Netherlands,EU-EFTA,FFP,PP,,,PP - Processing Plant,,
6875,Freek Schilder Vissnacks B.V.,Morseweg 49,Volendam,1131,"North Holland,Netherlands",Netherlands,EU-EFTA,FFP,PP FFPP,,,PP - Processing Plant | FFPP - Fresh Fishery Products Plant,,
6779,Freshwater Fish Trading B.V.,Vosseleane 42 A,Woudsend,8551,"Friesland,Netherlands",Netherlands,EU-EFTA,FFP,PP FFPP,,,PP - Processing Plant | FFPP - Fresh Fishery Products Plant,,
231045,Frost Freeze Dry B.V.,Grijpensteinweg 15,Haarlem,2014,"North Holland,Netherlands",Netherlands,EU-EFTA,FFP,PP,,,PP - Processing Plant,,
214180,Garnalenpelcentrum Kant B.V.,Haven 28 a,Lauwersoog,9976,"Groningen,Netherlands",Netherlands,EU-EFTA,FFP,FFPP,,,FFPP - Fresh Fishery Products Plant,,
35600,Gate Gourmet Amsterdam B.V.,Cateringweg 3,Schiphol,1118,"North Holland,Netherlands",Netherlands,EU-EFTA,FFP,PP,,,PP - Processing Plant,,
35627,Gate Gourmet Schiphol West B.V.,Schipholweg 875,Boesingheliede,2143,"North Holland,Netherlands",Netherlands,EU-EFTA,FFP,PP,,,PP - Processing Plant,,
6675,Gebroeders Kooy B.V.,Energieweg 12,Huizen,1271,"North Holland,Netherlands",Netherlands,EU-EFTA,FFP,FFPP,,,FFPP - Fresh Fishery Products Plant,,
6535,Gemeentelijke IJsselmeervisafslag,Burg J Schipperkade 4,Urk,8321,"Flevoland,Netherlands",Netherlands,EU-EFTA,FFP,AH,,,AH - Auction Hall,,
6081,Groothandel in Garnalen en Vis De Smet B.V.,Deltahoek 124,Breskens,4511,"Zeeland,Netherlands",Netherlands,EU-EFTA,FFP,FFPP,,,FFPP - Fresh Fishery Products Plant,,
HA-13,HA-13,,Harlingen,8861,"Friesland,Netherlands",Netherlands,EU-EFTA,FFP,FV,,,FV - Factory Vessel,,
HA-31,HA-31,,Harlingen,8861,"Friesland,Netherlands",Netherlands,EU-EFTA,FFP,FV,,,FV - Factory Vessel,,
HA-4,HA-4,,Harlingen,8862,"Friesland,Netherlands",Netherlands,EU-EFTA,FFP,FV,,,FV - Factory Vessel,,
HA-41,HA-41,,Harlingen,8862,"Friesland,Netherlands",Netherlands,EU-EFTA,FFP,FV,,,FV - Factory Vessel,,
HA-43,HA-43,,Harlingen,8861,"Friesland,Netherlands",Netherlands,EU-EFTA,FFP,FV,,,FV - Factory Vessel,,
212965,HANOS Den Haag - Delft B.V.,Kleveringweg 57,Delft,2616,"South Holland,Netherlands",Netherlands,EU-EFTA,FFP,FFPP,,,FFPP - Fresh Fishery Products Plant,,
210185,HANOS Groningen B.V.,Bornholmstraat 56,Groningen,9723,"Groningen,Netherlands",Netherlands,EU-EFTA,FFP,FFPP,,,FFPP - Fresh Fishery Products Plant,,
210183,HANOS Heerlen B.V.,Heerlerweg 158,Hoensbroek,6433,"Limburg,Netherlands",Netherlands,EU-EFTA,FFP,FFPP,,,FFPP - Fresh Fishery Products Plant,,
219502,HANOS Hengelo B.V.,John Maynard Keynesstraat 10,Hengelo,7559,"Overijssel,Netherlands",Netherlands,EU-EFTA,FFP,FFPP,,,FFPP - Fresh Fishery Products Plant,,
224714,HANOS Maastricht B.V.,Molensingel 99,Maastricht,6229,"Limburg,Netherlands",Netherlands,EU-EFTA,FFP,FFPP,,,FFPP - Fresh Fishery Products Plant,,
210178,HANOS-ISPC Breda B.V.,Kalshoven 25,Breda,4825,"North Brabant,Netherlands",Netherlands,EU-EFTA,FFP,FFPP,,,FFPP - Fresh Fishery Products Plant,,
210177,HANOS-ISPC Utrecht B.V.,Ravenswade 94,Nieuwegein,3439,"Utrecht,Netherlands",Netherlands,EU-EFTA,FFP,FFPP,,,FFPP - Fresh Fishery Products Plant,,
HD-42,HD-42,,Den Helder,1782,"North Holland,Netherlands",Netherlands,EU-EFTA,FFP,FV,,,FV - Factory Vessel,,
HD-5,HD-5,,Den Helder,1782,"North Holland,Netherlands",Netherlands,EU-EFTA,FFP,FV,,,FV - Factory Vessel,,
230477,HELLOFISH B.V.,Rondweg 14,IJmuiden,1976,"North Holland,Netherlands",Netherlands,EU-EFTA,FFP,FFPP,,,FFPP - Fresh Fishery Products Plant,,
6228,Haasnoot Pelagic Import B.V.,Strandweg 16,IJmuiden,1976,"North Holland,Netherlands",Netherlands,EU-EFTA,FFP,PP,,,PP - Processing Plant,,
210190,Hanos Amsterdam,Spaklerweg 51,Duivendrecht,1114,"North Holland,Netherlands",Netherlands,EU-EFTA,FFP,FFPP,,,FFPP - Fresh Fishery Products Plant,,
5100,Hanos Apeldoorn B.V.,Stadhoudersmolenweg 41,Apeldoorn,7317,"Gelderland,Netherlands",Netherlands,EU-EFTA,FFP,FFPP,,,FFPP - Fresh Fishery Products Plant,,
210187,Hanos Eindhoven B.V.,Hurksestraat 19 A,Eindhoven,5652,"North Brabant,Netherlands",Netherlands,EU-EFTA,FFP,FFPP,,,FFPP - Fresh Fishery Products Plant,,
210184,Hanos Heerenveen B.V.,Houtdraaier 2,Heerenveen,8447,"Friesland,Netherlands",Netherlands,EU-EFTA,FFP,FFPP,,,FFPP - Fresh Fishery Products Plant,,
6880,Hanos Nijmegen B.V.,Energieweg 84,Nijmegen,6541,"Gelderland,Netherlands",Netherlands,EU-EFTA,FFP,PP FFPP,,,PP - Processing Plant | FFPP - Fresh Fishery Products Plant,,
210181,Hanos Venlo B.V.,Winkelveldstraat 17,Venlo,5916,"Limburg,Netherlands",Netherlands,EU-EFTA,FFP,FFPP,,,FFPP - Fresh Fishery Products Plant,,
210179,Hanos Zwolle B.V.,Schokkerweg 9,Zwolle,8042,"Overijssel,Netherlands",Netherlands,EU-EFTA,FFP,FFPP,,,FFPP - Fresh Fishery Products Plant,,
214449,Harengusfoods B.V.,Zuidwenk 23,Bunschoten Spakenburg,3751,"Utrecht,Netherlands",Netherlands,EU-EFTA,FFP,PP,,,PP - Processing Plant,,
6787,Haring & Zeevis (Groot)handel Atlantic,Zeesluisweg 45,'S-Gravenhage,2583,"South Holland,Netherlands",Netherlands,EU-EFTA,FFP,FFPP,,,FFPP - Fresh Fishery Products Plant,,
228286,Haringfileerderij K&M B.V.,Zuidwenk 21,Bunschoten Spakenburg,3751,"Utrecht,Netherlands",Netherlands,EU-EFTA,FFP,FFPP,,,FFPP - Fresh Fishery Products Plant,,
218276,Haringhandel A. Hoek B.V.,Lageweg 12,Katwijk Zh,2222,"South Holland,Netherlands",Netherlands,EU-EFTA,FFP,PP,,,PP - Processing Plant,,
6209,Haringhandel A. Hoek B.V.,Lageweg 15,Katwijk Zh,2222,"South Holland,Netherlands",Netherlands,EU-EFTA,FFP,PP FFPP,,,PP - Processing Plant | FFPP - Fresh Fishery Products Plant,,
6764,Haringinleggerij Van Glabbeeck B.V.,Alde Caerteruwe 12,Maastricht,6218,"Limburg,Netherlands",Netherlands,EU-EFTA,FFP,PP,,,PP - Processing Plant,,
6221,Hartman Seafood,Schulpengat 14,Urk,8321,"Flevoland,Netherlands",Netherlands,EU-EFTA,FFP,FFPP,,,FFPP - Fresh Fishery Products Plant,,
3706,Heemskerk Surifood B.V.,Artemisweg 117,Lelystad,8239,"Flevoland,Netherlands",Netherlands,EU-EFTA,FFP,PP,,,PP - Processing Plant,,
6039,Heiploeg International B.V.,Panserweg 14,Zoutkamp,9974,"Groningen,Netherlands",Netherlands,EU-EFTA,FFP,PP FFPP,,,PP - Processing Plant | FFPP - Fresh Fishery Products Plant,,
794,Henri B.V.,Antonie v Leeuwenhoekweg 11,Drunen,5151,"North Brabant,Netherlands",Netherlands,EU-EFTA,FFP,PP,,,PP - Processing Plant,,
6236,Herman Smit & Zoon B.V.,Schulpplein 7,Rotterdam,3087,"South Holland,Netherlands",Netherlands,EU-EFTA,FFP,PP FFPP,,,PP - Processing Plant | FFPP - Fresh Fishery Products Plant,,
6595,Het Urker Zalmhuys,Industrierondweg 24,Urk,8321,"Flevoland,Netherlands",Netherlands,EU-EFTA,FFP,PP FFPP,,,PP - Processing Plant | FFPP - Fresh Fishery Products Plant,,
6648,Heyco B.V.,Voorland 11,Enkhuizen,1601,"North Holland,Netherlands",Netherlands,EU-EFTA,FFP,PP FFPP,,,PP - Processing Plant | FFPP - Fresh Fishery Products Plant,,
6201,Hokkai Suisan B.V.,Strandweg 2 F,IJmuiden,1976,"North Holland,Netherlands",Netherlands,EU-EFTA,FFP,PP FFPP,,,PP - Processing Plant | FFPP - Fresh Fishery Products Plant,,
219170,Holland Diamond Fish B.V.,Inschot 6,Urk,8321,"Flevoland,Netherlands",Netherlands,EU-EFTA,FFP,PP,,,PP - Processing Plant,,
6224,Holland Paling B.V.,Spaarndammerdijk 101,Spaarndam,2063,"North Holland,Netherlands",Netherlands,EU-EFTA,FFP,PP,,,PP - Processing Plant,,
210619,Hollandse Mossel Centrale,Meekrapweg 22,Axel,4571,"Zeeland,Netherlands",Netherlands,EU-EFTA,FFP,PP,,,PP - Processing Plant,,
6664,Hollandse Visveiling IJmuiden B.V.,Halkade 80,IJmuiden,1976,"North Holland,Netherlands",Netherlands,EU-EFTA,FFP,AH,,,AH - Auction Hall,,
6278,Hoogland Vis B.V.,Protonweg 8,HOORN NH,1627,"North Holland,Netherlands",Netherlands,EU-EFTA,FFP,PP FFPP,,,PP - Processing Plant | FFPP - Fresh Fishery Products Plant,,
219652,Humphrey's Next Kitchen,de Houtakker 14 A,Bemmel,6681,"Gelderland,Netherlands",Netherlands,EU-EFTA,FFP,PP,,,PP - Processing Plant,,
209497,Hutten Catering B.V.,Mountbattenweg 2,Veghel,5466,"North Brabant,Netherlands",Netherlands,EU-EFTA,FFP,PP FFPP,,,PP - Processing Plant | FFPP - Fresh Fishery Products Plant,,
IJM-8,IJM-8,,IJmuiden,1976,"North Holland,Netherlands",Netherlands,EU-EFTA,FFP,FV,,,FV - Factory Vessel,,
208040,IJmuiden Vis Online.nl,1e Industriedwarsstraat 21,IJmuiden,1976,"North Holland,Netherlands",Netherlands,EU-EFTA,FFP,FFPP,,,FFPP - Fresh Fishery Products Plant,,
211,IZICO Katwijk B.V.,Kalkbranderstraat 2,Katwijk Zh,2222,"South Holland,Netherlands",Netherlands,EU-EFTA,FFP,PP,,,PP - Processing Plant,,
6001,Interfish B.V.,Texelstraat 43,IJmuiden,1976,"North Holland,Netherlands",Netherlands,EU-EFTA,FFP,PP FFPP,,,PP - Processing Plant | FFPP - Fresh Fishery Products Plant,,
6598,J.G.M. Snoek (Patat) En Zoon,Morseweg 43,Volendam,1131,"North Holland,Netherlands",Netherlands,EU-EFTA,FFP,PP FFPP,,,PP - Processing Plant | FFPP - Fresh Fishery Products Plant,,
6678,J.P. Verwijs Import-Export B.V.,De Poort 81,Rilland,4411,"Zeeland,Netherlands",Netherlands,EU-EFTA,FFP,FFPP PP,,,FFPP - Fresh Fishery Products Plant | PP - Processing Plant,,
6242,Jaap Hoek en Zn. Haring- en Zeevisgroothandel,De Roysloot 9 C,Rijnsburg,2231,"South Holland,Netherlands",Netherlands,EU-EFTA,FFP,PP FFPP,,,PP - Processing Plant | FFPP - Fresh Fishery Products Plant,,
6077,Jaczon Visgroothandel B.V.,Vissershavenweg 35,'S-Gravenhage,2583,"South Holland,Netherlands",Netherlands,EU-EFTA,FFP,FFPP,,,FFPP - Fresh Fishery Products Plant,,
6713,Jan Veerman Vis B.V.,Handelsweg 13,Huizen,1271,"North Holland,Netherlands",Netherlands,EU-EFTA,FFP,FFPP,,,FFPP - Fresh Fishery Products Plant,,
6128,Jenovries B.V.,Loggerstraat 100,IJmuiden,1976,"North Holland,Netherlands",Netherlands,EU-EFTA,FFP,PP FFPP,,,PP - Processing Plant | FFPP - Fresh Fishery Products Plant,,
731,Jong Food B.V.,Europalaan 4,Rijen,5121,"North Brabant,Netherlands",Netherlands,EU-EFTA,FFP,PP,,,PP - Processing Plant,,
6877,Jongens van de Fant,Breehorn 2,Urk,8321,"Flevoland,Netherlands",Netherlands,EU-EFTA,FFP,FFPP,,,FFPP - Fresh Fishery Products Plant,,
KG-9,KG-9,,Colijnsplaat,4486,"Zeeland,Netherlands",Netherlands,EU-EFTA,FFP,FV,,,FV - Factory Vessel,,
6612,KRAMERS' Seafood Processing,Noordgat 1,Urk,8321,"Flevoland,Netherlands",Netherlands,EU-EFTA,FFP,PP FFPP,,,PP - Processing Plant | FFPP - Fresh Fishery Products Plant,,
KW-172,KW-172,Voorschoterweg 31,Valkenburg,2235,"South Holland,Netherlands; 8209171",Netherlands,EU-EFTA,FFP,ZV,,,ZV - Freezer Vessel,,
6037,Kegge Garnalenhandel B.V.,Zuidwalweg 8,Harlingen,8861,"Friesland,Netherlands",Netherlands,EU-EFTA,FFP,PP FFPP,,,PP - Processing Plant | FFPP - Fresh Fishery Products Plant,,
222490,Kick Food Services B.V.,Nijverheidsweg 11,Oisterwijk,5061,"North Brabant,Netherlands",Netherlands,EU-EFTA,FFP,PP,,,PP - Processing Plant,,
218714,Kilofresh B.V.,Pampus 3,Urk,8321,"Flevoland,Netherlands",Netherlands,EU-EFTA,FFP,FFPP,,,FFPP - Fresh Fishery Products Plant,,
231119,King Cuisine,Jules Verneweg 71,Tilburg,5015,"North Brabant,Netherlands",Netherlands,EU-EFTA,FFP,PP,,,PP - Processing Plant,,
3143,King Food Products B.V.,Bergweg-Noord 38 B,Bergschenhoek,2661,"South Holland,Netherlands",Netherlands,EU-EFTA,FFP,FFPP,,,FFPP - Fresh Fishery Products Plant,,
219388,Kingfish Zeeland B.V.,Oost-Zeedijk 13,Kats,4485,"Zeeland,Netherlands",Netherlands,EU-EFTA,FFP,FFPP,,,FFPP - Fresh Fishery Products Plant,,
6589,Klaas Puul B.V.,Hamerstraat 26,Edam,1135,"North Holland,Netherlands",Netherlands,EU-EFTA,FFP,PP FFPP,,,PP - Processing Plant | FFPP - Fresh Fishery Products Plant,,
6136,Klaas Puul B.V.,Hyacintenstraat 16,Volendam,1131,"North Holland,Netherlands",Netherlands,EU-EFTA,FFP,PP,,,PP - Processing Plant,,
207163,Kleinstesoepfabriek B.V.,Kapteynlaan 1,Leek,9351,"Groningen,Netherlands",Netherlands,EU-EFTA,FFP,PP,,,PP - Processing Plant,,
5147,Koas Foods B.V.,Christiaan Huygensstraat 11,Bleiswijk,2665,"South Holland,Netherlands",Netherlands,EU-EFTA,FFP,PP,,,PP - Processing Plant,,
6721,Koelewijn Jacob Van Jan,Palingweg 1,Bunschoten Spakenburg,3751,"Utrecht,Netherlands",Netherlands,EU-EFTA,FFP,PP FFPP,,,PP - Processing Plant | FFPP - Fresh Fishery Products Plant,,
6720,Koelewijn Oostmaat B.V.,Palingweg 5,Bunschoten Spakenburg,3751,"Utrecht,Netherlands",Netherlands,EU-EFTA,FFP,FFPP,,,FFPP - Fresh Fishery Products Plant,,
224372,Koks voor Koks B.V.,Amersfoortsestraat 15 G,Soesterberg,3769,"Utrecht,Netherlands",Netherlands,EU-EFTA,FFP,PP,,,PP - Processing Plant,,
228213,Kol Fish,Amsteldiep 1,Urk,8321,"Flevoland,Netherlands",Netherlands,EU-EFTA,FFP,FFPP,,,FFPP - Fresh Fishery Products Plant,,
6172,Koman's Vishandel B.V.,Den Bels 1,Moerdijk,4782,"North Brabant,Netherlands",Netherlands,EU-EFTA,FFP,PP FFPP,,,PP - Processing Plant | FFPP - Fresh Fishery Products Plant,,
221289,Koninklijke Vezet B.V.,Binnenzeestraat 8,Purmerend,1446,"North Holland,Netherlands",Netherlands,EU-EFTA,FFP,PP,,,PP - Processing Plant,,
6196,Korf Vis B.V.,Abbert 22,Urk,8321,"Flevoland,Netherlands",Netherlands,EU-EFTA,FFP,FFPP,,,FFPP - Fresh Fishery Products Plant,,
6008,Kramer Fish B.V.,Zuidoostrak 2,Urk,8321,"Flevoland,Netherlands",Netherlands,EU-EFTA,FFP,PP FFPP,,,PP - Processing Plant | FFPP - Fresh Fishery Products Plant,,
6041,Kramer Fish B.V.,Middelgronden 1,Urk,8321,"Flevoland,Netherlands",Netherlands,EU-EFTA,FFP,PP FFPP,,,PP - Processing Plant | FFPP - Fresh Fishery Products Plant,,
6631,Kramer Fish B.V.,Zuidoostrak 6,Urk,8321,"Flevoland,Netherlands",Netherlands,EU-EFTA,FFP,PP FFPP,,,PP - Processing Plant | FFPP - Fresh Fishery Products Plant,,
208987,Kreko B.V.,Distriboulevard 5,Zevenbergen,4761,"North Brabant,Netherlands",Netherlands,EU-EFTA,FFP,FFPP,,,FFPP - Fresh Fishery Products Plant,,
222409,Krijn Verwijs Yerseke B.V.,Weihoek 10 A,Kruiningen,4416,"Zeeland,Netherlands",Netherlands,EU-EFTA,FFP,PP,,,PP - Processing Plant,,
206876,Kwaliteitsvishandel J. Vermeulen,Dreef 45,Breda,4813,"North Brabant,Netherlands",Netherlands,EU-EFTA,FFP,PP FFPP,,,PP - Processing Plant | FFPP - Fresh Fishery Products Plant,,
215824,L.A. van der Zwan Zeevishandel B.V.,Hermesweg 7,Vlissingen,4382,"Zeeland,Netherlands",Netherlands,EU-EFTA,FFP,FFPP,,,FFPP - Fresh Fishery Products Plant,,
LO-13,LO-13 STORMVOGEL,,Paesens,9136,"Friesland,Netherlands",Netherlands,EU-EFTA,FFP,FV,,,FV - Factory Vessel,,
LO-14,LO-14,,Paesens,9136,"Friesland,Netherlands",Netherlands,EU-EFTA,FFP,FV,,,FV - Factory Vessel,,
LO-17,LO-17,,Moddergat,9142,"Friesland,Netherlands",Netherlands,EU-EFTA,FFP,FV,,,FV - Factory Vessel,,
LO-20,LO-20,,Moddergat,9142,"Friesland,Netherlands",Netherlands,EU-EFTA,FFP,FV,,,FV - Factory Vessel,,
LO-4,LO-4,,Lauwersoog,9976,"Groningen,Netherlands",Netherlands,EU-EFTA,FFP,FV,,,FV - Factory Vessel,,
LO-5,LO-5,,Engwierum,9132,"Friesland,Netherlands",Netherlands,EU-EFTA,FFP,FV,,,FV - Factory Vessel,,
LO-7,LO-7,,Dokkum,9101,"Friesland,Netherlands",Netherlands,EU-EFTA,FFP,FV,,,FV - Factory Vessel,,
LO-8,LO-8,,Paesens,9136,"Friesland,Netherlands",Netherlands,EU-EFTA,FFP,FV,,,FV - Factory Vessel,,
3250,Langerhuize B.V.,Bouwerij 73,Amstelveen,1185,"North Holland,Netherlands",Netherlands,EU-EFTA,FFP,PP,,,PP - Processing Plant,,
224346,Leen's Trading,Westwal 14,Urk,8321,"Flevoland,Netherlands",Netherlands,EU-EFTA,FFP,PP,,,PP - Processing Plant,,
6007,Lenger Seafoods Yerseke B.V.,Industrieweg 35,Yerseke,4401,"Zeeland,Netherlands",Netherlands,EU-EFTA,FFP,PP,,,PP - Processing Plant,,
6247,Lerøy Seafood Netherlands B.V.,Scheurrak 1,Urk,8321,"Flevoland,Netherlands",Netherlands,EU-EFTA,FFP,PP FFPP,,,PP - Processing Plant | FFPP - Fresh Fishery Products Plant,,
217673,Lerøy Seafood Netherlands B.V.,Het Scheer 4,Urk,8321,"Flevoland,Netherlands",Netherlands,EU-EFTA,FFP,PP FFPP,,,PP - Processing Plant | FFPP - Fresh Fishery Products Plant,,
6042,Lerøy Seafood Netherlands B.V.,Westwal 10,Urk,8321,"Flevoland,Netherlands",Netherlands,EU-EFTA,FFP,FFPP,,,FFPP - Fresh Fishery Products Plant,,
6602,Lerøy Seafood Netherlands B.V.,Schulpengat 10,Urk,8321,"Flevoland,Netherlands",Netherlands,EU-EFTA,FFP,PP FFPP,,,PP - Processing Plant | FFPP - Fresh Fishery Products Plant,,
6145,Lijster Haring- en Visgroothandel,Siemensstraat 6,Hoogeveen,7903,"Drenthe,Netherlands",Netherlands,EU-EFTA,FFP,FFPP,,,FFPP - Fresh Fishery Products Plant,,
531,Lineage Noord-Scharwoude B.V.,De Mossel 2,Noord-Scharwoude,1723,"North Holland,Netherlands",Netherlands,EU-EFTA,FFP,PP,,,PP - Processing Plant,,
227811,Live Seafood B.V.,Doove Balg 2,Urk,8321,"Flevoland,Netherlands",Netherlands,EU-EFTA,FFP,FFPP,,,FFPP - Fresh Fishery Products Plant,,
705,Looman Salades B.V.,Singel 1940-1945 280,Oss,5348,"North Brabant,Netherlands",Netherlands,EU-EFTA,FFP,PP,,,PP - Processing Plant,,
6179,Louw Spijkerman Zeevis B.V.,Haven 12,Lauwersoog,9976,"Groningen,Netherlands",Netherlands,EU-EFTA,FFP,FFPP,,,FFPP - Fresh Fishery Products Plant,,
5939,Luiten Food B.V.,Klaverblad 11,Leidschendam,2266,"South Holland,Netherlands",Netherlands,EU-EFTA,FFP,PP FFPP,,,PP - Processing Plant | FFPP - Fresh Fishery Products Plant,,
6114,M. de Groot & Zoon B.V.,Morseweg 51,Volendam,1131,"North Holland,Netherlands",Netherlands,EU-EFTA,FFP,PP,,,PP - Processing Plant,,
6433,MCP Mooij,Staalstraat 137,Velsen-Noord,1951,"North Holland,Netherlands",Netherlands,EU-EFTA,FFP,FFPP,,,FFPP - Fresh Fishery Products Plant,,
221794,MPI Solutions B.V.,Nieuwe Schaft 3 e,Houten,3991,"Utrecht,Netherlands",Netherlands,EU-EFTA,FFP,PP,,,PP - Processing Plant,,
213137,Maatschap Bout-van Dijke,Molenvlietsestraat 26,Tholen,4691,"Zeeland,Netherlands",Netherlands,EU-EFTA,FFP,PP FFPP,,,PP - Processing Plant | FFPP - Fresh Fishery Products Plant,,
206942,Mar Seafood B.V.,De Riepel 6,Urk,8321,"Flevoland,Netherlands",Netherlands,EU-EFTA,FFP,FFPP,,,FFPP - Fresh Fishery Products Plant,,
220277,Mar Seafood Processing B.V.,Voltstraat 2 c,Deurne,5753,"North Brabant,Netherlands",Netherlands,EU-EFTA,FFP,PP FFPP,,,PP - Processing Plant | FFPP - Fresh Fishery Products Plant,,
212,Marfo B.V.,Koperstraat 31,Lelystad,8211,"Flevoland,Netherlands",Netherlands,EU-EFTA,FFP,PP,,,PP - Processing Plant,,
6129,Maxima Seafood B.V.,Halkade 16,IJmuiden,1976,"North Holland,Netherlands",Netherlands,EU-EFTA,FFP,FFPP PP,,,FFPP - Fresh Fishery Products Plant | PP - Processing Plant,,
3667,Maître André,Zonnekracht 5,Oude Tonge,3255,"South Holland,Netherlands",Netherlands,EU-EFTA,FFP,FFPP,,,FFPP - Fresh Fishery Products Plant,,
878,Meatstreet Schagen B.V.,Witte Paal 330,Schagen,1742,"North Holland,Netherlands",Netherlands,EU-EFTA,FFP,PP FFPP,,,PP - Processing Plant | FFPP - Fresh Fishery Products Plant,,
207091,Meinders Catering B.V.,Sloterweg 350,Badhoevedorp,1171,"North Holland,Netherlands",Netherlands,EU-EFTA,FFP,PP,,,PP - Processing Plant,,
114,Menken Vleeswarenproduktie B.V.,Edisonstraat 2,Sassenheim,2171,"South Holland,Netherlands",Netherlands,EU-EFTA,FFP,PP,,,PP - Processing Plant,,
6070,Meromar Seafoods B.V.,Celsiusstraat 15,Harlingen,8861,"Friesland,Netherlands",Netherlands,EU-EFTA,FFP,PP,,,PP - Processing Plant,,
209689,Metro Cash & Carry Nederland B.V.,Hidalgoweg 2,Leeuwarden,8938,"Friesland,Netherlands",Netherlands,EU-EFTA,FFP,FFPP,,,FFPP - Fresh Fishery Products Plant,,
209688,Metro Cash & Carry Nederland B.V.,Kattegat 1,Groningen,9723,"Groningen,Netherlands",Netherlands,EU-EFTA,FFP,FFPP,,,FFPP - Fresh Fishery Products Plant,,
209691,Metro Cash & Carry Nederland B.V.,Moermanstraat 4,'s-Hertogenbosch,5222,"North Brabant,Netherlands",Netherlands,EU-EFTA,FFP,FFPP,,,FFPP - Fresh Fishery Products Plant,,
209694,Metro Cash & Carry Nederland B.V.,Diamantstraat 8,Hengelo,7554,"Overijssel,Netherlands",Netherlands,EU-EFTA,FFP,FFPP,,,FFPP - Fresh Fishery Products Plant,,
209695,Metro Cash & Carry Nederland B.V.,Energieweg 50,Nijmegen,6541,"Gelderland,Netherlands",Netherlands,EU-EFTA,FFP,FFPP,,,FFPP - Fresh Fishery Products Plant,,
209698,Metro Cash & Carry Nederland B.V.,Hoefsmid 10,Wateringen,2292,"South Holland,Netherlands",Netherlands,EU-EFTA,FFP,FFPP,,,FFPP - Fresh Fishery Products Plant,,
209699,Metro Cash & Carry Nederland B.V.,Edisonweg 4,Vianen Ut,4131,"Utrecht,Netherlands",Netherlands,EU-EFTA,FFP,FFPP,,,FFPP - Fresh Fishery Products Plant,,
209693,Metro Cash & Carry Nederland B.V.,De Flinesstraat 9,AMSTERDAM-DUIVENDRECHT,1114,"North Holland,Netherlands",Netherlands,EU-EFTA,FFP,FFPP,,,FFPP - Fresh Fishery Products Plant,,
209690,Metro Cash & Carry Nederland B.V.,Brem 4,Best,5684,"North Brabant,Netherlands",Netherlands,EU-EFTA,FFP,FFPP,,,FFPP - Fresh Fishery Products Plant,,
209696,Metro Cash & Carry Nederland B.V.,Toermalijnring 2000,Dordrecht,3316,"South Holland,Netherlands",Netherlands,EU-EFTA,FFP,FFPP,,,FFPP - Fresh Fishery Products Plant,,
209702,Metro Cash & Carry Nederland B.V.,Thermiekstraat 15,Nuth,6361,"Limburg,Netherlands",Netherlands,EU-EFTA,FFP,FFPP,,,FFPP - Fresh Fishery Products Plant,,
209692,Metro Cash & Carry Nederland B.V.,Schieweg 104,Delft,2627,"South Holland,Netherlands",Netherlands,EU-EFTA,FFP,FFPP,,,FFPP - Fresh Fishery Products Plant,,
209697,Metro Cash & Carry Nederland B.V.,Konijnenberg 92,Breda,4825,"North Brabant,Netherlands",Netherlands,EU-EFTA,FFP,FFPP,,,FFPP - Fresh Fishery Products Plant,,
209700,Metro Cash & Carry Nederland B.V.,Nieuwgraaf 28,Duiven,6921,"Gelderland,Netherlands",Netherlands,EU-EFTA,FFP,FFPP,,,FFPP - Fresh Fishery Products Plant,,
209701,Metro Cash & Carry Nederland B.V.,Laagraven 7,Nieuwegein,3439,"Utrecht,Netherlands",Netherlands,EU-EFTA,FFP,FFPP,,,FFPP - Fresh Fishery Products Plant,,
209703,Metro Cash & Carry Nederland B.V.,Zeemanstraat 2,Barendrecht,2991,"South Holland,Netherlands",Netherlands,EU-EFTA,FFP,FFPP,,,FFPP - Fresh Fishery Products Plant,,
209704,Metro Cash & Carry Nederland B.V.,Parallelweg 126,Beverwijk,1948,"North Holland,Netherlands",Netherlands,EU-EFTA,FFP,FFPP,,,FFPP - Fresh Fishery Products Plant,,
3764,Mezem Convenience Food B.V.,Lyonstraat 41,Rotterdam,3047,"South Holland,Netherlands",Netherlands,EU-EFTA,FFP,PP,,,PP - Processing Plant,,
7672,Middelkamp-Vis,Tinsteden 15,Enschede,7547,"Overijssel,Netherlands",Netherlands,EU-EFTA,FFP,FFPP PP,,,FFPP - Fresh Fishery Products Plant | PP - Processing Plant,,
221687,Midol,Cobaltstraat 7,Zoetermeer,2718,"South Holland,Netherlands",Netherlands,EU-EFTA,FFP,PP,,,PP - Processing Plant,,
216504,Mister Fezz B.V.,Transportweg 28,Nieuwkoop,2421,"South Holland,Netherlands",Netherlands,EU-EFTA,FFP,PP,,,PP - Processing Plant,,
215634,Mister Fish,Seggelant-Zuid 6 a,Vierpolders,3237,"South Holland,Netherlands",Netherlands,EU-EFTA,FFP,FFPP,,,FFPP - Fresh Fishery Products Plant,,
6280,Mooijer-Volendam B.V.,Dwarskuul 2,Volendam,1131,"North Holland,Netherlands",Netherlands,EU-EFTA,FFP,PP,,,PP - Processing Plant,,
6036,Mowi Lemmer B.V.,Vuurtorenweg 12,Lemmer,8531,"Friesland,Netherlands",Netherlands,EU-EFTA,FFP,PP FFPP,,,PP - Processing Plant | FFPP - Fresh Fishery Products Plant,,
6618,Murko Seafood B.V.,Ostrea 10,Yerseke,4401,"Zeeland,Netherlands",Netherlands,EU-EFTA,FFP,FFPP,,,FFPP - Fresh Fishery Products Plant,,
6123,Nederlof's Vishandel B.V.,Halkade 36,IJmuiden,1976,"North Holland,Netherlands",Netherlands,EU-EFTA,FFP,FFPP,,,FFPP - Fresh Fishery Products Plant,,
6040,Neerlandia Urk B.V.,Amsteldiep 2,Urk,8321,"Flevoland,Netherlands",Netherlands,EU-EFTA,FFP,PP FFPP,,,PP - Processing Plant | FFPP - Fresh Fishery Products Plant,,
220363,Noordzee International B.V.,Vliestroom 4,Urk,8321,"Flevoland,Netherlands",Netherlands,EU-EFTA,FFP,FFPP PP,,,FFPP - Fresh Fishery Products Plant | PP - Processing Plant,,
217794,Noordzee International B.V.,Zuidoostrak 9,Urk,8321,"Flevoland,Netherlands",Netherlands,EU-EFTA,FFP,FFPP PP,,,FFPP - Fresh Fishery Products Plant | PP - Processing Plant,,
6158,Noordzee International B.V.,Zuidoostrak 16,Urk,8321,"Flevoland,Netherlands",Netherlands,EU-EFTA,FFP,PP FFPP,,,PP - Processing Plant | FFPP - Fresh Fishery Products Plant,,
6083,Northseafood Holland B.V.,Stortemelk 13,Urk,8321,"Flevoland,Netherlands",Netherlands,EU-EFTA,FFP,PP FFPP,,,PP - Processing Plant | FFPP - Fresh Fishery Products Plant,,
6014,Northseafood Holland B.V.,Stortemelk 12,Urk,8321,"Flevoland,Netherlands",Netherlands,EU-EFTA,FFP,PP FFPP,,,PP - Processing Plant | FFPP - Fresh Fishery Products Plant,,
6636,Norwegian Seafood Europe B.V.,Industrierondweg 4,Urk,8321,"Flevoland,Netherlands",Netherlands,EU-EFTA,FFP,FFPP,,,FFPP - Fresh Fishery Products Plant,,
OL-37,OL-37,,Engwierum,9132,"Friesland,Netherlands",Netherlands,EU-EFTA,FFP,FV,,,FV - Factory Vessel,,
218517,Ocean Company B.V.,Oostwal 3,Urk,8321,"Flevoland,Netherlands",Netherlands,EU-EFTA,FFP,FFPP,,,FFPP - Fresh Fishery Products Plant,,
6050,Octopus,Stortemelk 5,Urk,8321,"Flevoland,Netherlands",Netherlands,EU-EFTA,FFP,FFPP,,,FFPP - Fresh Fishery Products Plant,,
224313,Oriental Enterprise Tong Fong Amsterdam B.V.,De Flinesstraat 6,Duivendrecht,1114,"North Holland,Netherlands",Netherlands,EU-EFTA,FFP,PP,,,PP - Processing Plant,,
6195,Oromar B.V.,Marsdiep 7,Urk,8321,"Flevoland,Netherlands",Netherlands,EU-EFTA,FFP,PP FFPP,,,PP - Processing Plant | FFPP - Fresh Fishery Products Plant,,
6635,Ouwehand Visverwerking B.V.,Lageweg 55,Katwijk Zh,2222,"South Holland,Netherlands",Netherlands,EU-EFTA,FFP,PP FFPP,,,PP - Processing Plant | FFPP - Fresh Fishery Products Plant,,
6743,Palingrokerij Konter,Haven 21,Vollenhove,8325,"Overijssel,Netherlands",Netherlands,EU-EFTA,FFP,PP FFPP,,,PP - Processing Plant | FFPP - Fresh Fishery Products Plant,,
6744,Palingrokerij R. de Groot B.V.,Buitenbrinkweg 48 B,Ermelo,3853,"Gelderland,Netherlands",Netherlands,EU-EFTA,FFP,PP FFPP,,,PP - Processing Plant | FFPP - Fresh Fishery Products Plant,,
6135,Palingrokerij Vlug B.V.,Dulleweg 30,Broek op Langedijk,1721,"North Holland,Netherlands",Netherlands,EU-EFTA,FFP,PP,,,PP - Processing Plant,,
208079,Pascal Processing B.V.,Scheepsboulevard 5,Helmond,5705,"North Brabant,Netherlands",Netherlands,EU-EFTA,FFP,PP FFPP,,,PP - Processing Plant | FFPP - Fresh Fishery Products Plant,,
229501,Pasta Pura B.V.,Wethouder Sangersstraat 47,Beek,6191,"Limburg,Netherlands",Netherlands,EU-EFTA,FFP,PP,,,PP - Processing Plant,,
208967,Pastificio Al Dente B.V.,Hendrik Figeeweg 3,HAARLEM,2031,Netherlands,Netherlands,EU-EFTA,FFP,PP,,,PP - Processing Plant,,
225315,Perfect Serve B.V.,Weesperstraat 128,Diemen,1112,"North Holland,Netherlands",Netherlands,EU-EFTA,FFP,FFPP,,,FFPP - Fresh Fishery Products Plant,,
3015,Perier's Vleesbedrijf B.V.,Palmpolstraat 44,Almere,1327,"Flevoland,Netherlands",Netherlands,EU-EFTA,FFP,FFPP,,,FFPP - Fresh Fishery Products Plant,,
6539,Persian Caviar,Gevers Deynootweg 57 E,'S-Gravenhage,2586,"South Holland,Netherlands",Netherlands,EU-EFTA,FFP,FFPP,,,FFPP - Fresh Fishery Products Plant,,
226101,PharVit Pack B.V.,Rigtersbleek-Aalten 18,Enschede,7521,"Overijssel,Netherlands",Netherlands,EU-EFTA,FFP,PP,,,PP - Processing Plant,,
6047,Platvis Holland B.V.,Hamerstraat 7,Edam,1135,"North Holland,Netherlands",Netherlands,EU-EFTA,FFP,PP FFPP,,,PP - Processing Plant | FFPP - Fresh Fishery Products Plant,,
6147,Plugge's Puur B.V.,Visafslagweg 2 D,'S-Gravenhage,2583,"South Holland,Netherlands",Netherlands,EU-EFTA,FFP,FFPP,,,FFPP - Fresh Fishery Products Plant,,
5011,Plukon Wezep B.V.,Industrieweg 36,Wezep,8091,"Gelderland,Netherlands",Netherlands,EU-EFTA,FFP,FFPP,,,FFPP - Fresh Fishery Products Plant,,
7696,Poisson & Cuisine - Fresh Quality Fish B.V.,Meester Snijderweg 55,Stellendam,3251,"South Holland,Netherlands",Netherlands,EU-EFTA,FFP,PP FFPP,,,PP - Processing Plant | FFPP - Fresh Fishery Products Plant,,
207845,Pom-pie B.V.,De Maessloot 6,Rijnsburg,2231,"South Holland,Netherlands",Netherlands,EU-EFTA,FFP,FFPP,,,FFPP - Fresh Fishery Products Plant,,
6060,Pronk Hollandvis B.V.,Vissershavenweg 65,'S-Gravenhage,2583,"South Holland,Netherlands",Netherlands,EU-EFTA,FFP,PP FFPP,,,PP - Processing Plant | FFPP - Fresh Fishery Products Plant,,
231946,Pronk Seafood,Schulpengat 5,Urk,8321,"Flevoland,Netherlands",Netherlands,EU-EFTA,FFP,FFPP,,,FFPP - Fresh Fishery Products Plant,,
209981,Q-culinair B.V.,Westvlietweg 93 B,'S-Gravenhage,2495,"South Holland,Netherlands",Netherlands,EU-EFTA,FFP,FFPP PP,,,FFPP - Fresh Fishery Products Plant | PP - Processing Plant,,
224214,Quality Seafood B.V.,Abbert 2,Urk,8321,"Flevoland,Netherlands",Netherlands,EU-EFTA,FFP,FFPP,,,FFPP - Fresh Fishery Products Plant,,
6180,Quick Frozen B.V.,Texelstroom 2,Urk,8321,"Flevoland,Netherlands",Netherlands,EU-EFTA,FFP,PP FFPP,,,PP - Processing Plant | FFPP - Fresh Fishery Products Plant,,
221037,Quick Frozen B.V.,Abbert 20,Urk,8321,"Flevoland,Netherlands",Netherlands,EU-EFTA,FFP,PP FFPP,,,PP - Processing Plant | FFPP - Fresh Fishery Products Plant,,
216726,Raaskal Foodcreators B.V.,Industriestraat 42,Naaldwijk,2671,"South Holland,Netherlands",Netherlands,EU-EFTA,FFP,PP,,,PP - Processing Plant,,
226732,Ras Echt B.V.,Abbert 1,Urk,8321,"Flevoland,Netherlands",Netherlands,EU-EFTA,FFP,FFPP,,,FFPP - Fresh Fishery Products Plant,,
208262,Ratouli Foods,Röntgenweg 7,Volendam,1131,"North Holland,Netherlands",Netherlands,EU-EFTA,FFP,PP,,,PP - Processing Plant,,
3744,Rijpelaal B.V.,Rijpelberg 5,Helmond,5703,"North Brabant,Netherlands",Netherlands,EU-EFTA,FFP,PP FFPP,,,PP - Processing Plant | FFPP - Fresh Fishery Products Plant,,
6093,Roeleveld Vis,Visafslagweg 30,'S-Gravenhage,2583,"South Holland,Netherlands",Netherlands,EU-EFTA,FFP,PP,,,PP - Processing Plant,,
6009,Roem van Yerseke B.V.,Groeninx Van Zoelenstraat 35,Yerseke,4401,"Zeeland,Netherlands",Netherlands,EU-EFTA,FFP,PP,,,PP - Processing Plant,,
207826,Rokerij Smoking,Zoutketen 10,Enkhuizen,1601,"North Holland,Netherlands",Netherlands,EU-EFTA,FFP,PP,,,PP - Processing Plant,,
6270,Rokerij de Zalm B.V.,Zellingstraat 5,Krimpen aan den IJssel,2921,"South Holland,Netherlands",Netherlands,EU-EFTA,FFP,PP FFPP,,,PP - Processing Plant | FFPP - Fresh Fishery Products Plant,,
3797,Romkes Langoustines,Breehorn 8 E,Urk,8321,"Flevoland,Netherlands",Netherlands,EU-EFTA,FFP,FFPP PP,,,FFPP - Fresh Fishery Products Plant | PP - Processing Plant,,
1148,Roos Carpaccio B.V.,Van der Hoopstraat 2,Krimpen aan den IJssel,2921,"South Holland,Netherlands",Netherlands,EU-EFTA,FFP,PP,,,PP - Processing Plant,,
6789,Roots Fish Smokery B.V.,Ysselsteynseweg 86 A,Ysselsteyn,5813,"Limburg,Netherlands",Netherlands,EU-EFTA,FFP,PP,,,PP - Processing Plant,,
6619,Rousant Zoutkamp B.V.,Reitdiepskade 22,Zoutkamp,9974,"Groningen,Netherlands",Netherlands,EU-EFTA,FFP,AH FFPP PP,,,AH - Auction Hall | FFPP - Fresh Fishery Products Plant | PP - Processing Plant,,
221202,Roy's Fishhouse B.V.,Van 't Hoffstraat 9,Dordrecht,3316,"South Holland,Netherlands",Netherlands,EU-EFTA,FFP,PP FFPP,,,PP - Processing Plant | FFPP - Fresh Fishery Products Plant,,
3491,Royal Foods B.V.,Niels Bohrweg 10,Lelystad,8218,"Flevoland,Netherlands",Netherlands,EU-EFTA,FFP,PP,,,PP - Processing Plant,,
219712,Ruitenberg Ingredients B.V.,Dijkhuizen 96,Ruinerwold,7961,"Drenthe,Netherlands",Netherlands,EU-EFTA,FFP,PP,,,PP - Processing Plant,,
SCH-123,SCH-123,Vissershavenweg 35,'S-Gravenhage,2583,"South Holland,Netherlands; 8901913",Netherlands,EU-EFTA,FFP,ZV,,,ZV - Freezer Vessel,,
SCH-23,SCH-23,Vissershavenweg 35,The Hague,2583,"South Holland,Netherlands; 9249568",Netherlands,EU-EFTA,FFP,ZV,,,ZV - Freezer Vessel,,
SCH-24,SCH-24,Vissershaven 35,'S-Gravenhage,2583,"South Holland,Netherlands; 9175834",Netherlands,EU-EFTA,FFP,ZV,,,ZV - Freezer Vessel,,
SCH-302,SCH-302,Hellingweg 5,The Hague,2583,"South Holland,Netherlands; 9187306",Netherlands,EU-EFTA,FFP,ZV,,,ZV - Freezer Vessel,,
SCH-6,SCH-6,Hellingweg 5,The Hague,2583,"South Holland,Netherlands; 8224418",Netherlands,EU-EFTA,FFP,ZV,,,ZV - Freezer Vessel,,
SCH-81,SCH-81,,IJmuiden,1976,"North Holland,Netherlands",Netherlands,EU-EFTA,FFP,ZV,,,ZV - Freezer Vessel,,
ST-20,ST-20,,Stavoren,8715,"Friesland,Netherlands",Netherlands,EU-EFTA,FFP,FV,,,FV - Factory Vessel,,
6159,STARFISH,De Riepel 10 D,Urk,8321,"Flevoland,Netherlands",Netherlands,EU-EFTA,FFP,FFPP,,,FFPP - Fresh Fishery Products Plant,,
226319,Saucier,Hermes 18,Heerenveen,8448,"Friesland,Netherlands",Netherlands,EU-EFTA,FFP,PP,,,PP - Processing Plant,,
6883,Scanimex Seafood B.V.,Zinkstraat 66,Breda,4823,"North Brabant,Netherlands",Netherlands,EU-EFTA,FFP,FFPP,,,FFPP - Fresh Fishery Products Plant,,
6102,Schilder Vis Enkhuizen,Zoutketen 51,Enkhuizen,1601,"North Holland,Netherlands",Netherlands,EU-EFTA,FFP,PP FFPP,,,PP - Processing Plant | FFPP - Fresh Fishery Products Plant,,
6092,Schmidt Zeevis Rotterdam B.V.,Matlingeweg 333,Rotterdam,3044,"South Holland,Netherlands",Netherlands,EU-EFTA,FFP,FFPP PP,,,FFPP - Fresh Fishery Products Plant | PP - Processing Plant,,
209455,Schuitemaker's Vishandel B.V.,Smidstraat 2,Katwijk Zh,2222,"South Holland,Netherlands",Netherlands,EU-EFTA,FFP,PP FFPP,,,PP - Processing Plant | FFPP - Fresh Fishery Products Plant,,
6889,Sea Fresh B.V.,Stortemelk 16,Urk,8321,"Flevoland,Netherlands",Netherlands,EU-EFTA,FFP,FFPP,,,FFPP - Fresh Fishery Products Plant,,
6273,Seafood Centre B.V.,Visafslagweg 2 A,'S-Gravenhage,2583,"South Holland,Netherlands",Netherlands,EU-EFTA,FFP,PP FFPP,,,PP - Processing Plant | FFPP - Fresh Fishery Products Plant,,
6103,Seafood Parlevliet Tholen B.V.,Stevinweg 6,Tholen,4691,"Zeeland,Netherlands",Netherlands,EU-EFTA,FFP,PP FFPP,,,PP - Processing Plant | FFPP - Fresh Fishery Products Plant,,
218164,Seafoodchoice B.V.,Schulpengat 8,Urk,8321,"Flevoland,Netherlands",Netherlands,EU-EFTA,FFP,FFPP,,,FFPP - Fresh Fishery Products Plant,,
220088,Select Seafood B.V.,Voltstraat 2 A,Deurne,5753,"North Brabant,Netherlands",Netherlands,EU-EFTA,FFP,PP FFPP,,,PP - Processing Plant | FFPP - Fresh Fishery Products Plant,,
837,Selekt Meat Products,Edisonstraat 17,Harlingen,8861,"Friesland,Netherlands",Netherlands,EU-EFTA,FFP,FFPP,,,FFPP - Fresh Fishery Products Plant,,
210198,Sligro,van der Madeweg 39,Duivendrecht,1115,"North Holland,Netherlands",Netherlands,EU-EFTA,FFP,FFPP,,,FFPP - Fresh Fishery Products Plant,,
229260,Sligro,Kerketuinenweg 35,'S-Gravenhage,2544,"South Holland,Netherlands",Netherlands,EU-EFTA,FFP,FFPP,,,FFPP - Fresh Fishery Products Plant,,
210215,Sligro,Jan van Krimpenweg 11,HAARLEM,2031,Netherlands,Netherlands,EU-EFTA,FFP,FFPP,,,FFPP - Fresh Fishery Products Plant,,
210056,Sligro,Cobolweg 7,Amersfoort,3821,"Utrecht,Netherlands",Netherlands,EU-EFTA,FFP,FFPP,,,FFPP - Fresh Fishery Products Plant,,
210196,Sligro,Laanenderweg 9,Alkmaar,1812,"North Holland,Netherlands",Netherlands,EU-EFTA,FFP,FFPP,,,FFPP - Fresh Fishery Products Plant,,
210053,Sligro,Willem Alexanderweg 72,Maastricht,6222,"Limburg,Netherlands",Netherlands,EU-EFTA,FFP,FFPP,,,FFPP - Fresh Fishery Products Plant,,
210211,Sligro,Ringbaan-Zuid 13,Tilburg,5021,"North Brabant,Netherlands",Netherlands,EU-EFTA,FFP,FFPP,,,FFPP - Fresh Fishery Products Plant,,
210207,Sligro,Groothandelsmarkt 181,Rotterdam,3044,"South Holland,Netherlands",Netherlands,EU-EFTA,FFP,FFPP,,,FFPP - Fresh Fishery Products Plant,,
210206,Sligro,Winkelveldstraat 28,Venlo,5916,"Limburg,Netherlands",Netherlands,EU-EFTA,FFP,FFPP,,,FFPP - Fresh Fishery Products Plant,,
210199,Sligro,Driepoortenweg 14,Arnhem,6827,"Gelderland,Netherlands",Netherlands,EU-EFTA,FFP,FFPP,,,FFPP - Fresh Fishery Products Plant,,
210213,Sligro,Stadionweg 47 -49,Rotterdam,3077,"South Holland,Netherlands",Netherlands,EU-EFTA,FFP,FFPP,,,FFPP - Fresh Fishery Products Plant,,
210223,Sligro,Hurksestraat 5,Eindhoven,5652,"North Brabant,Netherlands",Netherlands,EU-EFTA,FFP,FFPP,,,FFPP - Fresh Fishery Products Plant,,
210226,Sligro,Ruwekampweg 1,'s-Hertogenbosch,5222,"North Brabant,Netherlands",Netherlands,EU-EFTA,FFP,FFPP,,,FFPP - Fresh Fishery Products Plant,,
210214,Sligro,Leemstraat 3,Roosendaal,4705,"North Brabant,Netherlands",Netherlands,EU-EFTA,FFP,FFPP,,,FFPP - Fresh Fishery Products Plant,,
210229,Sligro,Nijbracht 85,Emmen,7821,"Drenthe,Netherlands",Netherlands,EU-EFTA,FFP,FFPP,,,FFPP - Fresh Fishery Products Plant,,
210239,Sligro,Kennedylaan 3,Veghel,5466,"North Brabant,Netherlands",Netherlands,EU-EFTA,FFP,FFPP,,,FFPP - Fresh Fishery Products Plant,,
210234,Sligro,Franciscusweg 291,Hilversum,1216,"North Holland,Netherlands",Netherlands,EU-EFTA,FFP,FFPP,,,FFPP - Fresh Fishery Products Plant,,
210232,Sligro,Energieweg 42,Nijmegen,6541,"Gelderland,Netherlands",Netherlands,EU-EFTA,FFP,FFPP,,,FFPP - Fresh Fishery Products Plant,,
210231,Sligro,Burghoffweg 28,Roermond,6042,"Limburg,Netherlands",Netherlands,EU-EFTA,FFP,FFPP,,,FFPP - Fresh Fishery Products Plant,,
214073,Sligro,Polderweg 1,Purmerend,1446,"North Holland,Netherlands",Netherlands,EU-EFTA,FFP,FFPP,,,FFPP - Fresh Fishery Products Plant,,
213408,Sligro,De Huchtstraat 12,Almere,1327,"Flevoland,Netherlands",Netherlands,EU-EFTA,FFP,FFPP,,,FFPP - Fresh Fishery Products Plant,,
213409,Sligro,Ir. E.L.C. Schiffstraat 246,Enschede,7547,"Overijssel,Netherlands",Netherlands,EU-EFTA,FFP,FFPP,,,FFPP - Fresh Fishery Products Plant,,
213419,Sligro,Perronlaan 1,Utrecht,3534,"Utrecht,Netherlands",Netherlands,EU-EFTA,FFP,FFPP,,,FFPP - Fresh Fishery Products Plant,,
210200,Sligro,Pergolesilaan 10,Bergen op Zoom,4614,"North Brabant,Netherlands",Netherlands,EU-EFTA,FFP,FFPP,,,FFPP - Fresh Fishery Products Plant,,
210218,Sligro,Rooseveltstraat 57,Leiden,2321,"South Holland,Netherlands",Netherlands,EU-EFTA,FFP,FFPP,,,FFPP - Fresh Fishery Products Plant,,
210224,Sligro,Linge 2,'S-Gravenhage,2491,"South Holland,Netherlands",Netherlands,EU-EFTA,FFP,FFPP,,,FFPP - Fresh Fishery Products Plant,,
210201,Sligro,IABC 5252,Breda,4814,"North Brabant,Netherlands",Netherlands,EU-EFTA,FFP,FFPP,,,FFPP - Fresh Fishery Products Plant,,
210197,Sligro,Van den Broekeweg 12,Almelo,7602,"Overijssel,Netherlands",Netherlands,EU-EFTA,FFP,FFPP,,,FFPP - Fresh Fishery Products Plant,,
210221,Sligro,Hanzeweg 11,Gouda,2803,"South Holland,Netherlands",Netherlands,EU-EFTA,FFP,FFPP,,,FFPP - Fresh Fishery Products Plant,,
210238,Sligro,Kissel 30,Heerlen,6416,"Limburg,Netherlands",Netherlands,EU-EFTA,FFP,FFPP,,,FFPP - Fresh Fishery Products Plant,,
210230,Sligro,Roermondseweg 95,Weert,6004,"Limburg,Netherlands",Netherlands,EU-EFTA,FFP,FFPP,,,FFPP - Fresh Fishery Products Plant,,
210216,Sligro,Grote Wade 90,Nieuwegein,3439,"Utrecht,Netherlands",Netherlands,EU-EFTA,FFP,FFPP,,,FFPP - Fresh Fishery Products Plant,,
210209,Sligro,Bedrijfsweg 8,Vlissingen,4387,"Zeeland,Netherlands",Netherlands,EU-EFTA,FFP,FFPP,,,FFPP - Fresh Fishery Products Plant,,
210054,Sligro,Boerendanserdijk 45,Zwolle,8024,"Overijssel,Netherlands",Netherlands,EU-EFTA,FFP,FFPP,,,FFPP - Fresh Fishery Products Plant,,
210235,Sligro Food Group Nederland B.V.,Osloweg 112,Groningen,9723,"Groningen,Netherlands",Netherlands,EU-EFTA,FFP,FFPP,,,FFPP - Fresh Fishery Products Plant,,
6140,Smit Vis,De Amert 712,Veghel,5462,"North Brabant,Netherlands",Netherlands,EU-EFTA,FFP,PP FFPP,,,PP - Processing Plant | FFPP - Fresh Fishery Products Plant,,
216035,Snackwise Custom Made B.V.,Luzernestraat 55,NIEUW-VENNEP,2153,"North Holland,Netherlands",Netherlands,EU-EFTA,FFP,PP,,,PP - Processing Plant,,
6647,Sondag en Schilder VOF,Morseweg 45,Volendam,1131,"North Holland,Netherlands",Netherlands,EU-EFTA,FFP,FFPP,,,FFPP - Fresh Fishery Products Plant,,
6775,Spakenburg Paling B.V.,Haringweg 10,Bunschoten Spakenburg,3751,"Utrecht,Netherlands",Netherlands,EU-EFTA,FFP,PP FFPP,,,PP - Processing Plant | FFPP - Fresh Fishery Products Plant,,
3430,StarCuisine B.V.,Aquamarijnweg 3,Bleiswijk,2665,"South Holland,Netherlands",Netherlands,EU-EFTA,FFP,PP,,,PP - Processing Plant,,
226143,Stellendamse Garnalen Pel Centrale B.V.,Meester Snijderweg 5 a,Stellendam,3251,"South Holland,Netherlands",Netherlands,EU-EFTA,FFP,FFPP,,,FFPP - Fresh Fishery Products Plant,,
207450,Sterk Seafood B.V.,Binnenhaven 1 A,Lemmer,8531,"Friesland,Netherlands",Netherlands,EU-EFTA,FFP,FFPP,,,FFPP - Fresh Fishery Products Plant,,
224546,Sterk Seafood B.V.,Julianaweg 139 k,Volendam,1131,"North Holland,Netherlands",Netherlands,EU-EFTA,FFP,FFPP,,,FFPP - Fresh Fishery Products Plant,,
209533,Stichting Vakinstelling SVO,Diepenhorstlaan 3,Rijswijk,2288,"South Holland,Netherlands",Netherlands,EU-EFTA,FFP,PP FFPP,,,PP - Processing Plant | FFPP - Fresh Fishery Products Plant,,
6709,Stoelwinder Vis B.V.,Plutoweg 1,Leeuwarden,8938,"Friesland,Netherlands",Netherlands,EU-EFTA,FFP,PP FFPP,,,PP - Processing Plant | FFPP - Fresh Fishery Products Plant,,
6979,Sushi Clinic B.V.,Badhuisstraat 232,Den Haag,2584,"South Holland,Netherlands",Netherlands,EU-EFTA,FFP,PP,,,PP - Processing Plant,,
3259,Sushi Ran B.V.,Waaier 21,Leimuiden,2451,"South Holland,Netherlands",Netherlands,EU-EFTA,FFP,PP FFPP,,,PP - Processing Plant | FFPP - Fresh Fishery Products Plant,,
212866,Sushi Time Catering B.V.,Joh. Enschedeweg 1 a,Uithoorn,1422,"North Holland,Netherlands",Netherlands,EU-EFTA,FFP,PP,,,PP - Processing Plant,,
TM-19,TM-19,,Lauwerzijl,9885,"Groningen,Netherlands",Netherlands,EU-EFTA,FFP,FV,,,FV - Factory Vessel,,
TS-1,TS-1,,Midsland,8891,"Friesland,Netherlands",Netherlands,EU-EFTA,FFP,FV,,,FV - Factory Vessel,,
TS-10,TS-10,,Midsland,8891,"Friesland,Netherlands",Netherlands,EU-EFTA,FFP,FV,,,FV - Factory Vessel,,
TS-2,TS-2,,Midsland,8891,"Friesland,Netherlands",Netherlands,EU-EFTA,FFP,FV,,,FV - Factory Vessel,,
TX-27,TX-27,,Oudeschild,1792,"North Holland,Netherlands",Netherlands,EU-EFTA,FFP,FV,,,FV - Factory Vessel,,
20526,Terence Zahn - IN- en EXPORT B.V.,Deltahoek 8,Breskens,4511,"Zeeland,Netherlands",Netherlands,EU-EFTA,FFP,FFPP,,,FFPP - Fresh Fishery Products Plant,,
6089,The Oyster Farm B.V.,Krab 12,Yerseke,4401,"Zeeland,Netherlands",Netherlands,EU-EFTA,FFP,FFPP,,,FFPP - Fresh Fishery Products Plant,,
229397,The Salmon Factory B.V.,Ambachtsweg 8,Urk,8321,"Flevoland,Netherlands",Netherlands,EU-EFTA,FFP,FFPP,,,FFPP - Fresh Fishery Products Plant,,
209154,Theo Everaers Horeca Leverancier B.V.,Economiestraat 4,Sittard,6135,"Limburg,Netherlands",Netherlands,EU-EFTA,FFP,PP,,,PP - Processing Plant,,
6757,Ticasa B.V.,Delta-Industrieweg 17,Stellendam,3251,"South Holland,Netherlands",Netherlands,EU-EFTA,FFP,PP FFPP,,,PP - Processing Plant | FFPP - Fresh Fishery Products Plant,,
6199,Top Fish Seafood,Breehorn 12,Urk,8321,"Flevoland,Netherlands",Netherlands,EU-EFTA,FFP,FFPP,,,FFPP - Fresh Fishery Products Plant,,
135,Treasure Dim-Sum Produkties B.V.,Smederij 25,Amstelveen,1185,"North Holland,Netherlands",Netherlands,EU-EFTA,FFP,PP,,,PP - Processing Plant,,
206964,Ty-Le B.V.,Kleijweg 46,Den Hoorn,2635,"South Holland,Netherlands",Netherlands,EU-EFTA,FFP,PP,,,PP - Processing Plant,,
UK-179,UK-179,,Urk,8321,"Flevoland,Netherlands",Netherlands,EU-EFTA,FFP,FV,,,FV - Factory Vessel,,
UK-210,UK-210,,Yerseke,4401,"Zeeland,Netherlands",Netherlands,EU-EFTA,FFP,ZV,,,ZV - Freezer Vessel,,
UQ-21,UQ-21,,Oudeschild,1792,"North Holland,Netherlands",Netherlands,EU-EFTA,FFP,FV,,,FV - Factory Vessel,,
UQ-6,UQ-6,,Usquert,9988,"Groningen,Netherlands",Netherlands,EU-EFTA,FFP,FV,,,FV - Factory Vessel,,
6613,Umios Processing Urk B.V.,Foksdiep 1,Urk,8321,"Flevoland,Netherlands",Netherlands,EU-EFTA,FFP,PP FFPP,,,PP - Processing Plant | FFPP - Fresh Fishery Products Plant,,
6021,Urk Export B.V.,Zuidoostrak 8,Urk,8321,"Flevoland,Netherlands",Netherlands,EU-EFTA,FFP,FFPP,,,FFPP - Fresh Fishery Products Plant,,
7669,Urker Vishandel G. Koffeman B.V.,De Riepel 2,Urk,8321,"Flevoland,Netherlands",Netherlands,EU-EFTA,FFP,PP,,,PP - Processing Plant,,
6229,Urker Vishandel J. Koffeman B.V.,Scheurrak 9,Urk,8321,"Flevoland,Netherlands",Netherlands,EU-EFTA,FFP,FFPP,,,FFPP - Fresh Fishery Products Plant,,
6197,Urker Zeevishandel Gebr. Post B.V.,Stortemelk 1,Urk,8321,"Flevoland,Netherlands",Netherlands,EU-EFTA,FFP,PP FFPP,,,PP - Processing Plant | FFPP - Fresh Fishery Products Plant,,
217686,V&R Import / Export B.V.,Hoefsmid 15,Nootdorp,2631,"South Holland,Netherlands",Netherlands,EU-EFTA,FFP,FFPP,,,FFPP - Fresh Fishery Products Plant,,
229877,V&S Horeca,Molenlei 2 g,Akersloot,1921,"North Holland,Netherlands",Netherlands,EU-EFTA,FFP,PP FFPP,,,PP - Processing Plant | FFPP - Fresh Fishery Products Plant,,
225386,V.O.F. H. Marijs (ARM-20),Eerste Binnenhavenweg 16,Vlissingen,4382,"Zeeland,Netherlands",Netherlands,EU-EFTA,FFP,FFPP,,,FFPP - Fresh Fishery Products Plant,,
VD-6,VD-6,,Volendam,1130,"North Holland,Netherlands",Netherlands,EU-EFTA,FFP,FV,,,FV - Factory Vessel,,
6177,Van Belzen B.V.,Keetweg 9,Arnemuiden,4341,"Zeeland,Netherlands",Netherlands,EU-EFTA,FFP,PP,,,PP - Processing Plant,,
810,Van Oers Snacks B.V.,Industrieweg 10,Boxtel,5281,"North Brabant,Netherlands",Netherlands,EU-EFTA,FFP,PP,,,PP - Processing Plant,,
214317,Van de Water Seafood B.V.,Sepia 8,Yerseke,4401,"Zeeland,Netherlands",Netherlands,EU-EFTA,FFP,FFPP,,,FFPP - Fresh Fishery Products Plant,,
6106,Van der Lee Seafish B.V.,Schulpengat 2,Urk,8321,"Flevoland,Netherlands",Netherlands,EU-EFTA,FFP,PP FFPP,,,PP - Processing Plant | FFPP - Fresh Fishery Products Plant,,
6275,Van der Valk Vis B.V.,Halkade 35,IJmuiden,1976,"North Holland,Netherlands",Netherlands,EU-EFTA,FFP,PP FFPP,,,PP - Processing Plant | FFPP - Fresh Fishery Products Plant,,
220684,Varia Vis B.V.,Scheurrak 11,Urk,8321,"Flevoland,Netherlands",Netherlands,EU-EFTA,FFP,FFPP,,,FFPP - Fresh Fishery Products Plant,,
6708,Veltman Vis Service B.V.,Industrieweg 18,Harlingen,8861,"Friesland,Netherlands",Netherlands,EU-EFTA,FFP,PP FFPP,,,PP - Processing Plant | FFPP - Fresh Fishery Products Plant,,
216309,Verse Vis Volendam,Röntgenweg 17,Volendam,1131,"North Holland,Netherlands",Netherlands,EU-EFTA,FFP,FFPP,,,FFPP - Fresh Fishery Products Plant,,
585,Vion Retail Groenlo,Den Sliem 1,Groenlo,7141,"Gelderland,Netherlands",Netherlands,EU-EFTA,FFP,FFPP,,,FFPP - Fresh Fishery Products Plant,,
228950,Vis A Fish B.V.,Inschot 8,Urk,8321,"Flevoland,Netherlands",Netherlands,EU-EFTA,FFP,FFPP,,,FFPP - Fresh Fishery Products Plant,,
6668,Visafslag Lauwersoog B.V.,Haven 1,Lauwersoog,9976,"Groningen,Netherlands",Netherlands,EU-EFTA,FFP,AH FFPP,,,AH - Auction Hall | FFPP - Fresh Fishery Products Plant,,
6663,Visafslag Scheveningen B.V.,Visafslagweg 1,'S-Gravenhage,2583,"South Holland,Netherlands",Netherlands,EU-EFTA,FFP,AH,,,AH - Auction Hall,,
6662,Visafslag Stellendam B.V.,Meester Snijderweg 5,Stellendam,3251,"South Holland,Netherlands",Netherlands,EU-EFTA,FFP,AH,,,AH - Auction Hall,,
209496,Visco Horeca B.V.,Waaigat 3,Urk,8321,"Flevoland,Netherlands",Netherlands,EU-EFTA,FFP,FFPP,,,FFPP - Fresh Fishery Products Plant,,
6213,Visgroothandel Bos Seafood,Kanaalweg 7,Blokzijl,8356,"Overijssel,Netherlands",Netherlands,EU-EFTA,FFP,FFPP,,,FFPP - Fresh Fishery Products Plant,,
5287,Visgroothandel De Jong B.V.,De Riepel 4,Urk,8321,"Flevoland,Netherlands",Netherlands,EU-EFTA,FFP,FFPP,,,FFPP - Fresh Fishery Products Plant,,
220928,Visgroothandel Snoek,Westgat 12,Urk,8321,"Flevoland,Netherlands",Netherlands,EU-EFTA,FFP,FFPP,,,FFPP - Fresh Fishery Products Plant,,
6053,Visgroothandel W. van Wijk B.V.,Visafslagweg 22,'S-Gravenhage,2583,"South Holland,Netherlands",Netherlands,EU-EFTA,FFP,PP FFPP,,,PP - Processing Plant | FFPP - Fresh Fishery Products Plant,,
6181,Vishandel Bunschoten,Energieweg 10,Huizen,1271,"North Holland,Netherlands",Netherlands,EU-EFTA,FFP,FFPP,,,FFPP - Fresh Fishery Products Plant,,
6963,Vishandel G & B Yerseke,Kreeft 35,Yerseke,4401,"Zeeland,Netherlands",Netherlands,EU-EFTA,FFP,PP FFPP,,,PP - Processing Plant | FFPP - Fresh Fishery Products Plant,,
6603,Vishandel Gebr. Ras B.V.,Zuidoostrak 1,Urk,8321,"Flevoland,Netherlands",Netherlands,EU-EFTA,FFP,FFPP,,,FFPP - Fresh Fishery Products Plant,,
207618,Vishandel Groningen B.V.,Lamsoor 11,Groningen,9738,"Groningen,Netherlands",Netherlands,EU-EFTA,FFP,FFPP PP,,,FFPP - Fresh Fishery Products Plant | PP - Processing Plant,,
6812,Vishandel Heinen & Koelewijn B.V.,Ansjovisweg 34,Bunschoten Spakenburg,3751,"Utrecht,Netherlands",Netherlands,EU-EFTA,FFP,PP FFPP,,,PP - Processing Plant | FFPP - Fresh Fishery Products Plant,,
6150,Vishandel Jan Van As en Zonen B.V.,C Groothandelsmarkt 135 Pier E,Amsterdam,1051,"North Holland,Netherlands",Netherlands,EU-EFTA,FFP,FFPP,,,FFPP - Fresh Fishery Products Plant,,
6286,Vishandel Jan van As en Zonen B.V.,C Groothandelsmarkt 147,Amsterdam,1051,"North Holland,Netherlands",Netherlands,EU-EFTA,FFP,FFPP,,,FFPP - Fresh Fishery Products Plant,,
6755,Vishandel Klooster B.V.,De Trompet 4,Enkhuizen,1601,"North Holland,Netherlands",Netherlands,EU-EFTA,FFP,PP,,,PP - Processing Plant,,
6892,Vishandel Martien van Bakel,Hunnenpad 10,Oss,5349,"North Brabant,Netherlands",Netherlands,EU-EFTA,FFP,PP FFPP,,,PP - Processing Plant | FFPP - Fresh Fishery Products Plant,,
209889,Vishandel Metz,Reeweg 27,Ameland,9163,"Friesland,Netherlands",Netherlands,EU-EFTA,FFP,PP,,,PP - Processing Plant,,
208517,Vishandel Mike de Houck B.V.,Deltahoek 2,Breskens,4511,"Zeeland,Netherlands",Netherlands,EU-EFTA,FFP,PP FFPP,,,PP - Processing Plant | FFPP - Fresh Fishery Products Plant,,
6797,Vishandel Schot Tholen B.V.,Marconiweg 2,Tholen,4691,"Zeeland,Netherlands",Netherlands,EU-EFTA,FFP,PP FFPP,,,PP - Processing Plant | FFPP - Fresh Fishery Products Plant,,
20552,Vishandel Sperling,Stoofweg 17,Ouddorp,3253,"South Holland,Netherlands",Netherlands,EU-EFTA,FFP,PP FFPP,,,PP - Processing Plant | FFPP - Fresh Fishery Products Plant,,
6246,Vishandel T. Wennekes B.V.,Weteringstraat 1,'s-Heerenberg,7041,"Gelderland,Netherlands",Netherlands,EU-EFTA,FFP,FFPP PP,,,FFPP - Fresh Fishery Products Plant | PP - Processing Plant,,
6374,Vishandel VD 119 B.V.,Morseweg 4 A,Volendam,1131,"North Holland,Netherlands",Netherlands,EU-EFTA,FFP,PP FFPP,,,PP - Processing Plant | FFPP - Fresh Fishery Products Plant,,
6777,Vishandel Van As Zeeland B.V.,Korringaweg 33,Yerseke,4401,"Zeeland,Netherlands",Netherlands,EU-EFTA,FFP,FFPP,,,FFPP - Fresh Fishery Products Plant,,
226937,Vismeesters B.V.,Inschot 7,Urk,8321,"Flevoland,Netherlands",Netherlands,EU-EFTA,FFP,FFPP,,,FFPP - Fresh Fishery Products Plant,,
226430,Visrokerij Quaars,Dokweg 12,Breskens,4511,"Zeeland,Netherlands",Netherlands,EU-EFTA,FFP,FFPP PP,,,FFPP - Fresh Fishery Products Plant | PP - Processing Plant,,
6683,Visserijbedrijf R.W. Van Der Burg,Nieuwlanderweg 4,Den Oever,1779,"North Holland,Netherlands",Netherlands,EU-EFTA,FFP,PP,,,PP - Processing Plant,,
6667,Visveiling Insula B.V.,Nieuwe Vissershaven 25,Harlingen,8861,"Friesland,Netherlands",Netherlands,EU-EFTA,FFP,AH FFPP,,,AH - Auction Hall | FFPP - Fresh Fishery Products Plant,,
6671,Visveiling Urk B.V.,Westwal 2,Urk,8321,"Flevoland,Netherlands",Netherlands,EU-EFTA,FFP,AH FFPP,,,AH - Auction Hall | FFPP - Fresh Fishery Products Plant,,
06757,Vitablend Nederland B.V.,Frisaxstraat 1,Wolvega,8471,"Friesland,Netherlands",Netherlands,EU-EFTA,FFP,PP,,,PP - Processing Plant,,
514,Vriescentrale Asten B.V.,Laagveld 1,Asten,5721,"North Brabant,Netherlands",Netherlands,EU-EFTA,FFP,FFPP,,,FFPP - Fresh Fishery Products Plant,,
6822,W & A Fish B.V.,Krab 9,Yerseke,4401,"Zeeland,Netherlands",Netherlands,EU-EFTA,FFP,FFPP,,,FFPP - Fresh Fishery Products Plant,,
ZK-16,W. J. Visser,Dokkumerloane 2,Wâlterswâld,9113,"Friesland,Netherlands",Netherlands,EU-EFTA,FFP,FV,,,FV - Factory Vessel,,
6064,W.G. Den Heijer & Zn.,Vissershavenweg 50,'S-Gravenhage,2583,"South Holland,Netherlands",Netherlands,EU-EFTA,FFP,PP FFPP,,,PP - Processing Plant | FFPP - Fresh Fishery Products Plant,,
WK-10,WK-10,,Workum,8711,"Friesland,Netherlands",Netherlands,EU-EFTA,FFP,FV,,,FV - Factory Vessel,,
WL-18,WL-18,,Anjum,9133,"Friesland,Netherlands",Netherlands,EU-EFTA,FFP,FV,,,FV - Factory Vessel,,
WL-20,WL-20,,Paesens,9136,"Friesland,Netherlands",Netherlands,EU-EFTA,FFP,FV,,,FV - Factory Vessel,,
WL-22,WL-22,,Moddergat,9142,"Friesland,Netherlands",Netherlands,EU-EFTA,FFP,FV,,,FV - Factory Vessel,,
WL-28,WL-28,,Wierum,9141,"Friesland,Netherlands",Netherlands,EU-EFTA,FFP,FV,,,FV - Factory Vessel,,
WL-8,WL-8,,Dokkum,9101,"Friesland,Netherlands",Netherlands,EU-EFTA,FFP,FV,,,FV - Factory Vessel,,
WR-108,WR-108,,Den Oever,1779,"North Holland,Netherlands",Netherlands,EU-EFTA,FFP,FV,,,FV - Factory Vessel,,
WR-109,WR-109,,Den Oever,1779,"North Holland,Netherlands",Netherlands,EU-EFTA,FFP,FV,,,FV - Factory Vessel,,
WR-12,WR-12,,Den Oever,1779,"North Holland,Netherlands",Netherlands,EU-EFTA,FFP,FV,,,FV - Factory Vessel,,
WR-181,WR-181,,Den Oever,1779,"North Holland,Netherlands",Netherlands,EU-EFTA,FFP,FV,,,FV - Factory Vessel,,
WR-2,WR-2,,Den Oever,1779,"North Holland,Netherlands",Netherlands,EU-EFTA,FFP,FV,,,FV - Factory Vessel,,
WR-20,WR-20,,Den Oever,1779,"North Holland,Netherlands",Netherlands,EU-EFTA,FFP,FV,,,FV - Factory Vessel,,
WR-21,WR-21,,Den Helder,1782,"North Holland,Netherlands",Netherlands,EU-EFTA,FFP,FV,,,FV - Factory Vessel,,
WR-212,WR-212,,Den Oever,1779,"North Holland,Netherlands",Netherlands,EU-EFTA,FFP,FV,,,FV - Factory Vessel,,
WR-22,WR-22,,Someren,5704,"North Brabant,Netherlands",Netherlands,EU-EFTA,FFP,FV,,,FV - Factory Vessel,,
WR-230,WR-230,,Den Oever,1779,"North Holland,Netherlands",Netherlands,EU-EFTA,FFP,FV,,,FV - Factory Vessel,,
WR-27,WR-27,,Den Oever,1779,"North Holland,Netherlands",Netherlands,EU-EFTA,FFP,FV,,,FV - Factory Vessel,,
WR-274,WR-274,,Den Oever,1779,"North Holland,Netherlands",Netherlands,EU-EFTA,FFP,FV,,,FV - Factory Vessel,,
WR-29,WR-29,,Den Oever,1779,"North Holland,Netherlands",Netherlands,EU-EFTA,FFP,FV,,,FV - Factory Vessel,,
WR-3,WR-3,,Den Oever,1779,"North Holland,Netherlands",Netherlands,EU-EFTA,FFP,FV,,,FV - Factory Vessel,,
WR-40,WR-40,,Den Oever,1779,"North Holland,Netherlands",Netherlands,EU-EFTA,FFP,FV,,,FV - Factory Vessel,,
WR-50,WR-50,,Hippolytushoef,1777,"North Holland,Netherlands",Netherlands,EU-EFTA,FFP,FV,,,FV - Factory Vessel,,
WR-54,WR-54,,Den Oever,1779,"North Holland,Netherlands",Netherlands,EU-EFTA,FFP,FV,,,FV - Factory Vessel,,
WR-57,WR-57,,Den Oever,1779,"North Holland,Netherlands",Netherlands,EU-EFTA,FFP,FV,,,FV - Factory Vessel,,
WR-80,WR-80,,Hippolytushoef,1777,"North Holland,Netherlands",Netherlands,EU-EFTA,FFP,FV,,,FV - Factory Vessel,,
WR-88,WR-88,,Den Oever,1779,"North Holland,Netherlands",Netherlands,EU-EFTA,FFP,FV,,,FV - Factory Vessel,,
WR-89,WR-89,,Hippolytushoef,1777,"North Holland,Netherlands",Netherlands,EU-EFTA,FFP,FV,,,FV - Factory Vessel,,
WR-98,WR-98,,Den Oever,1779,"North Holland,Netherlands",Netherlands,EU-EFTA,FFP,FV,,,FV - Factory Vessel,,
209175,Warung Catering Services B.V.,Klopperman 51,Wateringen,2292,"South Holland,Netherlands",Netherlands,EU-EFTA,FFP,PP,,,PP - Processing Plant,,
602,Westland Salades B.V.,Elbe 2,'S-Gravenhage,2491,"South Holland,Netherlands",Netherlands,EU-EFTA,FFP,PP,,,PP - Processing Plant,,
217012,Wiegersma Zeevishandel B.V.,Ossenkamp 2 R,Zwolle,8024,"Overijssel,Netherlands",Netherlands,EU-EFTA,FFP,FFPP PP,,,FFPP - Fresh Fishery Products Plant | PP - Processing Plant,,
214066,Wijngaarden B.V.,Halkade 56,IJmuiden,1976,"North Holland,Netherlands",Netherlands,EU-EFTA,FFP,FFPP,,,FFPP - Fresh Fishery Products Plant,,
217278,Wing Wah Food,Pottenbakkerstraat 24,Ridderkerk,2984,"South Holland,Netherlands",Netherlands,EU-EFTA,FFP,PP FFPP,,,PP - Processing Plant | FFPP - Fresh Fishery Products Plant,,
227939,Wing Wah Food,Pottenbakkerstraat 16,Ridderkerk,2984,"South Holland,Netherlands",Netherlands,EU-EFTA,FFP,PP,,,PP - Processing Plant,,
6191,Wout Taal B.V.,Visafslagweg 14,'S-Gravenhage,2583,"South Holland,Netherlands",Netherlands,EU-EFTA,FFP,PP FFPP,,,PP - Processing Plant | FFPP - Fresh Fishery Products Plant,,
220276,Xiao's Import & Export B.V.,Breehorn 8 A,Urk,8321,"Flevoland,Netherlands",Netherlands,EU-EFTA,FFP,FFPP,,,FFPP - Fresh Fishery Products Plant,,
218223,Xiè Foods B.V.,Marconistraat 3,Franeker,8801,"Friesland,Netherlands",Netherlands,EU-EFTA,FFP,PP,,,PP - Processing Plant,,
223124,Xprez Retail Services B.V.,Antennestraat 32,Almere,1322,"Flevoland,Netherlands",Netherlands,EU-EFTA,FFP,PP,,,PP - Processing Plant,,
YE-139,YE-139,,Goes,4465,"Zeeland,Netherlands",Netherlands,EU-EFTA,FFP,FV,,,FV - Factory Vessel,,
YE-76,YE-76,,Yerseke,4401,"Zeeland,Netherlands",Netherlands,EU-EFTA,FFP,FV,,,FV - Factory Vessel,,
ZK-11,ZK-11,,Zoutkamp,9974,"Groningen,Netherlands",Netherlands,EU-EFTA,FFP,FV,,,FV - Factory Vessel,,
ZK-12,ZK-12,,Zoutkamp,9974,"Groningen,Netherlands",Netherlands,EU-EFTA,FFP,FV,,,FV - Factory Vessel,,
ZK-13,ZK-13,,Lauwersoog,9976,"Groningen,Netherlands",Netherlands,EU-EFTA,FFP,FV,,,FV - Factory Vessel,,
ZK-14,ZK-14,,Lauwersoog,9976,"Groningen,Netherlands",Netherlands,EU-EFTA,FFP,FV,,,FV - Factory Vessel,,
ZK-17,ZK-17,,Zoutkamp,9974,"Groningen,Netherlands",Netherlands,EU-EFTA,FFP,FV,,,FV - Factory Vessel,,
ZK-23,ZK-23,,Zoutkamp,9974,"Groningen,Netherlands",Netherlands,EU-EFTA,FFP,FV,,,FV - Factory Vessel,,
ZK-37,ZK-37,,Warffum,9989,"Groningen,Netherlands",Netherlands,EU-EFTA,FFP,FV,,,FV - Factory Vessel,,
ZK-46,ZK-46,,Zoutkamp,9974,"Groningen,Netherlands",Netherlands,EU-EFTA,FFP,FV,,,FV - Factory Vessel,,
ZK-48,ZK-48,,Zoutkamp,9974,"Groningen,Netherlands",Netherlands,EU-EFTA,FFP,FV,,,FV - Factory Vessel,,
ZK-5,ZK-5,,Zoutkamp,9974,"Groningen,Netherlands",Netherlands,EU-EFTA,FFP,FV,,,FV - Factory Vessel,,
222838,Zalmboerderij Maashorst B.V.,Lageburchtweg 4 A,Uden,5406,"North Brabant,Netherlands",Netherlands,EU-EFTA,FFP,FFPP PP,,,FFPP - Fresh Fishery Products Plant | PP - Processing Plant,,
223013,Zalmhuys Processing B.V.,Ambachtsweg 14,Urk,8321,"Flevoland,Netherlands",Netherlands,EU-EFTA,FFP,FFPP,,,FFPP - Fresh Fishery Products Plant,,
222318,Zalmhuys Smokery B.V.,Amsteldiep 3,Urk,8321,"Flevoland,Netherlands",Netherlands,EU-EFTA,FFP,PP,,,PP - Processing Plant,,
223819,Zeeuws Vis Huys B.V.,Albert Plesmanweg 10,Goes,4462,"Zeeland,Netherlands",Netherlands,EU-EFTA,FFP,PP,,,PP - Processing Plant,,
6660,Zeeuwse Visveiling Vlissingen B.V.,Eerste Binnenhavenweg 11,Vlissingen,4382,"Zeeland,Netherlands",Netherlands,EU-EFTA,FFP,AH,,,AH - Auction Hall,,
6265,Zeevisgroothandel C.J. Langbroek B.V.,Strandweg 30,IJmuiden,1976,"North Holland,Netherlands",Netherlands,EU-EFTA,FFP,FFPP,,,FFPP - Fresh Fishery Products Plant,,
6253,Zeevisgroothandel Deunk B.V.,Wooldseweg 62,Winterswijk Woold,7108,"Gelderland,Netherlands",Netherlands,EU-EFTA,FFP,FFPP,,,FFPP - Fresh Fishery Products Plant,,
217595,Zeevisgroothandel Leo Plugge B.V.,Riepel 8 D,Urk,8321,"Flevoland,Netherlands",Netherlands,EU-EFTA,FFP,FFPP,,,FFPP - Fresh Fishery Products Plant,,
6628,Zeevisgroothandel N. Visser B.V.,Halkade 74,IJmuiden,1976,"North Holland,Netherlands",Netherlands,EU-EFTA,FFP,FFPP,,,FFPP - Fresh Fishery Products Plant,,
6510,Zeevisgroothandel Poppe B.V.,Arnesteinweg 33,Middelburg,4338,"Zeeland,Netherlands",Netherlands,EU-EFTA,FFP,FFPP,,,FFPP - Fresh Fishery Products Plant,,
218140,Zeevisgroothandel V.S.V.-van Slooten Vis IJmuiden,Strandweg 16,IJmuiden,1976,"North Holland,Netherlands",Netherlands,EU-EFTA,FFP,FFPP,,,FFPP - Fresh Fishery Products Plant,,
6274,Zeevisgroothandel V.S.V.-van Slooten Vis IJmuiden,Vissershavenstraat 35 A,IJmuiden,1976,"North Holland,Netherlands",Netherlands,EU-EFTA,FFP,FFPP,,,FFPP - Fresh Fishery Products Plant,,
6157,Zeevishandel Jan Prins B.V.,Middenhavenstraat 72,IJmuiden,1976,"North Holland,Netherlands",Netherlands,EU-EFTA,FFP,FFPP,,,FFPP - Fresh Fishery Products Plant,,
6217,Zeevishandel Meeusen B.V.,Deltahoek 170,Breskens,4511,"Zeeland,Netherlands",Netherlands,EU-EFTA,FFP,PP FFPP,,,PP - Processing Plant | FFPP - Fresh Fishery Products Plant,,
6164,Zeevishandel Mercuur Ijmuiden,Dokweg 22,IJmuiden,1976,"North Holland,Netherlands",Netherlands,EU-EFTA,FFP,FFPP,,,FFPP - Fresh Fishery Products Plant,,
224575,Zeevishandel Romkes,Katwijkerbroek 73,Katwijk,2223,"South Holland,Netherlands",Netherlands,EU-EFTA,FFP,PP FFPP,,,PP - Processing Plant | FFPP - Fresh Fishery Products Plant,,
210672,Zegro-Centrum Rotterdam B.V.,Schuttevaerweg 24,Rotterdam,3044,"South Holland,Netherlands",Netherlands,EU-EFTA,FFP,FFPP,,,FFPP - Fresh Fishery Products Plant,,
221094,Zijpe Stijl B.V.,Dintel 1,Gemert,5422,"North Brabant,Netherlands",Netherlands,EU-EFTA,FFP,PP,,,PP - Processing Plant,,
217241,Zorgmaaltijd B.V.,Achillesstraat 290,Rotterdam,3054,"South Holland,Netherlands",Netherlands,EU-EFTA,FFP,PP,,,PP - Processing Plant,,
219284,Zoutkamper handelsonderneming in Vers Producten B.V.,Nijverheidsweg 1,Leens,9965,"Groningen,Netherlands",Netherlands,EU-EFTA,FFP,PP,,,PP - Processing Plant,,
55,Zwanenberg Food Oss B.V.,Molenweg 80,Oss,5349,"North Brabant,Netherlands",Netherlands,EU-EFTA,FFP,PP,,,PP - Processing Plant,,
220159,de Blok visserij B.V.,Meester Snijderweg 57,Stellendam,3251,"South Holland,Netherlands",Netherlands,EU-EFTA,FFP,PP,,,PP - Processing Plant,,
823,meisum.nl B.V.,Bolnesstraat 8,Rotterdam,3076,"South Holland,Netherlands",Netherlands,EU-EFTA,FFP,PP FFPP,,,PP - Processing Plant | FFPP - Fresh Fishery Products Plant,,
226,van der Zee Vleesgrootverbruik B.V.,Eerste Bokslootweg 22,Emmen,7821,"Drenthe,Netherlands",Netherlands,EU-EFTA,FFP,PP,,,PP - Processing Plant,,
228063,woordvis B.V.,Scheurrak 3,Urk,8321,"Flevoland,Netherlands",Netherlands,EU-EFTA,FFP,FFPP,,,FFPP - Fresh Fishery Products Plant,,
