approval_number,name,address,city,postcode,region,country,group,section,activity,slaughter,species,remarks,date_of_approval,publication_date
NO372,AASHEIM KJØTT AS,Teglverksveien 49,Solbergelva,3057,Buskerud,Norway,EU-EFTA,RM,CP,N,,CP - Cutting Plant,,
1852,AVD KJUS VILT SLAKT AVD KJUS BEST GUN,Kongeveien 35,Ås,1433,Akershus,Norway,EU-EFTA,RM,CP,N,,CP - Cutting Plant,,
NO166,AXEL ANDERSEN AS,Nedre Eikervei 49,Drammen,3045,Buskerud,Norway,EU-EFTA,RM,CP,N,,CP - Cutting Plant,,
1000,Alf Strøm-Larsen AS avd Furuset,Professor Birkelands vei 28C,Oslo,0976,Oslo,Norway,EU-EFTA,RM,CP,N,bovine ovine,CP - Cutting Plant,,
102,Animalia AS avd Økern Torgvei Oslo,Økern torgvei 13,Oslo,0580,Oslo,Norway,EU-EFTA,RM,CP,N,bovine caprine ovine,CP - Cutting Plant,,
2610,BEERENBERGER AS,Tempevegen 22,Trondheim,7035,Trøndelag,Norway,EU-EFTA,RM,CP,N,,CP - Cutting Plant,,
1580,BERGSTRØM KJØTT OG DELIKATESSE AS,Isebakkeveien 55,Halden,1788,Østfold,Norway,EU-EFTA,RM,CP,N,,CP - Cutting Plant,,
1420,BR LUNDAL AS LUNDAL PRODUKSJON,Frakkagjerdvegen 90,Frakkagjerd,5563,Rogaland,Norway,EU-EFTA,RM,CP,N,ovine,CP - Cutting Plant,,
NO1678,BRUBAKKEN BRØDRENE AS,Gamle Kragerøvei 29,Kragerø,3770,Telemark,Norway,EU-EFTA,RM,CP,N,,CP - Cutting Plant,,
979,BRØDRENE RINGSTAD AS AVD PRODUKSJON BEDRIFTSVEIEN,Bedriftsveien 10,Rakkestad,1890,Østfold,Norway,EU-EFTA,RM,CP,N,,CP - Cutting Plant,,
220,Berg - gård AS,Kjelvikvegen 71,Inderøy,7670,Trøndelag,Norway,EU-EFTA,RM,SH,Y,caprine ovine,SH - Slaughterhouse,,
1279,Bjorli Fjellmat AS,Vasstårnvegen 1,Bjorli,2669,Oppland,Norway,EU-EFTA,RM,CP,N,,CP - Cutting Plant,,
1629,BØ GÅRDSSLAKTERI AS,Øver-Bø 5,Sortland,8404,Nordland,Norway,EU-EFTA,RM,SH,Y,,SH - Slaughterhouse,,
267,DALPRO AS AVD HITRA,Hammerstadveien 1,Melandsjø,7250,Trøndelag,Norway,EU-EFTA,RM,CP SH,Y,,CP - Cutting Plant | SH - Slaughterhouse,,
706,Dagfinn Spikkelands viltslakteri,Hønemyrveien 19,Øvland,4646,,Norway,EU-EFTA,RM,CP,N,,"Vest-Agder,West Agder | CP - Cutting Plant",,
291,ERTNES KJØTT AS AVD PRODUKSJON,Værftsgata 2,Moss,1511,Østfold,Norway,EU-EFTA,RM,CP,N,,CP - Cutting Plant,,
451,EVANGER PØLSEFABRIKK AS,Teigdalsvegen 296,Evanger,5707,Hordaland,Norway,EU-EFTA,RM,CP,N,,CP - Cutting Plant,,
332,Edelgard As,Buktavegen 17,Vestnes,6390,Møre og Romsdal,Norway,EU-EFTA,RM,CP,N,,CP - Cutting Plant,,
1215,Eidsmo Kjøtt AS,Rosmælen 14,Kvål,7228,Trøndelag,Norway,EU-EFTA,RM,CP,N,,CP - Cutting Plant,,
160,FATLAND OSLO AS,PROFESSOR BIRKELAND VEI 30,Oslo,1178,Oslo,Norway,EU-EFTA,RM,SH CP,Y,bovine caprine ovine,SH - Slaughterhouse | CP - Cutting Plant,,
141,FATLAND ØLEN AS,"Øvrehagen 2, 5580 Ølen",Ølen,5580,Rogaland,Norway,EU-EFTA,RM,SH CP,Y,bovine caprine ovine porcine equine,SH - Slaughterhouse | CP - Cutting Plant,,
1757,FG Kjøttsenter AS,Prof. Birkelands vei 30 A,Oslo,0976,Oslo,Norway,EU-EFTA,RM,CP,N,ovine,CP - Cutting Plant,,
209,FJORDAMENY,Sørstrandsvegen 16,Sandane,6823,Sogn og Fjordane,Norway,EU-EFTA,RM,CP,N,caprine ovine porcine bovine,CP - Cutting Plant,,
2500,FRESH FOOD AS,Skredderveien 7,Moss,1537,Østfold,Norway,EU-EFTA,RM,CP,N,,CP - Cutting Plant,,
1496,Fjellgarden Hovden AS,Breievegen 34,Hovden,4755,East Agder,Norway,EU-EFTA,RM,CP,N,,CP - Cutting Plant,,
181,HORNS SLAKTERI,Fygleveien 69,Leknes,8370,Nordland,Norway,EU-EFTA,RM,CP SH,Y,,CP - Cutting Plant | SH - Slaughterhouse,,
212,HURRAN VILLSAU AINA TARALDSEN SANDVIK,Sørfrøyveien 246,Hamarvik,7263,Trøndelag,Norway,EU-EFTA,RM,CP SH,Y,,CP - Cutting Plant | SH - Slaughterhouse,,
2482,Hafjell Slakteri AS,Strømshuguvegen 28,Øyer,2636,Oppland,Norway,EU-EFTA,RM,SH CP,Y,,SH - Slaughterhouse | CP - Cutting Plant,,
1913,Haugen Gardsmat Drift AS,Brekkevegen 51,Flåm,5743,Sogn og Fjordane,Norway,EU-EFTA,RM,CP,N,,CP - Cutting Plant,,
1509,Hognamat AS,Terminalveien 15,Berkåk,7391,Trøndelag,Norway,EU-EFTA,RM,CP,N,,CP - Cutting Plant,,
2658,INGE HÅRSTAD,Breivikveien 90,Åfjord,7170,Trøndelag,Norway,EU-EFTA,RM,SH,Y,,SH - Slaughterhouse,,
2244,INGE SCHANKE,Nesveien 391,Oksvoll,7165,Trøndelag,Norway,EU-EFTA,RM,SH,Y,,SH - Slaughterhouse,,
470,Jens Eide AS,Gaupemyrheia 16,Lillesand,4790,East Agder,Norway,EU-EFTA,RM,SH CP,Y,,SH - Slaughterhouse | CP - Cutting Plant,,
286,KANDAL KJØT DA,Kandal,Sandane,6823,Sogn og Fjordane,Norway,EU-EFTA,RM,CP,N,caprine ovine porcine bovine,CP - Cutting Plant,,
515,KURAAS AS,Fagernessletta 10,Narvik,8514,Nordland,Norway,EU-EFTA,RM,CP,N,,CP - Cutting Plant,,
1680,KURT EIVIND MILJETEIG,Muslandsvegen 283,Uskedal,5463,Hordaland,Norway,EU-EFTA,RM,CP,N,caprine ovine porcine,CP - Cutting Plant,,
1524,Kanstadfjord Vestre Hinnøy reinbeitedistrikt,Kanstad,Lødingen,8410,Nordland,Norway,EU-EFTA,RM,CP SH,Y,,CP - Cutting Plant | SH - Slaughterhouse,,
274,Krosby AS,Stanseveien 27D,Oslo,0976,Oslo,Norway,EU-EFTA,RM,CP,N,bovine caprine ovine,CP - Cutting Plant,,
1885,LARS INGVALD FOLKEDAL,Folkedalsvegen 243,Granvin,5736,Hordaland,Norway,EU-EFTA,RM,CP SH,Y,bovine caprine ovine porcine equine,CP - Cutting Plant | SH - Slaughterhouse,,
2585,Meat Master AS,Henrik Wergelands gate 11,Kristiansand,4612,,Norway,EU-EFTA,RM,CP,N,,"Vest-Agder,West Agder | CP - Cutting Plant",,
2184,Mer Kjøtt AS,Kakkelovnskroken 2,Oslo,0950,Oslo,Norway,EU-EFTA,RM,CP,N,bovine caprine ovine,CP - Cutting Plant,,
1707,Metervare AS,Sinsenveien 11,Oslo,0568,Oslo,Norway,EU-EFTA,RM,CP,N,bovine ovine,CP - Cutting Plant,,
2624,NOR FOODS AS,Gillingsrødveien 9,Råde,1640,Østfold,Norway,EU-EFTA,RM,CP,N,,CP - Cutting Plant,,
142,NORDFJORD KJØTT AS,Lovikvegen 32,Loen,6789,Sogn og Fjordane,Norway,EU-EFTA,RM,CP,N,caprine ovine equine porcine bovine,CP - Cutting Plant,,
143,NORDFJORD KJØTT SLAKT AS,Lovikvegen 32,Loen,6789,Sogn og Fjordane,Norway,EU-EFTA,RM,SH,Y,caprine ovine equine porcine bovine,SH - Slaughterhouse,,
1582,Norfersk AS,Sloraveien 60,Hærland,1878,Østfold,Norway,EU-EFTA,RM,CP,N,,CP - Cutting Plant,,
111,Nortura SA Avd Forus,Gamle Forusveien 50,Stavanger,4031,Rogaland,Norway,EU-EFTA,RM,SH CP,Y,porcine ovine caprine bovine equine,SH - Slaughterhouse | CP - Cutting Plant,,
101,Nortura SA Av Sarpsborg,Ludvig Enges vei 15,Sarpsborg,1722,Østfold,Norway,EU-EFTA,RM,CP SH,Y,,CP - Cutting Plant | SH - Slaughterhouse,,
110,Nortura SA Avd Gol,Gamlevegen 20,Gol,3550,Buskerud,Norway,EU-EFTA,RM,SH CP,Y,bovine caprine ovine equine,SH - Slaughterhouse | CP - Cutting Plant,,
802,Nortura SA Avd Karasjok,Kautokeinoveien 6,Karasjok,9730,Finnmark,Norway,EU-EFTA,RM,SH,Y,bovine caprine ovine porcine,SH - Slaughterhouse,,
309,Nortura SA Avd Malvik,Stavsjøvegen 14,Hommelvik,7550,Trøndelag,Norway,EU-EFTA,RM,SH CP,Y,,SH - Slaughterhouse | CP - Cutting Plant,,
116,Nortura SA Avd Sandeid,Saudavegen 5753,Sandeid,5585,Rogaland,Norway,EU-EFTA,RM,SH CP,Y,bovine caprine ovine porcine equine,SH - Slaughterhouse | CP - Cutting Plant,,
155,Nortura SA Avd. Målselv,Andslimoen,Bardufoss,9325,Troms,Norway,EU-EFTA,RM,CP SH,Y,,CP - Cutting Plant | SH - Slaughterhouse,,
121,Nortura SA avd Steinkjer,Hamnegata 28,Steinkjer,7714,Trøndelag,Norway,EU-EFTA,RM,CP SH,Y,,CP - Cutting Plant | SH - Slaughterhouse,,
103,Nortura SA avd. Slakteri Rudshøgda,Leinskogen 14,Rudshøgda,2360,Hedmark,Norway,EU-EFTA,RM,CP SH,Y,bovine caprine ovine porcine,CP - Cutting Plant | SH - Slaughterhouse,,
113,Nortura SA. Avd. Egersund,Tengsareidveien 7,Egersund,4373,Rogaland,Norway,EU-EFTA,RM,SH CP,Y,,SH - Slaughterhouse | CP - Cutting Plant,,
109,Nortura SA. Avd. Tønsberg,Åskollen 3,Sem,3170,Vestfold,Norway,EU-EFTA,RM,SH CP,Y,,SH - Slaughterhouse | CP - Cutting Plant,,
2471,Nye Kjøttsentralen AS,Pottemakerveien 4,Oslo,0976,Oslo,Norway,EU-EFTA,RM,CP,N,bovine caprine ovine,CP - Cutting Plant,,
1519,Nye Mykland Vilt As,Telemarksveien 420,Hynnekleiv,4830,East Agder,Norway,EU-EFTA,RM,CP,N,,CP - Cutting Plant,,
371,Oppdal Spekemat AS,Høgmovegen 22,Oppdal,7340,Trøndelag,Norway,EU-EFTA,RM,CP,N,,CP - Cutting Plant,,
2972,Pellestova Hotell AS,Hundersætervegen 910,Øyer,2636,Oppland,Norway,EU-EFTA,RM,CP,N,,CP - Cutting Plant,,
178,Røros Slakteri AS,Tollef Bredals vei 4,Røros,7374,Trøndelag,Norway,EU-EFTA,RM,CP SH,Y,,CP - Cutting Plant | SH - Slaughterhouse,,
1567,Rørosrein AS,Hagaveien 17,Røros,7374,Trøndelag,Norway,EU-EFTA,RM,CP,N,,CP - Cutting Plant,,
Safari Engros AS,Safari Engros AS,"Fjordbase, Bygg 3",Florø,6900,Sogn og Fjordane,Norway,EU-EFTA,RM,CP,N,,CP - Cutting Plant,,
2513,Sagløkken Hjorteoppdrett AS,Lundadalsveien 164,Lundamo,7232,Trøndelag,Norway,EU-EFTA,RM,CP,N,,CP - Cutting Plant,,
NO711,Siljanhjort AS,Austadveien 209,Siljan,3748,Telemark,Norway,EU-EFTA,RM,CP,N,,CP - Cutting Plant,,
951,SkjåkMat/ Skjåk turistheim Skeid kro AS,Skjåkvegen 1184,Skjåk,2690,Oppland,Norway,EU-EFTA,RM,CP,N,,CP - Cutting Plant,,
123,Slaktehuset Eidsmo Dullum AS Avd Oppdal,Industriveien 44,Oppdal,7340,Trøndelag,Norway,EU-EFTA,RM,CP SH,Y,,CP - Cutting Plant | SH - Slaughterhouse,,
177,Slaktehuset Eidsmo Dullum AS avd Kvål,Rosmælen,Kvål,7228,Trøndelag,Norway,EU-EFTA,RM,SH,Y,,SH - Slaughterhouse,,
105,Stensaas Reinsdyrslakteri AS,Feragsveien 11,Røros,7375,Trøndelag,Norway,EU-EFTA,RM,CP,N,,CP - Cutting Plant,,
2330,Sundbygd gård slakteri og butikk AS,Sundbygdvegen 310,Malm,7790,Trøndelag,Norway,EU-EFTA,RM,SH,Y,bovine ovine,SH - Slaughterhouse,,
368,Sørlandskjøtt,Mjåvannsvegen 61,Kristiansand,4628,,Norway,EU-EFTA,RM,CP,N,,"Vest-Agder,West Agder | CP - Cutting Plant",,
2437,Trondheim Slaktehus AS,Nordslettvegen 3,Trondheim,7038,Trøndelag,Norway,EU-EFTA,RM,CP,N,,CP - Cutting Plant,,
276,VOSS GARDSSLAKTERI SA,Selheimsvegen 128,Voss,5706,Hordaland,Norway,EU-EFTA,RM,CP SH,Y,bovine caprine ovine porcine,CP - Cutting Plant | SH - Slaughterhouse,,
Vikja AS,Vikja AS,Seljadalsvegen 17,Vik i Sogn,6893,Sogn og Fjordane,Norway,EU-EFTA,RM,CP SH,Y,ovine bovine,CP - Cutting Plant | SH - Slaughterhouse,,
1886,Åkeberg-Skoglunn pølsemakeri AS avd Professor Birkelands vei Oslo,Professor Birkeland vei 28,Oslo,0976,Oslo,Norway,EU-EFTA,RM,CP,N,bovine ovine,CP - Cutting Plant,,
NO2616,AVEMPRO AS,Krokstad Industriområde 25,Krokstadelva,3055,Buskerud,Norway,EU-EFTA,PM,CP,N,,CP - Cutting Plant,,
979,BRØDRENE RINGSTAD AS AVD PRODUKSJON BEDRIFTSVEIEN,Bedriftsveien 10,Rakkestad,1890,Østfold,Norway,EU-EFTA,PM,CP,N,,CP - Cutting Plant,,
2596,FOODPARTNER AS AVD PRODUKSJON,Solgaard Skog 1,Moss,1599,Østfold,Norway,EU-EFTA,PM,CP,N,,CP - Cutting Plant,,
2500,FRESH FOOD AS,Skredderveien 7,Moss,1537,Østfold,Norway,EU-EFTA,PM,CP,N,,CP - Cutting Plant,,
NO 536,Holte Gård Drangedal AS,Holtefjella 44,Drangedal,3750,Telemark,Norway,EU-EFTA,PM,SH CP,Y,,SH - Slaughterhouse | CP - Cutting Plant,,
1944,Hå Kylling AS,Næringsvegen 25,Nærbø,4365,Rogaland; A Poultry,Norway,EU-EFTA,PM,CP,N,,CP - Cutting Plant,,
2184,Mer Kjøtt AS,Kakkelovnskroken 2,Oslo,0950,Oslo; A Poultry,Norway,EU-EFTA,PM,CP,N,,CP - Cutting Plant,,
2624,NOR FOODS AS,Gillingsrødveien 9,Råde,1640,Østfold,Norway,EU-EFTA,PM,CP,N,,CP - Cutting Plant,,
2543,NORSK KYLLING AS AVD ORKDAL,Havneveien 43,Orkanger,7300,Trøndelag,Norway,EU-EFTA,PM,CP SH,Y,,CP - Cutting Plant | SH - Slaughterhouse,,
1622,NYE HARLEM KJØTT AS,Haugeveien 40,Borgenhaugen,1738,Østfold,Norway,EU-EFTA,PM,CP,N,,CP - Cutting Plant,,
520,Nortura SA Avd Elverum,Industrigata 13,Elverum,2406,Hedmark; A Poultry,Norway,EU-EFTA,PM,SH CP,Y,,SH - Slaughterhouse | CP - Cutting Plant,,
522,Nortura SA Avd Hærland,Sloraveien 60,Hærland,1878,Østfold,Norway,EU-EFTA,PM,SH CP,Y,,SH - Slaughterhouse | CP - Cutting Plant,,
2471,Nye Kjøttsentralen AS,Pottemakerveien 4,Oslo,0976,Oslo; A Poultry,Norway,EU-EFTA,PM,CP,N,,CP - Cutting Plant,,
990,SMEDSTUEN ØRN AS,Industrivegen 82,Dal,2072,Akershus; A Poultry,Norway,EU-EFTA,PM,CP,N,,CP - Cutting Plant,,
NO718,ANDERS WÅLA,Åsveien 10,Skollenborg,3618,Buskerud,Norway,EU-EFTA,GM,SH,Y,,SH - Slaughterhouse,,
1852,AVD KJUS VILT SLAKT AVD KJUS BEST GUN,Kongeveien 35,Ås,1433,Akershus,Norway,EU-EFTA,GM,CP,N,,CP - Cutting Plant,,
1000,Alf Strøm-Larsen AS avd Furuset,Professor Birkelands vei 28C,Oslo,0976,Oslo,Norway,EU-EFTA,GM,CP,N,,CP - Cutting Plant,,
102,Animalia AS avd Økern Torgvei Oslo,Økern torgvei 13,Oslo,0580,Oslo; fG Farmed land mammals other than domestic ungulates,Norway,EU-EFTA,GM,CP,N,,CP - Cutting Plant,,
238,Arctic Rein og Vilt AS,Entreprenørveien 1,Mo i Rana,8610,Nordland,Norway,EU-EFTA,GM,CP,N,,CP - Cutting Plant,,
1478,BJØRNSTAD HJORTESLAKTERI,Markabygdvegen 167,Vikhammer,7560,Trøndelag,Norway,EU-EFTA,GM,SH,Y,,SH - Slaughterhouse,,
979,BRØDRENE RINGSTAD AS AVD PRODUKSJON BEDRIFTSVEIEN,Bedriftsveien 10,Rakkestad,1890,Østfold,Norway,EU-EFTA,GM,CP,N,,CP - Cutting Plant,,
NO721,BRØHOLT GÅRD KRISTIAN FØRDE,Brøholtveien 2,Spikkestad,3430,Buskerud,Norway,EU-EFTA,GM,CP SH,Y,,CP - Cutting Plant | SH - Slaughterhouse,,
1279,Bjorli Fjellmat AS,Vasstårnvegen 1,Bjorli,2669,Oppland,Norway,EU-EFTA,GM,CP,N,,CP - Cutting Plant,,
205,Brovold Trygve AS,Storgata 23,Stange,2335,Hedmark; fG Farmed land mammals other than domestic ungulates,Norway,EU-EFTA,GM,SH,Y,,SH - Slaughterhouse,,
267,DALPRO AS AVD HITRA,Hammerstadveien 1,Melandsjø,7250,Trøndelag,Norway,EU-EFTA,GM,CP SH,Y,,CP - Cutting Plant | SH - Slaughterhouse,,
706,Dagfinn Spikkelands viltslakteri,Hønemyrveien 19,Øvland,4646,,Norway,EU-EFTA,GM,SH CP,Y,,"Vest-Agder,West Agder | SH - Slaughterhouse | CP - Cutting Plant",,
NO2759,EIKER HJORT,Holteveien 191,Skotselv,3330,Buskerud,Norway,EU-EFTA,GM,SH,Y,,SH - Slaughterhouse,,
1496,Fjellgarden Hovden AS,Breievegen 34,Hovden,4755,East Agder,Norway,EU-EFTA,GM,CP,N,,CP - Cutting Plant,,
1334,Gjørv Gård,Korsavegen 123,Inderøy,7670,Trøndelag; fG Farmed land mammals other than domestic ungulates,Norway,EU-EFTA,GM,SH CP,Y,,SH - Slaughterhouse | CP - Cutting Plant,,
357,H BRAKSTAD EFTF AS,Leirvikåsen 31,Godvik,5179,Hordaland,Norway,EU-EFTA,GM,CP,N,,CP - Cutting Plant,,
1428,HAFSRØD JORD- OG SKOGBRUK,Hafsrødveien 5,Halden,1766,Østfold,Norway,EU-EFTA,GM,SH CP,Y,,SH - Slaughterhouse | CP - Cutting Plant,,
NO1862,HALVOR AAS,Aas Gårds vei 27,Holmsbu,3484,Buskerud,Norway,EU-EFTA,GM,SH,Y,,SH - Slaughterhouse,,
2482,Hafjell Slakteri AS,Strømshuguvegen 28,Øyer,2636,Oppland,Norway,EU-EFTA,GM,CP SH,Y,,CP - Cutting Plant | SH - Slaughterhouse,,
713,Helge Thorsvoll,Torsvollen,Brekken,7370,Trøndelag,Norway,EU-EFTA,GM,SH,Y,,SH - Slaughterhouse,,
1872,Henning Holm Kumle,Nyhushøgda 119,Gaupen,2355,Hedmark; fG Farmed land mammals other than domestic ungulates,Norway,EU-EFTA,GM,SH,Y,,SH - Slaughterhouse,,
470,Jens Eide AS,Gaupemyrheia 16,Lillesand,4790,East Agder,Norway,EU-EFTA,GM,CP SH,Y,,CP - Cutting Plant | SH - Slaughterhouse,,
1222,Knut Prestjordet,Skjåkvegen 148,Skjåk,2690,Oppland,Norway,EU-EFTA,GM,SH,Y,,SH - Slaughterhouse,,
Lund Hjort DA,Lund Hjort DA,Tønjum,Lærdal,6887,Sogn og Fjordane; fG Farmed land mammals other than domestic ungulates,Norway,EU-EFTA,GM,CP SH,Y,,CP - Cutting Plant | SH - Slaughterhouse,,
Marås Hjort,Marås Hjort,Mørkridsvegen 428,Skjolden,6876,Sogn og Fjordane; fG Farmed land mammals other than domestic ungulates,Norway,EU-EFTA,GM,CP SH,Y,,CP - Cutting Plant | SH - Slaughterhouse,,
715,Nordås Gårdskjøtt,Torsætervegen 250,Skreia,2848,Oppland; fG Farmed land mammals other than domestic ungulates,Norway,EU-EFTA,GM,CP,N,,CP - Cutting Plant,,
134,Nortura SA Avd Førde,Holtemyrane 6,Førde,6814,Sogn og Fjordane,Norway,EU-EFTA,GM,CP SH,Y,bovine porcine equine,CP - Cutting Plant | SH - Slaughterhouse,,
103,Nortura SA avd. Slakteri Rudshøgda,Leinskogen 14,Rudshøgda,2360,Hedmark; fG Farmed land mammals other than domestic ungulates,Norway,EU-EFTA,GM,CP SH,Y,,CP - Cutting Plant | SH - Slaughterhouse,,
1519,Nye Mykland Vilt As,Telemarksveien 420,Hynnekleiv,4830,East Agder,Norway,EU-EFTA,GM,SH CP,Y,,SH - Slaughterhouse | CP - Cutting Plant,,
2972,Pellestova Hotell AS,Hundersætervegen 910,Øyer,2636,Oppland,Norway,EU-EFTA,GM,SH CP,Y,,SH - Slaughterhouse | CP - Cutting Plant,,
1777,Per Solberg,Solberg,Brøttum,2372,Hedmark; fG Farmed land mammals other than domestic ungulates,Norway,EU-EFTA,GM,CP SH,Y,,CP - Cutting Plant | SH - Slaughterhouse,,
2589,RINGSTAD GÅRD LILLE,Ringstadhavna 7,Rolvsøy,1667,Østfold,Norway,EU-EFTA,GM,SH CP,Y,,SH - Slaughterhouse | CP - Cutting Plant,,
1567,Rørosrein AS,Hagaveien 17,Røros,7374,Trøndelag,Norway,EU-EFTA,GM,CP,N,,CP - Cutting Plant,,
990,SMEDSTUEN ØRN AS,Industrivegen 82,Dal,2072,Akershus; fG Farmed land mammals other than domestic ungulates,Norway,EU-EFTA,GM,CP,N,,CP - Cutting Plant,,
2513,Sagløkken Hjorteoppdrett AS,Lundadalsveien 164,Lundamo,7232,Trøndelag,Norway,EU-EFTA,GM,CP SH,Y,,CP - Cutting Plant | SH - Slaughterhouse,,
NO711,Siljanhjort AS,Austadveien 209,Siljan,3748,Telemark,Norway,EU-EFTA,GM,SH CP,Y,,SH - Slaughterhouse | CP - Cutting Plant,,
105/1843,Stensaas Reinsdyrslakteri AS,Feragsveien 11,Røros,7375,Trøndelag,Norway,EU-EFTA,GM,SH CP,Y,,SH - Slaughterhouse | CP - Cutting Plant,,
Stiftelsen Norsk Hjortesenter,Stiftelsen Norsk Hjortesenter,Kvalstad,Svanøybukt,6914,Sogn og Fjordane; fG Farmed land mammals other than domestic ungulates,Norway,EU-EFTA,GM,CP SH,Y,,CP - Cutting Plant | SH - Slaughterhouse,,
NO2430,SÆTHRE ANDERS FREDRIK,Solbergveien 2,Filtvet,3480,Buskerud,Norway,EU-EFTA,GM,SH,Y,,SH - Slaughterhouse,,
NO2433,TROLLERUD GÅRD ÅRSTEIN JENSEN,Trollerud Gård,Svene,3622,Buskerud,Norway,EU-EFTA,GM,SH,Y,,SH - Slaughterhouse,,
1546,TRØGSTAD HJORTEFARM DA,Furukollveien 135,Trøgstad,1860,Østfold,Norway,EU-EFTA,GM,SH,Y,,SH - Slaughterhouse,,
1563,Trollheimsrein Gustav Kant,Nerskogen,Skaret,7393,Trøndelag,Norway,EU-EFTA,GM,SH,Y,,SH - Slaughterhouse,,
1420,BR LUNDAL AS LUNDAL PRODUKSJON,Frakkagjerdvegen 90,Frakkagjerd,5563,Rogaland; wU Wild ungulates,Norway,EU-EFTA,WM,GHE,N,,GHE - Game-Handling Establishment,,
NO1678,BRUBAKKEN BRØDRENE AS,Gamle Kragerøvei 29,Kragerø,3770,Telemark,Norway,EU-EFTA,WM,GHE,N,,GHE - Game-Handling Establishment,,
1279,Bjorli Fjellmat AS,Vasstårnvegen 1,Bjorli,2669,Oppland,Norway,EU-EFTA,WM,CP GHE,N,,CP - Cutting Plant | GHE - Game-Handling Establishment,,
706,Dagfinn Spikkelands viltslakteri,Hønemyrveien 19,Øvland,4646,,Norway,EU-EFTA,WM,CP GHE,N,,"Vest-Agder,West Agder | CP - Cutting Plant | GHE - Game-Handling Establishment",,
NO2759,EIKER HJORT,Holteveien 191,Skotselv,3330,Buskerud,Norway,EU-EFTA,WM,GHE,N,,GHE - Game-Handling Establishment,,
209,FJORDAMENY,Sørstrandsvegen 16,Sandane,6823,Sogn og Fjordane; wU Wild ungulates,Norway,EU-EFTA,WM,GHE,N,,GHE - Game-Handling Establishment,,
1496,Fjellgarden Hovden AS,Breievegen 34,Hovden,4755,East Agder,Norway,EU-EFTA,WM,GHE CP,N,,GHE - Game-Handling Establishment | CP - Cutting Plant,,
2482,Hafjell Slakteri AS,Strømshuguvegen 28,Øyer,2636,Oppland,Norway,EU-EFTA,WM,CP GHE,N,,CP - Cutting Plant | GHE - Game-Handling Establishment,,
1913,Haugen Gardsmat Drift AS,Brekkevegen 51,Flåm,5743,Sogn og Fjordane,Norway,EU-EFTA,WM,GHE,N,,GHE - Game-Handling Establishment,,
1509,Hognamat AS,Terminalveien 15,Berkåk,7391,Trøndelag,Norway,EU-EFTA,WM,GHE,N,,GHE - Game-Handling Establishment,,
428,Inderøy Slakteri,Meieribakken 4,Inderøy,7670,Trøndelag; wA Wild game birds; wL Lagomorphs living freely in the wild; wU Wild ungulates,Norway,EU-EFTA,WM,CP GHE,N,,CP - Cutting Plant | GHE - Game-Handling Establishment,,
470,Jens Eide AS,Gaupemyrheia 16,Lillesand,4790,East Agder,Norway,EU-EFTA,WM,GHE CP,N,,GHE - Game-Handling Establishment | CP - Cutting Plant,,
286,KANDAL KJØT DA,Kandal,Sandane,6823,Sogn og Fjordane; wU Wild ungulates,Norway,EU-EFTA,WM,CP GHE,N,,CP - Cutting Plant | GHE - Game-Handling Establishment,,
2523,KJELL VIDAR ØGLEND,Haukelivegen 816,Ølen,5580,Rogaland; wU Wild ungulates,Norway,EU-EFTA,WM,GHE,N,,GHE - Game-Handling Establishment,,
1524,Kanstadfjord Vestre Hinnøy reinbeitedistrikt,Kanstad,Lødingen,8410,Nordland,Norway,EU-EFTA,WM,GHE,N,,GHE - Game-Handling Establishment,,
1222,Knut Prestjordet,Skjåkvegen 148,Skjåk,2690,Oppland,Norway,EU-EFTA,WM,GHE,N,,GHE - Game-Handling Establishment,,
Kystvilt AS,Kystvilt AS,Fure i Fjaler,Dale i Sunnfjord,6963,Sogn og Fjordane; wG Wild land mammals other than wild ungulates,Norway,EU-EFTA,WM,GHE,N,,GHE - Game-Handling Establishment,,
1885,LARS INGVALD FOLKEDAL,Folkedalsvegen 243,Granvin,5736,Hordaland; wU Wild ungulates,Norway,EU-EFTA,WM,CP GHE,N,,CP - Cutting Plant | GHE - Game-Handling Establishment,,
423,LIERNE VILTFOREDLING AS,Sandvikaveien 368,Nordli,7882,Trøndelag,Norway,EU-EFTA,WM,CP,N,,CP - Cutting Plant,,
2522,Lars Erik Almo,Almo Nordre Øverbygdvegen 1167,Snåsa,7760,Trøndelag,Norway,EU-EFTA,WM,GHE,N,,GHE - Game-Handling Establishment,,
Lund Hjort DA,Lund Hjort DA,Tønjum,Lærdal,6887,Sogn og Fjordane; wU Wild ungulates,Norway,EU-EFTA,WM,GHE,N,,GHE - Game-Handling Establishment,,
1969,Løiten Hjorteoppdrett,Brendholen,Løten,2340,Hedmark,Norway,EU-EFTA,WM,GHE,N,,GHE - Game-Handling Establishment,,
2659,Nittemark/børmark slaktehus,c/o Rune By Norddalsveien 1038,Åfjord,7170,Trøndelag,Norway,EU-EFTA,WM,GHE,N,,GHE - Game-Handling Establishment,,
1639,Nordås Gårdskjøtt avd. Frya,Flyplassvegen 15,Ringebu,2630,Oppland,Norway,EU-EFTA,WM,GHE,N,,GHE - Game-Handling Establishment,,
1519,Nye Mykland Vilt As,Telemarksveien 420,Hynnekleiv,4830,East Agder,Norway,EU-EFTA,WM,CP GHE,N,,CP - Cutting Plant | GHE - Game-Handling Establishment,,
371,Oppdal Spekemat AS,Høgmovegen 22,Oppdal,7340,Trøndelag,Norway,EU-EFTA,WM,GHE,N,,GHE - Game-Handling Establishment,,
2972,Pellestova Hotell AS,Hundersætervegen 910,Øyer,2636,Oppland,Norway,EU-EFTA,WM,GHE,N,,GHE - Game-Handling Establishment,,
NO711,Siljanhjort AS,Austadveien 209,Siljan,3748,Telemark,Norway,EU-EFTA,WM,GHE,N,,GHE - Game-Handling Establishment,,
951,SkjåkMat/ Skjåk turistheim Skeid kro AS,Skjåkvegen 1184,Skjåk,2690,Oppland,Norway,EU-EFTA,WM,CP,N,,CP - Cutting Plant,,
105/1843,Stensaas Reinsdyrslakteri AS,Feragsveien 11,Røros,7375,Trøndelag,Norway,EU-EFTA,WM,CP GHE,N,,CP - Cutting Plant | GHE - Game-Handling Establishment,,
2437,Trondheim Slaktehus AS,Nordslettvegen 3,Trondheim,7038,Trøndelag,Norway,EU-EFTA,WM,GHE CP,N,,GHE - Game-Handling Establishment | CP - Cutting Plant,,
276,VOSS GARDSSLAKTERI SA,Selheimsvegen 128,Voss,5706,Hordaland; wU Wild ungulates,Norway,EU-EFTA,WM,GHE CP,N,,GHE - Game-Handling Establishment | CP - Cutting Plant,,
216,Vilteksperten AS,Bindesvegen 10,Steinkjer,7715,Trøndelag; wU Wild ungulates; wG Wild land mammals other than wild ungulates,Norway,EU-EFTA,WM,CP GHE,N,,CP - Cutting Plant | GHE - Game-Handling Establishment,,
VI 20,1814 Salmon AS,Industrivegen 82,Dal,2072,Akershus,Norway,EU-EFTA,FFP,FFPP,,,FFPP - Fresh Fishery Products Plant,,
N570,A Johansen,Gleaveien 9,Røst,8064,Nordland,Norway,EU-EFTA,FFP,PP FFPP,,,PP - Processing Plant | FFPP - Fresh Fishery Products Plant,,
NT200,AAKERVIK M AS,Havnegata 16,Namsos,7800,Trøndelag,Norway,EU-EFTA,FFP,FFPP,,,FFPP - Fresh Fishery Products Plant,,
M360,ABS AS,Lyngholmvegen 8,Ellingsøy,6057,Møre og Romsdal,Norway,EU-EFTA,FFP,PP FFPP,,,PP - Processing Plant | FFPP - Fresh Fishery Products Plant,,
N2313,AMINOR AS,Æsvik 1,Halsa,8178,Nordland,Norway,EU-EFTA,FFP,FFPP,,,FFPP - Fresh Fishery Products Plant,,
N44,ANDØYA FISHERIES AS,Hamnegata 69,Andenes,8480,Nordland,Norway,EU-EFTA,FFP,PP,,,PP - Processing Plant,,
TK405,ANNY,Fisker Halvor A S Nilsen Fjellveien 1,Stathelle,3960,Telemark,Norway,EU-EFTA,FFP,FV,,,FV - Factory Vessel,,
T1241,ARCTIC PIONEER AS,Strandgata 9,Tromsø,9008,Troms,Norway,EU-EFTA,FFP,FV,,,FV - Factory Vessel,,
T1225,ARNT IVAR,Skagøy Fisk As Oldervikvegen 449,Oldervik,9034,Troms,Norway,EU-EFTA,FFP,ZV FV,,,ZV - Freezer Vessel | FV - Factory Vessel,,
F683,ARVID ARILD,Årøyveien 43,Kongshus,9533,Finnmark,Norway,EU-EFTA,FFP,FFPP,,,FFPP - Fresh Fishery Products Plant,,
M198,AS MØRE CODFISH COMP AVD BUD,Kaivegen 12,Bud,6430,Møre og Romsdal,Norway,EU-EFTA,FFP,PP FFPP,,,PP - Processing Plant | FFPP - Fresh Fishery Products Plant,,
T25,ASBJØRN SELSBANE,ASBJØRN SELSBANE AS Eidvegen 666,Kvaløya,9105,Troms; 9657193,Norway,EU-EFTA,FFP,ZV,,,ZV - Freezer Vessel,,
R922,ATHENA,Athena As Jovikvegen 20,Vedavågen,4276,Rogaland,Norway,EU-EFTA,FFP,FV,,,FV - Factory Vessel,,
M94,ATLANTIC DAWN SEAFOODS AS,Vikan industriområde 96,Smøla,6570,Møre og Romsdal,Norway,EU-EFTA,FFP,FFPP PP,,,FFPP - Fresh Fishery Products Plant | PP - Processing Plant,,
M2193,ATLANTIC SEAFOOD AS,Legemyrane 4,Moltustranda,6076,Møre og Romsdal,Norway,EU-EFTA,FFP,FFPP,,,FFPP - Fresh Fishery Products Plant,,
VL54,AUSTEVOLL FISKE & TUR AS,c/o DeFacto Regnskap AS Birkelandsvegen 2,Storebø,5392,Hordaland,Norway,EU-EFTA,FFP,FFPP,,,FFPP - Fresh Fishery Products Plant,,
F837,Aalesundfisk Mehamn AS,Værveien 93,Mehamn,9770,Finnmark,Norway,EU-EFTA,FFP,FFPP,,,FFPP - Fresh Fishery Products Plant,,
F357,Aalesundfisk Skarsvåg AS,Skarsvåg,Skarsvåg,9763,Finnmark,Norway,EU-EFTA,FFP,PP FFPP,,,PP - Processing Plant | FFPP - Fresh Fishery Products Plant,,
F836,Aalesundfisk Vardø AS,"Svartnes, Havnelageret",Vardø,9950,Finnmark,Norway,EU-EFTA,FFP,PP FFPP,,,PP - Processing Plant | FFPP - Fresh Fishery Products Plant,,
TL11,Abelvær Filetfabrikk AS,Abelværvegen 1773,Abelvær,7950,Trøndelag,Norway,EU-EFTA,FFP,FFPP,,,FFPP - Fresh Fishery Products Plant,,
TL12,Abelvær Filetfabrikk AS,Abelværvegen 1765,Abelvær,7950,Trøndelag,Norway,EU-EFTA,FFP,FFPP,,,FFPP - Fresh Fishery Products Plant,,
VA473,Aganthyr,RUNE STOKKELAND Sildeneset 21,Flekkerøy,4625,West Agder,Norway,EU-EFTA,FFP,FV,,,FV - Factory Vessel,,
VI21,Aker Biomarine Understory As Avd Lysaker,Oksenøyveien 10,Lysaker,1366,Akershus,Norway,EU-EFTA,FFP,FFPP,,,FFPP - Fresh Fishery Products Plant,,
TF90,Aksel Johan,Berg Fisk AS Sandvikveien 27A,Finnsnes,9300,Troms; 9924936,Norway,EU-EFTA,FFP,ZV,,,ZV - Freezer Vessel,,
F673,Albert Martin Mikalsen,Nyland,Sjånes,9771,Finnmark,Norway,EU-EFTA,FFP,FFPP,,,FFPP - Fresh Fishery Products Plant,,
T1234,Alf Johan Hemmingsen,UTENGVEGEN 6,Kvaløya,9107,Troms,Norway,EU-EFTA,FFP,FFPP,,,FFPP - Fresh Fishery Products Plant,,
TK427,Alf Thommesen,Vaterlands gate 22,Langesund,3970,Telemark,Norway,EU-EFTA,FFP,FFPP,,,FFPP - Fresh Fishery Products Plant,,
A241,Alimenta AS avd. Engroshandel,Jeksleveien 2,Frogner,2016,Akershus,Norway,EU-EFTA,FFP,FFPP PP,,,FFPP - Fresh Fishery Products Plant | PP - Processing Plant,,
N136,Alsvåg Lakseslakteri AS,Anna Eriksens vei 8,Alsvåg,8432,Nordland,Norway,EU-EFTA,FFP,PP FFPP,,,PP - Processing Plant | FFPP - Fresh Fishery Products Plant,,
O264,Ambo Europe AS,Vollsveien 76,Jar,1358,Akershus,Norway,EU-EFTA,FFP,PP,,,PP - Processing Plant,,
N63,Andenes Fiskemottak AS,Hamnegata 69,Andenes,8480,Nordland,Norway,EU-EFTA,FFP,FFPP,,,FFPP - Fresh Fishery Products Plant,,
VT10,Anders Paulsen,Herfellveien 2,Ula,3280,Vestfold,Norway,EU-EFTA,FFP,FV,,,FV - Factory Vessel,,
N2102,Ann Brita As,Postboks 75,Reine,8390,Nordland,Norway,EU-EFTA,FFP,FV,,,FV - Factory Vessel,,
TF52,Ann-karin,HAUGEN FISK AS c/o Simon Haugen Skotsætvegen 22,Oldervik,9034,Troms,Norway,EU-EFTA,FFP,FV,,,FV - Factory Vessel,,
R301,Anne Katharina,"Per Harald M Skibstad, Porsholen 25",Sandnes,4313,Rogaland,Norway,EU-EFTA,FFP,FFPP FV,,,FFPP - Fresh Fishery Products Plant | FV - Factory Vessel,,
F704,Anne-Karin Halvorsen,ARONNESVEIEN 84 A,Alta,9513,Finnmark,Norway,EU-EFTA,FFP,FFPP,,,FFPP - Fresh Fishery Products Plant,,
F666,Anut-Jakt Og Fiske V/Olaf Nilsen,Postboks 6,Nervei,9773,Finnmark,Norway,EU-EFTA,FFP,FFPP,,,FFPP - Fresh Fishery Products Plant,,
T247,Aqua Drift AS,Vengsøya 162,Vengsøy,9120,Troms,Norway,EU-EFTA,FFP,FFPP PP,,,FFPP - Fresh Fishery Products Plant | PP - Processing Plant,,
R808,Aquazyme Technology,Professor Olav Hanssens vei,Stavanger,4021,Rogaland,Norway,EU-EFTA,FFP,PP,,,PP - Processing Plant,,
TF57,Arctic Catch AS avd Vadsø,Ørtangen 10,Vadsø,9800,Finnmark,Norway,EU-EFTA,FFP,FFPP,,,FFPP - Fresh Fishery Products Plant,,
M2089,"Arctic Eagle AS, Arctic Swan 1",Ystenesgata 6B,Ålesund,6003,Møre og Romsdal,Norway,EU-EFTA,FFP,FV,,,FV - Factory Vessel,,
T1205,Arctic Filet AS,Værnesveien 101,Torsken,9381,Troms,Norway,EU-EFTA,FFP,FFPP PP,,,FFPP - Fresh Fishery Products Plant | PP - Processing Plant,,
F819,Arctic Resource Norge AS,Strandgata 21,Havøysund,9690,Finnmark,Norway,EU-EFTA,FFP,FFPP,,,FFPP - Fresh Fishery Products Plant,,
F14,Arctic Swan,"Løkkeveien 9, 9510 ALTA",Alta,9510,Finnmark; 9258739,Norway,EU-EFTA,FFP,FV,,,FV - Factory Vessel,,
T226,Arcticzymes Technologies Asa,Strandgt 3,Tromsø,9008,Troms,Norway,EU-EFTA,FFP,PP,,,PP - Processing Plant,,
AA74,Arendal Fiskemottak As,Kystveien 28,Arendal,4841,East Agder,Norway,EU-EFTA,FFP,FFPP,,,FFPP - Fresh Fishery Products Plant,,
F682,Arilds Fiskebåtrederi As,Marienlund 5,Alta,9511,Finnmark,Norway,EU-EFTA,FFP,FFPP,,,FFPP - Fresh Fishery Products Plant,,
F845,Arktis Fisch AS,Klausjorda 9,Båtsfjord,9990,Finnmark,Norway,EU-EFTA,FFP,FFPP,,,FFPP - Fresh Fishery Products Plant,,
F843,Arnt Magne Johansen,Nakkerud,Nervei,9773,Finnmark,Norway,EU-EFTA,FFP,FV,,,FV - Factory Vessel,,
F681,Arnt Viktor Pettersen,Øksfjordveien 265,Øksfjorden,9552,Finnmark,Norway,EU-EFTA,FFP,FFPP,,,FFPP - Fresh Fishery Products Plant,,
F665,Arnulf Pettersen,Polarjo,Nervei,9773,Finnmark,Norway,EU-EFTA,FFP,FFPP,,,FFPP - Fresh Fishery Products Plant,,
T107,Arnøy Laks Slakteri As,Lauksundveien 139,Lauksletta,9194,Troms,Norway,EU-EFTA,FFP,FFPP,,,FFPP - Fresh Fishery Products Plant,,
T18,Arnøytind Senior,Arnøytind AS Strandveien 40a,Skjervøy,9189,Troms; 9212187,Norway,EU-EFTA,FFP,ZV,,,ZV - Freezer Vessel,,
T398,Art Nor As,Naustveien 17,Silsand,9303,Troms,Norway,EU-EFTA,FFP,PP,,,PP - Processing Plant,,
F158,Artic Catch AS,"P.b. 74, Svartnes",Vardø,9950,Finnmark,Norway,EU-EFTA,FFP,PP FFPP,,,PP - Processing Plant | FFPP - Fresh Fishery Products Plant,,
F607,Askur AS,"Skjåholmveien 192, 9620 Kvalsund",Hammerfest,9600,Finnmark,Norway,EU-EFTA,FFP,PP,,,PP - Processing Plant,,
TF103,Askur As Avd Mehamn,Holmeveien 25,Rypefjord,9610,Finnmark,Norway,EU-EFTA,FFP,FFPP,,,FFPP - Fresh Fishery Products Plant,,
T470,Astafjord Slakteri AS,Kystkulturveien 1747,Gratangen,9470,Troms,Norway,EU-EFTA,FFP,FFPP,,,FFPP - Fresh Fishery Products Plant,,
AA421,Astrid Ann ANS,Kystveien 563,Saltrød,4815,East Agder,Norway,EU-EFTA,FFP,FV,,,FV - Factory Vessel,,
N538,Astrup Lofoten AS,Marka 53,Værøy,8063,Nordland,Norway,EU-EFTA,FFP,FFPP PP,,,FFPP - Fresh Fishery Products Plant | PP - Processing Plant,,
M2168,Atlantic,ATLANTIC LONGLINE AS Notenesgata 3,Ålesund,6002,Møre og Romsdal; 9849801,Norway,EU-EFTA,FFP,FV,,,FV - Factory Vessel,,
M2000,Atlantic Star,Nordfjord Havfiske AS Notnesgt 3,Ålesund,6002,Møre og Romsdal; 9134555,Norway,EU-EFTA,FFP,ZV,,,ZV - Freezer Vessel,,
M6,Atlantic Viking,Giske Havfiske,Giske,6052,Møre og Romsdal; 9652806,Norway,EU-EFTA,FFP,ZV,,,ZV - Freezer Vessel,,
AA402,Atle Nilsen,Strømsbuneset 35,Arendal,4839,East Agder,Norway,EU-EFTA,FFP,FV,,,FV - Factory Vessel,,
N2334,BEIARVEKST AS,Troliveien 1,Trones,7892,Trøndelag,Norway,EU-EFTA,FFP,PP,,,PP - Processing Plant,,
M421,BERG LIPIDTECH AS,Sjukenesstranda 62,Eidnes,6037,Møre og Romsdal,Norway,EU-EFTA,FFP,PP,,,PP - Processing Plant,,
H73,BERGEN RØKERI AS,Mangersnesvegen 91,Manger,5936,Hordaland,Norway,EU-EFTA,FFP,PP,,,PP - Processing Plant,,
T1192,BIOFORM AS,BJØRGAVEIEN 2,Sørreisa,9310,Troms,Norway,EU-EFTA,FFP,PP FFPP,,,PP - Processing Plant | FFPP - Fresh Fishery Products Plant,,
N439,BJØRN GJERTSEN AS,Fredvang,Fredvang,8387,Nordland,Norway,EU-EFTA,FFP,PP FFPP,,,PP - Processing Plant | FFPP - Fresh Fishery Products Plant,,
N51,BLEIK FISK AS,Fiskeværsveien 120,Bleik,8481,Nordland,Norway,EU-EFTA,FFP,FFPP,,,FFPP - Fresh Fishery Products Plant,,
M2227,BOREAS SEAFOOD AS,Kildehaugen 1,Eidnes,6037,Møre og Romsdal,Norway,EU-EFTA,FFP,PP FFPP,,,PP - Processing Plant | FFPP - Fresh Fishery Products Plant,,
SF915,BREIVIK AS,Vestnesvegen 24,Florø,6905,Sogn og Fjordane; 9787297,Norway,EU-EFTA,FFP,ZV,,,ZV - Freezer Vessel,,
N2347,BRIMO FISKEFOREDLING AS,Reipåveien 46,Reipå,8146,Nordland,Norway,EU-EFTA,FFP,FFPP,,,FFPP - Fresh Fishery Products Plant,,
M363,BRØDR AARSETH AS,Lyngholmvegen 96,Ålesund,6057,Møre og Romsdal,Norway,EU-EFTA,FFP,PP FFPP,,,PP - Processing Plant | FFPP - Fresh Fishery Products Plant,,
M343,BRØDR REMØ AS,Fiskarstrandvegen 168,Fiskarstrand,6035,Møre og Romsdal,Norway,EU-EFTA,FFP,PP FFPP,,,PP - Processing Plant | FFPP - Fresh Fishery Products Plant,,
ØF55,BRØDRENE SKOGEN FISKEHANDEL AS,Engelsvikenveien 6,Engelsviken,1628,Østfold,Norway,EU-EFTA,FFP,FFPP,,,FFPP - Fresh Fishery Products Plant,,
M2005,BRØDRENE SPERRE AS AVD HOFF,Ellingsøyvegen 172,Ålesund,6057,Møre og Romsdal,Norway,EU-EFTA,FFP,PP FFPP,,,PP - Processing Plant | FFPP - Fresh Fishery Products Plant,,
M359,BRØDRENE SPERRE AS AVD FISKARSTRAND,Tranvågen 6,Fiskarstrand,6035,Møre og Romsdal,Norway,EU-EFTA,FFP,PP FFPP,,,PP - Processing Plant | FFPP - Fresh Fishery Products Plant,,
T273,BRØDRENE SPERRE AS AVD SOMMARØY,Hamnevegen 17,Sommarøy,9110,Troms,Norway,EU-EFTA,FFP,FFPP,,,FFPP - Fresh Fishery Products Plant,,
SF920,BULANDET FISKEMOTTAK AS,Nikøy,Bulandet,6987,Sogn og Fjordane,Norway,EU-EFTA,FFP,FFPP,,,FFPP - Fresh Fishery Products Plant,,
VL29,Babord Pure AS,Nedrevegen 122,Raudeberg,6710,Sogn og Fjordane,Norway,EU-EFTA,FFP,FFPP,,,FFPP - Fresh Fishery Products Plant,,
ØF72,Baluba,Baluba As Kjerreveien 16,Kråkerøy,1676,Østfold,Norway,EU-EFTA,FFP,FV,,,FV - Factory Vessel,,
VF328,Basf As Avd Sandefjord,Framnesveien 41,Sandefjord,3220,Vestfold,Norway,EU-EFTA,FFP,PP,,,PP - Processing Plant,,
M2221,Bautar,Alnes Rederi AS Alnesgarden 13,Godøya,6055,Møre og Romsdal,Norway,EU-EFTA,FFP,ZV,,,ZV - Freezer Vessel,,
ØF416,Bekkevik Roar A,Liadammen 36,Vesterøy,1684,Østfold,Norway,EU-EFTA,FFP,FFPP,,,FFPP - Fresh Fishery Products Plant,,
N530,Bensvik Fisk AS,Tyvnesveien 60,Værøy,8063,Nordland,Norway,EU-EFTA,FFP,PP FFPP,,,PP - Processing Plant | FFPP - Fresh Fishery Products Plant,,
TF89,Bergholm,Husøy Kystfiske AS Løkta 1,Husøy i Senja,9389,Troms,Norway,EU-EFTA,FFP,ZV,,,ZV - Freezer Vessel,,
M2169,Bergholm,Koralfjord AS Strandgata 64,Brattvåg,6270,Møre og Romsdal; 7817270,Norway,EU-EFTA,FFP,ZV,,,ZV - Freezer Vessel,,
N680,Bergs fisk AS,Bernt Salvesens vei 31,Svolvær,8300,Nordland,Norway,EU-EFTA,FFP,FFPP,,,FFPP - Fresh Fishery Products Plant,,
F846,Bergsfjordbruket AS,Bergsfjord kai,Bergsfjord,9580,Finnmark,Norway,EU-EFTA,FFP,PP FFPP,,,PP - Processing Plant | FFPP - Fresh Fishery Products Plant,,
F205,Berle Fisk AS,Storgata 22,Berlevåg,9980,Finnmark,Norway,EU-EFTA,FFP,FFPP,,,FFPP - Fresh Fishery Products Plant,,
VA441,Betzy,NILSEN JAKOB Kvitefjellveien 25,Flekkerøy,4625,West Agder,Norway,EU-EFTA,FFP,FV,,,FV - Factory Vessel,,
H57,Biomega Norway AS,Skaganeset,Skogsvåg,5382,Hordaland,Norway,EU-EFTA,FFP,PP,,,PP - Processing Plant,,
F759,Bjørg Sølvi Pettersen,LAKSEFJORDGATA 20 B,Honningsvåg,9750,Finnmark,Norway,EU-EFTA,FFP,FFPP,,,FFPP - Fresh Fishery Products Plant,,
F710,Bjørn Gunnvald Kristensen,Tanafjordveien 1568,Tana,9841,Finnmark,Norway,EU-EFTA,FFP,FFPP,,,FFPP - Fresh Fishery Products Plant,,
M2226,Bjørnhaug AS,Vatne,Vatne,6265,Møre og Romsdal; 8022913,Norway,EU-EFTA,FFP,ZV,,,ZV - Freezer Vessel,,
T1224,Bjørnøy,Inge Koht Båtkulpen 25,Skibotn,9143,Troms,Norway,EU-EFTA,FFP,FV,,,FV - Factory Vessel,,
TL3,Blåfjell AS,Jule industriområde,Sørli,7884,Trøndelag,Norway,EU-EFTA,FFP,FFPP,,,FFPP - Fresh Fishery Products Plant,,
N905,Bofisk AS,Prinsens gate 148A,Bodø,8005,Nordland,Norway,EU-EFTA,FFP,PP FFPP,,,PP - Processing Plant | FFPP - Fresh Fishery Products Plant,,
R950,Bokn Sjømat,Jøsenvågen 33,Arsvågen,5561,Rogaland,Norway,EU-EFTA,FFP,PP,,,PP - Processing Plant,,
F689,Borg Kurt Arnold,Lamvikveien 69,Komagfjord,9536,Finnmark,Norway,EU-EFTA,FFP,FFPP,,,FFPP - Fresh Fishery Products Plant,,
VA475,Brattholm,BRATTHOLM AS Kleven 13,Mandal,4515,,Norway,EU-EFTA,FFP,FV,,,"Vest-Agder,West Agder | FV - Factory Vessel",,
TF60,Breidtind,Nergård Havfiske AS Strandtorget 3,Tromsø,9008,Troms; 9906532,Norway,EU-EFTA,FFP,FV,,,FV - Factory Vessel,,
T436,Breivoll Marine Produkter AS,Breivollveien 12,Hamnvik,9450,Troms,Norway,EU-EFTA,FFP,FFPP,,,FFPP - Fresh Fishery Products Plant,,
H-82,Bremnes Seashore AS avd produksjon,"Oklandsvegen 90, N-5430 Bremnes, Norway",Bremnes,5430,Hordaland,Norway,EU-EFTA,FFP,PP FFPP,,,PP - Processing Plant | FFPP - Fresh Fishery Products Plant,,
VF323,Brenning,MARITIME TJENESTER v/Ivar Sørensen Tyrihansveien 11,Stavern,3292,Vestfold,Norway,EU-EFTA,FFP,FV,,,FV - Factory Vessel,,
T2428,Brimøy,Havstjerna AS Kågsundveien 999,Arnøyhamn,9192,Troms,Norway,EU-EFTA,FFP,ZV,,,ZV - Freezer Vessel,,
VA100,Bris,Bare Tall As Bålyveien 17,Remesvik,4521,,Norway,EU-EFTA,FFP,FV,,,"Vest-Agder,West Agder | FV - Factory Vessel",,
TK402,Brusen,Rune Halvorsen Skarphedinsveg 12,Porsgrunn,3917,Telemark,Norway,EU-EFTA,FFP,FV,,,FV - Factory Vessel,,
VF58,Brødr Berggren As,Brygga 11,Sandefjord,3210,Vestfold,Norway,EU-EFTA,FFP,FFPP,,,FFPP - Fresh Fishery Products Plant,,
VF60,Brødr Berggren As,Brygga 11,Sandefjord,3210,Vestfold,Norway,EU-EFTA,FFP,FFPP,,,FFPP - Fresh Fishery Products Plant,,
VF64,Brødr Berggren As,Brygga 11,Sandefjord,3210,Vestfold,Norway,EU-EFTA,FFP,FFPP,,,FFPP - Fresh Fishery Products Plant,,
N533,Brødrene Andreassen Værøy AS,Vågen 6,Værøy,8063,Nordland,Norway,EU-EFTA,FFP,FFPP PP,,,FFPP - Fresh Fishery Products Plant | PP - Processing Plant,,
N528,Brødrene Berg AS,Nedre Vågen 16,Værøy,8063,Nordland,Norway,EU-EFTA,FFP,FFPP PP,,,FFPP - Fresh Fishery Products Plant | PP - Processing Plant,,
N523,Brødrene Hardy AS,Venes,Værøy,8063,Nordland,Norway,EU-EFTA,FFP,PP FFPP,,,PP - Processing Plant | FFPP - Fresh Fishery Products Plant,,
H217,Brødrene Hjønnevåg AS,Børnes 20,Uskedal,5463,Hordaland,Norway,EU-EFTA,FFP,PP FFPP,,,PP - Processing Plant | FFPP - Fresh Fishery Products Plant,,
N994,Brødrene JTB Olsen AS,Selvågen sør,Rødøy,8193,Nordland,Norway,EU-EFTA,FFP,PP FFPP,,,PP - Processing Plant | FFPP - Fresh Fishery Products Plant,,
T308,Brødrene Karlsen Senja,Husøy,Husøy i Senja,9389,Troms,Norway,EU-EFTA,FFP,PP FFPP,,,PP - Processing Plant | FFPP - Fresh Fishery Products Plant,,
M369,Brødrene Sperre AS,Ellingsøyvegen 680,Ellingsøy,6057,Møre og Romsdal,Norway,EU-EFTA,FFP,PP FFPP,,,PP - Processing Plant | FFPP - Fresh Fishery Products Plant,,
M327,Brødrene Sperre AS Avd Vest,Aarsæthervegen 17,Ellingsøy,6057,Møre og Romsdal,Norway,EU-EFTA,FFP,PP,,,PP - Processing Plant,,
TF48,Budiak Natalia Sin Fiskelykke,Vårheim 1,Sjånes,9771,Finnmark,Norway,EU-EFTA,FFP,FFPP,,,FFPP - Fresh Fishery Products Plant,,
VF216,Buerøy,MATHISEN TERJE BUER,Sandefjord,3234,Vestfold,Norway,EU-EFTA,FFP,FV,,,FV - Factory Vessel,,
T1227,BÅRAGUTT,C/O Båragutt Pelagic AS Avd Kystfiske Ropnesvegen 59,Kvaløya,9107,Troms; 8615291,Norway,EU-EFTA,FFP,ZV,,,ZV - Freezer Vessel,,
VA2,Båly Fisk AS,Bålyveien 17,Spangereid,4521,,Norway,EU-EFTA,FFP,FFPP,,,"Vest-Agder,West Agder | FFPP - Fresh Fishery Products Plant",,
N2370,Båtsfjord,C/O Nordland Havfiske AS Buøyveien 7,Stamsund,8340,Nordland; 9184457,Norway,EU-EFTA,FFP,ZV,,,ZV - Freezer Vessel,,
F216,Båtsfjordbruket AS,"Fomaveien 5, 9990 Båtsfjord",Vadsø,9800,Finnmark,Norway,EU-EFTA,FFP,PP FFPP,,,PP - Processing Plant | FFPP - Fresh Fishery Products Plant,,
F162,Båtsfjordbruket AS,Fomaveien 7,Båtsfjord,9990,Finnmark,Norway,EU-EFTA,FFP,PP FFPP,,,PP - Processing Plant | FFPP - Fresh Fishery Products Plant,,
N220,Bø Fiskemottak AS,Straumsjøveien 26 8475 Straumsjøen,Bø,,Nordland,Norway,EU-EFTA,FFP,FFPP PP,,,FFPP - Fresh Fishery Products Plant | PP - Processing Plant,,
N2349,CALANUS AS AVD PRODUKSJON,Lilandveien 20,Sortland,8407,Nordland,Norway,EU-EFTA,FFP,PP,,,PP - Processing Plant,,
N2284,CERMAQ NORWAY AS AVD SLAKTERI STEIGEN,Bogøyveien 153,Bogøy,8288,Nordland,Norway,EU-EFTA,FFP,FFPP,,,FFPP - Fresh Fishery Products Plant,,
F480,CERMAQ Norway AS AVD LAKSESLAKTERI,Kvenvikveien 99,Alta,9541,Finnmark,Norway,EU-EFTA,FFP,FFPP,,,FFPP - Fresh Fishery Products Plant,,
ØF466,Camo,Halvorsen Sigmund Merrapanna 75,Skjeberg,1747,Østfold,Norway,EU-EFTA,FFP,FV,,,FV - Factory Vessel,,
F780,Carina Prytz-Wallmann,HASFJORDVEIEN 62,Hasvik,9590,Finnmark,Norway,EU-EFTA,FFP,FFPP,,,FFPP - Fresh Fishery Products Plant,,
N2167,Carstensen Magne,Brattbakken 3,Melbu,8445,Nordland,Norway,EU-EFTA,FFP,FV,,,FV - Factory Vessel,,
F430,Cermaq Norway AS avd slakteri Rypefjord,Havneveien 36,Rypefjord,9610,Finnmark,Norway,EU-EFTA,FFP,PP FFPP,,,PP - Processing Plant | FFPP - Fresh Fishery Products Plant,,
VF334,Chimaera,CHRISTIAN ALFSHUS Hvasserveien 121,Hvasser,3148,Vestfold,Norway,EU-EFTA,FFP,FV,,,FV - Factory Vessel,,
T1276,Chitinor AS,Ringvegen 100,Tromsø,9018,Troms,Norway,EU-EFTA,FFP,PP,,,PP - Processing Plant,,
N524,Christensen Kjell P,Tyvnesveien 47,Værøy,8063,Nordland,Norway,EU-EFTA,FFP,PP FFPP,,,PP - Processing Plant | FFPP - Fresh Fishery Products Plant,,
VF315,Cilius,MATHISEN MORTEN Veløyveien 115,Sandefjord,3224,Vestfold,Norway,EU-EFTA,FFP,FV,,,FV - Factory Vessel,,
F201,Coast Berlevåg AS,Samfunnsgata 10A,Berlevåg,9980,Finnmark,Norway,EU-EFTA,FFP,PP FFPP,,,PP - Processing Plant | FFPP - Fresh Fishery Products Plant,,
F810,Coast Kjøllefjord AS,Moloveien 10,Kjøllefjord,9790,Finnmark,Norway,EU-EFTA,FFP,PP FFPP,,,PP - Processing Plant | FFPP - Fresh Fishery Products Plant,,
T317,Coldwater Prawns Production As,Mefjordveien 1529,Senjahopen,9386,Troms,Norway,EU-EFTA,FFP,PP FFPP,,,PP - Processing Plant | FFPP - Fresh Fishery Products Plant,,
T827,Collin,Bengt Siikavuopio Naimakka 11,Oteren,9046,Troms,Norway,EU-EFTA,FFP,FV,,,FV - Factory Vessel,,
ST137,Coop Vallersund SA,Jøssundveien 34,Vallersund,7167,Trøndelag,Norway,EU-EFTA,FFP,FFPP,,,FFPP - Fresh Fishery Products Plant,,
M460,Cryonor AS,6141 Rovde,Volda,6100,Møre og Romsdal,Norway,EU-EFTA,FFP,FFPP,,,FFPP - Fresh Fishery Products Plant,,
M2035,DALEN OG HELLAND FISKEMAT AS,Geilereset 7,Godøya,6055,Møre og Romsdal,Norway,EU-EFTA,FFP,PP,,,PP - Processing Plant,,
TF101,DANIEL-ANDRE,Ms Nybåen 1 As Ferånna 22,Torsken,9381,Troms,Norway,EU-EFTA,FFP,FV,,,FV - Factory Vessel,,
ST334,DOLMØY SEAFOOD AS,Kjerringvågveien 43,Kjerringvåg,7252,Trøndelag,Norway,EU-EFTA,FFP,PP FFPP,,,PP - Processing Plant | FFPP - Fresh Fishery Products Plant,,
H77,DOMSTEIN SJØMAT AS AVD ESPEHAUGEN,Espehaugen 55,Blomsterdalen,5258,Hordaland,Norway,EU-EFTA,FFP,PP FFPP,,,PP - Processing Plant | FFPP - Fresh Fishery Products Plant,,
M2032,DRÅGEN SMOKEHOUSE A,Nedre Haukåsvegen 67,Elnesvågen,6440,Møre og Romsdal,Norway,EU-EFTA,FFP,FFPP PP,,,FFPP - Fresh Fishery Products Plant | PP - Processing Plant,,
N891,DYPING OG OMEGN FISKEMOTTAK SA,Dyping,Bogøy,8288,Nordland,Norway,EU-EFTA,FFP,FFPP,,,FFPP - Fresh Fishery Products Plant,,
F44,Doggi,Hammerfest Industrifiske Havneveien 44,Rypefjord,9610,Finnmark; 9233117,Norway,EU-EFTA,FFP,ZV,,,ZV - Freezer Vessel,,
VL114,Domstein Fish AS,Postboks 14,Måløy,6701,Sogn og Fjordane,Norway,EU-EFTA,FFP,PP FFPP,,,PP - Processing Plant | FFPP - Fresh Fishery Products Plant,,
ST860,Domstein Sjømat AS Avd Trondheim,Trondheim Havn - Pir 1. Nr.7,Trondheim,7010,Trøndelag,Norway,EU-EFTA,FFP,PP FFPP,,,PP - Processing Plant | FFPP - Fresh Fishery Products Plant,,
O201,Domstein Sjømat AS avd Oslo,Knud Brynsvei 1,Oslo,0581,Oslo,Norway,EU-EFTA,FFP,PP FFPP,,,PP - Processing Plant | FFPP - Fresh Fishery Products Plant,,
T1160,Domstein Sjømat AS avd Tromsø,Ropnesvegen 69,Kvaløya,9107,Troms,Norway,EU-EFTA,FFP,PP FFPP,,,PP - Processing Plant | FFPP - Fresh Fishery Products Plant,,
VA204,Domstein Sjømat AS avd. Kristiansand,Geiderøya,Kristiansand,4625,,Norway,EU-EFTA,FFP,FFPP,,,"Vest-Agder,West Agder | FFPP - Fresh Fishery Products Plant",,
R51,Domstein Sjømat As Avd Stavanger,Tangen 6,Randaberg,4071,Rogaland,Norway,EU-EFTA,FFP,PP FFPP,,,PP - Processing Plant | FFPP - Fresh Fishery Products Plant,,
O268,Domstein Sushi AS avd Oslo,Knud Brynsvei 1,Oslo,0581,Oslo,Norway,EU-EFTA,FFP,PP FFPP,,,PP - Processing Plant | FFPP - Fresh Fishery Products Plant,,
TF66,Dragøy Grossist As,Huldervegen 18,Tromsø,9016,Troms,Norway,EU-EFTA,FFP,FFPP,,,FFPP - Fresh Fishery Products Plant,,
T222,Dragøy Grossist As,Huldervegen 18,Tromsø,9016,Troms,Norway,EU-EFTA,FFP,PP FFPP,,,PP - Processing Plant | FFPP - Fresh Fishery Products Plant,,
T1244,Drytech AS,Ørneveien 110,Tromsø,9015,Troms,Norway,EU-EFTA,FFP,FFPP,,,FFPP - Fresh Fishery Products Plant,,
N2297,Dybos Fisk AS,Strandveien 30,Brønnøysund,8904,Nordland,Norway,EU-EFTA,FFP,PP FFPP,,,PP - Processing Plant | FFPP - Fresh Fishery Products Plant,,
N1084,Dønna Fiskemottak as,Hølaveien 48,Dønna,8820,Nordland,Norway,EU-EFTA,FFP,PP FFPP,,,PP - Processing Plant | FFPP - Fresh Fishery Products Plant,,
VL76,EIDE BRANDASUND AS AVD BRANDASUND,Brandasundvegen 359,Brandasund,5423,Hordaland,Norway,EU-EFTA,FFP,FFPP,,,FFPP - Fresh Fishery Products Plant,,
M976,ELLINGSØY KLIPPFISK AS,Kokkervika 11,Ellingsøy,6057,Møre og Romsdal,Norway,EU-EFTA,FFP,PP,,,PP - Processing Plant,,
M428,EPAX NORWAY AS AVD ÅLESUND,Aarsæthervegen 17,Ålesund,6006,Møre og Romsdal,Norway,EU-EFTA,FFP,PP,,,PP - Processing Plant,,
SF917,ERVIK SEAFOOD AVD MÅLØY,Øyna 41,Måløy,6700,Sogn og Fjordane,Norway,EU-EFTA,FFP,FFPP PP,,,FFPP - Fresh Fishery Products Plant | PP - Processing Plant,,
T1265,Easyfish AS,Tromsøysundvegen 38,Tromsdalen,9020,Troms,Norway,EU-EFTA,FFP,PP,,,PP - Processing Plant,,
AA415,Eco Marine As,Langodden 14,Arendal,4816,East Agder,Norway,EU-EFTA,FFP,PP,,,PP - Processing Plant,,
M2243,Ecofive,BLUEWILD OCEAN II AS Flatholmen havn 85,Ålesund,6002,Møre og Romsdal; 9954723,Norway,EU-EFTA,FFP,FV,,,FV - Factory Vessel,,
F656,Edgar Olsen,Vesterelv,Varangerbotn,9840,Finnmark,Norway,EU-EFTA,FFP,FFPP,,,FFPP - Fresh Fishery Products Plant,,
F713,Edmar Persen,Ringveien,Børselv,9716,Finnmark,Norway,EU-EFTA,FFP,FFPP,,,FFPP - Fresh Fishery Products Plant,,
ST825,Edna Synnøve,Dyrvik,Svellingen,7270,Trøndelag; 9199490,Norway,EU-EFTA,FFP,FV,,,FV - Factory Vessel,,
M158,Edward Johnsen AS,Reksundveien 133,Averøy,6533,Møre og Romsdal,Norway,EU-EFTA,FFP,PP FFPP,,,PP - Processing Plant | FFPP - Fresh Fishery Products Plant,,
T1073,Eide Handel As,Eidkjosen,Kvaløysletta,9100,Troms,Norway,EU-EFTA,FFP,PP FFPP,,,PP - Processing Plant | FFPP - Fresh Fishery Products Plant,,
ØF478,Eli R,Sg Reketrål As Øvre Skjelsbu 15,Vesterøy,1684,Østfold,Norway,EU-EFTA,FFP,FV,,,FV - Factory Vessel,,
N2411,Elias Johan,BENONISEN FISKERI AS Oddanveien 45,Sørvågen,8392,Nordland; 9922794,Norway,EU-EFTA,FFP,ZV,,,ZV - Freezer Vessel,,
N2226,Elin Toril Ans,Skagveien 91,Meløygård,8157,Nordland,Norway,EU-EFTA,FFP,FV,,,FV - Factory Vessel,,
F763,Ellens Northern Light Fishing Vekve,Øvreveien 62,Alta,9515,Finnmark,Norway,EU-EFTA,FFP,FFPP,,,FFPP - Fresh Fishery Products Plant,,
N742,Ellingsen Seafood AS avd Hovedkontor,Været 2 Postboks 56,Skrova,8320,Nordland,Norway,EU-EFTA,FFP,FFPP,,,FFPP - Fresh Fishery Products Plant,,
N741,Ellingsen Seafood AS avd Hovedkontor,Postboks 56 Været,Skrova,8320,Nordland,Norway,EU-EFTA,FFP,FFPP,,,FFPP - Fresh Fishery Products Plant,,
F443,Embla Båtsfjord AS,Nedre Holmen 18,Båtsfjord,9990,Finnmark,Norway,EU-EFTA,FFP,FFPP PP,,,FFPP - Fresh Fishery Products Plant | PP - Processing Plant,,
F748,Enk Sverre Hugo Olsen,Revsnesveien 1,Revsneshamn,9624,Finnmark,Norway,EU-EFTA,FFP,FFPP,,,FFPP - Fresh Fishery Products Plant,,
VL51,Enterprise,"Enterprise Seafood AS, C/O Ivar Taranger Prestaneset 74",Storebø,5392,Hordaland; 9080390,Norway,EU-EFTA,FFP,FV,,,FV - Factory Vessel,,
VL26,Eplenakkjen Røykeri AS,Apalehaugen 23B,Leirvik,5412,Hordaland,Norway,EU-EFTA,FFP,PP,,,PP - Processing Plant,,
T1233,Erlingson,Partrederiet Erlingson Ans Langsundveien 1169,Hansnes,9130,Troms,Norway,EU-EFTA,FFP,FV,,,FV - Factory Vessel,,
AA418,Ero,ERO AS Monrads gate 1A,Oslo,0577,Oslo,Norway,EU-EFTA,FFP,FV,,,FV - Factory Vessel,,
TK426,Espen Danielsen,Skoglivegen 8,Porsgrunn,3940,Telemark,Norway,EU-EFTA,FFP,FFPP,,,FFPP - Fresh Fishery Products Plant,,
H95,Espevær Røykeri AS,Espeværvegen 57,Espevær,5444,Hordaland,Norway,EU-EFTA,FFP,PP FFPP,,,PP - Processing Plant | FFPP - Fresh Fishery Products Plant,,
F466,Even Einarsen,Mortensnes Várjjatgeaidnu 1887,Varangerbotn,9840,Finnmark,Norway,EU-EFTA,FFP,FFPP,,,FFPP - Fresh Fishery Products Plant,,
F348,Even Harald Einarsen,Várjjatgeaidnu 1887,Varangerbotn,9840,Finnmark,Norway,EU-EFTA,FFP,FFPP,,,FFPP - Fresh Fishery Products Plant,,
F687,Evertsen Herleif,KORSFJORDEN,Komagfjord,9536,Finnmark,Norway,EU-EFTA,FFP,FFPP,,,FFPP - Fresh Fishery Products Plant,,
M2015,F/T Havbryn,HAVBRYN AS,Kjerstad,6292,Møre og Romsdal; 9639050,Norway,EU-EFTA,FFP,ZV PP,,,ZV - Freezer Vessel | PP - Processing Plant,,
N48,F/T Holmøy,Prestfjord AS Havnegata 19,Sortland,8400,Nordland; 9756145,Norway,EU-EFTA,FFP,FV,,,FV - Factory Vessel,,
N410,F/T Saga Sea,The Qrill Company AS avd. Stamsund J.M.Johansens vei 99,Stamsund,8340,Nordland; 7390416,Norway,EU-EFTA,FFP,FV ZV,,,FV - Factory Vessel | ZV - Freezer Vessel,,
N100,F/T Sunderøy,Prestfjord AS Havnegata 19,Sortland,8400,Nordland; 9294903,Norway,EU-EFTA,FFP,FV,,,FV - Factory Vessel,,
N2301,F/V Antarctic Endurance,The Qrill Company AS avd. Stamsund J.M.Johansens vei 99,Stamsund,8340,Nordland; 9827891,Norway,EU-EFTA,FFP,FV,,,FV - Factory Vessel,,
N2173,F/V Antarctic Sea,The Qrill Company AS avd. Stamsund J.M.Johansens vei 99,Stamsund,8340,Nordland; 9160358,Norway,EU-EFTA,FFP,FV,,,FV - Factory Vessel,,
M434,FAUSKE HANS & SØNN AS,Nordstrand,Valderøya,6050,Møre og Romsdal,Norway,EU-EFTA,FFP,PP,,,PP - Processing Plant,,
M2020,FESTØY AS,Festøy,Barstadvik,6174,Møre og Romsdal,Norway,EU-EFTA,FFP,PP FFPP,,,PP - Processing Plant | FFPP - Fresh Fishery Products Plant,,
M416,FINEFISH AS AVD SANDSHAMN,Sandshamna 91,Sandshamn,6089,Møre og Romsdal,Norway,EU-EFTA,FFP,PP FFPP,,,PP - Processing Plant | FFPP - Fresh Fishery Products Plant,,
VL70,FIRST SEAFOOD AS AVD GODVIK,Leirvikflaten 13 5179 Godvik,Godvik,5179,Hordaland,Norway,EU-EFTA,FFP,FFPP,,,FFPP - Fresh Fishery Products Plant,,
M2247,FJELLMØY,Storhornet AS v/Ståle Otto Dyb,Godøya,6055,Møre og Romsdal,Norway,EU-EFTA,FFP,ZV,,,ZV - Freezer Vessel,,
ØF56,FJORDFISK AS AVD SKJÆRHALDEN,Båthavna 12,Skjærhalden,1680,Østfold,Norway,EU-EFTA,FFP,FFPP,,,FFPP - Fresh Fishery Products Plant,,
ØF50,FJORDFISK AS AVD UTGÅRDSKILEN,Utgårkilen,Vesterøy,1684,Østfold,Norway,EU-EFTA,FFP,FFPP,,,FFPP - Fresh Fishery Products Plant,,
R210,FJORDKJØKKEN AS,Postboks 4,Varhaug,4360,Rogaland,Norway,EU-EFTA,FFP,PP,,,PP - Processing Plant,,
N2063,FLEINVÆR FISKEMOTTAK AS,Fleinvær,Fleinvær,8094,Nordland,Norway,EU-EFTA,FFP,FFPP,,,FFPP - Fresh Fishery Products Plant,,
M2047,FOSNAVAAG PELAGIC AS,Nørvågvegen 7,Fosnavåg,6090,Møre og Romsdal,Norway,EU-EFTA,FFP,FFPP PP,,,FFPP - Fresh Fishery Products Plant | PP - Processing Plant,,
VI6,FREDRIKSTAD SEAFOODS AS AVD OPPDRETTSANLEGG,Øraveien 2,Gamle Fredrikstad,1630,Østfold,Norway,EU-EFTA,FFP,FFPP,,,FFPP - Fresh Fishery Products Plant,,
ST490,FROAN FORRETNINGSDRIFT AS,Sørburøy,Sørburøy,7286,Trøndelag,Norway,EU-EFTA,FFP,FFPP,,,FFPP - Fresh Fishery Products Plant,,
T1228,FRUHOLMEN SEAFOOD AS AVD TROMSØ,STAKKEVOLLVEGEN 65,Tromsø,9100,Troms,Norway,EU-EFTA,FFP,ZV,,,ZV - Freezer Vessel,,
ST462,FRØYA FRYSERI AS,Frøya Næringspark,Svellingen,7270,Trøndelag,Norway,EU-EFTA,FFP,PP,,,PP - Processing Plant,,
TL7,FRØYA GOURMET AS,Leirvikveien 271,Norddyrøy,7273,Trøndelag,Norway,EU-EFTA,FFP,PP FFPP,,,PP - Processing Plant | FFPP - Fresh Fishery Products Plant,,
SF5,FRØYANES AS,Otneimneset,Stadlandet,6750,Sogn og Fjordane,Norway,EU-EFTA,FFP,FV,,,FV - Factory Vessel,,
SF4,FRØYANES JUNIOR AS,Vestkappvegen 1434,Stadlandet,6750,Sogn og Fjordane; 9849526,Norway,EU-EFTA,FFP,ZV,,,ZV - Freezer Vessel,,
SF53,FRØYANES SENIOR,"Vestkappvegen 1434, Otneim 6750 STADLANDET",Leikong,6750,Sogn og Fjordane,Norway,EU-EFTA,FFP,FV,,,FV - Factory Vessel,,
M2251,FSV Scotia,"FSV Rederi AS, Øvre veg 24",Molde,6415,Møre og Romsdal,Norway,EU-EFTA,FFP,FFPP,,,FFPP - Fresh Fishery Products Plant,,
SF825,Fanøyvåg SF825,"Batalden, 6917 Batalden",Florø,6900,Sogn og Fjordane; 9696022,Norway,EU-EFTA,FFP,ZV,,,ZV - Freezer Vessel,,
A234,Faun Pharma AS,Støttumveien 9,Vestby,1543,Akershus,Norway,EU-EFTA,FFP,PP,,,PP - Processing Plant,,
M2152,Fay,"Kenfish II AS (""Fay"") Flatset",Averøy,6530,Møre og Romsdal; 9827619,Norway,EU-EFTA,FFP,ZV,,,ZV - Freezer Vessel,,
AA202,Ferdigmat As,Holmen 6,Arendal,4842,East Agder,Norway,EU-EFTA,FFP,PP,,,PP - Processing Plant,,
BU308,Ferskvannsfisk As,Kapteinveien 14,Hønefoss,3512,Buskerud,Norway,EU-EFTA,FFP,FFPP,,,FFPP - Fresh Fishery Products Plant,,
VI18,Filetfabrikken AS,Brennaveien 20b,Hagan,1481,Akershus,Norway,EU-EFTA,FFP,FFPP,,,FFPP - Fresh Fishery Products Plant,,
440,Findus Norge As Avd Gro Industrier Fabrikk Hedrum,Findus Norge As Avd Gro Industrier Fabrikk Hedrum,Larvik,3271,Vestfold,Norway,EU-EFTA,FFP,FFPP,,,FFPP - Fresh Fishery Products Plant,,
F706,Finn Hjalmar Seipæjærvi,Evertsveien 5,Bugøynes,9935,Finnmark,Norway,EU-EFTA,FFP,FFPP,,,FFPP - Fresh Fishery Products Plant,,
N1073,Finneidfjord Industrier,Nordsjøvegen 17,Finneidfjord,8642,Nordland,Norway,EU-EFTA,FFP,PP,,,PP - Processing Plant,,
VA62,Finny Sirevaag As,Midtbø 1,Åna-Sira,4420,Rogaland,Norway,EU-EFTA,FFP,PP,,,PP - Processing Plant,,
VL43,Firda Harvest,Grimevegen 234,Byrknesøy,5970,Hordaland,Norway,EU-EFTA,FFP,FFPP,,,FFPP - Fresh Fishery Products Plant,,
M371,Firmenich Bjørge Biomarin AS,Ellingsøyveien 920,Ålesund,6057,Møre og Romsdal,Norway,EU-EFTA,FFP,PP,,,PP - Processing Plant,,
IL6,First Seafood AS Avd Kongsvinger,Stømnervegen 1,Kongsvinger,2212,Hedmark,Norway,EU-EFTA,FFP,FFPP,,,FFPP - Fresh Fishery Products Plant,,
O107,Fiskcentralen AS,AKERSHUSSTRANDA 23,Oslo,0150,Oslo,Norway,EU-EFTA,FFP,PP FFPP,,,PP - Processing Plant | FFPP - Fresh Fishery Products Plant,,
AA447,Fiskebrygga Lillesand As,Strandgata 18,Lillesand,4790,East Agder,Norway,EU-EFTA,FFP,FFPP,,,FFPP - Fresh Fishery Products Plant,,
VA90,Fiskelaget AS,Gismerøyveien 150,Mandal,4515,,Norway,EU-EFTA,FFP,FFPP PP,,,"Vest-Agder,West Agder | FFPP - Fresh Fishery Products Plant | PP - Processing Plant",,
M51,Fiskenes,Fiskenes AS Karlbakken 8,Fiskarstrand,6035,Møre og Romsdal; 9234563,Norway,EU-EFTA,FFP,ZV,,,ZV - Freezer Vessel,,
AA61,Fiskernes Salgslag,Storgata 2,Grimstad,4876,East Agder,Norway,EU-EFTA,FFP,FFPP,,,FFPP - Fresh Fishery Products Plant,,
VA94,Fiskesalg AS avd. Gravane,Gravane 8,Kristiansand,4610,,Norway,EU-EFTA,FFP,PP FFPP,,,"Vest-Agder,West Agder | PP - Processing Plant | FFPP - Fresh Fishery Products Plant",,
SF56,Fjellmøy,Fjellmøy AS Honningsvågvegen 358,Stadlandet,6750,Sogn og Fjordane,Norway,EU-EFTA,FFP,ZV,,,ZV - Freezer Vessel,,
TK422,Fjordbuen,Fisker Jostein Mastereid Krabberødveien 24,Stathelle,3960,Telemark,Norway,EU-EFTA,FFP,FV,,,FV - Factory Vessel,,
A51,Fjordfisk AS Son Fiskemottak,Storgata 23,Son,1555,Akershus,Norway,EU-EFTA,FFP,FFPP,,,FFPP - Fresh Fishery Products Plant,,
H131,Fjordfisk Skånevik,Sardinfabrikken,Skånevik,5593,Hordaland,Norway,EU-EFTA,FFP,PP FFPP,,,PP - Processing Plant | FFPP - Fresh Fishery Products Plant,,
VL65,Fjordfisken,"Sjøprodukt AS, Kalvøyna 8",Kalvåg,6729,Sogn og Fjordane,Norway,EU-EFTA,FFP,FFPP,,,FFPP - Fresh Fishery Products Plant,,
TF18,Fjordfisker Olsen,Seilandsveien 218,Nordre Seiland,9609,Finnmark,Norway,EU-EFTA,FFP,FFPP,,,FFPP - Fresh Fishery Products Plant,,
M317,Fjordlaks AS,Fjordgata 52,Ålesund,6005,Møre og Romsdal,Norway,EU-EFTA,FFP,FFPP PP,,,FFPP - Fresh Fishery Products Plant | PP - Processing Plant,,
AG8,Fjordservice Transport AS,Abelnes 60,Flekkefjord,4404,,Norway,EU-EFTA,FFP,FFPP,,,"Vest-Agder,West Agder | FFPP - Fresh Fishery Products Plant",,
T380,Flakstadvåg Laks As Avd Kaldfarnes,Flakstadvåg,Kaldfarnes,9395,Troms,Norway,EU-EFTA,FFP,FFPP,,,FFPP - Fresh Fishery Products Plant,,
VF329,Flaming,PC KYSTFISKE V PETTER CHRISTIAN LARSEN Gloppeskogen 33,Larvik,3260,Vestfold,Norway,EU-EFTA,FFP,FV,,,FV - Factory Vessel,,
VF302,Flo,KNUT SEMB Oppegårdsveien 6,Hvasser,3148,Vestfold,Norway,EU-EFTA,FFP,FV,,,FV - Factory Vessel,,
VA202,Flykjøkkenet AS,Flyplassveien 217,Vanse,4560,,Norway,EU-EFTA,FFP,PP,,,"Vest-Agder,West Agder | PP - Processing Plant",,
2597,Folla,FRØY SHIPPING AS AVD RØRVIK Siholmen 34,Sistranda,7260,Trøndelag,Norway,EU-EFTA,FFP,RV,,,RV - Reefer Vessel,,
R141,Fonn Egersund As Avd Egersund,Lindøyveien 92,Egersund,4373,Rogaland,Norway,EU-EFTA,FFP,FFPP PP,,,FFPP - Fresh Fishery Products Plant | PP - Processing Plant,,
M132,Fortuna Oils AS,Fortuna Oils AS Fiskeribasen 5 6512 Kristiansund N Norway,Kristiansund,6514,Møre og Romsdal,Norway,EU-EFTA,FFP,PP,,,PP - Processing Plant,,
ST135,Fosenskalldyr,Nordnesveien 39,Vallersund,7167,Trøndelag,Norway,EU-EFTA,FFP,PP FFPP,,,PP - Processing Plant | FFPP - Fresh Fishery Products Plant,,
F676,Frank Einar Nordstrand,Schanchehøgda 5,Sjånes,9771,Finnmark,Norway,EU-EFTA,FFP,FFPP,,,FFPP - Fresh Fishery Products Plant,,
ØF417,Frank Yngvar Askeli,Vauerveien 298,Vesterøy,1684,Østfold,Norway,EU-EFTA,FFP,FFPP,,,FFPP - Fresh Fishery Products Plant,,
O269,Fredriks Røkeri AS,Akershusstranda 23,Oslo,0150,Oslo,Norway,EU-EFTA,FFP,PP,,,PP - Processing Plant,,
M2242,Frost Seafood Norge AS,Legemyrane 4,Moltustranda,6076,Møre og Romsdal,Norway,EU-EFTA,FFP,FFPP,,,FFPP - Fresh Fishery Products Plant,,
TL36,Frøy Rederi As,Siholmen 34,Sistranda,7260,Trøndelag,Norway,EU-EFTA,FFP,FFPP,,,FFPP - Fresh Fishery Products Plant,,
VL62,Frøyanes,"Frøyanes AS, Vestkappvegen 1434",Stadlandet,6750,Sogn og Fjordane; 9960485,Norway,EU-EFTA,FFP,FV,,,FV - Factory Vessel,,
T810,Frøydis - Marie,Frøydis As V/Eivind Pedersen Fjellveien 5,Skjervøy,9180,Troms,Norway,EU-EFTA,FFP,FV,,,FV - Factory Vessel,,
VF246,Futurum Seafood AS Avd Asker,Borgeskogen 65,Stokke,3160,Vestfold,Norway,EU-EFTA,FFP,PP FFPP,,,PP - Processing Plant | FFPP - Fresh Fishery Products Plant,,
N2257,Futurum Seafood AS adv Henningsvær,Dreyers gate 17,Henningsvær,8312,Nordland,Norway,EU-EFTA,FFP,FFPP,,,FFPP - Fresh Fishery Products Plant,,
N2398,Futurum Seafood AS avd Henningsvær,"Dreyrsgate 17, 8312 Henningsvær",Henningsvær,8312,Nordland,Norway,EU-EFTA,FFP,FFPP,,,FFPP - Fresh Fishery Products Plant,,
BU310,Futurum Seafood As Avd Asker - MS DONNA,Østre Strandgate 52,Tofte,3482,Buskerud,Norway,EU-EFTA,FFP,PP,,,PP - Processing Plant,,
N522,GADUS NORWAY AS AVD HENNINGSVÆR,Hellandsgata 85,Henningsvær,8312,Nordland,Norway,EU-EFTA,FFP,PP FFPP,,,PP - Processing Plant | FFPP - Fresh Fishery Products Plant,,
ST861,GARNVIKS RØKERI AS,Leirvikveien 271,Norddyrøy,7273,Trøndelag,Norway,EU-EFTA,FFP,PP FFPP,,,PP - Processing Plant | FFPP - Fresh Fishery Products Plant,,
M2021,GC Rieber VivoMega AS,Teistholmsundet 6,Kristiansund N,6512,Møre og Romsdal,Norway,EU-EFTA,FFP,PP,,,PP - Processing Plant,,
M931,GJENDEMSJØ SEAFOOD AS,Hellandshamna 88,Brattvåg,6270,Møre og Romsdal,Norway,EU-EFTA,FFP,PP,,,PP - Processing Plant,,
NT814,GJERT'S GOURMET AS,Lauvøyvågveien 11,Rørvik,7900,Trøndelag,Norway,EU-EFTA,FFP,PP,,,PP - Processing Plant,,
F725,Gadus Neptun,Finnmark Havfiske AS Havneveien 44,Rypefjord,9610,Finnmark; 9640982,Norway,EU-EFTA,FFP,ZV,,,ZV - Freezer Vessel,,
N2204,Gadus Njord,Nordland Havfiske AS Buøyveien 7,Stamsund,8340,Nordland; 9640970,Norway,EU-EFTA,FFP,ZV FV,,,ZV - Freezer Vessel | FV - Factory Vessel,,
F733,Gadus Poseidon,Finnmark Havfiske AS Havneveien 44,Rypefjord,9610,Finnmark; 9640968,Norway,EU-EFTA,FFP,ZV,,,ZV - Freezer Vessel,,
VA471,Galant,POSEIDON OG NEPTUN AS Langenesveien 362,Søgne,4643,,Norway,EU-EFTA,FFP,FV,,,"Vest-Agder,West Agder | FV - Factory Vessel",,
TF64,Gamst Shilova AS,Svartnes,Vardø,9950,Finnmark,Norway,EU-EFTA,FFP,FFPP,,,FFPP - Fresh Fishery Products Plant,,
F243,Gamst Shilova AS Vadsø,"Kommunal kai, Vadsø",Vadsø,9800,Finnmark,Norway,EU-EFTA,FFP,FFPP,,,FFPP - Fresh Fishery Products Plant,,
F295,Gamvik Seafood AS,Strandveien 63,Gamvik,9775,Finnmark,Norway,EU-EFTA,FFP,PP FFPP,,,PP - Processing Plant | FFPP - Fresh Fishery Products Plant,,
2825,Gate Gourmet Norway AS Unit Bergen,Flyplassvegen 439,Blomsterdalen,5258,Hordaland,Norway,EU-EFTA,FFP,PP,,,PP - Processing Plant,,
2903,Gate Gourmet Norway As Avd Gardermoen,Tryggve Grans veg 15,Gardermoen,2060,Akershus,Norway,EU-EFTA,FFP,FFPP,,,FFPP - Fresh Fishery Products Plant,,
M2170,Geir,Veststeinen AS Grytafjordvegen 552,Vatne,6265,Møre og Romsdal; 9856024,Norway,EU-EFTA,FFP,ZV FV,,,ZV - Freezer Vessel | FV - Factory Vessel,,
N1415,Geir Edvardsen,Fagervikveien 111,Leirfjord,8890,Nordland,Norway,EU-EFTA,FFP,FV,,,FV - Factory Vessel,,
N556,Glea AS,Gleaveien 11A,Røst,8064,Nordland,Norway,EU-EFTA,FFP,PP FFPP,,,PP - Processing Plant | FFPP - Fresh Fishery Products Plant,,
N2408,Glea Salmon AS,Gleaveien 11A,Røst,8064,Nordland,Norway,EU-EFTA,FFP,FFPP,,,FFPP - Fresh Fishery Products Plant,,
SF225,Global Florø AS,Kyllervegen 4,Florø,6906,Sogn og Fjordane,Norway,EU-EFTA,FFP,FFPP PP,,,FFPP - Fresh Fishery Products Plant | PP - Processing Plant,,
SF925,Godfisken,"Sjøprodukt AS, Kalvøyna 8",Kalvåg,6729,Sogn og Fjordane,Norway,EU-EFTA,FFP,FFPP,,,FFPP - Fresh Fishery Products Plant,,
VA207,Gorines AS,Skytterheia 7,Lillesand,4790,East Agder,Norway,EU-EFTA,FFP,PP,,,PP - Processing Plant,,
ST150,Grande Sjømat AS,Havneveien 55,Uthaug,7142,Trøndelag,Norway,EU-EFTA,FFP,PP FFPP,,,PP - Processing Plant | FFPP - Fresh Fishery Products Plant,,
H132,Granit AS,Halstensen Granit AS Bekkjarvik,Bekkjarvik,5397,Hordaland; 9796896,Norway,EU-EFTA,FFP,ZV,,,ZV - Freezer Vessel,,
R114,Grieg Seafood Rogaland AS Avd Stjernelaks,Sjernarøyvegen 22,Sjernarøy,4170,Rogaland,Norway,EU-EFTA,FFP,FFPP,,,FFPP - Fresh Fishery Products Plant,,
R205,Grilstad AS avd. Stavanger,Slettestrandsveien 15,Stavanger,4032,Rogaland,Norway,EU-EFTA,FFP,PP,,,PP - Processing Plant,,
SF898,Grotle,Havstjerna AS Iglandsvika 18,Bremanger,6727,Sogn og Fjordane; 9691838,Norway,EU-EFTA,FFP,ZV,,,ZV - Freezer Vessel,,
M448,Grytestranda Fiskeindustri AS,Grytafjordvegen 762,Vatne,6265,Møre og Romsdal,Norway,EU-EFTA,FFP,PP FFPP,,,PP - Processing Plant | FFPP - Fresh Fishery Products Plant,,
TL40,Grøntvedt Nutri AS,Havneveien 1,Uthaug,7142,Trøndelag,Norway,EU-EFTA,FFP,PP,,,PP - Processing Plant,,
ST151,Grøntvedt Pelagic AS avd. Kråkvåg,Kråkvågveien 99,Kråkvåg,7152,Trøndelag,Norway,EU-EFTA,FFP,PP,,,PP - Processing Plant,,
ST131,Grøntvedt Pelagic AS avd. Uthaug,Havneveien 1,Uthaug,7142,Trøndelag,Norway,EU-EFTA,FFP,PP FFPP,,,PP - Processing Plant | FFPP - Fresh Fishery Products Plant,,
TF29,Gullholmen As,Fastlandssiden 70,Havøysund,9690,Finnmark,Norway,EU-EFTA,FFP,ZV FV,,,ZV - Freezer Vessel | FV - Factory Vessel,,
F716,Gunn Inger Johansen,Nakkerud,Nervei,9773,Finnmark,Norway,EU-EFTA,FFP,FFPP,,,FFPP - Fresh Fishery Products Plant,,
F621,Gunnar A Noste,Suovka 48,Varangerbotn,9840,Finnmark,Norway,EU-EFTA,FFP,FFPP,,,FFPP - Fresh Fishery Products Plant,,
F15A,Gunnar Ingebrigtsen,Storekorsnesveien 230,Kviby,9519,Finnmark,Norway,EU-EFTA,FFP,FV,,,FV - Factory Vessel,,
N127,Gunnar Klo AS Avd Myre,Havnegata 3,Myre,8430,Nordland,Norway,EU-EFTA,FFP,FFPP PP,,,FFPP - Fresh Fishery Products Plant | PP - Processing Plant,,
N119,Gunnar Klo AS avd Stø,Bårdholmen,Stø,8438,Nordland,Norway,EU-EFTA,FFP,PP FFPP,,,PP - Processing Plant | FFPP - Fresh Fishery Products Plant,,
M367,Gustav Stokke AS,Gustav Stokkes veg 21,Ålesund,6057,Møre og Romsdal,Norway,EU-EFTA,FFP,PP FFPP,,,PP - Processing Plant | FFPP - Fresh Fishery Products Plant,,
N484,H. SVERDRUP AS,Reineveien 170,Reine,8390,Nordland,Norway,EU-EFTA,FFP,PP FFPP,,,PP - Processing Plant | FFPP - Fresh Fishery Products Plant,,
BU50,HANSENS RØKERI AS,Frydenhaugveien 2,Drammen,3041,Buskerud,Norway,EU-EFTA,FFP,FFPP PP,,,FFPP - Fresh Fishery Products Plant | PP - Processing Plant,,
N322,HAUG NIC AS,Ballstadlandet 100,Ballstad,8373,Nordland,Norway,EU-EFTA,FFP,PP FFPP,,,PP - Processing Plant | FFPP - Fresh Fishery Products Plant,,
H122,HAV LINE AS,Christian Michelsens Gate 6b,Bergen,5012,Hordaland,Norway,EU-EFTA,FFP,FFPP,,,FFPP - Fresh Fishery Products Plant,,
NT815,HAVFRUENE. AS,Sundsøya 20,Inderøy,7670,Trøndelag,Norway,EU-EFTA,FFP,PP,,,PP - Processing Plant,,
TL15,HBC Berkåk AS,Postmyrveien 20,Rennebu,7391,Trøndelag,Norway,EU-EFTA,FFP,FFPP,,,FFPP - Fresh Fishery Products Plant,,
VI4,HEALTHPACK AS,Nypeveien 15,Drammen,3032,Buskerud,Norway,EU-EFTA,FFP,FFPP,,,FFPP - Fresh Fishery Products Plant,,
TL16,HITRA SALMON AS,Svenesveien 3,Melandsjø,7250,Trøndelag,Norway,EU-EFTA,FFP,PP,,,PP - Processing Plant,,
M2092,HOFSETH AALESUND AS,Havnegata 11,Ålesund,6005,Møre og Romsdal,Norway,EU-EFTA,FFP,PP FFPP,,,PP - Processing Plant | FFPP - Fresh Fishery Products Plant,,
M303,HOFSETH AQUA AVD 31 SLAKTERI ÅLESUND,Fjordgata 52,Ålesund,6005,Møre og Romsdal,Norway,EU-EFTA,FFP,PP FFPP,,,PP - Processing Plant | FFPP - Fresh Fishery Products Plant,,
M480,HOFSETH AS,Syvdefjordvegen 432 6140 Syvde,Syvde,6140,Møre og Romsdal,Norway,EU-EFTA,FFP,PP FFPP,,,PP - Processing Plant | FFPP - Fresh Fishery Products Plant,,
M946,HOFSETH BIOCARE ASA AVD MIDSUND,Stormyrvegen 52,Midsund,6475,Møre og Romsdal,Norway,EU-EFTA,FFP,PP,,,PP - Processing Plant,,
M88,HOPMARK HAVFISKE AS,Østsideveien 823,Smøla,6570,Møre og Romsdal,Norway,EU-EFTA,FFP,FFPP,,,FFPP - Fresh Fishery Products Plant,,
M269,HORSGAARD & CO A/S,Hamnegata 43,Molde,6413,Møre og Romsdal,Norway,EU-EFTA,FFP,PP FFPP,,,PP - Processing Plant | FFPP - Fresh Fishery Products Plant,,
N221,HOVDEN FISKEINDUSTRI AS,Handkleppveien 8 8475 Straumsjøen,Straumsjøen,8475,Nordland,Norway,EU-EFTA,FFP,PP FFPP,,,PP - Processing Plant | FFPP - Fresh Fishery Products Plant,,
FI127,Haadem Fisk As,Faslevegen 60,Leira i Valdres,2920,Oppland,Norway,EU-EFTA,FFP,FFPP,,,FFPP - Fresh Fishery Products Plant,,
M2023,Haltentrål,Solskjær AS Tonningsgate 11,Ålesund,6006,Møre og Romsdal; 9169562,Norway,EU-EFTA,FFP,ZV,,,ZV - Freezer Vessel,,
T1080,Halvors Tradisjonsfisk As,Håndverkerveien 7b,Tromsø,9018,Troms,Norway,EU-EFTA,FFP,PP,,,PP - Processing Plant,,
FI129,Hande Valdres Rakfisken As,Hande,Røn,2960,Oppland,Norway,EU-EFTA,FFP,FFPP,,,FFPP - Fresh Fishery Products Plant,,
F106,Hansen Bjarne,Vestersandveien 4,Bugøynes,9935,Finnmark,Norway,EU-EFTA,FFP,FFPP,,,FFPP - Fresh Fishery Products Plant,,
T217,Hanso Holding As,Evjenveien 130,Tomasjord,9024,Troms,Norway,EU-EFTA,FFP,PP,,,PP - Processing Plant,,
TL35,Hansson As,Frøneshaugen,Åfjord,7170,Trøndelag,Norway,EU-EFTA,FFP,FFPP,,,FFPP - Fresh Fishery Products Plant,,
H109,Hardanger Fiskeforedling AS Avd Strandebarm,Båtavika 30,Strandebarm,5630,Hordaland,Norway,EU-EFTA,FFP,FFPP,,,FFPP - Fresh Fishery Products Plant,,
VL59,Hardanger Seafood AS Avd Bømlo,Hardanger fiskeforedling avd. Bømlo Hovlandsvegen 270,Bømlo,5443,Hordaland,Norway,EU-EFTA,FFP,FFPP,,,FFPP - Fresh Fishery Products Plant,,
F705,Harder Småvik,Breverudsvingen 17,Alta,9513,Finnmark,Norway,EU-EFTA,FFP,FFPP,,,FFPP - Fresh Fishery Products Plant,,
M680,Harhaug I,Grytafjord AS Grytafjordvegen 926,Vatne,6265,Møre og Romsdal; 9185035,Norway,EU-EFTA,FFP,ZV,,,ZV - Freezer Vessel,,
T1280,Harmoni,Rekedrift As c/o Widar Hansen Grønlandsvegen 52,Tromsø,9013,Troms,Norway,EU-EFTA,FFP,FV,,,FV - Factory Vessel,,
T1081,Havbruksstasjonen I Tromsø AS,Skarsfjordvegen 860,Kårvik,9131,Troms,Norway,EU-EFTA,FFP,FFPP,,,FFPP - Fresh Fishery Products Plant,,
N2218,Havgrim Kystfiske As,Toppen 2A,Bodø,8079,Nordland,Norway,EU-EFTA,FFP,FV,,,FV - Factory Vessel,,
VA461,Havlys,GE TECHNOLOGY AS Eikeveien 6,Søgne,4640,,Norway,EU-EFTA,FFP,FV,,,"Vest-Agder,West Agder | FV - Factory Vessel",,
VF331,Havna Fisk & Skalldyr As,Brunlanesveien 1505,Nevlunghavn,3296,Vestfold,Norway,EU-EFTA,FFP,FFPP,,,FFPP - Fresh Fishery Products Plant,,
M2014,Havstrand,AS Havstrand Kjøpmannsgata 37,Ålesund,6005,Møre og Romsdal; 9639062,Norway,EU-EFTA,FFP,PP ZV,,,PP - Processing Plant | ZV - Freezer Vessel,,
VA414,Havsund,"Alf Ulland, Vallåsbakken 26",Hidrasund,4432,,Norway,EU-EFTA,FFP,FFPP FV,,,"Vest-Agder,West Agder | FFPP - Fresh Fishery Products Plant | FV - Factory Vessel",,
N70,Havtind,Nordland Havfiske AS Buøyveien 7,Stamsund,8340,Nordland; 9164304,Norway,EU-EFTA,FFP,ZV,,,ZV - Freezer Vessel,,
TF70,Havøysund Fisk As,Strandgata 157,Havøysund,9690,Finnmark,Norway,EU-EFTA,FFP,FFPP,,,FFPP - Fresh Fishery Products Plant,,
AG27,Hellevig 1,HELLEVIG AS Langenesveien 360,Søgne,4643,,Norway,EU-EFTA,FFP,FV,,,"Vest-Agder,West Agder | FV - Factory Vessel",,
N893,Helligvær Sjømat As,Sørværveien 2,Helligvær,8095,Nordland,Norway,EU-EFTA,FFP,PP FFPP,,,PP - Processing Plant | FFPP - Fresh Fishery Products Plant,,
F746,Helmer Olsen,Øksfjordveien 370,Øksfjorden,9552,Finnmark,Norway,EU-EFTA,FFP,FFPP,,,FFPP - Fresh Fishery Products Plant,,
T255,Henry Johansen Drift As,Vengsøya,Vengsøy,9120,Troms,Norway,EU-EFTA,FFP,PP FFPP,,,PP - Processing Plant | FFPP - Fresh Fishery Products Plant,,
F4,Hera,Hermes avd Fiske Søndre Botten,Sør-Tverrfjord,9584,Finnmark; 9230036,Norway,EU-EFTA,FFP,ZV,,,ZV - Freezer Vessel,,
F354,Hermann Export AS avd Havøysund,Stransgata 157,Havøysund,9690,Finnmark,Norway,EU-EFTA,FFP,PP FFPP,,,PP - Processing Plant | FFPP - Fresh Fishery Products Plant,,
TF93,Hermes,Hermes AS Avd Fiske Søndre Botten,Sør-Tverrfjord,9584,Finnmark,Norway,EU-EFTA,FFP,FV,,,FV - Factory Vessel,,
VA69,Hidra Fiskemottak As,"Kirkehamnveien 154, 4432 Hidrasund",Hidrasund,4432,,Norway,EU-EFTA,FFP,PP FFPP,,,"Vest-Agder,West Agder | PP - Processing Plant | FFPP - Fresh Fishery Products Plant",,
VA448,Hidraskjær,"Hidrafisk AS, Manshausveien 29",Hidrasund,4432,,Norway,EU-EFTA,FFP,FFPP FV,,,"Vest-Agder,West Agder | FFPP - Fresh Fishery Products Plant | FV - Factory Vessel",,
N2368,Hilde Stensen,Nymo gård,Bleikvasslia,8647,Nordland,Norway,EU-EFTA,FFP,FFPP,,,FFPP - Fresh Fishery Products Plant,,
TK243,Hima Seafood Rjukan AS Avd prod av matfisk,Svaddeveien 129,Rjukan,3660,Telemark,Norway,EU-EFTA,FFP,FFPP,,,FFPP - Fresh Fishery Products Plant,,
ST343,Hitramat as,Knarrlagsundveien 325,Ansnes,7241,Trøndelag,Norway,EU-EFTA,FFP,PP FFPP,,,PP - Processing Plant | FFPP - Fresh Fishery Products Plant,,
R945,Hoa Nhu,"Skasvegen 160, 4354 Voll",Bore,4354,Rogaland,Norway,EU-EFTA,FFP,PP FFPP,,,PP - Processing Plant | FFPP - Fresh Fishery Products Plant,,
2223,Holmfoss,Eimskip Norway AS Havnegata 21,Sortland,8400,Nordland; 9359662,Norway,EU-EFTA,FFP,RV,,,RV - Reefer Vessel,,
N445,Holmøy Produkter AS,Lilandveien 10,Sortland,8407,Nordland,Norway,EU-EFTA,FFP,PP,,,PP - Processing Plant,,
N1142,Hongset Røye,Hongsetveien 106,Velfjord,8960,Nordland,Norway,EU-EFTA,FFP,PP FFPP,,,PP - Processing Plant | FFPP - Fresh Fishery Products Plant,,
N645,Hopen Fisk AS,Hopsveien 42,Kabelvåg,8310,Nordland,Norway,EU-EFTA,FFP,PP FFPP,,,PP - Processing Plant | FFPP - Fresh Fishery Products Plant,,
VA445,Horisont Iii,HORISONT 2 AS Alsviga 13,Flekkerøy,4625,West Agder,Norway,EU-EFTA,FFP,FV,,,FV - Factory Vessel,,
T1253,Hrogn AS,Erik Vangbergs gate 15,Tromsø,9009,Troms,Norway,EU-EFTA,FFP,PP FFPP,,,PP - Processing Plant | FFPP - Fresh Fishery Products Plant,,
TL49,Hubert Weigold,Vingvågen 41,Sundlandet,7255,Trøndelag,Norway,EU-EFTA,FFP,PP,,,PP - Processing Plant,,
VI16,Hvaler-Krabbe As,Greåkerveien 145,Greåker,1718,Østfold,Norway,EU-EFTA,FFP,FFPP,,,FFPP - Fresh Fishery Products Plant,,
TL42,Hyra Skalldyr As,Eidshaugvegen 1650,Ottersøy,7940,Trøndelag,Norway,EU-EFTA,FFP,FFPP,,,FFPP - Fresh Fishery Products Plant,,
AA416,Høvågtrål AS,Skottevigveien 276,Høvåg,4770,East Agder,Norway,EU-EFTA,FFP,FV,,,FV - Factory Vessel,,
ST845,ILA FISKEMOTTAK AS,Nedre Ila 68,Trondheim,7018,Trøndelag,Norway,EU-EFTA,FFP,FFPP,,,FFPP - Fresh Fishery Products Plant,,
M449,INGOLF ENGESET AS,Grytafjordvegen 926,Vatne,6265,Møre og Romsdal,Norway,EU-EFTA,FFP,PP FFPP,,,PP - Processing Plant | FFPP - Fresh Fishery Products Plant,,
H84,INKA AS,Røtingavegen 244,Lepsøy,5216,Hordaland,Norway,EU-EFTA,FFP,FFPP,,,FFPP - Fresh Fishery Products Plant,,
ST204,ISFJORD NORWAY AS,GRØNØRVEIEN 30,Orkanger,7300,Trøndelag,Norway,EU-EFTA,FFP,FFPP PP,,,FFPP - Fresh Fishery Products Plant | PP - Processing Plant,,
R0018K,Ikato,M/S Ikato Dale Jon Kristian,Torvastad,4260,Rogaland,Norway,EU-EFTA,FFP,FV,,,FV - Factory Vessel,,
F103,Inge Hansen,Vestersandveien 6,Bugøynes,9935,Finnmark,Norway,EU-EFTA,FFP,FFPP,,,FFPP - Fresh Fishery Products Plant,,
F692,Ingebrigtsen Roger,Nyvollveien 236,Kviby,9519,Finnmark,Norway,EU-EFTA,FFP,FFPP,,,FFPP - Fresh Fishery Products Plant,,
F765,Ingmar Kristian Lorents Sjursen,VERTSHUSHAGEN 22,Alta,9513,Finnmark,Norway,EU-EFTA,FFP,FFPP,,,FFPP - Fresh Fishery Products Plant,,
F770,Ingolv Jenvald Kvivesen,NUVSVÅGVEIEN 1357,Nuvsvåg,9550,Finnmark,Norway,EU-EFTA,FFP,FFPP,,,FFPP - Fresh Fishery Products Plant,,
F251,Isanlegget AS,Industriveien,Mehamn,9770,Finnmark,Norway,EU-EFTA,FFP,FFPP,,,FFPP - Fresh Fishery Products Plant,,
M2190,Ishavet,Bluewild Ocean I AS Flatholmen Havn 85,Ålesund,6002,Møre og Romsdal,Norway,EU-EFTA,FFP,ZV,,,ZV - Freezer Vessel,,
M2261,Ishavet,SOLSKJÆR AS Tonningsgate 11,Ålesund,6006,Møre og Romsdal; 9652818,Norway,EU-EFTA,FFP,ZV,,,ZV - Freezer Vessel,,
T10,J. Bergvoll,Strandtorget 3,Tromsø,9008,Troms; 9214501,Norway,EU-EFTA,FFP,ZV,,,ZV - Freezer Vessel,,
N112,J. M. Nilsen fisk AS,8489 Nordmela,Nordmela,,Nordland,Norway,EU-EFTA,FFP,PP FFPP,,,PP - Processing Plant | FFPP - Fresh Fishery Products Plant,,
M425,JAKOB & JOHAN DYBVIK AS,TINGSTADVIKA 5,Fiskarstrand,6035,Møre og Romsdal,Norway,EU-EFTA,FFP,PP,,,PP - Processing Plant,,
ØF471,JAN OVENSTAD,Moloveien 25,Engelsviken,1628,Østfold,Norway,EU-EFTA,FFP,FV,,,FV - Factory Vessel,,
M157,JANGAARD EXPORT AS AVD NORDMØRE,Hasløyveien 150,Averøy,6533,Møre og Romsdal,Norway,EU-EFTA,FFP,PP FFPP,,,PP - Processing Plant | FFPP - Fresh Fishery Products Plant,,
M161,JANGAARD EXPORT AS AVD.4,Hasløyveien 150,Averøy,6533,Møre og Romsdal,Norway,EU-EFTA,FFP,PP FFPP,,,PP - Processing Plant | FFPP - Fresh Fishery Products Plant,,
N411,JANGAARD EXPORT AS STAMSUND,Buøyveien 27,Stamsund,8340,Nordland,Norway,EU-EFTA,FFP,PP FFPP,,,PP - Processing Plant | FFPP - Fresh Fishery Products Plant,,
N289,JENTOFT AS,Fergeleiet,Napp,8382,Nordland,Norway,EU-EFTA,FFP,PP FFPP,,,PP - Processing Plant | FFPP - Fresh Fishery Products Plant,,
N1310,JIM LORENTZEN,Vikran 11,Nordnesøy,8198,Nordland,Norway,EU-EFTA,FFP,PP FFPP,,,PP - Processing Plant | FFPP - Fresh Fishery Products Plant,,
N458,JM LANGAAS DRIFT AS,Sund,Sund i Lofoten,8384,Nordland,Norway,EU-EFTA,FFP,PP FFPP,,,PP - Processing Plant | FFPP - Fresh Fishery Products Plant,,
M2103,JUVIKPRODUKT AS,Juvikvegen 34,Aukra,6480,Møre og Romsdal,Norway,EU-EFTA,FFP,PP,,,PP - Processing Plant,,
M361,Jacob Bjørge AS,Bjørge industriveg 7 6057 Ellingsøy,Ålesund,6057,Møre og Romsdal,Norway,EU-EFTA,FFP,PP FFPP,,,PP - Processing Plant | FFPP - Fresh Fishery Products Plant,,
N1405,Jakobsen Reker,Jakobsen Reker Skolevegen 18A,Nesna,8700,Nordland,Norway,EU-EFTA,FFP,FV,,,FV - Factory Vessel,,
F744,Jan Erik Gundersen,Nisevegen 47,Kvaløysletta,9100,Troms,Norway,EU-EFTA,FFP,FFPP,,,FFPP - Fresh Fishery Products Plant,,
TF83,Jan Gunnar Nilsen,SØRSTRAUMVEGEN 679,Lakselvbukt,9045,Troms,Norway,EU-EFTA,FFP,FFPP,,,FFPP - Fresh Fishery Products Plant,,
F749,Jan Harald Lorentzen,Langstrandveien 50,Langstrand,,Finnmark,Norway,EU-EFTA,FFP,FFPP,,,FFPP - Fresh Fishery Products Plant,,
F756,Jan Inge Nilsen,Kvenvikveien 88,Alta,9510,Finnmark,Norway,EU-EFTA,FFP,FFPP,,,FFPP - Fresh Fishery Products Plant,,
ST203,Jan Inge Standahl,Steinvikveien 32,Oksvoll,7165,Trøndelag,Norway,EU-EFTA,FFP,FFPP,,,FFPP - Fresh Fishery Products Plant,,
AA410,Jan Lassesen AS,Østre Tromøyvei 853,Kongshavn,4812,East Agder,Norway,EU-EFTA,FFP,FV,,,FV - Factory Vessel,,
N69,Jangaard Export AS avd Sjøanlegget,Hamnegata 83,Andenes,8480,Nordland,Norway,EU-EFTA,FFP,PP FFPP,,,PP - Processing Plant | FFPP - Fresh Fishery Products Plant,,
N75,Jangaard Export AS avd Framnes,Havnegata 2 Postboks 138,Andenes,8483,Nordland,Norway,EU-EFTA,FFP,PP FFPP,,,PP - Processing Plant | FFPP - Fresh Fishery Products Plant,,
N631,Jangaard Export AS avd Henningsvær,Henningsvær,Henningsvær,8312,Nordland,Norway,EU-EFTA,FFP,PP FFPP,,,PP - Processing Plant | FFPP - Fresh Fishery Products Plant,,
N575,Jangaard Export AS avd Røst,Gleaveien 12,Røst,8064,Nordland,Norway,EU-EFTA,FFP,FFPP PP,,,FFPP - Fresh Fishery Products Plant | PP - Processing Plant,,
F343,Jangaard Export AS avd.Gjesvær,Kobbenesvegen 27,Gjesvær,9765,Finnmark,Norway,EU-EFTA,FFP,PP FFPP,,,PP - Processing Plant | FFPP - Fresh Fishery Products Plant,,
M310,"Jangaard Export AS, Avd Kleivane",Aarsæthervegen 41,Ålesund,6006,Møre og Romsdal,Norway,EU-EFTA,FFP,PP,,,PP - Processing Plant,,
AA420,Jano,Jano V/Olav Olsen Buvikveien 35,Risør,4950,East Agder,Norway,EU-EFTA,FFP,FV,,,FV - Factory Vessel,,
R30,Jarstein,Jarstein Bokn As Jøsenvågen 33,Bokn,5561,Rogaland,Norway,EU-EFTA,FFP,FV,,,FV - Factory Vessel,,
N1000,Jensen Benjamin AS,Flakstad,Napp,8382,Nordland,Norway,EU-EFTA,FFP,FFPP PP,,,FFPP - Fresh Fishery Products Plant | PP - Processing Plant,,
T181,Jensen Fisk As,Vikaveien 248,Silsand,9303,Troms,Norway,EU-EFTA,FFP,FFPP,,,FFPP - Fresh Fishery Products Plant,,
ØF423,Jensen Leif E,Kattekløva 4,Vesterøy,1684,Østfold,Norway,EU-EFTA,FFP,FFPP,,,FFPP - Fresh Fishery Products Plant,,
T1273,Jensen Paul Oddgeir,Ersfjordbotn,Kvaløya,9107,Troms,Norway,EU-EFTA,FFP,FFPP,,,FFPP - Fresh Fishery Products Plant,,
T807,Jessica,Jessica As Lenangsveien 2699,Nord-Lenangen,9068,Troms,Norway,EU-EFTA,FFP,FV,,,FV - Factory Vessel,,
N1005,Jim Roger Monsen,Lyngvågen,Gjerøy,8195,Nordland,Norway,EU-EFTA,FFP,PP FFPP,,,PP - Processing Plant | FFPP - Fresh Fishery Products Plant,,
T251,Joh H Pettersen As,Kvaløyvågvegen 1422,Kvaløya,9103,Troms,Norway,EU-EFTA,FFP,PP FFPP,,,PP - Processing Plant | FFPP - Fresh Fishery Products Plant,,
M435,Johan Giskeødegård AS,Sætrehamna 15,Valderøya,6050,Møre og Romsdal,Norway,EU-EFTA,FFP,PP FFPP,,,PP - Processing Plant | FFPP - Fresh Fishery Products Plant,,
F421,Johan Kvalsvik AS,Akkarfjord 36,Akkarfjord,9650,Finnmark,Norway,EU-EFTA,FFP,PP FFPP,,,PP - Processing Plant | FFPP - Fresh Fishery Products Plant,,
N566,John Greger,Tyvsøyveien 15,Røst,8064,Nordland,Norway,EU-EFTA,FFP,PP FFPP,,,PP - Processing Plant | FFPP - Fresh Fishery Products Plant,,
N554,John Greger avd Lilleglea,Gleaveien,Røst,8064,Nordland,Norway,EU-EFTA,FFP,PP FFPP,,,PP - Processing Plant | FFPP - Fresh Fishery Products Plant,,
T119,Johs H Giæver AS Avd Havnnes,Postboks 1,Havnnes,9159,Troms,Norway,EU-EFTA,FFP,PP FFPP,,,PP - Processing Plant | FFPP - Fresh Fishery Products Plant,,
F714,Josefsen Hedly,Indre Billefjord,Indre Billefjord,9710,Finnmark,Norway,EU-EFTA,FFP,FFPP,,,FFPP - Fresh Fishery Products Plant,,
TK411,Juventus,Kristensen Roy Valletangen 22,Stathelle,3967,Telemark,Norway,EU-EFTA,FFP,FV,,,FV - Factory Vessel,,
SF813,JØLSTERLIA FINN ÅRDAL,6843 Skei i Jølster,Skei,6843,Sogn og Fjordane,Norway,EU-EFTA,FFP,FFPP PP,,,FFPP - Fresh Fishery Products Plant | PP - Processing Plant,,
VA91,Jølle,GE TECHNOLOGY AS Eikeveien 6,Søgne,4640,,Norway,EU-EFTA,FFP,FV,,,"Vest-Agder,West Agder | FV - Factory Vessel",,
F721,Jørn Harangen,KARKOVEIEN 5,Lakselv,9700,Finnmark,Norway,EU-EFTA,FFP,FFPP,,,FFPP - Fresh Fishery Products Plant,,
R57,K-fisk,Sveholmvegen 10,Åkrehamn,4275,Rogaland,Norway,EU-EFTA,FFP,PP,,,PP - Processing Plant,,
M2228,K.Nyvoll,LHN Fiskeri AS Leitebakken 34,Godøya,6055,Møre og Romsdal; 9330965,Norway,EU-EFTA,FFP,FV,,,FV - Factory Vessel,,
N324,KAIKANTEN DELIKATESSER AS,Ballstadlandet 200,Ballstad,8373,Nordland,Norway,EU-EFTA,FFP,PP FFPP,,,PP - Processing Plant | FFPP - Fresh Fishery Products Plant,,
T804,KAMØ,Øystein Mikalsen,Skjervøy,9180,Troms,Norway,EU-EFTA,FFP,FV,,,FV - Factory Vessel,,
M18,KATO,Kato Fangst AS Sundgata 12,Ålesund,6003,Møre og Romsdal; 6929985,Norway,EU-EFTA,FFP,ZV,,,ZV - Freezer Vessel,,
M2076,KD Norway AS,Strandgata 60,Brattvåg,6270,Møre og Romsdal,Norway,EU-EFTA,FFP,PP,,,PP - Processing Plant,,
N2300,KLIPPFISKKOMPANIET AS,Trålveien 6,Bodø,8013,Nordland,Norway,EU-EFTA,FFP,PP,,,PP - Processing Plant,,
M301,KNUTEPUNKTET,Malmefjordvegen 18,Elnesvågen,6440,Møre og Romsdal,Norway,EU-EFTA,FFP,PP,,,PP - Processing Plant,,
TL50,KOKKERIET AS,Tempevegen 33,Trondheim,7031,Trøndelag,Norway,EU-EFTA,FFP,FFPP,,,FFPP - Fresh Fishery Products Plant,,
M96,KONGSHAUG KRABBE AS,Nyjordsveien 247,Smøla,6570,Møre og Romsdal,Norway,EU-EFTA,FFP,FFPP PP,,,FFPP - Fresh Fishery Products Plant | PP - Processing Plant,,
M422,KORSNESET KLIPPFISK AS,Korsnesveien,Fiskarstrand,6035,Møre og Romsdal,Norway,EU-EFTA,FFP,PP,,,PP - Processing Plant,,
N234,KRISTOFFERSEN EGIL & SØNNER A/S,8475 Straumsjøen Jennskarveien 52,Straumsjøen,8475,Nordland,Norway,EU-EFTA,FFP,FFPP,,,FFPP - Fresh Fishery Products Plant,,
M2189,Kap Farvel,Koralhav AS Strandgata 64,Brattvåg,6270,Møre og Romsdal; 9188972,Norway,EU-EFTA,FFP,ZV,,,ZV - Freezer Vessel,,
VL61,Karine H,"Halstensen Prawns AS, Bekkjarvik 76,",Bekkjarvik,5397,Hordaland; 9252515,Norway,EU-EFTA,FFP,FV,,,FV - Factory Vessel,,
T63,Karls Fisk & Skalldyr AS,"Karls fisk & skalldyr AS, avd. Burfjord fiskemottak",Burfjord,9161,Troms,Norway,EU-EFTA,FFP,FFPP,,,FFPP - Fresh Fishery Products Plant,,
T1079,Karls Fisk & Skalldyr AS,Oldervikveien 451,Oldervik,9034,Troms,Norway,EU-EFTA,FFP,PP FFPP,,,PP - Processing Plant | FFPP - Fresh Fishery Products Plant,,
T125,Karls Fisk & Skalldyr AS,Avd. Manndalen fiskemottak,Samuelsberg,9144,Troms,Norway,EU-EFTA,FFP,FFPP,,,FFPP - Fresh Fishery Products Plant,,
T127,"Karls Fisk & Skalldyr AS, Avd Djupvik",Tromsøysundvegen 36,Tromsdalen,9020,Troms,Norway,EU-EFTA,FFP,FFPP,,,FFPP - Fresh Fishery Products Plant,,
T1095,Karlsøybruket AS,9135 Vannvåg,Vannvåg,9135,Troms,Norway,EU-EFTA,FFP,PP FFPP,,,PP - Processing Plant | FFPP - Fresh Fishery Products Plant,,
T1094,Karlsøybruket AS,9135 Vannvåg,Vannvåg,9135,Troms,Norway,EU-EFTA,FFP,PP FFPP,,,PP - Processing Plant | FFPP - Fresh Fishery Products Plant,,
TL26,Karmaceli AS,Strandaveien 264,Steinsdalen,7740,Trøndelag,Norway,EU-EFTA,FFP,FFPP,,,FFPP - Fresh Fishery Products Plant,,
R85,Karmøy laks AS,Salvøyvegen 65,Vedavågen,4276,Rogaland,Norway,EU-EFTA,FFP,PP,,,PP - Processing Plant,,
M395,Karsten Flem AS,Longvafjordvegen 249,Longva,6293,Møre og Romsdal,Norway,EU-EFTA,FFP,PP FFPP,,,PP - Processing Plant | FFPP - Fresh Fishery Products Plant,,
M2220,Kasfjord,HARALDSON AS Grytafjordvegen 926,Vatne,6265,Møre og Romsdal; 7383372,Norway,EU-EFTA,FFP,FV,,,FV - Factory Vessel,,
T816,Katla,Ternholm As V/Jarle Mollan Taskebyveien 101,Skjervøy,9180,Troms,Norway,EU-EFTA,FFP,FV,,,FV - Factory Vessel,,
F49,Kiberg Fiskekjøkken AS,"HAvnegata 63, Kiberg",Vardø,9950,Finnmark,Norway,EU-EFTA,FFP,PP FFPP,,,PP - Processing Plant | FFPP - Fresh Fishery Products Plant,,
N681,King Oscar AS Avd Svolvær,Storgata 2 Postboks 381,Svolvær,8301,Nordland,Norway,EU-EFTA,FFP,PP,,,PP - Processing Plant,,
F55,Kirkenes Processing AS,Timberveien 85,Jarfjord,9911,Finnmark,Norway,EU-EFTA,FFP,FFPP,,,FFPP - Fresh Fishery Products Plant,,
2996,Kirkens Bymisjon Storkjøkken,Hoveveien 9,Sandnes,4306,Rogaland,Norway,EU-EFTA,FFP,PP,,,PP - Processing Plant,,
F701,Kjell Holmgren,JUPITERS VEI 3,Hammerfest,9600,Finnmark,Norway,EU-EFTA,FFP,FFPP,,,FFPP - Fresh Fishery Products Plant,,
T1208,Kjækan Gård,Kvænangsbotnveien 863,Sørstraumen,9162,Troms,Norway,EU-EFTA,FFP,PP FFPP,,,PP - Processing Plant | FFPP - Fresh Fishery Products Plant,,
VL25,Kloster laks AS,Eidsnesvegen 22,Eidsvik,5455,Hordaland,Norway,EU-EFTA,FFP,PP,,,PP - Processing Plant,,
HE202,Knutstad & Holen avd Midtstranda,Midtstranda 71,Hamar,2321,Hedmark,Norway,EU-EFTA,FFP,PP FFPP,,,PP - Processing Plant | FFPP - Fresh Fishery Products Plant,,
TF3,Kongsfjord,C/O Finnmark Havfiske AS Havneveien 44,Rypefjord,9610,Finnmark,Norway,EU-EFTA,FFP,ZV,,,ZV - Freezer Vessel,,
F844,Kongsfjordbruket AS,Kongsfjord kai,Kongsfjord,9982,Finnmark,Norway,EU-EFTA,FFP,PP FFPP,,,PP - Processing Plant | FFPP - Fresh Fishery Products Plant,,
R949,Konrad,"Medvind Waarum, Selevegen 337A",Voll,4354,Rogaland,Norway,EU-EFTA,FFP,FFPP FV,,,FFPP - Fresh Fishery Products Plant | FV - Factory Vessel,,
AG7,Konrad Nilsen & Sønn As,Østerøya 167B,Flekkerøy,4625,West Agder,Norway,EU-EFTA,FFP,FV,,,FV - Factory Vessel,,
F862,Kontepella As,Masjokdalen 131,Tana,9841,Finnmark,Norway,EU-EFTA,FFP,FFPP,,,FFPP - Fresh Fishery Products Plant,,
M2153,Koralen,KORALFJORD AS Strandgata 64,Brattvåg,6270,Møre og Romsdal; 8015855,Norway,EU-EFTA,FFP,ZV,,,ZV - Freezer Vessel,,
M2099,Koralhav,KOWI AS Strandgata 64,Brattvåg,6270,Møre og Romsdal; 9223124,Norway,EU-EFTA,FFP,FV ZV,,,FV - Factory Vessel | ZV - Freezer Vessel,,
TK73,Kragerø Sjømat As,Ytre Strandvei 3,Kragerø,3770,Telemark,Norway,EU-EFTA,FFP,FFPP,,,FFPP - Fresh Fishery Products Plant,,
F90,Kranes Kjøkken AS,Strandgata 30,Breivikbotn,9593,Finnmark,Norway,EU-EFTA,FFP,PP FFPP,,,PP - Processing Plant | FFPP - Fresh Fishery Products Plant,,
TL25,Krifo fisk og fiskmat AS,Roan havn 37,Roan,7180,Trøndelag,Norway,EU-EFTA,FFP,PP FFPP,,,PP - Processing Plant | FFPP - Fresh Fishery Products Plant,,
F670,Kristian Nilsen,Bergly Postboks 5,Nervei,9773,Finnmark,Norway,EU-EFTA,FFP,FFPP,,,FFPP - Fresh Fishery Products Plant,,
F769,Kristian Ragnar Larsen,Lomvannsveien 60,Havøysund,9690,Finnmark,Norway,EU-EFTA,FFP,FFPP,,,FFPP - Fresh Fishery Products Plant,,
ST106,Kråkøy Slakteri AS,KRÅKØYVEIEN 57,Roan,7180,Trøndelag,Norway,EU-EFTA,FFP,FFPP,,,FFPP - Fresh Fishery Products Plant,,
F751,Kvalfjord Kystfiske As,Bossekopveien 64,Alta,9513,Finnmark,Norway,EU-EFTA,FFP,FFPP,,,FFPP - Fresh Fishery Products Plant,,
M2176,Kvalnes,Kvalnes AS c/o Helge Monsen Kvalsvik Kleivaneset 20,Fosnavåg,6090,Møre og Romsdal; 7504328,Norway,EU-EFTA,FFP,ZV,,,ZV - Freezer Vessel,,
T1,Kvitungen AS,Strandgata 9,Tromsø,9008,Troms; 5169617,Norway,EU-EFTA,FFP,FV,,,FV - Factory Vessel,,
R65,Kyvik HJ AS,"Grannesgata 44, 5523 Haugesund",Vik,5523,Rogaland,Norway,EU-EFTA,FFP,PP,,,PP - Processing Plant,,
T41,Kågtind II,Nergård Havfiske AS Strandtorget 3,Tromsø,9008,Troms; 9188465,Norway,EU-EFTA,FFP,ZV,,,ZV - Freezer Vessel,,
TF46,LARS-ANDREAS,Malangvaag Stein Helge Eide Aursfjordveien 981,Mestervik,9055,Troms,Norway,EU-EFTA,FFP,FV,,,FV - Factory Vessel,,
H144,LERØY ALFHEIM AS,Skuteviksbodene 1-2,Bergen,5035,Hordaland,Norway,EU-EFTA,FFP,FFPP,,,FFPP - Fresh Fishery Products Plant,,
SF320,LERØY BULANDET AS,Hellersøyvegen 88,Bulandet,6987,Sogn og Fjordane,Norway,EU-EFTA,FFP,PP FFPP,,,PP - Processing Plant | FFPP - Fresh Fishery Products Plant,,
O70,LERØY NORGE AS,Stanseveien 33,Oslo,0977,Oslo,Norway,EU-EFTA,FFP,PP FFPP,,,PP - Processing Plant | FFPP - Fresh Fishery Products Plant,,
N584,LERØY NORWAY SEAFOODS AS AVD STAMSUND,Buøyveien 7,Stamsund,8340,Nordland,Norway,EU-EFTA,FFP,FFPP,,,FFPP - Fresh Fishery Products Plant,,
N413,LERØY NORWAY SEAFOODS AS AVD STAMSUND,Buøyveien 7,Stamsund,8340,Nordland,Norway,EU-EFTA,FFP,PP FFPP,,,PP - Processing Plant | FFPP - Fresh Fishery Products Plant,,
H72,LERØY SEAFOOD INDUSTRI AS AVDELING AUSTEVOLL,Bjånesøyvegen 13,Storebø,5392,Hordaland,Norway,EU-EFTA,FFP,FFPP,,,FFPP - Fresh Fishery Products Plant,,
ST309,LERØY SEAFOOD INDUSTRI AS AVDELING HESTVIKA,Hestvikveien 263,Hestvika,7247,Trøndelag,Norway,EU-EFTA,FFP,PP FFPP,,,PP - Processing Plant | FFPP - Fresh Fishery Products Plant,,
ST337,LERØY SEAFOOD INDUSTRI AS AVDELING JØSNØYA,Industriparkveien 31,Sandstad,7246,Trøndelag,Norway,EU-EFTA,FFP,FFPP,,,FFPP - Fresh Fishery Products Plant,,
T126,LERØY SEAFOOD INDUSTRI AS AVDELING SKJERVØY,Strandveien 4,Skjervøy,9180,Troms,Norway,EU-EFTA,FFP,FFPP,,,FFPP - Fresh Fishery Products Plant,,
T1266,LILL-JENNY,Karlsen Jr As Oksfjordhamn,Storslett,9151,Troms,Norway,EU-EFTA,FFP,FV,,,FV - Factory Vessel,,
TF78,LINDA,Brose Kystfiske As c/o Pål Brose Liveien 38,Nord-Lenangen,9068,Troms,Norway,EU-EFTA,FFP,FV,,,FV - Factory Vessel,,
M129,LM PROCESSING AS,Sørlia 7,Frei,6520,Møre og Romsdal,Norway,EU-EFTA,FFP,PP,,,PP - Processing Plant,,
N319,LOFOTEN FISH EXPORT AS,Jacob Jentofts vei 45,Ballstad,8373,Nordland,Norway,EU-EFTA,FFP,PP,,,PP - Processing Plant,,
N375,LOFOTEN SJØPRODUKTER AS,Mortsundveien 379,Leknes,8370,Nordland,Norway,EU-EFTA,FFP,PP FFPP,,,PP - Processing Plant | FFPP - Fresh Fishery Products Plant,,
M408,LOFOTPRODUKT AS AVD GJERDSVIKA,Gjerdsvikvegen 208,Gjerdsvika,6083,Møre og Romsdal,Norway,EU-EFTA,FFP,PP,,,PP - Processing Plant,,
N300,LOFOTTERMINALEN AS,Leknes Havn,Leknes,8370,Nordland,Norway,EU-EFTA,FFP,FFPP,,,FFPP - Fresh Fishery Products Plant,,
M2183,Langenes,Bluewild AS Flatholmen Havn 85,Ålesund,6007,Møre og Romsdal; 8520795,Norway,EU-EFTA,FFP,ZV,,,ZV - Freezer Vessel,,
TK440,Langesund Sjømat As,Stoa 7,Langesund,3970,Telemark,Norway,EU-EFTA,FFP,FFPP,,,FFPP - Fresh Fishery Products Plant,,
TK75,Langesundfisk As,Stoa 13,Langesund,3970,Telemark,Norway,EU-EFTA,FFP,FFPP,,,FFPP - Fresh Fishery Products Plant,,
N45,Langøy,Prestfjord AS Havnegata 19,Sortland,8400,Nordland; 9652820,Norway,EU-EFTA,FFP,FV,,,FV - Factory Vessel,,
F830,Lauritzen Fisk As,Mollaveien 6,Kjøllefjord,9790,Finnmark,Norway,EU-EFTA,FFP,FFPP,,,FFPP - Fresh Fishery Products Plant,,
N2340,Leander,Øksnes Kystfiske AS Bolstads vei 15,Myre,8430,Nordland; 9581930,Norway,EU-EFTA,FFP,ZV,,,ZV - Freezer Vessel,,
F688,Leif Magnus Henriksen,KOMAGFJORD,Komagfjord,9536,Finnmark,Norway,EU-EFTA,FFP,FFPP,,,FFPP - Fresh Fishery Products Plant,,
ØF411,Leif Ragnar Andersen,Dypedal Hobekk 21,Vesterøy,1684,Østfold,Norway,EU-EFTA,FFP,FFPP,,,FFPP - Fresh Fishery Products Plant,,
N1009,Leif Snorre Sarassen P/R ANS,Kvarøy,Indre Kvarøy,8743,Nordland,Norway,EU-EFTA,FFP,PP FFPP,,,PP - Processing Plant | FFPP - Fresh Fishery Products Plant,,
TF12,Leif-Ammon Länsman,Rávttebelgeainu 281,Varangerbotn,9840,Finnmark,Norway,EU-EFTA,FFP,FFPP,,,FFPP - Fresh Fishery Products Plant,,
M666,Leinebris,Sjøsida Tollåsbakken 2,Fosnavåg,6090,Møre og Romsdal,Norway,EU-EFTA,FFP,FV,,,FV - Factory Vessel,,
M2256,Leinebris Jr,Sjøsida Tollåsbakken 2,Fosnavåg,6090,Møre og Romsdal; 9718703,Norway,EU-EFTA,FFP,FV,,,FV - Factory Vessel,,
H108,Leiren Laks As,Leiren,Stamnes,5727,Hordaland,Norway,EU-EFTA,FFP,FFPP,,,FFPP - Fresh Fishery Products Plant,,
T145,Lenangsøyra Fiskemottak Ba,Lenangsøyra,Svensby,9064,Troms,Norway,EU-EFTA,FFP,FFPP,,,FFPP - Fresh Fishery Products Plant,,
R214,Lerøy Delico,Varabergmyra 2,Sola,4051,Rogaland,Norway,EU-EFTA,FFP,PP,,,PP - Processing Plant,,
H55,Lerøy Fossen AS,Valestrandfossen,Valestrandsfossen,5281,Hordaland,Norway,EU-EFTA,FFP,PP FFPP,,,PP - Processing Plant | FFPP - Fresh Fishery Products Plant,,
T258,Lerøy Norway Seafoods AS Avd Tromvik,Tromtindvegen 322,Kvaløya,9107,Troms,Norway,EU-EFTA,FFP,PP FFPP,,,PP - Processing Plant | FFPP - Fresh Fishery Products Plant,,
F202,Lerøy Norway Seafoods AS avd Berlevåg,Storgata 18A,Berlevåg,9980,Finnmark,Norway,EU-EFTA,FFP,PP FFPP,,,PP - Processing Plant | FFPP - Fresh Fishery Products Plant,,
F827,Lerøy Norway Seafoods AS avd Båtsfjord Kløvnes,Kløvnes kai,Varangerbotn,9840,Finnmark,Norway,EU-EFTA,FFP,PP FFPP,,,PP - Processing Plant | FFPP - Fresh Fishery Products Plant,,
F412,Lerøy Norway Seafoods AS avd Forsøl,Leirbuktveien 40,Forsøl,9612,Finnmark,Norway,EU-EFTA,FFP,FFPP PP,,,FFPP - Fresh Fishery Products Plant | PP - Processing Plant,,
F771,"Lerøy Norway Seafoods AS avd Forsøl, Hammerfest",Rypefjord,Hammerfest,9600,Finnmark,Norway,EU-EFTA,FFP,PP FFPP,,,PP - Processing Plant | FFPP - Fresh Fishery Products Plant,,
F260,Lerøy Norway Seafoods AS avd Kjøllefjord,Strandveien 79/81,Kjøllefjord,9790,Finnmark,Norway,EU-EFTA,FFP,PP FFPP,,,PP - Processing Plant | FFPP - Fresh Fishery Products Plant,,
F447,"Lerøy Norway Seafoods AS, Avd. Sørvær",Havneveien 16A,Sørvær,9595,Finnmark,Norway,EU-EFTA,FFP,PP FFPP,,,PP - Processing Plant | FFPP - Fresh Fishery Products Plant,,
F161,Lerøy Norway Seafoods As Avd Båtsfjord,Holmen,Båtsfjord,9990,Finnmark,Norway,EU-EFTA,FFP,PP FFPP,,,PP - Processing Plant | FFPP - Fresh Fishery Products Plant,,
N161,Lerøy Norway seafoods AS avd Melbu,Villaveien 1,Melbu,8445,Nordland,Norway,EU-EFTA,FFP,PP FFPP,,,PP - Processing Plant | FFPP - Fresh Fishery Products Plant,,
N217,Lerøy Norway seafoods AS avd Skårvågen,Skårvågen 8475 Straumsjøen,Straumsjøen,8475,Nordland,Norway,EU-EFTA,FFP,FFPP,,,FFPP - Fresh Fishery Products Plant,,
VF313,Lillegutt,IVAR KANTEN Oppegårdsveien 5,Hvasser,3148,Vestfold,Norway,EU-EFTA,FFP,FV,,,FV - Factory Vessel,,
VA407,Lillevig,Pettersen Ove Ans Langenesveien 354,Søgne,4643,,Norway,EU-EFTA,FFP,FV,,,"Vest-Agder,West Agder | FV - Factory Vessel",,
VF305,Linnea,RONNY NORDSKOG Fredtunveien 17,Tjøme,3145,Vestfold,Norway,EU-EFTA,FFP,FV,,,FV - Factory Vessel,,
VI3,Live Seafood Center As Avd. Kløfta,Dyrskuevegen 3,Kløfta,2040,Akershus,Norway,EU-EFTA,FFP,FFPP,,,FFPP - Fresh Fishery Products Plant,,
FI131,Lofoss Fisk As,v/Endre Røn,Lomen,2967,Oppland,Norway,EU-EFTA,FFP,FFPP,,,FFPP - Fresh Fishery Products Plant,,
N541,Lofoten Viking,Røstnesvågen 26,Værøy,8063,Nordland,Norway,EU-EFTA,FFP,PP FFPP,,,PP - Processing Plant | FFPP - Fresh Fishery Products Plant,,
N2391,Lofothau Produksjon AS,Mærvollveien 73,Bøstad,8360,Nordland,Norway,EU-EFTA,FFP,PP,,,PP - Processing Plant,,
N350,Lofotprodukt AS Avd Leknes,Havet 45,Leknes,8370,Nordland,Norway,EU-EFTA,FFP,PP,,,PP - Processing Plant,,
M17,Loran,FJELLMØY AS. Jussmarka 2,Godøya,6055,Møre og Romsdal; 9191357,Norway,EU-EFTA,FFP,ZV,,,ZV - Freezer Vessel,,
T270,Lorentzen Fisk As,Klubbvegen 15,Brensholmen,9118,Troms,Norway,EU-EFTA,FFP,PP FFPP,,,PP - Processing Plant | FFPP - Fresh Fishery Products Plant,,
VA401,Ludvig,ARNESEN ANSGAR Vesterøya 115,Flekkerøy,4625,West Agder,Norway,EU-EFTA,FFP,FV,,,FV - Factory Vessel,,
TK407,Lunde Arild,Nystrandvegen 86,Porsgrunn,3944,Telemark,Norway,EU-EFTA,FFP,PP,,,PP - Processing Plant,,
TK412,Lunik,Morten Kristensen Valletangen 21,Stathelle,3967,Telemark,Norway,EU-EFTA,FFP,FV,,,FV - Factory Vessel,,
F804,Lyder Fisk AS,Tørrfiskveien 18,Dyfjord,9782,Finnmark,Norway,EU-EFTA,FFP,FFPP,,,FFPP - Fresh Fishery Products Plant,,
F2428,Lyder Fisk Billefjord,Vestre Porsangerveien 3339,Indre Billefjord,9710,Finnmark,Norway,EU-EFTA,FFP,FFPP,,,FFPP - Fresh Fishery Products Plant,,
TF43,Lyder Fisk Bugøynes,Pipolaveien 4,Bugøynes,9935,Finnmark,Norway,EU-EFTA,FFP,FFPP,,,FFPP - Fresh Fishery Products Plant,,
F861,Lyder Fisk Dyfjord AS,Dyfjord kai,Dyfjord,9782,Finnmark,Norway,EU-EFTA,FFP,FFPP,,,FFPP - Fresh Fishery Products Plant,,
TF76,Lyder Fisk Torhop,Børresenveien 63,Tana,9841,Finnmark,Norway,EU-EFTA,FFP,FFPP,,,FFPP - Fresh Fishery Products Plant,,
T184,Lyngen Reker As,Lenangsøra,Svensby,9064,Troms,Norway,EU-EFTA,FFP,PP FFPP,,,PP - Processing Plant | FFPP - Fresh Fishery Products Plant,,
T1285,Lyngenfjord 1,Lyngenfjord Kystfiske As Ørveien 18,Svensby,9064,Troms,Norway,EU-EFTA,FFP,FV,,,FV - Factory Vessel,,
VL52,Lyngholm,"Stadt Havfiske AS, Vestkappvegen 1434",Stadlandet,6750,Sogn og Fjordane; 9171319,Norway,EU-EFTA,FFP,FV,,,FV - Factory Vessel,,
TF95,Lyngsskjellan V/Arne Samuelsen,Gambukta 18,Rotsund,9153,Troms,Norway,EU-EFTA,FFP,FFPP,,,FFPP - Fresh Fishery Products Plant,,
M152,LØVOLD OLE AS,Reksundveien 151,Averøy,6530,Møre og Romsdal,Norway,EU-EFTA,FFP,PP FFPP,,,PP - Processing Plant | FFPP - Fresh Fishery Products Plant,,
R146,Løining As,Skadbergstrondveien 49,Egersund,4370,Rogaland,Norway,EU-EFTA,FFP,PP,,,PP - Processing Plant,,
M2096,M/S Barents Sea,Storaskjersvegen 49A,Bekkjarvik,5397,Hordaland; 8906949,Norway,EU-EFTA,FFP,FV,,,FV - Factory Vessel,,
H726,M/S Northeastern,Opilio AS Alfabygget,Storebø,5392,Hordaland; 7006857,Norway,EU-EFTA,FFP,FV,,,FV - Factory Vessel,,
VL48,M/S Vima,Opilio AS Alfabygget,Storebø,5392,Hordaland,Norway,EU-EFTA,FFP,FV,,,FV - Factory Vessel,,
F709,M/S Voldnes,Ryggefjord Fiskebåtrederi AS Strandgata 168,Havøysund,9690,Finnmark; 9570553,Norway,EU-EFTA,FFP,ZV,,,ZV - Freezer Vessel,,
T2414,M/S Øyfjord,Øyfjord Hav AS Løkta 1,Husøy i Senja,9389,Troms; 9856452,Norway,EU-EFTA,FFP,ZV FV,,,ZV - Freezer Vessel | FV - Factory Vessel,,
AG24,M/TR Kjelsvik AA - 89 - A,Sandvigveien 141,Kolbjørnsvik,4816,East Agder,Norway,EU-EFTA,FFP,FV,,,FV - Factory Vessel,,
TF2,M/TR Magne Arvesen,Andørjaveien 1810,Engenes,9455,Troms,Norway,EU-EFTA,FFP,ZV,,,ZV - Freezer Vessel,,
VA415,M/TR Rosenvoll VA 44 M,Rosenvoll As c/o Christian Eirik Aanonsen Speiderveien 26,Mandal,4514,,Norway,EU-EFTA,FFP,FV,,,"Vest-Agder,West Agder | FV - Factory Vessel",,
SF122,MAALØY SEAFOOD AS,Amtskaia 10,Måløy,6701,Sogn og Fjordane,Norway,EU-EFTA,FFP,FFPP,,,FFPP - Fresh Fishery Products Plant,,
T1261,MANIITSOQ AS,STRANDVEIEN 91,Skjervøy,9180,Troms,Norway,EU-EFTA,FFP,FV,,,FV - Factory Vessel,,
M325,MARINE SALES AS,Kongensgate 1,Ålesund,6003,Møre og Romsdal,Norway,EU-EFTA,FFP,PP FFPP,,,PP - Processing Plant | FFPP - Fresh Fishery Products Plant,,
SF364,MARTIN E BIRKNES EFTF AS,Kalvøyna 75,Byrknesøy,5970,Hordaland,Norway,EU-EFTA,FFP,PP FFPP,,,PP - Processing Plant | FFPP - Fresh Fishery Products Plant,,
N2251,MATGROSSISTEN AS,Bodøsjøveien 50,Bodø,8013,Nordland,Norway,EU-EFTA,FFP,PP FFPP,,,PP - Processing Plant | FFPP - Fresh Fishery Products Plant,,
ST479,MAUSUND FISKEMOTTAK AS,Mausund,Mausund,7284,Trøndelag,Norway,EU-EFTA,FFP,FFPP,,,FFPP - Fresh Fishery Products Plant,,
ØF430,MELHUUS OLA,SALTVIK,Skjærhalden,1680,Østfold,Norway,EU-EFTA,FFP,FV,,,FV - Factory Vessel,,
N2189,MELØY VIDEREGÅENDE SKOLE AVD INNDYR,Øya 45,Inndyr,8140,Nordland,Norway,EU-EFTA,FFP,PP FFPP,,,PP - Processing Plant | FFPP - Fresh Fishery Products Plant,,
N2155,MELØYBAS,Roar Wallmann,Reipå,8146,Nordland,Norway,EU-EFTA,FFP,FV,,,FV - Factory Vessel,,
ØF474,MILLS AS AVD FREDRIKSTAD,Borgarveien 24,Gamle Fredrikstad,1633,Østfold,Norway,EU-EFTA,FFP,PP,,,PP - Processing Plant,,
M394,MOWI AVD EGGEBØNES PROCESSING,Evangervegen 25 6092 Fosnavåg,Fosnavåg,6090,Møre og Romsdal,Norway,EU-EFTA,FFP,PP,,,PP - Processing Plant,,
ST400,MOWI avd. Jøsnøya,Industriparkveien 41,Sandstad,7246,Trøndelag,Norway,EU-EFTA,FFP,FFPP,,,FFPP - Fresh Fishery Products Plant,,
V12,MP-SJARKFISKE MATHISEN,Linneaveien 11,Fredrikstad,1663,Østfold,Norway,EU-EFTA,FFP,FV,,,FV - Factory Vessel,,
M2199,MS Bergholm,"C/O Lars Harald Nyvoll Leitebakken 34,",Godøya,6055,Møre og Romsdal,Norway,EU-EFTA,FFP,ZV,,,ZV - Freezer Vessel,,
VA412,MS Eigenes,Fiskebøen Lunde As Heggestien 1,Mandal,4515,,Norway,EU-EFTA,FFP,FV,,,"Vest-Agder,West Agder | FV - Factory Vessel",,
F2427,MS Havfangst AS,Havnegata 47,Kiberg,9960,Finnmark; 8800157,Norway,EU-EFTA,FFP,FV,,,FV - Factory Vessel,,
2463,MV Silver Bird,SILVER ICE AS Nordre Nøstekaien 1,Bergen,5011,Hordaland; 8915524,Norway,EU-EFTA,FFP,RV,,,RV - Reefer Vessel,,
2464,MV Silver Crystal,"SILVER ICE AS Nordre Nøstekaien 1, 5011 Bergen",Bergen,5011,Hordaland; 8915536,Norway,EU-EFTA,FFP,RV,,,RV - Reefer Vessel,,
2466,MV Silver Star,"SILVER ICE AS Nordre Nøstekaien 1, 5011 Bergen",Bergen,5011,Hordaland; 8911504,Norway,EU-EFTA,FFP,RV,,,RV - Reefer Vessel,,
ST245,Magnus Engzelius,Pinstiveien 95,Røros,7375,Trøndelag,Norway,EU-EFTA,FFP,PP,,,PP - Processing Plant,,
VA409,Malena,Malena AS Østerøya 154,Flekkerøy,4625,West Agder,Norway,EU-EFTA,FFP,FV,,,FV - Factory Vessel,,
N21101,Malnesfjord As,c/o Halvar Bendiksen,Reine,8390,Nordland,Norway,EU-EFTA,FFP,FV,,,FV - Factory Vessel,,
F702,Marbakken As,Markveien 18,Rypefjord,9610,Finnmark,Norway,EU-EFTA,FFP,FFPP,,,FFPP - Fresh Fishery Products Plant,,
R978,Marie Emilie,Nye Leithe AS Veden 8,Sirevåg,4364,Rogaland,Norway,EU-EFTA,FFP,FV,,,FV - Factory Vessel,,
T3,Marina,Vika Marine As Jøvikvegen 2171,Jøvik,9043,Troms,Norway,EU-EFTA,FFP,FV,,,FV - Factory Vessel,,
F698,Maritim Reparasjon Sigmund Jakobsen,SKILLEFJORD,Kviby,9519,Finnmark,Norway,EU-EFTA,FFP,FFPP,,,FFPP - Fresh Fishery Products Plant,,
R928,Martor,"Signe Nesvåg, Nesvåg 180",Hauge i Dalane,4380,Rogaland,Norway,EU-EFTA,FFP,FV FFPP,,,FV - Factory Vessel | FFPP - Fresh Fishery Products Plant,,
VF203,MatBørsen AS,Borgeskogen 38,Stokke,3160,Vestfold,Norway,EU-EFTA,FFP,FFPP,,,FFPP - Fresh Fishery Products Plant,,
M364,Mathias Bjørge AS,Årset,Ellingsøy,6057,Møre og Romsdal,Norway,EU-EFTA,FFP,PP FFPP,,,PP - Processing Plant | FFPP - Fresh Fishery Products Plant,,
TF24,Mathisen Fjord Og Kystfiske,Rávttebelgeainu 1922,Varangerbotn,9840,Finnmark,Norway,EU-EFTA,FFP,FFPP,,,FFPP - Fresh Fishery Products Plant,,
ST223,Matpartner AS,Hofstadveien 89,Melhus,7224,Trøndelag,Norway,EU-EFTA,FFP,FFPP,,,FFPP - Fresh Fishery Products Plant,,
1874,Matprodusenten AS,Borgeskogen 45C,Stokke,3160,Vestfold,Norway,EU-EFTA,FFP,FFPP,,,FFPP - Fresh Fishery Products Plant,,
AG2,Maxi Catering As,Stålveien 9,Kristiansand,4629,,Norway,EU-EFTA,FFP,FFPP PP,,,"Vest-Agder,West Agder | FFPP - Fresh Fishery Products Plant | PP - Processing Plant",,
TF75,Meron As,Tanafjordveien 3032,Tana,9841,Finnmark,Norway,EU-EFTA,FFP,FFPP,,,FFPP - Fresh Fishery Products Plant,,
F757,Mevær As,Mønesveien 23,Loppa,9586,Finnmark,Norway,EU-EFTA,FFP,FFPP,,,FFPP - Fresh Fishery Products Plant,,
R98,Mikals Laks AS,Skiftun,Skiftun,4146,Rogaland,Norway,EU-EFTA,FFP,PP,,,PP - Processing Plant,,
F671,Mikalsen Edvart,Schanchebakken 8,Sjånes,9771,Finnmark,Norway,EU-EFTA,FFP,FFPP,,,FFPP - Fresh Fishery Products Plant,,
F679,Mikalsen Gjermund,Finnes 2E Schanchebakken 2,Sjånes,9771,Finnmark,Norway,EU-EFTA,FFP,FFPP,,,FFPP - Fresh Fishery Products Plant,,
VF301,Mir,Christiansen Frode Velveien 7,Tjøme,3145,Vestfold,Norway,EU-EFTA,FFP,FV,,,FV - Factory Vessel,,
VL36,Modesta Mat As,Skuteviksbodene 1,Bergen,5035,Hordaland,Norway,EU-EFTA,FFP,FFPP,,,FFPP - Fresh Fishery Products Plant,,
F768,Moen Magnar,Lerresfjord,Komagfjord,9536,Finnmark,Norway,EU-EFTA,FFP,FFPP,,,FFPP - Fresh Fishery Products Plant,,
M2043,Molnes,Nordic Wildfish AS Nordstrandfjørå 71,Valderøya,6050,Møre og Romsdal; 9139608,Norway,EU-EFTA,FFP,ZV,,,ZV - Freezer Vessel,,
R110,Mowi Avd Ryfisk,Hundsnesvegen 151,Hjelmeland,4130,Rogaland,Norway,EU-EFTA,FFP,PP FFPP,,,PP - Processing Plant | FFPP - Fresh Fishery Products Plant,,
N1115,Mowi Avd Slakteri Herøy,"Øksningsveien 43, 8850 Silvalen Nordland, Norway",Herøy,8850,Nordland,Norway,EU-EFTA,FFP,FFPP,,,FFPP - Fresh Fishery Products Plant,,
T52,Mowi Avd. Jøkelfjord,Kvænangen,Jøkelfjord,9163,Troms,Norway,EU-EFTA,FFP,FFPP,,,FFPP - Fresh Fishery Products Plant,,
A232,Mowi Logistics,Kurillvegen 8,Gardermoen,2060,Akershus,Norway,EU-EFTA,FFP,FFPP,,,FFPP - Fresh Fishery Products Plant,,
R16,Mowi Nutrition Hjelmeland,Hundsnesvegen 151,Hjelmeland,4130,Rogaland,Norway,EU-EFTA,FFP,PP,,,PP - Processing Plant,,
AAA434,Ms Astor,PARTSREDERIET ASTOR ANS Svaneveien 9A,Grimstad,4878,East Agder,Norway,EU-EFTA,FFP,FV,,,FV - Factory Vessel,,
AA424,Ms Hebron,HEBRON AA 18 G Sandumveien 60,Grimstad,4885,East Agder,Norway,EU-EFTA,FFP,FV,,,FV - Factory Vessel,,
AA429,Ms Kvaløy,ABRAHAMSEN ODDVAR HESNESØY,Grimstad,4885,East Agder,Norway,EU-EFTA,FFP,FV,,,FV - Factory Vessel,,
AA428,Ms Sagato,SVEIN ÅGE ABRAHAMSEN Opplandsveien 132,Grimstad,4885,East Agder,Norway,EU-EFTA,FFP,FV,,,FV - Factory Vessel,,
AA432,Ms Smart,Odd Kvalø Pettersen Hesnesøy,Grimstad,4885,East Agder,Norway,EU-EFTA,FFP,FV,,,FV - Factory Vessel,,
AA436,Ms Vibeke,CHARLES SIGURDSEN Sømmingveien 27,Høvåg,4770,East Agder,Norway,EU-EFTA,FFP,FV,,,FV - Factory Vessel,,
TF23,Myre Fiskeindustri AS avd Honningsvåg,Kobbhullveien 12,Honningsvåg,9750,Finnmark,Norway,EU-EFTA,FFP,FFPP,,,FFPP - Fresh Fishery Products Plant,,
TF9,Myre Fiskeindustri avd Kamøyvær,Risfjordveien 2,Honningsvåg,9750,Finnmark,Norway,EU-EFTA,FFP,PP FFPP,,,PP - Processing Plant | FFPP - Fresh Fishery Products Plant,,
N141,Myre Fiskemottak AS,Bolstads vei 15,Myre,8430,Nordland,Norway,EU-EFTA,FFP,PP FFPP,,,PP - Processing Plant | FFPP - Fresh Fishery Products Plant,,
N2320,Myre Fiskemottak AS Avd Moskenes,Bolstads vei 15,Myre,8430,Nordland,Norway,EU-EFTA,FFP,PP FFPP,,,PP - Processing Plant | FFPP - Fresh Fishery Products Plant,,
N142,Myre saltfish group AS,Terminalveien 2,Myre,8430,Nordland,Norway,EU-EFTA,FFP,PP,,,PP - Processing Plant,,
N126,Myremar AS,havnegata 55,Myre,8430,Nordland,Norway,EU-EFTA,FFP,PP FFPP,,,PP - Processing Plant | FFPP - Fresh Fishery Products Plant,,
T1236,Myrnes Konrad A,Naustbuktvegen 63B,Kvaløya,9107,Troms,Norway,EU-EFTA,FFP,FFPP,,,FFPP - Fresh Fishery Products Plant,,
M2022,MØRE STAR FISH E MÅSEIDVÅG,Fiskarstrandvegen 39,Fiskarstrand,6035,Møre og Romsdal,Norway,EU-EFTA,FFP,FFPP PP,,,FFPP - Fresh Fishery Products Plant | PP - Processing Plant,,
TL52,Måsøval Harvest AS,Ulvøyveien 177,Knarrlagsund,7242,Trøndelag,Norway,EU-EFTA,FFP,FFPP,,,FFPP - Fresh Fishery Products Plant,,
H781,NAPRO AS,Skråmestø 24,Kjerrgarden,5314,Hordaland,Norway,EU-EFTA,FFP,PP FFPP,,,PP - Processing Plant | FFPP - Fresh Fishery Products Plant,,
O261,NFOOD AS,Stålfjæra 18,Oslo,0976,Oslo,Norway,EU-EFTA,FFP,PP FFPP,,,PP - Processing Plant | FFPP - Fresh Fishery Products Plant,,
M392,NJARDAR AS,Nærøy,Leine,6094,Møre og Romsdal,Norway,EU-EFTA,FFP,PP,,,PP - Processing Plant,,
T1243,NJORD,Johansen Kyst Og Havfiske As Gjerstad 28,Stokmarknes,8450,Nordland,Norway,EU-EFTA,FFP,FV,,,FV - Factory Vessel,,
M2187,NORCOAST AS,Geilevika,Godøya,6055,Møre og Romsdal,Norway,EU-EFTA,FFP,FFPP,,,FFPP - Fresh Fishery Products Plant,,
VL187,NORDHORDLAND FISK AS AVD BRØDRENE LARSEN,Kalvøyna 10,Kalvåg,6729,Sogn og Fjordane,Norway,EU-EFTA,FFP,PP FFPP,,,PP - Processing Plant | FFPP - Fresh Fishery Products Plant,,
N169,"NORDLAKS PRODUKTER AS AVD STOKMARKNES,","Industriveien 14, 8450 Stokmarknes",Stokmarknes,8455,Nordland,Norway,EU-EFTA,FFP,FFPP PP,,,FFPP - Fresh Fishery Products Plant | PP - Processing Plant,,
FI104,NORSK KVALITETSMAT AS,Trelastvegen 2,Surnadal,6652,Møre og Romsdal,Norway,EU-EFTA,FFP,FFPP PP,,,FFPP - Fresh Fishery Products Plant | PP - Processing Plant,,
M461,NORSK SJØMAT STRANDA AS,Svemorka 26,Stranda,6200,Møre og Romsdal,Norway,EU-EFTA,FFP,PP FFPP,,,PP - Processing Plant | FFPP - Fresh Fishery Products Plant,,
F2437,NORTH CAPE KING CRAB AS avd Honningsvåg,"Sætervågen 20, 9766 Sarnes,",Sarnes,,Finnmark,Norway,EU-EFTA,FFP,FFPP,,,FFPP - Fresh Fishery Products Plant,,
M2259,NORTHWEST SEAFOOD AS,Sørestrandvegen 605,Ikornnes,6222,Møre og Romsdal,Norway,EU-EFTA,FFP,FFPP PP,,,FFPP - Fresh Fishery Products Plant | PP - Processing Plant,,
a240,NORWAY KING CRAB HUB AS,Industrivegen 27,Skogbygda,2164,Akershus,Norway,EU-EFTA,FFP,PP FFPP,,,PP - Processing Plant | FFPP - Fresh Fishery Products Plant,,
F699,Nadezda Levicheva,NORDRE RINGVEI 10,Alta,9511,Finnmark,Norway,EU-EFTA,FFP,FFPP,,,FFPP - Fresh Fishery Products Plant,,
NT817,Namdal seafood AS,Skorstadvegen 558,Fosslandsosen,7819,Trøndelag,Norway,EU-EFTA,FFP,FFPP,,,FFPP - Fresh Fishery Products Plant,,
VF304,Nani B,FRAMNES KYSTFISKE SEVERIN TORSTEIN HUSA Rødsveien 3A,Sandefjord,3222,Vestfold,Norway,EU-EFTA,FFP,FV,,,FV - Factory Vessel,,
N288,Napp Sjømat AS,Napp,Napp,8382,Nordland,Norway,EU-EFTA,FFP,PP FFPP,,,PP - Processing Plant | FFPP - Fresh Fishery Products Plant,,
T369,Nergård Fisk Grunnfarnes,Grunnfarnes,Kaldfarnes,9395,Troms,Norway,EU-EFTA,FFP,PP FFPP,,,PP - Processing Plant | FFPP - Fresh Fishery Products Plant,,
T353,Nergård Fisk Gryllefjord,Gryllefjord,Gryllefjord,9380,Troms,Norway,EU-EFTA,FFP,PP FFPP,,,PP - Processing Plant | FFPP - Fresh Fishery Products Plant,,
T316,Nergård Fisk Senjahopen,Mefjordveien 1537,Senjahopen,9386,Troms,Norway,EU-EFTA,FFP,PP FFPP,,,PP - Processing Plant | FFPP - Fresh Fishery Products Plant,,
T314,Nergård Sild As,Senjahopen,Senjahopen,9386,Troms,Norway,EU-EFTA,FFP,PP FFPP,,,PP - Processing Plant | FFPP - Fresh Fishery Products Plant,,
F433,Nergård Sørøya AS,Strandgata 40 (HASVIK anlegget),Breivikbotn,9593,Finnmark,Norway,EU-EFTA,FFP,PP FFPP,,,PP - Processing Plant | FFPP - Fresh Fishery Products Plant,,
F440,Nergård Sørøya AS,Strandgata 40 (Breivikbotn anlegg),Breivikbotn,9593,Finnmark,Norway,EU-EFTA,FFP,PP FFPP,,,PP - Processing Plant | FFPP - Fresh Fishery Products Plant,,
F833,Nervei Torsk As,"Bakkeveien 15 9901, KIRKENES",Nervei,9773,Finnmark,Norway,EU-EFTA,FFP,FFPP,,,FFPP - Fresh Fishery Products Plant,,
M23,Nesbakk,Nesbakk AS Alnegarden 13,Godøya,6055,Møre og Romsdal; 9209477,Norway,EU-EFTA,FFP,ZV,,,ZV - Freezer Vessel,,
N2318,Nevernes Fisk,Nevernesveien 92,Velfjord,8960,Nordland,Norway,EU-EFTA,FFP,FFPP PP,,,FFPP - Fresh Fishery Products Plant | PP - Processing Plant,,
2868,Newrest Norway As,Thor Heyerdahls veg 138,Gardermoen,2060,Akershus,Norway,EU-EFTA,FFP,FFPP,,,FFPP - Fresh Fishery Products Plant,,
ØF434,Nikita,EINAR HELGESEN Viker Asmaløy,Vesterøy,1684,Østfold,Norway,EU-EFTA,FFP,FV,,,FV - Factory Vessel,,
M373,Nils Sperre AS,Ellingsøyvegen 700,Ellingsøy,6057,Møre og Romsdal,Norway,EU-EFTA,FFP,PP FFPP,,,PP - Processing Plant | FFPP - Fresh Fishery Products Plant,,
N2142,Nilsen Nils Jørgen,Vassnesveien 1,Røst,8064,Nordland,Norway,EU-EFTA,FFP,FFPP,,,FFPP - Fresh Fishery Products Plant,,
T220,Nofima As Avd Tromsø,Muninbakken 9,Tromsø,9019,Troms,Norway,EU-EFTA,FFP,PP,,,PP - Processing Plant,,
TF2219,Nokasa,C/O Nordfjord Havfiske AS Notenesgt 3,Ålesund,6002,Møre og Romsdal; 8811247,Norway,EU-EFTA,FFP,ZV,,,ZV - Freezer Vessel,,
FI102,Noraker Rakfisk As,Oslovegen 749,Aurdal,2910,Oppland,Norway,EU-EFTA,FFP,FFPP,,,FFPP - Fresh Fishery Products Plant,,
T315,Nord Senja Fisk As,Botnhamnveien 787,Botnhamn,9373,Troms,Norway,EU-EFTA,FFP,FFPP,,,FFPP - Fresh Fishery Products Plant,,
TF88,Nord Vista MS,Vista Seafoods AS Løkkeveien 9,Alta,9510,Finnmark; 8814653,Norway,EU-EFTA,FFP,ZV,,,ZV - Freezer Vessel,,
N1006,Nord- Reker AS,Kvina,Konsvikosen,8752,Nordland,Norway,EU-EFTA,FFP,FFPP PP,,,FFPP - Fresh Fishery Products Plant | PP - Processing Plant,,
TF80,Nord-Fugløy,CAMARO FISKERISELSKAP AS Hamnenesveien 52,Nord-Lenangen,9068,Troms,Norway,EU-EFTA,FFP,ZV,,,ZV - Freezer Vessel,,
TF49,Nordavind,Smart Fiskeri As Strandgata 2,Breivikbotn,9593,Finnmark,Norway,EU-EFTA,FFP,FV,,,FV - Factory Vessel,,
M2182,Nordbas,Nordnes Kystfiske AS Oksnes,Valderøya,6050,Møre og Romsdal; 7702669,Norway,EU-EFTA,FFP,FV,,,FV - Factory Vessel,,
N2144,Nordfangst Røst As,Hammarsveien 10,Røst,8064,Nordland,Norway,EU-EFTA,FFP,FFPP,,,FFPP - Fresh Fishery Products Plant,,
N879,Nordfold Fiskerikai AS,Nordfoldveien 185,Nordfold,8286,Nordland,Norway,EU-EFTA,FFP,FFPP,,,FFPP - Fresh Fishery Products Plant,,
H85,Nordhordland Fisk AS,Bøvågen,Manger,5936,Hordaland,Norway,EU-EFTA,FFP,FFPP,,,FFPP - Fresh Fishery Products Plant,,
N1187,Nordhorsfjord fiskemottak,Haukenesveien 45,Bindalseidet,7982,Nordland,Norway,EU-EFTA,FFP,FFPP,,,FFPP - Fresh Fishery Products Plant,,
H123,Nordic Caviar As,Godviksvingene 177,Godvik,5179,Hordaland,Norway,EU-EFTA,FFP,FFPP,,,FFPP - Fresh Fishery Products Plant,,
T210,Nordic Pharma Inc As Avd Tromsø,Ropnesveien 71,Kvaløya,9107,Troms,Norway,EU-EFTA,FFP,PP,,,PP - Processing Plant,,
F261,Nordkyn Eieindom AS,Værveien 7,Mehamn,9770,Finnmark,Norway,EU-EFTA,FFP,PP FFPP,,,PP - Processing Plant | FFPP - Fresh Fishery Products Plant,,
T468,Nordlaks Oppdrett AS avd Gullesfjorden,Flesnesveien 204,Flesnes,8409,Troms,Norway,EU-EFTA,FFP,FFPP,,,FFPP - Fresh Fishery Products Plant,,
M691,Nordstar,Nordnes AS Oksneset,Valderøya,6050,Møre og Romsdal; 6920111,Norway,EU-EFTA,FFP,ZV,,,ZV - Freezer Vessel,,
N2262,Nordtind,Nordland Havfiske AS Buøyveien 7,Stamsund,8340,Nordland; 9804538,Norway,EU-EFTA,FFP,FV,,,FV - Factory Vessel,,
N2366,Nordtrål As,Nils Kjærs gate 11,Sandnessjøen,8802,Nordland,Norway,EU-EFTA,FFP,FV,,,FV - Factory Vessel,,
F313,Nordvågen AS,Hovedveien 45,Nordvågen,9760,Finnmark,Norway,EU-EFTA,FFP,PP FFPP,,,PP - Processing Plant | FFPP - Fresh Fishery Products Plant,,
F2433,Nordvågen AS avd Kongsfjord,Kongsfjordbruket,Kongsfjord,9982,Finnmark,Norway,EU-EFTA,FFP,FFPP,,,FFPP - Fresh Fishery Products Plant,,
ST112,Norgeskjell AS,Austdalsveien 258,Åfjord,7170,Trøndelag,Norway,EU-EFTA,FFP,FFPP,,,FFPP - Fresh Fishery Products Plant,,
ST158,Norgeskjell AS avd Rissa,Kvithyllveien 199,Rissa,7100,Trøndelag,Norway,EU-EFTA,FFP,FFPP,,,FFPP - Fresh Fishery Products Plant,,
R979,North Atlantic,ACTIVE WATER AS Vågshagen 81 5582 Ølensvåg,Ølensvåg,5582,Rogaland; 8604034,Norway,EU-EFTA,FFP,FV,,,FV - Factory Vessel,,
F242,North Cape Food AS avd Gjesvær,Kobbenesvegen 4,Gjesvær,9765,Finnmark,Norway,EU-EFTA,FFP,FFPP,,,FFPP - Fresh Fishery Products Plant,,
F720,North Cape King Crab AS,Repvåg kai,Repvåg,9768,Finnmark,Norway,EU-EFTA,FFP,FFPP,,,FFPP - Fresh Fishery Products Plant,,
F807,North Cape King Crab AS Billefjordbruket,9710 Indre Billefjord,Honningsvåg,9750,Finnmark,Norway,EU-EFTA,FFP,PP FFPP,,,PP - Processing Plant | FFPP - Fresh Fishery Products Plant,,
F633,North Capelin Honningsvåg AS,Kobbhullveien 12,Gjesvær,9765,Finnmark,Norway,EU-EFTA,FFP,PP FFPP,,,PP - Processing Plant | FFPP - Fresh Fishery Products Plant,,
F853,Norway Catch AS,Storgata 4,Kirkenes,9900,Finnmark,Norway,EU-EFTA,FFP,FV,,,FV - Factory Vessel,,
F805,Norway King Cra Trollbukt AS,Trollbukt,Lebesby,9740,Finnmark,Norway,EU-EFTA,FFP,PP FFPP,,,PP - Processing Plant | FFPP - Fresh Fishery Products Plant,,
F622,Norway Kingcrab Production AS,Nesseveien 16,Bugøynes,9935,Finnmark,Norway,EU-EFTA,FFP,PP FFPP,,,PP - Processing Plant | FFPP - Fresh Fishery Products Plant,,
F69,Norway Shrimp AS,"Postboks 35, 9915 Kirkenes",Bugøynes,9935,Finnmark,Norway,EU-EFTA,FFP,PP FFPP,,,PP - Processing Plant | FFPP - Fresh Fishery Products Plant,,
TL14,Norwegian Fish Farms Tydal AS,Løvøyvegen 140,Tydal,7590,Trøndelag,Norway,EU-EFTA,FFP,FFPP,,,FFPP - Fresh Fishery Products Plant,,
N2311,Norwegian Shores AS avd Leines,Åsheimveien 9,Leirfjord,8890,Nordland,Norway,EU-EFTA,FFP,PP,,,PP - Processing Plant,,
N263,Notø AS,Bolstads vei 15,Myre,8430,Nordland,Norway,EU-EFTA,FFP,FFPP,,,FFPP - Fresh Fishery Products Plant,,
N2413,Nova Sea Industri,Naustholmveien 8,Lovund,8764,Nordland,Norway,EU-EFTA,FFP,FFPP,,,FFPP - Fresh Fishery Products Plant,,
N1041,Nova Sea avd. Industri,Naustholmveien 5,Lovund,8764,Nordland,Norway,EU-EFTA,FFP,FFPP,,,FFPP - Fresh Fishery Products Plant,,
TL43,Nutrishell AS,Knarrlagsundveien 325,Ansnes,7241,Trøndelag,Norway,EU-EFTA,FFP,FFPP,,,FFPP - Fresh Fishery Products Plant,,
VI12,Nutritionlab AS,Solgaard skog 3,Moss,1599,Østfold,Norway,EU-EFTA,FFP,PP,,,PP - Processing Plant,,
M2194,Nybonia Kyst As,Midøyvegen 351,Midsund,6475,Møre og Romsdal,Norway,EU-EFTA,FFP,FFPP,,,FFPP - Fresh Fishery Products Plant,,
R924,Nye Toya,Nye Toya AS Strandgata 59,Kopervik,4250,Rogaland,Norway,EU-EFTA,FFP,FV,,,FV - Factory Vessel,,
AG10,Nødings Delikatesse,Sommerkroveien 5A,Mandal,4515,,Norway,EU-EFTA,FFP,FFPP PP,,,"Vest-Agder,West Agder | FFPP - Fresh Fishery Products Plant | PP - Processing Plant",,
M212,O SKARSBØ AS,Håsundvegen 81,Bud,6430,Møre og Romsdal,Norway,EU-EFTA,FFP,PP FFPP,,,PP - Processing Plant | FFPP - Fresh Fishery Products Plant,,
M44,O. Husby,O. Husby Fiskebåtrederi AS Sandbuktveien 9,Averøy,6530,Møre og Romsdal; 8943959,Norway,EU-EFTA,FFP,ZV,,,ZV - Freezer Vessel,,
H141,O. Kavli AS,Sandbrekkeveien 91,Nesttun,5225,Hordaland,Norway,EU-EFTA,FFP,PP,,,PP - Processing Plant,,
M465,ODE PROCESSING AS,Hamnevegen 85,Vartdal,6170,Møre og Romsdal,Norway,EU-EFTA,FFP,PP FFPP,,,PP - Processing Plant | FFPP - Fresh Fishery Products Plant,,
M341,OLAV E FISKERSTRAND AS,Fiskarstrandvegen 262,Fiskarstrand,6035,Møre og Romsdal,Norway,EU-EFTA,FFP,PP FFPP,,,PP - Processing Plant | FFPP - Fresh Fishery Products Plant,,
VL50,OLAVSON AS,Bøvågen 31,Bøvågen,5937,Hordaland,Norway,EU-EFTA,FFP,FFPP FV,,,FFPP - Fresh Fishery Products Plant | FV - Factory Vessel,,
N506,OLSEN YNGVE AS,Sørvågen,Sørvågen,8392,Nordland,Norway,EU-EFTA,FFP,FFPP PP,,,FFPP - Fresh Fishery Products Plant | PP - Processing Plant,,
M2104,OPPLÆRINGSKONSULENT O. GISKEØDEGÅRD AS,Øygarden,Giske,6052,Møre og Romsdal,Norway,EU-EFTA,FFP,FFPP PP,,,FFPP - Fresh Fishery Products Plant | PP - Processing Plant,,
ØF485,ORKLA FOODS NORGE AS AVD STABBURET FREDRIKSTAD,Stabburveien 22,Fredrikstad,1617,Østfold,Norway,EU-EFTA,FFP,PP,,,PP - Processing Plant,,
H100,ORKLA FOODS NORGE AS AVD TORO ARNA,EKREVEIEN 60,Indre Arna,5261,Hordaland,Norway,EU-EFTA,FFP,FFPP PP,,,FFPP - Fresh Fishery Products Plant | PP - Processing Plant,,
N368,OTTAR STATLE AS,Mortsundveien 399,Leknes,8370,Nordland,Norway,EU-EFTA,FFP,PP,,,PP - Processing Plant,,
VL57,Ocean Venture As,Espehaugen 41,Blomsterdalen,5258,Hordaland,Norway,EU-EFTA,FFP,FV,,,FV - Factory Vessel,,
T824,Odd Jonny 2,Odd Jonny Da Aronnesveien 82,Aronnes,9514,Finnmark,Norway,EU-EFTA,FFP,FV,,,FV - Factory Vessel,,
VI14,Odin,CAMILLO MATHIESEN Futerødveien 1,Kråkerøy,1675,Østfold,Norway,EU-EFTA,FFP,FV,,,FV - Factory Vessel,,
VA466,Oftenesfisk,AAMODT FISKERI AS Oftenesveien 83,Søgne,4641,,Norway,EU-EFTA,FFP,FV,,,"Vest-Agder,West Agder | FV - Factory Vessel",,
F651,Olaisen Odd,DYRSFJORD,Hansnes,9130,Troms,Norway,EU-EFTA,FFP,FFPP,,,FFPP - Fresh Fishery Products Plant,,
F653,Olav Nordstrand,ODDEN 8,Sjånes,9771,Finnmark,Norway,EU-EFTA,FFP,FFPP,,,FFPP - Fresh Fishery Products Plant,,
T1289,Oldervik Fiskeindustri AS avd Sørkjosen,Oldervikveien 516,Oldervik,9034,Troms,Norway,EU-EFTA,FFP,FFPP,,,FFPP - Fresh Fishery Products Plant,,
T221,Oldervik Fiskeindustri As,Oldervikvegen 516,Oldervik,9034,Troms,Norway,EU-EFTA,FFP,PP FFPP,,,PP - Processing Plant | FFPP - Fresh Fishery Products Plant,,
F781,Ole Hendrik As,W Grundts gate 5,Berlevåg,9980,Finnmark,Norway,EU-EFTA,FFP,FV,,,FV - Factory Vessel,,
T1284,Olsen Kystfiske,Stajordveien 16,Burfjord,9161,Troms,Norway,EU-EFTA,FFP,FFPP,,,FFPP - Fresh Fishery Products Plant,,
M2174,Olympic Prawn,NORDØYTRÅL AS Fosnavåg Brygge,Fosnavåg,6090,Møre og Romsdal; 9857535,Norway,EU-EFTA,FFP,FV,,,FV - Factory Vessel,,
R944,Optimist,"Celita As, POSTBOKS 90",Tananger,4058,Rogaland,Norway,EU-EFTA,FFP,FFPP FV,,,FFPP - Fresh Fishery Products Plant | FV - Factory Vessel,,
T1193,Orbit,Jada Fangst As Nyborgveien 61,Vadsø,9800,Finnmark,Norway,EU-EFTA,FFP,FV,,,FV - Factory Vessel,,
VF311,Orion,ROBERT HAUTAKOSKI Kirkeveien 457,Kjøpmannskjær,3143,Vestfold,Norway,EU-EFTA,FFP,FV,,,FV - Factory Vessel,,
450,Orkla Foods Norge As Avd Elverum,Fasanvegen 41,Elverum,2406,Hedmark,Norway,EU-EFTA,FFP,FFPP,,,FFPP - Fresh Fishery Products Plant,,
N318,Orkla Health Ocean AS avd Ballstad,Fryseriveien 2,Ballstad,8373,Nordland,Norway,EU-EFTA,FFP,PP,,,PP - Processing Plant,,
O98,Orkla Health AS avd Peter Møller,Peter Møllers vei 13,Oslo,0585,Oslo,Norway,EU-EFTA,FFP,PP,,,PP - Processing Plant,,
N143,Orkla Health Ocean AS avd Myre,Storgata 15A,Myre,8430,Nordland,Norway,EU-EFTA,FFP,PP,,,PP - Processing Plant,,
F783,Oskar Bietilæ,Elvegata 11,Vadsø,9800,Finnmark,Norway,EU-EFTA,FFP,FV,,,FV - Factory Vessel,,
F650,Oskar Kristoffersen,Raigressveien 1,Kaiskuru,9516,Finnmark,Norway,EU-EFTA,FFP,FFPP,,,FFPP - Fresh Fishery Products Plant,,
A246,Oslo Salmon Processing AS Avd. Gardermoen,Kurillvegen 11,Gardermoen,2060,Akershus,Norway,EU-EFTA,FFP,FFPP PP,,,FFPP - Fresh Fishery Products Plant | PP - Processing Plant,,
VF318,Oterøy,BRØDRENE LARSEN DA Rekkeviks gate 28,Larvik,3260,Vestfold,Norway,EU-EFTA,FFP,FV,,,FV - Factory Vessel,,
SF62,P Stave AS,Borgundvågvegen 110,Stadlandet,6750,Sogn og Fjordane,Norway,EU-EFTA,FFP,FFPP PP,,,FFPP - Fresh Fishery Products Plant | PP - Processing Plant,,
M150,PEDER B SØRVIK AS,Reksundveien 424,Averøy,6530,Møre og Romsdal,Norway,EU-EFTA,FFP,PP FFPP,,,PP - Processing Plant | FFPP - Fresh Fishery Products Plant,,
SF189,PELAGIA KALVÅG,Kalvøya,Kalvåg,6729,Sogn og Fjordane,Norway,EU-EFTA,FFP,PP FFPP,,,PP - Processing Plant | FFPP - Fresh Fishery Products Plant,,
SF104,PELAGIA MÅLØY,Ulvesundvegen 85,Deknepollen,6718,Sogn og Fjordane,Norway,EU-EFTA,FFP,PP FFPP,,,PP - Processing Plant | FFPP - Fresh Fishery Products Plant,,
SF926,PELAGIA MÅLØY HEALTH,,Deknepollen,6718,Sogn og Fjordane,Norway,EU-EFTA,FFP,PP,,,PP - Processing Plant,,
SF72,PELAGIA SELJE,Seljevegen 2815,Selje,6740,Sogn og Fjordane,Norway,EU-EFTA,FFP,FFPP,,,FFPP - Fresh Fishery Products Plant,,
VI10,PK KYSTFISKE AS,Rishellinga 6,Fredrikstad,1614,Østfold,Norway,EU-EFTA,FFP,FV,,,FV - Factory Vessel,,
T24,POLAR PIONEER,Polar Pioneer As Strandgata 9,Tromsø,9008,Troms,Norway,EU-EFTA,FFP,FV,,,FV - Factory Vessel,,
M168,PURE NORWEGIAN SEAFOOD AS,Hendnesveien 99,Averøy,6530,Møre og Romsdal,Norway,EU-EFTA,FFP,FFPP,,,FFPP - Fresh Fishery Products Plant,,
F662,Partrederiet Karl Torgeir Ans,PARTREDERIET KARL TORGEIR ANS,Nervei,9773,Finnmark,Norway,EU-EFTA,FFP,FFPP,,,FFPP - Fresh Fishery Products Plant,,
M33,Pauline,OLE REISTADS VEI 9 C,Oslo,1068,Oslo; 9730725,Norway,EU-EFTA,FFP,FV,,,FV - Factory Vessel,,
F750,Pedersen Alf Sigurd,PEDERSEN ALF SIGURD,Kvalfjord,9531,Finnmark,Norway,EU-EFTA,FFP,FFPP,,,FFPP - Fresh Fishery Products Plant,,
H50,Pelagia Austevoll,Austevoll NO-5392 Storebø,Storebø,5392,Hordaland,Norway,EU-EFTA,FFP,FFPP,,,FFPP - Fresh Fishery Products Plant,,
R150,Pelagia Egersund Seafood,Kaupanesveien 34,Egersund,4374,Rogaland,Norway,EU-EFTA,FFP,PP,,,PP - Processing Plant,,
M314,Pelagia Liavåg,Liavaagen,Hjørungavåg,6063,Møre og Romsdal,Norway,EU-EFTA,FFP,PP FFPP,,,PP - Processing Plant | FFPP - Fresh Fishery Products Plant,,
N830,Pelagia Lødingen,Industrivegen 4 a 8410 Lødingen,Lødingen,8410,Nordland,Norway,EU-EFTA,FFP,PP,,,PP - Processing Plant,,
R131,Pelagia Sirevåg,Oddane 2,Sirevåg,4364,Rogaland,Norway,EU-EFTA,FFP,PP FFPP,,,PP - Processing Plant | FFPP - Fresh Fishery Products Plant,,
T212,Pelagia Tromsø,"Solstrandanlegget, Kaldslett",Tromsdalen,9020,Troms,Norway,EU-EFTA,FFP,PP FFPP,,,PP - Processing Plant | FFPP - Fresh Fishery Products Plant,,
N1036,Pelagia Træna,Galtneset,Træna,8770,Nordland,Norway,EU-EFTA,FFP,PP FFPP,,,PP - Processing Plant | FFPP - Fresh Fishery Products Plant,,
VT11,Per Eriksen,Stathelleveien 7,Langesund,3970,Telemark,Norway,EU-EFTA,FFP,FV,,,FV - Factory Vessel,,
F664,Pettersen Eivind M,POSTBOKS 3,Nervei,9773,Finnmark,Norway,EU-EFTA,FFP,FFPP,,,FFPP - Fresh Fishery Products Plant,,
T1232,Pettersen Steinar,Steinnesveien 464,Hansnes,9130,Troms,Norway,EU-EFTA,FFP,FFPP,,,FFPP - Fresh Fishery Products Plant,,
O57,Ph. Thorstensen AS,Akershusstranda 23,Oslo,0150,Oslo,Norway,EU-EFTA,FFP,PP FFPP,,,PP - Processing Plant | FFPP - Fresh Fishery Products Plant,,
M955,Pharma Marine AS,Terøy Industriområde 3,Søvik,6280,Møre og Romsdal,Norway,EU-EFTA,FFP,PP,,,PP - Processing Plant,,
ØF468,Pharmatech AS,Vallehellene 4,Rolvsøy,1664,Østfold,Norway,EU-EFTA,FFP,PP,,,PP - Processing Plant,,
AG22,Piraja As,Skudeviga 30,Flekkerøy,4625,West Agder,Norway,EU-EFTA,FFP,FV,,,FV - Factory Vessel,,
VA426,Pluto,GUTTORMSEN FRANK Vragesløyfen 123,Flekkerøy,4625,West Agder,Norway,EU-EFTA,FFP,FV,,,FV - Factory Vessel,,
F847,Polar Uteliv & Event AS (Niri),Strandgata 16,Hammerfest,9600,Finnmark,Norway,EU-EFTA,FFP,PP FFPP,,,PP - Processing Plant | FFPP - Fresh Fishery Products Plant,,
M2234,Polarbris,Notenesgata 3,Ålesund,6002,Møre og Romsdal,Norway,EU-EFTA,FFP,FV,,,FV - Factory Vessel,,
M2195,Polargodt As,Seloljeveita 1 Tjørvågvegen,Tjørvåg,6070,Møre og Romsdal,Norway,EU-EFTA,FFP,FFPP,,,FFPP - Fresh Fishery Products Plant,,
N2141,Polarmat AS,Tonnes,Tonnes,8750,Nordland,Norway,EU-EFTA,FFP,PP,,,PP - Processing Plant,,
2234,Polfoss,Eimskip Norway AS Havnegata 21,Sortland,8400,Nordland; 9393917,Norway,EU-EFTA,FFP,RV,,,RV - Reefer Vessel,,
F816,Porsangerfjord Reker As,c/o Øyvind Hesjevik Silfarveien 18A,Lakselv,9700,Finnmark,Norway,EU-EFTA,FFP,FV,,,FV - Factory Vessel,,
M2240,Poseidon Frozen AS,Kongshaugstranda 3,Eidnes,6037,Møre og Romsdal,Norway,EU-EFTA,FFP,PP,,,PP - Processing Plant,,
N50,Prestfjord,Prestfjord AS Havnegata 19,Sortland,8400,Nordland; 9584566,Norway,EU-EFTA,FFP,FV,,,FV - Factory Vessel,,
R946,Prima Protein AS,Hovlandsveien 64,Egersund,4373,Rogaland,Norway,EU-EFTA,FFP,FFPP PP,,,FFPP - Fresh Fishery Products Plant | PP - Processing Plant,,
R947,Prima Seafood As,Lindøyveien 92,Egersund,4373,Rogaland,Norway,EU-EFTA,FFP,PP FFPP,,,PP - Processing Plant | FFPP - Fresh Fishery Products Plant,,
N2275,Primex Norway AS,Havnegata 1,Myre,8430,Nordland,Norway,EU-EFTA,FFP,FFPP PP,,,FFPP - Fresh Fishery Products Plant | PP - Processing Plant,,
H705,Prowess,Ocean Venture AS Espehaugen 41,Blomsterdalen,5258,Hordaland; 8709896,Norway,EU-EFTA,FFP,ZV,,,ZV - Freezer Vessel,,
M426,RAFAEL DYBVIK AS,Tingstadvika 3,Fiskarstrand,6035,Møre og Romsdal,Norway,EU-EFTA,FFP,PP,,,PP - Processing Plant,,
M2254,ROALDNES,ROALDSNES AS Nordstrandfjørå 71 6050 VALDERØYA,Valderøya,6050,Møre og Romsdal; 9175030,Norway,EU-EFTA,FFP,FV,,,FV - Factory Vessel,,
T1250,ROLF ASBJØRN AS,c/o Rolf Bjørnar Tøllefsen,Husøy i Senja,9389,Troms; 9605877,Norway,EU-EFTA,FFP,ZV,,,ZV - Freezer Vessel,,
M190,ROMSDAL PROCESSING AS,Utsidevegen 21,Midsund,6475,Møre og Romsdal,Norway,EU-EFTA,FFP,FFPP PP,,,FFPP - Fresh Fishery Products Plant | PP - Processing Plant,,
F2429,RUTANORD AS,Værveien 48,Mehamn,9770,Finnmark,Norway,EU-EFTA,FFP,FFPP,,,FFPP - Fresh Fishery Products Plant,,
M36,Ramoen,RAMOEN AS Ystenesgt 6b 6003 Aalesund,Ålesund,6003,Møre og Romsdal; 9761102,Norway,EU-EFTA,FFP,PP FV,,,PP - Processing Plant | FV - Factory Vessel,,
T1237,Reidar Eilif Pettersen,HÅKØYVEGEN 309,Kvaløya,9109,Troms,Norway,EU-EFTA,FFP,FFPP,,,FFPP - Fresh Fishery Products Plant,,
F728,Reidar Pedersen,KVALFJORDVEIEN 64,Kvalfjord,9531,Finnmark,Norway,EU-EFTA,FFP,FFPP,,,FFPP - Fresh Fishery Products Plant,,
N2119,Reinebuen As,Rostaddalen 32,Sørvågen,8392,Nordland,Norway,EU-EFTA,FFP,FV,,,FV - Factory Vessel,,
N2244,Reinefangst As,Reine,Reine,8390,Nordland,Norway,EU-EFTA,FFP,FV,,,FV - Factory Vessel,,
VA96,Reinhartsen Engros AS,Gravane 8,Kristiansand,4610,,Norway,EU-EFTA,FFP,PP FFPP,,,"Vest-Agder,West Agder | PP - Processing Plant | FFPP - Fresh Fishery Products Plant",,
T165,Reinøy Sjømat,Stakkvik,Stakkvik,9132,Troms,Norway,EU-EFTA,FFP,PP FFPP,,,PP - Processing Plant | FFPP - Fresh Fishery Products Plant,,
F860,Reisa Reker As,Esbensens gate 16A,Vadsø,9803,Finnmark,Norway,EU-EFTA,FFP,FV,,,FV - Factory Vessel,,
AA403,Rekesentralen Endre Langtveit,Østre Tromøyvei 653,Kongshavn,4812,East Agder,Norway,EU-EFTA,FFP,FV,,,FV - Factory Vessel,,
M670,Remøy,REMØY HAVFISKE AS Holmsildgata 1,Fosnavåg,6099,Møre og Romsdal; 9660451,Norway,EU-EFTA,FFP,FV,,,FV - Factory Vessel,,
R107,Rennesøy Fisk og Skalldyr Mottak,v/Tor Bernhard Harested,Bru,4158,Rogaland,Norway,EU-EFTA,FFP,FFPP,,,FFPP - Fresh Fishery Products Plant,,
R92,Rennesøy Reker AS,Daleveien 47,Rennesøy,4150,Rogaland,Norway,EU-EFTA,FFP,FFPP,,,FFPP - Fresh Fishery Products Plant,,
AA75,Risør Fiskemottak As,Holmen 3A,Risør,4950,East Agder,Norway,EU-EFTA,FFP,FFPP,,,FFPP - Fresh Fishery Products Plant,,
TK421,Risøy,Kjell Magne Nilsen Sjådamveien 2,Kragerø,3772,Telemark,Norway,EU-EFTA,FFP,FV,,,FV - Factory Vessel,,
VF303,Risøy,THOR EGIL KLUNGERBO Ormeletveien 114,Tjøme,3145,Vestfold,Norway,EU-EFTA,FFP,FV,,,FV - Factory Vessel,,
F686,Rita Murberg Henriksen,Elvebukt 14,Komagfjord,9536,Finnmark,Norway,EU-EFTA,FFP,FFPP,,,FFPP - Fresh Fishery Products Plant,,
F715,Roald Wilhelmsen,Halsen 33,Olderfjord,9713,Finnmark,Norway,EU-EFTA,FFP,FFPP,,,FFPP - Fresh Fishery Products Plant,,
R961,Roaldsen,KORNELIUS ROALDSEN FISKEBÅTREDERI AS Varbergvegen 27,Egersund,4371,Rogaland,Norway,EU-EFTA,FFP,FV,,,FV - Factory Vessel,,
TL51,Roan Lakseslakteri AS,Roan havn 37,Roan,7180,Trøndelag,Norway,EU-EFTA,FFP,FFPP,,,FFPP - Fresh Fishery Products Plant,,
ØF403,Rolf Østlie Jørgensen,Tuten 46,Vesterøy,1684,Østfold,Norway,EU-EFTA,FFP,FFPP,,,FFPP - Fresh Fishery Products Plant,,
2558,Rotsund,FRØY SHIPPING AS AVD RØRVIK Siholmen 34,Sistranda,7260,Trøndelag,Norway,EU-EFTA,FFP,RV,,,RV - Reefer Vessel,,
R903,Rottfisk,"Rottfisk AS, Bergjevegen 42",Tananger,4056,Rogaland,Norway,EU-EFTA,FFP,FV FFPP,,,FV - Factory Vessel | FFPP - Fresh Fishery Products Plant,,
AG28,Rtka As,Strandgata 23,Risør,4950,East Agder,Norway,EU-EFTA,FFP,FFPP,,,FFPP - Fresh Fishery Products Plant,,
F45,Rypefjord,Hammerfest Industrifiske Havneveien 44,Rypefjord,9610,Finnmark; 9131670,Norway,EU-EFTA,FFP,ZV,,,ZV - Freezer Vessel,,
FI130,Røn Gard Da,c/o Endre Røn Tyinvegen 1507,Røn,2960,Oppland,Norway,EU-EFTA,FFP,FFPP,,,FFPP - Fresh Fishery Products Plant,,
TL 37,Rørvik Fisk As,Fryseriet,Rørvik,7900,Trøndelag,Norway,EU-EFTA,FFP,FFPP,,,FFPP - Fresh Fishery Products Plant,,
NT169,Rørvik fisk AS,Fjordgata 9,Rørvik,7900,Trøndelag,Norway,EU-EFTA,FFP,FFPP,,,FFPP - Fresh Fishery Products Plant,,
NT171,Rørvik fisk AS,Fjordgata 9,Rørvik,7900,Trøndelag,Norway,EU-EFTA,FFP,FFPP,,,FFPP - Fresh Fishery Products Plant,,
NT168,Rørvik fiskemat AS,Nyvegen 62,Rørvik,7900,Trøndelag,Norway,EU-EFTA,FFP,PP,,,PP - Processing Plant,,
N559,Røst Fiskeindustri,Tyvsøyveien 24,Røst,8064,Nordland,Norway,EU-EFTA,FFP,PP FFPP,,,PP - Processing Plant | FFPP - Fresh Fishery Products Plant,,
N555,Røst Sjømat,Tyvsøyveien 1,Røst,8064,Nordland,Norway,EU-EFTA,FFP,PP FFPP,,,PP - Processing Plant | FFPP - Fresh Fishery Products Plant,,
N560,Røst Trandamperi,Gleaveien 6,Røst,8064,Nordland,Norway,EU-EFTA,FFP,PP,,,PP - Processing Plant,,
F842,S. Skjåvik As,Masjokdalen 131,Tana,9841,Finnmark,Norway,EU-EFTA,FFP,FFPP,,,FFPP - Fresh Fishery Products Plant,,
N2285,SA-FISH AS,Hestøysundet 35,Sør-Arnøy,8135,Nordland,Norway,EU-EFTA,FFP,FFPP,,,FFPP - Fresh Fishery Products Plant,,
N2315,SAFE TRACK FOOD AS,Steinesjøveien 73,Steine,8470,Nordland,Norway,EU-EFTA,FFP,PP,,,PP - Processing Plant,,
ØF220,SALATMESTERN AS,Pancoveien 16,Gressvik,1624,Østfold,Norway,EU-EFTA,FFP,PP,,,PP - Processing Plant,,
N2304,SALTEN SALMON AS,Dreyfushammarn 30,Bodø,8012,Nordland,Norway,EU-EFTA,FFP,PP FFPP,,,PP - Processing Plant | FFPP - Fresh Fishery Products Plant,,
M962,SANDE SJØMAT DA,SANDSHAMN,Sandshamn,6089,Møre og Romsdal,Norway,EU-EFTA,FFP,PP,,,PP - Processing Plant,,
T1077,SARA KARIN AS,Liveien 31,Nord-Lenangen,9068,Troms,Norway,EU-EFTA,FFP,FV,,,FV - Factory Vessel,,
H300,SCALMARIN AS,Svartevikvegen 5,Rong,5337,Hordaland,Norway,EU-EFTA,FFP,FFPP,,,FFPP - Fresh Fishery Products Plant,,
M294,SCANPROD AS,Sætrehamna 9 6050 Valderøya,Ålesund,6057,Møre og Romsdal,Norway,EU-EFTA,FFP,FFPP PP,,,FFPP - Fresh Fishery Products Plant | PP - Processing Plant,,
M296,SEAFOOD FARMERS OF NORWAY AS,Blomvika 102,Valderøya,6050,Møre og Romsdal,Norway,EU-EFTA,FFP,PP FFPP,,,PP - Processing Plant | FFPP - Fresh Fishery Products Plant,,
ST460,SEASHELL AS,Strandaveien 25,Norddyrøy,7273,Trøndelag,Norway,EU-EFTA,FFP,FFPP,,,FFPP - Fresh Fishery Products Plant,,
H112,SEKKINGSTAD AS,SKAGANESET,Skogsvåg,5382,Hordaland,Norway,EU-EFTA,FFP,FFPP,,,FFPP - Fresh Fishery Products Plant,,
2194,SERVICENORD ENGROS AS,Stangnesterminalen 2F,Harstad,9409,Troms,Norway,EU-EFTA,FFP,FFPP,,,FFPP - Fresh Fishery Products Plant,,
N152,SIGERFJORD FISK AS,Sigerfjordveien 425,Sortland,8400,Nordland,Norway,EU-EFTA,FFP,PP,,,PP - Processing Plant,,
M155,SIGURD FOLLAND AS,Reksundveien 207,Averøy,6533,Møre og Romsdal,Norway,EU-EFTA,FFP,FFPP,,,FFPP - Fresh Fishery Products Plant,,
2022,SILVER BERGEN II AS,Gate 1 80,Måløy,6700,Sogn og Fjordane,Norway,EU-EFTA,FFP,RV,,,RV - Reefer Vessel,,
2004,SILVER COPENHAGEN II AS,Gate 1 186,Måløy,6700,Sogn og Fjordane,Norway,EU-EFTA,FFP,RV,,,RV - Reefer Vessel,,
M2186,SILVER SEAFOOD,Vølvegen 78,Midsund,6475,Møre og Romsdal,Norway,EU-EFTA,FFP,FFPP PP,,,FFPP - Fresh Fishery Products Plant | PP - Processing Plant,,
M2013,SILVER SEAFOOD,Vølvegen 78,Midsund,6475,Møre og Romsdal,Norway,EU-EFTA,FFP,PP FFPP,,,PP - Processing Plant | FFPP - Fresh Fishery Products Plant,,
M2166,SILVER SEAFOOD AS avd. KRISTIANSUND,Strandgata 60,Kristiansund N,6512,Møre og Romsdal,Norway,EU-EFTA,FFP,FFPP,,,FFPP - Fresh Fishery Products Plant,,
NT145,SINKABERG NT145 AS,Marøyvegen 110,Rørvik,7900,Trøndelag,Norway,EU-EFTA,FFP,FFPP,,,FFPP - Fresh Fishery Products Plant,,
TL17,SINTEF OCEAN AS,Brattørkaia 17c,Trondheim,7010,Trøndelag,Norway,EU-EFTA,FFP,PP,,,PP - Processing Plant,,
N2328,SJØMATHUSET BODØ AS,Trålveien 6,Bodø,8013,Nordland,Norway,EU-EFTA,FFP,FFPP,,,FFPP - Fresh Fishery Products Plant,,
R88,SKUDE FRYSERI AS,Kaigata 102,Skudeneshavn,4280,Rogaland,Norway,EU-EFTA,FFP,PP FFPP,,,PP - Processing Plant | FFPP - Fresh Fishery Products Plant,,
304,SKUDE FRYSERI AS,Kaigata 102,Skudeneshavn,4280,Rogaland,Norway,EU-EFTA,FFP,PP,,,PP - Processing Plant,,
SF371,SLAKTERIET BREKKE AS,SOGNEFJORDVEGEN 47,Brekke,5961,Sogn og Fjordane,Norway,EU-EFTA,FFP,FFPP,,,FFPP - Fresh Fishery Products Plant,,
SF222,SLAKTERIET FLORØ AS,HAMREGATA 1,Florø,6900,Sogn og Fjordane,Norway,EU-EFTA,FFP,PP,,,PP - Processing Plant,,
H79,SMP MARINE PRODUKTER AS,Bøvågen 31,Bøvågen,5937,Hordaland,Norway,EU-EFTA,FFP,FFPP,,,FFPP - Fresh Fishery Products Plant,,
M84,SMØLA HAVFISKESENTER ANS,Sætran,Smøla,6570,Møre og Romsdal,Norway,EU-EFTA,FFP,PP FFPP,,,PP - Processing Plant | FFPP - Fresh Fishery Products Plant,,
F2436,SNEFJORD SEAFOOD AS,Skavika,Snefjord,9714,Finnmark,Norway,EU-EFTA,FFP,FFPP,,,FFPP - Fresh Fishery Products Plant,,
SF98,SNORRE SEAFOOD AS,Nedrevegen 158,Raudeberg,6710,Sogn og Fjordane,Norway,EU-EFTA,FFP,PP FFPP,,,PP - Processing Plant | FFPP - Fresh Fishery Products Plant,,
SF200,SOGNEFJORD NATURKJØKKEN DRIFT AS,Haugen 35,Solvorn,6879,Sogn og Fjordane,Norway,EU-EFTA,FFP,PP FFPP,,,PP - Processing Plant | FFPP - Fresh Fishery Products Plant,,
N278,STEINFJORDEN SJØMAT AS,8360,Tangstad,,Nordland,Norway,EU-EFTA,FFP,PP FFPP,,,PP - Processing Plant | FFPP - Fresh Fishery Products Plant,,
N304,STEINFJORDEN SJØMAT AS,8360,Tangstad,,Nordland,Norway,EU-EFTA,FFP,PP FFPP,,,PP - Processing Plant | FFPP - Fresh Fishery Products Plant,,
N238,STIFTELSEN TINDEN HANDELSTED,Storgata 30,Myre,8430,Nordland,Norway,EU-EFTA,FFP,PP,,,PP - Processing Plant,,
M323,STOKFISK AS,Gjøsund,Vigra,6040,Møre og Romsdal,Norway,EU-EFTA,FFP,PP FFPP,,,PP - Processing Plant | FFPP - Fresh Fishery Products Plant,,
VA456,STOLT SEA FARM TURBOT NORWAY AS,Øyesletta 63,Øyestranda,4484,,Norway,EU-EFTA,FFP,FFPP,,,"Vest-Agder,West Agder | FFPP - Fresh Fishery Products Plant",,
N918,STRØKSNES UTLEIEBYGG AS,Styrkesnes,Engan,8264,Nordland,Norway,EU-EFTA,FFP,FFPP,,,FFPP - Fresh Fishery Products Plant,,
M162,STRØMSHOLM FISKEINDUSTRI AS,Tømmervåg,Tustna,6590,Møre og Romsdal,Norway,EU-EFTA,FFP,FFPP PP,,,FFPP - Fresh Fishery Products Plant | PP - Processing Plant,,
TF92,STØDIG,Eideveien 666,Kvaløya,9105,Troms; 9919228,Norway,EU-EFTA,FFP,FV,,,FV - Factory Vessel,,
N457,SUFI AS,Sund,Sund i Lofoten,8384,Nordland,Norway,EU-EFTA,FFP,FFPP PP,,,FFPP - Fresh Fishery Products Plant | PP - Processing Plant,,
N2350,SUFI AS Avd. Ramberg,Sund,Sund i Lofoten,8384,Nordland,Norway,EU-EFTA,FFP,PP FFPP,,,PP - Processing Plant | FFPP - Fresh Fishery Products Plant,,
TF107,SUFI AS avd Bergsfjord,Solveien 38,Bergsfjord,9580,Finnmark,Norway,EU-EFTA,FFP,PP FFPP,,,PP - Processing Plant | FFPP - Fresh Fishery Products Plant,,
SF868,SVANØY RØYKERI AS,Svanøybukt,Svanøybukt,6914,Sogn og Fjordane,Norway,EU-EFTA,FFP,PP,,,PP - Processing Plant,,
N2236,Saga Fisk AS,8390 Reine,Reine,8390,Nordland,Norway,EU-EFTA,FFP,PP,,,PP - Processing Plant,,
N717,Saga Fisk AS,H. Chr. Strømers gate 22 Postboks 24,Svolvær,8301,Nordland,Norway,EU-EFTA,FFP,PP FFPP,,,PP - Processing Plant | FFPP - Fresh Fishery Products Plant,,
N581,Saga fisk AS avd Laukvik,H. Chr. Størmers gate 22,Svolvær,8300,Nordland,Norway,EU-EFTA,FFP,FFPP,,,FFPP - Fresh Fishery Products Plant,,
N624,Saga fisk AVD Hennigsvær,"Sauøya 1, 8312 Henningsvær",Henningsvær,8312,Nordland,Norway,EU-EFTA,FFP,FFPP,,,FFPP - Fresh Fishery Products Plant,,
N55,Saga fisk as,H. Chr. Størmers gate 22,Svolvær,8300,Nordland,Norway,EU-EFTA,FFP,PP FFPP,,,PP - Processing Plant | FFPP - Fresh Fishery Products Plant,,
NT290,Sagamat AS,Smibekkvegen 2 7717 Steinkjer,Steinkjer,7715,Trøndelag,Norway,EU-EFTA,FFP,PP,,,PP - Processing Plant,,
T400,Salaks Slakteri As,Rotvika,Sjøvegan,9350,Troms,Norway,EU-EFTA,FFP,FFPP,,,FFPP - Fresh Fishery Products Plant,,
ST423,Salmar AS,Industriveien 51,Kverva,7266,Trøndelag,Norway,EU-EFTA,FFP,FFPP PP,,,FFPP - Fresh Fishery Products Plant | PP - Processing Plant,,
TF423,Salmar AS avd Slakterianlegg,Vikaveien 419,Silsand,9303,Troms,Norway,EU-EFTA,FFP,FFPP,,,FFPP - Fresh Fishery Products Plant,,
HE2268,Salsus AS,Norvald Strands veg 162,Kongsvinger,2212,Hedmark,Norway,EU-EFTA,FFP,PP,,,PP - Processing Plant,,
N950,Salten N950 AS,Arnøyveien 1,Sør-Arnøy,8135,Nordland,Norway,EU-EFTA,FFP,FFPP,,,FFPP - Fresh Fishery Products Plant,,
TF21,Saltind,Saltind As Tørrfiskveien 60,Dyfjord,9782,Finnmark,Norway,EU-EFTA,FFP,FV,,,FV - Factory Vessel,,
VL64,Samlaks As,Røtingavegen 4,Lepsøy,5216,Hordaland,Norway,EU-EFTA,FFP,FFPP,,,FFPP - Fresh Fishery Products Plant,,
2724,Samskip AS - Kvitnos,Samskip AS 5.etasje Strandveien 35,Lysaker,1366,Akershus; 9642576,Norway,EU-EFTA,FFP,RV,,,RV - Reefer Vessel,,
1922,Samskip Arctic,SAMSKIP ARCTIC AS Breivika industriveg 31,Ålesund,6018,Møre og Romsdal; 9140932,Norway,EU-EFTA,FFP,RV,,,RV - Reefer Vessel,,
2723,Samskip Kvitbjørn,Samskip AS 5.etasje Strandveien 35,Lysaker,1366,Akershus; 9642564,Norway,EU-EFTA,FFP,RV,,,RV - Reefer Vessel,,
V18,Samson,THOR - INGE SVENNES Øvre Skjelsbu 15,Vesterøy,1684,Østfold,Norway,EU-EFTA,FFP,FV,,,FV - Factory Vessel,,
R12,SeaGarden AS,Husøyveien 278,Avaldsnes,4262,Rogaland,Norway,EU-EFTA,FFP,PP,,,PP - Processing Plant,,
T1078,Seagarden As Avd Senjahopen,Mefjordveien 1537,Senjahopen,9386,Troms,Norway,EU-EFTA,FFP,PP,,,PP - Processing Plant,,
M2107,Seagems Norway AS,Bjørge Industriveg 41,Ålesund,6057,Møre og Romsdal,Norway,EU-EFTA,FFP,PP,,,PP - Processing Plant,,
F101,Seagourmet Norway AS,"Havnegata 16, Postboks 526, 9991",Båtsfjord,9990,Finnmark,Norway,EU-EFTA,FFP,PP FFPP,,,PP - Processing Plant | FFPP - Fresh Fishery Products Plant,,
VI13,Seilø,SEILØ-ARNTZEN FISK Utgårdsveien 89,Vesterøy,1684,Østfold,Norway,EU-EFTA,FFP,FV,,,FV - Factory Vessel,,
M2109,Seir,Seir AS Grytastrandvegen 301,Vatne,6265,Møre og Romsdal; 9827176,Norway,EU-EFTA,FFP,ZV,,,ZV - Freezer Vessel,,
VL34,Seistar Prosessfartøy As,Økland 12,Torangsvåg,5384,Hordaland,Norway,EU-EFTA,FFP,FFPP,,,FFPP - Fresh Fishery Products Plant,,
VL55,Seivik As,Økland 12,Torangsvåg,5384,Hordaland,Norway,EU-EFTA,FFP,FFPP,,,FFPP - Fresh Fishery Products Plant,,
N1098,Seløy Fisk AS,Flatøyveien 12,Herøy,8850,Nordland,Norway,EU-EFTA,FFP,PP FFPP,,,PP - Processing Plant | FFPP - Fresh Fishery Products Plant,,
T6,Senja,Nergård Havfiske AS Strandtorget 3,Tromsø,9008,Troms; 9858436,Norway,EU-EFTA,FFP,FV,,,FV - Factory Vessel,,
AG23,Setho Fiskeriselskap As,Østerøya 167B,Flekkerøy,4625,West Agder,Norway,EU-EFTA,FFP,FV,,,FV - Factory Vessel,,
VA474,Sienna,"Siennafisk AS, Vallåsbakken 35",Hidrasund,4432,,Norway,EU-EFTA,FFP,FV,,,"Vest-Agder,West Agder | FV - Factory Vessel",,
VA433,Sigjo,TØNNESSEN BIRGER Alsviga 11B,Flekkerøy,4625,West Agder,Norway,EU-EFTA,FFP,FV,,,FV - Factory Vessel,,
F610,Sigmund Marjavara,TERJE WOLDS GATE 22,Vadsø,9803,Finnmark,Norway,EU-EFTA,FFP,FFPP,,,FFPP - Fresh Fishery Products Plant,,
N2242,Sigurd Johansen,Kortbølgen 12,Helligvær,8095,Nordland,Norway,EU-EFTA,FFP,FV,,,FV - Factory Vessel,,
R68,Sildakongen produksjon AS,Husøyvegen 163C,Våge,4262,Rogaland,Norway,EU-EFTA,FFP,PP,,,PP - Processing Plant,,
R931,Silver 2,"Gaute Lauvåsvåg, Kvalvågvegen 919",Jørpeland,4105,Rogaland,Norway,EU-EFTA,FFP,FFPP FV,,,FFPP - Fresh Fishery Products Plant | FV - Factory Vessel,,
2694,Silver Breeze,"SILVER LINER AS Nordre Nøstekaien 1, 5011 Bergen",Bergen,5011,Hordaland; 9140932,Norway,EU-EFTA,FFP,RV,,,RV - Reefer Vessel,,
2511,Silver Dania,"SILVER LINER AS Nordre Nøstekaien 1, 5011 Bergen",Bergen,5011,Hordaland; 8808604,Norway,EU-EFTA,FFP,RV,,,RV - Reefer Vessel,,
1919,Silver Firda,Fjord Reefers AS Gate 1 80,Måløy,6700,Sogn og Fjordane; 7638519,Norway,EU-EFTA,FFP,RV,,,RV - Reefer Vessel,,
1936,Silver Framnes,Gate 1 80,Måløy,6700,Sogn og Fjordane,Norway,EU-EFTA,FFP,RV,,,RV - Reefer Vessel,,
2695,Silver Gale,"SILVER LINER AS Nordre Nøstekaien 1, 5011 Bergen",Bergen,5011,Hordaland; 9140956,Norway,EU-EFTA,FFP,RV,,,RV - Reefer Vessel,,
2696,Silver Storm,"SILVER LINER AS Nordre Nøstekaien 1, 5011 Bergen",Bergen,5011,Hordaland; 9143374,Norway,EU-EFTA,FFP,RV,,,RV - Reefer Vessel,,
AG18,Sirdal Stun As,Tonstadveien 9,Tonstad,4440,,Norway,EU-EFTA,FFP,FFPP,,,"Vest-Agder,West Agder | FFPP - Fresh Fishery Products Plant",,
R129,Sirevaag As,Vågen 42,Sirevåg,4364,Rogaland,Norway,EU-EFTA,FFP,FFPP PP,,,FFPP - Fresh Fishery Products Plant | PP - Processing Plant,,
O109,Sjomathuset AS avd Produksjon Oslo,Sven Oftedalsvei 10,Oslo,0950,Oslo,Norway,EU-EFTA,FFP,PP FFPP,,,PP - Processing Plant | FFPP - Fresh Fishery Products Plant,,
AG17,Sjø Fisk Og Skalldyr As,Rosnesveien 25,Lyngdal,4580,,Norway,EU-EFTA,FFP,FFPP,,,"Vest-Agder,West Agder | FFPP - Fresh Fishery Products Plant",,
VF80,Sjøbris,JAN ERIK RINGDAL Lahelleveien 96,Sandefjord,3218,Vestfold,Norway,EU-EFTA,FFP,FV,,,FV - Factory Vessel,,
VT12,Sjøkrepsen As,Ormeletveien 89,Tjøme,3145,Vestfold,Norway,EU-EFTA,FFP,FV,,,FV - Factory Vessel,,
TF26,Sjøland AS,Håndverkervegen 12,Tromsø,9018,Troms,Norway,EU-EFTA,FFP,PP FFPP,,,PP - Processing Plant | FFPP - Fresh Fishery Products Plant,,
O209,Sjømat AS,Akershusstranda 23,Oslo,0150,Oslo,Norway,EU-EFTA,FFP,PP FFPP,,,PP - Processing Plant | FFPP - Fresh Fishery Products Plant,,
For wholesale in a fish store in Aalesund,Sjømatkompaniet AS,Keiser Wilhelmsgate 25,Ålesund,6003,Møre og Romsdal,Norway,EU-EFTA,FFP,WM,,,WM - Wholesale Market,,
VA472,Sjøvik,FLEKKERØYFISK AS Vesterøya 40,Flekkerøy,4625,West Agder,Norway,EU-EFTA,FFP,FV,,,FV - Factory Vessel,,
SF57,Sjøvær SF57,Sjøvær Havfiske AS Holvik,Askvoll,6980,Sogn og Fjordane,Norway,EU-EFTA,FFP,ZV,,,ZV - Freezer Vessel,,
H105,Skakke røykeri AS,Åsavegen 29,Etne,5590,Hordaland,Norway,EU-EFTA,FFP,PP,,,PP - Processing Plant,,
BU309,Skarvheimen Fjellfisk Da,v/Kirsti Skrattegard,Ål,3570,Buskerud,Norway,EU-EFTA,FFP,FFPP,,,FFPP - Fresh Fishery Products Plant,,
T82,Skjervøy Fisk og Skalldyr AS,Havnegata 38,Skjervøy,9180,Troms,Norway,EU-EFTA,FFP,PP FFPP,,,PP - Processing Plant | FFPP - Fresh Fishery Products Plant,,
SF13,Skjongholm,6916 Barekstad,Florø,6900,Sogn og Fjordane; 8304830,Norway,EU-EFTA,FFP,ZV,,,ZV - Freezer Vessel,,
F226,Skjånesbruket AS,Skjånes kai,Sjånes,9771,Finnmark,Norway,EU-EFTA,FFP,PP FFPP,,,PP - Processing Plant | FFPP - Fresh Fishery Products Plant,,
N20,Skolmen,Steinfjordfisk AS Granliveien 23A,Leknes,8370,Nordland,Norway,EU-EFTA,FFP,FV,,,FV - Factory Vessel,,
R955,Skårholm,"Vågen Fiskerilag AS, c/o Sirevåg AS, Vågen 42",Sirevåg,4364,Rogaland,Norway,EU-EFTA,FFP,FFPP FV,,,FFPP - Fresh Fishery Products Plant | FV - Factory Vessel,,
TF58,Slettenberg,Granli Fiskeri AS Nygårdstranda 13,Nord-Lenangen,9068,Troms; 9880817,Norway,EU-EFTA,FFP,ZV,,,ZV - Freezer Vessel,,
T1068,Slottet Gård,Slottet,Rotsund,9153,Troms,Norway,EU-EFTA,FFP,PP FFPP,,,PP - Processing Plant | FFPP - Fresh Fishery Products Plant,,
TF79,Smalfjord Mottak AS,Smalfjord kai,Tana Bru,,Finnmark,Norway,EU-EFTA,FFP,PP,,,PP - Processing Plant,,
TF44,Snefjord Seafood Ocean AS,Skavika,Snefjord,9714,Finnmark,Norway,EU-EFTA,FFP,PP FFPP,,,PP - Processing Plant | FFPP - Fresh Fishery Products Plant,,
R906,Solagutt,"Lars Anders Løvik, Sivvegen 11",Kleppe,4351,Rogaland,Norway,EU-EFTA,FFP,FFPP FV,,,FFPP - Fresh Fishery Products Plant | FV - Factory Vessel,,
TF45,Solstrand,Solstrand Kystfiske As Lenangsveien 2349,Nord-Lenangen,9068,Troms,Norway,EU-EFTA,FFP,FV,,,FV - Factory Vessel,,
F753,Solveig Othilie Berg,Nisevegen 21,Kvaløysletta,9100,Troms,Norway,EU-EFTA,FFP,FFPP,,,FFPP - Fresh Fishery Products Plant,,
ØF426,Sonbas Sr,OTGARD GUNNE WILHELM Utgårdskilen,Vesterøy,1684,Østfold,Norway,EU-EFTA,FFP,FV,,,FV - Factory Vessel,,
H66,Sotra Fiskeindustri AS,Porsvika 57a,Glesvær,5381,Hordaland,Norway,EU-EFTA,FFP,PP FFPP,,,PP - Processing Plant | FFPP - Fresh Fishery Products Plant,,
T1173,Spindaj,Dunvik 12,Spildra,9185,Finnmark,Norway,EU-EFTA,FFP,PP FFPP,,,PP - Processing Plant | FFPP - Fresh Fishery Products Plant,,
VL79,Stangholm,"SSP FISKERI AS, Brekkevegen 2",Urangsvåg,5427,Hordaland,Norway,EU-EFTA,FFP,FV,,,FV - Factory Vessel,,
F500,Stappan Sjøprodukter AS,Kobbenesvegen 8,Gjesvær,9765,Finnmark,Norway,EU-EFTA,FFP,PP FFPP,,,PP - Processing Plant | FFPP - Fresh Fishery Products Plant,,
TF99,Star,OSEAN MARIELL CELINA BROSE SIMONSEN Ullsfjordveien 277,Svensby,9064,Troms,Norway,EU-EFTA,FFP,FV,,,FV - Factory Vessel,,
ST877,Statsnail AS,Steinvikveien 75,Oksvoll,7165,Trøndelag,Norway,EU-EFTA,FFP,FFPP,,,FFPP - Fresh Fishery Products Plant,,
N880,Steigen Sjømat AS,Helnesveien 27,Leines,8285,Nordland,Norway,EU-EFTA,FFP,PP FFPP,,,PP - Processing Plant | FFPP - Fresh Fishery Products Plant,,
F675,Stein Inge Kristiansen,Odden 6,Sjånes,9771,Finnmark,Norway,EU-EFTA,FFP,FFPP,,,FFPP - Fresh Fishery Products Plant,,
N2140,Stein Karlsen,Trollvikveien 1,Røst,8064,Nordland,Norway,EU-EFTA,FFP,FFPP,,,FFPP - Fresh Fishery Products Plant,,
T299,Stella Polaris AS,Kårvikveien 306,Finnsnes,9300,Troms,Norway,EU-EFTA,FFP,PP FFPP,,,PP - Processing Plant | FFPP - Fresh Fishery Products Plant,,
ST862,Stensaas Reinsdyrslakteri AS,Feragsveien 11,Røros,7375,Trøndelag,Norway,EU-EFTA,FFP,PP,,,PP - Processing Plant,,
R941,Sterling White Halibut As Hjelmeland,Hundsnesvegen 205,Hjelmeland,4130,Rogaland,Norway,EU-EFTA,FFP,FFPP,,,FFPP - Fresh Fishery Products Plant,,
R111,Sterling White Halibut Processing As,Mekjarvik 20,Randaberg,4071,Rogaland,Norway,EU-EFTA,FFP,PP FFPP,,,PP - Processing Plant | FFPP - Fresh Fishery Products Plant,,
T811,Stian Andre,Stian Andre As Lenangsveien 2911,Nord-Lenangen,9068,Troms,Norway,EU-EFTA,FFP,FV,,,FV - Factory Vessel,,
F857,Stig Arnt Arvola AS,Blåbærnes,Vadsø,9800,Finnmark,Norway,EU-EFTA,FFP,PP FFPP,,,PP - Processing Plant | FFPP - Fresh Fishery Products Plant,,
VF327,Stigar,Stigar V/ Karl-Håkon Karlsson Rødsveien 14A,Sandefjord,3222,Vestfold,Norway,EU-EFTA,FFP,FV,,,FV - Factory Vessel,,
V17,Stokkøy,SPJÆRINGEN AS Dypedalsveien 73,Rød,1684,Østfold,Norway,EU-EFTA,FFP,FV,,,FV - Factory Vessel,,
F864,Storbukt Fiskeindustri AS avd Alta,Korsnesveien 22,Kviby,9519,Finnmark,Norway,EU-EFTA,FFP,FFPP,,,FFPP - Fresh Fishery Products Plant,,
F323,Storbukt Fiskeindustri AS avd Hovedanlegg Honningsvåg,Nordkappveien 2B,Honningsvåg,9750,Finnmark,Norway,EU-EFTA,FFP,PP FFPP,,,PP - Processing Plant | FFPP - Fresh Fishery Products Plant,,
F707,"Storbukt Fiskeindustri AS, Avd Kiberg",Havnegata 14,Kiberg,9960,Finnmark,Norway,EU-EFTA,FFP,PP,,,PP - Processing Plant,,
F791,Storbukt Fiskeindustri As Avd Tana,Tanafjordveien 5431,Tana,9841,Finnmark,Norway,EU-EFTA,FFP,FFPP,,,FFPP - Fresh Fishery Products Plant,,
TF22,Stormhav AS,Stangsundveien 1,Sørvær,9595,Finnmark; 9856452,Norway,EU-EFTA,FFP,FV ZV,,,FV - Factory Vessel | ZV - Freezer Vessel,,
T823,Straumvang As,Andørjaveien 1727,Engenes,9455,Troms,Norway,EU-EFTA,FFP,FFPP,,,FFPP - Fresh Fishery Products Plant,,
SF100,Sulebas,"LENDING REDERI AS, Ytrøyvegen 23",Ytrøy,6927,Sogn og Fjordane; 9675092,Norway,EU-EFTA,FFP,ZV,,,ZV - Freezer Vessel,,
ØF424,Svanesund,JOHANSEN ØYVIND Buskogen 11,Kråkerøy,1675,Østfold,Norway,EU-EFTA,FFP,FV,,,FV - Factory Vessel,,
2231,Svartfoss,Eimskip Norway AS Havnegata 21 8400Sortland,Sortland,8400,Nordland; 9323089,Norway,EU-EFTA,FFP,RV,,,RV - Reefer Vessel,,
TF82,Svebåen,Nord-Lenangen Kystreker As Ørveien 18,Svensby,9064,Troms,Norway,EU-EFTA,FFP,FV,,,FV - Factory Vessel,,
F849,Svein Eilif Svendsen,CHRISTIAN HORSTS VEI 15,Kjøllefjord,9790,Finnmark,Norway,EU-EFTA,FFP,FFPP,,,FFPP - Fresh Fishery Products Plant,,
F661,Svend Knutsen,Isnestoften,Talmulahti,9540,Finnmark,Norway,EU-EFTA,FFP,FFPP,,,FFPP - Fresh Fishery Products Plant,,
VA416,Svåholm,SVÅHOLM AS Skibbuveien 23,Flekkerøy,4625,West Agder,Norway,EU-EFTA,FFP,FV,,,FV - Factory Vessel,,
M2175,Synes,Roaldsnes AS Nordstrandfjørå 71,Valderøya,6050,Møre og Romsdal; 9216949,Norway,EU-EFTA,FFP,ZV,,,ZV - Freezer Vessel,,
F855,Synnøve Helen Nuth Pedersen,KVALFJORDVEIEN 11,Kvalfjord,9531,Finnmark,Norway,EU-EFTA,FFP,FFPP,,,FFPP - Fresh Fishery Products Plant,,
N1065,Sæterstad gård AS,Sæterstad,Hattfjelldal,8695,Nordland,Norway,EU-EFTA,FFP,PP FFPP,,,PP - Processing Plant | FFPP - Fresh Fishery Products Plant,,
VL19,Sølvfisken,"Sjøprodukt AS, Kalvøyna 8",Kalvåg,6729,Sogn og Fjordane,Norway,EU-EFTA,FFP,FFPP,,,FFPP - Fresh Fishery Products Plant,,
R943,Sørbas,"Løvås Holding AS, Astervegen 1",Jørpeland,4104,Rogaland,Norway,EU-EFTA,FFP,FFPP FV,,,FFPP - Fresh Fishery Products Plant | FV - Factory Vessel,,
TF87,Sørkapp,NERGÅRD HAVFISKE AS Strandtorget 3,Tromsø,9008,Troms,Norway,EU-EFTA,FFP,FV,,,FV - Factory Vessel,,
AG31,Sørlandskrabbe avd Hæstad,Kastoddveien 32,Høvåg,4770,East Agder,Norway,EU-EFTA,FFP,PP FFPP,,,PP - Processing Plant | FFPP - Fresh Fishery Products Plant,,
AA441,Sørskjell AS,Arnevigveien 32,Grimstad,4887,East Agder,Norway,EU-EFTA,FFP,FFPP,,,FFPP - Fresh Fishery Products Plant,,
M2192,Sørøyfisk,Sørøyfisk AS Øvre Remaveg 8,Ellingsøy,6057,Møre og Romsdal; 9220873,Norway,EU-EFTA,FFP,ZV,,,ZV - Freezer Vessel,,
H67,TELAVÅG FISKEMOTTAK AS,Porsvika,Glesvær,5381,Hordaland,Norway,EU-EFTA,FFP,FFPP PP,,,FFPP - Fresh Fishery Products Plant | PP - Processing Plant,,
ØF70,TISTEDAL DELIKATESSE AS,Georg Feydts gate 20,Tistedal,1792,Østfold,Norway,EU-EFTA,FFP,PP,,,PP - Processing Plant,,
BU200,TORGERSEN MAT OG PØLSEMAKERI AS,Stasjonsgata 34,Hokksund,3300,Buskerud,Norway,EU-EFTA,FFP,FFPP PP,,,FFPP - Fresh Fishery Products Plant | PP - Processing Plant,,
VI1,TROLL SALMON AS AVD VESTBY,Torvuttaket 78,Vestby,1540,Akershus,Norway,EU-EFTA,FFP,PP,,,PP - Processing Plant,,
T709,TROMSBAS,Chrisma As Sjølundvegen 9,Tromsø,9016,Troms,Norway,EU-EFTA,FFP,FV,,,FV - Factory Vessel,,
T820,TROND HARALD,Hansen Håkon Eliot Lenangsveien 1129,Nord-Lenangen,9068,Troms,Norway,EU-EFTA,FFP,FV,,,FV - Factory Vessel,,
R957,Tangen,"Dydrøyne AS, Klipperveien 41",Egersund,4374,Rogaland,Norway,EU-EFTA,FFP,FV,,,FV - Factory Vessel,,
N849,Taste of North AS,Storjord Næringspark Storjord E6 6963,Storjord i Tysfjord,8275,Nordland,Norway,EU-EFTA,FFP,FFPP PP,,,FFPP - Fresh Fishery Products Plant | PP - Processing Plant,,
VL2,Taumar AS,"Hovlandsvegen, 18",Bømlo,5443,Hordaland,Norway,EU-EFTA,FFP,FFPP,,,FFPP - Fresh Fishery Products Plant,,
AG11,Teine Compagniet As,c/o Roger Myhre Steindalsveien 86,Lillesand,4790,East Agder,Norway,EU-EFTA,FFP,FV,,,FV - Factory Vessel,,
AA440,Teistholm,Trond Ellefsen Dalheikneika 8,Gjeving,4912,East Agder,Norway,EU-EFTA,FFP,FV,,,FV - Factory Vessel,,
TK438,Telemarkrøye As,Molandsmoen 3,Fyresdal,3870,Telemark,Norway,EU-EFTA,FFP,FFPP,,,FFPP - Fresh Fishery Products Plant,,
VA458,Tempo VA 165,Tråneveien 249,Ålo,4641,,Norway,EU-EFTA,FFP,FV,,,"Vest-Agder,West Agder | FV - Factory Vessel",,
AG29,Tenor VA 19S,Tempofisk AS Tråneveien 249,Søgne,4641,,Norway,EU-EFTA,FFP,FV ZV,,,"Vest-Agder,West Agder | FV - Factory Vessel | ZV - Freezer Vessel",,
R7,Teodor,"Øyvind Tønnesen, Rossalandsveien 71",Hauge i Dalane,4380,Rogaland,Norway,EU-EFTA,FFP,FFPP FV,,,FFPP - Fresh Fishery Products Plant | FV - Factory Vessel,,
TL39,Thai Tham AS,Hallemvegen 20,Steinkjer,7715,Trøndelag,Norway,EU-EFTA,FFP,FFPP,,,FFPP - Fresh Fishery Products Plant,,
VL16,Thermo Service As,Alfabygget,Storebø,5392,Hordaland,Norway,EU-EFTA,FFP,FFPP,,,FFPP - Fresh Fishery Products Plant,,
TK429,Thomsen Thor-Olaf,Stathelleveien 81,Langesund,3970,Telemark,Norway,EU-EFTA,FFP,FFPP,,,FFPP - Fresh Fishery Products Plant,,
F755,Thor-Svein Berg,Rektindveien 154,Loppa,9586,Finnmark,Norway,EU-EFTA,FFP,FFPP,,,FFPP - Fresh Fishery Products Plant,,
VT15,Tim Thomas As,Johan Sollies gate 17B,Horten,3188,Vestfold,Norway,EU-EFTA,FFP,FFPP,,,FFPP - Fresh Fishery Products Plant,,
N1070,Tindskjær AS,Vågstranda 64,Værøy,8063,Nordland,Norway,EU-EFTA,FFP,PP FFPP,,,PP - Processing Plant | FFPP - Fresh Fishery Products Plant,,
F352,Tobø Fisk AS,Strandgata 105,Havøysund,9690,Finnmark,Norway,EU-EFTA,FFP,FFPP PP,,,FFPP - Fresh Fishery Products Plant | PP - Processing Plant,,
F478,Tom Egil Hansen,c/o 4/1/92/3 Tyttebærveien 10A,Bugøynes,9935,Finnmark,Norway,EU-EFTA,FFP,FFPP,,,FFPP - Fresh Fishery Products Plant,,
F668,Tone Nilsen,Gurålivegen 47,Betna,6683,Møre og Romsdal,Norway,EU-EFTA,FFP,FFPP,,,FFPP - Fresh Fishery Products Plant,,
ØF480,Topsy,Aleksandersen Tom Liadammen 21,Vesterøy,1684,Østfold,Norway,EU-EFTA,FFP,FV,,,FV - Factory Vessel,,
F772,Tor Harald Mikkola,Laksefjordgata 20B,Honningsvåg,9750,Finnmark,Norway,EU-EFTA,FFP,FFPP,,,FFPP - Fresh Fishery Products Plant,,
F742,Tor Ivar Hauge,Nordre Bjørkelia 30,Tana,9842,Finnmark,Norway,EU-EFTA,FFP,FFPP,,,FFPP - Fresh Fishery Products Plant,,
F652,Tor Oskar Mathisen,Nesseby,Varangerbotn,9840,Finnmark,Norway,EU-EFTA,FFP,FFPP,,,FFPP - Fresh Fishery Products Plant,,
T1223,Tor Werner,Tor Werner As Oldervikvegen 535,Oldervik,9034,Troms,Norway,EU-EFTA,FFP,FV,,,FV - Factory Vessel,,
F797,Toralf Pettersen,KLOKKARØYA 2,Rypefjord,9610,Finnmark,Norway,EU-EFTA,FFP,FFPP,,,FFPP - Fresh Fishery Products Plant,,
AA445,Tore Lassesen AS,Nedre Skibvig 7A,Saltrød,4815,East Agder,Norway,EU-EFTA,FFP,FV,,,FV - Factory Vessel,,
TK439,Tornado,Mh Havfiske As Salenkroken 3,Langesund,3970,Telemark,Norway,EU-EFTA,FFP,FV,,,FV - Factory Vessel,,
TF62,Torsken Fiskeindustri As,Værnesveien 105,Torsken,9381,Troms,Norway,EU-EFTA,FFP,FFPP,,,FFPP - Fresh Fishery Products Plant,,
T155,Torsvågbruket As,Vannøya,Vannareid,9136,Troms,Norway,EU-EFTA,FFP,PP FFPP,,,PP - Processing Plant | FFPP - Fresh Fishery Products Plant,,
2701,Trenogmat As,Kaarbyveien 35,Sundbyfoss,3092,Vestfold,Norway,EU-EFTA,FFP,FFPP,,,FFPP - Fresh Fishery Products Plant,,
R900,Trio,"Trygve Kristian Rosså, Leirvigbrygga 299",Stavanger,4014,Rogaland,Norway,EU-EFTA,FFP,FV,,,FV - Factory Vessel,,
VF307,Tristein,CARL PETTER SPARVOLL Toråsveien 18,Tjøme,3145,Vestfold,Norway,EU-EFTA,FFP,FV,,,FV - Factory Vessel,,
T68,Tromsø Fiskeindustri As,Stakkevollvegen 57,Tromsø,9010,Troms,Norway,EU-EFTA,FFP,PP,,,PP - Processing Plant,,
T602,Tromsø Fiskemat As,Postboks 3366,Tromsø,9276,Troms,Norway,EU-EFTA,FFP,PP FFPP,,,PP - Processing Plant | FFPP - Fresh Fishery Products Plant,,
TF104,Tromsø Sentralkjøkken,Solstrandvegen 1,Tromsdalen,9020,Troms,Norway,EU-EFTA,FFP,FFPP,,,FFPP - Fresh Fishery Products Plant,,
F685,Trond Henriksen,Elvebukt 14,Komagfjord,9536,Finnmark,Norway,EU-EFTA,FFP,FFPP,,,FFPP - Fresh Fishery Products Plant,,
VT13,Trond Olav Eriksen,Skoglia 2A,Langesund,3970,Telemark,Norway,EU-EFTA,FFP,ZV FV,,,ZV - Freezer Vessel | FV - Factory Vessel,,
TF1,Trygve B,Kløfta 4,Honningsvåg,9750,Finnmark; 8514526,Norway,EU-EFTA,FFP,ZV,,,ZV - Freezer Vessel,,
N1113,Træna Seafood AS,Bolga,Bolga,8158,Nordland,Norway,EU-EFTA,FFP,FFPP,,,FFPP - Fresh Fishery Products Plant,,
N2384,Træna Sjømat AS,Flottingveien 26,Træna,8770,Nordland,Norway,EU-EFTA,FFP,PP FFPP,,,PP - Processing Plant | FFPP - Fresh Fishery Products Plant,,
N991,Træna Sjømat AS Avd Sleneset,Slenesveien 3,Sleneset,8762,Nordland,Norway,EU-EFTA,FFP,FFPP,,,FFPP - Fresh Fishery Products Plant,,
FI128,Trøsvik Gård V/Audun Trøsvik,TRØSVIK GÅRD,Lomen,2967,Oppland,Norway,EU-EFTA,FFP,FFPP,,,FFPP - Fresh Fishery Products Plant,,
F377,Tufjordbruket AS,Tufjord,Tufjord,9670,Finnmark,Norway,EU-EFTA,FFP,PP FFPP,,,PP - Processing Plant | FFPP - Fresh Fishery Products Plant,,
F835,Tvedt-Hansen,Tanahus 7,Tana,9841,Finnmark,Norway,EU-EFTA,FFP,FFPP,,,FFPP - Fresh Fishery Products Plant,,
TK430,Tverrån Arne Helge,Frosteveien 251,Stathelle,3967,Telemark,Norway,EU-EFTA,FFP,FFPP,,,FFPP - Fresh Fishery Products Plant,,
T39,Tønsnes,Nergård havfiske AS Strandtorget 3,Tromsø,9008,Troms; 9207819,Norway,EU-EFTA,FFP,FV,,,FV - Factory Vessel,,
0273,UMAMI LAB OSLO AS,Akershusstranda 23,Oslo,0150,Oslo,Norway,EU-EFTA,FFP,PP,,,PP - Processing Plant,,
T1271,UNIVERSITETET I TROMSØ - NORGES ARKTISKE UNIVERSITET UIT,HANSINE HANSENS VEG 14,Tromsø,9019,Troms; 8716655,Norway,EU-EFTA,FFP,ZV,,,ZV - Freezer Vessel,,
ST145,UTHAUG FISK AS,Havneveien,Uthaug,7142,Trøndelag,Norway,EU-EFTA,FFP,FFPP,,,FFPP - Fresh Fishery Products Plant,,
TL29,UTTIAN KYSTFISKE AS,c/o Espen Nilsen Steinfjærveien 7,Svellingen,7270,Trøndelag,Norway,EU-EFTA,FFP,FFPP,,,FFPP - Fresh Fishery Products Plant,,
VF333,Ulsvaag I,ULSVAAG AS Herfellveien 2,Tjodalyng,3280,Vestfold,Norway,EU-EFTA,FFP,FV,,,FV - Factory Vessel,,
N2123,Urefangst As,Sennesvikveien 261,Sennesvik,8352,Nordland,Norway,EU-EFTA,FFP,FV,,,FV - Factory Vessel,,
ST875,VATN FISK AS,Hegg,Agdenes,7318,Trøndelag,Norway,EU-EFTA,FFP,PP FFPP,,,PP - Processing Plant | FFPP - Fresh Fishery Products Plant,,
M75,VEIDHOLMEN FISK AS,Skjærgårdsveien 789,Smøla,6570,Møre og Romsdal,Norway,EU-EFTA,FFP,PP FFPP,,,PP - Processing Plant | FFPP - Fresh Fishery Products Plant,,
M83,"VEIDHOLMEN FISK AS avd, Nordvika",Nordvikveien 32,Smøla,6570,Møre og Romsdal,Norway,EU-EFTA,FFP,FFPP,,,FFPP - Fresh Fishery Products Plant,,
N150,VESTERAALENS AS AVD HERMETIKK,Havnegata 17,Sortland,8400,Nordland,Norway,EU-EFTA,FFP,PP,,,PP - Processing Plant,,
N2357,VESTERALEN SEAFOOD AS,Kloneset 35A,Myre,8430,Nordland,Norway,EU-EFTA,FFP,PP FFPP,,,PP - Processing Plant | FFPP - Fresh Fishery Products Plant,,
SF8,VESTKAPP AS,Vestkappvegen 1434,Stadlandet,6750,Sogn og Fjordane; 9849514,Norway,EU-EFTA,FFP,ZV,,,ZV - Freezer Vessel,,
R972,VIKINGKRABBEN AS,Årabrotholmen 13,Åkrehamn,4270,Rogaland,Norway,EU-EFTA,FFP,FFPP PP,,,FFPP - Fresh Fishery Products Plant | PP - Processing Plant,,
M459,VOLDA MAT AS,Volda,Volda,6100,Møre og Romsdal,Norway,EU-EFTA,FFP,PP,,,PP - Processing Plant,,
F2440,Vadsøtrål,"Lamo fisk AS, Waravegen 3",Vadsø,9803,Finnmark,Norway,EU-EFTA,FFP,FV,,,FV - Factory Vessel,,
F100,Vardø Videregående Skole,Kaigata 6,Vardø,9950,Finnmark,Norway,EU-EFTA,FFP,FFPP PP,,,FFPP - Fresh Fishery Products Plant | PP - Processing Plant,,
F104,Vardøbruket,Strandgata 57,Vardø,9950,Finnmark,Norway,EU-EFTA,FFP,PP FFPP,,,PP - Processing Plant | FFPP - Fresh Fishery Products Plant,,
F865,Vargsundværing As,Jenshaugen 16,Komagfjord,9536,Finnmark,Norway,EU-EFTA,FFP,FFPP,,,FFPP - Fresh Fishery Products Plant,,
R905,Vassøybuen,"Partderediet Bertelsen DA, Nordstrandveien 38, 4076 Vassøy",Stavanger,4076,Rogaland,Norway,EU-EFTA,FFP,FV FFPP,,,FV - Factory Vessel | FFPP - Fresh Fishery Products Plant,,
N1206,Vega Delikatesser AS,Igerøyveien 174,Vega,8986,Nordland,Norway,EU-EFTA,FFP,PP FFPP,,,PP - Processing Plant | FFPP - Fresh Fishery Products Plant,,
M47,Veidar,Veidar AS Jussbakken 96,Godøya,6055,Møre og Romsdal; 9818864,Norway,EU-EFTA,FFP,ZV,,,ZV - Freezer Vessel,,
R11,Veiflu As,c/o Bertel Kristiansen Johan Larsens veg 19,Kopervik,4250,Rogaland,Norway,EU-EFTA,FFP,FV,,,FV - Factory Vessel,,
VI11,Vendel,KARELLA AS Utgårdsveien 73,Vesterøy,1684,Østfold,Norway,EU-EFTA,FFP,FV,,,FV - Factory Vessel,,
T1287,Vengsøyværing,Vengsøyværing As Vengsøya 636,Vengsøy,9120,Troms,Norway,EU-EFTA,FFP,FV,,,FV - Factory Vessel,,
VF57,Veni Activ,HALVORSEN REIULF Vesterøyveien 152,Sandefjord,3219,Vestfold,Norway,EU-EFTA,FFP,FV,,,FV - Factory Vessel,,
ØF461,Veronica,BREIVIK JARLE (FISKER 11 11%) UTGÅRDSKILEN,Vesterøy,1684,Østfold,Norway,EU-EFTA,FFP,FV,,,FV - Factory Vessel,,
R911,Vestavind,"Nesvåg Havfiske AS, Nesvåg",Hauge i Dalane,4380,Rogaland,Norway,EU-EFTA,FFP,FFPP FV,,,FFPP - Fresh Fishery Products Plant | FV - Factory Vessel,,
VL56,Vestbjørn AS,Ytre Rabben 3,Bekkjarvik,5397,Hordaland,Norway,EU-EFTA,FFP,FFPP,,,FFPP - Fresh Fishery Products Plant,,
N153,Vesterålen Havbruk Bø AS,Handkleppveien 8,Straumsjøen,8475,Nordland,Norway,EU-EFTA,FFP,FFPP,,,FFPP - Fresh Fishery Products Plant,,
N137,Vesterålen havbruk produksjonslag AS,Bolstadsvei 7,Myre,8430,Nordland,Norway,EU-EFTA,FFP,PP FFPP,,,PP - Processing Plant | FFPP - Fresh Fishery Products Plant,,
T249,Vestfisk,Senjen Fiskeriselskap AS Løkta 1,Husøy i Senja,9389,Troms; 8015893,Norway,EU-EFTA,FFP,ZV,,,ZV - Freezer Vessel,,
VL53,Vestland Arctic,Tråvik 46,Torangsvåg,5384,Hordaland,Norway,EU-EFTA,FFP,FV,,,FV - Factory Vessel,,
SF916,Vestliner,Vestkappvegen 1434,Stadlandet,6750,Sogn og Fjordane; 9649366,Norway,EU-EFTA,FFP,ZV,,,ZV - Freezer Vessel,,
N16,Vesttind,Nordland Havfiske AS Buøyveien 7,Stamsund,8340,Nordland; 9217137,Norway,EU-EFTA,FFP,ZV,,,ZV - Freezer Vessel,,
TK424,Vibeke,Svein Erik Eikelia Grethes vei 17,Stathelle,3961,Telemark,Norway,EU-EFTA,FFP,FV,,,FV - Factory Vessel,,
F444,Vidar Hansen,Tyttebærveien 8B,Bugøynes,9935,Finnmark,Norway,EU-EFTA,FFP,FFPP,,,FFPP - Fresh Fishery Products Plant,,
AG13,Viggo Halvorsen Fisk,Trygve Næss vei 5,Eydehavn,4810,East Agder,Norway,EU-EFTA,FFP,FV,,,FV - Factory Vessel,,
T821,Vikabuen,Vikabuen As Vikaveien 230,Silsand,9303,Troms,Norway,EU-EFTA,FFP,FV,,,FV - Factory Vessel,,
TL6,Vikahav AS,Myrahaugen 19,Roan,7180,Trøndelag,Norway,EU-EFTA,FFP,PP,,,PP - Processing Plant,,
M200,Vikenco AS,Rindarøyvegen 383,Aukra,6480,Møre og Romsdal,Norway,EU-EFTA,FFP,PP FFPP,,,PP - Processing Plant | FFPP - Fresh Fishery Products Plant,,
H111,Viking Fjord AS,Sundsveien 119,Sunde,5450,Hordaland,Norway,EU-EFTA,FFP,FFPP,,,FFPP - Fresh Fishery Products Plant,,
M199,Vikomar AS,Indre Haroyvegen 32,Bud,6430,Møre og Romsdal,Norway,EU-EFTA,FFP,FFPP,,,FFPP - Fresh Fishery Products Plant,,
O270,Vippetangen Fisk & Kolonial AS,Akershusstranda 23,Oslo,0150,Oslo,Norway,EU-EFTA,FFP,PP,,,PP - Processing Plant,,
N71,Vitux AS Avd. Andenes,Hamnegata 71A,Andenes,8480,Nordland,Norway,EU-EFTA,FFP,PP,,,PP - Processing Plant,,
T160,Volda Living As,Fishy Exports Kaspersen,Vannareid,9136,Troms,Norway,EU-EFTA,FFP,FFPP,,,FFPP - Fresh Fishery Products Plant,,
M673,Vonar,Finnøy Fiskeriselskap AS Industrivegen 19,Harøy,6296,Møre og Romsdal; 9282754,Norway,EU-EFTA,FFP,ZV,,,ZV - Freezer Vessel,,
H65,VÅGEN SEAFOOD AS,Apalvågvegen 42,Fjell,5357,Hordaland,Norway,EU-EFTA,FFP,FFPP,,,FFPP - Fresh Fishery Products Plant,,
AA437,Vågan,Dagfinn Pettersen Odden 1A,Grimstad,4876,East Agder,Norway,EU-EFTA,FFP,FV,,,FV - Factory Vessel,,
ST72,Vågen Aqua AS,Einarsdal havn 11 7194 Brandsfjord,Roan,7180,Trøndelag,Norway,EU-EFTA,FFP,FFPP,,,FFPP - Fresh Fishery Products Plant,,
ST874,Vågen Aqua AS,Peter Hepsøs vei 89,Steinsdalen,7740,Trøndelag,Norway,EU-EFTA,FFP,FFPP,,,FFPP - Fresh Fishery Products Plant,,
M2058,Vågøy As,Ramnefloget 3,Aurosen,6408,Møre og Romsdal,Norway,EU-EFTA,FFP,FV,,,FV - Factory Vessel,,
M509,WATERLINE AS,6037 Eidsnes Kongshaugstranda 101,Langevåg,6030,Møre og Romsdal,Norway,EU-EFTA,FFP,PP FFPP,,,PP - Processing Plant | FFPP - Fresh Fishery Products Plant,,
NT166,WILLIKSEN PROCESSING AS,Nordveien 255,Rørvik,7900,Trøndelag,Norway,EU-EFTA,FFP,FFPP,,,FFPP - Fresh Fishery Products Plant,,
2557,WITH FROHAVET,ULVAN EGIL REDERI AS Fjordgata 50,Trondheim,7010,Trøndelag; 9359650,Norway,EU-EFTA,FFP,RV,,,RV - Reefer Vessel,,
FI126,Wangensten As,Golsvegen 23,Leira i Valdres,2920,Oppland,Norway,EU-EFTA,FFP,FFPP,,,FFPP - Fresh Fishery Products Plant,,
F50,Willy Myhre,Tufteveien 7,Varangerbotn,9840,Finnmark,Norway,EU-EFTA,FFP,FFPP,,,FFPP - Fresh Fishery Products Plant,,
T359,Wilsgård Fiskeoppdrett As,Værnesveien 105,Torsken,9381,Troms,Norway,EU-EFTA,FFP,FFPP,,,FFPP - Fresh Fishery Products Plant,,
VF330,Zita,CORMORAN GEIR UNO DRENG Tjøllingveien 429,Tjodalyng,3280,Vestfold,Norway,EU-EFTA,FFP,FV,,,FV - Factory Vessel,,
R87,Åkra sjømat AS,Prestanesvegen 6,Avaldsnes,4262,Rogaland,Norway,EU-EFTA,FFP,PP,,,PP - Processing Plant,,
T105,Årvikbruket AS,Årviksand,Årviksand,9195,Finnmark,Norway,EU-EFTA,FFP,PP FFPP,,,PP - Processing Plant | FFPP - Fresh Fishery Products Plant,,
T1260,Årvikbruket avd Arnøyhamn Fiskemottak,Årviksand,Årviksand,9195,Finnmark,Norway,EU-EFTA,FFP,FFPP,,,FFPP - Fresh Fishery Products Plant,,
T809,ØRAFISK,ØRAFISK AS Ørveien 28,Svensby,9064,Troms,Norway,EU-EFTA,FFP,FV,,,FV - Factory Vessel,,
TF4,Øksfjord Fiskeindustri AS,Njordveien 6,Øksfjord,9550,Finnmark,Norway,EU-EFTA,FFP,PP FFPP,,,PP - Processing Plant | FFPP - Fresh Fishery Products Plant,,
TF33,Øksfjord Lakseindustri AS,Njordveien 6,Øksfjord,9550,Finnmark,Norway,EU-EFTA,FFP,FFPP,,,FFPP - Fresh Fishery Products Plant,,
T1259,Ørajenta,Øra Kystreker As Ørveien 18,Svensby,9064,Troms,Norway,EU-EFTA,FFP,FV,,,FV - Factory Vessel,,
F646,Ørjan Mikkelsen Trane,Tangnesveien 18B,Varangerbotn,9840,Finnmark,Norway,EU-EFTA,FFP,FFPP,,,FFPP - Fresh Fishery Products Plant,,
VL47,Østerfjord AS,Østerfjord AS Risvikvegen 43,Storebø,5384,Hordaland,Norway,EU-EFTA,FFP,FV,,,FV - Factory Vessel,,
VL23,Østerhav AS,Østerhav AS Risvikvegen 43,Torangsvåg,5384,Hordaland,Norway,EU-EFTA,FFP,ZV,,,ZV - Freezer Vessel,,
VL68,Øyafisk As,Røtingavegen 4,Lepsøy,5216,Hordaland,Norway,EU-EFTA,FFP,FFPP,,,FFPP - Fresh Fishery Products Plant,,
F405,Øystein Kristiansen,PERLARSENVIK,Varangerbotn,9840,Finnmark,Norway,EU-EFTA,FFP,FFPP,,,FFPP - Fresh Fishery Products Plant,,
