approval_number,name,address,city,postcode,region,country,section,activity,slaughter,species,remarks,date_of_approval,publication_date
30184104,"""AMI"" SPÓŁKA Z OGRANICZONĄ ODPOWIEDZIALNOŚCIĄ SPÓŁKA KOMANDYTOWA",ul. Stara Droga 1,Mikstat,63-510,"powiat ostrzeszowski,Greater Poland Voivodeship",Poland,RM,CP,N,bovine porcine ovine,CP - Cutting Plant,,
PL 14030205,"""ARTUS II"" Spółka z o.o.",ul. Polikowska 8A,Maciejowice,08-480,"powiat garwoliński,Masovian Voivodeship",Poland,RM,CP SH,Y,,CP - Cutting Plant | SH - Slaughterhouse,,
10164201,"""BALTONA"" sp.j. ZAKŁAD PRODUKCJI MIĘSA B. W. Glonek","Mikołajów 4, 97-221 Rokiciny",Rokiciny,97-221,"powiat tomaszowski,Łódź Voivodeship",Poland,RM,CP,N,porcine,CP - Cutting Plant,,
14350107,"""CEZAR"" Spółka Jawna Handel-Produkcja-Usługi W.Zglecz, U.Wojtkowska i Wspólnicy",Kręgi Nowe 36,Wyszków,07-200,"powiat wyszkowski,Masovian Voivodeship",Poland,RM,SH,Y,porcine,SH - Slaughterhouse,,
30060306,"""CIĄDER"" MIĘSO - WĘDLINY S. C. A. WESOŁEK, M. FRĄCKOWIAK",Wilkowyja ul. Brandowskiego 41,Jarocin,63-200,"powiat jarociński,Greater Poland Voivodeship",Poland,RM,CP,N,,CP - Cutting Plant,,
10080209,"""JAMIR"" SOBIERAJ I WSPÓLNICY SPÓŁKA JAWNA",Bechcice-Parcela 21,Lutomiersk,95-083,"powiat pabianicki,Łódź Voivodeship",Poland,RM,SH,Y,porcine,SH - Slaughterhouse,,
10090302,"""LIWA"" Spółka Jawna Wawer & Wawer",ul. 1-go Maja 88,Pajęczno,98-330,"powiat pajęczański,Łódź Voivodeship",Poland,RM,CP,N,porcine,CP - Cutting Plant,,
18110220,"""MARTIKA"" Ubój i Przetwórstwo Mięsne Alina Jaje",ul. Witosa 13,Radomyśl Wielki,39-310,"powiat mielecki,Subcarpathian Voivodeship",Poland,RM,CP SH,Y,porcine,CP - Cutting Plant | SH - Slaughterhouse,,
PL24060206,"""MASARNIA BOROWE"" J.B.Pluta Spółka Jawna","Borowe, ul. Długa 114",Węglowice,42-133,"powiat kłobucki,Silesian Voivodeship",Poland,RM,CP SH,Y,bovine porcine,CP - Cutting Plant | SH - Slaughterhouse,,
30074202,"""MCKEEN-BEEF CP SPÓŁKA Z OGRANICZONĄ ODPOWIEDZIALNOŚCIĄ""",ul. Spółdzielców 13,Lisków,62-850,"powiat kaliski,Greater Poland Voivodeship",Poland,RM,CP,N,,CP - Cutting Plant,,
18040201,"""SOKOŁÓW"" S.A. Oddział w Jarosławiu",37-500 Jarosław ul. Przemysłowa 2,Jarosław,37-500,"powiat jarosławski,Subcarpathian Voivodeship",Poland,RM,CP SH,Y,porcine,CP - Cutting Plant | SH - Slaughterhouse,,
30090201,"""SOKOŁÓW"" S.A. Oddział w Kole",ul. Toruńska 262,Koło,62-600,"powiat kolski,Greater Poland Voivodeship",Poland,RM,CP SH,Y,bovine,CP - Cutting Plant | SH - Slaughterhouse,,
30094204,"""SOKOŁÓW"" S.A. Oddział w Kole ""Pork division""",ul. Toruńska 262,Koło,62-600,"powiat kolski,Greater Poland Voivodeship",Poland,RM,CP,N,porcine,CP - Cutting Plant,,
14290201,"""SOKOŁÓW"" S.A., ODDZIAŁ W SOKOŁOWIE PODLASKIM",Al. 550-lecia 1,Sokołów Podlaski,08-300,"powiat sokołowski,Masovian Voivodeship",Poland,RM,SH CP,Y,porcine,SH - Slaughterhouse | CP - Cutting Plant,,
PL10160317WE,"""STASIAK"" Zakład Przetwórstwa Mięsnego Zbigniew Stasiak",Maksymilianów 26,Rokiciny,97-221,"powiat tomaszowski,Łódź Voivodeship",Poland,RM,CP,N,bovine porcine,CP - Cutting Plant,,
30210225,"""Sokołów"" SA Oddział w Robakowie",ul. Poznańska 14,Robakowo,62-023,"powiat poznański,Greater Poland Voivodeship",Poland,RM,SH CP,Y,,SH - Slaughterhouse | CP - Cutting Plant,,
06070302,"""Wędzarnia"" Zakład Produkcji Wędlin Tradycyjnych Leszek Skorupa",ul. Partyzantów 28,Urzędów,23-250,"powiat kraśnicki,Lublin Voivodeship",Poland,RM,CP,N,bovine porcine,CP - Cutting Plant,,
14070101,A&Y BH 18 MEAT PRODUCER SP. z o.o.,Janików 62,Janików,26-900,"powiat kozienicki,Masovian Voivodeship",Poland,RM,SH,Y,,SH - Slaughterhouse,,
20023804,ABP POLAND Sp. z o.o.,ul. Sokołowska 32,Tykocin,16-080,"powiat białostocki,Podlaskie Voivodeship",Poland,RM,CP SH,Y,bovine,CP - Cutting Plant | SH - Slaughterhouse,,
30140304,ABP POLAND Sp. z o.o.,Kłosowice 31,Sieraków,64-410,"powiat międzychodzki,Greater Poland Voivodeship",Poland,RM,CP,N,bovine,CP - Cutting Plant,,
30243801,ABP Poland Sp. z o. o.,ul. Wspólna 1,Pniewy,62-045,"powiat szamotulski,Greater Poland Voivodeship",Poland,RM,CP SH,Y,bovine,CP - Cutting Plant | SH - Slaughterhouse,,
24173801,ACCORDO TRADE Sp. z o.o.,ul. Targowa 45,Milówka,34-360,"powiat żywiecki,Silesian Voivodeship",Poland,RM,CP SH,Y,bovine,CP - Cutting Plant | SH - Slaughterhouse,,
10140101,AGAT Marciniak Sp.J.,Sędzimirowice 16,Błaszki,98-235,"powiat sieradzki,Łódź Voivodeship",Poland,RM,SH,Y,,SH - Slaughterhouse,,
14113803,AGRAIMPEX WĘGRZYNOWO Spółka z o.o.,Węgrzynowo 179 06-211 Płoniawy,Węgrzynowo,06-211,"powiat makowski,Masovian Voivodeship",Poland,RM,SH,Y,bovine,SH - Slaughterhouse,,
30130305,AGRO - RYDZYNA Spółka z o.o.,Kłoda ul. Kolejowa 7k,Rydzyna,64-130,"powiat leszczyński,Greater Poland Voivodeship",Poland,RM,CP,N,bovine porcine,CP - Cutting Plant,,
PL28624303,AGRO MEAT Sp. z o.o.,Ul. Lubelska 46 B,Olsztyn,10-409,"Olsztyn,Warmian-Masurian Voivodeship",Poland,RM,CP,N,,CP - Cutting Plant,,
20130205,AGRO-MIĘS Babińscy Spółka Jawna,Kobylin Pogorzałki 25,Kobylin-Borzymy,18-204,"powiat wysokomazowiecki,Podlaskie Voivodeship",Poland,RM,CP SH,Y,,CP - Cutting Plant | SH - Slaughterhouse,,
02204201,"AGRO-TUSZ Sp. J. A. Okaj, J. Głodowski",Tarnowiec 92A,Zawonia,55-106,"powiat trzebnicki,Lower Silesian Voivodeship",Poland,RM,CP,N,,CP - Cutting Plant,,
PL06200203WE,AGROZAM Sp. z o.o.,Żdanów 41 D,Zamość,22-400,"Zamość,Lublin Voivodeship",Poland,RM,CP,N,porcine bovine,CP - Cutting Plant,,
12064206,"AL-EM Miernik s.c. Filip Miernik, Agnieszka Miernik",ul. Rzeźnicza 1,Skała,32-043,"powiat krakowski,Lesser Poland Voivodeship",Poland,RM,CP,N,,CP - Cutting Plant,,
14630601,ALBO SPÓŁKA Z OGRANICZONĄ ODPOWIEDZIALNOŚCIĄ,"ul. Lubelska 65, 26-600 Radom",Radom,26-600,"Radom,Masovian Voivodeship",Poland,RM,CP,N,porcine bovine,CP - Cutting Plant,,
30250205,AMG Mariusz Gunia,"Brzostek 5, 63-021 Śnieciska",Brzostek,63-021,"powiat średzki,Greater Poland Voivodeship",Poland,RM,CP SH,Y,porcine,CP - Cutting Plant | SH - Slaughterhouse,,
28050201,ANIMEX FOODS SPÓŁKA Z OGRANICZONĄ ODPOWIEDZIALNOŚCIĄ ODDZIAŁ W EŁKU,ul. Suwalska 86,Elk,19-300,"powiat ełcki,Warmian-Masurian Voivodeship",Poland,RM,CP SH,Y,porcine,CP - Cutting Plant | SH - Slaughterhouse,,
04060106,ANPOL Ubojnia Bydła i Trzody Roman Aniołkowski,Szembruk 43,Rogóźno,86-318,"powiat grudziądzki,Kuyavian-Pomeranian Voivodeship",Poland,RM,SH,Y,,SH - Slaughterhouse,,
PL12100113WE,"ANTOCEL Antoni Słaby, Handel Zwierzetami Rzeznymi I Uboj w spadku","ul. Jana Pawła II 115, Żeleźnikowa Wielka",Nawojowa,33-335,"powiat nowosądecki,Lesser Poland Voivodeship",Poland,RM,SH,Y,bovine,SH - Slaughterhouse,,
12063812,ANTONIO - M.S. NIEZABITOWSCY Sp.j.,"32-090 Słomniki, Prandocin Wysiołek 98A",Słomniki,32-090,"powiat krakowski,Lesser Poland Voivodeship",Poland,RM,SH CP,Y,,SH - Slaughterhouse | CP - Cutting Plant,,
10210301,AR - KOS Sp. z o.o.,Jordanów 45,Brzeziny,95-060,"powiat wieluński,Łódź Voivodeship",Poland,RM,CP,N,,CP - Cutting Plant,,
PL14620301,AUCHAN POLSKA SPÓŁKA Z OGRANICZONĄ ODPOWIEDZIALNOŚCIĄ,ul. Wyszogrodzka 140,Płock,09-410,"Płock,Masovian Voivodeship",Poland,RM,CP,N,ovine porcine bovine,CP - Cutting Plant,,
PL24750322WE,AUCHAN POLSKA Sp. z o.o. Centrum Handlowe Sosnowiec,ul. Zuzanny 20,Sosnowiec,41-219,"Sosnowiec,Silesian Voivodeship",Poland,RM,CP,N,bovine porcine,CP - Cutting Plant,,
14650361,AUCHAN Polska Sp. z o. o.,ul. Modlińska 8,Warsaw,03-216,"Warszawa,Masovian Voivodeship",Poland,RM,CP,N,,CP - Cutting Plant,,
14650359,AUCHAN Polska Sp.zo.o. ul. Górczewska Warszawa,ul. Górczewska 124,Warsaw,02-460,"Warszawa,Masovian Voivodeship",Poland,RM,CP,N,,CP - Cutting Plant,,
24094202,Agraimpex Rzeniszów sp. z o.o.,Rzeniszów ul. Zielona 21,"Koziegłowy, Silesian Voivodeship",42-350,"powiat myszkowski,Silesian Voivodeship",Poland,RM,CP,N,,CP - Cutting Plant,,
10203802,Agraimpex Stryków Sp. z o.o.,"Niesułków 72, 95-010 Stryków",Stryków,95-010,"powiat zgierski,Łódź Voivodeship",Poland,RM,CP SH,Y,,CP - Cutting Plant | SH - Slaughterhouse,,
30110209,Agro-Handel Sp. z o.o.,Mościszki 18,Krzywiń,64-010,"powiat kościański,Greater Poland Voivodeship",Poland,RM,SH CP,Y,porcine,SH - Slaughterhouse | CP - Cutting Plant,,
30264201,"Agro-Handel Sp. z o.o. Mościszki 18, 64-010 Krzywiń, Oddział w Olszy","Olsza 29, 63-100 Śrem",Olsza,63-100,"powiat śremski,Greater Poland Voivodeship",Poland,RM,CP,N,bovine porcine,CP - Cutting Plant,,
30290603,Alibaba Sp. z o.o.,ul. Winnice 26,Kopanica,64-225,"powiat wolsztyński,Greater Poland Voivodeship",Poland,RM,CP,N,bovine,CP - Cutting Plant,,
18090201,"Andrzej Pelc F.P.H.U. ""Na Złotej"" Masarnia Sucha Wola",Sucha Wola 21,Oleszyce,37-630,"powiat lubaczowski,Subcarpathian Voivodeship",Poland,RM,CP SH,Y,,CP - Cutting Plant | SH - Slaughterhouse,,
PL10023802WE,Animex Foods Sp. z o.o. oddział K4 w Kutnie,Wschodnia 21,Kutno,99-300,"Kutno County,Łódź Voivodeship",Poland,RM,CP SH,Y,porcine,CP - Cutting Plant | SH - Slaughterhouse,,
PL26110201,"Animex Foods Sp. z o. o. ul. T. Chałubińskiego 8, 00-613 Warszawa, Oddział w Starachowicach, ul. Krańcowa 4, 27-200 Starachowice","ul. Krańcowa 4, 27-200 Starachowice",Starachowice,27-200,"powiat starachowicki,Świętokrzyskie Voivodeship",Poland,RM,CP SH,Y,,CP - Cutting Plant | SH - Slaughterhouse,,
32620201,"Animex Foods Sp. z o.o.; T. Chałubińskiego 8, 00-613 Warszawa; Oddział w Szczecinie",ul. Pomorska 115B,Szczecin,70-812,"Szczecin,West Pomeranian Voivodeship",Poland,RM,SH CP,Y,porcine,SH - Slaughterhouse | CP - Cutting Plant,,
28070501,Animex Foods sp. z o.o. Oddział w Iławie,Aleja Jana Pawła II nr 8,Iława,14-200,"powiat iławski,Warmian-Masurian Voivodeship",Poland,RM,CP,N,,CP - Cutting Plant,,
10024001,Animex Kutno Sp. z o.o. Oddział K2 w Kutnie,ul. Południowa 4,Kutno,99-300,"Kutno County,Łódź Voivodeship",Poland,RM,CP,N,porcine bovine,CP - Cutting Plant,,
14243801,Artus Winnica Sp. z o.o.,"ul. Przemysłowa 3, 06-120 Winnica",Winnica,06-120,"powiat pułtuski,Masovian Voivodeship",Poland,RM,CP SH,Y,bovine,CP - Cutting Plant | SH - Slaughterhouse,,
14080311,Auchan Polska Sp. z o.o.,ul. Puławska 46,Piaseczno,05-500,"powiat piaseczyński,Masovian Voivodeship",Poland,RM,CP,N,bovine ovine porcine,CP - Cutting Plant,,
PL24690323WE,Auchan Polska Spółka z ograniczoną odpowiedzialnością,ul. Trasa Nikodema i Józefa Reńców 30,Katowice,40-878,"Katowice,Silesian Voivodeship",Poland,RM,CP,N,,CP - Cutting Plant,,
32180302,BAN Zakład Przetwórstwa Mięsnego i Dodatków Masarskich Bernard Halina Niedźwiedzcy Sp. Jawna,Lubień Górny,Resko,72-315,"powiat łobeski,West Pomeranian Voivodeship",Poland,RM,CP,N,porcine,CP - Cutting Plant,,
WNI 14630101,BANMAS PRZEDSIĘBIORSTWO PRODUKCYJNO USŁUGOWO - HANDLOWE Banasik Janusz,ul. Rzeckiego nr. 18,Radom,26-600,"Radom,Masovian Voivodeship",Poland,RM,SH,Y,bovine caprine ovine porcine,SH - Slaughterhouse,,
12120201,BARCZYK Zakład Mięsny spółka jawna,"Wolbrom, ul. Pompka 7",Wolbrom,32-340,"powiat olkuski,Lesser Poland Voivodeship",Poland,RM,SH CP,Y,bovine porcine,SH - Slaughterhouse | CP - Cutting Plant,,
20033804,BEEF-MAREK Spółka z ograniczoną odpowiedzialnością,Brzeźnica 67A,Brańsk,17-120,"powiat bielski,Podlaskie Voivodeship",Poland,RM,CP SH,Y,bovine,CP - Cutting Plant | SH - Slaughterhouse,,
30060304,BIEGUN WĘDLINY SPÓŁKA Z OGRANICZONĄ ODPOWIEDZIALNOŚCIĄ,ul. Golska 36,Jaraczewo,63-233,"powiat jarociński,Greater Poland Voivodeship",Poland,RM,CP,N,,CP - Cutting Plant,,
10140204,"BOROWINA zakład mięsny, Podsiałdy Spółka Jawna",Broszki 34,Złoczew,98-270,"powiat sieradzki,Łódź Voivodeship",Poland,RM,CP SH,Y,,CP - Cutting Plant | SH - Slaughterhouse,,
PL14383802WE,BP ZYGMUNT SP. Z O.O.,15,Kuranów,96-325,"Żyrardów County,Masovian Voivodeship",Poland,RM,CP SH,Y,bovine porcine,CP - Cutting Plant | SH - Slaughterhouse,,
32114201,"BYK Dariusz Osiniak, Jacek Malinowski Sp. Jawna",ul. Welecka 38,Mierzyn,72-006,"powiat policki,West Pomeranian Voivodeship",Poland,RM,CP,N,porcine bovine,CP - Cutting Plant,,
PL12010303WE,Bacówka Towary Tradycyjne Spółka z o.o. Spólka komandytowa,Rajbrot 470,Rajbrot,32-725,"powiat bocheński,Lesser Poland Voivodeship",Poland,RM,CP,N,bovine porcine,CP - Cutting Plant,,
08124201,Balcerzak Sp. z o.o. 67 - 410 Sława Wróblów 38,67-410 Sława ul. Topolowa 9a,Sława,67-410,"powiat wschowski,Lubusz Voivodeship",Poland,RM,CP,N,porcine,CP - Cutting Plant,,
30294201,Beef & Pork Sp. z o.o. Sp. k.,ul. Rynek im. ks. Mojżykiewicza 9,Przemęt,64-234,"powiat wolsztyński,Greater Poland Voivodeship",Poland,RM,CP,N,bovine porcine,CP - Cutting Plant,,
30290103,Beef & Pork Sp. z o.o. Sp. k.,ul. Spółdzielcza 5c,Błotnica,64-234,"powiat wolsztyński,Greater Poland Voivodeship",Poland,RM,SH,Y,bovine porcine ovine caprine,SH - Slaughterhouse,,
14260603,Besa Food Sp z o.o.,Ujrzanów 66,Siedlce,08-110,"Siedlce,Masovian Voivodeship",Poland,RM,CP,N,bovine,CP - Cutting Plant,,
18054003,Bieszczady Sp. z o.o,ul. Lwowska 12,Jasło,38-200,"powiat jasielski,Subcarpathian Voivodeship",Poland,RM,CP,N,,CP - Cutting Plant,,
30293802,Blutex sp. z o.o.,Brzoskwiniowa 5,Kaszczor,64-234,"powiat wolsztyński,Greater Poland Voivodeship",Poland,RM,CP SH,Y,bovine,CP - Cutting Plant | SH - Slaughterhouse,,
30240603,Boltat Food Sp. z o.o.,ul. Jesionowa 15,Duszniki,64-550,"powiat szamotulski,Greater Poland Voivodeship",Poland,RM,CP,N,bovine ovine,CP - Cutting Plant,,
24750321,CEDROB FOODS S.A,ul. Baczyńskiego 165,Sosnowiec,41-203,"Sosnowiec,Silesian Voivodeship",Poland,RM,CP,N,porcine bovine ovine caprine equine,CP - Cutting Plant,,
04140305,CHMARZYŃSKI Przemysł Mięsny i Handel Sp.z o.o.,ul. Rynek 14,Osie,86-150,"powiat świecki,Kuyavian-Pomeranian Voivodeship",Poland,RM,CP,N,porcine,CP - Cutting Plant,,
18164201,CHMIELNIK ZDRÓJ S.A.,"36-017 Chmielnik, Błędowa Tyczyńska 51A",Błędowa Tyczyńska,36-017,"powiat rzeszowski,Subcarpathian Voivodeship",Poland,RM,CP,N,bovine,CP - Cutting Plant,,
18114201,COMPANY SOLO Maciej Kizior Zakład Rozbioru Mięsa,ul. Kąty 14,Radomyśl Wielki,39-310,"powiat mielecki,Subcarpathian Voivodeship",Poland,RM,CP,N,porcine,CP - Cutting Plant,,
10170206,"Cedrob S.A. Ujazdówek 2A, 06-400 Ciechanów Zakład Cedrob Foods, Mokrsko",Mokrsko 343,Mokrsko,98-345,"powiat wieluński,Łódź Voivodeship",Poland,RM,CP,N,bovine porcine,CP - Cutting Plant,,
14200106,Cezan Zakład Uboju Bydła Rzeźnego Cezary Wiśniewski,"ul. Rzeźniana 5, 09-140 Raciąż",Raciąż,09-140,"powiat płoński,Masovian Voivodeship",Poland,RM,SH,Y,bovine,SH - Slaughterhouse,,
PL28140321,DANIRES Sp. z o.o.,Krokowo 67,Jeziorany,11-320,"powiat olsztyński,Warmian-Masurian Voivodeship",Poland,RM,CP,N,porcine,CP - Cutting Plant,,
14291201,DAT-SCHAUB POLSKA Sp. z o.o. Oddział w Sokołowie Podlaskim,"08-300 Sokołów Podlaski, Al. 550-lecia 1",Sokołów Podlaski,08-300,"powiat sokołowski,Masovian Voivodeship",Poland,RM,CP,N,,CP - Cutting Plant,,
26130301,Danpol Meat Food sp. z o.o.,"Dobromierz , ul. Włoszczowska 2",Kluczewsko,29-120,"powiat włoszczowski,Świętokrzyskie Voivodeship",Poland,RM,CP,N,bovine ovine,CP - Cutting Plant,,
30074201,Danuta Kolasa PPHU,Wojciechówka 25B,Wojciechówka,62-800,"powiat kaliski,Greater Poland Voivodeship",Poland,RM,CP,N,,CP - Cutting Plant,,
30023802,Dariusz Brzegowy Firma Handlowo-Usługowa,ul. Radomska 59a,Huta,64-708,"powiat czarnkowsko-trzcianecki,Greater Poland Voivodeship",Poland,RM,CP SH,Y,bovine,CP - Cutting Plant | SH - Slaughterhouse,,
PL12073805WE,Dobr-Mięs Sp. z o.o.,Dobra 530,Dobra,34-642,"powiat limanowski,Lesser Poland Voivodeship",Poland,RM,SH,Y,porcine,SH - Slaughterhouse,,
18113801,Dobrowolscy Sp. z o.o.,Wadowice Górne 93,Wadowice Górne,39-308,"powiat mielecki,Subcarpathian Voivodeship",Poland,RM,SH,Y,porcine,SH - Slaughterhouse,,
24670101,Dunka Sp. z o.o.,ul. Cieszyńska 13,Jastrzębie-Zdrój,44-337,"Jastrzębie-Zdrój,Silesian Voivodeship",Poland,RM,SH,Y,,SH - Slaughterhouse,,
14650365,Dział Mięsny Hali Selgros Cash&Carry,ul. Marsa 56,Warsaw,04-242,"Warszawa,Masovian Voivodeship",Poland,RM,CP,N,,CP - Cutting Plant,,
30024204,EFETURK Spółka z ograniczoną odpowiedzialnością,ul. Dworcowa 1,Drawski Młyn,64-731,"powiat czarnkowsko-trzcianecki,Greater Poland Voivodeship",Poland,RM,CP,N,bovine,CP - Cutting Plant,,
10210601,EGE FOOD sp. z o.o. Oddział w Jeżowie,ul. Kolejowa 6A,Jeżów,95-047,"powiat brzeziński,Łódź Voivodeship",Poland,RM,CP,N,,CP - Cutting Plant,,
WNI14170308,EL - TED ZAKŁAD PRZETWÓRSTWA MIĘSNEGO WIECZORKOWSKI TADEUSZ BOGDAN,ul. Mysia 1/3,Otwock,05-400,"powiat otwocki,Masovian Voivodeship",Poland,RM,CP,N,porcine bovine,CP - Cutting Plant,,
30160104,"EMAG Zakład Przetwórstwa Mięsnego i Ubojnia S.C. Longina Krzemińska-Zenger, Janusz Gumny",ul. Czarnkowska 34,Rogoźno,64-610,"powiat obornicki,Greater Poland Voivodeship",Poland,RM,SH,Y,,SH - Slaughterhouse,,
30094205,EUROBEEF Sp. z o.o.,ul. Klonowa 9,Koło,62-600,"powiat kolski,Greater Poland Voivodeship",Poland,RM,CP,N,bovine,CP - Cutting Plant,,
10140107,"EUROMEAT A. Wiśniewski, R.Wiśniewski s.c.",Waliszewice 1,Goszczanów,98-215,"powiat sieradzki,Łódź Voivodeship",Poland,RM,SH,Y,,SH - Slaughterhouse,,
10090601,EUROPE TRADE Sp. z o.o,ul. Szkolna 6A,Sulmierzyce,98-338,"powiat pajęczański,Łódź Voivodeship",Poland,RM,CP,N,,CP - Cutting Plant,,
10124201,EW-MAR Zbigniew Wróblewski,ul. Cmentarna 31B,Dobryszyce,97-505,"powiat radomszczański,Łódź Voivodeship",Poland,RM,CP,N,,CP - Cutting Plant,,
PL10160236WE,Emilia Goździk PPHU EMIRO,Dębniak 12,Lubochnia,97-217,"powiat tomaszowski,Łódź Voivodeship",Poland,RM,CP SH,Y,bovine porcine,CP - Cutting Plant | SH - Slaughterhouse,,
30120301,Euro Doner Poland Sp. z o.o.,ul. Przemysłowa 3,Zduny,63-760,"powiat krotoszyński,Greater Poland Voivodeship",Poland,RM,CP,N,,CP - Cutting Plant,,
WNI08040602,Evin Food Production Sp.zo.o,"ul.Poznańska 13, 67-416 Konotop",Konotop,67-416,"powiat nowosolski,Lubusz Voivodeship",Poland,RM,CP,N,,CP - Cutting Plant,,
PL06144201WE,"F. H. WĘDLINKA s.c. Iwona, Małgorzata, Piotr Sadurscy, ul. Fieldorfa ""Nila"" 18/B5",Wólka Nowodworska,Kurów,24-170,"powiat puławski,Lublin Voivodeship",Poland,RM,CP,N,,CP - Cutting Plant,,
12080105,"F.H.P. ZET-POL Janusz Zadęcki , Czaple Małe 39 , 32-075 Gołcza",ul. Żarnowiecka 12,Charsznica,32-250,"powiat miechowski,Lesser Poland Voivodeship",Poland,RM,SH,Y,,SH - Slaughterhouse,,
12080302,"F.H.P. ZET-POL Janusz Zadęcki , Czaple Małe 39 , 32-075 Gołcza",Czaple Małe 39,Gołcza,32-075,"powiat miechowski,Lesser Poland Voivodeship",Poland,RM,CP,N,,CP - Cutting Plant,,
PL18010305,F.H.U. KRYSPOL Krystyna Gzowska,ul. Kolejowa 7,Ustrzyki Dolne,38-700,"powiat bieszczadzki,Subcarpathian Voivodeship",Poland,RM,CP,N,porcine,CP - Cutting Plant,,
PL24680601WE,"FH Markus, Marek Krupa",ul. Matejki 46,Jaworzno,43-600,"Jaworzno,Silesian Voivodeship",Poland,RM,CP,N,bovine porcine,CP - Cutting Plant,,
PL24010112WE,"FHU NOWPOL Leszek i Grażyna Nowak Sp. J. 42-470 Siewierz, Żelisławice Przyszłości 25",ul. Przyszłości 25,Żelisławice,42-470,"powiat będziński,Silesian Voivodeship",Poland,RM,SH,Y,bovine,SH - Slaughterhouse,,
PL12100118 WE,FHU TRANSPOL,Moszczenica Niżna 6,Stary Sącz,33-340,"powiat nowosądecki,Lesser Poland Voivodeship",Poland,RM,SH,Y,bovine equine,SH - Slaughterhouse,,
26100313,FIRMA NUR Agnieszka Urbańczyk,ul. 3-go Maja 251,Skarżysko-Kamienna,26-110,"powiat skarżyski,Świętokrzyskie Voivodeship",Poland,RM,CP,N,bovine,CP - Cutting Plant,,
10180104,"FIRMA PRODUKCYJNO USŁUGOWO HANDLOWA UBOJNIA ZWIERZĄT RZEŹNYCH R. DUSZYŃSKI, J. SMUGOWSKI SPÓŁKA JAWNA",Wójcin ul. Wieluńska 16,Łubnice,98-432,"powiat wieruszowski,Łódź Voivodeship",Poland,RM,SH,Y,,SH - Slaughterhouse,,
10184203,"FIRMA PRODUKCYJNO USŁUGOWO HANDLOWA UBOJNIA ZWIERZĄT RZEŹNYCH R. DUSZYŃSKI, J. SMUGOWSKI SPÓŁKA JAWNA ZAKŁAD ROZBIORU MIĘSA ODDZIAŁ W M. WÓJCIN",Wójcin ul. Wieluńska 19a,Łubnice,98-432,"powiat wieruszowski,Łódź Voivodeship",Poland,RM,CP,N,,CP - Cutting Plant,,
WNI12074218,FIRMA PRZETWÓRCZO-HANDLOWO-USŁUGOWA MIROSŁAW ZAMORA,MŁYNNE 202,Limanowa,34-651,"powiat limanowski,Lesser Poland Voivodeship",Poland,RM,CP,N,bovine ovine porcine,CP - Cutting Plant,,
696523206,FRAC DETAL Sp. z o.o.,ul. Lwowska 6,Rzeszów,35-959,Subcarpathian Voivodeship,Poland,RM,CP,N,bovine porcine,CP - Cutting Plant,,
06020201,Farmy Roztocza Sp. z o. o.,ul. Przemysłowa 12,Księżpol,23-415,"powiat biłgorajski,Lublin Voivodeship",Poland,RM,CP SH,Y,porcine,CP - Cutting Plant | SH - Slaughterhouse,,
30140303,Ferrarini Sp. z o.o.,ul. Towarowa 1,Sieraków,64-410,"powiat międzychodzki,Greater Poland Voivodeship",Poland,RM,CP,N,porcine,CP - Cutting Plant,,
PL28140601,Finest Meat Sp. z o.o.,Krokowo 63A,Jeziorany,11-320,"powiat olsztyński,Warmian-Masurian Voivodeship",Poland,RM,CP,N,porcine,CP - Cutting Plant,,
PL12110111,"Firma ""KOJS"", Kojs Mirosław",ul. Spółdzielców 1,Jabłonka,34-480,"powiat nowotarski,Lesser Poland Voivodeship",Poland,RM,SH,Y,,SH - Slaughterhouse,,
PL24030312,"Firma ""Legierski"" Spółka jawna Legierski Leszek Legierski Zdzisław",Istebna 1150,Istebna,43-470,"powiat cieszyński,Silesian Voivodeship",Poland,RM,CP,N,bovine porcine,CP - Cutting Plant,,
10140302,Firma ABEL Sp.J. Wysota Masarnia Brzeźnio,ul. Spółdzielcza 3,Brzeźnio,98-275,"powiat sieradzki,Łódź Voivodeship",Poland,RM,CP,N,,CP - Cutting Plant,,
22054002,Firma ATUT Rafał Peta,"ul. Garncarska 23, 83-333 Chmielno",Chmielno,83-333,"powiat kartuski,Pomeranian Voivodeship",Poland,RM,CP,N,porcine,CP - Cutting Plant,,
14200204,Firma Handlowa DOMINO Zakłąd Rozbioru Mięsa Krzysztof Brdak,Pólka-Raciąż 75a,Raciąż,09-140,"powiat płoński,Masovian Voivodeship",Poland,RM,CP SH,Y,porcine,CP - Cutting Plant | SH - Slaughterhouse,,
10093807,Firma Handlowa PAWPOL Piotr Pawlik,ul. Przemysłowa 9,Działoszyn,98-355,"powiat pajęczański,Łódź Voivodeship",Poland,RM,SH,Y,bovine porcine,SH - Slaughterhouse,,
PL12010306WE,"Firma Handlowo - Usługowa Gremi sp. j, Renata Ochlust, Grzegorz Bębenek, Michał Bębenek",ul. Partyzantów 11,Bochnia,32-700,"powiat bocheński,Lesser Poland Voivodeship",Poland,RM,CP,N,porcine bovine,CP - Cutting Plant,,
06050103,Firma Handlowo - Usługowa Sylwester Michałek,Batorz Drugi 87,Batorz,23-320,"powiat janowski,Lublin Voivodeship",Poland,RM,SH,Y,porcine,SH - Slaughterhouse,,
22063802,"Firma Handlowo Usługowa ""RAFALEX"" Rafał Wons","Wilcze Błota 27, 83-430 Stara Kiszewa",Wilcze Błota Kościerskie,83-433,"powiat kościerski,Pomeranian Voivodeship",Poland,RM,CP SH,Y,bovine ovine,CP - Cutting Plant | SH - Slaughterhouse,,
06053601,Firma Handlowo Usługowa Mariusz Wieleba,Błażek 104,Batorz,23-320,"powiat janowski,Lublin Voivodeship",Poland,RM,SH,Y,porcine,SH - Slaughterhouse,,
22063803,Firma Handlowo Usługowa Ryszard Woźniak,"ul. Grajewo 3, 83-424 Papiernia",Papiernia,83-424,"powiat kościerski,Pomeranian Voivodeship",Poland,RM,CP SH,Y,porcine bovine ovine,CP - Cutting Plant | SH - Slaughterhouse,,
12114307,"Firma Handlowo-Usługowa ""KUBIK""",Jabłonka ul. Długa 34,Jabłonka,34-480,"powiat nowotarski,Lesser Poland Voivodeship",Poland,RM,CP,N,bovine porcine,CP - Cutting Plant,,
30090103,Firma Handlowo-Usługowa Andrzej Mejsner,Tarnówka 13,Dąbie,62-660,"powiat kolski,Greater Poland Voivodeship",Poland,RM,SH,Y,bovine porcine,SH - Slaughterhouse,,
PL16014201,Firma Handlowo-Usługowa JAN,Lipowa 18,Grodków,49-200,"powiat brzeski,Opole Voivodeship",Poland,RM,CP,N,,CP - Cutting Plant,,
PL24010129WE,"Firma Handlowo-Usługowa Krzysztof Szczypa 42-470 Siewierz, Żelisławice Niwecka 22a",ul. Niwecka 22a,Żelisławice,42-470,"powiat będziński,Silesian Voivodeship",Poland,RM,SH,Y,bovine ovine caprine,SH - Slaughterhouse,,
18030310,Firma Handlowo-Usługowa MALIBU Z. i M. Niedbalec Spółka Jawna,ul. Dębicka 48,Brzeźnica,39-207,"powiat dębicki,Subcarpathian Voivodeship",Poland,RM,CP,N,bovine porcine,CP - Cutting Plant,,
12110317,Firma KABANOS Kojs Mirosław i Joanna Kojs - Kowalczyk Spółka Jawna,34-480 Jabłonka ul. Spółdzielców 1,Jabłonka,34-480,"powiat nowotarski,Lesser Poland Voivodeship",Poland,RM,CP,N,,CP - Cutting Plant,,
30114202,Firma Kręglewscy Sp. z o.o.,Ponin ul. Widziszewska 13a,Kościan,64-000,"powiat kościański,Greater Poland Voivodeship",Poland,RM,CP,N,bovine porcine,CP - Cutting Plant,,
12064201,"Firma Miernik s.c. - TRANSPORT, HANDEL MIĘSEM","32-091 Michałowice, ul. Górna 84",Michałowice,32-091,"powiat krakowski,Lesser Poland Voivodeship",Poland,RM,CP,N,,CP - Cutting Plant,,
18030206,Firma Produkcyjno - Handlowa Janusz Słota,Jodłowa 27A,Jodłowa,39-225,"powiat dębicki,Subcarpathian Voivodeship",Poland,RM,CP SH,Y,porcine,CP - Cutting Plant | SH - Slaughterhouse,,
PL12180502,"Firma Produkcyjno Usługowo-Handlowa ""AMCIU"" Maria Kot",ul. Krakowska 145,Łączany,34-115,"powiat wadowicki,Lesser Poland Voivodeship",Poland,RM,CP SH,Y,,CP - Cutting Plant | SH - Slaughterhouse,,
24110201,"Firma Produkcyjno- Handlowa ""Kretek"" Daniel Kretek",ul. Ogrodowa 14,Krzanowice,47-470,"Racibórz County,Silesian Voivodeship",Poland,RM,CP SH,Y,porcine,CP - Cutting Plant | SH - Slaughterhouse,,
PL10160235WE,"Firma Produkcyjno-Handlowa ""KARCZEWSKI"" Marian Karczewski","Łominy 12, 97-225 Ujazd",Ujazd,97-225,"powiat tomaszowski,Łódź Voivodeship",Poland,RM,CP SH,Y,bovine porcine,CP - Cutting Plant | SH - Slaughterhouse,,
30180304,Firma Produkcyjno-Handlowa Paweł Łuczak,Książenice ul. Zielona 40,Grabów nad Prosną,63-520,"powiat ostrzeszowski,Greater Poland Voivodeship",Poland,RM,CP,N,porcine,CP - Cutting Plant,,
30290302,Firma Słomiński od 1904 Dominik Słomiński - Fabiś Spółka komandytowa,ul. Powstańców Wielkopolskich 14,Kaszczor,64-234,"powiat wolsztyński,Greater Poland Voivodeship",Poland,RM,CP,N,porcine bovine,CP - Cutting Plant,,
10133803,Food Service Sp. z o.o.,Mszczonowska 35a,Rawa Mazowiecka,96-200,"powiat rawski,Łódź Voivodeship",Poland,RM,CP SH,Y,,CP - Cutting Plant | SH - Slaughterhouse,,
10134201,Food Service Sp. z o.o.,"ul.Tatar 4, 96-200 Rawa Mazowiecka",Rawa Mazowiecka,96-200,"powiat rawski,Łódź Voivodeship",Poland,RM,CP,N,,CP - Cutting Plant,,
10154201,Frączkiewicz Spółka z ograniczoną odpowiedzialnością Spółka komandytowa,Suliszew 61,Suliszew,96-115,"powiat skierniewicki,Łódź Voivodeship",Poland,RM,CP,N,,CP - Cutting Plant,,
10153801,"Frączkiewicz Spółka z ograniczoną odpowiedzialnością Spółka komandytowa, ul. Zygmunta Słomińskiego 15/8 Warszawa 00-195",96-115 Nowy Kawęczyn Suliszew 61,Suliszew,96-115,"powiat skierniewicki,Łódź Voivodeship",Poland,RM,CP SH,Y,,CP - Cutting Plant | SH - Slaughterhouse,,
30230301,"GMINNA SPÓŁDZIELNIA ""SAMOPOMOC CHŁOPSKA"" W ZAGÓROWIE",ul. Szubianki 28,Zagórów,62-410,"powiat słupecki,Greater Poland Voivodeship",Poland,RM,CP,N,bovine porcine,CP - Cutting Plant,,
30220204,GOBARTO S.A.,Grąbkowo 73,Jutrosin,63-930,"powiat rawicki,Greater Poland Voivodeship",Poland,RM,CP SH,Y,porcine,CP - Cutting Plant | SH - Slaughterhouse,,
PL30220204,GOBARTO S.A.,Grąbkowo 73,Jutrosin,63-930,"powiat rawicki,Greater Poland Voivodeship",Poland,RM,CP SH,Y,porcine,CP - Cutting Plant | SH - Slaughterhouse,,
30260103,GOSPODARSTWO W.MARCINIAK R.MARCINIAK SPÓŁKA JAWNA,"Manieczki, ul. Borecka 5",Manieczki,63-112,"powiat śremski,Greater Poland Voivodeship",Poland,RM,CP SH,Y,,CP - Cutting Plant | SH - Slaughterhouse,,
PL24690324WE,GSA Export Spółka z ograniczoną odpowiedzialnością,ul. Obroki 130,Katowice,40-833,"Katowice,Silesian Voivodeship",Poland,RM,CP,N,,CP - Cutting Plant,,
14110203,Getmor PM Sp. z o.o,"Chrzanowo 28, 06-225 Rzewnie",Chrzanowo,06-225,"powiat makowski,Masovian Voivodeship",Poland,RM,CP SH,Y,bovine equine porcine,CP - Cutting Plant | SH - Slaughterhouse,,
14113801,Glabeef Sp. z.o.o w organizacji spólka komandytowa,"Sieluń 66A, 06-231 Młynarze",Sieluń,06-231,"powiat makowski,Masovian Voivodeship",Poland,RM,CP SH,Y,bovine porcine,CP - Cutting Plant | SH - Slaughterhouse,,
30294311,Global Meat A.Z. Sp. z o.o.,ul. Brzoskwiniowa 7,Kaszczor,64-234,"powiat wolsztyński,Greater Poland Voivodeship",Poland,RM,CP,N,bovine,CP - Cutting Plant,,
PL20090201,"Gminna Spółdzielnia ""Samopomoc Chłopska"" w Sejnach","Sejny, ul. 1-go Maja 42",Sejny,16-500,"powiat sejneński,Podlaskie Voivodeship",Poland,RM,SH CP,Y,porcine,SH - Slaughterhouse | CP - Cutting Plant,,
06013601,"Gminna Spółdzielnia ""Samopomoc Chłopska"" w Wisznicach",ul. Krótka 18,Wisznice,21-580,"powiat bialski,Lublin Voivodeship",Poland,RM,SH,Y,porcine,SH - Slaughterhouse,,
22050309,Gminna Spółdzielnia Samopomoc Chłopska,"ul. 3-go Maja 9e, 83-330 Kartuzy",Żukowo,83-330,"powiat kartuski,Pomeranian Voivodeship",Poland,RM,CP,N,porcine bovine,CP - Cutting Plant,,
04140321,Gminna Spółdzielnia Samopomoc Chłopska,ul. Dworcowa 8 lok. 1,Pruszcz,86-120,"powiat świecki,Kuyavian-Pomeranian Voivodeship",Poland,RM,CP,N,porcine,CP - Cutting Plant,,
22060203,Gminna Spółdzielnia Samopomoc Chłopska,ul. Długa 100,Karsin,83-440,"powiat kościerski,Pomeranian Voivodeship",Poland,RM,CP SH,Y,porcine,CP - Cutting Plant | SH - Slaughterhouse,,
28120201,Gminna Spółdzielnia Samopomoc Chłopska w Kurzętniku z/s w Marzęcicach,Marzęcice ul. Nowomiejska 9;,Kurzętnik,13-306,"powiat nowomiejski,Warmian-Masurian Voivodeship",Poland,RM,CP SH,Y,porcine,CP - Cutting Plant | SH - Slaughterhouse,,
30260303,"Golden Porky Andrzej Biernat, ul. Gostyńskie Przedmieście 44A, 63-140 Dolsk","ul. Gostyńskie Przedmieście 44A, 63-140 Dolsk",Dolsk,63-140,"powiat śremski,Greater Poland Voivodeship",Poland,RM,CP,N,,CP - Cutting Plant,,
PL22030207WE,Goodvalley Sp. z o.o,ul. Młyńska 43B,Przechlewo,77-320,"powiat człuchowski,Pomeranian Voivodeship",Poland,RM,CP SH,Y,,CP - Cutting Plant | SH - Slaughterhouse,,
PL24033603,Gospodarstwo Rolne Romuald Biłko,ul. Mleczna 41,Cieszyn,43-400,"powiat cieszyński,Silesian Voivodeship",Poland,RM,SH,Y,porcine,SH - Slaughterhouse,,
PL 30043801,Gospodarstwo Rolne Ubojnia Zwierząt Regina Biernacka,Czeluścin 6,Pępowo,63-830,"powiat gostyński,Greater Poland Voivodeship",Poland,RM,CP SH,Y,porcine,CP - Cutting Plant | SH - Slaughterhouse,,
18150206,Gospodarstwo Rolne w Górze Ropczyckiej Spółka z ograniczoną odpowiedzialnością,Góra Ropczycka 1,Sędziszów Małopolski,39-120,"powiat ropczycko-sędziszowski,Subcarpathian Voivodeship",Poland,RM,CP SH,Y,porcine,CP - Cutting Plant | SH - Slaughterhouse,,
18020301,Grupa ALTA Spółka z ograniczoną odpowiedzialnością Spółka Komandytowa,ul. 3- go Maja 65,Brzozów,36-200,"powiat brzozowski,Subcarpathian Voivodeship",Poland,RM,CP,N,bovine porcine,CP - Cutting Plant,,
PL26043804,Grzegorz Brela Brel - Impex Zakład Uboju Trzody,Suków Papiernia 247 A,Daleszyce,26-008,"powiat kielecki,Świętokrzyskie Voivodeship",Poland,RM,SH,Y,porcine,SH - Slaughterhouse,,
10613802,Grzegorz i Jan Matusiak Sp. J.,ul. Tomaszowska 99,Łódź,93-635,"Łódź,Łódź Voivodeship",Poland,RM,CP SH,Y,,CP - Cutting Plant | SH - Slaughterhouse,,
PL24010309WE,HEH Zakład Przetwórstwa Mięsnego Spółka Jawna Blochel Hubert i Blochel Ewa,ul. Kościuszki 83,Siemonia,42-595,"powiat będziński,Silesian Voivodeship",Poland,RM,CP,N,bovine porcine,CP - Cutting Plant,,
20143801,"HENDA s.c. Andrzej Duchnowski, Beata Duchnowska i Henryk Duchnowski",Kalinówka Wielobory 1,Rutki-Kossaki,18-312,"powiat zambrowski,Podlaskie Voivodeship",Poland,RM,SH,Y,,SH - Slaughterhouse,,
30250201,Hand-Mięs Polowczyk Sp. z o. o.,Miąskowo 14A 63-040 Nowe Miasto n. Wartą,Miąskowo,63-023,"powiat średzki,Greater Poland Voivodeship",Poland,RM,CP SH,Y,porcine bovine,CP - Cutting Plant | SH - Slaughterhouse,,
PL 06110202,Handel Artykułami Spożywczo - Przemysłowymi Ireneusz Szewczyk,Ciechomin 33,Wola Mysłowska,21-426,"powiat łukowski,Lublin Voivodeship",Poland,RM,CP SH,Y,bovine,CP - Cutting Plant | SH - Slaughterhouse,,
26020108,Handel Transport Produkcja Usługi Tomasz Laskowski Ubojnia trzody,"Ludwinów 3, 28-330 Wodzisław",Ludwinów,28-330,"powiat jędrzejowski,Świętokrzyskie Voivodeship",Poland,RM,SH,Y,,SH - Slaughterhouse,,
10204205,Handel mięsem Hurt-Detal Teresa Darnowska 90 - 422 Łódź ul Piotrkowska 65 m.23 Zakład Rozbioru Mięsa,ul. Kolejowa 32,Bratoszewice,95-011,"powiat zgierski,Łódź Voivodeship",Poland,RM,CP,N,,CP - Cutting Plant,,
PL24770305WE,Hilton Foods Ltd. Sp. z o.o. Zakład Produkcyjny w Tychach,Ul. Strefowa 31,Tychy,43-100,"powiat bieruńsko-lędziński,Silesian Voivodeship",Poland,RM,CP,N,bovine porcine,CP - Cutting Plant,,
30090106,IMPERIAL MEAT Sp. zo.o.,Tarnówka 13,Dąbie,62-660,"powiat kolski,Greater Poland Voivodeship",Poland,RM,SH,Y,,SH - Slaughterhouse,,
30220304,IMPILO Sp.z o.o.,Golinka 26a,Bojanowo,63-940,"powiat rawicki,Greater Poland Voivodeship",Poland,RM,CP,N,bovine,CP - Cutting Plant,,
14200205,INALCA POLAND Sp. z o. o.,ul. Henryka Sienkiewicza 74,Sochocin,09-110,"powiat płoński,Masovian Voivodeship",Poland,RM,CP SH,Y,bovine,CP - Cutting Plant | SH - Slaughterhouse,,
PL28620501,INDYKPOL S.A.,UL. JESIENNA 3,Olsztyn,10-370,"Olsztyn,Warmian-Masurian Voivodeship",Poland,RM,CP,N,porcine,CP - Cutting Plant,,
10160603,INT FOOD Sp. z o.o.,Ul. Tomaszowska 22 97-221 Rokiciny,Rokiciny,97-221,"powiat tomaszowski,Łódź Voivodeship",Poland,RM,CP,N,bovine ovine,CP - Cutting Plant,,
PL24650301WE,INTER SILESIA Sp. z o.o. Spółka Komandytowa,ul. Łącząca 39,Dąbrowa Górnicza,41-300,"Dąbrowa Górnicza,Silesian Voivodeship",Poland,RM,CP,N,bovine porcine,CP - Cutting Plant,,
PL24010332WE,IRE FAMILII Sp z o.o.,ul. Moniuszki 43,Dobieszowice,42-584,"powiat będziński,Silesian Voivodeship",Poland,RM,CP,N,bovine porcine,CP - Cutting Plant,,
30133801,Instytut Zootechniki - Państwowy Instytut Badawczy 31 - 047 Kraków ul. Sarego 2 Zakład Doświadczalny Pawłowice,Mielżyńskich 44c,Pawłowice,64-122,"powiat leszczyński,Greater Poland Voivodeship",Poland,RM,CP SH,Y,porcine,CP - Cutting Plant | SH - Slaughterhouse,,
14650363,JANEX Sławomir i Elżbieta Wiesiak Spółka komandytowa,ul. Instalatorów 23,Warsaw,02-237,"Warszawa,Masovian Voivodeship",Poland,RM,CP,N,,CP - Cutting Plant,,
PL 24780310 WE,JANO A.Serwatka Spółka jawna,ul. Pyskowicka 16-18,Zabrze,41-807,"Zabrze,Silesian Voivodeship",Poland,RM,CP,N,porcine bovine,CP - Cutting Plant,,
30224001,JESODOT Sp. z o.o.,ul. Dubińska 4a,Pakosław,63-920,"powiat rawicki,Greater Poland Voivodeship",Poland,RM,CP,N,,CP - Cutting Plant,,
18160304,JK Spólka z o.o.,Trzebownisko 761,Trzebownisko,36-001,"powiat rzeszowski,Subcarpathian Voivodeship",Poland,RM,CP,N,bovine porcine,CP - Cutting Plant,,
PL10101201,JUBA SP.Z O.O. SP.K.,SPORTOWA 2,Rozprza,97-340,"powiat piotrkowski,Łódź Voivodeship",Poland,RM,CP,N,,CP - Cutting Plant,,
30030305,JUTAR Spółka z o. o.,Łagiewniki Kościelne 3,Łagiewniki Kościelne,62-272,"powiat gnieźnieński,Greater Poland Voivodeship",Poland,RM,CP,N,,CP - Cutting Plant,,
30030106,JUTAR Spółka z o.o.,Łagiewniki Kościelne 3,Łagiewniki Kościelne,62-272,"powiat gnieźnieński,Greater Poland Voivodeship",Poland,RM,SH,Y,,SH - Slaughterhouse,,
14123801,Jan Ludwiniak Chobot Meat,Chobot 15,Halinów,05-074,"powiat miński,Masovian Voivodeship",Poland,RM,CP SH,Y,bovine,CP - Cutting Plant | SH - Slaughterhouse,,
24020329,Jarosław Sikora P.P.H.U.,ul. Bielska 21,Kozy,43-340,"Bielsko County,Silesian Voivodeship",Poland,RM,CP,N,bovine porcine,CP - Cutting Plant,,
24090105,"JÓZEF KACZOROWSKI FIRMA USŁUGOWA ""ZIUTEK"" Zakład Usługowo-Handlowy",Rzeniszów ul. Zielona 21,"Koziegłowy, Silesian Voivodeship",42-350,"powiat myszkowski,Silesian Voivodeship",Poland,RM,SH,Y,,SH - Slaughterhouse,,
12103803,Józef Obrzud Firma Handlowo - Usługowa Import - Eksport Ubojnia Gostwica 2,Gostwica 2,Gostwica,33-386,"powiat nowosądecki,Lesser Poland Voivodeship",Poland,RM,CP,N,,CP - Cutting Plant,,
30130302,KAMINIARZ SPÓŁKA Z OGRANICZONĄ ODPOWIEDZIALNOŚCIĄ,ul. Leszczyńska 28,Święciechowa,64-115,"powiat leszczyński,Greater Poland Voivodeship",Poland,RM,CP,N,porcine bovine,CP - Cutting Plant,,
24090302,KARDELEN Cansa Çekil,ul. Stawowa 6,Myszków,42-300,"powiat myszkowski,Silesian Voivodeship",Poland,RM,CP,N,bovine,CP - Cutting Plant,,
06010304,KAROL Sp. z o.o.,Strzakły 55,Międzyrzec Podlaski,21-560,"powiat bialski,Lublin Voivodeship",Poland,RM,CP,N,porcine bovine,CP - Cutting Plant,,
10103805,KAŹMIERCZAK Zakład Mięsny Katarzyna i Zbigniew Kaźmierczak Spółka Jawna,"Kosów, ul. Główna 140, 97-310 Moszczenica",Kosów,97-310,"powiat piotrkowski,Łódź Voivodeship",Poland,RM,CP SH,Y,porcine,CP - Cutting Plant | SH - Slaughterhouse,,
04140203,KIER sp. z o.o.,Jastrzębie 30,Drzycim,86-140,"powiat świecki,Kuyavian-Pomeranian Voivodeship",Poland,RM,CP SH,Y,porcine,CP - Cutting Plant | SH - Slaughterhouse,,
10153802,KOLARY Sp.c. Waldemar Kolary Justyna Markus,96-127 Lipce Reymontowskie ul. Wiosenna 28,Lipce Reymontowskie,96-127,"powiat skierniewicki,Łódź Voivodeship",Poland,RM,CP SH,Y,,CP - Cutting Plant | SH - Slaughterhouse,,
24160305,KONSORCJUM MIĘSNE OKRASA. GRUPA POŁUDNIE Sp. z o.o.,"Pilica, ul. Żarnowiecka 76","Pilica, Silesian Voivodeship",42-436,"powiat zawierciański,Silesian Voivodeship",Poland,RM,CP,N,bovine porcine,CP - Cutting Plant,,
PL 06140205 WE,KOŃSKOWOLA MEAT Sp z o.o.,"ul. Żyrzyńska 44, 24-130 Końskowola",Końskowola,24-130,"powiat puławski,Lublin Voivodeship",Poland,RM,CP SH,Y,bovine,CP - Cutting Plant | SH - Slaughterhouse,,
14250608,KPS FOOD Pionki Sp. z o.o.,Przemysłowa 31,Pionki,26-670,"powiat radomski,Masovian Voivodeship",Poland,RM,CP,N,bovine ovine porcine,CP - Cutting Plant,,
10200123,KRYSZPOL Sp. J B.M.S. Krysztofiak Zakład Mięsny,"Ignacew Podleśny 1, 95-045 Parzęczew",Parzęczew,95-045,"powiat zgierski,Łódź Voivodeship",Poland,RM,SH,Y,,SH - Slaughterhouse,,
24150109,Kacprzyk Dawid,"Karkoszka 66, Wodzislaw Ślaski",Wodzisław Śląski,44-300,"Wodzisław County,Silesian Voivodeship",Poland,RM,SH,Y,,SH - Slaughterhouse,,
32050302,"Kamil Sp. z o.o.ul. Kardynała Stefana Wyszyńskiego 14, 70 - 201 Szczecin",Otok 32,Gryfice,72-300,"powiat gryficki,West Pomeranian Voivodeship",Poland,RM,CP,N,porcine bovine,CP - Cutting Plant,,
20020102,Kamil spółka jawna Mieczysław i Ewa Śliwowscy,Roszki Wodźki 47,Łapy,18-100,"powiat białostocki,Podlaskie Voivodeship",Poland,RM,SH,Y,porcine,SH - Slaughterhouse,,
18110223,Kazimiera Stopa Zakład Przetwórstwa Mięsnego Czesław Stopa,ul. Dąbrowska 3,Dulcza Wielka,39-312,"powiat mielecki,Subcarpathian Voivodeship",Poland,RM,CP SH,Y,porcine,CP - Cutting Plant | SH - Slaughterhouse,,
06050202,Król Spółka Jawna,Stojeszyn Kolonia 1,Modliborzyce,23-310,"powiat janowski,Lublin Voivodeship",Poland,RM,CP SH,Y,porcine bovine,CP - Cutting Plant | SH - Slaughterhouse,,
PL12103805,Kwartet Słaby Barbara spółka jawna,Łazy Biegonickie 38,Stary Sącz,33-340,"powiat nowosądecki,Lesser Poland Voivodeship",Poland,RM,SH,Y,,SH - Slaughterhouse,,
PL24120203,LESZ spółka z ograniczoną odpowiedzialnością,ul. Palowicka 155 A,Bełk,44-237,"powiat rybnicki,Silesian Voivodeship",Poland,RM,CP,N,bovine porcine,CP - Cutting Plant,,
22050203,LIS Spółka z ograniczoną odpowiedzialnością Spółka komandytowa,"ul. Wiejska 7, 83-340 Sierakowice",Sierakowice,83-340,"powiat kartuski,Pomeranian Voivodeship",Poland,RM,CP SH,Y,bovine porcine ovine,CP - Cutting Plant | SH - Slaughterhouse,,
30260201,LUCRE Sp. z o.o.,Radoszkowo Drugie 40,Radoszkowo Drugie,63-130,"powiat śremski,Greater Poland Voivodeship",Poland,RM,CP,N,bovine porcine,CP - Cutting Plant,,
14110207,Labo Zakład Przetwórstwa Mięsnego W. Wiśniewski,"ul. Przemysłowa 5, 06-200 Maków Mazowiecki",Maków Mazowiecki,06-200,"powiat makowski,Masovian Voivodeship",Poland,RM,CP SH,Y,porcine,CP - Cutting Plant | SH - Slaughterhouse,,
06090309,"Ladros s.c. A. Lewczyk , A. Lewczyk",Łuszczów Drugi 107 ; 20-258 Lublin,Lublin,20-234,"Lublin,Lublin Voivodeship",Poland,RM,CP,N,bovine porcine,CP - Cutting Plant,,
PL12070201WE,Laskopol Sp. j.,Ul. Tarnowska 8c,Limanowa,34-600,"powiat limanowski,Lesser Poland Voivodeship",Poland,RM,CP SH,Y,bovine porcine,CP - Cutting Plant | SH - Slaughterhouse,,
10183801,"Lucjan Przybyła Przedsiebiorstwo Przemysłu Mięsnego ""Mars""",ul. Cmentarna 3,Łubnice,98-432,"powiat wieruszowski,Łódź Voivodeship",Poland,RM,CP SH,Y,,CP - Cutting Plant | SH - Slaughterhouse,,
12103807,MADIKAM Mółka Sp. z o.o.,Mochnaczka Wyżna 179 33-383 Tylicz do,Tylicz,33-383,"powiat nowosądecki,Lesser Poland Voivodeship",Poland,RM,CP SH,Y,,CP - Cutting Plant | SH - Slaughterhouse,,
26130303,"MARBOJ Ubój Trzody i Bydła , Przetwórstwo Mięsa , Marek Suliga",Nieznanowice 142,Włoszczowa,29-100,"powiat włoszczowski,Świętokrzyskie Voivodeship",Poland,RM,CP,N,porcine,CP - Cutting Plant,,
26130101,"MARBOJ Ubój Trzody i Bydła , Przetwórstwo Mięsa , Marek Suliga",Konieczno 12,Włoszczowa,29-100,"powiat włoszczowski,Świętokrzyskie Voivodeship",Poland,RM,SH,Y,porcine,SH - Slaughterhouse,,
PL24050301WE,MARCINISZYN ZAKŁAD MIĘSNY PNIÓW SPÓŁKA JAWNA,Pyskowicka 2,Pniów,44-120,"Gliwice County,Silesian Voivodeship",Poland,RM,CP,N,bovine porcine,CP - Cutting Plant,,
PL28140320,"MARDI Sp. z o.o., Zakłady Mięsne WARMIA Zakład Przetwórstwa",Ul. Olsztyńska 1,Biskupiec,11-300,"powiat olsztyński,Warmian-Masurian Voivodeship",Poland,RM,CP,N,porcine bovine,CP - Cutting Plant,,
18110202,MASARNIA Głowacki Mariusz i Anna Sp. Jawna,Górki 71,Górki,39-305,"powiat mielecki,Subcarpathian Voivodeship",Poland,RM,CP SH,Y,porcine,CP - Cutting Plant | SH - Slaughterhouse,,
28133603,MASARNIA RODZINNA SKORUPA Joanna Skorupska - Gałkowska,ul. Produkcyjna 21,Olecko,19-400,"powiat olecki,Warmian-Masurian Voivodeship",Poland,RM,CP SH,Y,,CP - Cutting Plant | SH - Slaughterhouse,,
30250203,"MASARNIA UBOJNIA Janina Kleczewska, Gospodarstwo Agroturystyczne ""Przystań pod Różą""","ul. Kościelna 50, Solec Wlkp., 63-023 Sulęcinek",Solec,63-023,"powiat średzki,Greater Poland Voivodeship",Poland,RM,CP SH,Y,porcine,CP - Cutting Plant | SH - Slaughterhouse,,
PL18010306,MASARNIA ZYGMUNT Sp. z o.o.,ul. Naftowa 1,Ustrzyki Dolne,38-700,"powiat bieszczadzki,Subcarpathian Voivodeship",Poland,RM,CP,N,porcine,CP - Cutting Plant,,
18110221,MASARNIA Zbigniew Giża sp. j.,Żarówka 220a,Żarówka,39-312,"powiat mielecki,Subcarpathian Voivodeship",Poland,RM,CP SH,Y,porcine,CP - Cutting Plant | SH - Slaughterhouse,,
30220302,MATRO Masarnia T.R.M.A.Pietruszka Sp. j.,ul. Ceglana 2,Rawicz,63-900,"powiat rawicki,Greater Poland Voivodeship",Poland,RM,CP,N,porcine,CP - Cutting Plant,,
10170204,MATYJA Skup Przetwórstwo i Sprzedaż Wyrobów Mięsnych Andrzej Matyja,Mierzyce 201B,Mierzyce,98-324,"powiat wieluński,Łódź Voivodeship",Poland,RM,CP SH,Y,bovine porcine,CP - Cutting Plant | SH - Slaughterhouse,,
14120309,MBM Meat Food Sp.zo.o.,Kazimierów ul. Zastawie 19,Halinów,05-074,"powiat miński,Masovian Voivodeship",Poland,RM,CP,N,bovine,CP - Cutting Plant,,
30270106,MCKEEN-BEEF SH Sp. z o. o.,Linne 47,Linne,62-730,"powiat turecki,Greater Poland Voivodeship",Poland,RM,SH CP,Y,bovine,SH - Slaughterhouse | CP - Cutting Plant,,
10201101,MITMAR SP Z.O.O.,"95-015 Głowno, ul. Wł. Sikorskiego 5B",Głowno,95-015,"powiat zgierski,Łódź Voivodeship",Poland,RM,CP,N,,CP - Cutting Plant,,
PL 06110201,MIĘS-POL JOŃCZYK Spółka Komandytowa,"Stare Kobiałki 92, 21-450 Stoczek łukowski",Stare Kobiałki,21-450,"powiat łukowski,Lublin Voivodeship",Poland,RM,CP SH,Y,bovine,CP - Cutting Plant | SH - Slaughterhouse,,
26100102,MIĘSO - WĘDLINY - WYRÓB I SPRZEDAŻ Jan SKOREK,ul. Iłżecka 172,Skarżysko Kościelne,26-115,"powiat skarżyski,Świętokrzyskie Voivodeship",Poland,RM,SH,Y,porcine,SH - Slaughterhouse,,
20140101,MIĘSROL Roman Tocicki,Śliwowo- Łopienite 23,Rutki-Kossaki,18-312,"powiat zambrowski,Podlaskie Voivodeship",Poland,RM,SH,Y,,SH - Slaughterhouse,,
PL30220105,MKZ Sp. z o.o.,ul. Targowa 10,Rawicz,63-900,"powiat rawicki,Greater Poland Voivodeship",Poland,RM,SH,Y,bovine equine,SH - Slaughterhouse,,
WNI 14254201,MM BEEF SPÓŁKA Z OGRANICZONĄ ODPOWIEDZIALNOŚCIĄ,Młodocin Mniejszy 165,Młodocin Mniejszy,26-624,"powiat radomski,Masovian Voivodeship",Poland,RM,CP,N,bovine,CP - Cutting Plant,,
04190208,MORAWSCY SP. Z O.O.,Grochowiska Księże 20,Rogowo,88-420,"powiat żniński,Kuyavian-Pomeranian Voivodeship",Poland,RM,CP SH,Y,bovine porcine,CP - Cutting Plant | SH - Slaughterhouse,,
30063802,MURAWSCY Spółka z ograniczoną odpowiedzialnością Spółka komandytowa,ul. Kolejowa 4,Żerków,63-210,"powiat jarociński,Greater Poland Voivodeship",Poland,RM,SH,Y,,SH - Slaughterhouse,,
PL 14130301,Madej Wróbel Sp. z o.o. Oddział Uniszki-Cegielnia 16A,Uniszki-Cegielnia 16A 06-500 Mława,Mława,06-500,"powiat mławski,Masovian Voivodeship",Poland,RM,CP,N,,CP - Cutting Plant,,
PL24720306WE,Madej Wróbel Spółka z ograniczoną odpowiedzialnością,ul. Magazynowa 45,Ruda Śląska,41-700,"Ruda Śląska,Silesian Voivodeship",Poland,RM,CP,N,,CP - Cutting Plant,,
24160306,Marek Latacz SMAKOSZ,Smoleń 54,"Pilica, Silesian Voivodeship",42-436,"powiat zawierciański,Silesian Voivodeship",Poland,RM,CP,N,porcine,CP - Cutting Plant,,
10060308,"Maria Piekarska, Sławomir Piekarski, Arkadiusz Piekarski, Sylwester Piekarski Zakład Przetwórstwa Mięsnego PIEKARSKI s.c. M.Piekarska, S.A.S.Piekarski",ul. Leśna 9,Koluszki,95-040,"County Lodzki,Łódź Voivodeship",Poland,RM,CP,N,bovine porcine,CP - Cutting Plant,,
PL06640302WE,Masarnia Sikora Zygmunt Sp.z o.o.,ul. Ogrodowa 24,Zamość,22-400,"Zamość,Lublin Voivodeship",Poland,RM,CP,N,porcine bovine,CP - Cutting Plant,,
16070307,"Masarnia ""Dzier-Mięs"" Dziergas K. i J. Spółka Jawna",ul. Nyska 2,Skoroszyce,48-320,"powiat nyski,Opole Voivodeship",Poland,RM,CP,N,bovine porcine,CP - Cutting Plant,,
06070301,"Masarnia ""Rzemieślnicza"" Elżbieta Zając spółka jawna",Spławy Drugie 45,Kraśnik,23-200,"powiat kraśnicki,Lublin Voivodeship",Poland,RM,CP,N,bovine porcine,CP - Cutting Plant,,
22020304,Masarnia Brusy Gierszewscy Barbara Gierszewska,ul. Młyńska 21,Brusy,89-632,"powiat chojnicki,Pomeranian Voivodeship",Poland,RM,CP,N,bovine porcine,CP - Cutting Plant,,
04160301,Masarnia Cekcyn Mirosław Łepek,ul. Dworcowa 4,Cekcyn,89-511,"powiat tucholski,Kuyavian-Pomeranian Voivodeship",Poland,RM,CP,N,,CP - Cutting Plant,,
22150309,Masarnia Dominik Mieczkowscy Sp. J.,Godętowo 18,Godętowo,84-218,"powiat wejherowski,Pomeranian Voivodeship",Poland,RM,CP,N,,CP - Cutting Plant,,
WNI 14630301,Masarnia ELMAS Krystyna Krzyżanowska,ul. Malenicka nr. 81,Radom,26-600,"Radom,Masovian Voivodeship",Poland,RM,CP,N,bovine porcine,CP - Cutting Plant,,
20620309,Masarnia Frankfurterka Nerkowska Barbara,ul. Nowogrodzka 151A,Łomża,18-400,"Łomża,Podlaskie Voivodeship",Poland,RM,CP,N,,CP - Cutting Plant,,
PL04020203,"Masarnia K.Leśniewski, B.Biegański, G.Sobiech sp. j.",87-313 Brzozie,Brzozie,87-313,"powiat brodnicki,Kuyavian-Pomeranian Voivodeship",Poland,RM,CP SH,Y,porcine,CP - Cutting Plant | SH - Slaughterhouse,,
PL04020201,Masarnia Karbowo Waldemar Pesta,ul. Klubowa 68,Karbowo,87-300,"powiat brodnicki,Kuyavian-Pomeranian Voivodeship",Poland,RM,CP SH,Y,porcine,CP - Cutting Plant | SH - Slaughterhouse,,
22050310,Masarnia Kaszubska Spółka z ograniczoną odpowiedzialnością Spółka komandytowa,"ul. Mściwoja II 2, 83-300 Kartuzy",Kartuzy,83-300,"powiat kartuski,Pomeranian Voivodeship",Poland,RM,CP,N,bovine porcine,CP - Cutting Plant,,
32100301,Masarnia Marek Stępnik,ul. Jagiełły 3,Dębno,74-400,"powiat myśliborski,West Pomeranian Voivodeship",Poland,RM,CP,N,porcine ovine bovine,CP - Cutting Plant,,
10120209,Masarnia Piotr Stanek,ul. Żeromskiego 25,Żytno,97-532,"powiat radomszczański,Łódź Voivodeship",Poland,RM,CP SH,Y,,CP - Cutting Plant | SH - Slaughterhouse,,
14050308,Masarnia Rzeźnia Kazimierz Kuran,ul. Warszawska 3,Żabia Wola,96-321,"Grodzisk Mazowiecki County,Masovian Voivodeship",Poland,RM,CP,N,,CP - Cutting Plant,,
20620208,"Masarnia S.C. Wioletta, Bogdan Łepkowscy",ul. Nowogrodzka 216,Łomża,18-400,"Łomża,Podlaskie Voivodeship",Poland,RM,SH CP,Y,,SH - Slaughterhouse | CP - Cutting Plant,,
30310301,Masarnia Sp.J.Joanna Łoboda i Zbigniew Wiśniewski,"ul.Młyńska 9, 77-400Złotów",Radawnica,77-405,"powiat złotowski,Greater Poland Voivodeship",Poland,RM,CP,N,porcine,CP - Cutting Plant,,
28120302,Masarnia Szczepański Sp. z o. o.,Mroczno 23E,Grodziczno,13-324,"powiat nowomiejski,Warmian-Masurian Voivodeship",Poland,RM,CP,N,porcine,CP - Cutting Plant,,
06150201,Masarnia Ubojnia ZEMAT Zdzisław Trościańczyk i S-ka Spółka Jawna,ul. Łąkowa 1 21-310 Wohyń,Wohyń,21-310,"powiat radzyński,Lublin Voivodeship",Poland,RM,CP SH,Y,ovine porcine bovine,CP - Cutting Plant | SH - Slaughterhouse,,
18050308,Masarnia Wrocanka Spółka z ograniczoną odpowiedzialnością,Wrocanka 193,Tarnowiec,38-204,"powiat jasielski,Subcarpathian Voivodeship",Poland,RM,CP,N,porcine bovine,CP - Cutting Plant,,
06090307,Masarnia Wólka D.K. Masierak s.j.,Wólka 6 a ; 20-258 Lublin,Lublin,20-258,"Lublin,Lublin Voivodeship",Poland,RM,CP,N,porcine,CP - Cutting Plant,,
30090202,Masarnia ZENON Mariusz Borzęda Jarosław Borzęda s.c.,ul. Generała Bema 32,Przedecz,62-635,"powiat kolski,Greater Poland Voivodeship",Poland,RM,CP SH,Y,bovine porcine,CP - Cutting Plant | SH - Slaughterhouse,,
10070302,Masarnia Zameczek Marian Madej,Zameczek 2,Zameczek,26-300,"powiat opoczyński,Łódź Voivodeship",Poland,RM,CP,N,bovine porcine,CP - Cutting Plant,,
PL596153569600000,"Masarnia s.c.Dorota,Mieczysław Karatysz",ul. Stefana Cyraniaka 28,Międzyrzecz,66-300,"powiat międzyrzecki,Lubusz Voivodeship",Poland,RM,CP,N,bovine porcine,CP - Cutting Plant,,
06040201,Masarnia z Ubojnią Adam Kurantowicz,"ul. Ceglana 25, 22-500 Hrubieszów",Hrubieszów,22-500,"powiat hrubieszowski,Lublin Voivodeship",Poland,RM,CP SH,Y,,CP - Cutting Plant | SH - Slaughterhouse,,
06080205,Masarnia z Ubojnią Tadeusz Harasim,ul. Spółdzielcza 6,Ostrów Lubelski,21-110,"powiat lubartowski,Lublin Voivodeship",Poland,RM,CP SH,Y,equine porcine,CP - Cutting Plant | SH - Slaughterhouse,,
32100201,Masarnia Łukasz Pisz,ul. Cegielniana 5,Dębno,74-400,"powiat myśliborski,West Pomeranian Voivodeship",Poland,RM,CP SH,Y,bovine porcine,CP - Cutting Plant | SH - Slaughterhouse,,
06634208,Mastermięs Sp. z o. o.,ul. Firlejowska 8; 20-306 Lublin,Lublin,20-306,"Lublin,Lublin Voivodeship",Poland,RM,CP,N,porcine,CP - Cutting Plant,,
06090601,Max -Mięs sp. z o.o.,Wola Niemiecka 99 a ; 21-025 Niemce,Wola Niemiecka,21-025,"powiat lubelski,Lublin Voivodeship",Poland,RM,CP,N,porcine,CP - Cutting Plant,,
22140301,Michna Meat Sp. z o.o.,"ul. Podgórna 8, Ropuchy",Pelplin,83-130,"powiat tczewski,Pomeranian Voivodeship",Poland,RM,CP,N,,CP - Cutting Plant,,
PL30040301,Mróz S.A.,Koźmińska 5a,Borek Wielkopolski,63-810,"powiat gostyński,Greater Poland Voivodeship",Poland,RM,CP,N,bovine porcine,CP - Cutting Plant,,
22050602,NAZAR Spółka z ograniczoną odpowiedzialnością Spółka komandytowaą,"Leźno 59, 80-298 Gdańsk",Leźno,80-298,"powiat kartuski,Pomeranian Voivodeship",Poland,RM,CP,N,bovine,CP - Cutting Plant,,
PL24720307WE,NIK-POL Sp. z o.o.,ul. Chorzowska 58,Ruda Śląska,41-709,"Ruda Śląska,Silesian Voivodeship",Poland,RM,CP,N,,CP - Cutting Plant,,
14294202,NOWA-M Spółka z Ograniczoną Odpowiedzialnością Spółka Komandytowa,"08-304 Jabłonna Lacka, ul Kwiatowa 26",Jabłonna Lacka,08-304,"powiat sokołowski,Masovian Voivodeship",Poland,RM,CP,N,,CP - Cutting Plant,,
30170601,NOWACCY SPÓŁKA Z OGRANICZONĄ ODPOWIEDZIALNOŚCIĄ,ul. Batorego 41,Ostrów Wielkopolski,63-400,"powiat ostrowski,Greater Poland Voivodeship",Poland,RM,CP,N,bovine porcine,CP - Cutting Plant,,
04140313,Niewieścin s p. z o.o.,Niewieścin 8,Pruszcz,86-120,"powiat świecki,Kuyavian-Pomeranian Voivodeship",Poland,RM,CP,N,bovine porcine,CP - Cutting Plant,,
02043801,OSI POLAND FOODWORKS sp. z o.o.,Chróścina 3a,Chróścina,56-200,"powiat górowski,Lower Silesian Voivodeship",Poland,RM,CP SH,Y,,CP - Cutting Plant | SH - Slaughterhouse,,
14294201,"OSTROPOL Spółka z ograniczoną odpowiedzialnością Spółka komandytowa, 03-982 Warszawa, ul. Sylwestra Bartosika 6 lok.113","08-307 Repki, ul.Orzechowa 23",Repki,08-307,"powiat sokołowski,Masovian Voivodeship",Poland,RM,CP,N,,CP - Cutting Plant,,
08120306,Osoweks Sp. z o.o.,Osowa Sień 64,Wschowa,67-400,"powiat wschowski,Lubusz Voivodeship",Poland,RM,CP,N,bovine porcine,CP - Cutting Plant,,
PL24033801,P. P. H. U. Karol Chwastek Zakład Uboju Bydła,Dębowiec ul. Rolnicza 19,Dębowiec,43-426,"powiat cieszyński,Silesian Voivodeship",Poland,RM,CP SH,Y,,CP - Cutting Plant | SH - Slaughterhouse,,
PL 20030202,P. P. H. U. Sokół Jan Sokołowski,ul. Sienkiewicza 45,Brańsk,17-120,"powiat bielski,Podlaskie Voivodeship",Poland,RM,SH,Y,,SH - Slaughterhouse,,
22050204,P.H.U. GOSZ Zdzisław Gosz,"ul. Kartuska 14, 83-305 Barwik",Barwik,83-305,"powiat kartuski,Pomeranian Voivodeship",Poland,RM,CP SH,Y,porcine bovine,CP - Cutting Plant | SH - Slaughterhouse,,
PL14194201,P.P.H DOMINEX Jacek Walczak,ul. Płocka 44,Radzanowo,09-451,"powiat płocki,Masovian Voivodeship",Poland,RM,CP,N,porcine,CP - Cutting Plant,,
14153601,"P.P.H. ""PERS"" Teresa i Tadeusz Persa S.C.",Nowa Wieś Wschodnia 6,Rzekuń,07-411,"powiat ostrołęcki,Masovian Voivodeship",Poland,RM,SH,Y,,SH - Slaughterhouse,,
14280301,P.P.H. Kuznocin Zakład Przetwórstwa Mięsnego Marek Kłoszewski,Kuznocin 75C,Kuznocin,96-500,"powiat sochaczewski,Masovian Voivodeship",Poland,RM,CP,N,bovine porcine,CP - Cutting Plant,,
10140303,P.P.H. POLFLAK Dorota Markowska,ul. Złoczewska 29,Burzenin,98-260,"powiat sieradzki,Łódź Voivodeship",Poland,RM,CP,N,,CP - Cutting Plant,,
30050104,P.P.H. Popiół Janusz,"Gnin 17, 62-073 Ruchocice",Gnin,62-073,"powiat grodziski,Greater Poland Voivodeship",Poland,RM,SH,Y,bovine porcine,SH - Slaughterhouse,,
14340323,"P.P.H.""Rarytas"" Marcin Nasiłowski",Lipka ul. Jadowska 47,Klembów,05-205,"powiat wołomiński,Masovian Voivodeship",Poland,RM,CP,N,,CP - Cutting Plant,,
04083801,"P.P.H.U. ""Dela"" Sp. z o. o.","Radomice 87A, 87-600 Lipno",Lipno,87-600,"Lipno County,Kuyavian-Pomeranian Voivodeship",Poland,RM,SH CP,Y,porcine,SH - Slaughterhouse | CP - Cutting Plant,,
PL10160101WE,"P.P.H.U. ""EQUUS"" Halina Makowska","Cekanów ul. Topolowa 34, 97-200 Tomaszów Mazowiecki",Tomaszów Mazowiecki,97-200,"powiat tomaszowski,Łódź Voivodeship",Poland,RM,SH,Y,bovine porcine,SH - Slaughterhouse,,
12070211,"P.P.H.U. ""MARKAM"" Andrzej Marek Skolarus",Kasinka Mała 539,Kasinka Mała,34-734,"powiat limanowski,Lesser Poland Voivodeship",Poland,RM,CP SH,Y,bovine porcine,CP - Cutting Plant | SH - Slaughterhouse,,
22050603,P.P.H.U. DROBGEN Eugeniusz Bojanowski,"Tuchlino 127, 83-340 Sierakowice",Tuchlino,83-340,"powiat kartuski,Pomeranian Voivodeship",Poland,RM,CP,N,bovine ovine,CP - Cutting Plant,,
26080102,"P.P.H.U. ESKULAP Michał Zieliński, Mariusz Zieliński s.c.",Iżykowice 10,Działoszyce,28-440,"powiat pińczowski,Świętokrzyskie Voivodeship",Poland,RM,SH,Y,porcine,SH - Slaughterhouse,,
06170302,"P.P.H.U. Zakład Mięsny ""ŻAK""",ul. Żwirki i Wigury 49,Świdnik,21-040,"powiat świdnicki,Lublin Voivodeship",Poland,RM,CP,N,porcine,CP - Cutting Plant,,
PL24010131WE,P.P.U.H Sebastian Merta,"ul. Zarzecze 43, Żelisławice",Siewierz,42-470,"powiat będziński,Silesian Voivodeship",Poland,RM,SH,Y,bovine,SH - Slaughterhouse,,
PL24770301WE,P.P.U.H. Burakowski,ul. Katowicka 180,Tychy,43-100,Silesian Voivodeship,Poland,RM,CP,N,bovine porcine,CP - Cutting Plant,,
PL30040201,P.P.U.H. Zakład Mięsny Marian Kaczmarek,ul. Powstańców Wlkp. 26a,Pępowo,63-830,"powiat gostyński,Greater Poland Voivodeship",Poland,RM,CP SH,Y,porcine,CP - Cutting Plant | SH - Slaughterhouse,,
10024301,PANDA - HURT Sp. z o.o. spólka komandytowa Zakład Produkcyjny w Zgierzu,ul. Mickiewicza 35,Kutno,99-300,"Kutno County,Łódź Voivodeship",Poland,RM,CP,N,porcine,CP - Cutting Plant,,
30234201,PAPAJ Sebastian Przywarty,Babin Olędry 15,Babin-Olędry,62-420,"powiat słupecki,Greater Poland Voivodeship",Poland,RM,CP,N,bovine porcine,CP - Cutting Plant,,
18160209,"PHPU ""MAŁOPOLSKA"" Gorący-Jodłowscy Spółka jawna",ul. Okulickiego 10,Sokołów Małopolski,36-050,"powiat rzeszowski,Subcarpathian Voivodeship",Poland,RM,CP SH,Y,porcine,CP - Cutting Plant | SH - Slaughterhouse,,
26134201,PHU ASPOLMAX Przetwórstwo Mięsa Andrzej Stępień,"Dobromierz , ul. Włoszczowska 2",Kluczewsko,29-120,"powiat włoszczowski,Świętokrzyskie Voivodeship",Poland,RM,CP,N,bovine porcine,CP - Cutting Plant,,
30074204,PIGGY PIGGY Spółka z ograniczoną odpowiedzialnością,Pruszków 44,Pruszków,62-800,"powiat kaliski,Greater Poland Voivodeship",Poland,RM,CP,N,,CP - Cutting Plant,,
28060101,PINI BEEF BY PIEMONT spółka z ograniczoną odpowiedzialnością spółka jawna,Antonowo ul. Browarna 1 11-500 Giżycko,Antonowo,11-500,"powiat giżycki,Warmian-Masurian Voivodeship",Poland,RM,CP SH,Y,,CP - Cutting Plant | SH - Slaughterhouse,,
WNI 14250206,PIOTR WILCZYŃSKI - RZEŹNICTWO I WĘDLINIARSTWO,Błaziny Dolne nr. 50,Błaziny Dolne,27-100,"powiat radomski,Masovian Voivodeship",Poland,RM,CP SH,Y,porcine bovine,CP - Cutting Plant | SH - Slaughterhouse,,
10204201,PIREX Rozbiór mięsa,"Emilia, ul. Telefoniczna 17, 95-100 Zgierz",Emilia,95-100,"powiat zgierski,Łódź Voivodeship",Poland,RM,CP,N,,CP - Cutting Plant,,
22130204,PPH HEROLD Teresa Arkadiusz Edmund Herold Spółka Jawna,Zblewo ul. Młyńska 9,Zblewo,83-210,"powiat starogardzki,Pomeranian Voivodeship",Poland,RM,SH CP,Y,bovine porcine,SH - Slaughterhouse | CP - Cutting Plant,,
WNI 14250212,"PPHU ,,JANHAS"" Monika Banasik",Niemianowice 27,Gózd,26-634,"powiat radomski,Masovian Voivodeship",Poland,RM,CP SH,Y,porcine bovine,CP - Cutting Plant | SH - Slaughterhouse,,
WNI 14250209,"PPHU ,,MAMBA"" Sp. J. Zdzisław i Waldemar Mroczkowski","Maków, ul. Skaryszewska 15",Skaryszew,26-640,"powiat radomski,Masovian Voivodeship",Poland,RM,SH CP,Y,bovine porcine,SH - Slaughterhouse | CP - Cutting Plant,,
20070202,PPHU Barbara Łukasiewicz,"Stare Kupiski, ul. Kręta 5",Łomża,18-400,"Łomża,Podlaskie Voivodeship",Poland,RM,SH CP,Y,,SH - Slaughterhouse | CP - Cutting Plant,,
10120216,"PPHU DEMETER Góra Czesław, Ostrowski Robert, Spółka Jawna",ul. Wrzosowa 2,Kamieńsk,97-360,"powiat radomszczański,Łódź Voivodeship",Poland,RM,CP SH,Y,,CP - Cutting Plant | SH - Slaughterhouse,,
06190102,PPHU GRAMAR SP Z O.O.,"ul. Przemysłowa 6, 22-200 Włodawa",Włodawa,22-200,"powiat włodawski,Lublin Voivodeship",Poland,RM,SH,Y,bovine porcine,SH - Slaughterhouse,,
06643601,PPHU KURON S.C. Agnieszka Kuron Zbigniew Głąb,Szczebrzeska 35,Zamość,22-400,"Zamość,Lublin Voivodeship",Poland,RM,CP SH,Y,porcine,CP - Cutting Plant | SH - Slaughterhouse,,
22040301,PPHU MAJER Sp. Jawna Alicja i Andrzej Majer,83-010 Straszyn ul. Leśna 1,Straszyn,83-010,"powiat gdański,Pomeranian Voivodeship",Poland,RM,CP,N,porcine bovine,CP - Cutting Plant,,
10100207,PPHU MAS-POL M.i P.Jagodzińscy sp. j.,97-371 Wola Krzysztoporska,Majków Duży,97-371,"powiat piotrkowski,Łódź Voivodeship",Poland,RM,CP SH,Y,,CP - Cutting Plant | SH - Slaughterhouse,,
14350301,PPHU MLEKS Sp. z o.o. Zakład Masarski,Wyszków ul. Komunalna 2,Wyszków,07-200,"powiat wyszkowski,Masovian Voivodeship",Poland,RM,CP,N,bovine porcine,CP - Cutting Plant,,
20123804,PPHU Mariusz Rudziewicz,Ignatowizna 5,Rutka-Tartak,16-406,"powiat suwalski,Podlaskie Voivodeship",Poland,RM,CP SH,Y,bovine ovine porcine,CP - Cutting Plant | SH - Slaughterhouse,,
10100303,"PPHU Masarnia Kacperscy s.c. Halina Kacperska , Mariusz Kacperski","Doły Brzeskie 11, 97-306 Grabica",Doły Brzeskie,97-306,"powiat piotrkowski,Łódź Voivodeship",Poland,RM,CP,N,bovine porcine,CP - Cutting Plant,,
30110103,PPHU PRAŁAT Sp. J.,Ponin ul. Kobylnicka 10,Kościan,64-000,"powiat kościański,Greater Poland Voivodeship",Poland,RM,SH,Y,bovine porcine,SH - Slaughterhouse,,
10200121,"PPHU Wer-Mir Dorota Mirowska, Sławomir Mirowski","Ziewanice 30, 95-015 Głowno",Ziewanice,95-015,"powiat zgierski,Łódź Voivodeship",Poland,RM,SH,Y,,SH - Slaughterhouse,,
28133602,PPUH JAREN Jan Jurski,ul. Rzeźnicka 6,Olecko,19-400,"powiat olecki,Warmian-Masurian Voivodeship",Poland,RM,CP SH,Y,,CP - Cutting Plant | SH - Slaughterhouse,,
24150304,PPUH Jantar Sp. z o.o.,ul. Ks. Skwary 3,Pszów,44-280,"Wodzisław County,Silesian Voivodeship",Poland,RM,CP,N,,CP - Cutting Plant,,
24150311,"PPUH Zakład Masarski s.c. Henryka Ośliźlok, Stanisław Ośliźlok",ul. Powstańców Śląskich 24,Skrzyszów,44-348,"Wodzisław County,Silesian Voivodeship",Poland,RM,CP,N,,CP - Cutting Plant,,
04140224,PROSIACZEK Sp z o.o.,Krąplewice 35,Jeżewo,86-131,"powiat świecki,Kuyavian-Pomeranian Voivodeship",Poland,RM,CP SH,Y,porcine,CP - Cutting Plant | SH - Slaughterhouse,,
WNI 14253803,PRZEDSIĘBIORSTWO PRODUKCYJNO - HANDLOWO - USŁUGOWE MAT Mateusz Jończyk,Dąbrówka Nagórna ul. Leśna nr. 8,Dąbrówka Nagórna,26-652,"powiat radomski,Masovian Voivodeship",Poland,RM,SH CP,Y,porcine,SH - Slaughterhouse | CP - Cutting Plant,,
10180302,PRZEDSIĘBIORSTWO PRODUKCYJNO HANDLOWO USŁUGOWE MARK'S SPÓŁKA Z OGRANICZONĄ ODPOWIEDZIALNOŚCIĄ,Prusak 23,Sokolniki,98-420,"powiat wieruszowski,Łódź Voivodeship",Poland,RM,CP,N,,CP - Cutting Plant,,
PL12110201,PRZEDSIĘBIORSTWO PRODUKCYJNO-HANDLOWO-USŁUGOWE BIELA Stanisław Biela,Stare Bystre 370A,Stare Bystre,34-407,"powiat nowotarski,Lesser Poland Voivodeship",Poland,RM,SH,Y,bovine caprine ovine porcine,SH - Slaughterhouse,,
12060330,PRZETWÓRNIA MIĘSA - Stanisław Dziewoński sp.k.,"32-050 Skawina, ul. Łanowa 47",Skawina,32-050,"powiat krakowski,Lesser Poland Voivodeship",Poland,RM,CP,N,,CP - Cutting Plant,,
04164201,PSS Społem Rozbiór,ul. Karasiewicza 12,Tuchola,89-500,"powiat tucholski,Kuyavian-Pomeranian Voivodeship",Poland,RM,CP,N,,CP - Cutting Plant,,
30250305,Paczka z Rusiborza Derda spółka jawna,"Rusibórz 1, 63-012 Dominowo",Rusibórz,63-012,"powiat średzki,Greater Poland Voivodeship",Poland,RM,CP,N,porcine bovine,CP - Cutting Plant,,
06090308,Pater MGK sp. z o.o.,Piotrowice Wielkie 102 ; 21-080 garbów,Garbów,21-080,"powiat lubelski,Lublin Voivodeship",Poland,RM,CP,N,porcine,CP - Cutting Plant,,
PL32123805,Polish Beef Ubojnia Sp.z.o.o,Kłodzino 65,Kłodzino,74-210,"powiat pyrzycki,West Pomeranian Voivodeship",Poland,RM,CP SH,Y,bovine,CP - Cutting Plant | SH - Slaughterhouse,,
22044301,Pomorskie Centrum Mięsne K&K Sp. z o.o. ul. Knyszyńska 16A/2 80 - 180 Gdańsk,83-000 Pruszcz Gdański ul. Kupiecka 10,Pruszcz Gdański,83-000,"powiat gdański,Pomeranian Voivodeship",Poland,RM,CP,N,bovine porcine,CP - Cutting Plant,,
10120208,"Produkcja Mięsa i Wędlin SZWEDZIK S.J. Małgorzata Szwedzik, Wojciech Szwedzik",ul. Batalionów Chłopskich 19,Radomsko,97-500,"powiat radomszczański,Łódź Voivodeship",Poland,RM,CP SH,Y,,CP - Cutting Plant | SH - Slaughterhouse,,
32144102,Prosperity Sp. z o.o.,ul. Rzeźnicza 6/8 73-110 Stargard,Stargard,73-110,"powiat stargardzki,West Pomeranian Voivodeship",Poland,RM,CP,N,bovine,CP - Cutting Plant,,
PL30040101,Prywatne Przedsiębiorstwo Handlowo Usługowe „KRAJPOL” Tomasz Krajka ul. Krobska 2 63 - 860 Pogorzela,Gola 62,Gostyń,63-800,"powiat gostyński,Greater Poland Voivodeship",Poland,RM,SH,Y,bovine,SH - Slaughterhouse,,
30093801,Przedsiebiorstwo Produkcyjno Usługowo Handlowe Galw-Mięs Wiesław Galemba,Os. Żeromskiego 23,Osiek Mały,62-613,"powiat kolski,Greater Poland Voivodeship",Poland,RM,SH CP,Y,bovine porcine,SH - Slaughterhouse | CP - Cutting Plant,,
30183802,Przedsiebiorstwo Produkcyjno Usługowo Handlowe Jerzy Kozica,Tokarzew 20,Doruchów,63-505,"powiat ostrzeszowski,Greater Poland Voivodeship",Poland,RM,CP SH,Y,bovine,CP - Cutting Plant | SH - Slaughterhouse,,
10210101,Przedsiębiorstwo Handlowo - Usługowe JARBET Płuciennik Sp. J.,Jaroszki 25,Jaroszki,95-060,"powiat brzeziński,Łódź Voivodeship",Poland,RM,SH CP,Y,bovine,SH - Slaughterhouse | CP - Cutting Plant,,
28150203,Przedsiębiorstwo Handlowo-Usługowe Iwona Sinoradzka,ul.Daszyńskiego 4,Miłakowo,14-310,"powiat ostródzki,Warmian-Masurian Voivodeship",Poland,RM,CP SH,Y,porcine,CP - Cutting Plant | SH - Slaughterhouse,,
PL24030203,"Przedsiębiorstwo Handlu Zagranicznego ""JUR-GAST"" Sp. z o.o.",ul. Przemysłowa 2,Wisła,43-460,"powiat cieszyński,Silesian Voivodeship",Poland,RM,CP SH,Y,porcine,CP - Cutting Plant | SH - Slaughterhouse,,
18150202,"Przedsiębiorstwo Produkcji, Handlu i Usług ""Kabanospol"" Spółka z ograniczoną odpowiedzialnością",Wielopole Skrzyńskie 641a,Wielopole Skrzyńskie,39-110,"powiat ropczycko-sędziszowski,Subcarpathian Voivodeship",Poland,RM,CP SH,Y,bovine porcine,CP - Cutting Plant | SH - Slaughterhouse,,
30070203,"Przedsiębiorstwo Produkcyjno - Handlowe ""Polskie Mięso"" Krążyński spółka jawna",Końska Wieś 13,Końska Wieś,62-872,"powiat kaliski,Greater Poland Voivodeship",Poland,RM,CP SH,Y,porcine,CP - Cutting Plant | SH - Slaughterhouse,,
30280301,Przedsiębiorstwo Produkcyjno - Handlowo - Usługowe BRONEX Łukaszewska & Królczyk Spółka Jawna,ul. ks. Mrotka 6,Gołańcz,62-130,"powiat wągrowiecki,Greater Poland Voivodeship",Poland,RM,CP,N,porcine bovine,CP - Cutting Plant,,
PL24014205WE,"Przedsiębiorstwo Produkcyjno - Handlowo - Usługowe, Włodzimierz Kowalczyk",ul. Topolowa 38,Najdziszów,42-460,"powiat będziński,Silesian Voivodeship",Poland,RM,CP,N,bovine porcine,CP - Cutting Plant,,
PL24014204WE,Przedsiębiorstwo Produkcyjno - Usługowo - Handlowe Monika Nuckowska,"ul. Podleśna 11, Żelisławice",Siewierz,42-470,"powiat będziński,Silesian Voivodeship",Poland,RM,CP,N,bovine porcine,CP - Cutting Plant,,
24094201,"Przedsiębiorstwo Produkcyjno Handlowe RYSIEK Spółka Jawna S. Pokwap, B. Pokwap w Żelisławicach, 42-470 Siewierz, Żelisławice ul. Goplana 69, Zakład Rozbioru Mięsa Oddział w Myszkowie",ul. Waryńskiego 4,Myszków,42-300,"powiat myszkowski,Silesian Voivodeship",Poland,RM,CP,N,bovine porcine,CP - Cutting Plant,,
14090201,"Przedsiębiorstwo Produkcyjno Handlowo Usługowe ""PUBLIMA"" Lichota & Lichota Spółka Komandytowa",ul. Spacerowa 45 B,Lipsko,27-300,"powiat lipski,Masovian Voivodeship",Poland,RM,CP SH,Y,porcine bovine,CP - Cutting Plant | SH - Slaughterhouse,,
30130210,Przedsiębiorstwo Produkcyjno Handlowo Usługowe JOHN Paweł John,Grotniki ul. Źródlana 5,Włoszakowice,64-140,"powiat leszczyński,Greater Poland Voivodeship",Poland,RM,CP SH,Y,porcine bovine,CP - Cutting Plant | SH - Slaughterhouse,,
24090102,Przedsiębiorstwo Produkcyjno Handlowo Usługowe Włodzimierz Kowalczyk,Koziegłówki ul. Myszkowska 54A,"Koziegłowy, Silesian Voivodeship",42-350,"powiat myszkowski,Silesian Voivodeship",Poland,RM,SH,Y,,SH - Slaughterhouse,,
PL20090102,Przedsiębiorstwo Produkcyjno- Usługowo- Handlowe LAIT Urszula Sójka,Puńsk Wieś 17,Puńsk,16-515,"powiat sejneński,Podlaskie Voivodeship",Poland,RM,SH,Y,bovine,SH - Slaughterhouse,,
30183805,"Przedsiębiorstwo Produkcyjno-Handlowo-Usługowe ""Mark's"" Spółka z ograniczoną odpowiedzialnością.",Muchy 36A,Muchy,63-524,"powiat ostrzeszowski,Greater Poland Voivodeship",Poland,RM,CP SH,Y,bovine,CP - Cutting Plant | SH - Slaughterhouse,,
10100229,Przedsiębiorstwo Produkcyjno-Handlowo-Usługowe Robert Sztajnert,"Łęki Szlacheckie 10A, 97-352 Łęki Szlacheckie",Łęki Szlacheckie,97-352,"powiat piotrkowski,Łódź Voivodeship",Poland,RM,SH,Y,porcine,SH - Slaughterhouse,,
06190301,Przedsiębiorstwo Produkcyjno-Handlowo-Usługowe „Gramar” Sp. z o.o. Zakład Mięsny,Żołnierzy WiN 20,Włodawa,22-200,"powiat włodawski,Lublin Voivodeship",Poland,RM,CP,N,bovine porcine,CP - Cutting Plant,,
24043802,Przedsiębiorstwo Produkcyjno-Usługowo-Handlowe Henryk Kowalczyk,"Bargły, ul. Śląska 95",Poczesna,42-262,"powiat częstochowski,Silesian Voivodeship",Poland,RM,CP SH,Y,,CP - Cutting Plant | SH - Slaughterhouse,,
04104201,Przedsiębiorstwo Produkcyjno-Usługowo-Handlowe IRC Czupryńsy Spółka Jawna,ul. Staszica 27 c,Nakło nad Notecią,89-100,"powiat nakielski,Kuyavian-Pomeranian Voivodeship",Poland,RM,CP,N,,CP - Cutting Plant,,
04060304,Przedsiębiorstwo Przemysłu Mięsnego Tadeusz Górski,Marusza 3,Marusza,86-302,"powiat grudziądzki,Kuyavian-Pomeranian Voivodeship",Poland,RM,CP,N,,CP - Cutting Plant,,
18030309,Przedsiębiorstwo Przemysłu Mięsnego Taurus Sp. z o.o.,ul. Legionów 58,Pilzno,39-220,"powiat dębicki,Subcarpathian Voivodeship",Poland,RM,CP,N,bovine porcine,CP - Cutting Plant,,
30110101,Przedsiębiorstwo Przetwórstwa Mięsnego Firma Marcinkowscy Sp. z o.o. 64-010 Krzywiń Zbęchy Pole 8,Nowy Dwór 67,Krzywiń,64-010,"powiat kościański,Greater Poland Voivodeship",Poland,RM,SH,Y,porcine,SH - Slaughterhouse,,
30220104,"Przedsiębiorstwo Wielobranżowe ""AK"" Andrzej Kieliszkowski",Rogożewo 63a,Jutrosin,63-930,"powiat rawicki,Greater Poland Voivodeship",Poland,RM,SH,Y,porcine,SH - Slaughterhouse,,
PL24690321WE,"Przedsiębiorstwo Wielobranżowe ""Arad"" Wołczyk, Szpak Spółka Jawna",ul. Ociepki 17,Katowice,40-375,"Katowice,Silesian Voivodeship",Poland,RM,CP,N,,CP - Cutting Plant,,
04064201,"Przedsiębiorstwo Wielobranżowe Chłodnia Mokre s. c. Tadeusz Jastrzębski, Paweł Kapusta",ul. Bursztynowa 38,Mokre,86-302,"powiat grudziądzki,Kuyavian-Pomeranian Voivodeship",Poland,RM,CP,N,,CP - Cutting Plant,,
26610303,Przetwórnia Mięsa KAMIŃSKI Spółka z ograniczoną odpowiedzialnością Sp.K.,ul. Otrocz 13,Kielce,25-332,"Kielce,Świętokrzyskie Voivodeship",Poland,RM,CP,N,bovine porcine,CP - Cutting Plant,,
22150310,Przetwórstwo Mięsa Konkol Sp. z o.o.,ul. Gdańska 6,Kębłowo,84-242,"powiat wejherowski,Pomeranian Voivodeship",Poland,RM,CP,N,,CP - Cutting Plant,,
30180202,"Przetwórstwo Mięsa Stek- Pol Jacek Stempniewicz, Michalina Stempniewicz Spółka Jawna",Grabów Pustkowie 10A,Grabów nad Prosną,63-520,"powiat ostrzeszowski,Greater Poland Voivodeship",Poland,RM,CP SH,Y,porcine bovine,CP - Cutting Plant | SH - Slaughterhouse,,
12060221,"Przetwórstwo Mięsne ""Płatek"" Spółka Jawna","32-060 Liszki, ul. Szlachecka 161",Liszki,32-060,"powiat krakowski,Lesser Poland Voivodeship",Poland,RM,SH,Y,,SH - Slaughterhouse,,
10620307,"Przetwórstwo Mięsne ""ZAŁOGA"" Spółka jawna","Piotrków Trybunalski, ul. Nowowiejska 36, 97-300 Piotrków Trybunalski",Piotrków Trybunalski,97-300,"Piotrków Trybunalski,Łódź Voivodeship",Poland,RM,CP,N,bovine porcine,CP - Cutting Plant,,
22010203,Przetwórstwo Mięsne ZIEGERT Anastazja Ziegert,Rokiciny 20,Czarna Dąbrówka,77-116,"powiat bytowski,Pomeranian Voivodeship",Poland,RM,CP SH,Y,,CP - Cutting Plant | SH - Slaughterhouse,,
10170301,Przetwórstwo Mięsno - Wędliniarskie Jacek Podgórniak,Felinów 8A,Felinów,98-320,"powiat wieluński,Łódź Voivodeship",Poland,RM,CP,N,bovine porcine,CP - Cutting Plant,,
06634301,Publimar Marek Pińkowski Spółka Komandytowa,ul. Związkowa 10; 20-148 Lublin,Lublin,20-035,"Lublin,Lublin Voivodeship",Poland,RM,CP,N,porcine,CP - Cutting Plant,,
PL32073801,Punkt Uboju S.C. Zabielscy,Jarszewo 14,Jarszewo,72-400,"powiat kamieński,West Pomeranian Voivodeship",Poland,RM,CP SH,Y,porcine bovine,CP - Cutting Plant | SH - Slaughterhouse,,
18030110,"Punkt Uboju Zwierząt Rzeźnych Piotr Rogus, Janusz Dydo Spółka Jawna",Wola Wielka 37,Straszęcin,39-218,"powiat dębicki,Subcarpathian Voivodeship",Poland,RM,SH,Y,porcine,SH - Slaughterhouse,,
20080101,RBS Sp. z o.o.,"ul.Kilinskiego 6, Mońki",Mońki,19-100,"powiat moniecki,Podlaskie Voivodeship",Poland,RM,SH CP,Y,porcine,SH - Slaughterhouse | CP - Cutting Plant,,
12144301,ROBERT BIERNAT HURTOWNIA DROBIU I WĘDLIN Zakład Rozbioru i Dystrybucji Mięsa i Wędlin,Łaganów 85 32-100 Proszowice,Proszowice,32-100,"powiat proszowicki,Lesser Poland Voivodeship",Poland,RM,CP,N,,CP - Cutting Plant,,
14124201,ROBMAR Robert Bogucki,ul. Łąkowa 10,Mińsk Mazowiecki,05-300,"powiat miński,Masovian Voivodeship",Poland,RM,CP,N,porcine bovine,CP - Cutting Plant,,
10180309,ROL - GAZ W.K.Świerczyński Sp.J. 98 - 300 Wieluń ul. Flabryczna 41 Zakład Przetwórstwa Mięsnego,Brzozowiec 2A,Lututów,98-360,"powiat wieruszowski,Łódź Voivodeship",Poland,RM,CP,N,,CP - Cutting Plant,,
12160201,"ROLMIĘS Baniak, Kras Spółka jawna",ul. Krynicka 7,Ciężkowice,33-190,"powiat tarnowski,Lesser Poland Voivodeship",Poland,RM,CP SH,Y,bovine porcine,CP - Cutting Plant | SH - Slaughterhouse,,
12034203,ROSSO Spółka z ograniczoną odpowiedzialnością,ul. Płocka 83,Myślachowice,32-543,"powiat chrzanowski,Lesser Poland Voivodeship",Poland,RM,CP,N,,CP - Cutting Plant,,
PL24054201WE,ROZBIÓR I HURT MIĘSA ZWIERZĄT RZEŹNYCH MARCIN SZYMURA,ul. Górnicza 2a,Stanica,44-145,"Gliwice County,Silesian Voivodeship",Poland,RM,CP,N,porcine,CP - Cutting Plant,,
08053602,"RSP ""Nowa Wieś""","Golice, 69-100 Słubice, ul Wodna 1",Golice,69-100,"powiat słubicki,Lubusz Voivodeship",Poland,RM,SH,Y,,SH - Slaughterhouse,,
PL24080202WE,"RSP ""PRZEŁOM""",ul. Ks.Górka 144,Mikołów,43-196,"powiat mikołowski,Silesian Voivodeship",Poland,RM,SH CP,Y,porcine,SH - Slaughterhouse | CP - Cutting Plant,,
14180103,"Radosław Łuczak ""MEAT-FARM""","Stefanowo, ul. Urocza 8",Wólka Kosowska,05-552,"powiat piaseczyński,Masovian Voivodeship",Poland,RM,SH,Y,caprine ovine,SH - Slaughterhouse,,
24114202,Rancho s.c.,ul. Ogrodowa 23,Bieńkowice,47-451,"Racibórz County,Silesian Voivodeship",Poland,RM,CP,N,,CP - Cutting Plant,,
10204301,"Real Food Poland Sp. z o.o.00-105 Warszawa, ul. Twarda 18",ul. Południowa 22,Swędów,95-010,"powiat zgierski,Łódź Voivodeship",Poland,RM,CP,N,,CP - Cutting Plant,,
08040202,Rolnicza Spółdzielnia Produkcyjna Przyszłość w Rejowie,"Rejów 39, 67-124 Nowe Miasteczko",Rejów,67-124,"powiat nowosolski,Lubusz Voivodeship",Poland,RM,CP SH,Y,,CP - Cutting Plant | SH - Slaughterhouse,,
06060201,Rolnicza Spółdzielnia Produkcyjna w Zagrodzie,Zagroda 135,Siennica Różana,22-304,"powiat krasnostawski,Lublin Voivodeship",Poland,RM,CP SH,Y,porcine,CP - Cutting Plant | SH - Slaughterhouse,,
30240204,Rolniczy Kombinat Spółdzielczy im. Ludowego Lotnictwa Polskiego w Wilczynie Zakład Masarski Podrzewie,64-541 Podrzewie,Podrzewie,64-541,"powiat szamotulski,Greater Poland Voivodeship",Poland,RM,CP SH,Y,porcine bovine,CP - Cutting Plant | SH - Slaughterhouse,,
10200112,Roman Kłębik,"Karnków 30, 95-015 Głowno",Karnków,95-015,"powiat zgierski,Łódź Voivodeship",Poland,RM,SH,Y,,SH - Slaughterhouse,,
10183803,Ryszard Walczak - UBOJNIA ZWIERZĄT RZEŹNYCH SKUP I SPRZEDAŻ EKSPORT - IMPORT,ul. Marii Konopnickiej 48,Galewice,98-405,"powiat wieruszowski,Łódź Voivodeship",Poland,RM,CP SH,Y,,CP - Cutting Plant | SH - Slaughterhouse,,
22050118,Rzeźnia - Jan Sychta,"ul. Jaśminowa 3, 83-334 Miechucino",Miechucino,83-334,"powiat kartuski,Pomeranian Voivodeship",Poland,RM,SH,Y,porcine bovine,SH - Slaughterhouse,,
22163801,Rzeźnia Andrzej Parafiniuk,ul. Polna 2,Sztum,82-400,"powiat sztumski,Pomeranian Voivodeship",Poland,RM,SH,Y,,SH - Slaughterhouse,,
PL14380101WE,Rzeźnia Kazimierz Kuran,ul. Ks.J. Poniatowskiego 34,Mszczonów,96-320,"Żyrardów County,Masovian Voivodeship",Poland,RM,SH,Y,porcine,SH - Slaughterhouse,,
22050131,Rzeźnia MIĘSPOL Społka z ograniczoną odpowiedzialnością spółka komandytowa,"Żuromino 250, 83-323 Kamienica Szlachecka",Żuromino,83-322,"powiat kartuski,Pomeranian Voivodeship",Poland,RM,SH,Y,porcine bovine,SH - Slaughterhouse,,
30123801,Rzeźnia Mróz Sp. z o.o.,Borzęciczki 29a,Borzęciczki,63-720,"powiat krotoszyński,Greater Poland Voivodeship",Poland,RM,CP SH,Y,porcine,CP - Cutting Plant | SH - Slaughterhouse,,
28133605,Rzeźnia Rolnicza DZIKIELEWSCY,Łęgowo 22A,Olecko,19-400,"powiat olecki,Warmian-Masurian Voivodeship",Poland,RM,SH CP,Y,,SH - Slaughterhouse | CP - Cutting Plant,,
14143802,"Rzeźnia Trzody Chlewnej Rozbiór i Sprzedaż Mięsa s.c. Sławomir Bielecki, Adam Bielecki",ul. Przemysłowa 23,Nasielsk,05-190,"powiat nowodworski,Masovian Voivodeship",Poland,RM,SH CP,Y,,SH - Slaughterhouse | CP - Cutting Plant,,
20140103,"Rzeźnia Trzody Gołaszewska, Duchnowski spółka jawna",ul. Zawadzka 66,Rutki-Kossaki,18-312,"powiat zambrowski,Podlaskie Voivodeship",Poland,RM,SH,Y,,SH - Slaughterhouse,,
30100205,Rzeźnictwo - Wędliniarstwo - Handel Stanisław Ziemniarski,Dobrosołowo 7A,Kazimierz Biskupi,62-530,"powiat koniński,Greater Poland Voivodeship",Poland,RM,SH CP,Y,porcine,SH - Slaughterhouse | CP - Cutting Plant,,
PL24120306,Rzeźnictwo - Wędliniarstwo Andrzej Nowak i Spółka Spółka Jawna,ul. Polna 1,Jejkowice,44-290,"powiat rybnicki,Silesian Voivodeship",Poland,RM,CP,N,bovine porcine,CP - Cutting Plant,,
PL24730212,"Rzeźnictwo - Wędliniarstwo S.C. Woźniczka Antoni, Woźniczka Maria, Woźniczka - Fojcik Ewa",ul. Wolna 159,Rybnik,44-210,"Rybnik,Silesian Voivodeship",Poland,RM,CP SH,Y,bovine porcine caprine ovine,CP - Cutting Plant | SH - Slaughterhouse,,
30110203,Rzeźnictwo - Wędliniarstwo Zbigniew Domagała,Turew ul. Szkolna 33,Kościan,64-000,"powiat kościański,Greater Poland Voivodeship",Poland,RM,CP SH,Y,porcine,CP - Cutting Plant | SH - Slaughterhouse,,
30190304,Rzeźnictwo - Wędliniarstwo Zenon Daleszyński,ul. Pilska 4/6,Ujście,64-850,"powiat pilski,Greater Poland Voivodeship",Poland,RM,CP,N,porcine,CP - Cutting Plant,,
30140205,Rzeźnictwo Wędliniarstwo Tomasz Lubik,Góra 46,Sieraków,64-410,"powiat międzychodzki,Greater Poland Voivodeship",Poland,RM,CP SH,Y,,CP - Cutting Plant | SH - Slaughterhouse,,
08080304,"Rzeźnictwo Zyguła Zbąszynek Sp. z o.o., Sp. K.",ul. Czarna Droga 9,Zbąszynek,66-210,"powiat świebodziński,Lubusz Voivodeship",Poland,RM,CP,N,porcine bovine,CP - Cutting Plant,,
10040202,Rzeźnictwo i Wędliniarstwo Franciszek Dariusz Niciak,Leźnica Mała 54A,Łęczyca,99-100,"powiat łęczycki,Łódź Voivodeship",Poland,RM,CP SH,Y,porcine bovine,CP - Cutting Plant | SH - Slaughterhouse,,
30060305,Rzeźnictwo i Wędliniarstwo Genowefa Frątczak & Justyna Szulc Spółka Jawna,ul. Wiślana 17,Jarocin,63-230,"powiat jarociński,Greater Poland Voivodeship",Poland,RM,CP,N,,CP - Cutting Plant,,
24164201,Rzeźnictwo i Wędliniarstwo J. A. Słowik Sp. j.,"Sławniów, ul. Długa 45","Pilica, Silesian Voivodeship",42-436,"powiat zawierciański,Silesian Voivodeship",Poland,RM,CP,N,porcine bovine,CP - Cutting Plant,,
30267204,Rzeźnictwo i Wędliniarstwo Jacek Ciachowski,ul. Pl. Wyzwolenia 22/1,Dolsk,63-140,"powiat śremski,Greater Poland Voivodeship",Poland,RM,CP,N,bovine porcine,CP - Cutting Plant,,
30030304,Rzeźnictwo i Wędliniarstwo Leszek Michalak,ul. Elizy Orzeszkowej 17,Czerniejewo,62-250,"powiat gnieźnieński,Greater Poland Voivodeship",Poland,RM,CP,N,bovine porcine,CP - Cutting Plant,,
30267202,"Rzeźnictwo i Wędliniarstwo s.c. ""RZEPKA""",ul. Wyszyńskiego 7,Śrem,63-100,"powiat śremski,Greater Poland Voivodeship",Poland,RM,CP,N,,CP - Cutting Plant,,
PL32030202,Rzeźnictwo i wędliniarstwo Janusz Niedzwiedź Sprzedaż hurtowa,ul. Gdańska 11,Kalisz Pomorski,78-540,"powiat drawski,West Pomeranian Voivodeship",Poland,RM,CP,N,porcine bovine,CP - Cutting Plant,,
10010202,Rzeźnictwo- Wędliniarstwo Dominik Marczak,"Dobrzelów 4, 97-400 Bełchatów",Dobrzelów,97-400,"powiat bełchatowski,Łódź Voivodeship",Poland,RM,CP SH,Y,,CP - Cutting Plant | SH - Slaughterhouse,,
12123803,SAPIECHOWSCY Spółka z ograniczoną odpowiedzialnością,Wierzchowisko 66G,Wolbrom,32-340,"powiat olkuski,Lesser Poland Voivodeship",Poland,RM,SH CP,Y,bovine porcine,SH - Slaughterhouse | CP - Cutting Plant,,
14153803,"SBS Spółka z ograniczoną odpowiedzialnością z siedzibą w Tykocinie, 16-080 Tykocin, Pl. Czarnieckiego 12",ul. Trasa Mazurska 44,Kadzidło,07-420,"powiat ostrołęcki,Masovian Voivodeship",Poland,RM,CP SH,Y,bovine,CP - Cutting Plant | SH - Slaughterhouse,,
24070216,SEGETH Spółka jawna J. Segeth - Jaworek,ul. Zjednoczenia 8a,Ciasna,42-793,"powiat lubliniecki,Silesian Voivodeship",Poland,RM,CP SH,Y,bovine porcine,CP - Cutting Plant | SH - Slaughterhouse,,
30180305,SEZAM Bartosz Jędrzejak,Przytocznica 9,Doruchów,63-505,"powiat ostrzeszowski,Greater Poland Voivodeship",Poland,RM,CP,N,bovine porcine,CP - Cutting Plant,,
30090107,SIMO MEATS POLSKA Sp. z o.o.,Tarnówka 13,Dąbie,62-660,"powiat kolski,Greater Poland Voivodeship",Poland,RM,SH,Y,bovine,SH - Slaughterhouse,,
10063801,SKUP I UBÓJ BYDŁA Jan Gorzkiewicz,Bronisin Dworski ul. Granitowa 36,Rzgów,95-030,"County Lodzki,Łódź Voivodeship",Poland,RM,SH CP,Y,bovine,SH - Slaughterhouse | CP - Cutting Plant,,
30090304,SKUP UBÓJ PRZETWÓRSTWO MIĘSA SUPMIĘS - KALINOWSKI & KALINOWSKA SPÓŁKA JAWNA,ul. Zielona 2,Babiak,62-620,"powiat kolski,Greater Poland Voivodeship",Poland,RM,CP,N,bovine porcine,CP - Cutting Plant,,
14060106,"SKUP-UBÓJ Waldemar Wiśniewski, Leszek Wiśniewski spółka cywilna",ul. Tuwima 4,Warka,05-660,"powiat grójecki,Masovian Voivodeship",Poland,RM,SH,Y,,SH - Slaughterhouse,,
10041101,SNS FOODS Sp.z o.o.,Walew 29,Daszyna,99-107,"powiat łęczycki,Łódź Voivodeship",Poland,RM,CP,N,bovine ovine porcine,CP - Cutting Plant,,
06090302,SOL - POL Ludomir Jan Sołdaj,Bogucin 103 ; 21-080 Garbów,Garbów,21-080,"powiat lubelski,Lublin Voivodeship",Poland,RM,CP,N,porcine bovine,CP - Cutting Plant,,
20023806,"STANDARD Irena Jakim, Leszek Jakim, Spółka Jawna","Piećki 2, 16-106 Turośń Kościelna",Piećki,18-106,"powiat białostocki,Podlaskie Voivodeship",Poland,RM,CP SH,Y,,CP - Cutting Plant | SH - Slaughterhouse,,
06050203,STANPOL Sp. z o.o.,Zdziłowice Czwarte 54,Godziszów,23-302,"powiat janowski,Lublin Voivodeship",Poland,RM,CP SH,Y,bovine porcine,CP - Cutting Plant | SH - Slaughterhouse,,
14184201,"SUBUN Zakład Rozbioru i Przetwórstwa Mięsa G. Buczek, R. Surała sp.j.",Wincentów 55,Góra Kalwaria,05-530,"powiat piaseczyński,Masovian Voivodeship",Poland,RM,CP,N,bovine porcine,CP - Cutting Plant,,
12060345,"SUCHAN Zakład Mięsny Sp. Jawna - Barbara Suchan, Kazimierz Suchan","32-070 Zagacie, ul. Łączna 23",Zagacie,32-070,"powiat krakowski,Lesser Poland Voivodeship",Poland,RM,CP,N,,CP - Cutting Plant,,
PL28140313,SUPER SMAK Sp. z o.o.,ul. M. Konopnickiej 7A,Jeziorany,11-320,"powiat olsztyński,Warmian-Masurian Voivodeship",Poland,RM,CP,N,porcine,CP - Cutting Plant,,
30050304,SZAJEK Sp. z o.o.,ul. Poznańska 50B,Granowo,62-066,"powiat grodziski,Greater Poland Voivodeship",Poland,RM,CP,N,porcine,CP - Cutting Plant,,
06050101,Skup - Ubój - Stanisław Jakubiec i s - ka,Ruda 229,Janów Lubelski,23-300,"powiat janowski,Lublin Voivodeship",Poland,RM,SH,Y,bovine,SH - Slaughterhouse,,
22043801,Skup Inwentarza Żywego Sprzedaż Tusz Zwierzęcych Tadeusz Jankowski,Brzozowa 16,Rusocin,83-031,"powiat gdański,Pomeranian Voivodeship",Poland,RM,CP SH,Y,bovine caprine ovine,CP - Cutting Plant | SH - Slaughterhouse,,
14203809,Skup Ubój Żywca i Sprzedaż Mięsa Wanda Wołowiec,Krajkowo 3,Raciąż,09-140,"powiat płoński,Masovian Voivodeship",Poland,RM,CP SH,Y,,CP - Cutting Plant | SH - Slaughterhouse,,
22010101,Skup Zwierząt i Ubój s.c. Dorota i Zenon Golińscy,Sątoczno 3,Lipnica,77-130,"powiat bytowski,Pomeranian Voivodeship",Poland,RM,SH,Y,,SH - Slaughterhouse,,
18030111,"Skup i Sprzedaż Zwierząt Rzeźnych, Ubój Cieląt Roman Tragarz",Podlesie 19,Łęki Górne,39-221,"powiat dębicki,Subcarpathian Voivodeship",Poland,RM,SH,Y,bovine,SH - Slaughterhouse,,
10063803,"Skup i Ubój Bydła ,Sprzedaż Mięsa ""MIT - POL"" Andrzej Adamczyk, Adrian Adamczyk s.c. Benedykt Świątek, Andrzej Adamczyk",Tadzin 2,Rzgów,95-030,"County Lodzki,Łódź Voivodeship",Poland,RM,CP SH,Y,bovine,CP - Cutting Plant | SH - Slaughterhouse,,
PL24010128WE,"Skup i Ubój Bydła Rzeźnego Danuta Walo 42-470 Siewierz, Brudzowice Głowna 38",ul. Główna 38,Brudzowice,42-470,"powiat będziński,Silesian Voivodeship",Poland,RM,SH,Y,bovine,SH - Slaughterhouse,,
PL10160102WE,Skup i Ubój Zwierząt Rzeźnych Grażyna Milczarek,"Dębniak 29, 97-217 Lubochnia",Lubochnia,97-217,"powiat tomaszowski,Łódź Voivodeship",Poland,RM,SH,Y,porcine,SH - Slaughterhouse,,
10200118,Skup i Ubój Zwierząt Rzeźnych Jan Dałek,Mąkolice 38,Mąkolice,95-015,"powiat zgierski,Łódź Voivodeship",Poland,RM,SH,Y,,SH - Slaughterhouse,,
28070103,Skup i Ubój Zwierząt Rzeźnych KĄSEK Bogdana Kwiatkowska i Zdzisław Kwiatkowski spółka jawna w Kisielicach,ul. Kolejowa 2a,Kisielice,14-220,"powiat iławski,Warmian-Masurian Voivodeship",Poland,RM,SH,Y,,SH - Slaughterhouse,,
PL24010123WE,"Skup i Ubój Zwierząt Rzeźnych Zdzisław Machura 42-470 Siewierz, Brudzowice Główna 67",ul. Główna 67,Brudzowice,42-470,"powiat będziński,Silesian Voivodeship",Poland,RM,SH,Y,bovine,SH - Slaughterhouse,,
10200128,Skup i Ubój Zwierząt Rzeźnych oraz Sprzedaż Mięsa Danuta Siuta,"Niesułków 8A, 95-010 Stryków",Niesułków,95-010,"powiat zgierski,Łódź Voivodeship",Poland,RM,SH,Y,,SH - Slaughterhouse,,
10093801,"Skup i Ubój Zwierząt Rzeźnych, Sprzedaż Mięsa Leszek Wroński",Dębowiec Mały 102,Dębowiec Mały,98-337,"powiat pajęczański,Łódź Voivodeship",Poland,RM,CP SH,Y,,CP - Cutting Plant | SH - Slaughterhouse,,
PL04020205,"Skup i Ubój Zwierząt oraz Przetwórstwo, Handel i Usługi Przybysz Kazimierz",Świedziebnia 101a,Świedziebnia,87-335,"powiat brodnicki,Kuyavian-Pomeranian Voivodeship",Poland,RM,CP SH,Y,porcine,CP - Cutting Plant | SH - Slaughterhouse,,
10200126,"Skup i sprzedaż zwierząt, ubój oraz sprzedaż mięsa Daniel Pietrasiak","Lipka 1, 95-010 Stryków",Lipka,95-010,"powiat zgierski,Łódź Voivodeship",Poland,RM,SH,Y,,SH - Slaughterhouse,,
10200132,"Skup i transport zwierząt rzeźnych, Sprzedaż mięsa Józef Komorowski","95-015 Głowno, Mąkolice I 28",Mąkolice,95-015,"powiat zgierski,Łódź Voivodeship",Poland,RM,SH,Y,,SH - Slaughterhouse,,
10200110,Skup i ubój żywca s.c. Tadeusz Kozłowski & Kazimiera Kozłowska,Ruda Bugaj 31,Aleksandrów Łódzki,95-070,"powiat zgierski,Łódź Voivodeship",Poland,RM,SH,Y,,SH - Slaughterhouse,,
WNI 14170213,"Skup Żywca i Sprzedaż Półtusz, Handel Mięsem i Wyrobami Mięsnymi Marek Mazek",Lubice 63,Kołbiel,05-340,"powiat otwocki,Masovian Voivodeship",Poland,RM,CP SH,Y,bovine caprine ovine porcine,CP - Cutting Plant | SH - Slaughterhouse,,
PL14383804WE,"Skup, Sprzedaż, Ubój Żywca s.c Stanisław Frączkiewicz i Synowie",Starowiskitki Parcel 2,Wiskitki,96-315,"Żyrardów County,Masovian Voivodeship",Poland,RM,CP SH,Y,,CP - Cutting Plant | SH - Slaughterhouse,,
10200131,"Skup, ubój i sprzedaż zwierząt rzeźnych, Handel mięsem Eligiusz Ciołek","Niesułków 7, 95-010 Stryków",Niesułków,95-010,"powiat zgierski,Łódź Voivodeship",Poland,RM,SH,Y,,SH - Slaughterhouse,,
PL14383803WE,"Skup,Ubój,Sprzedaż Mięsa, Usługi z zakresu uboju zwierząt rzeźnych, Danuta Zdzieszyńska","Wymysłów, ul. Piekarska 16, 96-320 Mszczonów",Mszczonów,96-320,"Żyrardów County,Masovian Voivodeship",Poland,RM,CP SH,Y,bovine porcine,CP - Cutting Plant | SH - Slaughterhouse,,
14160304,Skłodowscy Sp. z o.o.,Nienałty Szymany 11,Zaręby Kościelne,07-323,"powiat ostrowski,Masovian Voivodeship",Poland,RM,CP,N,,CP - Cutting Plant,,
20080304,"Skłodowscy Sp.z o.o. Ul. Pl. Stefana Czarnieckiego 12, 16-080 Tykocin, Zakład w Krypnie Krypno Kościelne 21 A, 19-111 Krypno Kościelne",Krypno Kościelne 21 A,Krypno Kościelne,19-111,"powiat moniecki,Podlaskie Voivodeship",Poland,RM,CP,N,,CP - Cutting Plant,,
12130304,Smaki Podolsza Spółka z ograniczoną odpowiedzialnością,"ul. Św. Jana 2, Podolsze, 32-640 Zator",Podolsze,32-640,"powiat oświęcimski,Lesser Poland Voivodeship",Poland,RM,CP,N,,CP - Cutting Plant,,
14030202,SmakiGarwolina Arkadiusz Wiśnicki,ul. Wiejska 19,Garwolin,08-400,"powiat garwoliński,Masovian Voivodeship",Poland,RM,CP SH,Y,,CP - Cutting Plant | SH - Slaughterhouse,,
18050306,Smakmięs Zakład Przetwórstwa Mięsnego Spółka z ograniczoną odpowiedzialnością,ul.Młynarska 3 A,Jasło,38-200,"powiat jasielski,Subcarpathian Voivodeship",Poland,RM,CP,N,bovine porcine,CP - Cutting Plant,,
04140316,Sokołów S.A.,ul.Dworcowa 8A,Osie,86-150,"powiat świecki,Kuyavian-Pomeranian Voivodeship",Poland,RM,CP,N,porcine,CP - Cutting Plant,,
12630215,Sokołów S.A. Oddział w Tarnowie,Klikowska101,Tarnów,33-102,"Tarnów,Lesser Poland Voivodeship",Poland,RM,CP SH,Y,,CP - Cutting Plant | SH - Slaughterhouse,,
04160101,Społem PSS Rzeźnia,ul. Nowodworskiego 30,Tuchola,89-500,"powiat tucholski,Kuyavian-Pomeranian Voivodeship",Poland,RM,SH,Y,,SH - Slaughterhouse,,
PL12010302WE,"Społem PSS w Bochni, ul. Karosek 25 , 32 - 700 Bochnia Zakład Produkcji Masarskiej",Ul. Partyzantów 1,Bochnia,32-720,"powiat bocheński,Lesser Poland Voivodeship",Poland,RM,CP,N,porcine,CP - Cutting Plant,,
32140207,Spółdzielcza Agrofirma Witkowo,Witkowo Pierwsze ul. Papieża Jana Pawła II 4,Stargard,73-102,"powiat stargardzki,West Pomeranian Voivodeship",Poland,RM,CP SH,Y,bovine porcine,CP - Cutting Plant | SH - Slaughterhouse,,
06073601,Spółdzielnia Rolniczo-Handlowa Jutrzenka,ul. Kościuszki 15,Zakrzówek,23-213,"powiat kraśnicki,Lublin Voivodeship",Poland,RM,CP SH,Y,porcine,CP - Cutting Plant | SH - Slaughterhouse,,
22140202,St. Rąbała Sp. z o.o.,Bielawki 6,Pelplin,83-130,"powiat tczewski,Pomeranian Voivodeship",Poland,RM,CP SH,Y,,CP - Cutting Plant | SH - Slaughterhouse,,
14110110,"Stanisław Drążek, Halina Drążek s.c Zakład Ubojowy "" Kortex""","Chrzanowo 32, 06-225 Rzewnie",Chrzanowo,06-225,"powiat makowski,Masovian Voivodeship",Poland,RM,SH,Y,bovine porcine,SH - Slaughterhouse,,
28070102,Stanisław Kowalkowski Ubojnia zwierząt gospodarskich,Fijewo 53,Fijewo,14-260,"powiat iławski,Warmian-Masurian Voivodeship",Poland,RM,SH,Y,,SH - Slaughterhouse,,
18190602,Stara Wędzarnia Marcin Januszczak,ul. Józefa Wybickiego 36,Frysztak,38-130,"powiat strzyżowski,Subcarpathian Voivodeship",Poland,RM,CP,N,,CP - Cutting Plant,,
PL14040202,Staropolska Masarnia Sp. z o.o.,ul. Brzozowa 1,Gostynin,09-500,"powiat gostyniński,Masovian Voivodeship",Poland,RM,CP SH,Y,porcine,CP - Cutting Plant | SH - Slaughterhouse,,
10174001,Strzała Sp. z o.o.,Mokrsko 341A,Mokrsko,98-345,"powiat wieluński,Łódź Voivodeship",Poland,RM,CP,N,bovine porcine,CP - Cutting Plant,,
PL10160305WE,Szewczyk Katarzyna P.P.H.U. ADRIAN Przetwórstwo Mięsne,97-226 Żelechlinek ul. H. Sienkiewicza 5,Żelechlinek,97-226,"powiat tomaszowski,Łódź Voivodeship",Poland,RM,CP,N,porcine,CP - Cutting Plant,,
30180204,Szwagros Masarstwo-Wedliniarstwo Spółka z ograniczoną odpowiedzialnością,Słoneczna 11,Kraszewice,63-522,"powiat ostrzeszowski,Greater Poland Voivodeship",Poland,RM,CP SH,Y,bovine porcine,CP - Cutting Plant | SH - Slaughterhouse,,
10064201,TAROT Stanisław Śpiewak,Starowa Góra ul. Futrynowa 10,Rzgów,95-030,"County Lodzki,Łódź Voivodeship",Poland,RM,CP,N,bovine porcine,CP - Cutting Plant,,
22050112,TETRAGON Sp. z o.o.,ul. Rzemieślnicza 6,Stężyca,83-322,"powiat kartuski,Pomeranian Voivodeship",Poland,RM,SH,Y,bovine porcine,SH - Slaughterhouse,,
08123801,TG NOVA SP. Z O.O.,ul. Przemysłowa 6,Sława,67-410,"powiat wschowski,Lubusz Voivodeship",Poland,RM,CP SH,Y,porcine,CP - Cutting Plant | SH - Slaughterhouse,,
WNI 14630330,TRANSGOURMET POLSKA SPÓŁKA Z OGRANICZONĄ ODPOWIEDZIALNOŚCIĄ,UL. CZARNIECKIEGO 112/116,Radom,26-600,"Radom,Masovian Voivodeship",Poland,RM,CP,N,bovine ovine caprine porcine,CP - Cutting Plant,,
226103016,"TRANSGOURMET POLSKA Spółka z ograniczoną odpowiedzialnością 61 - 131 Poznań ul.Zamenhofa 133, Dział Mięsny Hala Selgros Cash&Carry",80-299 Gdańsk ul. Wodnika 79,Gdańsk,80-299,"Gdańsk,Pomeranian Voivodeship",Poland,RM,CP,N,bovine ovine caprine porcine,CP - Cutting Plant,,
18170202,"TROJA M. Strzałka, J. Radwański, W.Jakubowski, R. Sobolak sp.c.","Zagórz, ul. Mostowa 52",Zagórz,38-540,"powiat sanocki,Subcarpathian Voivodeship",Poland,RM,CP SH,Y,,CP - Cutting Plant | SH - Slaughterhouse,,
10624201,TYCH-MEAT Spółka z ograniczoną odpowiedzialnością,"Piotrków Trybunalski ul. Twardosławicka 33, 97-300 Piotrków Trybunalski",Piotrków Trybunalski,97-300,"Piotrków Trybunalski,Łódź Voivodeship",Poland,RM,CP,N,porcine,CP - Cutting Plant,,
14160207,TYKOCIN Sp. z o.o.,Kalinowo 98,Kalinowo,07-304,"powiat ostrowski,Masovian Voivodeship",Poland,RM,SH,Y,,SH - Slaughterhouse,,
20023803,"Tarboj Tarasiuk, s.j.",Rzepniki 12,Zabłudów,16-060,"powiat białostocki,Podlaskie Voivodeship",Poland,RM,CP SH,Y,bovine,CP - Cutting Plant | SH - Slaughterhouse,,
14260605,"The Fresh Fast Food and fruits Company, Dominik Sikorski, Piotr Soszyński Plac Zdanowskiego 1/130, 08-110 Siedlce",Czerniejew 99,Skórzec,08-114,"Siedlce County,Masovian Voivodeship",Poland,RM,CP,N,bovine,CP - Cutting Plant,,
14260301,"Transgourment Polska Sp z o.o. ul. Zamenhofa133 61-131 Poznań , dział mięsny Hala Selgros Cash & Carry",Białki ul. Łukowska 111,Siedlce,08-110,"Siedlce,Masovian Voivodeship",Poland,RM,CP,N,bovine caprine porcine ovine,CP - Cutting Plant,,
06630301,Transgourment Polska sp. z o.o.,ul. Jana Pawła II 59 ; 20- 535 Lublin,Lublin,20-481,"Lublin,Lublin Voivodeship",Poland,RM,CP,N,bovine ovine porcine,CP - Cutting Plant,,
14180313,Transgourmet Polska Sp. z o. o. Dział Mięsny Hala Selgros Cash&Carry,ul. Puławska 58,Mysiadło,05-500,"powiat piaseczyński,Masovian Voivodeship",Poland,RM,CP,N,bovine caprine ovine porcine,CP - Cutting Plant,,
32620307,"Transgourmet Polska Sp. z o.o. ul. Zamenhofa 133, 61 - 131 Poznań","ul. Walecznych 66, 70-774 Szczecin",Szczecin,70-750,"Szczecin,West Pomeranian Voivodeship",Poland,RM,CP,N,bovine porcine,CP - Cutting Plant,,
14650362,Transgourmet Polska Sp.zo.o Dział Mięsny Hala Selgros Cash&Carry,ul. Połczyńska 103,Warsaw,01-303,"Warszawa,Masovian Voivodeship",Poland,RM,CP,N,,CP - Cutting Plant,,
14650316,Transgourmet Polska Sp.zo.o Dział Mięsny Hala Selgros Cash&Carry Przylesie,ul. Przylesie 3,Białołęka,03-152,"Warszawa,Masovian Voivodeship",Poland,RM,CP,N,,CP - Cutting Plant,,
30640307,Transgourmet Polska sp. z o.o.,ul. Zamenhofa 133,Poznań,61-119,"Poznań,Greater Poland Voivodeship",Poland,RM,CP,N,,CP - Cutting Plant,,
PL24620308WE,Transgourmet Spółka z ograniczoną odpowiedzialnością,ul. Chorzowska 88a,Bytom,41-910,"Bytom,Silesian Voivodeship",Poland,RM,CP,N,,CP - Cutting Plant,,
PL24690317WE,Transgourmet Spółka z ograniczoną odpowiedzialnością,ul. Lwowska 32,Katowice,40-389,"Katowice,Silesian Voivodeship",Poland,RM,CP,N,,CP - Cutting Plant,,
30083803,Tykocin Sp. z o. o.,"Lipie 36b, 63-645 Łęka Opatowska",Lipie,63-645,"powiat kępiński,Greater Poland Voivodeship",Poland,RM,SH,Y,,SH - Slaughterhouse,,
18050307,"U Schabińskiej Wędliny Regionalne Sp. z o.o ul. Floriańska 42, 38-200 Jasło",Zimna Woda 66,Jasło,38-200,"powiat jasielski,Subcarpathian Voivodeship",Poland,RM,CP,N,porcine bovine ovine equine,CP - Cutting Plant,,
PL12040104WE,UBOJNIA Frąc,Nieczajna Dolna 4,Nieczajna Górna,33-205,"powiat dąbrowski,Lesser Poland Voivodeship",Poland,RM,SH,Y,porcine,SH - Slaughterhouse,,
PL12123801WE,UBOJNIA SKUP I SPRZEDAŻ ŻYWCA I MIĘSA Ogonek Stanisław,"Wolbrom, ul. Garbarska 37",Wolbrom,32-340,"powiat olkuski,Lesser Poland Voivodeship",Poland,RM,CP SH,Y,bovine,CP - Cutting Plant | SH - Slaughterhouse,,
12063804,UBOJNIA ZWIERZĄT I ROZBIÓR MIĘSA Marcin Siudek,"ul. Sasiedzka 11, Czulowek",Rybna,32-061,"powiat krakowski,Lesser Poland Voivodeship",Poland,RM,SH CP,Y,porcine bovine,SH - Slaughterhouse | CP - Cutting Plant,,
PL 06113805,UBOJNIA ZWIERZĄT RZEŹNYCH Sp. z o.o.,"Stare Kobiałki 106, 21-450 Stoczek Łukowski",Stare Kobiałki,21-450,"powiat łukowski,Lublin Voivodeship",Poland,RM,SH CP,Y,bovine caprine ovine equine,SH - Slaughterhouse | CP - Cutting Plant,,
30160208,UBOJNIA-MASARNIA KARSTUSZ KAZIMIERZ I TOMASZ SAWIŃSCY SPÓŁKA JAWNA,Karolewo,Gościejewo,64-611,"powiat obornicki,Greater Poland Voivodeship",Poland,RM,CP SH,Y,,CP - Cutting Plant | SH - Slaughterhouse,,
14293803,UBÓJ HANDEL ARTYKUŁAMI MIĘSNYMI EUZEBIA I RYSZARD ONYŚK SPÓŁKA JAWNA,08-304 Jabłonna Lacka Dzierzby Włościańskie 45,Jabłonna Lacka,08-304,"powiat sokołowski,Masovian Voivodeship",Poland,RM,CP SH,Y,bovine equine,CP - Cutting Plant | SH - Slaughterhouse,,
10614202,UNIPOL - PLUS Sp. J. Marek Garmulewicz i S - ka,ul. Laskowicka 9,Łódź,94-111,"Łódź,Łódź Voivodeship",Poland,RM,CP,N,bovine porcine,CP - Cutting Plant,,
PL04634303,UNIVIANDE SP. z o.o.,ul. M. Skłodowskiej-Curie 77a,Toruń,87-100,"Toruń,Kuyavian-Pomeranian Voivodeship",Poland,RM,CP,N,,CP - Cutting Plant,,
30220102,Ubojni zwierzęt rzeznych Mirella Gembiak,Golaszyn 40/b,Bojanowo,63-940,"powiat rawicki,Greater Poland Voivodeship",Poland,RM,SH,Y,porcine,SH - Slaughterhouse,,
PL12010104WE,Ubojnia - Masarnia Andrzej Dedio Wyrób i Sprzedaż Mięsa i Wędlin,Kobylec 215,Łapanów,32-740,"powiat bocheński,Lesser Poland Voivodeship",Poland,RM,SH,Y,porcine,SH - Slaughterhouse,,
24090103,Ubojnia Bydła ''ŻAK'' Żak Przemysław,Cynków ul. Woźnicka 7,"Koziegłowy, Silesian Voivodeship",42-350,"powiat myszkowski,Silesian Voivodeship",Poland,RM,SH,Y,,SH - Slaughterhouse,,
20143802,"Ubojnia Bydła ANMAR Andrzej Zalewski, Marek Ciborowski spółka jawna",Kossaki-Falki 4,Rutki-Kossaki,18-312,"powiat zambrowski,Podlaskie Voivodeship",Poland,RM,SH,Y,,SH - Slaughterhouse,,
10203901,Ubojnia Drobiu - Jarosław Ptasik,Łęczyńska 38,Parzęczew,95-045,"powiat zgierski,Łódź Voivodeship",Poland,RM,CP SH,Y,,CP - Cutting Plant | SH - Slaughterhouse,,
32090104,Ubojnia Gospodarstwo Rolne Waldemar Girczys,Biesiekierz 105,Biesiekierz,76-039,"powiat koszaliński,West Pomeranian Voivodeship",Poland,RM,SH,Y,porcine,SH - Slaughterhouse,,
10140108,Ubojnia Gracjan Maciejewski,Stojanów 20,Goszczanów,98-215,"powiat sieradzki,Łódź Voivodeship",Poland,RM,SH,Y,,SH - Slaughterhouse,,
30190104,Ubojnia Gładyszewo Andrzej Dyczko,"Piła , ul. Agatowa 5",Piła,64-920,"powiat pilski,Greater Poland Voivodeship",Poland,RM,SH,Y,porcine,SH - Slaughterhouse,,
10093808,Ubojnia Handel Mięsem Kazimierz Radziwolski,ul. Długosza 31,Stara Brzeźnica,98-331,"powiat pajęczański,Łódź Voivodeship",Poland,RM,CP SH,Y,bovine,CP - Cutting Plant | SH - Slaughterhouse,,
30090105,Ubojnia Mejsner Jan,Tarnówka 55,Grzegorzew,62-640,"powiat kolski,Greater Poland Voivodeship",Poland,RM,SH,Y,bovine porcine,SH - Slaughterhouse,,
24163804,Ubojnia PELON Spółka Jawna,Dzwonowice 4,"Pilica, Silesian Voivodeship",42-436,"powiat zawierciański,Silesian Voivodeship",Poland,RM,CP SH,Y,bovine porcine ovine caprine,CP - Cutting Plant | SH - Slaughterhouse,,
30230102,Ubojnia Przywarty Spółka z ograniczoną odpowiedzialnością Spółka komandytowa,Babin Olędry 15,Babin-Olędry,62-420,"powiat słupecki,Greater Poland Voivodeship",Poland,RM,SH,Y,porcine,SH - Slaughterhouse,,
PL30043802,Ubojnia Trzody Chlewnej Półtusze Bogdan Adamkiewicz,ul. Mickiewicza 62,Borek Wielkopolski,63-810,"powiat gostyński,Greater Poland Voivodeship",Poland,RM,CP SH,Y,porcine,CP - Cutting Plant | SH - Slaughterhouse,,
14143801,Ubojnia Trzody Chlewnej Sprzedaż Mięsa Wojciech Bielecki,ul. Jesionowa 1,Nasielsk,05-190,"powiat nowodworski,Masovian Voivodeship",Poland,RM,SH,Y,,SH - Slaughterhouse,,
10103804,"Ubojnia Trzody Chlewnej, Bydła i Koni Sprzedaż Hurtowa Mięsa Maciejek Roman",Tychów 11,Czarnocin,97-318,"powiat piotrkowski,Łódź Voivodeship",Poland,RM,CP SH,Y,,CP - Cutting Plant | SH - Slaughterhouse,,
28120106,Ubojnia Trzody Rafał Jabłoński,"Grodziczno, nr 4",Grodziczno,13-324,"powiat nowomiejski,Warmian-Masurian Voivodeship",Poland,RM,SH,Y,porcine,SH - Slaughterhouse,,
04063801,"Ubojnia Trzody i Bydła AR - WO s. c. Lechosław Kubiak, Wojciech Kubiak, Arleta Babula",Ruda 11,Grudziądz,86-300,"Grudziądz,Kuyavian-Pomeranian Voivodeship",Poland,RM,CP SH,Y,bovine caprine ovine porcine,CP - Cutting Plant | SH - Slaughterhouse,,
04063601,Ubojnia Zakład Masarski Grzegorz Szlas,Gruta 279,Mełno,86-330,"powiat grudziądzki,Kuyavian-Pomeranian Voivodeship",Poland,RM,SH,Y,,SH - Slaughterhouse,,
10140103,Ubojnia Zwierzat Rzeźnych R.T.A. Szwagrzak S.J.,ul. Lututowska 70,Złoczew,98-270,"powiat sieradzki,Łódź Voivodeship",Poland,RM,SH,Y,,SH - Slaughterhouse,,
WNI 12160103,Ubojnia Zwierząt Antoni Jurkowski,32-840 Zakliczyn ul. Malczewskiego 31,Zakliczyn,32-840,"powiat tarnowski,Lesser Poland Voivodeship",Poland,RM,CP SH,Y,,CP - Cutting Plant | SH - Slaughterhouse,,
12160103,Ubojnia Zwierząt Antoni Jurkowski,ul. Malczewskiego 31,Zakliczyn,32-840,"powiat tarnowski,Lesser Poland Voivodeship",Poland,RM,CP SH,Y,porcine,CP - Cutting Plant | SH - Slaughterhouse,,
10123801,Ubojnia Zwierząt BOGACZ G. Piszczała K. Bogacz Spółka Jawna,Dziepółć 31,Radomsko,97-500,"powiat radomszczański,Łódź Voivodeship",Poland,RM,CP SH,Y,,CP - Cutting Plant | SH - Slaughterhouse,,
12193801,Ubojnia Zwierząt Jacek Hodoń,Kunice 112 32-420 Gdów,Gdów,32-420,"powiat wielicki,Lesser Poland Voivodeship",Poland,RM,SH,Y,,SH - Slaughterhouse,,
PL12100115 WE,Ubojnia Zwierząt Marek Grzyb,Trzycierz 49,Korzenna,33-322,"powiat nowosądecki,Lesser Poland Voivodeship",Poland,RM,SH,Y,,SH - Slaughterhouse,,
20070201,Ubojnia Zwierząt Robert Rytel,"18-400 Łomża, Podgórze, ul. Polna 4",Podgórze,18-400,"powiat łomżyński,Podlaskie Voivodeship",Poland,RM,CP SH,Y,,CP - Cutting Plant | SH - Slaughterhouse,,
10140109,Ubojnia Zwierząt Roman Maślak,Ostrów 103,Brzeźnio,98-275,"powiat sieradzki,Łódź Voivodeship",Poland,RM,CP SH,Y,,CP - Cutting Plant | SH - Slaughterhouse,,
10093809,Ubojnia Zwierząt Rzeźnych Agnieszka Mielczarek,Ładzin 73,Ładzin,98-330,"powiat pajęczański,Łódź Voivodeship",Poland,RM,CP SH,Y,,CP - Cutting Plant | SH - Slaughterhouse,,
22050117,Ubojnia Zwierząt Rzeźnych Andrzej Brzeski,"Łyśniewo Sierakowickie 32B, 83-340 Sierakowice",Łyśniewo Sierakowickie,83-340,"powiat kartuski,Pomeranian Voivodeship",Poland,RM,SH,Y,bovine porcine,SH - Slaughterhouse,,
24090106,Ubojnia Zwierząt Rzeźnych Dariusz Machura,ul. Czarnieckiego 55A,Myszków,42-300,"powiat myszkowski,Silesian Voivodeship",Poland,RM,SH,Y,,SH - Slaughterhouse,,
30270103,Ubojnia Zwierząt Rzeźnych Ireneusz Marcinkowski,Czachulec Stary 30,Malanów,62-709,"powiat turecki,Greater Poland Voivodeship",Poland,RM,CP SH,Y,bovine porcine,CP - Cutting Plant | SH - Slaughterhouse,,
02133801,Ubojnia Zwierząt Rzeźnych Leszek Gregorczuk,ul. Wrocławska 63 56-321 Bukowice,Bukowice,56-321,"powiat milicki,Lower Silesian Voivodeship",Poland,RM,CP SH,Y,bovine caprine ovine,CP - Cutting Plant | SH - Slaughterhouse,,
14303801,"Ubojnia Zwierząt Rzeźnych i Handel ""Rzeź-Mark"" Cegliński Marek",Wola Korzeniowa 15,Szydłowiec,26-500,"powiat szydłowiecki,Masovian Voivodeship",Poland,RM,CP SH,Y,bovine porcine,CP - Cutting Plant | SH - Slaughterhouse,,
PL24130101,Ubojnia Zwierząt Rzeźnych i Handel Półtuszami Wilhelm Macha,ul.Szkolna 1,Wojska,42-690,"Tarnowskie Góry County,Silesian Voivodeship",Poland,RM,SH,Y,,SH - Slaughterhouse,,
10110204,"Ubojnia Zwierząt Rzeźnych i Rozbiór ""KAR-MAT"" Andrzej Krajewski",Praga 83,Praga,99-200,"powiat poddębicki,Łódź Voivodeship",Poland,RM,CP SH,Y,,CP - Cutting Plant | SH - Slaughterhouse,,
PL32043802,"Ubojnia Zwierząt Rzeźnych, Sprzedaż Mięsa S.C. Arkadiusz Rakoca Izabela Świętanowska",w ul. Leśna 14,Przybiernów,72-110,"powiat goleniowski,West Pomeranian Voivodeship",Poland,RM,CP SH,Y,bovine porcine,CP - Cutting Plant | SH - Slaughterhouse,,
14060104,Ubojnia Zwierząt Skup Żywca-Sprzedaż Półtusz Karol Pawlak,Marianów 20,Chynów,05-650,"powiat grójecki,Masovian Voivodeship",Poland,RM,SH,Y,,SH - Slaughterhouse,,
10163801,Ubojnia i Hurtownia Mięsa Grzegorz Zaborski,"ul. Południowa 120, Łaznowska Wola",Rokiciny,97-221,"powiat tomaszowski,Łódź Voivodeship",Poland,RM,CP SH,Y,bovine,CP - Cutting Plant | SH - Slaughterhouse,,
10100202,Ubojnia i Masarnia Andrzej Piątek,"Łęki Szlacheckie 19B, 97-352 Łęki Szlacheckie",Łęki Szlacheckie,97-352,"powiat piotrkowski,Łódź Voivodeship",Poland,RM,CP SH,Y,porcine bovine,CP - Cutting Plant | SH - Slaughterhouse,,
30280202,Ubojnia i Masarnia Mirosław Czaban,"ul. Leśna 1A, 62-100 Wągrowiec",Wągrowiec,62-100,"powiat wągrowiecki,Greater Poland Voivodeship",Poland,RM,CP SH,Y,bovine porcine,CP - Cutting Plant | SH - Slaughterhouse,,
32170202,Ubojnia i masarnia Bogdan Czaban,"ul. Okrężna 2, 78-600 Wałcz",Wałcz,78-600,"powiat wałecki,West Pomeranian Voivodeship",Poland,RM,CP SH,Y,bovine porcine,CP - Cutting Plant | SH - Slaughterhouse,,
06160201,Ubojnia z Masarnią Patrycja Koryś-Mazurek,"ul. Targowa 4, 08-550 Kłoczew",Ryki,08-500,"powiat rycki,Lublin Voivodeship",Poland,RM,CP SH,Y,porcine,CP - Cutting Plant | SH - Slaughterhouse,,
14113804,Ubojnia zwierząt Grzegorz Krzysztof Wojniłowicz Robert Jerzy Wojniłowicz Sp. z o.o.,"Nowe Płoniawy 10A, 06-210 Płoniawy Bramura",Nowe Płoniawy,06-210,"powiat makowski,Masovian Voivodeship",Poland,RM,CP SH,Y,bovine caprine ovine,CP - Cutting Plant | SH - Slaughterhouse,,
PL12110108,Ubój I Handel Mięsem Kowal l Spółka z ograniczoną odpowiedzialnością,Spytkowice 540,Spytkowice,34-745,"powiat nowotarski,Lesser Poland Voivodeship",Poland,RM,SH,Y,,SH - Slaughterhouse,,
10093803,Ubój Kupno - Sprzedaż Mięsa Tadeusz Cieślak w spadku,Podładzin 49,Podładzin,98-330,"powiat pajęczański,Łódź Voivodeship",Poland,RM,CP SH,Y,,CP - Cutting Plant | SH - Slaughterhouse,,
30300101,Ubój Trzody i Bydła Mariusz Marciniak,"Górne Grądy 15, Pyzdry 62-310",Górne Grądy,62-312,"powiat wrzesiński,Greater Poland Voivodeship",Poland,RM,SH,Y,porcine,SH - Slaughterhouse,,
10090114,Ubój Zwierząt Handel Mięsem Władysław Radziwolski,ul. Długosza 43,Stara Brzeźnica,98-331,"powiat pajęczański,Łódź Voivodeship",Poland,RM,SH,Y,,SH - Slaughterhouse,,
22010104,Ubój Zwierząt Konkol Marek Walczyk,Kozy 53,Czarna Dąbrówka,77-116,"powiat bytowski,Pomeranian Voivodeship",Poland,RM,SH,Y,,SH - Slaughterhouse,,
10120211,Ubój Zwierząt Przetwórstwo Mięsne. Sprzedaż Adam Łączny,Granice 4,Masłowice,97-515,"powiat radomszczański,Łódź Voivodeship",Poland,RM,CP,N,,CP - Cutting Plant,,
14143803,Ubój Zwierząt Rzeźnia Elżbieta Słonczewska,Pianowo Bargły 3,Nasielsk,05-190,"powiat nowodworski,Masovian Voivodeship",Poland,RM,CP SH,Y,,CP - Cutting Plant | SH - Slaughterhouse,,
10170104,"Ubój Zwierząt Rzeźnych, Skup i Sprzedaż Żywca, Skór, Runa Leśnego oraz Półtusz Krzysztof Gmerek",Troniny 3,Troniny,98-335,"powiat wieluński,Łódź Voivodeship",Poland,RM,SH,Y,bovine porcine,SH - Slaughterhouse,,
10093802,Ubój Zwierząt i Handel Mięsem Jerzy Radziwolski,Kruplin Radomszczański 62a,Kruplin Radomszczański,98-331,"powiat pajęczański,Łódź Voivodeship",Poland,RM,SH CP,Y,porcine,SH - Slaughterhouse | CP - Cutting Plant,,
18160305,"Ubój i Przerób Mięsa s.c. Ciupak Mariusz, Ciupak Mateusz, Ciupak Magdalena",Nienadówka 862 36-052 Nienadówka,Nienadówka,36-052,"powiat rzeszowski,Subcarpathian Voivodeship",Poland,RM,CP,N,porcine,CP - Cutting Plant,,
28113801,Ubój i Sprzedaż Mięsa Teresa Kotyla Artur Kotyla,Rozdroże 9 A,Nidzica,13-100,"powiat nidzicki,Warmian-Masurian Voivodeship",Poland,RM,CP SH,Y,porcine,CP - Cutting Plant | SH - Slaughterhouse,,
06050106,Ubój i Sprzedaż Zwierząt Rzeźnych Józef Małek,Godziszów Drugi 42,Godziszów,23-302,"powiat janowski,Lublin Voivodeship",Poland,RM,SH,Y,bovine,SH - Slaughterhouse,,
10200115,Ubój zwierząt Wojciech Milczarek,"Niesułków Kolonia 72, 95-010 Stryków",Niesułków-Kolonia,95-010,"powiat zgierski,Łódź Voivodeship",Poland,RM,SH,Y,,SH - Slaughterhouse,,
14240101,"Usługi Handlowe ,,Zaręba"" Michał Zaręba","Skórznice 32, 06-120 Winnica",Winnica,06-120,"powiat pułtuski,Masovian Voivodeship",Poland,RM,SH,Y,bovine,SH - Slaughterhouse,,
30050201,WALDI Zakłady Mięsne spółka z ograniczoną odpowiedzialnością,Ptaszkowo 1A,Ptaszkowo,62-065,"powiat grodziski,Greater Poland Voivodeship",Poland,RM,CP SH,Y,porcine,CP - Cutting Plant | SH - Slaughterhouse,,
30224002,WD FOODS Sp. z o.o.,Sowy 100,Pakosław,63-920,"powiat rawicki,Greater Poland Voivodeship",Poland,RM,CP,N,,CP - Cutting Plant,,
14340309,WISAPIS Zakład Mięsny Andrzej Jurzyk,ul. Bankowa 2,Zielonka,05-220,"powiat wołomiński,Masovian Voivodeship",Poland,RM,CP,N,,CP - Cutting Plant,,
10070210,WOY Sp. z o.o.,Sobawiny 7E,Sobawiny,26-300,"powiat opoczyński,Łódź Voivodeship",Poland,RM,CP SH,Y,bovine porcine ovine,CP - Cutting Plant | SH - Slaughterhouse,,
PL20060301,Waldemar Dymerski Przedsiębiorstwo Handlowo - Usługowe DW,ul. Kochanowskiego 11 18-516 Mały Płock,Mały Płock,18-516,"powiat kolneński,Podlaskie Voivodeship",Poland,RM,CP,N,bovine porcine,CP - Cutting Plant,,
30210320,Wiejski Stół Dr Maryniak Józef Maryniak,ul. Kolejowa 35,Skórzewo,60-185,"powiat poznański,Greater Poland Voivodeship",Poland,RM,CP,N,,CP - Cutting Plant,,
30183803,WoodCraft Mateusz Sztucki,Bukownica 163,Grabów nad Prosną,63-520,"powiat ostrzeszowski,Greater Poland Voivodeship",Poland,RM,CP SH,Y,porcine,CP - Cutting Plant | SH - Slaughterhouse,,
22083801,"Wyrób Wędlin i Wyrobów Wedliniarskich Rzeźnictwo Spółka Jawna Jarosław, Jolanta Stelmach","84-352 Wicko, Zdrzewno 11",Wicko,84-352,"powiat lęborski,Pomeranian Voivodeship",Poland,RM,SH CP,Y,,SH - Slaughterhouse | CP - Cutting Plant,,
22150306,Wytwórnia Wędlin Adam Kummer,Dębogórska 152,Rumia,84-230,"powiat wejherowski,Pomeranian Voivodeship",Poland,RM,CP,N,,CP - Cutting Plant,,
22150311,Wytwórnia Wędlin Sobolski Sp. z o.o.,Jeziorna 1A,Góra,84-252,"powiat wejherowski,Pomeranian Voivodeship",Poland,RM,CP,N,,CP - Cutting Plant,,
10184003,WĘDLINKA GROUP Sp. z o.o.,Polesie 58,Wieruszów,98-400,"powiat wieruszowski,Łódź Voivodeship",Poland,RM,CP,N,,CP - Cutting Plant,,
10184202,WĘDLINKA GROUP Sp. z o.o.,Dobrydział 6,Wieruszów,98-400,"powiat wieruszowski,Łódź Voivodeship",Poland,RM,CP,N,,CP - Cutting Plant,,
PL32130303WE,Wędliniarstwo Naturalne Stanisław Przybysz Zofia Przybysz SPÓŁKA CYWILNA,Niemica 52A,Malechowo,76-142,"powiat sławieński,West Pomeranian Voivodeship",Poland,RM,CP,N,,CP - Cutting Plant,,
PL26110302,Wędliny z Wąchocka NOWAK Spółka komandytowa,27-215 Wąchock ul. Kościelna 12,Wąchock,27-215,"powiat starachowicki,Świętokrzyskie Voivodeship",Poland,RM,CP,N,,CP - Cutting Plant,,
PL24790209,Wędliny Żorskie Kania Spółka z o.o.,ul. Gajowa 85,Żory,44-240,"Żory,Silesian Voivodeship",Poland,RM,CP SH,Y,bovine porcine,CP - Cutting Plant | SH - Slaughterhouse,,
PL14040301,Wędzarnia Dubielak Sp. z o.o.,ul. Bierzewicka 41b,Gostynin,09-500,"powiat gostyniński,Masovian Voivodeship",Poland,RM,CP,N,porcine bovine,CP - Cutting Plant,,
10060204,"Y.M. BSD INTERNATIONAL TRADE SP. Z O.O. Stefana Okrzei 1A, 03-711 Warszawa, Polska Oddział",ul. Brzezińska 46,Nowy Bedoń,95-020,"County Lodzki,Łódź Voivodeship",Poland,RM,CP SH,Y,,CP - Cutting Plant | SH - Slaughterhouse,,
PL24060212,"Z.P.H.U.T. ""MATYJA-BIS"" Import-Export Łukasz Matyja",ul. Nowa 44a,Przystajń,42-141,"powiat kłobucki,Silesian Voivodeship",Poland,RM,CP SH,Y,porcine,CP - Cutting Plant | SH - Slaughterhouse,,
10010205,"Z.P.M. J.S.M.J. Mielczarek Wola Wiązowa 105, Rusiec","Wola wiązowa 105, 97-438 Rusiec",Rusiec,97-438,"powiat bełchatowski,Łódź Voivodeship",Poland,RM,CP SH,Y,,CP - Cutting Plant | SH - Slaughterhouse,,
PL10160302WE,Z.P.M. KOPACZ Jadwiga Kopacz,Ul. Kowalska 9,Tomaszów Mazowiecki,97-200,"powiat tomaszowski,Łódź Voivodeship",Poland,RM,CP,N,,CP - Cutting Plant,,
10140203,Z.P.i H.M. ZŁOTEX - CHOJNACCY - Spółka Jawna,ul. Kilińskego 1,Złoczew,98-270,"powiat sieradzki,Łódź Voivodeship",Poland,RM,CP SH,Y,,CP - Cutting Plant | SH - Slaughterhouse,,
04080206,"Z.U.M. ""ROM-MIES"" Roman Matera","ul. Dobrzyńska 5, 87-603 Wielgie",Wielgie,87-603,"Lipno County,Kuyavian-Pomeranian Voivodeship",Poland,RM,CP SH,Y,,CP - Cutting Plant | SH - Slaughterhouse,,
10080102,ZAKLADY MIESNE BABICE ALEKSANDRA BRÓDKA,Babice 78,Lutomiersk,95-083,"powiat pabianicki,Łódź Voivodeship",Poland,RM,SH,Y,porcine,SH - Slaughterhouse,,
14150301,ZAKLADY MIESNE PEKPOL OSTROLEKA S.A.,Przemysłowa 31,Ostrołęka,07-410,"Ostrołęka,Masovian Voivodeship",Poland,RM,CP,N,porcine bovine,CP - Cutting Plant,,
04190207,ZAKŁAD MASARSKI ANNA LEWANDOWSKA SP. Z O.O.,ul. Kościelna 3,Rogowo,88-420,"powiat żniński,Kuyavian-Pomeranian Voivodeship",Poland,RM,CP SH,Y,,CP - Cutting Plant | SH - Slaughterhouse,,
WNI 14250302,ZAKŁAD MASARSKI KRAWCZYK SPÓŁKA Z OGRANICZONĄ ODPOWIEDZIALNOŚCIĄ SPÓŁKA KOMANDYTOWA,MLECZKÓW UL. PRZEMYSŁOWA 7,Mleczków,26-652,"powiat radomski,Masovian Voivodeship",Poland,RM,CP,N,bovine porcine,CP - Cutting Plant,,
10090210,ZAKŁAD MASARSKI WDOWCZYK S.C.,Biała 199,Biała,98-332,"powiat pajęczański,Łódź Voivodeship",Poland,RM,CP SH,Y,porcine,CP - Cutting Plant | SH - Slaughterhouse,,
04140318,ZAKŁAD MIĘSNO WĘDLINIARSKI HAJKA Lucyna Hajka,Milewko 20,Nowe,86-170,"powiat świecki,Kuyavian-Pomeranian Voivodeship",Poland,RM,CP,N,bovine porcine,CP - Cutting Plant,,
30270105,"ZAKŁAD MIĘSNY ""JANICKI"" Jakub Janicki, Karol Janicki s.c.",ul. Łąkowa 6,Tuliszków,62-740,"powiat turecki,Greater Poland Voivodeship",Poland,RM,CP SH,Y,porcine,CP - Cutting Plant | SH - Slaughterhouse,,
14120101,ZAKŁAD MIĘSNY DOBRE,Świdrów 13 A,Dobre,05-307,"powiat miński,Masovian Voivodeship",Poland,RM,SH,Y,bovine,SH - Slaughterhouse,,
24020308,ZAKŁAD MIĘSNY GODZISZKA SPÓŁKA Z OGRANICZONĄ ODPOWIEDZIALNOŚCIĄ SPÓŁKA KOMANDYTOWA,ul. Beskidzka 222,Godziszka,43-376,"Bielsko County,Silesian Voivodeship",Poland,RM,CP,N,porcine bovine,CP - Cutting Plant,,
WNI 14174201,ZAKŁAD MIĘSNY KARCZEW PIWOWARCZYK SPÓŁKA JAWNA,ul. Ignacego Krasickiego 2,Karczew,05-480,"powiat otwocki,Masovian Voivodeship",Poland,RM,CP,N,bovine caprine porcine ovine,CP - Cutting Plant,,
28070204,ZAKŁAD MIĘSNY KAWSCY SPÓŁKA JAWNA,Różnowo 7A,Różnowo,14-240,"powiat iławski,Warmian-Masurian Voivodeship",Poland,RM,CP SH,Y,,CP - Cutting Plant | SH - Slaughterhouse,,
04190209,ZAKŁAD MIĘSNY KWIECIŃSCY SP. Z O.O.,"Bożejewiczki, ul. Żnińska 4",Żnin,88-400,"powiat żniński,Kuyavian-Pomeranian Voivodeship",Poland,RM,CP SH,Y,,CP - Cutting Plant | SH - Slaughterhouse,,
24170309,"ZAKŁAD MIĘSNY RAJCZA EWA, JÓZEF I JACEK BARCIK SPÓŁKA JAWNA",Rajcza 504 A,Rajcza,34-370,"powiat żywiecki,Silesian Voivodeship",Poland,RM,CP,N,bovine porcine,CP - Cutting Plant,,
30270201,ZAKŁAD MIĘSNY STANISŁAW PASZAK,Olszówka 1A,Przykona,62-731,"powiat turecki,Greater Poland Voivodeship",Poland,RM,CP SH,Y,,CP - Cutting Plant | SH - Slaughterhouse,,
30233803,ZAKŁAD MIĘSNY WŁODZIMIERZ KRYSZAK,ul. Wolności 11,Ciążeń,62-404,"powiat słupecki,Greater Poland Voivodeship",Poland,RM,CP SH,Y,bovine caprine ovine porcine,CP - Cutting Plant | SH - Slaughterhouse,,
30610309,ZAKŁAD MIĘSNY ŁYSZCZAK SPÓŁKA JAWNA,ul. Częstochowska 79-81,Kalisz,62-800,"Kalisz,Greater Poland Voivodeship",Poland,RM,CP,N,,CP - Cutting Plant,,
04190305,ZAKŁAD PRZEMYSŁU MIĘSNEGO MARIA PIOTR ŁAWNICZAK SP. J.,ul. Powstańców Wlkp. 28,Janowiec Wielkopolski,88-430,"powiat żniński,Kuyavian-Pomeranian Voivodeship",Poland,RM,CP,N,,CP - Cutting Plant,,
24170303,"ZAKŁAD PRZETWÓRSTWA MIĘSNEGO ""BŁACHUT""SPÓŁKA Z OGRANICZONĄ ODPOWIEDZIALNOŚCIĄ",ul. Stolarska 11,Żywiec,34-300,"powiat żywiecki,Silesian Voivodeship",Poland,RM,CP,N,bovine porcine,CP - Cutting Plant,,
PL24030301,"ZAKŁAD PRZETWÓRSTWA MIĘSNEGO ""JAN BIELESZ"" SP Z O O",Frysztacka 67,Cieszyn,43-400,"powiat cieszyński,Silesian Voivodeship",Poland,RM,CP,N,,CP - Cutting Plant,,
10020201,"ZAKŁAD PRZETWÓRSTWA MIĘSNEGO ""KONIAREK"" Andrzej Koniarek",KOZIA GÓRA 40,Strzelce,99-307,"Kutno County,Łódź Voivodeship",Poland,RM,CP SH,Y,porcine bovine,CP - Cutting Plant | SH - Slaughterhouse,,
24170307,"ZAKŁAD PRZETWÓRSTWA MIĘSNEGO - SPÓŁKA JAWNA WŁADYSŁAW WOLNY, BOGUSŁAWA WOLNA",ul. Jana Pawła II 45,Cięcina,34-350,"powiat żywiecki,Silesian Voivodeship",Poland,RM,CP,N,bovine porcine,CP - Cutting Plant,,
24020310,ZAKŁAD PRZETWÓRSTWA MIĘSNEGO HAŃDEREK SPÓŁKA JAWNA,ul Nadbrzeżna 821,Buczkowice,43-374,"Bielsko County,Silesian Voivodeship",Poland,RM,CP,N,bovine porcine,CP - Cutting Plant,,
10010301,"ZAKŁAD PRZETWÓRSTWA MIĘSNEGO I GARMAŻERYJNEGO ""SMAK"" SPÓŁKA JAWNA CEBULA TADEUSZ, CEBULA MARCIN, CEBULA ELŻBIETA","ul. Główna 88, 97-410 Kleszczów",Kleszczów,97-410,"powiat bełchatowski,Łódź Voivodeship",Poland,RM,CP,N,,CP - Cutting Plant,,
24020320,ZAKŁAD PRZETWÓRSTWA MIĘSNEGO LIGOTA SPÓŁKA Z OGRANICZONĄ ODPOWIEDZIALNOŚCIĄ,ul. Wspólna 12,Ligota,43-518,"Bielsko County,Silesian Voivodeship",Poland,RM,CP,N,porcine,CP - Cutting Plant,,
PL12020306,ZAKŁAD PRZETWÓRSTWA MIĘSNEGO Roman Motak,Iwkowa 787,Iwkowa,32-861,"powiat brzeski,Lesser Poland Voivodeship",Poland,RM,CP,N,,CP - Cutting Plant,,
28140104,ZAKŁAD UBOJU BYDŁA BISKUPIEC Sp. z o.o.,"Biskupiec-Kolonia Trzecia, ul. Olsztyńska 3",Biskupiec,11-300,"powiat olsztyński,Warmian-Masurian Voivodeship",Poland,RM,SH,Y,bovine,SH - Slaughterhouse,,
20070205,"ZAKŁADY MIĘSNE ""PODGÓRZE"" J.HRYNIEWICZ, K.ZAWADZKI, SPÓŁKA JAWNA","Podgórze, ul. Kręta 21",Łomża,18-400,"Łomża,Podlaskie Voivodeship",Poland,RM,CP SH,Y,,CP - Cutting Plant | SH - Slaughterhouse,,
24670301,ZAKŁADY MIĘSNE HAGA PLUS SP. Z O.O,Klubowa 8,Jastrzębie-Zdrój,44-336,"Jastrzębie-Zdrój,Silesian Voivodeship",Poland,RM,CP,N,,CP - Cutting Plant,,
26103801,ZAKŁADY MIĘSNE LECH ŁUKASZ LECH,ul. Brzozowa 1,Skarżysko Kościelne,26-115,"powiat skarżyski,Świętokrzyskie Voivodeship",Poland,RM,CP SH,Y,bovine porcine,CP - Cutting Plant | SH - Slaughterhouse,,
24170304,ZAKŁADY MIĘSNE WOLAS SPÓŁKA Z OGRANICZONĄ ODPOWIEDZIALNOŚCIĄ,ul. Suska 40,Jeleśnia,34-340,"powiat żywiecki,Silesian Voivodeship",Poland,RM,CP,N,bovine porcine,CP - Cutting Plant,,
10080201,"ZAKŁADY MIĘSNE""PAMSO"" SPÓŁKA AKCYJNA",ul. Żwirki i Wigury 19,Pabianice,95-200,"powiat pabianicki,Łódź Voivodeship",Poland,RM,CP SH,Y,,CP - Cutting Plant | SH - Slaughterhouse,,
PL14270201,ZM OLEWNIK Sp. z o.o.,ul. Romualda Traugutta 24,Sierpc,09-200,"powiat sierpecki,Masovian Voivodeship",Poland,RM,CP SH,Y,,CP - Cutting Plant | SH - Slaughterhouse,,
14010103,ZPH - UBOJNIA Tadeusz Prykiel,Promna Kolonia 24,Promna,26-803,"powiat białobrzeski,Masovian Voivodeship",Poland,RM,SH,Y,,SH - Slaughterhouse,,
30303801,ZPUH ERGO Górska Elżbieta,"Pietrzyków 8, Pyzdry 62-310",Pietrzyków,62-310,"powiat wrzesiński,Greater Poland Voivodeship",Poland,RM,SH,Y,,SH - Slaughterhouse,,
14203808,ZUH Ubój Trzody Chlewnej Zmysłowska Janina,Kolonia Sochocin 9,Sochocin,09-110,"powiat płoński,Masovian Voivodeship",Poland,RM,CP SH,Y,,CP - Cutting Plant | SH - Slaughterhouse,,
PL30040308,Zaklad Mięsny Sp. J. Konarczak,ul. Gostyńska 5,Pogorzela,63-860,"powiat gostyński,Greater Poland Voivodeship",Poland,RM,CP,N,bovine porcine,CP - Cutting Plant,,
20130201,Zaklady Miesne „Łuniewscy“ Eugeniusz Łuniewski,"Kostry Smiejki 12, 18-214, Klukowo",Klukowo,18-214,"powiat wysokomazowiecki,Podlaskie Voivodeship",Poland,RM,CP SH,Y,,CP - Cutting Plant | SH - Slaughterhouse,,
04070202,Zaklady Mięsne VIANDO Spółka z ograniczoną odpowiezialnością Spółka komandytowa,"Radojewice 54, 88-101 Inowrocław",Inowrocław,88-101,"powiat inowrocławski,Kuyavian-Pomeranian Voivodeship",Poland,RM,CP SH,Y,bovine porcine,CP - Cutting Plant | SH - Slaughterhouse,,
30133601,Zakład Doświadczalny Pawłowice Punkt Uboju Owiec i Kóz w Kociugach,Kociugi 22 64-120 Krzemieniewo,Kociugi,64-120,"powiat leszczyński,Greater Poland Voivodeship",Poland,RM,CP SH,Y,,CP - Cutting Plant | SH - Slaughterhouse,,
14340322,Zakład Garmażeryjno Wędliniarski EW - MET Grzegorz Trojan,Pasek ul. Wiśniowa 98,Klembów,05-205,"powiat wołomiński,Masovian Voivodeship",Poland,RM,CP,N,,CP - Cutting Plant,,
18030211,Zakład Handlowo - Produkcyjno - Przetwórczy Aleksandra Leja i Wspólnicy Spółka Jawna,Jodłowa 91,Jodłowa,39-225,"powiat dębicki,Subcarpathian Voivodeship",Poland,RM,CP SH,Y,bovine porcine,CP - Cutting Plant | SH - Slaughterhouse,,
30020306,"Zakład Handlowo-Produkcyjny Masarstwo, Wędliniarstwo Sławomir Kraft",ul. Leśna 18,Połajewo,64-710,"powiat czarnkowsko-trzcianecki,Greater Poland Voivodeship",Poland,RM,CP,N,bovine porcine,CP - Cutting Plant,,
20070206,"Zakład Masarniczy ""Kuzia"" Piotr Kuzia",Nowe Kupiski 140 A,Łomża,18-400,"Łomża,Podlaskie Voivodeship",Poland,RM,CP SH,Y,,CP - Cutting Plant | SH - Slaughterhouse,,
30310302,Zakład Masarniczy Purtak Sp.Komandytowa,"ul. Domańskiego 29 , 77-430 Krajenka",Krajenka,77-430,"powiat złotowski,Greater Poland Voivodeship",Poland,RM,CP,N,porcine,CP - Cutting Plant,,
PL30200209,Zakład Masarski ARO Anna Robaczyk,ul. Reymonta 11,Gołuchów,63-322,"powiat pleszewski,Greater Poland Voivodeship",Poland,RM,CP,N,porcine bovine,CP - Cutting Plant,,
PL 18100207,Zakład Masarski Bawoł Spółka Cywilna,Markowa 1620,Markowa,37-120,"powiat łańcucki,Subcarpathian Voivodeship",Poland,RM,CP SH,Y,,CP - Cutting Plant | SH - Slaughterhouse,,
24150309,Zakład Masarski Beata Opiła,ul. Polna 1,Godów,44-340,"Wodzisław County,Silesian Voivodeship",Poland,RM,CP,N,,CP - Cutting Plant,,
PL14190201,Zakład Masarski DANKO Danuta Puternicka,ul. Wspólna 12a,Gąbin,09-530,"powiat płocki,Masovian Voivodeship",Poland,RM,CP SH,Y,porcine,CP - Cutting Plant | SH - Slaughterhouse,,
PL24130215,Zakład Masarski Dominik Lubos,ul. Rzeczna 49,Kalety,42-660,"Tarnowskie Góry County,Silesian Voivodeship",Poland,RM,SH,Y,,SH - Slaughterhouse,,
02180301,Zakład Masarski Gabriel Dzierbicki,"ul. Mickiewicza 37, 55-320 Malczyce",Malczyce,55-320,"powiat średzki,Lower Silesian Voivodeship",Poland,RM,CP,N,,CP - Cutting Plant,,
PL24050302WE,Zakład Masarski Herbert Suchanek,ul. Zaolszany 38 a,Pyskowice,44-120,"Gliwice County,Silesian Voivodeship",Poland,RM,CP,N,bovine porcine,CP - Cutting Plant,,
24073601,Zakład Masarski Jan Berbesz,ul. Częstochowska 16,Kochanowice,42-713,"powiat lubliniecki,Silesian Voivodeship",Poland,RM,CP SH,Y,porcine,CP - Cutting Plant | SH - Slaughterhouse,,
28150306,Zakład Masarski Kamil Kołtek,14-330 Małdyty ul. Dębowa 6,Małdyty,14-330,"powiat ostródzki,Warmian-Masurian Voivodeship",Poland,RM,CP,N,bovine porcine,CP - Cutting Plant,,
30240205,Zakład Masarski M. Janiszewski i A. Ratajczak Sp.j.,"Psarskie 26a, 62-045 Pniewy",Psarskie,62-045,"powiat szamotulski,Greater Poland Voivodeship",Poland,RM,CP SH,Y,porcine bovine,CP - Cutting Plant | SH - Slaughterhouse,,
04143806,Zakład Masarski Marek Rokita,"ul. Wyzwolenia 6, Serock",Pruszcz,86-120,"powiat świecki,Kuyavian-Pomeranian Voivodeship",Poland,RM,CP SH,Y,porcine,CP - Cutting Plant | SH - Slaughterhouse,,
PL24060201,Zakład Masarski Małgorzata i Eugeniusz Jędrycha Spółka Jawna,Konieczki 53,Panki,42-140,"powiat kłobucki,Silesian Voivodeship",Poland,RM,SH CP,Y,porcine bovine,SH - Slaughterhouse | CP - Cutting Plant,,
18100204,Zakład Masarski Rafał Dźwierzyński,Markowa 435,Markowa,37-120,"powiat łańcucki,Subcarpathian Voivodeship",Poland,RM,CP SH,Y,,CP - Cutting Plant | SH - Slaughterhouse,,
24150318,Zakład Masarski Seget Sp. j.,ul. Środkowa 15,Lubomia,44-360,"Wodzisław County,Silesian Voivodeship",Poland,RM,CP,N,,CP - Cutting Plant,,
18100101,Zakład Masarski Stanisław Kluz,Albigowa 290,Albigowa,37-122,"powiat łańcucki,Subcarpathian Voivodeship",Poland,RM,SH,Y,,SH - Slaughterhouse,,
PL24060205,Zakład Masarski Szczepan Bujak,"Wilkowiecko, ul. Żołnierzy Września 25",Opatów,42-152,"powiat kłobucki,Silesian Voivodeship",Poland,RM,CP SH,Y,porcine,CP - Cutting Plant | SH - Slaughterhouse,,
PL28143802,Zakład Masarski TOMUŚ Tomasz Reihs,Królikowo 39a,Olsztynek,11-015,"powiat olsztyński,Warmian-Masurian Voivodeship",Poland,RM,SH,Y,caprine ovine porcine,SH - Slaughterhouse,,
14030203,Zakład Masarski TUR Leonard i Paweł Siarkiewicz,ul. Słoneczna 4,Ruda Talubska,08-400,"powiat garwoliński,Masovian Voivodeship",Poland,RM,CP SH,Y,,CP - Cutting Plant | SH - Slaughterhouse,,
30180205,Zakład Masarski Tadeusz Krawiec,Wrzosy 18,Doruchów,63-505,"powiat ostrzeszowski,Greater Poland Voivodeship",Poland,RM,CP SH,Y,bovine porcine,CP - Cutting Plant | SH - Slaughterhouse,,
16070102,Zakład Masarski Ubój i Sprzedaż Jan Łukasiewicz,ul. T. Kościuszki 14a,Kamiennik,48-388,"powiat nyski,Opole Voivodeship",Poland,RM,SH,Y,porcine,SH - Slaughterhouse,,
18050201,"Zakład Masarski Ubój, Wyrób, Sprzedaż Małgorzata Hap,Mateusz Hap,Monika Polak Spółka Cywilna",Dobrucowa 92,Tarnowiec,38-204,"powiat jasielski,Subcarpathian Voivodeship",Poland,RM,CP SH,Y,,CP - Cutting Plant | SH - Slaughterhouse,,
24070303,Zakład Masarski WIĘCEK Spółka Jawna Dariusz i Klaudiusz Więcek,"ul. Kopernika 9, Psary",Lubsza,42-287,"powiat lubliniecki,Silesian Voivodeship",Poland,RM,CP,N,bovine porcine,CP - Cutting Plant,,
14030301,Zakład Masarski Z. i J. Floriańczyk,ul. Wiejska 39,Garwolin,08-400,"powiat garwoliński,Masovian Voivodeship",Poland,RM,CP,N,,CP - Cutting Plant,,
28160302,Zakład Masarski Zdzisław Cwalina,ul. Wiejska 11,Ruciane-Nida,12-220,"powiat piski,Warmian-Masurian Voivodeship",Poland,RM,CP,N,,CP - Cutting Plant,,
14360302,Zakład Masarski Zdzisław Maciaszek,ul. Batalionów Chłopskich 31;,Kazanów,26-713,"powiat zwoleński,Masovian Voivodeship",Poland,RM,CP,N,bovine porcine,CP - Cutting Plant,,
04010305,Zakład Masarsko - Wędliniarski SMAKOSZ ze sklepami Grzegorz Skowroński,"ul. Włocławska, nr 72",Bądkowo,87-704,"powiat aleksandrowski,Kuyavian-Pomeranian Voivodeship",Poland,RM,CP,N,porcine bovine,CP - Cutting Plant,,
PL24100105,Zakład Masarsko Wędliniarski KANIA s.jawna,ul. Powstańców Ślaskich 36,Czarków,43-211,"powiat pszczyński,Silesian Voivodeship",Poland,RM,SH,Y,porcine,SH - Slaughterhouse,,
18190202,Zakład Masarsko-Wędliniarski Czesław Fiołek,Godowa 450,Godowa,38-100,"powiat strzyżowski,Subcarpathian Voivodeship",Poland,RM,SH,Y,,SH - Slaughterhouse,,
PL24080308WE,Zakład Mięsno - Wędliniarski Grażyna Bienioszek,ul. Wodociągowa 14,Łaziska Górne,43-170,"powiat mikołowski,Silesian Voivodeship",Poland,RM,CP,N,porcine bovine,CP - Cutting Plant,,
PL12010305WE,Zakład Mięsno - Wędliniarski Tomasz Chojecki,Leszczyna 74,Trzciana,32-733,"powiat bocheński,Lesser Poland Voivodeship",Poland,RM,CP,N,porcine,CP - Cutting Plant,,
20023805,"Zakład Mięsny ""BOST""",ul. Lipowa 48,Turośń Kościelna,18-106,"powiat białostocki,Podlaskie Voivodeship",Poland,RM,SH,Y,,SH - Slaughterhouse,,
PL12020204,"Zakład Mięsny ""CHABURA"" Spółka komandytowa",Rylowa 2,Rylowa,32-820,"powiat brzeski,Lesser Poland Voivodeship",Poland,RM,CP SH,Y,,CP - Cutting Plant | SH - Slaughterhouse,,
14263803,"Zakład Mięsny ""Chodów"" Wiesława Mazur",Chodów ul. Graniczna 4,Siedlce,08-119,"Siedlce,Masovian Voivodeship",Poland,RM,CP SH,Y,porcine,CP - Cutting Plant | SH - Slaughterhouse,,
14260201,"Zakład Mięsny ""Mościbrody"" Sp. z.o.o.",Mościbrody 53,Wiśniew,08-112,"Siedlce County,Masovian Voivodeship",Poland,RM,CP SH,Y,bovine porcine,CP - Cutting Plant | SH - Slaughterhouse,,
10103827,"Zakład Mięsny ""RAKÓW"" Spółka jawna S. Lemański i D. Kiełbasa",Główna 2,Raków Duży,97-310,"powiat piotrkowski,Łódź Voivodeship",Poland,RM,CP SH,Y,bovine,CP - Cutting Plant | SH - Slaughterhouse,,
14260203,"Zakład Mięsny ""Rzeźnik"" Sp. Jawna Henryk Wysocki, Wojciech Wysocki",ul. Terespolska 19,Zbuczyn,08-106,"Siedlce County,Masovian Voivodeship",Poland,RM,CP SH,Y,porcine,CP - Cutting Plant | SH - Slaughterhouse,,
PL 06110219,"Zakład Mięsny ""Wierzejki"" J.M.Zdanowscy Spółka Jawna",Płudy 21,Trzebieszów,21-404,"powiat łukowski,Lublin Voivodeship",Poland,RM,CP SH,Y,bovine porcine,CP - Cutting Plant | SH - Slaughterhouse,,
PL24060304,"Zakład Mięsny ""ZYGMUNT"" Zygmunt Muznerowski","Biała, ul. Jasnogórska 142",Kamyk,42-125,"powiat kłobucki,Silesian Voivodeship",Poland,RM,CP,N,bovine porcine,CP - Cutting Plant,,
14353802,Zakład Mięsny BARTOSIAK Sp. z o.o. z siedzibą w Wólce Somiankowskiej,Wólka Somiankowska 11,Somianka,07-203,"powiat wyszkowski,Masovian Voivodeship",Poland,RM,CP SH,Y,bovine,CP - Cutting Plant | SH - Slaughterhouse,,
30060301,Zakład Mięsny Bukat Spółka Jawna Kołodzińscy,ul. Nowe Parcele 44,Jarocin,63-200,"powiat jarociński,Greater Poland Voivodeship",Poland,RM,CP,N,,CP - Cutting Plant,,
28060201,Zakład Mięsny Dariusz Eksterowicz,Świdry 32 11-500 Giżycko,Giżycko,11-500,"powiat giżycki,Warmian-Masurian Voivodeship",Poland,RM,CP SH,Y,,CP - Cutting Plant | SH - Slaughterhouse,,
10214201,Zakład Mięsny Eufeminów W. M. W. Sawiccy Spółka jawna,Eufeminów 35A,Brzeziny,95-060,"powiat wieluński,Łódź Voivodeship",Poland,RM,CP,N,,CP - Cutting Plant,,
PL24010201WE,Zakład Mięsny HEMAX H.M. Blachlińscy Spółka Jawna,ul. 27 stycznia 76,Dobieszowice,42-584,"powiat będziński,Silesian Voivodeship",Poland,RM,CP SH,Y,bovine porcine,CP - Cutting Plant | SH - Slaughterhouse,,
22050101,Zakład Mięsny Hanna Sobisz,"Smolniki 8, 83-341 Gowidlino",Smolniki,83-341,"powiat kartuski,Pomeranian Voivodeship",Poland,RM,SH,Y,porcine,SH - Slaughterhouse,,
20030204,Zakład Mięsny KLINICCY sp. z o.o.,ul.Poniatowskiego 23,Brańsk,17-120,"powiat bielski,Podlaskie Voivodeship",Poland,RM,SH CP,Y,,SH - Slaughterhouse | CP - Cutting Plant,,
14354202,Zakład Mięsny Kamieńczyk Spółka z ograniczoną odpowiedzialnością spółka komandytowaa,Kamieńczyk ul. Warszawska 31,Wyszków,07-202,"powiat wyszkowski,Masovian Voivodeship",Poland,RM,CP,N,bovine,CP - Cutting Plant,,
06090301,"Zakład Mięsny Krzczonów Maria Dawidczyk, Robert Dawidczyk, Iwona Staszczyk s.c.",ul. Spółdzielcza 17; 23-110 Krzczonów,Krzczonów,23-110,"powiat lubelski,Lublin Voivodeship",Poland,RM,CP,N,porcine bovine,CP - Cutting Plant,,
14363801,Zakład Mięsny Kusio Wiesław,Załazy 3 A;,Przyłęk,26-704,"powiat zwoleński,Masovian Voivodeship",Poland,RM,CP SH,Y,porcine,CP - Cutting Plant | SH - Slaughterhouse,,
PL30200303,Zakład Mięsny LAS Kuczków Marek Chlasta,Kuczków 3c,Pleszew,63-300,"powiat pleszewski,Greater Poland Voivodeship",Poland,RM,CP,N,porcine,CP - Cutting Plant,,
14240201,Zakład Mięsny Lenarcik Sławomir Lenarcik,"Gotardy 37, 06-126 Gzy",Gzy,06-126,"powiat pułtuski,Masovian Voivodeship",Poland,RM,CP SH,Y,bovine porcine,CP - Cutting Plant | SH - Slaughterhouse,,
10183802,Zakład Mięsny Leszek Błaszczyk,Popielina 2,Lututów,98-360,"powiat wieruszowski,Łódź Voivodeship",Poland,RM,CP SH,Y,,CP - Cutting Plant | SH - Slaughterhouse,,
PL10160230WE,"Zakład Mięsny Lipińscy Anna Lipińska, Justyna Owczarek, Tomasz Lipiński s.c.",Wilkucice Duże 38,Rokiciny,97-221,"powiat tomaszowski,Łódź Voivodeship",Poland,RM,CP SH,Y,porcine bovine,CP - Cutting Plant | SH - Slaughterhouse,,
30270308,Zakład Mięsny MAS-POL Tomasz Jacaszek,ul. Kolska Szosa 66,Turek,62-700,"powiat turecki,Greater Poland Voivodeship",Poland,RM,CP,N,,CP - Cutting Plant,,
28133604,Zakład Mięsny Małgorzata Szeraszewicz,Osiedle Lesk 35,Olecko,19-400,"powiat olecki,Warmian-Masurian Voivodeship",Poland,RM,CP SH,Y,,CP - Cutting Plant | SH - Slaughterhouse,,
18110204,Zakład Mięsny Mirosław Zając,Podleszany 413,Podleszany,39-300,"powiat mielecki,Subcarpathian Voivodeship",Poland,RM,CP SH,Y,porcine,CP - Cutting Plant | SH - Slaughterhouse,,
02260202,Zakład Mięsny Nalpol,"Sępów 1B, 59-500 Złotoryja",Złotoryja,59-500,"powiat złotoryjski,Lower Silesian Voivodeship",Poland,RM,SH CP,Y,bovine porcine,SH - Slaughterhouse | CP - Cutting Plant,,
30120102,Zakład Mięsny Norbert Maciejewski,ul. Strzelecka 14,Kobylin,63-740,"powiat krotoszyński,Greater Poland Voivodeship",Poland,RM,SH,Y,bovine porcine,SH - Slaughterhouse,,
18030203,Zakład Mięsny Nowy Maxpol R. J. Kizior Spółka Jawna,ul. Leśna 2,Brzeźnica,39-207,"powiat dębicki,Subcarpathian Voivodeship",Poland,RM,CP SH,Y,bovine porcine,CP - Cutting Plant | SH - Slaughterhouse,,
04150214,Zakład Mięsny PEK MAR Lisiński Piotr,Witowąż 30B,Osówka,87-640,"powiat toruński,Kuyavian-Pomeranian Voivodeship",Poland,RM,CP SH,Y,,CP - Cutting Plant | SH - Slaughterhouse,,
10613801,Zakład Mięsny PIEMONTES Leszek Gamoń,ul. Bronisin 108,Łódź-Górna,93-326,"Łódź,Łódź Voivodeship",Poland,RM,CP SH,Y,bovine,CP - Cutting Plant | SH - Slaughterhouse,,
30080202,Zakład Mięsny Piotr Rachel sp. z o. o.,Lipie 36A,Lipie,63-645,"powiat kępiński,Greater Poland Voivodeship",Poland,RM,CP SH,Y,porcine bovine equine,CP - Cutting Plant | SH - Slaughterhouse,,
30270307,Zakład Mięsny SMOLIŃSKI Zbigniew Smoliński i Wspólnicy Spółka Jawna,Długa Wieś 49A,Dobra,62-730,"powiat turecki,Greater Poland Voivodeship",Poland,RM,CP,N,,CP - Cutting Plant,,
12063806,"Zakład Mięsny SUCHAN & HABER - Halina Suchan, Andrzej Suchan s.c.","32-060 Liszki, Kaszów 325",Liszki,32-060,"powiat krakowski,Lesser Poland Voivodeship",Poland,RM,CP,N,,CP - Cutting Plant,,
02260101,Zakład Mięsny Sp. z o. o.,"ul. Legnicka 21, 59-500 Złotoryja",Złotoryja,59-500,"powiat złotoryjski,Lower Silesian Voivodeship",Poland,RM,SH,Y,porcine,SH - Slaughterhouse,,
14033801,Zakład Mięsny Stanisław Grzeszczak,Stary Pilczyn 81,Stary Pilczyn,08-450,"powiat garwoliński,Masovian Voivodeship",Poland,RM,CP SH,Y,,CP - Cutting Plant | SH - Slaughterhouse,,
14130306,Zakład Mięsny Strzegowo Mirosław Płoski Sp.J.,06-445 Strzegowo ul. Słowackiego 24,Strzegowo,06-445,"powiat mławski,Masovian Voivodeship",Poland,RM,CP,N,porcine bovine,CP - Cutting Plant,,
14184202,Zakład Mięsny Tadeusz Drzewek,"Grzędy ul. Słoneczna 14,",Tarczyn,05-555,"powiat piaseczyński,Masovian Voivodeship",Poland,RM,CP,N,porcine ovine bovine,CP - Cutting Plant,,
14353801,Zakład Mięsny Tadex Wiśniewski spółka komandytowa z siedzibą w Turzynie,Turzyn 108,Brańszczyk,07-221,"powiat wyszkowski,Masovian Voivodeship",Poland,RM,CP SH,Y,bovine ovine,CP - Cutting Plant | SH - Slaughterhouse,,
10093806,Zakład Mięsny WOLA Henryk Konieczny,Wola Jankowska 56A,Wola Jankowska,98-337,"powiat pajęczański,Łódź Voivodeship",Poland,RM,CP SH,Y,porcine,CP - Cutting Plant | SH - Slaughterhouse,,
06020209,Zakład Mięsny Wasąg Spółka Jawna,Hedwiżyn 118,Biłgoraj,23-400,"powiat biłgorajski,Lublin Voivodeship",Poland,RM,CP SH,Y,porcine,CP - Cutting Plant | SH - Slaughterhouse,,
PL30043805,Zakład Mięsny Zbigniew Witkowski,Osowo 24,Gostyń,63-800,"powiat gostyński,Greater Poland Voivodeship",Poland,RM,CP SH,Y,porcine,CP - Cutting Plant | SH - Slaughterhouse,,
10210303,Zakład Mięsny ŚCIBIORÓW Sp. z o.o.,Ścibiorów 11A,Brzeziny,95-060,"powiat wieluński,Łódź Voivodeship",Poland,RM,CP,N,,CP - Cutting Plant,,
14330301,Zakład Mięsny Żeleźniki Robert Ratyński spółka komandytowa,Żeleźniki 130,Miedzna,07-106,"powiat węgrowski,Masovian Voivodeship",Poland,RM,CP SH,Y,porcine bovine,CP - Cutting Plant | SH - Slaughterhouse,,
PL24060202,"Zakład Produkcyjno-Handlowo-Usługowy ""POLMAR"" Mariusz Noga",ul. Rolnicza 5,Krzepice,42-160,"powiat kłobucki,Silesian Voivodeship",Poland,RM,CP SH,Y,porcine,CP - Cutting Plant | SH - Slaughterhouse,,
28030302,Zakład Produkcyjno-Handlowo-Usługowy Stanisław Kamiński,ul. Dworzec Główny 5,Lidzbark,13-230,"powiat działdowski,Warmian-Masurian Voivodeship",Poland,RM,CP,N,,CP - Cutting Plant,,
PL24010329WE,Zakład Produkcyjno-Handlowy Iwona Cogiel,ul. Moniuszki 43,Dobieszowice,42-584,"powiat będziński,Silesian Voivodeship",Poland,RM,CP,N,bovine caprine ovine equine porcine,CP - Cutting Plant,,
30063801,Zakład Przemysłu Mięsnego Biernacki Sp. z o. o.,"Golina, ul. Dworcowa 47 d",Jarocin,63-200,"powiat jarociński,Greater Poland Voivodeship",Poland,RM,SH CP,Y,,SH - Slaughterhouse | CP - Cutting Plant,,
04010501,"Zakład Przemysłu Mięsnego DRÓBALEKS s. j. K.C. Śmieszny, M.Mroczkowska",Rudunki 25,Aleksandrów Kujawski,87-700,"powiat aleksandrowski,Kuyavian-Pomeranian Voivodeship",Poland,RM,CP,N,porcine,CP - Cutting Plant,,
04620305,Zakład Przetwórstwa Mięsa Aniołkowscy Justyna Stankiewicz Spółka Jawna,ul. Karabinierów 2g,Grudziądz,86-300,"Grudziądz,Kuyavian-Pomeranian Voivodeship",Poland,RM,CP,N,,CP - Cutting Plant,,
06050201,Zakład Przetwórstwa Mięsa Matthias Spółka z ograniczoną odpowiedzialnością,Kolonia Zamek 48,Modliborzyce,23-310,"powiat janowski,Lublin Voivodeship",Poland,RM,CP SH,Y,porcine bovine,CP - Cutting Plant | SH - Slaughterhouse,,
30100301,Zakład Przetwórstwa Mięsnego,"Nieświastów, ul. Skiby 1",Kazimierz Biskupi,62-530,"powiat koniński,Greater Poland Voivodeship",Poland,RM,CP,N,porcine,CP - Cutting Plant,,
26120301,"Zakład Przetwórstwa Mięsnego ""ALFA"" Adrian Suchojad","Mostki 26, 28-200 Staszów",Mostki,28-200,"powiat staszowski,Świętokrzyskie Voivodeship",Poland,RM,CP,N,bovine porcine,CP - Cutting Plant,,
18033602,"Zakład Przetwórstwa Mięsnego ""DRĄG"" s.c. B. Knych, E. Kieraś, A. Drąg-Parys",Góra Motyczna 96 A,Żyraków,39-204,"powiat dębicki,Subcarpathian Voivodeship",Poland,RM,CP SH,Y,porcine,CP - Cutting Plant | SH - Slaughterhouse,,
10120215,"Zakład Przetwórstwa Mięsnego ""GAIK"" Spółka komandytowa",Niedośpielin 70,Wielgomłyny,97-525,"powiat radomszczański,Łódź Voivodeship",Poland,RM,CP SH,Y,,CP - Cutting Plant | SH - Slaughterhouse,,
14154201,"Zakład Przetwórstwa Mięsnego ""JBB"" IMPORT-EKSPORT Józef Bałdyga, Rozbiór w Dylewie","Dylewo, ul. Przemysłowa 2",Kadzidło,07-420,"powiat ostrołęcki,Masovian Voivodeship",Poland,RM,CP,N,,CP - Cutting Plant,,
10070301,"Zakład Przetwórstwa Mięsnego ""Poddębniak"" Andrzej Poddębniak",Kunice 6,Kunice,26-332,"powiat opoczyński,Łódź Voivodeship",Poland,RM,CP,N,bovine porcine,CP - Cutting Plant,,
10070202,"Zakład Przetwórstwa Mięsnego ""Stępień"" B&S Stępniowie Sp. J. Libiszów Kolonia 9A",Sobawiny 48A,Opoczno,26-300,"powiat opoczyński,Łódź Voivodeship",Poland,RM,CP SH,Y,bovine porcine,CP - Cutting Plant | SH - Slaughterhouse,,
08120602,"Zakład Przetwórstwa Mięsnego ""Sława"" Sp. z o.o.",UL. PRZEMYSŁOWA 11,Sława,67-410,"powiat wschowski,Lubusz Voivodeship",Poland,RM,CP,N,porcine,CP - Cutting Plant,,
12104202,"Zakład Przetwórstwa Mięsnego ""ZACZYK"" Sp. z o.o.",33-336 Łabowa 176A,Łabowa,33-336,"powiat nowosądecki,Lesser Poland Voivodeship",Poland,RM,CP,N,bovine,CP - Cutting Plant,,
18033801,"Zakład Przetwórstwa Mięsnego ""ZACZYK"" spółka z ograniczoną odpowiedzialnością Oddział",ul. Fabryczna 2 A,Dębica,39-200,"powiat dębicki,Subcarpathian Voivodeship",Poland,RM,SH CP,Y,bovine,SH - Slaughterhouse | CP - Cutting Plant,,
10173801,Zakład Przetwórstwa Mięsnego - Ubojnia Majos - Olczak Spółka Jawna,Czarnożyły 241,Czarnożyły,98-310,"powiat wieluński,Łódź Voivodeship",Poland,RM,SH CP,Y,porcine,SH - Slaughterhouse | CP - Cutting Plant,,
04100304,Zakład Przetwórstwa Mięsnego ADMIĘS Marek Domiński,ul. Modrzewiowa 4,Szubin-Wieś,89-200,"powiat nakielski,Kuyavian-Pomeranian Voivodeship",Poland,RM,CP,N,,CP - Cutting Plant,,
PL24033601,Zakład Przetwórstwa Mięsnego Adam Chudyk,Ochaby Małe ul. Miłosna 29,Skoczów,43-430,"powiat cieszyński,Silesian Voivodeship",Poland,RM,CP SH,Y,porcine,CP - Cutting Plant | SH - Slaughterhouse,,
06050204,"Zakład Przetwórstwa Mięsnego DARMAS , Dariusz Urbańczyk",Dąbrowica 47,Potok Wielki,23-313,"powiat janowski,Lublin Voivodeship",Poland,RM,CP SH,Y,bovine porcine,CP - Cutting Plant | SH - Slaughterhouse,,
22140304,"Zakład Przetwórstwa Mięsnego Dalwin Zbigniew Krause, Grzegorz Krause S.J",Dalwin 26,Turze,83-113,"powiat tczewski,Pomeranian Voivodeship",Poland,RM,CP,N,,CP - Cutting Plant,,
30220207,Zakład Przetwórstwa Mięsnego Dworecki Sp. Jawna,Golejewo 34,Pakosław,63-920,"powiat rawicki,Greater Poland Voivodeship",Poland,RM,SH,Y,porcine,SH - Slaughterhouse,,
30110302,Zakład Przetwórstwa Mięsnego E.M.K. Smolarek Spółka Jawna,ul. Niemcewicza 3,Kościan,64-000,"powiat kościański,Greater Poland Voivodeship",Poland,RM,CP,N,bovine porcine,CP - Cutting Plant,,
10180310,Zakład Przetwórstwa Mięsnego EGO - DĘBINA Sławomir Tomczyk,Dąbrówka 13,Galewice,98-405,"powiat wieruszowski,Łódź Voivodeship",Poland,RM,CP,N,,CP - Cutting Plant,,
30080214,Zakład Przetwórstwa Mięsnego Ewa Berska,Grębanin 44A,Baranów,63-604,"powiat kępiński,Greater Poland Voivodeship",Poland,RM,CP SH,Y,porcine bovine,CP - Cutting Plant | SH - Slaughterhouse,,
26020305,Zakład Przetwórstwa Mięsnego GALESZ SMAK T.Szeląg J.Szeląg Spółka Cywilna Węgrzce Wielkie 462 32 - 002 Węgrzce Wielkie Oddział Mierzyn 37a 28 - 340 Sędziszów,"28-340 Sędziszów, Mierzyn 37A",Mierzyn,28-340,"powiat jędrzejowski,Świętokrzyskie Voivodeship",Poland,RM,CP,N,bovine porcine,CP - Cutting Plant,,
10060315,Zakład Przetwórstwa Mięsnego GROT Sp. z o.o.,ul. Zakładowa 3/7,Starowa Góra,95-030,"County Lodzki,Łódź Voivodeship",Poland,RM,CP,N,,CP - Cutting Plant,,
18150201,Zakład Przetwórstwa Mięsnego H. i A. Paśko Spółka jawna,Masarska 7,Ropczyce,39-100,"powiat ropczycko-sędziszowski,Subcarpathian Voivodeship",Poland,RM,CP SH,Y,porcine,CP - Cutting Plant | SH - Slaughterhouse,,
PL12010202WE,Zakład Przetwórstwa Mięsnego Henryk Kołdras,Proszówki 308,Proszówki,32-700,"powiat bocheński,Lesser Poland Voivodeship",Poland,RM,CP SH,Y,porcine bovine,CP - Cutting Plant | SH - Slaughterhouse,,
30010101,Zakład Przetwórstwa Mięsnego Ignaczak spółka cywilna Ubojnia Strzelęcin,Strzelęcin 29,Chodzież,64-800,"powiat chodzieski,Greater Poland Voivodeship",Poland,RM,SH,Y,caprine,SH - Slaughterhouse,,
04143803,Zakład Przetwórstwa Mięsnego Janusz Guzman,ul. Owocowa 1,Nowe,86-170,"powiat świecki,Kuyavian-Pomeranian Voivodeship",Poland,RM,CP SH,Y,porcine,CP - Cutting Plant | SH - Slaughterhouse,,
02020302,Zakład Przetwórstwa Mięsnego Jerzy Gawrycki,ul. Wincentego Witosa 3,Bielawa,58-260,"powiat dzierżoniowski,Lower Silesian Voivodeship",Poland,RM,CP,N,bovine porcine,CP - Cutting Plant,,
PL12010206WE,Zakład Przetwórstwa Mięsnego Józef Matlęga,Lipnica Dolna 203,Lipnica Murowana,32-724,"powiat bocheński,Lesser Poland Voivodeship",Poland,RM,CP SH,Y,caprine ovine porcine bovine,CP - Cutting Plant | SH - Slaughterhouse,,
18110208,Zakład Przetwórstwa Mięsnego KABANOS,ul. Wenecka 20,Przecław,39-320,"powiat mielecki,Subcarpathian Voivodeship",Poland,RM,CP SH,Y,porcine,CP - Cutting Plant | SH - Slaughterhouse,,
18110210,Zakład Przetwórstwa Mięsnego Kazimierz Mrozowski,ul. Graniczna 1,Radomyśl Wielki,39-310,"powiat mielecki,Subcarpathian Voivodeship",Poland,RM,CP SH,Y,porcine,CP - Cutting Plant | SH - Slaughterhouse,,
30120306,"Zakład Przetwórstwa Mięsnego Lanius Sp. Jawna Mirosław Sudomieski, Tomasz Patryjas, Jadwiga Patryjas",ul. Sieniutowa 25,Zduny,63-760,"powiat krotoszyński,Greater Poland Voivodeship",Poland,RM,CP,N,bovine porcine,CP - Cutting Plant,,
PL04020202,Zakład Przetwórstwa Mięsnego Lech Pniewski,Cielęta 21a,Cielęta,87-301,"powiat brodnicki,Kuyavian-Pomeranian Voivodeship",Poland,RM,CP,N,porcine,CP - Cutting Plant,,
18110213,Zakład Przetwórstwa Mięsnego Leszek Kokoszka,Żarówka 187a,Żarówka,39-312,"powiat mielecki,Subcarpathian Voivodeship",Poland,RM,CP SH,Y,porcine,CP - Cutting Plant | SH - Slaughterhouse,,
06050301,Zakład Przetwórstwa Mięsnego MAJER s.c. Maria i Jerzy Pizoń,Zdziłowice Pierwsze 54a,Godziszów,23-302,"powiat janowski,Lublin Voivodeship",Poland,RM,CP,N,bovine porcine,CP - Cutting Plant,,
10114201,Zakład Przetwórstwa Mięsnego MESSER Dariusz Zorn,ul. Spółdzielcza 8,Wartkowice,99-220,"powiat poddębicki,Łódź Voivodeship",Poland,RM,CP,N,,CP - Cutting Plant,,
32090202,Zakład Przetwórstwa Mięsnego Magdalena Stalewska,ul. Kolejowa 4,Bobolice,76-020,"powiat koszaliński,West Pomeranian Voivodeship",Poland,RM,SH CP,Y,porcine,SH - Slaughterhouse | CP - Cutting Plant,,
PL 16090309,Zakład Przetwórstwa Mięsnego Marcin Mroczek,ul. Nakielska 4a,Tarnów Opolski,46-050,"powiat opolski,Opole Voivodeship",Poland,RM,CP,N,,CP - Cutting Plant,,
18190204,Zakład Przetwórstwa Mięsnego Marek Leśniak,ul. Bieszczadzka 5A,Strzyżów,38-100,"powiat strzyżowski,Subcarpathian Voivodeship",Poland,RM,SH,Y,,SH - Slaughterhouse,,
12160331,Zakład Przetwórstwa Mięsnego Maria i Krzysztof Kowalscy,Skrzyszów 411a,Skrzyszów,33-156,"powiat tarnowski,Lesser Poland Voivodeship",Poland,RM,CP,N,porcine,CP - Cutting Plant,,
28043801,Zakład Przetwórstwa Mięsnego Małgorzata Kamińska - Demska,82-335 Gronowo Elbląskie ul. Przemysłowa 11A,Gronowo Elbląskie,82-335,"powiat elbląski,Warmian-Masurian Voivodeship",Poland,RM,SH,Y,,SH - Slaughterhouse,,
16070212,Zakład Przetwórstwa Mięsnego Merda s.c.,Konradowa 131,Nysa,48-303,"powiat nyski,Opole Voivodeship",Poland,RM,CP SH,Y,porcine,CP - Cutting Plant | SH - Slaughterhouse,,
06180210,Zakład Przetwórstwa Mięsnego Mieczysław Witkowski Sp. z o. o.,"22-600 Tomaszów Lubelski, ul. Zamojska 46",Tomaszów Lubelski,22-600,"powiat tomaszowski,Lublin Voivodeship",Poland,RM,CP SH,Y,porcine bovine,CP - Cutting Plant | SH - Slaughterhouse,,
10070201,Zakład Przetwórstwa Mięsnego Nowakowski Sp. z o.o.,Dąbrowa 6,Dąbrowa,26-332,"powiat opoczyński,Łódź Voivodeship",Poland,RM,CP SH,Y,porcine,CP - Cutting Plant | SH - Slaughterhouse,,
32020301,"Zakład Przetwórstwa Mięsnego OZIMEK K. Ozimek, R. Ozimek, M. Ozimek Spółka Jawna",Fabryczna 8,Choszczno,73-200,"powiat choszczeński,West Pomeranian Voivodeship",Poland,RM,CP,N,porcine,CP - Cutting Plant,,
32090201,Zakład Przetwórstwa Mięsnego Piotr Zieliński,ul. Łubuszan 49,Sianów,76-004,"powiat koszaliński,West Pomeranian Voivodeship",Poland,RM,SH CP,Y,porcine,SH - Slaughterhouse | CP - Cutting Plant,,
06180201,"Zakład Przetwórstwa Mięsnego Piotr Zubrzycki, Henryka Zubrzycka Spółka Jawna","22-600 Tomaszów Lubelski, Kolonia Łaszczówka 49",Tomaszów Lubelski,22-600,"powiat tomaszowski,Lublin Voivodeship",Poland,RM,CP SH,Y,porcine,CP - Cutting Plant | SH - Slaughterhouse,,
12160327,Zakład Przetwórstwa Mięsnego ROL - PEK Leszek Roleski,Zbylitowska Góra ul. Słoneczna 22,Zgłobice,33-113,"powiat tarnowski,Lesser Poland Voivodeship",Poland,RM,CP,N,bovine porcine,CP - Cutting Plant,,
06090204,Zakład Przetwórstwa Mięsnego RYJEK s. j. Woźniak i spółka,Nasutów 173 ; 21-025 Niemce,Niemce,21-025,"powiat lubelski,Lublin Voivodeship",Poland,RM,CP SH,Y,ovine porcine bovine,CP - Cutting Plant | SH - Slaughterhouse,,
10210209,Zakład Przetwórstwa Mięsnego RZEŹNIK Przemysław Paszkowski,ul. Sobieskiego 15,Jeżów,95-047,"powiat brzeziński,Łódź Voivodeship",Poland,RM,CP SH,Y,,CP - Cutting Plant | SH - Slaughterhouse,,
30170206,Zakład Przetwórstwa Mięsnego Roman Binek,ul. Strzelecka 80,Odolanów,63-430,"powiat ostrowski,Greater Poland Voivodeship",Poland,RM,CP SH,Y,porcine bovine,CP - Cutting Plant | SH - Slaughterhouse,,
30300201,"Zakład Przetwórstwa Mięsnego ST. Tomaszewski, M. Sobik, Sł.Tomaszewski Spółka jawna",ul. Pałczyńska 17,Miłosław,62-320,"powiat wrzesiński,Greater Poland Voivodeship",Poland,RM,CP SH,Y,porcine,CP - Cutting Plant | SH - Slaughterhouse,,
18040202,Zakład Przetwórstwa Mięsnego SZAREK Andrzej Szarek,Widna Góra ul. Roźwienicka 15,Jarosław,37-500,"powiat jarosławski,Subcarpathian Voivodeship",Poland,RM,CP SH,Y,porcine,CP - Cutting Plant | SH - Slaughterhouse,,
32090302,Zakład Przetwórstwa Mięsnego Stanisław Grzywacz Wanda Grzywacz,ul. Strzelecka 9,Sianów,76-004,"powiat koszaliński,West Pomeranian Voivodeship",Poland,RM,CP,N,porcine bovine,CP - Cutting Plant,,
08120601,Zakład Przetwórstwa Mięsnego Sława Sp. z o.o.,ul. Przemysłowa 6a,Sława,67-410,"powiat wschowski,Lubusz Voivodeship",Poland,RM,CP,N,porcine,CP - Cutting Plant,,
10120306,Zakład Przetwórstwa Mięsnego TOMPOL Tomasz Musiał,Kraszewice 29,Masłowice,97-515,"powiat radomszczański,Łódź Voivodeship",Poland,RM,CP,N,,CP - Cutting Plant,,
04060307,Zakład Przetwórstwa Mięsnego Tomasz Kawski,Gruta 281,Mełno,86-330,"powiat grudziądzki,Kuyavian-Pomeranian Voivodeship",Poland,RM,CP,N,,CP - Cutting Plant,,
04063802,Zakład Przetwórstwa Mięsnego Tomasz Kawski Ubojnia,Łasin Wybudowanie 77,Łasin,86-320,"powiat grudziądzki,Kuyavian-Pomeranian Voivodeship",Poland,RM,CP SH,Y,,CP - Cutting Plant | SH - Slaughterhouse,,
14010104,Zakład Przetwórstwa Mięsnego Tomasz Morawski,Młodynie Górne 4a,Młodynie Górne,26-807,"powiat białobrzeski,Masovian Voivodeship",Poland,RM,SH,Y,porcine,SH - Slaughterhouse,,
30100305,Zakład Przetwórstwa Mięsnego Tomasz Śnieg,Modlibogowice 19,Kuchary Kościelne,62-573,"powiat koniński,Greater Poland Voivodeship",Poland,RM,CP,N,bovine porcine,CP - Cutting Plant,,
22070301,Zakład Przetwórstwa Mięsnego Wojciech Zieliński i Spółka Sp.j.,ul. Żwirowa 2b,Kwidzyn,82-500,"powiat kwidzyński,Pomeranian Voivodeship",Poland,RM,CP,N,bovine porcine,CP - Cutting Plant,,
10170202,"Zakład Przetwórstwa Mięsnego Wójcin Ryszard Duszyński, ul. Wieluńska 16, 98-432 Łubnice, Zakład Przetwórstwa Mięsnego",ul. Wojska Polskiego 65,Wieluń,98-300,"powiat wieluński,Łódź Voivodeship",Poland,RM,CP SH,Y,bovine porcine,CP - Cutting Plant | SH - Slaughterhouse,,
22020306,Zakład Przetwórstwa Mięsnego WĘDLINKA Henryk Czerwicki,"Złotowo, ul. Klaskawska 21",Czersk,89-650,"powiat chojnicki,Pomeranian Voivodeship",Poland,RM,CP,N,bovine porcine,CP - Cutting Plant,,
30050308,Zakład Przetwórstwa Mięsnego ZIELIŃSKI spółka komandytowa,Wioska 28,Wioska,64-308,"powiat grodziski,Greater Poland Voivodeship",Poland,RM,CP,N,porcine bovine,CP - Cutting Plant,,
30114201,Zakład Przetwórstwa Mięsnego Zbigniew Marcinkowski,Zbęchy Pole 8,Krzywiń,64-010,"powiat kościański,Greater Poland Voivodeship",Poland,RM,CP,N,bovine porcine,CP - Cutting Plant,,
32150301,Zakład Przetwórstwa Mięsnego s.c. Agnieszka Zwierzchowska Sandra Zwierzchowska Adrian Zwierzchowski,ul. Spokojna 6,Barwice,78-460,"powiat szczecinecki,West Pomeranian Voivodeship",Poland,RM,CP,N,porcine bovine,CP - Cutting Plant,,
22020305,Zakład Przetwórstwa Mięsnego spółka jawna Jan i Irena Wnuk Lipińscy w Konarzynach,ul. Szkolna 2,Konarzyny,89-607,"powiat chojnicki,Pomeranian Voivodeship",Poland,RM,CP,N,porcine bovine,CP - Cutting Plant,,
PL 06144301 WE,Zakład Rozbioru Drobiu i Mięsa Czerwonego Hurtownia Wędlin Kabanos Zdzisław Czuba,ul. Dęblińska 25a,Puławy,24-100,"powiat puławski,Lublin Voivodeship",Poland,RM,CP,N,,CP - Cutting Plant,,
WNI 14174203,"Zakład Rozbioru Mięsa ""Mielony"" Grzenda Mieczysław",ul. Hugona Kołłątaja 6,Karczew,05-480,"powiat otwocki,Masovian Voivodeship",Poland,RM,CP,N,,CP - Cutting Plant,,
12064207,Zakład Rozbioru Mięsa - Adam Zaborowski,Nowa Wieś Szlachecka ul. Szlachecka 78,Nowa Wieś Szlachecka,32-060,"powiat krakowski,Lesser Poland Voivodeship",Poland,RM,CP,N,bovine porcine,CP - Cutting Plant,,
14334201,Zakład Rozbioru Mięsa FAREX Sp. z o.o.Sp.K,ul.Stadionowa 4,Węgrów,07-100,"powiat węgrowski,Masovian Voivodeship",Poland,RM,CP,N,porcine bovine,CP - Cutting Plant,,
30094202,"Zakład Rozbioru i Pakowania Mięsa ""MOGRAL"" Grzegorz Grabowski",Powiercie 9b,Koło,62-600,"powiat kolski,Greater Poland Voivodeship",Poland,RM,CP,N,bovine,CP - Cutting Plant,,
30220202,Zakład Rzeźnicko-Wedliniarski Tadeusz Szczepaniak,Golaszyn 94,Bojanowo,63-940,"powiat rawicki,Greater Poland Voivodeship",Poland,RM,SH,Y,porcine,SH - Slaughterhouse,,
12160332,Zakład Rzeźniczo - Wędliniarski Andrzej Sajdak - Wacław Sajdak Sp. J.,ul. Długa 70,Tuchów,33-170,"powiat tarnowski,Lesser Poland Voivodeship",Poland,RM,CP,N,bovine porcine,CP - Cutting Plant,,
Pl24010324WE,Zakład Rzeźniczo - Wędliniarski Bara Jacek,ul. Wolności 32a,Mierzęcice,42-460,"powiat będziński,Silesian Voivodeship",Poland,RM,CP,N,bovine porcine,CP - Cutting Plant,,
14370201,Zakład Rzeźniczo - Wędliniarski Masarnia Jarosław Motylewski Jan Zaborowski Spólka Jawna,"Bieżuń, ul. Borek 36A, 09-320 Bieżuń",Bieżuń,09-320,"powiat żuromiński,Masovian Voivodeship",Poland,RM,CP SH,Y,,CP - Cutting Plant | SH - Slaughterhouse,,
30020308,Zakład Rzeźniczo- Wędliniarski Edmund Koczorowski,ul. Okrężna 25,Połajewo,64-710,"powiat czarnkowsko-trzcianecki,Greater Poland Voivodeship",Poland,RM,CP,N,bovine porcine,CP - Cutting Plant,,
30020102,Zakład Rzeźniczo- Wędliniarski Edmund Koczorowski Ubojnia Trzody Chlewnej,"ul. Okrężna 25, Połajewko",Połajewo,64-710,"powiat czarnkowsko-trzcianecki,Greater Poland Voivodeship",Poland,RM,SH,Y,porcine,SH - Slaughterhouse,,
18090301,Zakład Rzeźniczo-Masarski Roman Dubiel,Narol-Wieś 4,Narol,37-610,"powiat lubaczowski,Subcarpathian Voivodeship",Poland,RM,CP,N,,CP - Cutting Plant,,
PL12040103WE,Zakład Rzeźniczy Stanisław Łuszcz,Dąbrowica 169,Szczucin,33-230,"powiat dąbrowski,Lesser Poland Voivodeship",Poland,RM,SH,Y,porcine,SH - Slaughterhouse,,
04160204,Zakład Skupu Przetwórstwa Trzody Bydła i Dziczyzny Myśliwiec,ul. Osiedle Młodych 11,Śliwice,89-530,"powiat tucholski,Kuyavian-Pomeranian Voivodeship",Poland,RM,CP SH,Y,,CP - Cutting Plant | SH - Slaughterhouse,,
14110205,Zakład Ubojowo - Masarski Lech Rawa,"ul. Ostrołęcka 41, 06-216 Sypniewo",Sypniewo,06-216,"powiat makowski,Masovian Voivodeship",Poland,RM,CP SH,Y,porcine,CP - Cutting Plant | SH - Slaughterhouse,,
18060301,Zakład Uboju - Przetwórstwo Mięsne KARKUT,ul. Piłsudskiego 76,Kolbuszowa,36-100,"powiat kolbuszowski,Subcarpathian Voivodeship",Poland,RM,CP,N,porcine,CP - Cutting Plant,,
30233802,Zakład Uboju Bydła i Rozbioru Tomasz Karolak,ul. Słupecka 10A,Ciążeń,62-404,"powiat słupecki,Greater Poland Voivodeship",Poland,RM,CP SH,Y,bovine caprine ovine porcine,CP - Cutting Plant | SH - Slaughterhouse,,
18020204,Zakład Uboju Skupu i Przetwórstwa Mięsnego Marcelina i Jan Wacławscy Sp. J.,ul. Poniatowskiego 7,Brzozów,36-200,"powiat brzozowski,Subcarpathian Voivodeship",Poland,RM,CP SH,Y,porcine,CP - Cutting Plant | SH - Slaughterhouse,,
30070103,Zakład Uboju Zwierząt Józef Marcinkowski,Rychnów 69,Rychnów,62-814,"powiat kaliski,Greater Poland Voivodeship",Poland,RM,SH,Y,porcine,SH - Slaughterhouse,,
26120207,Zakład Uboju Zwierząt Rzeźnych i Produkcja Wędlin Barbara Adaś,"Sichów Duży 12 a, 28-236 Rytwiany",Sichów Duży,28-236,"powiat staszowski,Świętokrzyskie Voivodeship",Poland,RM,CP SH,Y,bovine porcine,CP - Cutting Plant | SH - Slaughterhouse,,
26120202,Zakład Uboju i Produkcji Wędlin Teresa Gajek,"Wola Wiśniowska 83c, 28-200 Staszów",Wola Wiśniowska,28-200,"powiat staszowski,Świętokrzyskie Voivodeship",Poland,RM,CP SH,Y,bovine porcine,CP - Cutting Plant | SH - Slaughterhouse,,
18100205,Zakład Uboju i Przerobu Mięsa Jan Fołta,Markowa 409,Markowa,37-120,"powiat łańcucki,Subcarpathian Voivodeship",Poland,RM,CP SH,Y,porcine,CP - Cutting Plant | SH - Slaughterhouse,,
PL24760201WE,Zakład Uboju i Przetwórstwa Mięsa Bronex Paprota Spółka Jawna,ul. Śląska 87a,Świętochłowice,41-600,"Świętochłowice,Silesian Voivodeship",Poland,RM,CP,N,,CP - Cutting Plant,,
06180205,Zakład Uboju i Przetwórstwa Mięsnego Wiktor Hałasa,"22-672 Susiec, Kunki 63",Susiec,22-672,"powiat tomaszowski,Lublin Voivodeship",Poland,RM,CP SH,Y,porcine,CP - Cutting Plant | SH - Slaughterhouse,,
24163801,Zakład Uboju i Rozbioru Mięsa MAR - BET Marian i Beata Kubaccy Spółka Jawna,"Poręba, ul. Ks. Franciszka Pędzicha 6",Poręba,42-480,"powiat zawierciański,Silesian Voivodeship",Poland,RM,CP SH,Y,bovine,CP - Cutting Plant | SH - Slaughterhouse,,
28070203,Zakład Usług Masarskich Sławomir Rudaś,ul. Traugutta 16,Zalewo,14-230,"powiat iławski,Warmian-Masurian Voivodeship",Poland,RM,CP SH,Y,,CP - Cutting Plant | SH - Slaughterhouse,,
PL20093802,"Zakład Usług Rzeźniczych Aleksandrowicz, Sadłowski Spółka Jawna","Sejny, ul. Łąkowa 27",Sejny,16-500,"powiat sejneński,Podlaskie Voivodeship",Poland,RM,SH CP,Y,porcine,SH - Slaughterhouse | CP - Cutting Plant,,
PL30040103,Zakład Usługowo - Handlowy Jan Dominiak,ul. Powstańców Wlkp. 13,Piaski,63-820,"powiat gostyński,Greater Poland Voivodeship",Poland,RM,SH,Y,porcine,SH - Slaughterhouse,,
PL22080203,Zakład Usługowo - Handlowy Ubój Rozbiór i Przetwórstwo Filip Dyszer,ul. W. Witosa 15,Cewice,84-312,"powiat lęborski,Pomeranian Voivodeship",Poland,RM,CP SH,Y,,CP - Cutting Plant | SH - Slaughterhouse,,
32180301,Zakład Wyrobów Wędliniarskich Marek Kowalczyk,Krzemienna 17,Dobra,72-210,"powiat łobeski,West Pomeranian Voivodeship",Poland,RM,CP,N,porcine bovine,CP - Cutting Plant,,
06010306,Zakład Wyrobów Wędliniarskich Wysokie s.c.,Rogoźnica-Kolonia 17A,Międzyrzec Podlaski,21-560,"powiat bialski,Lublin Voivodeship",Poland,RM,CP,N,porcine bovine,CP - Cutting Plant,,
PL24730304,Zakład Wędliniarski PROCEK,ul. Robotnicza 32,Rybnik,44-213,"Rybnik,Silesian Voivodeship",Poland,RM,CP,N,bovine porcine,CP - Cutting Plant,,
PL24060223,Zakład Wędliniarski Wioleta i Marcin Plaminiak s.c.,ul. Kasztanowa 15,Lipie,42-165,"powiat kłobucki,Silesian Voivodeship",Poland,RM,CP SH,Y,porcine,CP - Cutting Plant | SH - Slaughterhouse,,
30610301,Zakład Wędliniarski Wojciech Fiderkiewicz Spółka z ograniczoną odpowiedzialnością,ul. Bolesława Pobożnego 40,Kalisz,62-800,"Kalisz,Greater Poland Voivodeship",Poland,RM,CP,N,,CP - Cutting Plant,,
PL10160315WE,Zakład mięsny Euro - sak sc.,Olszowiec 63A,Lubochnia,97-217,"powiat tomaszowski,Łódź Voivodeship",Poland,RM,CP,N,bovine porcine,CP - Cutting Plant,,
24150209,Zakład rzeźniczo-wędliniarski Ernestyn Janeta,ul. Pogrzebieńska 21A,Lubomia,44-360,"Wodzisław County,Silesian Voivodeship",Poland,RM,CP SH,Y,bovine porcine,CP - Cutting Plant | SH - Slaughterhouse,,
30120307,ZakładPrzetwórstwa Mięsnego JANEX Jan Kozłowski,ul. Wałowa 10,Kobylin,63-740,"powiat krotoszyński,Greater Poland Voivodeship",Poland,RM,CP,N,bovine porcine,CP - Cutting Plant,,
PL24140305WE,"Zakłady Mięsne ""BOROŃ"" Sp. z o.o.",ul. Wolska 13,Jedlina,43-220,"powiat bieruńsko-lędziński,Silesian Voivodeship",Poland,RM,CP,N,bovine porcine,CP - Cutting Plant,,
10123803,"Zakłady Mięsne ""BRAT - POL"" Sp. z o.o.",Wólka Włościańska 5,Wielgomłyny,97-525,"powiat radomszczański,Łódź Voivodeship",Poland,RM,CP SH,Y,,CP - Cutting Plant | SH - Slaughterhouse,,
30210318,"Zakłady Mięsne ""BYSTRY"" Sp. z o.o. Spółka komandytowa",ul. Strzelecka 2,Swarzędz,62-020,"powiat poznański,Greater Poland Voivodeship",Poland,RM,CP,N,,CP - Cutting Plant,,
PL24130213,"Zakłady Mięsne ""HAM"" Cichoń i Wspólnicy sp. z o.o.",ul. Ciepłownicza 7,Radzionków,41-922,"Tarnowskie Góry County,Silesian Voivodeship",Poland,RM,SH,Y,,SH - Slaughterhouse,,
14260112,"Zakłady Mięsne ""Mokobody"" Sp. z o.o.","ul.Zielona 4,",Mokobody,08-124,"Siedlce County,Masovian Voivodeship",Poland,RM,SH,Y,bovine,SH - Slaughterhouse,,
30290208,"Zakłady Mięsne ""Sobkowiak"" Elżbieta Sobkowiak",ul. Wolsztyńska 54,Siedlec,64-212,"powiat wolsztyński,Greater Poland Voivodeship",Poland,RM,CP,N,bovine porcine,CP - Cutting Plant,,
PL12010102WE,"Zakłady Mięsne ""TUR"" Spółka z ograniczoną odpowiedzialnością spółka komandytowa",Kobylec 230,Łapanów,32-740,"powiat bocheński,Lesser Poland Voivodeship",Poland,RM,CP SH,Y,porcine,CP - Cutting Plant | SH - Slaughterhouse,,
PL14293801WE,"Zakłady Mięsne ""ZAKRZEWSCY"" Dariusz Zakrzewski, Janusz Zakrzewski Sp.j.",ul. Wiejska 7,Kosów Lacki,08-330,"powiat sokołowski,Masovian Voivodeship",Poland,RM,CP SH,Y,bovine porcine,CP - Cutting Plant | SH - Slaughterhouse,,
20043802,"Zakłady Mięsne ""Zakrzewscy"" Sp. z o. o. Zakład Przemysłowy w Szczuczynie","ul. Przemysłowa 1, 19-230 Szczuczyn",Szczuczyn,19-230,"powiat grajewski,Podlaskie Voivodeship",Poland,RM,CP SH,Y,bovine,CP - Cutting Plant | SH - Slaughterhouse,,
30094203,Zakłady Mięsne CARNIS-Koło Bronisław Rowecki Spółka komandytowo-akcyjna,ul. Zachodnia 5,Koło,62-600,"powiat kolski,Greater Poland Voivodeship",Poland,RM,CP,N,porcine,CP - Cutting Plant,,
14270204,Zakłady Mięsne Czachorowski,"ul. Mostowa 4, 09-215 Bożewo",Bożewo,09-215,"powiat sierpecki,Masovian Voivodeship",Poland,RM,CP SH,Y,porcine,CP - Cutting Plant | SH - Slaughterhouse,,
30020202,Zakłady Mięsne Czarnków Dolina Noteci Spółka z ograniczoną odpowiedzialnością,Romanowo Dolne- Osuch 12,Czarnków,64-700,"powiat czarnkowsko-trzcianecki,Greater Poland Voivodeship",Poland,RM,CP SH,Y,porcine bovine,CP - Cutting Plant | SH - Slaughterhouse,,
06140204,Zakłady Mięsne Dobrosławów Henryk Amanowicz,Dobrosławów 43,Puławy,24-100,"powiat puławski,Lublin Voivodeship",Poland,RM,SH CP,Y,bovine porcine,SH - Slaughterhouse | CP - Cutting Plant,,
14340315,Zakłady Mięsne Jadów Sp. z o. o,Wójty 53,Jadów,05-280,"powiat wołomiński,Masovian Voivodeship",Poland,RM,CP,N,,CP - Cutting Plant,,
24090201,Zakłady Mięsne JÓZAN Anna Kaczorowska,Rzeniszów ul. Zielona 21,"Koziegłowy, Silesian Voivodeship",42-350,"powiat myszkowski,Silesian Voivodeship",Poland,RM,CP SH,Y,,CP - Cutting Plant | SH - Slaughterhouse,,
20130105,Zakłady Mięsne KRASPOL Jarosław Krasowski,"18-200 Wysokie Mazowieckie, UL. Długa 105",Wysokie Mazowieckie,18-200,"powiat wysokomazowiecki,Podlaskie Voivodeship",Poland,RM,SH CP,Y,bovine,SH - Slaughterhouse | CP - Cutting Plant,,
30090302,Zakłady Mięsne Kazimierz Kołodziejczak,ul. Toruńska 6,Grzegorzew,62-640,"powiat kolski,Greater Poland Voivodeship",Poland,RM,CP,N,bovine porcine,CP - Cutting Plant,,
30050305,Zakłady Mięsne Kozłowski Spółka z ograniczoną odpowiedzialnością,ul. Sadowa 2,Wielichowo-Wieś,64-050,"powiat grodziski,Greater Poland Voivodeship",Poland,RM,CP,N,porcine,CP - Cutting Plant,,
22060201,Zakłady Mięsne Kościerzyna Sp. z o.o.,ul. Strzelecka 30B,Kościerzyna,83-400,"powiat kościerski,Pomeranian Voivodeship",Poland,RM,SH CP,Y,bovine porcine,SH - Slaughterhouse | CP - Cutting Plant,,
30210301,Zakłady Mięsne Mielczarek Sp. z o.o. spółka komandytowa,Komornicka 22/24,Komorniki,62-052,"powiat poznański,Greater Poland Voivodeship",Poland,RM,CP,N,,CP - Cutting Plant,,
22040305,Zakłady Mięsne NOWAK Spółka z ograniczoną odpowiedzialnością 80-180 Gdańsk ul. Knyszyńska 16A/2,ul Sportowa 60,Jankowo Gdańskie,80-180,"powiat gdański,Pomeranian Voivodeship",Poland,RM,CP,N,bovine porcine ovine,CP - Cutting Plant,,
04140320,Zakłady Mięsne NOWAKOWSKI SEROCK Sebastian Putynkowski,Al. 1000-lecia 4,Serock,86-120,"powiat świecki,Kuyavian-Pomeranian Voivodeship",Poland,RM,CP,N,porcine,CP - Cutting Plant,,
18050309,Zakłady Mięsne Nowy Żmigród Spółka z ograniczoną odpowiedzialnością,Mytarz 4,Nowy Żmigród,38-230,"powiat jasielski,Subcarpathian Voivodeship",Poland,RM,CP,N,porcine bovine,CP - Cutting Plant,,
14270201,Zakłady Mięsne OLEWNIK Sp. z o.o.,ul. Romualda Traugutta 24,Sierpc,09-200,"powiat sierpecki,Masovian Voivodeship",Poland,RM,CP SH,Y,bovine ovine porcine,CP - Cutting Plant | SH - Slaughterhouse,,
PL14190301,Zakłady Mięsne Peklimar 2 Sp. z o.o.,Umienino-Łubki 5,Nowe Proboszczewice,09-412,"powiat płocki,Masovian Voivodeship",Poland,RM,CP,N,porcine,CP - Cutting Plant,,
14133001,Zakłady Mięsne Peklimar 2 sp. z o.o. Zakład Produkcyjny w Uniszkach Cegielni,"06-500 Mława, Uniszki Cegielnia 16A",Uniszki-Cegielnia,06-500,"powiat mławski,Masovian Voivodeship",Poland,RM,CP,N,porcine,CP - Cutting Plant,,
PL10160201WE,Zakłady Mięsne Piekarscy sp. k.,Wilkucice Duże 37 97-221 Rokiciny,Rokiciny,97-221,"powiat tomaszowski,Łódź Voivodeship",Poland,RM,CP SH,Y,bovine porcine,CP - Cutting Plant | SH - Slaughterhouse,,
PL14380301WE,Zakłady Mięsne Ratyński i Synowie S.J,ul. Lelewela 5,Żyrardów,96-300,"Żyrardów County,Masovian Voivodeship",Poland,RM,CP,N,porcine bovine,CP - Cutting Plant,,
04140319,Zakłady Mięsne Saltowski Sp. z o.o.,ul. Wyzwolenia 13A,Lniano,86-141,"powiat świecki,Kuyavian-Pomeranian Voivodeship",Poland,RM,CP,N,bovine porcine,CP - Cutting Plant,,
22023801,Zakłady Mięsne Skiba S. A. Oddział Ubojnia Trzody Chlewnej w Chojnicach,89-600 Chojnice ul. Droga do Igieł 2,Chojnice,89-600,"powiat chojnicki,Pomeranian Voivodeship",Poland,RM,CP SH,Y,porcine,CP - Cutting Plant | SH - Slaughterhouse,,
14350206,Zakłady Mięsne Somianka Rucińscy spółka jawna,Somianka ul. Serocka 42,Somianka,07-203,"powiat wyszkowski,Masovian Voivodeship",Poland,RM,CP SH,Y,porcine bovine,CP - Cutting Plant | SH - Slaughterhouse,,
PL24750325UE,Zakłady Mięsne Szatan Sp.J,ul. Chemiczna 12,Sosnowiec,41-200,"Sosnowiec,Silesian Voivodeship",Poland,RM,CP,N,porcine,CP - Cutting Plant,,
14354203,Zakłady Mięsne URBANIAK Jerzy Urbaniak,Słopsk ul. Wincentego Witosa 85,Zabrodzie,07-230,"powiat wyszkowski,Masovian Voivodeship",Poland,RM,CP,N,bovine porcine,CP - Cutting Plant,,
06630203,Zakłady Mięsne Z i J Cioczek s j,ul. Gospodarcza 33 ; 20-211 Lublin,Lublin,20-234,"Lublin,Lublin Voivodeship",Poland,RM,SH CP,Y,bovine porcine,SH - Slaughterhouse | CP - Cutting Plant,,
30190231,Zakłady Mięsne Łuków S.A. Zakład Produkcyjny w Śmiłowie,"Śmiłowo , ul. Przemysłowa 4",Kaczory,64-810,"powiat pilski,Greater Poland Voivodeship",Poland,RM,CP SH,Y,porcine,CP - Cutting Plant | SH - Slaughterhouse,,
PL 06110266,Zakłady Mięsne Łuków Sp. z o.o.,ul Przemysłowa 15,Łuków,21-400,"powiat łukowski,Lublin Voivodeship",Poland,RM,CP SH,Y,bovine porcine,CP - Cutting Plant | SH - Slaughterhouse,,
14290202,Zakłady Mięsne ŚWIDERSCY Rafał Świderski,"08-330 Kosów Lacki, ul. Radosna 6",Kosów Lacki,08-330,"powiat sokołowski,Masovian Voivodeship",Poland,RM,CP SH,Y,,CP - Cutting Plant | SH - Slaughterhouse,,
18160206,Zakłady Mięsny SMAK - GÓRNO Sp. z o.o.,ul. Centralna 4,Górno,36-051,"powiat rzeszowski,Subcarpathian Voivodeship",Poland,RM,SH CP,Y,porcine,SH - Slaughterhouse | CP - Cutting Plant,,
18030101,Zakłady Rzeźniczo - Masarskie HOS-POL Gustaw Hołowicki Spółka Jawna,Gorzejowa 133,Siedliska-Bogusz,39-231,"powiat dębicki,Subcarpathian Voivodeship",Poland,RM,SH,Y,porcine,SH - Slaughterhouse,,
18030311,"Zakłady Rzeźniczo-Masarskie HOS-POL Gustaw Hołowicki Spółka Jawna, Oddział w Gorzejowej",Gorzejowa 83 A,Siedliska-Bogusz,39-231,"powiat dębicki,Subcarpathian Voivodeship",Poland,RM,CP,N,porcine,CP - Cutting Plant,,
24150208,Zakłady mięsne Irena Berger i Bonifacy Berger Sp. J,ul. Pietrzkowicka 26,Rydułtowy,44-280,"Wodzisław County,Silesian Voivodeship",Poland,RM,CP,N,,CP - Cutting Plant,,
PL 26040104,Zychowicz Przetwórstwo Mięsa Spółka Komandytowa,Wójtostwo 40,Daleszyce,26-021,"powiat kielecki,Świętokrzyskie Voivodeship",Poland,RM,SH,Y,,SH - Slaughterhouse,,
20130306,ŁUNIEWSCY Spółka z ograniczoną odpowiedzialnością,ul. Staropolska 8,Ciechanowiec,18-230,"powiat wysokomazowiecki,Podlaskie Voivodeship",Poland,RM,CP,N,,CP - Cutting Plant,,
24170308,Łoboda Marek Zakład Przetwórstwa Mięsnego,ul. Rysie 5,Gilowice,34-322,"powiat żywiecki,Silesian Voivodeship",Poland,RM,CP,N,bovine porcine,CP - Cutting Plant,,
PL24120308,Śląskie Zakłady Mięsne Spółka z o.o.,ul. Szerocka 14,Świerklany,44-266,"powiat rybnicki,Silesian Voivodeship",Poland,RM,CP,N,bovine caprine ovine porcine,CP - Cutting Plant,,
PL24010328WE,Świeżyzna Sp. z o. o.,Topolowa 14,Najdziszów,42-460,"powiat będziński,Silesian Voivodeship",Poland,RM,CP,N,bovine porcine,CP - Cutting Plant,,
04120202,Żbikowscy Sp. z o.o,ul. Rypińska 64a,Skrwilno,87-510,"powiat rypiński,Kuyavian-Pomeranian Voivodeship",Poland,RM,CP,N,porcine,CP - Cutting Plant,,
