approval_number,name,address,city,postcode,region,country,group,section,activity,slaughter,species,remarks,date_of_approval,publication_date
32/4,Bryansk Meat Company (LLC),"39 km highway M-13, building 2",Vigonichi,,"Bryansk Oblast,Central Federal District",Russia,third-country,ABP-SH,,,,CAT2 - Category 2 | CAT3 - Category 3,,
31/1,"CJSC ""SK Korocha""",Pogorelovskoe rural settlement,Korocha,,"Belgorod Oblast,Central Federal District",Russia,third-country,ABP-SH,,,,CAT2 - Category 2 | CAT3 - Category 3,,
RU-089/MP00553,"LLC ""Agrocomplex Tazovsky""",629371 Antipayuta Yamal-Nenets autonomous district,Антипаюта,,"Yamalo-Nenets Autonomous Okrug,Ural Federal District",Russia,third-country,ABP-SH,,,,CAT3 - Category 3,,
RU-089/GF01721,LLC Sovkhoz Verkhnepurovsky,"Russia, Yamal-Nenzen autonomous district, Lenina str. 17b 629850 Tarko-Sale",Tarko-Sale,629850,"Yamalo-Nenets Autonomous Okrug,Ural Federal District",Russia,third-country,ABP-SH,,,,CAT3 - Category 3,,
1MK-89/3,"Municipal Unitary Enterprise ""Meat-Processing Complex ""Payuta""",ul. Pervomayskaya 24,Aksarka,,"Yamalo-Nenets Autonomous Okrug,Ural Federal District",Russia,third-country,ABP-SH,,,,CAT3 - Category 3,,
RU-089/VE16509,"OOO ""Vozrozhdenie""","Nadymskiy rayon, s. Nyda",Nyda,,"Yamalo-Nenets Autonomous Okrug,Ural Federal District",Russia,third-country,ABP-SH,,,,CAT3 - Category 3,,
164/01,"OOO ""ZETAS-LIFT""",Saratov,Saratov,410000,"Saratov Oblast,Volga Federal District",Russia,third-country,ABP-SH,,,,CAT3 - Category 3,,
1MK-89/2,Slaughter Cold-store Complex 'Yuribeisky' Of The Municipal Enterprise 'Yamal Deer',,Yuribey,,"Yamalo-Nenets Autonomous Okrug,Ural Federal District",Russia,third-country,ABP-SH,,,,CAT3 - Category 3,,
1mk-89/1,Yamal Deer,"Sovetskaya str., 62.",Yar-Sale,,"Yamalo-Nenets Autonomous Okrug,Ural Federal District",Russia,third-country,ABP-SH,,,,CAT3 - Category 3,17/02/2022,
35L,"""Akva-Nord"" Ltd.",2 km of Motorway Severomorsk - Severomorsk 3,Severomorsk,184600,"Murmansk Oblast,Northwestern Federal District",Russia,third-country,FFP,PP,,,PP - Processing Plant,,
80P,"""Aprelskoe"" Ltd",,Suvorovo,,"Autonomous Republic of Crimea,South federal district",Russia,third-country,FFP,PP,,,PP - Processing Plant,,
97P,"""Apukinskoye"" Co., Ltd. (Fish Processing Plant)","3, Morskaya str.",Apuka,,"Kamchatka Krai,Far Eastern Federal District",Russia,third-country,FFP,PP,,,PP - Processing Plant,,
36K,"""Arena"" Co., Ltd.","bld. 15.1/12, Slavyanskya/Rybinskaya str.",Astrakhan,414000,"Astrakhan Oblast,South federal district",Russia,third-country,FFP,PP,,,PP - Processing Plant,,
37S,"""Bosko-moreproduct"" LTD","room 2, bldg. 2, 2, Tralovaya str.",Murmansk,183000,"Murmansk Oblast,Northwestern Federal District",Russia,third-country,FFP,PP,,,PP - Processing Plant,,
11R,"""East Fishcombine"" Co., Ltd","22, Centralnaya str.",v. Chnirrah,,"Khabarovsk Krai,Far Eastern Federal District",Russia,third-country,FFP,PP,,,PP - Processing Plant,,
22L,"""Europa"" Trade House, Ltd.",Village Ustye,Gdovskiy Rayon,,"Pskov Oblast,Northwestern Federal District",Russia,third-country,FFP,PP,,,PP - Processing Plant,,
43N,"""Fishing Company Polar Sea+"" LLC","v. Minkino,150 b",Village Minkino,,"Murmansk Oblast,Northwestern Federal District",Russia,third-country,FFP,PP,,,PP - Processing Plant,,
06M,"""Fishing collective farm named after Kirov"" Co., Ltd.","1, Centralnaya St",v. Ozerskoe,,"Sakhalin Oblast,Far Eastern Federal District",Russia,third-country,FFP,PP,,,PP - Processing Plant,,
RU-010/BL40927,"""Gruppa ""Barents OOO"" (LLC) Fish-processing Factory","5, Petrozavodskoe shosse",Kondopoga,,"Republic of Karelia,Northwestern Federal District",Russia,third-country,FFP,PP,,,PP - Processing Plant,,
29L,"""Maltat"", Ltd.",1A Mira St,Balakhtinskiy,,"Krasnoyarsk Krai,Siberian Federal District",Russia,third-country,FFP,PP,,,PP - Processing Plant,,
53S,"""Oktyabrskiy Rybokombinat"" Co., Ltd. Fishfactory","1, Sovetskaya str.",Village Oktyabrskiy,,"Kamchatka Krai,Far Eastern Federal District",Russia,third-country,FFP,PP,,,PP - Processing Plant,,
88S,"""Park"" Co. Ltd. Factory №4","39,Tri Ruchja str.",Murmansk,183000,"Murmansk Oblast,Northwestern Federal District",Russia,third-country,FFP,PP,,,PP - Processing Plant,,
95H,"""Rybolovetskiy kolkhoz im. Lenina","11, Centralnaya str.",Village Bulgin,,"Khabarovsk Krai,Far Eastern Federal District",Russia,third-country,FFP,PP,,,PP - Processing Plant,,
RU-010/DX40182,"""Rybotorgovaya Set' OOO"" (LLC) Fish-processing Factory","5, Petrozavodskoe shosse",Kondopoga,,"Republic of Karelia,Northwestern Federal District",Russia,third-country,FFP,PP,,,PP - Processing Plant,,
08R,"""Severo-Vostochnaya Company"" Co., Ltd","1, Zavodskaya str.",v. Ossora,,"Kamchatka Krai,Far Eastern Federal District",Russia,third-country,FFP,PP,,,PP - Processing Plant,,
75S,"""TRUST"" LLC","19b, Snegovaya str.",Vladivostok,690000,"Primorsky Krai,Far Eastern Federal District",Russia,third-country,FFP,CS,,,CS - Cold Stores,,
RU-041/GS28821,"""Tymlatsky Rybokombinat Co., Ltd. Fish Processing Workshop""",,District of the former village of Krasnoe,,"Kamchatka Krai,Far Eastern Federal District",Russia,third-country,FFP,PP,,,PP - Processing Plant,,
15R,"""Tymlatsky Rybokombinat"" Co., Ltd. Fish Factory",-,District of the former village of Krasnoe,,"Kamchatka Krai,Far Eastern Federal District",Russia,third-country,FFP,PP,,,PP - Processing Plant,,
16S,"""Vivenskoye"" Co., Ltd.",,v. Vivenka,,"Kamchatka Krai,Far Eastern Federal District",Russia,third-country,FFP,PP,,,PP - Processing Plant,,
52Q,"""Vostretsov Fishing Company"" LLC","5, Morskaya str.",Vostretsovo,,"Khabarovsk Krai,Far Eastern Federal District",Russia,third-country,FFP,PP,,,PP - Processing Plant,,
77F,''Karelia-II'' (JSC Karelian Seafoods),"10, Port-poselok str.",Belomorsk,186500,"Republic of Karelia,Northwestern Federal District",Russia,third-country,FFP,FV,,,FV - Factory Vessel,,
28N,"'Delfin' Co., Ltd",,Village Pahachy,,"Kamchatka Krai,Far Eastern Federal District",Russia,third-country,FFP,PP,,,PP - Processing Plant,,
27N,"'Delta Fish' Co., Ltd. (Fish Processing Plant)",,Village Ust'-Kamchatsk,,"Kamchatka Krai,Far Eastern Federal District",Russia,third-country,FFP,PP,,,PP - Processing Plant,,
37N,"'Delta' Co., Ltd (r. Opala) Fish Processing Plant",,Opala,,"Kamchatka Krai,Far Eastern Federal District",Russia,third-country,FFP,PP,,,PP - Processing Plant,,
62N,'MFS' LLC Refrigerating Plant №2,,Murmansk,183000,"Murmansk Oblast,Northwestern Federal District",Russia,third-country,FFP,CS,,,CS - Cold Stores,,
26N,'New Alaska Volkhov' Ltd,"48, of the 20th of January str.",Velikiy Novgorod,,"Novgorod Oblast,Northwestern Federal District",Russia,third-country,FFP,PP,,,PP - Processing Plant,,
55,"'Ozernovsky Fish Canning Plant N° 55, JSC'",,Village Ozernovsky,,"Kamchatka Krai,Far Eastern Federal District",Russia,third-country,FFP,PP,,,PP - Processing Plant,,
82L,"'Tymlatsky Rybokombinat' Co., Ltd. Fish Factory","30, Naberezhnaya str.",Tymlat,,"Kamchatka Krai,Far Eastern Federal District",Russia,third-country,FFP,PP,,,PP - Processing Plant,,
66N,"'UstKamchatryba' Co., Ltd","1, Komsomolskaya str.",Village Ust'-Kamchatsk,,"Kamchatka Krai,Far Eastern Federal District",Russia,third-country,FFP,PP,,,PP - Processing Plant,,
87N,'fish-ka' Ltd,pos. Energetik,Новоорск,,"Orenburg Oblast,Volga Federal District",Russia,third-country,FFP,PP,,,PP - Processing Plant,21/01/2022,
21S,"AFRODITA ""Rosfishflot"" Co.Ltd.","28/1, Dal'niaya str.",Petropavlovsk-Kamchatsky,683000,"Kamchatka Krai,Far Eastern Federal District",Russia,third-country,FFP,RV,,,RV - Reefer Vessel,,
36S,AHTIAR Fish Factory “Ostrovnoy” LLC,"off.1, Liter V, 8, Sovetskaya str.",Village Malokurilskoye,,"Sakhalin Oblast,Far Eastern Federal District",Russia,third-country,FFP,ZV,,,ZV - Freezer Vessel,,
51N,"AMBER BALTIC (REFTRANSFLOT Co., Ltd)","apart. 78, 43/1, Akademika Koroleva str.",Petropavlovsk-Kamchatsky,683000,"Kamchatka Krai,Far Eastern Federal District",Russia,third-country,FFP,RV,,,RV - Reefer Vessel,,
80M,ANATOLIY LARIN JSC 'Okeanrybflot',"27, Leningradskaya str.",Petropavlovsk-Kamchatsky,683000,"Kamchatka Krai,Far Eastern Federal District; 8516641",Russia,third-country,FFP,RV,,,RV - Reefer Vessel,,
32S,"ANTARES ""Rosfishflot"" Co.Ltd.","28/1, Dal'niaya str.",Petropavlovsk-Kamchatsky,683000,"Kamchatka Krai,Far Eastern Federal District",Russia,third-country,FFP,ZV,,,ZV - Freezer Vessel,,
63R,ANTARES Antey Sever LLC,"of.31,49,Tralovaya str.",Murmansk,183000,"Murmansk Oblast,Northwestern Federal District",Russia,third-country,FFP,RV,,,RV - Reefer Vessel,,
RU-050/QY45217,ANTEY LLC,Klyazma district,Khimki,,"Moscow Oblast,Central Federal District",Russia,third-country,FFP,CS,,,CS - Cold Stores,,
RU-065/NF02628,"ANTEY Rosfishflot Со.,LTD","28/1, Dal'niaya str.",Petropavlovsk-Kamchatsky,683000,"Kamchatka Krai,Far Eastern Federal District",Russia,third-country,FFP,ZV,,,ZV - Freezer Vessel,,
RU-065/ET02383,APOLLON Rosfishflot Co.Ltd.,"28/1, Dal'niaya str.",Petropavlovsk-Kamchatsky,683000,"Kamchatka Krai,Far Eastern Federal District; 8615057	19/12/2021",Russia,third-country,FFP,ZV,,,ZV - Freezer Vessel,,
25R,ARCTIC LIDER (Polaris Co. Ltd.),"5-29, Sadoviy lane",Petropavlovsk-Kamchatsky,683000,"Kamchatka Krai,Far Eastern Federal District",Russia,third-country,FFP,ZV,,,ZV - Freezer Vessel,,
70M,ARCTIC PRINCESS (Arctic Shipping LLC),"off. 519, 9-1, lit. A. Bumazhnaya str.",Saint-Petersburg,,"Saint Petersburg,Northwestern Federal District",Russia,third-country,FFP,RV,,,RV - Reefer Vessel,,
42R,ARCTIC SPIRIT (Arctic Shipping LLC),"off. 521, lit. A, 9-1, Bumazhnaya str.",Saint-Petersburg,,"Saint Petersburg,Northwestern Federal District",Russia,third-country,FFP,RV,,,RV - Reefer Vessel,,
97M,"ARKADIJA (""SAKHRYBA-1"" Co. LTD)","off.701,154, Komsomolskaya str.",Yuzhno-Sakhalinsk,,"Sakhalin Oblast,Far Eastern Federal District",Russia,third-country,FFP,RV,,,RV - Reefer Vessel,,
RU-051/QT44632,"ARKTUR ""Eta-trade"" Ltd.","off. 404, 43, Tralovaya str.",Murmansk,183000,"Murmansk Oblast,Northwestern Federal District",Russia,third-country,FFP,FV,,,FV - Factory Vessel,,
22S,"ARTEMIDA ""Rosfishflot"" Co.Ltd.","28/1, Dal'niaya str.",Petropavlovsk-Kamchatsky,683000,"Kamchatka Krai,Far Eastern Federal District",Russia,third-country,FFP,RV,,,RV - Reefer Vessel,,
RU-025/FP46866,ARКA-33 Antey LLC,"of.502, 23D, Eniseyskaya str.",Vladivostok,690920,"Primorsky Krai,Far Eastern Federal District; 9167758	16/12/2021",Russia,third-country,FFP,FV ZV,,,FV - Factory Vessel | ZV - Freezer Vessel,,
RU-025/HL46133,ARКA-36 Antey LLC,"of.502, 23D, Eniseyskaya str.",Vladivostok,690920,"Primorsky Krai,Far Eastern Federal District; 9037525	16/12/2021",Russia,third-country,FFP,FV,,,FV - Factory Vessel,,
RU-025/YK43628,ARКA-37 Antey LLC,"of.502, 23D, Eniseyskaya str.",Vladivostok,690000,"Primorsky Krai,Far Eastern Federal District",Russia,third-country,FFP,FV,,,FV - Factory Vessel,,
95Q,ATLANTIC LADY (REFRYBFLOT SHIPPING COMPANY LLC),"off.11,1Epronovskaya str.",Kaliningrad,236000,"Kaliningrad,Northwestern Federal District",Russia,third-country,FFP,RV,,,RV - Reefer Vessel,,
28R,ATMODA REEFER LTD,"63, Pologaya str.",Vladivostok,690000,"Primorsky Krai,Far Eastern Federal District",Russia,third-country,FFP,RV,,,RV - Reefer Vessel,,
98R,"AZIMUT JSC ""Arcticservice""","43, Tralovaya str",Murmansk,183000,"Murmansk Oblast,Northwestern Federal District",Russia,third-country,FFP,FV,,,FV - Factory Vessel,,
34G,Achinsk (JSC Arkhangelsk Trawl Fleet),,Arkhangelsk,,"Arkhangelsk Oblast,Northwestern Federal District",Russia,third-country,FFP,ZV,,,ZV - Freezer Vessel,,
72R,"Adelaide (JSC ""Dalryba"")","51-A, Svetlanskaya str.",Vladivostok,690000,"Primorsky Krai,Far Eastern Federal District",Russia,third-country,FFP,FV,,,FV - Factory Vessel,,
10N,"Admiral Kolchak Sofco Co., Ltd","of.16, 80/1, Dzhambula str.",Khabarovsk,,"Khabarovsk Krai,Far Eastern Federal District",Russia,third-country,FFP,FV,,,FV - Factory Vessel,,
35B,"Admiral Shаbalin PJSC ""Murmansk Trawl Fleet""","off.401,43, Shmidta str.",Murmansk,183000,"Murmansk Oblast,Northwestern Federal District",Russia,third-country,FFP,ZV,,,ZV - Freezer Vessel,,
25M,Agama (Royal Greenland LLC),210,Leshkovo,,"Moscow Oblast,Central Federal District",Russia,third-country,FFP,PP,,,PP - Processing Plant,,
13P,"Agricultural fishing enterprise "" Sovetsko-Gavanskoe” , LLC","7, Portoviy passage",village Lososina,,"Khabarovsk Krai,Far Eastern Federal District",Russia,third-country,FFP,PP,,,PP - Processing Plant,,
RU-065/AS03733,"Alaid Сo, Ltd.","51a, Sakhalinskaya str.",Severo-Kurilsk,,"Sakhalin Oblast,Far Eastern Federal District",Russia,third-country,FFP,PP,,,PP - Processing Plant,,
04A,Alanett (JSC 'YAMSy'),"of.308, bld. 13,131, Mishennaya str.",Petropavlovsk-Kamchatsky,683000,"Kamchatka Krai,Far Eastern Federal District",Russia,third-country,FFP,ZV,,,ZV - Freezer Vessel,,
27M,"Albatross - 8 ""Sigma Marine Technology"" Co., Ltd.","of.1 , 83A, Kalinina str.",Khabarovsk,,"Khabarovsk Krai,Far Eastern Federal District",Russia,third-country,FFP,ZV,,,ZV - Freezer Vessel,,
20S,Alchan T-Crab JSC,"of.11, 87, Pushkinskaya str.",Vladivostok,690000,"Primorsky Krai,Far Eastern Federal District",Russia,third-country,FFP,FV,,,FV - Factory Vessel,,
60P,"Aldan JSC ""Dalrybprom""",,Vladivostok,690990,"Primorsky Krai,Far Eastern Federal District",Russia,third-country,FFP,FV,,,FV - Factory Vessel,,
57K,Aleksandr Belyakov (PJSC 'NBAMR' (Public Joint Stock Company 'Nakhodka Active Marine Fishery Base'),"5, Makarova str.",Nakhodka,,"Yamalo-Nenets Autonomous Okrug,Ural Federal District",Russia,third-country,FFP,ZV,,,ZV - Freezer Vessel,,
93L,Aleksandr Kosarev (Public Joint-Stock Company 'Murmansk Trawl Fleet'),,Murmansk,183031,"Murmansk Oblast,Northwestern Federal District",Russia,third-country,FFP,ZV,,,ZV - Freezer Vessel,,
36L,"Aleksandr Ksenofontov (JSC ""Okeanrybflot"")",27 Leningradskaya St,Petropavlovsk-Kamchatsky,683000,"Kamchatka Krai,Far Eastern Federal District",Russia,third-country,FFP,FV,,,FV - Factory Vessel,,
41G,"Aleksandr Mashakov ('North-West Crab Catching Company, Ltd.)","43, Tralovaya str.",Murmansk,183000,"Murmansk Oblast,Northwestern Federal District",Russia,third-country,FFP,FV,,,FV - Factory Vessel,,
36B,"Aleksandr Mironenko JSC ""Taurus""","room XIII, floor 2, office 206-А, 43, Shmidta str.",Murmansk,183000,"Murmansk Oblast,Northwestern Federal District",Russia,third-country,FFP,ZV,,,ZV - Freezer Vessel,,
RU-065/HQ03642,"Aleksandrit ""Promflot"" Co., Ltd","off.55, 30, Holmskoe highway",Yuzhno-Sakhalinsk,,"Sakhalin Oblast,Far Eastern Federal District",Russia,third-country,FFP,FV,,,FV - Factory Vessel,,
66H,"Aleksey Anichkin JSC ""ATLANTRYBFLOT""","off.401D, 57, A.Suvorova str.",Kaliningrad,236000,"Kaliningrad,Northwestern Federal District",Russia,third-country,FFP,FV,,,FV - Factory Vessel,,
16A,Aleksey Chirikov (''AKROS'' Fishing JSC),"bild. 13,131,Mishennaya str.",Petropavlovsk-Kamchatsky,683000,"Kamchatka Krai,Far Eastern Federal District",Russia,third-country,FFP,FV,,,FV - Factory Vessel,,
93P,Alestar Antey LLC,"of.502, 23D, Eniseyskaya str.",Vladivostok,690000,"Primorsky Krai,Far Eastern Federal District",Russia,third-country,FFP,FV,,,FV - Factory Vessel,,
50S,"Alestar LLC ""Pacific Crab""","of.2, 7B, Shilkinskaya str.",Vladivostok,690000,"Primorsky Krai,Far Eastern Federal District",Russia,third-country,FFP,FV,,,FV - Factory Vessel,,
84G,"Alfa-Mius-2, Ltd","Rostovskaya Oblast' 7, Slavina str. Village Russkiy Kolodets",Rostov-on-Don,344001,"Rostov,South federal district",Russia,third-country,FFP,PP,,,PP - Processing Plant,04/01/2022,
05H,Alferas ('CF' 'Zarya' Ltd),"22, Polyarnie Zori str.",Murmansk,183000,"Murmansk Oblast,Northwestern Federal District",Russia,third-country,FFP,FV,,,FV - Factory Vessel,,
RU-051/TA40138,Alliance Fish LLC,"2 Rybny port district, berth 45",Murmansk,183000,"Murmansk Oblast,Northwestern Federal District",Russia,third-country,FFP,CS,,,CS - Cold Stores,,
76K,"Almak (Andromeda Company, Ltd)","22, Polyarnye Zori str.",Murmansk,183031,"Murmansk Oblast,Northwestern Federal District",Russia,third-country,FFP,FV,,,FV - Factory Vessel,,
98H,"Amix-Fish, Ltd.",,Kaliningrad,236000,"Kaliningrad,Northwestern Federal District",Russia,third-country,FFP,PP,,,PP - Processing Plant,,
15F,"Anatoliy Ponomarev (JSC ""Okeanrybflot"")",27 Leningradskaya str.,Petropavlovsk-Kamchatsky,683000,"Kamchatka Krai,Far Eastern Federal District",Russia,third-country,FFP,FV,,,FV - Factory Vessel,,
98Q,"Andromeda (Mercury Co.,LTD)","28/1, Dal'niaya str.",Petropavlovsk-Kamchatsky,683000,"Kamchatka Krai,Far Eastern Federal District",Russia,third-country,FFP,RV,,,RV - Reefer Vessel,,
15H,Aniva (JSC 'Ostrov Sakhalin'),"15, Altaiskiy P.",Yuzhno-Sakhalinsk,,"Sakhalin Oblast,Far Eastern Federal District",Russia,third-country,FFP,ZV,,,ZV - Freezer Vessel,,
29P,Antias (Kalinin Fishing Collective Farm),-,Village Luda,,"Arkhangelsk Oblast,Northwestern Federal District",Russia,third-country,FFP,FV,,,FV - Factory Vessel,,
54M,"Anton Gurin ""Dalreefer"" Shipping Company Ltd.","off.262B,105A, 100-letiya Vladivos-toka prosp.",Vladivostok,690990,"Primorsky Krai,Far Eastern Federal District",Russia,third-country,FFP,RV,,,RV - Reefer Vessel,,
39L,Aquamarine (JSC Karat-1),,Murmansk,183031,"Murmansk Oblast,Northwestern Federal District",Russia,third-country,FFP,FV,,,FV - Factory Vessel,,
18M,Arctic Cold Ltd,"2, Portovyi proezd",Murmansk,183000,"Murmansk Oblast,Northwestern Federal District",Russia,third-country,FFP,CS,,,CS - Cold Stores,,
05N,Arctica LLC “PELAGICA”,"324, Leningradskiy av.",Arkhangelsk,,"Arkhangelsk Oblast,Northwestern Federal District",Russia,third-country,FFP,FV,,,FV - Factory Vessel,,
68R,"Arina ""Ostrovnoy-Krab"", LTD","off.3, 8, Sovetskaya str.",Village Malokurilskoye,,"Sakhalin Oblast,Far Eastern Federal District",Russia,third-country,FFP,ZV,,,ZV - Freezer Vessel,,
15Q,"Arinay CHUKOTKA Co., LTD","off.4, 28, Lenina str.",Anadyr',,"Chukotka Autonomous Okrug,Far Eastern Federal District",Russia,third-country,FFP,FV,,,FV - Factory Vessel,,
32G,Arkhangelsk ('Pomor Seafood' Ltd),,Arkhangelsk,,"Arkhangelsk Oblast,Northwestern Federal District",Russia,third-country,FFP,FV,,,FV - Factory Vessel,,
42C,"Armenak Babaev JSC ""Vestrybflot""","27-А, Komsomolskaya str.",Kaliningrad,236000,"Kaliningrad,Northwestern Federal District",Russia,third-country,FFP,ZV,,,ZV - Freezer Vessel,,
06P,"Askur (Oplot Mira Co., Ltd)",,Nevelsk,,"Sakhalin Oblast,Far Eastern Federal District",Russia,third-country,FFP,FV,,,FV - Factory Vessel,,
37K,"Astrakhan Fish, Ltd.","137A, Chkalov str.",Astrakhan,414000,"Astrakhan Oblast,South federal district",Russia,third-country,FFP,PP,,,PP - Processing Plant,,
62S,Astrakhan Fishery LLC,"liter B,36, 1-aya Zheleznodorozhnaya str.",Astrakhan,414000,"Astrakhan Oblast,South federal district",Russia,third-country,FFP,PP,,,PP - Processing Plant,,
RU-025/ZY44425,Atlantic Antey LLC,"of.502, 23D, Eniseyskaya str.",Vladivostok,690990,"Primorsky Krai,Far Eastern Federal District; 9104017	16/12/2021",Russia,third-country,FFP,ZV,,,ZV - Freezer Vessel,,
27R,"Atlas (Magadanpromflot Co., Ltd)","off.316, 11, Proletarskaya str.",Magadan,,"Magadan Oblast,Far Eastern Federal District",Russia,third-country,FFP,ZV,,,ZV - Freezer Vessel,,
49Q,"Atropus AROPUS Co., Ltd",243 Kalinina str.,Vladivostok,690000,"Primorsky Krai,Far Eastern Federal District",Russia,third-country,FFP,RV,,,RV - Reefer Vessel,,
96P,Avacha Polaris Co.Ltd.,"5-29, Sadoviy lane",Petropavlovsk-Kamchatsky,683000,"Kamchatka Krai,Far Eastern Federal District",Russia,third-country,FFP,FV,,,FV - Factory Vessel,,
50M,Azurit (Ltd 'Oceanprom'),,Saint-Petersburg,,"Saint Petersburg,Northwestern Federal District",Russia,third-country,FFP,FV,,,FV - Factory Vessel,,
RU-029/XV42707,BAIGA LLC Soglasie,,Gridino,,"Kostroma Oblast,Central Federal District",Russia,third-country,FFP,ZV,,,ZV - Freezer Vessel,,
80S,BARENTSEVO MORE JSC Arkhangelsk Trawl Fleet,"324, Leningradskiy av.",Arkhangelsk,,"Arkhangelsk Oblast,Northwestern Federal District",Russia,third-country,FFP,FV,,,FV - Factory Vessel,,
02N,BELOMORYE (Arctic Shipping LLC),"off.521, lit. A, 9-1, Bumazhnaya str.",Saint-Petersburg,,"Saint Petersburg,Northwestern Federal District",Russia,third-country,FFP,RV,,,RV - Reefer Vessel,,
93Q,"BIKIN (""BURAN"" Company Limited)","off.503,40, Pushkinskaya str.",Vladivostok,690990,"Primorsky Krai,Far Eastern Federal District",Russia,third-country,FFP,RV,,,RV - Reefer Vessel,,
41N,BUKHTA RUSSKAYA (JSC 'Okeanrybflot'),"27, Leningradskaya str.",Petropavlovsk-Kamchatsky,683000,"Kamchatka Krai,Far Eastern Federal District",Russia,third-country,FFP,RV,,,RV - Reefer Vessel,,
12L,"Baklanovo (JSC ""Okeanrybflot"")",27 Leningradskaya str.,Petropavlovsk-Kamchatsky,683000,"Kamchatka Krai,Far Eastern Federal District",Russia,third-country,FFP,FV,,,FV - Factory Vessel,,
04R,"Baltiyskaya koca JSC ""ATLANTRYBFLOT""","off.401D, 57, A.Suvorova str",Kaliningrad,236000,"Kaliningrad,Northwestern Federal District",Russia,third-country,FFP,ZV,,,ZV - Freezer Vessel,,
30P,"Balyuzek (Public Joint Stock Company ""Nakhodka Active Marine Fishery Base"")","5, Makarova str.",Nakhodka,,"Yamalo-Nenets Autonomous Okrug,Ural Federal District",Russia,third-country,FFP,RV,,,RV - Reefer Vessel,,
96R,Barentsburg (JSC Karat -1),"43, Shmidta str.",Murmansk,183031,"Murmansk Oblast,Northwestern Federal District",Russia,third-country,FFP,FV,,,FV - Factory Vessel,,
05P,"Belomorsk LLC ""FC"" Virma""","11, v.Virma",Village Virma,,"Republic of Karelia,Northwestern Federal District",Russia,third-country,FFP,FV,,,FV - Factory Vessel,,
47B,Berezina (JSC INTRAROS),,Vladivostok,690990,"Primorsky Krai,Far Eastern Federal District",Russia,third-country,FFP,FV,,,FV - Factory Vessel,,
RU-025/PV44821,Bering Antey LLC,"of.502, 23D, Eniseyskaya str.",Vladivostok,690920,"Primorsky Krai,Far Eastern Federal District; 9104029	16/12/2021",Russia,third-country,FFP,ZV,,,ZV - Freezer Vessel,,
06A,Blanket JSC 'YAMSy',"of.308, bld. 13,131, Mishennaya str.",Petropavlovsk-Kamchatsky,683000,"Kamchatka Krai,Far Eastern Federal District",Russia,third-country,FFP,FV,,,FV - Factory Vessel,,
12N,Bolsheretsk CO LLC (Fish Plant No 2),,Village Oktyabrskiy,,"Kamchatka Krai,Far Eastern Federal District",Russia,third-country,FFP,PP,,,PP - Processing Plant,,
25C,Bootes ('Nord Pilgrim' Co Ltd),,Murmansk,183000,"Murmansk Oblast,Northwestern Federal District",Russia,third-country,FFP,ZV,,,ZV - Freezer Vessel,,
44G,"Borey (""Nord-Cap"" Ltd)","27A, Kolskiy ave.",Murmansk,183000,"Murmansk Oblast,Northwestern Federal District",Russia,third-country,FFP,FV,,,FV - Factory Vessel,,
16N,"Boris Syromyatnikov JSC ""Fishing Fleet -FOR""","off. 401 A, 57, A.Suvorova str.",Kaliningrad,236000,"Kaliningrad,Northwestern Federal District",Russia,third-country,FFP,ZV,,,ZV - Freezer Vessel,,
65N,Boris Trofimenko ('Akros' Fishing JSC),"bild. 13,131,Mishennaya str.",Petropavlovsk-Kamchatsky,683000,"Kamchatka Krai,Far Eastern Federal District",Russia,third-country,FFP,FV,,,FV - Factory Vessel,,
16B,"Boris Zaitsev PJSC ""Murmansk Trawl Fleet""","off.401, 43, Shmidta str.",Murmansk,183000,"Murmansk Oblast,Northwestern Federal District",Russia,third-country,FFP,FV,,,FV - Factory Vessel,,
27Q,"Bosfor Vostochny ""RMD-L"" LLC","off. 1, 87, Pushkinskaya str.",Vladivostok,690990,"Primorsky Krai,Far Eastern Federal District",Russia,third-country,FFP,RV,,,RV - Reefer Vessel,,
50R,Bratsk Fish LTD,R 09 02 06 01,Padun,,"Irkutsk Oblast,Siberian Federal District",Russia,third-country,FFP,PP,,,PP - Processing Plant,,
11M,"Brattegg PCF ""Yuzhno-Kurilsky Ryibokombinat"" Co., Ltd.",17 Zavodskaya St,Yuzhno-Kurilsk,,"Sakhalin Oblast,Far Eastern Federal District",Russia,third-country,FFP,FV,,,FV - Factory Vessel,,
33G,"Brest (OOO""SP""Soyuzryba"")","off.405, 82, Lenina str.",Murmansk,183031,"Murmansk Oblast,Northwestern Federal District",Russia,third-country,FFP,ZV,,,ZV - Freezer Vessel,,
88K,Briz (JSC North-Kurilsk Base Of Seiner Fleet),"2, Naberezhnaya str.",Severo-Kurilsk,,"Sakhalin Oblast,Far Eastern Federal District",Russia,third-country,FFP,FV,,,FV - Factory Vessel,,
83M,Bukhta Asacha (Dilmas) Co.LTD,"72, Pogranichnaya str.",Nakhodka,,"Yamalo-Nenets Autonomous Okrug,Ural Federal District",Russia,third-country,FFP,RV,,,RV - Reefer Vessel,,
74M,"Bukhta Nagaeva (Mag-Sea Tranzit Co., Ltd)","26, Lenina av.",Magadan,,"Magadan Oblast,Far Eastern Federal District",Russia,third-country,FFP,RV,,,RV - Reefer Vessel,,
71M,Bukhta Natalii MORSKOY TRANSPORT LLC,"6В, Dubovaya str.",Vladivostok,690000,"Primorsky Krai,Far Eastern Federal District",Russia,third-country,FFP,RV,,,RV - Reefer Vessel,,
63G,"Bukhta Preobrazheniya PJSC ""Preobrazhenskaya Base Of Trawling Fleet""","I, Portovaya str.",v. Preobrazhenie,,"Primorsky Krai,Far Eastern Federal District",Russia,third-country,FFP,ZV,,,ZV - Freezer Vessel,,
75Q,"Butovsk Mercury Co.,LTD","28/1, Dal'niaya str.",Petropavlovsk-Kamchatsky,683000,"Kamchatka Krai,Far Eastern Federal District",Russia,third-country,FFP,FV,,,FV - Factory Vessel,,
81Q,"Buzanskiy (Fishery Cooperative ""Inya"")","1, Shkolnaya str.",Village Novoe Ustie,,"Khabarovsk Krai,Far Eastern Federal District",Russia,third-country,FFP,RV,,,RV - Reefer Vessel,,
78M,CANARIAN REEFER JSC 'Okeanrybflot',"27, Leningradskaya str.",Petropavlovsk-Kamchatsky,683000,"Kamchatka Krai,Far Eastern Federal District",Russia,third-country,FFP,RV,,,RV - Reefer Vessel,,
64R,CRYSTAL AMAZONIA (LLC FAR EAST FLEET),"off. 304, 78 B, Svetlanskaya str.",Vladivostok,690990,"Primorsky Krai,Far Eastern Federal District",Russia,third-country,FFP,RV,,,RV - Reefer Vessel,,
55N,CRYSTAL ATLANTICA JSC TRANS WIND FLEET,"off.201,78 B, Svetlanskaya str.",Vladivostok,690000,"Primorsky Krai,Far Eastern Federal District",Russia,third-country,FFP,RV,,,RV - Reefer Vessel,,
07P,Canopus (Arctic Shipping LLC'),"off.521, lit. A, 9-1, Bumazhnaya str.",Saint-Petersburg,,"Saint Petersburg,Northwestern Federal District",Russia,third-country,FFP,RV,,,RV - Reefer Vessel,,
20N,Captain Mokeev (JSC 'Gidrostroy'),"11A, Zarechnaya str.",Kurilsk,,"Sakhalin Oblast,Far Eastern Federal District",Russia,third-country,FFP,RV,,,RV - Reefer Vessel,,
40D,Chernigov (Kotlasrybprom Co.Ltd),"of. 409, 5/23, Vorovskogo str.",Murmansk,183000,"Murmansk Oblast,Northwestern Federal District",Russia,third-country,FFP,ZV,,,ZV - Freezer Vessel,,
91R,"Co. LLC ""KMP Cold LTD""","1, Krasincev str.",Petropavlovsk-Kamchatsky,683000,"Kamchatka Krai,Far Eastern Federal District",Russia,third-country,FFP,CS,,,CS - Cold Stores,,
09N,"Co. LLC ""Narody Severa""",,Village Oktyabrskiy,,"Kamchatka Krai,Far Eastern Federal District",Russia,third-country,FFP,PP,,,PP - Processing Plant,,
52P,"Cold Store ""Terminal ""Seroglazka"" LLC",,Petropavlovsk-Kamchatsky,683000,"Kamchatka Krai,Far Eastern Federal District",Russia,third-country,FFP,CS,,,CS - Cold Stores,,
75R,"Cold Store ''Fishing Collective Farm Named After Kirov"" Co., Ltd.","8/1, Portovaya str.",Korsakov,694020,"Sakhalin Oblast,Far Eastern Federal District",Russia,third-country,FFP,CS,,,CS - Cold Stores,,
A93,Collective Farm Fishery by V.I. Lenin (Fish Processing Factory),"40, Kosmonavtov str",Petropavlovsk-Kamchatsky,683000,"Kamchatka Krai,Far Eastern Federal District",Russia,third-country,FFP,PP,,,PP - Processing Plant,,
91S,Company LTD «SAO»,"Kaliningradskaya Oblast' Solov'evo v. 10, PRAVDENSKIJ RAJ",Kaliningrad,236000,"Kaliningrad,Northwestern Federal District",Russia,third-country,FFP,PP,,,PP - Processing Plant,04/01/2022,
73N,Company Ltd 'Damtayh Fish',,Berezovka,,"Oryol Oblast,Central Federal District",Russia,third-country,FFP,PP,,,PP - Processing Plant,,
59M,Corona Reefer MORSKOY TRANSPORT LLC,"6B, Dubovaya str.",Vladivostok,690000,"Primorsky Krai,Far Eastern Federal District",Russia,third-country,FFP,RV,,,RV - Reefer Vessel,,
56N,Crystal Africa JSC TRANS WIND FLEET,"off.201,78 B, Svetlanskaya str.",Vladivostok,690000,"Primorsky Krai,Far Eastern Federal District; 8509583",Russia,third-country,FFP,RV,,,RV - Reefer Vessel,,
89P,Crystal Antarctida JSC TRANS WIND FLEET,"off.201,78 B, Svetlanskaya str.",Vladivostok,690990,"Primorsky Krai,Far Eastern Federal District",Russia,third-country,FFP,RV,,,RV - Reefer Vessel,,
57N,Crystal Arctica JSC TRANS WIND FLEET,"off.201,78 B, Svetlanskaya str.",Vladivostok,690000,"Primorsky Krai,Far Eastern Federal District",Russia,third-country,FFP,RV,,,RV - Reefer Vessel,,
90P,Crystal Asia JSC TRANS WIND FLEET,"off.201,78 B, Svetlanskaya str.",Vladivostok,690000,"Primorsky Krai,Far Eastern Federal District",Russia,third-country,FFP,RV,,,RV - Reefer Vessel,,
77Q,DAK LLC,"121, Gagarin str.",Artyom,692700,"Primorsky Krai,Far Eastern Federal District",Russia,third-country,FFP,CS,,,CS - Cold Stores,,
RU-025/PD40280,DANIDIN LLC REFSERVIS,"10, Zavoiko str.",Vladivostok,690000,"Primorsky Krai,Far Eastern Federal District",Russia,third-country,FFP,RV,,,RV - Reefer Vessel,,
26R,"DRUZHBA (""Promflot"" Co., Ltd)","off.55, 30,Holmskoe highway",Yuzhno-Sakhalinsk,,"Sakhalin Oblast,Far Eastern Federal District",Russia,third-country,FFP,RV,,,RV - Reefer Vessel,,
88Q,DV Port LLC,"3, Bosfora str.",Vladivostok,690000,"Primorsky Krai,Far Eastern Federal District",Russia,third-country,FFP,CS,,,CS - Cold Stores,,
48Q,"Dalmos Polluks Co., Ltd","18, Kutuzova str.",Petropavlovsk-Kamchatsky,683000,"Kamchatka Krai,Far Eastern Federal District",Russia,third-country,FFP,FV,,,FV - Factory Vessel,,
31R,Daria OOO Sevnauchflot,"room.7, structure 1, bldg 1, 10, Marksistskaya str.",Moscow,,"Central Administrative Okrug,Moscow,Central Federal District",Russia,third-country,FFP,FV,,,FV - Factory Vessel,,
32N,"Delta Co., Ltd Fish processing plant","25, Rabochaya str.",Village Ozernovskiy,,"Kamchatka Krai,Far Eastern Federal District",Russia,third-country,FFP,PP,,,PP - Processing Plant,,
19G,Delta-Stiks (Delta-Stiks Ltd.),,Staraja Russa,,"Novgorod Oblast,Northwestern Federal District",Russia,third-country,FFP,PP,,,PP - Processing Plant,,
10P,"Demis «RYBNYI OSTROV» CO.,LTD","off.701,154, Komsomolskaya str.",Yuzhno-Sakhalinsk,,"Sakhalin Oblast,Far Eastern Federal District",Russia,third-country,FFP,FV,,,FV - Factory Vessel,,
67Q,"Demokrat Leonov (""Ozernovsky Fish Canning Plant No 55, JSC"")","1A, Oktyabrskaya str.",Village Ozernovsky,,"Kamchatka Krai,Far Eastern Federal District",Russia,third-country,FFP,FV,,,FV - Factory Vessel,,
25S,"Dinar ""Sigma Marine Technology"" Co., Ltd.","of.1 , 83A, Kalinina str.",Khabarovsk,,"Khabarovsk Krai,Far Eastern Federal District",Russia,third-country,FFP,ZV,,,ZV - Freezer Vessel,,
48L,Diomedes (JSC Arcticservice),"43, Tralovaya str.",Murmansk,183031,"Murmansk Oblast,Northwestern Federal District",Russia,third-country,FFP,FV,,,FV - Factory Vessel,,
96N,"Diona (JSC ""North-Kurilsk base of seiner fleet"")","2, Naberezhnaya str.",Severo-Kurilsk,,"Sakhalin Oblast,Far Eastern Federal District",Russia,third-country,FFP,RV,,,RV - Reefer Vessel,,
82F,Distinkt JSC ''Fishery Firm Variant'',"2, travel Portovy",Murmansk,183000,"Murmansk Oblast,Northwestern Federal District",Russia,third-country,FFP,ZV,,,ZV - Freezer Vessel,,
33H,"Dolgoshchelye (Persey, Ltd)",,Murmansk,183000,"Murmansk Oblast,Northwestern Federal District",Russia,third-country,FFP,ZV,,,ZV - Freezer Vessel,,
69Q,"Dukat (""Sever"" Co., Ltd.","of. 24,34, Serysheva str.",Khabarovsk,,"Khabarovsk Krai,Far Eastern Federal District",Russia,third-country,FFP,FV,,,FV - Factory Vessel,,
61M,"EGLAINE Mercury Co., LTD",28/1 Dal'niaya str.,Petropavlovsk-Kamchatsky,683000,"Kamchatka Krai,Far Eastern Federal District",Russia,third-country,FFP,FV,,,FV - Factory Vessel,,
53Q,"ESTER JSC ""ATLANTRYBFLOT""","off.401D, 57, A.Suvorova str.",Kaliningrad,236000,"Kaliningrad,Northwestern Federal District",Russia,third-country,FFP,ZV,,,ZV - Freezer Vessel,,
RU-025/ZG03346,"Ekarma-3 JSC ""Fishery Kolkhoz ""Primorets""","12, Zelenaya str.",Подъяпольское сельское поселение,692828,"Primorsky Krai,Far Eastern Federal District; 8897411	19/12/2021",Russia,third-country,FFP,FV,,,FV - Factory Vessel,,
RU-027/FB43149,"Erofey ""Mintay DV"" Co., Ltd","of.16/1,80/1, Dzhambula str.",Khabarovsk,,"Khabarovsk Krai,Far Eastern Federal District",Russia,third-country,FFP,FV,,,FV - Factory Vessel,,
08K,"Europrom, Co. Ltd. (fish processing workshop)","lit.A,47, M Govorova str.",Saint-Petersburg,,"Saint Petersburg,Northwestern Federal District",Russia,third-country,FFP,PP,,,PP - Processing Plant,,
25L,FC 'Russian Coast' LTD,"22, Taganskaya str.",village Nikolaevka,,"Rostov,South federal district",Russia,third-country,FFP,PP,,,PP - Processing Plant,,
52R,"FPP ""Sokra"" Ltd.","1A, Lesnaya str.",Vilyuchinsk,683000,"Kamchatka Krai,Far Eastern Federal District",Russia,third-country,FFP,PP,,,PP - Processing Plant,,
82S,"FRIO ANTWERP ""Lodia"" LLC","4-B, Kalinina str.",Vladivostok,690000,"Primorsky Krai,Far Eastern Federal District",Russia,third-country,FFP,RV,,,RV - Reefer Vessel,,
03S,"FRIO KIANIT ""DILMAS"" Co.","72, Pogranichnaya str.",Nakhodka,,"Yamalo-Nenets Autonomous Okrug,Ural Federal District",Russia,third-country,FFP,RV,,,RV - Reefer Vessel,,
98M,"FRIO SEVASTOPOLIS ""Lodia LLC""","4-B, Kalinina str.",Vladivostok,690990,"Primorsky Krai,Far Eastern Federal District",Russia,third-country,FFP,RV,,,RV - Reefer Vessel,,
89R,"FTP ""COMANDOR"" Joint-stock Company","3/2, Pushkinskaya str.",Village Oktyabrskiy,,"Kamchatka Krai,Far Eastern Federal District",Russia,third-country,FFP,PP,,,PP - Processing Plant,,
55L,Favorit-Product Co. Ltd.,35 Krasninskoye shosse,Smolensk,214033,"Smolensk Oblast,Central Federal District",Russia,third-country,FFP,PP,,,PP - Processing Plant,,
RU-065/QA13235,"Fish Factory ""Ostrovnoy"" LLC","Sakhalinskaya Oblast’ 1,2, Sovetskaya str. v. Malokurilskoye",Yuzhno-Sakhalinsk,693000,"Sakhalin Oblast,Far Eastern Federal District",Russia,third-country,FFP,PP,,,PP - Processing Plant,23/12/2021,
70K,"Fish Man, Ltd.",,Kuibyshev,,"Novosibirskaya Oblast',Siberian Federal District",Russia,third-country,FFP,PP,,,PP - Processing Plant,,
51M,"Fish Manufactories Murmansk, LLC",Tri Ruchia str.,Murmansk,183000,"Murmansk Oblast,Northwestern Federal District",Russia,third-country,FFP,PP,,,PP - Processing Plant,,
17C,Fish Plant 'Reydovo' (JSC 'Kurilskiy Rybak'),p. Reydovo,Kurilsk,,"Sakhalin Oblast,Far Eastern Federal District",Russia,third-country,FFP,PP,,,PP - Processing Plant,,
79L,Fish Plant “Yasnyy” JSC “Kurilskiy Rybak”,,Kitovyy,,"Sakhalin Oblast,Far Eastern Federal District",Russia,third-country,FFP,PP,,,PP - Processing Plant,,
48P,Fish Processing Complex Gufstream LTD,,Murmansk,183000,"Murmansk Oblast,Northwestern Federal District",Russia,third-country,FFP,CS,,,CS - Cold Stores,,
54P,"Fish Processing Plant ""Maksimovskiy"" LTD","1, Beregovaya str.",v. Ivashka,,"Kamchatka Krai,Far Eastern Federal District",Russia,third-country,FFP,PP,,,PP - Processing Plant,,
04L,"Fish Processing Plant Belokamenka Industrial Agricultural Cooperative Fishing Collective Farm ""Severnaya Zvezda""",,Village Belokamenka,,"Murmansk Oblast,Northwestern Federal District",Russia,third-country,FFP,PP,,,PP - Processing Plant,,
RU-065/KA42092,"Fish processing complex ""Nevod"" LLC ""Nevod""","1/14, Naberezhnaya str.",v. Nevodskoe,,"Sakhalin Oblast,Far Eastern Federal District",Russia,third-country,FFP,PP,,,PP - Processing Plant,20/12/2021,
53C,Fishery Enterprise ZAO,,Gatchina,188309,"Leningrad oblast,Northwestern Federal District",Russia,third-country,FFP,PP,,,PP - Processing Plant,,
80R,"Fishing Artel ""Penjinskaya"" Co., Ltd.",Rechnaya str.,Apuka,,"Kamchatka Krai,Far Eastern Federal District",Russia,third-country,FFP,PP,,,PP - Processing Plant,,
75K,Fishing Artel 'kolkhoz Krasny truzhenik',,Village Zaporozh'ye,,"Kamchatka Krai,Far Eastern Federal District",Russia,third-country,FFP,PP,,,PP - Processing Plant,,
74R,Fishing Artel Chelyuskinets,"139, Kominterna str.",Volodarskiy,,"Astrakhan Oblast,South federal district",Russia,third-country,FFP,PP,,,PP - Processing Plant,,
70N,"Fishing Collective Farm ""Voskhod""","2, Pshenichnogo str.",Ayan,,"Krasnoyarsk Krai,Siberian Federal District",Russia,third-country,FFP,PP,,,PP - Processing Plant,,
48S,Fishing Collective Farm “Chapoma” Industrial refrigerator «1000 tonn»,"124 B, Podgornaya str.",Murmansk,183000,"Murmansk Oblast,Northwestern Federal District",Russia,third-country,FFP,CS,,,CS - Cold Stores,,
09M,Fishing Company 'Nichira' Ltd.,1 Morskaya St,Village Ust'-Kamchatsk,,"Kamchatka Krai,Far Eastern Federal District",Russia,third-country,FFP,PP,,,PP - Processing Plant,,
88M,Forpost (Company LKT Ltd),,Murmansk,183000,"Murmansk Oblast,Northwestern Federal District",Russia,third-country,FFP,FV,,,FV - Factory Vessel,,
45R,Fosforel LLC,"65N, Patriotov av.",Voronezh,,"Voronezh Oblast,Central Federal District",Russia,third-country,FFP,PP,,,PP - Processing Plant,,
17N,"Frio Agates ('DILMAS' Co., Ltd)","72, Pogranichnaya str.",Nakhodka,,"Yamalo-Nenets Autonomous Okrug,Ural Federal District",Russia,third-country,FFP,RV,,,RV - Reefer Vessel,,
95R,"Frio Murmansk PJSC ''NBAMR '' Public Joint Stock Company ""Nakhodka Active Marine Fishery Base""","5, Makarova str.(",Nakhodka,,"Yamalo-Nenets Autonomous Okrug,Ural Federal District",Russia,third-country,FFP,RV,,,RV - Reefer Vessel,,
17Q,"Frio Sapfir ""DILMAS"" Co.Ltd","72, Pogranichnaya str.",Nakhodka,,"Yamalo-Nenets Autonomous Okrug,Ural Federal District",Russia,third-country,FFP,RV,,,RV - Reefer Vessel,,
04Q,"Frost Olympos ""Vladkristall"" Co., Ltd","26 B, 50 let VLKSM str.",Vladivostok,690990,"Primorsky Krai,Far Eastern Federal District",Russia,third-country,FFP,RV,,,RV - Reefer Vessel,,
RU-051/GV43189,"GNUPUR LLC ""FC ""Virma""","11, v. Virma",Village Virma,,"Republic of Karelia,Northwestern Federal District",Russia,third-country,FFP,FV,,,FV - Factory Vessel,,
96Q,GOODMAN LLC,"63A, Fadeeva str.",Vladivostok,690000,"Primorsky Krai,Far Eastern Federal District",Russia,third-country,FFP,CS,,,CS - Cold Stores,,
04D,"GRiKO, Ltd.",,Village Ustye,,"Pskov Oblast,Northwestern Federal District",Russia,third-country,FFP,PP,,,PP - Processing Plant,,
56R,"GURD (""Sigma Marine Technology"" Co., Ltd.)","of.1, 83А, Kalinina str.",Khabarovsk,,"Khabarovsk Krai,Far Eastern Federal District",Russia,third-country,FFP,ZV,,,ZV - Freezer Vessel,,
84D,Galatis ('Bios-Arktik' Ltd),,Murmansk,183000,"Murmansk Oblast,Northwestern Federal District",Russia,third-country,FFP,ZV,,,ZV - Freezer Vessel,,
36R,"Garmoniya LLC ""Transrefflot""","apart.20, 19, Fontannaya str.",Vladivostok,690000,"Primorsky Krai,Far Eastern Federal District",Russia,third-country,FFP,RV,,,RV - Reefer Vessel,,
08P,"Gefest ""Khasanryba"" Co., LTD","8, Nagornaya str.",village Zarybino,,"Primorsky Krai,Far Eastern Federal District",Russia,third-country,FFP,FV,,,FV - Factory Vessel,,
83H,Gemma (JSC Vega),,Murmansk,183000,"Murmansk Oblast,Northwestern Federal District",Russia,third-country,FFP,FV,,,FV - Factory Vessel,,
30M,"General Troshev PJSC ""Preobrazhenskaya Base Of Trawling Fleet""",I. Portovaya str.,v. Preobrazhenie,,"Primorsky Krai,Far Eastern Federal District",Russia,third-country,FFP,FV,,,FV - Factory Vessel,,
76M,"Gennady Vodolazskiy (JSC ""Okeanrybflot"")","27, Leningradskaya str.",Petropavlovsk-Kamchatsky,683000,"Kamchatka Krai,Far Eastern Federal District",Russia,third-country,FFP,RV,,,RV - Reefer Vessel,,
40R,Geolog Pechkurov (Velum LTD),"off.331, building 2, lit.A,1, Uralskaya str.",Saint-Petersburg,,"Saint Petersburg,Northwestern Federal District",Russia,third-country,FFP,RV,,,RV - Reefer Vessel,,
RU-041/SF47594,"Georgiy Meshcheryakov JSC ""Okeanrybflot""","27, Leningradskaya str.",Petropavlovsk-Kamchatsky,683003,"Kamchatka Krai,Far Eastern Federal District; 9869411	20/12/2021",Russia,third-country,FFP,FV,,,FV - Factory Vessel,,
59L,"Geroi Damanskogo (Ozernovsky Fish Canning Plant N° 55, JSC)",,Village Ozernovsky,,"Kamchatka Krai,Far Eastern Federal District",Russia,third-country,FFP,FV,,,FV - Factory Vessel,,
14M,Geroi Shironintsy (LLC Vostokrybprom),"off. 410, 14, Pionerskaya str.",Sovetskaya Gavan',,"Khabarovsk Krai,Far Eastern Federal District",Russia,third-country,FFP,FV,,,FV - Factory Vessel,,
19K,Glacier Enterprise (JSC Arcticservice),"43, Tralovaya str.",Murmansk,183031,"Murmansk Oblast,Northwestern Federal District",Russia,third-country,FFP,FV,,,FV - Factory Vessel,,
24M,Gloria (JSC Dalrybprom),69 Okeanskii av.,Vladivostok,690990,"Primorsky Krai,Far Eastern Federal District",Russia,third-country,FFP,ZV,,,ZV - Freezer Vessel,,
42S,Gogland Reefer LLC BALTATLANTREFTRANS,"off. 53, Liter AK, 48-50-52, Naberezhnaya reki Moyki str.",Saint-Petersburg,,"Saint Petersburg,Northwestern Federal District",Russia,third-country,FFP,RV,,,RV - Reefer Vessel,,
33M,Green Tundra (JSC Gidrostroy),"11 A, Zarechnaya str.",Kurilsk,,"Sakhalin Oblast,Far Eastern Federal District",Russia,third-country,FFP,RV,,,RV - Reefer Vessel,,
80L,"Group Of Companies Atlantis, Co. Ltd","1, Pobedy str.",Village Sovkhoznoe,,"Kaliningrad,Northwestern Federal District",Russia,third-country,FFP,PP,,,PP - Processing Plant,,
10A,"Gruper JSC ""YAMSy""","of.308, bld. 13,131, Mishennaya str.",Petropavlovsk-Kamchatsky,683000,"Kamchatka Krai,Far Eastern Federal District",Russia,third-country,FFP,FV,,,FV - Factory Vessel,,
63D,Guldrangur (Saami Ltd),"apart.1,155",Village Min'kino,,"Murmansk Oblast,Northwestern Federal District",Russia,third-country,FFP,FV,,,FV - Factory Vessel,,
78R,HATSUKARI (Rosfishflot Co.Ltd.),"28/1, Dal'niaya str.",Petropavlovsk-Kamchatsky,683000,"Kamchatka Krai,Far Eastern Federal District",Russia,third-country,FFP,RV,,,RV - Reefer Vessel,,
RU-065/PP02839,HERCULES Rosfishflot Co.Ltd.,"28/1, Dal'niaya str.",Petropavlovsk-Kamchatsky,683000,"Kamchatka Krai,Far Eastern Federal District; 8703804	19/12/2021",Russia,third-country,FFP,ZV,,,ZV - Freezer Vessel,,
RU-041/RK40438,"HERMES Rosfishflot Со.,LTD","28/1, Dal'niaya str.",Petropavlovsk-Kamchatsky,683000,"Kamchatka Krai,Far Eastern Federal District",Russia,third-country,FFP,FV,,,FV - Factory Vessel,,
RU-049/HV06420,"Harbiz ""Tikhrybcom"" Co., Ltd","1, Portovaya str.",Magadan,,"Magadan Oblast,Far Eastern Federal District",Russia,third-country,FFP,FV,,,FV - Factory Vessel,,
46S,Hivach JSC «T-Crab»,"of.11, 87, Pushkinskaya str.",Vladivostok,690000,"Primorsky Krai,Far Eastern Federal District",Russia,third-country,FFP,FV,,,FV - Factory Vessel,,
13R,"HladEko Co.,LTD","10, Dubovaya str.",Vladivostok,690000,"Primorsky Krai,Far Eastern Federal District",Russia,third-country,FFP,CS,,,CS - Cold Stores,,
22R,Hladokombinat Andreevsky LLC,"6A, Gorskoe highway",Pargolovo,190000,"Vyborgsky District,Saint Petersburg,Northwestern Federal District",Russia,third-country,FFP,CS,,,CS - Cold Stores,,
97R,ICE CRYSTAL (Riera Flota Co.LTD),"off.75,37, Marshala Blyukhera str.",Petropavlovsk-Kamchatsky,683000,"Kamchatka Krai,Far Eastern Federal District",Russia,third-country,FFP,RV,,,RV - Reefer Vessel,,
RU-025/HM42770,"ICE RIVER Riera Flota Co.,LTD","off.75,37, Marshala Blyukhera str",Petropavlovsk-Kamchatsky,683000,"Kamchatka Krai,Far Eastern Federal District",Russia,third-country,FFP,RV,,,RV - Reefer Vessel,,
92Q,"ICE STREAM (REFTRANSFLOT Co.,Ltd)","apart.78, 43/1,Akademika Koroleva str.",Petropavlovsk-Kamchatsky,683000,"Kamchatka Krai,Far Eastern Federal District",Russia,third-country,FFP,RV,,,RV - Reefer Vessel,,
91Q,"ICE WIND (REFTRANSFLOT Co., Ltd)","apart.78, 43/1,Akademika Koroleva str.",Petropavlovsk-Kamchatsky,683000,"Kamchatka Krai,Far Eastern Federal District",Russia,third-country,FFP,RV,,,RV - Reefer Vessel,,
59R,"ICHA -FISH Co., Ltd","3, Sovetskaya str.",v. Ichinskiy,,"Kamchatka Krai,Far Eastern Federal District",Russia,third-country,FFP,PP,,,PP - Processing Plant,,
65S,IKHTIOLOG Collective Farm Fishery By V.I. Lenin,"40, Kosmonavtov str.",Petropavlovsk-Kamchatsky,683000,"Kamchatka Krai,Far Eastern Federal District",Russia,third-country,FFP,FV,,,FV - Factory Vessel,,
RU-025/TY47462,IRKUT LLC Kamchatka Crab,"of.4, 7B, Shilkinskaya str.",Vladivostok,690000,"Primorsky Krai,Far Eastern Federal District; 9128714	19/12/2021",Russia,third-country,FFP,FV,,,FV - Factory Vessel,,
65K,Ilya Konovalov (PJSC 'NBAMR' (Public Joint Stock Company 'Nakhodka Active Marine Fishery Base')),"5, Makarova str.",Nakhodka,,"Yamalo-Nenets Autonomous Okrug,Ural Federal District",Russia,third-country,FFP,FV,,,FV - Factory Vessel,,
RU-034/NF46979,Individual Entrepreneur Bolaeva Z.L.,"18L, Istoricheskaya str.",Volgograd,400075,"Volgograd Oblast,South federal district",Russia,third-country,FFP,PP,,,PP - Processing Plant,20/12/2021,
60S,Individual Entrepreneur Govydinkin Vladimir,"4а, 2 Student travel",Engels,413100,"Saratov Oblast,Volga Federal District",Russia,third-country,FFP,PP,,,PP - Processing Plant,,
03R,Individual Entrepreneur Korobka E.G.,"50-29, Mariupol Highway",Taganrog,,"Rostov,South federal district",Russia,third-country,FFP,PP,,,PP - Processing Plant,,
52L,Individual Entrepreneur S.G. Shustova,,Barnaul,656000,"Altai Krai,Siberian Federal District",Russia,third-country,FFP,PP,,,PP - Processing Plant,,
24Q,Individual Entrepreneur Sushko Alexander,"1, Rybatskaya str.",Svetlyi,,"Kaliningrad,Northwestern Federal District",Russia,third-country,FFP,PP,,,PP - Processing Plant,,
83A,Iolanta (LLC 'Production Association Sakhalinrybaksoyuz'),,Yuzhno-Sakhalinsk,,"Sakhalin Oblast,Far Eastern Federal District",Russia,third-country,FFP,FV,,,FV - Factory Vessel,,
65H,"Iosif Shmelkin ""Morskaya zvezda"" Co.Ltd","off.405, 57, A.Suvorova str.",Kaliningrad,236000,"Kaliningrad,Northwestern Federal District",Russia,third-country,FFP,FV,,,FV - Factory Vessel,,
77G,"Irtyshsk (JSC ""Okeanrybflot"")","27, Lenigradskaya str.",Petropavlovsk-Kamchatsky,683000,"Kamchatka Krai,Far Eastern Federal District",Russia,third-country,FFP,FV,,,FV - Factory Vessel,,
62L,Ivan Kalinin LLC Vostokrybprom,"off. 410, 14, Pionerskaya str.",Sovetskaya Gavan',,"Khabarovsk Krai,Far Eastern Federal District",Russia,third-country,FFP,FV,,,FV - Factory Vessel,,
89L,Ivan Moshlyak (JSC 'Dalrybprom'),69 Okeanskiy Av.,Vladivostok,690990,"Primorsky Krai,Far Eastern Federal District",Russia,third-country,FFP,ZV,,,ZV - Freezer Vessel,,
18Q,Izumrud (Kalinin Fishing Collective Farm),,Village Luda,,"Arkhangelsk Oblast,Northwestern Federal District",Russia,third-country,FFP,FV,,,FV - Factory Vessel,,
69S,"JSC ""Fishing Collective Farm ""NOVYI MIR""","10,Ganslep str.",Bol'Shoy Kamen',,"Primorsky Krai,Far Eastern Federal District",Russia,third-country,FFP,PP,,,PP - Processing Plant,,
06R,"JSC ""Kolkhoz im. Bekereva"" Fishprocessing Plant ""Khailulinskij""","12, Rechnaya str.",v. Ivashka,,"Kamchatka Krai,Far Eastern Federal District",Russia,third-country,FFP,PP,,,PP - Processing Plant,,
18G,"JSC ""Kurilskiy rybak"" Krabozavodsk (fish plant) branch Krabozavodsk","1, Torgovaya str.",Village Krabozavodskoye,,"Sakhalin Oblast,Far Eastern Federal District",Russia,third-country,FFP,PP,,,PP - Processing Plant,,
50Q,"JSC ""NOREBO RU""","28, Moskovskaya str.",Klin,,"Moscow Oblast,Central Federal District",Russia,third-country,FFP,CS,,,CS - Cold Stores,,
91A,"JSC ""Nord-West F.C.""",15 Rogozerskaya St,Murmansk,183000,"Murmansk Oblast,Northwestern Federal District",Russia,third-country,FFP,PP,,,PP - Processing Plant,,
RU-065/AY04793,"JSC ""North-Kurilsk Base Of Seiner Fleet""","2, Naberezhnaya str.",Severo-Kurilsk,,"Sakhalin Oblast,Far Eastern Federal District",Russia,third-country,FFP,PP,,,PP - Processing Plant,,
02R,"JSC ""SORK"" Fish -processing Base",the confluence of the rivers Botchi and Matveevka,Grossevichi,682800,"Khabarovsk Krai,Far Eastern Federal District",Russia,third-country,FFP,PP,,,PP - Processing Plant,,
23S,"JSC ""Yuzhmorrybflot""","16V, Khomyakovskaya str.",Khomyakovo,,"Tula Oblast,Central Federal District",Russia,third-country,FFP,PP,,,PP - Processing Plant,,
83R,JSC ''Nord -West F.C.'' Cold Store “Murmashi”,Murmashi,Murmashi,,"Murmansk Oblast,Northwestern Federal District",Russia,third-country,FFP,CS,,,CS - Cold Stores,,
69M,JSC 'Energiya',,Village Ust'-Kamchatsk,,"Kamchatka Krai,Far Eastern Federal District",Russia,third-country,FFP,PP,,,PP - Processing Plant,,
45P,"JSC Arkhangelsk Trawl Fleet Warehouse ""Finnish Refrigerator"" (freezing Warehouse)",,Arkhangelsk,,"Arkhangelsk Oblast,Northwestern Federal District",Russia,third-country,FFP,CS,,,CS - Cold Stores,,
69P,JSC Arkhangelsk Trawl Fleet Warehouse No 26 (freezing Warehouse),,Arkhangelsk,,"Arkhangelsk Oblast,Northwestern Federal District",Russia,third-country,FFP,CS,,,CS - Cold Stores,,
44P,JSC Arkhangelsk Trawl Fleet Warehouse No. 24-2 (freezing Warehouse),,Arkhangelsk,,"Arkhangelsk Oblast,Northwestern Federal District",Russia,third-country,FFP,CS,,,CS - Cold Stores,,
87R,JSC Kolkhoz im. Bekereva Fish Processing Complex Ukinskiy,"1 km from the river mouth, left coast",river Uka,,"Kamchatka Krai,Far Eastern Federal District",Russia,third-country,FFP,PP,,,PP - Processing Plant,,
RU-041 /TL40715,JSC Kolkhoz im. Bekereva Fish Processing Facility Ivashkinskij,"7, Rechnaya str.",v. Ivashka,,"Kamchatka Krai,Far Eastern Federal District",Russia,third-country,FFP,PP,,,PP - Processing Plant,,
01K,JSC Russian Sea,,Noginsk,,"Moscow Oblast,Central Federal District",Russia,third-country,FFP,PP,,,PP - Processing Plant,,
72S,JSC Vladivostok Sea Fishing Port,"25, Beroyzovaya str.",Vladivostok,690000,"Primorsky Krai,Far Eastern Federal District",Russia,third-country,FFP,CS,,,CS - Cold Stores,,
74S,JSC «Arkhangelsk Experiment Seaweed Plant»,"bld.1, 328, Leningradskiy av.",Arkhangelsk,,"Arkhangelsk Oblast,Northwestern Federal District",Russia,third-country,FFP,PP,,,PP - Processing Plant,,
74P,"Jupiter ""Vladkristall"" Co., Ltd","26B,50 let VLKSM str.",Vladivostok,690990,"Primorsky Krai,Far Eastern Federal District",Russia,third-country,FFP,RV,,,RV - Reefer Vessel,,
68S,"KAIROS ""Rosfishflot"" Co.Ltd.","28/1, Dal'niaya str.",Petropavlovsk-Kamchatsky,683000,"Kamchatka Krai,Far Eastern Federal District",Russia,third-country,FFP,ZV,,,ZV - Freezer Vessel,,
64S,KATRAN Antey Sever LLC,"of.31,49,Tralovaya str.",Murmansk,183071,"Murmansk Oblast,Northwestern Federal District",Russia,third-country,FFP,RV,,,RV - Reefer Vessel,,
48R,"KEM (LLC ""FC ""Virma"")","11, v. Virma",Village Virma,,"Republic of Karelia,Northwestern Federal District",Russia,third-country,FFP,FV,,,FV - Factory Vessel,,
55R,"KOLPAKOVSKIY FISH FACTORY Co., LTD","bldg. 1, d. 12/1, Zavodskaya str.",v. Krutogorovskiy,,"Kamchatka Krai,Far Eastern Federal District",Russia,third-country,FFP,PP,,,PP - Processing Plant,,
08A,Kalam (JSC 'YAMSy'),"of.31,49,Tralovaya str.",Petropavlovsk-Kamchatsky,683000,"Kamchatka Krai,Far Eastern Federal District",Russia,third-country,FFP,FV,,,FV - Factory Vessel,,
05A,Kalkan (JSC 'YAMSy'),"of.308, bld. 13,131, Mishennaya str.",Petropavlovsk-Kamchatsky,683000,"Kamchatka Krai,Far Eastern Federal District",Russia,third-country,FFP,ZV,,,ZV - Freezer Vessel,,
30Q,Kallista <<Sea Breeze>> LLC,"22, Pushkinskaya str.",Vladivostok,690000,"Primorsky Krai,Far Eastern Federal District",Russia,third-country,FFP,FV,,,FV - Factory Vessel,,
49P,Kam Star Kamrei Co.LTD,"off. 26, 30, Kurilskaya str.",Petropavlovsk-Kamchatsky,683000,"Kamchatka Krai,Far Eastern Federal District",Russia,third-country,FFP,RV,,,RV - Reefer Vessel,,
31N,Kamchatka Harvest JSC 'Kolkhoz im. Bekereva',"4, Shkolnaya str., Karaginskiy district",v. Ivashka,,"Kamchatka Krai,Far Eastern Federal District",Russia,third-country,FFP,FV,,,FV - Factory Vessel,,
92R,Kamchatmoreproduct LLC,"Oblukovina river, seasonal base",Sobolevskiy,,"Kamchatka Krai,Far Eastern Federal District",Russia,third-country,FFP,PP,,,PP - Processing Plant,,
67R,Kamchatrybtorg Co.LTD,"1A, Podgornaya str.",Village Zaporozhie,,"Kamchatka Krai,Far Eastern Federal District",Russia,third-country,FFP,PP,,,PP - Processing Plant,,
55P,Kamchatskiy proliv MORSKOY TRANSPORT LLC,"6B, Dubovaya str.",Vladivostok,690000,"Primorsky Krai,Far Eastern Federal District",Russia,third-country,FFP,RV,,,RV - Reefer Vessel,,
86N,Kapelan Kalinin Fishing Collective Farm,-,Village Luda,,"Arkhangelsk Oblast,Northwestern Federal District",Russia,third-country,FFP,FV,,,FV - Factory Vessel,,
95A,"Kapitan Bogomolov JSC ""Eridan""","accom. XIII, fl. 2, of. 208, 43, Shmidta str",Murmansk,183000,"Murmansk Oblast,Northwestern Federal District",Russia,third-country,FFP,FV,,,FV - Factory Vessel,,
RU-051/YM48669,"Kapitan Bulatov PJSC ""Murmansk Trawl Fleet""","off.401, 43, Shmidta str.",Murmansk,183000,"Murmansk Oblast,Northwestern Federal District; 9782780	16/12/2021",Russia,third-country,FFP,FV,,,FV - Factory Vessel,,
72Q,"Kapitan Demidenko PJSC ""Murmansk Trawl Fleet""","off.401,43, Shmidta str.",Murmansk,183000,"Murmansk Oblast,Northwestern Federal District",Russia,third-country,FFP,ZV,,,ZV - Freezer Vessel,,
07M,Kapitan Dolgikh (JSC Rybprominvest),,Murmansk,183031,"Murmansk Oblast,Northwestern Federal District",Russia,third-country,FFP,FV,,,FV - Factory Vessel,,
71K,"Kapitan Durachenko LLC ""Glow Arctic""","51, Tralovaya str.",Murmansk,183031,"Murmansk Oblast,Northwestern Federal District",Russia,third-country,FFP,FV,,,FV - Factory Vessel,,
57S,"Kapitan Efremov JSC ""Yuzhmorrybflot""","16, Zavodskaya str., Livadiya Sub-District",Nakhodka,,"Yamalo-Nenets Autonomous Okrug,Ural Federal District",Russia,third-country,FFP,ZV,,,ZV - Freezer Vessel,,
58K,Kapitan Faleyev (PJSC 'NBAMR' (Public Joint Stock Company 'Nakhodka Active Marine Fishery Base')),"5, Makarova str.",Nakhodka,,"Yamalo-Nenets Autonomous Okrug,Ural Federal District",Russia,third-country,FFP,ZV,,,ZV - Freezer Vessel,,
99P,"Kapitan Gerashchenko JSC ""Murmanrybflot 2""","off.5, 6, Shmidta str.",Murmansk,183031,"Murmansk Oblast,Northwestern Federal District",Russia,third-country,FFP,FV,,,FV - Factory Vessel,,
08N,"Kapitan Gorbachev (JSC ""Arkhangelsk Trawl Fleet"")",,Arkhangelsk,,"Arkhangelsk Oblast,Northwestern Federal District",Russia,third-country,FFP,ZV,,,ZV - Freezer Vessel,,
19F,Kapitan Gromtsev JSC «Karelian Seafoods»,"10, Port-poselok str.",Belomorsk,186500,"Republic of Karelia,Northwestern Federal District",Russia,third-country,FFP,FV,,,FV - Factory Vessel,,
30N,Kapitan Kayzer (LLC ROLIZ),"off. 24,131,Mishennaya str.",Petropavlovsk-Kamchatsky,683000,"Kamchatka Krai,Far Eastern Federal District",Russia,third-country,FFP,ZV,,,ZV - Freezer Vessel,,
34M,"Kapitan Kirichenko ""Dalreefer"" Shipping Company Ltd.","off.262B,105A, 100-letiya Vladivos-toka prosp.",Vladivostok,690990,"Primorsky Krai,Far Eastern Federal District",Russia,third-country,FFP,RV,,,RV - Reefer Vessel,,
03M,"Kapitan Kolesnikov PJSC ""Preobrazhenskaya Base Of Trawling Fleet""","1, Portovaya str.",v. Preobrazhenie,,"Primorsky Krai,Far Eastern Federal District",Russia,third-country,FFP,ZV,,,ZV - Freezer Vessel,,
26K,Kapitan Maslovets (PJSC 'NBAMR' (Public Joint Stock Company 'Nakhodka Active Marine Fishery Base')),"5, Makarova str.",Nakhodka,,"Yamalo-Nenets Autonomous Okrug,Ural Federal District",Russia,third-country,FFP,FV,,,FV - Factory Vessel,,
15N,"Kapitan NAZIN PJSC ""Murmansk Trawl Fleet""","off.401,43, Shmidta str.",Murmansk,183000,"Murmansk Oblast,Northwestern Federal District",Russia,third-country,FFP,ZV,,,ZV - Freezer Vessel,,
88A,Kapitan Oleynichuk (JSC TURNIF),,Vladivostok,690990,"Primorsky Krai,Far Eastern Federal District",Russia,third-country,FFP,FV,,,FV - Factory Vessel,,
19Q,"Kapitan Pryakha ""Dalreefer"" Shipping Company Ltd.","off.262B,105A, 100-letiya Vladivostoka prosp.",Vladivostok,690000,"Primorsky Krai,Far Eastern Federal District",Russia,third-country,FFP,RV,,,RV - Reefer Vessel,,
97G,Kapitan Rogozin Fishing collective farm «MURMAN»,"83/2, Tralovaya str.",Murmansk,183031,"Murmansk Oblast,Northwestern Federal District",Russia,third-country,FFP,ZV,,,ZV - Freezer Vessel,,
05Q,"Kapitan Shcherbakov Vostokflot Co., Ltd","40A, Verkhneportovaya str.",Vladivostok,690000,"Primorsky Krai,Far Eastern Federal District",Russia,third-country,FFP,RV,,,RV - Reefer Vessel,,
81S,Kapitan Solyanik “Forpost” LLC,"off.912, 11, Aleutskaya str.",Vladivostok,690000,"Primorsky Krai,Far Eastern Federal District",Russia,third-country,FFP,FV,,,FV - Factory Vessel,,
43P,Kaprodon (Kalinin Fishing Collective Farm),-,Village Luda,,"Arkhangelsk Oblast,Northwestern Federal District",Russia,third-country,FFP,FV,,,FV - Factory Vessel,,
59H,"Karacharovo Morskaya Zvezda, Co. Ltd","off.405, 57, A.Suvorova str.",Kaliningrad,236000,"Kaliningrad,Northwestern Federal District",Russia,third-country,FFP,FV,,,FV - Factory Vessel,,
19P,Kasima Maru 8 Primorye's Fishering Company Co. LTD,"room 2, 38, imeni F.E. Dzerzhinskogo str.",Yuzhno-Sakhalinsk,,"Sakhalin Oblast,Far Eastern Federal District",Russia,third-country,FFP,ZV,,,ZV - Freezer Vessel,,
45S,Kayum JSC «T-Crab»,"of.11, 87, Pushkinskaya str.",Vladivostok,690000,"Primorsky Krai,Far Eastern Federal District",Russia,third-country,FFP,FV,,,FV - Factory Vessel,,
94B,Kepromar (ARGO-M LTD),"ap.63, 3, Flotskiy proyezd",Murmansk,183000,"Murmansk Oblast,Northwestern Federal District",Russia,third-country,FFP,ZV,,,ZV - Freezer Vessel,,
RU-041/VJ31267,"Khladokombinat Co., Ltd","of.403, 1, Vokzhalnaya str.",Petropavlovsk-Kamchatsky,683000,"Kamchatka Krai,Far Eastern Federal District",Russia,third-country,FFP,CS,,,CS - Cold Stores,16/12/2021,
50N,Kholmogory JSC Arkhangelsk Trawl Fleet),"324, Leningradskiy av.",Arkhangelsk,,"Arkhangelsk Oblast,Northwestern Federal District",Russia,third-country,FFP,FV,,,FV - Factory Vessel,,
78G,"Khotin (JSC ""Okeanrybflot"")","27, Leningradskaya str.",Petropavlovsk-Kamchatsky,683000,"Kamchatka Krai,Far Eastern Federal District",Russia,third-country,FFP,FV,,,FV - Factory Vessel,,
89H,Kiev ('Murmanfishproducts' Ltd),,Murmansk,183031,"Murmansk Oblast,Northwestern Federal District",Russia,third-country,FFP,ZV,,,ZV - Freezer Vessel,,
14R,Kinguk (Triera LLC),"off. 700,23D, Eniseiskaya str.(5)",Vladivostok,690000,"Primorsky Krai,Far Eastern Federal District",Russia,third-country,FFP,FV,,,FV - Factory Vessel,,
RU-025/GX01559,"Kirovka JSC ""Fishery Kolkhoz ""Primorets""","Primorskiy Kray 12, Zelenaya str. v. Podyapolskoe",Vladivostok,690000,"Primorsky Krai,Far Eastern Federal District",Russia,third-country,FFP,PP,,,PP - Processing Plant,23/12/2021,
29K,Kokshaysk (Fishing Collective Farm Chapoma),,Murmansk,183000,"Murmansk Oblast,Northwestern Federal District",Russia,third-country,FFP,ZV,,,ZV - Freezer Vessel,,
77K,Komarno (JSC Sevrybkomflot)),,Murmansk,183000,"Murmansk Oblast,Northwestern Federal District",Russia,third-country,FFP,FV,,,FV - Factory Vessel,,
89Q,"Kombrig Malchenko (TARK Co., Ltd)","off. 300, 59, prospect Krasnogo Znameni",Vladivostok,690000,"Primorsky Krai,Far Eastern Federal District",Russia,third-country,FFP,RV,,,RV - Reefer Vessel,,
35M,"Kommunary Nikolayeva ""Dalreefer"" Shipping Company Ltd.","off.262B,105A, 100-letiya Vladivos-toka prosp.",Vladivostok,690000,"Primorsky Krai,Far Eastern Federal District",Russia,third-country,FFP,RV,,,RV - Reefer Vessel,,
32M,"Korsakov (JSC ""Gidrostroy"")","11A, Zarechnaya str.",Kurilsk,,"Sakhalin Oblast,Far Eastern Federal District",Russia,third-country,FFP,RV,,,RV - Reefer Vessel,,
64D,"Korund JSC ""Eridan""","accom. XIII, fl. 2, of. 208, 43, Shmidta str.",Murmansk,183000,"Murmansk Oblast,Northwestern Federal District",Russia,third-country,FFP,FV,,,FV - Factory Vessel,,
32R,"Koryakmoreprodukt Co., LTD Fish-processing Plant (FPP) ""Hailulya""","1, Naberezhnaya str.",v. Ivashka,,"Kamchatka Krai,Far Eastern Federal District",Russia,third-country,FFP,PP,,,PP - Processing Plant,,
81L,"Kotoyarvi (Persey, Ltd)",,Murmansk,183031,"Murmansk Oblast,Northwestern Federal District",Russia,third-country,FFP,ZV,,,ZV - Freezer Vessel,,
64N,Koyda 2 (FCF 'Osvobozhdenie'),,Koyda,,"Arkhangelsk Oblast,Northwestern Federal District",Russia,third-country,FFP,ZV,,,ZV - Freezer Vessel,,
94N,Krym JSC 'Nord-West F.C.',"15, Rogozerskaya str.",Murmansk,183000,"Murmansk Oblast,Northwestern Federal District",Russia,third-country,FFP,FV,,,FV - Factory Vessel,,
23P,Kupinskii Rybokombinat LLC,"1A, Stroitelnaya str.",Village Yarkul',,"Novosibirskaya Oblast',Siberian Federal District",Russia,third-country,FFP,PP,,,PP - Processing Plant,,
19R,"Kurilskoye Ozero Gorizont DV Co.,LTD","apart.56, 54 Okeanskiy prospekt",Vladivostok,690990,"Primorsky Krai,Far Eastern Federal District",Russia,third-country,FFP,RV,,,RV - Reefer Vessel,,
92F,"Kurshskaya Kosa «Morskaya Zvezda» Co., Ltd.","off.405, 57, A.Suvorova str.",Kaliningrad,236000,"Kaliningrad,Northwestern Federal District",Russia,third-country,FFP,ZV,,,ZV - Freezer Vessel,,
38S,"LAGART JSC ""YAMSy""","of.308, bld.13, 131,Mishennaya str.",Petropavlovsk-Kamchatsky,683000,"Kamchatka Krai,Far Eastern Federal District",Russia,third-country,FFP,FV,,,FV - Factory Vessel,,
35S,"LARI ""Sigma Marine Technology"" Co., Ltd.","of.1 , 83A, Kalinina str.",Khabarovsk,,"Khabarovsk Krai,Far Eastern Federal District",Russia,third-country,FFP,ZV,,,ZV - Freezer Vessel,,
70S,"LLC "" Diomid Fish Port""","231 V, Kalinina str.",Vladivostok,690000,"Primorsky Krai,Far Eastern Federal District",Russia,third-country,FFP,CS,,,CS - Cold Stores,,
RU-050/GT38282,"LLC ""AgroInvest""","bld 15, 10, Projected passage",Zvenigorod,143039,"Moscow Oblast,Central Federal District",Russia,third-country,FFP,CS,,,CS - Cold Stores,,
RU-025/EH42026,"LLC ""Open Bunkering Base Of The Fishing Fleet""","bld 1, 43,Makarova str.",Nakhodka,,"Yamalo-Nenets Autonomous Okrug,Ural Federal District",Russia,third-country,FFP,CS,,,CS - Cold Stores,31/01/2022,
18R,"LLC ""SC EURASIA""","building TO-1, TO-2",Selyatino,,"Moscow Oblast,Central Federal District",Russia,third-country,FFP,CS,,,CS - Cold Stores,,
RU-077/SF43317,"LLC ""TD Moscow fish processing plant""","bil.12, 37 Altufevskoe sh",Moscow,127410,"Central Administrative Okrug,Moscow,Central Federal District",Russia,third-country,FFP,PP,,,PP - Processing Plant,20/12/2021,
42Q,"LLC ""TORGOVY DOM"" ""BALTIISKIY BEREG""","2G, Centralnaya str.",v. Peniki,,"Leningrad oblast,Northwestern Federal District",Russia,third-country,FFP,PP,,,PP - Processing Plant,,
49S,"LLC ""Trinity Bay Port""","of.28, 3B, Morskaya str.",Zarubino,,"Primorsky Krai,Far Eastern Federal District",Russia,third-country,FFP,CS,,,CS - Cold Stores,,
05S,"LLC ""Ussuri-Logistic""","2 A, Rechnaia str.",Ussuriysk,,"Primorsky Krai,Far Eastern Federal District",Russia,third-country,FFP,CS,,,CS - Cold Stores,,
23H,"LLC ""Vichi-Rus""","3b, Majakovskogo Str",Sovetsk,,"Kaliningrad,Northwestern Federal District",Russia,third-country,FFP,PP,,,PP - Processing Plant,,
54S,"LLC ""Vladimir Can Factory""","off.10, 71, Lenin prosp.",Vladimir,600000,"Vladimir Oblast,Central Federal District",Russia,third-country,FFP,PP,,,PP - Processing Plant,23/12/2021,
62M,LLC 'DAVIKA',"4B, Volzhskikh zor embankment",Astrakhan',,"Astrakhan Oblast,South federal district",Russia,third-country,FFP,PP,,,PP - Processing Plant,,
97L,LLC 'KRISTALL',,Sobolevo,,"Smolensk Oblast,Central Federal District",Russia,third-country,FFP,PP,,,PP - Processing Plant,,
44M,LLC 'Pskovshchina's Fish',18 Pogranichnaya St,Pskov,180000,"Pskov Oblast,Northwestern Federal District",Russia,third-country,FFP,PP,,,PP - Processing Plant,,
85R,LLC ARK “Beluga”,"23A, Nanayskaya str.",Astrakhan,414000,"Astrakhan Oblast,South federal district",Russia,third-country,FFP,PP,,,PP - Processing Plant,,
RU-049/FM47006,LLC Antey Magadan,"1, Marchekanskaya str.",Magadan,685000,"Magadan Oblast,Far Eastern Federal District",Russia,third-country,FFP,CS,,,CS - Cold Stores,20/12/2021,
12R,LLC DIOMID,"243D, Kalinina str.",Vladivostok,690000,"Primorsky Krai,Far Eastern Federal District",Russia,third-country,FFP,CS,,,CS - Cold Stores,,
58S,LLC Kamchatsky Dvor,"243,Gagarina str.",Nevskoe,,"Kaliningrad,Northwestern Federal District",Russia,third-country,FFP,PP,,,PP - Processing Plant,,
29S,LLC Kamchattralflot,"20, Chavychnaya str.",Petropavlovsk-Kamchatsky,683000,"Kamchatka Krai,Far Eastern Federal District",Russia,third-country,FFP,PP,,,PP - Processing Plant,,
28S,LLC Kamchattralflot,Chavycha cape,Mokhovaya,,"Kamchatka Krai,Far Eastern Federal District",Russia,third-country,FFP,CS,,,CS - Cold Stores,,
RU-027/AU41756,LLC Khladokombinat Khabarovsk,"2A, Donskaya str.",Khabarovsk,680052,"Khabarovsk Krai,Far Eastern Federal District",Russia,third-country,FFP,CS,,,CS - Cold Stores,20/12/2021,
08Q,LLC MurmanStroy,Tri ruchja,Murmansk,183000,"Murmansk Oblast,Northwestern Federal District",Russia,third-country,FFP,CS,,,CS - Cold Stores,,
RU-025/QJ02197,LLC Nevskiy Hladokombinat,"Primorskiy Kray 8A, Sakhalinskaaya str. Artem",Vladivostok,690000,"Primorsky Krai,Far Eastern Federal District",Russia,third-country,FFP,CS,,,CS - Cold Stores,23/12/2021,
26S,LLC Russian Cod,"28, Karla Marksa str.",Murmansk,183000,"Murmansk Oblast,Northwestern Federal District",Russia,third-country,FFP,PP,,,PP - Processing Plant,,
61S,LLC TD Ivanchev,"of.4, 88A, Solnechnaya str v.1 branch of the svh. “Maslovskiy”",Voronezh,394000,"Voronezh Oblast,Central Federal District",Russia,third-country,FFP,CS,,,CS - Cold Stores,23/12/2021,
81N,LLC TPK-Ostrov,,Berezovskiy,,"Sverdlovsk Oblast,Ural Federal District",Russia,third-country,FFP,PP,,,PP - Processing Plant,,
RU-039/YK23783,LLC ZAPADNAYA RYBNAYA KOMPANIYA,"1, Rybatskaia str.",Светлый,236000,"Kaliningrad,Northwestern Federal District",Russia,third-country,FFP,PP,,,PP - Processing Plant,17/12/2021,
RU-039/AE28424,LLC ZAPADNAYA RYBNAYA KOMPANIYA,"9/1, Kolhoznyy pereulok",Светлый,236000,"Kaliningrad,Northwestern Federal District",Russia,third-country,FFP,CS,,,CS - Cold Stores,17/12/2021,
83S,"LLC «Fishing Сompany ""Polar Sea+» (Fish Processing Factory KIP)","v.Minkino,150 b",Village Minkino,,"Murmansk Oblast,Northwestern Federal District",Russia,third-country,FFP,PP,,,PP - Processing Plant,,
86S,LLC «RADUGA»,"Leningradskaya Oblast' 7, Ushakovskaya str. v. Taitsy",Saint Petersburg,190000,"Центральный район,Saint Petersburg,Northwestern Federal District",Russia,third-country,FFP,CS,,,CS - Cold Stores,23/12/2021,
55S,LLC “Chistopol fish factory”,"room N-2, 61, N.Kurchenko str.",Chistopol,422980,"Tatarstan,Volga Federal District",Russia,third-country,FFP,PP,,,PP - Processing Plant,,
83N,LLC “SEVRYBSBYT” Cold Store №4,Sea Fish Port Yuzhnye prichaly,Murmansk,183000,"Murmansk Oblast,Northwestern Federal District",Russia,third-country,FFP,CS,,,CS - Cold Stores,,
63S,LLC “SKIF-Logistic”,"lit.C, 91, Sofiyskaya str.",Saint-Petersburg,,"Saint Petersburg,Northwestern Federal District",Russia,third-country,FFP,CS,,,CS - Cold Stores,,
RU-063/GJ04119,"LLС ""Agama Logistic""","""floor2, room 41, 210, v. Leshkovo""",Istra,143500,"Moscow Oblast,Central Federal District",Russia,third-country,FFP,CS,,,CS - Cold Stores,,
68N,LTD BALTIC SEAFOOD,CENTRALNAJA 34 POM II D,Светлый,238340,"Kaliningrad,Northwestern Federal District",Russia,third-country,FFP,PP,,,PP - Processing Plant,04/01/2022,
89S,"LTD Fish Processing Plant ""Maksimovskiy"" Fish Processing Complex ""Maksimovskiy 250""","2, Pogranichnaya str.",v. Ivashka,,"Kamchatka Krai,Far Eastern Federal District",Russia,third-country,FFP,PP,,,PP - Processing Plant,,
RU-038/NB07670,LTD Sharpinskaya,"lit. A2, A3, B; 6, Borovaya str., Staro-Baykal'sk district",Angarsk,,"Irkutsk Oblast,Siberian Federal District",Russia,third-country,FFP,PP,,,PP - Processing Plant,,
24P,"Langeri (Aquamarine, LLC)","9 room, 100, Im. Kosmonavta Popo-vicha str.",Yuzhno-Sakhalinsk,,"Sakhalin Oblast,Far Eastern Federal District",Russia,third-country,FFP,FV,,,FV - Factory Vessel,,
51Q,Lasurnyy JSC Vestrybflot,"27-А, Komsomolskaya str.",Kaliningrad,236000,"Kaliningrad,Northwestern Federal District",Russia,third-country,FFP,ZV,,,ZV - Freezer Vessel,,
32L,"Lavinnyy ('Dalkrevetka' Co., Ltd.)","20, Severnaya str.",Nevelsk,,"Sakhalin Oblast,Far Eastern Federal District",Russia,third-country,FFP,FV,,,FV - Factory Vessel,,
12S,"Lindgolm FPP ""Sokra"" Ltd.","1A, Lesnaya str.",Vilyuchinsk,683000,"Kamchatka Krai,Far Eastern Federal District",Russia,third-country,FFP,FV,,,FV - Factory Vessel,,
13N,"Lira «Morskaya Zvezda» Co.,Ltd","off.405, 57, A.Suvorova str.",Kaliningrad,236000,"Kaliningrad,Northwestern Federal District",Russia,third-country,FFP,ZV,,,ZV - Freezer Vessel,,
10M,"Loyd Fish, Co. Ltd.",1a Komsomolskaya St,Village Oktyabrskiy,,"Kamchatka Krai,Far Eastern Federal District",Russia,third-country,FFP,PP,,,PP - Processing Plant,,
59N,Ltd 'Balt-Iney',,Ladushkin,,"Kaliningrad,Northwestern Federal District",Russia,third-country,FFP,PP,,,PP - Processing Plant,,
16R,Lunskoe More LLC,"337, Kima str.",Nyzhniy Novgorod,,"Nizhny Novgorod Oblast,Volga Federal District",Russia,third-country,FFP,PP,,,PP - Processing Plant,,
RU-041/YT44982,"Luntos FC ""LUNTOS Co., Ltd""","floor 3, off.1, 11, Ozernovskaya Kosa str.",Petropavlovsk-Kamchatsky,683000,"Kamchatka Krai,Far Eastern Federal District; 9894935	19/12/2021",Russia,third-country,FFP,FV,,,FV - Factory Vessel,,
73M,"Lyra (Mag-Sea Tranzit Co., Ltd)","26, Lenina av.",Magadan,,"Magadan Oblast,Far Eastern Federal District",Russia,third-country,FFP,RV,,,RV - Reefer Vessel,,
59Q,"MP-1076 (Stoyechnoye Vessel Ukhta-Prom Co., Ltd.)","1, Сsentralnaya str.",v. Oremif,,"Khabarovsk Krai,Far Eastern Federal District",Russia,third-country,FFP,FV,,,FV - Factory Vessel,,
40Q,Maironis Magadantralflot LLC,"off. 25,131,Mishennaya str.",Petropavlovsk-Kamchatsky,683000,"Kamchatka Krai,Far Eastern Federal District",Russia,third-country,FFP,ZV,,,ZV - Freezer Vessel,,
84P,Marine Star Kamrei Co.LTD,"off. 26, 30, Kurilskaya str.",Petropavlovsk-Kamchatsky,683000,"Kamchatka Krai,Far Eastern Federal District",Russia,third-country,FFP,RV,,,RV - Reefer Vessel,,
91L,Mark Liubovskii (JSC Arkhangelsk Trawl Fleet),"324, Leningradskiy av.",Arkhangelsk,,"Arkhangelsk Oblast,Northwestern Federal District",Russia,third-country,FFP,FV,,,FV - Factory Vessel,,
78H,"Martha Arendsee GELA, Ltd",,Molochnyy,,"Murmansk Oblast,Northwestern Federal District",Russia,third-country,FFP,FV,,,FV - Factory Vessel,,
60A,"Matvey Kuzmin (JSC ""Okeanrybflot"")","27, Leningradskaya str.",Petropavlovsk-Kamchatsky,683000,"Kamchatka Krai,Far Eastern Federal District",Russia,third-country,FFP,FV,,,FV - Factory Vessel,,
85M,Mekhanik Kovtun (JSC AKROS 3),"off. 22,131,Mishennaya str.",Petropavlovsk-Kamchatsky,683000,"Kamchatka Krai,Far Eastern Federal District",Russia,third-country,FFP,FV,,,FV - Factory Vessel,,
38P,"Mekhanik Sergey Agapov ""ROBINZON"" Ltd",,Murmansk,183000,"Murmansk Oblast,Northwestern Federal District",Russia,third-country,FFP,ZV,,,ZV - Freezer Vessel,,
24L,"Melkart-2 (""Murman SeaFood"", Co. Ltd)",28 K. Markska St,Murmansk,183031,"Murmansk Oblast,Northwestern Federal District",Russia,third-country,FFP,FV,,,FV - Factory Vessel,,
15M,"Melkart-3 (Murman Seafood, Co., Ltd.)",28 Karla Larksa Str,Murmansk,183031,"Murmansk Oblast,Northwestern Federal District",Russia,third-country,FFP,FV,,,FV - Factory Vessel,,
66M,"Melkart-4 ""Murman Seafood"" Co., Ltd.","28, Karl Marks str.",Murmansk,183000,"Murmansk Oblast,Northwestern Federal District",Russia,third-country,FFP,FV,,,FV - Factory Vessel,,
10R,"Melkart-5 (""Murman SeaFood"" Co., Ltd)",28 Karla Marksa str.,Murmansk,183000,"Murmansk Oblast,Northwestern Federal District",Russia,third-country,FFP,FV,,,FV - Factory Vessel,,
06S,Merlang Polaris Co.Ltd.,"5-29, Sadoviy lane",Petropavlovsk-Kamchatsky,683000,"Kamchatka Krai,Far Eastern Federal District",Russia,third-country,FFP,ZV,,,ZV - Freezer Vessel,,
11L,"Ministr Ishkov (JSC ""Okeanrybflot"")",27 Leningradskaya str.,Petropavlovsk-Kamchatsky,683000,"Kamchatka Krai,Far Eastern Federal District",Russia,third-country,FFP,FV,,,FV - Factory Vessel,,
04P,Mirakh JSC “ Murmanseld 2”,"22, Polyarnye Zori str.",Murmansk,183000,"Murmansk Oblast,Northwestern Federal District",Russia,third-country,FFP,FV,,,FV - Factory Vessel,,
65Q,"Morozko Co. Ltd. Cold Store 2, 3, 4",Southern area of Fishing port dock 41,Murmansk,183000,"Murmansk Oblast,Northwestern Federal District",Russia,third-country,FFP,CS,,,CS - Cold Stores,,
94R,Morskoi Meridian LTD Cold Storage,"79A, Prospect Pobedy str.",Petropavlovsk-Kamchatsky,683000,"Kamchatka Krai,Far Eastern Federal District",Russia,third-country,FFP,CS,,,CS - Cold Stores,,
69K,Morskoy Briz (JSC Severomorskij Aljans),"43, Tralovaya str.",Murmansk,183000,"Murmansk Oblast,Northwestern Federal District",Russia,third-country,FFP,FV,,,FV - Factory Vessel,,
80K,"Morskoy volk (Tikhrybcom, Co. Ltd.)",,Magadan,,"Magadan Oblast,Far Eastern Federal District",Russia,third-country,FFP,FV,,,FV - Factory Vessel,,
53K,"Muravyev-Amurskiy (Tymlatsky Rybokombinat), Co.Ltd.","30, Naberezhnaya str.",Village Tymlat,,"Kamchatka Krai,Far Eastern Federal District",Russia,third-country,FFP,FV,,,FV - Factory Vessel,,
RU-051/PH43465,Murman I Antey Sever LLC,"of.31,49,Tralovaya str",Murmansk,183000,"Murmansk Oblast,Northwestern Federal District",Russia,third-country,FFP,FV,,,FV - Factory Vessel,,
30H,Murmansk (Agricultural Industrial Cooperative Fishing Collective Farm 'Belomor'),Letnyaya Zolotitsa,Letnyaya Zolotitsa,,"Arkhangelsk Oblast,Northwestern Federal District",Russia,third-country,FFP,ZV,,,ZV - Freezer Vessel,,
60K,"Murmanskiye Ryboproducty, Ltd. (fish processing workshop)","22nd Mooring area, Marine fishing port",Murmansk,183000,"Murmansk Oblast,Northwestern Federal District",Russia,third-country,FFP,PP,,,PP - Processing Plant,,
91P,Mys Chikhacheva JSC Karat-1,"off. 521, 43, Shmidta str.",Murmansk,183000,"Murmansk Oblast,Northwestern Federal District",Russia,third-country,FFP,FV,,,FV - Factory Vessel,,
32P,Mys Chuprova Polaris Co.Ltd.,,Petropavlovsk-Kamchatsky,683000,"Kamchatka Krai,Far Eastern Federal District",Russia,third-country,FFP,FV,,,FV - Factory Vessel,,
47A,"Mys Datta Poronay Co., Ltd","15, Altayskiy lane",Yuzhno-Sakhalinsk,,"Sakhalin Oblast,Far Eastern Federal District",Russia,third-country,FFP,FV,,,FV - Factory Vessel,,
45A,Mys Dokuchaeva (LLC 'Production Association Sakhalinrybaksoyuz'),,Yuzhno-Sakhalinsk,,"Sakhalin Oblast,Far Eastern Federal District",Russia,third-country,FFP,FV,,,FV - Factory Vessel,,
53P,"Mys Gvozdeva JSC ""Alternativa""","off.3, 25 Zheleznodorozhnaya str.",Chupa,,"Republic of Karelia,Northwestern Federal District",Russia,third-country,FFP,FV,,,FV - Factory Vessel,,
26P,"Mys Korsakova JSC Fishing Company ""Sogra""","off. 307,112/3, Na-berezhnaya Severnoi Dviny",Arkhangel'Sk,,"Arkhangelsk Oblast,Northwestern Federal District",Russia,third-country,FFP,FV,,,FV - Factory Vessel,,
37A,Mys Kruzenshterna (JSC Sakhalin Leasing Flot),"off. 23, 131, Mishennaya str.",Petropavlovsk-Kamchatsky,683000,"Kamchatka Krai,Far Eastern Federal District",Russia,third-country,FFP,FV,,,FV - Factory Vessel,,
49A,"Mys Kurbatova (Poseydon, Co.Ltd)",46a Sovetskaya St),Kholmsk,694620,"Sakhalin Oblast,Far Eastern Federal District",Russia,third-country,FFP,FV,,,FV - Factory Vessel,,
46A,Mys Levenorna (LLC 'Production Association Sakhalinrybaksoyuz'),,Yuzhno-Sakhalinsk,,"Sakhalin Oblast,Far Eastern Federal District",Russia,third-country,FFP,FV,,,FV - Factory Vessel,,
42A,Mys Lovtsova (JSC Sakhalin Leasing Flot),"off. 23, 131, Mishennaya str.",Petropavlovsk-Kamchatsky,683000,"Kamchatka Krai,Far Eastern Federal District",Russia,third-country,FFP,FV,,,FV - Factory Vessel,,
48A,Mys Menshikova (LLC 'Production Association Sakhalinrybaksoyuz'),,Yuzhno-Sakhalinsk,,"Sakhalin Oblast,Far Eastern Federal District",Russia,third-country,FFP,FV,,,FV - Factory Vessel,,
35A,Mys Muravjeva (JSC Sakhalin Leasing Flot),"off 23, 131, Mishennaya str.",Petropavlovsk-Kamchatsky,683000,"Kamchatka Krai,Far Eastern Federal District",Russia,third-country,FFP,FV,,,FV - Factory Vessel,,
38N,Mys Olyutorskiy (JSC 'Okeanrybflot'),,Petropavlovsk-Kamchatsky,683000,"Kamchatka Krai,Far Eastern Federal District",Russia,third-country,FFP,FV,,,FV - Factory Vessel,,
44A,Mys Orlova (Vodoley Co. Ltd),,Khabarovsk,,"Khabarovsk Krai,Far Eastern Federal District",Russia,third-country,FFP,FV,,,FV - Factory Vessel,,
RU-025/ZM41028,Mys Ostrovnoy MORSKOY TRANSPORT LLC,"6В, Dubovaya str.",Vladivostok,690000,"Primorsky Krai,Far Eastern Federal District",Russia,third-country,FFP,RV,,,RV - Reefer Vessel,,
25P,"Mys Sheltinga JSC Fishing Company ""Sogra""","off. 307,112/3, Naberezhnaya Severnoi Dviny",Arkhangel'Sk,,"Arkhangelsk Oblast,Northwestern Federal District",Russia,third-country,FFP,FV,,,FV - Factory Vessel,,
73P,"Mys Slepikovskogo JSC ""Rybprominvest""",,Murmansk,183000,"Murmansk Oblast,Northwestern Federal District",Russia,third-country,FFP,FV,,,FV - Factory Vessel,,
97N,"Mys Velikan ('Tranzit-DV' Co., Ltd)",,Village Nekrasovka,,"Ryazan Oblast,Central Federal District",Russia,third-country,FFP,ZV,,,ZV - Freezer Vessel,,
29R,"NAKHODKA «FISH EXPO» Co., Ltd.","20-1(28), Sovkhoznaya str.",Il'inka,,"Kaluga Oblast,Central Federal District",Russia,third-country,FFP,FV,,,FV - Factory Vessel,,
93S,"NEPTUN JSC ""Arcticservice""","43,Tralovaya str",Murmansk,183071,"Murmansk Oblast,Northwestern Federal District",Russia,third-country,FFP,FV,,,FV - Factory Vessel,,
82Q,NORD WEST (JSC Nord-West F.C.),"15, Rogozerskaya str.",Murmansk,183000,"Murmansk Oblast,Northwestern Federal District",Russia,third-country,FFP,FV,,,FV - Factory Vessel,,
78Q,NORTHERN EAGLE (Arcticflot Co. Ltd),"51, Tralovaya str.",Murmansk,183000,"Murmansk Oblast,Northwestern Federal District",Russia,third-country,FFP,FV,,,FV - Factory Vessel,,
RU-029/NN48012,"NORVEZHSKOE MORE JSC ""Arkhangelsk trawl fleet""","324, Leningradskiy av.",Arkhangelsk,163000,"Arkhangelsk Oblast,Northwestern Federal District; 9836165	17/12/2021",Russia,third-country,FFP,FV,,,FV - Factory Vessel,,
21N,"NUFPC Fishery Cooperative ""Inya""","1, Shkolnaya str.",Village Novoe Ustie,,"Khabarovsk Krai,Far Eastern Federal District",Russia,third-country,FFP,PP,,,PP - Processing Plant,,
90N,Nadezhda (LLC 'Sea Breeze'),,Vladivostok,690990,"Primorsky Krai,Far Eastern Federal District",Russia,third-country,FFP,FV,,,FV - Factory Vessel,,
39K,Nikolay Chepik (PJSC 'NBAMR' (Public Joint Stock Company 'Nakhodka Active Marine Fishery Base'),"5, Makarova str.",Nakhodka,,"Yamalo-Nenets Autonomous Okrug,Ural Federal District",Russia,third-country,FFP,FV,,,FV - Factory Vessel,,
60N,"Nikolay Kasatkin «Paroos Co.,LTD»","off. 302,16, Karl Marx str.",Yuzhno-Sakhalinsk,,"Sakhalin Oblast,Far Eastern Federal District",Russia,third-country,FFP,RV,,,RV - Reefer Vessel,,
84R,"Nikolay Telenkov (Magadanpromflot Co., Ltd)","off.316,11, Proletarskaya str.",Magadan,,"Magadan Oblast,Far Eastern Federal District",Russia,third-country,FFP,ZV,,,ZV - Freezer Vessel,,
40G,"Nikolskiy (""North-West Fishing Company-Murmansk"" Ltd)","43, Tralovaya str.",Murmansk,183031,"Murmansk Oblast,Northwestern Federal District",Russia,third-country,FFP,FV,,,FV - Factory Vessel,,
93F,"Nivenskoye JSC ""Fishing Fleet -FOR""","off. 401 A, 57, A.Suvorova str.",Kaliningrad,236000,"Kaliningrad,Northwestern Federal District",Russia,third-country,FFP,ZV,,,ZV - Freezer Vessel,,
76Q,Nolina LLC,"49, Vyselkovaya str.",Vladivostok,690000,"Primorsky Krai,Far Eastern Federal District",Russia,third-country,FFP,CS,,,CS - Cold Stores,,
33R,Nord Tral Fishing Collektive Farm “Belomorskij Ribak”,,Chavanga,,"Murmansk Oblast,Northwestern Federal District",Russia,third-country,FFP,FV,,,FV - Factory Vessel,,
82P,NordEast Company Ltd,"8, Saltykovskaya str.",Moscow,117525,"Central Administrative Okrug,Moscow,Central Federal District",Russia,third-country,FFP,PP,,,PP - Processing Plant,,
85K,"Nordkap PJSC ""Murmansk Trawl Fleet""","off.401,43, Shmidta str.",Murmansk,183000,"Murmansk Oblast,Northwestern Federal District",Russia,third-country,FFP,FV,,,FV - Factory Vessel,,
61K,North Ocean Antey LLC,"of.502, 23D, Eniseyskaya str.",Vladivostok,690000,"Primorsky Krai,Far Eastern Federal District",Russia,third-country,FFP,FV,,,FV - Factory Vessel,,
95K,"Novaya Zemlya ('RQF' Co., Ltd.)",,Murmansk,183000,"Murmansk Oblast,Northwestern Federal District",Russia,third-country,FFP,FV,,,FV - Factory Vessel,,
21Q,"Noviy Svet ""KD Reefers"" LLC","off.3,1, Epronovskaya str., 4-th floor",Kaliningrad,236000,"Kaliningrad,Northwestern Federal District",Russia,third-country,FFP,RV,,,RV - Reefer Vessel,,
45K,Novouralsk LLC Vostokrybprom,"off. 410, 14, Pionerskaya str.",Sovetskaya Gavan',,"Khabarovsk Krai,Far Eastern Federal District",Russia,third-country,FFP,FV,,,FV - Factory Vessel,,
22Q,"OOO ""TD"" Samson- Trade""","32-1, Shevchenko str.",Murmansk,183000,"Murmansk Oblast,Northwestern Federal District",Russia,third-country,FFP,CS,,,CS - Cold Stores,,
24S,OOO Kaliningradsky Konservny Kombinat № 22,"1, Rybatskaya str.",Svetlyy Log,,"Volgograd Oblast,South federal district",Russia,third-country,FFP,CS,,,CS - Cold Stores,,
19S,"OPLOT MIRA Co., LTD Warehouse Refrigerator","10, Rybatskaya str.",Nevelsk,,"Sakhalin Oblast,Far Eastern Federal District",Russia,third-country,FFP,CS,,,CS - Cold Stores,,
46Q,ORION-1 Antey Sever LLC,"of.31,49,Tralovaya str.",Murmansk,183000,"Murmansk Oblast,Northwestern Federal District",Russia,third-country,FFP,RV,,,RV - Reefer Vessel,,
88P,OS REEFER Forever LLC,"off. 4,20, Karl Marx' str.",Yuzhno-Sakhalinsk,,"Sakhalin Oblast,Far Eastern Federal District",Russia,third-country,FFP,RV,,,RV - Reefer Vessel,,
29Q,OSSORA «Magadanryba 2» Co. LTD.,"office 312А, 11, Proletarskaya str.",Magadan,,"Magadan Oblast,Far Eastern Federal District",Russia,third-country,FFP,FV,,,FV - Factory Vessel,,
RU-065/FT02947,"OSTROV MONERON JSC ""North-Kurilsk Base Of Seiner Fleet""","2, Naberezhnaya str.",Severo-Kurilsk,,"Sakhalin Oblast,Far Eastern Federal District",Russia,third-country,FFP,FV,,,FV - Factory Vessel,,
66R,"OSTROVNOY-6 (Fish Factory ""Ostrovnoy"" LLC)","off.1, Liter V, 8 Sovetskaya str.",Village Malokurilskoye,,"Sakhalin Oblast,Far Eastern Federal District",Russia,third-country,FFP,ZV,,,ZV - Freezer Vessel,,
82R,"OSTROVNOY-9 (Fish Factory ""Ostrovnoy"" LLC)","off.1, Liter V, 8, Sovetskaya str.",Village Malokurilskoye,,"Sakhalin Oblast,Far Eastern Federal District",Russia,third-country,FFP,ZV,,,ZV - Freezer Vessel,,
43G,Obeliai (Nord Pilgrim Co Ltd),51 Tralovaya,Murmansk,183000,"Murmansk Oblast,Northwestern Federal District",Russia,third-country,FFP,ZV,,,ZV - Freezer Vessel,,
93N,Ocean Co.LTD,,Murmansk,183000,"Murmansk Oblast,Northwestern Federal District",Russia,third-country,FFP,CS,,,CS - Cold Stores,,
72M,"Odin (""PrimPortServis"" Co. Ltd)","OFF.1, 14 Karla Libkhneta str.",Vladivostok,690990,"Primorsky Krai,Far Eastern Federal District",Russia,third-country,FFP,RV,,,RV - Reefer Vessel,,
RU-025/AY00514,"Oktyabr JSC ""Fishery Kolkhoz ""Primorets""","12, Zelenaya str.",Подъяпольское сельское поселение,692828,"Primorsky Krai,Far Eastern Federal District; 8860523	19/12/2021",Russia,third-country,FFP,FV,,,FV - Factory Vessel,,
44R,Oktyabrskiy-1 Co LLC Fish Plant No 2,"1, Sovetskaya str",Village Oktyabrskiy,,"Kamchatka Krai,Far Eastern Federal District",Russia,third-country,FFP,PP,,,PP - Processing Plant,,
11P,"Olga ('Dalkrevetka' Co., Ltd)",20 Severnaya str.,Nevelsk,,"Sakhalin Oblast,Far Eastern Federal District",Russia,third-country,FFP,FV,,,FV - Factory Vessel,,
43R,"Oplot Mira (OPLOT MIRA Co., LTD)","20, Severnaya str.",Nevelsk,,"Sakhalin Oblast,Far Eastern Federal District",Russia,third-country,FFP,FV,,,FV - Factory Vessel,,
64p,"Optimist Piligrim Co., Ltd.",,Yuzhno-Sakhalinsk,,"Sakhalin Oblast,Far Eastern Federal District",Russia,third-country,FFP,FV,,,FV - Factory Vessel,,
12Q,"Orion ""Vladkristall"" Co., Ltd","26-B, 50 let VLKSM str.",Vladivostok,690990,"Primorsky Krai,Far Eastern Federal District",Russia,third-country,FFP,RV,,,RV - Reefer Vessel,,
58N,"Orvar (JSC ""Vega"")",,Murmansk,183031,"Murmansk Oblast,Northwestern Federal District",Russia,third-country,FFP,FV,,,FV - Factory Vessel,,
30B,"Ostankino ""Zapmorflot"" Ltd.",,Pionerskiy,,"Novosibirskaya Oblast',Siberian Federal District",Russia,third-country,FFP,ZV,,,ZV - Freezer Vessel,,
40K,"Ostrov Iony (JSC Fishing Collective Farm ""Vostok-1"")","42, Krasnogo Znameni av.",Vladivostok,690990,"Primorsky Krai,Far Eastern Federal District",Russia,third-country,FFP,RV,,,RV - Reefer Vessel,,
14P,"Ostrov Iturup ('Poronay' Co., Ltd.)",,Yuzhno-Sakhalinsk,,"Sakhalin Oblast,Far Eastern Federal District",Russia,third-country,FFP,FV,,,FV - Factory Vessel,,
66S,"Ostrov Karaginskiy “Koryakmoreprodukt"" Co., Ltd.","1, Naberezhnaya str.",v. Ivashka,,"Kamchatka Krai,Far Eastern Federal District",Russia,third-country,FFP,RV,,,RV - Reefer Vessel,,
14H,Ostrov Sakhalin (JSC 'Ostrov Sakhalin'),"15, Altaiskiy P.",Yuzhno-Sakhalinsk,,"Sakhalin Oblast,Far Eastern Federal District",Russia,third-country,FFP,ZV,,,ZV - Freezer Vessel,,
94P,"Ostrov Shikotan PJSC ""Preobrazhenskaya Base Of Trawling Fleet""","1, Portovaya str.",v. Preobrazhenie,,"Primorsky Krai,Far Eastern Federal District",Russia,third-country,FFP,ZV,,,ZV - Freezer Vessel,,
12H,Osveyskoye JSC 'ATLANTRYBFLOT',"off.401D, 57, A.Suvorova str.",Kaliningrad,236000,"Kaliningrad,Northwestern Federal District",Russia,third-country,FFP,FV,,,FV - Factory Vessel,,
32B,"Ozherelye ""Zapmorflot"" Ltd",,Pionerskiy,,"Novosibirskaya Oblast',Siberian Federal District",Russia,third-country,FFP,ZV,,,ZV - Freezer Vessel,,
FACTORY No4(88S),PARK Co LTD,TRI RUCHJA 40,Murmansk,183003,"Murmansk Oblast,Northwestern Federal District",Russia,third-country,FFP,PP,,,PP - Processing Plant,,
56M,PAVLOVSK (JSC 'Gidrostroy'),"11A, Zarechnaya str.",Kurilsk,,"Sakhalin Oblast,Far Eastern Federal District",Russia,third-country,FFP,RV,,,RV - Reefer Vessel,,
71P,"PCF ""Yuzhno-Kurilsky Ryibokombinat"" Co., Ltd.","17, Zavodskaya str.",v. Yuzhno-Kurilsk,,"Sakhalin Oblast,Far Eastern Federal District",Russia,third-country,FFP,PP,,,PP - Processing Plant,,
57M,PETERGOF (JSC 'Gidrostroy'),"11A, Zarechnaya str.",Kurilsk,,"Sakhalin Oblast,Far Eastern Federal District",Russia,third-country,FFP,RV,,,RV - Reefer Vessel,,
85S,"PJSC ""Preobrazhenskaya Base Of Trawling Fleet"" Industrial Cold Storage Plant","2A, Portovaya str.",v. Preobrazhenie,,"Primorsky Krai,Far Eastern Federal District",Russia,third-country,FFP,CS,,,CS - Cold Stores,,
53L,PKF 'Rybnaya Kompania Khadzhaeva' Co. Ltd.,130A N. Ostrovskogo St,Astrakhan,414000,"Astrakhan Oblast,South federal district",Russia,third-country,FFP,PP,,,PP - Processing Plant,,
90Q,"PLUTONAS (PROMFLOT Co., LTD)","off.55, 30, Kholmskoe shosse",Yuzhno-Sakhalinsk,,"Sakhalin Oblast,Far Eastern Federal District",Russia,third-country,FFP,FV,,,FV - Factory Vessel,,
RU-040/DH01288,POLAR SEAFOOD RUSSIA,"90,Old Kremenki str.",Kremenki,606243,"Nizhny Novgorod Oblast,Volga Federal District",Russia,third-country,FFP,PP,,,PP - Processing Plant,,
RU-065/DN02470,PROMETEY Rosfishflot Co.Ltd.,"28/1, Dal'niaya str.",Petropavlovsk-Kamchatsky,683000,"Kamchatka Krai,Far Eastern Federal District; 8708347	19/12/2021",Russia,third-country,FFP,ZV,,,ZV - Freezer Vessel,,
92M,PYOTR ILICHYOV (Collective Farm Fishery By V.I. Lenin),"40, Kosmonavtov str.",Petropavlovsk-Kamchatsky,683000,"Kamchatka Krai,Far Eastern Federal District",Russia,third-country,FFP,RV,,,RV - Reefer Vessel,,
34N,Pamyat Ilicha (LLC RUMB ),"off 506, 2g, Universitetskaya str.",Kaliningrad,236000,"Kaliningrad,Northwestern Federal District",Russia,third-country,FFP,RV,,,RV - Reefer Vessel,,
11Q,"Pamyat Kirova LLC ""Olympia""","off. 506, 2, Universitetskaya str.",Kaliningrad,236000,"Kaliningrad,Northwestern Federal District",Russia,third-country,FFP,RV,,,RV - Reefer Vessel,,
30S,Park Co. Ltd,"40,Tri Ruchia str.",Murmansk,183000,"Murmansk Oblast,Northwestern Federal District",Russia,third-country,FFP,PP,,,PP - Processing Plant,,
23F,Pavel Batov JSC “DMP-RM”,"off.301,109, Pushkinskaya str.",Vladivostok,690990,"Primorsky Krai,Far Eastern Federal District",Russia,third-country,FFP,FV,,,FV - Factory Vessel,,
87K,"Pavel Kutakhov JSC ""Kurilskiy Rybak""","43, Shmidta str.",Village Reydovo,,"Sakhalin Oblast,Far Eastern Federal District",Russia,third-country,FFP,ZV,,,ZV - Freezer Vessel,,
66P,"Pechora Agricultural Industrial Cooperative Fishing Collective Farm ""Andeg""",,Village Andeg,,"Arkhangelsk Oblast,Northwestern Federal District",Russia,third-country,FFP,ZV,,,ZV - Freezer Vessel,,
25Q,"Petr I JSC ""Tralflot""","of.34, 34, Serysheva str.",Khabarovsk,,"Khabarovsk Krai,Far Eastern Federal District",Russia,third-country,FFP,FV,,,FV - Factory Vessel,,
17A,Petr Iljin (''AKROS'' Fishing JSC),"bild. 13,131,Mishennaya str.(",Petropavlovsk-Kamchatsky,683000,"Kamchatka Krai,Far Eastern Federal District",Russia,third-country,FFP,FV,,,FV - Factory Vessel,,
77M,"Petr Rikord (Mercury Co., Ltd)","28/1, Dal'niaya str.",Petropavlovsk-Kamchatsky,683000,"Kamchatka Krai,Far Eastern Federal District",Russia,third-country,FFP,RV,,,RV - Reefer Vessel,,
89M,"Petrogradskiy (Loran Co., Ltd.)","off.412, 12А, Tralovaya str.",Murmansk,183000,"Murmansk Oblast,Northwestern Federal District",Russia,third-country,FFP,RV,,,RV - Reefer Vessel,,
01R,"Petropavlovsk (PJSC ''NBAMR '' Public Joint Stock Company ""Nakhodka Active Marine Fishery Base"")","5, Makarova str.",Nakhodka,,"Yamalo-Nenets Autonomous Okrug,Ural Federal District",Russia,third-country,FFP,FV,,,FV - Factory Vessel,,
RU-041/FX02320,Petropavlovsk-Kamchatskiy fish cannery Co. LLC,"2, Chitinskaya str.",Petropavlovsk-Kamchatsky,683000,"Kamchatka Krai,Far Eastern Federal District",Russia,third-country,FFP,PP,,,PP - Processing Plant,20/12/2021,
01H,Pilenga (JSC Pilenga),"15, Altaiskiy P.",Yuzhno-Sakhalinsk,,"Sakhalin Oblast,Far Eastern Federal District",Russia,third-country,FFP,ZV,,,ZV - Freezer Vessel,,
16H,Pilenga-2 (JSC Pilenga),"15, Altaiskiy P.",Yuzhno-Sakhalinsk,,"Sakhalin Oblast,Far Eastern Federal District",Russia,third-country,FFP,ZV,,,ZV - Freezer Vessel,,
37P,"Pinro-2 Federal State Unitary Enterprise ""National Fish Resources""","room 10, premise. II, of. 201, bldg 4, 5, 1-st Derbenevskiy lane",Moscow,,"Central Administrative Okrug,Moscow,Central Federal District",Russia,third-country,FFP,ZV,,,ZV - Freezer Vessel,,
35H,Pioner Nikolaeva (JSC TURNIF),,Vladivostok,690990,"Primorsky Krai,Far Eastern Federal District",Russia,third-country,FFP,ZV,,,ZV - Freezer Vessel,,
43S,Planeta Collective Farm Fishery By V.I. Lenin,"40, Kosmonavtov str.",Petropavlovsk-Kamchatsky,683000,"Kamchatka Krai,Far Eastern Federal District",Russia,third-country,FFP,FV,,,FV - Factory Vessel,,
70P,"Plutonas ""Vladkristall"" Co., Ltd","26B, 50 let VLKSM str.",Vladivostok,690000,"Primorsky Krai,Far Eastern Federal District",Russia,third-country,FFP,RV,,,RV - Reefer Vessel,,
99Q,Polar Enterprise Froster Ltd.,"off.403,43, Tralovaya str.",Murmansk,183000,"Murmansk Oblast,Northwestern Federal District",Russia,third-country,FFP,FV,,,FV - Factory Vessel,,
16F,"Polluks (JSC ""Okeanrybflot"")",27 Leninskaya str.,Petropavlovsk-Kamchatsky,683000,"Kamchatka Krai,Far Eastern Federal District",Russia,third-country,FFP,FV,,,FV - Factory Vessel,,
76P,"Poltava Vostokflot Co., Ltd","40A, Verkhneportovaya str.",Vladivostok,690000,"Primorsky Krai,Far Eastern Federal District",Russia,third-country,FFP,RV,,,RV - Reefer Vessel,,
98P,"Pomor Loran Co., Ltd","off.412, 12А, Tralovaya str.",Murmansk,183000,"Murmansk Oblast,Northwestern Federal District",Russia,third-country,FFP,RV,,,RV - Reefer Vessel,,
07Q,Porfiriy Chanchibadze JSC TURNIF,"87, Pushkinskaya str.",Vladivostok,690000,"Primorsky Krai,Far Eastern Federal District",Russia,third-country,FFP,FV,,,FV - Factory Vessel,,
13S,ProdImport CO.LTD,"15A, Kamyshovy lane",Khabarovsk,,"Khabarovsk Krai,Far Eastern Federal District",Russia,third-country,FFP,CS,,,CS - Cold Stores,,
53G,"Proekt (GELA, Ltd)",,Village Molochniy,,"Murmansk Oblast,Northwestern Federal District",Russia,third-country,FFP,FV,,,FV - Factory Vessel,,
03P,Proekt-1 ('Gela' Ltd),,Village Molochniy,,"Murmansk Oblast,Northwestern Federal District",Russia,third-country,FFP,FV,,,FV - Factory Vessel,,
51R,"Progress LLC ""Transrefflot""","apart.20, 19, Fontannaya str.",Vladivostok,690000,"Primorsky Krai,Far Eastern Federal District",Russia,third-country,FFP,RV,,,RV - Reefer Vessel,,
42M,"Proliv Longa ""Line Invest"" CJSC","off. 301, 4, Shevshenko lane",Vladivostok,690000,"Primorsky Krai,Far Eastern Federal District",Russia,third-country,FFP,RV,,,RV - Reefer Vessel,,
86R,"Pyotr Bogdanov (Riko Co., Ltd)","21 A, Vulkannaya str.",Petropavlovsk-Kamchatsky,683000,"Kamchatka Krai,Far Eastern Federal District",Russia,third-country,FFP,FV,,,FV - Factory Vessel,,
65P,Pyotr Gusenkov LLC «Hermes-Marine»,"office 413, 23D, Yeniseyskaya str.(",Vladivostok,690000,"Primorsky Krai,Far Eastern Federal District",Russia,third-country,FFP,RV,,,RV - Reefer Vessel,,
39S,RA Belorechensk CO.LTD,v.Ilpyrskoe,Petropavlovsk-Kamchatsky,683000,"Kamchatka Krai,Far Eastern Federal District",Russia,third-country,FFP,PP,,,PP - Processing Plant,23/12/2021,
22D,RASKAT & COM Ltd,"v. Kashirskoe, 22",Gur'Yevskoye,,"Kaliningrad,Northwestern Federal District",Russia,third-country,FFP,PP,,,PP - Processing Plant,,
71S,"REEFER Vostokribprom Co.,Ltd","51-a, Svetlanskaya str.",Vladivostok,690000,"Primorsky Krai,Far Eastern Federal District",Russia,third-country,FFP,FV,,,FV - Factory Vessel,,
60R,"RK "" Krutogorovskoye"" LLC","b. 12-1, Zavodskaya str.",v. Krutogorovskiy,,"Kamchatka Krai,Far Eastern Federal District",Russia,third-country,FFP,PP,,,PP - Processing Plant,,
20Q,"RPC Nakhodkinskiy Co.,Ltd","2B, Nakhodkinskiy prospect",Nakhodka,,"Yamalo-Nenets Autonomous Okrug,Ural Federal District",Russia,third-country,FFP,PP,,,PP - Processing Plant,,
67P,"RPK ""Vostochnoe"" Co., Ltd Combinat No 1",,v. Innokent'evka,,"Khabarovsk Krai,Far Eastern Federal District",Russia,third-country,FFP,PP,,,PP - Processing Plant,,
02P,RTF 'Diana' LLC,,Kaduy,,"Vologda Oblast,Northwestern Federal District",Russia,third-country,FFP,PP,,,PP - Processing Plant,,
41S,RUS Antey LLC,"of.502, 23D, Eniseyskaya str.",Vladivostok,690000,"Primorsky Krai,Far Eastern Federal District",Russia,third-country,FFP,ZV,,,ZV - Freezer Vessel,,
65M,"RYBAK PJSC ""Murmansk Trawl Fleet""","off.401,43, Shmidta str.",Murmansk,183000,"Murmansk Oblast,Northwestern Federal District",Russia,third-country,FFP,FV,,,FV - Factory Vessel,,
24R,"Regul ""Ostrovnoy-Krab"", LTD","off.3, 8, Sovetskaya str.",Village Malokurilskoye,,"Sakhalin Oblast,Far Eastern Federal District",Russia,third-country,FFP,ZV,,,ZV - Freezer Vessel,,
66F,"Retinskoe (""North-West Fishing Company-Murmansk"" Ltd)","43, Tralovaya str.",Murmansk,183031,"Murmansk Oblast,Northwestern Federal District",Russia,third-country,FFP,FV,,,FV - Factory Vessel,,
10Q,Retriеver «Ussuri Import» LLC,"off.30, 28A, Komsomolskaya str.",Ussuriysk,,"Primorsky Krai,Far Eastern Federal District",Russia,third-country,FFP,RV,,,RV - Reefer Vessel,,
31 M,Roskon LLC,29 Kaliningradskoye shosse,Kaliningrad,236000,"Kaliningrad,Northwestern Federal District",Russia,third-country,FFP,PP,,,PP - Processing Plant,04/02/2022,
33Q,"Rubinovyy JSC ""Gidrostroy""","11A, Zarechnaya str.",Kurilsk,,"Sakhalin Oblast,Far Eastern Federal District",Russia,third-country,FFP,RV,,,RV - Reefer Vessel,,
77H,Rumyantsevo (JSC 'North-Kurilsk Base Of Seiner Fleet' (JSC 'SK BSF')),,Severo-Kurilsk,,"Sakhalin Oblast,Far Eastern Federal District",Russia,third-country,FFP,FV,,,FV - Factory Vessel,,
73S,Russian Pollock LLC,"27,Centralnaya St., Territory off AZES""Nadezhdinskaya"", Volno- Nadezhdinskoe village, Nadezhdinskiy municipal district, Primorskiy Kray, 692481, Russian Federation(v.Volno-Nadezhdinskoe territory of Nadezhdinskaya TAD)",Надеждинское сельское поселение,692481,"Primorsky Krai,Far Eastern Federal District",Russia,third-country,FFP,PP,,,PP - Processing Plant,,
94Q,Rustica (BRINER LLC),"116,50 let Oktyabrya av.",Dal'Negorsk,,"Primorsky Krai,Far Eastern Federal District",Russia,third-country,FFP,RV,,,RV - Reefer Vessel,,
46B,"Rybholkam, LLC",,Village Zaporozhie,,"Kamchatka Krai,Far Eastern Federal District",Russia,third-country,FFP,PP,,,PP - Processing Plant,,
53N,Rybolov-1 (LLC 'Fishing Company 'Buxta Udachi'),"24, p. 2, et 1 pom 1 Ch.K 12, Pravdy str.",Moscow,,"Central Administrative Okrug,Moscow,Central Federal District",Russia,third-country,FFP,ZV,,,ZV - Freezer Vessel,,
48M,"SENITE (""Dalkrevetka"" Co., Ltd.)","20, Severnaya str.",Nevelsk,,"Sakhalin Oblast,Far Eastern Federal District",Russia,third-country,FFP,RV,,,RV - Reefer Vessel,,
21R,SHPITCBERGEN JSCKarat-1,"off. 521, 43, Shmidta str.",Murmansk,183000,"Murmansk Oblast,Northwestern Federal District",Russia,third-country,FFP,FV,,,FV - Factory Vessel,,
71N,SIRIUS (Arctic Shipping LLC),"off. 521, lit. A, 9-1, Bumazhnaya str.",Saint-Petersburg,,"Saint Petersburg,Northwestern Federal District",Russia,third-country,FFP,RV,,,RV - Reefer Vessel,,
RU-065/ZV02539,SIRIUS Rosfishflot Co.Ltd.,"28/1, Dal'niaya str.",Petropavlovsk-Kamchatsky,683000,"Kamchatka Krai,Far Eastern Federal District; 8703658	20/12/2021",Russia,third-country,FFP,ZV,,,ZV - Freezer Vessel,,
79Q,SK EXCLUSIVE Co.Ltd,"lit. K, 84, Kubinskaya str.",Saint-Petersburg,,"Saint Petersburg,Northwestern Federal District",Russia,third-country,FFP,CS,,,CS - Cold Stores,,
72L,"SKIT, Co. Ltd, Fish Processing Workshop",48 Oktyabrskaya St,Ust'evoe,,"Kamchatka Krai,Far Eastern Federal District",Russia,third-country,FFP,PP,,,PP - Processing Plant,,
25N,"SKIT, LLC (Fish-Processing Factory)",,Iturup Island,,"Sakhalin Oblast,Far Eastern Federal District",Russia,third-country,FFP,PP,,,PP - Processing Plant,,
70Q,"SOLID 1 Sever Co.,LTD","of.24, 34, Serysheva str.",Khabarovsk,,"Khabarovsk Krai,Far Eastern Federal District",Russia,third-country,FFP,FV,,,FV - Factory Vessel,,
10S,SPARTA Antey Sever LLC,"of.31,49,Tralovaya str.",Murmansk,183704,"Murmansk Oblast,Northwestern Federal District",Russia,third-country,FFP,FV,,,FV - Factory Vessel,,
87P,SVIRITSA Forever LLC,"off. 4,20, Karl Marx' str.",Yuzhno-Sakhalinsk,,"Sakhalin Oblast,Far Eastern Federal District",Russia,third-country,FFP,RV,,,RV - Reefer Vessel,,
33P,"Saami ""Saami"" LTD","apart.1,155",Village Min'kino,,"Murmansk Oblast,Northwestern Federal District",Russia,third-country,FFP,FV,,,FV - Factory Vessel,,
82N,Sadko Co.Ltd,Southern area of Fishing port dock 39,Murmansk,183000,"Murmansk Oblast,Northwestern Federal District",Russia,third-country,FFP,CS,,,CS - Cold Stores,,
52M,"Sahmen, Ltd","1, Baranova str.",Slantsy,,"Leningrad oblast,Northwestern Federal District",Russia,third-country,FFP,PP,,,PP - Processing Plant,,
02G,Salacgriva ('North-West Fishing Company-Murmansk' Ltd),"43, Tralovaya str.",Murmansk,183000,"Murmansk Oblast,Northwestern Federal District",Russia,third-country,FFP,FV,,,FV - Factory Vessel,,
02H,Samson-Plus Ltd,"liter A, Michurina str.",Yeysk,,"Krasnodar Krai,South federal district",Russia,third-country,FFP,PP,,,PP - Processing Plant,,
29F,"Sankt - Peterburg (""Murmansk fishery company"" LTD)","off.326,5/23 Vorovskogo str.",Murmansk,183000,"Murmansk Oblast,Northwestern Federal District",Russia,third-country,FFP,ZV,,,ZV - Freezer Vessel,,
48H,Santa (Fishing Collective Farm Belomor),,Murmansk,183031,"Murmansk Oblast,Northwestern Federal District",Russia,third-country,FFP,ZV,,,ZV - Freezer Vessel,,
54N,Santana JSC «Albakor Prim»,"off.301, 16, Karla Marksa str.",Yuzhno-Sakhalinsk,,"Sakhalin Oblast,Far Eastern Federal District",Russia,third-country,FFP,FV,,,FV - Factory Vessel,,
RU-065/SD03786,"Sapfir-1 ""Promflot"" Co., Ltd","off.55, 30, Holmskoe highway",Yuzhno-Sakhalinsk,,"Sakhalin Oblast,Far Eastern Federal District",Russia,third-country,FFP,FV,,,FV - Factory Vessel,,
96M,Sapphire II (Kalinin Fishing Collective Farm),,Village Luda,,"Arkhangelsk Oblast,Northwestern Federal District",Russia,third-country,FFP,FV,,,FV - Factory Vessel,,
36M,"Saronic Breeze ""Dalreefer"" Shipping Company Ltd.","off.262B,105A, 100-letiya Vladivos-toka prosp.",Vladivostok,690000,"Primorsky Krai,Far Eastern Federal District",Russia,third-country,FFP,RV,,,RV - Reefer Vessel,,
38L,"Sea Hunter (Tikhrybcom, Co. Ltd.)",1 Portovaya St,Magadan,,"Magadan Oblast,Far Eastern Federal District",Russia,third-country,FFP,ZV,,,ZV - Freezer Vessel,,
21P,"Seawind-1 (PJSC ""NBAMR"" (Public Joint Stock Company ""Nakhodka Active Marine Fishery Base""))","5, Makarova str.",Nakhodka,,"Yamalo-Nenets Autonomous Okrug,Ural Federal District",Russia,third-country,FFP,FV,,,FV - Factory Vessel,,
46N,"Selenga «Paroos Co.,LTD»","off. 302,16, Karl Marx str.",Yuzhno-Sakhalinsk,,"Sakhalin Oblast,Far Eastern Federal District",Russia,third-country,FFP,FV,,,FV - Factory Vessel,,
33S,"Sergey Bochkarev «Sofco» Co., Ltd","of.16, 80/1, Dzhambula str.",Khabarovsk,,"Khabarovsk Krai,Far Eastern Federal District",Russia,third-country,FFP,FV,,,FV - Factory Vessel,,
46R,Sergey Novosyolov (Collective Farm Fishery By V.I. Lenin),"40, Kosmonavtov str.",Petropavlovsk-Kamchatsky,683000,"Kamchatka Krai,Far Eastern Federal District",Russia,third-country,FFP,FV,,,FV - Factory Vessel,,
62R,Seroglazka (Collective Farm Fishery By V.I. Lenin),"40, Kosmonavtov str.",Petropavlovsk-Kamchatsky,683000,"Kamchatka Krai,Far Eastern Federal District",Russia,third-country,FFP,FV,,,FV - Factory Vessel,,
37Q,Service Partner Ltd.,"29A, Kaliningradskoe shosse",Pionerskiy,,"Novosibirskaya Oblast',Siberian Federal District",Russia,third-country,FFP,PP,,,PP - Processing Plant,,
10L,Severnaya Zemlya ('RQF' Ltd. Co.),,Murmansk,183031,"Murmansk Oblast,Northwestern Federal District",Russia,third-country,FFP,FV,,,FV - Factory Vessel,,
90G,Severyanin II (LTD SEVRYBKOMFLOT ),"6-5, Shmidta str.",Murmansk,183031,"Murmansk Oblast,Northwestern Federal District",Russia,third-country,FFP,ZV,,,ZV - Freezer Vessel,,
01A,"Sevryba-1, (""Virma""Ltd)","off.422, 324, Leningradskiy av.",Arkhangelsk,,"Arkhangelsk Oblast,Northwestern Federal District",Russia,third-country,FFP,FV,,,FV - Factory Vessel,,
29N,Shantar-1 Dalnevostochnoe Poberezhe Co.Ltd.,"of.14, 80/1, Dzhambula str.",Khabarovsk,,"Khabarovsk Krai,Far Eastern Federal District",Russia,third-country,FFP,FV,,,FV - Factory Vessel,,
58R,"Shkiper (""Sigma Marine Technology"" Co., Ltd.)","of.1, 83 А, Kalinina str.",Khabarovsk,,"Khabarovsk Krai,Far Eastern Federal District",Russia,third-country,FFP,ZV,,,ZV - Freezer Vessel,,
34Q,"Sierra Ostshipping Co.,LTD","off.5, 16, Ozernyi av.",Nakhodka,,"Yamalo-Nenets Autonomous Okrug,Ural Federal District",Russia,third-country,FFP,RV,,,RV - Reefer Vessel,,
71R,"Simfoniya LLC ""Transrefflot""","apart.20, 19, Fontannaya str.",Vladivostok,690000,"Primorsky Krai,Far Eastern Federal District",Russia,third-country,FFP,RV,,,RV - Reefer Vessel,,
61P,Slavyanka METELITSA COMPANY LIMITED,"off. 702, 40 , Pushkinskaya str.",Vladivostok,690000,"Primorsky Krai,Far Eastern Federal District",Russia,third-country,FFP,RV,,,RV - Reefer Vessel,,
72N,Sokol (JSC 'Primrybflot'),,Yuzhno-Sakhalinsk,,"Sakhalin Oblast,Far Eastern Federal District",Russia,third-country,FFP,FV,,,FV - Factory Vessel,,
39N,"Solyaris «Paroos Co.,LTD»","off. 302,16, Karl Marx str.(",Yuzhno-Sakhalinsk,,"Sakhalin Oblast,Far Eastern Federal District",Russia,third-country,FFP,FV,,,FV - Factory Vessel,,
47Q,Sonico-Chumikan Ltd.,"5A, Severnaya str.",Chumikan,682560,"Khabarovsk Krai,Far Eastern Federal District",Russia,third-country,FFP,PP,,,PP - Processing Plant,,
86P,"Soraksan Vostokflot Co., Ltd",40A Verkhneportovaya str.,Vladivostok,690000,"Primorsky Krai,Far Eastern Federal District",Russia,third-country,FFP,RV,,,RV - Reefer Vessel,,
43Q,South Product LLC,"48, Baturay str.",Kaspiysk,,"Dagestan,North Caucasus federal district",Russia,third-country,FFP,PP,,,PP - Processing Plant,,
20G,Stakfell (LLC BarentsBioResourse),"off.406,82, Lenin av.",Murmansk,183000,"Murmansk Oblast,Northwestern Federal District",Russia,third-country,FFP,FV,,,FV - Factory Vessel,,
44N,"Start ('Paroos' Co., Ltd)","off. 302,16, Karl Marx str.",Yuzhno-Sakhalinsk,,"Sakhalin Oblast,Far Eastern Federal District",Russia,third-country,FFP,FV,,,FV - Factory Vessel,,
43C,Staryy Arbat (JSC ''Vestrybflot''),"27-А, Komsomolskaya str.",Kaliningrad,236000,"Kaliningrad,Northwestern Federal District",Russia,third-country,FFP,ZV,,,ZV - Freezer Vessel,,
86K,"Strelets JSC ""Strelets""","room XIII, floor 2, office 211, 43, Shmidta str.",Murmansk,183000,"Murmansk Oblast,Northwestern Federal District",Russia,third-country,FFP,FV,,,FV - Factory Vessel,,
95P,"Subaru JSC ""North-Kurilsk Base Of Seiner Fleet"" (JSC ""SK BSF"")","2, Naberezhnaya str.",Severo-Kurilsk,,"Sakhalin Oblast,Far Eastern Federal District",Russia,third-country,FFP,RV,,,RV - Reefer Vessel,,
66Q,"Sunfish Mercury Co.,LTD","28/1, Dal'niaya str.",Petropavlovsk-Kamchatsky,683000,"Kamchatka Krai,Far Eastern Federal District",Russia,third-country,FFP,FV,,,FV - Factory Vessel,,
86Q,"Svyatoy Spiridon (ARKTICHOLDING, Ltd)","off.44,40 Polyarnye Zori str.",Murmansk,183031,"Murmansk Oblast,Northwestern Federal District",Russia,third-country,FFP,ZV,,,ZV - Freezer Vessel,,
14Q,"TIGR 2 PJSC ""NBAMR"" Public Joint Stock Company ""Nakhodka Active Marine Fishery Base""","5, Makarova str.",Nakhodka,,"Yamalo-Nenets Autonomous Okrug,Ural Federal District",Russia,third-country,FFP,RV,,,RV - Reefer Vessel,,
41P,"Talan ""Mag-sea International"" Co., Ltd",,Magadan,,"Magadan Oblast,Far Eastern Federal District",Russia,third-country,FFP,FV,,,FV - Factory Vessel,,
57R,"Taler ""(Sigma Marine Technology"" Co., Ltd.)","of.1, 83А, Kalinina str.",Khabarovsk,,"Khabarovsk Krai,Far Eastern Federal District",Russia,third-country,FFP,ZV,,,ZV - Freezer Vessel,,
75P,"Tambov ""Lodia"" LLC","4-B, JKalinina str.",Vladivostok,690990,"Primorsky Krai,Far Eastern Federal District",Russia,third-country,FFP,RV,,,RV - Reefer Vessel,,
64Q,"Tari ""Sigma Marine Technology"" Co., Ltd","of.1 , 83A, Kalinina str.",Khabarovsk,,"Khabarovsk Krai,Far Eastern Federal District",Russia,third-country,FFP,FV,,,FV - Factory Vessel,,
12A,Tarpon (JSC 'YAMSy'),"of.308, bld. 13,131, Mishennaya str.",Petropavlovsk-Kamchatsky,683000,"Kamchatka Krai,Far Eastern Federal District",Russia,third-country,FFP,ZV,,,ZV - Freezer Vessel,,
36N,"Taurus JSC ""Taurus""","room XIII, floor 2, office 206-А, 43, Shmidta str.",Murmansk,183000,"Murmansk Oblast,Northwestern Federal District",Russia,third-country,FFP,FV,,,FV - Factory Vessel,,
39R,"Tavr (Loran Co., Ltd)","off.412, 12А , Tralovaya str.",Murmansk,183000,"Murmansk Oblast,Northwestern Federal District",Russia,third-country,FFP,RV,,,RV - Reefer Vessel,,
77P,"Tavria Vostokflot Co., Ltd","40 A, Verkhneportovaya str.",Vladivostok,690990,"Primorsky Krai,Far Eastern Federal District; 8826759",Russia,third-country,FFP,RV,,,RV - Reefer Vessel,,
92P,Tenor JSC UTRF-KAMCHATKA,"10, Toporkova str.",Petropavlovsk-Kamchatsky,683000,"Kamchatka Krai,Far Eastern Federal District",Russia,third-country,FFP,FV,,,FV - Factory Vessel,,
17R,"Teriberka Fishing Collective Farm ""MURMAN""",83/2 Tralovaya str.,Murmansk,183000,"Murmansk Oblast,Northwestern Federal District",Russia,third-country,FFP,FV,,,FV - Factory Vessel,,
72 K,Tezey JSC Vega,"Teatralniy boulevard,9-1",Murmansk,183000,"Murmansk Oblast,Northwestern Federal District",Russia,third-country,FFP,FV,,,FV - Factory Vessel,,
07A,Tiburon (JSC 'YAMSy'),"of.308, bld. 13,131, Mishennaya str.",Petropavlovsk-Kamchatsky,683000,"Kamchatka Krai,Far Eastern Federal District",Russia,third-country,FFP,ZV,,,ZV - Freezer Vessel,,
67N,"Tikhiy Okean ('Insof Marine' Co., Ltd.)",,Nakhodka,,"Yamalo-Nenets Autonomous Okrug,Ural Federal District",Russia,third-country,FFP,FV,,,FV - Factory Vessel,,
13A,Tomkod (JSC 'YAMSy'),"of.308, bld. 13,131, Mishennaya str.",Petropavlovsk-Kamchatsky,683000,"Kamchatka Krai,Far Eastern Federal District",Russia,third-country,FFP,ZV,,,ZV - Freezer Vessel,,
21L,"Tor (JSC ""Vega"")",9-1 Teatralniy Bld.,Murmansk,183000,"Murmansk Oblast,Northwestern Federal District",Russia,third-country,FFP,FV,,,FV - Factory Vessel,,
83 Р,Tornado (Alkor LLC),"off. 219, 10, Krylova str.",Vladivostok,690000,"Primorsky Krai,Far Eastern Federal District",Russia,third-country,FFP,RV,,,RV - Reefer Vessel,,
31P,"Triada ""Oplot Mira"" Co., LTD","20, Severnaya str.",Nevelsk,,"Sakhalin Oblast,Far Eastern Federal District",Russia,third-country,FFP,RV,,,RV - Reefer Vessel,,
51S,"Triumf JSC Fishing Collective Farm ""Vostok-1""","42, Krasnogo Znameni av.",Vladivostok,690000,"Primorsky Krai,Far Eastern Federal District",Russia,third-country,FFP,ZV,,,ZV - Freezer Vessel,,
20R,"Tsaritsa PJSC""NBAMR"" (Public Joint Stock Company ""Nakhodka Active Marine Fishery Base"")","5, Makarova str.",Nakhodka,,"Yamalo-Nenets Autonomous Okrug,Ural Federal District",Russia,third-country,FFP,ZV,,,ZV - Freezer Vessel,,
47S,Tugur JSC «T-Crab»,"of.11, 87, Pushkinskaya str.",Vladivostok,690000,"Primorsky Krai,Far Eastern Federal District",Russia,third-country,FFP,FV,,,FV - Factory Vessel,,
RU-025/YV42864,Ugulan Antey Sever LLC,"of.31,49,Tralovaya str.",Murmansk,183000,"Murmansk Oblast,Northwestern Federal District",Russia,third-country,FFP,FV,,,FV - Factory Vessel,,
35Q,"Urgull Ostshipping Co.,LTD","off.5, 16, Ozernyi av.",Nakhodka,,"Yamalo-Nenets Autonomous Okrug,Ural Federal District",Russia,third-country,FFP,RV,,,RV - Reefer Vessel,,
04S,"VILHELM TORSTEINSSON PROLIV Co.,Ltd","83, Kryukova D.N.str.",Yuzhno-Sakhalinsk,,"Sakhalin Oblast,Far Eastern Federal District; 9223136",Russia,third-country,FFP,FV,,,FV - Factory Vessel,,
68Q,VITYAZ Morskoy Briz LLC,"of.401, 14, Kapitana Egorova str.",Murmansk,183000,"Murmansk Oblast,Northwestern Federal District",Russia,third-country,FFP,FV,,,FV - Factory Vessel,,
96K,"VITYAZ-AVTO CO., LTD fish-processing work-shop","1A, Rechnaia str.",Village Ozernovskiy,,"Kamchatka Krai,Far Eastern Federal District",Russia,third-country,FFP,PP,,,PP - Processing Plant,,
37R,"VITYAZ-AVTO CO., LTD fish-processing work-shop","48, Oktyabrskata str.",Ust'evoe,,"Kamchatka Krai,Far Eastern Federal District",Russia,third-country,FFP,PP,,,PP - Processing Plant,,
09S,VOLK ARKTIKI Antey Sever LLC,"of.31,49,Tralovaya str.",Murmansk,183704,"Murmansk Oblast,Northwestern Federal District",Russia,third-country,FFP,FV,,,FV - Factory Vessel,,
61R,"VOLKHOV (JSC ""Gidrostroy"")","11A, Zarechnaya str.",Kurilsk,,"Sakhalin Oblast,Far Eastern Federal District",Russia,third-country,FFP,RV,,,RV - Reefer Vessel,,
38Q,VRS LLC,"243, Kalinina str.",Vladivostok,690000,"Primorsky Krai,Far Eastern Federal District",Russia,third-country,FFP,CS,,,CS - Cold Stores,,
42P,"VYSOTSK JSC ""Gidrostroy""","11A, Zarechnaya str.",Kurilsk,,"Sakhalin Oblast,Far Eastern Federal District",Russia,third-country,FFP,RV,,,RV - Reefer Vessel,,
22F,"Valeriy Dzhaparidze JSC ""Fishing Fleet -FOR""","off.401 A, 57, A. Suvorova St.",Kaliningrad,236000,"Kaliningrad,Northwestern Federal District",Russia,third-country,FFP,ZV,,,ZV - Freezer Vessel,,
60M,"Vardholm PCF ""Yuzhno-Kurilsky Ryibokombinat"" Co., Ltd","17, Zavodskaya str.",Yuzhno-Kurilsk,,"Sakhalin Oblast,Far Eastern Federal District",Russia,third-country,FFP,FV,,,FV - Factory Vessel,,
81F,Variant JSC ''Fishery Firm Variant'',"2, travel Portovy",Murmansk,183000,"Murmansk Oblast,Northwestern Federal District",Russia,third-country,FFP,FV,,,FV - Factory Vessel,,
RU-051/QH46419,"Vasiliy Filippov PJSC ""Murmansk Trawl Fleet""","off.401, 43, Shmidta str.",Murmansk,183000,"Murmansk Oblast,Northwestern Federal District; 8607191	17/12/2021",Russia,third-country,FFP,ZV,,,ZV - Freezer Vessel,,
19A,"Vasiliy Golovnin PJSC ""Murmansk Trawl Fleet""","off.401,43, Shmidta str.",Murmansk,183000,"Murmansk Oblast,Northwestern Federal District",Russia,third-country,FFP,FV,,,FV - Factory Vessel,,
V17,"Vasiliy Kalenov ('Poronay' Co., Ltd.)",,Yuzhno-Sakhalinsk,,"Sakhalin Oblast,Far Eastern Federal District",Russia,third-country,FFP,ZV,,,ZV - Freezer Vessel,,
38B,"Vasiliy Lozovskiy JSC ''Strelets""","room XIII, floor 2, office 211, 43, Shmidta str.",Murmansk,183000,"Murmansk Oblast,Northwestern Federal District",Russia,third-country,FFP,ZV,,,ZV - Freezer Vessel,,
37M,Vasiliy Poleshchuk (Lodia) LLC,"4-B, Kalinina str.",Vladivostok,690000,"Primorsky Krai,Far Eastern Federal District",Russia,third-country,FFP,RV,,,RV - Reefer Vessel,,
84L,Vasilyevskiy Ostrov (JSC 'TRALFLOT'),"of. 56,31, Serysheva str.",Khabarovsk,,"Khabarovsk Krai,Far Eastern Federal District",Russia,third-country,FFP,FV,,,FV - Factory Vessel,,
65B,"Vega JSC ""Vega""","Teatralniy boulevard,9-1",Murmansk,183031,"Murmansk Oblast,Northwestern Federal District",Russia,third-country,FFP,FV,,,FV - Factory Vessel,,
09A,"Verasper ('Tymlatsky Rybokombinat', Co. Ltd.)","30, Naberzhnaya str",Village Tymlat,,"Kamchatka Krai,Far Eastern Federal District",Russia,third-country,FFP,FV,,,FV - Factory Vessel,,
84Q,"Victoria 3 (""Sigma Marine Technology"" Co., Ltd.)","of.1 , 83A, Kalinina str.",Khabarovsk,,"Khabarovsk Krai,Far Eastern Federal District",Russia,third-country,FFP,ZV,,,ZV - Freezer Vessel,,
57C,Viking (''Yagry'' Ltd.),,Arkhangelsk,,"Arkhangelsk Oblast,Northwestern Federal District",Russia,third-country,FFP,FV,,,FV - Factory Vessel,,
32Q,Viking Lodzhistik LLC,"83, 1-st Rabochaya str.",Artyom,692700,"Primorsky Krai,Far Eastern Federal District",Russia,third-country,FFP,CS,,,CS - Cold Stores,,
18A,"Viktoria I (""AKROS"" Fishing JSC)","bild. 13,131,Mishennaya str.",Petropavlovsk-Kamchatsky,683000,"Kamchatka Krai,Far Eastern Federal District",Russia,third-country,FFP,FV,,,FV - Factory Vessel,,
15A,Vilyuchinsky (''AKROS'' Fishing JSC),"bild. 13,131,Mishennaya str.(5)",Petropavlovsk-Kamchatsky,683000,"Kamchatka Krai,Far Eastern Federal District",Russia,third-country,FFP,FV,,,FV - Factory Vessel,,
RU-025/YE32256,"Vilyuy LLC ""Pacific Crab""","of.2, 7B, Shilkinskaya str.",Vladivostok,690000,"Primorsky Krai,Far Eastern Federal District",Russia,third-country,FFP,FV,,,FV - Factory Vessel,,
11N,Vitaliy Shmykov MORSKOY TRANSPORT LLC,"6B, Dubovaya str.",Vladivostok,690000,"Primorsky Krai,Far Eastern Federal District",Russia,third-country,FFP,RV,,,RV - Reefer Vessel,,
14A,Vitus Bering JSC «Murmansk Region Fleet»,"43, Shmidta str.",Murmansk,183000,"Murmansk Oblast,Northwestern Federal District",Russia,third-country,FFP,FV,,,FV - Factory Vessel,,
75D,Vityaz (''Nord Pilgrim'' Co. Ltd.),51 Tralovaya St,Murmansk,183031,"Murmansk Oblast,Northwestern Federal District",Russia,third-country,FFP,ZV,,,ZV - Freezer Vessel,,
53R,Viсtor Gavrilov (Collective Farm Fishery By V.I. Lenin),"40, Kosmonavtov str.",Petropavlovsk-Kamchatsky,683000,"Kamchatka Krai,Far Eastern Federal District",Russia,third-country,FFP,FV,,,FV - Factory Vessel,,
74G,Vladimir Babich (JSC Okeanrybflot),,Petropavlovsk-Kamchatsky,683000,"Kamchatka Krai,Far Eastern Federal District",Russia,third-country,FFP,FV,,,FV - Factory Vessel,,
90S,Vladimir Limanov LLC Vostokrybprom,"off. 410, 14, Pionerskaya str.",Sovetskaya Gavan',,"Khabarovsk Krai,Far Eastern Federal District",Russia,third-country,FFP,FV,,,FV - Factory Vessel,,
05M,Vladimir Starzhinsky (LLC ROLIZ),"off. 24,131,Mishennaya str.(",Petropavlovsk-Kamchatsky,683000,"Kamchatka Krai,Far Eastern Federal District",Russia,third-country,FFP,FV,,,FV - Factory Vessel,,
14K,Vladimir Zagoskin (JSC Morskoe sodruzhestvo),"off. 5, 6 Shmidta str.",Murmansk,183031,"Murmansk Oblast,Northwestern Federal District",Russia,third-country,FFP,ZV,,,ZV - Freezer Vessel,,
77R,Vladivostok 2000 Pacific Marine Trawlers Company limited,"off. 202, 53, Pologaya str.",Vladivostok,690000,"Primorsky Krai,Far Eastern Federal District",Russia,third-country,FFP,FV,,,FV - Factory Vessel,,
07K,Vladivostok JSC TURNIF,"87, Pushkinskaya str.",Vladivostok,690990,"Primorsky Krai,Far Eastern Federal District",Russia,third-country,FFP,FV,,,FV - Factory Vessel,,
17S,"Vodoley-1 (floating-fish Factory Ohotskoe Co., Ltd.)","room176, 8/5 Toporkova str.",Petropavlovsk-Kamchatsky,683000,"Kamchatka Krai,Far Eastern Federal District",Russia,third-country,FFP,FV,,,FV - Factory Vessel,,
14N,"Vostochny Bereg, Co. Ltd. (The seasonal fish-processing plant located in Ivashka village Karaginsky municipal region of Kamchatsky kray)","2, Beregovaya str.",v. Ivashka,,"Kamchatka Krai,Far Eastern Federal District",Russia,third-country,FFP,PP,,,PP - Processing Plant,,
58M,Vostok Reefer (JSC Fishing Collective Farm 'Vostok-1',"42, Krasnogo Znameni ave.",Vladivostok,690990,"Primorsky Krai,Far Eastern Federal District",Russia,third-country,FFP,RV,,,RV - Reefer Vessel,,
66B,Vostok-1 (JSC Fishing Collective Farm ''Vostok-1''),,Vladivostok,690000,"Primorsky Krai,Far Eastern Federal District",Russia,third-country,FFP,ZV,,,ZV - Freezer Vessel,,
46L,Vostok-3 (JSC Fishing Collective Farm 'Vostok-1'),42 Krasnogo Znameny Av,Vladivostok,690000,"Primorsky Krai,Far Eastern Federal District",Russia,third-country,FFP,ZV,,,ZV - Freezer Vessel,,
76L,Vostok-4 (JSC Fishing Collective Farm 'Vostok-1'),"42, Krasnogo Znameni ave.",Vladivostok,690000,"Primorsky Krai,Far Eastern Federal District",Russia,third-country,FFP,ZV,,,ZV - Freezer Vessel,,
29M,Vostok-5 (JSC Fishing Collective Farm 'Vostok-1'),42 Krasnogo Znameni Av,Vladivostok,690000,"Primorsky Krai,Far Eastern Federal District",Russia,third-country,FFP,ZV,,,ZV - Freezer Vessel,,
35P,"Vostok-6 (JSC Fishing Collective Farm""Vostok-1"")",,Vladivostok,690990,"Primorsky Krai,Far Eastern Federal District",Russia,third-country,FFP,ZV,,,ZV - Freezer Vessel,,
36P,"Vostok-7 (JSC Fishing Collective Farm ""Vostok-1"")",,Vladivostok,690000,"Primorsky Krai,Far Eastern Federal District",Russia,third-country,FFP,ZV,,,ZV - Freezer Vessel,,
81R,"Vostok-8 (JSC Fishing Collective Farm ""Vostok-1"")","42, Krasnogo Znameni av.",Vladivostok,690990,"Primorsky Krai,Far Eastern Federal District",Russia,third-country,FFP,ZV,,,ZV - Freezer Vessel,,
44Q,"Vostok-ryba Co., Ltd","143, Komsomolskaya str.",Village Ust'-Kamchatsk,,"Kamchatka Krai,Far Eastern Federal District",Russia,third-country,FFP,PP,,,PP - Processing Plant,,
03Q,"Vostokinvest Co., Ltd.","27, Centralnaya str.",village Morskoy,,"Khabarovsk Krai,Far Eastern Federal District",Russia,third-country,FFP,PP,,,PP - Processing Plant,,
63B,Voykovo Fishing collective farm «MURMAN»,83/2 Tralovaya St.,Murmansk,183031,"Murmansk Oblast,Northwestern Federal District",Russia,third-country,FFP,FV,,,FV - Factory Vessel,,
79P,"Vsevolod Sibirtsev JSC ""Yuzhmorrybflot""","16, Zavodskaya str. Livadiya Sub-District",Nakhodka,,"Yamalo-Nenets Autonomous Okrug,Ural Federal District",Russia,third-country,FFP,FV,,,FV - Factory Vessel,,
62Q,"Vyborg (JSC ""Gidrostroy"")","11A, Zarechnaya str.",Kurilsk,,"Sakhalin Oblast,Far Eastern Federal District",Russia,third-country,FFP,RV,,,RV - Reefer Vessel,,
90M,"Vyborgskiy (Loran Co., Ltd.)","off.412, 12А , Tralovaya str.",Murmansk,183031,"Murmansk Oblast,Northwestern Federal District",Russia,third-country,FFP,RV,,,RV - Reefer Vessel,,
71G,"XX SYEZD VLKSM (JSC ""Okeanrybflot"")","27, Leningradskaya str.",Petropavlovsk-Kamchatsky,683000,"Kamchatka Krai,Far Eastern Federal District",Russia,third-country,FFP,FV,,,FV - Factory Vessel,,
62A,"XXVII SYEZD KPSS (JSC ""Okeanrybflot"")","27, Leningradskaya str.",Petropavlovsk-Kamchatsky,683000,"Kamchatka Krai,Far Eastern Federal District",Russia,third-country,FFP,FV,,,FV - Factory Vessel,,
75N,YANTARNYY LLC «AZIMUTH»,"of.14, 35, Aleksandra Nevskogo av.",Petrozavodsk,185000,"Republic of Karelia,Northwestern Federal District",Russia,third-country,FFP,ZV,,,ZV - Freezer Vessel,,
88C,Yagry (''Yagry'' Ltd),,Arkhangelsk,,"Arkhangelsk Oblast,Northwestern Federal District",Russia,third-country,FFP,FV,,,FV - Factory Vessel,,
36Q,Yagry LTD Warehouse No 160-161,"45, Talazhskoe highway",Arkhangelsk,,"Arkhangelsk Oblast,Northwestern Federal District",Russia,third-country,FFP,CS,,,CS - Cold Stores,,
28M,Yamato Antey LLC,"of.502, 23D, Eniseyskaya str.",Vladivostok,690000,"Primorsky Krai,Far Eastern Federal District",Russia,third-country,FFP,FV,,,FV - Factory Vessel,,
88L,Yantar (JSC Dalrybprom),69 Okeanskiy av.,Vladivostok,690990,"Primorsky Krai,Far Eastern Federal District",Russia,third-country,FFP,ZV,,,ZV - Freezer Vessel,,
01S,Ymir (LLC Nevod),"ASEZ ""Yuzhnaya"" Tomari cite",v. Nevodskoe,,"Sakhalin Oblast,Far Eastern Federal District",Russia,third-country,FFP,FV,,,FV - Factory Vessel,,
RU-027/JY03047,"Yugo Vostock 5 ""Polluks"" Co. Ltd","15, Shkolnaya str.",Sovetskaya Gavan',,"Khabarovsk Krai,Far Eastern Federal District",Russia,third-country,FFP,FV,,,FV - Factory Vessel,,
RU-027/AB03208,"Yugo- Vostock 3 ""Polluks"" Co. Ltd","15, Shkolnaya str.",Sovetskaya Gavan',,"Khabarovsk Krai,Far Eastern Federal District",Russia,third-country,FFP,FV,,,FV - Factory Vessel,,
85N,"Yugo-Vostock (Polluks Co., Ltd.)",,Sovetskaya Gavan',,"Khabarovsk Krai,Far Eastern Federal District",Russia,third-country,FFP,FV,,,FV - Factory Vessel,,
19B,"Yаkov Gunin PJSC ""Murmansk Trawl Fleet""","off.401,43, Shmidta str.",Murmansk,183000,"Murmansk Oblast,Northwestern Federal District",Russia,third-country,FFP,FV,,,FV - Factory Vessel,,
79S,ZEELAND “Forpost” LLC,"off.912, 11, Aleutskaya str.",Vladivostok,690000,"Primorsky Krai,Far Eastern Federal District",Russia,third-country,FFP,FV,,,FV - Factory Vessel,,
40S,ZENITH JSC «Arcticservice»,"43, Tralovaya str.",Murmansk,183000,"Murmansk Oblast,Northwestern Federal District",Russia,third-country,FFP,FV,,,FV - Factory Vessel,,
76R,"ZEVS (""Rosfishflot"" Co.Ltd.)","28/1, Dal'niaia str.",Petropavlovsk-Kamchatsky,683000,"Kamchatka Krai,Far Eastern Federal District",Russia,third-country,FFP,ZV,,,ZV - Freezer Vessel,,
59S,ZYUID Co.Ltd,"3G, Tseplyaeva str.",Village Oktyabrskiy,,"Kamchatka Krai,Far Eastern Federal District",Russia,third-country,FFP,PP,,,PP - Processing Plant,,
RU-039/JG44964,Zakhar Sorokin JSC Fishing Fleet-FOR,"off. 401 A, 57, Suvorova str.",Kaliningrad,236000,"Kaliningrad,Northwestern Federal District; 8607256	16/12/2021",Russia,third-country,FFP,ZV,,,ZV - Freezer Vessel,,
11S,"Zaliv Prostor JSC ""Gidrostroy""","11A, Zarechnaya str.",Kurilsk,,"Sakhalin Oblast,Far Eastern Federal District",Russia,third-country,FFP,RV,,,RV - Reefer Vessel,,
56S,"Zaliv Vostok JSC ""Yuzhmorrybflot""","16, Zavodskaya str., Livadiya Sub-District",Nakhodka,,"Yamalo-Nenets Autonomous Okrug,Ural Federal District",Russia,third-country,FFP,ZV,,,ZV - Freezer Vessel,,
64M,Zaliv Zabiyaka (JSC 'Tralkom'),"3/2, Parkovaya str.",Magadan,,"Magadan Oblast,Far Eastern Federal District",Russia,third-country,FFP,FV,,,FV - Factory Vessel,,
17P,Zamoskvorechye (JSC Vestrybloft),,Kaliningrad,236000,"Kaliningrad,Northwestern Federal District",Russia,third-country,FFP,ZV,,,ZV - Freezer Vessel,,
93R,"Zapadny Bereg Co., Ltd",Kolpakova river,v. Ust'Yevoye,,"Kamchatka Krai,Far Eastern Federal District",Russia,third-country,FFP,PP,,,PP - Processing Plant,,
RU-051/GB47381,Zapolyarye Agricultural Industrial Cooperative Fishing Collective Farm «Andeg»,Village Andeg,Village Andeg,,"Arkhangelsk Oblast,Northwestern Federal District; 8704987	17/12/2021",Russia,third-country,FFP,FV,,,FV - Factory Vessel,,
69R,Zarya LLC,"1, Sakhalinskaya str.",v. Krutogorovskiy,,"Kamchatka Krai,Far Eastern Federal District",Russia,third-country,FFP,PP,,,PP - Processing Plant,,
70R,Zarya LLC,Vorovskaya river,Village Sobolevo,,"Kamchatka Krai,Far Eastern Federal District",Russia,third-country,FFP,PP,,,PP - Processing Plant,,
90R,"Zhupanova Ltd, Co",river mouth,Zhupanova,,"Kamchatka Krai,Far Eastern Federal District",Russia,third-country,FFP,PP,,,PP - Processing Plant,,
16Q,"Zolotoy Rog ""RMD-L"" LLC","off. 1, 87, Pushkinskaya str.",Vladivostok,690990,"Primorsky Krai,Far Eastern Federal District",Russia,third-country,FFP,RV,,,RV - Reefer Vessel,,
43M,Zvezda Murmana ('JSC Murmanrybflot 2'),6 Schmidta St Off.5,Murmansk,183031,"Murmansk Oblast,Northwestern Federal District",Russia,third-country,FFP,FV,,,FV - Factory Vessel,,
31S,"«AMFITRITA» ""Rosfishflot"" Co.Ltd.","28/1, Dal'niaya str.",Petropavlovsk-Kamchatsky,683000,"Kamchatka Krai,Far Eastern Federal District",Russia,third-country,FFP,RV,,,RV - Reefer Vessel,,
76S,«Alliance Fish» LLC,"bld.6, 114, Kolsky avenue",Murmansk,183000,"Murmansk Oblast,Northwestern Federal District",Russia,third-country,FFP,PP,,,PP - Processing Plant,,
44S,«Far Eastern Commercial Refrigerator» JSC,44 Berth,Vladivostok,690000,"Primorsky Krai,Far Eastern Federal District",Russia,third-country,FFP,CS,,,CS - Cold Stores,,
34S,"«Murman SeaFood» Co., Ltd.","19, Zavodskaya str.",Kola,,"Murmansk Oblast,Northwestern Federal District",Russia,third-country,FFP,PP,,,PP - Processing Plant,,
87S,«Prichal-L» Co.Ltd,"41,Tri Ruchja str.",Murmansk,183000,"Murmansk Oblast,Northwestern Federal District",Russia,third-country,FFP,PP,,,PP - Processing Plant,,
92S,«SOLIDARNOST» LLC «MAGADANTRALFLOT»,"off. 25,131,Mishennaya str.",Petropavlovsk-Kamchatsky,683000,"Kamchatka Krai,Far Eastern Federal District",Russia,third-country,FFP,ZV,,,ZV - Freezer Vessel,,
47M,ОМА Fishing collective farm «MURMAN»,"83/2, Tralovaya str.",Murmansk,183031,"Murmansk Oblast,Northwestern Federal District",Russia,third-country,FFP,ZV,,,ZV - Freezer Vessel,,
14S,“Alisa” Limited Company,"23A, A. Nevskogo str.",Village Seredka,,"Pskov Oblast,Northwestern Federal District",Russia,third-country,FFP,PP,,,PP - Processing Plant,,
84S,“BAKREU” LLC,"Astrakhanskaya Oblast' 1, Aerodromnaya str. v.Osypnoy bugor",Astrakhan,414000,"Astrakhan Oblast,South federal district",Russia,third-country,FFP,PP,,,PP - Processing Plant,23/12/2021,
78S,“GRANDFISH” LLC,"Leningradskaya Oblast' 7,Ushakovskaya str. v.Taitsy",Saint Petersburg,190000,"Центральный район,Saint Petersburg,Northwestern Federal District",Russia,third-country,FFP,PP,,,PP - Processing Plant,23/12/2021,
67S,“Park” Co.Ltd Factory № 3,"27, Tri Ruchja str.",Murmansk,183000,"Murmansk Oblast,Northwestern Federal District",Russia,third-country,FFP,PP,,,PP - Processing Plant,,
RU-068/ZS04410,"""Tokarevskaya ptitsefabrika"" OJSC, branch ""Myasoptitsekombinat ""Inzhavinsky""","Poselkovaya St., 50",Inzhavino,393310,"Tambov Oblast,Central Federal District",Russia,third-country,PM,SH CP CS,Y,,SH - Slaughterhouse | CP - Cutting Plant | CS - Cold Stores,,
RU-068/FN03837,"""Tokarevskaya ptitsefabrika"" OJSC, branch ""Myasoptitsekombinat ""Tokarevsky""",Promzona St.,Tokarevka,,"Tambov Oblast,Central Federal District; A Poultry",Russia,third-country,PM,SH CS CP,Y,,SH - Slaughterhouse | CS - Cold Stores | CP - Cutting Plant,,
32/5,'Bryanskiy Broiler' (LLC),"Legal Address: 241028, 98 Stanke Dimitrova Avenue Fact address: 243351, Vygonichy District,39 km. of M-13 highway",Vygonichi,,"Bryansk Oblast,Central Federal District; A Poultry",Russia,third-country,PM,CP SH CS,Y,,CP - Cutting Plant | SH - Slaughterhouse | CS - Cold Stores,,
RU-025/EF47646,Delta-Service LTD,"Primorsky Krai, Artem, Kolkhozny lane, 1a",Artyom,692760,"Primorsky Krai,Far Eastern Federal District; A Poultry",Russia,third-country,PM,CS,N,,CS - Cold Stores,16/12/2021,
RU-025/QM49545,Delta-Service LTD,"Russian Federation, Primorsky Krai, Artem, Volochaevskaya str., 48",Artemovo,,"Primorsky Krai,Far Eastern Federal District; A Poultry",Russia,third-country,PM,CS,N,,CS - Cold Stores,03/01/2022,
46/10,"JSC ""Chicken Kingdom""",,Gorshechnoe,,"Kursk Oblast,Central Federal District; A Poultry",Russia,third-country,PM,CP SH CS,Y,,CP - Cutting Plant | SH - Slaughterhouse | CS - Cold Stores,,
RU-047/LP02092,"JSC ""Poultry Produktion SEVERNAYA""",Kirovskiy Rayon,Sinyavino,187322,"Leningrad oblast,Northwestern Federal District; A Poultry",Russia,third-country,PM,CS SH CP,Y,,CS - Cold Stores | SH - Slaughterhouse | CP - Cutting Plant,,
78/2,"LLC ""Cold Store Facility Andreewskiy""","v.Pargolovo Gorskoe highway, 6, lit.A",Saint-Petersburg,,"Saint Petersburg,Northwestern Federal District; A Poultry",Russia,third-country,PM,CS,N,,CS - Cold Stores,,
26/33,"LLC ""Stavropolskiy Broiler"" branch Myasoptitsekombinat ""Blagodarnenskiy''","Vokzalnaya St., 37",Blagodarnyy,,"Stavropol Krai,North Caucasus federal district; A Poultry",Russia,third-country,PM,SH CS CP,Y,,SH - Slaughterhouse | CS - Cold Stores | CP - Cutting Plant,,
26/34,"LLC ""Stavropolskiy broiler"", branch ""Myasoptitsekombinat ""Nevinnomysskiy""",Matrosova St. 10,Nevinnomyssk,357100,"Stavropol Krai,North Caucasus federal district; A Poultry",Russia,third-country,PM,CS SH CP,Y,,CS - Cold Stores | SH - Slaughterhouse | CP - Cutting Plant,,
68/5,"LLC ""Tambov Turkey""",Novoarhangelskoe village,Pervomais'kyi district,,"Tambov Oblast,Central Federal District; A Poultry",Russia,third-country,PM,CS SH CP,Y,,CS - Cold Stores | SH - Slaughterhouse | CP - Cutting Plant,,
RU-050/EZ03851,"LLC ""Trio-Invest""","Central district, ""Trio-Invest ""Yam""",Domodedovo,142000,"Moscow Oblast,Central Federal District; A Poultry",Russia,third-country,PM,CS,N,,CS - Cold Stores,,
78/1,"LLC ""Trio-Invest""","Oktyabrskaya emb.,104 c. 38 lit.AB, c.40 lit.AE",Saint-Petersburg,,"Saint Petersburg,Northwestern Federal District; A Poultry",Russia,third-country,PM,CS,N,,CS - Cold Stores,,
RU-025/QL22378,"LLC ""Ussury-Logistic""","Rechnaya, 2A",Ussuriysk,,"Primorsky Krai,Far Eastern Federal District; A Poultry",Russia,third-country,PM,CS,N,,CS - Cold Stores,,
RU-050/EA03661,LLC Altoforte,"p. Tomilino, mkr. Pticefabrika, d. K-3",Lubertsi,,"Moscow Oblast,Central Federal District; A Poultry",Russia,third-country,PM,CS,N,,CS - Cold Stores,,
50/4,LLC COMPANY DELIVERY CARGO,,Lyubertsy district,,"Moscow Oblast,Central Federal District; A Poultry",Russia,third-country,PM,CS,N,,CS - Cold Stores,,
50/3,LLC Pervomajskij Khladokombinat,,Kolomna district,,"Moscow Oblast,Central Federal District; A Poultry",Russia,third-country,PM,CS,N,,CS - Cold Stores,,
RU-026/BL03908,"LLC Trading Company ""Resource-South""","LLC Trading Company ""Resource-South""",Nevinnomyssk,357100,"Stavropol Krai,North Caucasus federal district; A Poultry",Russia,third-country,PM,CS,N,,CS - Cold Stores,,
RU-050/PJ12224,"LTD ""WC ""Eurasia""","RP. Selatino, building TO-1, TO-2",Naro-Fominsk,143300,"Moscow Oblast,Central Federal District; A Poultry",Russia,third-country,PM,CS,N,,CS - Cold Stores,,
58/4,"Open Joint Stock Company ""Vasiljevskaya Poultry Factory""",,Vasil'yevka,,"Kostroma Oblast,Central Federal District; A Poultry",Russia,third-country,PM,CP CS SH,Y,,CP - Cutting Plant | CS - Cold Stores | SH - Slaughterhouse,,
58/3,"PenzaMolInvest, LLC",Street Aystrina,Penza,,"Penza Oblast,Volga Federal District; A Poultry",Russia,third-country,PM,SH CS CP,Y,,SH - Slaughterhouse | CS - Cold Stores | CP - Cutting Plant,,
31/2,The Plant No 2 For Slaughter And Poultry Processing ZAO 'Prioskolie',,Kholki station,,"Belgorod Oblast,Central Federal District; A Poultry",Russia,third-country,PM,SH CS CP,Y,,SH - Slaughterhouse | CS - Cold Stores | CP - Cutting Plant,,
31/3,The Plant No 3 For Slaughter And Poultry Processing ZAO 'Prioskolie',,Valuyki,309990,"Belgorod Oblast,Central Federal District; A Poultry",Russia,third-country,PM,CP SH CS,Y,,CP - Cutting Plant | SH - Slaughterhouse | CS - Cold Stores,,
RU-026/JL01707,"Trading Company ""Resource-South"" LLC","Matrosova ul., d. 10",Nevinnomyssk,357100,"Stavropol Krai,North Caucasus federal district; A Poultry",Russia,third-country,PM,CS,N,,CS - Cold Stores,,
77/11,ZAO Krasnobor,Township Shirinskiy,Shirinskiy,,"Tula Oblast,Central Federal District; A Poultry",Russia,third-country,PM,SH CP CS,Y,,SH - Slaughterhouse | CP - Cutting Plant | CS - Cold Stores,,
RU-051/AF03688,"Agricultural Production Cooperative ""Tundra""",2.5 km along the Lovozera-Nivka highway,Lovozero,,"Murmansk Oblast,Northwestern Federal District; wbU Biungulates",Russia,third-country,GM,CS SH CP,Y,,CS - Cold Stores | SH - Slaughterhouse | CP - Cutting Plant,,
RU-051/BV00376,"LLC ""Reindir""","Lovozero village, Murmansk region, Russian Federation",Lovozero,,"Murmansk Oblast,Northwestern Federal District; wbU Biungulates",Russia,third-country,GM,CP CS SH,Y,,CP - Cutting Plant | CS - Cold Stores | SH - Slaughterhouse,,
1MK-89/3,"Municipal Unitary Enterprise ""Meat-Processing Complex ""Payuta""",ul. Pervomayskaya 24,Aksarka,,"Yamalo-Nenets Autonomous Okrug,Ural Federal District; wbU Biungulates",Russia,third-country,GM,CP SH CS,Y,,CP - Cutting Plant | SH - Slaughterhouse | CS - Cold Stores,,
1MK-89/2,Slaughter Cold-store Complex 'Yuribeisky' Of The Municipal Enterprise 'Yamal Deer',,Yuribey,,"Yamalo-Nenets Autonomous Okrug,Ural Federal District; wbU Biungulates",Russia,third-country,GM,CS CP SH,Y,,CS - Cold Stores | CP - Cutting Plant | SH - Slaughterhouse,,
1MK-89/1,Yamal Deer,,Yar-Sale,,"Yamalo-Nenets Autonomous Okrug,Ural Federal District; wbU Biungulates",Russia,third-country,GM,SH CP,Y,,SH - Slaughterhouse | CP - Cutting Plant,,
