approval_number,name,address,city,postcode,region,country,group,section,activity,slaughter,species,remarks,date_of_approval,publication_date
10.19633/TE,"""INDUSTRIAS CARNICAS DE ELABORACION DE JAMONES Y EMBUTIDOS LOS TRES REYES DE FUENTESPALDA S.A. """,POL. AGROALIMENTARIO CIUDAD DE LA CARNE S/N,Valderrobres / Vall de Roures,44580,"Teruel,Aragon",Spain,EU-EFTA,RM,CP,N,,CP - Cutting Plant,,
10.11882/ZA,"A RIBEIRA VITAL, S. L.",CALLE ERAS S/N,Calzada de Tera,49329,"Zamora,Castile and León",Spain,EU-EFTA,RM,CP,N,,CP - Cutting Plant,,
10.028735/ZA,"ABACERIA DEL MONASTERIO, S.L.","ERMITA DE SAN LORENZO, PARCELA CT 8A",Benavente,49600,"Zamora,Castile and León",Spain,EU-EFTA,RM,CP,N,,CP - Cutting Plant,,
10.18559/J,AGRITEZ 1993 S.L.,POL. AVE MARIA KM. 4'300 - ANDUJAR - 23740 - Jaén,Andújar,23740,"Jaén,Andalusia",Spain,EU-EFTA,RM,CP,N,,CP - Cutting Plant,,
10.025412/CA,AGROCARNES DEL SUR 2014 S.L.,"C/ BAJEL, NAVE 5 POL.IND. ZABAL BAJO",La Línea de la Concepción,11300,"Cádiz,Andalusia",Spain,EU-EFTA,RM,CP,N,,CP - Cutting Plant,,
10.18173/J,AGROPECUARIA DE JAEN S.L.,POL. INDUSTRIAL LOS JARALES II- PARCELA 6-1,Linares,23700,"Jaén,Andalusia",Spain,EU-EFTA,RM,CP,N,,CP - Cutting Plant,,
10.21128/GU,"AGROPECUARIA FRAILE, S.A.",C/ GUADALAJARA-JALISCO Nº 91 (POLG. IND. DEL HENARES),Guadalajara,19004,"Guadalajara,Castile-La Mancha",Spain,EU-EFTA,RM,CP,N,,CP - Cutting Plant,,
10.026341/SA,"AGROPECUARIA LA LURDA, S.L.U.",CTRA. SA-114,Sieteiglesias de Tormes,37892,"Salamanca,Castile and León",Spain,EU-EFTA,RM,CP,N,,CP - Cutting Plant,,
10.029445/SA,AGROPECUARIA RUIZ SANTAMARIA S.L.,CALLE NUESTRA SEÑORA Nº: 67,Peñaranda de Bracamonte,37300,"Salamanca,Castile and León",Spain,EU-EFTA,RM,CP,N,,CP - Cutting Plant,,
ES340802000021 / 10.06870/P,"AGROPECUARIA Y CARNICA LA PALENTINA, S.L.",CALLE SOTO EL S/N,Guardo,34880,"Palencia,Castile and León",Spain,EU-EFTA,RM,SH,Y,bovine porcine ovine caprine equine,SH - Slaughterhouse,,
10.22789/J,ALBALOMA INVERSIONES S.L,"AUTOVIA ANDALUCIA, KM.318,5",Andújar,23740,"Jaén,Andalusia",Spain,EU-EFTA,RM,CP,N,,CP - Cutting Plant,,
10.027844/GI,ALBERLA MOSI SL,"PO Les Ferreries CM Vell de Riudellots, 7",Campllong,17459,"Girona,Catalonia",Spain,EU-EFTA,RM,CP,N,,CP - Cutting Plant,,
10.03651/LO,ALEJANDRO MIGUEL S.L.,"Ctra Albelda-Nalda, Km 1",Albelda de Iregua,26190,"Rioja,Rioja",Spain,EU-EFTA,RM,CP,N,,CP - Cutting Plant,,
10.23044/VA,ALEJANDRO REVILLA GOMEZ,CALLE LAGUNA S/N,Villalón de Campos,47600,"Valladolid,Castile and León",Spain,EU-EFTA,RM,CP,N,,CP - Cutting Plant,,
10.09098/GR,ALGARRA Y ORTEGA S.L.,COMPLEJO MERCAGRANADA MOD. 304-305,Granada,18015,"Granada,Andalusia",Spain,EU-EFTA,RM,CP,N,,CP - Cutting Plant,,
10.09937/SA,"ALHANDIGA IBERICOS, S.L.","CTRA. NACIONAL 630, KM 369,2",Fresno Alhándiga,37789,"Salamanca,Castile and León",Spain,EU-EFTA,RM,CP,N,,CP - Cutting Plant,,
10.23833/H,ALIMENTACIÓN LA ESPERANZA SL,LA PARRA 7,Cumbres Mayores,21380,"Huelva,Andalusia",Spain,EU-EFTA,RM,CP,N,,CP - Cutting Plant,,
10.15568/BA,ALIMENTOS CARNICOS DE EXTREMADURA S.L.,"POL. IND. EL PABELLON, PARC. 2,8 - JEREZ DE LOS CABALLEROS - 06380 - Badajoz",Jerez de los Caballeros,06380,"Badajoz,Extremadura",Spain,EU-EFTA,RM,CP,N,,CP - Cutting Plant,,
10.18697/SA,"ALMACENES GARIMORI, S. L.",CALLE SIERRA VENTOSA S/N POLIGONO INDUSTRIAL AGROALIMENTARIO 66-K,Guijuelo,37770,"Salamanca,Castile and León",Spain,EU-EFTA,RM,CP,N,,CP - Cutting Plant,,
ES311090000200,"ALMAMEAT, S.L.",Pol. Industrial Mesta de Salinas de Pamplona,Salinas de Pamplona,31191,"Navarre,Navarre",Spain,EU-EFTA,RM,SH,Y,bovine caprine ovine equine,SH - Slaughterhouse,,
10.18906/SA,"ALONSO GOMEZ RAMOS, S. L.",CALLE ESPAÑA Nº3,Campillo de Salvatierra,37770,"Salamanca,Castile and León",Spain,EU-EFTA,RM,CP,N,,CP - Cutting Plant,,
10.08702/H,ALTANZA JABUGO SLU,CARRETERA JABUGO-REPILADO KM 1 - SITIO CABEZUELA Y FUENTE S/N,Jabugo,21290,"Huelva,Andalusia",Spain,EU-EFTA,RM,CP,N,,CP - Cutting Plant,,
10.02875/SA,ANA CRISTINA SANCHEZ MARTIN,CALLE ESPAÑA Nº10,Campillo de Salvatierra,37778,"Salamanca,Castile and León",Spain,EU-EFTA,RM,CP,N,,CP - Cutting Plant,,
10.15580/SA,ANA MARIA RAMOS GARCIA,CALLE AMABLE CRIADO Nº23,Campillo de Salvatierra,37778,"Salamanca,Castile and León",Spain,EU-EFTA,RM,CP,N,,CP - Cutting Plant,,
10.026546/SS,ANDRES EIZAGUIRRE SL,"POLIGONO BIDAURRE UREDER, 45 D; BARRIO VENTAS, BAJO B - IRUN - 20305 - Gipuzkoa",Irun,20305,"Gipuzkoa,Basque Country",Spain,EU-EFTA,RM,CP,N,,CP - Cutting Plant,,
10.100112/J,ANDUCAZA S.L.,POLIG ESTACION FERROCARRIL 4 B,Andújar,23740,"Jaén,Andalusia",Spain,EU-EFTA,RM,CP,N,,CP - Cutting Plant,,
10.08929/VA,ANGEL ALONSO GALINDO,"""Nº14 POLIGONO INDUSTRIAL SAN CRISTOBAL C/PLATA, Nº14, NAVE 6""",Valladolid,47012,"Valladolid,Castile and León",Spain,EU-EFTA,RM,CP,N,,CP - Cutting Plant,,
10.19545/GR,ANGEL GARCIA MARTINEZ,POLIGONO LA ENCANTADA Nº87,Huéscar,18830,"Granada,Andalusia",Spain,EU-EFTA,RM,CP,N,,CP - Cutting Plant,,
10.13258/SG,ANGEL LAZARO MAYORAL,"CTRA. SAN RAFAEL, POLIG. IND. EL ACUEDUCTO, PARC.57",Segovia,40006,"Segovia,Castile and León",Spain,EU-EFTA,RM,CP,N,,CP - Cutting Plant,,
10.028569/ZA,ANGEL SANCHEZ ANDRES,"CALLE ORDOÑEZ Nº: 2 , Piso: BJ",Toro,49800,"Zamora,Castile and León",Spain,EU-EFTA,RM,CP,N,,CP - Cutting Plant,,
10.029131/GU,ANGUS LAS SUERTES DEL MONTE SL,C/ LEPANTO 12-14 NAVE 2,Guadalajara,19004,"Guadalajara,Castile-La Mancha",Spain,EU-EFTA,RM,CP,N,,CP - Cutting Plant,,
10.18203/SA,"ANRAL, S. L.",CALLE SIERRA DE TONDA S/N POLIGONO INDUSTRIAL AGROALIMENTARIO 67-A,Guijuelo,37770,"Salamanca,Castile and León",Spain,EU-EFTA,RM,CP,N,,CP - Cutting Plant,,
10.11429/GR,ANTONIO ALARCON PASTOR E HIJOS S.L.,COMPLEJO MERCAGRANADA MOD. 637 AL 641,Granada,18015,"Granada,Andalusia",Spain,EU-EFTA,RM,CP,N,,CP - Cutting Plant,,
10.16186/GR,ANTONIO CARMONA VARON,"CTRA. ALMERIA 50, VALLE DEL ZALABI",Esfiliana,18511,"Granada,Andalusia",Spain,EU-EFTA,RM,CP,N,,CP - Cutting Plant,,
10.14455/MA,ANTONIO DOMINGUEZ JIMENEZ SL,BARRIADA DE LA ESTACIÓN S/N,Benaoján,29360,"Malaga,Andalusia",Spain,EU-EFTA,RM,CP,N,,CP - Cutting Plant,,
10.14235/AB,"ANTONIO SORIA CANTERO, S.L.","C/ VASCO NUÑEZ DE BALBOA, 14",Albacete,02001,"Albacete,Castile-La Mancha",Spain,EU-EFTA,RM,CP,N,,CP - Cutting Plant,,
10.10371/IB,"APLICACIONS TECNIQUES INSULARS, SA","POLIGONO 5, PARCELA 132",Consell,07330,"Balearic Islands,Balearic Islands",Spain,EU-EFTA,RM,CP,N,,CP - Cutting Plant,,
10.07569/TE,ARAGON MATADERO SLU,Ctra. Nacional 211 km 199 POl. Campojamón,La Mata de los Olmos,44557,"Teruel,Aragon",Spain,EU-EFTA,RM,SH,Y,porcine,SH - Slaughterhouse,,
10.21110/BU,ARCECARNE S.L,C/ CONDADO DE TREVIÑO Nº 52-54. PARCELAS 60-74 POLIG. IND. VILLALONQUEJAR,Burgos,09001,"Burgos,Castile and León",Spain,EU-EFTA,RM,CP,N,,CP - Cutting Plant,,
10.00847/GR,ARTESANOS DE MONTEJICAR S.L.,CALLE FEDERICO GARCIA LORCA Nº7,Montejícar,18561,"Granada,Andalusia",Spain,EU-EFTA,RM,CP,N,,CP - Cutting Plant,,
ES372742000011 10.07239/SA,"ASOCARSA, S. A.",S/N CTRA. FLORIDA DE LIEBANA,Salamanca,37129,"Salamanca,Castile and León",Spain,EU-EFTA,RM,SH CP,Y,bovine caprine ovine porcine,SH - Slaughterhouse | CP - Cutting Plant,,
10.21579/ZA,"ASOVINO, S.COOP.",AVDA. COMANDANTE ANGEL ALVAREZ RAIGADA. POLIG. IND. CAMPO DE AVIACION,Coreses,49530,"Zamora,Castile and León",Spain,EU-EFTA,RM,CP,N,,CP - Cutting Plant,,
10.026001/TO,ATENA PERT MUCIONIU,C/ POLIGONO INDUSTRIAL DE PULGAR NAVE 23B,Pulgar,45125,"Toledo,Castile-La Mancha",Spain,EU-EFTA,RM,CP,N,,CP - Cutting Plant,,
10.15018/SA,"AURELIO CARRERO, S.L.","""CTRA. SALAMANCA-VITIGUDINO KM. 1,100 - MERCASALAMANCA C/ PUERTO DEL PIREO. PARCELA 11.3""",Salamanca,37009,"Salamanca,Castile and León",Spain,EU-EFTA,RM,CP,N,,CP - Cutting Plant,,
10.04521/SA,"AURELIO CASTRO Y GONZALEZ, S. A.",CALLE NUEVA Nº3,Guijuelo,37770,"Salamanca,Castile and León",Spain,EU-EFTA,RM,CP,N,,CP - Cutting Plant,,
10.19799/H,"AUTOSERVICIO BATISTA, S.L.",POLIGONO FORTIZ C/C NAVE 16,Huelva,21007,"Huelva,Andalusia",Spain,EU-EFTA,RM,CP,N,,CP - Cutting Plant,,
10.10883/J,AVES Y HUEVOS SANCHEZ LOPEZ S.L.,CTRA. UBEDA-MALAGA KM. 37 POL. INDUSTRIAL VENTA LOS COLORES -PARC- 13,Mancha Real,23100,"Jaén,Andalusia",Spain,EU-EFTA,RM,CP,N,,CP - Cutting Plant,,
ES300381830565,AYUNT.TORRES DE COTILLAS.PLAZA TOROS PORTATIL,"PLAZA MAYOR, 11",Las Torres de Cotillas,30565,"Region of Murcia,Region of Murcia",Spain,EU-EFTA,RM,SH,Y,,SH - Slaughterhouse,,
ES480200006298,AYUNTAMIENTO BILBAO,"MARTIN AGÜERO, 1",Bilbao,48012,"Biscay,Basque Country",Spain,EU-EFTA,RM,SH,Y,,SH - Slaughterhouse,,
ES130240000126,AYUNTAMIENTO BRAZATORTAS (PLAZA DE TOROS),"POLIGONO 22, PARCELA 203",Brazatortas,,"Ciudad Real,Castile-La Mancha",Spain,EU-EFTA,RM,SH,Y,,SH - Slaughterhouse,,
ES260180000998,AYUNTAMIENTO DE ARNEDO,PLAZA DE TOROS DE ARNEDO,Arnedo,26580,"Rioja,Rioja",Spain,EU-EFTA,RM,SH,Y,,SH - Slaughterhouse,,
ES060140000486,AYUNTAMIENTO DE AZUAGA,PLAZA DE TOROS ES060140000486,Azuaga,06920,"Badajoz,Extremadura",Spain,EU-EFTA,RM,SH,Y,bovine,SH - Slaughterhouse,,
ES,AYUNTAMIENTO DE BURGUILLOS DEL CERRO,Plaza de Toros,Burguillos del Cerro,06720,"Badajoz,Extremadura",Spain,EU-EFTA,RM,SH,Y,,SH - Slaughterhouse,,
es060240000461,AYUNTAMIENTO DE CABEZA LA VACA,ES060240000461 PLAZA DE TOROS,Cabeza la Vaca,06293,"Badajoz,Extremadura",Spain,EU-EFTA,RM,SH,Y,,SH - Slaughterhouse,,
ES310970000901,AYUNTAMIENTO DE ESTELLA,ESTELLA,Estella/Lizarra,31200,"Navarre,Navarre",Spain,EU-EFTA,RM,SH,Y,,SH - Slaughterhouse,,
ES060550000577,AYUNTAMIENTO DE FUENTES DE LEON,ES060550000577 PLAZA DE TOROS,Fuentes de León,06280,"Badajoz,Extremadura",Spain,EU-EFTA,RM,SH,Y,,SH - Slaughterhouse,,
ES060660000719,AYUNTAMIENTO DE HIGUERA DE VARGAS,PLAZA DE TOROS ES060660000719,Higuera de Vargas,06132,"Badajoz,Extremadura",Spain,EU-EFTA,RM,SH,Y,,SH - Slaughterhouse,,
ES060670000522.,AYUNTAMIENTO DE HIGUERA LA REAL,PLAZA DE TOROS PERMANENTE HIGUERA LA REAL ES060670000522,Higuera la Real,06340,"Badajoz,Extremadura",Spain,EU-EFTA,RM,SH,Y,,SH - Slaughterhouse,,
10.10567/AB,AYUNTAMIENTO DE LA RODA,"AVDA. DE LA CONSTITUCIÓN, S/N",La Roda,02630,"Albacete,Castile-La Mancha",Spain,EU-EFTA,RM,SH,Y,porcine ovine caprine,SH - Slaughterhouse,,
ES020440000060,AYUNTAMIENTO DE LIETOR,ES020440000060,Liétor,02127,"Albacete,Castile-La Mancha",Spain,EU-EFTA,RM,SH,Y,bovine,SH - Slaughterhouse,,
10.09538/TO,AYUNTAMIENTO DE LOS NAVALUCILLOS,"DEL AGUA, 9",Los Navalucillos,45130,"Toledo,Castile-La Mancha",Spain,EU-EFTA,RM,SH,Y,ovine porcine caprine,SH - Slaughterhouse,,
10.09523/CR,AYUNTAMIENTO DE MEMBRILLA,"CERVANTES, S/N",Membrilla,13230,"Ciudad Real,Castile-La Mancha",Spain,EU-EFTA,RM,SH,Y,bovine caprine ovine,SH - Slaughterhouse,,
10.10985/CR,AYUNTAMIENTO DE MONTIEL,"MATADERO, S/N",Montiel,13326,"Ciudad Real,Castile-La Mancha",Spain,EU-EFTA,RM,SH,Y,caprine ovine,SH - Slaughterhouse,,
ES061160000445,AYUNTAMIENTO DE SALVALEÓN,ES061160000445 PLAZA DE TOROS,Salvaleón,06174,"Badajoz,Extremadura",Spain,EU-EFTA,RM,SH,Y,,SH - Slaughterhouse,,
ES312160000901,AYUNTAMIENTO DE SANGUESA,PLAZA DE TOROS,Sangüesa/Zangoza,31400,"Navarre,Navarre",Spain,EU-EFTA,RM,SH,Y,,SH - Slaughterhouse,,
10.09578/CR,AYUNTAMIENTO DE TORRENUEVA,"GONZALO DE CORDOBA, 122",Torrenueva,13740,"Ciudad Real,Castile-La Mancha",Spain,EU-EFTA,RM,SH,Y,caprine ovine,SH - Slaughterhouse,,
10.11687/CR,AYUNTAMIENTO DE VILLAHERMOSA,"MAESTRO MUSICA TOMAS CASTELL, 36",Villahermosa,13332,"Ciudad Real,Castile-La Mancha",Spain,EU-EFTA,RM,SH,Y,caprine ovine,SH - Slaughterhouse,,
ES099032000051 / 10.05983/BU,AYUNTAMIENTO DE VILLARCAYO,POLIGONO INDUSTRIAL LAS MERINDADES DE HORNA,Villarcayo de Merindad de Castilla la Vieja,09550,"Burgos,Castile and León",Spain,EU-EFTA,RM,SH,Y,bovine caprine ovine porcine equine,SH - Slaughterhouse,,
10.09515/CR,AYUNTAMIENTO DE VILLARTA DE SAN JUAN,"IGLESIA, 11",Villarta de San Juan,13210,"Ciudad Real,Castile-La Mancha",Spain,EU-EFTA,RM,SH,Y,ovine caprine,SH - Slaughterhouse,,
ES051682000011 / 10.00766/AV,AYUNTAMIENTO LAS NAVAS DEL MARQUES,CALLE CURATO S/N,Las Navas del Marqués,05230,"Ávila,Castile and León",Spain,EU-EFTA,RM,SH,Y,bovine ovine caprine,SH - Slaughterhouse,,
ES020630000038,AYUNTAMIENTO POZOHONDO,"CALLE CONSTITUCIÓN, 15",Pozohondo,02141,"Albacete,Castile-La Mancha",Spain,EU-EFTA,RM,SH,Y,bovine,SH - Slaughterhouse,,
ES200180010432,AZPEITIAKO ZEZEN PLAZA,"ENPARANTZA NAGUSIA,5",Azpeitia,20730,"Gipuzkoa,Basque Country",Spain,EU-EFTA,RM,CP,N,,CP - Cutting Plant,,
ES060790000044,Ayuntamiento de Manchita,Manchita,Manchita,06478,"Badajoz,Extremadura",Spain,EU-EFTA,RM,SH,Y,bovine,SH - Slaughterhouse,,
10.028777/MA,BARFLEUR DOS IBERICA S.L.,CALLE ASTRONAUTA PEDRO DUQUE P.I. SECTOR PP7,Campillos,29320,"Malaga,Andalusia",Spain,EU-EFTA,RM,CP,N,,CP - Cutting Plant,,
1015496/H,BARTOLOME MENDEZ S.L.,AVENIDA ANDALUCÍA S/N,Paymogo,21560,"Huelva,Andalusia",Spain,EU-EFTA,RM,CP,N,,CP - Cutting Plant,,
10.19377/LE,"BAYON BLANCO, S.L.","""CTRA. VILECHA MERCALEON 16-17""",León,24192,"León,Castile and León",Spain,EU-EFTA,RM,CP,N,,CP - Cutting Plant,,
10.21204/BA,BELL ESPAÑA ALIMENTACION S.L.U.,POL IND MONTE BOYAS C/ ENCINAR 211-212 - CASARRUBIOS DEL MONTE - 45950 - Toledo,Casarrubios del Monte,45950,"Toledo,Castile-La Mancha",Spain,EU-EFTA,RM,CP,N,,CP - Cutting Plant,,
10.19007/SA,"BELLOTA UNICO, S. L.","CTRA. NACIONAL 630, KM 17",Martinamor,37891,"Salamanca,Castile and León",Spain,EU-EFTA,RM,CP,N,,CP - Cutting Plant,,
10.10668/AB,"BENIBALDO, S.A.","PARQUE EMPRESARIAL CAMPOLLANO, 2ª AVENIDA Nº 4-6",Albacete,02007,"Albacete,Castile-La Mancha",Spain,EU-EFTA,RM,CP,N,,CP - Cutting Plant,,
10.05954/SA,BERNARDINO BLANCO BONILLA,CALLE BELTRANA Nº2,Alba de Tormes,37800,"Salamanca,Castile and León",Spain,EU-EFTA,RM,CP,N,,CP - Cutting Plant,,
10.07303/BU,"BERNARDO CUEVAS E HIJOS, S.L.U.",C/SENDIN Nº3,Aranda de Duero,09400,"Burgos,Castile and León",Spain,EU-EFTA,RM,CP,N,,CP - Cutting Plant,,
10.02669/SA,"BERNARDO HERNANDEZ, S. L.",CALLE ORIENTE Nº18,Guijuelo,37770,"Salamanca,Castile and León",Spain,EU-EFTA,RM,CP,N,,CP - Cutting Plant,,
10.17750/CO,BOORNOQUE S.L.,"POLIGONO INDUSTRIAL LA VAQUERA, PARCELA 47",Hornachuelos,14740,"Cordova,Andalusia",Spain,EU-EFTA,RM,CP,N,,CP - Cutting Plant,,
ES501181017858,BOPEPOR S.L.,"POLIGONO MONTE BLANCO Parcelas A4, A6, A10, A12",Gallur,50650,"Zaragoza,Aragon",Spain,EU-EFTA,RM,SH,Y,,SH - Slaughterhouse,,
10.17858/Z,"BOPEPOR, S.L.","Poligono MONTE BLANCO, PARCELAS, A4-A6-A10-A12",Gallur,50650,"Zaragoza,Aragon",Spain,EU-EFTA,RM,SH CP,Y,,SH - Slaughterhouse | CP - Cutting Plant,,
ES280250000003,BREA DE TAJO-PLAZA DE TOROS MOVIL,"C/ IGLESIA, 15 28590 Villarejo de Salvanés MADRID",Villarejo de Salvanés,28590,"Community of Madrid,Community of Madrid",Spain,EU-EFTA,RM,SH,Y,,SH - Slaughterhouse,,
10.14899/SA,C. B. CARNICAS SIERRA DE TONDA C.B.,CALLE PILAR Nº: 34,Puebla de San Medel,37391,"Salamanca,Castile and León",Spain,EU-EFTA,RM,CP,N,,CP - Cutting Plant,,
10.07903/SG,C. B. HERMANOS ALVARO GOMEZ,CALLE POBO Nº20,Navafría,40161,"Segovia,Castile and León",Spain,EU-EFTA,RM,CP,N,,CP - Cutting Plant,,
10.05980/P,C. B. HERMANOS CABALLERO ROJO,CALLE MORAL Nº30,Villarramiel,34350,"Palencia,Castile and León",Spain,EU-EFTA,RM,CP,N,,CP - Cutting Plant,,
10.03851/SA,C. B. JUAN FRANCISCO GIL E HIJOS,CALLE ESCUELAS Nº2,Cespedosa de Tormes,37750,"Salamanca,Castile and León",Spain,EU-EFTA,RM,CP,N,,CP - Cutting Plant,,
10.12075/J,C.B. ANTONIO SANCHEZ Y SANTIAGO JUAREZ,AVDA. PAZ S/N,Villanueva del Arzobispo,23330,"Jaén,Andalusia",Spain,EU-EFTA,RM,SH,Y,,SH - Slaughterhouse,,
10.15104/GR,C.B. CARNICAS LOS VALENTINES,ERA GRANDE S/N,Dehesas de Guadix,18538,"Granada,Andalusia",Spain,EU-EFTA,RM,CP,N,,CP - Cutting Plant,,
10.24187/CO,C.B.HNOS. PEÑA PARRAGA,CARRETERA ALBENDIN. FINCA MANOSALVA,Baena,14850,"Cordova,Andalusia",Spain,EU-EFTA,RM,CP SH,Y,,CP - Cutting Plant | SH - Slaughterhouse,,
ES280310000008,CADALSO DE LOS VIDRIOS-PLAZA DE TOROS,"CALLE REAL, 36",Cadalso de los Vidrios,28640,"Community of Madrid,Community of Madrid",Spain,EU-EFTA,RM,SH,Y,bovine,SH - Slaughterhouse,,
10.01292/MA,CAGUERREROS S.L.,Calle Rosa de los Vientos nº 85,Málaga,29006,"Malaga,Andalusia",Spain,EU-EFTA,RM,CP,N,,CP - Cutting Plant,,
10.14876/CC,CAMPOFRIO FOOD GROUP S.A.,CTRA. BELEN-TRUJILLO,Trujillo,10200,"Cáceres,Extremadura",Spain,EU-EFTA,RM,CP,N,porcine,CP - Cutting Plant,,
10.025100/MA,CAMPOPUEBLO S.L.,Calle Julio Romero de Torres nº 1,Coín,29100,"Malaga,Andalusia",Spain,EU-EFTA,RM,CP,N,,CP - Cutting Plant,,
10.15422/SA,"CANPIPORK, S. L.",POLIGONO INDUSTRIAL AGROALIMENTARIO 18,Guijuelo,37770,"Salamanca,Castile and León",Spain,EU-EFTA,RM,CP,N,,CP - Cutting Plant,,
10.05518/BA,CARDENO S.L.,MATADERO 11 - FUENTES DE LEON - 06280 - Badajoz,Fuentes de León,06280,"Badajoz,Extremadura",Spain,EU-EFTA,RM,CP SH,Y,,CP - Cutting Plant | SH - Slaughterhouse,,
10.16004/MA,"CAREMAXA, S.L.",URB CRUCE DON MANUEL 6,Puente de Don Manuel,29711,"Malaga,Andalusia",Spain,EU-EFTA,RM,CP,N,,CP - Cutting Plant,,
10.04592/AV,"CARHESAN, S. A.",CARRETERA NACIONAL 110 S/N KM. 0,Muñana,05540,"Ávila,Castile and León",Spain,EU-EFTA,RM,CP,N,,CP - Cutting Plant,,
10.16912/P,"CARJA INDUSTRIAS CARNICAS, S.L.",CALLE PISUERGA Nº12,Palencia,34003,"Palencia,Castile and León",Spain,EU-EFTA,RM,CP,N,,CP - Cutting Plant,,
10.01899/GE,CARLOS COLOMER SAU,"Ctra. Santa Pau, 3",Sant Feliu de Pallerols,17174,"Girona,Catalonia",Spain,EU-EFTA,RM,CP,N,,CP - Cutting Plant,,
10.028395/SG,CARLOS MANUEL ALCON DOMINGUEZ,POLIG. IND. GESTUR Nº26,Riaza,40500,"Segovia,Castile and León",Spain,EU-EFTA,RM,CP,N,,CP - Cutting Plant,,
10.025753/SA,"CARLOS REYES E HIJOS, S.L.",CARRETERA SALAMANCA S/N KM. 0,Alba de Tormes,37800,"Salamanca,Castile and León",Spain,EU-EFTA,RM,CP,N,,CP - Cutting Plant,,
10.19484/TO,"CARMELO GONZALEZ E HIJOS, S.A.","AVDA. DE LA CONSTITUCIÓN, 28",La Puebla de Montalbán,45516,"Toledo,Castile-La Mancha",Spain,EU-EFTA,RM,CP,N,,CP - Cutting Plant,,
10.01702/AV,CARNAVI S. L.,"CARRETERA VILLACASTIN (DE) Nº: S/N Km: 110,5",Ávila,05004,"Ávila,Castile and León",Spain,EU-EFTA,RM,CP,N,,CP - Cutting Plant,,
10.18660/CR,"CARNE REAL, S.L.","C/ GENERAL MARGALLO, 168",Valdepeñas,13300,"Ciudad Real,Castile-La Mancha",Spain,EU-EFTA,RM,CP,N,,CP - Cutting Plant,,
10.20260/CU,"CARNELAN LANDETE, S.L.",PARC. 43-44 (POLG. IND. LA TEJEIRA),Talayuelas,16320,"Cuenca,Castile-La Mancha",Spain,EU-EFTA,RM,CP,N,,CP - Cutting Plant,,
10.13390/CS,"CARNES ALTO PALANCIA,S.L.",POLIGONO EL SANTISIMO S/N,Segorbe,12400,"Castelló / Castellón,Valencian Community",Spain,EU-EFTA,RM,CP,N,,CP - Cutting Plant,,
ES050220000219,"CARNES BARBERO, S. L.","POLIGONO INDUSTRIAL LA PEGUERA, S/N",El Barraco,05110,"Ávila,Castile and León",Spain,EU-EFTA,RM,CP SH,Y,bovine caprine ovine,CP - Cutting Plant | SH - Slaughterhouse,,
10.18073/GU,"CARNES CASTELLANO ALCARREÑAS, S.L.","C/ LEPANTO, 5",Guadalajara,19004,"Guadalajara,Castile-La Mancha",Spain,EU-EFTA,RM,CP,N,,CP - Cutting Plant,,
10.08220/TO,"CARNES COPADO, S.L.","C/ JARAMA (MERCADO DE MAYORISTA, NAVE A 2 Y 4)",Toledo,45007,"Toledo,Castile-La Mancha",Spain,EU-EFTA,RM,CP,N,,CP - Cutting Plant,,
10.13836/GU,"CARNES DE JADRAQUE, S.L.","CTRA. BUJALARO, S/N",Jadraque,19240,"Guadalajara,Castile-La Mancha",Spain,EU-EFTA,RM,SH,Y,bovine ovine caprine,SH - Slaughterhouse,,
ES401702000071 / 10.03596/SG,"CARNES DE RIAZA, S. A.",CALLE CARRETERA DE SORIA S/N,Riaza,40500,"Segovia,Castile and León",Spain,EU-EFTA,RM,SH,Y,bovine ovine caprine,SH - Slaughterhouse,,
ES401742000011 / 10.05800/SG,CARNES DE SACRAMENIA S.A.,CAMINO TRAS DE LAS HUERTAS S/N,Sacramenia,40237,"Segovia,Castile and León",Spain,EU-EFTA,RM,SH,Y,porcine ovine caprine,SH - Slaughterhouse,,
10.04568/TE,"CARNES DE TERUEL, S.A",Poligono INDUSTRIAL LA PAZ. C/ LISBOA S/N,Teruel,44001,"Teruel,Aragon",Spain,EU-EFTA,RM,SH CP,Y,porcine,SH - Slaughterhouse | CP - Cutting Plant,,
10.17834/SA,"CARNES ELICES, S.L.","C/ PUERTO DE ALEJANDRIA, 2-38, PUESTOS C4 Y C5, CTRA. VITIGUDINO KM. 1,1, MERCASALAMANCA",Salamanca,37009,"Salamanca,Castile and León",Spain,EU-EFTA,RM,CP,N,,CP - Cutting Plant,,
10.14625/AB,"CARNES LA JOAQUINA, S.L.","CAMINO CASA DELGADO, S/N",Tarazona de la Mancha,02100,"Albacete,Castile-La Mancha",Spain,EU-EFTA,RM,CP SH,Y,porcine ovine caprine,CP - Cutting Plant | SH - Slaughterhouse,,
10.17873/TO,"CARNES MANCHEGAS JIMENEZ MONTERO, S.L.","C/ JUAN DE LA CIERVA, 3. (POL. IND. TORREHIERRO)",Talavera de la Reina,45600,"Toledo,Castile-La Mancha",Spain,EU-EFTA,RM,CP,N,,CP - Cutting Plant,,
ES400430220511 / 10.08618/SG,"CARNES NATURALES SEGOVIANAS, S. L.",CAMINO REAL DE MUDRIAN S/N,Carbonero El Mayor,40270,"Segovia,Castile and León",Spain,EU-EFTA,RM,SH CP,Y,,SH - Slaughterhouse | CP - Cutting Plant,,
10.21977/CS,"CARNES PEDRO DE BEJIS, S.L.",Partida conejera sn,Ventas de Bejís,,"Castelló / Castellón,Valencian Community",Spain,EU-EFTA,RM,CP SH,Y,,CP - Cutting Plant | SH - Slaughterhouse,,
10.11683/CU,CARNES PEDROÑERAS S.L.,"CAMINO DE VILLARROBLEDO, S/N",Las Pedroñeras,16660,"Cuenca,Castile-La Mancha",Spain,EU-EFTA,RM,SH,Y,bovine caprine ovine porcine,SH - Slaughterhouse,,
ES050190220161 / 10.09643/AV,"CARNES PEREZ MORENO, S. L.",CALLE RIO PISUERGA Nº49 POLIGONO INDUSTRIAL LAS HERVENCIAS,Ávila,05004,"Ávila,Castile and León",Spain,EU-EFTA,RM,CP SH,Y,,CP - Cutting Plant | SH - Slaughterhouse,,
ES090590200051 / 10.17362/BU,"CARNES SELECTAS 2000, S. A.","C/CONDADO DE TREVIÑO,73 POLIGONO INDUSTRIAL VILLALONQUEJAR",Burgos,09001,"Burgos,Castile and León",Spain,EU-EFTA,RM,CP SH,Y,porcine,CP - Cutting Plant | SH - Slaughterhouse,,
10.08521/TO,CARNES SELECTAS RAUL SL.,"C/ FEDERICA MONTSENY, 16",Talavera de la Reina,45600,"Toledo,Castile-La Mancha",Spain,EU-EFTA,RM,CP,N,,CP - Cutting Plant,,
10.05227/M,CARNES SIERRA MADRID S.A.,"Calle Kanna, nº 7 P.I. P-29 - COLLADO VILLALBA - 28400 - Madrid",Collado Villalba,28400,"Community of Madrid,Community of Madrid",Spain,EU-EFTA,RM,CP SH,Y,,CP - Cutting Plant | SH - Slaughterhouse,,
ES280470000008,CARNES SIERRA MADRID S.A.,POLIGONO POLIGONO INDUSTRIAL P-29,Collado Villalba,28248,"Community of Madrid,Community of Madrid",Spain,EU-EFTA,RM,SH,Y,bovine,SH - Slaughterhouse,,
10.10970/MA,CARNES SILVESTRE AGUILAR S.L.,CALLE GAUDI Nº 19 POLIGONO INDUSTRIAL DE ESTEPONA,Estepona,29680,"Malaga,Andalusia",Spain,EU-EFTA,RM,CP,N,,CP - Cutting Plant,,
10.10209/OR,"CARNES VIANA,S.L.",Fondal de Beade,Ribadavia,32200,"Ourense,Galicia",Spain,EU-EFTA,RM,SH,Y,,SH - Slaughterhouse,,
10.14784/CA,CARNES Y CONGELADOS JUPE JEREZ S.L.,"POL. INDUSTRIAL EL PORTAL, PARC. 6, NAVE 7",Jerez de la Frontera,11408,"Cádiz,Andalusia",Spain,EU-EFTA,RM,CP,N,,CP - Cutting Plant,,
10.027484/CA,CARNES Y ELABORADOS GARCIA S.L.U,"CALLEJON DEL MOLINO NUEVO 21, NAVE 2",Τσικλάνα ντε λα Φροντέρα,11130,"Cádiz,Andalusia",Spain,EU-EFTA,RM,CP,N,,CP - Cutting Plant,,
10.026547/AB,"CARNES Y EMBUTIDOS BALTERRA, S.L.",CTRA. DE ALBACETE Nº 40 BAJO,Casas-Ibáñez,02200,"Albacete,Castile-La Mancha",Spain,EU-EFTA,RM,CP,N,,CP - Cutting Plant,,
10.02829/CO,CARNES Y EMBUTIDOS DE LA SUBBETICA S.L.,"CTRA. RUTE (DE), KM. 2,500",Lucena,14900,"Cordova,Andalusia",Spain,EU-EFTA,RM,CP,N,,CP - Cutting Plant,,
10.22508/CO,CARNES Y FABRICA DE EMBUTIDOS MONTORO S.L.,"POLIGONO INDUSTRIAL ATALAYA Y MORRON, 2, NAVE 11",Montoro,14600,"Cordova,Andalusia",Spain,EU-EFTA,RM,CP,N,,CP - Cutting Plant,,
10.18545/TO,CARNES Y GANADOS M. VÁZQUEZ S.L.,"C/ SERRERÍA, POL. IND. VALDEFUENTES,PARCELA PF2, Nº3",Pepino,45638,"Toledo,Castile-La Mancha",Spain,EU-EFTA,RM,CP,N,,CP - Cutting Plant,,
10.22025/CO,CARNES Y JAMONES BMG S.L.L.,"CARRETERA C-411 VILLAVICIOSA, KM. 0,6",Posadas,14730,"Cordova,Andalusia",Spain,EU-EFTA,RM,CP,N,,CP - Cutting Plant,,
10.16078/SE,CARNES Y PESCADOS HERMANOS ROSSO S.L.,CALLE GRAMIL NAVE 10.3 POL.IND. STORE,Seville,41006,"Seville,Andalusia",Spain,EU-EFTA,RM,CP,N,,CP - Cutting Plant,,
10.15565/GE,CARNGUST SL,"Poligono Industrial Mas Aliu, Cl Sant Josep, 15",Aiguaviva,17181,"Girona,Catalonia",Spain,EU-EFTA,RM,CP,N,,CP - Cutting Plant,,
10.04311/GE,CARNICA BATALLE SA,"AV dels Segadors, s/n",Riudarenes,17410,"Girona,Catalonia",Spain,EU-EFTA,RM,CP,N,,CP - Cutting Plant,,
10.13627/AB,"CARNICAS ALBACETEÑAS, S.L.","POL. IND. CAMPOLLANO C/C, 11",Albacete,02006,"Albacete,Castile-La Mancha",Spain,EU-EFTA,RM,CP,N,,CP - Cutting Plant,,
10.16350/MA,CARNICAS ANDRES JIMENEZ S.L.,"COMPLEJO INDUSTRIAL COSTA DEL SOL, 20",Marbella,29600,"Malaga,Andalusia",Spain,EU-EFTA,RM,CP,N,,CP - Cutting Plant,,
10.05448/LE,"CARNICAS ANJOS, S. L.",CTRA. LEON-ASTORGA KM.17,Villadangos del Páramo,24392,"León,Castile and León",Spain,EU-EFTA,RM,CP,N,,CP - Cutting Plant,,
10.08142/SG,"CARNICAS AQUILINO, S. A.",CARRETERA SEGOVIA-AREVALO Nº15 KM. 3,Zamarramala,40196,"Segovia,Castile and León",Spain,EU-EFTA,RM,CP,N,,CP - Cutting Plant,,
10.05433/CU,"CARNICAS ARACELI, S.L.","FINCA, 44, POLG. 9 (CTRA. FRESNEDA)",Villalba de la Sierra,16140,"Cuenca,Castile-La Mancha",Spain,EU-EFTA,RM,SH CP,Y,ovine caprine,SH - Slaughterhouse | CP - Cutting Plant,,
10.03943/L,CARNICAS ARMENGOL SL,"AV Cervera, s/n",Tàrrega,25300,"Lleida,Catalonia",Spain,EU-EFTA,RM,CP,N,,CP - Cutting Plant,,
10.15344/SA,"CARNICAS BELEÑA, S.L.",C/ SIERRA DE GREDOS Nº 25 POLIGONO INDUSTRIAL AGROALIMENTARIO,Guijuelo,37770,"Salamanca,Castile and León",Spain,EU-EFTA,RM,CP,N,,CP - Cutting Plant,,
10.13745/SA,"CARNICAS BIECO, S. L.","""POLIGONO INDUSTRIAL EL MONTALVO II C/ ARRIBES DEL DUERO, Nº 22, NAVE 3""",Salamanca,37008,"Salamanca,Castile and León",Spain,EU-EFTA,RM,CP,N,,CP - Cutting Plant,,
10.23120/SG,"CARNICAS BRIZ, S.L.","CARRETERA PALAZUELOS S/N KM. 2,1",Segovia,40004,"Segovia,Castile and León",Spain,EU-EFTA,RM,CP,N,,CP - Cutting Plant,,
10.11726/SA,"CARNICAS CAMBA DOS, S. L.","""CTRA. SALAMANCA-VITIGUDINO KM. 1,100 - MERCASALAMANCA AVDA. PUERTO DE RODAS. MODULO C 9""",Salamanca,37009,"Salamanca,Castile and León",Spain,EU-EFTA,RM,CP,N,,CP - Cutting Plant,,
10.028051/P,"CARNICAS CAMPOS DE CASTILLA, S.L.","C/ CANAL DE CASTILLA, 1",Osorno la Mayor,34460,"Palencia,Castile and León",Spain,EU-EFTA,RM,CP,N,bovine caprine porcine equine,CP - Cutting Plant,,
10.08225/GR,CARNICAS CAMPOTEJAR S.L.,SAN ANTON 57,Campotéjar,18565,"Granada,Andalusia",Spain,EU-EFTA,RM,CP,N,,CP - Cutting Plant,,
10.18899/CR,"CARNICAS CARDISA, S.L.","C/ INVESTIGACIÓN, NAVE 13 (POLG. IND. DAIMIEL SUR)",Daimiel,13250,"Ciudad Real,Castile-La Mancha",Spain,EU-EFTA,RM,CP,N,,CP - Cutting Plant,,
ES050160000050 / 10.23243/AV,CARNICAS CARLOS BLANCO S. L. U.,"""C/ PALACIOS DE GODA Nº26 POLIG. IND. TIERRA DE AREVALO""",Arévalo,05200,"Ávila,Castile and León",Spain,EU-EFTA,RM,CP SH,Y,porcine,CP - Cutting Plant | SH - Slaughterhouse,,
10.23845/LE,"CARNICAS CARLU, S.L.",CAMINO VILECHA Nº8,Ribaseca,24391,"León,Castile and León",Spain,EU-EFTA,RM,CP,N,,CP - Cutting Plant,,
10.17237/MA,CARNICAS CARMA S.L.,CALLE ISOLDA Nº 4 POLIGONO INDUSTRIAL ALAMEDA,Málaga,29006,"Malaga,Andalusia",Spain,EU-EFTA,RM,CP,N,,CP - Cutting Plant,,
ES401120220031 10.06774/SG,CARNICAS CEFERINO S.A.,CTRA. SORIA-PLASENCIA KM 188,La Lastrilla,40196,"Segovia,Castile and León",Spain,EU-EFTA,RM,CP SH,Y,porcine ovine caprine,CP - Cutting Plant | SH - Slaughterhouse,,
10.09988/TO,CARNICAS CHAMBERI S.L.,AV MONTE BOYAL nº 120,Casarrubios del Monte,45950,"Toledo,Castile-La Mancha",Spain,EU-EFTA,RM,CP,N,,CP - Cutting Plant,,
10.24164/BU,"CARNICAS CHICO, S.L.","CTRA. VALLADOLID, 44",Aranda de Duero,09400,"Burgos,Castile and León",Spain,EU-EFTA,RM,CP,N,,CP - Cutting Plant,,
10.07957/Z,CARNICAS CINCO VILLAS S.A.U.,"Poligono VALDEFERRIN, PARCELA 7-12",Ejea de los Caballeros,50660,"Zaragoza,Aragon",Spain,EU-EFTA,RM,CP SH,Y,,CP - Cutting Plant | SH - Slaughterhouse,,
10.19764/SA,"CARNICAS CLAUDINO SANCHEZ, S. L.",POLIGONO S-3.11 3 NAVE 17,Guijuelo,37770,"Salamanca,Castile and León",Spain,EU-EFTA,RM,CP,N,,CP - Cutting Plant,,
10.23465/BU,"CARNICAS CUADRADO, S.L.",CALLE SAN ROQUE Nº: 8,Salas de los Infantes,09600,"Burgos,Castile and León",Spain,EU-EFTA,RM,CP,N,,CP - Cutting Plant,,
10.028323/HU,CARNICAS DE LA LITERA,CARRETERA A-133. KM. 5,San Esteban de Litera,22512,"Huesca,Aragon",Spain,EU-EFTA,RM,CP SH,Y,,CP - Cutting Plant | SH - Slaughterhouse,,
10.03328/SA,"CARNICAS DE LA MANO, S. L. U.","""CTRA. SALAMANCA-VITIGUDINO KM. 1,100 - MERCASALAMANCA. AVDA. PUERTO DE RODAS. MODULO C 10-11-12""",Salamanca,37009,"Salamanca,Castile and León",Spain,EU-EFTA,RM,CP,N,,CP - Cutting Plant,,
10.14593/CO,CARNICAS DE MORILES,"CARRETERA NAVAS DEL SELPILLAR, KM. 1",Lucena,14511,"Cordova,Andalusia",Spain,EU-EFTA,RM,CP,N,,CP - Cutting Plant,,
10.13039/SA,"CARNICAS DELGADO HERNANDEZ, S. L.",CALLE VIRGEN DEL PUERTO Nº8,Guijuelo,37770,"Salamanca,Castile and León",Spain,EU-EFTA,RM,CP,N,,CP - Cutting Plant,,
10.21670/CC,CARNICAS DIBE S.L.,"AV DE EXTREMADURA KM 163 10392 EL GORDO, CÁCERES",El Gordo,10392,"Cáceres,Extremadura",Spain,EU-EFTA,RM,CP,N,,CP - Cutting Plant,,
10.19345/GR,CARNICAS DIMARCA S.L.,CAMINO ORIA S/N,Baza,18800,"Granada,Andalusia",Spain,EU-EFTA,RM,CP SH,Y,,CP - Cutting Plant | SH - Slaughterhouse,,
10.03558/MA,CARNICAS DISCARPE S.L.,CARRETERA AZUCARERA-INTELHORCE Nº 8,Málaga,29004,"Malaga,Andalusia",Spain,EU-EFTA,RM,CP,N,,CP - Cutting Plant,,
10.024751/MA,CARNICAS DISCARPE S.L.,CALLE MONTERREY Nº 11,Málaga,29006,"Malaga,Andalusia",Spain,EU-EFTA,RM,CP,N,,CP - Cutting Plant,,
10.08058/MA,CARNICAS DOMINGUEZ MEDINA S.L.,CARRETERA JIMERA-ATAJE,Jimera de Líbar,29380,"Malaga,Andalusia",Spain,EU-EFTA,RM,CP,N,,CP - Cutting Plant,,
10.15086/J,CARNICAS DYSEO S.L.,CALLE SEVILLA 12 POL. INDUSTRIAL,Torreperogil,23320,"Jaén,Andalusia",Spain,EU-EFTA,RM,CP,N,,CP - Cutting Plant,,
10.029436/CA,CARNICAS EL ALCAZAR S.L.,"LUGAR PATRIA POLIGONO 37, PARCELA 25",Vejer de la Frontera,11150,"Cádiz,Andalusia",Spain,EU-EFTA,RM,CP,N,,CP - Cutting Plant,,
10.08208/CA,CARNICAS EL ALCAZAR S.L.,"PAGO PATRIA, S/N",Vejer de la Frontera,11150,"Cádiz,Andalusia",Spain,EU-EFTA,RM,CP,N,,CP - Cutting Plant,,
10.024517/LE,"CARNICAS EL CAPRICHO, S.L.",CALLE VIA PLATA Nº: 3,Valderrey,24793,"León,Castile and León",Spain,EU-EFTA,RM,CP,N,,CP - Cutting Plant,,
10.20432/MA,CARNICAS ESCALANTE S.L.,CALLE GUARVARES Nº 7,Ronda,29400,"Malaga,Andalusia",Spain,EU-EFTA,RM,CP,N,,CP - Cutting Plant,,
10.22801/SA,"CARNICAS EUGENIA GARCIA E HIJOS, S.L.",CALLE GONDOLA Nº46,Guijuelo,37770,"Salamanca,Castile and León",Spain,EU-EFTA,RM,CP,N,,CP - Cutting Plant,,
10.027794/ZA,"CARNICAS FERSANZ, S.L.",CALLE PIÑERO EL Nº21,Andavías,49162,"Zamora,Castile and León",Spain,EU-EFTA,RM,CP,N,,CP - Cutting Plant,,
10.028815/MA,CARNICAS FRANISA,CALLE JOSE LUIS DIEZ Nº 1 LOCAL 58 C,Estepona,29680,"Malaga,Andalusia",Spain,EU-EFTA,RM,CP,N,,CP - Cutting Plant,,
10.15289/CU,"CARNICAS FRIVALL, S.L.U.","CTRA, N-420, CUENCA-CIUDAD REAL, KM. 424,6",Villar de Olalla,16196,"Cuenca,Castile-La Mancha",Spain,EU-EFTA,RM,SH CP,Y,porcine,SH - Slaughterhouse | CP - Cutting Plant,,
10.12289/LE,"CARNICAS FUERTES MARTINEZ, S. L.",CALLE REAL Nº82,San Justo de la Vega,24710,"León,Castile and León",Spain,EU-EFTA,RM,CP,N,,CP - Cutting Plant,,
10.19111/SA,"CARNICAS GARBER, S. L.",CALLE SIERRA DE BEJAR Nº25 POLIGONO INDUSTRIAL AGROALIMENTARIO,Guijuelo,37770,"Salamanca,Castile and León",Spain,EU-EFTA,RM,CP,N,,CP - Cutting Plant,,
10.16821/GR,CARNICAS GENIL & OLE S.L.,CALLE AMERICO CASTRO 40,Huétor Tájar,18360,"Granada,Andalusia",Spain,EU-EFTA,RM,CP,N,,CP - Cutting Plant,,
10.19856/SO,CARNICAS HERMANOS GIAQUINTA SL,POLIGONO INDUSTRIAL LAS CASAS 5 37,Soria,42003,"Soria,Castile and León",Spain,EU-EFTA,RM,CP,N,,CP - Cutting Plant,,
10.16682/MA,CARNICAS HERMANOS MARTIN S.C,AVENIDA ANTOÑICO ROSAS S/N,Villanueva del Trabuco,29313,"Malaga,Andalusia",Spain,EU-EFTA,RM,CP,N,,CP - Cutting Plant,,
ES060670000280,"CARNICAS HIGALENSE, S.L.",CARRETERA BADAJOZ-HUELVA KM 100 10.13213/BA,Higuera la Real,06350,"Badajoz,Extremadura",Spain,EU-EFTA,RM,SH,Y,porcine,SH - Slaughterhouse,,
10.02922/J,CARNICAS HMNOS. GARCIA,CALLE MINA MEXICANA Nº1 POL. INDUSTRIAL LOS JARALES,Linares,23700,"Jaén,Andalusia",Spain,EU-EFTA,RM,CP,N,,CP - Cutting Plant,,
10.025321/SA,"CARNICAS IJAMA, S.L.","""C/HOCES DEL DURATON 66, PUERTA 3. POLIG. IND. EL MONTALVO II""",Salamanca,37008,"Salamanca,Castile and León",Spain,EU-EFTA,RM,CP,N,,CP - Cutting Plant,,
10.01466/NA,"CARNICAS IRUÑA, S.A.","POLIGONO INDUSTRIAL VENTA DE JUDAS, 6",Lumbier / Irunberri,31440,"Navarre,Navarre",Spain,EU-EFTA,RM,CP,N,porcine,CP - Cutting Plant,,
10.20658/BU,"CARNICAS ISABEL ALONSO, S.L.",Nº4 12 C/CONDADO TREVIÑO,Burgos,09001,"Burgos,Castile and León",Spain,EU-EFTA,RM,CP,N,,CP - Cutting Plant,,
10.09959/CU,"CARNICAS J & J HIJOS DE AMPARO RUIZ, S.L.","C/ CAMINO CRUZ DE TEJEDA, S/N",Talayuelas,16320,"Cuenca,Castile-La Mancha",Spain,EU-EFTA,RM,CP SH,Y,porcine caprine ovine,CP - Cutting Plant | SH - Slaughterhouse,,
10.24060/CU,"CARNICAS J&J HIJOS DE AMPARO RUIZ, S.L.",PARCELA 30-31-32-33 (POLIGONO INDUSTRIAL LA TEJERÍA),Talayuelas,16320,"Cuenca,Castile-La Mancha",Spain,EU-EFTA,RM,CP,N,,CP - Cutting Plant,,
10.14750/SA,"CARNICAS J. MENCAS E HIJOS, S. L.","CTRA. FUENTESAUCO-TORO, KM 8",San Cristóbal de la Cuesta,37439,"Salamanca,Castile and León",Spain,EU-EFTA,RM,CP,N,,CP - Cutting Plant,,
10.00126/GE,CARNICAS J. SITJA SA,"AV Antoni Gaudi, 16,",Olot,17800,"Girona,Catalonia",Spain,EU-EFTA,RM,CP,N,,CP - Cutting Plant,,
10.024240/SA,"CARNICAS JOSE Y CASILLAS, S.L.","POL. INDUSTRIAL, S-11 NAVE 7",Guijuelo,37770,"Salamanca,Castile and León",Spain,EU-EFTA,RM,CP,N,,CP - Cutting Plant,,
10.10920/VA,"CARNICAS LA FLECHA, S.L.",CALLE SEGURA Nº19 - 21,Arroyo de la Encomienda,47195,"Valladolid,Castile and León",Spain,EU-EFTA,RM,CP,N,,CP - Cutting Plant,,
10.04870/O,CARNICAS LA PILARICA SL,CALLE LA REGUERA S/N,Noreña,33180,"Asturias,Asturias",Spain,EU-EFTA,RM,CP,N,,CP - Cutting Plant,,
10.19867/MA,CARNICAS LA VERONICA,"C. RIO GUADALHORCE 31, MALAGA",Antequera,29200,"Malaga,Andalusia",Spain,EU-EFTA,RM,CP,N,,CP - Cutting Plant,,
10.024925/M,"CARNICAS LAMB, SLU","MERCAMADRID -MDC- CRTA. VILLAVERDE-VALLECAS K 3,8 MOD. 19",Madrid,28053,"Community of Madrid,Community of Madrid",Spain,EU-EFTA,RM,CP,N,,CP - Cutting Plant,,
10.05854/CA,CARNICAS LAS ABIERTAS S.L.U.,"PAGO LAS ABIERTAS, S/N",Arcos de la Frontera,11630,"Cádiz,Andalusia",Spain,EU-EFTA,RM,CP,N,,CP - Cutting Plant,,
ES420200220111 / 10.02017/SO,CARNICAS LLORENTE SL,S/N CARRETERA DE ARIZA,Almazán,42200,"Soria,Castile and León",Spain,EU-EFTA,RM,CP SH,Y,porcine,CP - Cutting Plant | SH - Slaughterhouse,,
10.11526/VA,"CARNICAS LORENZO GARCIA, S.L.",CARRETERA ADANERO-GIJON S/N KM. 195,Zaratán,47610,"Valladolid,Castile and León",Spain,EU-EFTA,RM,CP,N,,CP - Cutting Plant,,
10.15504/CR,"CARNICAS LOS HERMANOS MACELARII, SOCIEDAD LIMITADA","POLIGONO IND. ALCES, PARCELA 39",Alcázar de San Juan,13600,"Ciudad Real,Castile-La Mancha",Spain,EU-EFTA,RM,CP,N,,CP - Cutting Plant,,
10.19422/SA,"CARNICAS MADROÑAL DE LA SIERRA, S. L.",AVENIDA SALAMANCA Nº69,Tamames,37600,"Salamanca,Castile and León",Spain,EU-EFTA,RM,CP,N,,CP - Cutting Plant,,
ES470840000017 / 10.17199/VA,"CARNICAS MAHEJO, S. L.","S/N C/ MATADERO, S/N",Mayorga,47680,"Valladolid,Castile and León",Spain,EU-EFTA,RM,SH,Y,,SH - Slaughterhouse,,
ES060060001296,CARNICAS MALDONADO S.L,CALLE CONCHA ESPINA S/N,Alburquerque,06510,"Badajoz,Extremadura",Spain,EU-EFTA,RM,SH,Y,,SH - Slaughterhouse,,
10.09586/BA,CARNICAS MALDONADO S.L.,CONCHA ESPINA S.N. - ALBURQUERQUE - 06510 - Badajoz,Alburquerque,06510,"Badajoz,Extremadura",Spain,EU-EFTA,RM,CP,N,,CP - Cutting Plant,,
10.14570/SG,"CARNICAS MARDOMINGO, S. L.","C/ GREMIO DE LOS CARPINTEROS Nº 6, POL. IND. HONTORIA",Hontoria,40195,"Segovia,Castile and León",Spain,EU-EFTA,RM,CP,N,,CP - Cutting Plant,,
10.02084/CR,"CARNICAS MARQUEZ, C.B.","C/ JACINTO BENAVENTE, 3",Manzanares,13200,"Ciudad Real,Castile-La Mancha",Spain,EU-EFTA,RM,CP,N,,CP - Cutting Plant,,
10.028104/SA,"CARNICAS MARTIN MIÑAMBRES, S.L.",C/ ARRIBES DEL DUERO Nº 12. POLIG. IND. EL MONTALVO II,Salamanca,37008,"Salamanca,Castile and León",Spain,EU-EFTA,RM,CP,N,,CP - Cutting Plant,,
10.14527/J,CARNICAS MARTINEZ S.L.U.,CALLE HOYA JUANA MORENO S/N,Pozo Alcón,23485,"Jaén,Andalusia",Spain,EU-EFTA,RM,CP,N,,CP - Cutting Plant,,
10.23223/MA,CARNICAS MIGUEL Y ARENAS S.L.,"C/ MARIA MALIBRAN, Nº 2 (PARQUE EMPRESARIAL TREVÉNEZ)",Campanillas,29590,"Malaga,Andalusia",Spain,EU-EFTA,RM,CP,N,,CP - Cutting Plant,,
10.16956/BU,"CARNICAS MINGUEZ, S.L.U.",CALLE RENALTE Nº32 PISO BJ.,Gumiel de Izán,09370,"Burgos,Castile and León",Spain,EU-EFTA,RM,CP,N,,CP - Cutting Plant,,
10.08826/VI,"CARNICAS MIROTZ, S.L.","Lermandabide, 3 - VITORIA-GASTEIZ - 01015 - Araba/Álava",Vitoria-Gasteiz,01015,"Álava,Basque Country",Spain,EU-EFTA,RM,CP,N,,CP - Cutting Plant,,
10.028859/ZA,"CARNICAS MONTERO B.E., S.L.U.",CARRETERA PUENTE Nº: 70,Cobreros,49396,"Zamora,Castile and León",Spain,EU-EFTA,RM,CP,N,,CP - Cutting Plant,,
10.11317/GR,CARNICAS MOTRIL S.L.,SAN FRANCISCO 4,Motril,18600,"Granada,Andalusia",Spain,EU-EFTA,RM,CP,N,,CP - Cutting Plant,,
10.19357/CA,CARNICAS MR. MUU S.L.,"C/ DEL SABIO, S/N - GUADIARO",San Roque,11311,"Cádiz,Andalusia",Spain,EU-EFTA,RM,CP,N,,CP - Cutting Plant,,
10.13666/P,"CARNICAS ODRIOZOLA, S. L.",C/ SEVILLA P-18,Palencia,34004,"Palencia,Castile and León",Spain,EU-EFTA,RM,CP,N,,CP - Cutting Plant,,
10.026894/GU,"CARNICAS PABESU, S.L.",": C/ MATABUEYES, 7, NAVE 3-C",Cabanillas del Campo,19171,"Guadalajara,Castile-La Mancha",Spain,EU-EFTA,RM,CP,N,,CP - Cutting Plant,,
10.20966/M,"CARNICAS PAJARES SAN MARTIN DE LA VEGA, S.L",C/del Lilo nº 4 - Polígono industrial La Sendilla,Ciempozuelos,28350,"Community of Madrid,Community of Madrid",Spain,EU-EFTA,RM,SH,Y,,SH - Slaughterhouse,,
10.11805,CARNICAS PUERTO DE NOALEJO S.L.,CTRA BAILEN-MOTRIL A44 KM 77 BAJO,Noalejo,23140,"Jaén,Andalusia",Spain,EU-EFTA,RM,CP,N,,CP - Cutting Plant,,
ES471280000005 / 10.16787/VA,"CARNICAS QUINTANILLA, S. L.","CARRETERA VEGA DE VILLALOBOS S/N, KM.0'3",Quintanilla del Molar,47673,"Valladolid,Castile and León",Spain,EU-EFTA,RM,CP SH,Y,,CP - Cutting Plant | SH - Slaughterhouse,,
10.16433/SA,"CARNICAS RENILLA SANCHEZ, S. L.",CARRETERA BURGOS PORTUGAL S/N KM.,La Fuente de San Esteban,37200,"Salamanca,Castile and León",Spain,EU-EFTA,RM,CP,N,,CP - Cutting Plant,,
10.17509/TO,"CARNICAS RUJOVI, S.L.","C/ CANALES, 27 POLIGONO INDUSTRIAL FUENTE DE LOS PANADEROS NAVES 2 Y 3",Lominchar,45212,"Toledo,Castile-La Mancha",Spain,EU-EFTA,RM,CP,N,,CP - Cutting Plant,,
10.07182/M,"CARNICAS SALVANES, S.L.","CTRA. CARABAÑA, KM. 10,700",Villarejo de Salvanés,28590,"Community of Madrid,Community of Madrid",Spain,EU-EFTA,RM,SH,Y,,SH - Slaughterhouse,,
10.15093/CU,CARNICAS SAN CLEMENTE SOCIEDAD LIMITADA,C/ SAN SEBASTIAN 9,San Clemente,16600,"Cuenca,Castile-La Mancha",Spain,EU-EFTA,RM,CP,N,,CP - Cutting Plant,,
10.12891/VA,"CARNICAS SANDOVAL, S.L.",CTRA. ADANERO-GIJON,Mayorga,47680,"Valladolid,Castile and León",Spain,EU-EFTA,RM,CP,N,,CP - Cutting Plant,,
10.10745/BU,"CARNICAS SANTAMARIA, S. L.","C/ VALLE DE TOBALINA, 2, POL. IND. VILLALONQUEJAR IV",Burgos,09001,"Burgos,Castile and León",Spain,EU-EFTA,RM,CP,N,,CP - Cutting Plant,,
10.20890/SA,"CARNICAS SANTOS LOBO, S. L.","""POLIGONO INDUSTRIAL EL MONTALVO III C/ VERTICAL CUARTA, Nº 11""",Carbajosa de la Sagrada,37188,"Salamanca,Castile and León",Spain,EU-EFTA,RM,CP,N,,CP - Cutting Plant,,
10.21888/SA,"CARNICAS SAVE, S. L.",CALLE DOCTOR FERRAN Nº29 POLIGONO INDUSTRIAL EL MONTALVO I,Salamanca,37008,"Salamanca,Castile and León",Spain,EU-EFTA,RM,CP,N,,CP - Cutting Plant,,
10.19085/H,CARNICAS SEGUNDIN SLU,CARRETERA SEVILLA-LISBOA KM 89,Aracena,21200,"Huelva,Andalusia",Spain,EU-EFTA,RM,CP,N,,CP - Cutting Plant,,
10.028355/CR,CARNICAS SERRANO SANCHEZ S.L.,"C/ GOYA, 20",Manzanares,13200,"Ciudad Real,Castile-La Mancha",Spain,EU-EFTA,RM,CP,N,,CP - Cutting Plant,,
10.03924/B,CARNICAS SOLA SA,"CM Reial El Polvorí, 10-12",Gurb,08503,"Barcelona,Catalonia",Spain,EU-EFTA,RM,CP,N,,CP - Cutting Plant,,
ES401850000052 / 10.21450/SG,"CARNICAS TABLADILLO, S. L.","PARAJE DE LOS BARREROS, PARCELA 19, POLIGONO 1",Tabladillo,40122,"Segovia,Castile and León",Spain,EU-EFTA,RM,CP SH,Y,porcine,CP - Cutting Plant | SH - Slaughterhouse,,
10.020611/BU,"CARNICAS TAJADURA PROGRESO, S.L.",CALLE MERINDAD CUESTA URRIA Nº: 22,Burgos,09001,"Burgos,Castile and León",Spain,EU-EFTA,RM,CP,N,,CP - Cutting Plant,,
ES471020220071 / 10.09911/VA,"CARNICAS TEBI, S. L.",CAMINO CARPIO S/N,Nueva Villa de las Torres,47464,"Valladolid,Castile and León",Spain,EU-EFTA,RM,SH,Y,,SH - Slaughterhouse,,
10.028509/H,CARNICAS TORIBIO ROMERO SL,CALLE CABEZO 37,Castaño del Robledo,21292,"Huelva,Andalusia",Spain,EU-EFTA,RM,CP,N,,CP - Cutting Plant,,
10.14696/CA,CARNICAS URBANO SL,POLIGONO INDUSTRIAL CORTIJO REAL CALLE LOS AMIGO 9,Algeciras,11206,"Cádiz,Andalusia",Spain,EU-EFTA,RM,CP,N,,CP - Cutting Plant,,
10.029365/LE,"CARNICAS V MAYO, S.L.",CALLE ANTONIO ALARCON Nº: 1-3,Villaquilambre,24195,"León,Castile and León",Spain,EU-EFTA,RM,CP,N,,CP - Cutting Plant,,
10.029679/AV,"CARNICAS VICENCOR, S.L.",AVENIDA CONCENTRACION PARCELARIA Nº: 110,Fontiveros,05310,"Ávila,Castile and León",Spain,EU-EFTA,RM,CP,N,,CP - Cutting Plant,,
10.17634/CR,"CARNICAS VIFER, SOCIEDAD LIMITADA","POLÍGONO INDUSTRIAL LA PAZ. PROLONG C/ GRAL MARGALLO, 160",Valdepeñas,13300,"Ciudad Real,Castile-La Mancha",Spain,EU-EFTA,RM,CP,N,,CP - Cutting Plant,,
10.14203/CU,"CARNICAS VILLA CUENCA, S.A.","POL. IND. LA CERRAJERA, PUESTOS 4 Y 5",Cuenca,16003,"Cuenca,Castile-La Mancha",Spain,EU-EFTA,RM,CP,N,,CP - Cutting Plant,,
10.21446/ZA,"CARNICAS VILLALBLANCO, S.L.",CALLE SAN ISIDRO Nº2,Villalpando,49630,"Zamora,Castile and León",Spain,EU-EFTA,RM,CP,N,,CP - Cutting Plant,,
10.024761/M,"CARNICAS VOLTOYA, S.L.","AVDA. DE LOS PIRINEOS, Nº 5",San Sebastián de los Reyes,28703,"Community of Madrid,Community of Madrid",Spain,EU-EFTA,RM,CP,N,,CP - Cutting Plant,,
10.16900/SA,"CARNICAS Y GANADOS PEDRO GARCIA, S.L.","C/ CAMINO DE LA RIBERA, 73",Bóveda del Río Almar,37316,"Salamanca,Castile and León",Spain,EU-EFTA,RM,CP,N,,CP - Cutting Plant,,
10.028118/SA,"CARNICAS Y GANADOS VARILLAS, S.L.",CALLE BUEN ALCALDE Nº68 POLIGONO IND. BEJAR,Béjar,37700,"Salamanca,Castile and León",Spain,EU-EFTA,RM,CP,N,,CP - Cutting Plant,,
10.19980/VA,"CARNICERIA GEÑIN, S.L.",POLIGONO CABILDO SUR UNIDAD ALIMENTARIA Nº 4 MERCADO MERCAOLI,Valladolid,47009,"Valladolid,Castile and León",Spain,EU-EFTA,RM,CP,N,,CP - Cutting Plant,,
10.12802/LE,"CARNICERIA LUIS DE LA FUENTE, S. L.",CALLE MANUEL DIZ Nº17,La Bañeza,24750,"León,Castile and León",Spain,EU-EFTA,RM,CP,N,,CP - Cutting Plant,,
10.21246/GR,CARNICERIA LUIS JAVIER S.L.,AVENIDA CARMEN MORCILLO (DE) Nº80,Gójar,18150,"Granada,Andalusia",Spain,EU-EFTA,RM,CP,N,,CP - Cutting Plant,,
10.028916/GU,"CARNICERIA NIETO 2.0, SOCIEDAD LIMITADA",CALLE GUADALAJARA-JALISCO 91. POL.IND.HENARES,Guadalajara,19004,"Guadalajara,Castile-La Mancha",Spain,EU-EFTA,RM,CP,N,,CP - Cutting Plant,,
10.11892/CR,"CARNICERIA TANIA, SOCIEDAD LIMITADA","PLAZA DE LA CONSTITUCION, 14",Santa Cruz de Mudela,13730,"Ciudad Real,Castile-La Mancha",Spain,EU-EFTA,RM,CP,N,,CP - Cutting Plant,,
10.17277/GR,CARNICERIA ZACATIN S.L.,CALLE ARENAS DEL REY 4 POL. IND. FUENTE SANTA,Loja,18300,"Granada,Andalusia",Spain,EU-EFTA,RM,CP,N,,CP - Cutting Plant,,
10.026636/BU,"CARNICERIAS BEREZO, S.L.","""C/ LOPEZ BRAVO Nº24, NAVE 18-B. POLIG. IND. VILLALONQUEJAR""",Burgos,09001,"Burgos,Castile and León",Spain,EU-EFTA,RM,CP,N,,CP - Cutting Plant,,
10.09414/GR,CARNICERIAS FRANCISCO GARCIA BULLEJOS S.L.,CARRETERA DILAR (DE) Nº31 PARCELA CORTIJO LA NOCLA,Granada,18016,"Granada,Andalusia",Spain,EU-EFTA,RM,CP,N,,CP - Cutting Plant,,
10.11059/CU,CARNICEROS ASOCIADOS ALTOBUEY S. COOP. DE C-LM,"CTRA. MADRID-VALENCIA, S/N",Campillo de Altobuey,16210,"Cuenca,Castile-La Mancha",Spain,EU-EFTA,RM,SH,Y,caprine ovine,SH - Slaughterhouse,,
10.027833/SS,CARNICOS ARAKIN SL,"Ubarburu (Paseo/Pasealekua) , Num: 16 - DONOSTIA/SAN SEBASTIAN - 20014 - Gipuzkoa",San Sebastián,20014,"Gipuzkoa,Basque Country",Spain,EU-EFTA,RM,CP,N,,CP - Cutting Plant,,
10.20874/GE,"CARNIQUES CELRÀ, SL","POLG. IND. DE CELRA, C/DEL TER, S/N",Celrà,17460,"Girona,Catalonia",Spain,EU-EFTA,RM,CP,N,,CP - Cutting Plant,,
10.21231/B,CARNIQUES D'OSONA SL,"Polígon Industrial Malloles, CR Cabrerès, 1",Vic,08500,"Barcelona,Catalonia",Spain,EU-EFTA,RM,CP,N,,CP - Cutting Plant,,
10.06579/GE,CARNIQUES DE JUIÀ SA,PARATGE DE SIRES S/N,Juià,17462,"Girona,Catalonia",Spain,EU-EFTA,RM,CP,N,,CP - Cutting Plant,,
10.00684/GE,CARNIQUES ILLAS JULI SL,CT MALGRAT 22,Blanes,17300,"Girona,Catalonia",Spain,EU-EFTA,RM,CP,N,,CP - Cutting Plant,,
10.16232/SA,"CARNISIMA, S.L.U",CALLE FRAGUA Nº7,Moronta,37219,"Salamanca,Castile and León",Spain,EU-EFTA,RM,CP,N,,CP - Cutting Plant,,
10.00796/GE,CARNS BRUGUES SL,Mas Portella,Argelaguer,17853,"Girona,Catalonia",Spain,EU-EFTA,RM,CP,N,,CP - Cutting Plant,,
10.00542/GE,CARNS LA CANYA SL,"CR Garrotxa, 1",Sant Joan les Fonts,17857,"Girona,Catalonia",Spain,EU-EFTA,RM,CP,N,,CP - Cutting Plant,,
ES371072000901 / 10.016838/SA,"CARPISA FOOD CIUDAD RODRIGO, S.L.","CTRA. BURGOS-LISBOA, KM. 327",Ciudad Rodrigo,37500,"Salamanca,Castile and León",Spain,EU-EFTA,RM,CP SH,Y,bovine,CP - Cutting Plant | SH - Slaughterhouse,,
10.05923/M,"CARPISA FOODS, S.L.",CALLE NORUEGA 3,Griñón,28971,"Community of Madrid,Community of Madrid",Spain,EU-EFTA,RM,CP,N,,CP - Cutting Plant,,
10.028818/MA,CARRIGAR 2009 S.L.,CALLE VIDRIALES Nº 120 POLIGONO INDUSTRIAL LOS ZAMORANOS,Vélez-Málaga,29700,"Malaga,Andalusia",Spain,EU-EFTA,RM,CP,N,,CP - Cutting Plant,,
10.14098/TO,CARSADES. S.L.U.,"MAYOR, 69",Sonseca,45100,"Toledo,Castile-La Mancha",Spain,EU-EFTA,RM,CP,N,,CP - Cutting Plant,,
10.028012/LU,CARSEGAL S.L.,"SAN XULIÁN DA VEIGA, S/N, Sarria",Sarria,27163,"Lugo,Galicia",Spain,EU-EFTA,RM,CP,N,,CP - Cutting Plant,,
10.19556/CO,CASA JULIA CARNES Y EMBUTIDOS S.L.U.,"CALLE INGENIERO JUAN DE LA CIERVA, 58",La Carlota,14100,"Cordova,Andalusia",Spain,EU-EFTA,RM,CP,N,,CP - Cutting Plant,,
10.16680/H,CASH LEPE S.L.,P.I. EL CHORRILLO NAVE 33,Lepe,21440,"Huelva,Andalusia",Spain,EU-EFTA,RM,CP,N,,CP - Cutting Plant,,
10.13992/ZA,"CASQUERIA SUSI, S. L.",PLAZA AMILCAR FERRON Nº9,Villaralbo,49159,"Zamora,Castile and León",Spain,EU-EFTA,RM,CP,N,,CP - Cutting Plant,,
10.14748/VA,"CASTELLANA DE CARNES, S.A.",AVENIDA EURO Nº24 MERCADO MERCAOLID 14,Valladolid,47009,"Valladolid,Castile and León",Spain,EU-EFTA,RM,CP,N,,CP - Cutting Plant,,
10.029245/CO,CASTILLO LLAMAS CALIDAD S.L.,"CARRETERA CO-760 AGUILAR-MORILES, 15 C",Moriles,14510,"Cordova,Andalusia",Spain,EU-EFTA,RM,SH,Y,,SH - Slaughterhouse,,
10.09791/SG,"CASTURFOOD, S.L.",CALLE LOMO Nº4,Villarejo,40590,"Segovia,Castile and León",Spain,EU-EFTA,RM,CP,N,,CP - Cutting Plant,,
10.02350/GR,CAVA ESPINAR S.L.U.,CALLE ARRAYANES 1 Y 3,Íllora,18260,"Granada,Andalusia",Spain,EU-EFTA,RM,CP,N,,CP - Cutting Plant,,
10.026711/LE,"CECINAS NIETO, S.L.",CARRETERA MADRID-CORUÑA S/N KM. 329,Pradorrey,24714,"León,Castile and León",Spain,EU-EFTA,RM,CP,N,,CP - Cutting Plant,,
10.09292/LE,"CECINAS PABLO, S. A.","""CTRA. MADRID-LA CORUÑA POLIGONO INDUSTRIAL, PARCELAS 51-55""",Astorga,24700,"León,Castile and León",Spain,EU-EFTA,RM,CP,N,,CP - Cutting Plant,,
10.026095/V,"CELEVANT, S.L.",C/ PARET DECANTADA Num. 15 MASÍA DEL JUEZ,Torrent,46909,"Valencia,Valencian Community",Spain,EU-EFTA,RM,CP,N,,CP - Cutting Plant,,
10.11477/SA,"CELSO BLAZQUEZ, S. L.",CARRETERA PIEDRAHITA S/N KM. 0,Alaraz,37312,"Salamanca,Castile and León",Spain,EU-EFTA,RM,CP,N,,CP - Cutting Plant,,
10.10333/M,"CENTRAL DE CARNES MADRID NORTE, S.A.","CR. DE VILLAVERDE A VALLECAS, KM. 3,800",Madrid,28053,"Community of Madrid,Community of Madrid",Spain,EU-EFTA,RM,CP,N,,CP - Cutting Plant,,
10.025120/M,CENTRAL DE CARNES PREMIUM S.A.,CL. EJE 3-18 Nº 10 PARC. B.3.3.1 MERCAMADRID,Madrid,28053,"Community of Madrid,Community of Madrid",Spain,EU-EFTA,RM,CP,N,,CP - Cutting Plant,,
10.22301/SA,CESAR NIETO GROUP S.L,"C/ SIERRA VENTOSA Nº22, POL AGROALIMENTARIO I-3",Guijuelo,37770,"Salamanca,Castile and León",Spain,EU-EFTA,RM,CP,N,,CP - Cutting Plant,,
10.06556/SA,"CHACA CAMPILLO, S. L.",CALLE CAMILO JOSE CELA Nº11,Campillo de Salvatierra,37778,"Salamanca,Castile and León",Spain,EU-EFTA,RM,CP,N,,CP - Cutting Plant,,
10.21342/SA,"CHACINAS IBERICAS DE LOS SANTOS, S. L.",C/ CHORRITO Nº 2. POLIG. IND.,Los Santos,37768,"Salamanca,Castile and León",Spain,EU-EFTA,RM,CP,N,,CP - Cutting Plant,,
10.01437/CR,"CHACINAS PERFECTO, S.A.","C/ CONVENTO, 12",La Solana,13240,"Ciudad Real,Castile-La Mancha",Spain,EU-EFTA,RM,CP,N,,CP - Cutting Plant,,
10.02480/SA,"CHACINERIAS DIAZ, S. A.",POLIGONO INDUSTRIAL CASTELLANOS DE MORISCOS 505,Castellanos de Moriscos,37439,"Salamanca,Castile and León",Spain,EU-EFTA,RM,CP,N,,CP - Cutting Plant,,
10.22385/AV,"CHAPTER ONE EVENTS, S.L.","""C/ VALENCIA, PARCELA 21 POLIG. IND. VICOLOZANO""",Ávila,05194,"Ávila,Castile and León",Spain,EU-EFTA,RM,CP,N,,CP - Cutting Plant,,
10.05269/PO,"CHORIZOS GALICIA, S.L.","C/ LIBOREI, Nº 3 - S.VICENTE DE CERPONZONES",Pontevedra,36003,"Pontevedra,Galicia",Spain,EU-EFTA,RM,CP,N,,CP - Cutting Plant,,
10.21483/SA,"CIPRIANO HERNANDEZ, S. A.","""C/ VERTICAL OCTAVA, 4 POLIG. IND. EL MONTALVO III""",Carbajosa de la Sagrada,37188,"Salamanca,Castile and León",Spain,EU-EFTA,RM,CP,N,,CP - Cutting Plant,,
10.07642/BA,CLAJESA IBERICA S.L,"LAS MORERAS, S/N",Monesterio,06260,"Badajoz,Extremadura",Spain,EU-EFTA,RM,SH,Y,,SH - Slaughterhouse,,
10.12832/B,CODESGRA MEAT SL,MONTSENY 31-33 P.I. RAMASSAR,Granollers,08402,"Barcelona,Catalonia",Spain,EU-EFTA,RM,CP,N,,CP - Cutting Plant,,
10.18411/MA,COMERCIAL ANDALUZA SUCRE S.L.,CARRIL DE MONTAÑEZ Nº 20,Málaga,29004,"Malaga,Andalusia",Spain,EU-EFTA,RM,CP,N,,CP - Cutting Plant,,
10.03377/MA,COMERCIAL CARNES DEL GUADALHORCE S.L.,CARRETERA COIN-ALHAURIN GRANDE KM 1.2,Coín,29100,"Malaga,Andalusia",Spain,EU-EFTA,RM,CP,N,,CP - Cutting Plant,,
10.04638/H,COMERCIAL JABU S.L.,CALLE MARQUES DE ARACENA Nº1,El Repilado-Los Romeros (Jabugo),21360,"Huelva,Andalusia",Spain,EU-EFTA,RM,CP SH,Y,,CP - Cutting Plant | SH - Slaughterhouse,,
10.17463/Z,COMERCIAL PRODUCTOS PORCINOS SECUNDARIOS S.A,P.I. EL CAMPILLO 75,Zuera,50800,"Zaragoza,Aragon",Spain,EU-EFTA,RM,CP,N,,CP - Cutting Plant,,
10.22660/LO,"COMERCIAL SANCHEZ BALDERO, S.L.",C/ RINCON DE SOTO,Alfaro,26540,"Rioja,Rioja",Spain,EU-EFTA,RM,CP,N,,CP - Cutting Plant,,
10.24071/AV,"COMERCIALIZADORA DE VACUNO SELECTO AVILEÑO NEGRO IBERICO, S. COOP.","C/ RIO CEA, 1-66/68",Ávila,05004,"Ávila,Castile and León",Spain,EU-EFTA,RM,CP,N,,CP - Cutting Plant,,
10.11725/SG,"COMERCIALIZADORA PEDRO GOMEZ, S.L.","""AVDA. SEGOVIA Nº 13 POLIG. IND. HONTORIA, PARCELA 127""",Hontoria,40195,"Segovia,Castile and León",Spain,EU-EFTA,RM,CP,N,,CP - Cutting Plant,,
10.08088/GR,COMERCIALIZADORA SEGUREÑA S.C.A,"P.I. LA ENCANTADA, PARCELA 112 MATADERO",Huéscar,18830,"Granada,Andalusia",Spain,EU-EFTA,RM,CP SH,Y,,CP - Cutting Plant | SH - Slaughterhouse,,
10.23636/LE,"COMERCIO Y DISTRIBUCION DE ALIMENTOS EL LLANO, S.L.","CTRA. NACIONAL 630, KM 158",Viloria de la Jurisdicción,24231,"León,Castile and León",Spain,EU-EFTA,RM,CP,N,,CP - Cutting Plant,,
ES370462000021 / 10.08378/SA,"COMPLEJO AGROALIMENTARIO BEJAR, S. L.",POLIGONO INDUSTRIAL EL GUIJARRAL,Béjar,37700,"Salamanca,Castile and León",Spain,EU-EFTA,RM,CP,N,,CP - Cutting Plant,,
10.029133/SA ES370462000021,"COMPLEJO AGROALIMENTARIO DE BEJAR, S.L.","POLIGONO INDUSTRIAL EL GUIJARRAL, NAVE 1",Béjar,37700,"Salamanca,Castile and León",Spain,EU-EFTA,RM,SH,Y,porcine bovine ovine caprine,SH - Slaughterhouse,,
10.028719/BA,COMPLEJO DEL IBÉRICO DE EXTREMADURA S.L.,"CTRA. EX -101 KM 9,5 06300",Zafra,06300,"Badajoz,Extremadura",Spain,EU-EFTA,RM,CP SH,Y,,CP - Cutting Plant | SH - Slaughterhouse,,
ES061580000713,COMPLEJO DEL IBÉRICO DE EXTREMADURA SL,"CTRA. EX101, KM 9,5",Zafra,06300,"Badajoz,Extremadura",Spain,EU-EFTA,RM,SH,Y,,SH - Slaughterhouse,,
10.11045/SG,"COMPRA VENTA DE COCHINILLOS HERMANOS MARIA MORENO, S. L.",CALLE SOL Nº18,Abades,40141,"Segovia,Castile and León",Spain,EU-EFTA,RM,CP,N,,CP - Cutting Plant,,
10.024527/BU,"CONBONI ALIMENTACION, S.L.","C/ CASTRILLO, PARCELA 71",Salas de los Infantes,09600,"Burgos,Castile and León",Spain,EU-EFTA,RM,CP,N,,CP - Cutting Plant,,
10.13651/CR,"CONSERVAS HUERTAS MUÑOZ, S.L.","AUTOVIA DE ANDALUCIA, KM. 217",Santa Cruz de Mudela,13730,"Ciudad Real,Castile-La Mancha",Spain,EU-EFTA,RM,CP,N,,CP - Cutting Plant,,
10.15858/TO,CONSORCIO CÁRNICO MARTÍN,"CAMINO DEL ALAMO, 2",Valmojado,45940,"Toledo,Castile-La Mancha",Spain,EU-EFTA,RM,CP,N,,CP - Cutting Plant,,
10.02832/CR,"CONSUEGRA BECERRA, ANTONIO MARTIN","CALIXTO HORNEDO, 28",Daimiel,13250,"Ciudad Real,Castile-La Mancha",Spain,EU-EFTA,RM,CP,N,,CP - Cutting Plant,,
10.01830/GE,COOPECARN GIRONA SLU,"CT Girona - Sant Feliu de Guíxols, 92,",Quart,17242,"Girona,Catalonia",Spain,EU-EFTA,RM,CP,N,,CP - Cutting Plant,,
10.06636/GE,COOPECARN GIRONA SLU,"CT C-65, Km 25",Quart,17242,"Girona,Catalonia",Spain,EU-EFTA,RM,CP,N,,CP - Cutting Plant,,
10.21461/GR,CORDERO SEGUREÑO S.L.,POLIGONO LA ENCANTADA (MATADERO),Huéscar,18830,"Granada,Andalusia",Spain,EU-EFTA,RM,CP,N,,CP - Cutting Plant,,
10.21873/BU,"CORDEROS LECHALES GALINDO, S. L.",CALLE VALLADOLID S/N POLIGONO INDUSTRIAL ALLENDEDUERO 3ª P 51,Aranda de Duero,09400,"Burgos,Castile and León",Spain,EU-EFTA,RM,CP,N,,CP - Cutting Plant,,
10.03948/L,"CORPORACION ALIMENTARIA GUISSONA,S.A.","Av. Verge del Claustre, 73",Guissona,25210,"Lleida,Catalonia",Spain,EU-EFTA,RM,CP SH,Y,,CP - Cutting Plant | SH - Slaughterhouse,,
10.11297/GU,"CORTIJO VILLARIN, SL.","CTRA. ARMUÑA-BRIHUEGA (CM-2005), POLIGONO INDUSTRIAL BRIHUEGA KM 3.800 SECTOR 55 ORGASA",Brihuega,19400,"Guadalajara,Castile-La Mancha",Spain,EU-EFTA,RM,SH,Y,caprine ovine,SH - Slaughterhouse,,
10.07986/B,"COSTA FOOD MEAT, S.L.","Polígon Industrial Malloles, CR Sant Llorenç Desmunts, 40",Vic,08500,"Barcelona,Catalonia",Spain,EU-EFTA,RM,CP,N,,CP - Cutting Plant,,
10.09646/AV,"COSTUMERO, S. L.","C/ RIO TERA, 17, PARCELA A, POLIGONO INDUSTRIAL LAS HERVENCIAS",Ávila,05004,"Ávila,Castile and León",Spain,EU-EFTA,RM,CP,N,,CP - Cutting Plant,,
10.03779/J,CUIDATE Y COME S.L.,CMNO REAL S/N,Chilluévar,23311,"Jaén,Andalusia",Spain,EU-EFTA,RM,CP,N,,CP - Cutting Plant,,
10.07124/V,Carnes Felix SA,Ctra. Valencia-Alicante Km 280,Albal,46470,"Valencia,Valencian Community",Spain,EU-EFTA,RM,CP,N,,CP - Cutting Plant,,
10.08394/OR,Carnicas de Feces SL,"POLIGONO INDUSTRIAL DE PAZOS S/N, VERIN, OURENSE. CP32619",Verín,32619,"Ourense,Galicia",Spain,EU-EFTA,RM,SH,Y,bovine porcine,SH - Slaughterhouse,,
10.06744/B,CÀRNIQUES AUSA SL,"CT C-17, Km. 83",Montesquiu,08589,"Barcelona,Catalonia",Spain,EU-EFTA,RM,CP,N,,CP - Cutting Plant,,
10.17097/AB,"CÁRNICAS CORTÉS BERMÚDEZ, S.L.L.","C/ VASCO NUÑEZ DE BALBOA, 14",Albacete,02001,"Albacete,Castile-La Mancha",Spain,EU-EFTA,RM,CP,N,,CP - Cutting Plant,,
10.025341/MA,CÁRNICAS COVIHER S.L,"CALLE CASERIA DEL REY Nº 10, POLIGONO URBANO INDUSTRIAL Nº 1",Mollina,29532,"Malaga,Andalusia",Spain,EU-EFTA,RM,CP,N,,CP - Cutting Plant,,
10.14959/SE,CÁRNICAS COVIHER S.L,CNO. DE LOS ALMADENES S/N,Los Corrales,41657,"Seville,Andalusia",Spain,EU-EFTA,RM,SH,Y,,SH - Slaughterhouse,,
10.028488/SE,CÁRNICAS COVIHER S.L,CALLE REPLA Nº3,Los Corrales,41657,"Seville,Andalusia",Spain,EU-EFTA,RM,CP,N,,CP - Cutting Plant,,
10.19019/SS,"CÁRNICAS LUISMI, S.L.","San Marcos (Carretera/Errepidea) , Num: 32, PABELLON INDUSTRIAL PAVINSA - PASAIA - 20110 - Gipuzkoa",Pasaia,20110,"Gipuzkoa,Basque Country",Spain,EU-EFTA,RM,CP,N,,CP - Cutting Plant,,
10.15901/TO,"CÁRNICAS MANJARRES, SL.","C/ MURILLO, 19, BAJO",Torrijos,45500,"Toledo,Castile-La Mancha",Spain,EU-EFTA,RM,CP,N,,CP - Cutting Plant,,
10.028935/CC,CÁRNICAS VALMORISCO S.L.,POLÍGONO EL RODEO N.° 3 10137,Alía,10137,Extremadura,Spain,EU-EFTA,RM,CP,N,,CP - Cutting Plant,,
10.025343/CO,DCJ BUENA CARNE S.L.,"CALLE DEL MUEBLE, 66. POL. IND. LA VIÑUELA",Lucena,14900,"Cordova,Andalusia",Spain,EU-EFTA,RM,CP,N,,CP - Cutting Plant,,
10.027950/LE,"DE OMAÑA AL MUNDO, S.L.",CALLE BARRIO DE DIOS Nº: 5,Murias de Paredes,24130,"León,Castile and León",Spain,EU-EFTA,RM,CP,N,,CP - Cutting Plant,,
10.13544/SA,"DEHESA GARCIA, S. L.",CALLE CORRAL DE CONCEJO Nº6,Guijuelo,37770,"Salamanca,Castile and León",Spain,EU-EFTA,RM,CP,N,,CP - Cutting Plant,,
ES373762000081 / 10.05832/SA,"DEHESA GRANDE, S. L.",S/N KM. 0 CARRETERA MORONTA,Vitigudino,37210,"Salamanca,Castile and León",Spain,EU-EFTA,RM,CP SH,Y,bovine caprine porcine ovine,CP - Cutting Plant | SH - Slaughterhouse,,
10.029438/CO,DEHESA JAROTA S.L.,"CALLE OLIVO, 31",Villanueva de Córdoba,14440,"Cordova,Andalusia",Spain,EU-EFTA,RM,CP,N,,CP - Cutting Plant,,
10.15645/TO,"DEL CAMPO A LA PARRILLA, S.L.","C/ JARAMA (MERCADO DE MAYORISTAS, NAVE A-1 Y 3)",Toledo,45007,"Toledo,Castile-La Mancha",Spain,EU-EFTA,RM,CP,N,,CP - Cutting Plant,,
ES471650000187 / 10.026820/VA,"DEOVINO, S.L.","C/ AVENA, 2 PARQUE EMPRESARIAL DE TORDESILLAS",Tordesillas,47100,"Valladolid,Castile and León",Spain,EU-EFTA,RM,CP SH,Y,,CP - Cutting Plant | SH - Slaughterhouse,,
10.14997/TO,"DERAZA IBERICO, S.L.","C/ GÜTEMBERG, S/N (P.I. TORREHIERRO)",Talavera de la Reina,45600,"Toledo,Castile-La Mancha",Spain,EU-EFTA,RM,CP,N,,CP - Cutting Plant,,
10.19226/SG,"DERIVADOS MALLORCAR, S. L.",CALLE CANTARRANAS Nº28,Madrona,40154,"Segovia,Castile and León",Spain,EU-EFTA,RM,CP,N,,CP - Cutting Plant,,
10.06733/CO,DESPIECES IBERSUR S.L.,"CARRETERA FERNAN NUÑEZ, S/N",La Rambla,14540,"Cordova,Andalusia",Spain,EU-EFTA,RM,CP,N,,CP - Cutting Plant,,
10.03462/MA,DIFRESCON S.L.,CALLE ALGATOCIN Nº 9 P.I. AZUCARERA,Málaga,29004,"Malaga,Andalusia",Spain,EU-EFTA,RM,CP,N,,CP - Cutting Plant,,
10.025735/P,"DISCAREMA, S.L.","""C/ TORNEROS Nº 3, PARCELA 127 POLIG. IND. SAN ANTOLIN""",Palencia,34004,"Palencia,Castile and León",Spain,EU-EFTA,RM,CP,N,,CP - Cutting Plant,,
10.029014/M,"DISCARLUX, S.L.","Calle Luis I, 7",Madrid,28031,"Community of Madrid,Community of Madrid",Spain,EU-EFTA,RM,CP,N,,CP - Cutting Plant,,
10.20201/M,"DISCARLUX, S.L.",CL. PROVISIONAL POLÍGONO INDUSTRIAL DE VALLECAS DOS Nº 2 NV7,Madrid,28031,"Community of Madrid,Community of Madrid",Spain,EU-EFTA,RM,CP,N,,CP - Cutting Plant,,
10.028460/MA,DISCARMA,CALLE WILCHES CORTIJO CECILIA,Torrox,29793,"Malaga,Andalusia",Spain,EU-EFTA,RM,CP,N,,CP - Cutting Plant,,
10.008135/MA,DISCARSOL S.L.,Calle Alcalde Segalerva Sierra nº 2.,Málaga,29006,"Malaga,Andalusia",Spain,EU-EFTA,RM,CP,N,,CP - Cutting Plant,,
10.15556/SA,"DISJUGA, S.L.U.","""C/ RUBIERA, 46 POLIGONO INDUSTRIAL LOS VILLARES""",Villares de la Reina,37184,"Salamanca,Castile and León",Spain,EU-EFTA,RM,CP,N,,CP - Cutting Plant,,
10.07896/M,DISTRIBUCION DE ALIMENTOS PERECEDEROS S.A.,"C/ EJE 3-11, N. 6 A-1, MODULO I-3, MERCADO DE CARNES MERCAMADRID",Madrid,28053,"Community of Madrid,Community of Madrid",Spain,EU-EFTA,RM,CP,N,,CP - Cutting Plant,,
10.07104/AB,"DISTRIBUCIONES AVICOLAS NAVARRO, S.L",POLÍGONO INDUSTRIAL SAN RAFAEL C/ MALTA Nº 12,Hellín,02400,"Albacete,Castile-La Mancha",Spain,EU-EFTA,RM,CP,N,,CP - Cutting Plant,,
10.15502/CR,DISTRIBUCIONES CANUTO 09 SL,"TRAVESIA CORREDERAS, 8 BJ",Valdepeñas,13300,"Ciudad Real,Castile-La Mancha",Spain,EU-EFTA,RM,CP,N,,CP - Cutting Plant,,
10.025740/CR,"DISTRIBUCIONES CARNICAS PARALIMENT, SOCIEDAD LIMITADA.","C/ FELIPE, II, 4",Ciudad Real,13005,"Ciudad Real,Castile-La Mancha",Spain,EU-EFTA,RM,CP,N,,CP - Cutting Plant,,
10.027341/CO,DISTRIBUCIONES CHACON S.L.,"CALLE INGENIERO JUAN DE LA CIERVA, NAVE 4",La Carlota,14100,"Cordova,Andalusia",Spain,EU-EFTA,RM,CP,N,,CP - Cutting Plant,,
10.029278/MA,DISTRIBUCIONES DISESA COSTA DEL SOL SL,CALLE EBANISTA N1 12 LETRA G POLIGONO INDUSTRIAL LA DEHESILLA,Manilva,29691,"Malaga,Andalusia",Spain,EU-EFTA,RM,CP,N,,CP - Cutting Plant,,
10.17624/CA,DISTRIBUCIONES FRAMOHE S.L.U.,"POL. MERCAJEREZ, NAVE POLIV. MOD. B-C",شريش,11408,"Cádiz,Andalusia",Spain,EU-EFTA,RM,CP,N,,CP - Cutting Plant,,
10.23917/C,DISTRIBUCIONES JOSONI SL,"POLIGONO INDUSTRIAL DE XARAS, CARRETERA",Ribeira,15960,"A Coruña,Galicia",Spain,EU-EFTA,RM,SH,Y,,SH - Slaughterhouse,,
10.028154/J,DISTRIBUCIONES MERINO SOTO S.L.,CALLE POETA JOSE JURADO MORALES 16,Linares,23700,"Jaén,Andalusia",Spain,EU-EFTA,RM,CP,N,,CP - Cutting Plant,,
10.025778/GR,DISTRIBUCIONES PLATA GRANADA S.L.,"CALLE ZAMORA POLÍGONO TECNOLÓGICO, NAVES 114-115-116",Ogíjares,18151,"Granada,Andalusia",Spain,EU-EFTA,RM,CP,N,,CP - Cutting Plant,,
10.029239/AB,DISTRIBUIDORA AVINACE SOCIEDAD LIMITADA,"CARRETERA HELLIN ALMANSA, 17",Albatana,02653,"Albacete,Castile-La Mancha",Spain,EU-EFTA,RM,CP,N,,CP - Cutting Plant,,
10.17021/CO,DISTRIBUIDORA JAROTA DE CARNES S.L.,POLIGONO CARNICO S/N,Villanueva de Córdoba,14440,"Cordova,Andalusia",Spain,EU-EFTA,RM,CP,N,,CP - Cutting Plant,,
10.21770/SG,"DOMINGO DE PEDRO MORENO E HIJOS, S. L.",CARRETERA SG-P.2322 KM.17 POLIGONO 3,La Matilla,40175,"Segovia,Castile and León",Spain,EU-EFTA,RM,CP,N,,CP - Cutting Plant,,
10.14073/CC,E.A. GROUP S.C.,"CTRA EX104 KM 4,8 06700 - VILLANUEVA DE LA SERENA - 06 - Badajoz",Villanueva de la Serena,06700,"Badajoz,Extremadura",Spain,EU-EFTA,RM,CP SH,Y,,CP - Cutting Plant | SH - Slaughterhouse,,
10.14444/BA,EA GROUP S.C.,"CTRA EX104 KM 4,800 06700 - VILLANUEVA DE LA SERENA - 06700 - Badajoz",Villanueva de la Serena,06700,"Badajoz,Extremadura",Spain,EU-EFTA,RM,CP SH,Y,,CP - Cutting Plant | SH - Slaughterhouse,,
ES450410000025,EL ARENAL,ES450410000025,Casarrubios del Monte,45950,"Toledo,Castile-La Mancha",Spain,EU-EFTA,RM,SH,Y,,SH - Slaughterhouse,,
10.028940/TO,"EL CANDIL, CB","C/ MORERA, 25",Portillo de Toledo,45512,"Toledo,Castile-La Mancha",Spain,EU-EFTA,RM,CP,N,,CP - Cutting Plant,,
ES400320000018 / 10.10636/SG,"EL COCHINILLO SEGOVIANO, S.L.","C/ SALAMANCA S/N. PARC. 25, 26, 27 Y 28 POLIGONO INDUSTRIAL BOCEGUILLAS""",Boceguillas,40560,"Segovia,Castile and León",Spain,EU-EFTA,RM,SH CP,Y,porcine,SH - Slaughterhouse | CP - Cutting Plant,,
10.03411/H,EL COSO ANDALUZ SL,CALLE JUAN RAMON JIMENEZ 71,Santa Olalla del Cala,21260,"Huelva,Andalusia",Spain,EU-EFTA,RM,CP,N,,CP - Cutting Plant,,
10.08006/SA,"EL COTO RAMOS, S. A","CAMINO RONJUDIO-VALDECABRILLAS, S/N",Guijuelo,37770,"Salamanca,Castile and León",Spain,EU-EFTA,RM,CP,N,,CP - Cutting Plant,,
ES100190000090,EL ENCINAR DE HUMIENTA S.A. MATADERO DE ALMARAZ,Carretera de Saucedilla s/n,Almaraz,10350,"Cáceres,Extremadura",Spain,EU-EFTA,RM,SH,Y,,SH - Slaughterhouse,,
10.026266/M,EL ENCINAR DE HUMIENTA SA,"MERCAMADRID CARRETERA VILLAVERDE - VALLECAS KM 3,8 PARCELA J",Madrid,28053,"Community of Madrid,Community of Madrid",Spain,EU-EFTA,RM,CP,N,,CP - Cutting Plant,,
10.17752/CC,"EL ENCINAR DE HUMIENTA, S.A.","CTRA SAUCEDILLA KM 0,5 Almaraz 10350 (Cáceres)",Almaraz,10350,"Cáceres,Extremadura",Spain,EU-EFTA,RM,CP SH,Y,bovine,CP - Cutting Plant | SH - Slaughterhouse,,
10.028775/MU,"EL MORENO GLOBAL, S.L","CTRA. LIBRILLA-FUENTE LIBRILLA, KM 7,3 BARQUEROS",Murcia,30179,"Region of Murcia,Region of Murcia",Spain,EU-EFTA,RM,CP,N,,CP - Cutting Plant,,
10.13078/CR,"EL OBRADOR DE LA MANCHA, S.L.","GARCIA MORATO, 7",Pedro Muñoz,13620,"Ciudad Real,Castile-La Mancha",Spain,EU-EFTA,RM,CP,N,,CP - Cutting Plant,,
10.03449/CU,EL PIÑONERO REGIDOR S.A.,"C/ HERNAN CORTES, NÚM. 5, ESQUINA N-310",San Clemente,16600,"Cuenca,Castile-La Mancha",Spain,EU-EFTA,RM,CP,N,,CP - Cutting Plant,,
10.15249/H,ELABORADOS CARNICOS DEL CONDADO INFANTE SLL,AVENIDA VILLARRASA 15,Rociana del Condado,21710,"Huelva,Andalusia",Spain,EU-EFTA,RM,CP,N,,CP - Cutting Plant,,
10.20735/V,ELABORADOS CARNICOS MEDINA S.A.U.,SECTOR 2 MANZANA 5 Pol INDUSTRIAL EL RINCON,Buñol,46360,"Valencia,Valencian Community",Spain,EU-EFTA,RM,CP SH,Y,,CP - Cutting Plant | SH - Slaughterhouse,,
10.01672/MU,ELPOZO ALIMENTACION S.A.,"AVDA. ANTONIO FUERTES, 1 - APDO. 12",Alhama de Murcia,30840,"Region of Murcia,Region of Murcia",Spain,EU-EFTA,RM,SH CP,Y,,SH - Slaughterhouse | CP - Cutting Plant,,
10.13486/B,EMBOTITS ESPINA SAU,"CR Mas de la Mora, Parcel·la, 36",Vic,08500,"Barcelona,Catalonia",Spain,EU-EFTA,RM,CP,N,,CP - Cutting Plant,,
10.04365/GE,EMBOTITS VILANOVA SL,C/SALA S/N,Tortellà,17853,"Girona,Catalonia",Spain,EU-EFTA,RM,CP SH,Y,bovine caprine ovine,CP - Cutting Plant | SH - Slaughterhouse,,
10.18382/BU,"EMBUTIDOS ARTESANOS DE VILLAFUERTES, S.L.",CALLE LAVADEROS Nº7,Villafuertes,09339,"Burgos,Castile and León",Spain,EU-EFTA,RM,CP,N,,CP - Cutting Plant,,
10.22454/LE,EMBUTIDOS ARTESANOS LAS CUMBRES S.L.,CARRETERA MADRID-CORUÑA S/N KM. 0,Pradorrey,24714,"León,Castile and León",Spain,EU-EFTA,RM,CP,N,,CP - Cutting Plant,,
10.21631/TO,"EMBUTIDOS ARTESANOS SIERRA DE SAN VICENTE, S.L","CAMINO DEL ATAJO, S/N (PARAJE FUENTE DE DON SIMON)",Hinojosa de San Vicente,45645,"Toledo,Castile-La Mancha",Spain,EU-EFTA,RM,CP,N,,CP - Cutting Plant,,
10.00274/GU,EMBUTIDOS ATIENZA S.L.,"C/ PARAJE LAS LAGUNILLAS, S/N ( CTRA. C 110, KM.50.400)",Atienza,19270,"Guadalajara,Castile-La Mancha",Spain,EU-EFTA,RM,CP SH,Y,ovine porcine caprine,CP - Cutting Plant | SH - Slaughterhouse,,
10.01433/CO,EMBUTIDOS CABALLERO S.L.,"POLIGONO INDUSTRIAL QUEMADAS, PARC. 41",Córdoba,14014,"Cordova,Andalusia",Spain,EU-EFTA,RM,CP,N,,CP - Cutting Plant,,
10.00981/CO,EMBUTIDOS CAMILO RIOS S.L.,"CALLE GARABITO, 4",Fuente Obejuna,14290,"Cordova,Andalusia",Spain,EU-EFTA,RM,CP,N,,CP - Cutting Plant,,
ES240892000021 / 10.06981/LE,"EMBUTIDOS CARRACEDO LLAMAS, S. L.",CAMINO DE LOS DEPOSITOS DE AGUA S/N,Oteruelo de la Valdoncina,24009,"León,Castile and León",Spain,EU-EFTA,RM,SH CP,Y,bovine,SH - Slaughterhouse | CP - Cutting Plant,,
10.02584/AB,"EMBUTIDOS CARRILLO, S.L.","CTRA. DE TOBARRA, 7",Cordovilla,02513,"Albacete,Castile-La Mancha",Spain,EU-EFTA,RM,CP,N,,CP - Cutting Plant,,
10.19745/VA,"EMBUTIDOS CAÑIBANO COLLANTES, S.L.",CALLE BODEGAS Nº: 2,Bolaños de Campos,47675,"Valladolid,Castile and León",Spain,EU-EFTA,RM,CP,N,,CP - Cutting Plant,,
ES470350220311 / 10.07148/VA,"EMBUTIDOS DE CARPIO, S. L.",S/N KM. 26 CARRETERA ALAEJOS - ATAQUINES KM. 26,Carpio,47470,"Valladolid,Castile and León",Spain,EU-EFTA,RM,CP SH,Y,,CP - Cutting Plant | SH - Slaughterhouse,,
10.03001/SA,"EMBUTIDOS DUQUE, S. L.",CALLE CORREO Nº17,El Bodón,37520,"Salamanca,Castile and León",Spain,EU-EFTA,RM,CP,N,,CP - Cutting Plant,,
10.14257/GR,EMBUTIDOS EL CANDELON S.L.,CALLE SAN MARCOS 57,Motril,18600,"Granada,Andalusia",Spain,EU-EFTA,RM,CP,N,,CP - Cutting Plant,,
10.13270/GU,"EMBUTIDOS EL DONCEL, S.A.","CTRA. DE GUIJOSA, KM. 1",Sigüenza,19250,"Guadalajara,Castile-La Mancha",Spain,EU-EFTA,RM,CP,N,,CP - Cutting Plant,,
10.16567/SG,"EMBUTIDOS EL ENEBRAL, S. A.","CARRETERA SEGOVIA, KM. 0'6",El Arenal,40176,"Segovia,Castile and León",Spain,EU-EFTA,RM,SH CP,Y,,SH - Slaughterhouse | CP - Cutting Plant,,
10.14028/GR,EMBUTIDOS EL FIFO S.L.,PLACETA DE LOSS BACAS 2,Guadix,18500,"Granada,Andalusia",Spain,EU-EFTA,RM,CP,N,,CP - Cutting Plant,,
10.10313/J,EMBUTIDOS EL PIPI S.L.,CALLE SAN VICENTE 6,Vilches,23220,"Jaén,Andalusia",Spain,EU-EFTA,RM,CP,N,,CP - Cutting Plant,,
ES491780220111 / 10.02412/ZA,"EMBUTIDOS EL TURISTA, S. L.",CARRETERA HINIESTA S/N KM. 0,Roales,49192,"Zamora,Castile and León",Spain,EU-EFTA,RM,CP SH,Y,porcine,CP - Cutting Plant | SH - Slaughterhouse,,
10.02674/BA,EMBUTIDOS FARCEDO S.L.,HNAS. GOMEZ HOLGUIN 8 - HORNACHOS - 06228 - Badajoz,Hornachos,06228,"Badajoz,Extremadura",Spain,EU-EFTA,RM,CP,N,,CP - Cutting Plant,,
ES370100220031 / 10.04664/SA,"EMBUTIDOS FERMIN, S. L.","CARRETERA SALAMANCA S/N KM. 77,3",La Alberca,37624,"Salamanca,Castile and León",Spain,EU-EFTA,RM,CP SH,Y,porcine,CP - Cutting Plant | SH - Slaughterhouse,,
10.21846/SA,"EMBUTIDOS FERMIN, S. L.",POLIGONO INDUSTRIAL LAS NAVAS 21,Tamames,37600,"Salamanca,Castile and León",Spain,EU-EFTA,RM,CP,N,,CP - Cutting Plant,,
10.23635/SA,"EMBUTIDOS FILI, S.L.","""CARRETERA DE PIEDRAHITA, S/N POLIGONO 506, PARCELA 7""",Navales,37882,"Salamanca,Castile and León",Spain,EU-EFTA,RM,CP,N,,CP - Cutting Plant,,
10.00419/GR,EMBUTIDOS GARCIA LIZANA S.L.,AVENIDA ANDALUCIA Nº93 POL. IND. MANZANIL,Loja,18300,"Granada,Andalusia",Spain,EU-EFTA,RM,CP SH,Y,,CP - Cutting Plant | SH - Slaughterhouse,,
10.04.601/LO,EMBUTIDOS GARMAN S.L.,"Ctra Alesón - Manjarrés, Km 1,7",Manjarrés,26371,"Rioja,Rioja",Spain,EU-EFTA,RM,CP SH,Y,porcine,CP - Cutting Plant | SH - Slaughterhouse,,
10.14826/CO,EMBUTIDOS HERMANOS RODRIGUEZ GUILLEN S.L.,"CALLE PEPE JIMENEZ, S/N",Rute,14960,"Cordova,Andalusia",Spain,EU-EFTA,RM,CP,N,,CP - Cutting Plant,,
10.09433/LE,EMBUTIDOS J. FERNANDEZ S. L.,PLAZA SAN JUAN Nº1,Valderas,24220,"León,Castile and León",Spain,EU-EFTA,RM,CP,N,,CP - Cutting Plant,,
10.18087/CR,"EMBUTIDOS LA ANISIA, S.L.","C/ PIZARRO, 7",Tomelloso,13700,"Ciudad Real,Castile-La Mancha",Spain,EU-EFTA,RM,CP,N,,CP - Cutting Plant,,
10.001337/AV,"EMBUTIDOS LA SERROTA, S.L.",C/ ADOLFO SUAREZ S/N. POLIG. IND. PARCELAS 22-23,Solosancho,05130,"Ávila,Castile and León",Spain,EU-EFTA,RM,CP,N,,CP - Cutting Plant,,
10.03291/PO,EMBUTIDOS LALINENSE S.L.,AGRUCHAVE 16 LALIN,Lalín,36500,"Pontevedra,Galicia",Spain,EU-EFTA,RM,CP,N,,CP - Cutting Plant,,
10.02750/J,EMBUTIDOS NOALEJO S.L.,CALLE MONTILLA 44,Noalejo,23140,"Jaén,Andalusia",Spain,EU-EFTA,RM,CP,N,,CP - Cutting Plant,,
10.14507/VA,"EMBUTIDOS OLANDIA-NANCLARES, S. L.",CALLE CRUZ Nº1,Bolaños de Campos,47675,"Valladolid,Castile and León",Spain,EU-EFTA,RM,CP,N,,CP - Cutting Plant,,
10.21289/MA,EMBUTIDOS PELAEZ S.L.,CALLE NUEVA N.º 65,Archidona,29300,"Malaga,Andalusia",Spain,EU-EFTA,RM,CP,N,,CP - Cutting Plant,,
ES400410220291 / 10.10298/SG,"EMBUTIDOS POSTIGO, S. A.",CALLE CARRETERA DE PINILLOS S/N,Cantimpalos,40360,"Segovia,Castile and León",Spain,EU-EFTA,RM,CP SH,Y,porcine,CP - Cutting Plant | SH - Slaughterhouse,,
10.06172/ZA,"EMBUTIDOS ROBLES, S. L.",CALLE IGLESIA Nº1,Bermillo de Sayago,49200,"Zamora,Castile and León",Spain,EU-EFTA,RM,CP,N,,CP - Cutting Plant,,
ES241660220481 / 10.03341/LE,"EMBUTIDOS RODRIGUEZ, S. L.","CTRA. LEON 420 KM 2,7",Soto de la Vega,24768,"León,Castile and León",Spain,EU-EFTA,RM,CP SH,Y,porcine,CP - Cutting Plant | SH - Slaughterhouse,,
10.04370/B,EMBUTIDOS SALGOT SA,"CT de Tona, s/n",Seva,08554,"Barcelona,Catalonia",Spain,EU-EFTA,RM,CP,N,,CP - Cutting Plant,,
10.14954/ZA,"EMBUTIDOS SANCHEZ MARBAN, C.B.",CALLE SANTA CATALINA DE SIENA Nº12,Toro,49800,"Zamora,Castile and León",Spain,EU-EFTA,RM,CP,N,,CP - Cutting Plant,,
10.08345/LE,EMBUTIDOS SANTA CRUZ DE MONTES S.A.,"POLIGONO INDUSTRIAL BIERZO ALTO, Q 10 Y 11",Bembibre,24318,"León,Castile and León",Spain,EU-EFTA,RM,CP,N,,CP - Cutting Plant,,
10.10181/B,EMBUTIDOS SUBIRATS,"c/Reus, 1 Pol. Ind. La Florida",Mogoda,08130,"Barcelona,Catalonia",Spain,EU-EFTA,RM,CP,N,,CP - Cutting Plant,,
10.06846/O,EMBUTIDOS TARAMUNDI S.L.,AVDA/ DE CUDILLERO S/N PRAVIA,Pravia,33120,"Asturias,Asturias",Spain,EU-EFTA,RM,CP SH,Y,,CP - Cutting Plant | SH - Slaughterhouse,,
10.02082/AB,"EMBUTIDOS TRADICIONALES LA GRANJA, S.L.L.","C/ MORATALLA, 1",Tobarra,02500,"Albacete,Castile-La Mancha",Spain,EU-EFTA,RM,CP,N,,CP - Cutting Plant,,
10.16719/ZA,"EMBUTIDOS VILLAMAYOR DE CAMPOS, S. L.",CARRETERA RIOSECO Nº6,Villamayor de Campos,49131,"Zamora,Castile and León",Spain,EU-EFTA,RM,CP,N,,CP - Cutting Plant,,
10.07885/SA,"EMBUTIDOS Y JAMONES ALTASIERRA, S.L.U.",C/ CAMINO DE FUENTERROBLE S/N,Guijuelo,37770,"Salamanca,Castile and León",Spain,EU-EFTA,RM,CP,N,,CP - Cutting Plant,,
10.14266/SA,"EMBUTIDOS Y JAMONES ANTONIO PEREZ, S. L.",CALLE PILAR SANTIAGO Nº37,Vitigudino,37210,"Salamanca,Castile and León",Spain,EU-EFTA,RM,CP,N,,CP - Cutting Plant,,
10.03090/AB,"EMBUTIDOS Y JAMONES DURO, S.L.","C/ PRINCIPE DE ASTURIAS, Nº 138",Tobarra,02500,"Albacete,Castile-La Mancha",Spain,EU-EFTA,RM,SH CP,Y,bovine,SH - Slaughterhouse | CP - Cutting Plant,,
ES402140220331 / 10.02305/SG,"EMBUTIDOS Y JAMONES HERRANZ, S. L.","CALLE SEGOVIA Nº19 CARRETERA DE SEGOVIA, 19",Valseca,40390,"Segovia,Castile and León",Spain,EU-EFTA,RM,CP SH,Y,porcine,CP - Cutting Plant | SH - Slaughterhouse,,
10.08257/CO,EMBUTIDOS Y JAMONES J. SANCHEZ S.L.,CAMINO PRADOS (LOS) S/N - LOS PRADOS,Priego de Córdoba,14800,"Cordova,Andalusia",Spain,EU-EFTA,RM,CP,N,,CP - Cutting Plant,,
10.09696/ZA,"EMBUTIDOS Y JAMONES LEMA, S. L.",CALLE FUENTE MALA Nº8,Santibáñez de Vidriales,49610,"Zamora,Castile and León",Spain,EU-EFTA,RM,CP,N,,CP - Cutting Plant,,
10.08070/SG,"EMBUTIDOS Y JAMONES SAN IGNACIO MARTINEZ, S. L.",CARRETERA ARANDA Nº2,Navalilla,40331,"Segovia,Castile and León",Spain,EU-EFTA,RM,CP,N,,CP - Cutting Plant,,
10.07818/ZA,"EMBUTIDOS ZAPATERO RAMOS, S.L.",CALLE BODEGAS Nº21 PISO BJ,San Pedro de la Viña,49619,"Zamora,Castile and León",Spain,EU-EFTA,RM,CP,N,,CP - Cutting Plant,,
10.18715/SA,"EMJAMESA, S. L.","POLIGONO INDUSTRIAL EL INESTAL, MANZANA 2 25",Peñaranda de Bracamonte,37300,"Salamanca,Castile and León",Spain,EU-EFTA,RM,CP,N,,CP - Cutting Plant,,
10.23100/SA,"ENMERJOSA,S.L.U.",CALLE ALCALDE JUAN BELEN CELA Nº61 POLIGONO INDUSTRIAL BEJAR,Béjar,37700,"Salamanca,Castile and León",Spain,EU-EFTA,RM,CP,N,,CP - Cutting Plant,,
10.06270/B,ENRIC ROCA SL,POLIGON INDUSTRIAL LA POBLA 18,Súria,08260,"Barcelona,Catalonia",Spain,EU-EFTA,RM,CP,N,,CP - Cutting Plant,,
10.16715/SA,ENRIQUE BRIZ IGLESIAS,"S/N C/ FUENTE EL GUIJO, S/N",Los Santos,37768,"Salamanca,Castile and León",Spain,EU-EFTA,RM,CP,N,,CP - Cutting Plant,,
ES373300220221 / 10.02771/SA,"ENRIQUE GARCIA, S.L.",CALLE CONCORDIA Nº44,Valdecarros,37881,"Salamanca,Castile and León",Spain,EU-EFTA,RM,CP SH,Y,porcine,CP - Cutting Plant | SH - Slaughterhouse,,
10.02410/BA,ERA EL PEÑASCO S.L,POL. IND. EL CEREZO CTRA. N-630 - MONESTERIO - 06260 - Badajoz,Monesterio,06260,"Badajoz,Extremadura",Spain,EU-EFTA,RM,CP,N,,CP - Cutting Plant,,
10.05204/B,ESCORXADOR COMARCAL DEL MOIANES SA,"ZONA INDUSTRIAL, A 437E01 - 10.05204/B",Moià,08180,"Barcelona,Catalonia",Spain,EU-EFTA,RM,SH CP,Y,porcine,SH - Slaughterhouse | CP - Cutting Plant,,
10.08234/GI,"ESCORXADOR DE BREDA, SL","CR SANT FRANCESC, S/N",Breda,17400,"Girona,Catalonia",Spain,EU-EFTA,RM,SH,Y,bovine caprine ovine porcine equine,SH - Slaughterhouse,,
10.06466/B,ESCORXADOR DE SABADELL SA,CR COSTA I DEU 11 MO: 642E01,Sabadell,08205,"Barcelona,Catalonia",Spain,EU-EFTA,RM,SH,Y,,SH - Slaughterhouse,,
10.08224/B,ESCORXADOR FRIGORIFIC D'OSONA SA,"Polígon Industrial Malloles, CR Sant Llorenç Desmunts, s/n MO. 881E05",Vic,08500,"Barcelona,Catalonia",Spain,EU-EFTA,RM,SH,Y,,SH - Slaughterhouse,,
10.027948/GI,ESCORXADOR FRIGORIFIC REIXACH SL,"CR Ter, s/n, parcel.la 7B del III Sector Industrial",Sant Feliu de Buixalleu,17451,"Girona,Catalonia",Spain,EU-EFTA,RM,CP,N,,CP - Cutting Plant,,
10.10943/B,"ESCORXADOR FRIGORÍFIC DE SANT CUGAT DEL VALLÈS, SL",POLÍGON INDUSTRIAL CAN CALOPA CTRA 1413A KM 7,Sant Cugat del Vallès,08190,"Barcelona,Catalonia",Spain,EU-EFTA,RM,SH,Y,,SH - Slaughterhouse,,
10.05907/GE,"ESCORXADOR FRIGORÍFIC REIXACH, SL","C/. GERMANS VALLS, S/N MO. 356E01",Hostalric,17450,"Girona,Catalonia",Spain,EU-EFTA,RM,CP SH,Y,,CP - Cutting Plant | SH - Slaughterhouse,,
10.025994/L,"ESCORXADOR PLA DEL ROS, SL","CTRA. CARDONA A BERGA, KM. 9,6",Navès,25286,"Barcelona,Catalonia",Spain,EU-EFTA,RM,SH CP,Y,porcine,SH - Slaughterhouse | CP - Cutting Plant,,
10.04944/GE,ESCORXADOR VILA DE L'ARMENTERA,RONDA FLUVIANETS,L' Armentera,17472,"Girona,Catalonia",Spain,EU-EFTA,RM,SH,Y,bovine caprine ovine porcine,SH - Slaughterhouse,,
10.17519/CO,ESPAAL FOOD S.L.,"RONDA PAZ (DE LA), S/N",Peñarroya-Pueblonuevo,14200,"Cordova,Andalusia",Spain,EU-EFTA,RM,CP SH,Y,,CP - Cutting Plant | SH - Slaughterhouse,,
10.19744/BA,ESTIRPE NEGRA S.A.,"CTRA EX201 CTRA CALA FREGENAL KM 45,5 - FREGENAL DE LA SIERRA - 06340 - Badajoz",Fregenal de la Sierra,06340,"Badajoz,Extremadura",Spain,EU-EFTA,RM,CP,N,porcine,CP - Cutting Plant,,
10.07810/TO,"EUROCENTRO DE CARNES, S.A.","VEGA DEL PUENTE, S/N",La Puebla de Montalbán,45516,"Toledo,Castile-La Mancha",Spain,EU-EFTA,RM,CP SH,Y,porcine,CP - Cutting Plant | SH - Slaughterhouse,,
10.026444/B,EUROESTRELLAS FRED SL,"Polígon Industrial Plans de la Sala, CR Independència, 2",Sallent,08650,"Barcelona,Catalonia",Spain,EU-EFTA,RM,CP,N,,CP - Cutting Plant,,
10.16750/TO,EVENTOS EBORA SL.,"CAMINO VIEJO DE OROPESA, S/N (POLG. IND. TAFASA)",Talavera de la Reina,45600,"Toledo,Castile-La Mancha",Spain,EU-EFTA,RM,CP,N,,CP - Cutting Plant,,
ES069030000006,EXCMO AYUNTAMIENDO DE GUADIANA,PLAZA DE TOROS,Guadiana del Caudillo,06186,"Badajoz,Extremadura",Spain,EU-EFTA,RM,SH,Y,,SH - Slaughterhouse,,
ES060160001193,EXCMO AYUNTAMIENTO DE BARCARROTA,"PLAZA DE ESPAÑA, 1 PLAZA DE TOROS",Barcarrota,06160,"Badajoz,Extremadura",Spain,EU-EFTA,RM,SH,Y,,SH - Slaughterhouse,,
ES060210000338,EXCMO AYUNTAMIENTO DE BODONAL DE LA SIERRA,ES060210000338 PLAZA DE TOROS,Bodonal de la Sierra,06394,"Badajoz,Extremadura",Spain,EU-EFTA,RM,SH,Y,,SH - Slaughterhouse,,
ES060500000400,EXCMO AYUNTAMIENTO DE FREGENAL DE LA SIERRA,ES060500000400 PLAZA DE TOROS FREGENAL,Fregenal de la Sierra,06340,"Badajoz,Extremadura",Spain,EU-EFTA,RM,SH,Y,,SH - Slaughterhouse,,
ES060700001561,EXCMO AYUNTAMIENTO DE JEREZ DE LOS CABALLEROS,ES060700001561 PLAZA DE TOROS,Jerez de los Caballeros,06380,"Badajoz,Extremadura",Spain,EU-EFTA,RM,SH,Y,,SH - Slaughterhouse,,
ES060930000968,EXCMO AYUNTAMIENTO DE OLIVA DE LA FRONTERA,PLAZA DE TOROS NO PERMANENTE ES060930000968,Oliva de la Frontera,06129,"Badajoz,Extremadura",Spain,EU-EFTA,RM,SH,Y,,SH - Slaughterhouse,,
ES061240000388,EXCMO AYUNTAMIENTO DE SEGURA DE LEÓN,ES061240000388,Segura de León,,"Badajoz,Extremadura",Spain,EU-EFTA,RM,SH,Y,,SH - Slaughterhouse,,
ES061400000209,EXCMO AYUNTAMIENTO DE VALENCIA DEL MOMBUEY,ES061400000209 PLAZA DE TOROS,Valencia del Mombuey,,"Badajoz,Extremadura",Spain,EU-EFTA,RM,SH,Y,,SH - Slaughterhouse,,
ES061540001367,EXCMO AYUNTAMIENTO DE VILLANUEVA DEL FRESNO,ES061540001367,Villanueva del Fresno,06110,"Badajoz,Extremadura",Spain,EU-EFTA,RM,SH,Y,,SH - Slaughterhouse,,
ES061590000641,EXCMO. AYUNTAMIENTO DE ZAHINOS,Plaza de Toros No Permanente ES061590000641,Zahínos,06129,"Badajoz,Extremadura",Spain,EU-EFTA,RM,SH,Y,,SH - Slaughterhouse,,
10.025848/TO,"EXPLOTACION AGROPECUARIA EL TINTO, S.L.","CTRA. CEDILLO DEL CONDADO-LOMINCHAR, KM. 17",Cedillo del Condado,45214,"Toledo,Castile-La Mancha",Spain,EU-EFTA,RM,CP SH,Y,bovine,CP - Cutting Plant | SH - Slaughterhouse,,
10.027001/SA,"EXPLOTACION GANADERA HERGOSAN, S.L.","POLIGONO INDUSTRIAL S 3-11, C/DOLMEN, Nº 29",Guijuelo,37770,"Salamanca,Castile and León",Spain,EU-EFTA,RM,CP,N,,CP - Cutting Plant,,
10.20137/SA,"EXPLOTACION GANADERA HERGOSAN, S.L.",CALLE REINA SOFIA S/N,Ledrada,37730,"Salamanca,Castile and León",Spain,EU-EFTA,RM,CP,N,,CP - Cutting Plant,,
10.18207/TO,"EXPLOTACIONES HERMENEGILDO ARANDA, S.L.","C/ TRAVESÍA REAL, 4",Pulgar,45125,"Toledo,Castile-La Mancha",Spain,EU-EFTA,RM,CP,N,,CP - Cutting Plant,,
10.024648/B,EXPORT EL BRUGUER SLU,"Polígon Industrial Casasses, CR Cantonigros, 14-18",Vic,08500,"Barcelona,Catalonia",Spain,EU-EFTA,RM,CP,N,,CP - Cutting Plant,,
10.028667/BA,EXTREMADURA FLEISCH S.L.,"CARRETERA OLIVENZA-BADAJOZ KM 21,4",Olivenza,06100,"Badajoz,Extremadura",Spain,EU-EFTA,RM,CP SH,Y,bovine caprine ovine,CP - Cutting Plant | SH - Slaughterhouse,,
ES371310220171 / 10.02590/SA,F.E. Y JAMONES BELISARIO BARRIGA S.A.,C/ JARDINES Nº 4,Frades de la Sierra,37766,"Salamanca,Castile and León",Spain,EU-EFTA,RM,CP SH,Y,porcine,CP - Cutting Plant | SH - Slaughterhouse,,
10.11786/SA,"FABRICA DE CARNICAS LA ENCINA, S. L.","S/N CAMINO MARTINAMOR, S/N FINCA LOS CEBADOS",Encinas de Arriba,37892,"Salamanca,Castile and León",Spain,EU-EFTA,RM,CP,N,,CP - Cutting Plant,,
10.15291/MA,FABRICA DE EMBUTIDOS LA COLMENA S.L.,POLIGONO INDUSTRIAL DE COLMENAR S/N,Colmenar,29170,"Malaga,Andalusia",Spain,EU-EFTA,RM,CP,N,,CP - Cutting Plant,,
ES402250220071 / 10.05236/SG,"FABRICA DE EMBUTIDOS LA PRUDENCIA, S.A.","PARAJE DE GONZALVILLO, S/N",Villacastín,40150,"Segovia,Castile and León",Spain,EU-EFTA,RM,CP SH,Y,porcine,CP - Cutting Plant | SH - Slaughterhouse,,
10.19167/H,FABRICA DE EMBUTIDOS Y JAMONES BONILLA & COBOS S.L.,CALLE MARINA ESPAÑOLA 66,Santa Olalla del Cala,21260,"Huelva,Andalusia",Spain,EU-EFTA,RM,CP,N,,CP - Cutting Plant,,
10.027382/LE,"FABRICA DE EMBUTIDOS Y JAMONES EZEQUIEL, S.L.","POLIGONO INDUSTRIAL EL RABIZO, SECTOR SUE 0.9",La Robla,24640,"León,Castile and León",Spain,EU-EFTA,RM,CP,N,,CP - Cutting Plant,,
10.09369/LE,FABRICA EMBUTIDOS Y JAMONES EZEQUIEL.S.L,"S/N KM. 99,5 CARRETERA NACIONAL 630",Villamanín de la Tercia,24680,"León,Castile and León",Spain,EU-EFTA,RM,CP,N,,CP - Cutting Plant,,
10.10797/MA,FABRICA MATADERO Y DESPIECE S.A.,CAMINO DE SANTA INES 71 DCHA.,Málaga,29590,"Malaga,Andalusia",Spain,EU-EFTA,RM,CP SH,Y,,CP - Cutting Plant | SH - Slaughterhouse,,
10.027779/LE,"FALCO IBERIA, S.L.U.",CALLE PALOMARES (LOS) Nº: 11,Navafría,24156,"León,Castile and León",Spain,EU-EFTA,RM,CP,N,,CP - Cutting Plant,,
10.15606/SA,"FAUSTINO PRIETO 2013, S.L.",CALLE PEDRERA Nº9,Cespedosa de Tormes,37750,"Salamanca,Castile and León",Spain,EU-EFTA,RM,CP,N,,CP - Cutting Plant,,
10.026522/CR,"FELICES SANROMA, JULIO","POL. IND. VIRGEN DE LA PAZ, TRAVESIA BOLIVIA Nº 3, 5 Y 7",Valdepeñas,13300,"Ciudad Real,Castile-La Mancha",Spain,EU-EFTA,RM,CP,N,,CP - Cutting Plant,,
ES490812000101 / 10.07439/ZA,FELIPE REBOLLO CALABAZA,CAMINO CARREVIEJA S/N,Fuentesaúco,49400,"Zamora,Castile and León",Spain,EU-EFTA,RM,CP SH,Y,bovine porcine,CP - Cutting Plant | SH - Slaughterhouse,,
ES050930220001 / 10.01225/AV,FELIX BERNALDO DE QUIROS S.L.,PLAZA MAYOR Nº1,La Cañada,05294,"Ávila,Castile and León",Spain,EU-EFTA,RM,CP,N,,CP - Cutting Plant,,
10.18534/SA,"FEPALESCA, S. A.",CALLE SIERRA DE FRANCIA Nº66 POLIGONO INDUSTRIAL AGROALIMENTARIO,Guijuelo,37770,"Salamanca,Castile and León",Spain,EU-EFTA,RM,CP,N,,CP - Cutting Plant,,
10.05488/SA,"FERMIN RAMOS, S. A.",CARRETERA CESPEDOSA S/N KM.,Guijuelo,37770,"Salamanca,Castile and León",Spain,EU-EFTA,RM,CP,N,,CP - Cutting Plant,,
10.20682/GR,FERNANDO EXPOSITO FERNANDEZ,CARDALES S/N,Trevélez,18417,"Granada,Andalusia",Spain,EU-EFTA,RM,CP,N,,CP - Cutting Plant,,
10.15677/BA,FLORENCIO LINARES S.L.,PASAY S/N-06280 Segura de León,Segura de León,06270,"Badajoz,Extremadura",Spain,EU-EFTA,RM,CP,N,,CP - Cutting Plant,,
ES371560220461 / 10.02716/SA,"FLORENCIO SANCHEZ E HIJOS, S. L.",CALLE AMABLE CRIADO Nº29,Campillo de Salvatierra,37778,"Salamanca,Castile and León",Spain,EU-EFTA,RM,CP SH,Y,porcine,CP - Cutting Plant | SH - Slaughterhouse,,
10.03354/S,FOOD 2000 SL,"C/ JOAQUIN SALAS Nº 6-MERCASANTANDER, MANZANA Nº14",Peñacastillo,39011,"Cantabria,Cantabria",Spain,EU-EFTA,RM,CP,N,porcine,CP - Cutting Plant,,
10.03950/L,FORTUNE PIG S.L.,CT. DE TORREGROSSA 63,Mollerussa,25230,"Lleida,Catalonia",Spain,EU-EFTA,RM,SH CP,Y,,SH - Slaughterhouse | CP - Cutting Plant,,
10.07995/H,FRANCISCO PEREIRA GOMEZ S.L.,C/ VIÑA 14,Villanueva de los Castillejos,21540,"Huelva,Andalusia",Spain,EU-EFTA,RM,CP,N,,CP - Cutting Plant,,
10.14844/H,FRANCISCO Y GREGORIO ALCALDE CERA S.L.,"AVDA PORTUGAL, 5",Cortegana,21230,"Huelva,Andalusia",Spain,EU-EFTA,RM,CP,N,,CP - Cutting Plant,,
10.05213/GE,FRECARN SL,Poligon Industrial Puigtio,Maçanet de la Selva,17412,"Girona,Catalonia",Spain,EU-EFTA,RM,CP,N,,CP - Cutting Plant,,
10.22559/TO,"FRESCOS Y ELABORADOS DEL PORCINO, S.L.","CTRA. CM. 4133, KM. 29,500",Villafranca de los Caballeros,45720,"Toledo,Castile-La Mancha",Spain,EU-EFTA,RM,SH CP,Y,porcine,SH - Slaughterhouse | CP - Cutting Plant,,
10.01943/GE,FRIBEL SA,"C. DISSEMINAT, 45",Verges,17142,"Girona,Catalonia",Spain,EU-EFTA,RM,CP SH,Y,bovine caprine ovine,CP - Cutting Plant | SH - Slaughterhouse,,
10.02453/HU,"FRIBIN FOODS, SL","Calle PARTIDA CHUBERA, S/N",Binéfar,22500,"Huesca,Aragon",Spain,EU-EFTA,RM,CP SH,Y,,CP - Cutting Plant | SH - Slaughterhouse,,
10.19605/VA,"FRIGOLDEN MEAT COMPANY, S.L.","AVDA. DEL EURO Nº 24 - MERCAOLID PARCELA C6-2, SUBPARCELA C7",Valladolid,47009,"Valladolid,Castile and León",Spain,EU-EFTA,RM,CP,N,,CP - Cutting Plant,,
10.00285/MA,"FRIGORIFICOS ANDALUCES DE CONSERVAS DE CARNE, S.A. (FACCSA)",PLAZA PROLONGO Nº2,Estación de Cártama,29580,"Malaga,Andalusia",Spain,EU-EFTA,RM,CP,N,,CP - Cutting Plant,,
10.00563/PO,"FRIGORIFICOS BANDEIRA, S.L.","CALZADA,22-BANDEIRA-MANDUAS-SILLEDA",O Campo (Negreiros),36570,"Pontevedra,Galicia",Spain,EU-EFTA,RM,SH,Y,,SH - Slaughterhouse,,
10.03935/GE,FRIGORIFICOS COSTA BRAVA SA,"CT de Riudellots a Cassà, s/n",Riudellots de la Selva,17457,"Girona,Catalonia",Spain,EU-EFTA,RM,SH CP,Y,porcine,SH - Slaughterhouse | CP - Cutting Plant,,
10.03929/GE,FRIGORIFICOS COSTA BRAVA SA,Cr Roses s/n,Vilamalla,17469,"Girona,Catalonia",Spain,EU-EFTA,RM,CP,N,,CP - Cutting Plant,,
10.12484/CO,FRIGORIFICOS GARVI S.L.,"CALLE COMERCIO, 19",Lucena,14900,"Cordova,Andalusia",Spain,EU-EFTA,RM,CP,N,,CP - Cutting Plant,,
10.05674/LU,FRIGORIFICOS LEA S. L.,"AVDA. DE COSPEITO, 21",Castro de Rei,27260,"Lugo,Galicia",Spain,EU-EFTA,RM,SH,Y,bovine,SH - Slaughterhouse,,
ES371170220051 / 10.03035/SA,"FRIGORIFICOS SALAMANCA, S.L.","CARRETERA FLORIDA DE LIEBANA (CM-527) S/N KM. 1,2",Doñinos de Salamanca,37120,"Salamanca,Castile and León",Spain,EU-EFTA,RM,SH CP,Y,porcine,SH - Slaughterhouse | CP - Cutting Plant,,
10.03987/GE,FRIGORIFICOS UNIDOS SA,"CTRA NACIONAL II, KM. 707.5 17457 RIUDELLOTS DE LA SELVA GIRONA, SPAIN",Riudellots de la Selva,17457,"Girona,Catalonia",Spain,EU-EFTA,RM,CP SH,Y,bovine caprine ovine,CP - Cutting Plant | SH - Slaughterhouse,,
10.21869/GE,FRIGORIFICS LES PRESES SLU,"Polígon Industrial Les Preses, CR La Parcelaria, 25",les Preses,17178,"Girona,Catalonia",Spain,EU-EFTA,RM,CP,N,,CP - Cutting Plant,,
10.01261/GE,FRIGORÍFICOS CÁRNICOS LAS FORCAS SL - (FRICAFOR),"C/Mare de Déu del Mont, 31",Vilafant,17740,"Girona,Catalonia",Spain,EU-EFTA,RM,CP SH,Y,bovine,CP - Cutting Plant | SH - Slaughterhouse,,
10.10179/GE,"FRIGORÍFICOS DEL NORDESTE, SA (NORFRISA)","CT N-II, P.K. 707,5 . MO. 626E02",Riudellots de la Selva,17457,"Girona,Catalonia",Spain,EU-EFTA,RM,SH CP,Y,,SH - Slaughterhouse | CP - Cutting Plant,,
10.16777/Z,FRIO LIMPIO DE ARAGON S.L,Calle POL.EL CAMPILLO. PARCELA 75,Zuera,50800,"Zaragoza,Aragon",Spain,EU-EFTA,RM,CP,N,,CP - Cutting Plant,,
10.04425/GE,FRISELVA SA,"CT N-II, Km 706.50",Riudellots de la Selva,17457,"Girona,Catalonia",Spain,EU-EFTA,RM,CP SH,Y,,CP - Cutting Plant | SH - Slaughterhouse,,
10.09971/CU,"FUENTE MARTINEZ, PILAR",EL VALLE,Villaconejos de Trabaque,16860,"Cuenca,Castile-La Mancha",Spain,EU-EFTA,RM,SH,Y,ovine porcine caprine,SH - Slaughterhouse,,
10.14248/B,FÀBRICA D'EMBOTITS JP SL,"CR Eduard Rifà Anglada, s/n",Manlleu,08560,"Barcelona,Catalonia",Spain,EU-EFTA,RM,CP,N,,CP - Cutting Plant,,
10.23713/MA,GAMERO MARTINEZ JOSE MIGUEL,AVENIDA DE LAS COMUNIDADES AUTONOMAS PARCELA 3 NAVE B 8,Antequera,29200,"Malaga,Andalusia",Spain,EU-EFTA,RM,CP,N,,CP - Cutting Plant,,
10.10894/AV,"GANADERIAS CARLOS, S.L.",CAMINO COLLADO (DE) Nº2,Pascualgrande,05309,"Ávila,Castile and León",Spain,EU-EFTA,RM,CP,N,,CP - Cutting Plant,,
10.08572/GR,GANADOS MARTIN MARTINEZ S.L.,POLIGONO LAS CANTERAS S/N,Monachil,18193,"Granada,Andalusia",Spain,EU-EFTA,RM,SH CP,Y,,SH - Slaughterhouse | CP - Cutting Plant,,
10.22692/TO,"GARCÍA MARTÍN, ÁLVARO","C/ MAZARAMBROZ, 53",Sonseca,45100,"Toledo,Castile-La Mancha",Spain,EU-EFTA,RM,CP,N,,CP - Cutting Plant,,
10.027604/TO,"GARCÍA PECES, IGNACIO","C/ ARROYADA, 75",Sonseca,45100,"Toledo,Castile-La Mancha",Spain,EU-EFTA,RM,CP,N,,CP - Cutting Plant,,
10.13235/ZA,"GAREMEAT, S.L.U.","CTRA. MADRID, Nº 82, NAVE 5",Benavente,49600,"Zamora,Castile and León",Spain,EU-EFTA,RM,CP,N,,CP - Cutting Plant,,
ES051860210101 / 10.01436/AV,"GARRUDO BENITO, S. L.",CARRETERA SORIA-PLASENCIA S/N,Piedrahíta,05500,"Ávila,Castile and León",Spain,EU-EFTA,RM,CP SH,Y,,CP - Cutting Plant | SH - Slaughterhouse,,
10.12807/MA,GASA INDUSTRIAS MALAGA S.L.,CARRETERA AZUCARERA-INTELHORCE,Málaga,29004,"Malaga,Andalusia",Spain,EU-EFTA,RM,SH,Y,,SH - Slaughterhouse,,
ES472140000030 / 10.09633/VA,GEMMA PAREDES GOMEZ,"C/TRAS ESCUELAS DE SAN JUAN, POLIGONO 10, S/N",Villalón de Campos,47600,"Valladolid,Castile and León",Spain,EU-EFTA,RM,SH,Y,,SH - Slaughterhouse,,
ESB20741484,GESALAGA OKELAN S.L,"POLIGONO ABENDAÑO, URDANETA BIDEA 22",Zarautz,20800,"Gipuzkoa,Basque Country",Spain,EU-EFTA,RM,CP,N,,CP - Cutting Plant,,
ES410910009000,GESESUR 2 S.L.,CTRA. SEVILLA- MALAGA KM 1,Seville,41001,"Seville,Andalusia",Spain,EU-EFTA,RM,SH,Y,bovine caprine ovine porcine,SH - Slaughterhouse,,
10.029412/LU,"GESTIONAI PRODUCTOS,SL",POL. IND O REBOREDO PARCELA 1BB,Monforte de Lemos,27400,"Lugo,Galicia",Spain,EU-EFTA,RM,CP,N,bovine caprine ovine equine porcine,CP - Cutting Plant,,
ES341202000021 / 10.03008/P,"GIRESA PALENCIA 87, S. A.",AVENIDA MADRID Nº: S/N,Palencia,34004,"Palencia,Castile and León",Spain,EU-EFTA,RM,CP SH,Y,bovine caprine ovine equine porcine,CP - Cutting Plant | SH - Slaughterhouse,,
10.15693/TO,"GOMEZ MARIN, S.A.L.","MAZARAMBROZ, 21",Sonseca,45100,"Toledo,Castile-La Mancha",Spain,EU-EFTA,RM,CP,N,,CP - Cutting Plant,,
10.09844/VA,"GONZALEZ OLIVARES, S.L.",AVENIDA TORRECILLA DE LA ABADESA Nº14,Tordesillas,47100,"Valladolid,Castile and León",Spain,EU-EFTA,RM,CP,N,,CP - Cutting Plant,,
10.03101/J,GONZALEZ TORRES RAFAEL,CALLE COMEDERO 50,Porcuna,23790,"Jaén,Andalusia",Spain,EU-EFTA,RM,CP,N,,CP - Cutting Plant,,
10.22669/CU,"GOURMET CASA EL BALA, S.L.","PATRON ESQUINA C/ VIRGEN DEL PILAR, S/N",Motilla del Palancar,16200,"Cuenca,Castile-La Mancha",Spain,EU-EFTA,RM,CP,N,,CP - Cutting Plant,,
10.05693/MA,GOURMET DOSVEGAS S.L.,CALLE CASABERMEJA Nº 8 POLIGONO GUADALHORCE,Málaga,29004,"Malaga,Andalusia",Spain,EU-EFTA,RM,CP,N,,CP - Cutting Plant,,
10.06602/TO,GREGORIO CRUZ E HIJOS S.A.,"AVDA. CASTILLA-LA MANCHA, 44",Alcolea de Tajo,45571,"Toledo,Castile-La Mancha",Spain,EU-EFTA,RM,SH CP,Y,bovine porcine caprine ovine,SH - Slaughterhouse | CP - Cutting Plant,,
10.04421/B,"GREMIAL DE CATALUNYA, S.L",C/ Mecanica 4-6 MO. 201E01,Castellbisbal,08755,"Barcelona,Catalonia",Spain,EU-EFTA,RM,SH,Y,,SH - Slaughterhouse,,
10.04472/B,GRUP BAUCELLS ALIMENTACIÓ SL,"Polígon Industrial Malloles, CR Molí del Llobet, 53",Vic,08500,"Barcelona,Catalonia",Spain,EU-EFTA,RM,CP,N,,CP - Cutting Plant,,
10.11434/MA,GRUPO CARNICO DACRISA S.L.,CALLE GERALD BRENAN,Málaga,29004,"Malaga,Andalusia",Spain,EU-EFTA,RM,CP,N,,CP - Cutting Plant,,
10.027068/CA,GRUPO CASTRO CARNES S.L.,"CTRA. JEREZ-CARTAGENA, A-384 KM. 98",Olvera,11690,"Cádiz,Andalusia",Spain,EU-EFTA,RM,CP,N,,CP - Cutting Plant,,
10.16195/LE,"GRUPO CRAMLE, S.L.","CTRA. VILECHA MERCALEON, S/N, PUESTOS 37-38",León,24191,"León,Castile and León",Spain,EU-EFTA,RM,CP,N,,CP - Cutting Plant,,
10.028832/VA,"GRUPO PUERTA GRANDE JCCA, S.L.",CALLE MARIANO MATEO Nº: 72,Villabrágima,47820,"Valladolid,Castile and León",Spain,EU-EFTA,RM,CP,N,,CP - Cutting Plant,,
10.02874/SA,"GUIJUELO GOURMET, S.L.",CALLE AMABLE CRIADO Nº37,Campillo de Salvatierra,37778,"Salamanca,Castile and León",Spain,EU-EFTA,RM,CP,N,,CP - Cutting Plant,,
10.028771/SA,"GUIJUELO GOURMET, S.L.",CALLE AMABLE CRIADO Nº: 39,Campillo de Salvatierra,37778,"Salamanca,Castile and León",Spain,EU-EFTA,RM,CP,N,,CP - Cutting Plant,,
10.07510/MA,GUILLEN COZAR ANTONIO LUIS,AVENIDA ANDALUCIA Nº 41,Algatocín,29491,"Malaga,Andalusia",Spain,EU-EFTA,RM,CP,N,,CP - Cutting Plant,,
10.18299/LU,"GUTREI GALICIA, S.L.","C. RIO MAO, 15 –POLIGONO INDUSTRIAL DE BOVEDA código postal: 27340 Lugo",Bóveda,27340,"Lugo,Galicia",Spain,EU-EFTA,RM,CP,N,,CP - Cutting Plant,,
10.12386/MU,"Grupo Alimentario de Lorca, S.L.","CARRETERA DE CARAVACA, S/N",Lorca,30024,"Region of Murcia,Region of Murcia",Spain,EU-EFTA,RM,CP SH,Y,,CP - Cutting Plant | SH - Slaughterhouse,,
10.029338/SG,"HERMANOS CHICO GALINDO, S.A.","CALLE CLAVEL, 1",Sanchonuño,40297,"Segovia,Castile and León",Spain,EU-EFTA,RM,CP,N,,CP - Cutting Plant,,
10.026006/BU,"HERMANOS CHICO GALINDO, S.A.",CALLE VALLADOLID Nº44 POLIGONO ALLENDEDUERO 134,Aranda de Duero,09400,"Burgos,Castile and León",Spain,EU-EFTA,RM,CP,N,,CP - Cutting Plant,,
10.16804/CA,HERMANOS CORCHERO GONZALEZ S.L.L.,"C/ VIRGEN DEL VALLE, Nº 32",Alcalá del Valle,11693,"Cádiz,Andalusia",Spain,EU-EFTA,RM,CP,N,,CP - Cutting Plant,,
10.15903/GR,HERMANOS GRANADOS MORENO C.B.,CALLE BAJA Nº5,Montillana,18569,"Granada,Andalusia",Spain,EU-EFTA,RM,CP,N,,CP - Cutting Plant,,
10.15032/MA,HERMANOS LOPEZ S.C.,CALLE ISAAC PERAL Nº 3 P.I. MIGUEL BUSTOS,Colmenar,29170,"Malaga,Andalusia",Spain,EU-EFTA,RM,CP,N,,CP - Cutting Plant,,
10.15557/BU,"HERMANOS MASA, S. L.",CALLE SAN MIGUEL Nº15-17 POLIGONO INDUSTRIAL LOS BREZOS,Villalbilla de Burgos,09001,"Burgos,Castile and León",Spain,EU-EFTA,RM,CP,N,,CP - Cutting Plant,,
10.00581/M,"HERMANOS MORAN, S.L.",CMNO. DEL BARRANCO S/N PARCELA 6,Pinto,28320,"Community of Madrid,Community of Madrid",Spain,EU-EFTA,RM,CP,N,,CP - Cutting Plant,,
ES451080000025; 10.03488/TO,"HERMANOS MUÑOZ MUÑOZ, S.L.","PRADERONES, S/N NAVA DE",La Nava de Ricomalillo,45670,"Toledo,Castile-La Mancha",Spain,EU-EFTA,RM,SH CP,Y,bovine caprine ovine porcine,SH - Slaughterhouse | CP - Cutting Plant,,
10.16380/SA,"HERMANOS NAVARRO, S. L.",CALLE PRINCIPE FELIPE Nº8,Guijuelo,37770,"Salamanca,Castile and León",Spain,EU-EFTA,RM,CP,N,,CP - Cutting Plant,,
10.17786/CO,"HERMANOS RODRIGUEZ BARBANCHO, S.L.",POLIGONO INDUSTRIAL LA DEHESA S/N,Hinojosa del Duque,14270,"Cordova,Andalusia",Spain,EU-EFTA,RM,CP,N,,CP - Cutting Plant,,
10.24139/CR,"HERMANOS SÁEZ ALFARO, S.L.","POL. INDUSTRIAL LAS SUERTES, PARCELA 17",Villanueva de la Fuente,13330,"Ciudad Real,Castile-La Mancha",Spain,EU-EFTA,RM,CP,N,,CP - Cutting Plant,,
10.07332/H,HERMANOS VAZQUEZ JABUGO SA,PASEO ORDOÑEZ VALDES S/N,Aroche,21240,"Huelva,Andalusia",Spain,EU-EFTA,RM,CP,N,,CP - Cutting Plant,,
10.01760/ZA,"HIJOS DE DIONISIO SANCHEZ, S.L.",S/N C /CARRENUEVA,Fuentesaúco,49400,"Zamora,Castile and León",Spain,EU-EFTA,RM,CP,N,,CP - Cutting Plant,,
10.20960/GR,HIJOS DE FRANCISCO JIMENEZ TIENDA S.L.,CARRETERA A.335 PK.41 S/N,Bracana,18381,"Granada,Andalusia",Spain,EU-EFTA,RM,CP,N,,CP - Cutting Plant,,
10.15968/TO,"HIJOS DE ISIDORO DIAZ, S.L.L.",C/ PILAR nº 6,Talavera de la Reina,45600,"Toledo,Castile-La Mancha",Spain,EU-EFTA,RM,CP,N,,CP - Cutting Plant,,
10.10708/SA,"HIJOS DE LUIS RAMOS, S. L.",CARRETERA GUIJO S/N,Guijuelo,37770,"Salamanca,Castile and León",Spain,EU-EFTA,RM,CP,N,,CP - Cutting Plant,,
10.028402/J,HIJOS DE MARTINEZ OLIVARES S.L,CALLE MALAGA 5,Torreperogil,23320,"Jaén,Andalusia",Spain,EU-EFTA,RM,CP,N,,CP - Cutting Plant,,
10.02323/H,HIJOS DE ONOFRE SANCHEZ MARTIN SL,CALLE MARQUES DE ARACENA 10,El Repilado-Los Romeros (Jabugo),21360,"Huelva,Andalusia",Spain,EU-EFTA,RM,CP,N,,CP - Cutting Plant,,
10.08780/SA,"HIJOS DE SALVADOR MARTIN, S. L.",CALLE AMABLE CRIADO Nº32,Campillo de Salvatierra,37778,"Salamanca,Castile and León",Spain,EU-EFTA,RM,CP,N,,CP - Cutting Plant,,
ES402250000192 / 10.027309/SG,"HOLA FOOD, S.L.",PARAJE LARGAS DEL CERRILLO S/N,Villacastín,40150,"Segovia,Castile and León",Spain,EU-EFTA,RM,CP SH,Y,porcine,CP - Cutting Plant | SH - Slaughterhouse,,
10.14422/ZA,HORACIO MIGUEL PINTADO NIETO,CALLE SEGUNDA GARRIDOS S/N,Villardiegua de la Ribera,49250,"Zamora,Castile and León",Spain,EU-EFTA,RM,CP,N,,CP - Cutting Plant,,
10.025068/GR,IBERCARNICAS DEL SUR S.L.,CALLE BAZA PARC.5 LOC.A-P.I.JUNCARIL,Albolote,18220,"Granada,Andalusia",Spain,EU-EFTA,RM,CP,N,,CP - Cutting Plant,,
10.024775/MA,IBERIAN MEAT COMPANY SL,"C/CAMPILLOS,9-13 POL.IND. CASERIA DEL REY",Mollina,29532,"Malaga,Andalusia",Spain,EU-EFTA,RM,CP,N,,CP - Cutting Plant,,
10.03542/SA,"IBERICOS BAREZ, S.L.",CARRETERA SALVATIERRA Nº10,Aldeavieja de Tormes,37779,"Salamanca,Castile and León",Spain,EU-EFTA,RM,CP,N,,CP - Cutting Plant,,
10.17327/SA,"IBERICOS DE FRADES, S.L.",PLAZA GABRIEL Y GALAN Nº7,Frades de la Sierra,37766,"Salamanca,Castile and León",Spain,EU-EFTA,RM,CP,N,,CP - Cutting Plant,,
ES060850001008,IBERICOS DEL CULEBRIN S.L.,"N-630 PK 730,5",Monesterio,06260,"Badajoz,Extremadura",Spain,EU-EFTA,RM,SH,Y,,SH - Slaughterhouse,,
10.12727/CO,IBERICOS IBERMEP S.L.,"CALLE SAN ISIDRO, S/N",El Viso,14470,"Cordova,Andalusia",Spain,EU-EFTA,RM,SH,Y,,SH - Slaughterhouse,,
10.14530/SA,"IBERICOS JAMOGAR, S. L.","CALLE SIERRA DE TONDA 114, PTA BAJA, POLIGONO INDUSTRIAL AGROALIMENTARIO",Guijuelo,37770,"Salamanca,Castile and León",Spain,EU-EFTA,RM,CP,N,,CP - Cutting Plant,,
10.16378/SA,"IBERICOS MANUEL LUENGO MARTIN, S.L.","POLIG. AGROALIMENTARIO C/SIERRA DE FRANCIA, PARC. 63",Guijuelo,37770,"Salamanca,Castile and León",Spain,EU-EFTA,RM,CP,N,,CP - Cutting Plant,,
10.05741/SA,"IBERICOS PARAZUELO, S.L.",CAMINO FRESNEDOSO Nº: 3,Ledrada,37730,"Salamanca,Castile and León",Spain,EU-EFTA,RM,CP,N,,CP - Cutting Plant,,
10.026833/SA,"IBERICOS RAGOJUSA, S.L.",CALLE DOCTOR FLEMING Nº54 B,Campillo de Salvatierra,37778,"Salamanca,Castile and León",Spain,EU-EFTA,RM,CP,N,,CP - Cutting Plant,,
10.07685/SA,"IBERICOS SANCHEZ ALCINA, S.L.","C/ PRADO BORREGO, S/N",Guijuelo,37770,"Salamanca,Castile and León",Spain,EU-EFTA,RM,CP,N,,CP - Cutting Plant,,
10.08104/SA,"IBERICOS TORREALBA, S.L.",CALLE AMAPOLAS Nº72,Alba de Yeltes,37478,"Salamanca,Castile and León",Spain,EU-EFTA,RM,CP,N,,CP - Cutting Plant,,
10.02794/SA,"IBERICOS TORREON SALAMANCA, S. L.",PASEO DELICIAS Nº67,Villares de la Reina,37184,"Salamanca,Castile and León",Spain,EU-EFTA,RM,CP,N,,CP - Cutting Plant,,
10.04775/H,"IBERICOS VAZQUEZ, S.L.",POLIGONO CANTALGALLO CALLE I NAVE 1,Aracena,21200,"Huelva,Andalusia",Spain,EU-EFTA,RM,CP,N,,CP - Cutting Plant,,
10.08373/TO,IBÉRICOS DE TALAVERA SL,"C/ JUAN DE LA CIERVA, 3 (POLIGONO INDUSTRIAL""TORREHIERRO"")",Talavera de la Reina,45600,"Toledo,Castile-La Mancha",Spain,EU-EFTA,RM,SH,Y,porcine,SH - Slaughterhouse,,
10.027871/CO,IDC JOSE MANUEL ARIZA S.L.U.,"AVENIDA SAN CARLOS DE CHILE, 69",Baena,14850,"Cordova,Andalusia",Spain,EU-EFTA,RM,CP,N,,CP - Cutting Plant,,
10.028938/LE,IGNACIO PEREZ MARTINEZ,C/ COBO Nº 14,Villablino,24110,"León,Castile and León",Spain,EU-EFTA,RM,SH,Y,,SH - Slaughterhouse,,
10.10062/SA,"ILANJA, S. L.","PLAZA DE SANCHEZ IGLESIAS, CTRA. DEL GUIJO, PARCELA 1",Guijuelo,37770,"Salamanca,Castile and León",Spain,EU-EFTA,RM,CP,N,,CP - Cutting Plant,,
10.029702/SA,"ILANJA, S.L.",CALLE GUARDIA CIVIL Nº: 13,Guijuelo,37770,"Salamanca,Castile and León",Spain,EU-EFTA,RM,CP,N,,CP - Cutting Plant,,
10.09795/BA,ILUNION IBERICOS DE AZUAGA S.A.,"CTRA. BADAJOZ - GRANADA KM 142,7",Azuaga,06920,"Badajoz,Extremadura",Spain,EU-EFTA,RM,SH,Y,porcine,SH - Slaughterhouse,,
10.14717/MA,IMPORT FOODS S.L.,CALLE ATENAS Nº 23 P.I. SAN LUIS,Málaga,29006,"Malaga,Andalusia",Spain,EU-EFTA,RM,CP,N,,CP - Cutting Plant,,
ES400760000339 / 10.21727/SG,"INCOVA CENTRO CARNICO, S. A.","CARRETERA DE LA ESTACION, S/N",El Espinar,40400,"Segovia,Castile and León",Spain,EU-EFTA,RM,CP SH,Y,,CP - Cutting Plant | SH - Slaughterhouse,,
10.06274/L,INDELESA SL,"CAMí DE LLEIDA, 10 MO.024E01",Alcoletge,25660,"Lleida,Catalonia",Spain,EU-EFTA,RM,CP SH,Y,,CP - Cutting Plant | SH - Slaughterhouse,,
10.02141/CU,"INDS.CARNICAS LORIENTE PIQUERAS, S.A. (INCARLOPSA)","CTRA. NACIONAL 400, KM. 95,400",Tarancón,16400,"Cuenca,Castile-La Mancha",Spain,EU-EFTA,RM,CP SH,Y,porcine,CP - Cutting Plant | SH - Slaughterhouse,,
10.10656/MA,INDUSTRIAS CARNICAS ARENAS S.L.,CALLE FRAGUA Nº 6 NAVE 6,Marbella,29603,"Malaga,Andalusia",Spain,EU-EFTA,RM,CP,N,,CP - Cutting Plant,,
10.024662/MA,INDUSTRIAS CARNICAS BENITEZ 1985 S.L.,CALLE EDISON Nº 61,Estepona,29680,"Malaga,Andalusia",Spain,EU-EFTA,RM,CP,N,,CP - Cutting Plant,,
B91791335 -- 10.02384/SE - - ES410240009000,INDUSTRIAS CARNICAS CAMPOREAL S.L.U. 10.02384/SE - - ES410240009000,"MADRID-CADIZ, NACIONAL IV, KM 512",Carmona,41410,"Seville,Andalusia",Spain,EU-EFTA,RM,SH,Y,,SH - Slaughterhouse,,
ES090592000101 / 10.00205/BU,"INDUSTRIAS CARNICAS CASTELLANAS, S. A.",C/MONTES OBARENES 1 POLIGONO INDUSTRIAL VILLALONQUEJAR,Burgos,09001,"Burgos,Castile and León",Spain,EU-EFTA,RM,SH CP,Y,bovine ovine caprine equine,SH - Slaughterhouse | CP - Cutting Plant,,
10.06396/MA,INDUSTRIAS CARNICAS DE BENAOJAN S.L.,ZONA DE LA VEGA S/N,Benaoján,29360,"Malaga,Andalusia",Spain,EU-EFTA,RM,SH,Y,,SH - Slaughterhouse,,
10.05970/TE,"INDUSTRIAS CARNICAS DE ELABORACION DE JAMONES Y EMBUTIDOS LOS TRES REYES DE FUENTESPALDA, S.A.","Poligono AGROALIMENTARIO CIUDAD DE LA CARNE, S/N",Valderrobres / Vall de Roures,44580,"Teruel,Aragon",Spain,EU-EFTA,RM,CP,N,,CP - Cutting Plant,,
10.08754/TE,"INDUSTRIAS CARNICAS DE ELABORACION, DE JAMONES Y EMBUTIDOS LOS TRES REYES DE FUENTESPALDA, SA","Polígono AGROALIMENTARIO CIUDAD DE LA CARNE, S/N",Valderrobres / Vall de Roures,44580,"Teruel,Aragon",Spain,EU-EFTA,RM,CP SH,Y,porcine,CP - Cutting Plant | SH - Slaughterhouse,,
ES490530200151 / 10.22984/ZA,"INDUSTRIAS CARNICAS FAMJOM, S. L.","""POL. INDUSTRIAL CAMPO DE AVIACION C/UNO, Nº 17. N-122, KM. 449,5""",Coreses,49530,"Zamora,Castile and León",Spain,EU-EFTA,RM,CP SH,Y,ovine caprine,CP - Cutting Plant | SH - Slaughterhouse,,
10.11204/MA,INDUSTRIAS CARNICAS FREMO S.L.,CALLE LA ERETA Nº 1,Algatocín,29491,"Malaga,Andalusia",Spain,EU-EFTA,RM,CP,N,,CP - Cutting Plant,,
10.21481/TO,"INDUSTRIAS CARNICAS HERMANOS MUÑOZ DIAZ, S.L.","CTRA. DE CIRCUNVALACIÓN, S/N",Recas,45211,"Toledo,Castile-La Mancha",Spain,EU-EFTA,RM,CP,N,,CP - Cutting Plant,,
10.03382/CR,"INDUSTRIAS CARNICAS JUANALTA, S.L.","AVDA. DE LAS VIÑAS, S/N",Villanueva de los Infantes,13320,"Ciudad Real,Castile-La Mancha",Spain,EU-EFTA,RM,CP,N,,CP - Cutting Plant,,
10.19462/CU,INDUSTRIAS CARNICAS LORIENTE PIQUERAS S.A.,"PARAJE ""LA ALIAGOSA"", 4",Tarancón,16400,"Cuenca,Castile-La Mancha",Spain,EU-EFTA,RM,CP,N,,CP - Cutting Plant,,
10.15703/CU,"INDUSTRIAS CARNICAS LORIENTE PIQUERAS, S.A.","PARAJE LOS ALIAGARES, PARCELAS 355 Y 356",Tarancón,16400,"Cuenca,Castile-La Mancha",Spain,EU-EFTA,RM,CP,N,,CP - Cutting Plant,,
10.08166/B,INDUSTRIAS CARNICAS MONTRONILL SAU,Poligon Industrial les Casasses Carrer Cantonigros 10-12 parcel-la 13-14,Vic,08500,"Barcelona,Catalonia",Spain,EU-EFTA,RM,CP,N,,CP - Cutting Plant,,
10.05623/LE,"INDUSTRIAS CARNICAS PALAZUELO VILLAQUEJIDA, S.L.","S/N KM. 0 CARRETERA GIJON.SEVILLA, KM. 196",Villaquejida,24235,"León,Castile and León",Spain,EU-EFTA,RM,CP,N,,CP - Cutting Plant,,
10.026752/ZA,"INDUSTRIAS CARNICAS PASCUALIN, S.L.",CALLE PUEBLA Nº11,Tábara,49140,"Zamora,Castile and León",Spain,EU-EFTA,RM,CP,N,,CP - Cutting Plant,,
10.11169/LE,"INDUSTRIAS CARNICAS PRIETO LOPEZ, S. L.",S/N FINCA LOS PRADOS,Cueto,24545,"León,Castile and León",Spain,EU-EFTA,RM,CP,N,,CP - Cutting Plant,,
10.21550/GU,INDUSTRIAS CARNICAS RAMAJO S.L.,"POLG. INDUSTRIAL QUER, 19",Quer,19209,"Guadalajara,Castile-La Mancha",Spain,EU-EFTA,RM,CP,N,,CP - Cutting Plant,,
ES052472000011 / 10.02652/AV,"INDUSTRIAS CARNICAS ROAL, S.L.","CARRETERA SORIA-PLASENCIA, KM. 281",La Torre,05540,"Ávila,Castile and León",Spain,EU-EFTA,RM,CP SH,Y,bovine porcine ovine caprine,CP - Cutting Plant | SH - Slaughterhouse,,
10.04591/GR,INDUSTRIAS CARNICAS SANJI S.L.,SANTA LUCIA S/N,Ugíjar,18480,"Granada,Andalusia",Spain,EU-EFTA,RM,CP,N,,CP - Cutting Plant,,
10.07786/P,"INDUSTRIAS CARNICAS SANTA MARINA, S. L.",CALLE FRANCIA S/N POLIGONO INDUSTRIAL VILLALOBON 78,Palencia,34004,"Palencia,Castile and León",Spain,EU-EFTA,RM,CP,N,,CP - Cutting Plant,,
10.02610/LO,"INDUSTRIAS CARNICAS SARIZ, S.L.",CTRA. DE EL CORTIJO KM. 4,Logroño,26006,"Rioja,Rioja",Spain,EU-EFTA,RM,CP SH,Y,,CP - Cutting Plant | SH - Slaughterhouse,,
10.08908/TO,"INDUSTRIAS CARNICAS TALAVERA, S.L.","C/ CERAMICA, PARCELA 233 (POLIGONO TORREHIERRO)",Talavera de la Reina,45600,"Toledo,Castile-La Mancha",Spain,EU-EFTA,RM,CP,N,,CP - Cutting Plant,,
10.23958/LE,"INDUSTRIAS CARNICAS VICENTE E HIJAS, S.L.","POLIG. IND. EL BIERZO, PARCELA 14",Toral de los Vados,24560,"León,Castile and León",Spain,EU-EFTA,RM,CP,N,,CP - Cutting Plant,,
10.02195/CR,"INDUSTRIAS CARNICAS VICENTE MARTIN, S.L.","AVDA. HERENCIA, 23",Alcázar de San Juan,13600,"Ciudad Real,Castile-La Mancha",Spain,EU-EFTA,RM,CP,N,,CP - Cutting Plant,,
10.00220/GR,INDUSTRIAS CARNICAS ZURITA S.A.,POLIGONO P.I. JUNCARIL PARCELA 236,Albolote,18220,"Granada,Andalusia",Spain,EU-EFTA,RM,CP,N,,CP - Cutting Plant,,
10.13808/H,INDUSTRIAS CÁRNICAS ECOLÓGICAS S.L.,C/VALLE SANTA ANA S/N,Villanueva de los Castillejos,21540,"Huelva,Andalusia",Spain,EU-EFTA,RM,CP,N,,CP - Cutting Plant,,
10.02056/V,INDUSTRIAS CÁRNICAS LA COPE S.A.,"C/CARNISSERS,2. POL.IND. MASÍA DEL JUEZ",Torrent,46909,"Valencia,Valencian Community",Spain,EU-EFTA,RM,CP SH,Y,,CP - Cutting Plant | SH - Slaughterhouse,,
10.04481/TO,"INDUSTRIAS CÁRNICAS TELLO, S.A.","CTRA. N-401 DE NAVALPINO, KM. 27,8",Totanés,45163,"Toledo,Castile-La Mancha",Spain,EU-EFTA,RM,CP,N,,CP - Cutting Plant,,
10.01678/PO,"INDUSTRIAS FRIGORIFICAS DEL LOURO, S.A.","C/ GOMEZ FRANQUEIRA, S/N",O Porrinno,36400,"Pontevedra,Galicia",Spain,EU-EFTA,RM,SH CP,Y,,SH - Slaughterhouse | CP - Cutting Plant,,
10.11504/BA,INDUSTRIAS TRANSFORMADORAS EXTREMEÑAS DEL SUR S.L.,DomSocial/SocialAdress POL. IND. LA CHACARA PARC. 25 - HIGUERA LA REAL - 06350 - Badajoz,Higuera la Real,06350,"Badajoz,Extremadura",Spain,EU-EFTA,RM,CP,N,,CP - Cutting Plant,,
10.23402/V,"INICIATIVAS COMERCIALES DADYMA, SL",C/ PEDRAPIQUERS Num. 30-31 Pol EL OLIVERAL POLIGONO INDUSTRIAL SUR,Riba-roja de Túria,46190,"Valencia,Valencian Community",Spain,EU-EFTA,RM,CP,N,,CP - Cutting Plant,,
10.025510/Z,INTERNATIONAL CASING PRODUCTS S.L.U,Carretera Cogullada. MERCAZARAGOZA 65 C/M PARCELA 16,Zaragoza,50014,"Zaragoza,Aragon",Spain,EU-EFTA,RM,CP,N,,CP - Cutting Plant,,
10.024329/MA,INTRAPAX S.L.,CALLE BOCANA Nº 4,Málaga,29013,"Malaga,Andalusia",Spain,EU-EFTA,RM,CP,N,,CP - Cutting Plant,,
10.20405/CR,INÉS MARÍA NAVAS CAMPOS,"CTRA. DE LOS CORTIJOS, S/N",Porzuna,13120,"Ciudad Real,Castile-La Mancha",Spain,EU-EFTA,RM,CP,N,,CP - Cutting Plant,,
ES371560220421 / 10.02779/SA,"ISAIAS HERNANDEZ VARAS, S. L.",CALLE DOCTOR FLEMING Nº56,Campillo de Salvatierra,37778,"Salamanca,Castile and León",Spain,EU-EFTA,RM,CP SH,Y,porcine,CP - Cutting Plant | SH - Slaughterhouse,,
10.02326/AV,"ISIDORO BLAZQUEZ, S.L.",AVENIDA ESTACION Nº5,Crespos,05300,"Ávila,Castile and León",Spain,EU-EFTA,RM,CP,N,,CP - Cutting Plant,,
10.13090/VA,ISIDORO GUTIERREZ VILLALON,CALLE OLMILLO Nº48,Villalón de Campos,47600,"Valladolid,Castile and León",Spain,EU-EFTA,RM,CP,N,,CP - Cutting Plant,,
10.026846/SA,"ISIDRO GONZALEZ REVILLA, S.L.",CALLE JUAN CARLOS I Nº36,Campillo de Salvatierra,37778,"Salamanca,Castile and León",Spain,EU-EFTA,RM,CP,N,,CP - Cutting Plant,,
10.027828/BU,IVAN RODRIGUEZ CEREZO,CALLE ALTA Nº: 20,Campolara,09650,"Burgos,Castile and León",Spain,EU-EFTA,RM,CP,N,,CP - Cutting Plant,,
10.08823/B,J. VIÑAS SA,"CR Ermita Sant Francesc, 5",Vic,08500,"Barcelona,Catalonia",Spain,EU-EFTA,RM,CP SH,Y,,CP - Cutting Plant | SH - Slaughterhouse,,
10.22575/SA,"JAMON PRIM SALAMANCA, S. L.",CARRETERA GUIJUELO S/N,Macotera,37310,"Salamanca,Castile and León",Spain,EU-EFTA,RM,CP,N,,CP - Cutting Plant,,
10.01724/H,JAMON PURE NATURE SL,CABEZO S/N,Cortelazor,21208,"Huelva,Andalusia",Spain,EU-EFTA,RM,CP,N,,CP - Cutting Plant,,
ES372090000042 / 10.026472/SA,"JAMON SALAMANCA MEAT, S.L.","CTRA. COMARCAL 512, KM 9,6",Mozárbez,37796,"Salamanca,Castile and León",Spain,EU-EFTA,RM,SH CP,Y,porcine,SH - Slaughterhouse | CP - Cutting Plant,,
10.06294/BA,JAMON Y SALUD S.A.,CTRA BADAJOZ-GRANADA KM. 112 - LLERENA - 06900 - Badajoz,Llerena,06900,"Badajoz,Extremadura",Spain,EU-EFTA,RM,SH CP,Y,,SH - Slaughterhouse | CP - Cutting Plant,,
ES060740000565,JAMON Y SALUD SA,MATADERO JAMON Y SALUD,Llerena,06900,"Badajoz,Extremadura",Spain,EU-EFTA,RM,SH,Y,,SH - Slaughterhouse,,
10.08899/SA,"JAMONES ALJOMAR, S. A.",CALLE RIO DUERO S/N,Guijuelo,37770,"Salamanca,Castile and León",Spain,EU-EFTA,RM,CP,N,,CP - Cutting Plant,,
10.02568/LE,"JAMONES ANTONIO MARTINEZ, S. L.",CARRETERA MADRID-CORUÑA Nº425,Astorga,24700,"León,Castile and León",Spain,EU-EFTA,RM,CP,N,,CP - Cutting Plant,,
10.02315/CR,"JAMONES ARROYO, S.L.","CTRA. N-420, KM. 165",Argamasilla de Calatrava,13440,"Ciudad Real,Castile-La Mancha",Spain,EU-EFTA,RM,CP,N,,CP - Cutting Plant,,
10.05755/SA,"JAMONES BUENAVISTA, S. L.",CALLE FRAGUAS Nº5,Buenavista,37789,"Salamanca,Castile and León",Spain,EU-EFTA,RM,CP,N,,CP - Cutting Plant,,
10.01429/TE,JAMONES MATA S.L.U.,"CARRETARA DE LA ESTACION DE RUBIELOS, KM 15",Rubielos de Mora,44415,"Teruel,Aragon",Spain,EU-EFTA,RM,SH CP,Y,,SH - Slaughterhouse | CP - Cutting Plant,,
10.05491/CO,JAMONES RUTE S.L.,CALLE LOJA 15,Rute,14960,"Cordova,Andalusia",Spain,EU-EFTA,RM,CP,N,,CP - Cutting Plant,,
10.03683/H,JAMONES Y EMBUTIDOS BERNAL SLU,AVENIDA JUAN RAMON JIMENEZ S/N,Corteconcepción,21200,"Huelva,Andalusia",Spain,EU-EFTA,RM,CP,N,,CP - Cutting Plant,,
10.13880/SA,"JAMONES Y EMBUTIDOS HERRERO, S. L.","S/N PARAJE VALDEHERNANDEZ, S/N",Lumbrales,37240,"Salamanca,Castile and León",Spain,EU-EFTA,RM,CP,N,,CP - Cutting Plant,,
ES373580220021 / 10.04831/SA,"JAMONES Y EMBUTIDOS JAEM, S.A.",FINCA ENTRECAÑOS S/N,Villar de Gallimazo,37320,"Salamanca,Castile and León",Spain,EU-EFTA,RM,CP SH,Y,porcine,CP - Cutting Plant | SH - Slaughterhouse,,
10.10902/CC,JAMONES Y EMBUTIDOS MALLO S.L.,POL. IND. SAN JOSE OBRERO PARC. 1 - CAÑAVERAL - 10820 - Cáceres,Cañaveral,10820,"Cáceres,Extremadura",Spain,EU-EFTA,RM,CP,N,,CP - Cutting Plant,,
10.16019/SA,"JAMONES Y EMBUTIDOS PRIETO, S. L.",CARRETERA ALDEADAVILA S/N KM. 0,Vitigudino,37210,"Salamanca,Castile and León",Spain,EU-EFTA,RM,CP,N,,CP - Cutting Plant,,
10.02039/LE,"JAMONES Y EMBUTIDOS, J FERNANDEZ, S. L.","POLIG. IND. DEL BIERZO, 63",Villadecanes,24530,"León,Castile and León",Spain,EU-EFTA,RM,CP,N,,CP - Cutting Plant,,
10.17789/TO,"JASLA HOSTELERÍA, S.L.","C/ MADERA, 9. POL. IND. ALTO DE PRADILLO",Carranque,45216,"Toledo,Castile-La Mancha",Spain,EU-EFTA,RM,CP,N,,CP - Cutting Plant,,
10.17938/B,JAUME ARTIGAS CASELLAS SA,Pla del Mas,Sallent,08650,"Barcelona,Catalonia",Spain,EU-EFTA,RM,CP,N,,CP - Cutting Plant,,
10.09639/SA,JERONIMO RODRIGUEZ MATEOS,CALLE ATALAYA Nº89,Valverde de Valdelacasa,37791,"Salamanca,Castile and León",Spain,EU-EFTA,RM,CP,N,,CP - Cutting Plant,,
10.14265/P,JESUS MEDRANO SAN MILLAN,PLAZA JOSE ANTONIO GIRON Nº4,Alar del Rey,34480,"Palencia,Castile and León",Spain,EU-EFTA,RM,CP,N,,CP - Cutting Plant,,
10.025891/CU,"JESÚS E ISMAEL, S.L","C/ LA ESTRELLA, NAVE 93. POLÍGONO INDUSTRIAL SEPES",Cuenca,16004,"Cuenca,Castile-La Mancha",Spain,EU-EFTA,RM,CP,N,,CP - Cutting Plant,,
10.02006/MA,JF CARNIKO 2020 S.L.,CALLE BENADALID Nº 43-45 P.I LA ESTRELLA,Málaga,29006,"Malaga,Andalusia",Spain,EU-EFTA,RM,CP,N,,CP - Cutting Plant,,
10.024676/AV,"JODAPA 2017, S.L.",CALLE HUERTA LA Nº3,Arenas de San Pedro,05400,"Ávila,Castile and León",Spain,EU-EFTA,RM,CP,N,,CP - Cutting Plant,,
10.06634/MA,JOSE ANTONIO DOMINGUEZ NUÑEZ S.L.,BARRIADA ESTACIÓN S/N,Benaoján,29360,"Malaga,Andalusia",Spain,EU-EFTA,RM,CP,N,,CP - Cutting Plant,,
10.02805/SA,JOSE ANTONIO GARCIA S.L.,CARRETERA VALDELACASA S/N,Guijuelo,37770,"Salamanca,Castile and León",Spain,EU-EFTA,RM,CP,N,,CP - Cutting Plant,,
10.15191/CO,JOSE ARROYO E HIJOS S.L.,"CALLE CUESTA DEL MOLINO, S/N",Puente Genil,14500,"Cordova,Andalusia",Spain,EU-EFTA,RM,CP,N,,CP - Cutting Plant,,
10.14192/SA,JOSE JAIME MARTIN ROLLAN,CALLE SAN BIENVENIDO Nº20,Guijuelo,37770,"Salamanca,Castile and León",Spain,EU-EFTA,RM,CP,N,,CP - Cutting Plant,,
10.03805/AV,JOSE LUIS BENITO GARCIA,CARRETERA SORIA PLASENCIA S/N KM.,La Colilla,05192,"Ávila,Castile and León",Spain,EU-EFTA,RM,CP,N,,CP - Cutting Plant,,
10.027335/CA,JOSE MANUEL RODRIGUEZ HINOJO,"C/ OLIVO, 61",شريش,11570,"Cádiz,Andalusia",Spain,EU-EFTA,RM,CP,N,,CP - Cutting Plant,,
10.025646/CA,JOSE SOTO CAMPOS,"AVDA/ ALCALDE CANTOS ROPERO ,Nº 92 , S/N- P. I. EL PORTAL",شريش,11408,"Cádiz,Andalusia",Spain,EU-EFTA,RM,CP,N,,CP - Cutting Plant,,
10.08913/SA,"JOVENSA, S. L.",Nº62 C/ GENERAL MOLA,Campillo de Salvatierra,37778,"Salamanca,Castile and León",Spain,EU-EFTA,RM,CP,N,,CP - Cutting Plant,,
10.18667/SG,JUAN CARLOS ROCA VALIENTE,"PARAJE EL PULPITO S/N, CTRA. LA LOSA A OTERO",La Losa,40420,"Segovia,Castile and León",Spain,EU-EFTA,RM,CP,N,,CP - Cutting Plant,,
10.02385/ZA,"JUAN JOSE LEDESMA, S. A.","AVDA. LEON, PARCELA 27-28. POLIG. IND LOS LLANOS",Zamora,49001,"Zamora,Castile and León",Spain,EU-EFTA,RM,CP,N,,CP - Cutting Plant,,
10.002385/ZA,"JUAN JOSE LEDESMA, S. A.","AVDA. LEON, PARCELA 27-28. POLIG. IND LOS LLANOS",Zamora,49001,"Zamora,Castile and León",Spain,EU-EFTA,RM,CP,N,,CP - Cutting Plant,,
ES492752000031 / 10.08376/ZA,"JUAN JOSE LEDESMA, S. A.",AVDA. EUROPA S/N. POLIG. IND LOS LLANOS,Zamora,49001,"Zamora,Castile and León",Spain,EU-EFTA,RM,CP SH,Y,bovine porcine ovine caprine,CP - Cutting Plant | SH - Slaughterhouse,,
10.06962/SA,"JUAN MANUEL HERNANDEZ, S. A.",CARRETERA CAMPILLO S/N,Guijuelo,37770,"Salamanca,Castile and León",Spain,EU-EFTA,RM,CP,N,,CP - Cutting Plant,,
10.10926/GR,JUAN SANTANA PALMA,CALLE EL PILAR Nº11,Zafarraya,18128,"Granada,Andalusia",Spain,EU-EFTA,RM,CP,N,,CP - Cutting Plant,,
10.04726/SA,"JULIAN RAMOS TABARES, S. L.",CALLE CORRAL DE CONCEJO Nº17,Guijuelo,37770,"Salamanca,Castile and León",Spain,EU-EFTA,RM,CP,N,,CP - Cutting Plant,,
ES470762000011 / 10.04764/VA,"JUSTINO GUTIERREZ, S.L.",CALLE LAS LOBAS Nº18,Laguna de Duero,47140,"Valladolid,Castile and León",Spain,EU-EFTA,RM,CP SH,Y,,CP - Cutting Plant | SH - Slaughterhouse,,
ES310840000128,KALASKA SOCIEDAD COOPERATIVA DE INICIATIVA SOCIAL,Pol. Ind. Zumurdiñeta s/n,Etxarri Aranatz,31820,"Navarre,Navarre",Spain,EU-EFTA,RM,SH,Y,,SH - Slaughterhouse,,
10.15631/TO,"KASTEEL IBEROALIMENTARIA, S.A.","CTRA. MADRID-TOLEDO, KM. 50,500",Cabañas de la Sagra,45592,"Toledo,Castile-La Mancha",Spain,EU-EFTA,RM,CP,N,,CP - Cutting Plant,,
10.07395/TO,LA ABUELA MARGA S.L.,CALLE TROYA Nº36,Nambroca,45190,"Toledo,Castile-La Mancha",Spain,EU-EFTA,RM,CP,N,,CP - Cutting Plant,,
10.02345/ZA,"LA BALTRASA, S. A.",CARRETERA ZAMORA Nº37,Toro,49800,"Zamora,Castile and León",Spain,EU-EFTA,RM,CP,N,,CP - Cutting Plant,,
10.15049/M,"LA CASA DE LA CARNE, S.A.","CR. VILLAVERDE A VALLECAS KM. 3,800. M.C.C 26 Y 27 - MADRID - 28053 - Madrid",Madrid,28053,"Community of Madrid,Community of Madrid",Spain,EU-EFTA,RM,CP,N,,CP - Cutting Plant,,
ES099030220331 / 10.04911/BU,"LA COMERCIAL DE VILLARCAYO 2024, S.L.",POLIGONO INDUSTRIAL LAS MERINDADES,Villarcayo de Merindad de Castilla la Vieja,09550,"Burgos,Castile and León",Spain,EU-EFTA,RM,CP SH,Y,porcine,CP - Cutting Plant | SH - Slaughterhouse,,
10.14903/VA,"LA DESPENSA CASTELLANA, S.L.",AVENIDA EURO S/N MERCADO MERCAOLID MODULOS 3-12,Valladolid,47009,"Valladolid,Castile and León",Spain,EU-EFTA,RM,CP,N,,CP - Cutting Plant,,
10.20435/CU,LA JARA ALIMENTACIÓN,"CTA. ALBACETE-CUENCA, KM. 56",Villanueva de la Jara,16230,"Cuenca,Castile-La Mancha",Spain,EU-EFTA,RM,CP,N,,CP - Cutting Plant,,
10.10139/SG,"LA VENTA TABANERA, S.L.",CARRETERA NACIONAL 601 S/N KM. 91,Tabanera la Luenga,40291,"Segovia,Castile and León",Spain,EU-EFTA,RM,CP,N,,CP - Cutting Plant,,
10.00655/B,LE PORC GOURMET SA,"CR Indústria, 20",Santa Eugènia de Berga,08507,"Barcelona,Catalonia",Spain,EU-EFTA,RM,SH CP,Y,,SH - Slaughterhouse | CP - Cutting Plant,,
ES091642010051 / 10.16561/BU,"LECHAZO DE CASA ESCRICHE, S.L.","CTRA. QUEMADA KM 4,5, POLIG. IND. Nº 7, PARCELA 450",Hontoria de Valdearados,09450,"Burgos,Castile and León",Spain,EU-EFTA,RM,SH,Y,ovine caprine,SH - Slaughterhouse,,
ES471142000011 / 10.10404/VA,"LECHAZOS ADOLFO ABAD, S.L.U.",CALLE MATADERO Nº: 37,Peñafiel,47300,"Valladolid,Castile and León",Spain,EU-EFTA,RM,CP SH,Y,,CP - Cutting Plant | SH - Slaughterhouse,,
10.03903/L,LERIDANA DE PIENSOS SA,"C. Jordi de Muller, s/n",Vallfogona de Balaguer,25680,"Lleida,Catalonia",Spain,EU-EFTA,RM,CP SH,Y,,CP - Cutting Plant | SH - Slaughterhouse,,
1,LERIN AGROPECUARIA,"POLÍGONO EL SASO, S/N",Lerín,31260,"Navarre,Navarre",Spain,EU-EFTA,RM,SH,Y,,SH - Slaughterhouse,,
2,LERIN AGROPECUARIA,"POLÍGONO EL SASO, S/N",Lerín,31260,"Navarre,Navarre",Spain,EU-EFTA,RM,CP,N,,CP - Cutting Plant,,
10.15725/J,LIDIA Y CAZA S.L.,"C/GUARROMAN, NAVE 10",Bailén,23710,"Jaén,Andalusia",Spain,EU-EFTA,RM,CP,N,,CP - Cutting Plant,,
10.16521/SA,"LISARDO CASTRO MARTIN, S. L.",CALLE SIERRA DE HERRERO Nº21 POLIGONO INDUSTRIAL AGROALIMENTARIO,Guijuelo,37770,"Salamanca,Castile and León",Spain,EU-EFTA,RM,CP,N,,CP - Cutting Plant,,
10.027284/HU,LITERA MEAT S.L.,"Carretera NAC. 240, KM 128.5",Binéfar,22500,"Huesca,Aragon",Spain,EU-EFTA,RM,CP SH,Y,,CP - Cutting Plant | SH - Slaughterhouse,,
10.027392/CR,"LLABRIMEN, SOCIEDAD LIMITADA",AVDA/ DE LA INNOVACION Nº 12,Daimiel,13250,"Ciudad Real,Castile-La Mancha",Spain,EU-EFTA,RM,CP,N,,CP - Cutting Plant,,
10.11921/CO,LOGISCOR 2021 S.L.,"POLIGONO INDUSTRIAL LAS QUEMADAS, PARCELA 102",Córdoba,14014,"Cordova,Andalusia",Spain,EU-EFTA,RM,CP,N,,CP - Cutting Plant,,
ES310500000722,LOIZU DENEN HILTEGIA SL,31730 IRURITA,Irurita,31730,"Navarre,Navarre",Spain,EU-EFTA,RM,SH,Y,bovine caprine ovine equine porcine,SH - Slaughterhouse,,
10.09827/AB,"LOPEZ MARTINEZ, MERCEDES ANGELES","LA PUENTE, S/N",Nerpio,02530,"Albacete,Castile-La Mancha",Spain,EU-EFTA,RM,SH,Y,porcine,SH - Slaughterhouse,,
10.10900/LE,"LORPY, S. L.",CALLE VALDEPERAL S/N,Valverde de la Virgen,24391,"León,Castile and León",Spain,EU-EFTA,RM,CP,N,,CP - Cutting Plant,,
10.10289/CU,LOS FERMINES C.B.,"C/ SAN ISIDRO, S/N",Honrubia,16730,"Cuenca,Castile-La Mancha",Spain,EU-EFTA,RM,SH,Y,porcine ovine caprine,SH - Slaughterhouse,,
10.13387/SA,"LOS MAJADALES DE FLORES, S. L.",CALLE SALAS POMBO S/N,Villaseco de los Gamitos,37114,"Salamanca,Castile and León",Spain,EU-EFTA,RM,CP,N,,CP - Cutting Plant,,
10.01456/M,LOS MESEJO S.A. LOMESA,"CT. VILLAVERDE-VALLECAS, KM. 3,8 P-H3A - MADRID",Madrid,28053,"Community of Madrid,Community of Madrid",Spain,EU-EFTA,RM,CP,N,,CP - Cutting Plant,,
10.027351/TO,LOS PECADOS DE SAN BERNARDO S.L.,CTRA. LA PUEBLA DE MONTALBÁN KM 2.65,Toledo,45004,"Toledo,Castile-La Mancha",Spain,EU-EFTA,RM,CP,N,,CP - Cutting Plant,,
10.026325/SA,"LOS VALDIVIEJOS, S.L.",CALLE DOCTOR FLEMING Nº54-A,Campillo de Salvatierra,37778,"Salamanca,Castile and León",Spain,EU-EFTA,RM,CP,N,,CP - Cutting Plant,,
10.17606/SA,"LOS VALDIVIEJOS, S.L.","C/SIERRA DE FRANCIA Nº3, PARC.66, POLIG. AGROALIMENTARIO",Guijuelo,37770,"Salamanca,Castile and León",Spain,EU-EFTA,RM,CP,N,,CP - Cutting Plant,,
10.03097/LU,"LUALCO, S.L.","Villamoure, s/n - Saa",Lugo,27185,"Lugo,Galicia",Spain,EU-EFTA,RM,CP,N,,CP - Cutting Plant,,
10.026305/AV,LUIS ALFONSO GOMEZ GONZALEZ,CALLE ARCO DE AVILA Nº6 PISO BJ.,Arévalo,05200,"Ávila,Castile and León",Spain,EU-EFTA,RM,CP,N,,CP - Cutting Plant,,
10.13089/SA,"LUIS DOMINGO HERNANDEZ E HIJOS, S. L.","""C/ RIO HUEBRA, 9 POLIG. IND. I-2""",Guijuelo,37770,"Salamanca,Castile and León",Spain,EU-EFTA,RM,CP,N,,CP - Cutting Plant,,
10.02772/SA,LUIS JOSE MARTIN GOMEZ,"CALLE FUENTE Nº: 5 Km: 0,0",Campillo de Salvatierra,37778,"Salamanca,Castile and León",Spain,EU-EFTA,RM,CP,N,,CP - Cutting Plant,,
10.027366/MU,"La Comarca Meats, S.L.U.","CARRETERA DE CARAVACA,DIPUTACIÓN DE RÍO, ANTIGUA FABRICA DE CEMENTOS",Lorca,30024,"Region of Murcia,Region of Murcia",Spain,EU-EFTA,RM,CP,N,,CP - Cutting Plant,,
ES492062000021 / 10.06057/ZA,"M.A.F.R.I.S.A.V.I., S. A.","S/N KM. 1,2 CARRETERA COLINAS",Santibáñez de Vidriales,49610,"Zamora,Castile and León",Spain,EU-EFTA,RM,CP SH,Y,porcine,CP - Cutting Plant | SH - Slaughterhouse,,
10.08934/BA,MAFRESA EL IBERICO DE CONFIANZA,CTRA. FREGENAL-SEVILLA KM 2,Fregenal de la Sierra,06340,"Badajoz,Extremadura",Spain,EU-EFTA,RM,CP SH,Y,porcine,CP - Cutting Plant | SH - Slaughterhouse,,
10.01274/B,MAFRIGES SA,"BR Serrallonga, s/n MO. 733E01",Sant Vicenç de Torelló,08571,"Barcelona,Catalonia",Spain,EU-EFTA,RM,CP SH,Y,,CP - Cutting Plant | SH - Slaughterhouse,,
ES372090220021 / 10.12369/SA,"MAFRIGES SALAMANCA, S.L.",CAMINO DE LOS VALLAGARES S/N,Mozárbez,37796,"Salamanca,Castile and León",Spain,EU-EFTA,RM,CP SH,Y,porcine,CP - Cutting Plant | SH - Slaughterhouse,,
ES242220000035 / 10.09565/LE,"MAFRILE, S. L.",CALLE ANTONIO ALARCON Nº1-3,Villamoros de las Regueras,24195,"León,Castile and León",Spain,EU-EFTA,RM,SH,Y,ovine caprine,SH - Slaughterhouse,,
10.028881/J,MAGALI ALIMENTACION S.L.,CALLE FORJADORES 11 POL. INDUSTRIAL MIRANDA,Andújar,23740,"Jaén,Andalusia",Spain,EU-EFTA,RM,CP,N,,CP - Cutting Plant,,
10.024815/AV,"MAJAL CARNES, S.L.",CALLE OLIVA LA Nº21,Burgohondo,05113,"Ávila,Castile and León",Spain,EU-EFTA,RM,CP,N,,CP - Cutting Plant,,
10.027311/GR,MAKRO DISTRIBUCION MAYORISTA S.A.,PARQUE ALFRED HITCHCOCK S/N PARQUE EMPRESARIAL COMERCIAL KINEPOLIS,Pulianas,18197,"Granada,Andalusia",Spain,EU-EFTA,RM,CP,N,,CP - Cutting Plant,,
10.19547/MA,MAKRO DISTRIBUCIÓN MAYORISTA S.A.,AVENIDA VELÁZQUEZ Nº 290,Málaga,29004,"Malaga,Andalusia",Spain,EU-EFTA,RM,CP,N,,CP - Cutting Plant,,
10.10259/H,MALAVE MORENO HERMANOS SL,POLIGONO IND EL MONTE PARCELAS 107-108,Valverde del Camino,21600,"Huelva,Andalusia",Spain,EU-EFTA,RM,CP,N,,CP - Cutting Plant,,
10.13253/ZA,"MALTRASA, S. L.",POLIGONO INDUSTRIAL NORTE 9-A,Toro,49800,"Zamora,Castile and León",Spain,EU-EFTA,RM,CP,N,,CP - Cutting Plant,,
10.18229/AB,MANCHACOR S.L.,"POLIGONO INDUSTRIAL ROMICA, AVDA. FINLANDIA, Nº 26, NAVE 3",Albacete,02007,"Albacete,Castile-La Mancha",Spain,EU-EFTA,RM,CP,N,,CP - Cutting Plant,,
10.06789/SA,"MANUEL GUILLEN, S. A.",CALLE CHINARRAL Nº23,Guijuelo,37770,"Salamanca,Castile and León",Spain,EU-EFTA,RM,CP,N,,CP - Cutting Plant,,
10.15168/GR,MANUEL MARTINEZ RUIZ,BAZA 10,Caniles,18810,"Granada,Andalusia",Spain,EU-EFTA,RM,CP,N,,CP - Cutting Plant,,
10.20944/GR,MANUEL MERIDA CASTILLA,"CALLE NUEVA, 12",Moclín,18248,"Granada,Andalusia",Spain,EU-EFTA,RM,CP,N,,CP - Cutting Plant,,
10.20774/GR,MANUEL PEREZ VALLEJO,AVENIDA CASCAMORRAS Nº12,Baza,18800,"Granada,Andalusia",Spain,EU-EFTA,RM,CP,N,,CP - Cutting Plant,,
10.21754/MA,MAQUILAS FDEZ S.L.U.,CALLE DERECHOS HUMANOS Nº 2,Pizarra,29560,"Malaga,Andalusia",Spain,EU-EFTA,RM,CP,N,,CP - Cutting Plant,,
10.08927/SA,"MARCIAL CASTRO, S. L.U.",CALLE 1 POLIGONO INDUSTRIAL I-2,Guijuelo,37770,"Salamanca,Castile and León",Spain,EU-EFTA,RM,CP,N,,CP - Cutting Plant,,
10.13744/SA,MARCIAL MARTIN HERRERO,CARRETERA FUENTERROBLE Nº16,Guijuelo,37770,"Salamanca,Castile and León",Spain,EU-EFTA,RM,CP,N,,CP - Cutting Plant,,
10.19562/B,MARCJOAN IMPORT EXPORT SL,POLÍGON INDUSTRIAL EXPLASA CARRER TRAMUNTANA 18,Santa Eugènia de Berga,08507,"Barcelona,Catalonia",Spain,EU-EFTA,RM,CP,N,,CP - Cutting Plant,,
10.026033/GR,MARIA DE LOS ANGELES MOLINA GARCIA,POLIGONO LA ENCANTADA PARCELA 41-A,Huéscar,18830,"Granada,Andalusia",Spain,EU-EFTA,RM,CP,N,,CP - Cutting Plant,,
10.028635/TO,MARIA DEL CARMEN CUBERO MARMOL,"CALLE ALBACETE, 24",Orgaz,45450,"Toledo,Castile-La Mancha",Spain,EU-EFTA,RM,CP,N,,CP - Cutting Plant,,
10.03931/GE,MARIA DEL TURA FEIXAS SA,"CT de Santa Coloma, 11,, Preses 17178",Girona,17004,"Girona,Catalonia",Spain,EU-EFTA,RM,CP,N,,CP - Cutting Plant,,
10.22035/BU,MARIANO BEREZO PEREZ,CAMINO MEDINILLA S/N,Estépar,09230,"Burgos,Castile and León",Spain,EU-EFTA,RM,CP,N,,CP - Cutting Plant,,
ES400410220301 / 10.01446/SG,MARIANO LOPEZ E HIJOS S.L.,"CALLE REGALUCES Nº: 2 Km: 0,0",Cantimpalos,40360,"Segovia,Castile and León",Spain,EU-EFTA,RM,CP,N,porcine,CP - Cutting Plant,,
10.11924/SG,"MARIANO OLMOS E HIJOS, S. L.",CALLE VEREDA DE LAS ANIMAS S/N,Bernuy de Porreros,40190,"Segovia,Castile and León",Spain,EU-EFTA,RM,CP,N,,CP - Cutting Plant,,
ES371310210051 / 10.02591/SA,"MARIO Y ENRIQUE GONZALEZ, S. A.",C/ JARDINES Nº15,Frades de la Sierra,37766,"Salamanca,Castile and León",Spain,EU-EFTA,RM,CP SH,Y,porcine,CP - Cutting Plant | SH - Slaughterhouse,,
10.20347/VA,"MARTIN & GEIJO, S. L.","C/ TOPACIO Nº 55, POL. SAN CRISTOBAL",Valladolid,47009,"Valladolid,Castile and León",Spain,EU-EFTA,RM,CP,N,,CP - Cutting Plant,,
10.07531/SG,"MARTIN CUESTA, S. A.",CARRETERA CL-601 KM. 63,Gomezserracín,40240,"Segovia,Castile and León",Spain,EU-EFTA,RM,CP,N,,CP - Cutting Plant,,
10.01106/AV,"MARTIN MARTIN BLAZQUEZ, S. A.",CALLE PILON Nº8,Muñana,05540,"Ávila,Castile and León",Spain,EU-EFTA,RM,CP,N,,CP - Cutting Plant,,
ES051350220131 / 10.04644/AV,"MARTIN MARTIN BLAZQUEZ, S. A.",CARRETERA NACIONAL 110 S/N KM. 0,Muñana,05540,"Ávila,Castile and León",Spain,EU-EFTA,RM,CP SH,Y,porcine,CP - Cutting Plant | SH - Slaughterhouse,,
10.19183/CR,"MARTIN SANCHEZ PAULETE, PAULINO",C/ GODELLO Nº 2,Alcázar de San Juan,13600,"Ciudad Real,Castile-La Mancha",Spain,EU-EFTA,RM,CP,N,,CP - Cutting Plant,,
10.026842/LE,"MARTINEZ BARREDA, S.L.","CAMINO DEL MATADERO, S/N",Oteruelo de la Valdoncina,24009,"León,Castile and León",Spain,EU-EFTA,RM,CP,N,,CP - Cutting Plant,,
10.08470/AB,"MARTÍNEZ Y FAJARDO, C.B.","PLAZA DE SABINO CUERDA, 3",Hellín,02400,"Albacete,Castile-La Mancha",Spain,EU-EFTA,RM,SH,Y,caprine ovine porcine bovine,SH - Slaughterhouse,,
10.07000/PO,MAT. GRAL. FRIGORIFICO BAIXO MIÑO,"Lago, o - Figuieró",Tomiño,36792,"Pontevedra,Galicia",Spain,EU-EFTA,RM,SH,Y,,SH - Slaughterhouse,,
10.00889/MU,MATADERO CABEZO DE LA PLATA SL,"C/ LO ÚBEDA, 1, CAÑADAS DE SAN PEDRO",Murcia,30164,"Region of Murcia,Region of Murcia",Spain,EU-EFTA,RM,SH,Y,,SH - Slaughterhouse,,
ES280450000125,"MATADERO COLMENAR VIEJO, SIERRA COLMENAR S.L","CALLE GANADEROS, 5",Colmenar Viejo,28770,"Community of Madrid,Community of Madrid",Spain,EU-EFTA,RM,SH,Y,porcine ovine caprine bovine,SH - Slaughterhouse,,
10.07337/M,MATADERO COMARAN S.L.,CL. Raso de la Estrella nº 4,Aranjuez,28300,"Community of Madrid,Community of Madrid",Spain,EU-EFTA,RM,SH,Y,porcine,SH - Slaughterhouse,,
ES280130000017,MATADERO COMARCAL DE ARANJUEZ,RASO DE LA ESTRELLA S/N,Aranjuez,28300,"Community of Madrid,Community of Madrid",Spain,EU-EFTA,RM,SH,Y,porcine,SH - Slaughterhouse,,
ES312320000123,"MATADERO COMARCAL DE TUDELA, S.A.",POLG IND CANRASO VIAL B NAVE 31,Tudela,31500,"Navarre,Navarre",Spain,EU-EFTA,RM,SH,Y,,SH - Slaughterhouse,,
10.01184/B,MATADERO COMARCAL DEL BAGES SL,"CT Manresa - Basella, Km 5,7",Sant Joan de Vilatorrada,08250,"Barcelona,Catalonia",Spain,EU-EFTA,RM,CP SH,Y,,CP - Cutting Plant | SH - Slaughterhouse,,
ES280740000009,MATADERO COMARCAL LEGANES (TRANS GANADERA LEGANES),"CARRETERA DE LEGANES A CARABANCHEL, KM 3.500",Leganés,28054,"Community of Madrid,Community of Madrid",Spain,EU-EFTA,RM,SH,Y,bovine caprine ovine porcine,SH - Slaughterhouse,,
ES190530000086,MATADERO CORTIJO VILLARIN S.L.,CTRA. ARMUÑA-BRIHUEGA KM. 3.800,Brihuega,19400,"Guadalajara,Castile-La Mancha",Spain,EU-EFTA,RM,SH,Y,ovine caprine,SH - Slaughterhouse,,
ES140540000988,MATADERO COVAP,CARRETERA DE LA CANALEJA S/N,Pozoblanco,14400,"Cordova,Andalusia",Spain,EU-EFTA,RM,CP SH,Y,,CP - Cutting Plant | SH - Slaughterhouse,,
10.02885/LU,"MATADERO DA TERRA CHA, S.L",POLIGONO INDUSTRIAL PARCELA A,Rábade,27370,"Lugo,Galicia",Spain,EU-EFTA,RM,CP SH,Y,bovine,CP - Cutting Plant | SH - Slaughterhouse,,
ES470862000061 / 10.02783/VA,"MATADERO DE CASTILLA-RIOSECO, S.A.",CARRETERA ADANERO-GIJON S/N KM. 230,Medina de Rioseco,47800,"Valladolid,Castile and León",Spain,EU-EFTA,RM,SH,Y,,SH - Slaughterhouse,,
10.04578/H,MATADERO DE CUMBRES MAYORES S.A.,CARRETERA FUENTES DE LEON KM. 2,Cumbres Mayores,21380,"Huelva,Andalusia",Spain,EU-EFTA,RM,CP SH,Y,,CP - Cutting Plant | SH - Slaughterhouse,,
ES310660000018,MATADERO DE ESTELLA SL,Estella,Estella/Lizarra,31200,"Navarre,Navarre",Spain,EU-EFTA,RM,SH,Y,bovine caprine ovine equine porcine,SH - Slaughterhouse,,
ES371560220401 / 10.03233/SA,"MATADERO DE GUIJUELO, S. A.",CARRETERA GENERAL Nº50,Guijuelo,37770,"Salamanca,Castile and León",Spain,EU-EFTA,RM,CP SH,Y,porcine,CP - Cutting Plant | SH - Slaughterhouse,,
10.06280/HU,"MATADERO DE HUESCA,SL","C/ GANADERIA, 29",Huesca,22001,"Huesca,Aragon",Spain,EU-EFTA,RM,CP SH,Y,,CP - Cutting Plant | SH - Slaughterhouse,,
10.19447/H,MATADERO DE JABUGO Y GALAROZA SL,CARRETERA SEVILLA LISBOA KM 101,La Nava,21291,"Huelva,Andalusia",Spain,EU-EFTA,RM,CP SH,Y,,CP - Cutting Plant | SH - Slaughterhouse,,
ES330180000615,MATADERO DE JARRIO SL,LUGAR POLÍGONO DE RIO PINTO 33719 JARRIO / COAÑA,Xarrio,33719,"Asturias,Asturias",Spain,EU-EFTA,RM,SH,Y,caprine ovine equine porcine bovine,SH - Slaughterhouse,,
ES330370002583,MATADERO DE MIERES,CL/VEGA DE SUEROS 1(MATADERO),Mieres del Camín,33600,"Asturias,Asturias",Spain,EU-EFTA,RM,SH,Y,,SH - Slaughterhouse,,
ES330420000155,MATADERO DE NOREÑA-SERINCAR 92-,"AVDA. 32, NOREÑA-ASTURIAS-",Noreña,33180,"Asturias,Asturias",Spain,EU-EFTA,RM,SH,Y,bovine equine porcine ovine caprine,SH - Slaughterhouse,,
ES319060000101,MATADERO DE PAMPLONA S. A.,POL. AGUSTINOS C/G Parcela D35,Orcoyen,31160,"Navarre,Navarre",Spain,EU-EFTA,RM,SH,Y,,SH - Slaughterhouse,,
ES330730003567,MATADERO DE TINEO,CL/POL IND. LA CURRISCADA,Tineo,33870,"Asturias,Asturias",Spain,EU-EFTA,RM,SH,Y,,SH - Slaughterhouse,,
10.001351/SE,MATADERO DEL SUR S.A.,"CTRA. NAL.630, KM. 467",Salteras,41200,"Seville,Andalusia",Spain,EU-EFTA,RM,SH,Y,ovine,SH - Slaughterhouse,,
ES040240001007,MATADERO FICA SL,PARAJE SAN MIGUEL S/N,Benahadux,04410,"Almeria,Andalusia",Spain,EU-EFTA,RM,SH,Y,bovine caprine ovine,SH - Slaughterhouse,,
10.01204/B,MATADERO FRIGORIFICO AVINYO S.A.,"CTRA. PRATSDE LLUÇANES, KM 53,50",Avinyó,08279,"Barcelona,Catalonia",Spain,EU-EFTA,RM,CP SH,Y,,CP - Cutting Plant | SH - Slaughterhouse,,
ES240082000011 / 10.06138/LE,"MATADERO FRIGORIFICO COMARCAL DE ASTORGA, S.A.",S/N CARRETERA DE BARRIENTOS,Astorga,24700,"León,Castile and León",Spain,EU-EFTA,RM,SH,Y,bovine ovine caprine equine,SH - Slaughterhouse,,
10.22480/CR,"MATADERO FRIGORIFICO DE AGUDO, S.L.","CTRA. PUEBLA, KM. 1 (PARC. QUINTO DE LOS CERDOS)",Agudo,13410,"Ciudad Real,Castile-La Mancha",Spain,EU-EFTA,RM,CP SH,Y,bovine caprine ovine,CP - Cutting Plant | SH - Slaughterhouse,,
ES050192000041 / 10.05708/AV,"MATADERO FRIGORIFICO DE AVILA, S. L.","POLIGONO INDUSTRIAL LAS HERVENCIAS C/RIO CEGA, Nº1",Ávila,05004,"Ávila,Castile and León",Spain,EU-EFTA,RM,CP SH,Y,,CP - Cutting Plant | SH - Slaughterhouse,,
10.00920/J,MATADERO FRIGORIFICO DE BEJIJAR S.A.,"CALLE RIO EBRO 26, ESTACIÓN DE BEGIJAR",Begíjar,23520,"Jaén,Andalusia",Spain,EU-EFTA,RM,SH CP,Y,,SH - Slaughterhouse | CP - Cutting Plant,,
ES371390000018 / 10.21332/SA,"MATADERO FRIGORIFICO DE FUENTES, EL NAVAZO, S.L.","POLIGONO SECTOR UBZ-1, PARCELA 2",Béjar,37790,"Salamanca,Castile and León",Spain,EU-EFTA,RM,CP SH,Y,porcine,CP - Cutting Plant | SH - Slaughterhouse,,
ES051382000021 / 10.01087/AV,"MATADERO FRIGORIFICO DE MUÑOGALINDO, S. L.",CARRETERA AVILA PIEDRAHITA (CASAS PANADERIA) S/N KM. 273,Muñogalindo,05530,"Ávila,Castile and León",Spain,EU-EFTA,RM,CP SH,Y,bovine ovine caprine,CP - Cutting Plant | SH - Slaughterhouse,,
10.01182/B,MATADERO FRIGORIFICO DEL CARDONER SA,"Paratge Can Canals Nou, s/n",Sant Joan de Vilatorrada,08250,"Barcelona,Catalonia",Spain,EU-EFTA,RM,CP SH,Y,porcine,CP - Cutting Plant | SH - Slaughterhouse,,
10.00286/SS,"MATADERO FRIGORIFICO DONOSTIARRA , S.A.L. MAFRIDO","Pº Ubarburu, 16",San Sebastián,20014,"Gipuzkoa,Basque Country",Spain,EU-EFTA,RM,SH,Y,,SH - Slaughterhouse,,
10.029806/BA,"MATADERO FRIGORIFICO EXTREMEÑO, S.L.","CTRA BADAJOZ, KM 21,4-OLIVENZA-06100 (BADAJOZ).",Olivenza,06100,"Badajoz,Extremadura",Spain,EU-EFTA,RM,SH CP,Y,bovine,SH - Slaughterhouse | CP - Cutting Plant,,
ES091170200011 / 10.07305/BU,"MATADERO FRIGORIFICO R.GARCIA RIBERA DEL DUERO, S. L.",S/N CARRETERA ROA PEÑAFIEL,La Cueva de Roa,09315,"Burgos,Castile and León",Spain,EU-EFTA,RM,CP SH,Y,ovine caprine,CP - Cutting Plant | SH - Slaughterhouse,,
10.00745/CR,"MATADERO FRIGORÍFICO BAUTISTA BENAVENT, S.L.U.","POL ALCES, P 5-7",Alcázar de San Juan,13600,"Ciudad Real,Castile-La Mancha",Spain,EU-EFTA,RM,SH,Y,caprine ovine,SH - Slaughterhouse,,
10.08036/TO,"MATADERO FRIGORÍFICO MONTES DE TOLEDO, S.C.C.L.M.","CTRA. TOLEDO-PIEDRABUENA, KM. 22",Pulgar,45125,"Toledo,Castile-La Mancha",Spain,EU-EFTA,RM,CP SH,Y,bovine caprine ovine,CP - Cutting Plant | SH - Slaughterhouse,,
ES060360000800,MATADERO FRIGORÍFICO VÍCTOR SÁNCHEZ S.L.,"CTRA. EX-103, KM 93,6",Castuera,06420,"Badajoz,Extremadura",Spain,EU-EFTA,RM,SH,Y,caprine ovine porcine bovine,SH - Slaughterhouse,,
ES050652000111 / 10.09647/AV,"MATADERO H. G., S. L.",CARRETERA CRESPOS Nº2 KM. 0,Pascualgrande,05309,"Ávila,Castile and León",Spain,EU-EFTA,RM,SH,Y,bovine porcine caprine ovine,SH - Slaughterhouse,,
ES050652000111,MATADERO H.G. SL,C/CARRETERA CRESPOS FONTIVEROS,Pascualgrande,05309,"Ávila,Castile and León",Spain,EU-EFTA,RM,SH,Y,bovine caprine ovine porcine,SH - Slaughterhouse,,
10.08223/BA,MATADERO IBÉRICO DE MÉRIDA S.L.,POL. IND. EL PRADO S/N - MERIDA - 06800 - Badajoz,Mérida,06800,"Badajoz,Extremadura",Spain,EU-EFTA,RM,CP SH,Y,,CP - Cutting Plant | SH - Slaughterhouse,,
10.02713/H,MATADERO INDUSTRAL DE CORTEGANA-ARTESANOS DE JABUGO S.A.,CALLE CRUZ 11,Cortegana,21230,"Huelva,Andalusia",Spain,EU-EFTA,RM,CP SH,Y,,CP - Cutting Plant | SH - Slaughterhouse,,
10.17096/AB,"MATADERO INDUSTRIAL DE TOBARRA, S.L.","PASO DE LA HOYA, 2",Tobarra,02500,"Albacete,Castile-La Mancha",Spain,EU-EFTA,RM,SH,Y,porcine ovine caprine,SH - Slaughterhouse,,
10.10543/AB,"MATADERO INDUSTRIAL LA MANCHUELA, S.C.L.",POLIGONO INDUSTRIAL AVDA. 1ª PARC. 62-63,Casas-Ibáñez,02200,"Albacete,Castile-La Mancha",Spain,EU-EFTA,RM,CP SH,Y,porcine ovine caprine,CP - Cutting Plant | SH - Slaughterhouse,,
10.09413/J,MATADERO INDUSTRIAL LOS ANGELES S.L.L.,CMNO SAN MARCOS S/N,Torreperogil,23320,"Jaén,Andalusia",Spain,EU-EFTA,RM,SH,Y,,SH - Slaughterhouse,,
ES210340001001,MATADERO JABUGO GALAROZA S.L,CARRETERA SEVILLA LISBOA KM 1010,Galaroza,21208,"Huelva,Andalusia",Spain,EU-EFTA,RM,SH,Y,,SH - Slaughterhouse,,
10.20709/H,MATADERO LA JABUGUEÑA SL,PLAZA JOSE A ESCUREDO RAIMONDEZ S/N,Jabugo,21290,"Huelva,Andalusia",Spain,EU-EFTA,RM,CP SH,Y,,CP - Cutting Plant | SH - Slaughterhouse,,
ES040590001087,MATADERO LOS FILABRES S.C.A.,POLÍGONO INDUSTRIAL LA REDONDA,Lubrín,04271,"Almeria,Andalusia",Spain,EU-EFTA,RM,SH CP,Y,,SH - Slaughterhouse | CP - Cutting Plant,,
10.08471/TO,MATADERO LOS MONTEJANOS S.L.,AVDA. IV CENTENARIO S/N,Quintanar de la Orden,45800,"Toledo,Castile-La Mancha",Spain,EU-EFTA,RM,CP SH,Y,bovine caprine ovine porcine,CP - Cutting Plant | SH - Slaughterhouse,,
ES281290000014,MATADERO MADRID NORTE S.A.,"CARRETERA NACIONAL I, KM 32,300",San Agustín del Guadalix,28750,"Community of Madrid,Community of Madrid",Spain,EU-EFTA,RM,SH,Y,,SH - Slaughterhouse,,
10.14333/LU,MATADERO MAFRILEMOS SL,"POLIG.INDUSTRIAL REBOREDO, 21-24",Monforte de Lemos,27400,"Lugo,Galicia",Spain,EU-EFTA,RM,SH,Y,bovine,SH - Slaughterhouse,,
10.17857/GU,MATADERO MONDEJANO S.L.,"CTRA. CM-219, P.K. 3,450",Mondéjar,19110,"Guadalajara,Castile-La Mancha",Spain,EU-EFTA,RM,CP SH,Y,ovine caprine,CP - Cutting Plant | SH - Slaughterhouse,,
ES200710010185,MATADERO MUNICIPAL DE TOLOSA,AVDA. SAN SEBASTIAN S/N,Tolosa,20400,"Gipuzkoa,Basque Country",Spain,EU-EFTA,RM,SH,Y,bovine caprine ovine equine,SH - Slaughterhouse,,
10.05739/A,"MATADERO ORIHUELA, S.A.","POL. IND. PUENTE ALTO, S/N",Orihuela,03300,"Alacant / Alicante,Valencian Community",Spain,EU-EFTA,RM,SH,Y,bovine,SH - Slaughterhouse,,
10.08032/BA,MATADERO PORCALI S.L.,PL. DEL MATADERO -VILLAFRANCA DE LOS BARROS,Villafranca de los Barros,06220,"Badajoz,Extremadura",Spain,EU-EFTA,RM,SH,Y,bovine caprine ovine,SH - Slaughterhouse,,
ES061490000026,"MATADERO PORCALI, SOCIEDAD LIMITADA",MATADERO MUNICIPAL VILLAFRANCA DE LOS BARROS,Villafranca de los Barros,06220,"Badajoz,Extremadura",Spain,EU-EFTA,RM,SH,Y,,SH - Slaughterhouse,,
10.14611/GR,"MATADERO RODRIGUEZ CAMACHO, S.L.","CTRA. MALAGA, KM.444",Santa Fe,18320,"Granada,Andalusia",Spain,EU-EFTA,RM,CP SH,Y,,CP - Cutting Plant | SH - Slaughterhouse,,
ES092192000011 / 10.05924/BU,"MATADERO SAN JUAN DEL MONTE, S. A.",POLIGONO INDUSTRIAL BAYAS 125,Miranda de Ebro,09200,"Burgos,Castile and León",Spain,EU-EFTA,RM,SH,Y,bovine caprine ovine porcine equine,SH - Slaughterhouse,,
10.00159/H,MATADERO SANCHEZ ROMERO CARVAJAL JABUGO S.A.,CARRETERA SAN JUAN DEL PUERTO S/N,Jabugo,21290,"Huelva,Andalusia",Spain,EU-EFTA,RM,CP SH,Y,,CP - Cutting Plant | SH - Slaughterhouse,,
10.15513/GR,MATADERO Y SALA DE DESPIECE ANTONIO LUIS S.L.,"CTRA. DE BENAMAUREL, KM. 2,5",Baza,18800,"Granada,Andalusia",Spain,EU-EFTA,RM,CP SH,Y,bovine caprine ovine porcine,CP - Cutting Plant | SH - Slaughterhouse,,
10.17033/SA,"MATADEROS DEL SUROESTE, S. L.",S/N KM. 0 CARRETERA GIJON-SEVILLA,La Cabeza de Béjar,37777,"Salamanca,Castile and León",Spain,EU-EFTA,RM,CP,N,,CP - Cutting Plant,,
10.00837/MA,"MATADEROS INDUSTRIALES SOLER, S.A. (MISSA)",Plaza Prolongo 1,Estación de Cártama,29580,"Malaga,Andalusia",Spain,EU-EFTA,RM,SH,Y,,SH - Slaughterhouse,,
ES341230000009 / 10.13667/P,"MATADEROS PAREDEÑOS, S. L.",CARRETERA PALENCIA S/N KM. 17 CARRETERA PALENCIA-VILLADA KM. 17'00,Paredes de Nava,34300,"Palencia,Castile and León",Spain,EU-EFTA,RM,SH,Y,porcine ovine caprine,SH - Slaughterhouse,,
10.1836/OR,MATADOIRO MAGEFRIGOR SL,OURENSE (CTRA. DE VIGO Nº35),Ourense,32003,"Ourense,Galicia",Spain,EU-EFTA,RM,SH,Y,,SH - Slaughterhouse,,
10.07890/ZA,"MATELLAN HERMANOS, S. L.",CALLE FERIA Nº8,Rabanales,49519,"Zamora,Castile and León",Spain,EU-EFTA,RM,CP,N,,CP - Cutting Plant,,
10.06374/MU,MATOSA MATADERO INDUSTRIAL S.L.,"CARRETERA DE MAZARRÓN, KM. 2, S/N",Totana,30850,"Region of Murcia,Region of Murcia",Spain,EU-EFTA,RM,SH,Y,,SH - Slaughterhouse,,
10.15430/L,MAVE 93 SL,"Polígon Industrial Pausa (UA-B-18 ), Naus 15, 27, 28",Mollerussa,25230,"Lleida,Catalonia",Spain,EU-EFTA,RM,CP,N,,CP - Cutting Plant,,
10.12374/BA,"MAZAFRA, S.L.","MATADERO MAZAFRA CTRA.NACIONAL KM. 9,3",Zafra,06300,"Badajoz,Extremadura",Spain,EU-EFTA,RM,CP SH,Y,porcine,CP - Cutting Plant | SH - Slaughterhouse,,
10.027209/TO,MEAT FIND,COSTA DEL SOL 63,Yuncos,45210,"Toledo,Castile-La Mancha",Spain,EU-EFTA,RM,CP,N,,CP - Cutting Plant,,
10.15237/TO,MEATIMEX IBERICA SL.,"C/JARAMA,5 NAVE C-6 (MERCADO DE MAYORISTAS)",Toledo,45007,"Toledo,Castile-La Mancha",Spain,EU-EFTA,RM,CP,N,,CP - Cutting Plant,,
10.026870/M,"MEATLAMB, S.L.",CL. PUERTO DE PAJARES Nº 8 P.I. PRADO OVERA,Leganés,28919,"Community of Madrid,Community of Madrid",Spain,EU-EFTA,RM,CP,N,,CP - Cutting Plant,,
ES101210000436,MEDIAMER GESTIONES S.L.,"MATADERO DE MIAJADAS AVDA. CRUZ DE LOS PAJARES,13 A",Miajadas,10100,"Cáceres,Extremadura",Spain,EU-EFTA,RM,SH,Y,bovine ovine caprine,SH - Slaughterhouse,,
10.03351/MA,MEDINA RUIZ INDUSTRIAS CARNICAS S.L.,CALLE MARTIRES DE IGUERIBEN Nº 27,Jimera de Líbar,29392,"Malaga,Andalusia",Spain,EU-EFTA,RM,CP,N,,CP - Cutting Plant,,
10.025201/C,MEERMEAT CARNES DEL NORTE SL,POLIGONO PIADELA SUR NAVE 7,Betanzos,15125,"A Coruña,Galicia",Spain,EU-EFTA,RM,CP,N,,CP - Cutting Plant,,
10.027713/MA,MELGAR AGUILAR FRANCISCO,BARRIADA DE LA ESTACION S/N,Benaoján,29360,"Malaga,Andalusia",Spain,EU-EFTA,RM,CP,N,,CP - Cutting Plant,,
10.02073/ZA,"MELQUIADES RODRIGUEZ, S.A.","CTRA.NACIONAL 122 KM 449,9",Coreses,49530,"Zamora,Castile and León",Spain,EU-EFTA,RM,CP,N,,CP - Cutting Plant,,
10.028489/TO,MERCADO ORGANIQ SL,FINCA DEL CHINO. POLIGONO 2 PARCELA 17,Mejorada,45622,"Toledo,Castile-La Mancha",Spain,EU-EFTA,RM,CP,N,,CP - Cutting Plant,,
10.00213/MU,MERCADOS CENTRALES DE ABASTECIMIENTOS DE MURCIA S.A.,"AVENIDA MERCAMURCIA, 18 - PALMAR (EL) O LUGAR DE DON JUAN - 30120 - Murcia",El Palmar,30120,"Region of Murcia,Region of Murcia",Spain,EU-EFTA,RM,SH,Y,,SH - Slaughterhouse,,
ES221122103221,MERCAFRAGA SL,CAMINO MASSALCOREIG S/N POLIGONO 5 PARCELA 9000,Fraga,22520,"Huesca,Aragon",Spain,EU-EFTA,RM,SH,Y,bovine caprine ovine,SH - Slaughterhouse,,
10.05019/V,"MERCAVALENCIA, S.A.",CTRA. FUENTE EN CORTS Num. 231 - VALENCIA,Valencia,46013,"Valencia,Valencian Community",Spain,EU-EFTA,RM,SH CP,Y,,SH - Slaughterhouse | CP - Cutting Plant,,
10.22290/MA,MERINO RUIZ MIGUEL,CALLE LAS TOBAS Nº 2,Yunquera,29410,"Malaga,Andalusia",Spain,EU-EFTA,RM,CP,N,,CP - Cutting Plant,,
10.028516/SA,MIGUEL ANGEL ALONSO PLANCHUELO,CALLE HORNO Nº: 11,Montejo,37795,"Salamanca,Castile and León",Spain,EU-EFTA,RM,CP,N,,CP - Cutting Plant,,
10.10675/VA,"MIGUEL VERGARA, S. L.","""POLIGONO INDUSTRIAL EL ESPARRAGAL C/ ESPARRAGAL, Nº 18-20, P-51""",Santovenia de Pisuerga,47155,"Valladolid,Castile and León",Spain,EU-EFTA,RM,CP,N,,CP - Cutting Plant,,
10.04781/SA,"MOISES ALONSO MARTIN, S. L.",CALLE GUARDIA CIVIL Nº25,Guijuelo,37770,"Salamanca,Castile and León",Spain,EU-EFTA,RM,CP,N,,CP - Cutting Plant,,
10.029600/AV,"MONTALVO PREMIUM BEEF, S.L.","CTRA. ADANERO, Nº 45 POLIGONO INDUSTRIAL LAS VEGAS",Villanueva de Gómez,05164,"Ávila,Castile and León",Spain,EU-EFTA,RM,CP,N,,CP - Cutting Plant,,
10.028244/P,"MONTAÑAS Y VALLES, S. COOP",CALLE BELGICA Nº: 12,Palencia,34004,"Palencia,Castile and León",Spain,EU-EFTA,RM,CP,N,,CP - Cutting Plant,,
10.23090/CA,MONTECRUZ PRODUCTOS CARNICOS S.L.,"AVDA/ INDEPENDENCIA (DE LA), BAJO A - URB. EL LABRADOR",San José del Valle,11580,"Cádiz,Andalusia",Spain,EU-EFTA,RM,CP,N,,CP - Cutting Plant,,
10.10012/J,MONTERIAS CENCERRA S.A.,POLIGONO ESTACIÓN FERROCARRIL 4 B,Andújar,23740,"Jaén,Andalusia",Spain,EU-EFTA,RM,CP,N,,CP - Cutting Plant,,
10.09362/BA,MONTESANO EXTREMADURA S.A,"Carretera Nacional 435, Km. 234",Jerez de los Caballeros,06380,"Badajoz,Extremadura",Spain,EU-EFTA,RM,CP SH,Y,porcine,CP - Cutting Plant | SH - Slaughterhouse,,
ES060700001558,MONTESANO EXTREMADURA S.A.,Matadero MONTESANO EXTREMADURA S.A.,Jerez de los Caballeros,06380,"Badajoz,Extremadura",Spain,EU-EFTA,RM,SH,Y,,SH - Slaughterhouse,,
10.02603/CA,MONTESIERRA S.A.,"AV.JUAN CARLOS I, ROTONDA Nº4, CMNO. DE MONTEALEGRE BAJO S/N - FINCA MONTESIERRA",Jerez,11406,"Cádiz,Andalusia",Spain,EU-EFTA,RM,CP,N,,CP - Cutting Plant,,
10.15321/SA,"MONTESIERRO DE SALAMANCA, S.L.",CARRETERA ALBA S/N,Navales,37882,"Salamanca,Castile and León",Spain,EU-EFTA,RM,CP,N,,CP - Cutting Plant,,
10.19434/ZA,"MORALEJO SELECCION, S.L.U.","""P.INDUSTRIAL CAMPO DE AVIACION, C/ 1, Nº15 CTRA. DE TORDESILLAS N-122, KM. 449,5""",Coreses,49530,"Zamora,Castile and León",Spain,EU-EFTA,RM,CP,N,,CP - Cutting Plant,,
ES490100220131 // 10.027041/ZA,"MORALEJO SELECCION, S.L.U.","CTRA. FUENTESAUCO, KM 4,5",Arcenillas,49151,"Zamora,Castile and León",Spain,EU-EFTA,RM,CP SH,Y,ovine caprine,CP - Cutting Plant | SH - Slaughterhouse,,
10.19944/LE,"MORLA SAN JUAN, S.L.",CTRA. VILECHA S/N. PUESTOS 35-37 MERCALEON,León,24192,"León,Castile and León",Spain,EU-EFTA,RM,CP,N,,CP - Cutting Plant,,
10.19990/SG,"MUÑOZ BERZAL HERMANOS, S. A.",POLIGONO INDUSTRIAL RIAZA,Riaza,40500,"Segovia,Castile and León",Spain,EU-EFTA,RM,CP,N,,CP - Cutting Plant,,
ES320190060101,Matadero Carballiño SL,Seoane,O Carballiño,32135,"Ourense,Galicia",Spain,EU-EFTA,RM,SH,Y,bovine,SH - Slaughterhouse,,
10.0920/J,"Matadero Frigorífico de Begíjar, S.A","Calle Río Ebro, 26",Begíjar,23529,"Jaén,Andalusia",Spain,EU-EFTA,RM,SH,Y,,SH - Slaughterhouse,,
10.02457/Z,Matadero MERCAZARAGOZA,"Camino de Cogullada, s/n.",Zaragoza,50014,"Zaragoza,Aragon",Spain,EU-EFTA,RM,SH,Y,,SH - Slaughterhouse,,
ES260710000999,Matadero Riojalteño S.A.,"Av. de la Diputación, nº 3. Polígono Entrecarreteras. (26200) Haro, ( La Rioja )",Haro,26200,"Rioja,Rioja",Spain,EU-EFTA,RM,SH,Y,,SH - Slaughterhouse,,
10.12078/MU,NICOLAS Y VALERO SRL,"Carretera de Abanilla, km 1.6",Santomera,30140,"Region of Murcia,Region of Murcia",Spain,EU-EFTA,RM,CP,N,,CP - Cutting Plant,,
10.028235/GI,NOEL ALIMENTARIA SAU,"PO Pla de Baix, AV Europa, 14",Olot,17800,"Girona,Catalonia",Spain,EU-EFTA,RM,CP,N,porcine,CP - Cutting Plant,,
10.04059/GE,NOEL ALIMENTARIA SAU,"AV Gaudí, 25",Olot,17178,"Girona,Catalonia",Spain,EU-EFTA,RM,CP,N,porcine,CP - Cutting Plant,,
10.09453/SE,NORTECAZA S.L.,CARRETERA CTRA. SEVILLA KM 60 (C-433),El Pedroso,41360,"Seville,Andalusia",Spain,EU-EFTA,RM,CP,N,,CP - Cutting Plant,,
10.01400/LU,NOVAFRIGSA S.A.,LAMABLANCA,Coeses,27181,"Lugo,Galicia",Spain,EU-EFTA,RM,CP SH,Y,bovine,CP - Cutting Plant | SH - Slaughterhouse,,
10.08265/H,OLALLA IBERICA SL,CALLE MARINA ESPAÑOLA 62,Santa Olalla del Cala,21260,"Huelva,Andalusia",Spain,EU-EFTA,RM,CP,N,,CP - Cutting Plant,,
ES400240000027 / 10.009627/SG,"OLIVARES DE BLAS, S. L.","CAMINO SALDAÑA S/N CAMINO SALDAÑA, POLIGONO 2, PARCELA, 30",Ayllón,40520,"Segovia,Castile and León",Spain,EU-EFTA,RM,CP SH,Y,caprine ovine,CP - Cutting Plant | SH - Slaughterhouse,,
10.05357/GE,"OLOT MEATS, S.A.","AV. EUROPA, 8. P.I. PLA DE BAIX MO. 497E01",Olot,17800,"Girona,Catalonia",Spain,EU-EFTA,RM,CP SH,Y,,CP - Cutting Plant | SH - Slaughterhouse,,
10.11417/CU,"ONATE ESCRIBANO, S.L.","SAN PEDRO, 49",Quintanar del Rey,16220,"Cuenca,Castile-La Mancha",Spain,EU-EFTA,RM,CP,N,,CP - Cutting Plant,,
10.12513/CR,"ORTEGA 1939, SL",AV SERNA DE PALACIO nº 1,Alcázar de San Juan,13600,"Ciudad Real,Castile-La Mancha",Spain,EU-EFTA,RM,CP,N,,CP - Cutting Plant,,
10.024983/CR,"ORTEGA ESPECIALISTAS EN CARNE, S.L.",AVDA. DE QUERO Nº 60,Alcázar de San Juan,13600,"Ciudad Real,Castile-La Mancha",Spain,EU-EFTA,RM,CP,N,,CP - Cutting Plant,,
10.09216/L,OVIBORGES SL,"N-240, km 69,8",les Borges Blanques,25400,"Lleida,Catalonia",Spain,EU-EFTA,RM,CP SH,Y,,CP - Cutting Plant | SH - Slaughterhouse,,
10.13561/GU,OVIDEMON SOCIEDAD LIMITADA,"POLIGONO LA PARADA, 50",Molina de Aragón,19300,"Guadalajara,Castile-La Mancha",Spain,EU-EFTA,RM,SH,Y,caprine ovine,SH - Slaughterhouse,,
ES240890000156 / 10.024914/LE,"OVIGAR GANADOS DE LEON, S.L.",CAMINO DE LOS DEPOSITOS DE AGUA S/N,Oteruelo de la Valdoncina,24009,"León,Castile and León",Spain,EU-EFTA,RM,CP SH,Y,caprine ovine,CP - Cutting Plant | SH - Slaughterhouse,,
10.01036/B,OVINOS DEL TER SLU,"Polígon El Puig Vell, parcel·les 11 i 12",Roda de Ter,08510,"Barcelona,Catalonia",Spain,EU-EFTA,RM,CP,N,,CP - Cutting Plant,,
10.08201/CR,"OVINOS MANCHEGOS, S.L.",CTRA. DE SOCUELLAMOS KM. 2,Tomelloso,13700,"Ciudad Real,Castile-La Mancha",Spain,EU-EFTA,RM,CP SH,Y,bovine caprine ovine,CP - Cutting Plant | SH - Slaughterhouse,,
10.15362/SG,"OVINOS SELECTION, S.L.U.",POLIGONO INDUSTRIAL RIAZA 3-A,Riaza,40500,"Segovia,Castile and León",Spain,EU-EFTA,RM,CP,N,,CP - Cutting Plant,,
10.14218/H,OVIPOR SOCIEDAD COOP ANDALUZA,POLIGONO POLIRROSA C/C NAVES 309-310-311; 342-343-344,Huelva,21007,"Huelva,Andalusia",Spain,EU-EFTA,RM,CP,N,,CP - Cutting Plant,,
10-07331SE,OVIVACUN S.L.,"CTRA. MORON - ARAHAL KM. 1,2",Morón de la Frontera,41530,"Seville,Andalusia",Spain,EU-EFTA,RM,SH,Y,bovine caprine ovine,SH - Slaughterhouse,,
10.02552/SE,PACO MARIN S.L.,AVENIDA ANDALUCIA (DE) Nº63,Lebrija,41740,"Seville,Andalusia",Spain,EU-EFTA,RM,CP,N,,CP - Cutting Plant,,
10.026639/BA,PAIS DE QUERCUS S.L.,JOAQUIN SANCHEZ VALVERDE 20 06006 - BADAJOZ,Badajoz,06006,"Badajoz,Extremadura",Spain,EU-EFTA,RM,CP,N,,CP - Cutting Plant,,
10.027815/GR,PALADARES DE LA ALPUJARRA S.L.,CALLE RAFAEL ALBERTI Nº5,Motril,18600,"Granada,Andalusia",Spain,EU-EFTA,RM,CP,N,,CP - Cutting Plant,,
10.01467/LE,"PALCARSA, S. L.","CTRA. LEON, S/N",San Justo de la Vega,24710,"León,Castile and León",Spain,EU-EFTA,RM,CP,N,,CP - Cutting Plant,,
10.021944/MA,PARAISO DE LA CARNE SELECCION S.L.,CALLE DOCTOR GOMEZ DEL RIO Nº 4,Málaga,29006,"Malaga,Andalusia",Spain,EU-EFTA,RM,CP,N,,CP - Cutting Plant,,
10.029428/SA,"PARRO GLOBAL FOOD, S.L.","CTRA. SALAMANCA-LA FREGENEDA CL 517, KM 87,8. POLIG.5 PARC 4, EL TORBISCAL",Lumbrales,37240,"Salamanca,Castile and León",Spain,EU-EFTA,RM,CP,N,ovine,CP - Cutting Plant,,
10.09343/Z,"PASTORES GR. COOP. PROD. D CARNE, S.COOP","Calle MERCAZARAGOZA, CNO. COGULLADA 65 CL/G,22",Zaragoza,50014,"Zaragoza,Aragon",Spain,EU-EFTA,RM,CP,N,,CP - Cutting Plant,,
10.01293/B,PATEL SAU,Ctra. Vic-Olot Km. 11,l'Esquirol,08511,"Barcelona,Catalonia",Spain,EU-EFTA,RM,CP SH,Y,,CP - Cutting Plant | SH - Slaughterhouse,,
10.10256/CR,"PEDRIN E HIJOS, S.L.","POL. IND. AVDA. MARTIRES, C/V, COMERCIANTES, S/N",La Solana,13240,"Ciudad Real,Castile-La Mancha",Spain,EU-EFTA,RM,CP SH,Y,,CP - Cutting Plant | SH - Slaughterhouse,,
10.06692/SA,"PEPIÑO, S. L.",CALLE AMPARO Nº21,Vitigudino,37210,"Salamanca,Castile and León",Spain,EU-EFTA,RM,CP,N,,CP - Cutting Plant,,
ES451710000021,PEÑA TAURINA LA TORREÑA,PLAZA DE TOROS LA TORRE DE ESTEBAN HAMBRAN,La Torre de Esteban Hambrán,45920,"Toledo,Castile-La Mancha",Spain,EU-EFTA,RM,SH,Y,,SH - Slaughterhouse,,
ES060230000394,PLAZA DE TOROS,"Plaza de España, 1 06600",Cabeza del Buey,06600,"Badajoz,Extremadura",Spain,EU-EFTA,RM,SH,Y,,SH - Slaughterhouse,,
ES102030000967,PLAZA DE TOROS,ES102030000967,Valencia de Alcántara,10500,"Cáceres,Extremadura",Spain,EU-EFTA,RM,SH,Y,,SH - Slaughterhouse,,
ES101480000502,PLAZA DE TOROS,ES101480000502,Plasencia,10600,"Cáceres,Extremadura",Spain,EU-EFTA,RM,SH,Y,,SH - Slaughterhouse,,
ES020530000078,PLAZA DE TOROS,C/ VICENTE BARRERA S/N,Munera,02612,"Albacete,Castile-La Mancha",Spain,EU-EFTA,RM,SH,Y,,SH - Slaughterhouse,,
ES061270000342,PLAZA DE TOROS,ES061270000342,Talarrubias,06770,"Badajoz,Extremadura",Spain,EU-EFTA,RM,SH,Y,,SH - Slaughterhouse,,
ES060580000168,PLAZA DE TOROS,ES060580000168,La Garrovilla,06870,"Badajoz,Extremadura",Spain,EU-EFTA,RM,SH,Y,,SH - Slaughterhouse,,
ES450470000026,PLAZA DE TOROS,ES450470000026,Cedillo del Condado,45214,"Toledo,Castile-La Mancha",Spain,EU-EFTA,RM,SH,Y,,SH - Slaughterhouse,,
ES100670000902,PLAZA DE TOROS,PLAZA DE TOROS,Coria,10800,"Cáceres,Extremadura",Spain,EU-EFTA,RM,SH,Y,,SH - Slaughterhouse,,
ES060630000417,PLAZA DE TOROS,ES060630000417,Herrera del Duque,,"Badajoz,Extremadura",Spain,EU-EFTA,RM,SH,Y,,SH - Slaughterhouse,,
ES020030000286,PLAZA DE TOROS,FERIA S/N,Albacete,02005,"Albacete,Castile-La Mancha",Spain,EU-EFTA,RM,SH,Y,,SH - Slaughterhouse,,
ES061250000312,PLAZA DE TOROS,ES061250000312,Siruela,,"Badajoz,Extremadura",Spain,EU-EFTA,RM,SH,Y,,SH - Slaughterhouse,,
ES471656100031,PLAZA DE TOROS,CNO TORRECILLA DE LA ABADESA BARRIO LA PROVIDENCIA,Tordesillas,47100,"Valladolid,Castile and León",Spain,EU-EFTA,RM,SH,Y,,SH - Slaughterhouse,,
es060120000043,PLAZA DE TOROS,ES060120000043,Arroyo de San Serván,06210,"Badajoz,Extremadura",Spain,EU-EFTA,RM,SH,Y,,SH - Slaughterhouse,,
ES130150000454,PLAZA DE TOROS,"POLIGONO 68, PARCELA 169",Almodóvar del Campo,13500,"Ciudad Real,Castile-La Mancha",Spain,EU-EFTA,RM,SH,Y,,SH - Slaughterhouse,,
ES452050000007,PLAZA DE TOROS,ES452050000007,Yuncos,45210,"Toledo,Castile-La Mancha",Spain,EU-EFTA,RM,SH,Y,,SH - Slaughterhouse,,
ES060280000235,PLAZA DE TOROS,ES060280000235,Campanario,06460,"Badajoz,Extremadura",Spain,EU-EFTA,RM,SH,Y,,SH - Slaughterhouse,,
ES101250000151,PLAZA DE TOROS,ES101250000151,Monroy,10193,"Cáceres,Extremadura",Spain,EU-EFTA,RM,SH,Y,,SH - Slaughterhouse,,
ES060250000666,PLAZA DE TOROS,ES060250000666,Calamonte,06810,"Badajoz,Extremadura",Spain,EU-EFTA,RM,SH,Y,,SH - Slaughterhouse,,
ES060970000070,PLAZA DE TOROS,ES060970000070,Orellana la Vieja,06740,"Badajoz,Extremadura",Spain,EU-EFTA,RM,SH,Y,,SH - Slaughterhouse,,
ES2300970000205,PLAZA DE TOROS (VVA. DEL ARZOBISPO),CARRETERA CORDOBA-VALENCIA,Villanueva del Arzobispo,23280,"Jaén,Andalusia",Spain,EU-EFTA,RM,SH,Y,,SH - Slaughterhouse,,
ES060070000795,PLAZA DE TOROS ALCONCHEL,ES060070000795,Alconchel,06110,"Badajoz,Extremadura",Spain,EU-EFTA,RM,SH,Y,,SH - Slaughterhouse,,
ES450810000018,PLAZA DE TOROS AYUNTAMIENTO ILLESCAS,C/SAN PEDRO Nº 5,Illescas,45200,"Toledo,Castile-La Mancha",Spain,EU-EFTA,RM,SH,Y,,SH - Slaughterhouse,,
ES451220000014,PLAZA DE TOROS AYUNTAMIENTO OLIAS DEL REY,"Plaza de la constitución, 13",Olías del Rey,45280,"Toledo,Castile-La Mancha",Spain,EU-EFTA,RM,SH,Y,,SH - Slaughterhouse,,
ES161910000011,PLAZA DE TOROS AYUNTAMIENTO SAN LORENZO DE LA PARRILLA,SAN LORENZO DE LA PARRILLA,San Lorenzo de la Parrilla,16770,"Cuenca,Castile-La Mancha",Spain,EU-EFTA,RM,SH,Y,,SH - Slaughterhouse,,
ES0200810000102,PLAZA DE TOROS Ayuntamiento Villarrobledo,CASTELLANOS,Villarrobledo,02600,"Albacete,Castile-La Mancha",Spain,EU-EFTA,RM,SH,Y,bovine,SH - Slaughterhouse,,
ES160330000027,PLAZA DE TOROS BELMONTE,"calle san juan del castillo, 77",Belmonte,16640,"Cuenca,Castile-La Mancha",Spain,EU-EFTA,RM,SH,Y,,SH - Slaughterhouse,,
ES110040000432,PLAZA DE TOROS DE ALGECIRAS,PLAZA DE TOROS DE ALGECIRAS,Algeciras,11202,"Cádiz,Andalusia",Spain,EU-EFTA,RM,SH,Y,bovine,SH - Slaughterhouse,,
ES040130001089,PLAZA DE TOROS DE ALMERIA,AVDA. DE VILCHES,Almeria,04002,"Almeria,Andalusia",Spain,EU-EFTA,RM,SH,Y,bovine,SH - Slaughterhouse,,
ES060150001465,PLAZA DE TOROS DE BADAJOZ,BADAJOZ,Badajoz,06001,"Badajoz,Extremadura",Spain,EU-EFTA,RM,SH,Y,,SH - Slaughterhouse,,
ES230090000911,PLAZA DE TOROS DE BAEZA,"ACERA DE LA TRINIDAD, S/N",Baeza,23440,"Jaén,Andalusia",Spain,EU-EFTA,RM,SH,Y,,SH - Slaughterhouse,,
ES140100000110,PLAZA DE TOROS DE BENAMEJI,"CÓRDOBA, S/N",Benamejí,53000,"Cordova,Andalusia",Spain,EU-EFTA,RM,SH,Y,,SH - Slaughterhouse,,
ES260360000998,PLAZA DE TOROS DE CALAHORRA,"CALLE GLORIETA DE QUINTILIANO, NUM 1",Calahorra,26500,"Rioja,Rioja",Spain,EU-EFTA,RM,SH,Y,,SH - Slaughterhouse,,
ES410320000665,PLAZA DE TOROS DE CAZALLA,EL MORO,Cazalla de la Sierra,41370,"Seville,Andalusia",Spain,EU-EFTA,RM,SH,Y,bovine,SH - Slaughterhouse,,
ES060440000824,PLAZA DE TOROS DE DON BENITO,PLAZA DE TOROS,Don Benito,06700,"Badajoz,Extremadura",Spain,EU-EFTA,RM,SH,Y,,SH - Slaughterhouse,,
ES110270000206,PLAZA DE TOROS DE EL PUERTO DE SANTA MARIA (ES110270000206),PLAZA DE ELIAS AHUJA S/N,El Puerto de Santa María,11500,"Cádiz,Andalusia",Spain,EU-EFTA,RM,SH,Y,,SH - Slaughterhouse,,
ES060520001275,PLAZA DE TOROS DE FUENTE DE CANTOS,PLAZA DE TOROS NO PERMANENTE,Fuente de Cantos,06240,"Badajoz,Extremadura",Spain,EU-EFTA,RM,SH,Y,,SH - Slaughterhouse,,
ES060680000315.,PLAZA DE TOROS DE HINOJOSA DEL VALLE,PLAZA DE LA CONSTITUCIÓN 1,Hinojosa del Valle,06226,"Badajoz,Extremadura",Spain,EU-EFTA,RM,SH,Y,,SH - Slaughterhouse,,
ES230500000259,PLAZA DE TOROS DE JAEN,ALAMEDA CALVO SOTELO S/N,Jaén,23001,"Jaén,Andalusia",Spain,EU-EFTA,RM,SH,Y,bovine,SH - Slaughterhouse,,
ES110220000107,PLAZA DE TOROS DE LA LINEA DE LA C.,LA LINEA DE LA C.,La Línea de la Concepción,11300,"Cádiz,Andalusia",Spain,EU-EFTA,RM,SH,Y,,SH - Slaughterhouse,,
ES060830001184,PLAZA DE TOROS DE MERIDA,PLAZA DE TOROS C/VÍA DE ENSANCHE,Mérida,06800,"Badajoz,Extremadura",Spain,EU-EFTA,RM,SH,Y,bovine,SH - Slaughterhouse,,
ES060850000471,PLAZA DE TOROS DE MONESTERIO,ES060850000471,Monesterio,06260,"Badajoz,Extremadura",Spain,EU-EFTA,RM,SH,Y,,SH - Slaughterhouse,,
ES240530000500,PLAZA DE TOROS DE NIEBLA,C/ TRIGUEROS S/N,Niebla,,"Huelva,Andalusia",Spain,EU-EFTA,RM,SH,Y,,SH - Slaughterhouse,,
ES210550000014,PLAZA DE TOROS DE PALOS DE LA FRA.,"JUAN DE LA COSSA,S/N",Palos de la Frontera,21810,"Huelva,Andalusia",Spain,EU-EFTA,RM,SH,Y,,SH - Slaughterhouse,,
ES140540000855,PLAZA DE TOROS DE POZOBLANCO (054CO00855),CIRCUNVALACION,Pozoblanco,14400,"Cordova,Andalusia",Spain,EU-EFTA,RM,SH,Y,,SH - Slaughterhouse,,
ES230750000919,PLAZA DE TOROS DE SABIOTE,"CAPITAN CORTES, 26-SABIOTE",Sabiote,23410,"Jaén,Andalusia",Spain,EU-EFTA,RM,SH,Y,,SH - Slaughterhouse,,
ES061280001027,PLAZA DE TOROS DE TALAVERA LA REAL,PLAZA DE TOROS,Talavera la Real,06140,"Badajoz,Extremadura",Spain,EU-EFTA,RM,SH,Y,,SH - Slaughterhouse,,
ES061290000267,PLAZA DE TOROS DE TALIGA,TALIGA,Táliga,06133,"Badajoz,Extremadura",Spain,EU-EFTA,RM,SH,Y,,SH - Slaughterhouse,,
ES110350000766,PLAZA DE TOROS DE TARIFA,"Plaza de Toros de Tarifa - Calle Bering, s/n",Tarifa,11380,"Cádiz,Andalusia",Spain,EU-EFTA,RM,SH,Y,bovine,SH - Slaughterhouse,,
ES1103800001000,PLAZA DE TOROS DE UBRIQUE,AYUNTAMIENTO DE UBRIQUE,Ubrique,11600,"Cádiz,Andalusia",Spain,EU-EFTA,RM,SH,Y,bovine,SH - Slaughterhouse,,
ES069010000241,PLAZA DE TOROS DE VALDELACALZADA,PLAZA DE TOROS,Valdelacalzada,06185,"Badajoz,Extremadura",Spain,EU-EFTA,RM,SH,Y,,SH - Slaughterhouse,,
ES462500000131,PLAZA DE TOROS DE VALENCIA,"C/ XÁTIVA, 28",Valencia,46004,"Valencia,Valencian Community",Spain,EU-EFTA,RM,SH,Y,bovine,SH - Slaughterhouse,,
ES061410000670,PLAZA DE TOROS DE VALENCIA DEL VENTOSO,Plaza de toros,Valencia del Ventoso,,"Badajoz,Extremadura",Spain,EU-EFTA,RM,SH,Y,,SH - Slaughterhouse,,
ES130960000086,PLAZA DE TOROS DE VILLARRUBIA DE LOS OJOS,"CAMINO HERENCIA, S/N",Villarrubia de los Ojos,13670,"Ciudad Real,Castile-La Mancha",Spain,EU-EFTA,RM,SH,Y,,SH - Slaughterhouse,,
ES061580000532,PLAZA DE TOROS DE ZAFRA,ES061580000532,Zafra,06300,"Badajoz,Extremadura",Spain,EU-EFTA,RM,SH,Y,,SH - Slaughterhouse,,
ES210780000369,PLAZA DE TOROS DE ZALAMEA LA REAL,ZALAMEA LA REAL,Zalamea la Real,,"Huelva,Andalusia",Spain,EU-EFTA,RM,SH,Y,,SH - Slaughterhouse,,
ES442169000000,PLAZA DE TOROS DEL AYUNTAMIENTO DE TERUEL,PL. DE LA CATEDRAL,Teruel,44001,"Teruel,Aragon",Spain,EU-EFTA,RM,SH,Y,,SH - Slaughterhouse,,
ES040790001096,PLAZA DE TOROS FIJA ROQUETAS,AVDA. DE LA ADUANA,Roquetas de Mar,04740,"Almeria,Andalusia",Spain,EU-EFTA,RM,SH,Y,,SH - Slaughterhouse,,
ES060690000455,PLAZA DE TOROS HORNACHOS,ES060690000455,Hornachos,,"Badajoz,Extremadura",Spain,EU-EFTA,RM,SH,Y,,SH - Slaughterhouse,,
ES410650009010,PLAZA DE TOROS MORON DE LA FRONTERA,CALLE SAGASTA NUMERO 12,Morón de la Frontera,41530,"Seville,Andalusia",Spain,EU-EFTA,RM,SH,Y,bovine,SH - Slaughterhouse,,
ES060220000996,PLAZA DE TOROS NO PERMANENTE. Ayto Burguillos del Cerro,AYUNTAMIENTO DE BURGUILLOS DEL CERRO PLAZA DE TOROS NO PERMANENTE,Burguillos del Cerro,06176,"Badajoz,Extremadura",Spain,EU-EFTA,RM,SH,Y,bovine equine,SH - Slaughterhouse,,
ES281330000003,PLAZA DE TOROS PERPANENTE SAN MARTÍN DE VALDEIGLESIAS,"PLAZA REAL, 1",San Martín de Valdeiglesias,28680,"Community of Madrid,Community of Madrid",Spain,EU-EFTA,RM,SH,Y,bovine,SH - Slaughterhouse,,
ES410790000590,PLAZA DE TOROS PORTATIL DE LA PUEBLA DEL,DESCONOCIDA,La Puebla del Río,41130,"Seville,Andalusia",Spain,EU-EFTA,RM,SH,Y,bovine,SH - Slaughterhouse,,
ES130680000161,PLAZA DE TOROS PUEBLA DE DON RODRIGO,SALIDA NACIONAL 430,Puebla de Don Rodrigo,13109,"Ciudad Real,Castile-La Mancha",Spain,EU-EFTA,RM,SH,Y,,SH - Slaughterhouse,,
ES061260000345,PLAZA DE TOROS SOLANA DE LOS BARROS,PLAZA DE TOROS PERMANENTE,Solana de los Barros,06209,"Badajoz,Extremadura",Spain,EU-EFTA,RM,SH,Y,,SH - Slaughterhouse,,
ES502979000000,"PLAZA DE TOROS ZARAGOZA. Zúñiga y toros, SL",Calle Vicente Gómez Salvo S/N,Zaragoza,50004,"Zaragoza,Aragon",Spain,EU-EFTA,RM,SH,Y,bovine,SH - Slaughterhouse,,
ES190710000026,PLAZA TOROS,SIN SEÑAS,El Casar,19170,"Guadalajara,Castile-La Mancha",Spain,EU-EFTA,RM,SH,Y,,SH - Slaughterhouse,,
ES190530000060,PLAZA TOROS BRIHUEGA,"PLAZA MANU LEGUINECHE, 3",Brihuega,19400,"Guadalajara,Castile-La Mancha",Spain,EU-EFTA,RM,SH,Y,,SH - Slaughterhouse,,
ES160780000086,PLAZA TOROS CUENCA,Avda Reyes Católicos,Cuenca,16003,"Cuenca,Castile-La Mancha",Spain,EU-EFTA,RM,SH,Y,,SH - Slaughterhouse,,
ES19130000069,PLAZA TOROS DE GUADALAJARA,JUAN DIGES ANTON,Guadalajara,19002,"Guadalajara,Castile-La Mancha",Spain,EU-EFTA,RM,SH,Y,,SH - Slaughterhouse,,
ES101090000259,PLAZA TOROS DE LOGROSÁN,PLAZA DE TOROS,Logrosán,,"Cáceres,Extremadura",Spain,EU-EFTA,RM,SH,Y,,SH - Slaughterhouse,,
ES192740000003,PLAZA TOROS DE TORIJA,"AVENIDA DE LA CONSTITUCIÓN, 19190 TORIJA",Torija,19190,"Guadalajara,Castile-La Mancha",Spain,EU-EFTA,RM,SH,Y,,SH - Slaughterhouse,,
ES102180000229,PLAZA TOROS DE ZARZA LA MAYOR,"PLAZA DE ESPAÑA, 1 ZARZA LA MAYOR",Zarza la Mayor,10880,"Cáceres,Extremadura",Spain,EU-EFTA,RM,SH,Y,,SH - Slaughterhouse,,
ES191610000004,PLAZA TOROS LUPIANA,SIN SEÑAS,Lupiana,19153,"Guadalajara,Castile-La Mancha",Spain,EU-EFTA,RM,SH,Y,bovine,SH - Slaughterhouse,,
ES280790000015,PLAZA UNO DE TOROS DE LAS VENTAS,"CALLE ALCALA, 237 (PLAZA DE TOROS)",Madrid,28028,"Community of Madrid,Community of Madrid",Spain,EU-EFTA,RM,SH,Y,bovine,SH - Slaughterhouse,,
10.019748/AV,"PORKYAVILA, S. L.",C/ RIO PISUERGA Nº5. POLIG. IND. LAS HERVENCIAS,Ávila,05004,"Ávila,Castile and León",Spain,EU-EFTA,RM,CP,N,,CP - Cutting Plant,,
10.20681/MA,POZO MUÑOZ FRANCISCO JUAN,CALLE SAN ANTONIO Nº 6,Nerja,29780,"Malaga,Andalusia",Spain,EU-EFTA,RM,CP,N,,CP - Cutting Plant,,
10.17942/J,PRECOCINADOS LA ESPERANZA S.L.U.,CARRETERA ARJONILLA S/N,Lopera,23780,"Jaén,Andalusia",Spain,EU-EFTA,RM,CP,N,,CP - Cutting Plant,,
10.13354/Z,PRIMACARNE SL,POLIGONO INDUSTRIAL EL CAMPILLO 75,Zuera,50800,"Zaragoza,Aragon",Spain,EU-EFTA,RM,CP,N,,CP - Cutting Plant,,
10.027407/V,"PROCESOS INDUSTRIALES DEL TURIA, S.L.",CTRA FUENTE EN CORTS Num. 231 CARNES-SALA DE DESPIECE-MERCAVALENCIA,Valencia,46013,"Valencia,Valencian Community",Spain,EU-EFTA,RM,CP,N,,CP - Cutting Plant,,
10.04247/GE,PRODUCTORA DESFER CAPS SLU,"PO Can Portella, 14,",Argelaguer,17853,"Girona,Catalonia",Spain,EU-EFTA,RM,CP,N,,CP - Cutting Plant,,
10.028170/MA,PRODUCTOS CARNICOS CAPRISUR,Bda. La Higuera. Buzón: 96 s/n,Antequera,29200,"Malaga,Andalusia",Spain,EU-EFTA,RM,CP,N,,CP - Cutting Plant,,
10.00324/O,PRODUCTOS CARNICOS EL CUCO SLU,CARRETERA EL RAYO Nº 26,Oviedo,33010,"Asturias,Asturias",Spain,EU-EFTA,RM,CP,N,,CP - Cutting Plant,,
10.10396/SA,PRODUCTOS CARNICOS ENCINASOLA. S. A. L.,CARRETERA FUENTERROBLE S/N,Guijuelo,37770,"Salamanca,Castile and León",Spain,EU-EFTA,RM,CP,N,,CP - Cutting Plant,,
10.028561/CA,PRODUCTOS CARNICOS FRANCISCO BRUZON S.L.,"C/ Ferrocarril,11 - P.I. Fadricas",San Fernando,11100,"Cádiz,Andalusia",Spain,EU-EFTA,RM,CP,N,,CP - Cutting Plant,,
10.026131/CA,PRODUCTOS CARNICOS MIGUEL ANGEL BUTRON E HIJOS S.L.,"C/ DE LOS TECNICOS , 5Y 6 -P.I. PELAGATOS",Τσικλάνα ντε λα Φροντέρα,11130,"Cádiz,Andalusia",Spain,EU-EFTA,RM,CP,N,,CP - Cutting Plant,,
10.16164/SA,"PRODUCTOS CARNICOS NIETO PARRA, S.L.","C/ BERRUECO, 1D, PARCELA 2.2.1A",Guijuelo,37770,"Salamanca,Castile and León",Spain,EU-EFTA,RM,CP,N,,CP - Cutting Plant,,
10.22738/MA,PRODUCTOS CARNICOS PERDIGUERO S.L.L.,CALLE MALAGA Nº 13,Riogordo,29180,"Malaga,Andalusia",Spain,EU-EFTA,RM,CP,N,,CP - Cutting Plant,,
10.03833/CR,"PRODUCTOS CARNICOS PIEDRABUENA, S.L.L.","POLIGONO INDUSTRIAL LA PAJARILLA, 4",Piedrabuena,13100,"Ciudad Real,Castile-La Mancha",Spain,EU-EFTA,RM,CP,N,,CP - Cutting Plant,,
10.024812/LE,"PRODUCTOS CARNICOS VALLE DE FORNELA, S.L.","""C/ HAMBURGO Nº12, PARCELA 12 A POLIG. IND. DEL BIERZO""",Ponferrada,24400,"León,Castile and León",Spain,EU-EFTA,RM,CP,N,,CP - Cutting Plant,,
10.19798/CO,PRODUCTOS DE LA CAZA Y DEL CERDO EL CANITO S.L.,"POLIG. IND. VIÑA VIRGEN, C/ IV, PARCELAS 57 - 60",Villaviciosa de Córdoba,14300,"Cordova,Andalusia",Spain,EU-EFTA,RM,CP,N,,CP - Cutting Plant,,
10.16076/CO,PRODUCTOS DE LA CAZA Y DEL CERDO EL CANITO S.L.,"CARRETERA POSADAS, 23",Villaviciosa de Córdoba,14300,"Cordova,Andalusia",Spain,EU-EFTA,RM,CP,N,,CP - Cutting Plant,,
ES371560220391 / 10.00018/SA,"PRODUCTOS IBERICOS CALDERON Y RAMOS, S. L.",CALLE FILIBERTO VILLALOBOS 154 - GUIJUELO - 37770 - Salamanca,Guijuelo,37770,"Salamanca,Castile and León",Spain,EU-EFTA,RM,CP SH,Y,porcine,CP - Cutting Plant | SH - Slaughterhouse,,
10.14544/SA,"PRODUCTOS IBERICOS CAMPO CHARRO 2010, S.L.",AVDA. SALAMANCA Nº 27,Berrocal de Salvatierra,37795,"Salamanca,Castile and León",Spain,EU-EFTA,RM,CP,N,,CP - Cutting Plant,,
ES372460000037 / 10.19335/SA,"PRODUCTOS IBERICOS DE GUIJUELO, S. L.",S/N CAMINO DE PEÑARANDA A VILLAR DE GALLIMAZO,Peñaranda de Bracamonte,37300,"Salamanca,Castile and León",Spain,EU-EFTA,RM,CP SH,Y,porcine,CP - Cutting Plant | SH - Slaughterhouse,,
10.18514/SA,"PRODUCTOS IBERICOS VALENTIN, S.L.",CALLE PAJARILLOS Nº2,Fuentes de Béjar,37790,"Salamanca,Castile and León",Spain,EU-EFTA,RM,CP,N,,CP - Cutting Plant,,
10.026528/Z,"PROFESIONALES DE LA CARNE, S.L.","Pol. Ind. San Miguel sector A C/ Rio Vero, 1",Villanueva de Gállego,50830,"Zaragoza,Aragon",Spain,EU-EFTA,RM,CP,N,,CP - Cutting Plant,,
10.029456/AV,"RAMON CARO, S.L.","C/ POLIGONO SECTOR SU 1.2, PARCELA 1.",Orbita,05296,"Ávila,Castile and León",Spain,EU-EFTA,RM,CP,N,,CP - Cutting Plant,,
10.03758/AV,RAUL CORNEJO PEREZ,ARRABAL BARRIONUEVO S/N,Piedrahíta,05500,"Ávila,Castile and León",Spain,EU-EFTA,RM,CP,N,,CP - Cutting Plant,,
10.06852/CA,REA INDUSTRIA CARNICA S.L.,AV.LA INDUSTRIA-P.I. EL TORNO NAVE 16-18,Τσικλάνα ντε λα Φροντέρα,11130,"Cádiz,Andalusia",Spain,EU-EFTA,RM,CP,N,,CP - Cutting Plant,,
ES410910009010,REAL MAESTRANZA DE CABALLERIA DE SEVILLA,"P.º de Cristóbal Colón, 12",Seville,41001,"Seville,Andalusia",Spain,EU-EFTA,RM,SH,Y,bovine,SH - Slaughterhouse,,
10.19423/SA,"REBOALJA, S.L.U.","C/ POCITO, Nº 1",Campillo de Salvatierra,37778,"Salamanca,Castile and León",Spain,EU-EFTA,RM,CP,N,,CP - Cutting Plant,,
10.04396/GE,ROCA 1927 S.L.U,"C/ DELS MOLINS DRAPERS, 15",Banyoles,17820,"Girona,Catalonia",Spain,EU-EFTA,RM,SH CP,Y,,SH - Slaughterhouse | CP - Cutting Plant,,
10.12746/MA,ROMAN Y MARTOS ALIMENTACION S.L.,"CALLE LIMITACION Nº12 P.I. HUERTECILLA, MÁLAGA",Málaga,29196,"Malaga,Andalusia",Spain,EU-EFTA,RM,CP,N,,CP - Cutting Plant,,
ES281280000025,ROZAS DE PUERTO REAL-PLAZA DE TOROS MOVIL,"CALLE DE LA VILLA, 3",Rozas de Puerto Real,05428,"Community of Madrid,Community of Madrid",Spain,EU-EFTA,RM,SH,Y,,SH - Slaughterhouse,,
10.028208/LE,RUBEN GOMEZ ALVAREZ,CALLE CACHO Nº5,Toral de los Guzmanes,24237,"León,Castile and León",Spain,EU-EFTA,RM,CP,N,,CP - Cutting Plant,,
10.10510/CU,S.A.T. 6668 CERRO DE LAS OLIVAS,PARAJE LA CASILLA S/N,Salmeroncillos de Abajo,16813,"Cuenca,Castile-La Mancha",Spain,EU-EFTA,RM,CP SH,Y,porcine ovine caprine,CP - Cutting Plant | SH - Slaughterhouse,,
10.19145/CO,S.C.A. GANADERA DEL VALLE DE LOS PEDROCHES (COVAP),"CARRETERA CANALEJA S/N - MARGEN IZQUIERDO, DEHESA BOYAL",Pozoblanco,14400,"Cordova,Andalusia",Spain,EU-EFTA,RM,CP SH,Y,,CP - Cutting Plant | SH - Slaughterhouse,,
ES472142000011 / 10.08713/VA,S.COOP. DE SERVICIOS CARNICOS VILLA DEL ALON,CALLE SAN FRANCISCO S/N,Villalón de Campos,47600,"Valladolid,Castile and León",Spain,EU-EFTA,RM,SH,Y,bovine porcine ovine caprine,SH - Slaughterhouse,,
10.15103/GR,S.COOP.ANDALUZA COVIRAN,CARRETERA NAC. 432 KM. 431,Atarfe,18230,"Granada,Andalusia",Spain,EU-EFTA,RM,CP,N,,CP - Cutting Plant,,
10.12897/P,"SABOR PALENTINO 2025, S.L.",CALLE GRECIA PARCELA 64,Palencia,34004,"Palencia,Castile and León",Spain,EU-EFTA,RM,CP,N,,CP - Cutting Plant,,
10.23400/TO,"SAIZ DEL TELL, ANTONIO","CAMINO DE LA SERNA, NAVE 8",Ocaña,45300,"Almeria,Andalusia",Spain,EU-EFTA,RM,CP,N,,CP - Cutting Plant,,
10.13488/GE,SALA D'ESPECEJAMENT J. SAGUE SL,PLADEVALL 30,La Cellera de Ter,17165,"Girona,Catalonia",Spain,EU-EFTA,RM,CP,N,,CP - Cutting Plant,,
10.09432/LE,"SALAZONES Y EMBUTIDOS MUÑOZ, S. L.",CALLE PADRE ISLA Nº10,Valderas,24220,"León,Castile and León",Spain,EU-EFTA,RM,CP,N,,CP - Cutting Plant,,
10.12088/TO,"SANCHEZ GOMEZ, JOSE ALFREDO","GENERAL MOLA, 32",Yunclillos,45591,"Toledo,Castile-La Mancha",Spain,EU-EFTA,RM,SH,Y,bovine ovine,SH - Slaughterhouse,,
10.18912/SA,"SANCHEZ MORALES HERMANOS, S.L.",CALLE SIERRA DE FRANCIA Nº4 POLIGONO INDUSTRIAL AGROALIMENTARIO 1-3,Guijuelo,37770,"Salamanca,Castile and León",Spain,EU-EFTA,RM,CP,N,,CP - Cutting Plant,,
10.19133/BU,"SANTA ROSALIA GOURMET, S. L.",FINCA SANTA ROSALIA S/N,Vizmalo,09117,"Burgos,Castile and León",Spain,EU-EFTA,RM,CP,N,,CP - Cutting Plant,,
10.09876/H,SANTABARBERO SOCIEDAD COOPERATIVA ANDALUZA,CARRETERA PAYMOGO S/N,Santa Bárbara de Casa,21570,"Huelva,Andalusia",Spain,EU-EFTA,RM,CP SH,Y,,CP - Cutting Plant | SH - Slaughterhouse,,
10.025221/CO,SANTIAGO ROMAN LUIS JOSE,"CALLE FUENTE DE ANDALUCIA, 41. POL. IND. LA VEGA",Villa del Río,14640,"Cordova,Andalusia",Spain,EU-EFTA,RM,CP,N,,CP - Cutting Plant,,
10.12043/CR,SBH MAGINA SOCIEDAD LIMITADA.,"C/ CERVANTES, 58",Tomelloso,13700,"Ciudad Real,Castile-La Mancha",Spain,EU-EFTA,RM,CP,N,,CP - Cutting Plant,,
10.08560/SA,"SEBASTIAN CREGO, S.L.",CALLE LIRIO Nº20,Guijuelo,37770,"Salamanca,Castile and León",Spain,EU-EFTA,RM,CP,N,,CP - Cutting Plant,,
10.23941/GR,SEBASTIAN LOPEZ ORTEGA,Bº DE SAN JOSE S/N,Orce,18858,"Granada,Andalusia",Spain,EU-EFTA,RM,CP,N,,CP - Cutting Plant,,
10.06150/SA,"SEBASTIAN RAMOS E HIJO, S. L.","""C/SIERRA DE TONDA, PARC.66, POLIGONO AGROALIMENTARIO I-3""",Guijuelo,37770,"Salamanca,Castile and León",Spain,EU-EFTA,RM,CP,N,,CP - Cutting Plant,,
10.24170/TO,"SEBASTIÁN CARRIÓN E HIJOS, S.L.","C/ CERVANTES, 58",Villafranca de los Caballeros,45730,"Toledo,Castile-La Mancha",Spain,EU-EFTA,RM,CP,N,,CP - Cutting Plant,,
10.00006/GE,SELECTED MEAT SERVICES SL - 856E01,"C/ Pas De La Torre, 18",Sant Esteve d'en Bas,17176,"Girona,Catalonia",Spain,EU-EFTA,RM,CP SH,Y,bovine,CP - Cutting Plant | SH - Slaughterhouse,,
10.026707/O,SERINCAR 92 S.L.,AVENIDA DE OVIEDO Nº 32,Noreña,33180,"Asturias,Asturias",Spain,EU-EFTA,RM,CP SH,Y,,CP - Cutting Plant | SH - Slaughterhouse,,
10.10340/AB,"SERRANO JIMENEZ MOLINICOS, S.A.L.","PARAJE HUECO DEL CHOTIL, S/N",Molinicos,02440,"Albacete,Castile-La Mancha",Spain,EU-EFTA,RM,SH CP,Y,porcine ovine caprine,SH - Slaughterhouse | CP - Cutting Plant,,
10.01565/SA,"SERRANOS DICO, S. L.",CARRETERA BURGOS PORTUGAL S/N KM. 257,Calzada de Don Diego,37448,"Salamanca,Castile and León",Spain,EU-EFTA,RM,CP,N,,CP - Cutting Plant,,
10.11003/BI,"SERVICARFRES, S.L.","MARINO ARCHER, 43 - BILBAO - 48013 - Bizkaia",Bilbao,48013,"Biscay,Basque Country",Spain,EU-EFTA,RM,CP,N,,CP - Cutting Plant,,
10.17082/TO,"SERVOCAR, S.A.","ENCINAR, 208-209 (P. I. MONTE BOYAL)",Casarrubios del Monte,45950,"Toledo,Castile-La Mancha",Spain,EU-EFTA,RM,CP,N,,CP - Cutting Plant,,
10.029549/SA,"SEÑORIO CHARRO, S.L.",CALLE PEÑA FRANCIA Nº: 5,Vecinos,37453,"Salamanca,Castile and León",Spain,EU-EFTA,RM,CP,N,,CP - Cutting Plant,,
10.15304/BA,SEÑORIO DE MONTANERA S.L.,"CTRA. ZAFRA-BARCARROTA KM 39,30",Salvaleón,06174,"Badajoz,Extremadura",Spain,EU-EFTA,RM,CP SH,Y,porcine,CP - Cutting Plant | SH - Slaughterhouse,,
10.21047/MA,SIERRA BLANCA COSTASOL S.L.,CALLE ALCALDE GUILLERMO REINA 107,Málaga,29006,"Malaga,Andalusia",Spain,EU-EFTA,RM,CP,N,,CP - Cutting Plant,,
10.02292/H,"SIERRA DE JABUGO, SL","AVDA PORTUGAL, 6",Cortegana,21230,"Huelva,Andalusia",Spain,EU-EFTA,RM,CP SH,Y,,CP - Cutting Plant | SH - Slaughterhouse,,
10.05715/H,SIERRA MAYOR JABUGO,AVENIDA JUAN RAMON JIMENEZ S/N,Puerto Moral,21209,"Huelva,Andalusia",Spain,EU-EFTA,RM,CP,N,,CP - Cutting Plant,,
10.18399/SA,SIMON MARTIN GUIJUELO S. L.,CALLE SIERRA DE HERRERO Nº17 POLIGONO INDUSTRIAL AGROALIMENTARIO,Guijuelo,37770,"Salamanca,Castile and León",Spain,EU-EFTA,RM,CP,N,,CP - Cutting Plant,,
10.12160/SA,SOCIEDAD COOPERATIVA CARNICAS RIO,CALLE SOTO Nº13 PISO BJ.,Sieteiglesias de Tormes,37892,"Salamanca,Castile and León",Spain,EU-EFTA,RM,CP,N,,CP - Cutting Plant,,
10.12898/BU,SOCIEDAD COOPERATIVA COLEAR CASTILLA LEON,AVENIDA MONTECILLO S/N PARCELA R72,Aranda de Duero,09400,"Burgos,Castile and León",Spain,EU-EFTA,RM,CP,N,,CP - Cutting Plant,,
ES422152000031 / 10.08094/SO,SOCIEDAD COOPERATIVA DE CARNICEROS DE PINARES DE SORIA,S/N PARAJE LOS VERGALES,Vinuesa,42150,"Soria,Castile and León",Spain,EU-EFTA,RM,SH,Y,bovine caprine ovine porcine,SH - Slaughterhouse,,
10.04806/SO,SOCIEDAD COOPERATIVA JUFASCAS,AVENIDA OLVEGA S/N CARRETERA DE OLVEGA,Ágreda,42100,"Soria,Castile and León",Spain,EU-EFTA,RM,CP,N,,CP - Cutting Plant,,
10.09569/CR,SOCIEDAD COOPERATIVA MATADERO DE SAN ANTON,"TRAVESIA CALLEJON DE LA TRINIDAD, S/N",Villanueva de los Infantes,13320,"Ciudad Real,Castile-La Mancha",Spain,EU-EFTA,RM,SH,Y,caprine ovine,SH - Slaughterhouse,,
10.04720/SE,SOLA RICCA SUR S.A.U.,CALLE MARTILLO Nº30,Seville,41020,"Seville,Andalusia",Spain,EU-EFTA,RM,CP,N,,CP - Cutting Plant,,
10.026857/V,SOLOVALEN S.L.,"carretera Real Madrid Nord, nº 55",Beniparrell,46469,"Valencia,Valencian Community",Spain,EU-EFTA,RM,CP,N,,CP - Cutting Plant,,
10.01662/MU,SOLUCIONES CÁRNICAS LEVANTINAS S.L.,"CALLE BERLÍN, 43. POLÍGONO INDUSTRIAL CABEZO BEAZA",Cartagena,30300,"Region of Murcia,Region of Murcia",Spain,EU-EFTA,RM,CP SH,Y,,CP - Cutting Plant | SH - Slaughterhouse,,
10.04604/SA,"SUCESORES DE JOSE PEREZ, S. L.",CALLE PEDRAZA Nº4,Alaraz,37312,"Salamanca,Castile and León",Spain,EU-EFTA,RM,CP,N,,CP - Cutting Plant,,
ES371560220411,"SUCESORES DE PRIMITIVO MARTIN, S. A.",CALLE CAMILO JOSE CELA Nº5-7,Campillo de Salvatierra,37778,"Salamanca,Castile and León",Spain,EU-EFTA,RM,CP SH,Y,porcine,CP - Cutting Plant | SH - Slaughterhouse,,
10.07777/M,SUMINISTROS CARNICOS COELLO SL,CL. DE LAS FRAGUAS Nº 10 P.I. URTINSA,Alcorcón,28925,"Community of Madrid,Community of Madrid",Spain,EU-EFTA,RM,CP,N,,CP - Cutting Plant,,
10.19831/LE,"SUMINISTROS CARNICOS LEONESES, S.L.",AVDA. DE MADRID Nº16 - PUENTE CASTRO,León,24005,"León,Castile and León",Spain,EU-EFTA,RM,CP,N,,CP - Cutting Plant,,
10.02541/M,SUMINISTROS MEDINA S.L.,SEVERO OCHOA 25,Leganés,28914,"Community of Madrid,Community of Madrid",Spain,EU-EFTA,RM,CP,N,,CP - Cutting Plant,,
10.03528/C,SUMINISTROS MEDINA S.L.-MATADERO DE MONTELLOS,"CTRA. BETANZOS-SANTIAGO, KM. 3.300",Betanzos,15319,"A Coruña,Galicia",Spain,EU-EFTA,RM,SH,Y,,SH - Slaughterhouse,,
10.21431/LU,SUMINISTROS MEGARO FOODS S.L.,PARQUE EMPRESARIAL CASTRO RIBERAS DE LEA PARCELAS 14-19 (CASTRO DE REI LUGO,Castro de Rei,27260,"Lugo,Galicia",Spain,EU-EFTA,RM,CP,N,,CP - Cutting Plant,,
10.14184/GR,SUPERMERCADOS DANI,CAMINO BAJO DEL CEMENTERIO S/N,Armilla,18100,"Granada,Andalusia",Spain,EU-EFTA,RM,CP,N,,CP - Cutting Plant,,
10.026211/MA,SUREÑOS GOURMET CARNES SELECTAS SL,C/ CAUDAL Nº74,Málaga,29006,"Malaga,Andalusia",Spain,EU-EFTA,RM,CP,N,,CP - Cutting Plant,,
10.11856/M,Sediasa Alimentacion S.A.,CL. THOMÁS EDISON Nº 2,Rivas-Vaciamadrid,28521,"Community of Madrid,Community of Madrid",Spain,EU-EFTA,RM,CP,N,,CP - Cutting Plant,,
B44228633,"TAUROEMOCION, S.L.U./ ES290670000383","PASEO DE REDING, S/N",Málaga,29016,"Malaga,Andalusia",Spain,EU-EFTA,RM,SH,Y,,SH - Slaughterhouse,,
ES260360000999,"TECNOCARNICO VALLE DEL EBRO, S.A.","POLIGONO TEJERIAS, S/N",Calahorra,26500,"Rioja,Rioja",Spain,EU-EFTA,RM,SH,Y,bovine caprine ovine porcine equine,SH - Slaughterhouse,,
10.01069/GR,TERESA TORRES S.L.,CTRA. DE CORDOBA KM 430,Atarfe,18230,"Granada,Andalusia",Spain,EU-EFTA,RM,CP,N,,CP - Cutting Plant,,
10.15773/VA,"TERNEROS 2000, S. L.",CALLE PILAR MIRO Nº: 14,Valladolid,47008,"Valladolid,Castile and León",Spain,EU-EFTA,RM,CP,N,,CP - Cutting Plant,,
10.028275/SG,"TERRABUEY, S.L.",CALLE AGUSTIN DAZA Nº: 8,Cuéllar,40200,"Segovia,Castile and León",Spain,EU-EFTA,RM,CP,N,,CP - Cutting Plant,,
10.10709/Z,"THE PINK PIG, S.A.","C/ FRANCIA, 50, PARC. 75 (POL. IND. EL CAMPILLO)",Zuera,50800,"Zaragoza,Aragon",Spain,EU-EFTA,RM,CP SH,Y,porcine,CP - Cutting Plant | SH - Slaughterhouse,,
10.20410/J,TITOS BOLIVAR S.L.,"C/ MONTILLA, 46",Noalejo,23140,"Jaén,Andalusia",Spain,EU-EFTA,RM,CP,N,,CP - Cutting Plant,,
10.10523/SG,"TOMAS LOPEZ GARRIDO, S. A.",CALLE TRES CASAS Nº14,Cantimpalos,40360,"Segovia,Castile and León",Spain,EU-EFTA,RM,CP,N,,CP - Cutting Plant,,
10.11804/O,TRABADINA SL,POLIGONO ESPIRITU SANTO CL IRLANDA Nº 31,Oviedo,33010,"Asturias,Asturias",Spain,EU-EFTA,RM,CP,N,,CP - Cutting Plant,,
10.21945/GR,TRANSGOURMET IBERICA S.A.U.,CTRA DE ALMERIA KM 1.600,Motril,18600,"Granada,Andalusia",Spain,EU-EFTA,RM,CP,N,,CP - Cutting Plant,,
10.028581/CA,TRANSGOURMET IBERICA S.A.U.,"CALLE PALMAR (EL), Nº 11-P.I. PALMAR (EL)",El Puerto de Santa María,11500,"Cádiz,Andalusia",Spain,EU-EFTA,RM,CP,N,,CP - Cutting Plant,,
10.028655/GR,TRANSGOURMET IBERICA S.A.U.,CARRETERA GRANADA-CORDOBA KM.431,Atarfe,18230,"Granada,Andalusia",Spain,EU-EFTA,RM,CP,N,,CP - Cutting Plant,,
10.026847/CR,TRANSGOURMET IBERICA SAU,AVDA. DE LA CIENCIA (POL. IND. AVANZADO),Ciudad Real,13005,"Ciudad Real,Castile-La Mancha",Spain,EU-EFTA,RM,CP,N,,CP - Cutting Plant,,
10.18453/AB,TRANSGOURMET IBERICA SAU,"POL. IND. CAMPOLLANO, AVDA. 1ª, PARCELA 12",Albacete,02007,"Albacete,Castile-La Mancha",Spain,EU-EFTA,RM,CP,N,,CP - Cutting Plant,,
10.23541/BU,"TRANSGOURMET IBERICA, S.A.U.",CALLE VITORIA Nº280 POLIGONO GAMONAL-VILLIMAR NAVES COMPLEJO GALA,Burgos,09007,"Burgos,Castile and León",Spain,EU-EFTA,RM,CP,N,,CP - Cutting Plant,,
10.17106/SA,"TREBOL SALAMANCA, S. L.",CARRETERA ENCINAS CANTALAPIEDRA S/N KM. 0,Babilafuente,37330,"Salamanca,Castile and León",Spain,EU-EFTA,RM,CP,N,,CP - Cutting Plant,,
10.16608/CO,TRES FINCAS DEHESAS DE FUENTE OBEJUNA S.L.,"POLIGONO INDUSTRIAL EL BLANQUILLO, NAVE 37",Fuente Obejuna,14290,"Cordova,Andalusia",Spain,EU-EFTA,RM,CP,N,,CP - Cutting Plant,,
10.029041/LE,"TRESHEVIATRES GENERACION ALIMENTARIA, S.L.",CTRA. LAS LOMAS VD 22,Valdefresno,24228,"León,Castile and León",Spain,EU-EFTA,RM,CP,N,,CP - Cutting Plant,,
10.12946/SS,TXOGITXU SLU,TXOGITXU - Ubarburu Pasealekua 5 - Pol27,San Sebastián,20014,"Gipuzkoa,Basque Country",Spain,EU-EFTA,RM,CP,N,,CP - Cutting Plant,,
ES371452000011,UNIDAD DE LA CARNE SL,"CTRA DE ESPEJA, S/N",Gallegos de Argañán,37497,"Salamanca,Castile and León",Spain,EU-EFTA,RM,SH,Y,bovine caprine ovine porcine,SH - Slaughterhouse,,
ES37145200001,"UNIDAD DE LA CARNE SL,B-87853859","CTRA DE ESPEJA, S/N C.P.: 37484",Gallegos de Argañán,05279,"Salamanca,Castile and León",Spain,EU-EFTA,RM,SH,Y,,SH - Slaughterhouse,,
ES371452000011 / 10.02172/SA,"UNIDAD DE LA CARNE, S.L.","S/N CARRETERA DE ESPEJA, S/N",Gallegos de Argañán,37497,"Salamanca,Castile and León",Spain,EU-EFTA,RM,CP SH,Y,bovine,CP - Cutting Plant | SH - Slaughterhouse,,
10.04636/H,UNION ALOSNERA S.A.,CARRETERA ALOSNO-THARSIS S/N,Alosno,21520,"Huelva,Andalusia",Spain,EU-EFTA,RM,CP,N,,CP - Cutting Plant,,
10.02268/H,UNION CHACINERA DE CORTECONCEPCION SL,CALLE JUAN RAMON JIMENEZ 3,Corteconcepción,21200,"Huelva,Andalusia",Spain,EU-EFTA,RM,CP SH,Y,,CP - Cutting Plant | SH - Slaughterhouse,,
ES371710220131/ 10.003524/SA,"UNION DE INDUSTRIALES DE LEDRADA, S. A.",CARRETERA DE BEJAR Nº1,Ledrada,37730,"Salamanca,Castile and León",Spain,EU-EFTA,RM,CP SH,Y,porcine,CP - Cutting Plant | SH - Slaughterhouse,,
ES200270050231,URKAIKO,IRAETA AUZOA,Zestoa,20749,"Gipuzkoa,Basque Country",Spain,EU-EFTA,RM,SH,Y,bovine caprine porcine ovine equine,SH - Slaughterhouse,,
10.04793/CR,"VACUNOPLUS, S.L.U.",CTRA. MADRID-CADIZ KM. 200,Valdepeñas,13300,"Ciudad Real,Castile-La Mancha",Spain,EU-EFTA,RM,CP SH,Y,bovine,CP - Cutting Plant | SH - Slaughterhouse,,
10.15586/TO,"VACUNOS SELECTOS TELLO, S.L.","JARAMA, PARC. 1",Toledo,45007,"Toledo,Castile-La Mancha",Spain,EU-EFTA,RM,CP,N,,CP - Cutting Plant,,
10.08033/TO,VAN HESSEN SUPPLY POINT TOLEDO S.A.U.,"C/ VEGA DEL PUENTE , S/N",La Puebla de Montalbán,45516,"Toledo,Castile-La Mancha",Spain,EU-EFTA,RM,CP,N,,CP - Cutting Plant,,
10.05864/CR,"VEGACAZA, S.L.","POL. IND. PARCELA, 34",Valdepeñas,13300,"Ciudad Real,Castile-La Mancha",Spain,EU-EFTA,RM,CP,N,,CP - Cutting Plant,,
10.09552/SG,VENANCIO VALVERDE YUSTE,CAMINO VALSECA Nº3,La Lastrilla,40196,"Segovia,Castile and León",Spain,EU-EFTA,RM,CP,N,,CP - Cutting Plant,,
10.07998/TO,"VENCAZA, S.L.","MOLINOS, S/N",Las Ventas con Peña Aguilera,45127,"Toledo,Castile-La Mancha",Spain,EU-EFTA,RM,CP,N,,CP - Cutting Plant,,
10.23722/LE,VICENTE BEBERIDE CORULLON,AVENIDA SANTALLA DE OSCOS Nº5,Toral de los Vados,24560,"León,Castile and León",Spain,EU-EFTA,RM,CP,N,,CP - Cutting Plant,,
10.027122/AV,VICENTE BERMEJO CORE,CALLE VAPOR S/N,Blascosancho,05290,"Ávila,Castile and León",Spain,EU-EFTA,RM,CP,N,bovine caprine porcine equine,CP - Cutting Plant,,
ES401942000251 / 10.12089/SG,VICENTE DE LUCAS FUENTETAJA,CARRETERA SEGOVIA-AREVALO S/N KM.,Segovia,40003,"Segovia,Castile and León",Spain,EU-EFTA,RM,CP SH,Y,bovine porcine ovine caprine equine,CP - Cutting Plant | SH - Slaughterhouse,,
ES060670000279,VICTORIANO DOMINGUEZ SA,CL SABIO 21 HIGUERA LA REAL ES060670000279,Higuera la Real,06340,"Badajoz,Extremadura",Spain,EU-EFTA,RM,SH,Y,,SH - Slaughterhouse,,
10.04285/B,VIÑALS SOLER SL,"CR Garbí, parcel.la 17",Argentona,08310,"Barcelona,Catalonia",Spain,EU-EFTA,RM,SH,Y,,SH - Slaughterhouse,,
10.026923/B,"VIÑALS SOLER,SL","CR Garbí, parcel·les 12-13",Argentona,08310,"Barcelona,Catalonia",Spain,EU-EFTA,RM,CP SH,Y,,CP - Cutting Plant | SH - Slaughterhouse,,
10.025959/TO,WAGYU RETAMAR SL,"AVDA. DE EUROPA, 11",Sonseca,45100,"Toledo,Castile-La Mancha",Spain,EU-EFTA,RM,CP,N,,CP - Cutting Plant,,
10.08914/SA,"YUSTE Y NAVARRO, S. L.",CALLE RIAÑA Nº12,Los Santos,37768,"Salamanca,Castile and León",Spain,EU-EFTA,RM,CP,N,,CP - Cutting Plant,,
ES451120000085,plaza de toros Los Navalmorales,toledo 35,Los Navalmorales,04277,"Toledo,Castile-La Mancha",Spain,EU-EFTA,RM,SH,Y,bovine,SH - Slaughterhouse,,
10.04173/L,AEROPIC SA,"PARTIDA BUTSENIT, S/N",Lleida,25194,"Lleida,Catalonia",Spain,EU-EFTA,PM,SH,Y,,SH - Slaughterhouse,,
10.18173/J,AGROPECUARIA DE JAEN S.L.,POL. INDUSTRIAL LOS JARALES II- PARCELA 6-1,Linares,23700,"Jaén,Andalusia",Spain,EU-EFTA,PM,CP,N,,CP - Cutting Plant,,
10.18695/BA,ALBERAVE S.A.U.,AUTOVIA A5 KM 354 ARROYO DE SAN SERVAN 06850 BADAJOZ,Arroyo de San Serván,06870,"Badajoz,Extremadura; A Poultry",Spain,EU-EFTA,PM,SH CP,Y,,SH - Slaughterhouse | CP - Cutting Plant,,
10.09098/GR,ALGARRA Y ORTEGA S.L.,COMPLEJO MERCAGRANADA MOD. 304-305,Granada,18015,"Granada,Andalusia",Spain,EU-EFTA,PM,CP,N,,CP - Cutting Plant,,
10.04063/B,ALIMENTBARNA SL,"CR Can Cuiàs, 27",Montcada i Reixac,08110,"Barcelona,Catalonia",Spain,EU-EFTA,PM,CP,N,,CP - Cutting Plant,,
10.18673/T,"ALIMENTBARNA, SL","CT Reus - Riudoms, Km 2,5",Reus,43205,"Tarragona,Catalonia",Spain,EU-EFTA,PM,SH,Y,,SH - Slaughterhouse,,
10.11777/NA,"AN AVICOLA MELIDA, S.L.","POL. IND. BAJO ARAGÓN, C/ DESVÍO, S/N",Mélida,31382,"Navarre,Navarre",Spain,EU-EFTA,PM,CP SH,Y,,CP - Cutting Plant | SH - Slaughterhouse,,
ES050190000135 / 10.00163/AV,AN S.COOP.,POLIGONO INDUSTRIAL VICOLOZANO PARCELAS 11-17,Ávila,05194,"Ávila,Castile and León",Spain,EU-EFTA,PM,CP SH,Y,,CP - Cutting Plant | SH - Slaughterhouse,,
10.13258/SG,ANGEL LAZARO MAYORAL,"CTRA. SAN RAFAEL, POLIG. IND. EL ACUEDUCTO, PARC.57",Segovia,40006,"Segovia,Castile and León",Spain,EU-EFTA,PM,CP,N,,CP - Cutting Plant,,
10.16186/GR,ANTONIO CARMONA VARON,"CTRA. ALMERIA 50, VALLE DEL ZALABI",Esfiliana,18511,"Granada,Andalusia",Spain,EU-EFTA,PM,CP,N,,CP - Cutting Plant,,
10.14455/MA,ANTONIO DOMINGUEZ JIMENEZ SL,BARRIADA DE LA ESTACIÓN S/N,Benaoján,29360,"Malaga,Andalusia",Spain,EU-EFTA,PM,CP,N,,CP - Cutting Plant,,
10.00195/VI,"ARAGONESA DE PIENSOS, S.A.","Carretera Vitoria-Logroño, Km 26,7",Berantevilla,01211,"Álava,Basque Country",Spain,EU-EFTA,PM,CP SH,Y,,CP - Cutting Plant | SH - Slaughterhouse,,
10.03710/GR,ARENAS GUERRERO S.A.U.,CRTA. SANTA FE ATARFE KM 1.5,Santa Fe,18320,"Granada,Andalusia",Spain,EU-EFTA,PM,CP,N,,CP - Cutting Plant,,
10.19799/H,"AUTOSERVICIO BATISTA, S.L.",POLIGONO FORTIZ C/C NAVE 16,Huelva,21007,"Huelva,Andalusia; A Poultry",Spain,EU-EFTA,PM,CP,N,,CP - Cutting Plant,,
10.04913/A,"AVECOX, S.L.","CTRA. LA CANTERA, S/N.",Cox,03350,"Alacant / Alicante,Valencian Community",Spain,EU-EFTA,PM,SH,Y,,SH - Slaughterhouse,,
10.23847/CA,AVES CRESPIN BARRERA S.L.,"POL. IND. EL CHAPARRAL, Nº 38",Villamartín,11650,"Cádiz,Andalusia",Spain,EU-EFTA,PM,CP,N,,CP - Cutting Plant,,
ES110240000500-10.01075/CA,AVES INAVICO S.L.,Rosaleda s/n,Olvera,11690,"Cádiz,Andalusia",Spain,EU-EFTA,PM,CP SH,Y,,CP - Cutting Plant | SH - Slaughterhouse,,
10.23986/CA,AVES MATEO E HIJO S.L.U.,"C/ SANTA TERESA DE JESUS, Nº 11",Puerto Serrano,11659,"Cádiz,Andalusia",Spain,EU-EFTA,PM,CP,N,,CP - Cutting Plant,,
10.10883/J,AVES Y HUEVOS SANCHEZ LOPEZ S.L.,CTRA. UBEDA-MALAGA KM. 37 POL. INDUSTRIAL VENTA LOS COLORES -PARC- 13,Mancha Real,23100,"Jaén,Andalusia",Spain,EU-EFTA,PM,CP,N,,CP - Cutting Plant,,
10.00515/AV,"AVES Y HUEVOS SANCHEZ, S. L.",C/RIO DUERO Nº13. POLIG. IND. LAS HERVENCIAS,Ávila,05004,"Ávila,Castile and León",Spain,EU-EFTA,PM,CP,N,,CP - Cutting Plant,,
10.028373/MA,AVICOLA ALAMEDA S.L.,CALLE PUNTA ALTA Nº 47,Málaga,29006,"Malaga,Andalusia",Spain,EU-EFTA,PM,CP,N,,CP - Cutting Plant,,
10.027770/PO,AVICOLA DE GALICIA S.A.U.,"POLIGONO SETE PIAS, PARCELA C7",Cambados,36630,"Pontevedra,Galicia",Spain,EU-EFTA,PM,CP,N,,CP - Cutting Plant,,
10.02415/PO,AVICOLA DE GALICIA S.A.U.,CALLE BARRAGANS 34 - CAMPAÑO,Pontevedra,36157,"Pontevedra,Galicia",Spain,EU-EFTA,PM,SH,Y,,SH - Slaughterhouse,,
10.04122/GE,AVICOLA FIGUERES SL,"PS del Cementiri, s/n",Figueres,17600,"Girona,Catalonia; A Poultry",Spain,EU-EFTA,PM,CP SH,Y,,CP - Cutting Plant | SH - Slaughterhouse,,
ES491870000016 / 10.02018/ZA,"AVICOLA GALOCHA, S.L.",FINCA LAS ESPERAS S/N POLIGONO INDUSTRIAL SAN CRISTOBAL,San Cristóbal de Entreviñas,49690,"Zamora,Castile and León",Spain,EU-EFTA,PM,CP SH,Y,,CP - Cutting Plant | SH - Slaughterhouse,,
ES150460128301,AVICOLA GRAO SLU,PARQUE EMPRESARIAL PARCELA 107-108 - FURELOS,Melide,15809,"A Coruña,Galicia; A Poultry",Spain,EU-EFTA,PM,SH,Y,,SH - Slaughterhouse,,
ES470750000038 / 10.02219/VA,"AVICOLA HIDALGO, S.L.U.",AVENIDA SAN MIGUEL Nº90,Íscar,47420,"Valladolid,Castile and León",Spain,EU-EFTA,PM,CP SH,Y,,CP - Cutting Plant | SH - Slaughterhouse,,
10.03527/M,AVICOLA MORALEJA SA,CAMINO DE BATRES S/N - MORALEJA DE ENMEDIO - 28950 - Madrid,Moraleja de Enmedio,28950,"Community of Madrid,Community of Madrid",Spain,EU-EFTA,PM,CP SH,Y,,CP - Cutting Plant | SH - Slaughterhouse,,
10.00855/B,AVICOLA SANCHEZ SL,CR Treball 2-24,Cornellà de Llobregat,08940,"Barcelona,Catalonia",Spain,EU-EFTA,PM,CP SH,Y,,CP - Cutting Plant | SH - Slaughterhouse,,
10.16695/H,AVICOLA SERRANA SL,CALLE NUEVA 10,La Nava,21291,"Huelva,Andalusia",Spain,EU-EFTA,PM,CP,N,,CP - Cutting Plant,,
10.11209/AB,"AVICOLAS TENDERO, S.L.","NUEVA, 5",La Roda,02630,"Albacete,Castile-La Mancha",Spain,EU-EFTA,PM,CP,N,,CP - Cutting Plant,,
10.19320/CA,AVICONIL S.L.,"CARRETERA PRADILLO-CARRIL RUPERTO, Nº5 -ROCHE",Conil de la Frontera,11149,"Cádiz,Andalusia",Spain,EU-EFTA,PM,SH,Y,,SH - Slaughterhouse,,
ES341590000008 / 10.20480/P,"AVICULTURA CAMPESINA PALENTINA, C.B.",CALLE EXTRAMUROS S/N,Amayuelas de Abajo,34429,"Palencia,Castile and León; A Poultry",Spain,EU-EFTA,PM,CP SH,Y,,CP - Cutting Plant | SH - Slaughterhouse,,
10.025721/CO,AVIDES ESPAÑA S.L.,"CARRETERA FUENTE PALMERA - FUENCUBIERTA, S/N",Fuente Palmera,14120,"Cordova,Andalusia",Spain,EU-EFTA,PM,CP,N,,CP - Cutting Plant,,
10.03767/GR,AVINATUR PRODUCCIONES AVICOLAS S.L.U.,CARRETERA BENALÚA (DE) KM. 23,Purullena,18519,"Granada,Andalusia",Spain,EU-EFTA,PM,SH CP,Y,,SH - Slaughterhouse | CP - Cutting Plant,,
10.03942/L,AVÍCOLA DE LLEIDA SA,"Ctra. Ll-11, Km. 5",Lleida,25191,"Lleida,Catalonia",Spain,EU-EFTA,PM,SH CP,Y,,SH - Slaughterhouse | CP - Cutting Plant,,
10.07303/BU,"BERNARDO CUEVAS E HIJOS, S.L.U.",C/SENDIN Nº3,Aranda de Duero,09400,"Burgos,Castile and León",Spain,EU-EFTA,PM,CP,N,,CP - Cutting Plant,,
10.01292/MA,CAGUERREROS S.L.,Calle Rosa de los Vientos nº 85,Málaga,29006,"Malaga,Andalusia",Spain,EU-EFTA,PM,CP,N,,CP - Cutting Plant,,
10.025100/MA,CAMPOPUEBLO S.L.,Calle Julio Romero de Torres nº 1,Coín,29100,"Malaga,Andalusia",Spain,EU-EFTA,PM,CP,N,,CP - Cutting Plant,,
ES420010000007 / 10.08002/SO,"CANARD, S. A.",POLIGONO INDUSTRIAL LA SOLANILLA;S/N,Abejar,42146,"Soria,Castile and León; A Poultry",Spain,EU-EFTA,PM,CP SH,Y,,CP - Cutting Plant | SH - Slaughterhouse,,
10.16004/MA,"CAREMAXA, S.L.",URB CRUCE DON MANUEL 6,Puente de Don Manuel,29711,"Malaga,Andalusia",Spain,EU-EFTA,PM,CP,N,,CP - Cutting Plant,,
10.16912/P,"CARJA INDUSTRIAS CARNICAS, S.L.",CALLE PISUERGA Nº12,Palencia,34003,"Palencia,Castile and León",Spain,EU-EFTA,PM,CP,N,,CP - Cutting Plant,,
10.025630/CO,CARLOTEÑA DE ASADOS S.L.,"CALLE EL CHAPARRAL, 8. POL. IND. AUTOVIA NORTE",La Carlota,14100,"Cordova,Andalusia",Spain,EU-EFTA,PM,CP,N,,CP - Cutting Plant,,
10.08220/TO,"CARNES COPADO, S.L.","C/ JARAMA (MERCADO DE MAYORISTA, NAVE A 2 Y 4)",Toledo,45007,"Toledo,Castile-La Mancha",Spain,EU-EFTA,PM,CP,N,,CP - Cutting Plant,,
10.08521/TO,CARNES SELECTAS RAUL SL.,"C/ FEDERICA MONTSENY, 16",Talavera de la Reina,45600,"Toledo,Castile-La Mancha",Spain,EU-EFTA,PM,CP,N,,CP - Cutting Plant,,
10.10970/MA,CARNES SILVESTRE AGUILAR S.L.,CALLE GAUDI Nº 19 POLIGONO INDUSTRIAL DE ESTEPONA,Estepona,29680,"Malaga,Andalusia",Spain,EU-EFTA,PM,CP,N,,CP - Cutting Plant,,
10.14784/CA,CARNES Y CONGELADOS JUPE JEREZ S.L.,"POL. INDUSTRIAL EL PORTAL, PARC. 6, NAVE 7",Jerez de la Frontera,11408,"Cádiz,Andalusia",Spain,EU-EFTA,PM,CP,N,,CP - Cutting Plant,,
10.027484/CA,CARNES Y ELABORADOS GARCIA S.L.U,"CALLEJON DEL MOLINO NUEVO 21, NAVE 2",Τσικλάνα ντε λα Φροντέρα,11130,"Cádiz,Andalusia",Spain,EU-EFTA,PM,CP,N,,CP - Cutting Plant,,
10.22508/CO,CARNES Y FABRICA DE EMBUTIDOS MONTORO S.L.,"POLIGONO INDUSTRIAL ATALAYA Y MORRON, 2, NAVE 11",Montoro,14600,"Cordova,Andalusia",Spain,EU-EFTA,PM,CP,N,,CP - Cutting Plant,,
10.22025/CO,CARNES Y JAMONES BMG S.L.L.,"CARRETERA C-411 VILLAVICIOSA, KM. 0,6",Posadas,14730,"Cordova,Andalusia",Spain,EU-EFTA,PM,CP,N,,CP - Cutting Plant,,
10.16078/SE,CARNES Y PESCADOS HERMANOS ROSSO S.L.,CALLE GRAMIL NAVE 10.3 POL.IND. STORE,Seville,41006,"Seville,Andalusia",Spain,EU-EFTA,PM,CP,N,,CP - Cutting Plant,,
10.13627/AB,"CARNICAS ALBACETEÑAS, S.L.","POL. IND. CAMPOLLANO C/C, 11",Albacete,02006,"Albacete,Castile-La Mancha",Spain,EU-EFTA,PM,CP,N,,CP - Cutting Plant,,
10.16350/MA,CARNICAS ANDRES JIMENEZ S.L.,"COMPLEJO INDUSTRIAL COSTA DEL SOL, 20",Marbella,29600,"Malaga,Andalusia",Spain,EU-EFTA,PM,CP,N,,CP - Cutting Plant,,
10.028051/P,"CARNICAS CAMPOS DE CASTILLA, S.L.","C/ CANAL DE CASTILLA, 1",Osorno la Mayor,34460,"Palencia,Castile and León; A Poultry; L Lagomorphs",Spain,EU-EFTA,PM,CP,N,,CP - Cutting Plant,,
10.17237/MA,CARNICAS CARMA S.L.,CALLE ISOLDA Nº 4 POLIGONO INDUSTRIAL ALAMEDA,Málaga,29006,"Malaga,Andalusia",Spain,EU-EFTA,PM,CP,N,,CP - Cutting Plant,,
10.03558/MA,CARNICAS DISCARPE S.L.,CARRETERA AZUCARERA-INTELHORCE Nº 8,Málaga,29004,"Malaga,Andalusia",Spain,EU-EFTA,PM,CP,N,,CP - Cutting Plant,,
10.024751/MA,CARNICAS DISCARPE S.L.,CALLE MONTERREY Nº 11,Málaga,29006,"Malaga,Andalusia",Spain,EU-EFTA,PM,CP,N,,CP - Cutting Plant,,
10.15086/J,CARNICAS DYSEO S.L.,CALLE SEVILLA 12 POL. INDUSTRIAL,Torreperogil,23320,"Jaén,Andalusia",Spain,EU-EFTA,PM,CP,N,,CP - Cutting Plant,,
10.23223/MA,CARNICAS MIGUEL Y ARENAS S.L.,"C/ MARIA MALIBRAN, Nº 2 (PARQUE EMPRESARIAL TREVÉNEZ)",Campanillas,29590,"Malaga,Andalusia",Spain,EU-EFTA,PM,CP,N,,CP - Cutting Plant,,
10.19357/CA,CARNICAS MR. MUU S.L.,"C/ DEL SABIO, S/N - GUADIARO",San Roque,11311,"Cádiz,Andalusia",Spain,EU-EFTA,PM,CP,N,,CP - Cutting Plant,,
10.13666/P,"CARNICAS ODRIOZOLA, S. L.",C/ SEVILLA P-18,Palencia,34004,"Palencia,Castile and León",Spain,EU-EFTA,PM,CP,N,,CP - Cutting Plant,,
10.17509/TO,"CARNICAS RUJOVI, S.L.","C/ CANALES, 27 POLIGONO INDUSTRIAL FUENTE DE LOS PANADEROS NAVES 2 Y 3",Lominchar,45212,"Toledo,Castile-La Mancha",Spain,EU-EFTA,PM,CP,N,,CP - Cutting Plant,,
10.028355/CR,CARNICAS SERRANO SANCHEZ S.L.,"C/ GOYA, 20",Manzanares,13200,"Ciudad Real,Castile-La Mancha",Spain,EU-EFTA,PM,CP,N,,CP - Cutting Plant,,
10.14696/CA,CARNICAS URBANO SL,POLIGONO INDUSTRIAL CORTIJO REAL CALLE LOS AMIGO 9,Algeciras,11206,"Cádiz,Andalusia",Spain,EU-EFTA,PM,CP,N,,CP - Cutting Plant,,
10.026926/MA,CARNICERIA ARUNDAVES,CALLE SETENIL Nº 7,Ronda,29400,"Malaga,Andalusia",Spain,EU-EFTA,PM,CP,N,,CP - Cutting Plant,,
10.21246/GR,CARNICERIA LUIS JAVIER S.L.,AVENIDA CARMEN MORCILLO (DE) Nº80,Gójar,18150,"Granada,Andalusia",Spain,EU-EFTA,PM,CP,N,,CP - Cutting Plant,,
10.028916/GU,"CARNICERIA NIETO 2.0, SOCIEDAD LIMITADA",CALLE GUADALAJARA-JALISCO 91. POL.IND.HENARES,Guadalajara,19004,"Guadalajara,Castile-La Mancha",Spain,EU-EFTA,PM,CP,N,,CP - Cutting Plant,,
10.11892/CR,"CARNICERIA TANIA, SOCIEDAD LIMITADA","PLAZA DE LA CONSTITUCION, 14",Santa Cruz de Mudela,13730,"Ciudad Real,Castile-La Mancha",Spain,EU-EFTA,PM,CP,N,,CP - Cutting Plant,,
10.09414/GR,CARNICERIAS FRANCISCO GARCIA BULLEJOS S.L.,CARRETERA DILAR (DE) Nº31 PARCELA CORTIJO LA NOCLA,Granada,18016,"Granada,Andalusia",Spain,EU-EFTA,PM,CP,N,,CP - Cutting Plant,,
10.028818/MA,CARRIGAR 2009 S.L.,CALLE VIDRIALES Nº 120 POLIGONO INDUSTRIAL LOS ZAMORANOS,Vélez-Málaga,29700,"Malaga,Andalusia",Spain,EU-EFTA,PM,CP,N,,CP - Cutting Plant,,
10.19556/CO,CASA JULIA CARNES Y EMBUTIDOS S.L.U.,"CALLE INGENIERO JUAN DE LA CIERVA, 58",La Carlota,14100,"Cordova,Andalusia",Spain,EU-EFTA,PM,CP,N,,CP - Cutting Plant,,
10.16680/H,CASH LEPE S.L.,P.I. EL CHORRILLO NAVE 33,Lepe,21440,"Huelva,Andalusia",Spain,EU-EFTA,PM,CP,N,,CP - Cutting Plant,,
10.20134/CO,CASTILLA ORTIZ S.L.,"AVENIDA ALEMANIA, 77",Baena,14850,"Cordova,Andalusia",Spain,EU-EFTA,PM,CP,N,,CP - Cutting Plant,,
10.028955/CO,CECLISUR DISTRIBUCION PROFESIONAL DEL SUR S.L.,"CALLE VIÑUELA (LA), 62. POLIGONO INDUSTRIAL LA VIÑUELA",Lucena,14900,"Cordova,Andalusia",Spain,EU-EFTA,PM,CP,N,,CP - Cutting Plant,,
10.14518/CU,"CESAR Y GREGORIO RAMIREZ, SLL","PARCELA 33, POLIGONO INDUSTRIAL LA CERRAJERA",Cuenca,16003,"Cuenca,Castile-La Mancha",Spain,EU-EFTA,PM,CP,N,,CP - Cutting Plant,,
10.00198/VA,"CHICKENVALL, S. L.",CALLE FORJA Nº92 POLIGONO INDUSTRIAL ARGALES,Valladolid,47008,"Valladolid,Castile and León",Spain,EU-EFTA,PM,CP,N,,CP - Cutting Plant,,
10.07406/VA,COMERCIAL AVICOLA CABALLO BLANCO S.L.,CARRETERA CIRCUNVALACION S/N,Villalón de Campos,47600,"Valladolid,Castile and León",Spain,EU-EFTA,PM,CP,N,,CP - Cutting Plant,,
10.03377/MA,COMERCIAL CARNES DEL GUADALHORCE S.L.,CARRETERA COIN-ALHAURIN GRANDE KM 1.2,Coín,29100,"Malaga,Andalusia",Spain,EU-EFTA,PM,CP,N,,CP - Cutting Plant,,
10.10566/VA,"COMERCIAL MANZANARES VILLALON, S.A.",S/N KM. 44 CARRETERA NACIONAL Nº 610,Villalón de Campos,47600,"Valladolid,Castile and León",Spain,EU-EFTA,PM,CP,N,,CP - Cutting Plant,,
10.05576/PO,"CONEJOS GALLEGOS COGAL, S.C.G.",ALCEME RODEIRO PONTEVEDRA,Álceme,36511,"Pontevedra,Galicia",Spain,EU-EFTA,PM,SH CP,Y,,SH - Slaughterhouse | CP - Cutting Plant,,
10.06352/H,CONGELADOS ARACENA S.L.,CARETERA ARACENA-HUELVA KM 0.8,Aracena,21200,"Huelva,Andalusia",Spain,EU-EFTA,PM,CP,N,,CP - Cutting Plant,,
10.01798/OR,COOPERATIVAS OURENSANAS S.COOP.GALEGA,SANTA CRUZ DE ARRABALDO 32990 OURENSE,Ourense,32900,"Ourense,Galicia",Spain,EU-EFTA,PM,SH,Y,,SH - Slaughterhouse,,
10.03948/L,"CORPORACION ALIMENTARIA GUISSONA,S.A.","Av. Verge del Claustre, 73",Guissona,25210,"Lleida,Catalonia",Spain,EU-EFTA,PM,CP SH,Y,,CP - Cutting Plant | SH - Slaughterhouse,,
10.03779/J,CUIDATE Y COME S.L.,CMNO REAL S/N,Chilluévar,23311,"Jaén,Andalusia",Spain,EU-EFTA,PM,CP,N,,CP - Cutting Plant,,
10.06420/GR,CUNIALPUJARRA S.L.,CTRA. DE YATOR S/N,Ugíjar,18480,"Granada,Andalusia",Spain,EU-EFTA,PM,SH,Y,,SH - Slaughterhouse,,
10.09398/AB,"CUNICULTURA DE LA MANCHUELA, S.L.","CTRA. CENIZATE, KM. 2",Villamalea,02270,"Albacete,Castile-La Mancha",Spain,EU-EFTA,PM,CP SH,Y,,CP - Cutting Plant | SH - Slaughterhouse,,
10.07124/V,Carnes Felix SA,Ctra. Valencia-Alicante Km 280,Albal,46470,"Valencia,Valencian Community",Spain,EU-EFTA,PM,CP,N,,CP - Cutting Plant,,
10.14329/T,"Cuniespluga, SL","CT de l'Espluga-Montblanc, Km 1,5",l'Espluga de Francolí,43440,"Tarragona,Catalonia",Spain,EU-EFTA,PM,SH,Y,,SH - Slaughterhouse,,
10.024246/SE,DEHESA FRIAS S.L.,"CARRETERA LORA-EL PEDROSO KM. 7 CORTIJO EL SALADILLO, FINCA DEHESA FRIAS",Constantina,41450,"Seville,Andalusia",Spain,EU-EFTA,PM,CP SH,Y,,CP - Cutting Plant | SH - Slaughterhouse,,
10.029077/CO,DESPIAVE GOMARSAN S.L.,"AVENIDA REPUBLICA ARGENTINA, S/N. BAJO",La Carlota,14100,"Cordova,Andalusia",Spain,EU-EFTA,PM,CP,N,,CP - Cutting Plant,,
10.03462/MA,DIFRESCON S.L.,CALLE ALGATOCIN Nº 9 P.I. AZUCARERA,Málaga,29004,"Malaga,Andalusia",Spain,EU-EFTA,PM,CP,N,,CP - Cutting Plant,,
10.025735/P,"DISCAREMA, S.L.","""C/ TORNEROS Nº 3, PARCELA 127 POLIG. IND. SAN ANTOLIN""",Palencia,34004,"Palencia,Castile and León",Spain,EU-EFTA,PM,CP,N,,CP - Cutting Plant,,
10.028460/MA,DISCARMA,CALLE WILCHES CORTIJO CECILIA,Torrox,29793,"Malaga,Andalusia",Spain,EU-EFTA,PM,CP,N,,CP - Cutting Plant,,
10.008135/MA,DISCARSOL S.L.,Calle Alcalde Segalerva Sierra nº 2.,Málaga,29006,"Malaga,Andalusia",Spain,EU-EFTA,PM,CP,N,,CP - Cutting Plant,,
10.027389/MA,DISTRIBUCIONES ALIMENTARIAS PROVARMA S.L.,CALLE LA OROTAVA Nº 51 P.I. SAN LUIS,Málaga,29006,"Malaga,Andalusia",Spain,EU-EFTA,PM,CP,N,,CP - Cutting Plant,,
10.11920/CA,DISTRIBUCIONES AVICOLAS FRANGAR S.L.,"C/ ZAMBIA, 16 - PZA. PISCIS",شريش,11405,"Cádiz,Andalusia",Spain,EU-EFTA,PM,CP,N,,CP - Cutting Plant,,
10.07104/AB,"DISTRIBUCIONES AVICOLAS NAVARRO, S.L",POLÍGONO INDUSTRIAL SAN RAFAEL C/ MALTA Nº 12,Hellín,02400,"Albacete,Castile-La Mancha",Spain,EU-EFTA,PM,CP,N,,CP - Cutting Plant,,
10.05772/M,"DISTRIBUCIONES AVICOLAS VAZQUEZ, S.A.",CL. DE LA SIERRA DE ALBARRACÍN Nº 7,San Fernando de Henares,28830,"Community of Madrid,Community of Madrid",Spain,EU-EFTA,PM,CP,N,,CP - Cutting Plant,,
10.15502/CR,DISTRIBUCIONES CANUTO 09 SL,"TRAVESIA CORREDERAS, 8 BJ",Valdepeñas,13300,"Ciudad Real,Castile-La Mancha",Spain,EU-EFTA,PM,CP,N,,CP - Cutting Plant,,
10.027341/CO,DISTRIBUCIONES CHACON S.L.,"CALLE INGENIERO JUAN DE LA CIERVA, NAVE 4",La Carlota,14100,"Cordova,Andalusia",Spain,EU-EFTA,PM,CP,N,,CP - Cutting Plant,,
10.24040/CO,DISTRIBUCIONES DE FRESCOS Y CONGELADOS LA NEVERA S.L.,AVENIDA IRYDA. PARCELA 7 B. POL. IND. SAN PANCRACIO,Puente Genil,14500,"Cordova,Andalusia",Spain,EU-EFTA,PM,CP,N,,CP - Cutting Plant,,
10.09440/SO,"DISTRIBUCIONES DISGAR SORIA, S.L.","POLIG. IND. LAS CASAS Nº44, PLANTA B, PUERTA 3",Soria,42005,"Soria,Castile and León",Spain,EU-EFTA,PM,CP,N,,CP - Cutting Plant,,
10.17624/CA,DISTRIBUCIONES FRAMOHE S.L.U.,"POL. MERCAJEREZ, NAVE POLIV. MOD. B-C",شريش,11408,"Cádiz,Andalusia",Spain,EU-EFTA,PM,CP,N,,CP - Cutting Plant,,
10.025778/GR,DISTRIBUCIONES PLATA GRANADA S.L.,"CALLE ZAMORA POLÍGONO TECNOLÓGICO, NAVES 114-115-116",Ogíjares,18151,"Granada,Andalusia",Spain,EU-EFTA,PM,CP,N,,CP - Cutting Plant,,
10.029239/AB,DISTRIBUIDORA AVINACE SOCIEDAD LIMITADA,"CARRETERA HELLIN ALMANSA, 17",Albatana,02653,"Albacete,Castile-La Mancha",Spain,EU-EFTA,PM,CP,N,,CP - Cutting Plant,,
10.13078/CR,"EL OBRADOR DE LA MANCHA, S.L.","GARCIA MORATO, 7",Pedro Muñoz,13620,"Ciudad Real,Castile-La Mancha",Spain,EU-EFTA,PM,CP,N,,CP - Cutting Plant,,
10.15249/H,ELABORADOS CARNICOS DEL CONDADO INFANTE SLL,AVENIDA VILLARRASA 15,Rociana del Condado,21710,"Huelva,Andalusia",Spain,EU-EFTA,PM,CP,N,,CP - Cutting Plant,,
10.23693/CO,ELABORADOS CARNICOS EGEA S.L.,"CALLE DE LA VIÑUELA, 62. POL. IND. LA VIÑUELA",Lucena,14900,"Cordova,Andalusia",Spain,EU-EFTA,PM,CP,N,,CP - Cutting Plant,,
ES091700000002 / 10.23877/BU,"ELACAM, PRODUCTOS ELABORADOS DEL CAMPO, S.L.","POLIGONO 506, PARCELA 707",Hoyales de Roa,09316,"Burgos,Castile and León",Spain,EU-EFTA,PM,CP SH,Y,,CP - Cutting Plant | SH - Slaughterhouse,,
10.01433/CO,EMBUTIDOS CABALLERO S.L.,"POLIGONO INDUSTRIAL QUEMADAS, PARC. 41",Córdoba,14014,"Cordova,Andalusia",Spain,EU-EFTA,PM,CP,N,,CP - Cutting Plant,,
10.09433/LE,EMBUTIDOS J. FERNANDEZ S. L.,PLAZA SAN JUAN Nº1,Valderas,24220,"León,Castile and León",Spain,EU-EFTA,PM,CP,N,,CP - Cutting Plant,,
10.14507/VA,"EMBUTIDOS OLANDIA-NANCLARES, S. L.",CALLE CRUZ Nº1,Bolaños de Campos,47675,"Valladolid,Castile and León",Spain,EU-EFTA,PM,CP,N,,CP - Cutting Plant,,
10.21289/MA,EMBUTIDOS PELAEZ S.L.,CALLE NUEVA N.º 65,Archidona,29300,"Malaga,Andalusia",Spain,EU-EFTA,PM,CP,N,,CP - Cutting Plant,,
10.06270/B,ENRIC ROCA SL,POLIGON INDUSTRIAL LA POBLA 18,Súria,08260,"Barcelona,Catalonia",Spain,EU-EFTA,PM,CP,N,,CP - Cutting Plant,,
10.00433/GE,ESCORXADOR D'AUS TORRENT I FILLS SL,"RD Monestir, 134",Banyoles,17820,"Girona,Catalonia; A Poultry",Spain,EU-EFTA,PM,CP,N,,CP - Cutting Plant,,
ES081210035942-10.00502/B,"ESCORXADOR D'AUS TORRENT I FILLS, SL",POLÍGON INDUSTRIAL PLA D'EN BOET - C/SERRA I MORET 14,Mataró,08302,"Barcelona,Catalonia; A Poultry",Spain,EU-EFTA,PM,SH,Y,,SH - Slaughterhouse,,
10.16750/TO,EVENTOS EBORA SL.,"CAMINO VIEJO DE OROPESA, S/N (POLG. IND. TAFASA)",Talavera de la Reina,45600,"Toledo,Castile-La Mancha",Spain,EU-EFTA,PM,CP,N,,CP - Cutting Plant,,
10.02507/M,"EXPLOTACIONES AVICOLAS JOSE LUIS REDONDO, S.A.","CT. LEGANES-FUENLABRADA, KM. 1,5",Leganés,28914,"Community of Madrid,Community of Madrid",Spain,EU-EFTA,PM,CP SH,Y,,CP - Cutting Plant | SH - Slaughterhouse,,
10.03518/MA,FABRICA MATADERO Y DESPIECE S.A,CAMINO DE SANTA INES Nº IZQUIERDA,Campanillas,29590,"Malaga,Andalusia",Spain,EU-EFTA,PM,CP,N,,CP - Cutting Plant,,
10.026522/CR,"FELICES SANROMA, JULIO","POL. IND. VIRGEN DE LA PAZ, TRAVESIA BOLIVIA Nº 3, 5 Y 7",Valdepeñas,13300,"Ciudad Real,Castile-La Mancha",Spain,EU-EFTA,PM,CP,N,,CP - Cutting Plant,,
10.05826/CO,FJS ANIMAL BY PRODUCTS S.L.,CARRETERA DE PUENTE GENIL KM. 66,Lucena,14900,"Cordova,Andalusia",Spain,EU-EFTA,PM,CP,N,,CP - Cutting Plant,,
78148960C,FRANCESC SIRVENT VIDAL,"ACCES CAL SUÑE, S/N",Bellver de Cerdanya,25720,"Lleida,Catalonia",Spain,EU-EFTA,PM,CP,N,,CP - Cutting Plant,,
10.23713/MA,GAMERO MARTINEZ JOSE MIGUEL,AVENIDA DE LAS COMUNIDADES AUTONOMAS PARCELA 3 NAVE B 8,Antequera,29200,"Malaga,Andalusia",Spain,EU-EFTA,PM,CP,N,,CP - Cutting Plant,,
10.05693/MA,GOURMET DOSVEGAS S.L.,CALLE CASABERMEJA Nº 8 POLIGONO GUADALHORCE,Málaga,29004,"Malaga,Andalusia",Spain,EU-EFTA,PM,CP,N,,CP - Cutting Plant,,
10.11434/MA,GRUPO CARNICO DACRISA S.L.,CALLE GERALD BRENAN,Málaga,29004,"Malaga,Andalusia",Spain,EU-EFTA,PM,CP,N,,CP - Cutting Plant,,
10.16195/LE,"GRUPO CRAMLE, S.L.","CTRA. VILECHA MERCALEON, S/N, PUESTOS 37-38",León,24191,"León,Castile and León",Spain,EU-EFTA,PM,CP,N,,CP - Cutting Plant,,
10.00431.LU,GRUPO SADA P.A S.A.,LUGAR DE LA IGLESIA Nº 30- DUARRIA,Castro de Rei,27269,"Lugo,Galicia",Spain,EU-EFTA,PM,SH CP,Y,,SH - Slaughterhouse | CP - Cutting Plant,,
10.06972/SE,GRUPO SADA P.A. S.A.,CALLE LA RED NUEVE Nº18 POL.IND. LA RED SUR,Alcalá de Guadaíra,41500,"Seville,Andalusia",Spain,EU-EFTA,PM,CP SH,Y,,CP - Cutting Plant | SH - Slaughterhouse,,
10.00262/V,"GRUPO SADA, P.A. S.A.","Avinguda Ciutat d' Alacant, nº 35- 37",Sueca,46410,"Valencia,Valencian Community",Spain,EU-EFTA,PM,CP SH,Y,,CP - Cutting Plant | SH - Slaughterhouse,,
10.08492/CO,HERMANOS ARIZA TORRALBO S.L.,"CAMINO VADOFRESNO, S/N",Encinas Reales,14912,"Cordova,Andalusia",Spain,EU-EFTA,PM,SH CP,Y,,SH - Slaughterhouse | CP - Cutting Plant,,
10.14095/AB,HERMANOS CASTILLO ALVARADO SOCIEDAD LIMITADA,"CTRA. JAEN, 14",Hellín,02400,"Albacete,Castile-La Mancha",Spain,EU-EFTA,PM,CP,N,,CP - Cutting Plant,,
ES4101100009000,"HERMANOS DEL RIO MONTES, S.A.","CTRA ARAHAL-EL CORONIL, KM 2,0",Arahal,41600,"Seville,Andalusia",Spain,EU-EFTA,PM,SH,Y,,SH - Slaughterhouse,,
10.15032/MA,HERMANOS LOPEZ S.C.,CALLE ISAAC PERAL Nº 3 P.I. MIGUEL BUSTOS,Colmenar,29170,"Malaga,Andalusia",Spain,EU-EFTA,PM,CP,N,,CP - Cutting Plant,,
ES241050000033 / 10.00777/LE,"HERMANOS OBLANCA, S. L.","POLIGONO INDUSTRIAL DE ONZONILLA, C/3, PARCELA G-9",Onzonilla,24231,"León,Castile and León; A Poultry",Spain,EU-EFTA,PM,CP SH,Y,,CP - Cutting Plant | SH - Slaughterhouse,,
ES470520000005 / 10.01291/VA,"HERMI CARNE DE CONEJO, S. L. U.","""AVENIDA LOS ALAMOS, 50-51 POLIG. IND. LA MORA""",Cistérniga,47193,"Valladolid,Castile and León",Spain,EU-EFTA,PM,CP SH,Y,,CP - Cutting Plant | SH - Slaughterhouse,,
10.15968/TO,"HIJOS DE ISIDORO DIAZ, S.L.L.",C/ PILAR nº 6,Talavera de la Reina,45600,"Toledo,Castile-La Mancha",Spain,EU-EFTA,PM,CP,N,,CP - Cutting Plant,,
10.00181/MU,HIJOS DE JUAN PUJANTE S.A.,"CTRA. DE ZENETA, KM 0.9",Beniel,30130,"Region of Murcia,Region of Murcia",Spain,EU-EFTA,PM,CP SH,Y,,CP - Cutting Plant | SH - Slaughterhouse,,
10.028402/J,HIJOS DE MARTINEZ OLIVARES S.L,CALLE MALAGA 5,Torreperogil,23320,"Jaén,Andalusia",Spain,EU-EFTA,PM,CP,N,,CP - Cutting Plant,,
ES241420000075 / 10.00241/LE,HUEVOS LEON S.L.,"CTRA. LEON-CARRIZO KM. 8,5",FERRAL DEL BERNESGA,24282,"León,Castile and León; A Poultry; L Lagomorphs",Spain,EU-EFTA,PM,CP SH,Y,,CP - Cutting Plant | SH - Slaughterhouse,,
10.025068/GR,IBERCARNICAS DEL SUR S.L.,CALLE BAZA PARC.5 LOC.A-P.I.JUNCARIL,Albolote,18220,"Granada,Andalusia",Spain,EU-EFTA,PM,CP,N,,CP - Cutting Plant,,
10.027871/CO,IDC JOSE MANUEL ARIZA S.L.U.,"AVENIDA SAN CARLOS DE CHILE, 69",Baena,14850,"Cordova,Andalusia",Spain,EU-EFTA,PM,CP,N,,CP - Cutting Plant,,
10.026398/CO,INDUSTRIA AVICOLA SUREÑA S.L.,"CALLE INDUSTRIALES, 16, MANZANA 48, PARCELA 1",Pedro Abad,14630,"Cordova,Andalusia",Spain,EU-EFTA,PM,CP SH,Y,,CP - Cutting Plant | SH - Slaughterhouse,,
10.10656/MA,INDUSTRIAS CARNICAS ARENAS S.L.,CALLE FRAGUA Nº 6 NAVE 6,Marbella,29603,"Malaga,Andalusia",Spain,EU-EFTA,PM,CP,N,,CP - Cutting Plant,,
ES281750000028,INDUSTRIAS CARNICAS ECOAVE SL,M-523 (CTRA. DE VILLANUEVA DE PERALES A VILLAMANTILLA 28609 Villamantilla MADRID,Villamantilla,28609,"Community of Madrid,Community of Madrid; A Poultry",Spain,EU-EFTA,PM,SH,Y,,SH - Slaughterhouse,,
10.11169/LE,"INDUSTRIAS CARNICAS PRIETO LOPEZ, S. L.",S/N FINCA LOS PRADOS,Cueto,24545,"León,Castile and León",Spain,EU-EFTA,PM,CP,N,,CP - Cutting Plant,,
10.07786/P,"INDUSTRIAS CARNICAS SANTA MARINA, S. L.",CALLE FRANCIA S/N POLIGONO INDUSTRIAL VILLALOBON 78,Palencia,34004,"Palencia,Castile and León",Spain,EU-EFTA,PM,CP,N,,CP - Cutting Plant,,
10.08908/TO,"INDUSTRIAS CARNICAS TALAVERA, S.L.","C/ CERAMICA, PARCELA 233 (POLIGONO TORREHIERRO)",Talavera de la Reina,45600,"Toledo,Castile-La Mancha",Spain,EU-EFTA,PM,CP,N,,CP - Cutting Plant,,
10.00220/GR,INDUSTRIAS CARNICAS ZURITA S.A.,POLIGONO P.I. JUNCARIL PARCELA 236,Albolote,18220,"Granada,Andalusia",Spain,EU-EFTA,PM,CP,N,,CP - Cutting Plant,,
10.024321/TO,"INDUSTRIAS CÁRNICAS A-42, S.L.U","POLÍGONO INDUSTRIAL BOADILLA (POL. 42)-MANZANA M-PARCELAS M11-1, M12-6 Y ZV5",Illescas,45200,"Toledo,Castile-La Mancha",Spain,EU-EFTA,PM,CP,N,,CP - Cutting Plant,,
10.06986/TO,"INDUSTRIAS PALOMO, S.A.","C/ GOYA, 7",Camuñas,45720,"Toledo,Castile-La Mancha",Spain,EU-EFTA,PM,CP,N,,CP - Cutting Plant,,
10.024329/MA,INTRAPAX S.L.,CALLE BOCANA Nº 4,Málaga,29013,"Malaga,Andalusia",Spain,EU-EFTA,PM,CP,N,,CP - Cutting Plant,,
10.15443/SO,JAVIER DE LA VILLA MARINA,CALLE GARRAY Nº1,Soria,42001,"Soria,Castile and León",Spain,EU-EFTA,PM,CP,N,,CP - Cutting Plant,,
10.025891/CU,"JESÚS E ISMAEL, S.L","C/ LA ESTRELLA, NAVE 93. POLÍGONO INDUSTRIAL SEPES",Cuenca,16004,"Cuenca,Castile-La Mancha",Spain,EU-EFTA,PM,CP,N,,CP - Cutting Plant,,
10.11241/GR,JOSE ANTONIO ARCO LOPEZ S.L.,MERCAGRANADA POLIVALENCIA 526,Granada,18015,"Granada,Andalusia",Spain,EU-EFTA,PM,CP,N,,CP - Cutting Plant,,
10.14721/SO,"JOSE ANTONIO MARTINEZ DIEZ, S. L.",TRAVESIA E-2 POLIGONO INDUSTRIAL LAS CASAS R-74,Soria,42005,"Soria,Castile and León",Spain,EU-EFTA,PM,CP,N,,CP - Cutting Plant,,
10.15191/CO,JOSE ARROYO E HIJOS S.L.,"CALLE CUESTA DEL MOLINO, S/N",Puente Genil,14500,"Cordova,Andalusia",Spain,EU-EFTA,PM,CP,N,,CP - Cutting Plant,,
10.18424/MA,JOSE GODOY GODOY S.L.,CALLE LEDA Nº11-13,Málaga,29006,"Malaga,Andalusia",Spain,EU-EFTA,PM,CP,N,,CP - Cutting Plant,,
10.025646/CA,JOSE SOTO CAMPOS,"AVDA/ ALCALDE CANTOS ROPERO ,Nº 92 , S/N- P. I. EL PORTAL",شريش,11408,"Cádiz,Andalusia",Spain,EU-EFTA,PM,CP,N,,CP - Cutting Plant,,
10.18068/CA,JOSEFA GONZALEZ GARCIA,"C/ COSTA MARFIL, 22 - P.I. EL PORTAL",شريش,11408,"Cádiz,Andalusia",Spain,EU-EFTA,PM,CP,N,,CP - Cutting Plant,,
10.07395/TO,LA ABUELA MARGA S.L.,CALLE TROYA Nº36,Nambroca,45190,"Toledo,Castile-La Mancha",Spain,EU-EFTA,PM,CP,N,,CP - Cutting Plant,,
10.14903/VA,"LA DESPENSA CASTELLANA, S.L.",AVENIDA EURO S/N MERCADO MERCAOLID MODULOS 3-12,Valladolid,47009,"Valladolid,Castile and León",Spain,EU-EFTA,PM,CP,N,,CP - Cutting Plant,,
10.04103/GE,LINEA ALIMENTARIA SL,"CR Mas Puig, s/n",Serinyà,17852,"Girona,Catalonia; L Lagomorphs",Spain,EU-EFTA,PM,SH CP,Y,,SH - Slaughterhouse | CP - Cutting Plant,,
10.11921/CO,LOGISCOR 2021 S.L.,"POLIGONO INDUSTRIAL LAS QUEMADAS, PARCELA 102",Córdoba,14014,"Cordova,Andalusia",Spain,EU-EFTA,PM,CP,N,,CP - Cutting Plant,,
10.028881/J,MAGALI ALIMENTACION S.L.,CALLE FORJADORES 11 POL. INDUSTRIAL MIRANDA,Andújar,23740,"Jaén,Andalusia",Spain,EU-EFTA,PM,CP,N,,CP - Cutting Plant,,
10.21930/CA,MARIA DOLORES PEREZ MATEOS,"POL. IND. EL PALMAR DE SAN SEBASTIAN, KM. 1 - PASTRANA",Sanlúcar de Barrameda,11540,"Cádiz,Andalusia",Spain,EU-EFTA,PM,CP,N,,CP - Cutting Plant,,
10.20347/VA,"MARTIN & GEIJO, S. L.","C/ TOPACIO Nº 55, POL. SAN CRISTOBAL",Valladolid,47009,"Valladolid,Castile and León",Spain,EU-EFTA,PM,CP,N,,CP - Cutting Plant,,
10.02203/LU,"MATADERO DE AVES SUAVI,S.L.U.",FAZAI - CARBALLIDO,Lugo,27146,"Lugo,Galicia",Spain,EU-EFTA,PM,SH CP,Y,,SH - Slaughterhouse | CP - Cutting Plant,,
10.00023/L,MATADERO FIGUERA SA,"Raval de Puigvert, s/n",Agramunt,25310,"Lleida,Catalonia; L Lagomorphs",Spain,EU-EFTA,PM,SH,Y,,SH - Slaughterhouse,,
10.03583/LO,"MATADERO JOSE CALATAYUD E HIJOS, S.A.",POL. IND. NEINVER 3,Calahorra,26500,"Rioja,Rioja; A Poultry",Spain,EU-EFTA,PM,CP SH,Y,,CP - Cutting Plant | SH - Slaughterhouse,,
ES101800000528,MATADERO POLLOS CACERES S.L.,CAMINO DE SAN MARCOS S/N,Talayuela,10310,"Cáceres,Extremadura; A Poultry",Spain,EU-EFTA,PM,SH,Y,,SH - Slaughterhouse,,
10.15513/GR,MATADERO Y SALA DE DESPIECE ANTONIO LUIS S.L.,"CTRA. DE BENAMAUREL, KM. 2,5",Baza,18800,"Granada,Andalusia",Spain,EU-EFTA,PM,CP SH,Y,,CP - Cutting Plant | SH - Slaughterhouse,,
10.028489/TO,MERCADO ORGANIQ SL,FINCA DEL CHINO. POLIGONO 2 PARCELA 17,Mejorada,45622,"Toledo,Castile-La Mancha",Spain,EU-EFTA,PM,CP,N,,CP - Cutting Plant,,
10.029511/VA,"MESTRES DA CARNE 2025, S.L.U.","CTRA. ADANERO-GIJON, S/N",Mayorga,47680,"Valladolid,Castile and León",Spain,EU-EFTA,PM,CP,N,,CP - Cutting Plant,,
10.18702/TO,"NUTRAVE, SA.","CTRA. CM.-4003, KM. 12",Bargas,45593,"Toledo,Castile-La Mancha",Spain,EU-EFTA,PM,CP SH,Y,,CP - Cutting Plant | SH - Slaughterhouse,,
10.12513/CR,"ORTEGA 1939, SL",AV SERNA DE PALACIO nº 1,Alcázar de San Juan,13600,"Ciudad Real,Castile-La Mancha",Spain,EU-EFTA,PM,CP,N,,CP - Cutting Plant,,
10.024983/CR,"ORTEGA ESPECIALISTAS EN CARNE, S.L.",AVDA. DE QUERO Nº 60,Alcázar de San Juan,13600,"Ciudad Real,Castile-La Mancha",Spain,EU-EFTA,PM,CP,N,,CP - Cutting Plant,,
10.028039/C,ORTEGALICA SL,"R/ CONCEPCION ARENAL, 21, 1ºC - CARIÑO - 15360",Cariño,15360,"A Coruña,Galicia",Spain,EU-EFTA,PM,CP,N,,CP - Cutting Plant,,
10.18747/CU,OSLAVI CB,"CTRA. NACIONAL 400, KM. 99",Tarancón,16400,"Cuenca,Castile-La Mancha",Spain,EU-EFTA,PM,CP,N,,CP - Cutting Plant,,
10.021944/MA,PARAISO DE LA CARNE SELECCION S.L.,CALLE DOCTOR GOMEZ DEL RIO Nº 4,Málaga,29006,"Malaga,Andalusia",Spain,EU-EFTA,PM,CP,N,,CP - Cutting Plant,,
10.029428/SA,"PARRO GLOBAL FOOD, S.L.","CTRA. SALAMANCA-LA FREGENEDA CL 517, KM 87,8. POLIG.5 PARC 4, EL TORBISCAL",Lumbrales,37240,"Salamanca,Castile and León",Spain,EU-EFTA,PM,CP,N,,CP - Cutting Plant,,
10.025568/SE,PAVISO ALIMENTACION SL,CTRA EL VISO DEL ALCOR TOCINA KM2.2 SEVILLA,El Viso del Alcor,30566,"Seville,Andalusia",Spain,EU-EFTA,PM,CP,N,,CP - Cutting Plant,,
10.01506/T,PAVO Y DERIVADOS S.A.,"CT C-12, KM 16",Roquetes,43520,"Tarragona,Catalonia",Spain,EU-EFTA,PM,CP SH,Y,,CP - Cutting Plant | SH - Slaughterhouse,,
10.01057/T,PAVO Y DERIVADOS SA,"CT TV-3443, Km 3,8",Amposta,43870,"Tarragona,Catalonia",Spain,EU-EFTA,PM,SH CP,Y,,SH - Slaughterhouse | CP - Cutting Plant,,
10.01115/GR,PAYAN HERMANOS S.A.,CARRETERA DE LA TORRECILLA S/N,Maracena,18200,"Granada,Andalusia",Spain,EU-EFTA,PM,CP SH,Y,,CP - Cutting Plant | SH - Slaughterhouse,,
ES491080000059 / 10.028271/ZA,"PICHONES DE CASTILLA Y LEON, SDAD. COOP.","C/ CAMINO LAGUNA S/N, POLIGONO 2, PARCELA 118",Manganeses de la Lampreana,49130,"Zamora,Castile and León",Spain,EU-EFTA,PM,SH,Y,,SH - Slaughterhouse,,
ES241140000220 / 10.22026/LE,"POLLO RURAL GERAS, S. L.",CALLE NOGALES Nº3,Geras,24608,"León,Castile and León",Spain,EU-EFTA,PM,CP SH,Y,,CP - Cutting Plant | SH - Slaughterhouse,,
10.12232/CA,POLLOS BARRERA S.L.U.,"C/ PINTOR VELAZQUEZ, S/N",Puerto Serrano,11659,"Cádiz,Andalusia",Spain,EU-EFTA,PM,CP,N,,CP - Cutting Plant,,
ES061170001459,POLLOS CANO S.L.,CARRETERA BURGUILLOS KM 0.5,Salvatierra de los Barros,06175,"Badajoz,Extremadura; A Poultry",Spain,EU-EFTA,PM,SH,Y,,SH - Slaughterhouse,,
10.20681/MA,POZO MUÑOZ FRANCISCO JUAN,CALLE SAN ANTONIO Nº 6,Nerja,29780,"Malaga,Andalusia",Spain,EU-EFTA,PM,CP,N,,CP - Cutting Plant,,
10.23892/CA,PRECOAVI S.L.,"C/ POSEIDON, PARC. 7.4 P. I. LA MENACHA",Algeciras,11205,"Cádiz,Andalusia",Spain,EU-EFTA,PM,CP,N,,CP - Cutting Plant,,
10.14887/SE,"PROCAVI, S.L.","Ctra. Comarcal 339, Km 23,6",Marchena,00000,"Seville,Andalusia",Spain,EU-EFTA,PM,CP SH,Y,,CP - Cutting Plant | SH - Slaughterhouse,,
10.01219/AB,"PRODUCTOS ALIMENTICIOS ALBACETE, S.A.","POLIGONO INDUSTRIAL ROMICA, C/ ESTOCOLMO Nº7",Albacete,02007,"Albacete,Castile-La Mancha",Spain,EU-EFTA,PM,CP SH,Y,,CP - Cutting Plant | SH - Slaughterhouse,,
10.12050/CR,"PRODUCTOS AVICOLAS DE DAIMIEL, S.A.","CAMINO BARAJAS, S/N",Daimiel,13250,"Ciudad Real,Castile-La Mancha",Spain,EU-EFTA,PM,CP,N,,CP - Cutting Plant,,
10.22007/AB,"PRODUCTOS CARNICOS ALBACETE, S.L.","PARQUE EMPRESARIAL CAMPOLLANO, CALLE B, Nº 14, NAVE C",Albacete,02007,"Albacete,Castile-La Mancha",Spain,EU-EFTA,PM,CP,N,,CP - Cutting Plant,,
10.00324/O,PRODUCTOS CARNICOS EL CUCO SLU,CARRETERA EL RAYO Nº 26,Oviedo,33010,"Asturias,Asturias",Spain,EU-EFTA,PM,CP,N,,CP - Cutting Plant,,
10.026131/CA,PRODUCTOS CARNICOS MIGUEL ANGEL BUTRON E HIJOS S.L.,"C/ DE LOS TECNICOS , 5Y 6 -P.I. PELAGATOS",Τσικλάνα ντε λα Φροντέρα,11130,"Cádiz,Andalusia",Spain,EU-EFTA,PM,CP,N,,CP - Cutting Plant,,
10.22738/MA,PRODUCTOS CARNICOS PERDIGUERO S.L.L.,CALLE MALAGA Nº 13,Riogordo,29180,"Malaga,Andalusia",Spain,EU-EFTA,PM,CP,N,,CP - Cutting Plant,,
10.027564/AV,"PUNTO BIO LA SOLANILLA, S.L.","CTRA. MINGORRIA S/N KM 2,7. POLIG.6, PARC. 239. PARAJE FUENTE LA ZORRA",San Esteban de los Patos,05289,"Ávila,Castile and León; A Poultry",Spain,EU-EFTA,PM,CP SH,Y,,CP - Cutting Plant | SH - Slaughterhouse,,
ES094380000010 / 10.024265/BU,RAMON MONZON RASERO,CALLE VIRGEN Nº4,Villalba de Duero,09443,"Burgos,Castile and León",Spain,EU-EFTA,PM,SH,Y,,SH - Slaughterhouse,,
10.12197/SG,RICARDO HERRERO ALBEROLA,AVENIDA SOTILLO (EL) Nº3,La Lastrilla,40196,"Segovia,Castile and León",Spain,EU-EFTA,PM,CP,N,,CP - Cutting Plant,,
10.11172/TO,RIOJA MARTÍN INOCENCIO RUBÉN,"TRAVESIA CIUDAD REAL, 3",Santa Olalla,45530,"Cantabria,Cantabria",Spain,EU-EFTA,PM,CP,N,,CP - Cutting Plant,,
10.026568/GU,RUBIATO PAREDES SL,"POL IND EL HENARES C/ GUADALAJARA JALISCO, 2",Guadalajara,19004,"Guadalajara,Castile-La Mancha",Spain,EU-EFTA,PM,CP,N,,CP - Cutting Plant,,
10.12897/P,"SABOR PALENTINO 2025, S.L.",CALLE GRECIA PARCELA 64,Palencia,34004,"Palencia,Castile and León",Spain,EU-EFTA,PM,CP,N,,CP - Cutting Plant,,
10.04060/L,SAGRA SA,"CTRA. N-II, KM. 484",Fondarella,25244,"Lleida,Catalonia",Spain,EU-EFTA,PM,CP,N,,CP - Cutting Plant,,
ES401790000015 / 10.22698/SG,"SANCHONAR, S.L.",POLIGONO INDUSTRIAL DEHESA BOYAL 7,Sanchonuño,40297,"Segovia,Castile and León; A Poultry",Spain,EU-EFTA,PM,CP SH,Y,,CP - Cutting Plant | SH - Slaughterhouse,,
10.12043/CR,SBH MAGINA SOCIEDAD LIMITADA.,"C/ CERVANTES, 58",Tomelloso,13700,"Ciudad Real,Castile-La Mancha",Spain,EU-EFTA,PM,CP,N,,CP - Cutting Plant,,
ES342200000003 / 10.07644/P,"SELECTOS DE CASTILLA, S. A.",CALLE RODRIGO FERNANDEZ S/N,Villamartín de Campos,34170,"Palencia,Castile and León",Spain,EU-EFTA,PM,CP SH,Y,,CP - Cutting Plant | SH - Slaughterhouse,,
10.04720/SE,SOLA RICCA SUR S.A.U.,CALLE MARTILLO Nº30,Seville,41020,"Seville,Andalusia",Spain,EU-EFTA,PM,CP,N,,CP - Cutting Plant,,
10.026857/ V,SOLOVALEN S.L.,"carretera Real Madrid Nord, nº 55",Beniparrell,46469,"Valencia,Valencian Community",Spain,EU-EFTA,PM,CP,N,,CP - Cutting Plant,,
10.14184/GR,SUPERMERCADOS DANI,CAMINO BAJO DEL CEMENTERIO S/N,Armilla,18100,"Granada,Andalusia",Spain,EU-EFTA,PM,CP,N,,CP - Cutting Plant,,
10.026211/MA,SUREÑOS GOURMET CARNES SELECTAS SL,C/ CAUDAL Nº74,Málaga,29006,"Malaga,Andalusia; L Lagomorphs",Spain,EU-EFTA,PM,CP,N,,CP - Cutting Plant,,
10.11856/M,Sediasa Alimentacion S.A.,CL. THOMÁS EDISON Nº 2,Rivas-Vaciamadrid,28521,"Community of Madrid,Community of Madrid",Spain,EU-EFTA,PM,CP,N,,CP - Cutting Plant,,
10.01279/SE,TOMAS GUERRERO S.L.,CALLE ARAHAL S/N,Morón de la Frontera,00000,"Seville,Andalusia",Spain,EU-EFTA,PM,SH,Y,,SH - Slaughterhouse,,
10.029041/LE,"TRESHEVIATRES GENERACION ALIMENTARIA, S.L.",CTRA. LAS LOMAS VD 22,Valdefresno,24228,"León,Castile and León",Spain,EU-EFTA,PM,CP,N,,CP - Cutting Plant,,
10.029395/MA,TRIFOLIUM 2021 S.L,LUGAR CENTRO LOGÍSTICO PARCELA 10,Antequera,29200,"Malaga,Andalusia",Spain,EU-EFTA,PM,CP,N,,CP - Cutting Plant,,
10.025658/TO,"U.V.E., S.A.","AVDA. MONTE BOYAL, 237",Casarrubios del Monte,45950,"Toledo,Castile-La Mancha",Spain,EU-EFTA,PM,CP,N,,CP - Cutting Plant,,
10.00232/V,"U.V.E., S.A.",Ptda. DELS GERMANELLS S/N,Rafelbunyol,46138,"Valencia,Valencian Community",Spain,EU-EFTA,PM,CP SH,Y,,CP - Cutting Plant | SH - Slaughterhouse,,
10.04017/L,URGEL GANADERA SA,"CARRETERA DE TARRAGONA, KM 77",Juneda,25430,"Lleida,Catalonia",Spain,EU-EFTA,PM,SH,Y,,SH - Slaughterhouse,,
10.06200/MA,"UVE, S.A.","AVENIDA JOSE ORTEGA Y GASSET, 553",Málaga,29196,"Malaga,Andalusia",Spain,EU-EFTA,PM,CP SH,Y,,CP - Cutting Plant | SH - Slaughterhouse,,
10.00145/NA,"UVE, S.A.","POLIGONO INDUSTRIAL MONTES DE CIERZO, S/N",Tudela,31500,"Navarre,Navarre",Spain,EU-EFTA,PM,CP SH,Y,,CP - Cutting Plant | SH - Slaughterhouse,,
ES400630000040 / 10.03836/SG,"UVE, S.A.","CARRETERA RIAZA-TORO, KM. 76, POL. IND. PRADO VEGA",Cuéllar,40200,"Segovia,Castile and León; A Poultry",Spain,EU-EFTA,PM,CP SH,Y,,CP - Cutting Plant | SH - Slaughterhouse,,
10.08674/CC,VERAVIC S.L.,BARRIONUEVO 87 - CUACOS DE YUSTE - 10430 - Cáceres,Cuacos de Yuste,10430,"Cáceres,Extremadura",Spain,EU-EFTA,PM,CP SH,Y,,CP - Cutting Plant | SH - Slaughterhouse,,
10.029580/TO,ÖZTÜRK QUEBAP PRODUCCION SL,"CARRETERA CEDILLO 1,2 KM",Cedillo del Condado,45212,"Toledo,Castile-La Mancha",Spain,EU-EFTA,PM,CP,N,,CP - Cutting Plant,,
Quail producer,AEROPIC S.A.,PARTIDA BUTSÈNIT S/N,Lleida,25194,"Lleida,Catalonia",Spain,EU-EFTA,GM,SH,Y,,SH - Slaughterhouse,,
Quail producer,AEROPIC S.A.,PARTIDA BUTSÈNIT S/N,Lleida,25194,"Lleida,Catalonia",Spain,EU-EFTA,GM,SH,Y,,SH - Slaughterhouse,,
Quail producer,AEROPIC S.A.,PARTIDA BUTSÈNIT S/N,Lleida,25194,"Lleida,Catalonia",Spain,EU-EFTA,GM,SH,Y,,SH - Slaughterhouse,,
Quail producer,AEROPIC S.A.,PARTIDA BUTSÈNIT S/N,Lleida,25194,"Lleida,Catalonia",Spain,EU-EFTA,GM,SH,Y,,SH - Slaughterhouse,,
Quail producer,AEROPIC S.A.,PARTIDA BUTSÈNIT S/N,Lleida,25194,"Lleida,Catalonia",Spain,EU-EFTA,GM,SH,Y,,SH - Slaughterhouse,,
10.16263/NA,"ALMAMEAT, S.L.",Pol. Industrial Mesta de Salinas de Pamplona,Salinas de Pamplona,31191,"Navarre,Navarre",Spain,EU-EFTA,GM,SH,Y,,SH - Slaughterhouse,,
10.17750/CO,BOORNOQUE S.L.,"POLIGONO INDUSTRIAL LA VAQUERA, PARCELA 47",Hornachuelos,14740,"Cordova,Andalusia",Spain,EU-EFTA,GM,CP,N,,CP - Cutting Plant,,
ES050160000050 / 10.23243/AV,CARNICAS CARLOS BLANCO S. L. U.,"""C/ PALACIOS DE GODA Nº26 POLIG. IND. TIERRA DE AREVALO""",Arévalo,05200,"Ávila,Castile and León; fG Farmed land mammals other than domestic ungulates",Spain,EU-EFTA,GM,SH,Y,,SH - Slaughterhouse,,
10.15651/GU,CARNICAS DRIEBES S.L.,"C/DE LA CAÑADA, S/N",Driebes,19116,"Guadalajara,Castile-La Mancha",Spain,EU-EFTA,GM,CP,N,,CP - Cutting Plant,,
10.028859/ZA,"CARNICAS MONTERO B.E., S.L.U.",CARRETERA PUENTE Nº: 70,Cobreros,49396,"Zamora,Castile and León",Spain,EU-EFTA,GM,CP,N,,CP - Cutting Plant,,
10.07124/V,Carnes Felix SA,Ctra. Valencia-Alicante Km 280,Albal,46470,"Valencia,Valencian Community",Spain,EU-EFTA,GM,CP,N,,CP - Cutting Plant,,
10.04704/AB,"DISTRIBUCIONES AVICOLAS MARSESA, S.L.","DOCTOR MANUEL PERUCHO, 30",La Roda,02630,"Albacete,Castile-La Mancha",Spain,EU-EFTA,GM,CP,N,,CP - Cutting Plant,,
ES090592000101 / 10.00205/BU,"INDUSTRIAS CARNICAS CASTELLANAS, S. A.",C/MONTES OBARENES 1 POLIGONO INDUSTRIAL VILLALONQUEJAR,Burgos,09001,"Burgos,Castile and León",Spain,EU-EFTA,GM,SH,Y,,SH - Slaughterhouse,,
ES160780000086,PLAZA TOROS CUENCA,Avda Reyes Católicos,Cuenca,16003,"Cuenca,Castile-La Mancha",Spain,EU-EFTA,GM,SH,Y,,SH - Slaughterhouse,,
10.19798/CO,PRODUCTOS DE LA CAZA Y DEL CERDO EL CANITO S.L.,"POLIG. IND. VIÑA VIRGEN, C/ IV, PARCELAS 57 - 60",Villaviciosa de Córdoba,14300,"Cordova,Andalusia",Spain,EU-EFTA,GM,CP,N,,CP - Cutting Plant,,
Sala de despiece,SAGRA S.A.,CTRA NACIONAL II KM 484,Fondarella,25244,"Lleida,Catalonia",Spain,EU-EFTA,GM,CP,N,,CP - Cutting Plant,,
10.03528/C,SUMINISTROS MEDINA S.L.-MATADERO DE MONTELLOS,"CTRA. BETANZOS-SANTIAGO, KM. 3.300",Betanzos,15319,"A Coruña,Galicia",Spain,EU-EFTA,GM,CP,N,,CP - Cutting Plant,,
ES401942000251 / 10.12089/SG,VICENTE DE LUCAS FUENTETAJA,CARRETERA SEGOVIA-AREVALO S/N KM.,Segovia,40003,"Segovia,Castile and León; fG Farmed land mammals other than domestic ungulates",Spain,EU-EFTA,GM,SH,Y,,SH - Slaughterhouse,,
10.100112/J,ANDUCAZA S.L.,POLIG ESTACION FERROCARRIL 4 B,Andújar,23740,"Jaén,Andalusia",Spain,EU-EFTA,WM,CP GHE,N,,CP - Cutting Plant | GHE - Game-Handling Establishment,,
10.17711/TO,"AROMA MANCHEGO, S.L.","CTRA. CUERVA-VENTAS CON PEÑA AGUILERA, P.K. 3",Las Ventas con Peña Aguilera,45127,"Toledo,Castile-La Mancha",Spain,EU-EFTA,WM,CP GHE,N,,CP - Cutting Plant | GHE - Game-Handling Establishment,,
10.17750/CO,BOORNOQUE S.L.,"POLIGONO INDUSTRIAL LA VAQUERA, PARCELA 47",Hornachuelos,14740,"Cordova,Andalusia",Spain,EU-EFTA,WM,GHE CP,N,,GHE - Game-Handling Establishment | CP - Cutting Plant,,
10.15480/CR,"CARNE DE MONTE Y GANADERIA, S.L.","C/ GUADALQUIVIR, 7",Puertollano,13500,"Ciudad Real,Castile-La Mancha",Spain,EU-EFTA,WM,CP GHE,N,,CP - Cutting Plant | GHE - Game-Handling Establishment,,
10.026744/CO,CARNES DE CAZA NUÑEZ S.L.,"CALLE COMPOSITORA ALMA MAHLER, 28",Cordova,14005,"Cordova,Andalusia",Spain,EU-EFTA,WM,GHE,N,,GHE - Game-Handling Establishment,,
10.06242/CR,"CARNES GOMEZ, S.L.U.","C/ ALTA, 9",Agudo,13410,"Ciudad Real,Castile-La Mancha",Spain,EU-EFTA,WM,GHE,N,,GHE - Game-Handling Establishment,,
10.08048/CA,CARNES HERVA S.L.,"C/ DOCTOR PEREZ FABRA, Nº 29",Algar,11639,"Cádiz,Andalusia",Spain,EU-EFTA,WM,CP GHE,N,,CP - Cutting Plant | GHE - Game-Handling Establishment,,
10.18545/TO,CARNES Y GANADOS M. VÁZQUEZ S.L.,"C/ SERRERÍA, POL. IND. VALDEFUENTES,PARCELA PF2, Nº3",Pepino,45638,"Toledo,Castile-La Mancha",Spain,EU-EFTA,WM,CP GHE,N,,CP - Cutting Plant | GHE - Game-Handling Establishment,,
10.05433/CU,"CARNICAS ARACELI, S.L.","FINCA, 44, POLG. 9 (CTRA. FRESNEDA)",Villalba de la Sierra,16140,"Cuenca,Castile-La Mancha",Spain,EU-EFTA,WM,GHE CP,N,,GHE - Game-Handling Establishment | CP - Cutting Plant,,
10.08637/J,CARNICAS DE ALDEAQUEMADA SL,CALLE POZO DE LAS HERRERIAS S/N,Aldeaquemada,23215,"Jaén,Andalusia",Spain,EU-EFTA,WM,CP GHE,N,,CP - Cutting Plant | GHE - Game-Handling Establishment,,
10.21670/CC,CARNICAS DIBE S.L.,"AV DE EXTREMADURA KM 163 10392 EL GORDO, CÁCERES",El Gordo,10392,"Cáceres,Extremadura",Spain,EU-EFTA,WM,CP GHE,N,,CP - Cutting Plant | GHE - Game-Handling Establishment,,
10.08208/CA,CARNICAS EL ALCAZAR S.L.,"PAGO PATRIA, S/N",Vejer de la Frontera,11150,"Cádiz,Andalusia",Spain,EU-EFTA,WM,CP GHE,N,,CP - Cutting Plant | GHE - Game-Handling Establishment,,
10.028859/ZA,"CARNICAS MONTERO B.E., S.L.U.",CARRETERA PUENTE Nº: 70,Cobreros,49396,"Zamora,Castile and León",Spain,EU-EFTA,WM,CP,N,,CP - Cutting Plant,,
10.22090/TO,"CARNICAS TORRECAZA, S.L.","NAVE, 6 CAMINO DEL MOLINO",La Torre de Esteban Hambrán,45930,"Toledo,Castile-La Mancha",Spain,EU-EFTA,WM,CP GHE,N,,CP - Cutting Plant | GHE - Game-Handling Establishment,,
10.08633/TO,CAZA GOURMET S.L.,"C/ REAL DE ABAJO, 61",Los Yébenes,45470,"Toledo,Castile-La Mancha",Spain,EU-EFTA,WM,GHE,N,,GHE - Game-Handling Establishment,,
10.028458/H,CAZA SIERRA DE HUELVA SLU,POLIGONO INDUSTRIAL EL PERAL CALLE D NAVE 9,Nerva,21670,"Huelva,Andalusia",Spain,EU-EFTA,WM,GHE,N,,GHE - Game-Handling Establishment,,
10.10020/CA,COMPLEJO AGRICOLA LAS LOMAS S.L.,"LUGAR LAS LOMAS-CTRA VEJER-BENALUP KM7, FINCA LAS LOMAS",Vejer de la Frontera,11179,"Cádiz,Andalusia",Spain,EU-EFTA,WM,GHE,N,,GHE - Game-Handling Establishment,,
10.16513/CR,"CONSERVAS EL CAZADOR, S. L.","CTRA. MANZANARES, 3",La Solana,13240,"Ciudad Real,Castile-La Mancha",Spain,EU-EFTA,WM,GHE,N,,GHE - Game-Handling Establishment,,
10.13651/CR,"CONSERVAS HUERTAS MUÑOZ, S.L.","AUTOVIA DE ANDALUCIA, KM. 217",Santa Cruz de Mudela,13730,"Ciudad Real,Castile-La Mancha",Spain,EU-EFTA,WM,CP GHE,N,,CP - Cutting Plant | GHE - Game-Handling Establishment,,
10.12758/TO,"CÁRNICAS TORRECAZA, SL.","POLÍGONO INDUSTRIAL VALDOLI, 18",Torrijos,45500,"Toledo,Castile-La Mancha",Spain,EU-EFTA,WM,CP GHE,N,,CP - Cutting Plant | GHE - Game-Handling Establishment,,
10.028935/CC,CÁRNICAS VALMORISCO S.L.,POLÍGONO EL RODEO N.° 3 10137,Alía,10137,Extremadura,Spain,EU-EFTA,WM,CP GHE,N,,CP - Cutting Plant | GHE - Game-Handling Establishment,,
10.14097/TO,"DISTRIBUCIONES FRIGORÍFICAS POLÁN, S.L.","C/ GENERAL HERNANDO, 4",Polán,45161,"Toledo,Castile-La Mancha",Spain,EU-EFTA,WM,CP GHE,N,,CP - Cutting Plant | GHE - Game-Handling Establishment,,
10.22666/CR,"EMBUTIDOS ARTESANOS DEL PUEBLO, S.L.",CL YESEROS 71 POLIGONO INDUSTRIAL,Herencia,13640,"Ciudad Real,Castile-La Mancha",Spain,EU-EFTA,WM,CP,N,,CP - Cutting Plant,,
10.026563/LU,"EMBUTIDOS BUENAVISTA, S.L.",AS RODAS S/N - A TRAPA - FONSAGRADA (A) - 27112 - Lugo,Penamaría (A Trapa),27112,"Lugo,Galicia",Spain,EU-EFTA,WM,CC CP GHE,N,,CC - Collection Centre | CP - Cutting Plant | GHE - Game-Handling Establishment,,
10.18799/M,"EUROAMBROSIA, S.L.",CL. ARROYO DEL SOTO Nº 12 - P.E. LA LAGUNA,Leganés,28914,"Community of Madrid,Community of Madrid",Spain,EU-EFTA,WM,GHE,N,,GHE - Game-Handling Establishment,,
10.13808/H,INDUSTRIAS CÁRNICAS ECOLÓGICAS S.L.,C/VALLE SANTA ANA S/N,Villanueva de los Castillejos,21540,"Huelva,Andalusia",Spain,EU-EFTA,WM,GHE,N,,GHE - Game-Handling Establishment,,
10.20405/CR,INÉS MARÍA NAVAS CAMPOS,"CTRA. DE LOS CORTIJOS, S/N",Porzuna,13120,"Ciudad Real,Castile-La Mancha",Spain,EU-EFTA,WM,GHE,N,,GHE - Game-Handling Establishment,,
10.09645/SO,JOSE ANTONIO DELGADO LAGUNAS,"POLIG. IND. LA GUERA, PARCELA 1",El Burgo de Osma,42300,"Soria,Castile and León",Spain,EU-EFTA,WM,CP GHE,N,,CP - Cutting Plant | GHE - Game-Handling Establishment,,
10.05017/TO,"LA CATEDRAL DE LA CAZA, S.L.","AVDA. SIGLO XXI, PARCELA 23 (POL. IND. CAÑADA)",Los Yébenes,45470,"Toledo,Castile-La Mancha",Spain,EU-EFTA,WM,CP GHE,N,,CP - Cutting Plant | GHE - Game-Handling Establishment,,
10.18368/VA,"LA PLANTA AGRO I, S.L.",CARRETERA CUELLAR S/N FINCA LA PLANTA,Quintanilla de Onésimo,47350,"Valladolid,Castile and León",Spain,EU-EFTA,WM,GHE,N,,GHE - Game-Handling Establishment,,
10.024322/GI,LANTXAGA SL,"PS Pep Ventura, 98",Fornells de la Selva,17458,"Girona,Catalonia; wG Wild land mammals other than wild ungulates; wA Wild game birds; wL Lagomorphs living freely in the wild; wU Wild ungulates",Spain,EU-EFTA,WM,CP GHE,N,,CP - Cutting Plant | GHE - Game-Handling Establishment,,
10.15725/J,LIDIA Y CAZA S.L.,"C/GUARROMAN, NAVE 10",Bailén,23710,"Jaén,Andalusia",Spain,EU-EFTA,WM,GHE CP,N,,GHE - Game-Handling Establishment | CP - Cutting Plant,,
10.23090/CA,MONTECRUZ PRODUCTOS CARNICOS S.L.,"AVDA/ INDEPENDENCIA (DE LA), BAJO A - URB. EL LABRADOR",San José del Valle,11580,"Cádiz,Andalusia",Spain,EU-EFTA,WM,CP,N,,CP - Cutting Plant,,
10.10012/J,MONTERIAS CENCERRA S.A.,POLIGONO ESTACIÓN FERROCARRIL 4 B,Andújar,23740,"Jaén,Andalusia",Spain,EU-EFTA,WM,CP GHE,N,,CP - Cutting Plant | GHE - Game-Handling Establishment,,
10.09453/SE,NORTECAZA S.L.,CARRETERA CTRA. SEVILLA KM 60 (C-433),El Pedroso,41360,"Seville,Andalusia",Spain,EU-EFTA,WM,GHE,N,,GHE - Game-Handling Establishment,,
10.14934/GU,"PREPARADOS DE LA CAZA J. RIBALDA, S.A.","AUTOVÍA DE ARAGÓN, KM. 129 (ANTIGUAMENTE CTRA. N-II, KM. 129)",Saúca,19260,"Guadalajara,Castile-La Mancha",Spain,EU-EFTA,WM,CP GHE,N,,CP - Cutting Plant | GHE - Game-Handling Establishment,,
10.19798/CO,PRODUCTOS DE LA CAZA Y DEL CERDO EL CANITO S.L.,"POLIG. IND. VIÑA VIRGEN, C/ IV, PARCELAS 57 - 60",Villaviciosa de Córdoba,14300,"Cordova,Andalusia",Spain,EU-EFTA,WM,CP GHE,N,,CP - Cutting Plant | GHE - Game-Handling Establishment,,
10.05864/CR,"VEGACAZA, S.L.","POL. IND. PARCELA, 34",Valdepeñas,13300,"Ciudad Real,Castile-La Mancha",Spain,EU-EFTA,WM,GHE CP,N,,GHE - Game-Handling Establishment | CP - Cutting Plant,,
10.11314/CA,VELASCO CANDON DOMINGO,"CALLE NARANJOS, Nº3",Paterna de Rivera,11178,"Cádiz,Andalusia",Spain,EU-EFTA,WM,GHE,N,,GHE - Game-Handling Establishment,,
10.07998/TO,"VENCAZA, S.L.","MOLINOS, S/N",Las Ventas con Peña Aguilera,45127,"Toledo,Castile-La Mancha",Spain,EU-EFTA,WM,CP GHE,N,,CP - Cutting Plant | GHE - Game-Handling Establishment,,
10.11234/CR,"VILLAMAGNA, S.A.","FINCA LA GARGANTA, S/N",Brazatortas,13450,"Ciudad Real,Castile-La Mancha",Spain,EU-EFTA,WM,GHE,N,,GHE - Game-Handling Establishment,,
