approval_number,name,address,city,postcode,region,country,group,section,activity,slaughter,species,remarks,date_of_approval,publication_date
6883,24Sju Handel AB,Importvägen 5,Årsta,12044,"Stockholms kommun,Stockholm County,Region Svealand",Sweden,EU-EFTA,RM,CP,N,bovine ovine,CP - Cutting Plant,,
082,A J Dahlberg Slakteri AB,Rostocksvägen 12,Brålanda,46462,"Vänersborgs kommun,Västra Götaland County,Region Götaland",Sweden,EU-EFTA,RM,CP SH,Y,bovine porcine,CP - Cutting Plant | SH - Slaughterhouse,,
084,AB Ginsten Slakteri,Plönninge,Harplinge,30561,"Halmstads kommun,Halland County,Region Götaland",Sweden,EU-EFTA,RM,SH CP,Y,bovine porcine,SH - Slaughterhouse | CP - Cutting Plant,,
6686,AB Gotlands Korvfabrik,"Sockerbruket Roma, Visbyvägen 10",Romakloster,62254,"Gotland County,Region Götaland",Sweden,EU-EFTA,RM,CP,N,bovine caprine ovine porcine,CP - Cutting Plant,,
617,AB Jakobsdals Charkuteri,Slakthuset,Göteborg,41502,"Västra Götaland County,Region Götaland",Sweden,EU-EFTA,RM,CP,N,porcine,CP - Cutting Plant,,
5041,AB Kulls Chark,Hospitalsgatan 80,Norrköping,60228,"Norrköpings kommun,Östergötland County,Region Götaland",Sweden,EU-EFTA,RM,CP,N,bovine porcine,CP - Cutting Plant,,
356,Adam Slottner,Vike Sörgården 1,Kristinehamn,68193,"Kristinehamns kommun,Värmland County,Region Svealand",Sweden,EU-EFTA,RM,SH CP,Y,bovine caprine ovine porcine,SH - Slaughterhouse | CP - Cutting Plant,,
6330,Agnes Jörgensen,Slåtte 874,Alsen,83593,"Jämtland County,Region Norrland",Sweden,EU-EFTA,RM,SH CP,Y,bovine,SH - Slaughterhouse | CP - Cutting Plant,,
397,Alexander Klerfors,Skäftingsbacka Gård,Målsryd,51695,"Borås kommun,Västra Götaland County,Region Götaland",Sweden,EU-EFTA,RM,SH CP,Y,bovine ovine porcine,SH - Slaughterhouse | CP - Cutting Plant,,
607,Alfred Johanssons Holding AB,Agnesfridsvägen 186,Malmö,21375,"Skåne County,Region Götaland",Sweden,EU-EFTA,RM,CP,N,porcine,CP - Cutting Plant,,
501,Allmans AB,Lamellgatan 10,Borås,50462,"Borås kommun,Västra Götaland County,Region Götaland",Sweden,EU-EFTA,RM,CP,N,porcine,CP - Cutting Plant,,
098,Alviksgården Lantbruks AB,Alviksgården 190,Luleå,97592,Region Norrland,Sweden,EU-EFTA,RM,SH CP,Y,bovine ovine porcine equine,SH - Slaughterhouse | CP - Cutting Plant,,
5101,Andersson & Tillman AB,Danmarksgatan 24,Uppsala,75323,"Uppsala County,Region Svealand",Sweden,EU-EFTA,RM,CP,N,bovine ovine porcine,CP - Cutting Plant,,
2108,Arnemarks Köttservice AB,Verkstadsgatan 11,Piteå,94139,"Piteå kommun,Norrbotten County,Region Norrland",Sweden,EU-EFTA,RM,CP,N,porcine ovine bovine,CP - Cutting Plant,,
5496,Axel´s Chark AB,Björtveten 18,Bäckefors,66894,"Bengtsfors kommun,Västra Götaland County,Region Götaland",Sweden,EU-EFTA,RM,CP,N,bovine porcine,CP - Cutting Plant,,
6014,BD Ekokött AB,Opaltorget 2,Västra Frölunda,42164,"Västra Götaland County,Region Götaland",Sweden,EU-EFTA,RM,CP,N,bovine ovine porcine,CP - Cutting Plant,,
015,Bassholma slakteri AB,Ekerödsvägen 110,Munka-Ljungby,26695,"Skåne County,Region Götaland",Sweden,EU-EFTA,RM,SH CP,Y,bovine caprine ovine porcine,SH - Slaughterhouse | CP - Cutting Plant,,
328,Basunda Gård Slakteri AB,Basunda Gård,Rimforsa,59046,"Kinda kommun,Östergötland County,Region Götaland",Sweden,EU-EFTA,RM,SH CP,Y,bovine caprine ovine porcine equine,SH - Slaughterhouse | CP - Cutting Plant,,
744,Benny Selberg,Gullmark 60,Bygdeå,91598,"Robertsfors kommun,Västerbotten County,Region Norrland",Sweden,EU-EFTA,RM,SH CP,Y,bovine,SH - Slaughterhouse | CP - Cutting Plant,,
276,Bergslagsdelikatesser i Lindesberg AB,Löpargatan 6,Lindesberg,71134,"Lindesbergs kommun,Örebro County,Region Svealand",Sweden,EU-EFTA,RM,CP,N,bovine ovine porcine equine,CP - Cutting Plant,,
5199,Bernd's Chark AB,Södra Huveröd 202,Ucklum,44494,"Stenungsunds kommun,Västra Götaland County,Region Götaland",Sweden,EU-EFTA,RM,CP,N,bovine ovine porcine,CP - Cutting Plant,,
018,Bjursunds Slakteri AB,Mossebogatan 9,Valdermarsvik,61595,"Valdemarsviks kommun,Östergötland County,Region Götaland",Sweden,EU-EFTA,RM,SH CP,Y,bovine caprine ovine,SH - Slaughterhouse | CP - Cutting Plant,,
980,Björk & Magnussons i Helsingborg AB,Torbornavägen 32,Helsingborg,25368,"Skåne County,Region Götaland",Sweden,EU-EFTA,RM,CP,N,bovine porcine,CP - Cutting Plant,,
5081,Bodens Kött & Vilt AB,Edeforsvägen 94,Harads,96024,"Bodens kommun,Norrbotten County,Region Norrland",Sweden,EU-EFTA,RM,CP,N,bovine ovine porcine,CP - Cutting Plant,,
6066,Bondens Skafferi AB,Koriandervägen 5,Åhus,29641,"Kristianstads kommun,Skåne County,Region Götaland",Sweden,EU-EFTA,RM,CP,N,porcine bovine,CP - Cutting Plant,,
6398,Bondens Skafferi Väst AB,Mejerigatan 1,Alingsås,44139,"Alingsås kommun,Västra Götaland County,Region Götaland",Sweden,EU-EFTA,RM,CP,N,bovine porcine ovine,CP - Cutting Plant,,
6543,Bondens Skafferi Öst AB,Rydjavägen 2,Mantorp,59557,"Mjölby kommun,Östergötland County,Region Götaland",Sweden,EU-EFTA,RM,CP,N,bovine porcine,CP - Cutting Plant,,
348,Bonnarps Hjortgård & Veterinär AB,Bonnarp 664,Ljungbyhed,26453,"Klippans kommun,Skåne County,Region Götaland",Sweden,EU-EFTA,RM,CP,N,ovine,CP - Cutting Plant,,
144,Bräkne-Hoby Chark AB,Trekantsvägen 1,Bräkne-Hoby,37261,"Ronneby kommun,Blekinge County,Region Götaland",Sweden,EU-EFTA,RM,SH,Y,bovine caprine ovine porcine equine,SH - Slaughterhouse,,
113,Bröderna Jakobssons Slakteri AB,Rossö 2544,Nyland,87052,"Kramfors kommun,Västernorrland County,Region Norrland",Sweden,EU-EFTA,RM,CP SH,Y,bovine equine,CP - Cutting Plant | SH - Slaughterhouse,,
729,Burträsk Slakteri AB,Nedre Åbyn 94,Burträsk,93791,"Skellefteå kommun,Västerbotten County,Region Norrland",Sweden,EU-EFTA,RM,SH CP,Y,bovine caprine ovine porcine,SH - Slaughterhouse | CP - Cutting Plant,,
746,Bäsinge Slakteri AB,Bäsinge 103,Krylbo,77596,"Avesta kommun,Dalecarlia,Region Svealand",Sweden,EU-EFTA,RM,CP SH,Y,bovine caprine ovine porcine equine,CP - Cutting Plant | SH - Slaughterhouse,,
5131,Börjes Chark AB,Grönkällegatan 4,Aneby,57833,"Aneby kommun,Jönköping County,Region Götaland",Sweden,EU-EFTA,RM,CP,N,bovine ovine porcine,CP - Cutting Plant,,
5373,Capital Indian Restaurang AB,Björksundsslingan 21,Bandhagen,12431,"Stockholm County,Region Svealand",Sweden,EU-EFTA,RM,CP,N,ovine,CP - Cutting Plant,,
5428,Carlströms Kött & Chark AB,Slakterigatan 7 A,Västerås,72132,"Västerås kommun,Västmanland County,Region Svealand",Sweden,EU-EFTA,RM,CP,N,bovine ovine porcine,CP - Cutting Plant,,
5323,Carne Mundial AB,Muskotgatan 5,Angered,42441,"Västra Götaland County,Region Götaland",Sweden,EU-EFTA,RM,CP,N,bovine ovine porcine,CP - Cutting Plant,,
5116,Carnex Kött & Chark AB,Stillmansgatan 7,Malmö,21225,"Skåne County,Region Götaland",Sweden,EU-EFTA,RM,CP,N,bovine ovine porcine,CP - Cutting Plant,,
384,Catarinas Sprätthönseri AB,Norrby 74,Stora Skedvi,78392,"Dalecarlia,Region Svealand",Sweden,EU-EFTA,RM,SH CP,Y,bovine caprine ovine porcine equine,SH - Slaughterhouse | CP - Cutting Plant,,
5062,Chark Food i Stockholm AB,Svarvarvägen 6A,Skogås,14250,"Huddinge kommun,Stockholm County,Region Svealand",Sweden,EU-EFTA,RM,CP,N,bovine,CP - Cutting Plant,,
652,Charkett AB,Silvervägen 4,Karlskrona,37150,"Blekinge County,Region Götaland",Sweden,EU-EFTA,RM,CP,N,bovine porcine,CP - Cutting Plant,,
5557,Chefs Fresh AB,Knivgatan 11,Malmö,21228,"Skåne County,Region Götaland",Sweden,EU-EFTA,RM,CP,N,bovine ovine porcine,CP - Cutting Plant,,
6850,ChopChop Foods AB,Järngatan 28,Rosersberg,19572,"Sigtuna kommun,Stockholm County,Region Svealand",Sweden,EU-EFTA,RM,CP,N,bovine,CP - Cutting Plant,,
5265,Christer Hammarström,Göringsvägen 13,Furudal,79070,"Rättviks kommun,Dalecarlia,Region Svealand",Sweden,EU-EFTA,RM,CP SH,Y,ovine caprine equine,CP - Cutting Plant | SH - Slaughterhouse,,
719,Christian Larsson,Ödeby gård 1,Upphärad,46199,"Trollhättans kommun,Västra Götaland County,Region Götaland",Sweden,EU-EFTA,RM,CP,N,bovine ovine porcine,CP - Cutting Plant,,
6644,ConLans AB,Metodvägen 1,Mölnlycke,43533,"Härryda kommun,Västra Götaland County,Region Götaland",Sweden,EU-EFTA,RM,CP,N,bovine ovine,CP - Cutting Plant,,
5136,Dackebygdens kött i Virserum AB,Storgatan 18,Virserum,57080,"Hultsfreds kommun,Kalmar County,Region Götaland",Sweden,EU-EFTA,RM,CP,N,bovine ovine porcine,CP - Cutting Plant,,
783,Daniel Bladh,Övertorp Prästakvarna,Skövde,54191,"Skövde kommun,Västra Götaland County,Region Götaland",Sweden,EU-EFTA,RM,SH CP,Y,porcine,SH - Slaughterhouse | CP - Cutting Plant,,
560,Danish Crown Jönköping AB,Barnarpsgatan 102,Jönköping,55652,"Jönköpings kommun,Jönköping County,Region Götaland",Sweden,EU-EFTA,RM,CP,N,porcine bovine,CP - Cutting Plant,,
060,David Karlgrens Slakteri AB,Odlingsvägen 1,Gällivare,98239,"Gällivare kommun,Norrbotten County,Region Norrland",Sweden,EU-EFTA,RM,SH CP,Y,bovine ovine porcine equine,SH - Slaughterhouse | CP - Cutting Plant,,
5643,Davidstorp Angus AB,Stora Tolångavägen 99-20,Sjöbo,27592,"Härryda kommun,Västra Götaland County,Region Götaland",Sweden,EU-EFTA,RM,CP,N,bovine ovine porcine,CP - Cutting Plant,,
335,De Vilda AB,Stensta 5,Järna,15391,"Södertälje kommun,Stockholm County,Region Svealand",Sweden,EU-EFTA,RM,SH CP,Y,bovine caprine ovine porcine,SH - Slaughterhouse | CP - Cutting Plant,,
760,Dellen Kött och Vilt AB,Norrberg 121,Bjuråker,82479,"Gävleborg County,Region Norrland",Sweden,EU-EFTA,RM,CP SH,Y,bovine ovine porcine equine,CP - Cutting Plant | SH - Slaughterhouse,,
065,Delsbo Slakteri AB,Fredrikfors 25,Delsbo,82472,"Gävleborg County,Region Norrland",Sweden,EU-EFTA,RM,SH CP,Y,bovine caprine ovine,SH - Slaughterhouse | CP - Cutting Plant,,
5159,Dickssons Kött och Handel AB,Ängadal 21 B,Vinslöv,28833,"Hässleholms kommun,Skåne County,Region Götaland",Sweden,EU-EFTA,RM,CP,N,bovine ovine porcine,CP - Cutting Plant,,
19,Djurtjänst i Bollnäs AB,Norrbo Hammarvägen 4906,Bollnäs,82195,"Bollnäs kommun,Gävleborg County,Region Norrland",Sweden,EU-EFTA,RM,CP SH,Y,bovine caprine ovine porcine equine,CP - Cutting Plant | SH - Slaughterhouse,,
5386,Dora Market AB,Herkulesgatan 1,Gothenburg,41703,"Göteborgs Stad,Västra Götaland County,Region Götaland",Sweden,EU-EFTA,RM,CP,N,bovine porcine,CP - Cutting Plant,,
54,Duveled AB,Varbergsvägen 833,Fjärås,43974,"Kungsbacka kommun,Halland County,Region Götaland",Sweden,EU-EFTA,RM,CP,N,bovine,CP - Cutting Plant,,
5219,Eatwell Sweden AB,Metodvägen 3-5,Mölnlycke,43533,"Härryda kommun,Västra Götaland County,Region Götaland",Sweden,EU-EFTA,RM,CP,N,bovine porcine,CP - Cutting Plant,,
5435,Ekastiga Djur & Natur HB,Ekestiga 333,Höör,24393,"Höörs kommun,Skåne County,Region Götaland",Sweden,EU-EFTA,RM,CP,N,bovine ovine,CP - Cutting Plant,,
645,Elisedals Chark AB,"Elisedals Gård, Betselgatan 9",Malmö,21377,"Malmö kommun,Skåne County,Region Götaland",Sweden,EU-EFTA,RM,CP,N,bovine ovine porcine,CP - Cutting Plant,,
120,Ello i Lammhult Slakt AB,Värnamovägen 43,Lammhult,36344,"Kronoberg County,Region Götaland",Sweden,EU-EFTA,RM,SH CP,Y,bovine,SH - Slaughterhouse | CP - Cutting Plant,,
6270,Enco Meat AB,Maskingatan 3,Jönköping,55474,"Jönköpings kommun,Jönköping County,Region Götaland",Sweden,EU-EFTA,RM,CP,N,porcine,CP - Cutting Plant,,
5015,Eriksons Chark i Nossebro AB,Storgatan 11,Nossebro,46530,"Essunga kommun,Västra Götaland County,Region Götaland",Sweden,EU-EFTA,RM,CP,N,bovine ovine porcine,CP - Cutting Plant,,
793,Eva Karlsson,Kanonvägen 215,Våmhus,79296,"Dalecarlia,Region Svealand",Sweden,EU-EFTA,RM,CP,N,bovine ovine,CP - Cutting Plant,,
003,Faringe Kött & Slakt AB,Karlsberg 155,Huddungeby,74492,"Heby kommun,Uppsala County,Region Svealand",Sweden,EU-EFTA,RM,SH CP,Y,bovine caprine ovine porcine equine,SH - Slaughterhouse | CP - Cutting Plant,,
791,Filkesboda Gård AB,Mjönäsvägen 1520,Arkelstorp,29156,"Kristianstads kommun,Skåne County,Region Götaland",Sweden,EU-EFTA,RM,CP,N,bovine ovine porcine,CP - Cutting Plant,,
6657,Fresh Meat and Fish AB,Styckmästargatan 4,Johanneshov,12162,"Stockholms kommun,Stockholm County,Region Svealand",Sweden,EU-EFTA,RM,CP,N,bovine ovine porcine,CP - Cutting Plant,,
6834,Fritzie Lagon Wolak,Othem Othemars 304,Slite,62446,"Gotland,Gotland County,Region Götaland",Sweden,EU-EFTA,RM,CP,N,ovine bovine,CP - Cutting Plant,,
796,Fävikens Egendom AB,Fäviken 216,Järpen,83794,"Åre kommun,Jämtland County,Region Norrland",Sweden,EU-EFTA,RM,CP,N,bovine ovine porcine,CP - Cutting Plant,,
6558,Gerda Adele Gillberg,Kyrkvägen 15,Fagerhult,57994,"Kalmar County,Region Götaland",Sweden,EU-EFTA,RM,CP,N,bovine ovine porcine,CP - Cutting Plant,,
600,Gourmet Food Fredrik Svanberg AB,Lagervägen 15,Jordbro,13650,"Haninge kommun,Stockholm County,Region Svealand",Sweden,EU-EFTA,RM,CP,N,bovine ovine porcine,CP - Cutting Plant,,
668,Grantelius Kött AB,Edsvallabacken 14,Farsta,12343,"Södertälje kommun,Stockholm County,Region Svealand",Sweden,EU-EFTA,RM,CP,N,bovine caprine ovine equine,CP - Cutting Plant,,
395,Gräskärr Förvaltning AB,Gräskärr 8,Tibro,54394,"Tibro kommun,Västra Götaland County,Region Götaland",Sweden,EU-EFTA,RM,CP,N,bovine caprine ovine porcine,CP - Cutting Plant,,
458,Gröna gårdar AB,Kurödsvägen 23,Uddevalla,45155,"Uddevalla kommun,Västra Götaland County,Region Götaland",Sweden,EU-EFTA,RM,CP,N,bovine porcine ovine,CP - Cutting Plant,,
264,Gudruns AB,Rörvägen 12,Jordbro,13650,"Haninge kommun,Stockholm County,Region Svealand",Sweden,EU-EFTA,RM,CP,N,bovine porcine,CP - Cutting Plant,,
5276,Gullringsbo Chark AB,Julaftonsgatan 1,Göteborg,41544,"Västra Götaland County,Region Götaland",Sweden,EU-EFTA,RM,CP,N,bovine ovine porcine,CP - Cutting Plant,,
237,Gunnar Dafgård AB,Källby,Källby,53182,"Götene kommun,Västra Götaland County,Region Götaland",Sweden,EU-EFTA,RM,CP,N,porcine,CP - Cutting Plant,,
6572,Gårdssällskapet AB,Kyrkvägen 19,Eskilstuna,63506,"Eskilstuna kommun,Södermanland County,Region Svealand",Sweden,EU-EFTA,RM,CP,N,bovine ovine porcine,CP - Cutting Plant,,
713,Görviks lantbruk HB,Görvik 825,Hammerdal,83348,"Strömsunds kommun,Jämtland County,Region Norrland",Sweden,EU-EFTA,RM,SH CP,Y,bovine ovine porcine,SH - Slaughterhouse | CP - Cutting Plant,,
587,HOLM`s kött & chark AB,Drevgatan 9,Landskrona,26151,"Landskrona kommun,Skåne County,Region Götaland",Sweden,EU-EFTA,RM,CP,N,bovine porcine,CP - Cutting Plant,,
730,Hans Arvidsson,Yttertavle 103,Umeå,90596,"Umeå kommun,Västerbotten County,Region Norrland",Sweden,EU-EFTA,RM,SH CP,Y,ovine,SH - Slaughterhouse | CP - Cutting Plant,,
378,Hans-Günther Schmitz Samuelsson,Lilla Spännefalla,Tibro,54393,"Tibro kommun,Västra Götaland County,Region Götaland",Sweden,EU-EFTA,RM,CP SH,Y,bovine ovine porcine caprine,CP - Cutting Plant | SH - Slaughterhouse,,
795,Hans-Olof Johansson,Brohage 1,Öxabäck,51195,"Marks kommun,Västra Götaland County,Region Götaland",Sweden,EU-EFTA,RM,CP,N,bovine ovine porcine,CP - Cutting Plant,,
108,Hede Kött AB,Särvsjövägen 20,Hede,84631,"Härjedalens kommun,Jämtland County,Region Norrland",Sweden,EU-EFTA,RM,CP,N,bovine ovine porcine,CP - Cutting Plant,,
757,Helena Vestin,Vännavägen 36,Timrå,86191,"Timrå kommun,Västernorrland County,Region Norrland",Sweden,EU-EFTA,RM,CP SH,Y,bovine ovine porcine equine,CP - Cutting Plant | SH - Slaughterhouse,,
5195,Helmut Walch Charkuteri AB,A Odhners gata 17,Västra Frölunda,42130,"Västra Götaland County,Region Götaland",Sweden,EU-EFTA,RM,CP,N,bovine ovine porcine,CP - Cutting Plant,,
6649,Hembygdens Kött & Chark AB,Köpmangatan 4,Burträsk,93731,"Skellefteå kommun,Västerbotten County,Region Norrland",Sweden,EU-EFTA,RM,CP,N,bovine caprine ovine porcine,CP - Cutting Plant,,
507,Hilton Foods Sverige AB,Saltängsvägen 53,Västerås,72132,"Västerås kommun,Västmanland County,Region Svealand",Sweden,EU-EFTA,RM,CP,N,bovine ovine porcine,CP - Cutting Plant,,
052,Hygns Vilt AB,"Visnums-Kil, Hygns Gård 1",Kristinehamn,68193,"Kristinehamns kommun,Värmland County,Region Svealand",Sweden,EU-EFTA,RM,SH CP,Y,bovine ovine porcine caprine,SH - Slaughterhouse | CP - Cutting Plant,,
6084,Hälsingborgs Kött & Chark AB,Torbornavägen 34,Helsingborg,25368,"Helsingborgs kommun,Skåne County,Region Götaland",Sweden,EU-EFTA,RM,CP,N,bovine porcine,CP - Cutting Plant,,
387,Håkan Jonsson,Brantestad 741 Ryggåsen,Vimmerby,59895,"Vimmerby kommun,Kalmar County,Region Götaland",Sweden,EU-EFTA,RM,SH,Y,bovine ovine porcine,SH - Slaughterhouse,,
5342,Håkan Jonsson,Brantestad 136,Vimmerby,59895,"Vimmerby kommun,Kalmar County,Region Götaland",Sweden,EU-EFTA,RM,CP,N,bovine ovine porcine,CP - Cutting Plant,,
723,Håkan Västerslät,Kläckebergavägen 145,Kalmar,39590,"Kalmar County,Region Götaland",Sweden,EU-EFTA,RM,SH CP,Y,bovine caprine ovine porcine,SH - Slaughterhouse | CP - Cutting Plant,,
43,Inga-Lill Inkeri Nordin,Djupnäset Gåltjärn 250,Kovland,85592,"Sundsvall Municipality,Västernorrland County,Region Norrland",Sweden,EU-EFTA,RM,CP SH,Y,caprine ovine,CP - Cutting Plant | SH - Slaughterhouse,,
5616,JK Meat Trading AB,Vargmötesvägen 18 B,Vallentuna,18630,"Stockholm County,Region Svealand",Sweden,EU-EFTA,RM,CP,N,bovine ovine porcine,CP - Cutting Plant,,
5339,JR Fenix Food Trading AB,Uppköparvägen 4,Årsta,12044,"Stockholms kommun,Stockholm County,Region Svealand",Sweden,EU-EFTA,RM,CP,N,bovine porcine,CP - Cutting Plant,,
6662,Jan Åbjörnsson,Skärhus 8091,Hörby,24296,"Hörby kommun,Skåne County,Region Götaland",Sweden,EU-EFTA,RM,CP,N,bovine porcine,CP - Cutting Plant,,
812,Jillie Ren & Vilt AB,Industrivägen 21,Ljusnedal,84096,"Härjedalens kommun,Jämtland County,Region Norrland",Sweden,EU-EFTA,RM,CP,N,bovine ovine porcine,CP - Cutting Plant,,
352,Joacim Granhof,Törnerydsvägen 302,Trensum,37496,"Karlshamns kommun,Blekinge County,Region Götaland",Sweden,EU-EFTA,RM,SH CP,Y,ovine porcine,SH - Slaughterhouse | CP - Cutting Plant,,
767,Johan Edberg,Sproge Kruse 430,Klintehamn,62344,"Gotland,Gotland County,Region Götaland",Sweden,EU-EFTA,RM,SH CP,Y,porcine ovine,SH - Slaughterhouse | CP - Cutting Plant,,
5059,Johan i Hallen & Bergfalk AB,Varuvägen 9,Älvsjö,12530,"Stockholm County,Region Svealand",Sweden,EU-EFTA,RM,CP,N,bovine ovine porcine,CP - Cutting Plant,,
535,Johan i Hallen & Bergfalk AB,Brodalsvägen 13 A,Partille,43338,"Partille kommun,Västra Götaland County,Region Götaland",Sweden,EU-EFTA,RM,CP,N,bovine ovine porcine,CP - Cutting Plant,,
5153,Jokkmokks Korv AB,"Industrihus A, Hantverkargatan 71",Jokkmokk,96233,"Norrbotten County,Region Norrland",Sweden,EU-EFTA,RM,CP,N,bovine porcine,CP - Cutting Plant,,
110,Jämtlandsgården Livsmedel AB,Kvarngatan 2,Hammerdal,83341,"Strömsunds kommun,Jämtland County,Region Norrland",Sweden,EU-EFTA,RM,SH CP,Y,bovine ovine,SH - Slaughterhouse | CP - Cutting Plant,,
797,Jörgen Olsson,Vistagårdsvägen 32,Kristianstad,29191,"Kristianstads kommun,Skåne County,Region Götaland",Sweden,EU-EFTA,RM,SH CP,Y,porcine,SH - Slaughterhouse | CP - Cutting Plant,,
041,KLS Ugglarps AB,Metallgatan 4,Hörby,24234,"Hörby kommun,Skåne County,Region Götaland",Sweden,EU-EFTA,RM,SH CP,Y,bovine caprine ovine porcine,SH - Slaughterhouse | CP - Cutting Plant,,
121,KLS Ugglarps AB,Asbjärsvägen 38-0,Trelleborg,23196,"Trelleborgs kommun,Skåne County,Region Götaland",Sweden,EU-EFTA,RM,SH CP,Y,bovine porcine,SH - Slaughterhouse | CP - Cutting Plant,,
048,KLS Ugglarps AB,Senåsa,Dalsjöfors,51690,"Borås kommun,Västra Götaland County,Region Götaland",Sweden,EU-EFTA,RM,SH CP,Y,bovine porcine,SH - Slaughterhouse | CP - Cutting Plant,,
051,KLS Ugglarps AB,Södra Vägen 60,Kalmar,39245,"Kalmar kommun,Kalmar County,Region Götaland",Sweden,EU-EFTA,RM,SH CP,Y,bovine caprine ovine porcine,SH - Slaughterhouse | CP - Cutting Plant,,
382,Kalvenäs Kött AB,Sjönäsgatan 25 A,Berga,57990,"Högsby kommun,Kalmar County,Region Götaland",Sweden,EU-EFTA,RM,SH CP,Y,bovine ovine porcine equine caprine,SH - Slaughterhouse | CP - Cutting Plant,,
5253,Karelius & Co AB,Skålmo 20,Lima,78064,"Malung-Sälens kommun,Dalecarlia,Region Svealand",Sweden,EU-EFTA,RM,CP,N,bovine porcine,CP - Cutting Plant,,
349,Kils Slakteri AB,Industrigatan 1,Kil,66533,"Kils kommun,Värmland County,Region Svealand",Sweden,EU-EFTA,RM,CP,N,bovine ovine porcine,CP - Cutting Plant,,
5165,Kungsholmens Kött AB,Fiskhallsvägen 18,Årsta,12044,"Härnösands kommun,Västernorrland County,Region Norrland",Sweden,EU-EFTA,RM,CP,N,bovine ovine porcine,CP - Cutting Plant,,
6164,Kustcharken AB,Lycke 4,Kungshamn,45691,"Sotenäs kommun,Västra Götaland County,Region Götaland",Sweden,EU-EFTA,RM,CP,N,bovine ovine porcine,CP - Cutting Plant,,
6145,Kött på riktigt i Sverige AB,Gruvgatan 33,Västra Frölunda,42130,"Västra Götaland County,Region Götaland",Sweden,EU-EFTA,RM,CP,N,porcine ovine bovine,CP - Cutting Plant,,
5174,Köttgross i Linköping AB,Finnögatan 17,Linköping,58278,"Linköpings kommun,Östergötland County,Region Götaland",Sweden,EU-EFTA,RM,CP,N,bovine ovine,CP - Cutting Plant,,
780,Lars Danielsson,Styrstad Sörby 2,Norrköping,60592,"Norrköpings kommun,Östergötland County,Region Götaland",Sweden,EU-EFTA,RM,CP,N,ovine,CP - Cutting Plant,,
735,Lars Einar Johansson,"Långeruds Hjortgård, Långerud 13",Kristinehamn,68192,"Kristinehamns kommun,Värmland County,Region Svealand",Sweden,EU-EFTA,RM,SH CP,Y,bovine caprine ovine porcine,SH - Slaughterhouse | CP - Cutting Plant,,
135,Lars Ipsen,Appeltorp 519,Tomelilla,27393,"Tomelilla kommun,Skåne County,Region Götaland",Sweden,EU-EFTA,RM,CP SH,Y,caprine ovine,CP - Cutting Plant | SH - Slaughterhouse,,
6600,Lekeberga Gård AB,Lekeberga Gård,Vintrosa,71993,"Örebro kommun,Örebro County,Region Svealand",Sweden,EU-EFTA,RM,CP,N,bovine ovine porcine,CP - Cutting Plant,,
6365,Lillegårdens Kött och Chark AB,Värnamovägen 4,Varberg,43232,"Varbergs kommun,Halland County,Region Götaland",Sweden,EU-EFTA,RM,CP,N,bovine ovine porcine,CP - Cutting Plant,,
001,Lindells Gårdsslakteri AB,"Ottravad, Storegården",Tidaholm,52293,"Tidaholms kommun,Västra Götaland County,Region Götaland",Sweden,EU-EFTA,RM,SH CP,Y,bovine porcine,SH - Slaughterhouse | CP - Cutting Plant,,
731,Ljungskile Kött AB,Resteröds Backa 120,Strandskogen,45994,"Uddevalla kommun,Västra Götaland County,Region Götaland",Sweden,EU-EFTA,RM,SH CP,Y,bovine caprine ovine porcine,SH - Slaughterhouse | CP - Cutting Plant,,
338,"Lund Magnussen, Elsa / Lindås Lamm",Lindås 305,Karlstad,65594,"Karlstads kommun,Värmland County,Region Svealand",Sweden,EU-EFTA,RM,SH CP,Y,caprine ovine,SH - Slaughterhouse | CP - Cutting Plant,,
6340,"Lundgren, Bertil / Lundgrens Lantbruk",Nässom 124,Bjärtrå District,87296,"Kramfors kommun,Västernorrland County,Region Norrland",Sweden,EU-EFTA,RM,CP,N,bovine ovine,CP - Cutting Plant,,
6194,Läckö Kött & Entreprenad AB,Sunnersberg Backa 3,Lidköping,53198,"Lidköpings kommun,Västra Götaland County,Region Götaland",Sweden,EU-EFTA,RM,CP,N,bovine,CP - Cutting Plant,,
366,Lövsta Kött AB,Funbo-Lövsta 129,UPPSALA,74177,"Uppsala County,Region Svealand",Sweden,EU-EFTA,RM,SH CP,Y,bovine porcine,SH - Slaughterhouse | CP - Cutting Plant,,
6869,M&D produktion AB,Krossgatan 40,Vällingby,16250,"Stockholm County,Region Svealand",Sweden,EU-EFTA,RM,CP,N,bovine,CP - Cutting Plant,,
543,MHK Foods AB,Göteborgsvägen 3,Surte,44557,"Ale kommun,Västra Götaland County,Region Götaland",Sweden,EU-EFTA,RM,CP,N,bovine caprine ovine,CP - Cutting Plant,,
210,"MOAB, Michael Oldin AB",Marsvägen 5,Kumla,69234,"Kumla kommun,Örebro County,Region Svealand",Sweden,EU-EFTA,RM,CP,N,porcine,CP - Cutting Plant,,
149,Magnus Johansson,Rinkeby Gård,Jönåker,61196,"Nyköpings kommun,Södermanland County,Region Svealand",Sweden,EU-EFTA,RM,SH CP,Y,bovine ovine caprine porcine equine,SH - Slaughterhouse | CP - Cutting Plant,,
781,Marcus Vikman,Kattån 6,Hakkas,98041,"Gällivare kommun,Norrbotten County,Region Norrland",Sweden,EU-EFTA,RM,SH CP,Y,bovine ovine,SH - Slaughterhouse | CP - Cutting Plant,,
732,Mariebergs Gårdsbutik AB,Mariebergsvägen 120,Kungälv,44249,"Kungälvs kommun,Västra Götaland County,Region Götaland",Sweden,EU-EFTA,RM,CP SH,Y,bovine ovine porcine,CP - Cutting Plant | SH - Slaughterhouse,,
148,Martin Tengani Sahlin,Sveden 1,Borlänge,78192,"Borlänge kommun,Dalecarlia,Region Svealand",Sweden,EU-EFTA,RM,SH CP,Y,ovine,SH - Slaughterhouse | CP - Cutting Plant,,
720,Mats Andersson,"Klinttorp, Sonstorp",Finspång,61293,"Finspångs kommun,Östergötland County,Region Götaland",Sweden,EU-EFTA,RM,SH,Y,ovine porcine,SH - Slaughterhouse,,
766,Mellomgårdens Café & Gårdsbutik AB,Hultet 1,Lerdala,54197,"Skövde kommun,Västra Götaland County,Region Götaland",Sweden,EU-EFTA,RM,CP SH,Y,bovine equine,CP - Cutting Plant | SH - Slaughterhouse,,
595,Mjärydsgrisen AB,Mjäryd,Ljungby,34191,"Kronoberg County,Region Götaland",Sweden,EU-EFTA,RM,CP,N,porcine,CP - Cutting Plant,,
5432,Morgan Baumann,Töllås 691,Henån,47391,"Orust kommun,Västra Götaland County,Region Götaland",Sweden,EU-EFTA,RM,CP,N,ovine,CP - Cutting Plant,,
754,Morgan Tornare,Galtholmen Västergården 2,Ljung,52496,"Herrljunga kommun,Västra Götaland County,Region Götaland",Sweden,EU-EFTA,RM,SH CP,Y,bovine ovine,SH - Slaughterhouse | CP - Cutting Plant,,
711,Mossebo Gårdsbutik & Rökeri AB,Mossebo 3,Valdermarsvik,61594,"Valdemarsviks kommun,Östergötland County,Region Götaland",Sweden,EU-EFTA,RM,CP,N,bovine ovine,CP - Cutting Plant,,
026,Mostorps Gård AB,Mostorp,Getinge,30577,"Halmstads kommun,Halland County,Region Götaland",Sweden,EU-EFTA,RM,SH,Y,bovine ovine,SH - Slaughterhouse,,
5040,Mostorps Kött AB,Mostorps Gård 107,Getinge,30577,"Halmstads kommun,Halland County,Region Götaland",Sweden,EU-EFTA,RM,CP,N,bovine ovine,CP - Cutting Plant,,
481,Mårtenssons Partiaffär AB,Rörvägen 12,Jordbro,13650,"Haninge kommun,Stockholm County,Region Svealand",Sweden,EU-EFTA,RM,CP,N,porcine,CP - Cutting Plant,,
099,Naturgården Västkött AB,Bröndomevägen 170,Vallda,43479,"Kungsbacka kommun,Halland County,Region Götaland",Sweden,EU-EFTA,RM,SH CP,Y,bovine caprine ovine equine porcine,SH - Slaughterhouse | CP - Cutting Plant,,
359,Niclas Nordkvist,Vånga Gård,Vikbolandet,61029,"Östergötland County,Region Götaland",Sweden,EU-EFTA,RM,SH CP,Y,bovine caprine ovine equine,SH - Slaughterhouse | CP - Cutting Plant,,
309,Niclas Sundberg,Kik Gamla Vägverket 1,Värmlands Nysäter,66195,"Säffle kommun,Värmland County,Region Svealand",Sweden,EU-EFTA,RM,CP,N,bovine porcine,CP - Cutting Plant,,
187,Nils Arne Nilsén,Renålandet 250,Strömsund,83394,"Storumans kommun,Västerbotten County,Region Norrland",Sweden,EU-EFTA,RM,SH CP,Y,ovine,SH - Slaughterhouse | CP - Cutting Plant,,
861,Njálgies AB,Larstorpsvägen 22,Arvidsjaur,93394,"Norrbotten County,Region Norrland",Sweden,EU-EFTA,RM,SH CP,Y,bovine porcine,SH - Slaughterhouse | CP - Cutting Plant,,
551,Nordchark i Luleå AB,Besiktningsvägen 10,Luleå,97345,Region Norrland,Sweden,EU-EFTA,RM,CP,N,porcine,CP - Cutting Plant,,
5535,Nordic Culinary AB,Dragonvägen 6,Järfälla,17675,"Järfälla kommun,Stockholm County,Region Svealand",Sweden,EU-EFTA,RM,CP,N,ovine,CP - Cutting Plant,,
62,Norrbacka Jordbruk AB,Bävik 16,Östra Ämtervik,68696,"Sunne kommun,Värmland County,Region Svealand",Sweden,EU-EFTA,RM,CP SH,Y,bovine ovine caprine porcine,CP - Cutting Plant | SH - Slaughterhouse,,
017,Norrbottensgården Slakteri AB,Makadamvägen 15,Luleå,97345,Region Norrland,Sweden,EU-EFTA,RM,SH CP,Y,bovine ovine equine,SH - Slaughterhouse | CP - Cutting Plant,,
505,Nya Siljans Chark AB,Örjasvägen 17,Mora,79236,"Mora kommun,Dalecarlia,Region Svealand",Sweden,EU-EFTA,RM,CP,N,bovine ovine porcine,CP - Cutting Plant,,
096,Nya Siljans Chark AB,Ickholmen 14,Vikarbyn,79595,"Rättviks kommun,Dalecarlia,Region Svealand",Sweden,EU-EFTA,RM,SH CP,Y,bovine caprine ovine porcine equine,SH - Slaughterhouse | CP - Cutting Plant,,
584,Nyhléns Hugosons AB,Depåvägen 4 A,Luleå,97347,"Luleå kommun,Norrbotten County,Region Norrland",Sweden,EU-EFTA,RM,CP,N,porcine,CP - Cutting Plant,,
557,Nyhléns Hugosons AB,Degerbyvägen 8,Skellefteå,93164,"Skellefteå kommun,Västerbotten County,Region Norrland",Sweden,EU-EFTA,RM,CP,N,bovine ovine porcine equine,CP - Cutting Plant,,
050,Nyhléns Hugosons AB,Öden 215,Ullånger,87032,"Kramfors kommun,Västernorrland County,Region Norrland",Sweden,EU-EFTA,RM,SH CP,Y,bovine caprine ovine equine,SH - Slaughterhouse | CP - Cutting Plant,,
6016,Närke Kött i Örebro AB,Ymergatan 15,Kumla,69235,"Kumla kommun,Örebro County,Region Svealand",Sweden,EU-EFTA,RM,CP,N,bovine ovine equine,CP - Cutting Plant,,
6374,Närkes Slakteri Häststyckning AB,Fållan 11,Johanneshov,12162,"Stockholm County,Region Svealand",Sweden,EU-EFTA,RM,CP,N,bovine equine,CP - Cutting Plant,,
111,Närkes Slakteri i Gällersta AB,Attersta 426,Örebro,70594,"Örebro kommun,Örebro County,Region Svealand",Sweden,EU-EFTA,RM,SH,Y,bovine equine,SH - Slaughterhouse,,
626,Olle Nyberg Chark AB,Lillsjövägen 44,Jordbro,13650,"Haninge kommun,Stockholm County,Region Svealand",Sweden,EU-EFTA,RM,CP,N,bovine porcine ovine,CP - Cutting Plant,,
011,PP Slakt AB,Granhagsvägen 10A,Strömsbergs Bruk,81596,"Uppsala County,Region Svealand",Sweden,EU-EFTA,RM,SH CP,Y,bovine ovine porcine,SH - Slaughterhouse | CP - Cutting Plant,,
307,Per Dahlgren,Vindelälvsvägen 45 A,Rusksele,92194,"Lycksele kommun,Västerbotten County,Region Norrland",Sweden,EU-EFTA,RM,CP,N,bovine ovine porcine,CP - Cutting Plant,,
105,Peter Karlsson,Opphem Nystad,Rimforsa,59046,"Kinda kommun,Östergötland County,Region Götaland",Sweden,EU-EFTA,RM,CP,N,bovine,CP - Cutting Plant,,
56,Petter Veor Juri Åhlander,Munkabo 75,Månsarp,56291,"Jönköpings kommun,Jönköping County,Region Götaland",Sweden,EU-EFTA,RM,CP SH,Y,bovine ovine porcine,CP - Cutting Plant | SH - Slaughterhouse,,
337,Protos AB,Sörby 422,Heby,74491,"Heby kommun,Uppsala County,Region Svealand",Sweden,EU-EFTA,RM,CP SH,Y,bovine ovine,CP - Cutting Plant | SH - Slaughterhouse,,
078,Protos AB,Lundbygatan 6,Visby,62141,"Gotland,Gotland County,Region Götaland",Sweden,EU-EFTA,RM,CP SH,Y,bovine ovine porcine,CP - Cutting Plant | SH - Slaughterhouse,,
257,Qibbla Halal Kött AB,Skarprättarvägen 1,Järfälla,17677,"Stockholm County,Region Svealand",Sweden,EU-EFTA,RM,CP,N,ovine,CP - Cutting Plant,,
6253,RJ Närproducerat AB,Nävrekärrsvägen 51,Henån,47332,"Orust kommun,Västra Götaland County,Region Götaland",Sweden,EU-EFTA,RM,CP,N,ovine porcine,CP - Cutting Plant,,
6326,RLOK AB,Biskopskulla-Rönna 1,Örsundsbro,74963,"Enköpings kommun,Uppsala County,Region Svealand",Sweden,EU-EFTA,RM,CP,N,porcine,CP - Cutting Plant,,
5,Rafnaslakt AB,Näsåkersvägen 60,Ramsele,88370,"Sollefteå kommun,Västernorrland County,Region Norrland",Sweden,EU-EFTA,RM,SH CP,Y,porcine bovine caprine ovine equine,SH - Slaughterhouse | CP - Cutting Plant,,
046,Ragnar Johanssons Kött & Chark AB,Metallvägen 10,Sölvesborg,29471,"Sölvesborgs kommun,Blekinge County,Region Götaland",Sweden,EU-EFTA,RM,SH CP,Y,bovine ovine porcine equine,SH - Slaughterhouse | CP - Cutting Plant,,
5627,Robertsons Charkuteri AB,Adolfsbergsvägen 14,Örebro,70228,"Örebro kommun,Örebro County,Region Svealand",Sweden,EU-EFTA,RM,CP,N,bovine ovine porcine,CP - Cutting Plant,,
5163,Rosas Handel AB,Marknadsvägen 10,Löttorp,38772,"Borgholms kommun,Kalmar County,Region Götaland",Sweden,EU-EFTA,RM,CP,N,porcine ovine,CP - Cutting Plant,,
6386,Roslagens Chark AB,Häcklinge Gård,Alunda,74793,"Östhammars kommun,Uppsala County,Region Svealand",Sweden,EU-EFTA,RM,CP,N,bovine ovine porcine equine,CP - Cutting Plant,,
188,Roslagens Slakt & Chark AB,Harbroholms gårdsväg 15,Skebobruk,76393,"Uppsala County,Region Svealand",Sweden,EU-EFTA,RM,SH CP,Y,bovine caprine ovine porcine,SH - Slaughterhouse | CP - Cutting Plant,,
6238,Rältagården Drift AB,Djura Hissenvägen 1,Djura,79393,"Leksands kommun,Dalecarlia,Region Svealand",Sweden,EU-EFTA,RM,CP,N,bovine,CP - Cutting Plant,,
982,Rönnbäcks Fisk AB,Tornedalsvägen 119,Pajala,98431,"Norrbotten County,Region Norrland",Sweden,EU-EFTA,RM,CP,N,bovine porcine,CP - Cutting Plant,,
777,Samstorps Gård AB,Samstorpsvägen 16,Gräddö,76015,"Norrtälje kommun,Stockholm County,Region Svealand",Sweden,EU-EFTA,RM,CP,N,bovine ovine porcine,CP - Cutting Plant,,
080,Scan Sverige AB,Torggatan 4,Kristianstad,29159,"Kristianstads kommun,Skåne County,Region Götaland",Sweden,EU-EFTA,RM,SH CP,Y,bovine ovine porcine,SH - Slaughterhouse | CP - Cutting Plant,,
580,Scan Sverige AB,Roxtorpsgatan 32,Linköping,58273,"Linköpings kommun,Östergötland County,Region Götaland",Sweden,EU-EFTA,RM,CP,N,bovine ovine porcine,CP - Cutting Plant,,
053,Scan Sverige AB,Tornbyvägen 7,Linköping,58273,"Linköpings kommun,Östergötland County,Region Götaland",Sweden,EU-EFTA,RM,SH CP,Y,bovine ovine porcine,SH - Slaughterhouse | CP - Cutting Plant,,
586,Servicestyckarna i Johanneshov AB,Partihandlarvägen 50,Årsta,12044,"Härnösands kommun,Västernorrland County,Region Norrland",Sweden,EU-EFTA,RM,CP,N,bovine ovine porcine,CP - Cutting Plant,,
333,Signal & Andersson Charkuterifabrik AB,Hulda Mellgrens gata 4,Gothenburg,42132,"Göteborgs Stad,Västra Götaland County,Region Götaland",Sweden,EU-EFTA,RM,CP,N,bovine ovine porcine,CP - Cutting Plant,,
330,Simon Althaus Bruder,Mobolets Gård,Hjo,54494,"Hjo kommun,Västra Götaland County,Region Götaland",Sweden,EU-EFTA,RM,CP SH,Y,bovine,CP - Cutting Plant | SH - Slaughterhouse,,
381,Skara Lammslakteri AB,Kohagsgatan 6,Skara,53240,"Skara kommun,Västra Götaland County,Region Götaland",Sweden,EU-EFTA,RM,SH CP,Y,ovine caprine,SH - Slaughterhouse | CP - Cutting Plant,,
512,Skaraborgs Chark och Fågel AB,Skaraborgsgatan 54,Skara,53237,"Skara kommun,Västra Götaland County,Region Götaland",Sweden,EU-EFTA,RM,CP,N,porcine ovine bovine,CP - Cutting Plant,,
150,Skånska Vilt AB,"Pl 1399 B, Sjunkaröd",Vinslöv,28890,"Hässleholms kommun,Skåne County,Region Götaland",Sweden,EU-EFTA,RM,SH CP,Y,bovine caprine ovine porcine equine,SH - Slaughterhouse | CP - Cutting Plant,,
118,Skövde Slakteri AB,Norra Aspelundsvägen 4,Skövde,54134,"Skövde kommun,Västra Götaland County,Region Götaland",Sweden,EU-EFTA,RM,SH CP,Y,bovine porcine,SH - Slaughterhouse | CP - Cutting Plant,,
6520,Slaktarn i Östersund AB,Stortorget 4,Östersund,83130,"Östersunds kommun,Jämtland County,Region Norrland",Sweden,EU-EFTA,RM,CP,N,bovine ovine porcine,CP - Cutting Plant,,
087,Slakteri och Charkuteri i Månkarbo AB,Månkarbovägen 16,Månkarbo,81569,"Tierps kommun,Uppsala County,Region Svealand",Sweden,EU-EFTA,RM,CP SH,Y,caprine ovine porcine bovine,CP - Cutting Plant | SH - Slaughterhouse,,
147,Slakteriet Sjöbo AB,Verkstadsgatan 13,Sjöbo,27539,"Sjöbo kommun,Skåne County,Region Götaland",Sweden,EU-EFTA,RM,SH CP,Y,bovine caprine ovine,SH - Slaughterhouse | CP - Cutting Plant,,
270,Smaka på Kina AB,Transportvägen 18,Eslöv,24138,"Eslövs kommun,Skåne County,Region Götaland",Sweden,EU-EFTA,RM,CP,N,porcine bovine ovine,CP - Cutting Plant,,
667,Specialchark Stockholm AB,Cementvägen 33,Jordbro,13650,"Haninge kommun,Stockholm County,Region Svealand",Sweden,EU-EFTA,RM,CP,N,porcine ovine bovine,CP - Cutting Plant,,
6317,Stefans Kött & Chark KB,Bergsjödalen 52B,Göteborg,41523,"Västra Götaland County,Region Götaland",Sweden,EU-EFTA,RM,CP,N,bovine porcine,CP - Cutting Plant,,
6735,Stockholm Gross AB,Fagerstagatan 3,Spånga,16353,"Stockholms kommun,Stockholm County,Region Svealand",Sweden,EU-EFTA,RM,CP,N,bovine ovine,CP - Cutting Plant,,
326,Strömbecks Gårdsslakt och Chark AB,Illstorp 904,Brösarp,27357,"Tomelilla kommun,Skåne County,Region Götaland",Sweden,EU-EFTA,RM,SH CP,Y,bovine caprine ovine porcine equine,SH - Slaughterhouse | CP - Cutting Plant,,
714,"Strömdahl, Patrik / Strömdahla",Örsbäck 15,Nordmaling,91490,"Nordmalings kommun,Västerbotten County,Region Norrland",Sweden,EU-EFTA,RM,SH CP,Y,bovine caprine ovine porcine,SH - Slaughterhouse | CP - Cutting Plant,,
245,Svea Kött i Malmö AB,Käglingevägen 27,Malmö,21376,"Skåne County,Region Götaland",Sweden,EU-EFTA,RM,CP,N,porcine,CP - Cutting Plant,,
6139,Svensk Cater AB,Produktionsvägen 3,Ängelholm,26296,"Ängelholms kommun,Skåne County,Region Götaland",Sweden,EU-EFTA,RM,CP,N,bovine porcine,CP - Cutting Plant,,
863,Swedish Wild Meat AB,Nagasjötjälen 275,Hoting,83359,"Jämtland County,Region Norrland",Sweden,EU-EFTA,RM,CP,N,porcine,CP - Cutting Plant,,
20,Szabos Hemchark AB,Gröne vägen 4,Näsum,29594,"Bromölla kommun,Skåne County,Region Götaland",Sweden,EU-EFTA,RM,CP SH,Y,bovine ovine porcine,CP - Cutting Plant | SH - Slaughterhouse,,
6694,Sälshögs Charken AB,Sälshög 1205,Tomelilla,27393,"Tomelilla kommun,Skåne County,Region Götaland",Sweden,EU-EFTA,RM,CP,N,bovine ovine porcine,CP - Cutting Plant,,
6180,Sångbergs Färs & Bärs AB,Limmareds Säteri,Limmared,51450,"Tranemo kommun,Västra Götaland County,Region Götaland",Sweden,EU-EFTA,RM,CP,N,bovine porcine,CP - Cutting Plant,,
193,Tavastboda Gårdsslakteri AB,Tavastboda gård,Värmdö,13960,"Stockholm County,Region Svealand",Sweden,EU-EFTA,RM,SH CP,Y,bovine caprine ovine,SH - Slaughterhouse | CP - Cutting Plant,,
6487,Thaifood Trading AB,Svarvarvägen 12,Saltsjö-Boo,13238,"Nacka kommun,Stockholm County,Region Svealand",Sweden,EU-EFTA,RM,CP,N,bovine ovine porcine,CP - Cutting Plant,,
6472,Thomas Arnesson,Övratorp Jannelund,Mullhyttan,71694,"Lekebergs kommun,Örebro County,Region Svealand",Sweden,EU-EFTA,RM,CP,N,bovine ovine porcine,CP - Cutting Plant,,
6835,Thomas Bengtsson,Övarp 4082,Klippan,26494,"Nybro kommun,Kalmar County,Region Götaland",Sweden,EU-EFTA,RM,CP,N,bovine ovine porcine,CP - Cutting Plant,,
371,Thomas Jönsson,Bysjövägen 47,Hedesunda,81895,"Gävle kommun,Gävleborg County,Region Norrland",Sweden,EU-EFTA,RM,SH CP,Y,bovine caprine ovine equine,SH - Slaughterhouse | CP - Cutting Plant,,
363,Totebo Gård HB,Industrivägen 2,Totebo,59372,"Västerviks kommun,Kalmar County,Region Götaland",Sweden,EU-EFTA,RM,CP,N,bovine ovine porcine,CP - Cutting Plant,,
5529,Turhan Kebab AB,Dagjämningsgatan 4,Gothenburg,41509,"Göteborgs Stad,Västra Götaland County,Region Götaland",Sweden,EU-EFTA,RM,CP,N,bovine ovine,CP - Cutting Plant,,
707,Ulf Åkerlund,Gryttje 649,Gnarp,82077,"Nordanstigs kommun,Gävleborg County,Region Norrland",Sweden,EU-EFTA,RM,SH CP,Y,bovine porcine equine ovine,SH - Slaughterhouse | CP - Cutting Plant,,
6315,Undersåkers Charkuteriefabrik AB,Byvägen 111,Undersåker,83796,"Åre kommun,Jämtland County,Region Norrland",Sweden,EU-EFTA,RM,CP,N,bovine ovine porcine,CP - Cutting Plant,,
61,Uppegårdens Vilt AB,Lerum Uppegården 2,Trollhättan,46192,"Trollhättans kommun,Västra Götaland County,Region Götaland",Sweden,EU-EFTA,RM,CP,N,bovine porcine,CP - Cutting Plant,,
761,VJ Vilt Nissaryd AB,Nissaryd 403,Hyltebruk,31493,"Hylte kommun,Halland County,Region Götaland",Sweden,EU-EFTA,RM,CP,N,ovine,CP - Cutting Plant,,
198,Varekils Slakteri AB,Lundby 126,Varekil,47296,"Orust kommun,Västra Götaland County,Region Götaland",Sweden,EU-EFTA,RM,SH CP,Y,caprine bovine equine ovine,SH - Slaughterhouse | CP - Cutting Plant,,
5462,Vikaryds Egendoms AB,Vikarydsvägen 5,Alingsås,44191,"Alingsås kommun,Västra Götaland County,Region Götaland",Sweden,EU-EFTA,RM,SH CP,Y,bovine ovine porcine,SH - Slaughterhouse | CP - Cutting Plant,,
190,Vilt i Lyckan AB,Lyckan 101,Lycksele,92191,"Lycksele kommun,Västerbotten County,Region Norrland",Sweden,EU-EFTA,RM,CP,N,bovine porcine ovine,CP - Cutting Plant,,
753,Värmdö Gårdsslakteri AB,Malmavägen 1,Värmdö,13960,"Stockholm County,Region Svealand",Sweden,EU-EFTA,RM,SH,Y,bovine ovine,SH - Slaughterhouse,,
737,W-Å Lantbruks AB,Wästanå 12,Borgensberg,59175,"Motala kommun,Östergötland County,Region Götaland",Sweden,EU-EFTA,RM,SH CP,Y,ovine,SH - Slaughterhouse | CP - Cutting Plant,,
854,W. Eliassons Partiaffär AB,Laestadiusvägen 70,Karesuando,98016,"Kiruna kommun,Norrbotten County,Region Norrland",Sweden,EU-EFTA,RM,CP,N,porcine bovine,CP - Cutting Plant,,
310,trofè jakt nordic AB,Båltsnäs gård,Katrineholm,64192,"Katrineholms kommun,Södermanland County,Region Svealand",Sweden,EU-EFTA,RM,CP SH,Y,caprine ovine,CP - Cutting Plant | SH - Slaughterhouse,,
069,Ängavallen AB,Ängavallens väg 17-9,Vellinge,23591,"Vellinge kommun,Skåne County,Region Götaland",Sweden,EU-EFTA,RM,SH,Y,bovine ovine porcine,SH - Slaughterhouse,,
5100,Änge Chark AB,Änge 231,Offerdal,83597,"Krokoms kommun,Jämtland County,Region Norrland",Sweden,EU-EFTA,RM,CP,N,bovine,CP - Cutting Plant,,
689,Åke P Fågel & Vilt AB,Betselgatan 8,Malmö,21377,"Skåne County,Region Götaland",Sweden,EU-EFTA,RM,CP,N,bovine ovine,CP - Cutting Plant,,
370,Åke P Fågel & Vilt i Jämtland AB,Böle 180,Hammerdal,83348,"Strömsunds kommun,Jämtland County,Region Norrland",Sweden,EU-EFTA,RM,CP,N,ovine,CP - Cutting Plant,,
034,Åkes Slakt & Styckning AB,Kalle Jakobs väg 4,Söderbärke,77793,"Smedjebackens kommun,Dalecarlia,Region Svealand",Sweden,EU-EFTA,RM,SH CP,Y,bovine caprine ovine equine porcine,SH - Slaughterhouse | CP - Cutting Plant,,
239,Årsta Kött AB,Cementvägen 33,Utö,13056,"Höörs kommun,Skåne County,Region Götaland",Sweden,EU-EFTA,RM,CP,N,bovine ovine,CP - Cutting Plant,,
6101,Ölands Kvalitetsprodukter AB,Bårby 102,Mörbylånga,38660,"Kalmar County,Region Götaland",Sweden,EU-EFTA,RM,CP,N,bovine ovine porcine,CP - Cutting Plant,,
027,Öströö Fårfarm AB,Öströö,Tvååker,43277,"Varbergs kommun,Halland County,Region Götaland",Sweden,EU-EFTA,RM,SH CP,Y,bovine caprine ovine porcine,SH - Slaughterhouse | CP - Cutting Plant,,
F009,Adelsåsen Produktion AB,Adelsåsen 1,Stora Levene,53493,"Västra Götaland County,Region Götaland; A Poultry",Sweden,EU-EFTA,PM,SH CP,Y,,SH - Slaughterhouse | CP - Cutting Plant,,
F010,Anders Movitz,Marieström 124,Trollhättan,46191,"Trollhättans kommun,Västra Götaland County,Region Götaland; A Poultry",Sweden,EU-EFTA,PM,SH CP,Y,,SH - Slaughterhouse | CP - Cutting Plant,,
F029,Atria Sverige AB,Furumovägen 110,Sölvesborg,29476,"Sölvesborgs kommun,Blekinge County,Region Götaland; A Poultry",Sweden,EU-EFTA,PM,SH CP,Y,,SH - Slaughterhouse | CP - Cutting Plant,,
F25,Bjärefågel i Torekow AB,Slättarödsvägen 225,Båstad,26995,"Båstads kommun,Skåne County,Region Götaland; A Poultry",Sweden,EU-EFTA,PM,SH CP,Y,,SH - Slaughterhouse | CP - Cutting Plant,,
F046,Björn Olsson,Nya Axtorpsvägen 372,Össjö,26691,"Skåne County,Region Götaland; A Poultry",Sweden,EU-EFTA,PM,SH CP,Y,,SH - Slaughterhouse | CP - Cutting Plant,,
5373,Capital Indian Restaurang AB,Björksundsslingan 21,Bandhagen,12431,"Stockholm County,Region Svealand; A Poultry",Sweden,EU-EFTA,PM,CP,N,,CP - Cutting Plant,,
6850,ChopChop Foods AB,Järngatan 28,Rosersberg,19572,"Sigtuna kommun,Stockholm County,Region Svealand; A Poultry",Sweden,EU-EFTA,PM,CP,N,,CP - Cutting Plant,,
014,Dalslands Vilt AB,Steneby Gård 1,Dals Långed,66694,"Västra Götaland County,Region Götaland; A Poultry",Sweden,EU-EFTA,PM,CP,N,,CP - Cutting Plant,,
668,Grantelius Kött AB,Edsvallabacken 14,Farsta,12343,"Södertälje kommun,Stockholm County,Region Svealand; A Poultry",Sweden,EU-EFTA,PM,CP,N,,CP - Cutting Plant,,
F035,Guldfågeln AB,Trollhättevägen 35,Mörbylånga,38651,"Kalmar County,Region Götaland; A Poultry",Sweden,EU-EFTA,PM,SH CP,Y,,SH - Slaughterhouse | CP - Cutting Plant,,
6572,Gårdssällskapet AB,Kyrkvägen 19,Eskilstuna,63506,"Eskilstuna kommun,Södermanland County,Region Svealand; A Poultry",Sweden,EU-EFTA,PM,CP,N,,CP - Cutting Plant,,
F045,Hagby Gårds fågel AB,Tillinge Hagby 1,Enköping,74594,"Enköpings kommun,Uppsala County,Region Svealand; A Poultry",Sweden,EU-EFTA,PM,SH CP,Y,,SH - Slaughterhouse | CP - Cutting Plant,,
5195,Helmut Walch Charkuteri AB,A Odhners gata 17,Västra Frölunda,42130,"Västra Götaland County,Region Götaland; A Poultry",Sweden,EU-EFTA,PM,CP,N,,CP - Cutting Plant,,
F003,Ingelsta Kalkon AB,"Brukstorp, Östra Ingelsta",Smedstorp,27398,"Tomelilla kommun,Skåne County,Region Götaland; A Poultry",Sweden,EU-EFTA,PM,SH CP,Y,,SH - Slaughterhouse | CP - Cutting Plant,,
F23,Jens Bonde,Helsingborgsvägen 548,Ängelholm,26296,"Skåne County,Region Götaland; A Poultry",Sweden,EU-EFTA,PM,SH CP,Y,,SH - Slaughterhouse | CP - Cutting Plant,,
535,Johan i Hallen & Bergfalk AB,Brodalsvägen 13 A,Partille,43338,"Partille kommun,Västra Götaland County,Region Götaland; A Poultry",Sweden,EU-EFTA,PM,CP,N,,CP - Cutting Plant,,
F026,Knäreds Kyckling AB,Lagavägen 26,Knäred,31251,"Halland County,Region Götaland; A Poultry",Sweden,EU-EFTA,PM,SH CP,Y,,SH - Slaughterhouse | CP - Cutting Plant,,
F038,Kronfågel AB,Åsen 2,Valla,64162,"Katrineholms kommun,Södermanland County,Region Svealand; A Poultry",Sweden,EU-EFTA,PM,SH CP,Y,,SH - Slaughterhouse | CP - Cutting Plant,,
6466,Kronfågel AB,Industrivägen 10,Harlösa,24165,"Skåne County,Region Götaland; A Poultry",Sweden,EU-EFTA,PM,CP,N,,CP - Cutting Plant,,
267,La Ferme Landaise Import & Export AB,Svarvarvägen 28,Skogås,14250,"Huddinge kommun,Stockholm County,Region Svealand; A Poultry",Sweden,EU-EFTA,PM,CP,N,,CP - Cutting Plant,,
149,Magnus Johansson,Rinkeby Gård,Jönåker,61196,"Nyköpings kommun,Södermanland County,Region Svealand; A Poultry",Sweden,EU-EFTA,PM,SH CP,Y,,SH - Slaughterhouse | CP - Cutting Plant,,
066,Norrlandsfågel AB,Ramneå 132,Edsele,88391,"Sollefteå kommun,Västernorrland County,Region Norrland; A Poultry",Sweden,EU-EFTA,PM,CP SH,Y,,CP - Cutting Plant | SH - Slaughterhouse,,
F036,Nya Lantfågel på Österlen AB,Branteviksvägen 9,Simrishamn,27237,"Simrishamns kommun,Skåne County,Region Götaland; A Poultry",Sweden,EU-EFTA,PM,SH CP,Y,,SH - Slaughterhouse | CP - Cutting Plant,,
F021,Oskar Sernert,Varmlösa 519,Rydsgård,27462,"Skurups kommun,Skåne County,Region Götaland; A Poultry",Sweden,EU-EFTA,PM,SH CP,Y,,SH - Slaughterhouse | CP - Cutting Plant,,
512,Skaraborgs Chark och Fågel AB,Skaraborgsgatan 54,Skara,53237,"Skara kommun,Västra Götaland County,Region Götaland; A Poultry",Sweden,EU-EFTA,PM,CP,N,,CP - Cutting Plant,,
6520,Slaktarn i Östersund AB,Stortorget 4,Östersund,83130,"Östersunds kommun,Jämtland County,Region Norrland; A Poultry; L Lagomorphs",Sweden,EU-EFTA,PM,CP,N,,CP - Cutting Plant,,
6735,Stockholm Gross AB,Fagerstagatan 3,Spånga,16353,"Stockholms kommun,Stockholm County,Region Svealand; A Poultry",Sweden,EU-EFTA,PM,CP,N,,CP - Cutting Plant,,
326,Strömbecks Gårdsslakt och Chark AB,Illstorp 904,Brösarp,27357,"Tomelilla kommun,Skåne County,Region Götaland; L Lagomorphs",Sweden,EU-EFTA,PM,SH CP,Y,,SH - Slaughterhouse | CP - Cutting Plant,,
6694,Sälshögs Charken AB,Sälshög 1205,Tomelilla,27393,"Tomelilla kommun,Skåne County,Region Götaland; A Poultry",Sweden,EU-EFTA,PM,CP,N,,CP - Cutting Plant,,
6487,Thaifood Trading AB,Svarvarvägen 12,Saltsjö-Boo,13238,"Nacka kommun,Stockholm County,Region Svealand; A Poultry",Sweden,EU-EFTA,PM,CP,N,,CP - Cutting Plant,,
5574,Tockafarmarens Ungtupp AB,Önneslöv 1001,Genarp,24798,"Lund Municipality,Skåne County,Region Götaland; A Poultry",Sweden,EU-EFTA,PM,CP,N,,CP - Cutting Plant,,
F022,Torsåsens Fågelprodukter AB,Torsåsen 103,Falkenberg,31191,"Halland County,Region Götaland; A Poultry",Sweden,EU-EFTA,PM,SH CP,Y,,SH - Slaughterhouse | CP - Cutting Plant,,
342,Vara Västra Food AB,Genomfartsvägen 23,Vara,53496,"Vara kommun,Västra Götaland County,Region Götaland; A Poultry",Sweden,EU-EFTA,PM,SH CP,Y,,SH - Slaughterhouse | CP - Cutting Plant,,
689,Åke P Fågel & Vilt AB,Betselgatan 8,Malmö,21377,"Skåne County,Region Götaland; A Poultry; L Lagomorphs",Sweden,EU-EFTA,PM,CP,N,,CP - Cutting Plant,,
370,Åke P Fågel & Vilt i Jämtland AB,Böle 180,Hammerdal,83348,"Strömsunds kommun,Jämtland County,Region Norrland; A Poultry",Sweden,EU-EFTA,PM,CP,N,,CP - Cutting Plant,,
843,Aktiebolaget Laestadius Kött o Vilt,Övre Soppero,Övre Soppero,98014,"Kiruna kommun,Norrbotten County,Region Norrland; fG Farmed land mammals other than domestic ungulates",Sweden,EU-EFTA,GM,SH CP,Y,,SH - Slaughterhouse | CP - Cutting Plant,,
385,Anders Skum Fjällvilt AB,Liftvägen 1,24291,24293,"Hörby kommun,Skåne County,Region Götaland; fG Farmed land mammals other than domestic ungulates",Sweden,EU-EFTA,GM,CP,N,,CP - Cutting Plant,,
2108,Arnemarks Köttservice AB,Verkstadsgatan 11,Piteå,94139,"Piteå kommun,Norrbotten County,Region Norrland; fG Farmed land mammals other than domestic ungulates",Sweden,EU-EFTA,GM,CP,N,,CP - Cutting Plant,,
5081,Bodens Kött & Vilt AB,Edeforsvägen 94,Harads,96024,"Bodens kommun,Norrbotten County,Region Norrland; fG Farmed land mammals other than domestic ungulates",Sweden,EU-EFTA,GM,CP,N,,CP - Cutting Plant,,
060,David Karlgrens Slakteri AB,Box 820,Gällivare,98228,"Gällivare kommun,Norrbotten County,Region Norrland; fG Farmed land mammals other than domestic ungulates",Sweden,EU-EFTA,GM,SH CP,Y,,SH - Slaughterhouse | CP - Cutting Plant,,
760,Dellen Kött och Vilt AB,Moviken 1:1,Bjuråker,82478,"Gävleborg County,Region Norrland; fG Farmed land mammals other than domestic ungulates",Sweden,EU-EFTA,GM,CP,N,,CP - Cutting Plant,,
321,Ekovilt i Sverige AB,Lönashultvägen 8,Lönashult,34253,"Alvesta kommun,Kronoberg County,Region Götaland; fG Farmed land mammals other than domestic ungulates",Sweden,EU-EFTA,GM,CP,N,,CP - Cutting Plant,,
573,Fastighetsbolaget Fyra Vindar Aktiebolag,Laestadiusvägen 48,Karesuando,98016,"Kiruna kommun,Norrbotten County,Region Norrland; fG Farmed land mammals other than domestic ungulates",Sweden,EU-EFTA,GM,CP,N,,CP - Cutting Plant,,
803,Froskonbäcken Fältslakteri HB,Box 2077,Klimpfjäll,91298,"Vilhelmina kommun,Västerbotten County,Region Norrland; fG Farmed land mammals other than domestic ungulates",Sweden,EU-EFTA,GM,SH,Y,,SH - Slaughterhouse,,
807,Gabna Sameby,Rensjön,Kiruna,98122,"Kiruna kommun,Norrbotten County,Region Norrland; fG Farmed land mammals other than domestic ungulates",Sweden,EU-EFTA,GM,SH,Y,,SH - Slaughterhouse,,
6572,Gårdssällskapet AB,Kyrkvägen 19,Eskilstuna,63506,"Eskilstuna kommun,Södermanland County,Region Svealand; fG Farmed land mammals other than domestic ungulates",Sweden,EU-EFTA,GM,CP,N,,CP - Cutting Plant,,
713,Görviks lantbruk HB,Görvik 825,Hammerdal,83348,"Strömsunds kommun,Jämtland County,Region Norrland; fG Farmed land mammals other than domestic ungulates",Sweden,EU-EFTA,GM,CP,N,,CP - Cutting Plant,,
108,Hede Kött AB,Prästvägen 12,Hede,84631,"Härjedalens kommun,Jämtland County,Region Norrland; fG Farmed land mammals other than domestic ungulates",Sweden,EU-EFTA,GM,CP,N,,CP - Cutting Plant,,
811,Idre Nya Sameby,Grundagsätern,Idre,79091,"Älvdalens kommun,Dalecarlia,Region Svealand; fG Farmed land mammals other than domestic ungulates",Sweden,EU-EFTA,GM,CP SH,Y,,CP - Cutting Plant | SH - Slaughterhouse,,
812,Jillie Ren & Vilt AB,Industrivägen 21,Ljusnedal,84096,"Härjedalens kommun,Jämtland County,Region Norrland; fG Farmed land mammals other than domestic ungulates",Sweden,EU-EFTA,GM,SH CP,Y,,SH - Slaughterhouse | CP - Cutting Plant,,
141,Lapin Liha AB,Grundnäs 7,Norsjö,93593,"Norsjö kommun,Västerbotten County,Region Norrland; fG Farmed land mammals other than domestic ungulates",Sweden,EU-EFTA,GM,SH CP,Y,,SH - Slaughterhouse | CP - Cutting Plant,,
731,Ljungskile Kött AB,Resteröds Backa 120,Strandskogen,45994,"Uddevalla kommun,Västra Götaland County,Region Götaland; R Ratites",Sweden,EU-EFTA,GM,CP SH,Y,,CP - Cutting Plant | SH - Slaughterhouse,,
851,Luokta-Mavas Sameby,Slakteriet Stenudden,Jäckvik,93895,"Norrbotten County,Region Norrland; fG Farmed land mammals other than domestic ungulates",Sweden,EU-EFTA,GM,SH,Y,,SH - Slaughterhouse,,
543,MHK Foods AB,Göteborgsvägen 3,Surte,44557,"Ale kommun,Västra Götaland County,Region Götaland; fG Farmed land mammals other than domestic ungulates",Sweden,EU-EFTA,GM,CP,N,,CP - Cutting Plant,,
149,Magnus Johansson,Rinkeby Gård,Jönåker,61196,"Nyköpings kommun,Södermanland County,Region Svealand; R Ratites",Sweden,EU-EFTA,GM,SH CP,Y,,SH - Slaughterhouse | CP - Cutting Plant,,
781,Marcus Vikman,Kattån 6,Hakkas,98041,"Gällivare kommun,Norrbotten County,Region Norrland; fG Farmed land mammals other than domestic ungulates",Sweden,EU-EFTA,GM,SH CP,Y,,SH - Slaughterhouse | CP - Cutting Plant,,
148,Martin Tengani Sahlin,Sveden 1,Borlänge,78192,"Borlänge kommun,Dalecarlia,Region Svealand; R Ratites",Sweden,EU-EFTA,GM,SH CP,Y,,SH - Slaughterhouse | CP - Cutting Plant,,
852,Mittådalens Sameby,Lossen,Funäsdalen,84095,"Härjedalens kommun,Jämtland County,Region Norrland; fG Farmed land mammals other than domestic ungulates",Sweden,EU-EFTA,GM,SH,Y,,SH - Slaughterhouse,,
359,Niclas Nordkvist,Vånga Gård,Vikbolandet,61029,"Östergötland County,Region Götaland; R Ratites",Sweden,EU-EFTA,GM,SH CP,Y,,SH - Slaughterhouse | CP - Cutting Plant,,
187,Nils Arne Nilsén,Renålandet 250,Strömsund,83394,"Storumans kommun,Västerbotten County,Region Norrland; fG Farmed land mammals other than domestic ungulates",Sweden,EU-EFTA,GM,CP SH,Y,,CP - Cutting Plant | SH - Slaughterhouse,,
861,Njálgies AB,Larstorpsvägen 22,Arvidsjaur,93394,"Norrbotten County,Region Norrland; fG Farmed land mammals other than domestic ungulates",Sweden,EU-EFTA,GM,CP SH,Y,,CP - Cutting Plant | SH - Slaughterhouse,,
307,Per Dahlgren,Vindelälvsvägen 45 A,Rusksele,92194,"Lycksele kommun,Västerbotten County,Region Norrland; fG Farmed land mammals other than domestic ungulates",Sweden,EU-EFTA,GM,CP,N,,CP - Cutting Plant,,
6248,Renbiten AB,Grövelsjövägen 360,Idre,79091,"Älvdalens kommun,Dalecarlia,Region Svealand; fG Farmed land mammals other than domestic ungulates",Sweden,EU-EFTA,GM,CP,N,,CP - Cutting Plant,,
6386,Roslagens Chark AB,Häcklinge Gård,Alunda,74793,"Östhammars kommun,Uppsala County,Region Svealand; fG Farmed land mammals other than domestic ungulates",Sweden,EU-EFTA,GM,CP,N,,CP - Cutting Plant,,
150,Skånska Vilt AB,"Pl 1399 B, Sjunkaröd",Vinslöv,28890,"Hässleholms kommun,Skåne County,Region Götaland; fG Farmed land mammals other than domestic ungulates",Sweden,EU-EFTA,GM,SH CP,Y,,SH - Slaughterhouse | CP - Cutting Plant,,
189,Slakteriet Sandås AB,Sandås 204,Sorsele,92494,"Sorsele kommun,Västerbotten County,Region Norrland; fG Farmed land mammals other than domestic ungulates",Sweden,EU-EFTA,GM,CP,N,,CP - Cutting Plant,,
815,Stekenjokk Ren AB,Vildmarksvägen,Klimpfjäll,91298,"Vilhelmina kommun,Västerbotten County,Region Norrland; fG Farmed land mammals other than domestic ungulates",Sweden,EU-EFTA,GM,CP,N,,CP - Cutting Plant,,
394,Strutsfarmen i Gerdal Aktiebolag,Kasta 241,Överhörnäs,89493,"Örnsköldsviks kommun,Västernorrland County,Region Norrland; R Ratites",Sweden,EU-EFTA,GM,SH,Y,,SH - Slaughterhouse,,
808,Svantes Vilt och Bär AB,Edeforsvägen 73,Harads,96024,"Bodens kommun,Norrbotten County,Region Norrland; fG Farmed land mammals other than domestic ungulates",Sweden,EU-EFTA,GM,SH CP,Y,,SH - Slaughterhouse | CP - Cutting Plant,,
863,Swedish Wild Meat AB,Nagasjötjälen 275,Hoting,83359,"Jämtland County,Region Norrland; fG Farmed land mammals other than domestic ungulates",Sweden,EU-EFTA,GM,CP,N,,CP - Cutting Plant,,
6166,Swodok AB,Båtsjaur 22,Arjeplog,93894,"Norrbotten County,Region Norrland; fG Farmed land mammals other than domestic ungulates",Sweden,EU-EFTA,GM,CP,N,,CP - Cutting Plant,,
579,Sápmi ren och vilt AB,Hantverkargatan 71,Jokkmokk,96232,"Jokkmokks kommun,Norrbotten County,Region Norrland; fG Farmed land mammals other than domestic ungulates",Sweden,EU-EFTA,GM,CP,N,,CP - Cutting Plant,,
064,Tomas Toll,Fållökna gård,Flen,64291,"Flens kommun,Södermanland County,Region Svealand; fG Farmed land mammals other than domestic ungulates",Sweden,EU-EFTA,GM,CP,N,,CP - Cutting Plant,,
5583,Tornedalens Renprodukter AB,Soukolojärvi 58,Övertorneå,95792,"Övertorneå kommun,Norrbotten County,Region Norrland; fG Farmed land mammals other than domestic ungulates",Sweden,EU-EFTA,GM,CP,N,,CP - Cutting Plant,,
190,Vilt i Lyckan AB,Lyckan 101,Lycksele,92191,"Lycksele kommun,Västerbotten County,Region Norrland; fG Farmed land mammals other than domestic ungulates",Sweden,EU-EFTA,GM,SH CP,Y,,SH - Slaughterhouse | CP - Cutting Plant,,
854,W. Eliassons Partiaffär AB,Laestadiusvägen 70,Karesuando,98016,"Kiruna kommun,Norrbotten County,Region Norrland; fG Farmed land mammals other than domestic ungulates",Sweden,EU-EFTA,GM,CP SH,Y,,CP - Cutting Plant | SH - Slaughterhouse,,
689,Åke P Fågel & Vilt AB,Betselgatan 8,Malmö,21377,"Skåne County,Region Götaland; R Ratites; fG Farmed land mammals other than domestic ungulates",Sweden,EU-EFTA,GM,CP,N,,CP - Cutting Plant,,
370,Åke P Fågel & Vilt i Jämtland AB,Böle 180,Hammerdal,83348,"Strömsunds kommun,Jämtland County,Region Norrland; fG Farmed land mammals other than domestic ungulates",Sweden,EU-EFTA,GM,CP SH,Y,,CP - Cutting Plant | SH - Slaughterhouse,,
356,Adam Slottner,Vike Sörgården 1,Kristinehamn,68193,"Kristinehamns kommun,Värmland County,Region Svealand; wU Wild ungulates",Sweden,EU-EFTA,WM,CP GHE,N,porcine,CP - Cutting Plant | GHE - Game-Handling Establishment,,
6330,Agnes Jörgensen,Slåtte 874,Alsen,83593,"Jämtland County,Region Norrland; wU Wild ungulates",Sweden,EU-EFTA,WM,CP,N,,CP - Cutting Plant,,
843,Aktiebolaget Laestadius Kött o Vilt,Övre Soppero,Övre Soppero,98014,"Kiruna kommun,Norrbotten County,Region Norrland; wU Wild ungulates",Sweden,EU-EFTA,WM,GHE,N,,GHE - Game-Handling Establishment,,
2,Anders Berglund,"Rävige, Kvarnbergets Gård 205",Vessigebro,31165,"Falkenbergs kommun,Halland County,Region Götaland; wU Wild ungulates",Sweden,EU-EFTA,WM,CP GHE,N,,CP - Cutting Plant | GHE - Game-Handling Establishment,,
385,Anders Skum Fjällvilt AB,Liftvägen 1,24291,24293,"Hörby kommun,Skåne County,Region Götaland; wU Wild ungulates",Sweden,EU-EFTA,WM,CP,N,,CP - Cutting Plant,,
5101,Andersson & Tillman AB,Danmarksgatan 24,Uppsala,75323,"Uppsala County,Region Svealand; wU Wild ungulates",Sweden,EU-EFTA,WM,CP,N,,CP - Cutting Plant,,
784,Ann-Marie Andreasson,Västra Takene Sjövik,Säffle,66194,"Säffle kommun,Värmland County,Region Svealand; wU Wild ungulates",Sweden,EU-EFTA,WM,CP GHE,N,,CP - Cutting Plant | GHE - Game-Handling Establishment,,
154,Arne Olsson,Timmershult 14,Knäred,31252,"Laholms kommun,Halland County,Region Götaland; wG Wild land mammals other than wild ungulates; wU Wild ungulates",Sweden,EU-EFTA,WM,CP GHE,N,porcine,CP - Cutting Plant | GHE - Game-Handling Establishment,,
2108,Arnemarks Köttservice AB,Verkstadsgatan 11,Piteå,94139,"Piteå kommun,Norrbotten County,Region Norrland; wU Wild ungulates",Sweden,EU-EFTA,WM,CP,N,,CP - Cutting Plant,,
179,Axel Öberg,Vibyholm,Sparreholm,64991,"Flens kommun,Södermanland County,Region Svealand; wL Lagomorphs living freely in the wild; wU Wild ungulates; wA Wild game birds",Sweden,EU-EFTA,WM,GHE,N,porcine,GHE - Game-Handling Establishment,,
5496,Axel´s Chark AB,Björtveten 18,Bäckefors,66894,"Bengtsfors kommun,Västra Götaland County,Region Götaland; wU Wild ungulates",Sweden,EU-EFTA,WM,CP,N,porcine,CP - Cutting Plant,,
328,Basunda Gård Slakteri AB,Basunda Gård,Rimforsa,59046,"Kinda kommun,Östergötland County,Region Götaland; wU Wild ungulates; wA Wild game birds",Sweden,EU-EFTA,WM,CP GHE,N,porcine,CP - Cutting Plant | GHE - Game-Handling Establishment,,
721,Bengt Håkanson,Basteråsvägen 50,Fritsla,51172,"Marks kommun,Västra Götaland County,Region Götaland; wA Wild game birds; wU Wild ungulates",Sweden,EU-EFTA,WM,CP GHE,N,porcine,CP - Cutting Plant | GHE - Game-Handling Establishment,,
391,Bent Karlsen,"Kroken, Näset",Töcksfors,67010,"Värmland County,Region Svealand; wU Wild ungulates",Sweden,EU-EFTA,WM,CP GHE,N,,CP - Cutting Plant | GHE - Game-Handling Establishment,,
276,Bergslagsdelikatesser i Lindesberg AB,Löpargatan 6,Lindesberg,71134,"Lindesbergs kommun,Örebro County,Region Svealand; wG Wild land mammals other than wild ungulates; wU Wild ungulates; wL Lagomorphs living freely in the wild; wA Wild game birds",Sweden,EU-EFTA,WM,CP,N,,CP - Cutting Plant,,
313,Billerud Skog & Industri AB,Kolåsen By,Järpen,83005,"Åre kommun,Jämtland County,Region Norrland; wU Wild ungulates; wG Wild land mammals other than wild ungulates",Sweden,EU-EFTA,WM,GHE,N,,GHE - Game-Handling Establishment,,
5081,Bodens Kött & Vilt AB,Edeforsvägen 94,Harads,96024,"Bodens kommun,Norrbotten County,Region Norrland; wU Wild ungulates",Sweden,EU-EFTA,WM,CP,N,porcine,CP - Cutting Plant,,
348,Bonnarps Hjortgård & Veterinär AB,Bonnarp 664,Ljungbyhed,26453,"Klippans kommun,Skåne County,Region Götaland; wA Wild game birds; wL Lagomorphs living freely in the wild; wU Wild ungulates",Sweden,EU-EFTA,WM,CP GHE,N,porcine,CP - Cutting Plant | GHE - Game-Handling Establishment,,
746,Bäsinge Slakteri AB,Bäsinge 103,Krylbo,77596,"Avesta kommun,Dalecarlia,Region Svealand; wU Wild ungulates",Sweden,EU-EFTA,WM,CP GHE,N,bovine porcine,CP - Cutting Plant | GHE - Game-Handling Establishment,,
024,Camp Mayfly AB,Ulvered 108,Laholm,31292,"Laholms kommun,Halland County,Region Götaland; wU Wild ungulates",Sweden,EU-EFTA,WM,CP GHE,N,porcine,CP - Cutting Plant | GHE - Game-Handling Establishment,,
157,Carl de Geer,Hanaskogs Gård,Hanaskog,28950,"Östra Göinge kommun,Skåne County,Region Götaland; wL Lagomorphs living freely in the wild; wU Wild ungulates",Sweden,EU-EFTA,WM,CP GHE,N,porcine,CP - Cutting Plant | GHE - Game-Handling Establishment,,
384,Catarinas Sprätthönseri AB,Norrby 74,Stora Skedvi,78392,"Dalecarlia,Region Svealand; wU Wild ungulates",Sweden,EU-EFTA,WM,CP GHE,N,porcine,CP - Cutting Plant | GHE - Game-Handling Establishment,,
5265,Christer Hammarström,Göringsvägen 13,Furudal,79070,"Rättviks kommun,Dalecarlia,Region Svealand; wU Wild ungulates; wG Wild land mammals other than wild ungulates",Sweden,EU-EFTA,WM,GHE CP,N,,GHE - Game-Handling Establishment | CP - Cutting Plant,,
719,Christian Larsson,Ödeby gård 1,Upphärad,46199,"Trollhättans kommun,Västra Götaland County,Region Götaland; wU Wild ungulates",Sweden,EU-EFTA,WM,CP,N,porcine,CP - Cutting Plant,,
014,Dalslands Vilt AB,Steneby Gård 1,Dals Långed,66694,"Västra Götaland County,Region Götaland; wG Wild land mammals other than wild ungulates; wU Wild ungulates",Sweden,EU-EFTA,WM,GHE CP,N,porcine,GHE - Game-Handling Establishment | CP - Cutting Plant,,
060,David Karlgrens Slakteri AB,Odlingsvägen 1,Gällivare,98239,"Gällivare kommun,Norrbotten County,Region Norrland; wG Wild land mammals other than wild ungulates; wU Wild ungulates",Sweden,EU-EFTA,WM,CP GHE,N,,CP - Cutting Plant | GHE - Game-Handling Establishment,,
335,De Vilda AB,Stensta 5,Järna,15391,"Södertälje kommun,Stockholm County,Region Svealand; wA Wild game birds; wG Wild land mammals other than wild ungulates; wU Wild ungulates; wL Lagomorphs living freely in the wild",Sweden,EU-EFTA,WM,CP GHE,N,porcine,CP - Cutting Plant | GHE - Game-Handling Establishment,,
760,Dellen Kött och Vilt AB,Moviken 1:1,Bjuråker,82478,"Gävleborg County,Region Norrland; wU Wild ungulates; wG Wild land mammals other than wild ungulates",Sweden,EU-EFTA,WM,CP GHE,N,porcine,CP - Cutting Plant | GHE - Game-Handling Establishment,,
5159,Dickssons Kött och Handel AB,Ängadal 21 B,Vinslöv,28833,"Hässleholms kommun,Skåne County,Region Götaland; wU Wild ungulates",Sweden,EU-EFTA,WM,CP,N,porcine,CP - Cutting Plant,,
54,Duveled AB,Varbergsvägen 833,Fjärås,43974,"Kungsbacka kommun,Halland County,Region Götaland; wA Wild game birds; wU Wild ungulates",Sweden,EU-EFTA,WM,CP GHE,N,porcine,CP - Cutting Plant | GHE - Game-Handling Establishment,,
5219,Eatwell Sweden AB,Metodvägen 3-5,Mölnlycke,43533,"Härryda kommun,Västra Götaland County,Region Götaland; wU Wild ungulates",Sweden,EU-EFTA,WM,CP,N,,CP - Cutting Plant,,
057,Ekensbergs Förvaltning AB,Ekensberg 1,Enhörna,15196,"Stockholm County,Region Svealand; wA Wild game birds; wU Wild ungulates",Sweden,EU-EFTA,WM,GHE CP,N,equine,GHE - Game-Handling Establishment | CP - Cutting Plant,,
321,Ekovilt i Sverige AB,Lönashultvägen 8,Lönashult,34253,"Alvesta kommun,Kronoberg County,Region Götaland; wU Wild ungulates",Sweden,EU-EFTA,WM,CP GHE,N,porcine,CP - Cutting Plant | GHE - Game-Handling Establishment,,
165,Eriksberg Vilt & Natur AB,Guöviksvägen 353,Trensum,37496,"Karlshamns kommun,Blekinge County,Region Götaland; wA Wild game birds",Sweden,EU-EFTA,WM,CP GHE,N,porcine bovine,CP - Cutting Plant | GHE - Game-Handling Establishment,,
793,Eva Karlsson,Kanonvägen 215,Våmhus,79296,"Dalecarlia,Region Svealand; wU Wild ungulates",Sweden,EU-EFTA,WM,CP GHE,N,,CP - Cutting Plant | GHE - Game-Handling Establishment,,
573,Fastighetsbolaget Fyra Vindar Aktiebolag,Laestadiusvägen 48,Karesuando,98016,"Kiruna kommun,Norrbotten County,Region Norrland; wU Wild ungulates",Sweden,EU-EFTA,WM,CP,N,,CP - Cutting Plant,,
791,Filkesboda Gård AB,Mjönäsvägen 1520,Arkelstorp,29156,"Kristianstads kommun,Skåne County,Region Götaland; wU Wild ungulates; wG Wild land mammals other than wild ungulates; wL Lagomorphs living freely in the wild; wA Wild game birds",Sweden,EU-EFTA,WM,CP GHE,N,porcine,CP - Cutting Plant | GHE - Game-Handling Establishment,,
2233,Finnö Fisk & Gårdsbryggeri AB,Hosum Nya Skattegården,Valdermarsvik,61591,"Valdemarsviks kommun,Östergötland County,Region Götaland; wU Wild ungulates",Sweden,EU-EFTA,WM,CP,N,porcine,CP - Cutting Plant,,
088,ForshagaAkademin AB,Industrileden 5B,Forshaga,66732,"Forshaga kommun,Värmland County,Region Svealand; wU Wild ungulates",Sweden,EU-EFTA,WM,CP GHE,N,porcine,CP - Cutting Plant | GHE - Game-Handling Establishment,,
073,Fredrik Hörnstedt,Nordankil 118,Möklinta,73399,"Sala kommun,Västmanland County,Region Svealand; wA Wild game birds; wU Wild ungulates",Sweden,EU-EFTA,WM,CP GHE,N,porcine,CP - Cutting Plant | GHE - Game-Handling Establishment,,
796,Fävikens Egendom AB,Fäviken 216,Järpen,83794,"Åre kommun,Jämtland County,Region Norrland; wU Wild ungulates",Sweden,EU-EFTA,WM,CP GHE,N,,CP - Cutting Plant | GHE - Game-Handling Establishment,,
600,Gourmet Food Fredrik Svanberg AB,Lagervägen 15,Jordbro,13650,"Haninge kommun,Stockholm County,Region Svealand; wU Wild ungulates",Sweden,EU-EFTA,WM,CP,N,porcine,CP - Cutting Plant,,
668,Grantelius Kött AB,Edsvallabacken 14,Farsta,12343,"Södertälje kommun,Stockholm County,Region Svealand; wA Wild game birds; wL Lagomorphs living freely in the wild; wU Wild ungulates",Sweden,EU-EFTA,WM,CP,N,,CP - Cutting Plant,,
395,Gräskärr Förvaltning AB,Gräskärr 8,Tibro,54394,"Tibro kommun,Västra Götaland County,Region Götaland; wG Wild land mammals other than wild ungulates; wU Wild ungulates",Sweden,EU-EFTA,WM,CP GHE,N,porcine,CP - Cutting Plant | GHE - Game-Handling Establishment,,
458,Gröna gårdar AB,Kurödsvägen 23,Uddevalla,45155,"Uddevalla kommun,Västra Götaland County,Region Götaland; wU Wild ungulates",Sweden,EU-EFTA,WM,CP,N,porcine,CP - Cutting Plant,,
264,Gudruns AB,Rörvägen 12,Jordbro,13650,"Haninge kommun,Stockholm County,Region Svealand",Sweden,EU-EFTA,WM,CP,N,porcine,CP - Cutting Plant,,
5276,Gullringsbo Chark AB,Julaftonsgatan 1,Göteborg,41544,"Västra Götaland County,Region Götaland; wU Wild ungulates",Sweden,EU-EFTA,WM,CP,N,,CP - Cutting Plant,,
740,Gun Erlandsson,Karsbo 1,Östra Frölunda,51263,"Svenljunga kommun,Västra Götaland County,Region Götaland; wU Wild ungulates",Sweden,EU-EFTA,WM,CP GHE,N,porcine,CP - Cutting Plant | GHE - Game-Handling Establishment,,
6572,Gårdssällskapet AB,Kyrkvägen 19,Eskilstuna,63506,"Eskilstuna kommun,Södermanland County,Region Svealand; wU Wild ungulates",Sweden,EU-EFTA,WM,CP,N,porcine,CP - Cutting Plant,,
713,Görviks lantbruk HB,Görvik 825,Hammerdal,83348,"Strömsunds kommun,Jämtland County,Region Norrland; wU Wild ungulates; wG Wild land mammals other than wild ungulates",Sweden,EU-EFTA,WM,CP GHE,N,,CP - Cutting Plant | GHE - Game-Handling Establishment,,
341,Hans Åke Johansson,Möljeryd 125 Norregården,Kallinge,37292,"Ronneby kommun,Blekinge County,Region Götaland; wU Wild ungulates",Sweden,EU-EFTA,WM,CP GHE,N,porcine,CP - Cutting Plant | GHE - Game-Handling Establishment,,
378,Hans-Günther Schmitz Samuelsson,Lilla Spännefalla,Tibro,54393,"Tibro kommun,Västra Götaland County,Region Götaland; wU Wild ungulates; wG Wild land mammals other than wild ungulates",Sweden,EU-EFTA,WM,CP GHE,N,porcine,CP - Cutting Plant | GHE - Game-Handling Establishment,,
795,Hans-Olof Johansson,Brohage 1,Öxabäck,51195,"Marks kommun,Västra Götaland County,Region Götaland; wL Lagomorphs living freely in the wild; wU Wild ungulates",Sweden,EU-EFTA,WM,CP GHE,N,porcine,CP - Cutting Plant | GHE - Game-Handling Establishment,,
108,Hede Kött AB,Prästvägen 12,Hede,84631,"Härjedalens kommun,Jämtland County,Region Norrland; wG Wild land mammals other than wild ungulates; wU Wild ungulates",Sweden,EU-EFTA,WM,GHE,N,,GHE - Game-Handling Establishment,,
757,Helena Vestin,Vännavägen 36,Timrå,86191,"Timrå kommun,Västernorrland County,Region Norrland; wU Wild ungulates",Sweden,EU-EFTA,WM,CP GHE,N,,CP - Cutting Plant | GHE - Game-Handling Establishment,,
5195,Helmut Walch Charkuteri AB,A Odhners gata 17,Västra Frölunda,42130,"Västra Götaland County,Region Götaland; wU Wild ungulates",Sweden,EU-EFTA,WM,CP,N,porcine,CP - Cutting Plant,,
320,Hjortseryd Skogar AB,"Hjortseryd, Vrå",Lidhult,34173,"Kronoberg County,Region Götaland; wU Wild ungulates",Sweden,EU-EFTA,WM,CP GHE,N,porcine,CP - Cutting Plant | GHE - Game-Handling Establishment,,
052,Hygns Vilt AB,"Visnums-Kil, Hygns Gård 1",Kristinehamn,68193,"Kristinehamns kommun,Värmland County,Region Svealand; wU Wild ungulates",Sweden,EU-EFTA,WM,CP GHE,N,porcine,CP - Cutting Plant | GHE - Game-Handling Establishment,,
723,Håkan Västerslät,Kläckebergavägen 145,Kalmar,39590,"Kalmar County,Region Götaland; wU Wild ungulates",Sweden,EU-EFTA,WM,GHE CP,N,porcine,GHE - Game-Handling Establishment | CP - Cutting Plant,,
43,Inga-Lill Inkeri Nordin,Djupnäset Gåltjärn 250,Kovland,85592,"Sundsvall Municipality,Västernorrland County,Region Norrland; wU Wild ungulates",Sweden,EU-EFTA,WM,CP GHE,N,,CP - Cutting Plant | GHE - Game-Handling Establishment,,
5616,JK Meat Trading AB,Vargmötesvägen 18 B,Vallentuna,18630,"Stockholm County,Region Svealand; wU Wild ungulates",Sweden,EU-EFTA,WM,CP,N,,CP - Cutting Plant,,
158,Jan Strömberg,Maglehultsvägen 275,Kristianstad,29192,"Kristianstads kommun,Skåne County,Region Götaland; wU Wild ungulates; wL Lagomorphs living freely in the wild",Sweden,EU-EFTA,WM,GHE,N,porcine,GHE - Game-Handling Establishment,,
812,Jillie Ren & Vilt AB,Industrivägen 21,Ljusnedal,84096,"Härjedalens kommun,Jämtland County,Region Norrland; wU Wild ungulates; wG Wild land mammals other than wild ungulates",Sweden,EU-EFTA,WM,GHE CP,N,porcine,GHE - Game-Handling Establishment | CP - Cutting Plant,,
352,Joacim Granhof,Törnerydsvägen 302,Trensum,37496,"Karlshamns kommun,Blekinge County,Region Götaland; wU Wild ungulates; wA Wild game birds",Sweden,EU-EFTA,WM,CP GHE,N,porcine,CP - Cutting Plant | GHE - Game-Handling Establishment,,
767,Johan Edberg,Sproge Kruse 430,Klintehamn,62344,"Gotland,Gotland County,Region Götaland; wU Wild ungulates",Sweden,EU-EFTA,WM,CP GHE,N,,CP - Cutting Plant | GHE - Game-Handling Establishment,,
367,Johan Hässelås,Hässelås 21,Tranemo,51491,"Tranemo kommun,Västra Götaland County,Region Götaland; wU Wild ungulates",Sweden,EU-EFTA,WM,CP GHE,N,porcine,CP - Cutting Plant | GHE - Game-Handling Establishment,,
535,Johan i Hallen & Bergfalk AB,Brodalsvägen 13 A,Partille,43338,"Partille kommun,Västra Götaland County,Region Götaland; wG Wild land mammals other than wild ungulates; wU Wild ungulates",Sweden,EU-EFTA,WM,CP,N,porcine,CP - Cutting Plant,,
5059,Johan i Hallen & Bergfalk AB,Varuvägen 9,Älvsjö,12530,"Stockholm County,Region Svealand; wU Wild ungulates",Sweden,EU-EFTA,WM,CP,N,,CP - Cutting Plant,,
762,Johannishus Godsförvaltning AB,Möllerydsvägen 11,Johannishus,37295,"Ronneby kommun,Blekinge County,Region Götaland; wU Wild ungulates; wA Wild game birds",Sweden,EU-EFTA,WM,CP GHE,N,porcine,CP - Cutting Plant | GHE - Game-Handling Establishment,,
195,Karelius & Co AB,Skålmo 20,Lima,78064,"Malung-Sälens kommun,Dalecarlia,Region Svealand; wG Wild land mammals other than wild ungulates; wU Wild ungulates",Sweden,EU-EFTA,WM,GHE,N,porcine,GHE - Game-Handling Establishment,,
5253,Karelius & Co AB,Skålmo 20,Lima,78064,"Malung-Sälens kommun,Dalecarlia,Region Svealand; wU Wild ungulates; wG Wild land mammals other than wild ungulates",Sweden,EU-EFTA,WM,CP,N,,CP - Cutting Plant,,
349,Kils Slakteri AB,Industrigatan 1,Kil,66533,"Kils kommun,Värmland County,Region Svealand; wU Wild ungulates",Sweden,EU-EFTA,WM,CP,N,,CP - Cutting Plant,,
5165,Kungsholmens Kött AB,Fiskhallsvägen 18,Årsta,12044,"Härnösands kommun,Västernorrland County,Region Norrland; wU Wild ungulates",Sweden,EU-EFTA,WM,CP,N,porcine,CP - Cutting Plant,,
775,Kurt Svensson,Ingelstorps Gård 1200,Ljungbyhed,26454,"Skåne County,Region Götaland; wU Wild ungulates",Sweden,EU-EFTA,WM,GHE CP,N,porcine,GHE - Game-Handling Establishment | CP - Cutting Plant,,
6164,Kustcharken AB,Lycke 4,Kungshamn,45691,"Sotenäs kommun,Västra Götaland County,Region Götaland; wU Wild ungulates",Sweden,EU-EFTA,WM,CP,N,porcine,CP - Cutting Plant,,
267,La Ferme Landaise Import & Export AB,Svarvarvägen 28,Skogås,14250,"Huddinge kommun,Stockholm County,Region Svealand; wU Wild ungulates",Sweden,EU-EFTA,WM,CP,N,,CP - Cutting Plant,,
141,Lapin Liha AB,Grundnäs 7,Norsjö,93593,"Norsjö kommun,Västerbotten County,Region Norrland; wU Wild ungulates",Sweden,EU-EFTA,WM,CP GHE,N,,CP - Cutting Plant | GHE - Game-Handling Establishment,,
780,Lars Danielsson,Styrstad Sörby 2,Norrköping,60592,"Norrköpings kommun,Östergötland County,Region Götaland; wU Wild ungulates; wA Wild game birds",Sweden,EU-EFTA,WM,CP GHE,N,porcine,CP - Cutting Plant | GHE - Game-Handling Establishment,,
735,Lars Einar Johansson,"Långeruds Hjortgård, Långerud 13",Kristinehamn,68192,"Kristinehamns kommun,Värmland County,Region Svealand; wU Wild ungulates",Sweden,EU-EFTA,WM,CP GHE,N,porcine,CP - Cutting Plant | GHE - Game-Handling Establishment,,
135,Lars Ipsen,Appeltorp 519,Tomelilla,27393,"Tomelilla kommun,Skåne County,Region Götaland; wU Wild ungulates",Sweden,EU-EFTA,WM,CP GHE,N,porcine,CP - Cutting Plant | GHE - Game-Handling Establishment,,
788,Lars Karlsson,Ugglum Skola,Falköping,52194,"Falköpings kommun,Västra Götaland County,Region Götaland; wU Wild ungulates; wA Wild game birds",Sweden,EU-EFTA,WM,CP GHE,N,porcine,CP - Cutting Plant | GHE - Game-Handling Establishment,,
731,Ljungskile Kött AB,Resteröds Backa 120,Strandskogen,45994,"Uddevalla kommun,Västra Götaland County,Region Götaland; wU Wild ungulates",Sweden,EU-EFTA,WM,CP GHE,N,porcine,CP - Cutting Plant | GHE - Game-Handling Establishment,,
338,"Lund Magnussen, Elsa / Lindås Lamm",Lindås 305,Karlstad,65594,"Karlstads kommun,Värmland County,Region Svealand; wU Wild ungulates",Sweden,EU-EFTA,WM,GHE CP,N,,GHE - Game-Handling Establishment | CP - Cutting Plant,,
6399,"MB Kött, Vilt & Chark AB",Brogatan 21,Stallarholmen,64561,"Södermanland County,Region Svealand; wU Wild ungulates",Sweden,EU-EFTA,WM,CP,N,porcine,CP - Cutting Plant,,
715,Magnus Jakt & Vilt AB,Adelsåsen 1,Stora Levene,53493,"Vara kommun,Västra Götaland County,Region Götaland; wU Wild ungulates",Sweden,EU-EFTA,WM,CP GHE,N,porcine,CP - Cutting Plant | GHE - Game-Handling Establishment,,
149,Magnus Johansson,Rinkeby Gård,Jönåker,61196,"Nyköpings kommun,Södermanland County,Region Svealand; wU Wild ungulates",Sweden,EU-EFTA,WM,CP GHE,N,porcine,CP - Cutting Plant | GHE - Game-Handling Establishment,,
781,Marcus Vikman,Kattån 6,Hakkas,98041,"Gällivare kommun,Norrbotten County,Region Norrland; wU Wild ungulates",Sweden,EU-EFTA,WM,CP GHE,N,,CP - Cutting Plant | GHE - Game-Handling Establishment,,
732,Mariebergs Gårdsbutik AB,Mariebergsvägen 120,Kungälv,44249,"Kungälvs kommun,Västra Götaland County,Region Götaland; wU Wild ungulates",Sweden,EU-EFTA,WM,GHE CP,N,porcine,GHE - Game-Handling Establishment | CP - Cutting Plant,,
148,Martin Tengani Sahlin,Sveden 1,Borlänge,78192,"Borlänge kommun,Dalecarlia,Region Svealand; wU Wild ungulates",Sweden,EU-EFTA,WM,CP GHE,N,porcine,CP - Cutting Plant | GHE - Game-Handling Establishment,,
5432,Morgan Baumann,Töllås 691,Henån,47391,"Orust kommun,Västra Götaland County,Region Götaland; wU Wild ungulates",Sweden,EU-EFTA,WM,CP,N,,CP - Cutting Plant,,
754,Morgan Tornare,Galtholmen Västergården 2,Ljung,52496,"Herrljunga kommun,Västra Götaland County,Region Götaland; wU Wild ungulates",Sweden,EU-EFTA,WM,CP GHE,N,porcine,CP - Cutting Plant | GHE - Game-Handling Establishment,,
711,Mossebo Gårdsbutik & Rökeri AB,Mossebo 3,Valdermarsvik,61594,"Valdemarsviks kommun,Östergötland County,Region Götaland; wA Wild game birds; wU Wild ungulates",Sweden,EU-EFTA,WM,CP GHE,N,porcine,CP - Cutting Plant | GHE - Game-Handling Establishment,,
184,Munkedal Skog AB,Värhult 25,Färgelanda,45892,"Färgelanda kommun,Västra Götaland County,Region Götaland; wU Wild ungulates",Sweden,EU-EFTA,WM,CP GHE,N,porcine,CP - Cutting Plant | GHE - Game-Handling Establishment,,
099,Naturgården Västkött AB,Bröndomevägen 170,Vallda,43479,"Kungsbacka kommun,Halland County,Region Götaland; wU Wild ungulates",Sweden,EU-EFTA,WM,CP GHE,N,porcine,CP - Cutting Plant | GHE - Game-Handling Establishment,,
6841,Nibo Kött AB,Stillmansgatan 7,Malmö,21225,"Malmö kommun,Skåne County,Region Götaland; wA Wild game birds; wL Lagomorphs living freely in the wild; wU Wild ungulates",Sweden,EU-EFTA,WM,CP,N,porcine,CP - Cutting Plant,,
359,Niclas Nordkvist,Vånga Gård,Vikbolandet,61029,"Östergötland County,Region Götaland; wU Wild ungulates",Sweden,EU-EFTA,WM,CP GHE,N,porcine,CP - Cutting Plant | GHE - Game-Handling Establishment,,
309,Niclas Sundberg,Kik Gamla Vägverket 1,Värmlands Nysäter,66195,"Säffle kommun,Värmland County,Region Svealand; wU Wild ungulates; wG Wild land mammals other than wild ungulates",Sweden,EU-EFTA,WM,CP GHE,N,porcine,CP - Cutting Plant | GHE - Game-Handling Establishment,,
187,Nils Arne Nilsén,Renålandet 250,Strömsund,83394,"Storumans kommun,Västerbotten County,Region Norrland; wA Wild game birds; wU Wild ungulates; wG Wild land mammals other than wild ungulates",Sweden,EU-EFTA,WM,GHE CP,N,porcine,GHE - Game-Handling Establishment | CP - Cutting Plant,,
861,Njálgies AB,Larstorpsvägen 22,Arvidsjaur,93394,"Norrbotten County,Region Norrland; wU Wild ungulates; wG Wild land mammals other than wild ungulates",Sweden,EU-EFTA,WM,CP GHE,N,,CP - Cutting Plant | GHE - Game-Handling Establishment,,
62,Norrbacka Jordbruk AB,Bävik 16,Östra Ämtervik,68696,"Sunne kommun,Värmland County,Region Svealand; wU Wild ungulates",Sweden,EU-EFTA,WM,CP GHE,N,porcine,CP - Cutting Plant | GHE - Game-Handling Establishment,,
F021,Oskar Sernert,Varmlösa 519,Rydsgård,27462,"Skurups kommun,Skåne County,Region Götaland; wA Wild game birds",Sweden,EU-EFTA,WM,CP GHE,N,,CP - Cutting Plant | GHE - Game-Handling Establishment,,
011,PP Slakt AB,Granhagsvägen 10A,Strömsbergs Bruk,81596,"Uppsala County,Region Svealand; wU Wild ungulates",Sweden,EU-EFTA,WM,CP GHE,N,porcine,CP - Cutting Plant | GHE - Game-Handling Establishment,,
178,Pehr Zethelius,Torpa Gård,Länghem,51452,"Tranemo kommun,Västra Götaland County,Region Götaland; wL Lagomorphs living freely in the wild; wU Wild ungulates",Sweden,EU-EFTA,WM,CP GHE,N,,CP - Cutting Plant | GHE - Game-Handling Establishment,,
307,Per Dahlgren,Vindelälvsvägen 45 A,Rusksele,92194,"Lycksele kommun,Västerbotten County,Region Norrland; wU Wild ungulates; wG Wild land mammals other than wild ungulates",Sweden,EU-EFTA,WM,CP GHE,N,,CP - Cutting Plant | GHE - Game-Handling Establishment,,
105,Peter Karlsson,Opphem Nystad,Rimforsa,59046,"Kinda kommun,Östergötland County,Region Götaland; wU Wild ungulates",Sweden,EU-EFTA,WM,GHE CP,N,porcine,GHE - Game-Handling Establishment | CP - Cutting Plant,,
56,Petter Veor Juri Åhlander,Munkabo 75,Månsarp,56291,"Jönköpings kommun,Jönköping County,Region Götaland; wU Wild ungulates",Sweden,EU-EFTA,WM,CP GHE,N,porcine,CP - Cutting Plant | GHE - Game-Handling Establishment,,
5,Rafnaslakt AB,Näsåkersvägen 60,Ramsele,88370,"Sollefteå kommun,Västernorrland County,Region Norrland; wU Wild ungulates",Sweden,EU-EFTA,WM,GHE,N,,GHE - Game-Handling Establishment,,
046,Ragnar Johanssons Kött & Chark AB,Metallvägen 10,Sölvesborg,29471,"Sölvesborgs kommun,Blekinge County,Region Götaland; wU Wild ungulates",Sweden,EU-EFTA,WM,CP GHE,N,porcine,CP - Cutting Plant | GHE - Game-Handling Establishment,,
6248,Renbiten AB,Grövelsjövägen 360,Idre,79091,"Älvdalens kommun,Dalecarlia,Region Svealand; wU Wild ungulates",Sweden,EU-EFTA,WM,CP,N,,CP - Cutting Plant,,
314,Richard Tengström,Tengene Tingsgården 2,Grästorp,46792,"Grästorps kommun,Västra Götaland County,Region Götaland; wU Wild ungulates",Sweden,EU-EFTA,WM,CP GHE,N,porcine,CP - Cutting Plant | GHE - Game-Handling Establishment,,
5627,Robertsons Charkuteri AB,Adolfsbergsvägen 14,Örebro,70228,"Örebro kommun,Örebro County,Region Svealand; wL Lagomorphs living freely in the wild; wU Wild ungulates",Sweden,EU-EFTA,WM,CP,N,,CP - Cutting Plant,,
6386,Roslagens Chark AB,Häcklinge Gård,Alunda,74793,"Östhammars kommun,Uppsala County,Region Svealand; wU Wild ungulates",Sweden,EU-EFTA,WM,CP,N,porcine,CP - Cutting Plant,,
188,Roslagens Slakt & Chark AB,Harbroholms gårdsväg 15,Skebobruk,76393,"Uppsala County,Region Svealand; wU Wild ungulates",Sweden,EU-EFTA,WM,CP GHE,N,porcine,CP - Cutting Plant | GHE - Game-Handling Establishment,,
364,Ryholms Förvaltnings AB,Ryholm,Moholm,54993,"Töreboda kommun,Västra Götaland County,Region Götaland; wA Wild game birds; wU Wild ungulates",Sweden,EU-EFTA,WM,CP GHE,N,porcine,CP - Cutting Plant | GHE - Game-Handling Establishment,,
745,Ryssbygymnasiet AB,Kungsvägen 36,Ryssbyholm,34176,"Ljungby kommun,Kronoberg County,Region Götaland; wU Wild ungulates; wL Lagomorphs living freely in the wild; wA Wild game birds",Sweden,EU-EFTA,WM,CP GHE,N,porcine,CP - Cutting Plant | GHE - Game-Handling Establishment,,
777,Samstorps Gård AB,Samstorpsvägen 16,Gräddö,76015,"Norrtälje kommun,Stockholm County,Region Svealand; wL Lagomorphs living freely in the wild; wU Wild ungulates; wA Wild game birds; wG Wild land mammals other than wild ungulates",Sweden,EU-EFTA,WM,CP GHE,N,porcine,CP - Cutting Plant | GHE - Game-Handling Establishment,,
586,Servicestyckarna i Johanneshov AB,Partihandlarvägen 50,Årsta,12044,"Härnösands kommun,Västernorrland County,Region Norrland; wU Wild ungulates",Sweden,EU-EFTA,WM,CP,N,,CP - Cutting Plant,,
330,Simon Althaus Bruder,Mobolets Gård,Hjo,54494,"Hjo kommun,Västra Götaland County,Region Götaland; wU Wild ungulates",Sweden,EU-EFTA,WM,CP GHE,N,porcine,CP - Cutting Plant | GHE - Game-Handling Establishment,,
150,Skånska Vilt AB,"Pl 1399 B, Sjunkaröd",Vinslöv,28890,"Hässleholms kommun,Skåne County,Region Götaland; wU Wild ungulates; wG Wild land mammals other than wild ungulates; wL Lagomorphs living freely in the wild; wA Wild game birds",Sweden,EU-EFTA,WM,CP GHE,N,porcine,CP - Cutting Plant | GHE - Game-Handling Establishment,,
6520,Slaktarn i Östersund AB,Stortorget 4,Östersund,83130,"Östersunds kommun,Jämtland County,Region Norrland; wU Wild ungulates; wA Wild game birds",Sweden,EU-EFTA,WM,CP,N,,CP - Cutting Plant,,
087,Slakteri och Charkuteri i Månkarbo AB,Månkarbovägen 16,Månkarbo,81569,"Tierps kommun,Uppsala County,Region Svealand; wG Wild land mammals other than wild ungulates; wU Wild ungulates",Sweden,EU-EFTA,WM,CP GHE,N,porcine,CP - Cutting Plant | GHE - Game-Handling Establishment,,
189,Slakteriet Sandås AB,Sandås 204,Sorsele,92494,"Sorsele kommun,Västerbotten County,Region Norrland; wU Wild ungulates",Sweden,EU-EFTA,WM,CP GHE,N,,CP - Cutting Plant | GHE - Game-Handling Establishment,,
326,Strömbecks Gårdsslakt och Chark AB,Illstorp 904,Brösarp,27357,"Tomelilla kommun,Skåne County,Region Götaland; wU Wild ungulates",Sweden,EU-EFTA,WM,CP GHE,N,porcine,CP - Cutting Plant | GHE - Game-Handling Establishment,,
714,"Strömdahl, Patrik / Strömdahla",Örsbäck 15,Nordmaling,91490,"Nordmalings kommun,Västerbotten County,Region Norrland; wU Wild ungulates",Sweden,EU-EFTA,WM,GHE CP,N,porcine,GHE - Game-Handling Establishment | CP - Cutting Plant,,
808,Svantes Vilt och Bär AB,Edeforsvägen 73,Harads,96024,"Bodens kommun,Norrbotten County,Region Norrland; wA Wild game birds; wG Wild land mammals other than wild ungulates; wU Wild ungulates",Sweden,EU-EFTA,WM,CP GHE,N,,CP - Cutting Plant | GHE - Game-Handling Establishment,,
173,Svenska Jägareförbundet,Öster-Malma 1,Nyköping,61191,"Södermanland County,Region Svealand; wA Wild game birds; wL Lagomorphs living freely in the wild; wU Wild ungulates; wG Wild land mammals other than wild ungulates",Sweden,EU-EFTA,WM,GHE CP,N,bovine porcine,GHE - Game-Handling Establishment | CP - Cutting Plant,,
6433,Swedish VIP Hunt AB,Gärdesgatan 12,Svalöv,26834,"Svalövs kommun,Skåne County,Region Götaland; wU Wild ungulates; wA Wild game birds",Sweden,EU-EFTA,WM,GHE CP,N,,GHE - Game-Handling Establishment | CP - Cutting Plant,,
863,Swedish Wild Meat AB,Nagasjötjälen 275,Hoting,83359,"Jämtland County,Region Norrland; wA Wild game birds; wG Wild land mammals other than wild ungulates; wL Lagomorphs living freely in the wild; wU Wild ungulates",Sweden,EU-EFTA,WM,CP GHE,N,,CP - Cutting Plant | GHE - Game-Handling Establishment,,
6166,Swodok AB,Båtsjaur 22,Arjeplog,93894,"Norrbotten County,Region Norrland; wU Wild ungulates",Sweden,EU-EFTA,WM,CP GHE,N,,CP - Cutting Plant | GHE - Game-Handling Establishment,,
579,Sápmi ren och vilt AB,Hantverkargatan 71,Jokkmokk,96232,"Jokkmokks kommun,Norrbotten County,Region Norrland; wU Wild ungulates; wG Wild land mammals other than wild ungulates",Sweden,EU-EFTA,WM,CP GHE,N,,CP - Cutting Plant | GHE - Game-Handling Establishment,,
6694,Sälshögs Charken AB,Sälshög 1205,Tomelilla,27393,"Tomelilla kommun,Skåne County,Region Götaland; wU Wild ungulates",Sweden,EU-EFTA,WM,CP,N,porcine,CP - Cutting Plant,,
6180,Sångbergs Färs & Bärs AB,Limmareds Säteri,Limmared,51450,"Tranemo kommun,Västra Götaland County,Region Götaland; wU Wild ungulates",Sweden,EU-EFTA,WM,CP,N,,CP - Cutting Plant,,
172,Söderåshjort AB,Stora Bjärnarps Gård,Kågeröd,26878,"Svalövs kommun,Skåne County,Region Götaland; wU Wild ungulates",Sweden,EU-EFTA,WM,GHE,N,porcine,GHE - Game-Handling Establishment,,
170,"Thomas Ekberg Jakt, Vilt, Skytte AB",Norrgården 66,Tjällmo,59190,"Motala kommun,Östergötland County,Region Götaland; wU Wild ungulates",Sweden,EU-EFTA,WM,CP GHE,N,porcine,CP - Cutting Plant | GHE - Game-Handling Establishment,,
371,Thomas Jönsson,Bysjövägen 47,Hedesunda,81895,"Gävle kommun,Gävleborg County,Region Norrland; wG Wild land mammals other than wild ungulates; wU Wild ungulates",Sweden,EU-EFTA,WM,GHE CP,N,porcine,GHE - Game-Handling Establishment | CP - Cutting Plant,,
311,Tomas Nilsson,Lövudden 135,Kälarne,84064,"Bräcke kommun,Jämtland County,Region Norrland; wU Wild ungulates; wG Wild land mammals other than wild ungulates",Sweden,EU-EFTA,WM,GHE,N,,GHE - Game-Handling Establishment,,
064,Tomas Toll,Fållökna gård,Flen,64291,"Flens kommun,Södermanland County,Region Svealand; wA Wild game birds; wG Wild land mammals other than wild ungulates; wL Lagomorphs living freely in the wild; wU Wild ungulates",Sweden,EU-EFTA,WM,GHE CP,N,bovine porcine,GHE - Game-Handling Establishment | CP - Cutting Plant,,
5583,Tornedalens Renprodukter AB,Soukolojärvi 58,Övertorneå,95792,"Övertorneå kommun,Norrbotten County,Region Norrland; wU Wild ungulates",Sweden,EU-EFTA,WM,CP,N,,CP - Cutting Plant,,
363,Totebo Gård HB,Industrivägen 2,Totebo,59372,"Västerviks kommun,Kalmar County,Region Götaland; wU Wild ungulates",Sweden,EU-EFTA,WM,CP,N,porcine,CP - Cutting Plant,,
702,Travarbo HB,Travarbo,Arboga,73296,"Arboga kommun,Västmanland County,Region Svealand; wG Wild land mammals other than wild ungulates; wU Wild ungulates",Sweden,EU-EFTA,WM,CP GHE,N,porcine,CP - Cutting Plant | GHE - Game-Handling Establishment,,
159,Trolle-Ljungby AB,Trolle Ljungbyvägen 293,Fjälkinge,29169,"Kristianstads kommun,Skåne County,Region Götaland; wA Wild game birds; wL Lagomorphs living freely in the wild; wU Wild ungulates",Sweden,EU-EFTA,WM,CP GHE,N,porcine,CP - Cutting Plant | GHE - Game-Handling Establishment,,
095,Tvärskogs Vilt AB,Igersdela 103,Ljungbyhollm,38893,"Kalmar County,Region Götaland; wA Wild game birds; wL Lagomorphs living freely in the wild; wU Wild ungulates",Sweden,EU-EFTA,WM,CP GHE,N,porcine,CP - Cutting Plant | GHE - Game-Handling Establishment,,
44,Tvärskogs Vilt AB,Mörebergsvägen 11,Malmbäck,57168,"Nässjö kommun,Jönköping County,Region Götaland; wA Wild game birds; wU Wild ungulates",Sweden,EU-EFTA,WM,GHE,N,porcine,GHE - Game-Handling Establishment,,
353,Ulf Kvarnström,Hästebråten Gård,Mullsjö,56591,"Mullsjö kommun,Jönköping County,Region Götaland; wU Wild ungulates",Sweden,EU-EFTA,WM,CP GHE,N,porcine,CP - Cutting Plant | GHE - Game-Handling Establishment,,
707,Ulf Åkerlund,Gryttje 649,Gnarp,82077,"Nordanstigs kommun,Gävleborg County,Region Norrland; wU Wild ungulates; wG Wild land mammals other than wild ungulates",Sweden,EU-EFTA,WM,CP GHE,N,porcine,CP - Cutting Plant | GHE - Game-Handling Establishment,,
6315,Undersåkers Charkuteriefabrik AB,Byvägen 111,Undersåker,83796,"Åre kommun,Jämtland County,Region Norrland; wU Wild ungulates",Sweden,EU-EFTA,WM,CP,N,,CP - Cutting Plant,,
61,Uppegårdens Vilt AB,Lerum Uppegården 2,Trollhättan,46192,"Trollhättans kommun,Västra Götaland County,Region Götaland; wU Wild ungulates",Sweden,EU-EFTA,WM,GHE CP,N,porcine,GHE - Game-Handling Establishment | CP - Cutting Plant,,
761,VJ Vilt Nissaryd AB,Nissaryd 403,Hyltebruk,31493,"Hylte kommun,Halland County,Region Götaland; wU Wild ungulates; wA Wild game birds",Sweden,EU-EFTA,WM,CP GHE,N,porcine,CP - Cutting Plant | GHE - Game-Handling Establishment,,
198,Varekils Slakteri AB,Lundby 126,Varekil,47296,"Orust kommun,Västra Götaland County,Region Götaland; wU Wild ungulates",Sweden,EU-EFTA,WM,CP GHE,N,porcine,CP - Cutting Plant | GHE - Game-Handling Establishment,,
5462,Vikaryds Egendoms AB,Vikarydsvägen 5,Alingsås,44191,"Alingsås kommun,Västra Götaland County,Region Götaland; wU Wild ungulates",Sweden,EU-EFTA,WM,GHE,N,porcine,GHE - Game-Handling Establishment,,
030,Vilt & Event Sweden AB,Minnesstensvägen 99,Höganäs,26391,"Höganäs kommun,Skåne County,Region Götaland; wU Wild ungulates",Sweden,EU-EFTA,WM,CP GHE,N,porcine,CP - Cutting Plant | GHE - Game-Handling Establishment,,
190,Vilt i Lyckan AB,Lyckan 101,Lycksele,92191,"Lycksele kommun,Västerbotten County,Region Norrland; wU Wild ungulates",Sweden,EU-EFTA,WM,CP GHE,N,porcine,CP - Cutting Plant | GHE - Game-Handling Establishment,,
770,Virå Bruk AB,Virå Bruk,Stavsjö,61895,"Nyköpings kommun,Södermanland County,Region Svealand; wA Wild game birds; wL Lagomorphs living freely in the wild; wU Wild ungulates",Sweden,EU-EFTA,WM,CP GHE,N,porcine,CP - Cutting Plant | GHE - Game-Handling Establishment,,
763,Vivianne Albjär,Ahla 133,Laholm,31293,"Laholms kommun,Halland County,Region Götaland; wA Wild game birds; wG Wild land mammals other than wild ungulates; wU Wild ungulates; wL Lagomorphs living freely in the wild",Sweden,EU-EFTA,WM,CP GHE,N,,CP - Cutting Plant | GHE - Game-Handling Establishment,,
305,Vrena Vilt AB,Lilla Stentorp,Vrena,61198,"Södermanland County,Region Svealand; wA Wild game birds; wU Wild ungulates",Sweden,EU-EFTA,WM,GHE CP,N,,GHE - Game-Handling Establishment | CP - Cutting Plant,,
63,Vrena Vilt AB,"Vånga Gård,",Strängnäs,64594,"Strängnäs kommun,Södermanland County,Region Svealand; wA Wild game birds; wU Wild ungulates",Sweden,EU-EFTA,WM,CP,N,porcine,CP - Cutting Plant,,
753,Värmdö Gårdsslakteri AB,Malmavägen 1,Värmdö,13960,"Stockholm County,Region Svealand; wU Wild ungulates",Sweden,EU-EFTA,WM,GHE,N,porcine,GHE - Game-Handling Establishment,,
733,Västra Götalands läns landsting,Spinnaregatan 7,Svenljunga,51253,"Svenljunga kommun,Västra Götaland County,Region Götaland; wU Wild ungulates; wL Lagomorphs living freely in the wild",Sweden,EU-EFTA,WM,CP GHE,N,porcine,CP - Cutting Plant | GHE - Game-Handling Establishment,,
737,W-Å Lantbruks AB,Wästanå 12,Borgensberg,59175,"Motala kommun,Östergötland County,Region Götaland; wU Wild ungulates",Sweden,EU-EFTA,WM,CP GHE,N,porcine,CP - Cutting Plant | GHE - Game-Handling Establishment,,
854,W. Eliassons Partiaffär AB,Laestadiusvägen 70,Karesuando,98016,"Kiruna kommun,Norrbotten County,Region Norrland; wU Wild ungulates",Sweden,EU-EFTA,WM,CP GHE,N,,CP - Cutting Plant | GHE - Game-Handling Establishment,,
799,Werna Visthus AB,Värna Forssäter,Brokind,59045,"Östergötland County,Region Götaland; wA Wild game birds; wU Wild ungulates",Sweden,EU-EFTA,WM,GHE CP,N,porcine,GHE - Game-Handling Establishment | CP - Cutting Plant,,
310,trofè jakt nordic AB,Båltsnäs gård,Katrineholm,64192,"Katrineholms kommun,Södermanland County,Region Svealand; wU Wild ungulates",Sweden,EU-EFTA,WM,CP GHE,N,bovine porcine,CP - Cutting Plant | GHE - Game-Handling Establishment,,
689,Åke P Fågel & Vilt AB,Betselgatan 8,Malmö,21377,"Skåne County,Region Götaland; wU Wild ungulates; wG Wild land mammals other than wild ungulates; wL Lagomorphs living freely in the wild",Sweden,EU-EFTA,WM,CP GHE,N,porcine,CP - Cutting Plant | GHE - Game-Handling Establishment,,
370,Åke P Fågel & Vilt i Jämtland AB,Böle 180,Hammerdal,83348,"Strömsunds kommun,Jämtland County,Region Norrland; wL Lagomorphs living freely in the wild; wU Wild ungulates; wG Wild land mammals other than wild ungulates",Sweden,EU-EFTA,WM,GHE CP,N,porcine,GHE - Game-Handling Establishment | CP - Cutting Plant,,
034,Åkes Slakt & Styckning AB,Kalle Jakobs väg 4,Söderbärke,77793,"Smedjebackens kommun,Dalecarlia,Region Svealand; wU Wild ungulates",Sweden,EU-EFTA,WM,GHE CP,N,porcine,GHE - Game-Handling Establishment | CP - Cutting Plant,,
6204,100 % Kalf & Hansen Aktiebolag,Bolindersplan 3,Stockholm,11224,"Stockholms kommun,Stockholm County,Region Svealand",Sweden,EU-EFTA,FFP,PP,,,PP - Processing Plant,,
6530,13:e Protein Import AB,Speditionsvägen 45,Skogås,14250,"Huddinge kommun,Stockholm County,Region Svealand",Sweden,EU-EFTA,FFP,PP,,,PP - Processing Plant,,
2058,AB C Food,Slipstensvägen 20,Skogås,14250,"Huddinge kommun,Stockholm County,Region Svealand",Sweden,EU-EFTA,FFP,PP FFPP,,,PP - Processing Plant | FFPP - Fresh Fishery Products Plant,,
2047,AB Gösta Hannells Fisksalteri,Skagshamn 139,Arnäsvall,89196,"Örnsköldsviks kommun,Västernorrland County,Region Norrland",Sweden,EU-EFTA,FFP,PP,,,PP - Processing Plant,,
998,AB HH Fiskdelikatesser,"Övermo, Millavägen 14",Leksand,79335,"Dalecarlia,Region Svealand",Sweden,EU-EFTA,FFP,FFPP PP,,,FFPP - Fresh Fishery Products Plant | PP - Processing Plant,,
6811,AB Nordkosters Fisk,Kalkemyrsvägen 3,Nordkoster,45204,"Västra Götaland County,Region Götaland",Sweden,EU-EFTA,FFP,FV,,,FV - Factory Vessel,,
2030,AB Packman i Åtorp,"c/o Fryshuset Allson, i Åtorp",Åtorp,69394,"Degerfors kommun,Örebro County,Region Svealand",Sweden,EU-EFTA,FFP,PP FFPP,,,PP - Processing Plant | FFPP - Fresh Fishery Products Plant,,
914,AB Roslagsfisk,Ekbacksvägen 36,Grisslehamn,76456,"Norrtälje kommun,Stockholm County,Region Svealand",Sweden,EU-EFTA,FFP,PP FFPP,,,PP - Processing Plant | FFPP - Fresh Fishery Products Plant,,
965,AB Superb Produkt,Musseronvägen 3,Huddinge,14160,"Stockholm County,Region Svealand",Sweden,EU-EFTA,FFP,PP,,,PP - Processing Plant,,
6269,Aktiebolaget VG 29 Christina,Vallvägen 4,Träslövsläge,43275,"Varbergs kommun,Halland County,Region Götaland",Sweden,EU-EFTA,FFP,FV,,,FV - Factory Vessel,,
2310,Alexander Lindgren,Stenbäcksvägen 12,Påläng,95204,"Sundsvall Municipality,Västernorrland County,Region Norrland",Sweden,EU-EFTA,FFP,FFPP PP,,,FFPP - Fresh Fishery Products Plant | PP - Processing Plant,,
6064,Alexi Timor AB,Klåva Hamn,Hönö,47540,"Öckerö kommun,Västra Götaland County,Region Götaland",Sweden,EU-EFTA,FFP,FV,,,FV - Factory Vessel,,
2318,Allan Luthström,Strandstråket 17,Nikkala,95395,"Haparanda kommun,Norrbotten County,Region Norrland",Sweden,EU-EFTA,FFP,FFPP PP,,,FFPP - Fresh Fishery Products Plant | PP - Processing Plant,,
6148,Anders Fiske AB,Norra Järvebodarna 42B,Jävrebyn,94494,"Norrbotten County,Region Norrland",Sweden,EU-EFTA,FFP,PP FFPP,,,PP - Processing Plant | FFPP - Fresh Fishery Products Plant,,
6235,Anders Jonsson,Spikens Fiskehamn,Lidköping,53199,"Lidköpings kommun,Västra Götaland County,Region Götaland",Sweden,EU-EFTA,FFP,PP FFPP,,,PP - Processing Plant | FFPP - Fresh Fishery Products Plant,,
385,Anders Skum Fjällvilt AB,Liftvägen 1,24291,24293,"Hörby kommun,Skåne County,Region Götaland",Sweden,EU-EFTA,FFP,PP FFPP,,,PP - Processing Plant | FFPP - Fresh Fishery Products Plant,,
6192,AquaFood AB,Hallgrens väg 1A,Ellös,47431,"Orust kommun,Västra Götaland County,Region Götaland",Sweden,EU-EFTA,FFP,FFPP,,,FFPP - Fresh Fishery Products Plant,,
6128,AquaFood AB,Kemigården 4 vån 7 rum 7023B,Gothenburg,41258,"Göteborgs Stad,Västra Götaland County,Region Götaland",Sweden,EU-EFTA,FFP,PP,,,PP - Processing Plant,,
6594,Arctic Roe of Scandinavia AB,Lagastigsgatan 6,Strömnäsbruk,28732,"Kronoberg County,Region Götaland",Sweden,EU-EFTA,FFP,PP,,,PP - Processing Plant,,
6162,Arkö Fiske AB,Bäckeviksvägen 17,Rönnäng,47142,"Tjörns kommun,Västra Götaland County,Region Götaland",Sweden,EU-EFTA,FFP,FV,,,FV - Factory Vessel,,
6045,Arne Luthström,Hamnvägen 235,Nikkala,95395,"Haparanda kommun,Norrbotten County,Region Norrland",Sweden,EU-EFTA,FFP,PP FFPP,,,PP - Processing Plant | FFPP - Fresh Fishery Products Plant,,
2108,Arnemarks Köttservice AB,Verkstadsgatan 11,Piteå,94139,"Piteå kommun,Norrbotten County,Region Norrland",Sweden,EU-EFTA,FFP,FFPP PP,,,FFPP - Fresh Fishery Products Plant | PP - Processing Plant,,
2050,Asperö Fisk AB,"Fiskhamnen, F-hallen",Gothenburg,41458,"Göteborgs Stad,Västra Götaland County,Region Götaland",Sweden,EU-EFTA,FFP,PP FFPP,,,PP - Processing Plant | FFPP - Fresh Fishery Products Plant,,
6663,Astaros AB,Metallgatan 17B,Ängelholm,26272,"Ängelholms kommun,Skåne County,Region Götaland",Sweden,EU-EFTA,FFP,PP,,,PP - Processing Plant,,
6232,Axel Rikard Widlund,Södra Vinön 122,Odensbacken,71593,"Örebro kommun,Örebro County,Region Svealand",Sweden,EU-EFTA,FFP,PP FFPP,,,PP - Processing Plant | FFPP - Fresh Fishery Products Plant,,
973,BD-Fisk AB,Besiktningsvägen 10,Luleå,97345,Region Norrland,Sweden,EU-EFTA,FFP,PP FFPP,,,PP - Processing Plant | FFPP - Fresh Fishery Products Plant,,
990,BD-Fisk AB,Lovisavägen 7,Kalix-Nyborg,95250,"Norrbotten County,Region Norrland",Sweden,EU-EFTA,FFP,PP,,,PP - Processing Plant,,
2154,Badängens Rök & Fiskeri AB,Allmänna vägen 26,Otterbäcken,54772,"Gullspångs kommun,Västra Götaland County,Region Götaland",Sweden,EU-EFTA,FFP,FFPP PP,,,FFPP - Fresh Fishery Products Plant | PP - Processing Plant,,
6140,Bengt Lennart Ekholm,Storön 626,Kalix,95291,"Norrbotten County,Region Norrland",Sweden,EU-EFTA,FFP,PP,,,PP - Processing Plant,,
6566,Benny Lind,Björkforsvägen 21B,Sangis,95272,"Kalix kommun,Norrbotten County,Region Norrland",Sweden,EU-EFTA,FFP,PP,,,PP - Processing Plant,,
5439,Bento Food Sverige AB,Svarvarvägen 28,Skogås,14250,"Huddinge kommun,Stockholm County,Region Svealand",Sweden,EU-EFTA,FFP,PP,,,PP - Processing Plant,,
6667,Bergmans Fisk & Rökeri i Saltharsfjärden AB,Havsvägen 38,Norrsundet,81730,"Gävleborg County,Region Norrland",Sweden,EU-EFTA,FFP,PP FFPP,,,PP - Processing Plant | FFPP - Fresh Fishery Products Plant,,
999,Bexanders Rökeri AB,Fiskhallsvägen 6,Årsta,12044,"Stockholms kommun,Stockholm County,Region Svealand",Sweden,EU-EFTA,FFP,FFPP,,,FFPP - Fresh Fishery Products Plant,,
2074,Bexanders Rökeri AB,Murarvägen 8,Saltsjö-Boo,13238,"Nacka kommun,Stockholm County,Region Svealand",Sweden,EU-EFTA,FFP,PP,,,PP - Processing Plant,,
980,Björk & Magnussons i Helsingborg AB,Torbornavägen 32,Helsingborg,25368,"Skåne County,Region Götaland",Sweden,EU-EFTA,FFP,PP FFPP,,,PP - Processing Plant | FFPP - Fresh Fishery Products Plant,,
6461,Björks Ringsjön AB,Råröd Sjögården 133,Höör,24395,"Höörs kommun,Skåne County,Region Götaland",Sweden,EU-EFTA,FFP,PP FFPP,,,PP - Processing Plant | FFPP - Fresh Fishery Products Plant,,
6375,Björkängs Fisk AB,Ledsgård 3,Tvååker,43276,"Varbergs kommun,Halland County,Region Götaland",Sweden,EU-EFTA,FFP,FFPP,,,FFPP - Fresh Fishery Products Plant,,
6156,Black Kitchen AB,Skyttbrinksvägen 40,Tumba,14739,"Botkyrka kommun,Stockholm County,Region Svealand",Sweden,EU-EFTA,FFP,PP,,,PP - Processing Plant,,
2075,Blomlöfs Rökeri AB,"Rökerivägen 3, Brömsebro",Fågelmara,37045,"Blekinge County,Region Götaland",Sweden,EU-EFTA,FFP,PP,,,PP - Processing Plant,,
2317,Blomqvist & Son AB,Lövskärsvägen 790,Luleå,97455,"Luleå kommun,Norrbotten County,Region Norrland",Sweden,EU-EFTA,FFP,PP,,,PP - Processing Plant,,
6467,Bo Olsson,Sunnanå Hamn,Mellerud,46494,"Melleruds kommun,Västra Götaland County,Region Götaland",Sweden,EU-EFTA,FFP,PP FFPP,,,PP - Processing Plant | FFPP - Fresh Fishery Products Plant,,
2156,Bolmen Fisk AB,Gåsagård 2,Hamneda,34175,"Ljungby kommun,Kronoberg County,Region Götaland",Sweden,EU-EFTA,FFP,PP,,,PP - Processing Plant,,
6227,Boris Åström,Åskär,Torsö,54291,"Västra Götaland County,Region Götaland",Sweden,EU-EFTA,FFP,PP FFPP,,,PP - Processing Plant | FFPP - Fresh Fishery Products Plant,,
5520,Bosphorus AB,Tuna gårdsväg 34,Tumba,14743,"Botkyrka kommun,Stockholm County,Region Svealand",Sweden,EU-EFTA,FFP,FFPP,,,FFPP - Fresh Fishery Products Plant,,
6229,Brommösunds Fisk AB,Laxhall 5,Norrköping,60594,"Norrköpings kommun,Östergötland County,Region Götaland",Sweden,EU-EFTA,FFP,FFPP PP,,,FFPP - Fresh Fishery Products Plant | PP - Processing Plant,,
2004,Brorssons Fiskförsäljning AB,Västra Mjällbyvägen 33,Sölvesborg,29471,"Sölvesborgs kommun,Blekinge County,Region Götaland",Sweden,EU-EFTA,FFP,WM,,,WM - Wholesale Market,,
981,Bruksvallarnas Rökeri Produktion AB,Kyrkogårdsvägen 8,Bruksvallarna,84697,"Härjedalens kommun,Jämtland County,Region Norrland",Sweden,EU-EFTA,FFP,PP,,,PP - Processing Plant,,
1502,Brygguddens musslor ostron och alger AB,Mjölkeröd 91,Tanumshede,45791,"Tanums kommun,Västra Götaland County,Region Götaland",Sweden,EU-EFTA,FFP,PP,,,PP - Processing Plant,,
6051,Brändö Fisk AB,Brändönäset 16,Luleå,97597,Region Norrland,Sweden,EU-EFTA,FFP,PP FFPP,,,PP - Processing Plant | FFPP - Fresh Fishery Products Plant,,
6838,Bråvikens Fiskrökeri,Lindövägen 72,Norrköping,60228,"Norrköpings kommun,Östergötland County,Region Götaland",Sweden,EU-EFTA,FFP,PP,,,PP - Processing Plant,,
970,Bröderna Hanssons i Göteborg Export AB,Fiskhamnen,Göteborg,41458,"Västra Götaland County,Region Götaland",Sweden,EU-EFTA,FFP,FFPP,,,FFPP - Fresh Fishery Products Plant,,
2036,Bröderna Samuelsson Fiskexport AB,Fiskhamnsgatan 33,Smögen,45651,"Sotenäs kommun,Västra Götaland County,Region Götaland",Sweden,EU-EFTA,FFP,PP FFPP,,,PP - Processing Plant | FFPP - Fresh Fishery Products Plant,,
2313,Bröderna Stålarm AB,Hindersön 15,Luleå,97499,Region Norrland,Sweden,EU-EFTA,FFP,PP,,,PP - Processing Plant,,
2315,Bröderna Ökvist Handelsbolag,Junkön,Luleå,97592,"Luleå kommun,Norrbotten County,Region Norrland",Sweden,EU-EFTA,FFP,FFPP PP,,,FFPP - Fresh Fishery Products Plant | PP - Processing Plant,,
2332,Bua Shellfish AB,Hamnvägen 4,Bua,43264,"Varbergs kommun,Halland County,Region Götaland",Sweden,EU-EFTA,FFP,PP,,,PP - Processing Plant,,
2194,Buhres Fisk i Kivik AB,Brogatan 7 Hamnplan,Kivik,27730,"Simrishamns kommun,Skåne County,Region Götaland",Sweden,EU-EFTA,FFP,PP FFPP,,,PP - Processing Plant | FFPP - Fresh Fishery Products Plant,,
2032,Börtnans Fjällvattenfisk AB,Börtnan 822,Åsarna,84552,"Bergs kommun,Jämtland County,Region Norrland",Sweden,EU-EFTA,FFP,PP FFPP,,,PP - Processing Plant | FFPP - Fresh Fishery Products Plant,,
6123,CONSOMMÉ AB,Ögärdesvägen 6A,Partille,43330,"Partille kommun,Västra Götaland County,Region Götaland",Sweden,EU-EFTA,FFP,PP,,,PP - Processing Plant,,
6050,Cape North Konsult AB,Drachmannsgatan 2,Bromma,16849,"Stockholms kommun,Stockholm County,Region Svealand",Sweden,EU-EFTA,FFP,PP,,,PP - Processing Plant,,
6160,Ceylon Fiskeri AB,Brattevägen 48A,Öckerö,47531,"Öckerö kommun,Västra Götaland County,Region Götaland",Sweden,EU-EFTA,FFP,FV,,,FV - Factory Vessel,,
6875,Cookin Food Sweden AB,Zinkvägen 2,Rosersberg,19572,"Sigtuna kommun,Stockholm County,Region Svealand",Sweden,EU-EFTA,FFP,PP,,,PP - Processing Plant,,
2314,Dag Hjelte AB,Bälinge Byaväg 28,Luleå,97594,"Luleå kommun,Norrbotten County,Region Norrland",Sweden,EU-EFTA,FFP,PP,,,PP - Processing Plant,,
6067,Dagny Fiske AB,Röd 6,Sydkoster,45205,"Västra Götaland County,Region Götaland",Sweden,EU-EFTA,FFP,FV,,,FV - Factory Vessel,,
060,David Karlgrens Slakteri AB,Odlingsvägen 1,Gällivare,98239,"Gällivare kommun,Norrbotten County,Region Norrland",Sweden,EU-EFTA,FFP,PP,,,PP - Processing Plant,,
6047,Dharma Fisk AB,Fiskhamnsgatan 31,Gothenburg,41451,"Göteborgs Stad,Västra Götaland County,Region Götaland",Sweden,EU-EFTA,FFP,PP FFPP,,,PP - Processing Plant | FFPP - Fresh Fishery Products Plant,,
6041,Domstein Sverige AB,Uppköparvägen 4,Årsta,12044,"Stockholms kommun,Stockholm County,Region Svealand",Sweden,EU-EFTA,FFP,WM,,,WM - Wholesale Market,,
2123,EKO Fågel fisk och mittemellan AB,Partihandlarvägen 50.,Årsta,12044,"Stockholms kommun,Stockholm County,Region Svealand",Sweden,EU-EFTA,FFP,PP FFPP,,,PP - Processing Plant | FFPP - Fresh Fishery Products Plant,,
6327,Easy Asia Trading Aktiebolag,Arlövsvägen 18,Arlöv,23235,"Burlövs kommun,Skåne County,Region Götaland",Sweden,EU-EFTA,FFP,FFPP,,,FFPP - Fresh Fishery Products Plant,,
6010,Ecopelag AB,Båtvägen 6,Västervik,59350,"Västerviks kommun,Kalmar County,Region Götaland",Sweden,EU-EFTA,FFP,PP,,,PP - Processing Plant,,
6242,Eight Market AB,Storgatan 10,Bredaryd,33371,"Värnamo kommun,Jönköping County,Region Götaland",Sweden,EU-EFTA,FFP,FFPP,,,FFPP - Fresh Fishery Products Plant,,
6533,Ekenäs Fisk HB,Kalkemyrsvägen 4,Nordkoster,45204,"Västra Götaland County,Region Götaland",Sweden,EU-EFTA,FFP,FV,,,FV - Factory Vessel,,
6273,Evas Kroppkakor & Deli på Öland AB,Hagslättsvägen 14,Köpingsvik,38796,"Borgholms kommun,Kalmar County,Region Götaland",Sweden,EU-EFTA,FFP,PP,,,PP - Processing Plant,,
2008,FDC Grossist AB,Tärnögatan 3,Malmö,21124,"Skåne County,Region Götaland",Sweden,EU-EFTA,FFP,FFPP,,,FFPP - Fresh Fishery Products Plant,,
6179,Feldts Fisk & Skaldjur AB,Fiskhamnen 19,Gothenburg,41458,"Göteborgs Stad,Västra Götaland County,Region Götaland",Sweden,EU-EFTA,FFP,FFPP,,,FFPP - Fresh Fishery Products Plant,,
959,Finap AB,Varvsallén 19,Härnösand,87145,"Västernorrland County,Region Norrland",Sweden,EU-EFTA,FFP,PP FFPP,,,PP - Processing Plant | FFPP - Fresh Fishery Products Plant,,
2233,Finnö Fisk & Gårdsbryggeri AB,Hosum Nya Skattegården,Valdermarsvik,61591,"Valdemarsviks kommun,Östergötland County,Region Götaland",Sweden,EU-EFTA,FFP,PP FFPP,,,PP - Processing Plant | FFPP - Fresh Fishery Products Plant,,
6109,Fish Yard & Filé Service AB,Fiskhamnsgatan 31,Gothenburg,41458,"Göteborgs Stad,Västra Götaland County,Region Götaland",Sweden,EU-EFTA,FFP,WM FFPP,,,WM - Wholesale Market | FFPP - Fresh Fishery Products Plant,,
6742,Fisk & Skaldjursspecialisten No.1 AB,Flygfältsgatan 29,Torslanda,42337,"Göteborgs Stad,Västra Götaland County,Region Götaland",Sweden,EU-EFTA,FFP,FFPP PP,,,FFPP - Fresh Fishery Products Plant | PP - Processing Plant,,
2024,Fiskebäcks Seafood AB,Fiskhamnen,Gothenburg,41458,"Göteborgs Stad,Västra Götaland County,Region Götaland",Sweden,EU-EFTA,FFP,PP FFPP,,,PP - Processing Plant | FFPP - Fresh Fishery Products Plant,,
6098,"Fiskebåt LL 9, Lysekil AB","c/o Niclas Hallberg, Nygatan 30",Lysekil,45334,"Lysekils kommun,Västra Götaland County,Region Götaland",Sweden,EU-EFTA,FFP,FV,,,FV - Factory Vessel,,
6846,Fiskerederi Andersson AB,Glommebergsvägen 28,Smögen,45651,"Sotenäs kommun,Västra Götaland County,Region Götaland",Sweden,EU-EFTA,FFP,FV,,,FV - Factory Vessel,,
6117,Fiskerederi Fylgia AB,Serpentinvägen 12,Kungshamn,45632,"Sotenäs kommun,Västra Götaland County,Region Götaland",Sweden,EU-EFTA,FFP,FV,,,FV - Factory Vessel,,
2124,Fiskexporten Varberg AB,Härdgatan 27,Varberg,43232,"Varbergs kommun,Halland County,Region Götaland",Sweden,EU-EFTA,FFP,PP FFPP,,,PP - Processing Plant | FFPP - Fresh Fishery Products Plant,,
2045,Fiskförädling i Norum AB,Södra Norum 345,Bygdeå,91597,"Robertsfors kommun,Västerbotten County,Region Norrland",Sweden,EU-EFTA,FFP,PP FFPP,,,PP - Processing Plant | FFPP - Fresh Fishery Products Plant,,
6597,Fiskhallen Sorunda AB,Elektravägen 15,Hägersten,12630,"Stockholm County,Region Svealand",Sweden,EU-EFTA,FFP,PP FFPP,,,PP - Processing Plant | FFPP - Fresh Fishery Products Plant,,
6231,Fiskhuset Hillberg AB,Fiskhamnsgatan 33,Gothenburg,41458,"Göteborgs Stad,Västra Götaland County,Region Götaland",Sweden,EU-EFTA,FFP,PP FFPP,,,PP - Processing Plant | FFPP - Fresh Fishery Products Plant,,
932,Fiskkompaniet Göteborg AB,Fiskhamnen,Gothenburg,41458,"Göteborgs Stad,Västra Götaland County,Region Götaland",Sweden,EU-EFTA,FFP,WM,,,WM - Wholesale Market,,
2229,Fiskrökeriet på Ättekulla AB,Torbornavägen 34,Helsingborg,25368,"Skåne County,Region Götaland",Sweden,EU-EFTA,FFP,PP,,,PP - Processing Plant,,
6130,Fjällbacka Fiskgrossist AB,Fiskhamnsgatan 31,Smögen,45651,"Sotenäs kommun,Västra Götaland County,Region Götaland",Sweden,EU-EFTA,FFP,FFPP,,,FFPP - Fresh Fishery Products Plant,,
2027,Fogdö Lax AB,Finnarörsvägen 81,Grisslehamn,76457,"Norrtälje kommun,Stockholm County,Region Svealand",Sweden,EU-EFTA,FFP,PP FFPP,,,PP - Processing Plant | FFPP - Fresh Fishery Products Plant,,
6640,Fredrik Hedlund Restaurangkonsult AB,Gudmundsätra 11,Sälen,78067,"Vansbro kommun,Dalecarlia,Region Svealand",Sweden,EU-EFTA,FFP,PP,,,PP - Processing Plant,,
6551,Fresenius Kabi AB,Rapsgatan 7,Uppsala,75450,"Uppsala County,Region Svealand",Sweden,EU-EFTA,FFP,PP,,,PP - Processing Plant,,
6732,GG 208 Ganthi,Fiskebäckshamn 34,Västra Frölunda,42658,"Västra Götaland County,Region Götaland",Sweden,EU-EFTA,FFP,FV,,,FV - Factory Vessel,,
6034,GG 350 LIZ AB,Hamnvägen 12,Kungshamn,45631,"Sotenäs kommun,Västra Götaland County,Region Götaland",Sweden,EU-EFTA,FFP,FV,,,FV - Factory Vessel,,
6261,GG 537 Glittskär AB,Vrångö Hamnväg 17,Vrångö,43083,"Västra Götaland County,Region Götaland",Sweden,EU-EFTA,FFP,FV,,,FV - Factory Vessel,,
5633,GK Production AB,Björklundsgatan 4 F,Södertälje,15241,"Stockholm County,Region Svealand",Sweden,EU-EFTA,FFP,PP,,,PP - Processing Plant,,
6249,Gamvik Seafood Sweden AB,Fiskhamnen,Gothenburg,41451,"Göteborgs Stad,Västra Götaland County,Region Götaland",Sweden,EU-EFTA,FFP,WM,,,WM - Wholesale Market,,
509,Gate Gourmet Sweden AB,"Driftvägen, Arlanda Flygplats",Stockholm-Arlanda,19060,"Stockholm County,Region Svealand",Sweden,EU-EFTA,FFP,PP,,,PP - Processing Plant,,
988,Gotlandia AB,Dalhem Gandarve 167,Dalhem,62256,"Gotland,Gotland County,Region Götaland",Sweden,EU-EFTA,FFP,PP,,,PP - Processing Plant,,
600,Gourmet Food Fredrik Svanberg AB,Lagervägen 15,Jordbro,13650,"Haninge kommun,Stockholm County,Region Svealand",Sweden,EU-EFTA,FFP,FFPP,,,FFPP - Fresh Fishery Products Plant,,
943,Grebbestadsfisk ek. för.,Ångbåtskajen 1,Grebbestad,45772,"Tanums kommun,Västra Götaland County,Region Götaland",Sweden,EU-EFTA,FFP,PP,,,PP - Processing Plant,,
2239,Grimsis AB,Rinnavägen 10 G,Bollebygd,51733,"Bollebygds kommun,Västra Götaland County,Region Götaland",Sweden,EU-EFTA,FFP,PP,,,PP - Processing Plant,,
6122,Gronko AB,Mejerigatan 2,Karlstad,65343,"Karlstads kommun,Värmland County,Region Svealand",Sweden,EU-EFTA,FFP,PP,,,PP - Processing Plant,,
6163,Gröna Räkan AB,Skogetorp 4,Tanumshede,45793,"Tanums kommun,Västra Götaland County,Region Götaland",Sweden,EU-EFTA,FFP,FV,,,FV - Factory Vessel,,
6313,Gröna Räkan AB,Skogetorp 4,Tanumshede,45793,"Tanums kommun,Västra Götaland County,Region Götaland",Sweden,EU-EFTA,FFP,FV,,,FV - Factory Vessel,,
6311,Guldhaven Pelagiska AB,Energivägen 3,Kalix,95221,"Norrbotten County,Region Norrland",Sweden,EU-EFTA,FFP,PP FFPP,,,PP - Processing Plant | FFPP - Fresh Fishery Products Plant,,
2223,Guldhaven Pelagiska AB,Stenbäckvägen 49,Påläng,95204,"Kalix kommun,Norrbotten County,Region Norrland",Sweden,EU-EFTA,FFP,FFPP,,,FFPP - Fresh Fishery Products Plant,,
237,Gunnar Dafgård AB,Källby,Källby,53182,"Götene kommun,Västra Götaland County,Region Götaland",Sweden,EU-EFTA,FFP,PP,,,PP - Processing Plant,,
2257,Gunnar Nilsson,Sören 646,Töre,95244,"Norrbotten County,Region Norrland",Sweden,EU-EFTA,FFP,PP,,,PP - Processing Plant,,
6672,Gunnar Sandquist,Båtvägen 14,Stallarholmen,64597,"Södermanland County,Region Svealand",Sweden,EU-EFTA,FFP,PP FFPP,,,PP - Processing Plant | FFPP - Fresh Fishery Products Plant,,
6154,Gustav Grundén AB,Önnereds Bryggväg 81 B,Västra Frölunda,42157,"Västra Götaland County,Region Götaland",Sweden,EU-EFTA,FFP,FV,,,FV - Factory Vessel,,
2139,Gustavalax AB,Gustavsfors Heden,Hagfors,68391,"Hagfors kommun,Värmland County,Region Svealand",Sweden,EU-EFTA,FFP,PP FFPP,,,PP - Processing Plant | FFPP - Fresh Fishery Products Plant,,
6424,Gustavssons Fisk och Kräftor i Hjo AB,Klämmesbo 2,Tidaholm,52294,"Tidaholms kommun,Västra Götaland County,Region Götaland",Sweden,EU-EFTA,FFP,PP,,,PP - Processing Plant,,
6256,Gustavssons Fisk och Kräftor i Hjo AB,Hamnen i Hjo / Klämmesbo Tidaholm,Tidaholm,52294,"Tidaholms kommun,Västra Götaland County,Region Götaland",Sweden,EU-EFTA,FFP,PP FFPP,,,PP - Processing Plant | FFPP - Fresh Fishery Products Plant,,
922,Göteborgs Fiskauktionsförening Ek. För.,Fiskhamnen,Gothenburg,41458,"Göteborgs Stad,Västra Götaland County,Region Götaland",Sweden,EU-EFTA,FFP,AH,,,AH - Auction Hall,,
6581,HT Holding i Kalmar AB,Företagsvägen 3,Haparanda,95333,"Haparanda kommun,Norrbotten County,Region Norrland",Sweden,EU-EFTA,FFP,PP,,,PP - Processing Plant,,
6715,Hagberg Fiske AB,Boget Vägen 17,Bohus-Björkö,47537,"Öckerö kommun,Västra Götaland County,Region Götaland",Sweden,EU-EFTA,FFP,FV,,,FV - Factory Vessel,,
6085,Hans Andersson,Österängsgatan 8,Smögen,45650,"Sotenäs kommun,Västra Götaland County,Region Götaland",Sweden,EU-EFTA,FFP,FV,,,FV - Factory Vessel,,
6288,Havets Skafferi i Kode AB,C-hall Fiskhamnsgatan 31,Gothenburg,41451,"Göteborgs Stad,Västra Götaland County,Region Götaland",Sweden,EU-EFTA,FFP,PP,,,PP - Processing Plant,,
2256,Havets Skafferi i Kode AB,Pirhus 1 Fiskhamnen,Gothenburg,41458,"Göteborgs Stad,Västra Götaland County,Region Götaland",Sweden,EU-EFTA,FFP,PP,,,PP - Processing Plant,,
6218,Havskräftan Smögen AB,Tullstigen 28,Kungshamn,45631,"Sotenäs kommun,Västra Götaland County,Region Götaland",Sweden,EU-EFTA,FFP,FV,,,FV - Factory Vessel,,
6009,Health and Sports Nutrition Group HSNG AB,Williams Väg 19,Eskilstuna,63506,"Eskilstuna kommun,Södermanland County,Region Svealand",Sweden,EU-EFTA,FFP,PP,,,PP - Processing Plant,,
2171,Hennings Rökeri och Fiskaffär AB,Hälleviks hamnplan,Sölvesborg,29472,"Sölvesborgs kommun,Blekinge County,Region Götaland",Sweden,EU-EFTA,FFP,PP,,,PP - Processing Plant,,
2319,Holms Fiske AB,Engströmsvägen 32,Luleå,97595,Region Norrland,Sweden,EU-EFTA,FFP,PP,,,PP - Processing Plant,,
6157,Hoverberg Fisk AB,Hoverberg 458,Svenstavik,84040,"Bergs kommun,Jämtland County,Region Norrland",Sweden,EU-EFTA,FFP,FFPP,,,FFPP - Fresh Fishery Products Plant,,
967,Hugosson & Persson Fisk AB,Hamnplan 4-6,Sölvesborg,29495,"Sölvesborgs kommun,Blekinge County,Region Götaland",Sweden,EU-EFTA,FFP,FFPP,,,FFPP - Fresh Fishery Products Plant,,
6459,Håkan Eskelinen AB,Södra Hillerströms strand 17,Nikkala,95395,"Haparanda kommun,Norrbotten County,Region Norrland",Sweden,EU-EFTA,FFP,PP,,,PP - Processing Plant,,
2096,Håveruds Fisk & Vatten AB,Dalsland center,Håverud,46472,"Melleruds kommun,Västra Götaland County,Region Götaland",Sweden,EU-EFTA,FFP,PP,,,PP - Processing Plant,,
2117,Hörvikens Fisk AB,Hörvikens Marina,Lidköping,53199,"Lidköpings kommun,Västra Götaland County,Region Götaland",Sweden,EU-EFTA,FFP,PP FFPP,,,PP - Processing Plant | FFPP - Fresh Fishery Products Plant,,
5339,JR Fenix Food Trading AB,Uppköparvägen 4,Årsta,12044,"Stockholms kommun,Stockholm County,Region Svealand",Sweden,EU-EFTA,FFP,FFPP,,,FFPP - Fresh Fishery Products Plant,,
6228,Jens-Peder Abrahamsson,Ekenäs Gård,Mariestad,54292,"Mariestads kommun,Västra Götaland County,Region Götaland",Sweden,EU-EFTA,FFP,PP FFPP,,,PP - Processing Plant | FFPP - Fresh Fishery Products Plant,,
2305,Johan i Hallen & Bergfalk AB,Björnhuvudsvägen 63,Öckerö,47531,"Öckerö kommun,Västra Götaland County,Region Götaland",Sweden,EU-EFTA,FFP,PP FFPP,,,PP - Processing Plant | FFPP - Fresh Fishery Products Plant,,
5059,Johan i Hallen & Bergfalk AB,Varuvägen 9,Älvsjö,12530,"Stockholm County,Region Svealand",Sweden,EU-EFTA,FFP,PP FFPP,,,PP - Processing Plant | FFPP - Fresh Fishery Products Plant,,
6567,Johan i Hallen & Bergfalk AB,Måndagsgatan 8,Helsingborg,25665,"Helsingborgs kommun,Skåne County,Region Götaland",Sweden,EU-EFTA,FFP,PP FFPP,,,PP - Processing Plant | FFPP - Fresh Fishery Products Plant,,
2049,Johan i Hallen & Bergfalk AB,Fiskhamnen 9 och 11,Gothenburg,41458,"Göteborgs Stad,Västra Götaland County,Region Götaland",Sweden,EU-EFTA,FFP,FFPP PP,,,FFPP - Fresh Fishery Products Plant | PP - Processing Plant,,
6708,Jonas Klingander,Hönö,Hönö,47542,"Öckerö kommun,Västra Götaland County,Region Götaland",Sweden,EU-EFTA,FFP,FV,,,FV - Factory Vessel,,
6297,Jonas Klingander,Hönö hamn,Hönö,47542,"Öckerö kommun,Västra Götaland County,Region Götaland",Sweden,EU-EFTA,FFP,FV,,,FV - Factory Vessel,,
6035,Jämtland Fisk AB,Storgatan 41,Gäddede,83361,"Strömsunds kommun,Jämtland County,Region Norrland",Sweden,EU-EFTA,FFP,FFPP,,,FFPP - Fresh Fishery Products Plant,,
6226,Jörgen Karlsson,Skogshyddan 1,Sjötorp,54066,"Mariestads kommun,Västra Götaland County,Region Götaland",Sweden,EU-EFTA,FFP,PP FFPP,,,PP - Processing Plant | FFPP - Fresh Fishery Products Plant,,
051,KLS Ugglarps AB,Södra Vägen 60,Kalmar,39245,"Kalmar kommun,Kalmar County,Region Götaland",Sweden,EU-EFTA,FFP,PP,,,PP - Processing Plant,,
6401,Kalasmat i Luleå AB,Upplagsvägen 18,Luleå,97254,"Luleå kommun,Norrbotten County,Region Norrland",Sweden,EU-EFTA,FFP,PP,,,PP - Processing Plant,,
2177,Katthammarsviks Rökeri AB,Hamnen Katthammarsvik,Katthammarsvik,62369,"Gotland County,Region Götaland",Sweden,EU-EFTA,FFP,PP,,,PP - Processing Plant,,
2267,Kjell Strömbäck,Sjöbodvägen 3,Kalix-Nyborg,95250,"Norrbotten County,Region Norrland",Sweden,EU-EFTA,FFP,PP FFPP,,,PP - Processing Plant | FFPP - Fresh Fishery Products Plant,,
2218,Klanghams Fisk HB,Granvik Klangatorp,Karlsborg,54695,"Karlsborgs kommun,Västra Götaland County,Region Götaland",Sweden,EU-EFTA,FFP,PP FFPP,,,PP - Processing Plant | FFPP - Fresh Fishery Products Plant,,
6356,Klingerö Fiske AB,Västergatan 4,Kungshamn,45631,"Sotenäs kommun,Västra Götaland County,Region Götaland",Sweden,EU-EFTA,FFP,FV,,,FV - Factory Vessel,,
2291,Klosterdelikatesser AB,Ullevi 101,Vadstena,59291,"Vadstena kommun,Östergötland County,Region Götaland",Sweden,EU-EFTA,FFP,FFPP PP,,,FFPP - Fresh Fishery Products Plant | PP - Processing Plant,,
975,Klädesholmen Seafood AB,Rytterholmen 1,Klädesholmen,47151,"Tjörns kommun,Västra Götaland County,Region Götaland",Sweden,EU-EFTA,FFP,PP,,,PP - Processing Plant,,
917,Klädesholmen Seafood AB,Ängholmsvägen 14,Rönnäng,47141,"Tjörns kommun,Västra Götaland County,Region Götaland",Sweden,EU-EFTA,FFP,PP,,,PP - Processing Plant,,
6343,Kneippsundet AB,Fridhemsvägen 3,Norrköping,60213,"Norrköpings kommun,Östergötland County,Region Götaland",Sweden,EU-EFTA,FFP,FFPP,,,FFPP - Fresh Fishery Products Plant,,
972,Korshags Food AB,Servicevägen 3,Falkenberg,31132,"Falkenbergs kommun,Halland County,Region Götaland",Sweden,EU-EFTA,FFP,PP,,,PP - Processing Plant,,
6274,Krossekärrs Fiske AB,Krossekärr 26,Grebbestad,45795,"Tanums kommun,Västra Götaland County,Region Götaland",Sweden,EU-EFTA,FFP,FV,,,FV - Factory Vessel,,
5165,Kungsholmens Kött AB,Fiskhallsvägen 18,Årsta,12044,"Härnösands kommun,Västernorrland County,Region Norrland",Sweden,EU-EFTA,FFP,FFPP,,,FFPP - Fresh Fishery Products Plant,,
6711,Kungälvs Rökeri AB,Valnäsgatan 12,Ytterby,44252,"Västra Götaland County,Region Götaland",Sweden,EU-EFTA,FFP,PP FFPP,,,PP - Processing Plant | FFPP - Fresh Fishery Products Plant,,
2025,Kvalitetsfisk i Stockholm AB,Vindkraftsvägen 5,Stockholm,13570,"Stockholms kommun,Stockholm County,Region Svealand",Sweden,EU-EFTA,FFP,FFPP PP,,,FFPP - Fresh Fishery Products Plant | PP - Processing Plant,,
2136,Kåseberga-Fisk AB,Ales väg 54,Löderup,27178,"Ystads kommun,Skåne County,Region Götaland",Sweden,EU-EFTA,FFP,PP FFPP,,,PP - Processing Plant | FFPP - Fresh Fishery Products Plant,,
6087,LL 628 Atlantic AB,Udden 36,Grundsund,45179,"Lysekils kommun,Västra Götaland County,Region Götaland",Sweden,EU-EFTA,FFP,FV,,,FV - Factory Vessel,,
6560,LL 91 Fisk & Skaldjur AB,Skal 107,Lysekil,45392,"Lysekils kommun,Västra Götaland County,Region Götaland",Sweden,EU-EFTA,FFP,FV,,,FV - Factory Vessel,,
6147,Land & Water AB,Tändsticksgränd 21,Jönköping,55315,"Jönköpings kommun,Jönköping County,Region Götaland",Sweden,EU-EFTA,FFP,PP,,,PP - Processing Plant,,
6379,Lars Berg,Tingvallsvägen 79,Råneå,95592,"Norrbotten County,Region Norrland",Sweden,EU-EFTA,FFP,PP,,,PP - Processing Plant,,
6046,Lars Lebro,"c/o Lars Lebro, Marias väg 4",Ellös,47431,"Orust kommun,Västra Götaland County,Region Götaland",Sweden,EU-EFTA,FFP,FV,,,FV - Factory Vessel,,
6325,Lars Vik,Rotebovägen 5,Kalix-Nyborg,95250,"Norrbotten County,Region Norrland",Sweden,EU-EFTA,FFP,PP,,,PP - Processing Plant,,
2014,Laxrökeri Holk AB,Östra Fjärestadsvägen 169,Vallåkra,25342,"Skåne County,Region Götaland",Sweden,EU-EFTA,FFP,PP,,,PP - Processing Plant,,
6564,Legosan AB,Viagatan 16,Kumla,69235,"Kumla kommun,Örebro County,Region Svealand",Sweden,EU-EFTA,FFP,PP,,,PP - Processing Plant,,
2295,Lerdins Fiske AB,Fridhemsvägen 29,Seskarö,95394,"Haparanda kommun,Norrbotten County,Region Norrland",Sweden,EU-EFTA,FFP,FFPP PP,,,FFPP - Fresh Fishery Products Plant | PP - Processing Plant,,
964,Leröy Seafood AB,Arntorpsgatan 16,Kareby,44293,"Kungälvs kommun,Västra Götaland County,Region Götaland",Sweden,EU-EFTA,FFP,FFPP,,,FFPP - Fresh Fishery Products Plant,,
920,Leröy Smögen Seafood AB,Ödegården 10,Kungshamn,45631,"Sotenäs kommun,Västra Götaland County,Region Götaland",Sweden,EU-EFTA,FFP,PP FFPP,,,PP - Processing Plant | FFPP - Fresh Fishery Products Plant,,
6024,Lillängshamnens Fiskrökeri AB,Dagvindsgatan 9,Karlstad,65221,"Karlstads kommun,Värmland County,Region Svealand",Sweden,EU-EFTA,FFP,PP,,,PP - Processing Plant,,
2260,Lindbloms Fisk AB,Storön 131,Kalix,95291,"Norrbotten County,Region Norrland",Sweden,EU-EFTA,FFP,PP FFPP,,,PP - Processing Plant | FFPP - Fresh Fishery Products Plant,,
6280,Listerö av Grebbestad AB,Greby Ekvägen 10,Grebbestad,45795,"Tanums kommun,Västra Götaland County,Region Götaland",Sweden,EU-EFTA,FFP,FV,,,FV - Factory Vessel,,
6516,Ljusa Kusten Fiske AB,Brändö hamnväg 9,Luleå,97597,Region Norrland,Sweden,EU-EFTA,FFP,PP,,,PP - Processing Plant,,
2094,Lyngalax AB,Lynga 610,Gullbrandstorp,30564,"Halmstads kommun,Halland County,Region Götaland",Sweden,EU-EFTA,FFP,PP,,,PP - Processing Plant,,
6100,M Bergmans Fisk i Vilhelmina AB,Sågån 1,Vilhelmina,91232,"Vilhelmina kommun,Västerbotten County,Region Norrland",Sweden,EU-EFTA,FFP,PP FFPP,,,PP - Processing Plant | FFPP - Fresh Fishery Products Plant,,
6869,M&D produktion AB,Krossgatan 40,Vällingby,16250,"Stockholm County,Region Svealand",Sweden,EU-EFTA,FFP,FFPP,,,FFPP - Fresh Fishery Products Plant,,
543,MHK Foods AB,Göteborgsvägen 3,Surte,44557,"Ale kommun,Västra Götaland County,Region Götaland",Sweden,EU-EFTA,FFP,FFPP,,,FFPP - Fresh Fishery Products Plant,,
2282,Magnussons Fisk AB,Fiskhamnspiren 2,Göteborg,41458,"Västra Götaland County,Region Götaland",Sweden,EU-EFTA,FFP,PP FFPP,,,PP - Processing Plant | FFPP - Fresh Fishery Products Plant,,
931,Magnussons Fisk AB,Fiskhamnsgatan 33,Gothenburg,41458,"Göteborgs Stad,Västra Götaland County,Region Götaland",Sweden,EU-EFTA,FFP,FFPP,,,FFPP - Fresh Fishery Products Plant,,
6120,Magnussons Fisk AB,Bergsjödalen 43,Gothenburg,41458,"Göteborgs Stad,Västra Götaland County,Region Götaland",Sweden,EU-EFTA,FFP,FFPP,,,FFPP - Fresh Fishery Products Plant,,
6019,Majornas Matfabrik AB,Orustgatan 10,Gothenburg,41474,"Göteborgs Stad,Västra Götaland County,Region Götaland",Sweden,EU-EFTA,FFP,PP,,,PP - Processing Plant,,
6415,Marcus-Kräftan AB,Vallsbergsvägen 15,Väderstad,59636,"Mjölby kommun,Östergötland County,Region Götaland",Sweden,EU-EFTA,FFP,PP,,,PP - Processing Plant,,
901,Marenor AB,Kontorsvägen 9,Lysekil,45341,"Lysekils kommun,Västra Götaland County,Region Götaland",Sweden,EU-EFTA,FFP,PP,,,PP - Processing Plant,,
906,Marenor AB,Guleskär 2,Kungshamn,45631,"Sotenäs kommun,Västra Götaland County,Region Götaland",Sweden,EU-EFTA,FFP,FFPP PP,,,FFPP - Fresh Fishery Products Plant | PP - Processing Plant,,
2307,Margareta Greus Norman,Klubbvägen 240,Luleå,97592,Region Norrland,Sweden,EU-EFTA,FFP,PP,,,PP - Processing Plant,,
6222,Marie Josefine Oskarsson,Runntången 1,Myggenäs,47161,"Tjörns kommun,Västra Götaland County,Region Götaland",Sweden,EU-EFTA,FFP,PP,,,PP - Processing Plant,,
6287,Mat & Mingel 2 AB,Hemvägen 19,Alingsås,44139,"Alingsås kommun,Västra Götaland County,Region Götaland",Sweden,EU-EFTA,FFP,PP,,,PP - Processing Plant,,
6056,Mat och musik på havet AB,Nordre parten 62,Åstol,47144,"Tjörns kommun,Västra Götaland County,Region Götaland",Sweden,EU-EFTA,FFP,PP FFPP,,,PP - Processing Plant | FFPP - Fresh Fishery Products Plant,,
996,Matgard AB,Skraggevägen 6,Hammarö,66341,"Värmland County,Region Svealand",Sweden,EU-EFTA,FFP,FFPP,,,FFPP - Fresh Fishery Products Plant,,
2293,Mats Erik Innala,Bodvägen 9,Nikkala,95395,"Haparanda kommun,Norrbotten County,Region Norrland",Sweden,EU-EFTA,FFP,FFPP,,,FFPP - Fresh Fishery Products Plant,,
6183,Mats Johan Rönnqvist,Morjärvsvägen 33,Kalix,95235,"Norrbotten County,Region Norrland",Sweden,EU-EFTA,FFP,PP,,,PP - Processing Plant,,
6250,Medströms Fisk AB,Sandviksvägen 6B 95394 SESKARÖ,Seskarö,95394,"Haparanda kommun,Norrbotten County,Region Norrland",Sweden,EU-EFTA,FFP,FFPP,,,FFPP - Fresh Fishery Products Plant,,
2276,Melanders Fisk & Vilt i Östermalmshallen AB,Gustavslundsvägen 50,Bromma,16751,"Stockholms kommun,Stockholm County,Region Svealand",Sweden,EU-EFTA,FFP,PP FFPP,,,PP - Processing Plant | FFPP - Fresh Fishery Products Plant,,
6756,Midsona Sverige AB,Lönnerbladsgatan 6,Falköping,52140,"Falköpings kommun,Västra Götaland County,Region Götaland",Sweden,EU-EFTA,FFP,PP,,,PP - Processing Plant,,
6695,Mika Pastinen,Bussvägen 1,Husum,89632,"Örnsköldsviks kommun,Västernorrland County,Region Norrland",Sweden,EU-EFTA,FFP,FFPP PP,,,FFPP - Fresh Fishery Products Plant | PP - Processing Plant,,
6804,Mikael Lundbäck,Siknäs 518,Töre,95244,"Norrbotten County,Region Norrland",Sweden,EU-EFTA,FFP,PP FFPP,,,PP - Processing Plant | FFPP - Fresh Fishery Products Plant,,
2182,Mor Brittas AB,Falköpingsvägen 13,Timmele,52372,"Ulricehamns kommun,Västra Götaland County,Region Götaland",Sweden,EU-EFTA,FFP,PP,,,PP - Processing Plant,,
711,Mossebo Gårdsbutik & Rökeri AB,Mossebo 3,Valdermarsvik,61594,"Valdemarsviks kommun,Östergötland County,Region Götaland",Sweden,EU-EFTA,FFP,PP,,,PP - Processing Plant,,
6806,Musselfabriken Ljungskile AB,Sofiehemsvägen 2 A,Ljungskile,45931,"Uddevalla kommun,Västra Götaland County,Region Götaland",Sweden,EU-EFTA,FFP,PP,,,PP - Processing Plant,,
6722,Musselfeed AB,Hallgrens väg 3,Ellös,47431,"Orust kommun,Västra Götaland County,Region Götaland",Sweden,EU-EFTA,FFP,PP,,,PP - Processing Plant,,
2248,Nabbens Rökeri & Fisk AB,Fiskarevägen 2,Timmernabben,38472,"Kalmar County,Region Götaland",Sweden,EU-EFTA,FFP,PP,,,PP - Processing Plant,,
5569,Naoi Group AB,Siktgatan 5,Vällingby,16250,"Stockholm County,Region Svealand",Sweden,EU-EFTA,FFP,PP,,,PP - Processing Plant,,
6509,Nature Food Sweden AB,Fiskehamnsgatan 23,Gothenburg,41458,"Göteborgs Stad,Västra Götaland County,Region Götaland",Sweden,EU-EFTA,FFP,FFPP,,,FFPP - Fresh Fishery Products Plant,,
6773,Nippon AB,Torskholmen 1,Strömstad,45231,"Strömstads kommun,Västra Götaland County,Region Götaland",Sweden,EU-EFTA,FFP,FV,,,FV - Factory Vessel,,
6037,Nordmark Fiske AB,Kärrviolgatan 11 (lokal 10),Luleå,97636,"Luleå kommun,Norrbotten County,Region Norrland",Sweden,EU-EFTA,FFP,PP FFPP,,,PP - Processing Plant | FFPP - Fresh Fishery Products Plant,,
909,Nordsjöfisk AB,Kalkylvägen 4,Mölnlycke,43533,"Härryda kommun,Västra Götaland County,Region Götaland",Sweden,EU-EFTA,FFP,PP FFPP,,,PP - Processing Plant | FFPP - Fresh Fishery Products Plant,,
2235,Nyhléns Hugosons AB,Kanslihusvägen 2,Boden,96143,"Bodens kommun,Norrbotten County,Region Norrland",Sweden,EU-EFTA,FFP,PP,,,PP - Processing Plant,,
2126,Nynäs Rökeri och Fiskhall AB,Fiskargränd 6,Nynäshamn,14930,"Nynäshamns kommun,Stockholm County,Region Svealand",Sweden,EU-EFTA,FFP,PP FFPP,,,PP - Processing Plant | FFPP - Fresh Fishery Products Plant,,
2324,Olov Hilding Innala,Hamnvägen 254,Nikkala,95395,"Haparanda kommun,Norrbotten County,Region Norrland",Sweden,EU-EFTA,FFP,PP,,,PP - Processing Plant,,
900,Orkla Foods Sverige AB,Hagaberg,Kungshamn,45681,"Sotenäs kommun,Västra Götaland County,Region Götaland",Sweden,EU-EFTA,FFP,PP,,,PP - Processing Plant,,
232,Orkla Foods Sverige AB,Sockergatan 2,Eslöv,24181,"Eslövs kommun,Skåne County,Region Götaland",Sweden,EU-EFTA,FFP,PP,,,PP - Processing Plant,,
6515,Oscar Innala,Aluddsvägen 10,Seskarö,95394,"Haparanda kommun,Norrbotten County,Region Norrland",Sweden,EU-EFTA,FFP,PP FFPP,,,PP - Processing Plant | FFPP - Fresh Fishery Products Plant,,
2034,Oskars Surströmming AB,Ängesland 400,Söråker,86151,"Timrå kommun,Västernorrland County,Region Norrland",Sweden,EU-EFTA,FFP,PP,,,PP - Processing Plant,,
2104,Pappas AB,Klangfärgsgatan 1,Västra Frölunda,42652,"Västra Götaland County,Region Götaland",Sweden,EU-EFTA,FFP,PP,,,PP - Processing Plant,,
6803,PeWe Surströmming HB,Traversvägen 1,Piteå,94143,"Piteå kommun,Norrbotten County,Region Norrland",Sweden,EU-EFTA,FFP,PP,,,PP - Processing Plant,,
6039,Pelagic Seafood Sweden AB,Rytterholmen 1,Klädesholmen,47151,"Tjörns kommun,Västra Götaland County,Region Götaland",Sweden,EU-EFTA,FFP,PP,,,PP - Processing Plant,,
6124,Per Alexandersson,Björkvägen 36,Björkö,47537,"Öckerö kommun,Västra Götaland County,Region Götaland",Sweden,EU-EFTA,FFP,FV,,,FV - Factory Vessel,,
2328,Per Erik Sångberg,Skogshemsvägen 4,Karlsborgverken,95271,"Norrbotten County,Region Norrland",Sweden,EU-EFTA,FFP,PP,,,PP - Processing Plant,,
6277,Per-Olof Ivarsson,Trålvägen 7,Fotö,47545,"Öckerö kommun,Västra Götaland County,Region Götaland",Sweden,EU-EFTA,FFP,FV,,,FV - Factory Vessel,,
2209,Perssons Löjrom AB,Marklundsvägen 59,Öjebyn,94335,"Piteå kommun,Norrbotten County,Region Norrland",Sweden,EU-EFTA,FFP,PP FFPP,,,PP - Processing Plant | FFPP - Fresh Fishery Products Plant,,
6575,Piteå kommun,Tingshusgatan 9D,Öjebyn,94131,"Piteå kommun,Norrbotten County,Region Norrland",Sweden,EU-EFTA,FFP,PP,,,PP - Processing Plant,,
2127,Prinsens Sill & Sallader Försäljnings AB,Valnäsgatan 11,Ytterby,44252,"Västra Götaland County,Region Götaland",Sweden,EU-EFTA,FFP,PP,,,PP - Processing Plant,,
6625,Pronofa AB,Ängsvägen 12,Stenungsund,44431,"Stenungsunds kommun,Västra Götaland County,Region Götaland",Sweden,EU-EFTA,FFP,PP,,,PP - Processing Plant,,
2203,Prosellco Havsprodukter AB,Norra Promenadvägen 4,Loftahammar,59470,"Västerviks kommun,Kalmar County,Region Götaland",Sweden,EU-EFTA,FFP,PP,,,PP - Processing Plant,,
6146,Protena Food AB,Stillmansgatan 11,Malmö,21225,"Malmö kommun,Skåne County,Region Götaland",Sweden,EU-EFTA,FFP,PP,,,PP - Processing Plant,,
5423,RISE Research Institute of Sweden AB,Frans Perssons väg 6,Gothenburg,41276,"Göteborgs Stad,Västra Götaland County,Region Götaland",Sweden,EU-EFTA,FFP,PP FFPP,,,PP - Processing Plant | FFPP - Fresh Fishery Products Plant,,
6645,Rabia Invest AB,Vintergatan 12,Arlöv,23235,"Burlövs kommun,Skåne County,Region Götaland",Sweden,EU-EFTA,FFP,FFPP,,,FFPP - Fresh Fishery Products Plant,,
6165,Ramsele Fisk AB,Storfinnforsen,Ramsele,88040,"Sollefteå kommun,Västernorrland County,Region Norrland",Sweden,EU-EFTA,FFP,FFPP,,,FFPP - Fresh Fishery Products Plant,,
6442,ResöRan AB,Gamla skolan 1,Resö,45797,"Västra Götaland County,Region Götaland",Sweden,EU-EFTA,FFP,FV,,,FV - Factory Vessel,,
6099,Robert Gustafsson,Allévägen 25,Rönnäng,47141,"Tjörns kommun,Västra Götaland County,Region Götaland",Sweden,EU-EFTA,FFP,FV,,,FV - Factory Vessel,,
6048,Robert Kattilavaara,Vestmansvägen 13,Kalix-Nyborg,95250,"Norrbotten County,Region Norrland",Sweden,EU-EFTA,FFP,PP,,,PP - Processing Plant,,
2262,Roger Andersson,Storön 314,Kalix,95291,"Kalix kommun,Norrbotten County,Region Norrland",Sweden,EU-EFTA,FFP,PP FFPP,,,PP - Processing Plant | FFPP - Fresh Fishery Products Plant,,
6570,Roland Stenman,Storön 615,Kalix,95291,"Norrbotten County,Region Norrland",Sweden,EU-EFTA,FFP,PP FFPP,,,PP - Processing Plant | FFPP - Fresh Fishery Products Plant,,
6372,Roland Vidlund,Sättra Gård Storgårdsviken 1,Adelsö,17892,"Stockholm County,Region Svealand",Sweden,EU-EFTA,FFP,PP,,,PP - Processing Plant,,
6062,Ronni Pålsson,Håkebytorp 4,Tanumshede,45791,"Tanums kommun,Västra Götaland County,Region Götaland",Sweden,EU-EFTA,FFP,FV,,,FV - Factory Vessel,,
6357,Rovögerns Surströmming AB,"Rovögerns fiskehamn, Svartviken",Täfteå,90788,"Umeå kommun,Västerbotten County,Region Norrland",Sweden,EU-EFTA,FFP,FFPP PP,,,FFPP - Fresh Fishery Products Plant | PP - Processing Plant,,
6303,Rymdens Fisk AB,Fiskhamnsgatan 31,Gothenburg,41458,"Göteborgs Stad,Västra Götaland County,Region Götaland",Sweden,EU-EFTA,FFP,FFPP,,,FFPP - Fresh Fishery Products Plant,,
2066,Räkexport Robert Jonsson KB,Fiskhamen 17,Gothenburg,41458,"Göteborgs Stad,Västra Götaland County,Region Götaland",Sweden,EU-EFTA,FFP,PP FFPP,,,PP - Processing Plant | FFPP - Fresh Fishery Products Plant,,
6172,Rökeri 1 i Sölvesborg AB,Grönadalsvägen 3 abc (Norremarksvägen 80),Sölvesborg,29492,"Sölvesborgs kommun,Blekinge County,Region Götaland",Sweden,EU-EFTA,FFP,PP,,,PP - Processing Plant,,
982,Rönnbäcks Fisk AB,Tornedalsvägen 119,Pajala,98431,"Norrbotten County,Region Norrland",Sweden,EU-EFTA,FFP,FFPP PP,,,FFPP - Fresh Fishery Products Plant | PP - Processing Plant,,
6029,SD 258 Falken AB,Medvik 6,Strömstad,45290,"Strömstads kommun,Västra Götaland County,Region Götaland",Sweden,EU-EFTA,FFP,FV,,,FV - Factory Vessel,,
6049,SD 341 Sundland AB,Barberarevägen 10,Tanumshede,45732,"Tanums kommun,Västra Götaland County,Region Götaland",Sweden,EU-EFTA,FFP,FV,,,FV - Factory Vessel,,
6044,SD 437 i Edsvik AB,Norra Edsvik 19,Grebbestad,45795,"Tanums kommun,Västra Götaland County,Region Götaland",Sweden,EU-EFTA,FFP,FV,,,FV - Factory Vessel,,
6125,SD 437 i Edsvik AB,Norra Edsvik 19,Grebbestad,45795,"Tanums kommun,Västra Götaland County,Region Götaland",Sweden,EU-EFTA,FFP,FV,,,FV - Factory Vessel,,
6159,SD 451 Ferder AB,Krossekärr 36,Grebbestad,45795,"Tanums kommun,Västra Götaland County,Region Götaland",Sweden,EU-EFTA,FFP,FV,,,FV - Factory Vessel,,
6092,SD 562 KRAGERÖ AB,Backekällan 7,Resö,45797,"Västra Götaland County,Region Götaland",Sweden,EU-EFTA,FFP,FV,,,FV - Factory Vessel,,
6276,SD 578 Vikingö AB,Skäggeröd 5,Grebbestad,45795,"Tanums kommun,Västra Götaland County,Region Götaland",Sweden,EU-EFTA,FFP,FV,,,FV - Factory Vessel,,
6030,SD 622 Vanguard AB,Övre Skogsvägen 4,Havstenssund,45773,"Tanums kommun,Västra Götaland County,Region Götaland",Sweden,EU-EFTA,FFP,FV,,,FV - Factory Vessel,,
6267,SH Food AB,Djuphamnsvägen 6,Västerås,72465,"Västerås kommun,Västmanland County,Region Svealand",Sweden,EU-EFTA,FFP,PP,,,PP - Processing Plant,,
6217,SU Consulting AB,Brändö Hamnväg 7,Luleå,97597,"Luleå kommun,Norrbotten County,Region Norrland",Sweden,EU-EFTA,FFP,PP,,,PP - Processing Plant,,
6020,Salteriet Obbola AB,Bodviksvägen 27,Obbola,91342,"Umeå kommun,Västerbotten County,Region Norrland",Sweden,EU-EFTA,FFP,PP FFPP,,,PP - Processing Plant | FFPP - Fresh Fishery Products Plant,,
6169,Saltsmak AB,Kolholmevägen 25,Lysekil,45350,"Lysekils kommun,Västra Götaland County,Region Götaland",Sweden,EU-EFTA,FFP,PP,,,PP - Processing Plant,,
2242,Sandstens Fiskhandel AB,Fiskhamnen 17,Gothenburg,41458,"Göteborgs Stad,Västra Götaland County,Region Götaland",Sweden,EU-EFTA,FFP,PP FFPP,,,PP - Processing Plant | FFPP - Fresh Fishery Products Plant,,
081,Scan Sverige AB,Filipsdalsgatan 6,Skara,53289,"Skara kommun,Västra Götaland County,Region Götaland",Sweden,EU-EFTA,FFP,PP,,,PP - Processing Plant,,
6464,Scandinavian Aquasystems AB,Rävshultsvägen 390,Tollarp,29891,"Kristianstads kommun,Skåne County,Region Götaland",Sweden,EU-EFTA,FFP,FFPP,,,FFPP - Fresh Fishery Products Plant,,
6658,SeaSam Produktion AB,Hantverksvägen 11,Södertälje,15165,"Södertälje kommun,Stockholm County,Region Svealand",Sweden,EU-EFTA,FFP,PP,,,PP - Processing Plant,,
935,Sejrbo & Son AB,Dymöllan 2359,Klippan,26492,"Skåne County,Region Götaland",Sweden,EU-EFTA,FFP,PP FFPP,,,PP - Processing Plant | FFPP - Fresh Fishery Products Plant,,
2063,Siljanslax Försäljningsaktiebolag,Övermovägen 11,Leksand,79335,"Dalecarlia,Region Svealand",Sweden,EU-EFTA,FFP,PP,,,PP - Processing Plant,,
6264,Sjöarps Rökeri AB,Sjöarp 2,Tranås,57397,"Tranås kommun,Jönköping County,Region Götaland",Sweden,EU-EFTA,FFP,PP,,,PP - Processing Plant,,
6290,Sjömat Group Sweden AB,Masthamnsgatan 5,Gothenburg,41327,"Göteborgs Stad,Västra Götaland County,Region Götaland",Sweden,EU-EFTA,FFP,FFPP WM,,,FFPP - Fresh Fishery Products Plant | WM - Wholesale Market,,
933,Sjömat Group Sweden AB,Fiskhamnen Hall C,Gothenburg,41458,"Göteborgs Stad,Västra Götaland County,Region Götaland",Sweden,EU-EFTA,FFP,PP,,,PP - Processing Plant,,
6616,Sjömat Group Sweden AB,Valnäsgatan 12,Ytterby,44252,"Västerviks kommun,Kalmar County,Region Götaland",Sweden,EU-EFTA,FFP,FFPP PP,,,FFPP - Fresh Fishery Products Plant | PP - Processing Plant,,
6090,Skaldjursdeli Sverige AB,Myntgatan 2,Motala,59161,"Motala kommun,Östergötland County,Region Götaland",Sweden,EU-EFTA,FFP,PP,,,PP - Processing Plant,,
2076,Skandinavisk Fiskdistribution AB,Markörgatan 6,Handen,13644,"Nacka kommun,Stockholm County,Region Svealand",Sweden,EU-EFTA,FFP,PP FFPP,,,PP - Processing Plant | FFPP - Fresh Fishery Products Plant,,
986,Skillinge Fisk-Impex AB,Svartehallsvägen,Simrishamn,27236,"Simrishamns kommun,Skåne County,Region Götaland",Sweden,EU-EFTA,FFP,PP FFPP,,,PP - Processing Plant | FFPP - Fresh Fishery Products Plant,,
946,Skillinge Fisk-Impex AB,Branteviksvägen 3,Simrishamn,27237,"Simrishamns kommun,Skåne County,Region Götaland",Sweden,EU-EFTA,FFP,FFPP,,,FFPP - Fresh Fishery Products Plant,,
6501,Skärgårdens Rökeri AB,Donsö Hamnväg 25,Donsö,43082,"Västra Götaland County,Region Götaland",Sweden,EU-EFTA,FFP,PP,,,PP - Processing Plant,,
2166,Skärhamns Frys AB,Södra Hamnen,Skärhamn,47132,"Tjörns kommun,Västra Götaland County,Region Götaland",Sweden,EU-EFTA,FFP,PP FFPP,,,PP - Processing Plant | FFPP - Fresh Fishery Products Plant,,
2195,Smålandskräftan AB,Bockängsgatan 6-8,Nässjö,57138,"Nässjö kommun,Jönköping County,Region Götaland",Sweden,EU-EFTA,FFP,PP,,,PP - Processing Plant,,
958,Smögens Fiskauktion,Fiskhamnsgatan 31,Smögen,45651,"Sotenäs kommun,Västra Götaland County,Region Götaland",Sweden,EU-EFTA,FFP,AH,,,AH - Auction Hall,,
2035,Smögens Räk & Fiskgrossist AB,Fiskhamnsgatan 32,Smögen,45651,"Sotenäs kommun,Västra Götaland County,Region Götaland",Sweden,EU-EFTA,FFP,PP FFPP,,,PP - Processing Plant | FFPP - Fresh Fishery Products Plant,,
5406,Snellman Sverige AB,Svarvarvägen 4B,Saltsjö-Boo,13238,"Nacka kommun,Stockholm County,Region Svealand",Sweden,EU-EFTA,FFP,PP,,,PP - Processing Plant,,
6072,Solle AB,Tussmötevägen 195,Enskede,12264,"Stockholm County,Region Svealand",Sweden,EU-EFTA,FFP,PP,,,PP - Processing Plant,,
6088,Stefan Johansson,Möevägen 54,Munkedal,45533,"Munkedals kommun,Västra Götaland County,Region Götaland",Sweden,EU-EFTA,FFP,FV,,,FV - Factory Vessel,,
2128,Stefan Pålsson AB,Örjaleden 4,Landskrona,26151,"Landskrona kommun,Skåne County,Region Götaland",Sweden,EU-EFTA,FFP,PP,,,PP - Processing Plant,,
2326,Stig Gren,Ön Altappen i Luleå Skärgård,Luleå,97455,"Luleå kommun,Norrbotten County,Region Norrland",Sweden,EU-EFTA,FFP,PP,,,PP - Processing Plant,,
2152,Stjärnlax i Göteborg AB,Pirhus 1 Fiskhamnen,Gothenburg,41458,"Göteborgs Stad,Västra Götaland County,Region Götaland",Sweden,EU-EFTA,FFP,PP,,,PP - Processing Plant,,
6458,Stockholms Fiskauktion AB,Fiskhallsvägen 4,Årsta,12044,"Härnösands kommun,Västernorrland County,Region Norrland",Sweden,EU-EFTA,FFP,AH,,,AH - Auction Hall,,
2213,Stora Risten Fisk AB,Fyrskeppsvägen 43,Öregrund,74241,"Östhammars kommun,Uppsala County,Region Svealand",Sweden,EU-EFTA,FFP,FFPP,,,FFPP - Fresh Fishery Products Plant,,
2308,Sundströms Fiske AB,Gaddvägen 1,Luleå,97455,"Luleå kommun,Norrbotten County,Region Norrland",Sweden,EU-EFTA,FFP,PP,,,PP - Processing Plant,,
808,Svantes Vilt och Bär AB,Edeforsvägen 73,Harads,96024,"Bodens kommun,Norrbotten County,Region Norrland",Sweden,EU-EFTA,FFP,FFPP,,,FFPP - Fresh Fishery Products Plant,,
6139,Svensk Cater AB,Produktionsvägen 3,Ängelholm,26296,"Ängelholms kommun,Skåne County,Region Götaland",Sweden,EU-EFTA,FFP,PP FFPP,,,PP - Processing Plant | FFPP - Fresh Fishery Products Plant,,
2170,Svensk Fjällröding AB,Landön 490,Offerdal,83598,"Krokoms kommun,Jämtland County,Region Norrland",Sweden,EU-EFTA,FFP,FFPP,,,FFPP - Fresh Fishery Products Plant,,
6076,Svensk Pizzabotten Produktion AB,Medevivägen 81,Motala,59150,"Motala kommun,Östergötland County,Region Götaland",Sweden,EU-EFTA,FFP,PP,,,PP - Processing Plant,,
173,Svenska Jägareförbundet,Öster-Malma 1,Nyköping,61191,"Södermanland County,Region Svealand",Sweden,EU-EFTA,FFP,PP,,,PP - Processing Plant,,
6115,Svenska måltidslösningar AB,Kuskahusgränden 4,Landskrona,26142,"Landskrona kommun,Skåne County,Region Götaland",Sweden,EU-EFTA,FFP,PP,,,PP - Processing Plant,,
951,Sweden Pelagic AB,Hallgrens väg 1,Ellös,47431,"Orust kommun,Västra Götaland County,Region Götaland",Sweden,EU-EFTA,FFP,PP FFPP,,,PP - Processing Plant | FFPP - Fresh Fishery Products Plant,,
6839,Sweden Seafood AB,Fiskhamnsgatan 13,Gothenburg,41458,"Göteborgs Stad,Västra Götaland County,Region Götaland",Sweden,EU-EFTA,FFP,FFPP,,,FFPP - Fresh Fishery Products Plant,,
918,Sweden Seafood AB,Fiskhamnsgatan 13 + 33,Gothenburg,41458,"Göteborgs Stad,Västra Götaland County,Region Götaland",Sweden,EU-EFTA,FFP,FFPP,,,FFPP - Fresh Fishery Products Plant,,
6301,Sweden Seafood AB,Båtvägen 6,Västervik,59350,"Västerviks kommun,Kalmar County,Region Götaland",Sweden,EU-EFTA,FFP,FFPP,,,FFPP - Fresh Fishery Products Plant,,
6166,Swodok AB,Båtsjaur 22,Arjeplog,93894,"Norrbotten County,Region Norrland",Sweden,EU-EFTA,FFP,PP FFPP,,,PP - Processing Plant | FFPP - Fresh Fishery Products Plant,,
579,Sápmi ren och vilt AB,Hantverkargatan 71,Jokkmokk,96232,"Jokkmokks kommun,Norrbotten County,Region Norrland",Sweden,EU-EFTA,FFP,FFPP PP,,,FFPP - Fresh Fishery Products Plant | PP - Processing Plant,,
2330,T Möller Boat & Fishing AB,Spikens Fiskehamn,Lidköping,53199,"Lidköpings kommun,Västra Götaland County,Region Götaland",Sweden,EU-EFTA,FFP,PP,,,PP - Processing Plant,,
2082,TG Wahlströms Fisk AB,Kobacken 20,Gävle,80595,"Gävleborg County,Region Norrland",Sweden,EU-EFTA,FFP,PP FFPP,,,PP - Processing Plant | FFPP - Fresh Fishery Products Plant,,
5493,Tasty Food i Ellös AB,Fiskhamnen,Gothenburg,41458,"Göteborgs Stad,Västra Götaland County,Region Götaland",Sweden,EU-EFTA,FFP,PP,,,PP - Processing Plant,,
6487,Thaifood Trading AB,Svarvarvägen 12,Saltsjö-Boo,13238,"Nacka kommun,Stockholm County,Region Svealand",Sweden,EU-EFTA,FFP,FFPP,,,FFPP - Fresh Fishery Products Plant,,
6310,Thomas Bergqvist,Sören 257,Töre,95244,"Norrbotten County,Region Norrland",Sweden,EU-EFTA,FFP,PP FFPP,,,PP - Processing Plant | FFPP - Fresh Fishery Products Plant,,
2323,Thomas Innala Aktiebolag,Gaddvägen 5,Luleå,97455,"Luleå kommun,Norrbotten County,Region Norrland",Sweden,EU-EFTA,FFP,PP,,,PP - Processing Plant,,
6391,Tommy Karlsson,Sunnanå Hamn,Mellerud,46494,"Melleruds kommun,Västra Götaland County,Region Götaland",Sweden,EU-EFTA,FFP,PP FFPP,,,PP - Processing Plant | FFPP - Fresh Fishery Products Plant,,
2292,Umlax AB,Mårdstigen 1,Vilhelmina,91232,"Vilhelmina kommun,Västerbotten County,Region Norrland",Sweden,EU-EFTA,FFP,FFPP PP,,,FFPP - Fresh Fishery Products Plant | PP - Processing Plant,,
6315,Undersåkers Charkuteriefabrik AB,Byvägen 111,Undersåker,83796,"Åre kommun,Jämtland County,Region Norrland",Sweden,EU-EFTA,FFP,PP,,,PP - Processing Plant,,
6275,Urban Deli AB,Sveavägen 44,Stockholm,11134,"Stockholms kommun,Stockholm County,Region Svealand",Sweden,EU-EFTA,FFP,PP,,,PP - Processing Plant,,
6491,Valen Trading AB,"C/o Hjälmarfisk C-Hall, Fiskhamnen",Gothenburg,41458,"Göteborgs Stad,Västra Götaland County,Region Götaland",Sweden,EU-EFTA,FFP,PP FFPP,,,PP - Processing Plant | FFPP - Fresh Fishery Products Plant,,
6849,Valkyria Fiskeri AB,Kyrkparken 8,Hönö,47542,"Öckerö kommun,Västra Götaland County,Region Götaland",Sweden,EU-EFTA,FFP,FV,,,FV - Factory Vessel,,
6036,Vikefjord AB,Skepparevägen 8,Hunnebostrand,45660,"Sotenäs kommun,Västra Götaland County,Region Götaland",Sweden,EU-EFTA,FFP,FV,,,FV - Factory Vessel,,
6069,Vingaskär Fiskeri AB,Styrsö Valenväg 24,Styrsö,43084,"Västra Götaland County,Region Götaland",Sweden,EU-EFTA,FFP,FV,,,FV - Factory Vessel,,
2093,Vägga Rökeri AB,Saltsjöbadsvägen 38,Karlshamn,37430,"Blekinge County,Region Götaland",Sweden,EU-EFTA,FFP,PP FFPP,,,PP - Processing Plant | FFPP - Fresh Fishery Products Plant,,
6322,Vänersnäs Insjöfiske Aktiebolag,Villan Vänersnäs 595,Vänersnäs,46890,"Vänersborgs kommun,Västra Götaland County,Region Götaland",Sweden,EU-EFTA,FFP,PP FFPP,,,PP - Processing Plant | FFPP - Fresh Fishery Products Plant,,
6058,Västfjord Fiskeri AB,Backerlia 13,Fotö,47545,"Öckerö kommun,Västra Götaland County,Region Götaland",Sweden,EU-EFTA,FFP,FV,,,FV - Factory Vessel,,
6252,Västfjord Fiskeri AB,Backerlia 13,Fotö,47545,"Öckerö kommun,Västra Götaland County,Region Götaland",Sweden,EU-EFTA,FFP,FV,,,FV - Factory Vessel,,
6186,Västsvenska skaldjur AB,Hallgrens väg 1,Ellös,47431,"Orust kommun,Västra Götaland County,Region Götaland",Sweden,EU-EFTA,FFP,PP FFPP,,,PP - Processing Plant | FFPP - Fresh Fishery Products Plant,,
799,Werna Visthus AB,Värna Forssäter,Brokind,59045,"Östergötland County,Region Götaland",Sweden,EU-EFTA,FFP,PP,,,PP - Processing Plant,,
5555,Wiktor Soldau AB,"Rörvägen 57, lokal 27",Jordbro,13650,"Haninge kommun,Stockholm County,Region Svealand",Sweden,EU-EFTA,FFP,FFPP PP,,,FFPP - Fresh Fishery Products Plant | PP - Processing Plant,,
6763,Zentha i Rönnäng AB,Allévägen 25,Rönnäng,47142,"Tjörns kommun,Västra Götaland County,Region Götaland",Sweden,EU-EFTA,FFP,FV,,,FV - Factory Vessel,,
6333,Älvdalslax AB,Laxvägen 10,Älvdalen,79691,"Älvdalens kommun,Dalecarlia,Region Svealand",Sweden,EU-EFTA,FFP,PP FFPP,,,PP - Processing Plant | FFPP - Fresh Fishery Products Plant,,
2281,Äspets Rökeri AB,Åvägen 4B,Åhus,29638,"Kristianstads kommun,Skåne County,Region Götaland",Sweden,EU-EFTA,FFP,PP FFPP,,,PP - Processing Plant | FFPP - Fresh Fishery Products Plant,,
2061,Åre Atlantfisk AB,Fabriksvägen 4,Järpen,83732,"Åre kommun,Jämtland County,Region Norrland",Sweden,EU-EFTA,FFP,PP FFPP,,,PP - Processing Plant | FFPP - Fresh Fishery Products Plant,,
6360,Åsnenrökeriet AB,Klasamåla 24,Urshult,36295,"Kronoberg County,Region Götaland",Sweden,EU-EFTA,FFP,FFPP PP,,,FFPP - Fresh Fishery Products Plant | PP - Processing Plant,,
6378,Ö-rätt AB,Abborvass,Skälvik,13034,"Stockholms kommun,Stockholm County,Region Svealand",Sweden,EU-EFTA,FFP,PP,,,PP - Processing Plant,,
6377,Öhlunds Skogsmaskin AB,Storön 608,Kalix,95291,"Norrbotten County,Region Norrland",Sweden,EU-EFTA,FFP,PP,,,PP - Processing Plant,,
