approval_number,name,address,city,postcode,region,country,group,section,activity,slaughter,species,remarks,date_of_approval,publication_date
3016429222,13th Ave Fish Market,360 Crystal Run Rd,Middletown,10941,"Orange County,New York",United States,third-country,FFP,PP,,,PP - Processing Plant,10/05/2022,
3014491710,620 Omni - Thorne Research,620 Omni Industrial Blvd,Summerville,29486,South Carolina,United States,third-country,FFP,PP,,,PP - Processing Plant,22/07/2025,
1000521966,"A&B Famous Gefilte Fish, Inc.",209 Mclean Blvd,Paterson,07504,New Jersey,United States,third-country,FFP,PP,,,PP - Processing Plant,10/10/2023,
1034409,A.P. Bell Fish Company,4600 124th Street West,Cortez,81321,"Montezuma County,Colorado",United States,third-country,FFP,PP,,,PP - Processing Plant,25/04/2022,
3042722633,"AACH Holding Co. No. 2, LLC FV BEATRIZ CRISTINA",7850 Nw South River Dr,Medley,33166,"Miami-Dade County,Florida; 8806955	28/05/2026",United States,third-country,FFP,ZV,,,ZV - Freezer Vessel,,
3031626887,"AACH Holding Co. No. 2, LLC FV ISABELLA",7850 Nw South River Dr,Medley,33166,"Miami-Dade County,Florida; 8111465	28/04/2025",United States,third-country,FFP,ZV,,,ZV - Freezer Vessel,,
3007002156,"AACH Holding Co., LLC FV DANIELA",7850 Nw South River Dr,Medley,33166,"Miami-Dade County,Florida; 7107716	28/04/2025",United States,third-country,FFP,ZV,,,ZV - Freezer Vessel,,
3012724552,AFC Trading Co Company,255 Macarthur Dr,New Bedford,02740,"Bristol County,Massachusetts",United States,third-country,FFP,PP,,,PP - Processing Plant,20/04/2023,
1000211860,"AJC International, Inc.",1000 Abernathy Rd Ste 600,Atlanta,10331,"Fulton County,Georgia; O! No processing plant but approved as exporter/processing plant following the Recommendation of the Joint Management Committee from 2005",United States,third-country,FFP,PP,,,PP - Processing Plant,,
1000126574,"AK Victory, Inc. - F/T Alaska Victory",4201 21st Ave W,Seattle,98199,Washington; 7434042	26/04/2023,United States,third-country,FFP,FV,,,FV - Factory Vessel,,
3013093,ALASKA GENERAL SEAFOODS NAKNEK DIVISION,Mile 1 Alaska Peninsula Hwy,Naknek,99633,Alaska,United States,third-country,FFP,PP,,,PP - Processing Plant,18/01/2023,
3012385096,ALASKA'S BEST SEAFOOD,123 EKUK BEACH,Dillingham,,"Dillingham,Alaska",United States,third-country,FFP,PP,,,PP - Processing Plant,07/02/2022,
3008091740,"AMERICAN NEW YORK RI WANG FOOD GROUP CO., LTD.",,MASPETH,,New York,United States,third-country,FFP,PP,,,PP - Processing Plant,,
3007371485,AML Fish International Inc.,,New Bedford,02740,"Bristol County,Massachusetts",United States,third-country,FFP,PP,,,PP - Processing Plant,,
3012039971,"AQUA ROYALE FOODS, INC.",197 WEST SPRING VALLEY AVENUE,Maywood,07607,"Bergen County,New Jersey; O! No processing plant but approved as exporter/processing plant following the Recommendation of the Joint Management Committee from 2005",United States,third-country,FFP,PP,,,PP - Processing Plant,,
3010365286,"ASEA, LLC",601 W 700 S Ste 106,Pleasant Grove,84062,"Utah County,Utah",United States,third-country,FFP,PP,,,PP - Processing Plant,,
3013902160,"AUGELLO ENTERPRISES, LLC dba Southern Coast Trading Company",740 S. SEASIDE AVENUE,San Pedro,,California,United States,third-country,FFP,PP,,,PP - Processing Plant,22/04/2025,
3004135540,AWERS Inc,12832 Ne 14th Pl,Bellevue,98005,"King County,Washington",United States,third-country,FFP,PP,,,PP - Processing Plant,,
3027288826,Aaron Barnhill - Millie G F/V,Newport Port,Newport,97365,"Lincoln County,Oregon",United States,third-country,FFP,ZV,,,ZV - Freezer Vessel,01/08/2023,
3003352996,Access Business Group LLC,5101 Spaulding Plz Se,Ada Township,49355,"Kent County,Michigan",United States,third-country,FFP,PP,,,PP - Processing Plant,21/04/2022,
2010616,"Access Business Group, LLC",5600 Beach Blvd,Buena Park,,"Orange County,California",United States,third-country,FFP,PP,,,PP - Processing Plant,,
3011320261,Ace Group Seafood International Trading,1832 127th St,College Point,11356,New York,United States,third-country,FFP,PP,,,PP - Processing Plant,12/01/2023,
2412472,Acme Smoked Fish,30 Gem St,Brooklyn,11222,"Kings County,New York City,New York",United States,third-country,FFP,PP,,,PP - Processing Plant,31/07/2023,
2436193,Agger Fish Corp,Building 313 Brooklyn Navy Yard,Brooklyn,11205,New York,United States,third-country,FFP,PP,,,PP - Processing Plant,27/07/2026,
3010865990,Aker BioMarine Manufacturing LLC,4494 Campbell Rd,Houston,77041,Texas,United States,third-country,FFP,PP,,,PP - Processing Plant,07/11/2025,
3015469937,Aker BioMarine Manufacturing LLC,1170 Silber Road Houston 77055,Houston,77057,"Harris County,Texas",United States,third-country,FFP,PP,,,PP - Processing Plant,30/01/2026,
3028163,Alaska General Seafoods,980 Stedman St,Ketchikan,99901,"Ketchikan Gateway,Alaska",United States,third-country,FFP,PP,,,PP - Processing Plant,18/01/2023,
3008276058,Alaska General Seafoods,"Mile 1.5, Peninsula Hwy",Naknek,99633,Alaska,United States,third-country,FFP,PP,,,PP - Processing Plant,18/01/2023,
3009145414,Alaska Glacier Seafoods Inc,8895 Mallard St,Juneau,99801,"Juneau,Alaska",United States,third-country,FFP,PP,,,PP - Processing Plant,18/01/2022,
3031805,"Alaska Glacier Seafoods, Inc.",13555 Glacier Hwy,Juneau,99801,"Juneau,Alaska",United States,third-country,FFP,PP,,,PP - Processing Plant,11/04/2024,
3005878839,Alaska Marine Nutrition LLC,,Nikiski,,Alaska,United States,third-country,FFP,PP,,,PP - Processing Plant,,
3020470,"Alaska Sausage Company, Inc.",2914 Arctic Blvd,Anchorage,99503,"Anchorage,Alaska",United States,third-country,FFP,PP,,,PP - Processing Plant,,
3010780629,"Alaska Wild Seafood Partners, LLC",129 Harbor Loop Road,Cordova,,"Valdez-Cordova,Alaska",United States,third-country,FFP,PP,,,PP - Processing Plant,,
3017106322,Alaska's Best Seafood II,202 Cannery Dr,Dillingham,99576,Alaska,United States,third-country,FFP,PP,,,PP - Processing Plant,26/05/2026,
1000126962,"Alaskan Leader Fisheries, LLC - F/V Alaskan Leader",8874 Bender Rd Ste 201,Lynden,98264,"Whatcom County,Washington; 8845767",United States,third-country,FFP,ZV,,,ZV - Freezer Vessel,,
3005351407,"Alaskan Leader Fisheries, LLC - F/V Bering Leader",8874 Bender Rd Ste 201,Lynden,98264,"Whatcom County,Washington; 8997845",United States,third-country,FFP,ZV,,,ZV - Freezer Vessel,,
3001830824,"Alaskan Leader Fisheries, LLC - F/V Bristol Leader",8874 Bender Rd Ste 201,Lynden,98264,"Whatcom County,Washington; 9198408",United States,third-country,FFP,ZV,,,ZV - Freezer Vessel,,
3010119228,"Alaskan Leader Fisheries, LLC - F/V Northern Leader",8874 Bender Rd Ste 201,Lynden,98264,"Whatcom County,Washington",United States,third-country,FFP,ZV,,,ZV - Freezer Vessel,,
2429538,"Alba Specialty Seafood Co., Inc.",,New York City,10452,"New York City,New York; O! No processing plant but approved as exporter/processing plant following the Recommendation of the Joint Management Committee from 2005",United States,third-country,FFP,CS,,,CS - Cold Stores,,
1000115645,AmeriQual Foods,18200 Highway 41 N,Evansville,47710,"Vanderburgh County,Indiana",United States,third-country,FFP,PP,,,PP - Processing Plant,,
3013547467,America New York Ri Wang Food Group Co. Ltd.,30 Inez Dr,Bay Shore,11706,"Suffolk County,New York",United States,third-country,FFP,PP,,,PP - Processing Plant,26/10/2022,
3007508228,American Albacore Fishing Association,4364 Bonita Rd #311,Bonita,91902,California; O! No processing plant but approved as exporter/processing plant following the Recommendation of the Joint Management Committee from 2005,United States,third-country,FFP,PP,,,PP - Processing Plant,20/01/2025,
3006063149,American Caviar,,New York City,10452,"New York City,New York; O! No processing plant but approved as exporter/processing plant following the Recommendation of the Joint Management Committee from 2005",United States,third-country,FFP,CS PP,,,CS - Cold Stores | PP - Processing Plant,26/10/2022,
1223287,"American Mussel Harvesters, Inc.",,Narragansett,,Rhode Island,United States,third-country,FFP,PP,,,PP - Processing Plant,,
3025916,American Seafoods Company LLC - F/T American Dynasty,2025 First Ave Suite 900,Seattle,98121,Washington; 7390428	25/04/2023,United States,third-country,FFP,FV,,,FV - Factory Vessel,,
3027511856,American Seafoods Company LLC - F/T American Empress II,"F/T American Empress II, 2025 First Ave Suite 900",Seattle,98121,Washington,United States,third-country,FFP,FV,,,FV - Factory Vessel,11/10/2023,
3025919,American Seafoods Company LLC - F/T American Triumph,2025 First Ave Suite 900,Seattle,98121,Washington; 7738412	01/06/2023,United States,third-country,FFP,FV,,,FV - Factory Vessel,,
3025960,American Seafoods Company LLC - F/T Northern Eagle,2025 First Ave Suite 900,Seattle,98121,Washington,United States,third-country,FFP,FV,,,FV - Factory Vessel,01/06/2023,
3025964,American Seafoods Company LLC - F/T Northern Jaeger,2025 First Ave Suite 900,Seattle,98121,Washington; 7334826	01/06/2023,United States,third-country,FFP,FV,,,FV - Factory Vessel,,
3025034,American Seafoods Company LLC - F/T Ocean Rover,2025 First Ave Suite 900,Seattle,98121,Washington; 7303968	26/04/2023,United States,third-country,FFP,FV,,,FV - Factory Vessel,,
3031113,American Seafoods Company LLC- F/T Katie Ann,2025 First Ave Suite 900,Seattle,98121,Washington; 6931055	26/04/2023,United States,third-country,FFP,FV,,,FV - Factory Vessel,,
1215407,"American Seafoods International, LLC",,New Bedford,02740,"Bristol County,Massachusetts; O! No processing plant but approved as exporter/processing plant following the Recommendation of the Joint Management Committee from 2005",United States,third-country,FFP,PP,,,PP - Processing Plant,,
3023372690,American Unagi LLC,"186 One Pie Road, Waldoboro ME 04573",Waldoboro,04572,"Lincoln County,Maine",United States,third-country,FFP,PP,,,PP - Processing Plant,27/04/2026,
2953561,Americold,,Pajaro Dunes,95061,"Santa Cruz County,California; O! No processing plant but approved as exporter/processing plant following the Recommendation of the Joint Management Committee from 2005",United States,third-country,FFP,CS,,,CS - Cold Stores,,
2000008626,Americold LLC,455 John Hancock Rd,Taunton,02780,Massachusetts,United States,third-country,FFP,CS,,,CS - Cold Stores,18/01/2023,
1219078,Americold Logistics - 80507,69 Rogers St,Gloucester,01930,Massachusetts,United States,third-country,FFP,CS,,,CS - Cold Stores,18/01/2023,
3009085592,Americold Logistics LLC,1301 26th Ave E,Tacoma,98424,Washington,United States,third-country,FFP,CS,,,CS - Cold Stores,26/10/2022,
2911894,Americold Logistics LLC,660 5th St,Turlock,95380,California,United States,third-country,FFP,CS,,,CS - Cold Stores,18/01/2023,
3020068,Americold Logistics Llc,,Salem,97301,"Marion County,Oregon",United States,third-country,FFP,CS,,,CS - Cold Stores,,
3003673087,"Americold Logistics, LLC",1 Rowe Sq,Gloucester,01930,Massachusetts,United States,third-country,FFP,CS,,,CS - Cold Stores,18/01/2023,
3015270,"Americold Logistics, LLC",406 2nd Street,Lynden,98264,"Whatcom County,Washington",United States,third-country,FFP,PP CS,,,PP - Processing Plant | CS - Cold Stores,11/04/2024,
3019942,"Americold Logistics, LLC",9501 SE McLoughlin Blvd.,Milwaukee,53007,"Milwaukee County,Wisconsin",United States,third-country,FFP,CS,,,CS - Cold Stores,,
1212030,"Americold Logistics, LLC",165 Read St,Portland,04019,"Cumberland County,Maine",United States,third-country,FFP,CS,,,CS - Cold Stores,,
3027277899,Ana Marie Fisheries Inc - Ana Maria F/V,Newport Port,Newport,97365,"Lincoln County,Oregon",United States,third-country,FFP,ZV,,,ZV - Freezer Vessel,01/08/2023,
3005746993,"Anthony Seafoods, Inc.",,Miramar,33021,"Broward County,Florida; O! No processing plant but approved as exporter/processing plant following the Recommendation of the Joint Management Committee from 2005",United States,third-country,FFP,PP,,,PP - Processing Plant,,
3003102856,Apex Cold Storage,3400 Industry Dr East,Fife,98424,Washington,United States,third-country,FFP,CS,,,CS - Cold Stores,17/02/2023,
3000153232,Apex Cold Storage,8022 South 212 th Street,Kent,98032,"King County,Washington",United States,third-country,FFP,CS,,,CS - Cold Stores,17/02/2023,
3027277907,Apollo Charters Inc - Piky F/V,Newport Port,Newport,97365,"Lincoln County,Oregon",United States,third-country,FFP,FV,,,FV - Factory Vessel,01/08/2023,
3008398944,"Aqua Best, Inc.",17 Spencer St,Brooklyn,11205,New York,United States,third-country,FFP,PP,,,PP - Processing Plant,26/07/2024,
3007876176,Aqua For,170 Midland St,Bridgeport,06605,"Fairfield County,Connecticut; O! No processing plant but approved as exporter/processing plant following the Recommendation of the Joint Management Committee from 2005",United States,third-country,FFP,PP,,,PP - Processing Plant,20/04/2023,
3002517691,Aqua Star (USA) Corp,2025 1st Ave Ste 200,Seattle,98121,Washington; O! No processing plant but approved as exporter/processing plant following the Recommendation of the Joint Management Committee from 2005,United States,third-country,FFP,PP,,,PP - Processing Plant,18/01/2023,
2954413,Aquafuture Corporation,,Monterey,,"Monterey County,California; O! No processing plant but approved as exporter/processing plant following the Recommendation of the Joint Management Committee from 2005",United States,third-country,FFP,PP,,,PP - Processing Plant,,
1000518747,"Aquamar, Inc.",10888 7th St,Rancho Cucamonga,91730,"San Bernardino County,California",United States,third-country,FFP,PP,,,PP - Processing Plant,26/10/2022,
3014901099,Arizona Nutritional Supplements,14700 Nw 60th Ave,Miami Lakes,33014,"Miami-Dade County,Florida",United States,third-country,FFP,PP,,,PP - Processing Plant,,
3003159106,"Aspire Pharmaceuticals, Inc.",37 & 41 Veronica Ave,Somerset,08873,New Jersey,United States,third-country,FFP,PP,,,PP - Processing Plant,31/07/2025,
3004008971,Astoria Pacific Seafoods,55 Pier 2 Port Dock,Astoria,97103,"Clatsop County,Oregon",United States,third-country,FFP,PP,,,PP - Processing Plant,22/07/2025,
1222246,"Atlantic Coast Seafood, Inc.",42 Fish Pier St W Pier 42-44,Boston,02210,Massachusetts,United States,third-country,FFP,PP,,,PP - Processing Plant,27/07/2026,
2086959,Atlantic Pacific Trading Corp. International,,Mission Hills,92103,"San Diego County,California; O! No processing plant but approved as exporter/processing plant following the Recommendation of the Joint Management Committee from 2005",United States,third-country,FFP,PP,,,PP - Processing Plant,,
2952332,"Azuma Foods International Inc., USA",20201 Mack St,Hayward,94545,"Alameda County,California",United States,third-country,FFP,PP,,,PP - Processing Plant,21/04/2023,
3004262356,"Azuma Foods International Inc.,U.S.A. New York Branch",20 Murray Hill Pkwy Ste 130,East Rutherford,07073,"Bergen County,New Jersey; O! No processing plant but approved as exporter/processing plant following the Recommendation of the Joint Management Committee from 2005",United States,third-country,FFP,CS,,,CS - Cold Stores,,
1000114027,BAMA SEA PRODUCTS,756 28th St S,Saint Petersburg,33706,"Pinellas County,Florida",United States,third-country,FFP,PP,,,PP - Processing Plant,,
3027277703,BCS Burlington,301 S Walnut St,Burlington,98233,Washington,United States,third-country,FFP,CS,,,CS - Cold Stores,31/07/2023,
3014575871,BLUE OCEAN SEAFOOD INC,340 Pine Point Rd,Scarborough,04074,"Cumberland County,Maine",United States,third-country,FFP,PP,,,PP - Processing Plant,18/07/2022,
3026890628,BSC Fisheries LLC,1264 Oceanview Ave,Marathon,33050,"Monroe County,Florida",United States,third-country,FFP,PP,,,PP - Processing Plant,27/07/2026,
1000116795,Baileys Harbor Fish Company,8099 Ridges Rd,Baileys Harbor,54202,"Door County,Wisconsin",United States,third-country,FFP,PP,,,PP - Processing Plant,,
3027288295,Banjo Fishing Inc - Captain Banjo F/V,Westport Marina,Westport,98595,"Grays Harbor County,Washington",United States,third-country,FFP,ZV,,,ZV - Freezer Vessel,01/08/2023,
2000012118,Baywatch Seafoods LLC,,Naknek,,Alaska,United States,third-country,FFP,PP,,,PP - Processing Plant,,
3008702776,Bean Maine Lobster Inc.,29 Gordon Dr,Rockland,,"Knox County,Maine",United States,third-country,FFP,PP,,,PP - Processing Plant,,
2317403,Beaucoup Crawfish of Eunice Inc dba Riceland Crawfish,101 S East St,Eunice,70535,"St. Landry Parish,Louisiana",United States,third-country,FFP,PP,,,PP - Processing Plant,19/01/2024,
1013685,"Beaver Street Fisheries, Inc.",1741 W Beaver St,Jacksonville,32209,"Duval County,Florida",United States,third-country,FFP,PP,,,PP - Processing Plant,21/04/2023,
1000113708,Beck's Smokery,,Pompano Beach,33060,"Broward County,Florida",United States,third-country,FFP,PP,,,PP - Processing Plant,,
3027270267,BellaRella Inc - Billie Marie II F/V,Westport Marina,Westport,98595,"Grays Harbor County,Washington",United States,third-country,FFP,ZV,,,ZV - Freezer Vessel,01/08/2023,
3020444,Bellingham Cold Storage - Orchard,600 W Orchard Dr,Bellingham,98225,"Whatcom County,Washington",United States,third-country,FFP,CS,,,CS - Cold Stores,10/10/2023,
3012106,Bellingham Cold Storage - Roeder,2825 Roeder Ave,Bellingham,98225,"Whatcom County,Washington",United States,third-country,FFP,CS,,,CS - Cold Stores,25/04/2022,
3027289418,Benjamin Platt - Miss Heidi F/V,Westport Marina,Westport,98595,"Grays Harbor County,Washington",United States,third-country,FFP,ZV,,,ZV - Freezer Vessel,01/08/2023,
3011090219,"Bering Select, LLC",365 E Point Road,Dutch Harbor,99692,Alaska,United States,third-country,FFP,PP,,,PP - Processing Plant,15/10/2025,
3022131,Big Creek Fisheries,7.5 miles North of Egegik,Egegik,99579,Alaska,United States,third-country,FFP,PP,,,PP - Processing Plant,21/04/2023,
3000203174,"Big Stone Bay Fishery, Inc.",10975 US Hwy 23,Mackinaw City,49701,"Cheboygan County,Michigan",United States,third-country,FFP,PP,,,PP - Processing Plant,,
3015346050,"Bioriginal Marketing, Ltd.",2202 1/2 H Rd.,Grand Junction,81505,Colorado,United States,third-country,FFP,PP,,,PP - Processing Plant,27/04/2026,
1122644,Blue Crab Bay CO.,,Onancock,,"Accomack County,Virginia; O! No processing plant but approved as exporter/processing plant following the Recommendation of the Joint Management Committee from 2005",United States,third-country,FFP,PP,,,PP - Processing Plant,,
3001236029,Blue Ribbon Fish Company,,New York City,10452,"New York City,New York",United States,third-country,FFP,PP,,,PP - Processing Plant,,
2915455,"Blue River Seafood, Inc. dba Pucci Foods",25447 Industrial Blvd,Hayward,94545,"Alameda County,California",United States,third-country,FFP,PP,,,PP - Processing Plant,10/10/2023,
3010705161,Blue Sea Products,,New Bedford,02740,"Bristol County,Massachusetts; O! No processing plant but approved as exporter/processing plant following the Recommendation of the Joint Management Committee from 2005",United States,third-country,FFP,PP,,,PP - Processing Plant,,
3013914,Bornstein Seafoods Inc,9 Portway St,Astoria,97103,"Clatsop County,Oregon",United States,third-country,FFP,PP,,,PP - Processing Plant,,
3011041,Bornstein Seafoods Inc,1001 Hilton Ave,Bellingham,98225,"Whatcom County,Washington",United States,third-country,FFP,PP,,,PP - Processing Plant,,
3006753092,"Boston Lobster Company, LLC",345 W 1st St,Boston,02102,"Suffolk County,Massachusetts",United States,third-country,FFP,PP,,,PP - Processing Plant,,
3004118247,"Boston Sword and Tuna, Inc.",10 Codfish Way,Boston,02210,Massachusetts,United States,third-country,FFP,PP,,,PP - Processing Plant,10/10/2023,
3014764,Boundary Fish Company Inc.,223 Sigurdson Ave,Blaine,,"Whatcom County,Washington",United States,third-country,FFP,PP,,,PP - Processing Plant,,
1223176,"Bristol Seafood, LLC",5 Portland Fish Pier,Portland,04019,"Cumberland County,Maine",United States,third-country,FFP,PP,,,PP - Processing Plant,,
1222059,Browne Trading Co.,,Portland,04019,"Cumberland County,Maine",United States,third-country,FFP,PP,,,PP - Processing Plant,,
2027699,Bumble Bee Seafoods,13100 Arctic Cir,Santa Fe Springs,90670,"Los Angeles County,California",United States,third-country,FFP,PP,,,PP - Processing Plant,21/04/2022,
3010986594,C&F Fishing Ltd - Her Grace F/V,Garibaldi Marina,Garibaldi,97118,"Tillamook County,Oregon",United States,third-country,FFP,ZV,,,ZV - Freezer Vessel,01/08/2023,
3025971,"C/P Arctic Fjord (Arctic Fjord, Inc.)","2727 Alaskan Way, Pier 69",Seattle,98121,Washington; 7391305	09/02/2024,United States,third-country,FFP,FV,,,FV - Factory Vessel,,
3025921,"C/P Arctic Storm - Arctic Storm, Inc.","2727 Alaskan Way, Pier 69",Seattle,,"King County,Washington; 8720113	30/01/2026",United States,third-country,FFP,FV,,,FV - Factory Vessel,,
3009794980,CAPE SEAFOOD LLC,84 Industrial Park Rd,Saco,04072,"York County,Maine",United States,third-country,FFP,PP,,,PP - Processing Plant,21/04/2022,
3008919757,CEH LLC,2944 Jean Lafitte Blvd,Jean Lafitte,,"Jefferson Parish,Louisiana",United States,third-country,FFP,PP,,,PP - Processing Plant,,
3010801649,"CHECKMARK PACKING, INC.",,New Bedford,02740,"Bristol County,Massachusetts",United States,third-country,FFP,PP,,,PP - Processing Plant,,
3014321858,CHEF KERN'S WHOLESALE LLC,"3060 KEITH BRIDGE ROAD,SUITE 8",Cumming,,"Forsyth County,Georgia",United States,third-country,FFP,PP,,,PP - Processing Plant,15/10/2025,
3013010756,COASTAL VILLAGES LONGLINE LLC F/V FLICKA,711 H STREET SUITE 200,Anchorage,99501,Alaska,United States,third-country,FFP,FV,,,FV - Factory Vessel,01/08/2025,
3007582615,CS Storage IV Inc.,230 Kenneth Welch Drive,Lakeville,02347,"Plymouth County,Massachusetts",United States,third-country,FFP,CS,,,CS - Cold Stores,20/04/2023,
3031982270,"Cal Marine Fish Company, LLC",960 S Sanborn Rd,Salinas,93901,"Monterey County,California",United States,third-country,FFP,PP,,,PP - Processing Plant,28/10/2024,
3015979138,"Cal Marine Fish Company, LLC",201 E Wharf St,San Pedro,,California,United States,third-country,FFP,PP,,,PP - Processing Plant,20/01/2025,
3008597600,Calendar Islands Maine Lobster LLC,64 Portland Fish Pier,Portland,04019,"Cumberland County,Maine; O! No processing plant but approved as exporter/processing plant following the Recommendation of the Joint Management Committee from 2005",United States,third-country,FFP,PP,,,PP - Processing Plant,,
3010556,California Shellfish Co. Inc. dba Point Adams Packing Co.,482 Fleet St,Hammond,97121,"Clatsop County,Oregon",United States,third-country,FFP,PP,,,PP - Processing Plant,,
3043902938,Canastra Fishing Company,4 Washington St,Fairhaven,02719,"Bristol County,Massachusetts",United States,third-country,FFP,PP,,,PP - Processing Plant,27/07/2026,
3009321018,Cape Cod Fishing LP - ZV Cape Cod,15375 Se 30th Pl Ste 280,Bellevue,98007,Washington; 7806283	26/01/2025,United States,third-country,FFP,ZV,,,ZV - Freezer Vessel,,
1042868,"Carlos Seafood, Inc.",4041 NW 28th St,Miami,33167,"Miami-Dade County,Florida",United States,third-country,FFP,PP,,,PP - Processing Plant,25/04/2022,
1028242,Carrington Foods,200 Jacintoport Blvd,Saraland,36571,Alabama,United States,third-country,FFP,PP,,,PP - Processing Plant,21/04/2023,
3002915799,Casey's Seafood Inc.,,Newport News,23001,"Newport News City,Virginia",United States,third-country,FFP,PP,,,PP - Processing Plant,,
2030761,"Catalina Offshore Products, Inc.",,San Diego,91902,"San Diego County,California",United States,third-country,FFP,PP,,,PP - Processing Plant,,
3001642386,Catsmo llc,25 Myers Rd,Wallkill,12589,New York,United States,third-country,FFP,PP,,,PP - Processing Plant,18/05/2022,
2917516,Central Cold Storage Corporation,13526 Blackie Rd,Castroville,95012,"Monterey County,California",United States,third-country,FFP,CS,,,CS - Cold Stores,10/10/2023,
1223611,"Champlain Seafood USA, Inc. DBA Boston Wholesale Lobster",78 Marine Blvd,Lynn,01905,Massachusetts,United States,third-country,FFP,PP,,,PP - Processing Plant,11/04/2024,
1211965,Channel Fish Company,370 E Eagle St,East Boston,,Massachusetts,United States,third-country,FFP,PP,,,PP - Processing Plant,,
1210004,"Channel Fish Processing Co., Inc.",200 Commerce Dr,Braintree,02184,"Norfolk County,Massachusetts",United States,third-country,FFP,PP,,,PP - Processing Plant,25/04/2022,
3009465926,"Chesapeake Bay Enterprises, Inc.",800 Neptune Ln.,Neptune Beach,32266,"Duval County,Florida; O! No processing plant but approved as exporter/processing plant following the Recommendation of the Joint Management Committee from 2005",United States,third-country,FFP,PP,,,PP - Processing Plant,,
1123349,"Chesapeake Bay Packing , LLC",,Newport News,23001,"Newport News City,Virginia",United States,third-country,FFP,PP,,,PP - Processing Plant,,
2012585,Chesapeake Fish Company,,San Diego,91902,"San Diego County,California",United States,third-country,FFP,PP,,,PP - Processing Plant,,
3031156319,Christian Hooper - F/V Aloha,Newport Port,Newport,97365,"Lincoln County,Oregon",United States,third-country,FFP,ZV,,,ZV - Freezer Vessel,19/09/2024,
3044422889,Circle I,1021 River St,Aberdeen,98520,Washington,United States,third-country,FFP,ZV,,,ZV - Freezer Vessel,11/09/2026,
3031404583,Circle Seafoods QALICB Inc,100 Tait St,Metlakatla,99926,"Prince of Wales-Hyder,Alaska",United States,third-country,FFP,PP,,,PP - Processing Plant,15/10/2025,
3006779032,Clear Ocean Seafoods,1601 Yearout Drive,Westport,98595,"Grays Harbor County,Washington",United States,third-country,FFP,PP,,,PP - Processing Plant,,
3008847836,Coastal Villages Longline LLC - F/V Lilli Ann,711 H St Ste 200,Anchorage,99501,Alaska; 9020924	31/07/2025,United States,third-country,FFP,ZV,,,ZV - Freezer Vessel,,
3027288285,Coco Faulk - Aqua Leo F/V,Westport Marina,Westport,98595,"Grays Harbor County,Washington",United States,third-country,FFP,ZV,,,ZV - Freezer Vessel,01/08/2023,
3004696255,Coffee Point Seafoods,1.5 Miles S. of Big Creek,Egegik,99579,Alaska,United States,third-country,FFP,PP,,,PP - Processing Plant,18/01/2023,
1042869,"Collins Fish and Seafood, Inc.",,Miami,33167,"Miami-Dade County,Florida",United States,third-country,FFP,PP,,,PP - Processing Plant,,
1000113902,Colorado Boxed Beef Co.,,Port Everglades,,Florida; O! No processing plant but approved as exporter/processing plant following the Recommendation of the Joint Management Committee from 2005,United States,third-country,FFP,CS,,,CS - Cold Stores,,
3002900409,Commodity Forwarders,8150 NW 21st St,Doral,33178,"Miami-Dade County,Florida",United States,third-country,FFP,CS,,,CS - Cold Stores,,
3011456475,Commodity Forwarders Inc,240 Lawrence Ave Suite B,San Francisco,94080,California,United States,third-country,FFP,CS,,,CS - Cold Stores,26/07/2024,
3012356833,Commodity Forwarders Inc,88 Black Falcon Ave Ste 140,Boston,02210,Massachusetts,United States,third-country,FFP,CS,,,CS - Cold Stores,26/10/2022,
3004075563,Commodity Forwarders Inc,19034 13th Place South #3,Seattle,,"King County,Washington",United States,third-country,FFP,CS,,,CS - Cold Stores,,
3007095443,Commodity Forwarders Inc,220 Lawrence Ave,Lawrence,11559,"Nassau,New York",United States,third-country,FFP,CS,,,CS - Cold Stores,,
3012754838,Commodity Forwarders Inc,4000 W 50th Ave Ste 1,Anchorage,99502,Alaska,United States,third-country,FFP,CS,,,CS - Cold Stores,20/04/2023,
1946257,Conagra Frozen Foods,,Marshall,65340,"Saline County,Missouri",United States,third-country,FFP,PP,,,PP - Processing Plant,,
2085573,"Contessa Food Products, Inc.",,San Pedro,,California; O! No processing plant but approved as exporter/processing plant following the Recommendation of the Joint Management Committee from 2005,United States,third-country,FFP,PP,,,PP - Processing Plant,,
3004339551,"Contessa Premium Foods, Inc.",,Los Angeles,,"Los Angeles County,California",United States,third-country,FFP,PP,,,PP - Processing Plant,,
3010613328,Continental Cold Storage LLC,63 Conway St,New Bedford,02740,"Bristol County,Massachusetts",United States,third-country,FFP,CS,,,CS - Cold Stores,26/10/2022,
3014744224,Cool Port Oakland,575 Maritime St,Oakland,94607,California,United States,third-country,FFP,CS,,,CS - Cold Stores,11/04/2024,
3012488559,Copper River Seafoods - Anchorage West,1304 Laona Cir,Anchorage,99518,Alaska,United States,third-country,FFP,PP,,,PP - Processing Plant,17/08/2022,
3004548595,"Copper River Seafoods, Anchorage",1400 E 1st Ave,Anchorage,95501,Alaska,United States,third-country,FFP,PP,,,PP - Processing Plant,17/08/2022,
3001237693,"Copper River Seafoods, Cordova","300 Cannery Row, Copper River Seafoods",Cordova,99574,Alaska,United States,third-country,FFP,PP,,,PP - Processing Plant,17/08/2022,
3010684780,"Copper River Seafoods, Naknek",0.5 Mile Alaska Peninsula Hwy,Naknek,99633,Alaska,United States,third-country,FFP,PP,,,PP - Processing Plant,19/01/2024,
3015500367,Cortez Bottarga LLC.,4430 2nd Ave S,Saint Petersburg,33706,"Pinellas County,Florida",United States,third-country,FFP,PP,,,PP - Processing Plant,,
3003327254,Costco Depot #265,12 Costco Dr,Monroe Township,08831,New Jersey,United States,third-country,FFP,CS,,,CS - Cold Stores,28/10/2024,
1222268,Cozy Harbor Seafoods,,Portland,04019,"Cumberland County,Maine",United States,third-country,FFP,PP,,,PP - Processing Plant,,
3005295111,D&D Seafood Corporation,2771 NW 24th St,Miami,33167,"Miami-Dade County,Florida",United States,third-country,FFP,PP,,,PP - Processing Plant,25/04/2022,
3010903957,D&E IMPORT LLC,1 W Ames Ct Ste 203,Plainview,11803,"Nassau,New York; O! No processing plant but approved as exporter/processing plant following the Recommendation of the Joint Management Committee from 2005",United States,third-country,FFP,PP,,,PP - Processing Plant,19/07/2023,
3002952536,D.C. Air & Seafood Inc.,258 Newman St,Winter Harbor,04693,"Hancock County,Maine",United States,third-country,FFP,CS,,,CS - Cold Stores,07/02/2022,
3009352330,"DAILY WHOLESALE, INC.",3325 126th Pl,Corona,,"Roberts County,South Dakota",United States,third-country,FFP,CS,,,CS - Cold Stores,,
3011550833,DAWAY SEAFOOD Dba APEX WILD SEAFOOD,,San Diego,91902,"San Diego County,California",United States,third-country,FFP,PP,,,PP - Processing Plant,,
3005035468,"DSM Nutritional Products, LLC",501 Washington St,Arcadia,54612,"Trempealeau County,Wisconsin",United States,third-country,FFP,PP,,,PP - Processing Plant,,
3005275738,Da Yang Seafood Inc,45 Pier 2 Bldg A,Astoria,97103,"Clatsop County,Oregon",United States,third-country,FFP,PP,,,PP - Processing Plant,,
2132820,"Dan's Fish, Inc.",152 Jib St,Sturgeon Bay,54235,"Door County,Wisconsin",United States,third-country,FFP,PP,,,PP - Processing Plant,18/01/2022,
3006748073,Darel Co. Inc.,"1501 Main St, Unit 11",Tewksbury,,"Middlesex County,Massachusetts; O! No processing plant but approved as exporter/processing plant following the Recommendation of the Joint Management Committee from 2005",United States,third-country,FFP,PP,,,PP - Processing Plant,,
1000303395,"Day-Lee Foods, Inc.",13055 E.Molette Street,Santa Fe Springs,90670,"Los Angeles County,California",United States,third-country,FFP,PP,,,PP - Processing Plant,,
1523006,"Decko Products, Inc.",,Sandusky,44870,"Erie County,Ohio",United States,third-country,FFP,PP,,,PP - Processing Plant,,
3006165078,"Del Mar Seafoods, Inc.",924 E 3rd St,Oxnard,,"Ventura County,California",United States,third-country,FFP,PP,,,PP - Processing Plant,,
2955466,"Del Mar Seafoods, Inc.",331 Ford St,Watsonville,,"Santa Cruz County,California",United States,third-country,FFP,PP,,,PP - Processing Plant,,
2028100,"DiCarlo Seafood Company, Inc.",842 Pioneer Ave,Wilmington,,"Wabaunsee County,Kansas",United States,third-country,FFP,PP,,,PP - Processing Plant,,
3021622,Domsea Farms,,Rochester,,"Thurston County,Washington",United States,third-country,FFP,PP,,,PP - Processing Plant,,
1121118,Dori Foods,3410 Norfolk St,Richmond,23235,"Richmond City,Virginia",United States,third-country,FFP,PP,,,PP - Processing Plant,,
3003060106,"Dorr Lobster Co., Inc",,Milbridge,04658,"Washington County,Maine",United States,third-country,FFP,PP,,,PP - Processing Plant,,
3027273105,Doug Morrison - Tempo F/V,Westport Marina,Westport,98595,"Grays Harbor County,Washington",United States,third-country,FFP,ZV,,,ZV - Freezer Vessel,01/08/2023,
1222028,"Douty Bros., Inc.",,Portland,04019,"Cumberland County,Maine",United States,third-country,FFP,PP,,,PP - Processing Plant,,
3027288854,Dustin Selck - Scorpio F/V,Newport Port,Newport,97365,"Lincoln County,Oregon",United States,third-country,FFP,ZV,,,ZV - Freezer Vessel,01/08/2023,
3001182785,E & E Foods Inc,900 Powell Ave Sw,Renton,98057,Washington,United States,third-country,FFP,PP,,,PP - Processing Plant,18/07/2022,
3009460843,"E & E Foods, Inc.",34100 9th Ave S Ste B,Federal Way,98003,"King County,Washington",United States,third-country,FFP,PP,,,PP - Processing Plant,,
3014223,"E C Phillips & Sons, Inc.",1775 Tongass Ave,Ketchikan,99901,"Ketchikan Gateway,Alaska",United States,third-country,FFP,PP,,,PP - Processing Plant,,
3012414,E.C. Phillips & Son Inc,301 Harbor Way,Petersburg,99833,"Petersburg Borough,Alaska",United States,third-country,FFP,PP,,,PP - Processing Plant,28/10/2024,
3019748208,EASTERN FISHERIES INC,SAMUEL BARNET BLVD 214,New Bedford,02740,"Bristol County,Massachusetts",United States,third-country,FFP,PP,,,PP - Processing Plant,07/02/2022,
1000120819,"EASTERN FISHERIES, INC.",14 HERVEY TICHON AVE,New Bedford,02740,"Bristol County,Massachusetts",United States,third-country,FFP,PP,,,PP - Processing Plant,18/01/2022,
3010781546,East Coast Seafood,89 Newbury St Ste 300,Danvers,01923,Massachusetts; O! No processing plant but approved as exporter/processing plant following the Recommendation of the Joint Management Committee from 2005,United States,third-country,FFP,PP,,,PP - Processing Plant,22/07/2025,
1222722,"Eastern Fisheries, Inc.",14 Hervey Tichon Ave,New Bedford,02740,"Bristol County,Massachusetts",United States,third-country,FFP,PP,,,PP - Processing Plant,,
3004344991,"Eastern Fisheries, Inc.",6 Hassey St,New Bedford,02740,"Bristol County,Massachusetts",United States,third-country,FFP,PP,,,PP - Processing Plant,,
3032949999,Echo Falls Seafoods LLC,600 Powell Ave Sw Ste A,Renton,98057,Washington,United States,third-country,FFP,PP,,,PP - Processing Plant,22/07/2025,
3022734,Echo Falls Seafoods LLC,,Monroe,98272,"Snohomish County,Washington",United States,third-country,FFP,PP,,,PP - Processing Plant,,
2320007,Ecrevisse Acadienne,,New Orleans,70001,"Orleans Parish,Louisiana; O! No processing plant but approved as exporter/processing plant following the Recommendation of the Joint Management Committee from 2005",United States,third-country,FFP,PP,,,PP - Processing Plant,,
3004703424,"Encore Products, Inc",,Orlando,23786,"Orange County,Florida",United States,third-country,FFP,CS,,,CS - Cold Stores,,
3003385974,Endeavor Seafood,,Newport,,"Barton County,Missouri; O! No processing plant but approved as exporter/processing plant following the Recommendation of the Joint Management Committee from 2005",United States,third-country,FFP,PP,,,PP - Processing Plant,,
3025922,F/T Arica - North Star Fishing Company LLC,"2001 W Garfield St, Terminal 91, Bldg A-1",Seattle,98119,Washington,United States,third-country,FFP,FV,,,FV - Factory Vessel,01/08/2025,
1000126306,F/T Northern Hawk (Coastal Villages Pollock LLC),"711 H Street, Suite 200",Anchorage,99501,Alaska,United States,third-country,FFP,FV,,,FV - Factory Vessel,20/04/2023,
3013768346,"F/V AMERICA'S FINEST (AMERICA'S FINEST FISHING, LLC)","570 KIRKLAND WAY, SUITE 200",Kirkland,98033,"King County,Washington; 9765548	12/04/2024",United States,third-country,FFP,FV,,,FV - Factory Vessel,,
3010370143,F/V Arctic Prowler,2157 N Northlake Way Ste 210,Seattle,98103,Washington,United States,third-country,FFP,FV,,,FV - Factory Vessel,27/07/2022,
1000126970,F/V Beauty Bay (Beauty Bay Washington LLC),23929 22nd Dr Se,Bothell,98021,Washington; 8852758	15/11/2024,United States,third-country,FFP,ZV,,,ZV - Freezer Vessel,,
3025974,F/V Blue Attu,641 W Ewing St,Seattle,98119,Washington; 8124230	27/01/2025,United States,third-country,FFP,FV,,,FV - Factory Vessel,,
3003722028,F/V Blue Gadus,641 W Ewing St,Seattle,98119,Washington; 7647883	27/01/2025,United States,third-country,FFP,FV,,,FV - Factory Vessel,,
3010785501,F/V Blue North,641 W Ewing St,Seattle,98119,Washington; 9772163	17/01/2025,United States,third-country,FFP,FV,,,FV - Factory Vessel,,
3009755594,"F/V Cape Finisterre Fishing, LP","Eastgate Office Park, 15375 Se 30th Pl Ste 280",Bellevue,98007,Washington; 7912094	26/04/2023,United States,third-country,FFP,FV,,,FV - Factory Vessel,,
3025696959,F/V Charlotte V,4364 Bonita Rd # 311,Bonita,91902,California,United States,third-country,FFP,ZV,,,ZV - Freezer Vessel,07/05/2025,
3025929,F/V Clipper Endeavor,641 W Ewing St,Seattle,98119,Washington; 8856730	27/01/2025,United States,third-country,FFP,FV,,,FV - Factory Vessel,,
3027824,F/V Clipper Epic,641 W Ewing St,Seattle,98119,Washington; 8030726	27/01/2025,United States,third-country,FFP,FV,,,FV - Factory Vessel,,
3025930,F/V Clipper Surprise,641 W Ewing St,Seattle,98119,Washington; 8856754	27/01/2025,United States,third-country,FFP,FV,,,FV - Factory Vessel,,
3014251625,F/V FRIESLAND (FRIESLAND FISHING COMPANY LLC),2535 KETTNER BLVD. STE 1A2,San Diego,91902,"San Diego County,California",United States,third-country,FFP,FV,,,FV - Factory Vessel,,
3027270342,F/V Four C's Inc - Four C's F/V,Westport Marina,Westport,98595,"Grays Harbor County,Washington",United States,third-country,FFP,ZV,,,ZV - Freezer Vessel,01/08/2023,
3026672,F/V Frontier Explorer,641 W Ewing St,Seattle,98119,Washington; 9020912	27/01/2025,United States,third-country,FFP,FV,,,FV - Factory Vessel,,
3025942,F/V Frontier Mariner,641 W Ewing St,Seattle,98119,Washington; 8907163	27/01/2025,United States,third-country,FFP,FV,,,FV - Factory Vessel,,
3025943,F/V Frontier Spirit,641 W Ewing St,Seattle,98119,Washington; 8907151	27/01/2025,United States,third-country,FFP,FV,,,FV - Factory Vessel,,
1223882,"F/V Relentless (Relentless, Inc.)",100 Davisville Pier Rd,North Kingstown,,Rhode Island,United States,third-country,FFP,ZV,,,ZV - Freezer Vessel,24/03/2022,
3004604042,F/V Siberian Sea,2157 N Northlake Way Ste 210,Seattle,98103,Washington,United States,third-country,FFP,FV,,,FV - Factory Vessel,27/07/2022,
3032108,F/V U.S. Liberator,2157 N Northlake Way Ste 210,Seattle,98103,Washington,United States,third-country,FFP,FV,,,FV - Factory Vessel,27/07/2022,
3027286985,F/v Gladnik Inc - Gladnik F/V,Garibaldi Marina,Garibaldi,97118,"Tillamook County,Oregon",United States,third-country,FFP,ZV,,,ZV - Freezer Vessel,03/11/2023,
3004456839,FATHOM SEAFOOD,"1690 MARINE VIEW DRIVE, SUITE C",Tacoma,98422,"Pierce County,Washington",United States,third-country,FFP,PP,,,PP - Processing Plant,10/05/2022,
3001586022,"FISHERMAN'S PRIDE PROCESSORS INC., Dba NEPTUNE FOODS",888 South Ways Street,San Pedro,,California,United States,third-country,FFP,PP,,,PP - Processing Plant,21/04/2022,
3002318872,Fairweather Management Corp dba Premier Packing,406 2nd St,Lynden,98264,"Whatcom County,Washington",United States,third-country,FFP,PP,,,PP - Processing Plant,,
1000113172,"Fishermen's Ice & Bait, Inc.",,Madeira Beach,33738,"Pinellas County,Florida",United States,third-country,FFP,PP,,,PP - Processing Plant,,
3025011,"Fishhawk Fisheries, Inc",1 4th St,Astoria,97103,"Clatsop County,Oregon",United States,third-country,FFP,PP,,,PP - Processing Plant,20/01/2025,
3005785968,Fishpeople Seafood Inc. dba Ilwaco Landing Fishermen,161 Robert Gray Dr Sw,Ilwaco,98624,"Pacific County,Washington",United States,third-country,FFP,PP,,,PP - Processing Plant,,
3000204811,"Fleet Fisheries, Inc.",7 Conway St,New Bedford,02740,"Bristol County,Massachusetts",United States,third-country,FFP,PP,,,PP - Processing Plant,,
1000140451,"Floribbean Wholesale, Inc.",5151 Nw 17th St,Margate,33063,"Broward County,Florida",United States,third-country,FFP,PP,,,PP - Processing Plant,19/01/2024,
3002583975,"Florida Smoked Fish, LLC",550 Ne 185th St,Miami,33179,Florida,United States,third-country,FFP,PP,,,PP - Processing Plant,10/10/2023,
3030935193,Fort Pierce Facility,24 North Cswy,Fort Pierce,34946,Florida,United States,third-country,FFP,PP,,,PP - Processing Plant,20/01/2025,
1642217,"GALVESTON SHRIMP COMPANY, LLC",8011 HARBORSIDE DRIVE,Galveston,77552,"Galveston County,Texas",United States,third-country,FFP,PP,,,PP - Processing Plant,,
3023588,"GASLLC, LLC - M/V Golden Alaska","2200 Alaska Way, Suite 420",Seattle,98121,Washington; 7229710	29/04/2025,United States,third-country,FFP,FV,,,FV - Factory Vessel,,
3003617221,George's Fish & Seafood,,Marvell,,Arkansas,United States,third-country,FFP,PP,,,PP - Processing Plant,,
3025904,Glacier Fish Co LLC - Alaska Ocean F/T,"2001 W. Garfield St., Terminal 91, Building A-1",Seattle,98119,Washington,United States,third-country,FFP,FV,,,FV - Factory Vessel,09/02/2024,
3023666,"Glacier Fish Co., LLC - F/T Northern Glacier","2001 W Garfield St, Terminal 91, Building A-1",Seattle,98119,Washington,United States,third-country,FFP,FV,,,FV - Factory Vessel,09/02/2024,
1000114049,"Glanbia Performance Nutrition (Manufacturing), Inc.",403 Sawgrass Corporate Pkwy,Sunrise,33351,"Broward County,Florida",United States,third-country,FFP,PP,,,PP - Processing Plant,,
3003342964,Golden Eye Seafood,,Piney Point Village,77024,"Harris County,Texas",United States,third-country,FFP,PP,,,PP - Processing Plant,,
1210037,Gorton's Inc.,127 Rogers St,Gloucester,01930,Massachusetts,United States,third-country,FFP,PP,,,PP - Processing Plant,02/05/2022,
3003603816,Great Atlantic Trading Inc.,563 Seaside Rd SW,Ocean Isle Beach,28469,"Brunswick County,North Carolina",United States,third-country,FFP,PP,,,PP - Processing Plant,26/10/2022,
3004385284,"Great Eastern Seafood, Inc","88 Black Falcon Avenue, Suite 160",Boston,02210,Massachusetts,United States,third-country,FFP,PP,,,PP - Processing Plant,27/07/2026,
3033001,Great Ruby Fish Company,,Naknek,,Alaska,United States,third-country,FFP,PP,,,PP - Processing Plant,,
3005694892,Greenhead Lobster LLC,25 London Ln,Seabrook,01913,"Rockingham County,New Hampshire",United States,third-country,FFP,PP,,,PP - Processing Plant,,
3015142737,Greenhead Lobster Products LLC,122 Heritage Park Rd,Bucksport,04416,"Hancock County,Maine",United States,third-country,FFP,PP,,,PP - Processing Plant,12/01/2023,
1000121083,HARLAN AQUASHELL SEAFOODS US INC.,75 Saint John St,Portland,04102,Maine,United States,third-country,FFP,PP,,,PP - Processing Plant,26/10/2022,
3001531284,Haines Packing Company,5 1/2 Mile Mud Bay Rd,Haines,99827,Alaska,United States,third-country,FFP,PP,,,PP - Processing Plant,18/01/2023,
2031538,Haliburton International Corp.,,Rancho Cucamonga,91730,"San Bernardino County,California",United States,third-country,FFP,PP,,,PP - Processing Plant,,
3027273213,Hank and Harry Fisheries Inc - Tombo F/V,Westport Marina,Westport,98595,"Grays Harbor County,Washington",United States,third-country,FFP,ZV,,,ZV - Freezer Vessel,01/08/2023,
3024741,"Happy Crab Seafoods, Inc.",,Portland,97035,"Multnomah County,Oregon",United States,third-country,FFP,PP,,,PP - Processing Plant,,
3027270230,Harlan Matthews - Alliance F/V,Newport Marina,Newport,97365,"Lincoln County,Oregon",United States,third-country,FFP,ZV,,,ZV - Freezer Vessel,01/08/2023,
3000299910,"Healthy Earth Sarasota, Inc.",,Sarasota,34236,"Sarasota County,Florida",United States,third-country,FFP,PP,,,PP - Processing Plant,,
3018307073,"Healthyway Production, Inc.",113 Park Ave,Manalapan,07726,"Monmouth County,New Jersey; O! No processing plant but approved as exporter/processing plant following the Recommendation of the Joint Management Committee from 2005",United States,third-country,FFP,PP,,,PP - Processing Plant,30/01/2026,
1216464,High Liner Foods Inc.,1 Highliner Ave,Portsmouth,03801,"Rockingham County,New Hampshire",United States,third-country,FFP,PP,,,PP - Processing Plant,21/04/2022,
3028299,High Tide Seafoods,,Port Angeles,,"Clallam County,Washington",United States,third-country,FFP,PP,,,PP - Processing Plant,,
3016446958,Highland Farms Ltd,12380 NW 116TH Ave,Doral,33178,"Miami-Dade County,Florida",United States,third-country,FFP,PP,,,PP - Processing Plant,19/07/2023,
1219457,"Home Made Brand Foods Co, Inc.",,Newburyport,,Massachusetts,United States,third-country,FFP,PP,,,PP - Processing Plant,,
1000150994,Home Port Seafoods,"2875 Roeder Ave., #11",Bellingham,98225,"Whatcom County,Washington",United States,third-country,FFP,PP,,,PP - Processing Plant,22/04/2025,
3013135,Hoonah Cold Storage,"303 Front St, Hoonah Cold Storage",Hoonah,99829,"Hoonah-Angoon,Alaska",United States,third-country,FFP,PP,,,PP - Processing Plant,29/01/2024,
1000125500,"Hueneme Fish Processors, Inc.",735 Industrial Ave,Port Hueneme,,"Ventura County,California",United States,third-country,FFP,PP,,,PP - Processing Plant,,
1223883,"Huntress, Inc., dba F/V Persistence",100 Davisville Pier Rd,North Kingstown,,Rhode Island; 8856766	24/03/2022,United States,third-country,FFP,ZV,,,ZV - Freezer Vessel,,
1223343,"Hygrade Ocean Products, Inc.",,New Bedford,02740,"Bristol County,Massachusetts",United States,third-country,FFP,PP,,,PP - Processing Plant,,
1000219942,"I.S.F. Trading, Inc.",,Portland,04019,"Cumberland County,Maine",United States,third-country,FFP,PP,,,PP - Processing Plant,,
2510106,"ISF (USA), Llc Division of High Liner Foods, USA, Inc.",190 Enterprise Dr,Newport News City,23603,"Newport News City,Virginia",United States,third-country,FFP,PP,,,PP - Processing Plant,21/04/2022,
3030220047,"Ice Cube Innovation, LLC",615 Innovation Way,Fall River,02720,Massachusetts,United States,third-country,FFP,CS,,,CS - Cold Stores,30/01/2026,
3012317212,"Icelandirect, LLC",93 Entin Rd,Clifton,07014,New Jersey,United States,third-country,FFP,PP,,,PP - Processing Plant,15/10/2025,
2244531,"Ideal Fish & Seafood Co., Inc.",,Newark,07031,"Essex County,New Jersey",United States,third-country,FFP,PP,,,PP - Processing Plant,,
2000010732,Igloo Exchange LLC,"6745 NW 36th Street, Unit 270",Miami,33166,Florida,United States,third-country,FFP,PP,,,PP - Processing Plant,05/11/2024,
3022617372,Impact Fisheries LLC,2 Industrial Dr,Piedmont,63957,Missouri,United States,third-country,FFP,PP,,,PP - Processing Plant,19/01/2024,
3022702,Independent Packers Corp,2001 W Garfield St Pier 91 Bldg 40,Seattle,98119,Washington,United States,third-country,FFP,PP,,,PP - Processing Plant,18/01/2022,
3001596572,Innova Softgel LLC dba KD Nutra,14193 Sw 119th Ave,Miami,33186,Florida,United States,third-country,FFP,PP,,,PP - Processing Plant,18/01/2023,
3010788237,International Food Group Jacksonville,3100 Hilton St,Jacksonville,32209,"Duval County,Florida; O! No processing plant but approved as exporter/processing plant following the Recommendation of the Joint Management Committee from 2005",United States,third-country,FFP,CS,,,CS - Cold Stores,20/04/2023,
3010583758,Intershell International,9 Blackburn Dr,Gloucester,01930,Massachusetts,United States,third-country,FFP,PP,,,PP - Processing Plant,19/07/2023,
1213119,Ipswich Shellfish Co.,8 Hayward St,Ipswich,01938,Massachusetts,United States,third-country,FFP,PP,,,PP - Processing Plant,10/02/2023,
1000125710,"J. Deluca Fish Company, Inc.",505 E Harry Bridges Blvd,Wilmington,90744,California,United States,third-country,FFP,PP,,,PP - Processing Plant,21/04/2022,
1643284,"JBS PACKING CO.,INC",101 Houston Ave,Port Arthur,77640,"Jefferson County,Texas",United States,third-country,FFP,PP,,,PP - Processing Plant,,
2011481,JFC International Inc.,7101 E Slauson Ave,Commerce,90040,"Los Angeles County,California; O! No processing plant but approved as exporter/processing plant following the Recommendation of the Joint Management Committee from 2005",United States,third-country,FFP,PP,,,PP - Processing Plant,10/05/2022,
3014291306,JM FISHERIES LLC - CAPT VINCENT GANN,2535 KETTNER BLVD. STE 1A2,San Diego,91902,"San Diego County,California",United States,third-country,FFP,FV,,,FV - Factory Vessel,,
1222039,"JT Sea Products, Inc.",,New Bedford,02740,"Bristol County,Massachusetts",United States,third-country,FFP,PP,,,PP - Processing Plant,,
3027265621,Jeremy Coon - Nicole Marie F/V,Garibaldi Marina,Garibaldi,97118,"Tillamook County,Oregon",United States,third-country,FFP,ZV,,,ZV - Freezer Vessel,04/08/2023,
1225859,Jessie Jean Enterprises dba FV Seafarer,22 Shannon Rd,Wakefield,02879,Rhode Island; 8855932	12/04/2024,United States,third-country,FFP,ZV,,,ZV - Freezer Vessel,,
3027288830,Justin Davis - Nightwind F/V,Newport Port,Newport,97365,"Lincoln County,Oregon; 8566323	31/07/2023",United States,third-country,FFP,ZV,,,ZV - Freezer Vessel,,
1031309,KLF FISHERIES LLC,1313 Ocean Bay Dr,Key Largo,33037,Florida,United States,third-country,FFP,PP,,,PP - Processing Plant,26/10/2022,
3013416280,KODIAK DIRECT SEAFOODS,P.O. BOX KZB,Kodiak,99615,"Kodiak Island,Alaska",United States,third-country,FFP,PP,,,PP - Processing Plant,,
1000125448,Kanaloa Seafood,,Santa Barbara,93101,"Santa Barbara County,California",United States,third-country,FFP,PP,,,PP - Processing Plant,,
1000305618,Karen Sue Inc. dba FV Debbie Sue,54 Perrywinkle Rd,Wakefield,02879,Rhode Island,United States,third-country,FFP,ZV,,,ZV - Freezer Vessel,27/01/2025,
1000305619,Karen Sue Inc. dba FV Margaret Holley,54 Perrywinkle Rd,Wakefield,02879,Rhode Island,United States,third-country,FFP,ZV,,,ZV - Freezer Vessel,27/01/2025,
3013895015,KasMart USA Inc,20610 Manhattan Pl Ste 108,Torrance,90501,"Los Angeles County,California; O! No processing plant but approved as exporter/processing plant following the Recommendation of the Joint Management Committee from 2005",United States,third-country,FFP,PP,,,PP - Processing Plant,19/01/2024,
3000720083,Kelley's Katch,,Savannah,38372,"Hardin County,Tennessee",United States,third-country,FFP,PP,,,PP - Processing Plant,,
2084547,Kent Seafarms Corporation,,Mecca,92254,"Riverside County,California",United States,third-country,FFP,PP,,,PP - Processing Plant,,
3004335416,"Kent Warehouse & Labeling, LLC",19801 89th Ave S Bldg G,Kent,98031,Washington,United States,third-country,FFP,CS,,,CS - Cold Stores,22/04/2025,
1028983,"Keys Fisheries, Inc.",3390 Gulfview Ave,Marathon,33050,"Monroe County,Florida",United States,third-country,FFP,PP,,,PP - Processing Plant,02/05/2022,
3027276014,Kilchis Fisheries Inc - Kilchis F/V,Garibaldi Marina,Garibaldi,97118,"Tillamook County,Oregon",United States,third-country,FFP,ZV,,,ZV - Freezer Vessel,01/08/2023,
3027270249,Kilchis Fisheries Inc - Two Captains F/V,Garibaldi Marina,Garibaldi,97118,"Tillamook County,Oregon",United States,third-country,FFP,ZV,,,ZV - Freezer Vessel,01/08/2023,
1011985,King & Prince Seafood,1 King and Prince Blvd,Brunswick,31520,"Glynn County,Georgia",United States,third-country,FFP,PP,,,PP - Processing Plant,22/07/2025,
3017418,King & Prince Seafood Corporation,15110 Ne 90th St,Redmond,,"King County,Washington",United States,third-country,FFP,PP,,,PP - Processing Plant,,
3007610607,"King Salmon Processing, Inc.",Williams Lot,King Salmon,99613,Alaska,United States,third-country,FFP,PP,,,PP - Processing Plant,22/07/2025,
1818241,King's Fish Market,W 11501 Lake St,Naubinway,,Michigan,United States,third-country,FFP,PP,,,PP - Processing Plant,,
3002303139,Kingfisher Trading Co Inc,9320 Mabel Ave,South El Monte,91733,"Los Angeles County,California",United States,third-country,FFP,PP,,,PP - Processing Plant,18/01/2022,
1000114170,"Kings Seafood, Inc.",,Port Orange,,"Volusia County,Florida",United States,third-country,FFP,PP,,,PP - Processing Plant,,
3008937780,Kloosterboer Dutch Harbor LLC,"1362 Ballyhoo Rd, Kloosterboer Dutch Harbor",Dutch Harbor,,Alaska,United States,third-country,FFP,CS,,,CS - Cold Stores,,
3026027,Kruzof Fisheries LLC - F/V Kruzof,Po Box 3302,Seward,99664,Alaska; 8941169	29/01/2026,United States,third-country,FFP,ZV,,,ZV - Freezer Vessel,,
1112711,L.D. Amory & Company,101 S. King St.,Hampton,23669,"Hampton City,Virginia",United States,third-country,FFP,PP,,,PP - Processing Plant,20/01/2025,
3000207019,"LM Foods (DBA Aquamar, Inc.)",100 Raskulinecz Rd,Carteret,07008,"Middlesex County,New Jersey",United States,third-country,FFP,PP,,,PP - Processing Plant,26/10/2022,
1232162,LOBSTER TRAP CO.INC,290 SHORE ROAD,Bourne,02532,Massachusetts,United States,third-country,FFP,PP,,,PP - Processing Plant,17/02/2023,
2220957,LUND'S FISHERIES INC.,997 OCEAN DR. CAPE MAY,Lower Township,08204,"Cape May County,New Jersey",United States,third-country,FFP,PP,,,PP - Processing Plant,11/02/2022,
1000122358,"Lamonica Fine Foods, Inc.",48 Gorton Rd,Millville,08332,"Cumberland County,New Jersey",United States,third-country,FFP,PP,,,PP - Processing Plant,,
1000221646,Leader Creek Fisheries,Mile Post 3.5 Alaska Peninsula Hwy,Naknek,99633,Alaska,United States,third-country,FFP,PP,,,PP - Processing Plant,18/01/2023,
2028966,Lee Kum Kee (USA) Foods Inc.,14455 Don Julian Rd,City of Industry,,California,United States,third-country,FFP,PP,,,PP - Processing Plant,,
3008881231,Liberty Lobster Company,,New Bedford,02740,"Bristol County,Massachusetts",United States,third-country,FFP,PP,,,PP - Processing Plant,,
3020598,Lieb Foods LLC,2550 23rd Ave,Forest Grove,97116,Oregon,United States,third-country,FFP,CS,,,CS - Cold Stores,20/01/2025,
3012103966,Lineage Logistics,7748 Palmetto Commerce Pkwy,North Charleston,29420,"Charleston County,South Carolina",United States,third-country,FFP,CS,,,CS - Cold Stores,12/01/2023,
3001238910,Lineage Logistics,1625 Down River Dr,Woodland,98674,"Cowlitz County,Washington",United States,third-country,FFP,CS,,,CS - Cold Stores,,
3013052112,Lineage Logistics,1010 S 146th St,Burien,98186,"King County,Washington",United States,third-country,FFP,CS,,,CS - Cold Stores,18/01/2022,
3019699,Lineage Logistics,206 Sw Michigan St,Seattle,,"King County,Washington",United States,third-country,FFP,CS,,,CS - Cold Stores,18/01/2022,
1000126701,Lineage Logistics,502 10th Ave N,Algona,98001,Washington,United States,third-country,FFP,CS,,,CS - Cold Stores,18/01/2022,
3019791644,Lineage Logistics,3200 Lineage Way,Portsmouth,23703,"Portsmouth,Virginia",United States,third-country,FFP,CS,,,CS - Cold Stores,19/01/2024,
3003771934,Lineage Logistics,3040 Hilltop Rd,Moss Landing,95039,California,United States,third-country,FFP,CS,,,CS - Cold Stores,19/01/2024,
3010352635,Lineage Logistics,,Oxnard,,"Ventura County,California",United States,third-country,FFP,CS,,,CS - Cold Stores,,
3012648,Lineage Logistics,2001 W Garfield St Pier 90,Seattle,98119,Washington,United States,third-country,FFP,CS,,,CS - Cold Stores,31/07/2025,
3010047391,Lineage Logistics,101 Progress Dr,Rincon,31326,"Effingham County,Georgia",United States,third-country,FFP,CS,,,CS - Cold Stores,07/02/2022,
1000126586,Lineage Logistics,2302 Milwaukee Way,Tacoma,98421,Washington,United States,third-country,FFP,CS,,,CS - Cold Stores,18/01/2022,
3013407054,Lineage Logistics MTC,425 Constitution Dr,Taunton,02780,Massachusetts,United States,third-country,FFP,CS,,,CS - Cold Stores,22/04/2025,
3005962688,Lineage Logistics PFS,45 Campanelli Dr,Westfield,01085,Massachusetts,United States,third-country,FFP,CS,,,CS - Cold Stores,12/01/2023,
3011751441,Lineage Logistics PFS,604 CURT MABERRY ROAD,Lynden,98264,"Whatcom County,Washington",United States,third-country,FFP,CS,,,CS - Cold Stores,24/08/2022,
3003607196,Lineage Logistics PFS,100 Polar St,Jersey City,07305,"Hudson County,New Jersey",United States,third-country,FFP,CS,,,CS - Cold Stores,18/01/2022,
3007959208,Lineage Logistics PFS,1 Commercial St,Sharon,02067,"Norfolk County,Massachusetts",United States,third-country,FFP,CS,,,CS - Cold Stores,18/01/2022,
3010951406,Lineage Logistics PFS,13801 Nw 112th Ave,Hialeah,33018,"Miami-Dade County,Florida",United States,third-country,FFP,CS,,,CS - Cold Stores,26/10/2022,
3009127859,Lineage Logistics PFS,150 Bayway Ave,Elizabeth,07201,"Union County,New Jersey",United States,third-country,FFP,CS,,,CS - Cold Stores,11/02/2022,
3009710780,Lineage Logistics PFS,55 Murphy Dr,Avon,02322,"Norfolk County,Massachusetts",United States,third-country,FFP,CS,,,CS - Cold Stores,18/01/2022,
1012688,Lineage Logistics PFS,12855 NW 113th CT,Miami,33167,"Miami-Dade County,Florida",United States,third-country,FFP,CS,,,CS - Cold Stores,18/01/2022,
3004083405,Lineage Logistics PFS,571 Paramount Dr,Raynham,02767,"Bristol County,Massachusetts",United States,third-country,FFP,CS,,,CS - Cold Stores,21/04/2022,
3008381505,Lineage Logistics PFS,2700 Trade St,Chesapeake,23323,"Chesapeake City,Virginia",United States,third-country,FFP,CS,,,CS - Cold Stores,07/02/2022,
3011323440,Lineage Logistics PFS,275 Blair Rd,Avenel,07001,New Jersey,United States,third-country,FFP,CS,,,CS - Cold Stores,31/07/2023,
2000021619,"Lineage Logistics PFS,",60 Commercial St,Everett,02149,"Middlesex County,Massachusetts",United States,third-country,FFP,CS,,,CS - Cold Stores,,
3015988454,"Lineage Logistics, MTC, LLC",420 Currant Rd,Fall River,02722,"Bristol County,Massachusetts",United States,third-country,FFP,CS,,,CS - Cold Stores,30/01/2026,
1219844,Little Bay Lobster Co.,158 Shattuck Way,Newington,03801,"Rockingham County,New Hampshire",United States,third-country,FFP,PP,,,PP - Processing Plant,21/04/2022,
3043895375,Living Pacific Seafoods LLC,357 NW 1st St,Toledo,97391,"Lincoln County,Oregon",United States,third-country,FFP,PP,,,PP - Processing Plant,27/07/2026,
3031333648,"Long Fisheries, Inc.",63469 Kingfisher Road,Coos Bay,97420,"Coos County,Oregon",United States,third-country,FFP,PP,,,PP - Processing Plant,26/07/2024,
3003939102,"Louisiana Pearl, LLC",3105 Lee Dr,Pierre Part,70339,Louisiana,United States,third-country,FFP,PP,,,PP - Processing Plant,18/01/2023,
1031271,Lucky International Seafood,,Morehead City,28579,"Carteret County,North Carolina; O! No processing plant but approved as exporter/processing plant following the Recommendation of the Joint Management Committee from 2005",United States,third-country,FFP,CS,,,CS - Cold Stores,,
3011948768,Luxe Seafood Company,,Los Angeles,,"Los Angeles County,California",United States,third-country,FFP,PP,,,PP - Processing Plant,,
3027277884,Lydorein F/V,Westport Marina,Westport,98595,"Grays Harbor County,Washington; 7203182	28/04/2025",United States,third-country,FFP,ZV,,,ZV - Freezer Vessel,,
3004496724,M&B Sea Products Inc.,110 Herman Melville Blvd,New Bedford,02740,"Bristol County,Massachusetts",United States,third-country,FFP,PP,,,PP - Processing Plant,,
1232175,"M.F. Foley,Inc.",77 Wright St,New Bedford,02740,"Bristol County,Massachusetts",United States,third-country,FFP,PP,,,PP - Processing Plant,,
3020658,M/V Baranof (Romanzof Fishing Co LLC),4502 14th Ave Nw,Seattle,,"King County,Washington; 8836247	14/11/2024",United States,third-country,FFP,ZV,,,ZV - Freezer Vessel,,
3025093,"M/V Savage, Inc. - F/T Seafisher",4201 21st Ave W,Seattle,98199,Washington; 7433907	26/04/2023,United States,third-country,FFP,FV,,,FV - Factory Vessel,,
3004294153,MARK FOODS INC,16 Madison Sq W Ste 301,New York,10010,New York; O! No processing plant but approved as exporter/processing plant following the Recommendation of the Joint Management Committee from 2005,United States,third-country,FFP,PP,,,PP - Processing Plant,28/10/2024,
V310,MEDLOG Cold Storage Savannah LLC,1300 Heritage Way,Rincon,31326,"Effingham County,Georgia",United States,third-country,FFP,CS,,,CS - Cold Stores,21/10/2025,
3021736221,"Maine Dayboat Scallops, Inc.",656 Waldoboro Rd,Bremen,04551,"Lincoln County,Maine",United States,third-country,FFP,PP,,,PP - Processing Plant,22/07/2025,
3009167889,"Maine Live Lobster and Seafood Distribution, LLC",,Pompano Beach,33060,"Broward County,Florida",United States,third-country,FFP,PP,,,PP - Processing Plant,,
1232465,Maine Lobster Outlet,360 US Route 1,York,03909,"York County,Maine",United States,third-country,FFP,PP,,,PP - Processing Plant,,
3009433808,Maine Seafood Ventures LLC,1016 Portland Road,Saco,04072,"York County,Maine",United States,third-country,FFP,PP,,,PP - Processing Plant,,
3009930104,Maine Shellfish Co. Inc.,5 Alewive Park Rd,Kennebunk,04043,"York County,Maine",United States,third-country,FFP,PP,,,PP - Processing Plant,27/07/2026,
3004292843,Maine Shellfish Company,43 Old Alewive Rd,Kennebunk,04043,"York County,Maine",United States,third-country,FFP,PP,,,PP - Processing Plant,27/07/2026,
3009685192,"Marder Trawling, Inc.",48 Antonio Costa Ave,New Bedford,02740,"Bristol County,Massachusetts",United States,third-country,FFP,PP,,,PP - Processing Plant,,
3002036912,Marine Ingredients Llc,,Mount Bethel,,Pennsylvania,United States,third-country,FFP,PP,,,PP - Processing Plant,,
3008532411,"Mariner Seafood, LLC",14 South Street,New Bedford,02740,"Bristol County,Massachusetts",United States,third-country,FFP,PP,,,PP - Processing Plant,,
1000147980,Market America Inc,1302 Pleasant Ridge Rd,Greensboro,27409,North Carolina; O! No processing plant but approved as exporter/processing plant following the Recommendation of the Joint Management Committee from 2005,United States,third-country,FFP,PP,,,PP - Processing Plant,26/10/2022,
2027674,Maruhide Marine Products Inc,2145 W 17th St,Long Beach,90813,"Los Angeles County,California",United States,third-country,FFP,PP,,,PP - Processing Plant,22/04/2025,
3006493378,Maximus International Foods,15 Bicknell Rd,Weymouth,02191,"Norfolk County,Massachusetts; O! No processing plant but approved as exporter/processing plant following the Recommendation of the Joint Management Committee from 2005",United States,third-country,FFP,PP,,,PP - Processing Plant,,
1000307359,Melaleuca Inc,,Rexburg,,"Madison County,Idaho",United States,third-country,FFP,PP,,,PP - Processing Plant,,
2952538,"Mercer Processing, Inc.",,Palo Alto,94023,"Santa Clara County,California",United States,third-country,FFP,PP,,,PP - Processing Plant,,
2018288,Meridian Products,,Santa Fe Springs,90670,"Los Angeles County,California; O! No processing plant but approved as exporter/processing plant following the Recommendation of the Joint Management Committee from 2005",United States,third-country,FFP,PP,,,PP - Processing Plant,,
1000526011,Miami River Lobster and Stone Crab,,Miami,33167,"Miami-Dade County,Florida",United States,third-country,FFP,PP,,,PP - Processing Plant,,
3013686342,Mitsui-Soko (U.S.A.) Inc.,5403 196th St E,Puyallup,98375,"Pierce County,Washington",United States,third-country,FFP,CS,,,CS - Cold Stores,30/05/2022,
3011137757,"Moon River Foods, Inc.",267 Baird Rd,Indianola,38751,"Sunflower County,Mississippi",United States,third-country,FFP,PP,,,PP - Processing Plant,28/10/2024,
1000159263,Mortillaro Lobster Inc.,60 Commercial St,Gloucester,,Massachusetts,United States,third-country,FFP,PP,,,PP - Processing Plant,,
2429720,"NATURAL ORGANICS, INC.",,Melville,11747,"Suffolk County,New York",United States,third-country,FFP,PP,,,PP - Processing Plant,,
3012283693,NEPTUNE SEAFOOD,1121 E. 26TH STREET,Tacoma,98421,Washington,United States,third-country,FFP,PP,,,PP - Processing Plant,19/07/2023,
3023111,NEW DAY FISHERIES,,Port Townsend,98368,"Jefferson County,Washington",United States,third-country,FFP,PP,,,PP - Processing Plant,,
3013705098,NEWCOLD SEATTLE OPERATIONS LLC,4601 S. ORCHARD ST.,Tacoma,98407,"Pierce County,Washington",United States,third-country,FFP,CS,,,CS - Cold Stores,19/01/2024,
1283436,NGC Inc. dba The Town Dock,45 State St,Narragansett,,Rhode Island,United States,third-country,FFP,PP,,,PP - Processing Plant,,
3004329138,"NHS U.S., LLC D/B/A Capsuleworks",10 Vitamin Dr,Bayport,11705,"Suffolk County,New York",United States,third-country,FFP,PP,,,PP - Processing Plant,29/01/2024,
3010830433,"NORTHEAST SEAFOOD, INC.",,New Bedford,02740,"Bristol County,Massachusetts; O! No processing plant but approved as exporter/processing plant following the Recommendation of the Joint Management Committee from 2005",United States,third-country,FFP,PP,,,PP - Processing Plant,,
1482865,NOW Health Group Inc. dba NOW Foods,395 S Glen Ellyn Rd,Bloomingdale,60108,"DuPage County,Illinois",United States,third-country,FFP,PP,,,PP - Processing Plant,11/04/2024,
1221078,NSD SEAFOD INC. dba ATLANTIC FISH & SEAFOOD,159 E Main St,Gloucester,01930,Massachusetts,United States,third-country,FFP,PP,,,PP - Processing Plant,18/01/2023,
3001853060,"NW 43rd Street, Inc. Dba Incredible Fish",,Miami,33167,"Miami-Dade County,Florida",United States,third-country,FFP,PP,,,PP - Processing Plant,,
1223787,"Narragansett Bay Lobsters, Inc.",,Narragansett,,Rhode Island,United States,third-country,FFP,PP,,,PP - Processing Plant,,
1719247,"Nature's Sunshine Products, Inc",1655 N Main St,Spanish Fork,84660,Utah,United States,third-country,FFP,PP,,,PP - Processing Plant,18/05/2022,
1222740,Nebula Foods,,New Bedford,02740,"Bristol County,Massachusetts",United States,third-country,FFP,PP,,,PP - Processing Plant,,
2912990,Neolife International LLC dba Natural Formulas,2125 American Ave,Hayward,94545,"Alameda County,California",United States,third-country,FFP,PP,,,PP - Processing Plant,28/10/2024,
1110829,"Neptune Fisheries, Inc.",,Newport News,23001,"Newport News City,Virginia",United States,third-country,FFP,PP,,,PP - Processing Plant,,
3002933185,"New Bedford Seafoods, Llc",,New Bedford,02740,"Bristol County,Massachusetts",United States,third-country,FFP,PP,,,PP - Processing Plant,,
3014722618,New England Lobsters LLC,5 Perkins Way Ste 1,Newburyport,01950,Massachusetts,United States,third-country,FFP,PP,,,PP - Processing Plant,22/04/2025,
3011763300,"New England Marine Holdings, Inc",,Mattapoisett,02739,"Plymouth County,Massachusetts; O! No processing plant but approved as exporter/processing plant following the Recommendation of the Joint Management Committee from 2005",United States,third-country,FFP,PP,,,PP - Processing Plant,,
3003815957,"New Spirit Naturals, Inc.",615 W Allen Ave,San Dimas,91773,"Los Angeles County,California; O! No processing plant but approved as exporter/processing plant following the Recommendation of the Joint Management Committee from 2005",United States,third-country,FFP,PP,,,PP - Processing Plant,22/04/2025,
1000149898,"Neways, Inc.",15 E. 400 N,Salem,,"Utah County,Utah",United States,third-country,FFP,PP,,,PP - Processing Plant,,
3036908300,Nicholas Haworth - F/V Old Lady,Port of Newport,Newport,97365,"Lincoln County,Oregon; 7307196	31/07/2025",United States,third-country,FFP,ZV,,,ZV - Freezer Vessel,,
3027270699,Nick Colazas - Refuge F/V,Westport Marina,Westport,98595,"Grays Harbor County,Washington",United States,third-country,FFP,ZV,,,ZV - Freezer Vessel,04/08/2023,
3008245045,Noratlantic 21 LLC,6 Water St,Mattapoisett,02739,"Plymouth County,Massachusetts; O! No processing plant but approved as exporter/processing plant following the Recommendation of the Joint Management Committee from 2005",United States,third-country,FFP,PP,,,PP - Processing Plant,,
3013501315,"Nordic Catch, LLC",8210 Lankershim Blvd Ste 4,North Hollywood,91605,California; O! No processing plant but approved as exporter/processing plant following the Recommendation of the Joint Management Committee from 2005,United States,third-country,FFP,PP,,,PP - Processing Plant,12/01/2023,
3003710288,Nordic Naturals Manufacturing,2390 Oak Ridge Way,Vista,,"San Diego County,California",United States,third-country,FFP,PP,,,PP - Processing Plant,,
3008880179,"Nordic Naturals, Inc.",111 Jennings Way,Watsonville,95076,California,United States,third-country,FFP,PP,,,PP - Processing Plant,18/01/2023,
3030969735,North Atlantic Pacific Seafood LLC,3 State Fish Pier,Gloucester,01930,Massachusetts,United States,third-country,FFP,PP,,,PP - Processing Plant,22/07/2025,
2952302,"North Coast Fisheries, Inc.",,Santa Rosa,95401,"Sonoma County,California",United States,third-country,FFP,PP,,,PP - Processing Plant,,
3023593,North Pacific Fishing LLC - American No 1 F/V,570 Kirkland Way Ste 200,Kirkland,98033,"King County,Washington; 7902001	14/02/2024",United States,third-country,FFP,ZV,,,ZV - Freezer Vessel,,
3014874,North Pacific Seafoods Inc - Alaska Pacific Seafoods,627 Shelikof St,Kodiak,99615,"Kodiak Island,Alaska",United States,third-country,FFP,PP,,,PP - Processing Plant,,
3022140,North Pacific Seafoods Inc - Pederson Point,Mile 3.5 Beach Rd,Naknek,99633,Alaska,United States,third-country,FFP,PP,,,PP - Processing Plant,19/01/2024,
3009392666,North Pacific Seafoods Inc - Red Salmon Cannery,"Mile 1.5 Alaska Peninsula Hwy, 1 Red Salmon Rd",Naknek,99633,Alaska,United States,third-country,FFP,PP,,,PP - Processing Plant,19/01/2024,
3019336,North Pacific Seafoods Inc - Sitka Sound Seafoods,329 Katlian St,Sitka,99835,"Sitka,Alaska",United States,third-country,FFP,PP,,,PP - Processing Plant,,
3013622,North Pacific Seafoods Inc - Togiak Fisheries,2.5 Miles East of the Togiak Post Office,Togiak,99678,"Dillingham,Alaska",United States,third-country,FFP,PP,,,PP - Processing Plant,18/01/2023,
3019848,"North Star Cold Storage, Inc.",27100 Pioneer Hwy,Stanwood,,"Snohomish County,Washington",United States,third-country,FFP,PP,,,PP - Processing Plant,,
3011863990,"North Star Cold Storage, Inc.",210 S West Ave,Arlington,,"Washington County,Nebraska",United States,third-country,FFP,CS,,,CS - Cold Stores,,
3014639829,North Star Fishing Company LLC - F/T North Star,2001 W Garfield St Bldg A-1,Seattle,98119,Washington,United States,third-country,FFP,FV,,,FV - Factory Vessel,01/08/2025,
3026001,North Star Fishing Company LLC - F/T Unimak,2001 W Garfield St Bldg A-1,Seattle,98119,Washington; 8101680	14/08/2026,United States,third-country,FFP,FV,,,FV - Factory Vessel,,
3003993436,"Northern Pelagic Group, Llc",4 Fish Is,New Bedford,02740,"Bristol County,Massachusetts",United States,third-country,FFP,PP,,,PP - Processing Plant,21/04/2022,
1222800,"Northern Wind, Inc.",,New Bedford,02740,"Bristol County,Massachusetts",United States,third-country,FFP,PP,,,PP - Processing Plant,,
1000120731,"Northern Wind, LLC",50 Hassey St,New Bedford,02740,"Bristol County,Massachusetts",United States,third-country,FFP,PP,,,PP - Processing Plant,,
2128390,"Northland Cold Storage, Inc",2490 S Broadway,Green Bay,54304,"Brown County,Wisconsin",United States,third-country,FFP,CS,,,CS - Cold Stores,20/04/2023,
3002691680,Norton Sound Seafood Products,,Nome,99762,"Nome,Alaska",United States,third-country,FFP,PP,,,PP - Processing Plant,,
3009958533,"Nourishlife, LLC",37 Sherwood Ter Ste 109,Lake Bluff,60044,"Lake County,Illinois",United States,third-country,FFP,PP,,,PP - Processing Plant,18/01/2023,
1222762,"Nova Seafoods, Ltd.",,Portland,04019,"Cumberland County,Maine",United States,third-country,FFP,PP,,,PP - Processing Plant,,
3009805332,"Novotech Nutraceuticals, Inc.",2897 Palma Dr,Ventura,,"Ventura County,California",United States,third-country,FFP,PP,,,PP - Processing Plant,,
1047823,Nutra Manufacturing,1050 Woodruff Rd,Greenville,29607,"Greenville County,South Carolina",United States,third-country,FFP,PP,,,PP - Processing Plant,02/05/2022,
3002986480,Nutra Manufacturing LLC,4941 Liberty Hwy,Anderson,,"Anderson County,South Carolina",United States,third-country,FFP,PP,,,PP - Processing Plant,,
3003549435,Nutraceutical Corporation,550 W 2nd St,Ogden,84404,Utah,United States,third-country,FFP,PP,,,PP - Processing Plant,27/07/2026,
1000126307,O'HARA CORPORATION - F/T ALASKA SPIRIT,120 Tillson Ave,Rockland,04841,Maine; 7390791	20/01/2023,United States,third-country,FFP,FV,,,FV - Factory Vessel,,
3011467404,O'Hara Corporation - F/T Araho,120 Tillson Ave,Rockland,04841,Maine; 9731963	14/08/2026,United States,third-country,FFP,FV,,,FV - Factory Vessel,,
3026361,O'Hara Corporation - F/T Constellation,120 Tillson Ave,Rockland,04841,Maine; 8030788	14/08/2026,United States,third-country,FFP,FV,,,FV - Factory Vessel,,
3028754,O'Hara Corporation - F/T Defender,120 Tillson Ave,Rockland,04841,Maine; 8516861	14/08/2026,United States,third-country,FFP,FV,,,FV - Factory Vessel,,
3031069,O'Hara Corporation - F/T Enterprise,120 Tillson Ave,Rockland,04841,Maine; 8320286	14/08/2026,United States,third-country,FFP,FV,,,FV - Factory Vessel,,
2000014420,"OBI Seafoods, LLC - Larsen Bay",1 End of Country Road,Larsen Bay,99624,"Kodiak Island,Alaska",United States,third-country,FFP,PP,,,PP - Processing Plant,,
3008322504,"OCEAN C STAR, LLC",35 HOMER'S WHARF,New Bedford,02740,"Bristol County,Massachusetts",United States,third-country,FFP,PP,,,PP - Processing Plant,,
3023640,"OCEAN PEACE, INC. - F/T OCEAN PEACE",4201 21ST AVENUE W,Seattle,,"King County,Washington; 8417742",United States,third-country,FFP,FV,,,FV - Factory Vessel,,
3008595254,"Oasis Seafood International, Inc.",,Marathon,33050,"Monroe County,Florida",United States,third-country,FFP,CS,,,CS - Cold Stores,,
3020122,Ocean Beauty Seafoods Llc,,Portland,97035,"Multnomah County,Oregon",United States,third-country,FFP,PP,,,PP - Processing Plant,,
3008571075,"Ocean Dragon Seafood, Inc.",,Medley,33012,"Miami-Dade County,Florida",United States,third-country,FFP,CS,,,CS - Cold Stores,,
3007450796,"Ocean Empire Seafood, Inc.",274 Harbor Way,San Francisco,94080,California,United States,third-country,FFP,PP,,,PP - Processing Plant,17/02/2023,
3006477965,"Ocean Fleet Fisheries, Inc.",20 Blackmenr St.,New Bedford,02740,"Bristol County,Massachusetts",United States,third-country,FFP,PP,,,PP - Processing Plant,,
3029703485,Ocean Gem Inc,3653 E Marginal Way S,Seattle,98134,Washington,United States,third-country,FFP,PP,,,PP - Processing Plant,26/07/2024,
1000208454,Ocean Gold Seafoods,1804 N Nyhus St,Westport,98595,"Grays Harbor County,Washington",United States,third-country,FFP,PP,,,PP - Processing Plant,,
3008127000,"Ocean Gourmet, Inc.",209 McLean Blvd,Paterson,07503,"Passaic County,New Jersey",United States,third-country,FFP,PP,,,PP - Processing Plant,21/04/2022,
3000210334,"Ocean Queen 87, Inc.",,Los Angeles,,"Los Angeles County,California",United States,third-country,FFP,PP,,,PP - Processing Plant,,
2000047258,Ocean Seafood International inc.,845 Sandwich Rd.,Sagamore,02561,Massachusetts,United States,third-country,FFP,CS,,,CS - Cold Stores,12/01/2023,
1222873,Ocean State Lobster Co.,,Narragansett,,Rhode Island,United States,third-country,FFP,PP,,,PP - Processing Plant,,
3008937784,Offshore Systems Inc,Mile 4 Captains Bay Rd,Dutch Harbor,,Alaska,United States,third-country,FFP,CS,,,CS - Cold Stores,18/01/2022,
1112842,Omega Protein,,Reedville,,Virginia,United States,third-country,FFP,PP,,,PP - Processing Plant,,
1225889,"Omega Sea, Inc.",,Newport,,"Barton County,Missouri; O! No processing plant but approved as exporter/processing plant following the Recommendation of the Joint Management Committee from 2005",United States,third-country,FFP,PP,,,PP - Processing Plant,,
1000114326,Optimus Inc. d/b/a/ Markys Caviar,1000 Nw 159th Dr,Miami Gardens,33169,"Miami-Dade County,Florida",United States,third-country,FFP,PP,,,PP - Processing Plant,21/04/2022,
1000187961,"Orca Bay Foods, LLC",206 Sw Michigan St,Seattle,,"King County,Washington",United States,third-country,FFP,PP,,,PP - Processing Plant,,
3005209470,"Oyster Holdings, Inc.",,Oysterville,98641,"Pacific County,Washington",United States,third-country,FFP,PP,,,PP - Processing Plant,,
3008269270,P/V Cape Greig,900 Powell Ave Sw,Renton,98057,Washington; 8856613	20/01/2023,United States,third-country,FFP,FV,,,FV - Factory Vessel,,
1000126936,"PACIFIC SURIMI - NEWPORT, LLC",623 SW BAY BLVD,Newport,97365,"Lincoln County,Oregon",United States,third-country,FFP,PP,,,PP - Processing Plant,,
1000306636,PAFCO,5525 S Santa Fe Ave,Vernon,90058,"Los Angeles County,California",United States,third-country,FFP,PP,,,PP - Processing Plant,07/02/2022,
3010079247,PBX LOGISTICS USA Ltd,18404 72nd Ave S,Kent,98001,"King County,Washington",United States,third-country,FFP,CS,,,CS - Cold Stores,,
3009895317,PETROSSIAN INC.,1139 47th Ave,Long Island City,,New York,United States,third-country,FFP,CS,,,CS - Cold Stores,,
3015156725,PRIME SHRIMP LLC,220 LAITRAM LN,New Orleans,70001,"Orleans Parish,Louisiana",United States,third-country,FFP,PP,,,PP - Processing Plant,,
3008385326,PTS Fulfillment Services Inc,3615 Exchange Ave,aurora,60504,Illinois,United States,third-country,FFP,CS,,,CS - Cold Stores,15/10/2025,
2029393,Pacific American Fish Co.,,Los Angeles,,"Los Angeles County,California",United States,third-country,FFP,PP,,,PP - Processing Plant,,
2030673,Pacific Crayfish Company,,Los Angeles,,"Los Angeles County,California",United States,third-country,FFP,PP,,,PP - Processing Plant,,
3009158580,"Pacific Dream Seafoods, Inc.",116 O Ave,Anacortes,98221,"Skagit County,Washington",United States,third-country,FFP,PP,,,PP - Processing Plant,10/05/2022,
3017125733,"Pacific Seafood - Brookings, LLC",16263 Harbor Drive,Brookings,97415,"Curry County,Oregon",United States,third-country,FFP,PP,,,PP - Processing Plant,18/07/2022,
1000125989,"Pacific Seafood - Charleston, LLC",63501 Boat Basin Rd,Charleston,97420,Oregon,United States,third-country,FFP,PP,,,PP - Processing Plant,27/07/2026,
3021764,"Pacific Seafood - Kodiak, LLC",111 Marine Way,Kodiak,99615,"Kodiak Island,Alaska",United States,third-country,FFP,PP,,,PP - Processing Plant,20/01/2025,
3014056,"Pacific Seafood - Kodiak, LLC",521 Shelikof St.,Kodiak,99615,"Kodiak Island,Alaska",United States,third-country,FFP,PP,,,PP - Processing Plant,22/07/2025,
3020949,Pacific Seafood - Newport LLC,213 Sw Bay Blvd,Newport,97365,"Lincoln County,Oregon",United States,third-country,FFP,PP,,,PP - Processing Plant,,
3019901,"Pacific Seafood - Newport, LLC",617 Sw Bay Blvd,Newport,97365,"Lincoln County,Oregon",United States,third-country,FFP,PP,,,PP - Processing Plant,,
3021902,"Pacific Seafood - Newport, LLC",761 Sw Bay Blvd,Newport,97365,"Lincoln County,Oregon",United States,third-country,FFP,PP,,,PP - Processing Plant,,
3019123,"Pacific Seafood - Portland, LLC",16797 Se 130th Ave,Clackamas,,"Clackamas County,Oregon",United States,third-country,FFP,PP,,,PP - Processing Plant,,
3001237484,"Pacific Seafood - Seward, LLC",3201 Sorrel Rd,Seward,99664,Alaska,United States,third-country,FFP,PP,,,PP - Processing Plant,27/04/2026,
3004047678,"Pacific Seafood - Seward, LLC",200 Lowell Point Road,Seward,,"Kenai Peninsula,Alaska",United States,third-country,FFP,PP,,,PP - Processing Plant,,
3008721216,"Pacific Seafood - Warrenton, LLC",450 NE Skipanon Drive,Warrenton,,"Clatsop County,Oregon",United States,third-country,FFP,PP,,,PP - Processing Plant,,
3015162223,"Pacific Seafood - Westport, LLC",1989 North Nyhus Street,Westport,98595,"Grays Harbor County,Washington",United States,third-country,FFP,PP,,,PP - Processing Plant,,
3004512623,"Pacific Seafood - Westport, LLC",220 E Dock St,Westport,98595,"Grays Harbor County,Washington",United States,third-country,FFP,PP,,,PP - Processing Plant,,
3003673811,"Pacific Seafood - Woodland, LLC",1635 Down River Dr,Woodland,98674,"Cowlitz County,Washington",United States,third-country,FFP,PP,,,PP - Processing Plant,,
3023479,"Pacific Seafood - Wrangell, LLC",1204 Zimovia Highway,Wrangell,99929,"Wrangell,Alaska",United States,third-country,FFP,PP,,,PP - Processing Plant,,
3011001,"Pacific Shellfish - South Bend, LLC",1200 Robert Bush Drive,South Bend,98586,Washington,United States,third-country,FFP,PP,,,PP - Processing Plant,20/04/2023,
1000221817,Pacific Star Seafoods,672 Bridge Access Rd,Kenai,99611,"Kenai Peninsula,Alaska",United States,third-country,FFP,PP,,,PP - Processing Plant,11/04/2024,
3027270319,Patrick R Cavanaugh - Erin Nicole F/V,Westport Marina,Westport,98595,"Grays Harbor County,Washington",United States,third-country,FFP,ZV,,,ZV - Freezer Vessel,01/08/2023,
3002690506,Patriot Seafoods,48 Broadway,Salem,72019,"Saline County,Arkansas",United States,third-country,FFP,PP,,,PP - Processing Plant,,
3027270701,Paul Mirante LLC - Sea Spirit F/V,Westport Port,Westport,98595,"Grays Harbor County,Washington",United States,third-country,FFP,ZV,,,ZV - Freezer Vessel,01/08/2023,
2315613,Paul Piazza & Son Inc.,1552 Saint Louis St,New Orleans,70112,Louisiana,United States,third-country,FFP,PP,,,PP - Processing Plant,17/02/2023,
3032810,"Pelican Packers, Inc.",6069 Hannegan Rd,Bellingham,98226,Washington,United States,third-country,FFP,PP,,,PP - Processing Plant,10/02/2023,
3001670048,"Pescanova, Inc.",,Miami,33167,"Miami-Dade County,Florida; O! No processing plant but approved as exporter/processing plant following the Recommendation of the Joint Management Committee from 2005",United States,third-country,FFP,PP,,,PP - Processing Plant,,
3025941,Phoenix Processor Limited Partnership - M/V Excellence,200 W Mercer St Ste 101,Seattle,98119,Washington; 7313652	20/01/2023,United States,third-country,FFP,FV,,,FV - Factory Vessel,,
3003948306,"Pier Fish Co., Inc.",68 Conway St,New Bedford,02740,"Bristol County,Massachusetts",United States,third-country,FFP,PP,,,PP - Processing Plant,,
3001451440,Pigeon Cove Whole Foods Market,,Rockport,04843,"Knox County,Maine",United States,third-country,FFP,PP,,,PP - Processing Plant,,
1000120556,"Plenus Group, Inc.",101 Phoenix Ave.,Lowell,01825,"Middlesex County,Massachusetts",United States,third-country,FFP,PP,,,PP - Processing Plant,,
1222033,Portland Fish Exchange,,Portland,04019,"Cumberland County,Maine",United States,third-country,FFP,PP,,,PP - Processing Plant,,
3004271391,"Preferred Freezer Services Of Los Angeles, Llc",,Los Angeles,,"Los Angeles County,California",United States,third-country,FFP,CS,,,CS - Cold Stores,,
3010615195,Preferred Freezer Services Of Norton LLC,,Norton,02766,"Bristol County,Massachusetts",United States,third-country,FFP,CS,,,CS - Cold Stores,,
2016003,"Prospect Enterprises, Inc. Dba American Fish And Seafood Company",,Los Angeles,,"Los Angeles County,California",United States,third-country,FFP,PP,,,PP - Processing Plant,,
1000501236,"Providence Bay Fish Co., Inc.",189 Briarwood Dr,Wakefield,02879,Rhode Island; O! No processing plant but approved as exporter/processing plant following the Recommendation of the Joint Management Committee from 2005,United States,third-country,FFP,PP,,,PP - Processing Plant,18/01/2023,
1000125324,Puretek,,San Fernando,91340,"Los Angeles County,California",United States,third-country,FFP,PP,,,PP - Processing Plant,,
3003524886,Q Sea Specialty Services LLC,2875 Roeder Ave Ste 7,Bellingham,98225,"Whatcom County,Washington",United States,third-country,FFP,PP,,,PP - Processing Plant,,
3013788500,"Quality Custom Packing, Inc.",8 South St,New Bedford,02740,"Bristol County,Massachusetts",United States,third-country,FFP,PP,,,PP - Processing Plant,,
1226351,"Quality Custom Packing, Inc.",,New Bedford,02740,"Bristol County,Massachusetts",United States,third-country,FFP,PP,,,PP - Processing Plant,,
3002676573,Quality Seafood Services LLC,424 Greenleaf Ave,Burlington,,"Skagit County,Washington",United States,third-country,FFP,PP,,,PP - Processing Plant,,
2210232,"R.A.B. Food Group, Llc",,Newark,07031,"Essex County,New Jersey",United States,third-country,FFP,PP,,,PP - Processing Plant,,
1000117125,RB Manufacturing LLC,,Salt Lake City,84044,"Salt Lake County,Utah",United States,third-country,FFP,PP,,,PP - Processing Plant,,
3011085145,RC CREATIONS LLC (D.B.A Acme Smoked Fish Of North Carolina),360 Acme Way,Wilmington,28401,"New Hanover County,North Carolina",United States,third-country,FFP,PP,,,PP - Processing Plant,,
3040789245,RDO Fisheries LLC,201 20TH Street Ocean,Marathon,33050,"Monroe County,Florida",United States,third-country,FFP,PP,,,PP - Processing Plant,27/04/2026,
2122914,RED LAKE NATION FISHERY,19050 HWY 1 EAST,Redby,56670,"Beltrami County,Minnesota",United States,third-country,FFP,PP,,,PP - Processing Plant,,
3005564444,RHG & Company Dba Vital Nutrients,,Middletown,06414,"Middlesex County,Connecticut",United States,third-country,FFP,PP,,,PP - Processing Plant,,
3004377746,RPMM LLC,1840 Year Out Drive,Westport,98595,"Grays Harbor County,Washington",United States,third-country,FFP,PP,,,PP - Processing Plant,20/04/2023,
3027287799,Rachel Timmer - Bountiful Oceans F/V,Westport Marina,Westport,98595,"Grays Harbor County,Washington",United States,third-country,FFP,ZV,,,ZV - Freezer Vessel,11/10/2023,
1025305,"Raffield Fisheries, Inc.",1624 Grouper Ave,Port St. Joe,,"Gulf County,Florida",United States,third-country,FFP,PP,,,PP - Processing Plant,,
2437397,Raskin's Fish Market Inc.,440 Sutter Ave,Brooklyn,11237,"New York County,New York City,New York",United States,third-country,FFP,PP,,,PP - Processing Plant,11/02/2022,
3006534564,Rastelli Global,504 Sharptown Rd,Swedesboro,08085,"Gloucester County,New Jersey",United States,third-country,FFP,CS,,,CS - Cold Stores,,
3004251616,Raw Seafoods Inc.,481 Currant Rd,Fall River,02720,Massachusetts,United States,third-country,FFP,PP,,,PP - Processing Plant,22/07/2025,
3027969566,"Ray S.F. INC., dba FreezPak Logistics",7101 S Leamington Ave,Bedford Park,60638,Illinois,United States,third-country,FFP,CS,,,CS - Cold Stores,27/07/2026,
3043171926,"Ray S.F., Inc. dba FreezPak Logistics",1151 Innovation Way,Fall River,02722,"Bristol County,Massachusetts",United States,third-country,FFP,CS,,,CS - Cold Stores,27/07/2026,
3027965686,Rdo Fisheries LLC,3609 NW 46TH St,Miami,33142,"Miami-Dade County,Florida",United States,third-country,FFP,PP,,,PP - Processing Plant,27/07/2026,
3008787448,Ready Seafood,15 Hannaford Dr Unit 2,York,03909,"York County,Maine",United States,third-country,FFP,PP,,,PP - Processing Plant,29/01/2026,
3005243357,Ready Seafood Co.,40 Commercial St,Portland,04019,"Cumberland County,Maine",United States,third-country,FFP,PP,,,PP - Processing Plant,,
2244260,"Resources Warehousing & Consolidation Services, Inc.",,North Bergen,07022,"Hudson County,New Jersey; O! No processing plant but approved as exporter/processing plant following the Recommendation of the Joint Management Committee from 2005",United States,third-country,FFP,PP,,,PP - Processing Plant,,
2127788,Rich Product Corporation,1218 Highway 10 S,Motley,56466,Minnesota,United States,third-country,FFP,PP,,,PP - Processing Plant,18/07/2022,
1626275,Rich Products Corporation,3555 E 14th St,Brownsville,78521,"Cameron County,Texas",United States,third-country,FFP,PP,,,PP - Processing Plant,18/08/2023,
3006215653,Richard Ogg - F/V Karen Jeanne,Dock very end of Kingfisher Rd,Coos Bay,97420,"Coos County,Oregon",United States,third-country,FFP,ZV,,,ZV - Freezer Vessel,19/09/2024,
3003228301,Riverence Provisions LLC - Processing Plant,1579 Clear Lake Rd,Buhl,83316,Idaho,United States,third-country,FFP,PP,,,PP - Processing Plant,27/07/2026,
3027278394,Robert Gable - Miss Emmaline F/V,Newport Port,Newport,97365,"Lincoln County,Oregon",United States,third-country,FFP,ZV,,,ZV - Freezer Vessel,01/08/2023,
3027277894,Robert L Kemp - My Lee F/V,Newport Port,Newport,97365,"Lincoln County,Oregon",United States,third-country,FFP,ZV,,,ZV - Freezer Vessel,01/08/2023,
3008408934,"Robinson Pharma, Inc.",,Santa Ana,92705,"Orange County,California",United States,third-country,FFP,PP,,,PP - Processing Plant,,
3022828867,Rogue Wave Processing,38664 Kalifornsky Beach Rd,Kenai,99611,"Kenai Peninsula,Alaska",United States,third-country,FFP,PP,,,PP - Processing Plant,19/01/2024,
1140507,Roy E. Davis,,Poqouson,,Virginia,United States,third-country,FFP,PP,,,PP - Processing Plant,,
1823362,Ruleau Brothers,W 521 South Drive,Stephenson,,"Menominee County,Michigan",United States,third-country,FFP,PP,,,PP - Processing Plant,18/01/2022,
3027277923,Russell Deman - Sea Pearl F/V,Newport Port,Newport,97365,"Lincoln County,Oregon",United States,third-country,FFP,ZV,,,ZV - Freezer Vessel,01/08/2023,
3004249999,Rutgers University (FMTF),,Piscataway,08854,"Middlesex County,New Jersey",United States,third-country,FFP,PP,,,PP - Processing Plant,,
3023169,S & S Seafood Company,,Portland,97035,"Multnomah County,Oregon",United States,third-country,FFP,PP,,,PP - Processing Plant,,
1222053,SEA FRESH USA,45 All American Way,North Kingstown,,Rhode Island,United States,third-country,FFP,PP,,,PP - Processing Plant,21/04/2022,
3004211731,SEATRADE INTERNATIONAL LLC,,New Bedford,02740,"Bristol County,Massachusetts",United States,third-country,FFP,PP,,,PP - Processing Plant,,
1223677,SEATRADE INTERNATIONAL LLC,,New Bedford,02740,"Bristol County,Massachusetts",United States,third-country,FFP,PP,,,PP - Processing Plant,,
3010675894,SENZA FINE LLC,"8629 South 208th Street, Building O",Kent,98031,Washington,United States,third-country,FFP,PP,,,PP - Processing Plant,27/04/2026,
3003132452,SHORELINE FREEZERS,6 NORTH INDUSTRIAL BOULEVARD,Bridgeton,08302,"Cumberland County,New Jersey",United States,third-country,FFP,CS,,,CS - Cold Stores,27/04/2026,
3011108,SILVER BAY SEAFOODS LLC,,Metlakatla,99926,"Prince of Wales-Hyder,Alaska",United States,third-country,FFP,PP,,,PP - Processing Plant,,
3014978468,"SILVER BAY SEAFOODS, LLC - FALSE PASS",100 Beach Front Rd,False Pass,99583,"Aleutians East,Alaska",United States,third-country,FFP,PP,,,PP - Processing Plant,18/01/2023,
3000718568,"SOFT GEL TECHNOLOGIES, INC.",6982 BANDINI BLVD,Los Angeles,,"Los Angeles County,California",United States,third-country,FFP,PP,,,PP - Processing Plant,,
3008242291,SOGDA LIMITED,12910 TOTEM LAKE BLVD. NE SUITE 205,Kirkland,98034,"King County,Washington; O! No processing plant but approved as exporter/processing plant following the Recommendation of the Joint Management Committee from 2005",United States,third-country,FFP,PP,,,PP - Processing Plant,28/10/2024,
1012178,"SOPAKCO, INC",118 SOUTH CYPRESS STREET,Mullins,29574,"Marion County,South Carolina",United States,third-country,FFP,CS,,,CS - Cold Stores,,
3006789756,"SOUTHERN CAL SEAFOOD, INC.",125 Salinas Rd,Royal Oaks,95076,California,United States,third-country,FFP,PP,,,PP - Processing Plant,21/04/2023,
3014333880,STARBOARD STAR INTERNATIONAL LLC,4909 S COAST HWY #110,Newport,97365,"Lincoln County,Oregon",United States,third-country,FFP,PP,,,PP - Processing Plant,,
3014706710,SUPERIOR LOBSTER LLC,7 Marshfield Avenue,Marshfield,02050,Massachusetts,United States,third-country,FFP,PP,,,PP - Processing Plant,19/07/2023,
3010756731,SUQUAMISH SEAFOODS ENTERPRISE,,Poulsbo,,"Kitsap County,Washington",United States,third-country,FFP,PP,,,PP - Processing Plant,,
3012060638,"SURFSIDE FROZEN FOODS, LLC",,Millville,08332,"Cumberland County,New Jersey",United States,third-country,FFP,PP,,,PP - Processing Plant,,
2952510,"Safe Coast Seafoods California, LLC dba Alber Seafoods",45 Pier Ste B4,San Francisco,94133,California,United States,third-country,FFP,PP,,,PP - Processing Plant,20/01/2025,
3080589,Safe Coast Seafoods Washington LLC,117 Howerton Way Se,Ilwaco,98624,"Pacific County,Washington",United States,third-country,FFP,PP,,,PP - Processing Plant,19/07/2023,
3014773,"Salmon Terminals, Inc.",4510 Frontage Rd Ste 101,Auburn,98001,"King County,Washington; O! No processing plant but approved as exporter/processing plant following the Recommendation of the Joint Management Committee from 2005",United States,third-country,FFP,PP,,,PP - Processing Plant,11/02/2022,
2519111,Samuels And Son Seafood,,Philadelphia,08063,"Philadelphia County,Pennsylvania",United States,third-country,FFP,PP,,,PP - Processing Plant,,
2951031,"San Francisco Bay Brand, Inc.",,Newark,,"Alameda County,California",United States,third-country,FFP,PP,,,PP - Processing Plant,,
3013489132,Sayak Logistics LLC d.b.a. Northline Seafoods - F/V Hannah,Dillingham Hbr,Dillingham,99576,Alaska,United States,third-country,FFP,ZV,,,ZV - Freezer Vessel,01/08/2025,
1481764,"Schafer Fisheries, Inc.",2112 Sandridge Rd,Thomson,,"Carroll County,Illinois",United States,third-country,FFP,PP,,,PP - Processing Plant,18/01/2022,
2128693,"Schwabe North America, Incorporated",825 Challenger Dr,Green Bay,54229,"Brown County,Wisconsin; O! No processing plant but approved as exporter/processing plant following the Recommendation of the Joint Management Committee from 2005",United States,third-country,FFP,PP,,,PP - Processing Plant,,
1019649,"Sea Pearl Seafood Company, Inc.",14120 Shell Belt Rd,Bayou La Batre,36509,"Mobile County,Alabama",United States,third-country,FFP,PP,,,PP - Processing Plant,,
3008888940,Sea Salt Llc,660 Main Street,Saco,04072,"York County,Maine",United States,third-country,FFP,PP,,,PP - Processing Plant,,
2952666,"Sea Supreme, Inc.",,San Rafael,94903,"Marin County,California; O! No processing plant but approved as exporter/processing plant following the Recommendation of the Joint Management Committee from 2005",United States,third-country,FFP,PP,,,PP - Processing Plant,,
2028133,"Sea Win Company, Inc.",,Los Angeles,,"Los Angeles County,California",United States,third-country,FFP,PP,,,PP - Processing Plant,,
1000635477,SeaHaven Inc - SeaHaven F/V,Garibaldi Marina,Garibaldi,97118,"Tillamook County,Oregon",United States,third-country,FFP,ZV,,,ZV - Freezer Vessel,01/08/2023,
3021976,Seafood Producers Cooperative,507 Katlian St,Sitka,99835,"Sitka,Alaska",United States,third-country,FFP,PP,,,PP - Processing Plant,21/04/2022,
3032544,"Seafreeze Alaska, LLC - F/T Seafreeze Alaska",1801 Fairview Ave E Ste 100,Seattle,,Washington; 6931043	23/02/2022,United States,third-country,FFP,FV,,,FV - Factory Vessel,,
1223618,Seafreeze Limited,100 Davisville Rd,North Kingstown,,Rhode Island,United States,third-country,FFP,CS,,,CS - Cold Stores,,
1000513603,"Seafreeze Shoreside, Inc.",75 State St,Narragansett,02882,Rhode Island,United States,third-country,FFP,PP,,,PP - Processing Plant,10/02/2023,
3006773052,Seanna Seafoods LLC - F/V Suki,1901 Cornwall Ave # 727,Bellingham,98225,"Whatcom County,Washington",United States,third-country,FFP,ZV,,,ZV - Freezer Vessel,12/04/2024,
3010824717,"Seapeak, Inc.",,SeaTac,98158,"King County,Washington",United States,third-country,FFP,PP,,,PP - Processing Plant,,
1232480,Seatrade International,40 Herman Melville Blvd,New Bedford,02740,"Bristol County,Massachusetts",United States,third-country,FFP,PP,,,PP - Processing Plant,26/07/2024,
1222045,Seatrade international,10 N Front St,New Bedford,02740,"Bristol County,Massachusetts",United States,third-country,FFP,PP,,,PP - Processing Plant,,
2518943,Seawatch International,,Milford,19963,"Sussex County,Delaware",United States,third-country,FFP,PP,,,PP - Processing Plant,,
3023458303,Seawater Seafoods Company,267 SW Bay Blvd,Agate Beach,97365,Oregon,United States,third-country,FFP,PP,,,PP - Processing Plant,22/07/2025,
1000126331,Seawind Inc- Seawind F/V,Garibaldi Marina,Garibaldi,97118,"Tillamook County,Oregon",United States,third-country,FFP,ZV,,,ZV - Freezer Vessel,01/08/2023,
3004506668,"Select Europe, INC","3000 SW 15 Street, Unit - E",Deerfield Beach,33442,"Broward County,Florida",United States,third-country,FFP,PP,,,PP - Processing Plant,10/10/2023,
3014708,Shelford Fisheries LLC - F/V Bountiful,"Mile 4 Captain'S Bay Rd, Captains Bay Road",Dutch Harbor,99692,Alaska; 7814656	27/01/2025,United States,third-country,FFP,ZV,,,ZV - Freezer Vessel,,
V1808,Sherwood Food Distributors LLC,2900 Ayers Ave.,Vernon,90058,"Los Angeles County,California",United States,third-country,FFP,CS,,,CS - Cold Stores,09/02/2024,
1000513097,"Shore Seafood, Inc.",,Saxis,23427,"Accomack County,Virginia",United States,third-country,FFP,PP,,,PP - Processing Plant,,
3003952229,Show - Me Caviar,,Morrison,,"Gasconade County,Missouri",United States,third-country,FFP,PP,,,PP - Processing Plant,,
3018892,Silver Bay Seafoods,Mile 1/2 Alaska Peninsula Highway,Naknek,99633,Alaska,United States,third-country,FFP,PP,,,PP - Processing Plant,17/01/2023,
3013647,Silver Bay Seafoods,411 North Nordic Drive,Petersburg,99833,"Petersburg Borough,Alaska",United States,third-country,FFP,PP,,,PP - Processing Plant,,
3014362,Silver Bay Seafoods,313 Jim Poor Ave.,Cordova,99574,Alaska,United States,third-country,FFP,PP,,,PP - Processing Plant,17/01/2023,
3014627,Silver Bay Seafoods - Dillingham,1 Denny Way,Dillingham,99576,Alaska,United States,third-country,FFP,PP,,,PP - Processing Plant,22/04/2025,
3013529,Silver Bay Seafoods - Ketchikan,720 Stedman St,Ketchikan,99901,"Ketchikan Gateway,Alaska",United States,third-country,FFP,PP,,,PP - Processing Plant,30/01/2026,
3023208,Silver Bay Seafoods - Kodiak,517 Shelikof St,Kodiak,99615,"Kodiak Island,Alaska",United States,third-country,FFP,PP,,,PP - Processing Plant,,
3042772116,Silver Bay Seafoods - Kodiak West,621 Shelikof St,Kodiak,99615,"Kodiak Island,Alaska",United States,third-country,FFP,PP,,,PP - Processing Plant,27/04/2026,
3014524,Silver Bay Seafoods - Seward,601 Port Ave,Seward,99664,Alaska,United States,third-country,FFP,PP,,,PP - Processing Plant,18/01/2023,
3023855,Silver Bay Seafoods - Valdez North,219 S Harbor Dr,Valdez,99686,Alaska,United States,third-country,FFP,PP,,,PP - Processing Plant,26/07/2024,
3008234621,"Silver Bay Seafoods - Valdez, LLC",209 S Harbor Drive,Valdez,,"Valdez-Cordova,Alaska",United States,third-country,FFP,PP,,,PP - Processing Plant,10/10/2023,
3006812820,Silver Bay Seafoods - Wood River,3700 YAKO RD,Dillingham,99576,Alaska,United States,third-country,FFP,PP,,,PP - Processing Plant,18/01/2023,
3014977478,Silver Bay Seafoods California - Hilltop,3050 Hilltop Rd,Moss Landing,95061,"Monterey County,California",United States,third-country,FFP,PP,,,PP - Processing Plant,,
3002273905,Silver Bay Seafoods California - Wilmington,541 Sanford Ave,Wilmington,90744,California,United States,third-country,FFP,PP,,,PP - Processing Plant,15/10/2025,
3007373154,"Silver Bay Seafoods, LLC - Craig",111 J.T. Brown St.,Craig,99921,"Prince of Wales-Hyder,Alaska",United States,third-country,FFP,PP,,,PP - Processing Plant,20/01/2025,
3010626239,"Silver Bay Seafoods, LLC - Naknek",622 Frontier St,Naknek,99633,Alaska,United States,third-country,FFP,PP,,,PP - Processing Plant,18/01/2023,
3006240911,"Silver Bay Seafoods, LLC - Sitka",4400 Sawmill Creek Rd,Sitka,99835,"Sitka,Alaska",United States,third-country,FFP,PP,,,PP - Processing Plant,18/01/2023,
3031130664,"Simple Spectrum Supplement, LLC",1014 Santiago Dr,Newport Beach,92660,"Orange County,California; O! No processing plant but approved as exporter/processing plant following the Recommendation of the Joint Management Committee from 2005",United States,third-country,FFP,PP,,,PP - Processing Plant,26/07/2024,
3003121131,Sirio Nutrition (California) LLC,17758 Rowland St,City of Industry,91748,California,United States,third-country,FFP,PP,,,PP - Processing Plant,12/01/2023,
3009130976,SnoTemp,310 Seneca Rd,Eugene,97424,"Lane County,Oregon",United States,third-country,FFP,CS,,,CS - Cold Stores,,
3020070,SnoTemp Cold Storage,3815 S Marion St Se,Albany,97322,"Linn County,Oregon",United States,third-country,FFP,CS,,,CS - Cold Stores,17/02/2023,
2242180,Snow's - Cape May,994 Ocean Dr,Cape May,18204,"Cape May County,New Jersey",United States,third-country,FFP,PP,,,PP - Processing Plant,,
3010260,South Bend Products,18 Valley Street,Chinook,,"Pacific County,Washington",United States,third-country,FFP,PP,,,PP - Processing Plant,,
1000208453,South Bend Products LLC - Westport,609 Neddie Rose Drive,Westport,98595,"Grays Harbor County,Washington",United States,third-country,FFP,PP,,,PP - Processing Plant,27/07/2026,
3002277737,"South Bend Products, Llc.",237 West Robert Bush Dr.,South Bend,,"Pacific County,Washington",United States,third-country,FFP,PP,,,PP - Processing Plant,,
3001091225,Southeastern Seaproducts,1500 Maple Ave,Melbourne,32935,"Brevard County,Florida",United States,third-country,FFP,PP,,,PP - Processing Plant,22/04/2025,
3015308766,"Southern Maine Lobster Co., LLC",1021 Us Route 1,York,03909,"York County,Maine",United States,third-country,FFP,PP,,,PP - Processing Plant,10/10/2023,
3014371392,Southern Seafreeze,8665 E Davenport St,Bayou La Batre,36509,"Mobile County,Alabama",United States,third-country,FFP,PP,,,PP - Processing Plant,12/01/2023,
3002789323,Star Fish Inc,301 Marine Dr,Blaine,98230,Washington,United States,third-country,FFP,PP,,,PP - Processing Plant,18/01/2023,
2953221,Steve and Mike's Shellfish,,San Francisco,94102,"San Francisco City and County,California",United States,third-country,FFP,PP,,,PP - Processing Plant,,
1000159689,Stevens Seafoods Inc,349 Lincoln St,Hingham,02043,"Plymouth County,Massachusetts",United States,third-country,FFP,PP,,,PP - Processing Plant,,
3023425,Sugiyo USA INC,3200 T Ave,Anacortes,98221,"Skagit County,Washington",United States,third-country,FFP,PP,,,PP - Processing Plant,27/07/2026,
3012305965,Sun Coast Calamari Inc.,555b Walker St,Watsonville,,"Santa Cruz County,California",United States,third-country,FFP,PP,,,PP - Processing Plant,17/02/2022,
1000306506,"Sun Coast Calamari, Inc.",928 E 3rd St,Oxnard,,"Ventura County,California",United States,third-country,FFP,PP,,,PP - Processing Plant,,
3005153216,"Sun'aq Tribal Enterprises, Inc. - Kodiak Wildsource",419 Shelikof St,Kodiak,99615,"Kodiak Island,Alaska",United States,third-country,FFP,PP,,,PP - Processing Plant,22/04/2025,
3018720400,"Superior Lobster & Seafood, LLC",8 Gallo Road,Sandwich,02537,"Barnstable County,Massachusetts",United States,third-country,FFP,PP,,,PP - Processing Plant,31/07/2025,
2952547,Superior Ocean West,,Santa Cruz,95003,"Santa Cruz County,California; O! No processing plant but approved as exporter/processing plant following the Recommendation of the Joint Management Committee from 2005",United States,third-country,FFP,PP,,,PP - Processing Plant,,
3011918874,Sushi Maven,473 Dahill Rd,Brooklyn,11237,"New York County,New York City,New York",United States,third-country,FFP,CS,,,CS - Cold Stores,18/05/2022,
1717082,"Swanson Health Products, Inc",4075 40th Ave S,Fargo,58102,"Cass County,North Dakota",United States,third-country,FFP,PP,,,PP - Processing Plant,,
1118202,Sysco Eastern Maryland,33300 Peach Orchard Rd,Pocomoke City,21851,"Worcester County,Maryland",United States,third-country,FFP,CS,,,CS - Cold Stores,,
3003408243,Sysco Hampton Roads,7000 Harbour View Blvd,Suffolk,23435,"Suffolk,Virginia",United States,third-country,FFP,CS,,,CS - Cold Stores,21/04/2023,
3002517576,Sysco International Food Group,2401 Police Center Dr Ste 240,Plant City,33563,"Hillsborough County,Florida",United States,third-country,FFP,CS,,,CS - Cold Stores,,
3007214820,"T & K Fisheries, Inc.",N 4036 HWY M-123,Moran,49760,"Mackinac County,Michigan",United States,third-country,FFP,PP,,,PP - Processing Plant,,
2032213,"T & L Trading, Inc.",,Montebello,,"Los Angeles County,California",United States,third-country,FFP,PP,,,PP - Processing Plant,,
3004796530,T.J. KINGS LOBSTER INC.,220 26th St,Brooklyn,11237,"New York County,New York City,New York",United States,third-country,FFP,PP,,,PP - Processing Plant,,
3010220719,TERPENING FISHING,SOUTH BEACH,Pilot Point,99649,"Lake and Peninsula,Alaska",United States,third-country,FFP,PP,,,PP - Processing Plant,,
3027275938,TLC Inc - Karen Jan F/V,Newport Port,Newport,97365,"Lincoln County,Oregon",United States,third-country,FFP,ZV,,,ZV - Freezer Vessel,01/08/2023,
3004609936,"TMC Industries, Inc.",1423 Mill Ln,Waconia,55387,"Carver County,Minnesota",United States,third-country,FFP,PP,,,PP - Processing Plant,10/10/2023,
1000121950,TRUE WORLD FOODS LLC,32-34 Papetti Plz,Elizabeth,07206,"Union County,New Jersey",United States,third-country,FFP,PP,,,PP - Processing Plant,,
3013297236,"TWIN TAILS SEAFOOD, CORP",8325 NW 30th Ter,Doral,33178,"Miami-Dade County,Florida",United States,third-country,FFP,CS,,,CS - Cold Stores,,
3023482,"Taku Smokeries, Inc.",550 S Franklin St,Juneau,99801,"Juneau,Alaska",United States,third-country,FFP,PP,,,PP - Processing Plant,,
1012607,"Tampa Bay Fisheries, Inc.",1804 Turkey Creek Rd,Plant City,33563,"Hillsborough County,Florida",United States,third-country,FFP,PP,,,PP - Processing Plant,,
1017864,"Tampa Bay Fisheries, Inc.",3060 Gallagher Rd,Dover,33527,Florida,United States,third-country,FFP,PP,,,PP - Processing Plant,11/01/2023,
3004496616,Taylor Lobster Company LLC,32 Route 236,Kittery,03904,"York County,Maine",United States,third-country,FFP,PP,,,PP - Processing Plant,02/05/2022,
3004295917,"Taylor Shellfish Company, Inc.",130 Se Lynch Rd,Shelton,,"Mason County,Washington",United States,third-country,FFP,PP,,,PP - Processing Plant,,
3004314663,Terminal Freezers,908 E 3rd St,Oxnard,93030,"Ventura County,California",United States,third-country,FFP,CS,,,CS - Cold Stores,28/10/2024,
3008605150,Terminal Freezers,555 Walker St,Watsonville,,"Santa Cruz County,California",United States,third-country,FFP,CS,,,CS - Cold Stores,18/01/2022,
1000126698,"Terminal Freezers, Inc.",,Salem,97301,"Marion County,Oregon",United States,third-country,FFP,CS,,,CS - Cold Stores,,
1627140,"Texas Pack, Inc.",508 Port Rd,Port Isabel,78578,"Cameron County,Texas",United States,third-country,FFP,PP,,,PP - Processing Plant,18/01/2023,
3037932408,Thomas Foster - F/V Falcon,Port of Newport,Newport,97365,"Lincoln County,Oregon",United States,third-country,FFP,ZV,,,ZV - Freezer Vessel,01/08/2025,
1216958,Tichon Seafood Corporation,,New Bedford,02740,"Bristol County,Massachusetts",United States,third-country,FFP,PP,,,PP - Processing Plant,,
397,Tilghman Island Seafood LLC,6129 Tilghman Island Road,Tilghman Island,21671,"Talbot County,Maryland",United States,third-country,FFP,CS PP,,,CS - Cold Stores | PP - Processing Plant,07/06/2024,
3010119375,Timothy Obert - F/V Stacey Jo,Westport Marina,Westport,98595,"Grays Harbor County,Washington",United States,third-country,FFP,ZV,,,ZV - Freezer Vessel,19/09/2024,
3027270258,Timothy Thomas - Steelfin II F/V,Garibaldi Marina,Garibaldi,97118,"Tillamook County,Oregon",United States,third-country,FFP,ZV,,,ZV - Freezer Vessel,01/08/2023,
2431390,Tishcon Corp,30 New York Ave,Westbury,11590,New York,United States,third-country,FFP,PP,,,PP - Processing Plant,12/01/2023,
3003754601,Tommy's Seafood,148 Harbor Cir,New Orleans,70126,"Orleans Parish,Louisiana",United States,third-country,FFP,PP,,,PP - Processing Plant,20/04/2023,
1000125847,"Tonka Seafoods, Inc",1200 S Nordic Dr,Petersburg,99833,"Petersburg Borough,Alaska",United States,third-country,FFP,PP,,,PP - Processing Plant,,
2437312,Top Catch Inc.,,Brooklyn,11237,"New York County,New York City,New York",United States,third-country,FFP,PP,,,PP - Processing Plant,,
1000125736,"Tradewind Seafood, Inc.",1505 Mountain View Ave,Oxnard,,"Ventura County,California",United States,third-country,FFP,PP,,,PP - Processing Plant,,
1000304926,Trans-Global Products,2002 N Lois Ave Ste 595,Tampa,33607,"Hillsborough County,Florida; O! No processing plant but approved as exporter/processing plant following the Recommendation of the Joint Management Committee from 2005",United States,third-country,FFP,PP,,,PP - Processing Plant,18/01/2023,
3024368,"Trapper's Creek, Inc.",5650 B St,Anchorage,99503,"Anchorage,Alaska",United States,third-country,FFP,PP,,,PP - Processing Plant,,
3012843758,Tre-Fin Group LLC,213 1st Ave S,Ilwaco,98624,"Pacific County,Washington",United States,third-country,FFP,PP,,,PP - Processing Plant,22/07/2025,
1222659,Trenton Bridge Lobster Pound,1237 Bar Harbor Rd,Trenton,04705,"Hancock County,Maine",United States,third-country,FFP,PP,,,PP - Processing Plant,18/01/2022,
3021852,Trident Seafoods Corp. - Akutan,73 Trident Way,Akutan,99553,Alaska,United States,third-country,FFP,PP,,,PP - Processing Plant,18/01/2023,
3025165,Trident Seafoods Corp. - Anacortes,1400 4th St.,Anacortes,98221,"Skagit County,Washington",United States,third-country,FFP,PP,,,PP - Processing Plant,18/01/2023,
3019780,Trident Seafoods Corp. - Bellingham,2825 Roeder Ave.,Bellingham,98225,"Whatcom County,Washington",United States,third-country,FFP,PP,,,PP - Processing Plant,,
3025997,Trident Seafoods Corp. - C/P Starbound,5303 Shilshole Ave Nw,Seattle,98107,Washington; 8807284	29/04/2025,United States,third-country,FFP,FV,,,FV - Factory Vessel,,
3011241126,Trident Seafoods Corp. - Carrollton,100 Jerry Dowd Dr.,Carrollton,30118,"Carroll County,Georgia",United States,third-country,FFP,PP,,,PP - Processing Plant,,
3004522933,Trident Seafoods Corp. - Cordova North,301 Jim Poor Ave,Cordova,,"Valdez-Cordova,Alaska",United States,third-country,FFP,PP,,,PP - Processing Plant,28/10/2024,
3021793,Trident Seafoods Corp. - Cordova South,545 Railroad Ave.,Cordova,99574,Alaska,United States,third-country,FFP,PP,,,PP - Processing Plant,18/01/2023,
3031685,Trident Seafoods Corp. - Everett,1930-B Merrill Creek Parkway,Everett,98203,"Snohomish County,Washington",United States,third-country,FFP,PP,,,PP - Processing Plant,,
3025952,Trident Seafoods Corp. - F/T Island Enterprise,5303 Shilshole Ave NW,Seattle,98107,Washington; 7710721	20/01/2023,United States,third-country,FFP,FV,,,FV - Factory Vessel,,
3025989,Trident Seafoods Corp. - F/T Seattle Enterprise,5303 Shilshole Ave NW,Seattle,98107,Washington; 7318949	20/01/2023,United States,third-country,FFP,FV,,,FV - Factory Vessel,,
2129670,Trident Seafoods Corp. - Motley,1348 Highway 10 South,Motley,56466,Minnesota,United States,third-country,FFP,PP,,,PP - Processing Plant,18/01/2023,
3014517,Trident Seafoods Corp. - North Naknek,1/2 Mile Post Peninsula Hwy,Naknek,99633,Alaska,United States,third-country,FFP,PP,,,PP - Processing Plant,28/10/2024,
3006388231,Trident Seafoods Corp. - P/B Alaskan Venturer,5303 Shilshole Ave NW,Seattle,98107,Washington,United States,third-country,FFP,FV,,,FV - Factory Vessel,20/01/2023,
3027822,Trident Seafoods Corp. - P/V Independence,5303 Shilshole Ave NW,Seattle,,"King County,Washington",United States,third-country,FFP,FV,,,FV - Factory Vessel,,
3020997,Trident Seafoods Corp. - Sand Point,229 Main Street,Sand Point,99661,"Aleutians East,Alaska",United States,third-country,FFP,PP,,,PP - Processing Plant,18/01/2023,
3025150,Trident Seafoods Corp. - Seattle,"Pier 91, Bldg 392",Seattle,98119,Washington,United States,third-country,FFP,PP,,,PP - Processing Plant,18/01/2023,
3028874,Trident Seafoods Corp. - St. Paul,1027 Harbor Road,St. Paul,99660,"Unorganized Borough,Alaska",United States,third-country,FFP,PP,,,PP - Processing Plant,,
3017463,Trident Seafoods Corp. - Wrangell,641 Shakes St.,Wrangell,99929,"Wrangell,Alaska",United States,third-country,FFP,PP,,,PP - Processing Plant,,
1222720,"Trio Algarvio, Inc.",,New Bedford,02740,"Bristol County,Massachusetts",United States,third-country,FFP,PP,,,PP - Processing Plant,,
3001452833,Tropic Star Seafood,3620 Ventura Dr E,Lakeland,33803,"Polk County,Florida",United States,third-country,FFP,PP,,,PP - Processing Plant,,
3017862298,True North Maine Inc. DBA True North Seafood Inc,133 Smalls Point Rd,Machiasport,04655,Maine; O! No processing plant but approved as exporter/processing plant following the Recommendation of the Joint Management Committee from 2005,United States,third-country,FFP,PP,,,PP - Processing Plant,20/01/2025,
1000307761,"True World Foods of Miami, Inc.",,Miami,33167,"Miami-Dade County,Florida",United States,third-country,FFP,PP,,,PP - Processing Plant,,
3024350659,Truefoods,448 Boston St,Topsfield,01983,Massachusetts; O! No processing plant but approved as exporter/processing plant following the Recommendation of the Joint Management Committee from 2005,United States,third-country,FFP,PP,,,PP - Processing Plant,30/01/2026,
3011447440,Turnbury Trading,,North Wales,,"Montgomery County,Pennsylvania; O! No processing plant but approved as exporter/processing plant following the Recommendation of the Joint Management Committee from 2005",United States,third-country,FFP,PP,,,PP - Processing Plant,,
3001237711,US FISHING LLC - F/V US INTREPID,570 Kirkland Way Ste 200,Kirkland,98033,"King County,Washington; 7802536	14/02/2024",United States,third-country,FFP,FV,,,FV - Factory Vessel,,
3006781340,Uni-Caps,540 W Lambert Rd,Brea,92821,"Orange County,California",United States,third-country,FFP,PP,,,PP - Processing Plant,27/07/2026,
3023595,UniSea Inc,15110 Ne 90th St,Redmond,,"King County,Washington",United States,third-country,FFP,PP,,,PP - Processing Plant,,
3017615,Unisea Inc,88 Salmon Way,Dutch Harbor,99692,Alaska,United States,third-country,FFP,PP,,,PP - Processing Plant,10/02/2023,
3032596,"Unisea, Inc. Cold Storage",,Redmond,,"King County,Washington",United States,third-country,FFP,PP,,,PP - Processing Plant,,
2000024948,United Pharma Llc,2317 Moore Ave,Fullerton,92831,"Orange County,California",United States,third-country,FFP,PP,,,PP - Processing Plant,10/02/2023,
3011808252,United States Seafoods LLC - Seafreeze America LLC,1801 Fairview Ave E Ste 100,Seattle,,"King County,Washington; 8971138	22/02/2022",United States,third-country,FFP,FV,,,FV - Factory Vessel,,
3001104580,Universal Protein Supplements Corporation,3 Terminal Rd,New Brunswick,08901,"Middlesex County,New Jersey",United States,third-country,FFP,PP,,,PP - Processing Plant,06/02/2024,
3007898756,Upriver Aquaculture Inc dba Upriver and Upriver Smokehouse,,Miami,33167,"Miami-Dade County,Florida",United States,third-country,FFP,PP,,,PP - Processing Plant,,
3000215720,"Usafish International, Inc.",,Miami,33167,"Miami-Dade County,Florida; O! No processing plant but approved as exporter/processing plant following the Recommendation of the Joint Management Committee from 2005",United States,third-country,FFP,PP,,,PP - Processing Plant,,
3000717870,VANEE FOODS COMPANY,2759 S 25th Ave,Broadview,60155,"Cook County,Illinois",United States,third-country,FFP,PP,,,PP - Processing Plant,10/05/2022,
1412537,Vanee Foods,5418 Mcdermott Dr,Berkeley,60163,"Cook County,Illinois",United States,third-country,FFP,PP,,,PP - Processing Plant,10/05/2022,
1000187541,Vistar Corporation Dba Empire Seafood,3595 NW 125th St,Miami,33167,"Miami-Dade County,Florida",United States,third-country,FFP,PP,,,PP - Processing Plant,,
2010986,"Vit-Best Nutrition, Inc.",2802 Dow Ave,Tustin,92780,"Orange County,California",United States,third-country,FFP,PP,,,PP - Processing Plant,27/07/2026,
3011402637,VitalBulk,294 Anna St,Watsonville,95076,California,United States,third-country,FFP,PP,,,PP - Processing Plant,18/07/2022,
1048033,"Vitalabs, Inc",1451 Highway 20 W,McDonough,30253,Georgia; O! No processing plant but approved as exporter/processing plant following the Recommendation of the Joint Management Committee from 2005,United States,third-country,FFP,PP,,,PP - Processing Plant,20/04/2023,
3002650718,WA Cold Storage Inc.,621 Railroad Ave N,Kent,98001,"King County,Washington",United States,third-country,FFP,CS,,,CS - Cold Stores,,
2027185,"Wakunaga Of America Co., Ltd.",23501 Madero,Mission Viejo,92610,"Orange County,California; O! No processing plant but approved as exporter/processing plant following the Recommendation of the Joint Management Committee from 2005",United States,third-country,FFP,PP,,,PP - Processing Plant,,
1000305485,Wanchese Fish Company,2000 Northgate Commerce Pkwy,Suffolk,23435,"Suffolk,Virginia",United States,third-country,FFP,PP,,,PP - Processing Plant,19/01/2024,
3018076991,Warbucks International Seafood,1701 Canal Blvd,Thibodaux,70301,Louisiana,United States,third-country,FFP,PP,,,PP - Processing Plant,22/07/2025,
3024331,"Washington Cold Storage, Inc.",,Puyallup,98390,"Pierce County,Washington",United States,third-country,FFP,CS,,,CS - Cold Stores,,
3013509625,Waterfront Cold Store LLC,40 Herman Melville Blvd,New Bedford,02740,"Bristol County,Massachusetts",United States,third-country,FFP,CS,,,CS - Cold Stores,20/01/2025,
3002466109,"Waterfront Cold Store, LLC",12 Fish Is,New Bedford,02740,"Bristol County,Massachusetts",United States,third-country,FFP,CS,,,CS - Cold Stores,11/04/2024,
3016648399,"Waterfront Cold Store, LLC",255 Macarthur Dr,New Bedford,02740,"Bristol County,Massachusetts",United States,third-country,FFP,CS,,,CS - Cold Stores,18/01/2022,
3019873809,"Waterfront Cold Store, LLC",81 Ingell St,Taunton,02780,Massachusetts,United States,third-country,FFP,CS,,,CS - Cold Stores,18/05/2022,
1114927,"Well's Ice and Cold Storage, Inc.",,Seaford,19973,"Sussex County,Delaware",United States,third-country,FFP,PP,,,PP - Processing Plant,,
3007559459,Wellfleet Shellfish Company Inc.,137 Holmes Rd,Eastham,02642,"Barnstable County,Massachusetts",United States,third-country,FFP,PP,,,PP - Processing Plant,18/01/2023,
3002728588,West Terminal,289 MacArthur Dr,New Bedford,02740,"Bristol County,Massachusetts",United States,third-country,FFP,CS,,,CS - Cold Stores,,
3010383045,Western Distribution Services Llc,,Renton,98059,"King County,Washington",United States,third-country,FFP,CS,,,CS - Cold Stores,,
3003431449,"Western United Fish Co., Inc",1025 6th Ave N,Kent,98032,"King County,Washington",United States,third-country,FFP,PP,,,PP - Processing Plant,26/07/2024,
3026057,Westward Seafoods,1 Mile Captains Bay Rd.,Dutch Harbor,,Alaska,United States,third-country,FFP,PP,,,PP - Processing Plant,,
3025965,Westward Seafoods - Northern Victor,1829 Ballyhoo Road,Dutch Harbor,99692,Alaska,United States,third-country,FFP,PP,,,PP - Processing Plant,17/01/2023,
3013904,"Westward Seafoods, Inc.-Alyeska",551 W Broadway Ave,Unalaska,99685,"Unorganized Borough,Alaska",United States,third-country,FFP,PP,,,PP - Processing Plant,27/07/2026,
3009699307,Wheeler Seafood Inc,929 E Main Ste 212,Puyallup,98372,"Pierce County,Washington; O! No processing plant but approved as exporter/processing plant following the Recommendation of the Joint Management Committee from 2005",United States,third-country,FFP,PP,,,PP - Processing Plant,02/05/2022,
3006363913,Wild Premium Salmon LLC,123 Broadway St,Egegik,99579,Alaska,United States,third-country,FFP,PP,,,PP - Processing Plant,22/04/2025,
3015819315,Wildfish LLC,300 Herman Melville Blvd,New Bedford,02740,"Bristol County,Massachusetts",United States,third-country,FFP,PP,,,PP - Processing Plant,30/01/2026,
3008356753,Wildfish LLC DBA Red's Best,37 Boston Fish Pier,Boston,02210,Massachusetts,United States,third-country,FFP,PP,,,PP - Processing Plant,29/01/2024,
1000122503,Wiley Companies,1245 S 6th St,Coshocton,43812,"Coshocton County,Ohio",United States,third-country,FFP,PP,,,PP - Processing Plant,,
3014843560,Wiley's Finest,545 Walnut St,Coshocton,43812,"Coshocton County,Ohio",United States,third-country,FFP,PP,,,PP - Processing Plant,20/04/2023,
1029873,Wood's Fisheries,464 Angelfish Rd,Port St. Joe,,"Gulf County,Florida",United States,third-country,FFP,PP,,,PP - Processing Plant,,
3002281386,"Worldwide Perishables, LLC",195 Cottage St,Chelsea,02150,Massachusetts,United States,third-country,FFP,PP,,,PP - Processing Plant,27/04/2026,
3040518048,Wright Tide Seafood LLC,267 SW Bay Blvd.,Newport,97365,"Lincoln County,Oregon; O! No processing plant but approved as exporter/processing plant following the Recommendation of the Joint Management Committee from 2005",United States,third-country,FFP,PP,,,PP - Processing Plant,15/10/2025,
1832962,Xela Pack,8300 Boettner Rd,Saline,48176,"Washtenaw County,Michigan",United States,third-country,FFP,PP,,,PP - Processing Plant,,
3010840403,YAKOBI FISHERIES LLC,"172 SALMON WAY, ROOM E",Pelican,99832,"Hoonah-Angoon,Alaska",United States,third-country,FFP,PP,,,PP - Processing Plant,,
3005040585,Yakutat Seafoods,532 Max Italio Drive,Yakutat,,Alaska,United States,third-country,FFP,PP,,,PP - Processing Plant,,
2916967,Yamato Foods Corp.,,San Leandro,94603,"Alameda County,California",United States,third-country,FFP,PP,,,PP - Processing Plant,,
3003027941,Yankee Fishermen's Cooperative,,Seabrook,01913,"Rockingham County,New Hampshire",United States,third-country,FFP,PP,,,PP - Processing Plant,,
3009755552,"Z/V Cape Breton Fishing, LP","Eastgate Office Park Iii, 15375 Se 30th Pl Ste 280",Bellevue,98007,Washington; 7803255	27/01/2025,United States,third-country,FFP,ZV,,,ZV - Freezer Vessel,,
3009755574,"Z/V Cape Elizabeth Fishing, LP","Eastgate Office Park Iii, 15375 Se 30th Pl Ste 280",Bellevue,98007,Washington; 9018892	26/04/2023,United States,third-country,FFP,FV ZV,,,FV - Factory Vessel | ZV - Freezer Vessel,,
3009755581,"Z/V Cape Ferrat Fishing, LP","Eastgate Office Park Iii, 15375 Se 30th Pl Ste 280",Bellevue,98007,Washington; 7803267	26/04/2023,United States,third-country,FFP,FV ZV,,,FV - Factory Vessel | ZV - Freezer Vessel,,
45261,Adena Meat Products,,Fort McCoy,,Florida; 12 Complies fully with the requirements of the non-hormone treated cattle programme,United States,third-country,RM,SH CP,Y,bovine,SH - Slaughterhouse | CP - Cutting Plant,,
I5,Agro Merchant Group Inc.,,Summerville,29483,"Dorchester County,South Carolina",United States,third-country,RM,CS,N,bovine porcine,CS - Cold Stores,,
3397,Alfords Refrigeration,,Richardson,75080,"Dallas County,Texas; 10 Only storage of meat already finally packaged in approved slaughtering or cutting establishments",United States,third-country,RM,CS,N,,CS - Cold Stores,,
34184,"Alliance Resources Warehousing, Inc.",200 Turner Dr,Rantoul,61866,"Champaign County,Illinois; 10 Only storage of meat already finally packaged in approved slaughtering or cutting establishments",United States,third-country,RM,CS,N,,CS - Cold Stores,,
3475,Americold,,Green Bay,54229,"Brown County,Wisconsin; 10 Only storage of meat already finally packaged in approved slaughtering or cutting establishments",United States,third-country,RM,CS,N,,CS - Cold Stores,,
3161,Americold Logistics,,Indianapolis,46201,"Marion County,Indiana; 10 Only storage of meat already finally packaged in approved slaughtering or cutting establishments",United States,third-country,RM,CS,N,,CS - Cold Stores,,
3154,Americold Logistics,,Fort Dodge,50501,"Webster County,Iowa; 10 Only storage of meat already finally packaged in approved slaughtering or cutting establishments",United States,third-country,RM,CS,N,,CS - Cold Stores,,
3190,Americold Logistics,,Fremont,68025,"Dodge County,Nebraska; 10 Only storage of meat already finally packaged in approved slaughtering or cutting establishments",United States,third-country,RM,CS,N,,CS - Cold Stores,,
3396,Americold Logistics,,Bettendorf,52722,"Scott County,Iowa; 10 Only storage of meat already finally packaged in approved slaughtering or cutting establishments",United States,third-country,RM,CS,N,,CS - Cold Stores,,
V17941,Americold Logistics,5610 David Cox Rd.,Charlotte,28269,"Mecklenburg County,North Carolina",United States,third-country,RM,CS,N,porcine,CS - Cold Stores,22/10/2025,
V17754,Americold Logistics,201 1st Ave South,Forest,,"Scott County,Mississippi",United States,third-country,RM,CS,N,bovine porcine,CS - Cold Stores,29/08/2025,
V19470,Americold Logistics,403 Commerce Court,Goldsboro,27534,"Wayne County,North Carolina",United States,third-country,RM,CS,N,bovine porcine,CS - Cold Stores,16/01/2026,
3431,Americold Logistics,,Fort Worth,76020,"Tarrant County,Texas; 10 Only storage of meat already finally packaged in approved slaughtering or cutting establishments",United States,third-country,RM,CS,N,,CS - Cold Stores,,
3318,Americold Logistics,,Sioux Falls,,"Minnehaha County,South Dakota; 10 Only storage of meat already finally packaged in approved slaughtering or cutting establishments",United States,third-country,RM,CS,N,,CS - Cold Stores,,
3216,Americold Logistics,,Garden City,,"Finney County,Kansas; 10 Only storage of meat already finally packaged in approved slaughtering or cutting establishments",United States,third-country,RM,CS,N,,CS - Cold Stores,,
3056,Americold Logistics,,Wallula,,"Walla Walla County,Washington; 10 Only storage of meat already finally packaged in approved slaughtering or cutting establishments",United States,third-country,RM,CS,N,,CS - Cold Stores,,
3245,Americold Logistics,,Marshall,65340,"Saline County,Missouri; 10 Only storage of meat already finally packaged in approved slaughtering or cutting establishments",United States,third-country,RM,CS,N,,CS - Cold Stores,,
V17756,Americold Logistics LLC,2640 Murray St.,Sioux City,51111,"Woodbury County,Iowa; 12 Complies fully with the requirements of the non-hormone treated cattle programme; 13 Complies fully with the requirements of the Pork for European Union programme",United States,third-country,RM,CS,N,bovine porcine,CS - Cold Stores,09/03/2026,
"I47958, V47958","Americold Logistics, LLC","6330 Nita Way, Baytown, Texas 77523",Baytown,77523,"Harris County,Texas; 12 Complies fully with the requirements of the non-hormone treated cattle programme; 13 Complies fully with the requirements of the Pork for European Union programme",United States,third-country,RM,CS,N,bovine porcine,CS - Cold Stores,18/05/2026,
V47159,"Americold Logistics, LLC",1951 Old River Road,Bloomingdale,31302,"Chatham County,Georgia",United States,third-country,RM,CS,N,porcine bovine,CS - Cold Stores,13/02/2024,
3768,"Americold Logistics, LLC",2707 N.Mead,Wichita,67230,"Sedgwick County,Kansas",United States,third-country,RM,CS,N,,CS - Cold Stores,,
V 18161,"Americold Logistics, LLC",6403 S. Ball Street,Johnson,72741,"Washington County,Arkansas; 10 Only storage of meat already finally packaged in approved slaughtering or cutting establishments",United States,third-country,RM,CS,N,bovine porcine ovine,CS - Cold Stores,,
V19462,Americold Logistics. LLC,2201 Perimeter Road,Mobile,36615,"Mobile County,Alabama",United States,third-country,RM,CS,N,bovine porcine,CS - Cold Stores,17/11/2025,
6916,Amity Packing Co. Inc.,4220 S. Kildare Ave.,Chicago,60609,"Cook County,Illinois",United States,third-country,RM,CP,N,porcine bovine,CP - Cutting Plant,03/05/2023,
45391,"Argo Merchant Group, Inc.",,Summerville,29483,"Dorchester County,South Carolina",United States,third-country,RM,CS,N,bovine porcine,CS - Cold Stores,,
M3535 V3535,Artico Cold Storage Chicago LLC,1556 W. 43rd St,Chicago,60609,"Cook County,Illinois",United States,third-country,RM,CP CS,N,bovine porcine,CP - Cutting Plant | CS - Cold Stores,25/10/2022,
3535,Ashland Cold Storage,,Chicago,60609,"Cook County,Illinois; 10 Only storage of meat already finally packaged in approved slaughtering or cutting establishments",United States,third-country,RM,CS,N,,CS - Cold Stores,,
3407,Atlas Cold Storage,,Brooklyn Park,55433,"Hennepin County,Minnesota; 10 Only storage of meat already finally packaged in approved slaughtering or cutting establishments",United States,third-country,RM,CS,N,,CS - Cold Stores,,
8904,Atlas Cold Storage,,South St. Paul,,Minnesota; 10 Only storage of meat already finally packaged in approved slaughtering or cutting establishments,United States,third-country,RM,CS,N,,CS - Cold Stores,,
27468,BUCKHEAD BEEF OF FLORIDA,"355 PROGRESS ROAD, AUBURNDALE, FLORIDA",Auburndale,33823,"Polk County,Florida",United States,third-country,RM,CS CP,N,bovine porcine,CS - Cold Stores | CP - Cutting Plant,11/01/2023,
M170,Bridgeford Food Processing Corporation,1415 W. 44th Street,Chicago,60609,"Cook County,Illinois; 13 Complies fully with the requirements of the Pork for European Union programme; 12 Complies fully with the requirements of the non-hormone treated cattle programme",United States,third-country,RM,CP,N,porcine bovine,CP - Cutting Plant,,
44999,Brush Meat Processors LLC,,Brush,80723,"Morgan County,Colorado; 12 Complies fully with the requirements of the non-hormone treated cattle programme; Bbis Bison bison",United States,third-country,RM,SH,Y,bovine,SH - Slaughterhouse,,
18034,Burris Refrigerated Logistics,,Chesapeake,23523,"Chesapeake City,Virginia; 10 Only storage of meat already finally packaged in approved slaughtering or cutting establishments",United States,third-country,RM,CS,N,,CS - Cold Stores,,
19797,Burris Refrigerated Services,,Benson,,"Johnston County,North Carolina; 10 Only storage of meat already finally packaged in approved slaughtering or cutting establishments",United States,third-country,RM,CS,N,,CS - Cold Stores,,
M48082 + P48082 + V48082,California Farms Meat Company Inc.,4451 South Downey Road,Vernon,90058,"Los Angeles County,California",United States,third-country,RM,CP,N,bovine porcine,CP - Cutting Plant,10/12/2024,
18435,Carolina Cold Storage,,Tar Heel,,"Bladen County,North Carolina; 10 Only storage of meat already finally packaged in approved slaughtering or cutting establishments",United States,third-country,RM,CS,N,,CS - Cold Stores,,
17354,Central Storage & Warehouse Company,,Madison,54704,"Dane County,Wisconsin; 10 Only storage of meat already finally packaged in approved slaughtering or cutting establishments",United States,third-country,RM,CS,N,,CS - Cold Stores,,
3860,Central Storage and Warehouse Company,,Eau Claire,54703,"Eau Claire County,Wisconsin; 10 Only storage of meat already finally packaged in approved slaughtering or cutting establishments",United States,third-country,RM,CS,N,,CS - Cold Stores,,
19170,Chicago Cold Storage,3534 S. KOstner,Chicago,60609,"Cook County,Illinois",United States,third-country,RM,CS,N,,CS - Cold Stores,,
791,"Clemens Food Group, LLC",,Hatfield,19440,"Montgomery County,Pennsylvania; 13 Complies fully with the requirements of the Pork for European Union programme",United States,third-country,RM,SH CS CP,Y,porcine,SH - Slaughterhouse | CS - Cold Stores | CP - Cutting Plant,,
3898,Cloverleaf Cold Storage,,Cherokee,51012,"Cherokee County,Iowa; 10 Only storage of meat already finally packaged in approved slaughtering or cutting establishments",United States,third-country,RM,CS,N,,CS - Cold Stores,,
31740,Cloverleaf Cold Storage,,Lakeville,55068,"Dakota County,Minnesota",United States,third-country,RM,CS,N,porcine bovine,CS - Cold Stores,,
3748,Cloverleaf Cold Storage,,Sioux City,51103,"Woodbury County,Iowa; 10 Only storage of meat already finally packaged in approved slaughtering or cutting establishments",United States,third-country,RM,CS,N,,CS - Cold Stores,,
3136,Cloverleaf Cold Storage,"1400 East 8th Street, Fairmont, MN 56031",Fairmont,56031,"Martin County,Minnesota; 10 Only storage of meat already finally packaged in approved slaughtering or cutting establishments",United States,third-country,RM,CS,N,,CS - Cold Stores,,
18376,Cloverleaf Cold Storage,,Le Mars,51031,"Plymouth County,Iowa; 10 Only storage of meat already finally packaged in approved slaughtering or cutting establishments",United States,third-country,RM,CS,N,,CS - Cold Stores,,
3215,Cloverleaf Cold Storage,,Napoleon,43545,"Henry County,Ohio; 10 Only storage of meat already finally packaged in approved slaughtering or cutting establishments",United States,third-country,RM,CS,N,,CS - Cold Stores,,
19246,Cloverleaf Cold Storage,,Sioux City,51103,"Woodbury County,Iowa; 10 Only storage of meat already finally packaged in approved slaughtering or cutting establishments",United States,third-country,RM,CS,N,,CS - Cold Stores,,
17756,Cloverleaf Cold Storage Co,,Sioux City,51103,"Woodbury County,Iowa; 10 Only storage of meat already finally packaged in approved slaughtering or cutting establishments",United States,third-country,RM,CS,N,,CS - Cold Stores,,
V2768,"Cold-Link Logistics, Hattiesburg, MS",88 Mad Dog Way,Ellisville,,"Jones County,Mississippi; 12 Complies fully with the requirements of the non-hormone treated cattle programme; 10 Only storage of meat already finally packaged in approved slaughtering or cutting establishments",United States,third-country,RM,CS,N,bovine,CS - Cold Stores,10/07/2024,
V 48205,"ColdPoint Logistics Warehouse, LLC",31301 W. 181st. Street,Edgerton,66021,"Johnson County,Kansas",United States,third-country,RM,CS,N,porcine bovine,CS - Cold Stores,,
15767,Consumers Packing Company,1301 Carson Dr,Melrose Park,,"Cook County,Illinois",United States,third-country,RM,CP,N,bovine,CP - Cutting Plant,,
M 18532,Costco Wholesale Meat Plant,17880 West Schulte Plant,Tracy,,"San Joaquin County,California",United States,third-country,RM,CP,N,bovine,CP - Cutting Plant,,
27,Creekstone Farms Premium Beef,,Arkansas City,67005,"Cowley County,Kansas; 5 Tongues, hearts, kidneys, livers, stomachs and carcase meat only; 12 Complies fully with the requirements of the non-hormone treated cattle programme",United States,third-country,RM,SH CP,Y,bovine,SH - Slaughterhouse | CP - Cutting Plant,,
31726,Crete Cold Storage,,Crete,68333,"Saline County,Nebraska; 10 Only storage of meat already finally packaged in approved slaughtering or cutting establishments",United States,third-country,RM,CS,N,,CS - Cold Stores,,
P 18967,Criden-Claxton LLC,,Claxton,,"Evans County,Georgia",United States,third-country,RM,CS,N,bovine,CS - Cold Stores,,
7271,Custom Meats Corporation,,Dallas,75026,"Dallas County,Texas",United States,third-country,RM,CP,N,bovine ovine caprine porcine,CP - Cutting Plant,,
V 31727,Cypress Cold Storage,11100 Lewis Nelson Drive,Maumelle,,Arkansas; 10 Only storage of meat already finally packaged in approved slaughtering or cutting establishments,United States,third-country,RM,CS,N,bovine porcine,CS - Cold Stores,,
3505,Dakota Cold Storage,,Huron,57350,"Beadle County,South Dakota; 10 Only storage of meat already finally packaged in approved slaughtering or cutting establishments",United States,third-country,RM,CS,N,,CS - Cold Stores,,
M40441 P40441 V40441,Derstine's Inc,"3245 State Road, Sellersville, Pennsylvania 18960",Sellersville,18960,"Bucks County,Pennsylvania; 12 Complies fully with the requirements of the non-hormone treated cattle programme; 13 Complies fully with the requirements of the Pork for European Union programme",United States,third-country,RM,CS,N,bovine porcine,CS - Cold Stores,03/04/2025,
3157,Des Moines Cold Storage,,Des Moines,50319,"Polk County,Iowa; 10 Only storage of meat already finally packaged in approved slaughtering or cutting establishments",United States,third-country,RM,CS,N,,CS - Cold Stores,,
19571,Diamond K Ranch,,Ingram,78025,"Kerr County,Texas; 10 Only storage of meat already finally packaged in approved slaughtering or cutting establishments",United States,third-country,RM,CS,N,,CS - Cold Stores,,
322,"Double J Meat Packing, Inc.",726 West Main St,Pierce,80650,"Weld County,Colorado; 1 Offal excluded; Bbis Bison bison; 12 Complies fully with the requirements of the non-hormone treated cattle programme",United States,third-country,RM,CP SH,Y,bovine,CP - Cutting Plant | SH - Slaughterhouse,,
3229,Emporia Cold Storage,,Emporia,66801,"Lyon County,Kansas; 10 Only storage of meat already finally packaged in approved slaughtering or cutting establishments",United States,third-country,RM,CS,N,,CS - Cold Stores,,
V45030,Envision Cold,106 Eli Whitney Blvd.,Savannah,31408,"Chatham County,Georgia",United States,third-country,RM,CS,N,bovine porcine,CS - Cold Stores,14/01/2026,
M45261,FM Meat Products Limited Partnership,19798 NE Hwy. 315,Fort McCoy,,Florida; 12 Complies fully with the requirements of the non-hormone treated cattle programme,United States,third-country,RM,SH CP CS,Y,bovine,SH - Slaughterhouse | CP - Cutting Plant | CS - Cold Stores,09/02/2024,
17652,"FWB, Inc",,Grand Prairie,75050,"Dallas County,Texas; 10 Only storage of meat already finally packaged in approved slaughtering or cutting establishments",United States,third-country,RM,CS,N,,CS - Cold Stores,,
M 40219,Flannery Beef LLC,139-C Carlos Drive,San Rafael,94903,"Marin County,California",United States,third-country,RM,CP,N,bovine,CP - Cutting Plant,,
M50775 + V50775,"Fleish Yavesh, Inc.","11 Prospect Ave., Hewlett, New York 11557",Hewlett,,"Nassau,New York; 12 Complies fully with the requirements of the non-hormone treated cattle programme",United States,third-country,RM,CP,N,bovine,CP - Cutting Plant,14/02/2025,
34099 M/P,Flint River Services,,Rincon,31326,"Effingham County,Georgia; 10 Only storage of meat already finally packaged in approved slaughtering or cutting establishments",United States,third-country,RM,CS,N,bovine porcine,CS - Cold Stores,,
47104,Fort Worth Meat Packers LLC,3801 N Grove St.,Fort Worth,76106,"Tarrant County,Texas; 13 Complies fully with the requirements of the Pork for European Union programme; 12 Complies fully with the requirements of the non-hormone treated cattle programme",United States,third-country,RM,CS CP SH,Y,bovine porcine,CS - Cold Stores | CP - Cutting Plant | SH - Slaughterhouse,26/03/2024,
M 47104B,Fort Worth Meat Packers LLC,3801 N Grove St.,Fort Worth,76020,"Tarrant County,Texas; 12 Complies fully with the requirements of the non-hormone treated cattle programme; 13 Complies fully with the requirements of the Pork for European Union programme",United States,third-country,RM,CS SH CP,Y,porcine bovine,CS - Cold Stores | SH - Slaughterhouse | CP - Cutting Plant,20/02/2024,
V2783,FreezPak Logistics,7818 Fisher Rd,Baytown,77523,"Harris County,Texas; 12 Complies fully with the requirements of the non-hormone treated cattle programme; 13 Complies fully with the requirements of the Pork for European Union programme",United States,third-country,RM,CS,N,bovine porcine,CS - Cold Stores,04/02/2026,
M13415,Fremont Beef Company,960 South Schneider Street,Fremont,68025,"Dodge County,Nebraska",United States,third-country,RM,CP,N,bovine,CP - Cutting Plant,30/07/2024,
21930I,Fresh Mark Cold Storage,,Massillon,44647,"Stark County,Ohio; 10 Only storage of meat already finally packaged in approved slaughtering or cutting establishments",United States,third-country,RM,CS,N,porcine bovine,CS - Cold Stores,,
V47980,Frez-N-Stor,5500 Industrial Road,Greenville,75401,"Hunt County,Texas",United States,third-country,RM,CS,N,bovine porcine,CS - Cold Stores,25/07/2022,
V 17086; M 17086; P 17086,"Frontiere Natural Meats, LLC DBA Platte Valley Food Group","810 E, 50th Ave.",Denver,80236,"Denver County,Colorado; Bbis Bison bison",United States,third-country,RM,CS CP,N,bovine porcine,CS - Cold Stores | CP - Cutting Plant,11/12/2023,
M 17086; V 17086,"Frontiere Natural Meats, LLC DBA Platte Valley Food Group",810 E. 50th Ave.,Denver,80236,"Denver County,Colorado; Bbis Bison bison",United States,third-country,RM,CP CS,N,bovine,CP - Cutting Plant | CS - Cold Stores,,
V 32006A,Frozen Assets Cold Storage,555 Northwest Avenue,Northlake,60164,"Cook County,Illinois; 10 Only storage of meat already finally packaged in approved slaughtering or cutting establishments",United States,third-country,RM,CS,N,porcine bovine,CS - Cold Stores,,
V32006C,Frozen Assets Cold Storage LLC,"4308 W. 44th St., Suite Z Chicago, Illinois 60632",Chicago,60632,Illinois; 12 Complies fully with the requirements of the non-hormone treated cattle programme; 13 Complies fully with the requirements of the Pork for European Union programme,United States,third-country,RM,CS,N,bovine porcine,CS - Cold Stores,08/09/2026,
32190,"GDC Logistics, LLC",550 W. North Frontage Rd,Bolingbrook,60439,"Will County,Illinois",United States,third-country,RM,CP CS,N,porcine bovine,CP - Cutting Plant | CS - Cold Stores,,
M 6076A,Glenwood Snacks LLC,211 W. Industrial Park Rd.,St. Anthony,83445,"Fremont County,Idaho",United States,third-country,RM,CP,N,bovine porcine,CP - Cutting Plant,,
4104,Goldberg & Solovy Foods,,Vernon,90058,"Los Angeles County,California",United States,third-country,RM,CP,N,bovine,CP - Cutting Plant,,
M 34719; V 34719,"Golden Valley Natural, LLC",1740 Yellowstone Hwy,Idaho Falls,,"Bonneville County,Idaho; Bbis Bison bison",United States,third-country,RM,CP,N,bovine porcine,CP - Cutting Plant,,
M 6220A; V 6220A,"Golden Valley Natural, LLC",815 E. 1400 N.,Shelley,,"Bingham County,Idaho; Bbis Bison bison",United States,third-country,RM,CP,N,bovine porcine,CP - Cutting Plant,,
960,Greater Omaha Packing Company,3001 L Street,Omaha,68107,"Douglas County,Nebraska; 5 Tongues, hearts, kidneys, livers, stomachs and carcase meat only; 12 Complies fully with the requirements of the non-hormone treated cattle programme",United States,third-country,RM,SH,Y,bovine,SH - Slaughterhouse,29/08/2024,
960A,Greater Omaha Packing Company,3001 L Street,Omaha,68107,"Douglas County,Nebraska; 10 Only storage of meat already finally packaged in approved slaughtering or cutting establishments",United States,third-country,RM,CP CS,N,bovine,CP - Cutting Plant | CS - Cold Stores,29/08/2024,
33812,Halperns Steak And Seafood,,Atlanta,10331,"Fulton County,Georgia",United States,third-country,RM,CP,N,porcine bovine,CP - Cutting Plant,,
3170,Hanson Cold Storage Co,,Logansport,46947,"Cass County,Indiana; 10 Only storage of meat already finally packaged in approved slaughtering or cutting establishments",United States,third-country,RM,CS,N,,CS - Cold Stores,,
M 783,Harris Ranch Beef Co.,16277 S McCall Ave.,Selma,93662,"Fresno County,California; 12 Complies fully with the requirements of the non-hormone treated cattle programme",United States,third-country,RM,SH CP,Y,bovine,SH - Slaughterhouse | CP - Cutting Plant,,
31998,High Track LLC,,McFarland,53558,"Dane County,Wisconsin; 10 Only storage of meat already finally packaged in approved slaughtering or cutting establishments",United States,third-country,RM,CS,N,,CS - Cold Stores,,
18265,Houston Central Industries,,Houston,65483,Missouri; 10 Only storage of meat already finally packaged in approved slaughtering or cutting establishments,United States,third-country,RM,CS,N,,CS - Cold Stores,,
V47690,I.P. Trading Florida LLC,590 NE 185th Street,Miami,33179,Florida,United States,third-country,RM,CS,N,bovine porcine equine,CS - Cold Stores,19/05/2026,
V1768,IceCap Cold Storage,"1720 16th Ave., Council Bluffs, Iowa 51501",Council Bluffs,51501,"Pottawattamie County,Iowa; 12 Complies fully with the requirements of the non-hormone treated cattle programme; 13 Complies fully with the requirements of the Pork for European Union programme",United States,third-country,RM,CS,N,bovine porcine,CS - Cold Stores,04/03/2025,
3283,Industrial Cold Storage,,Jacksonville,,"Duval County,Florida; 10 Only storage of meat already finally packaged in approved slaughtering or cutting establishments",United States,third-country,RM,CS,N,,CS - Cold Stores,,
19593,"Intermountain Meat, LLC",,Idaho Falls,,"Bonneville County,Idaho; 10 Only storage of meat already finally packaged in approved slaughtering or cutting establishments",United States,third-country,RM,CS,N,,CS - Cold Stores,,
47547,"Intermountain Packing, LLC",1096 East Iona Road,Idaho Falls,,"Bonneville County,Idaho; 12 Complies fully with the requirements of the non-hormone treated cattle programme",United States,third-country,RM,CP SH,Y,bovine,CP - Cutting Plant | SH - Slaughterhouse,02/05/2024,
19790,International Refrigerated Port Services,,Norfolk,23324,"Norfolk,Virginia; 10 Only storage of meat already finally packaged in approved slaughtering or cutting establishments",United States,third-country,RM,CS,N,,CS - Cold Stores,,
21809,Interstate Meat Service,,Albert Lea,56007,"Freeborn County,Minnesota; 10 Only storage of meat already finally packaged in approved slaughtering or cutting establishments",United States,third-country,RM,CS,N,,CS - Cold Stores,,
20190,Interstate Warehousing,,Newport News,23001,"Newport News City,Virginia; 10 Only storage of meat already finally packaged in approved slaughtering or cutting establishments",United States,third-country,RM,CS,N,,CS - Cold Stores,,
M8,"Iowa Premium, LLC",3337 L Avenue,Tama,,"Tama County,Iowa; 1 Offal excluded; 12 Complies fully with the requirements of the non-hormone treated cattle programme",United States,third-country,RM,CP SH,Y,bovine,CP - Cutting Plant | SH - Slaughterhouse,,
889 A,J. F. O'Neill Packing Company,"3120 ""G"" Street POB 7194",Omaha,68107,"Douglas County,Nebraska; 1 Offal excluded; Bbis Bison bison; 12 Complies fully with the requirements of the non-hormone treated cattle programme",United States,third-country,RM,CP SH,Y,bovine,CP - Cutting Plant | SH - Slaughterhouse,28/08/2024,
M267,JBS Tolleson Inc.,651 S. 91st Avenue,Tolleson,85353,"Maricopa County,Arizona; 12 Complies fully with the requirements of the non-hormone treated cattle programme",United States,third-country,RM,CP CS SH,Y,bovine,CP - Cutting Plant | CS - Cold Stores | SH - Slaughterhouse,,
18930,Jacintoport International,,Houston,65483,Missouri; 10 Only storage of meat already finally packaged in approved slaughtering or cutting establishments,United States,third-country,RM,CS,N,,CS - Cold Stores,,
M34225 P34225,"Johnsonville, LLC",N6927 Johnsonville Way,Sheboygan Falls,53085,"Sheboygan County,Wisconsin; 13 Complies fully with the requirements of the Pork for European Union programme",United States,third-country,RM,CS,N,porcine,CS - Cold Stores,23/02/2022,
5694,Kent Quality Foods Inc.,,Grand Rapids,49503,"Kent County,Michigan; 12 Complies fully with the requirements of the non-hormone treated cattle programme",United States,third-country,RM,CP,N,bovine,CP - Cutting Plant,,
21547,"LPB, Inc.",,Earlham,,"Madison County,Iowa",United States,third-country,RM,CP,N,porcine bovine,CP - Cutting Plant,,
V1648,Lamex Foods Inc,"6100 Shelia St., Door # 8 Office 6114",Commerce,90040,"Los Angeles County,California; 13 Complies fully with the requirements of the Pork for European Union programme; 12 Complies fully with the requirements of the non-hormone treated cattle programme",United States,third-country,RM,CS,N,porcine bovine,CS - Cold Stores,16/02/2026,
I66 V51311,"Lineage Logistics PFS, LLC",10585 Red Bluff Rd.,Pasadena,77507,"Harris County,Texas; 12 Complies fully with the requirements of the non-hormone treated cattle programme; 13 Complies fully with the requirements of the Pork for European Union programme",United States,third-country,RM,CS,N,bovine porcine,CS - Cold Stores,08/10/2024,
V46518,"Lineage Logistics PFS, LLC",2357 South Wood Street,Chicago,60609,"Cook County,Illinois; 10 Only storage of meat already finally packaged in approved slaughtering or cutting establishments",United States,third-country,RM,CS,N,bovine porcine,CS - Cold Stores,,
V2234,"Lineage Logistics, LLC",7500 Uvalde Road,Houston,77049,"Harris County,Texas",United States,third-country,RM,CS,N,bovine porcine,CS - Cold Stores,29/08/2024,
I123 V123,"Lineage Logistics, LLC","3200 Lineage Way, Portsmouth, Virginia 23703",Portsmouth,23703,"Portsmouth,Virginia; 12 Complies fully with the requirements of the non-hormone treated cattle programme; 13 Complies fully with the requirements of the Pork for European Union programme",United States,third-country,RM,CS,N,bovine porcine,CS - Cold Stores,11/10/2024,
V47737,"Lineage Logistics, LLC",2375 Tremont Road,Savannah,31405,"Chatham County,Georgia",United States,third-country,RM,CS,N,bovine porcine,CS - Cold Stores,16/05/2022,
21207,Lorentz Meats,705 Cannon Industrial Blvd,Cannon Falls,55009,"Goodhue County,Minnesota; Bbis Bison bison",United States,third-country,RM,SH CP,Y,bovine,SH - Slaughterhouse | CP - Cutting Plant,,
V310,MEDLOG Cold Storage Savannah LLC,1300 Heritage Way,Rincon,31326,"Effingham County,Georgia; Bbis Bison bison",United States,third-country,RM,CS,N,bovine porcine,CS - Cold Stores,21/10/2025,
M7738,MGH Gourmet Inc.,2910 E. Harcourt St,Compton,90221,"Los Angeles County,California; 12 Complies fully with the requirements of the non-hormone treated cattle programme",United States,third-country,RM,CP,N,bovine,CP - Cutting Plant,09/02/2026,
"M1557, V1557","MacDonald Meat Company, Inc.",2709 Airport Way South,Seattle,,"King County,Washington; 12 Complies fully with the requirements of the non-hormone treated cattle programme; 10 Only storage of meat already finally packaged in approved slaughtering or cutting establishments; 13 Complies fully with the requirements of the Pork for European Union programme; Bbis Bison bison",United States,third-country,RM,CP CS,N,bovine porcine,CP - Cutting Plant | CS - Cold Stores,,
V1878,Maersk Warehousing & Distribution Services USA LLC,733 Autonomous Drive,Ridgeville,29472,"Dorchester County,South Carolina; Bbis Bison bison",United States,third-country,RM,CS,N,bovine porcine,CS - Cold Stores,04/06/2025,
V2142/I2142,"Maersk Warehousing and Distribution Services USA, LLC",298 N Corporate Drive,Wilmington,28401,"Pender County,North Carolina",United States,third-country,RM,CS,N,,CS - Cold Stores,07/11/2024,
934,Manning Beef LLC,,Pico Rivera,90660,"Los Angeles County,California; 12 Complies fully with the requirements of the non-hormone treated cattle programme",United States,third-country,RM,SH CP,Y,bovine,SH - Slaughterhouse | CP - Cutting Plant,,
18294,Marshall Cold Storage,,Marshalltown,50158,"Marshall County,Iowa; 10 Only storage of meat already finally packaged in approved slaughtering or cutting establishments",United States,third-country,RM,CS,N,,CS - Cold Stores,,
M34671 V34671,Midwest Refrigerated Services,1601 Fairfax Trafficway,Kansas City,66112,"Wyandotte County,Kansas; Bbis Bison bison",United States,third-country,RM,CS,N,bovine porcine,CS - Cold Stores,16/05/2022,
3363,Millard Refrigerated Services,,Friona,79035,"Parmer County,Texas; 10 Only storage of meat already finally packaged in approved slaughtering or cutting establishments",United States,third-country,RM,CS,N,,CS - Cold Stores,,
3398,Millard Refrigerated Services,,Grand Island,68801,"Hall County,Nebraska; 10 Only storage of meat already finally packaged in approved slaughtering or cutting establishments",United States,third-country,RM,CS,N,,CS - Cold Stores,,
3198,Millard Refrigerated Services,,Denison,51442,"Crawford County,Iowa; 10 Only storage of meat already finally packaged in approved slaughtering or cutting establishments",United States,third-country,RM,CS,N,,CS - Cold Stores,,
3610,Millard Refrigerated Services,,Dodge City,67801,"Ford County,Kansas; 10 Only storage of meat already finally packaged in approved slaughtering or cutting establishments",United States,third-country,RM,CS,N,,CS - Cold Stores,,
3562,Millard Refrigerated Services,,Lincoln,68502,"Lancaster County,Nebraska; 10 Only storage of meat already finally packaged in approved slaughtering or cutting establishments",United States,third-country,RM,CS,N,,CS - Cold Stores,,
18674,Millard Refrigerated Services,,Edwardsville,66113,"Wyandotte County,Kansas; 10 Only storage of meat already finally packaged in approved slaughtering or cutting establishments",United States,third-country,RM,CS,N,,CS - Cold Stores,,
17461,Millard Refrigerated Services,,Greeley,80639,"Weld County,Colorado; 10 Only storage of meat already finally packaged in approved slaughtering or cutting establishments",United States,third-country,RM,CS,N,,CS - Cold Stores,,
3338,Millard Refrigerated Services,,Iowa City,52240,"Johnson County,Iowa; 10 Only storage of meat already finally packaged in approved slaughtering or cutting establishments",United States,third-country,RM,CS,N,,CS - Cold Stores,,
13182,Millard Refrigerated Services,,Omaha,68137,"Douglas County,Nebraska; 10 Only storage of meat already finally packaged in approved slaughtering or cutting establishments",United States,third-country,RM,CS,N,,CS - Cold Stores,,
3447,Milwaukee Logistic Center,,Milwaukee,53007,"Milwaukee County,Wisconsin; 10 Only storage of meat already finally packaged in approved slaughtering or cutting establishments",United States,third-country,RM,CS,N,,CS - Cold Stores,,
3573,Minnesota Freezer Warehouse,,Albert Lea,56007,"Freeborn County,Minnesota; 10 Only storage of meat already finally packaged in approved slaughtering or cutting establishments",United States,third-country,RM,CS,N,,CS - Cold Stores,,
M47366,Missouri Prime Beef Packers,5305 State Highway H,Pleasant Hope,,"Polk County,Missouri; CP* Cutting plant (only for Bovinae and Suidae); SH* Slaughterhouse (only for Bovinae)",United States,third-country,RM,CP SH,Y,bovine,CP - Cutting Plant | SH - Slaughterhouse,22/02/2022,
M 45951,Morris Meat Plant 1239,7320 Lisbon Rd.,Morris,60450,"Grundy County,Illinois",United States,third-country,RM,CP,N,bovine porcine,CP - Cutting Plant,,
M 34560; P 34560; V 34560,Mullica Hill Cold Storage Inc.,3 Gateway Boulevard,Pedricktown,,New Jersey; 1 Offal excluded; 10 Only storage of meat already finally packaged in approved slaughtering or cutting establishments,United States,third-country,RM,CS,N,,CS - Cold Stores,,
I-182,"Mullica Hill Cold Storage, Inc.",,Mullica Hill,,New Jersey; 10 Only storage of meat already finally packaged in approved slaughtering or cutting establishments,United States,third-country,RM,CS,N,,CS - Cold Stores,,
19494,NOCS South Atlantic,,North Charleston,29418,"Charleston County,South Carolina; 10 Only storage of meat already finally packaged in approved slaughtering or cutting establishments",United States,third-country,RM,CS,N,porcine bovine,CS - Cold Stores,,
19494P,NOCS South Atlantic,,North Charleston,29418,"Charleston County,South Carolina; 10 Only storage of meat already finally packaged in approved slaughtering or cutting establishments",United States,third-country,RM,CS,N,porcine bovine,CS - Cold Stores,,
18815,NOCS West Gulf,9223 Highway 225,La Porte,77571,"Harris County,Texas; 10 Only storage of meat already finally packaged in approved slaughtering or cutting establishments",United States,third-country,RM,CS,N,bovine porcine,CS - Cold Stores,11/01/2023,
262,National Beef Packing Co. LLC,2000 E.Trail Street,Dodge City,67801,"Ford County,Kansas; 12 Complies fully with the requirements of the non-hormone treated cattle programme",United States,third-country,RM,SH CP,Y,bovine,SH - Slaughterhouse | CP - Cutting Plant,,
788C,New City Packing,,Aurora,60506,"Kane County,Illinois",United States,third-country,RM,CP,N,ovine porcine bovine caprine,CP - Cutting Plant,,
44808,New Orleans Cold Storage & Warehouse Co Ltd,,New Orleans,70001,"Orleans Parish,Louisiana",United States,third-country,RM,CS,N,porcine bovine,CS - Cold Stores,,
27453,"New Orleans Cold Storage & Warehouse Co, Ltd",,New Orleans,70001,"Orleans Parish,Louisiana",United States,third-country,RM,CS,N,porcine bovine,CS - Cold Stores,,
V 3688,Newport-St. Paul Cold Storage Co.,2233 Maxwell Ave.,Newport,55055,"Washington County,Minnesota; Bbis Bison bison; 10 Only storage of meat already finally packaged in approved slaughtering or cutting establishments",United States,third-country,RM,CS,N,bovine porcine,CS - Cold Stores,,
3738,"Nor-Am Cold Storage, Inc.",2700 Stockyards Expressway,St Joseph,,Missouri; 10 Only storage of meat already finally packaged in approved slaughtering or cutting establishments,United States,third-country,RM,CS,N,,CS - Cold Stores,,
20968,NorAm Cold Storage,,Le Mars,51031,"Plymouth County,Iowa",United States,third-country,RM,CS,N,,CS - Cold Stores,,
20968A,"NorAm Cold Storages, Inc.",481 County Rd,Schuyler,68661,"Colfax County,Nebraska",United States,third-country,RM,CS,N,,CS - Cold Stores,,
19470,"Nordic Logistics and Warehousing, LLC",,Goldsboro,27530,"Wayne County,North Carolina; 10 Only storage of meat already finally packaged in approved slaughtering or cutting establishments",United States,third-country,RM,CS,N,,CS - Cold Stores,,
18859,North American Bison Cooperative,,New Rockford,,"Eddy County,North Dakota; 12 Complies fully with the requirements of the non-hormone treated cattle programme; Bbis Bison bison",United States,third-country,RM,CP SH,Y,bovine,CP - Cutting Plant | SH - Slaughterhouse,,
34572,"North Dakota Natural Beef, LLC",1901 Gt Northern dr,Fargo,58102,"Cass County,North Dakota; Bbis Bison bison",United States,third-country,RM,CP CS,N,bovine,CP - Cutting Plant | CS - Cold Stores,,
V21488,OWB Packers LLC,57 East Shank Road,Brawley,,"Imperial County,California",United States,third-country,RM,CS,N,bovine,CS - Cold Stores,,
21488,OWB Packers LLC,57 East Shank Road,Brawley,,"Imperial County,California",United States,third-country,RM,SH CP,Y,bovine,SH - Slaughterhouse | CP - Cutting Plant,26/08/2026,
M 13560,Omaha Steaks International,501 East 4th Street,Snyder,68664,"Dodge County,Nebraska",United States,third-country,RM,CP,N,bovine porcine,CP - Cutting Plant,,
M 45834,"Omaha, NE Premium Ground Beef, LLC",3001 L Street,Omaha,68137,"Douglas County,Nebraska",United States,third-country,RM,CP,N,bovine,CP - Cutting Plant,,
V47000,Pak Quality Foods LLC,12360 S Pipeline Road,Euless,76040,"Tarrant County,Texas",United States,third-country,RM,CS,N,bovine porcine,CS - Cold Stores,13/02/2024,
M 21445; P 21445,"Parayil Foods USA, LLC",438 Saint Pauls Avenue,Jersey City,07094,"Hudson County,New Jersey; 2 Packaged meat only",United States,third-country,RM,CP,N,bovine,CP - Cutting Plant,,
M 4160,People's Sausage Co.,1132 EE Pico Blvd.,Los Angeles,,"Los Angeles County,California",United States,third-country,RM,CP,N,bovine,CP - Cutting Plant,,
I51264 V51264,Port of Wilmington Cold Storage,"1 Shipyard Boulevard Wilmington, NC 28412",Wilmington,28412,"New Hanover County,North Carolina; 12 Complies fully with the requirements of the non-hormone treated cattle programme; 13 Complies fully with the requirements of the Pork for European Union programme",United States,third-country,RM,CS,N,bovine porcine,CS - Cold Stores,13/07/2026,
21934A,Preferred Freezer Service Of Wilmington,,Wilmington,,"Wabaunsee County,Kansas",United States,third-country,RM,CS,N,ovine bovine porcine,CS - Cold Stores,,
34552,Preferred Freezer Services,,Chesapeake,23523,"Chesapeake City,Virginia",United States,third-country,RM,CS,N,porcine,CS - Cold Stores,,
V 38528,Preferred Freezer Services Of Chicago,4500 West Ann Laurie Place,Chicago,60609,"Cook County,Illinois",United States,third-country,RM,CS,N,bovine porcine,CS - Cold Stores,,
34570,Preferred Freezer Services Of Philadelphia,,Philadelphia,08063,"Philadelphia County,Pennsylvania; 10 Only storage of meat already finally packaged in approved slaughtering or cutting establishments",United States,third-country,RM,CS,N,,CS - Cold Stores,,
34435,Preferred Freezer Services of Houston Port LLC,,La Porte,77571,"Harris County,Texas",United States,third-country,RM,CS,N,,CS - Cold Stores,,
44964,"Premier Refrigerated Warehouse, LLC.",,Fort Worth,76020,"Tarrant County,Texas; 10 Only storage of meat already finally packaged in approved slaughtering or cutting establishments",United States,third-country,RM,CS,N,,CS - Cold Stores,,
5200,"Prime Food Distributor, Inc.",,Port Washington,,"Nassau,New York",United States,third-country,RM,CP,N,bovine,CP - Cutting Plant,,
V1873,QUALITY SEAFOOD,2900 NW 75TH ST,Miami Gardens,33009,"Miami-Dade County,Florida; 12 Complies fully with the requirements of the non-hormone treated cattle programme; 13 Complies fully with the requirements of the Pork for European Union programme",United States,third-country,RM,CS,N,bovine porcine,CS - Cold Stores,31/08/2026,
18163,"Quality Refrigerated Service, Inc",,Spencer,51301,"Clay County,Iowa; 10 Only storage of meat already finally packaged in approved slaughtering or cutting establishments",United States,third-country,RM,CS,N,,CS - Cold Stores,,
3131,Quality Refrigerated Services,,Worthington,56187,"Nobles County,Minnesota; 10 Only storage of meat already finally packaged in approved slaughtering or cutting establishments",United States,third-country,RM,CS,N,,CS - Cold Stores,,
M 20374; P 20374; V 20374,Quality Refrigerated Services DBA Quality Processing Services,3301 G Street,Omaha,68107,"Douglas County,Nebraska; Bbis Bison bison",United States,third-country,RM,CS CP,N,bovine porcine,CS - Cold Stores | CP - Cutting Plant,30/07/2024,
V 31690,"Quality Refrigerated Services, Inc. Dba Q.P.S.: Quality Processing Services",225 West 21 Street,Spencer,51301,"Clay County,Iowa",United States,third-country,RM,CS,N,bovine,CS - Cold Stores,,
M 31690,"Quality Refrigerated Services, Inc. Dba QPS.; Quality Processing Services",225 West 21 Street,Spencer,51301,"Clay County,Iowa",United States,third-country,RM,CS CP,N,bovine,CS - Cold Stores | CP - Cutting Plant,,
21774,"Quantum Culinary, LLC",525 W. Crossroads Parkway,Bolingbrook,60439,"Will County,Illinois",United States,third-country,RM,CP,N,porcine bovine,CP - Cutting Plant,,
213D,"Quantum Foods 213D, LLC",750S. Schmidt Rd,Bolingbrook,60439,"Will County,Illinois",United States,third-country,RM,CP,N,bovine porcine,CP - Cutting Plant,,
M 39991; V 39991,Quirch Foods,7600 NW 82 Place,Miami,33167,"Miami-Dade County,Florida",United States,third-country,RM,CS,N,bovine porcine,CS - Cold Stores,,
V3441,"Quirch Foods California, LLC",2900 Ayers Avenue,Vernon,90058,"Los Angeles County,California",United States,third-country,RM,CS,N,bovine porcine,CS - Cold Stores,04/06/2025,
V3424,Quirch Foods Florida LLC,"12345 NW 38th Ave Opa Locka, FL 33054",Opa-locka,33054,"Miami-Dade County,Florida",United States,third-country,RM,CS,N,bovine porcine,CS - Cold Stores,19/05/2026,
17054,RCS-Smithfield Inc.,,Smithfield,23430,"Isle of Wight County,Virginia; 10 Only storage of meat already finally packaged in approved slaughtering or cutting establishments",United States,third-country,RM,CS,N,,CS - Cold Stores,,
40264,Rancher's Legacy Meat Co.,,Vadnais Heights,55127,"Ramsey County,Minnesota",United States,third-country,RM,CP,N,bovine,CP - Cutting Plant,,
7877A,Rastelli Foods Company,,Swedsboro,,New Jersey,United States,third-country,RM,CP,N,bovine porcine,CP - Cutting Plant,,
7877B,Rastelli Global,,Swedsboro,,New Jersey; 10 Only storage of meat already finally packaged in approved slaughtering or cutting establishments,United States,third-country,RM,CS,N,,CS - Cold Stores,,
V3125,"Ray S.F., Inc., DBA, FreezPak Logistics",8730 Somers Rd S,Jacksonville,32218,"Duval County,Florida",United States,third-country,RM,CS,N,bovine,CS - Cold Stores,18/08/2025,
I-13,Refrigerated Distribution Center,,Philadelphia,08063,"Philadelphia County,Pennsylvania; 10 Only storage of meat already finally packaged in approved slaughtering or cutting establishments",United States,third-country,RM,CS,N,,CS - Cold Stores,,
17993,Richmond Cold Storage,,Sandston,,Virginia; 10 Only storage of meat already finally packaged in approved slaughtering or cutting establishments,United States,third-country,RM,CS,N,,CS - Cold Stores,,
20247,Rocky Mountain Natural Meats,9757 Alton Way,Henderson,13651,"Jefferson County,New York; Bbis Bison bison; 5 Tongues, hearts, kidneys, livers, stomachs and carcase meat only",United States,third-country,RM,CP,N,bovine,CP - Cutting Plant,,
1940,Ruprecht Company,370 N. Carpenter St,Chicago,60609,"Cook County,Illinois",United States,third-country,RM,CP,N,bovine,CP - Cutting Plant,,
V1808,Sherwood Food Distributors LLC,2900 Ayers Ave.,Vernon,90058,"Los Angeles County,California; 10 Only storage of meat already finally packaged in approved slaughtering or cutting establishments; 2 Packaged meat only; Bbis Bison bison",United States,third-country,RM,CS,N,bovine porcine,CS - Cold Stores,09/02/2024,
M 4578,"Smith Packing Company, Inc.","PO Box 520, 105-125 Washington St.",Utica,13502,"Oneida County,New York",United States,third-country,RM,CS CP,N,bovine,CS - Cold Stores | CP - Cutting Plant,,
M 717CR,Smithfield Fresh Meats Corp.,2223 County Road,Crete,68333,"Saline County,Nebraska; 13 Complies fully with the requirements of the Pork for European Union programme; 5 Tongues, hearts, kidneys, livers, stomachs and carcase meat only",United States,third-country,RM,CP SH,Y,porcine,CP - Cutting Plant | SH - Slaughterhouse,,
M 18079,Smithfield Fresh Meats Corp.,15855 Hwy 87 West,Tar Heel,,"Bladen County,North Carolina; 13 Complies fully with the requirements of the Pork for European Union programme; 5 Tongues, hearts, kidneys, livers, stomachs and carcase meat only",United States,third-country,RM,SH CP,Y,porcine,SH - Slaughterhouse | CP - Cutting Plant,,
382 G,Smithfield Packing Company,,Norfolk,23324,"Norfolk,Virginia; 10 Only storage of meat already finally packaged in approved slaughtering or cutting establishments",United States,third-country,RM,CS,N,,CS - Cold Stores,,
31686,"Sommers Fare, LLC",339 Messner Dr,Wheeling,60011,"Cook County,Illinois",United States,third-country,RM,CP,N,porcine ovine bovine,CP - Cutting Plant,,
45656,South Atlantic Port Cold Storage,,North Charleston,29418,"Charleston County,South Carolina",United States,third-country,RM,CS,N,bovine porcine,CS - Cold Stores,,
13517,"Southern Wild Game Holding, LLC",2242 Farm to Market Rd 3176,Devine,78016,"Medina County,Texas; Bbis Bison bison; 12 Complies fully with the requirements of the non-hormone treated cattle programme",United States,third-country,RM,SH CP,Y,bovine,SH - Slaughterhouse | CP - Cutting Plant,,
451B,"Sterling Foods, Inc.",,Opa-locka,33054,"Miami-Dade County,Florida",United States,third-country,RM,CP,N,bovine porcine,CP - Cutting Plant,,
V 21935,Suffolk Cold Storage,2000 Northgate Commerce Parkway,Suffolk,23321,"Suffolk,Virginia; Bbis Bison bison",United States,third-country,RM,CS,N,porcine bovine,CS - Cold Stores,,
1841D,Sugar Creek,4235 Thunderbird Lane,Fairfield,,"Butler County,Ohio",United States,third-country,RM,CS,N,porcine,CS - Cold Stores,13/02/2024,
1841C,Sugar Creek Packing Co.,,Hamilton,45013,"Butler County,Ohio; 10 Only storage of meat already finally packaged in approved slaughtering or cutting establishments",United States,third-country,RM,CS,N,,CS - Cold Stores,,
3 W,Swift & Company,,Worthington,56187,"Nobles County,Minnesota; 5 Tongues, hearts, kidneys, livers, stomachs and carcase meat only; 13 Complies fully with the requirements of the Pork for European Union programme",United States,third-country,RM,SH CP,Y,porcine,SH - Slaughterhouse | CP - Cutting Plant,,
969,Swift Beef Company,,Greeley,80639,"Weld County,Colorado; 1 Offal excluded; 12 Complies fully with the requirements of the non-hormone treated cattle programme",United States,third-country,RM,SH CP,Y,bovine,SH - Slaughterhouse | CP - Cutting Plant,,
532,Swift Beef Company,,Omaha,68137,"Douglas County,Nebraska; 12 Complies fully with the requirements of the non-hormone treated cattle programme",United States,third-country,RM,CP SH,Y,bovine,CP - Cutting Plant | SH - Slaughterhouse,,
M47543+V47543,Swift Pork Company,1700 MN-60 NE,Worthington,56187,"Nobles County,Minnesota; 12 Complies fully with the requirements of the non-hormone treated cattle programme; 13 Complies fully with the requirements of the Pork for European Union programme",United States,third-country,RM,CS,N,bovine porcine,CS - Cold Stores,30/09/2024,
M45942,Synear Foods USA LLC,9601 Canoga Avenue Chatsworth,Los Angeles,91311,"Los Angeles County,California; 13 Complies fully with the requirements of the Pork for European Union programme",United States,third-country,RM,CP,N,porcine,CP - Cutting Plant,02/03/2023,
V21654,Sysco International Food Group,2401 Police Center Dr Ste 240,Plant City,33563,"Hillsborough County,Florida",United States,third-country,RM,CS,N,porcine bovine,CS - Cold Stores,30/03/2023,
V21654A,"Sysco International Food Group, Inc.",3100 Hilton Street,Jacksonville,32209,"Duval County,Florida",United States,third-country,RM,CS,N,porcine bovine,CS - Cold Stores,11/01/2023,
19690 P,T&T Freezers,,Vineland,08344,"Cumberland County,New Jersey; 10 Only storage of meat already finally packaged in approved slaughtering or cutting establishments",United States,third-country,RM,CS,N,,CS - Cold Stores,,
V47099,"TRUE GRADE, LLC","650 NE, 185th St.",Miami Gardens,33179,"Miami-Dade County,Florida",United States,third-country,RM,CS,N,bovine porcine equine,CS - Cold Stores,19/05/2026,
M 46339; P 46339; V 46339,"Tejas Premium Meats, LLC",3555 FM 67,Itasca,76055,"Hill County,Texas; 12 Complies fully with the requirements of the non-hormone treated cattle programme",United States,third-country,RM,CS CP SH,Y,bovine,CS - Cold Stores | CP - Cutting Plant | SH - Slaughterhouse,08/02/2024,
2508,The Bruss Company,,Chicago,60609,"Cook County,Illinois",United States,third-country,RM,CP,N,bovine porcine,CP - Cutting Plant,,
M 9295,"Tillamook Country Smoker, Inc.",8250 Warren St.,Bay City,,"Tillamook County,Oregon",United States,third-country,RM,CP,N,bovine porcine,CP - Cutting Plant,,
17624,Total Logistic Control,,Rochelle,61068,"Ogle County,Illinois; 10 Only storage of meat already finally packaged in approved slaughtering or cutting establishments",United States,third-country,RM,CS,N,,CS - Cold Stores,,
3555,Transcontinental Cold Storage,,Sioux City,51103,"Woodbury County,Iowa; 10 Only storage of meat already finally packaged in approved slaughtering or cutting establishments",United States,third-country,RM,CS,N,,CS - Cold Stores,,
M268,True West Beef LLC,6026 US Highway 93,Jerome,83338,"Jerome County,Idaho; 12 Complies fully with the requirements of the non-hormone treated cattle programme",United States,third-country,RM,SH CP,Y,bovine,SH - Slaughterhouse | CP - Cutting Plant,20/10/2025,
245L,"Tyson Fresh Meats, Inc.",1500 Plum Creek Pkwy,Lexington,68850,"Dawson County,Nebraska; 5 Tongues, hearts, kidneys, livers, stomachs and carcase meat only; 12 Complies fully with the requirements of the non-hormone treated cattle programme",United States,third-country,RM,SH CP,Y,bovine,SH - Slaughterhouse | CP - Cutting Plant,06/09/2022,
244 P,"Tyson Fresh Meats, Inc.",,Perry,50220,"Dallas County,Iowa; 10 Only storage of meat already finally packaged in approved slaughtering or cutting establishments",United States,third-country,RM,CS,N,,CS - Cold Stores,,
13531,"Tyson Prepared Foods, Inc.",,York,,"York County,Nebraska",United States,third-country,RM,CP,N,porcine ovine caprine bovine,CP - Cutting Plant,,
13331,"Tyson Processing Services, Inc.",,Omaha,68137,"Douglas County,Nebraska; 10 Only storage of meat already finally packaged in approved slaughtering or cutting establishments",United States,third-country,RM,CS,N,,CS - Cold Stores,,
M11138,"US Foods, Inc.","9633 Oak Crossing Road, Suite 100",Orlando,32837,"Orange County,Florida; 12 Complies fully with the requirements of the non-hormone treated cattle programme",United States,third-country,RM,CP CS,N,bovine,CP - Cutting Plant | CS - Cold Stores,18/03/2026,
3491A,Union Storage and Transfer Company,,Fargo,58102,"Cass County,North Dakota; 10 Only storage of meat already finally packaged in approved slaughtering or cutting establishments",United States,third-country,RM,CS,N,,CS - Cold Stores,,
21467,United Source One,,Belcamp,,Maryland; 10 Only storage of meat already finally packaged in approved slaughtering or cutting establishments; Bbis Bison bison,United States,third-country,RM,CS,N,bovine porcine,CS - Cold Stores,,
19870,United States Cold Storage,,Warszaw,,North Carolina; 10 Only storage of meat already finally packaged in approved slaughtering or cutting establishments,United States,third-country,RM,CS,N,,CS - Cold Stores,,
17068,United States Cold Storage,,Lumberton,28360,"Robeson County,North Carolina; 10 Only storage of meat already finally packaged in approved slaughtering or cutting establishments",United States,third-country,RM,CS,N,,CS - Cold Stores,,
19288,United States Cold Storage,,Milford,19963,"Sussex County,Delaware; 10 Only storage of meat already finally packaged in approved slaughtering or cutting establishments",United States,third-country,RM,CS,N,,CS - Cold Stores,,
3707,"United States Cold Storage, Inc",,Omaha,68137,"Douglas County,Nebraska; 10 Only storage of meat already finally packaged in approved slaughtering or cutting establishments",United States,third-country,RM,CS,N,,CS - Cold Stores,,
27375,Universal Cold Storage,,Lincoln,68502,"Lancaster County,Nebraska; 10 Only storage of meat already finally packaged in approved slaughtering or cutting establishments",United States,third-country,RM,CS,N,,CS - Cold Stores,,
18986,Versacold,,Laporte,,"Larimer County,Colorado; 10 Only storage of meat already finally packaged in approved slaughtering or cutting establishments",United States,third-country,RM,CS,N,,CS - Cold Stores,,
M 45073; V45073,Vertical Cold Storage LLC,220 Nordic Way,Pooler,31322,"Chatham County,Georgia; 10 Only storage of meat already finally packaged in approved slaughtering or cutting establishments; Bbis Bison bison",United States,third-country,RM,CS,N,ovine bovine porcine,CS - Cold Stores,,
V3158,"Vertical Cold Storage, LLC",14820 Cleveland Avenue,Kansas City,64147,"Jackson County,Missouri",United States,third-country,RM,CS,N,bovine porcine,CS - Cold Stores,08/07/2025,
1,"Vienna Beef Ltd., Dba. David Berg; Red Hot Chicago; Vienna Sausage Manufacturing",1000 West Pershing Road,Chicago,60609,"Cook County,Illinois",United States,third-country,RM,CP,N,bovine,CP - Cutting Plant,,
235,"Washington Beef LLC, Doing Business As AB Foods, LLC",,Toppenish,,"Yakima County,Washington; 12 Complies fully with the requirements of the non-hormone treated cattle programme",United States,third-country,RM,SH CP,Y,bovine,SH - Slaughterhouse | CP - Cutting Plant,,
3942,Wilkerson Cold Storage,,Lubbock,79416,"Lubbock County,Texas; 10 Only storage of meat already finally packaged in approved slaughtering or cutting establishments",United States,third-country,RM,CS,N,,CS - Cold Stores,,
3871,"York Cold Storage, LLC",402 Commerce St,York,,"York County,Nebraska; 10 Only storage of meat already finally packaged in approved slaughtering or cutting establishments",United States,third-country,RM,CS,N,,CS - Cold Stores,,
I5,Agro Merchant Group Inc.,,Summerville,29483,"Dorchester County,South Carolina; A Poultry",United States,third-country,PM,CS,N,,CS - Cold Stores,,
V17941,Americold Logistics,5610 David Cox Rd.,Charlotte,28269,"Mecklenburg County,North Carolina; A Poultry",United States,third-country,PM,CS,N,,CS - Cold Stores,22/10/2025,
V17754,Americold Logistics,201 1st Ave South,Forest,,"Scott County,Mississippi; A Poultry",United States,third-country,PM,CS,N,,CS - Cold Stores,29/08/2025,
V19470,Americold Logistics,403 Commerce Court,Goldsboro,27534,"Wayne County,North Carolina; A Poultry",United States,third-country,PM,CS,N,,CS - Cold Stores,16/01/2026,
V17756,Americold Logistics LLC,2640 Murray St.,Sioux City,51111,"Woodbury County,Iowa; A Poultry",United States,third-country,PM,CS,N,,CS - Cold Stores,09/03/2026,
"I47958, V47958","Americold Logistics, LLC","6330 Nita Way, Baytown, Texas 77523",Baytown,77523,"Harris County,Texas; A Poultry",United States,third-country,PM,CS,N,,CS - Cold Stores,18/05/2026,
V47159,"Americold Logistics, LLC",1951 Old River Road,Bloomingdale,31302,"Chatham County,Georgia; A Poultry",United States,third-country,PM,CS,N,,CS - Cold Stores,13/02/2024,
V 18161,"Americold Logistics, LLC",6403 S. Ball Street,Johnson,72741,"Washington County,Arkansas; A Poultry; 2 Packaged meat only",United States,third-country,PM,CS,N,,CS - Cold Stores,,
V19462,Americold Logistics. LLC,2201 Perimeter Road,Mobile,36615,"Mobile County,Alabama; A Poultry",United States,third-country,PM,CS,N,,CS - Cold Stores,17/11/2025,
45391,"Argo Merchant Group, Inc.",,Summerville,29483,"Dorchester County,South Carolina; A Poultry",United States,third-country,PM,CS,N,,CS - Cold Stores,,
P17813 V3535,Artico Cold Storage Chicago LLC,1556 W. 43rd St,Chicago,60609,"Cook County,Illinois; A Poultry",United States,third-country,PM,CS CP,N,,CS - Cold Stores | CP - Cutting Plant,25/10/2022,
27468,BUCKHEAD BEEF OF FLORIDA,"355 PROGRESS ROAD, AUBURNDALE, FLORIDA",Auburndale,33823,"Polk County,Florida; A Poultry",United States,third-country,PM,CS CP,N,,CS - Cold Stores | CP - Cutting Plant,11/01/2023,
V2546,"Banks Cold Storage, Inc.",114 Hatchery Way,Commerce,30530,"Jackson County,Georgia; A Poultry",United States,third-country,PM,CS,N,,CS - Cold Stores,18/08/2025,
P 6985,Bridgeford Food Processing Corporation,1415 W. 44th Street,Chicago,60609,"Cook County,Illinois; A Poultry",United States,third-country,PM,CP,N,,CP - Cutting Plant,,
P48082 + V48082,California Farms Meat Company Inc.,4451 South Downey Road,Vernon,90058,"Los Angeles County,California; A Poultry",United States,third-country,PM,CP,N,,CP - Cutting Plant,10/12/2024,
31740,Cloverleaf Cold Storage,,Lakeville,55068,"Dakota County,Minnesota; A Poultry",United States,third-country,PM,CS,N,,CS - Cold Stores,,
V2768,"Cold-Link Logistics, Hattiesburg, MS",88 Mad Dog Way,Ellisville,,"Jones County,Mississippi; A Poultry; 2 Packaged meat only",United States,third-country,PM,CS,N,,CS - Cold Stores,10/07/2024,
V 48205,"ColdPoint Logistics Warehouse, LLC",31301 W. 181st. Street,Edgerton,66021,"Johnson County,Kansas; A Poultry",United States,third-country,PM,CS,N,,CS - Cold Stores,,
P 18967,Criden-Claxton LLC,,Claxton,,"Evans County,Georgia; A Poultry",United States,third-country,PM,CS,N,,CS - Cold Stores,,
V 31727,Cypress Cold Storage,11100 Lewis Nelson Drive,Maumelle,,Arkansas; 2 Packaged meat only; A Poultry,United States,third-country,PM,CS,N,,CS - Cold Stores,,
M40441 P40441 V40441,Derstine's Inc,"3245 State Road, Sellersville, Pennsylvania 18960",Sellersville,18960,"Bucks County,Pennsylvania; A Poultry",United States,third-country,PM,CS,N,,CS - Cold Stores,03/04/2025,
V 46572,Dothan Warehouse Freezer Storage,3570 Westgate Parkway,Dothan,36303,"Houston County,Alabama; A Poultry",United States,third-country,PM,CS,N,,CS - Cold Stores,,
V45030,Envision Cold,106 Eli Whitney Blvd.,Savannah,31408,"Chatham County,Georgia; A Poultry",United States,third-country,PM,CS,N,,CS - Cold Stores,14/01/2026,
34099 M/P,Flint River Services,,Rincon,31326,"Effingham County,Georgia; A Poultry",United States,third-country,PM,CS,N,,CS - Cold Stores,,
V2783,FreezPak Logistics,7818 Fisher Rd,Baytown,77523,"Harris County,Texas; A Poultry",United States,third-country,PM,CS,N,,CS - Cold Stores,04/02/2026,
21930I,Fresh Mark Cold Storage,,Massillon,44647,"Stark County,Ohio; A Poultry",United States,third-country,PM,CS,N,,CS - Cold Stores,,
V 17086; P 17086; M 17086,"Frontiere Natural Meats, LLC DBA Platte Valley Food Group",810 E. 50th Ave.,Denver,80216,"Denver County,Colorado; A Poultry",United States,third-country,PM,CS CP,N,,CS - Cold Stores | CP - Cutting Plant,11/12/2023,
V 32006A,Frozen Assets Cold Storage,555 Northwest Avenue,Northlake,60164,"Cook County,Illinois; A Poultry",United States,third-country,PM,CS,N,,CS - Cold Stores,,
V32006C,Frozen Assets Cold Storage LLC,"4308 W. 44th St., Suite Z Chicago, Illinois 60632",Chicago,60632,Illinois; A Poultry,United States,third-country,PM,CS,N,,CS - Cold Stores,08/09/2026,
32190 P,"GDC Logistics, LLC",550 W. North Frontage Rd,Bolingbrook,60439,"Will County,Illinois; A Poultry",United States,third-country,PM,CS CP,N,,CS - Cold Stores | CP - Cutting Plant,,
P 6220A;V 6220A,"Golden Valley Natural, LLC",815 E. 1400 N.,Shelley,,"Bingham County,Idaho; A Poultry",United States,third-country,PM,CP,N,,CP - Cutting Plant,,
P 34719; V 34719,"Golden Valley Natural, LLC",1740 Yellowstone Hwy,Idaho Falls,,"Bonneville County,Idaho; A Poultry",United States,third-country,PM,CP,N,,CP - Cutting Plant,,
P 45556,Green Dining Table. Inc.,625 Palm Ave.,Alhambra,,"Los Angeles County,California; A Poultry",United States,third-country,PM,CP,N,,CP - Cutting Plant,,
P1012,"Hodie Meats, INC","2850 Gainesville Highway Alto, Georgia 30510",Alto,30510,"Habersham County,Georgia; A Poultry",United States,third-country,PM,CP,N,,CP - Cutting Plant,13/07/2026,
V47690,I.P. Trading Florida LLC,590 NE 185th Street,Miami,33179,Florida; A Poultry,United States,third-country,PM,CS,N,,CS - Cold Stores,19/05/2026,
V1768,IceCap Cold Storage,"1720 16th Ave., Council Bluffs, Iowa 51501",Council Bluffs,51501,"Pottawattamie County,Iowa; A Poultry",United States,third-country,PM,CS,N,,CS - Cold Stores,04/03/2025,
544 P,Jennie - O Turkey Store,123 South 5th Ave East,Melrose,,"Stearns County,Minnesota; A Poultry",United States,third-country,PM,CP SH,Y,,CP - Cutting Plant | SH - Slaughterhouse,,
M34225 P34225,"Johnsonville, LLC",N6927 Johnsonville Way,Sheboygan Falls,53085,"Sheboygan County,Wisconsin",United States,third-country,PM,CS,N,,CS - Cold Stores,23/02/2022,
P6640,"Kabobs Aquisition, LLC",5423 North Lake Drive,Lake City,,"Clayton County,Georgia; A Poultry",United States,third-country,PM,CP,N,,CP - Cutting Plant,30/08/2024,
21547 P,LPB Inc.,220 West 1st Street,Earlham,,"Madison County,Iowa; A Poultry",United States,third-country,PM,CP,N,,CP - Cutting Plant,,
V1648,Lamex Foods Inc,"6100 Shelia St., Door # 8 Office 6114",Commerce,90040,"Los Angeles County,California; A Poultry",United States,third-country,PM,CS,N,,CS - Cold Stores,16/02/2026,
I66 V51311,"Lineage Logistics PFS, LLC",10585 Red Bluff Rd.,Pasadena,77507,"Harris County,Texas; A Poultry",United States,third-country,PM,CS,N,,CS - Cold Stores,08/10/2024,
V2234,"Lineage Logistics, LLC",7500 Uvalde Road,Houston,77049,"Harris County,Texas; A Poultry",United States,third-country,PM,CS,N,,CS - Cold Stores,29/08/2024,
I123 V123,"Lineage Logistics, LLC","3200 Lineage Way, Portsmouth, Virginia 23703",Portsmouth,23703,"Portsmouth,Virginia; A Poultry",United States,third-country,PM,CS,N,,CS - Cold Stores,11/10/2024,
V47737,"Lineage Logistics, LLC",2375 Tremont Road,Savannah,31405,"Chatham County,Georgia; A Poultry",United States,third-country,PM,CS,N,,CS - Cold Stores,16/05/2022,
V310,MEDLOG Cold Storage Savannah LLC,1300 Heritage Way,Rincon,31326,"Effingham County,Georgia; A Poultry",United States,third-country,PM,CS,N,,CS - Cold Stores,21/10/2025,
"P 9326, V 1557","MacDonald Meat Company, Inc.",2709 Airport Way South,Seattle,,"King County,Washington; A Poultry",United States,third-country,PM,CP CS,N,,CP - Cutting Plant | CS - Cold Stores,,
V1878,Maersk Warehousing & Distribution Services USA LLC,733 Autonomous Drive,Ridgeville,29472,"Dorchester County,South Carolina; A Poultry",United States,third-country,PM,CS,N,,CS - Cold Stores,04/06/2025,
V2142/I2142,"Maersk Warehousing and Distribution Services USA, LLC",298 N Corporate Drive,Wilmington,28401,"Pender County,North Carolina",United States,third-country,PM,CS,N,,CS - Cold Stores,07/11/2024,
M34671 V34671,Midwest Refrigerated Services,1601 Fairfax Trafficway,Kansas City,66112,"Wyandotte County,Kansas; A Poultry",United States,third-country,PM,CS,N,,CS - Cold Stores,16/05/2022,
P 45951,Morris Meat Plant 1239,7320 Lisbon Rd.,Morris,60450,"Grundy County,Illinois; A Poultry",United States,third-country,PM,CP,N,,CP - Cutting Plant,,
M 34560; P 34560; V 34560,Mullica Hill Cold Storage Inc.,3 Gateway Boulevard,Pedricktown,,New Jersey; A Poultry,United States,third-country,PM,CS,N,,CS - Cold Stores,,
19494,NOCS South Atlantic,,North Charleston,29418,"Charleston County,South Carolina; 2 Packaged meat only; A Poultry",United States,third-country,PM,CS,N,,CS - Cold Stores,,
19494P,NOCS South Atlantic,,North Charleston,29418,"Charleston County,South Carolina; A Poultry; 2 Packaged meat only",United States,third-country,PM,CS,N,,CS - Cold Stores,,
18815,NOCS West Gulf,9223 Highway 225,La Porte,77571,"Harris County,Texas; A Poultry",United States,third-country,PM,CS,N,,CS - Cold Stores,11/01/2023,
44808,New Orleans Cold Storage & Warehouse Co Ltd,,New Orleans,70001,"Orleans Parish,Louisiana; A Poultry",United States,third-country,PM,CS,N,,CS - Cold Stores,,
27453,"New Orleans Cold Storage & Warehouse Co, Ltd",,New Orleans,70001,"Orleans Parish,Louisiana; A Poultry",United States,third-country,PM,CS,N,,CS - Cold Stores,,
3688,Newport-St. Paul Cold Storage Co.,2233 Maxwell Ave.,Newport,55055,"Washington County,Minnesota; A Poultry",United States,third-country,PM,CS,N,,CS - Cold Stores,,
V47000,Pak Quality Foods LLC,12360 S Pipeline Road,Euless,76040,"Tarrant County,Texas; A Poultry",United States,third-country,PM,CS,N,,CS - Cold Stores,13/02/2024,
M 21445; P 21445,"Parayil Foods USA, LLC",438 Saint Pauls Avenue,Jersey City,07094,"Hudson County,New Jersey; 2 Packaged meat only; A Poultry",United States,third-country,PM,CP,N,,CP - Cutting Plant,,
"V393, I393",Performance Team,"6455 East Grand Parkway Baytown, Texas 77523",Baytown,77520,"Harris County,Texas; A Poultry",United States,third-country,PM,CS,N,,CS - Cold Stores,30/03/2023,
I51264 V51264,Port of Wilmington Cold Storage,"1 Shipyard Boulevard Wilmington, NC 28412",Wilmington,28412,"New Hanover County,North Carolina; A Poultry",United States,third-country,PM,CS,N,,CS - Cold Stores,13/07/2026,
21934A,Preferred Freezer Service Of Wilmington,,Wilmington,,"Wabaunsee County,Kansas; A Poultry",United States,third-country,PM,CS,N,,CS - Cold Stores,,
V 38528,Preferred Freezer Services Of Chicago,4500 West Ann Laurie Place,Chicago,60609,"Cook County,Illinois; A Poultry",United States,third-country,PM,CS,N,,CS - Cold Stores,,
V1873,QUALITY SEAFOOD,2900 NW 75TH ST,Miami Gardens,33009,"Miami-Dade County,Florida; A Poultry",United States,third-country,PM,CS,N,,CS - Cold Stores,31/08/2026,
21774 P,"Quantum Culinary, LLC",525 W. Crossroads,Bolingbrook,60439,"Will County,Illinois; A Poultry",United States,third-country,PM,CP,N,,CP - Cutting Plant,,
4242D P,"Quantum Foods 213D, LLC",750 S. Schmidt Rd,Bolingbrook,60439,"Will County,Illinois; A Poultry",United States,third-country,PM,CP,N,,CP - Cutting Plant,,
P 39991; V 39991,Quirch Foods,7600 NW 82 Place,Miami,33167,"Miami-Dade County,Florida; A Poultry",United States,third-country,PM,CS,N,,CS - Cold Stores,,
V3441,"Quirch Foods California, LLC",2900 Ayers Avenue,Vernon,90058,"Los Angeles County,California; A Poultry",United States,third-country,PM,CS,N,,CS - Cold Stores,04/06/2025,
V3424,Quirch Foods Florida LLC,"12345 NW 38th Ave Opa Locka, FL 33054",Opa-locka,33054,"Miami-Dade County,Florida; A Poultry",United States,third-country,PM,CS,N,,CS - Cold Stores,19/05/2026,
V3125,"Ray S.F., Inc., DBA, FreezPak Logistics",8730 Somers Rd S,Jacksonville,32218,"Duval County,Florida; A Poultry",United States,third-country,PM,CS,N,,CS - Cold Stores,18/08/2025,
V1808,Sherwood Food Distributors LLC,2900 Ayers Ave.,Vernon,90058,"Los Angeles County,California; 2 Packaged meat only; A Poultry",United States,third-country,PM,CS,N,,CS - Cold Stores,09/02/2024,
31686 P,"Sommers Fare, LLC",339 Messner Dr,Wheeling,60011,"Cook County,Illinois; A Poultry",United States,third-country,PM,CP,N,,CP - Cutting Plant,,
45656,South Atlantic Port Cold Storage,,North Charleston,29418,"Charleston County,South Carolina; A Poultry",United States,third-country,PM,CS,N,,CS - Cold Stores,,
451B,"Sterling Foods, Inc.",,Opa-locka,33054,"Miami-Dade County,Florida; A Poultry",United States,third-country,PM,CP,N,,CP - Cutting Plant,,
V 21935,Suffolk Cold Storage,2000 Northgate Commerce Parkway,Suffolk,23321,"Suffolk,Virginia; A Poultry",United States,third-country,PM,CS,N,,CS - Cold Stores,,
P47543+V47543,Swift Pork Company,1700 MN-60 NE,Worthington,56187,"Nobles County,Minnesota; A Poultry",United States,third-country,PM,CS,N,,CS - Cold Stores,30/09/2024,
P 45942,Synear Foods USA LLC,9601 Canoga Avenue Chatsworth,Los Angeles,91311,"Los Angeles County,California; A Poultry",United States,third-country,PM,CP,N,,CP - Cutting Plant,02/03/2023,
V21654,Sysco International Food Group,2401 Police Center Dr Ste 240,Plant City,33563,"Hillsborough County,Florida; A Poultry",United States,third-country,PM,CS,N,,CS - Cold Stores,30/03/2023,
V21654A,"Sysco International Food Group, Inc.",3100 Hilton Street,Jacksonville,32209,"Duval County,Florida; A Poultry",United States,third-country,PM,CS,N,,CS - Cold Stores,11/01/2023,
V47099,"TRUE GRADE, LLC","650 NE, 185th St.",Miami Gardens,33179,"Miami-Dade County,Florida; A Poultry",United States,third-country,PM,CS,N,,CS - Cold Stores,19/05/2026,
P45638,Trilogy Foods LLC,1425 Candler Rd.,Gainesville,30507,Georgia; A Poultry,United States,third-country,PM,CP,N,,CP - Cutting Plant,27/02/2026,
21467,United Source One,,Belcamp,,Maryland; A Poultry; 2 Packaged meat only,United States,third-country,PM,CS,N,,CS - Cold Stores,,
P 45073; V45073,Vertical Cold Storage LLC,220 Nordic Way,Pooler,31322,"Chatham County,Georgia; 2 Packaged meat only; A Poultry",United States,third-country,PM,CS,N,,CS - Cold Stores,,
V3158,"Vertical Cold Storage, LLC",14820 Cleveland Avenue,Kansas City,64147,"Jackson County,Missouri; A Poultry",United States,third-country,PM,CS,N,,CS - Cold Stores,08/07/2025,
1370,"Vienna Beef Ltd., Dba. David Berg; Red Hot Chicago; Vienna Sausage Manufacturing",1000 West Pershing Road,Chicago,60609,"Cook County,Illinois; A Poultry",United States,third-country,PM,CP,N,,CP - Cutting Plant,,
P-7041,Beltex Corporation,,Fort Worth,76020,"Tarrant County,Texas; R Ratites",United States,third-country,GM,CP SH,Y,,CP - Cutting Plant | SH - Slaughterhouse,,
V47547,"Intermountain Packing, LLC",1096 East Iona Road,Idaho Falls,,"Bonneville County,Idaho; Bbis Bison bison",United States,third-country,GM,CP SH,Y,,CP - Cutting Plant | SH - Slaughterhouse,02/05/2024,
V310,MEDLOG Cold Storage Savannah LLC,1300 Heritage Way,Rincon,31326,"Effingham County,Georgia; fG Farmed land mammals other than domestic ungulates",United States,third-country,GM,CS,N,,CS - Cold Stores,21/10/2025,
V1878,Maersk Warehousing & Distribution Services USA LLC,733 Autonomous Drive,Ridgeville,29472,"Dorchester County,South Carolina; fG Farmed land mammals other than domestic ungulates",United States,third-country,GM,CS,N,,CS - Cold Stores,04/06/2025,
V2142/I2142,"Maersk Warehousing and Distribution Services USA, LLC",298 N Corporate Drive,Wilmington,28401,"Pender County,North Carolina",United States,third-country,GM,CS,N,,CS - Cold Stores,07/11/2024,
M34671 V34671,Midwest Refrigerated Services,1601 Fairfax Trafficway,Kansas City,66112,"Wyandotte County,Kansas; fG Farmed land mammals other than domestic ungulates",United States,third-country,GM,CS,N,porcine,CS - Cold Stores,16/05/2022,
18859,North American Bison Cooperative,,New Rockford,,"Eddy County,North Dakota; wbU Biungulates",United States,third-country,GM,SH CP,Y,,SH - Slaughterhouse | CP - Cutting Plant,,
V1808,Sherwood Food Distributors LLC,2900 Ayers Ave.,Vernon,90058,"Los Angeles County,California; Bbis Bison bison",United States,third-country,GM,CS,N,,CS - Cold Stores,09/02/2024,
13517,"Southern Wild Game Holding, LLC",2242 Farm to Market Rd 3176,Devine,78016,"Medina County,Texas; wbU Biungulates",United States,third-country,GM,SH CP,Y,,SH - Slaughterhouse | CP - Cutting Plant,,
P-13517,"Southern Wild Game, Inc.",,Devine,78016,"Medina County,Texas; R Ratites",United States,third-country,GM,SH CP,Y,,SH - Slaughterhouse | CP - Cutting Plant,,
47104B,Fort Worth Meat Packers LLC,3801 N Grove St.,Fort Worth,76020,"Tarrant County,Texas; 19 Examination for trichinae; wU Wild ungulates",United States,third-country,WM,CS CP GHE,N,,CS - Cold Stores | CP - Cutting Plant | GHE - Game-Handling Establishment,20/02/2024,
47104,Fort Worth Meat Packers LLC,3801 N Grove St.,Fort Worth,76106,"Tarrant County,Texas; wU Wild ungulates; lwG Large wild game",United States,third-country,WM,CS GHE CP,N,porcine bovine,CS - Cold Stores | GHE - Game-Handling Establishment | CP - Cutting Plant,26/03/2024,
M34671 V34671,Midwest Refrigerated Services,1601 Fairfax Trafficway,Kansas City,66112,"Wyandotte County,Kansas; wA Wild game birds",United States,third-country,WM,CS,N,porcine,CS - Cold Stores,16/05/2022,
13517,"Southern Wild Game Holding, LLC",2242 Farm to Market Rd 3176,Devine,78016,"Medina County,Texas; 19 Examination for trichinae; lwG Large wild game",United States,third-country,WM,GHE,N,,GHE - Game-Handling Establishment,,
V21654,Sysco International Food Group,2401 Police Center Dr Ste 240,Plant City,33563,"Hillsborough County,Florida; R Ratites",United States,third-country,WM,CS,N,,CS - Cold Stores,30/03/2023,
M 34449,Texas Natural Meats,736 State Hwy 320,Lott,,"Falls County,Texas; lwG Large wild game; 19 Examination for trichinae",United States,third-country,WM,GHE,N,,GHE - Game-Handling Establishment,,
