approval_number,name,address,city,postcode,region,country,group,section,activity,slaughter,species,remarks,date_of_approval,publication_date
1135,"""Archibald Maclean T/A Gearadhmor""","The Slaughterhouse, Isle of Barra, Western Isles HS9 5XS",Castlebay,HS9,"Western Isles,Scotland",United Kingdom,third-country,ABP-SH,,,,CAT3 - Category 3,,
7002,2 Sisters Food Group Limited T/A 2 Sisters Llangefini,Industrial Trading Estate,Llangefni,LL77,"Isle of Anglesey,Wales",United Kingdom,third-country,ABP-SH,,,,CAT3 - Category 3,,
7009,2 Sisters Food Group Limited T/A 2 Sisters Sandycroft,Glendale Avenue Sandycroft Industrial Estate,Sandycroft,CH5,"Flintshire,Wales",United Kingdom,third-country,ABP-SH,,,,CAT3 - Category 3,,
8005,2 Sisters Food Group Ltd,"Willand, Cullompton EX15 2PJ",Cullompton,EX15,"Devon,South West England,England",United Kingdom,third-country,ABP-SH,,,,CAT3 - Category 3 | CAT3 - Category 3 | CAT3 - Category 3,,
2037,2 Sisters Food Group Ltd,Ram Boulevard Foxhills Industrial Park DN15 8QW,Scunthorpe,DN15,"North Lincolnshire,Yorkshire and the Humber,England",United Kingdom,third-country,ABP-SH,,,,CAT3 - Category 3,,
5011,2 Sisters Food Group Ltd,The Factory Flixton,Bungay,NR35,"Suffolk,East of England,England",United Kingdom,third-country,ABP-SH,,,,CAT3 - Category 3,,
1100,2 Sisters Food Group Ltd,"George Street, Coupar Angus PH13 9LU",Coupar Angus,PH13,"Perth and Kinross,Scotland",United Kingdom,third-country,ABP-SH,,,,CAT3 - Category 3,,
8184,A C Hopkins (Taunton) Ltd,Tone Bridge House Creech St Michael Taunton TA3 5PN,Taunton,TA3,"Somerset,South West England,England",United Kingdom,third-country,ABP-SH,,,,CAT3 - Category 3,06/01/2026,07/01/2026
4102,A H GRIFFITHS,22 High Street Leintwardine,Craven Arms,SY7,"Shropshire,West Midlands,England",United Kingdom,third-country,ABP-SH,,,,CAT3 - Category 3,,
4276,A J GREEN & SONS,Ravenscliffe House Farm Goldenhill,Stoke-on-Trent,ST6,"Stoke-on-Trent,West Midlands,England",United Kingdom,third-country,ABP-SH,,,,CAT3 - Category 3,,
1541,A K Stoddart Ltd,Heathfield Abattoir Old Farm Road Ayr KA8 9ST,Ayr,KA8,"South Ayrshire,Scotland",United Kingdom,third-country,ABP-SH,,,,CAT3 - Category 3,,
5055,A P Burlton (Farms) Limited,Valley Farm 1 Station Road Meldreth,Royston,SG8,"Hertfordshire,East of England,England",United Kingdom,third-country,ABP-SH,,,,CAT3 - Category 3,,
2171,A Traves & Son Ltd,Meat Wholesalers Main Street,Escrick,YO19,"North Yorkshire,Yorkshire and the Humber,England",United Kingdom,third-country,ABP-SH,,,,CAT3 - Category 3,,
2501,A. J. Leese Turkeys Ltd,Goldhurst Farm Goldhurst Hollington Stoke-on-Trent ST10 4HY England,Hollington,ST10,"Staffordshire,West Midlands,England",United Kingdom,third-country,ABP-SH,,,,CAT3 - Category 3,,
4073,ABP ELLESMERE,The Abattoir Hordley,Ellesmere,SY12,"Shropshire,West Midlands,England",United Kingdom,third-country,ABP-SH,,,,CAT3 - Category 3,,
6238,ABP GUILDFORD,The Abattoir Moorfield Road Slyfield Industrial Estate Guildford,Surrey,GU1,"Surrey,South East,England",United Kingdom,third-country,ABP-SH,,,,CAT3 - Category 3,,
8285,ABP LANGPORT,Muchelney Road Huish Episcopi Langport TA10 9HG England,Langport,TA10,"Somerset,South West England,England",United Kingdom,third-country,ABP-SH,,,,CAT3 - Category 3,,
8207,ABP STURMINSTER,Manston Road Sturminster Newton DT10 1HA,Sturminster Newton,DT10,"Dorset,South West England,England",United Kingdom,third-country,ABP-SH,,,,CAT3 - Category 3,,
4109,ABP Shrewsbury Ltd,"Battlefield Road, Harlescott, Shrewsbury SY1 4AH",Shrewsbury,SY1,"Shropshire,West Midlands,England",United Kingdom,third-country,ABP-SH,,,,CAT3 - Category 3,,
2141,ABP YORK,Murton Abattoir Murton Lane Murton YO19 5GH,York,YO19,"York,Yorkshire and the Humber,England",United Kingdom,third-country,ABP-SH,,,,CAT3 - Category 3,,
8216,ABP Yetminster,Chetnole Road Yetminster Sherborne DT9 6HQ,Sherborne,DT9,"Dorset,South West England,England",United Kingdom,third-country,ABP-SH,,,,CAT3 - Category 3,,
4562,AHMED JEEWA & SONS,132 Wednesbury Road,Walsall,WS1,"West Midlands Combined Authority,West Midlands,England",United Kingdom,third-country,ABP-SH,,,,CAT3 - Category 3,,
2450,AL UMMAH LIMITED,Old Colliery Farm Main Street South Hiendley Barnsley,Barnsley,S72,"Yorkshire and the Humber,England",United Kingdom,third-country,ABP-SH,,,,CAT3 - Category 3,,
8119,Alec Jarrett Limited,High Street Oldland Common Bristol BS30 9TN,Oldland Common,BS30,"South Gloucestershire,South West England,England",United Kingdom,third-country,ABP-SH,,,,CAT3 - Category 3,,
1560,Anglo Beef Processors UK T/A ABP Bridge of Allan,Longleys Bridge of Allan Stirling FK9 4NE,Stirling,FK9,Scotland,United Kingdom,third-country,ABP-SH,,,,CAT3 - Category 3,,
4182,Anglo Beef Processors UK T/A ABP Kingswinford,Oak Lane,Kingswinford,DY6,"West Midlands Combined Authority,West Midlands,England",United Kingdom,third-country,ABP-SH,,,,CAT3 - Category 3,18/11/2021,12/08/2024
5218,Arthur J Howell & Son,53 Staithe Street Wells-next-the-Sea NR23 1AN,Wells-next-the-Sea,NR23,"Norfolk,East of England,England",United Kingdom,third-country,ABP-SH,,,,CAT3 - Category 3,,
4568,BAILEYS TURKEYS,Dairy House Farm Chester Road Tabley,Knutsford,WA16,"Cheshire East,North West England,England",United Kingdom,third-country,ABP-SH,,,,CAT3 - Category 3,,
5464,Banham Poultry (2018) Ltd,Station Road,Attleborough,NR17,"Norfolk,East of England,England",United Kingdom,third-country,ABP-SH,,,,CAT3 - Category 3,,
4152,Beesons Limited,Bradeley Abbattoir Bradeley Hall Road Haslington,Crewe,CW1,"Cheshire East,North West England,England",United Kingdom,third-country,ABP-SH,,,,CAT3 - Category 3,,
1584,Border Meats Ltd,Mains Meadow Lockerbie DG11 2DE,Lockerbie,DG11,"Dumfries and Galloway,Scotland",United Kingdom,third-country,ABP-SH,,,,CAT3 - Category 3,,
U1339640/ABP/PHAR,C & K Meats Ltd,"Potash Lane, Mid Suffolk business Park, EYE, Suffolk IP23 7HE",Eye,IP23,"Suffolk,East of England,England",United Kingdom,third-country,ABP-SH,,,,CAT3 - Category 3,,
5519,C & K Meats Ltd,"Mid Suffolk Business Park, Potash Lane",Eye,IP23,"Suffolk,East of England,England",United Kingdom,third-country,ABP-SH,,,,CAT3 - Category 3,,
5144,C A LEECH & SONS,1 Station Road Melbourn,Royston,SG8,"Hertfordshire,East of England,England",United Kingdom,third-country,ABP-SH,,,,CAT3 - Category 3,,
4225,C Brumpton Butchers Ltd,3 Plumtree Road Cotgrave,Nottingham,NG12,"Nottingham,East Midlands,England",United Kingdom,third-country,ABP-SH,,,,CAT3 - Category 3,,
4138,C E PARTRIDGE & SON LTD,Washingstocks Farm Stourbridge Road B61 0BN,Bromsgrove,B61,"Worcestershire,West Midlands,England",United Kingdom,third-country,ABP-SH,,,,CAT3 - Category 3,,
4156,C H Rowley Ltd,Glenside Ansley Lane Arley,Coventry,CV7,"West Midlands Combined Authority,West Midlands,England",United Kingdom,third-country,ABP-SH,,,,CAT3 - Category 3,,
5269,C HUMPHREYS & SONS,Blixes Farm Fairstead,Chelmsford,CM3,"Essex,East of England,England",United Kingdom,third-country,ABP-SH,,,,CAT3 - Category 3,,
8191,C SNELL WHOLESALE,Breeches Farm Tytherleigh Road Tatworth Chard TA20 2NY,Chard,TA20,"Somerset,South West England,England",United Kingdom,third-country,ABP-SH,,,,CAT3 - Category 3,14/10/2025,21/10/2025
8354,C and S Meats Ltd,White House Lane Holnest Sherbourne DT9 6HX England,Sherborne,DT9,"Dorset,South West England,England",United Kingdom,third-country,ABP-SH,,,,CAT3 - Category 3,14/10/2025,21/10/2025
4326,C. S. Morphet and Sons Limited,Tan House Farm Alder Lane Cronton,Widnes,WA8,"Halton,North West England,England",United Kingdom,third-country,ABP-SH,,,,CAT3 - Category 3,11/11/2025,11/11/2025
8068,COMBE MARTIN MEATS,The Abattoir Rectory Road Combe Martin EX34 0NS,Ilfracombe,EX34,"Devon,South West England,England",United Kingdom,third-country,ABP-SH,,,,CAT3 - Category 3,,
2169,CR HORNER,The Abattoir Kilburn YO61 4AG,Kilburn,YO61,"North Yorkshire,Yorkshire and the Humber,England",United Kingdom,third-country,ABP-SH,,,,CAT3 - Category 3,,
4702,Caldecott Turkey Farms Ltd,Holly Farm Batemans Lane,Wythall,B47,"Worcestershire,West Midlands,England",United Kingdom,third-country,ABP-SH,,,,CAT3 - Category 3,,
7161,Capestone Organic Poultry Limited,Capeston Farm Walwyns Castle,Haverfordwest,SA62,"Pembrokeshire,Wales",United Kingdom,third-country,ABP-SH,,,,CAT3 - Category 3,,
2603,Castlemead Poultry Limited,Haywood Farm Terry Hill Radstock BA3 5UF,Radstock,BA3,"Bath and North East Somerset,South West England,England",United Kingdom,third-country,ABP-SH,,,,CAT3 - Category 3,06/05/2021,08/05/2025
7023,Cig Eryri - Snowdonia Meats Cyf,Cae Iago Cwm Cynfal,Blaenau Ffestiniog,LL41,"Gwynedd,Wales",United Kingdom,third-country,ABP-SH,,,,CAT3 - Category 3,,
7099,Conwy Valley Meats Limited,Cae Pys Parry Road,Llanrwst,LL26,"Conwy,Wales",United Kingdom,third-country,ABP-SH,,,,CAT3 - Category 3 | CAT3 - Category 3,,
6298,Copas Traditional Turkeys Ltd,Kings Coppice Farm Grubwood Lane Cookham,Maidenhead,SL6,"Windsor and Maidenhead,South East,England",United Kingdom,third-country,ABP-SH,,,,CAT3 - Category 3,,
4451,Corvedale Fresh Limited.,Euro House Dale Street,Craven Arms,SY7,"Shropshire,West Midlands,England",United Kingdom,third-country,ABP-SH,,,,CAT3 - Category 3,,
2750,Cranswick Country Foods Eye,Cranswick House Oaksmere Business Park Eye Industrial Estate Yaxley IP238BW England,Yaxley,IP23,"Suffolk,East of England,England",United Kingdom,third-country,ABP-SH,,,,CAT3 - Category 3,,
5213,Cranswick Country Foods PLC,Brandon Road Watton Norfolk IP25 6LW,Watton,IP25,"Norfolk,East of England,England",United Kingdom,third-country,ABP-SH,,,,CAT3 - Category 3,,
4812,DEER 'N DEXTER,Old Stoddah Farm Penruddock,Penrith,CA11,"Cumbria,North West England,England",United Kingdom,third-country,ABP-SH,,,,CAT3 - Category 3,14/10/2025,21/10/2025
4071,DUNBIA PRESTON,The Abattoir Church Road Bamber Bridge Preston PR5 6AJ,Bamber Bridge,PR5,"Lancashire,North West England,England",United Kingdom,third-country,ABP-SH,,,,CAT3 - Category 3,,
7182,David T Havard,The Abattoir Blackbrook Road,Caerphilly,CF83,"Caerphilly,Wales",United Kingdom,third-country,ABP-SH,,,,CAT3 - Category 3,,
7103,"David Thomas, James Thomas, Stephen Thomas & Simeon Thomas (T/A D & J Thomas)",Beech Avenue Rhos,Wrexham,LL14,"Wrexham,Wales",United Kingdom,third-country,ABP-SH,,,,CAT3 - Category 3,,
5003,Diaper Poultry Ltd,Haughley New Street,Stowmarket,IP14,"Suffolk,East of England,England",United Kingdom,third-country,ABP-SH,,,,CAT3 - Category 3,,
5116,Dovecote Park (Skellingthorpe) Ltd,"Ferry Lane, Skellingthorpe",Lincoln,LN6,"Lincolnshire,East Midlands,England",United Kingdom,third-country,ABP-SH,,,,CAT3 - Category 3,,
2045,Dovecote Park Ltd,The Abattoir Stapleton WF8 3DD,Pontefract,WF8,"Yorkshire and the Humber,England",United Kingdom,third-country,ABP-SH,,,,CAT3 - Category 3,,
6342,Down Lands Traditional Meats Ltd,Morley Farm Wheatsheaf Road Woodmancote,Henfield,BN5,"West Sussex,South East,England",United Kingdom,third-country,ABP-SH,,,,CAT3 - Category 3,,
1201,Downfield Limited,Downfield Farm Cupar Fife,Fife,KY15,Scotland,United Kingdom,third-country,ABP-SH,,,,CAT3 - Category 3,,
1598,Dunbia (UK) T/A Dunbia Highland Meats,Blakely Road Saltcoats KA21 5JQ,Saltcoats,KA21,"North Ayrshire,Scotland",United Kingdom,third-country,ABP-SH,,,,CAT3 - Category 3,,
2100,Dunbia Carnaby,The Abattoir Lancaster Road Carnaby YO15 3QY,Bridlington,YO15,"East Riding of Yorkshire,Yorkshire and the Humber,England",United Kingdom,third-country,ABP-SH,,,,CAT3 - Category 3,,
2388,Dunbia Cumbria,Lindal Moor Slaughterhouse High Henning Farm Lindal in Furness Ulverston England,Ulverston,LA12,"Cumbria,North West England,England",United Kingdom,third-country,ABP-SH,,,,CAT3 - Category 3,,
8071,Dunbia West Devon,The Abattoir Hatherleigh EX20 3HT,Okehampton,EX20,"Devon,South West England,England",United Kingdom,third-country,ABP-SH,,,,CAT3 - Category 3,,
1735,Dunlossit Trustees Limited,"Avonvogie, Port Ellen, Isle of Islay PA42 7DE",Port Ellen,PA42,"Argyll and Bute,Scotland",United Kingdom,third-country,ABP-SH,,,,CAT3 - Category 3,,
4294,E & T Jackson & Sons,Tabley Brook Farm Tabley,Knutsford,WA16,"Cheshire East,North West England,England",United Kingdom,third-country,ABP-SH,,,,CAT3 - Category 3,,
2199,E V SLACK & SONS,Sunnyside Farm Carr Lane Wadworth,Doncaster,DN11,"Yorkshire and the Humber,England",United Kingdom,third-country,ABP-SH,,,,CAT3 - Category 3,,
8101,EAST HILL PRIDE,Higher Rill Farm East Hill EX11 1QQ,Ottery St Mary,EX11,"Devon,South West England,England",United Kingdom,third-country,ABP-SH,,,,CAT3 - Category 3,,
5130,EVANS & SONS,Walnut Tree Farm Marston Moretaine,Bedford,MK43,"Bedford,East of England,England",United Kingdom,third-country,ABP-SH,,,,CAT3 - Category 3,,
5090,Elmkirk Limited,Orchard Farm Little Warley Hall Lane Brentwood,Chelmsford,CM13,"Essex,East of England,England",United Kingdom,third-country,ABP-SH,,,,CAT3 - Category 3,,
7226,Euro Farm Wales,Unit 7-8 Withy Bush Trading Estate Haverfordwest,Pembrokeshire,SA62,Wales,United Kingdom,third-country,ABP-SH,,,,CAT3 - Category 3,26/02/2026,28/02/2026
4090,F A Gill Limited,Parkfields Parkfield Road,Wolverhampton,WV4,"West Midlands Combined Authority,West Midlands,England",United Kingdom,third-country,ABP-SH,,,,CAT3 - Category 3,,
4357,F Redfern,Haslin Slaughterhouse Burlow Road Harper Hill,Buxton,SK17,"Derbyshire,East Midlands,England",United Kingdom,third-country,ABP-SH,,,,CAT3 - Category 3,14/10/2025,21/10/2025
2077,FOYLE MELTON MOWBRAY,Melton Road Six Hills LE14 3PR,Melton,LE14,"Leicestershire,East Midlands,England",United Kingdom,third-country,ABP-SH,,,,CAT3 - Category 3,,
3007,Faccenda Foods Limited (T/A Avara Foods),Willow Road Brackley NN13 7EX,Brackley,NN13,"Northamptonshire,East Midlands,England",United Kingdom,third-country,ABP-SH,,,,CAT3 - Category 3,22/02/2022,
4133,Farmers Fresh Ltd,The Abattoir Banner Hill Rouncil Lane,Kenilworth,CV8,"Warwickshire,West Midlands,England",United Kingdom,third-country,ABP-SH,,,,CAT3 - Category 3,,
6116,Forge Farm Meats Ltd,Forge Farm Powder Mill Lane,Southborough,TN4,"Kent,South East,England",United Kingdom,third-country,ABP-SH,,,,CAT3 - Category 3,,
5280,Fowler Bros (Latchingdon) Ltd,"Brook Farm Abattoir, Marsh Road",Burnham on Crouch,CM0,"Essex,East of England,England",United Kingdom,third-country,ABP-SH,,,,CAT3 - Category 3,,
4014,Freemans of Newent Limited (T/A Avara Foods),Grandstand Road,Hereford,HR4,"Herefordshire,West Midlands,England",United Kingdom,third-country,ABP-SH,,,,CAT3 - Category 3,17/04/2025,17/06/2025
2168,G & A DENNEY,Johnscales Farm Lyth LA8 8DG,Cumbria,LA8,"Cumbria,North West England,England",United Kingdom,third-country,ABP-SH,,,,CAT3 - Category 3,,
4140,G & G B HEWITT LTD,The Abattoir Chruch Lane Huxley,Chester,CH3,"Cheshire West and Chester,North West England,England",United Kingdom,third-country,ABP-SH,,,,CAT3 - Category 3,26/08/2025,03/09/2025
2406,G Bolam (Foods) & Sons Ltd,Salters Lane Industrial Estate Sedgefield Stockton-on-Tees England,Stockton-on-Tees,TS21,"Stockton-on-Tees,North East England,England",United Kingdom,third-country,ABP-SH,,,,CAT3 - Category 3,,
2254,GAMSTON WOOD OSTRICHES,Gamston Wood Farm Upton,Retford,DN22,"Nottinghamshire,East Midlands,England",United Kingdom,third-country,ABP-SH,,,,CAT3 - Category 3,,
4800,Gafoor Pure Halal Ltd,Fletcher Road,Preston,PR1,"Lancashire,North West England,England",United Kingdom,third-country,ABP-SH,,,,CAT3 - Category 3,,
8301,Gages Farm Ltd,Gages Farm Buckfastleigh Road Ashburton TQ13 7JW England,Ashburton,TQ13,"Devon,South West England,England",United Kingdom,third-country,ABP-SH,,,,CAT3 - Category 3,14/10/2025,21/10/2025
5203,H DAWSON & SONS,Sibsey Lane,Boston,PE21,"Lincolnshire,East Midlands,England",United Kingdom,third-country,ABP-SH,,,,CAT3 - Category 3,14/10/2025,15/10/2025
8249,H F Stiles & Son Ltd,Sloperton Farm Westbrook Bronham Chippenham SN15 2ED England,Chippenham,SN15,"Wiltshire,South West England,England",United Kingdom,third-country,ABP-SH,,,,CAT3 - Category 3,14/10/2025,21/10/2025
4202,H G BEARD BUTCHERS,8 Bramhall Lane South Bramhall,Stockport,SK7,"Greater Manchester,North West England,England",United Kingdom,third-country,ABP-SH,,,,CAT3 - Category 3,,
5154,H J HELLETT & SONS,7-9 London Road Kimbolton Huntingdon PE28 0HL,Huntingdonshire,PE28,"Cambridgeshire,East of England,England",United Kingdom,third-country,ABP-SH,,,,CAT3 - Category 3,,
2762,H M Venison Ltd,Round Green Farm Worsbrough Barnsley S75 3DR England,Barnsley,S75,"Yorkshire and the Humber,England",United Kingdom,third-country,ABP-SH,,,,CAT3 - Category 3,14/10/2025,21/10/2025
4256,H.P. Westwood Limited,15 Eastgate Street Chase Terrace,Burntwood,WS7,"Staffordshire,West Midlands,England",United Kingdom,third-country,ABP-SH,,,,CAT3 - Category 3,,
2019,HCF Poultry Ltd,Station Yard Station Road Cullingworth BD13 5HP,Bradford,BD13,"Yorkshire and the Humber,England",United Kingdom,third-country,ABP-SH,,,,CAT3 - Category 3,,
2095,Hartshead Meats Ltd,Millstone Farm Broadcarr Lane Mossley OL5 0JL,Greater Manchester,OL5,"Greater Manchester,North West England,England",United Kingdom,third-country,ABP-SH,,,,CAT3 - Category 3,,
4379,Higginshaw Abattoir Ltd,The Abattoir Higginshaw Lane Royton Oldham OL2 6HQ,Royton,OL2,"Greater Manchester,North West England,England",United Kingdom,third-country,ABP-SH,,,,CAT3 - Category 3,,
4017,Highbury Poultry Farm Produce Ltd,Manor House Lane Higher Heath,Whitchurch,SY13,"Shropshire,West Midlands,England",United Kingdom,third-country,ABP-SH,,,,CAT3 - Category 3,,
5067,IHP Ltd,Bell Farm Shantock Hall Lane Bovingdon HP3 0NQ,Bovingdon,,"Hertfordshire,East of England,England",United Kingdom,third-country,ABP-SH,,,,CAT3 - Category 3,,
2653,Iqbal Poultry,Coulman Street Thorne Doncaster DN85JS,Doncaster,DN8,"Yorkshire and the Humber,England",United Kingdom,third-country,ABP-SH,,,,CAT3 - Category 3,,
4269,J & B Fitton Ltd,Cowlishaw Farm Shaw,Oldham,OL2,"Greater Manchester,North West England,England",United Kingdom,third-country,ABP-SH,,,,CAT3 - Category 3,,
2161,J A Jewitt (Meat) Ltd,Low House Middlestone Moor DL16 7QD,Spennymoor,DL16,"County Durham,North East England,England",United Kingdom,third-country,ABP-SH,,,,CAT3 - Category 3,,
2147,J A Mounfield & Son Ltd,White House Bubwith YO8 6LS,Selby,YO8,"North Yorkshire,Yorkshire and the Humber,England",United Kingdom,third-country,ABP-SH,,,,CAT3 - Category 3,,
8357,J AND J FARMERS ABATTOIR,Haydon Farm North Tamerton Holsworthy EX22 6RL England,Holsworthy,EX22,"Devon,South West England,England",United Kingdom,third-country,ABP-SH,,,,CAT3 - Category 3,14/10/2025,21/10/2025
8145,J Broomhall Ltd,Alkerton Place Eastington Stonehouse Gloucester GL10 3AA,Gloucestershire,GL10,"Gloucestershire,South West England,England",United Kingdom,third-country,ABP-SH,,,,CAT3 - Category 3,,
6326,J R Farm Meats Ltd,Ratling Court Farm Ratling Road Aylesham,Canterbury,CT3,"Kent,South East,England",United Kingdom,third-country,ABP-SH,,,,CAT3 - Category 3,,
8308,J V Richards (Rietfontein) Ltd,Frogpool Perranwell Station Truro TR3 7PJ England,Truro,TR3,"Cornwall,South West England,England",United Kingdom,third-country,ABP-SH,,,,CAT3 - Category 3,,
4322,J W Mettrick & Son Ltd,84 Victoria Street,Glossop,SK13,"Derbyshire,East Midlands,England",United Kingdom,third-country,ABP-SH,,,,CAT3 - Category 3,,
2285,JOHN PENNY AND SONS,Low Green Farm 40 Leeds Road Rawdon,Leeds,LS19,"Yorkshire and the Humber,England",United Kingdom,third-country,ABP-SH,,,,CAT3 - Category 3,02/12/2025,03/12/2025
5002,Jack Brand Limited,Bridge House Buildings Claydon,Claydon,IP6,"Suffolk,East of England,England",United Kingdom,third-country,ABP-SH,,,,CAT3 - Category 3,,
1516,James Chapman (Butchers) Ltd T/A Shotts Abattoir,"Shotts Abattoir Foundry Road, Shotts Motherwell",North Lanarkshire,ML7,"North Lanarkshire,Scotland",United Kingdom,third-country,ABP-SH,,,,CAT3 - Category 3,,
2198,James White Butchers Ltd,65 Main Street Hutton Cranswick,Driffield,YO25,"East Riding of Yorkshire,Yorkshire and the Humber,England",United Kingdom,third-country,ABP-SH,,,,CAT3 - Category 3,,
7147,John B Evans & Robert W Evans (T/A GR Evans & Co),The Abattoir Ty Gwyn,Corwen,LL17,"Denbighshire,Wales",United Kingdom,third-country,ABP-SH,,,,CAT3 - Category 3,,
1125,John M Munro Ltd,West End Strathpeffer Rd Dingwall IV15 9QF,Dingwall,IV15,"Highland,Scotland",United Kingdom,third-country,ABP-SH,,,,CAT3 - Category 3,,
1686,John Morrison T/A Lochmaddy Slaughterhouse,The Old Bank House Lochmaddy Isle Of North Uist Outer Hebrides,Lochmaddy,HS6,"Western Isles,Scotland",United Kingdom,third-country,ABP-SH,,,,CAT3 - Category 3,,
1542,John Robertsons & Sons (Hamcurers) Ltd,88 Princess Street Ardrossan KA22 8DQ,Ardrossan,KA22,"North Ayrshire,Scotland",United Kingdom,third-country,ABP-SH,,,,CAT3 - Category 3,,
4327,Joseph Morris Butchers Ltd,Walcote Road South Kilworth LE17 6EG,Lutterworth,LE17,"Leicestershire,East Midlands,England",United Kingdom,third-country,ABP-SH,,,,CAT3 - Category 3,,
5041,K Poultry Limited,3 Smeed Road Bow,London Borough of Tower Hamlets,E3,"London,Greater London,England",United Kingdom,third-country,ABP-SH,,,,CAT3 - Category 3,,
2060,Karro Food Ltd T/A Malton Bacon Factory,Hugden Way Norton Grove Industrial Estate YO17 9HG,Malton,YO17,"North Yorkshire,Yorkshire and the Humber,England",United Kingdom,third-country,ABP-SH,,,,CAT3 - Category 3,01/01/2025,
8073,Kepak Group Limited,Unit 9 Cooksland Industrial Estate PL31 2QB,Bodmin,PL31,"Cornwall,South West England,England",United Kingdom,third-country,ABP-SH,,,,CAT3 - Category 3,,
1106,Kepak Group Ltd - McIntosh Donald,Cookston Road Portlethen Aberdeenshire AB12 4QB,Portlethen,AB12,"Aberdeenshire,Scotland",United Kingdom,third-country,ABP-SH,,,,CAT3 - Category 3,,
7176,Kepak Group Ltd St Merryn,"Penygarnddu Industrial Estate, Dowlais Top, MERTHYR TYDFIL CF48 2TA",Merthyr Tydfil,CF48,"Merthyr Tydfil,Wales",United Kingdom,third-country,ABP-SH,,,,CAT3 - Category 3,,
4765,Kosher Poultry Limited,35 - 51 Collingham Street Cheetham Hill,Greater Manchester,M8,"Greater Manchester,North West England,England",United Kingdom,third-country,ABP-SH,,,,CAT3 - Category 3,,
2291,L Wood & Sons,O'Cot Farm Scammonden,Huddersfield,HD3,"Yorkshire and the Humber,England",United Kingdom,third-country,ABP-SH,,,,CAT3 - Category 3,,
2477,LANGTHORNE'S BUFFALO PRODUCE,Crawford Grange Brompton Northallerton,Brompton,DL6,"North Yorkshire,Yorkshire and the Humber,England",United Kingdom,third-country,ABP-SH,,,,CAT3 - Category 3,,
4286,Lawn Farm Meats,Lawns Farm,Cheadle,ST10,"Staffordshire,West Midlands,England",United Kingdom,third-country,ABP-SH,,,,CAT3 - Category 3,,
4199,Leansale Limited (TA Roopyal Laham Halaal Butchers),350 Stratford Road Sparkbrook B11 4AA,Birmingham,B11,"West Midlands Combined Authority,West Midlands,England",United Kingdom,third-country,ABP-SH,,,,CAT3 - Category 3,,
2056,Linden Foods Burradon Limited,Quarry Cottages Burradon NE23 7NB,Cramlington,NE23,"Northumberland,North East England,England",United Kingdom,third-country,ABP-SH,,,,CAT3 - Category 3,,
7036,M K (Wales) Ltd T/A (Maddock Kembery Meats),The Abattoir Bridgend Road Garth,Maesteg,CF34,"Bridgend,Wales",United Kingdom,third-country,ABP-SH,,,,CAT3 - Category 3,,
4649,M Najib and Sons Ltd,Brookfield Miry Lane,Foston,DE65,"Derbyshire,East Midlands,England",United Kingdom,third-country,ABP-SH,,,,CAT3 - Category 3,,
3005,MOY PARK (ASHBOURNE),Blenheim Road Ashbourne DE6 1HA,Ashbourne,DE6,"Derbyshire,East Midlands,England",United Kingdom,third-country,ABP-SH,,,,CAT3 - Category 3,,
7047,Maelor Foods Limited,Pickhill Lane Cross Lanes,Wrexham,LL13,"Wrexham,Wales",United Kingdom,third-country,ABP-SH,,,,CAT3 - Category 3,,
4227,Manchester Abattoir Ltd,The Abattoir 2 Higher Bury Str Heaton Norris,Stockport,SK4,"Greater Manchester,North West England,England",United Kingdom,third-country,ABP-SH,,,,CAT3 - Category 3,,
4534,Marsh Poultry Ltd,"Orchard Lea Gorse Lane, Tarleton",Preston,PR4,"Lancashire,North West England,England",United Kingdom,third-country,ABP-SH,,,,CAT3 - Category 3,,
2438,McIntyre Meats Ltd,The Abattoir East Borwins Farm Bainbridge Leyburn,Leyburn,DL8,"North Yorkshire,Yorkshire and the Humber,England",United Kingdom,third-country,ABP-SH,,,,CAT3 - Category 3,,
4770,Medina Pure Halal UK Ltd,160-162 Birmingham Road B69 4EH,Oldbury,B69,"West Midlands Combined Authority,West Midlands,England",United Kingdom,third-country,ABP-SH,,,,CAT3 - Category 3,,
2248,Melton Meat Limited,The Abattoir Stygate Lane Pickwell,Melton Mowbray,LE13,"Leicestershire,East Midlands,England",United Kingdom,third-country,ABP-SH,,,,CAT3 - Category 3,,
1160,Millers Of Speyside Ltd,Strathspey Industrial Est Grantown on Spey PH26 3NB,Grantown-on-Spey,PH26,"Highland,Scotland",United Kingdom,third-country,ABP-SH,,,,CAT3 - Category 3,26/03/2026,09/04/2026
1216,Mr Robin Tuke & Mrs Alison Tuke T/A Pasture-To-Plate,Pasture-To-Plate Hardiesmill Gordon Berwickshire,Gordon,TD3,"Scottish Borders,Scotland",United Kingdom,third-country,ABP-SH,,,,CAT3 - Category 3,,
1585,Mull Slaughterhouse Limited,Callachaly Salen Isle of Mull Argyll PA72 6JN,Argyll and Bute,PA72,"Argyll and Bute,Scotland",United Kingdom,third-country,ABP-SH,,,,CAT3 - Category 3,,
2102,N Bramall & Son Ltd,The Abattoir Near Coates Farm Sheffield S36 8YB,Oxspring,S36,"Yorkshire and the Humber,England",United Kingdom,third-country,ABP-SH,,,,CAT3 - Category 3,,
4197,N TM AND EM BASKEYFIELD,Mitchells Wood Slaughterhouse Bells Hollow Red Street Village,Newcastle-under-Lyme,ST5,"Staffordshire,West Midlands,England",United Kingdom,third-country,ABP-SH,,,,CAT3 - Category 3,,
5120,N V GAGEN & SON,"51 High Road, Gorefield, Wisbech",Church End,PE13,"Cambridgeshire,East of England,England",United Kingdom,third-country,ABP-SH,,,,CAT3 - Category 3,,
1103,Neerock LTD T/A Woodhead Brothers,Markethill Turriff AB53 4PA,Turriff,AB53,"Aberdeenshire,Scotland",United Kingdom,third-country,ABP-SH,,,,CAT3 - Category 3,,
2542,Norfolk Quail Limited,Highfield Farm Great Ryburgh Fakenham NR21 7AL England,Fakenham,NR21,"Norfolk,East of England,England",United Kingdom,third-country,ABP-SH,,,,CAT3 - Category 3,,
8019,OTTER VALLEY POULTRY LIMITED,Spurtham Farm Upottery EX14 9QD,Honiton,EX14,"Devon,South West England,England",United Kingdom,third-country,ABP-SH,,,,CAT3 - Category 3,,
2348,P & R WHITWAM,Bank Bottom Farm Golcar,Huddersfield,HD7,"Yorkshire and the Humber,England",United Kingdom,third-country,ABP-SH,,,,CAT3 - Category 3,,
8070,P J HAYMAN & SONS,Raxhayes Farm Holcombe Lane EX11 1PQ,Ottery St Mary,EX11,"Devon,South West England,England",United Kingdom,third-country,ABP-SH,,,,CAT3 - Category 3,,
8072,P J KING & SON,Court Farm Stroud Road Whaddon GL4 0UG,Gloucester,GL4,"Gloucestershire,South West England,England",United Kingdom,third-country,ABP-SH,,,,CAT3 - Category 3,,
2301,Perdon Organics Ltd,Honiton Road,Cullompton,EX15,"Devon,South West England,England",United Kingdom,third-country,ABP-SH,,,,CAT3 - Category 3,,
4349,Perry's of Eccleshall Limited,19 Stafford Street,Eccleshall,ST21,"Staffordshire,West Midlands,England",United Kingdom,third-country,ABP-SH,,,,CAT3 - Category 3,,
4242,Peter Coates Alrewas Ltd,100 Main Street Alrewas,Alrewas,DE13,"Staffordshire,West Midlands,England",United Kingdom,third-country,ABP-SH,,,,CAT3 - Category 3,,
7135,Pilgrim's UK Lamb Ltd,Dolwen Oakley Park Road,Llanidloes,SY18,"Powys,Wales",United Kingdom,third-country,ABP-SH,,,,CAT3 - Category 3,,
8061,Pilgrims Pride Ltd - Westerleigh,Oakleigh Green Farm Westerleigh BS37 8QZ,Westerleigh,BS37,"South Gloucestershire,South West England,England",United Kingdom,third-country,ABP-SH,,,,CAT3 - Category 3,,
1136,Quality Pork Processors Limited,The Abattoir Montrose Road Brechin,Angus,DD9,"Angus,Scotland",United Kingdom,third-country,ABP-SH,,,,CAT3 - Category 3,,
4168,R B Elliott & Son Ltd,Stud Farm Calow,Chesterfield,S44,"Derbyshire,East Midlands,England",United Kingdom,third-country,ABP-SH,,,,CAT3 - Category 3,,
8115,R J TREVARTHEN WHOLESALE BUTCHERS,"Roskrow Abattoir, Roskrow, Penryn TR10 9AP",Penryn,TR10,"Cornwall,South West England,England",United Kingdom,third-country,ABP-SH,,,,CAT3 - Category 3,,
4319,ROBIN MAYCOCK BUTCHERS,Leashaw Road Holloway,Matlock,DE4,"Derbyshire,East Midlands,England",United Kingdom,third-country,ABP-SH,,,,CAT3 - Category 3,,
2188,ROBINSONS BUTCHERS,13 Front Street,Wingate,TS28,"County Durham,North East England,England",United Kingdom,third-country,ABP-SH,,,,CAT3 - Category 3,,
1641,Richard Carmichael Of Carmichael T/A Carmichael Estate Farm Meats,"Warrenhill Farm, Thankerton, Biggar, Lanarkshire ML12 6PG",Biggar,ML12,"South Lanarkshire,Scotland",United Kingdom,third-country,ABP-SH,,,,CAT3 - Category 3,,
2660,Riley Foods Limited,Dunnockshaw Farm Burnley Road Dunnockshaw Burnley BB11 5PP,Burnley,BB11,"Lancashire,North West England,England",United Kingdom,third-country,ABP-SH,,,,CAT3 - Category 3,,
4392,Robert G Tuckey Ltd,Wellington House Abattoir Furnace End,Birmingham,B46,"West Midlands Combined Authority,West Midlands,England",United Kingdom,third-country,ABP-SH,,,,CAT3 - Category 3,,
5319,Romford Halal Meats Ltd,"Beredens Farm, Folkes Lane Upminster RM14 1TH",London,RM14,"London,Greater London,England",United Kingdom,third-country,ABP-SH,,,,CAT3 - Category 3,14/10/2025,21/10/2025
6130,S W DOUGHTY,The Street Doddington,Sittingbourne,ME9,"Kent,South East,England",United Kingdom,third-country,ABP-SH,,,,CAT3 - Category 3,,
4538,SPRINGFIELD POULTRY LIMITED,The Farm Steensbridge,Leominster,HR6,"Herefordshire,West Midlands,England",United Kingdom,third-country,ABP-SH,,,,CAT3 - Category 3,,
8193,STRAP ORCHARD ABATTOIR,Hawker Bridge Wincanton BA9 9EE,Wincanton,BA9,"Somerset,South West England,England",United Kingdom,third-country,ABP-SH,,,,CAT3 - Category 3,,
1535,Sandyford Abattoir (Paisley) Ltd T/A Sandyford Abattoir,Sandyford Road Paisley,Paisley,PA3,"Renfrewshire,Scotland",United Kingdom,third-country,ABP-SH,,,,CAT3 - Category 3,,
1121,Scotbeef Inverurie Limited,North Street Inverurie AB51 4TL,Inverurie,AB51,"Aberdeenshire,Scotland",United Kingdom,third-country,ABP-SH,,,,CAT3 - Category 3,,
2569,Severn Valley Lamb Limited,Newtown Abattoir Stafford Road Newtown Great Wyrley WS6 6AY,Staffordshire,WS6,"Staffordshire,West Midlands,England",United Kingdom,third-country,ABP-SH,,,,CAT3 - Category 3,,
4015,Shafa Farm Limited,Farmgate Five Way Road CV35 7HZ,Hatton,CV35,"Warwickshire,West Midlands,England",United Kingdom,third-country,ABP-SH,,,,CAT3 - Category 3,,
5008,Shazan Foods Limited,Magdalen Street,Eye,IP23,"Suffolk,East of England,England",United Kingdom,third-country,ABP-SH,,,,CAT3 - Category 3,09/12/2020,
1756,Slmg Trading Ltd T/A Shetland Abattoir,Shetland Rural Centre Staneyhill Lerwick Shetlands ZE1 0NA,Shetland Islands,ZE1,"Shetland Islands,Scotland",United Kingdom,third-country,ABP-SH,,,,CAT3 - Category 3,,
2091,Spenborough Abattoir Ltd,Headlands Road WF15 6PR,Liversedge,WF15,"Yorkshire and the Humber,England",United Kingdom,third-country,ABP-SH,,,,CAT3 - Category 3 | CAT3 - Category 3,,
4373,Staffordshire Meat Packers Ltd,New House Farm Werrington Road Bucknall,Stoke-on-Trent,ST2,"Stoke-on-Trent,West Midlands,England",United Kingdom,third-country,ABP-SH,,,,CAT3 - Category 3,,
8231,Stillmans (Somerset) Ltd,Staplegrove Mills Staplegrove Taunton TA2 6PX,Taunton,TA2,"Somerset,South West England,England",United Kingdom,third-country,ABP-SH,,,,CAT3 - Category 3,14/10/2025,21/10/2025
1118,Stornoway Abattoir,"The Abattoir Rigs Road, Stornoway Isle-of-Lewis HS1 2RF",Stornoway,HS1,"Western Isles,Scotland",United Kingdom,third-country,ABP-SH,,,,CAT3 - Category 3,,
4367,T G SARGEANT AND SONS,Roycroft Farm Bramshall,Uttoxeter,ST14,"Staffordshire,West Midlands,England",United Kingdom,third-country,ABP-SH,,,,CAT3 - Category 3,,
2023,T Soanes & Son (Poultry) Ltd,Church Hill Farm Middleton on the Wolds YO25 9UG,Driffield,YO25,"East Riding of Yorkshire,Yorkshire and the Humber,England",United Kingdom,third-country,ABP-SH,,,,CAT3 - Category 3,,
4559,TAJ & CO,100 Hamstead Road Handsworth,Birmingham,B19,"West Midlands Combined Authority,West Midlands,England",United Kingdom,third-country,ABP-SH,,,,CAT3 - Category 3,,
2066,Thompson (Wholesale Meat) Ltd,Marshall Green Abattoir Witton-le-Wear Bishop Auckland DL14 0AQ,County Durham,DL14,"County Durham,North East England,England",United Kingdom,third-country,ABP-SH,,,,CAT3 - Category 3,,
6067,Tottingworth Farms Ltd,Little Tottingworth Farm Broad Oak,Heathfield,TN21,"East Sussex,South East,England",United Kingdom,third-country,ABP-SH,,,,CAT3 - Category 3,,
5450,Traditional Norfolk Poultry Ltd,"Oak Tree Business Park, Hargham Road Shropham",Attleborough,NR17,"Norfolk,East of England,England",United Kingdom,third-country,ABP-SH,,,,CAT3 - Category 3,,
8165,Universal Traders Gloucester Ltd,The Flatt The Abattoir Minsterworth Gloucester GL2 8JX,Gloucester,GL2,"Gloucestershire,South West England,England",United Kingdom,third-country,ABP-SH,,,,CAT3 - Category 3,,
8037,University of Bristol,The Abattoir Langford House Langford BS40 5DU,Langford,BS40,"North Somerset,South West England,England",United Kingdom,third-country,ABP-SH,,,,CAT3 - Category 3,,
4333,University of Nottingham,University of Nottingham Sutton Bonington Campus,Nottinghamshire,LE12,"Nottinghamshire,East Midlands,England",United Kingdom,third-country,ABP-SH,,,,CAT3 - Category 3,,
7164,Usk Vale Poultry Ltd,Maesmawr Farm Glascoed,Pontypool,NP4,"Torfaen,Wales",United Kingdom,third-country,ABP-SH,,,,CAT3 - Category 3,,
1505,Vivers Scotlamb Ltd,"Dornocktown, Eastriggs, Annan DG12 6SU",Annan,DG12,"Dumfries and Galloway,Scotland",United Kingdom,third-country,ABP-SH,,,,CAT3 - Category 3,,
8250,W J PEARCE AND SONS,1 High Street Chew Magna Bristol BS40 8PR England,Chew Magna,BS40,"Bath and North East Somerset,South West England,England",United Kingdom,third-country,ABP-SH,,,,CAT3 - Category 3,,
4331,W Nixon & Sons Ltd,Outwood Farm Bolshaw Road,Manchester,SK8,"Greater Manchester,North West England,England",United Kingdom,third-country,ABP-SH,,,,CAT3 - Category 3,,
4330,WH & TR NEWTON T/A NEWTON BROTHERS,The Manor House Crewe Road Haslington,Crewe,CW1,"Cheshire East,North West England,England",United Kingdom,third-country,ABP-SH,,,,CAT3 - Category 3,,
4381,WILLIAM TAYLOR & SON (PIG SALESMEN) LIMITED,336 Station Road Bamber Bridge,Preston,PR5,"Lancashire,North West England,England",United Kingdom,third-country,ABP-SH,,,,CAT3 - Category 3,,
7072,WJ George (Butchers) Ltd,Cross House High Street Talgarth,Brecon,LD3,"Powys,Wales",United Kingdom,third-country,ABP-SH,,,,CAT3 - Category 3,,
4471,WOODHEAD BROS,The Abattoir Junction Street Whitewalls Industrial Estate,Colne,BB8,"Lancashire,North West England,England",United Kingdom,third-country,ABP-SH,,,,CAT3 - Category 3,,
2139,Western Meats Limited,The Abattoir Snowdrop Villa Ayside LA11 6JE,Grange-over-Sands,LA11,"Cumbria,North West England,England",United Kingdom,third-country,ABP-SH,,,,CAT3 - Category 3,30/08/2026,08/09/2026
7046,William Arthur James (T/A WA James Butchers),Raglan Abattoir Crown Square,Raglan,NP15,"Monmouthshire,Wales",United Kingdom,third-country,ABP-SH,,,,CAT3 - Category 3,,
7069,Williams Lloyd Williams and Son Limited,The Slaughterhouse Gas Works Lane,Machynlleth,SY20,"Powys,Wales",United Kingdom,third-country,ABP-SH,,,,CAT3 - Category 3,,
1517,Wishaw Abattoir Limited,185 Caledonian Road Wishaw,Wishaw,ML2,"North Lanarkshire,Scotland",United Kingdom,third-country,ABP-SH,,,,CAT3 - Category 3,,
2241,Woolley Bros (Wholesale Meats) Ltd,Rother Valley Way Holbrook,Sheffield,S20,"Yorkshire and the Humber,England",United Kingdom,third-country,ABP-SH,,,,CAT3 - Category 3,,
4707,Wootton Organic Wholesale Ltd.,Wootton Estate Ramshorn Road Farley Oakamoor ST10 3BZ,Oakamoor,ST10,"Staffordshire,West Midlands,England",United Kingdom,third-country,ABP-SH,,,,CAT3 - Category 3,,
VK 001,2 Sisters - Cavaghan and Gray,Brunel House Brunel Way CA1 3NQ,Carlisle,CA1,"Cumbria,North West England,England",United Kingdom,third-country,FFP,PP,,,PP - Processing Plant,,
NT 126,55 Fisheries Limited,Unit 3a Union Road Trading Estate Tanners Bank North Shields NE30 1HR,North Shields,NE30,"North East England,England",United Kingdom,third-country,FFP,PP,,,PP - Processing Plant,,
NT 127,55 Fisheries Limited,Tanners Bank North Shields NE30 1JH,North Shields,NE30,"North East England,England",United Kingdom,third-country,FFP,PP,,,PP - Processing Plant,26/11/2024,
SW 051,805 Restaurants Ltd,Unit 6 Rich Industrial Estate 25-39 Devon Street London SE15 1JR,London,SE15,"London,Greater London,England",United Kingdom,third-country,FFP,PP,,,PP - Processing Plant,,
AG 061,9 Cuisines,Unit 6 Victoria Industrial Estate Victoria Road Acton W3 6UU England,London,W3,"London,Greater London,England",United Kingdom,third-country,FFP,PP,,,PP - Processing Plant,,
AE 004,A & D Baxter,16/17 Eden Street Silloth Wigton CA5 4AD,Cumbria,CA5,"Cumbria,North West England,England",United Kingdom,third-country,FFP,PP,,,PP - Processing Plant,,
NN 058,A & M Frary,Unit 9 East End Wells-Next-The-Sea NR23 1LB England,Wells-next-the-Sea,NR23,"Norfolk,East of England,England",United Kingdom,third-country,FFP,PP,,,PP - Processing Plant,,
BJ 021,A & O Seafoods,"1-7 Canning Street, Burnley BB12 0AE",Burnley,BB12,"Lancashire,North West England,England",United Kingdom,third-country,FFP,PP,,,PP - Processing Plant,,
TP 056,A B Seafoods (Devon) Ltd,Finance House Dainton Complex Alders Way Paignton TQ4 7QA,Paignton,TQ4,"Torbay,South West England,England",United Kingdom,third-country,FFP,PP,,,PP - Processing Plant,,
HU 007,A E Purdy Ltd,Subway Street Kingston upon Hull HU3 4EL,Kingston upon Hull,HU3,"East Riding of Yorkshire,Yorkshire and the Humber,England",United Kingdom,third-country,FFP,PP,,,PP - Processing Plant,,
BL 006,A J Shellfish,12 Sir Williams Lane Aylsham Norwich NR11 6AW,Aylsham,NR11,"Norfolk,East of England,England",United Kingdom,third-country,FFP,PP,,,PP - Processing Plant,,
BB023,A Thompson Jnr,"Unit 8, South Harbour Road, Fraserburgh, Aberdeenshire, AB43 9TA",Fraserburgh,AB43,"Aberdeenshire,Scotland",United Kingdom,third-country,FFP,PP,,,PP - Processing Plant,,
KU 016,A Touch of Caviar Ltd,"Unit A, Barwell Business Park Leatherhead Road Chessington Kingston KT9 2NY",Royal Borough of Kingston upon Thames,KT9,"London,Greater London,England",United Kingdom,third-country,FFP,PP,,,PP - Processing Plant,16/11/2021,
OG 021,A-Head of the Game Nutrition,Heol Ffaldau Brackla Industrial Estate Bridgend CF31 2AJ,Bridgend,CF31,"Bridgend,Wales",United Kingdom,third-country,FFP,PP,,,PP - Processing Plant,06/08/2024,
TH 017.013,A. H. Cox (Billingsgate) Ltd,Billingsgate Market Trafalgar Way Poplar London E14 5ST,London,E14,"London,Greater London,England",United Kingdom,third-country,FFP,PP,,,PP - Processing Plant,,
PF 058,A.Welsh Seafoods Ltd,Unit 2 Harbour Trading Estate Fleetwood FY7 7PA,Fleetwood,FY7,"Lancashire,North West England,England",United Kingdom,third-country,FFP,PP,,,PP - Processing Plant,,
WD 069,AA Kenny and Son Shellfish,Dairy Store Dee Walk Kirkcudbright DG6 4DR,Kirkcudbright,DG6,"Dumfries and Galloway,Scotland",United Kingdom,third-country,FFP,PP,,,PP - Processing Plant,,
TH 017.024,AA Lyons,Billingsgate Market Trafalgar Way Poplar London E14 5ST,London,E14,"London,Greater London,England",United Kingdom,third-country,FFP,PP,,,PP - Processing Plant,,
FR 080,AASO Foods Limited,"Unit 21, Willow Court, Crystal Drive, Smethwick, B66 1RD",Sandwell,B66,"West Midlands Combined Authority,West Midlands,England",United Kingdom,third-country,FFP,PP,,,PP - Processing Plant,18/03/2026,
YK 003,AB Shellfish Ltd,Station House Whitegate Close Staithes Saltburn-by-the-Sea TS13 5BB,Scarborough,TS13,"North Yorkshire,Yorkshire and the Humber,England",United Kingdom,third-country,FFP,PP,,,PP - Processing Plant,,
VY 067,AF Foods LTD T/A Mylahore Catering,Unit 21B Whetley Mills Thornton Road BD8 8LQ,Bradford,BD8,"Yorkshire and the Humber,England",United Kingdom,third-country,FFP,PP,,,PP - Processing Plant,,
AA 087,AGD Duff & Partners Ltd,Broadfold Road Bridge of Don Aberdeen AB23 8EE,Aberdeen,AB23,Scotland,United Kingdom,third-country,FFP,CS PP,,,CS - Cold Stores | PP - Processing Plant,02/05/2023,
BB116,AM Shellfish Ltd,Craigmyle Park Kintore Aberdeenshire AB51 0QU,Kintore,AB51,"Aberdeenshire,Scotland",United Kingdom,third-country,FFP,PP,,,PP - Processing Plant,21/06/2022,
VY 034,Aagrah Shipley Ltd,4 Saltaire Road BD18 3HN,Shipley,BD18,"Yorkshire and the Humber,England",United Kingdom,third-country,FFP,PP,,,PP - Processing Plant,,
ON 046,Absolute Taste,The Shed Charbridge Lane Bicester OX26 4SS,Bicester,OX26,"Oxfordshire,South East,England",United Kingdom,third-country,FFP,PP,,,PP - Processing Plant,,
BB 177,Accord BCK262,Findlater Fishing LLP Bridge Street Peterhead,1DG,AB42,"Aberdeenshire,Scotland; 9577252	28/01/2026",United Kingdom,third-country,FFP,FV ZV,,,FV - Factory Vessel | ZV - Freezer Vessel,,
QQ 056,Addgate Ltd – M.F.V. Gonpez I,C/O Neptune Fisheries Ltd 18 Glebelands Buckfastleigh Devon TQ11 0BJ,Buckfastleigh,TQ11,"Devon,South West England,England",United Kingdom,third-country,FFP,FV,,,FV - Factory Vessel,07/04/2022,
GN 034,Ades Limited,Unit 4 53 Kellner Road London SE28 0AX England,London,SE28,"London,Greater London,England",United Kingdom,third-country,FFP,PP,,,PP - Processing Plant,,
BX 018,African Delight Foods,74 Portmeadow Walk Abbeywood London SE2 9UN England,London Borough of Bexley,SE2,"London,Greater London,England",United Kingdom,third-country,FFP,PP,,,PP - Processing Plant,,
NW 034,Agas Foods Limited,Unit 3A 100 Roseberry Avenue E12 6PS,London,E12,"London,Greater London,England",United Kingdom,third-country,FFP,PP,,,PP - Processing Plant,,
BM 007,Air Culinaire Worldwide UK Limited,The Landing Hotel London Biggin Hill Airport Biggin Hill Bromley TN16 3BN,Biggin Hill,TN16,"London,Greater London,England",United Kingdom,third-country,FFP,PP,,,PP - Processing Plant,28/10/2025,
LT 027,Air Culinaire Worldwide UK Ltd,Unit 47 Bilton Way Luton LU1 1UU,Luton,LU1,"Luton,East of England,England",United Kingdom,third-country,FFP,PP,,,PP - Processing Plant,01/12/2022,
AD103FE,Alba Seafoods,"Smokehouse, Kilmore, Oban, Argyll PA34 4XT",Kilmore,PA34,"Argyll and Bute,Scotland",United Kingdom,third-country,FFP,PP,,,PP - Processing Plant,,
AB 015,Alex Spink & Sons Ltd,"24 Seagate, Arbroath DD11 1BJ",Arbroath,DD11,"Angus,Scotland",United Kingdom,third-country,FFP,PP,,,PP - Processing Plant,06/12/2023,
KD 059,Alexander's Authentic Artisan Scottish Smoked Salmon (AAASSS),28 Henrietta Street Girvan South Ayrshire KA26 9AL,Girvan,KA26,Scotland,United Kingdom,third-country,FFP,PP,,,PP - Processing Plant,,
GG 132,Alfred Enderby,Maclure Street Grimsby DN31 3NE,Grimsby,DN31,"North East Lincolnshire,Yorkshire and the Humber,England",United Kingdom,third-country,FFP,PP,,,PP - Processing Plant,,
TH 055,All Seasons Foods & Seasons Food,88 Mile End Road Unit F1 E London E1 4UN England,London,E1,"London,Greater London,England",United Kingdom,third-country,FFP,PP,,,PP - Processing Plant,,
LY 205,Althams Fine Foods Ltd,Unit 3-4 Maple Works Northgate White Lund Morecambe LA3 3AZ,Lancashire,LA3,"Lancashire,North West England,England",United Kingdom,third-country,FFP,PP,,,PP - Processing Plant,,
BI 267,Amaan Frozen Foods,34 Bickford Road Birmingham B6 7EE,Birmingham,B6,"West Midlands Combined Authority,West Midlands,England",United Kingdom,third-country,FFP,PP,,,PP - Processing Plant,11/01/2023,
LT 037,Amee Jee,Unit 10 Oxen Road Industrial Estate Luton LU2 0DX,Luton,LU2,"Luton,East of England,England",United Kingdom,third-country,FFP,PP,,,PP - Processing Plant,15/03/2023,
BB 169,Amity Fish Co. Ltd,5A Seagate Peterhead Aberdeenshire AB42 1JP,Peterhead,AB42,"Aberdeenshire,Scotland",United Kingdom,third-country,FFP,PP,,,PP - Processing Plant,13/07/2023,
MW 925,Amon Seafoods,Unit H2 Plot 4 Station Road Industrial Estate Elmswell Bury St Edmunds IP30 9HR,Elmswell,IP30,"Suffolk,East of England,England",United Kingdom,third-country,FFP,PP,,,PP - Processing Plant,17/12/2024,
GA 091,Andrew McDicken Ltd,"Fish Market South Unit D16,130 Blochairn Road, Glasgow G21 2DU",Glasgow City,G21,Scotland,United Kingdom,third-country,FFP,PP,,,PP - Processing Plant,,
GG 483,Andrew Moorcroft Seafoods Ltd,Stirling Street Grimsby DNE31 3AE England,Grimsby,DN31,"North East Lincolnshire,Yorkshire and the Humber,England",United Kingdom,third-country,FFP,PP,,,PP - Processing Plant,,
GG 546,Andy's Seafoods (Grimsby) Ltd,Units 9b/ 10b Great Grimsby Seafood Village Wickham Road Grimsby DN31 3SX England,Grimsby,DN31,"North East Lincolnshire,Yorkshire and the Humber,England",United Kingdom,third-country,FFP,PP FV,,,PP - Processing Plant | FV - Factory Vessel,,
GA 065,Angelbond Limited,"Unit 4, 11 Keppochhill Place, Glasgow G21 1HS",Glasgow City,G21,Scotland,United Kingdom,third-country,FFP,CS PP,,,CS - Cold Stores | PP - Processing Plant,07/10/2025,
GN 040,Angels Bakery,111 Nathan Way Thamesmead London SE28 0AQ,London,SE28,"London,Greater London,England",United Kingdom,third-country,FFP,PP,,,PP - Processing Plant,19/09/2023,
YM 038,Anglesey Aquaculture Ltd,Black Point Beaumari Beaumaris,Beaumaris,LL58,"Isle of Anglesey,Wales",United Kingdom,third-country,FFP,CS,,,CS - Cold Stores,,
QQ 066,Ansgar - E - 104,Brodies House 31-33 Union Grove Aberdeen AB10 6SD,Aberdeen,AB10,Scotland; 9241994	03/11/2022,United Kingdom,third-country,FFP,FV,,,FV - Factory Vessel,,
WQ 101,Apetito Group Ready Meals,Ready Meal Division Apetito Canal Road Trowbridge BA14 8RJ,Trowbridge,BA14,"Wiltshire,South West England,England",United Kingdom,third-country,FFP,PP,,,PP - Processing Plant,,
AG 203,Apres At Home Ltd,Unit 203 7C Coronation Road Park Royal London,London Borough of Brent,NW10,"London,Greater London,England",United Kingdom,third-country,FFP,PP,,,PP - Processing Plant,11/01/2022,
BT 020,Après At Home Ltd,Unit 101-103 Dephna House 24-26 Arcadia Avenue Finchley N3 2JU,London Borough of Barnet,N3,"London,Greater London,England",United Kingdom,third-country,FFP,PP,,,PP - Processing Plant,20/01/2025,
TH 017.069,Aqua Seafood Limited,"Office 80, Billingsgate Market, Trafalgar Way, London, E14 5ST",London,E14,"London,Greater London,England",United Kingdom,third-country,FFP,PP,,,PP - Processing Plant,29/10/2025,
TH 017.69,Aqua Seafood Limited,Office 80 Billingsgate Market Trafalgar Way London E14 5ST,London Borough of Tower Hamlets,E14,"London,Greater London,England",United Kingdom,third-country,FFP,PP,,,PP - Processing Plant,,
SF 120,Aquascot Ltd,"Riverside, 1 Averon Way, Alness IV17 0PJ",Alness,IV17,"Highland,Scotland",United Kingdom,third-country,FFP,PP,,,PP - Processing Plant,,
RB 006 FE,Aquascot Ltd,"Fyrish Way, Alness, Ross-shire IV17 0PS",Highland,IV17,"Highland,Scotland",United Kingdom,third-country,FFP,PP,,,PP - Processing Plant,,
FD 020,Arbournes Country Kitchen Ltd,Unit 5 Ladygrove Business Park Gloucester Road,Mitcheldean,GL17,"Gloucestershire,South West England,England",United Kingdom,third-country,FFP,PP,,,PP - Processing Plant,,
GG 106,Arctic Breeze,North Quay Grimsby DN31 3SY,Grimsby,DN31,"North East Lincolnshire,Yorkshire and the Humber,England",United Kingdom,third-country,FFP,PP,,,PP - Processing Plant,,
KC 315,Argo Fish,"Unit 1A, Netherton Industrial Estate, St Monans. Fife KY10 2DW",St Monans,KY10,"Fife,Scotland",United Kingdom,third-country,FFP,PP,,,PP - Processing Plant,,
GN 021,Ash Poultry Wholesalers Ltd,"Unit 65.2, 65.3 & 65.7 Sienna Park White Hart Avenue Thamesmead SE28 0GW England",London,SE28,"London,Greater London,England",United Kingdom,third-country,FFP,PP,,,PP - Processing Plant,,
BB064,Ashgrove Fish,"11 Albert Street, Peterhead, Aberdeenshire AB42 1 ZW",Peterhead,AB42,"Aberdeenshire,Scotland",United Kingdom,third-country,FFP,PP,,,PP - Processing Plant,,
BI 227,Asia Combo Food Limited,66-72 Lower Essex Street Birmingham B5 6SN,Birmingham,B5,"West Midlands Combined Authority,West Midlands,England",United Kingdom,third-country,FFP,PP,,,PP - Processing Plant,,
TH 017.039,Asian Fresh,Billingsgate Market Trafalgar Way Poplar London E14 5ST,London,E14,"London,Greater London,England",United Kingdom,third-country,FFP,PP,,,PP - Processing Plant,,
TH 017.042,Asian Pearl,Billingsgate Market Trafalgar Way Poplar London E14 5ST,London,E14,"London,Greater London,England",United Kingdom,third-country,FFP,PP,,,PP - Processing Plant,,
GN 016,Asiko House of Foods,29 Penhall Road London SE7 8RX England,London,SE7,"London,Greater London,England",United Kingdom,third-country,FFP,PP,,,PP - Processing Plant,,
HM 001,Atkinsons Smokery,Unit 2 Wintershill Farm Wintershill Durley S032 2AN,Durley,SO32,"Hampshire,South East,England",United Kingdom,third-country,FFP,PP,,,PP - Processing Plant,,
NW 037,Atlantic Distributions Ltd,51-53 Upton Lane London E7 9PA,London,E7,"London,Greater London,England",United Kingdom,third-country,FFP,PP,,,PP - Processing Plant,,
GG 572,Atlantic Ocean Seafood's Ltd,Unit 2 Prince Albert Gardens Grimsby N.E. Linclnshire DN31 3AG England,North East Lincolnshire,DN31,"North East Lincolnshire,Yorkshire and the Humber,England",United Kingdom,third-country,FFP,PP,,,PP - Processing Plant,,
EB 025,Atlantic Seafish,"Unit 4, 108 Market Street, Musselburgh, East Lothian. EH21 6QA",East Lothian,EH21,"East Lothian,Scotland",United Kingdom,third-country,FFP,PP,,,PP - Processing Plant,,
AB 037,Aurora Fishing,"11 East Grimsby, Arbroath, DD11 1AY",Arbroath,DD11,"Angus,Scotland",United Kingdom,third-country,FFP,PP,,,PP - Processing Plant,06/08/2025,
GG 498,B & L Wholesale Ltd,8 Riby Street Grimsby DN31 3HF England,Grimsby,DN31,"North East Lincolnshire,Yorkshire and the Humber,England",United Kingdom,third-country,FFP,PP,,,PP - Processing Plant,,
LO 007,B F P (Eastern) Limited,23 Herring Market,Lowestoft,NR32,"Suffolk,East of England,England",United Kingdom,third-country,FFP,CS,,,CS - Cold Stores,,
WA 056,BASF Pharma (Callanish) Ltd,Breasclete Isle of Lewis HS2 9PS,Balallan,HS2,"Western Isles,Scotland",United Kingdom,third-country,FFP,PP,,,PP - Processing Plant,04/07/2024,
MT 039,BBB Foods,5 & 6 Osier Way Mitcham CR4 4NF,London Borough of Merton,CR4,"London,Greater London,England",United Kingdom,third-country,FFP,PP,,,PP - Processing Plant,,
WG 032,BLS Foods Ltd (t/a BLS Foods),"Units 3, 7 & 8 Hemfield Court Ince Wigan WN2 2ER",Wigan,WN2,"Greater Manchester,North West England,England",United Kingdom,third-country,FFP,PP,,,PP - Processing Plant,,
GG 585,BUY LOBSTER CRAB.COM LIMITED,Yard 2 North Wall Fish Docks Grimsby DN31 3SY,Grimsby,DN31,"North East Lincolnshire,Yorkshire and the Humber,England",United Kingdom,third-country,FFP,PP,,,PP - Processing Plant,,
CI 016,Babynov Chichester Ltd,Terminus Road Chichester PO19 8TX,Chichester,PO19,"West Sussex,South East,England",United Kingdom,third-country,FFP,PP,,,PP - Processing Plant,,
AD 042,Bakkafrost Scotland Limited,"Ardkinglas, Cairndow, Argyll PA26 8BH",Cairndow,PA26,"Argyll and Bute,Scotland",United Kingdom,third-country,FFP,PP,,,PP - Processing Plant,,
AD 639,Bakkafrost Scotland Limited,"Ardyne Harvest Station,Strone Fish Farm, Loch Striven, Toward, Argyll. PA23 7UJ",Argyll and Bute,PA23,"Argyll and Bute,Scotland",United Kingdom,third-country,FFP,PP,,,PP - Processing Plant,,
LI 006,Bakkavor Group,Soups and Sauces West Marsh Road PE11 2BB,Spalding,PE11,"Lincolnshire,East Midlands,England",United Kingdom,third-country,FFP,PP,,,PP - Processing Plant,,
LI 030,"Bakkavor Group, Freshcook",Sluice Road Holbeach St Marks Spalding PE12 8BH,Spalding,PE11,"Lincolnshire,East Midlands,England",United Kingdom,third-country,FFP,PP,,,PP - Processing Plant,,
FB 001,Bakkavor Meals Abbeydale,269-271 Abbeydale Road Wembley,London Borough of Brent,HA0,"London,Greater London,England",United Kingdom,third-country,FFP,PP,,,PP - Processing Plant,,
FB 045,Bakkavor Meals Cumberland,40 Cumberland Avenue Park Royal NW10 7RQ,London,NW10,"London,Greater London,England",United Kingdom,third-country,FFP,PP,,,PP - Processing Plant,,
AG 024,Bakkavor Meals London,303-306 Elveden Place Park Royal London NW10 7SY England,London,NW10,"London,Greater London,England",United Kingdom,third-country,FFP,PP,,,PP - Processing Plant,,
FA 017,Bakkavor Salads Bo'ness,"Victoria Sawmills, Bridgeness Road Bo'ness Falkirk EH51 9SG",Bo'ness,EH51,"Falkirk,Scotland",United Kingdom,third-country,FFP,PP,,,PP - Processing Plant,,
DG 028,Bangladesh Corporation UK Ltd,Unit 1 Portland Industrial Estate Ripple Road Barking IG11 0TW,Barking,IG11,"London,Greater London,England",United Kingdom,third-country,FFP,PP,,,PP - Processing Plant,,
RB 008 FE,Bannerman Seafoods,"The Burgage, Tain Ross-shire IV19 1BW",Tain,IV19,"Highland,Scotland",United Kingdom,third-country,FFP,PP,,,PP - Processing Plant,,
TH 017.010,Bard Shellfish,Billingsgate Market Trafalgar Way Poplar London E14 5ST,London,E14,"London,Greater London,England",United Kingdom,third-country,FFP,PP,,,PP - Processing Plant,,
SW 064,Barfoot (London),Rotherhithe Business Estate 214 Rotherhithe Road Bermondsey London SE16 3EH,London Borough of Southwark,SE16,"London,Greater London,England",United Kingdom,third-country,FFP,PP,,,PP - Processing Plant,,
TH 017.065,Barneys (Billingsgate) Limited,Unit Q6-Q7 & Shop 1 Billingsgate Market Trafalgar Way Poplar London E14 5ST,London,E14,"London,Greater London,England",United Kingdom,third-country,FFP,PP,,,PP - Processing Plant,,
WD 048,Barony Country Foods Ltd,Unit 4 Laverockhall Farm Road Lochmaben Lockerbie DG11 1RE,Lockerbie,DG11,"Dumfries and Galloway,Scotland",United Kingdom,third-country,FFP,PP,,,PP - Processing Plant,,
WA 013,Barratlantic Ltd,"Ardveenish, Northbay, Isle of Barra HS9 5YA",Northbay,HS9,"Western Isles,Scotland",United Kingdom,third-country,FFP,PP,,,PP - Processing Plant,,
EB 001,Barry Buglass and Son,"Victoria Street, Dunbar, East Lothian EH42 1HW",East Lothian,EH42,"East Lothian,Scotland",United Kingdom,third-country,FFP,PP,,,PP - Processing Plant,,
QQ 026,Basonas Limited,15 Duncan Terrace London N1 8BZ,London,N1,"London,Greater London,England",United Kingdom,third-country,FFP,PP,,,PP - Processing Plant,,
MC 001,Baxters Food Group Ltd,Fochabers Moray IV32 7LD,Fochabers,IV32,"Moray,Scotland",United Kingdom,third-country,FFP,PP,,,PP - Processing Plant,,
MT 052,Bayley & Sage,Bayley & Sage Production Kitchen Unit 2 Gresham Way Wimbledon,Wimbledon,SW19,"London,Greater London,England",United Kingdom,third-country,FFP,PP,,,PP - Processing Plant,,
EY 080,Bee Health Ltd,Site 1 and Site 2 Lancaster Road Carnaby Bridlington,Bridlington,YO15,"East Riding of Yorkshire,Yorkshire and the Humber,England",United Kingdom,third-country,FFP,PP,,,PP - Processing Plant,05/03/2026,
EB 002,Belhaven Smokehouse,"Beltonford, Dunbar, East Lothian EH42 1ST",East Lothian,EH42,"East Lothian,Scotland",United Kingdom,third-country,FFP,PP,,,PP - Processing Plant,19/04/2023,
SF 141,Bell's Seafood Ltd,Unit 3 Seafood Park Scrabster Harbour Thurso KW14 7UJ,Thurso,KW14,Scotland,United Kingdom,third-country,FFP,PP,,,PP - Processing Plant,14/04/2026,
NT 130,Belle & Herbs Fermentary,"33 Bellingham Drive, Benton, Newcastle upon Tyne, NE12 9SZ",Newcastle upon Tyne,NE12,"North East England,England",United Kingdom,third-country,FFP,PP,,,PP - Processing Plant,04/11/2025,
VK 007,Bells Fishmongers Ltd,16 Westmoor Road CA3 0HD,Carlisle,CA3,"Cumbria,North West England,England",United Kingdom,third-country,FFP,PP,,,PP - Processing Plant,,
CL 012,Ben's Fish,Rewsall's Old Barn Rewsall's Lane East Mersea Colchester CO5 8SX,Colchester,CO5,"Essex,East of England,England",United Kingdom,third-country,FFP,PP,,,PP - Processing Plant,,
KL 008,Benson's Potted Shrimps,42 Main Street Flookburgh LA11 7LA,Flookburgh,LA11,"Cumbria,North West England,England",United Kingdom,third-country,FFP,PP,,,PP - Processing Plant,,
GA 083,Bernard Corrigan Ltd,"184-200 Howard Street, Glasgow G1 4HW",Glasgow City,G1,Scotland,United Kingdom,third-country,FFP,PP,,,PP - Processing Plant,,
BB507,Bert Fowlie Family Butcher,"28 High Street, Strichen, Aberdeenshire AB43 6SR",Strichen,AB43,"Aberdeenshire,Scotland",United Kingdom,third-country,FFP,PP,,,PP - Processing Plant,,
BM 011,Bespoke by Smith & Brock,"Unit 1 Kangley Business Centre, Kangley Bridge Road, Lower Sydenham, London, SE26 5AQ",London,SE26,"London,Greater London,England",United Kingdom,third-country,FFP,PP,,,PP - Processing Plant,25/11/2025,
HG 004,Bestway Cash & Carry Limited,1 Spilsby Road Romford RM3 8SB England,London Borough of Havering,RM3,"London,Greater London,England",United Kingdom,third-country,FFP,PP,,,PP - Processing Plant,,
TH 052,Bethnal Green Fish Supplies,Arch 95 Tent Street London E1 5DZ England,London,E1,"London,Greater London,England",United Kingdom,third-country,FFP,PP,,,PP - Processing Plant,,
GC 006,Bham Bros,11 Pembroke Street Gloucester GL1 4EG,Gloucester,GL1,"Gloucestershire,South West England,England",United Kingdom,third-country,FFP,PP,,,PP - Processing Plant,,
GL 048,Bibury Trout Farm,Arlington Bibury Cirencester GL7 5NL,Gloucestershire,GL7,"Gloucestershire,South West England,England",United Kingdom,third-country,FFP,PP,,,PP - Processing Plant,12/06/2024,
MZ 070,Bighams Ltd,Dulcote Quarry Dulcote Hill Lane Dulcote BA5 3PY,Wells,BA5,"Somerset,South West England,England",United Kingdom,third-country,FFP,PP,,,PP - Processing Plant,,
FB 054,Bighams Ltd,2 McNichol Drive Park Royal NW10 7AW,London,NW10,"London,Greater London,England",United Kingdom,third-country,FFP,PP,,,PP - Processing Plant,,
TH 017.047,Billingsgate Cold Stores Ltd,Billingsgate Market Trafalgar Way Poplar London E14 5ST,London,E14,"London,Greater London,England",United Kingdom,third-country,FFP,PP,,,PP - Processing Plant,,
TH 017.062,Billingsgate Fresh Fish,Stand D12 Billingsgate Market Trafalgar Way London E14 5ST,London Borough of Tower Hamlets,E14,"London,Greater London,England",United Kingdom,third-country,FFP,PP,,,PP - Processing Plant,24/04/2025,
TH 017,Billingsgate Market,Trafalgar Way Poplar London E14 5ST,London Borough of Tower Hamlets,E14,"London,Greater London,England",United Kingdom,third-country,FFP,PP,,,PP - Processing Plant,,
TH 017.064,Billingsgate Smoked Fish,Stand D3 and chiller unit 15 Billingsgate Market Trafalgar Way Poplar London E14 5ST,London,E14,"London,Greater London,England",United Kingdom,third-country,FFP,PP,,,PP - Processing Plant,,
SR 003,Billington Foods Ltd,Units 3-4 Arkwright Way Queensway Industrial Estate DN16 1AL,Scunthorpe,DN16,"North Lincolnshire,Yorkshire and the Humber,England",United Kingdom,third-country,FFP,PP,,,PP - Processing Plant,,
LO 037,Birds Eye,Whapload Road NR32 1XQ,Lowestoft,NR32,"Suffolk,East of England,England",United Kingdom,third-country,FFP,PP,,,PP - Processing Plant,,
LO 078,Black Dog Deli Foods,Unit 13 Ground Floor Halesworth Business Centre Norwich Road,Halesworth,IP19,"Suffolk,East of England,England",United Kingdom,third-country,FFP,PP,,,PP - Processing Plant,,
MO 607,Black Mountain Smokery,Unit 1 & 3 Leslie House Elvicta Estate NP8 1DF,Crickhowell,NP8,"Powys,Wales",United Kingdom,third-country,FFP,PP,,,PP - Processing Plant,,
ND 061,Blakewell Fisheries,Blakewell Trout Farm Muddiford Barnstable EX31 4ET,Muddiford,EX31,"Devon,South West England,England",United Kingdom,third-country,FFP,PP,,,PP - Processing Plant,29/10/2025,
NN 144,Blue Boy Seafood,1 Hall Close Bodham NR25 6PW,Bodham,NR25,"Norfolk,East of England,England",United Kingdom,third-country,FFP,PP,,,PP - Processing Plant,29/10/2025,
RH 012,Blue Earth Foods Ltd,9B Oxleasow Road Redditch B98 0RE England,Redditch,B98,"Worcestershire,West Midlands,England",United Kingdom,third-country,FFP,PP,,,PP - Processing Plant,,
KD 045,Blue Fin,"Unit 3, 24 Barassie Street, Troon, Ayrshire KA10 6LX",Troon,KA10,"South Ayrshire,Scotland",United Kingdom,third-country,FFP,PP,,,PP - Processing Plant,,
WN 057,Blue Mountain Foods Ltd,Shaw House 9 Shaw Park Business Village Shaw Road Wolverhampton WV10 9LE,Wolverhampton,WV10,"West Midlands Combined Authority,West Midlands,England",United Kingdom,third-country,FFP,PP,,,PP - Processing Plant,,
TT 030,Blue Oceans,Saxon Way Wincanton Business Park Wincanton BA9 9RT,Wincanton,BA9,"Somerset,South West England,England",United Kingdom,third-country,FFP,PP,,,PP - Processing Plant,,
CQ 707,Bluesail Fish Ltd,Unit 2 Buller Quay Looe Harbour East Looe PL13 1DX,East Looe,PL13,"Cornwall,South West England,England",United Kingdom,third-country,FFP,PP,,,PP - Processing Plant,,
US 139,Bolengutti Foods (UK) Ltd,Unit 7 Wem Business Park New Street Wem SY4 5JX,Wem,SY4,"Shropshire,West Midlands,England",United Kingdom,third-country,FFP,PP,,,PP - Processing Plant,11/06/2026,
AG 016,Bombay Halwa Ltd,"Unit G, Bridge Road Industrial Estate Bridge Road Southall UB2 4BD England",Southall,UB2,"London,Greater London,England",United Kingdom,third-country,FFP,PP,,,PP - Processing Plant,,
CL 120,Bon Culina,Unit 1 Newcome Way Severalls Industrial Park Colchester CO4 9WN,Colchester,CO4,"Essex,East of England,England",United Kingdom,third-country,FFP,PP,,,PP - Processing Plant,14/04/2026,
DJ 014,Bon Soirée,"The Courtyard, 116 High Street North Church Berkhamsted HP4 3QN",Berkhamsted,HP4,"Hertfordshire,East of England,England",United Kingdom,third-country,FFP,PP,,,PP - Processing Plant,,
AG 155,Borough Broth,Units 6 & 8 Fairway Drive Greenford UB6 8PW,London Borough of Ealing,UB6,"London,Greater London,England",United Kingdom,third-country,FFP,PP,,,PP - Processing Plant,23/04/2024,
HA 030,Braehead (SFO Enterprises) Ltd,"Hornal Road, Bothwell Park Industrial Estate, Uddingston G71 7EE",Uddingston,G71,"South Lanarkshire,Scotland",United Kingdom,third-country,FFP,CS PP,,,CS - Cold Stores | PP - Processing Plant,22/04/2025,
BB002,Braehead (SFO Enterprises) Ltd,Westshore Industrial Estate Fraserburgh Aberdeenshire AB43 9LG,Fraserburgh,AB43,"Aberdeenshire,Scotland",United Kingdom,third-country,FFP,PP,,,PP - Processing Plant,,
1738,Braehead Foods Ltd,Unit 7 Moorfield North Industrial Park Kilmarnock,Kilmarnock,KA2,Scotland,United Kingdom,third-country,FFP,PP,,,PP - Processing Plant,28/10/2025,
WG 045,Breck Casings Ltd,Stephens Way Goose Green Wigan WN3 6PH,Wigan,WN3,"Greater Manchester,North West England,England",United Kingdom,third-country,FFP,PP,,,PP - Processing Plant,,
RV 075,Breda Murphy Food Services Ltd,Unit 51 Mitton Road Business Park Mitton Road Whalley BB7 9YE,Whalley,BB7,"Lancashire,North West England,England",United Kingdom,third-country,FFP,PP,,,PP - Processing Plant,12/03/2024,
CQ 712,Brian Ball Fishing,Loft 32 Aquarium Lofts West Wharf Mevaglssey PL26 6UR,Mevagissey,PL26,"Cornwall,South West England,England",United Kingdom,third-country,FFP,PP,,,PP - Processing Plant,28/10/2025,
EY 083,Bridlington Bay Shellfish Ltd,Carnaby Industrial Estate Lancaster Road Bridlington YO15 3QY,Bridlington,YO15,"East Riding of Yorkshire,Yorkshire and the Humber,England",United Kingdom,third-country,FFP,PP,,,PP - Processing Plant,02/08/2022,
EY 052,Bridlington Shellfish Company,South Pier The Harbour,Bridlington,YO15,"East Riding of Yorkshire,Yorkshire and the Humber,England",United Kingdom,third-country,FFP,PP,,,PP - Processing Plant,16/08/2024,
BG 008,Brighton & Newhaven Fish Sales,South Quay Basin Road South Portslade BN41 1WF,Portslade by Sea,BN41,"Brighton and Hove,South East,England",United Kingdom,third-country,FFP,PP,,,PP - Processing Plant,10/09/2026,
PH 031,Brighton and Newhaven Fish Sales Limited,Shed 9 White Hart Road Camber Docks Portsmouth PO1 2JX,Portsmouth,PO1,"South East,England",United Kingdom,third-country,FFP,PP WM,,,PP - Processing Plant | WM - Wholesale Market,28/11/2023,
QQ 029,Brisan,VIEWLANDS BROOMEHALL ROAD COLDHARBOUR DORKING SURREY RH5 6HJ,Surrey,RH5,"Surrey,South East,England",United Kingdom,third-country,FFP,FV,,,FV - Factory Vessel,,
TO 005,Britannia Shellfish,The Viviers Beesands Kingsbridge TQ7 2EH,Kingsbridge,TQ7,"Devon,South West England,England",United Kingdom,third-country,FFP,PP,,,PP - Processing Plant,,
TH 017.055,British Exotics,Billingsgate Market Stands E2/E3 TrafalgarWay London E14 5ST,London,E14,"London,Greater London,England",United Kingdom,third-country,FFP,PP,,,PP - Processing Plant,18/10/2021,
TP 001,Brixham Fish Market,New Fish Quay Brixham Torbay TQ5 8AW,Brixham,TQ5,"Torbay,South West England,England",United Kingdom,third-country,FFP,PP,,,PP - Processing Plant,,
TP 009,Brixham Trawler Agents Ltd (Brixham Fish Quay),New Fish Quay Brixham Torbay TQ5 8AW,Brixham,TQ5,"Torbay,South West England,England",United Kingdom,third-country,FFP,PP,,,PP - Processing Plant,,
ME 017,Brockleby's,Melton Road Ashfordby Hill Melton Mowbray LE14 3QU,Melton,LE14,"Leicestershire,East Midlands,England",United Kingdom,third-country,FFP,PP,,,PP - Processing Plant,17/01/2025,
QQ 020,Brosme,L & J Management Office 3 Anchor Quay Penryn TR10 8GZ,Penryn,TR10,"Cornwall,South West England,England",United Kingdom,third-country,FFP,PP,,,PP - Processing Plant,,
SS 401,Brown and Forrest Ltd,The Smokery Bowden Farm Hambridge Langport TA10 0BP,Langport,TA10,"Somerset,South West England,England",United Kingdom,third-country,FFP,PP,,,PP - Processing Plant,,
AN 012,Browns Seafoods,Riverside Industrial Estate Bridge Road Wick Littlehampton BN17 5DF England,Littlehampton,BN17,"West Sussex,South East,England",United Kingdom,third-country,FFP,PP,,,PP - Processing Plant,,
FB 099,Browns Seafoods,Units A3 and B6 Eldon Way Park Royal NW10 7QY,London,NW10,"London,Greater London,England",United Kingdom,third-country,FFP,PP,,,PP - Processing Plant,,
SF 048 FED,Bruce Shellfish,"9 Balconie Street, Evanton, Ross-shire IV16 9UN",Highland,IV16,"Highland,Scotland",United Kingdom,third-country,FFP,PP,,,PP - Processing Plant,,
CQ 576,Buck Becketts Fresh Shellfish Supplier,2 Kestle Cottage Kestle Mill Newquay TR84PU,Kestle Mill,TR8,"Cornwall,South West England,England",United Kingdom,third-country,FFP,PP,,,PP - Processing Plant,,
EV 045,Budleigh Pate,Unit 10 Salterton Workshops Station Road Budleigh Salterton EX9 6RJ,East Devon,EX9,"Devon,South West England,England",United Kingdom,third-country,FFP,PP,,,PP - Processing Plant,,
YC 007,Burnholme Fisheries,1 Gerard Avenue York YO31 0QT,York,YO31,"York,Yorkshire and the Humber,England",United Kingdom,third-country,FFP,PP,,,PP - Processing Plant,23/11/2021,
HM 026,Butler Country Estates Ltd,Unit 3B Wintex House Easton Lane Business Park Easton Lane Winchester SO23 7RQ,Winchester,SO23,"Hampshire,South East,England",United Kingdom,third-country,FFP,PP,,,PP - Processing Plant,19/07/2023,
DP 058,Bwydmor Abersoch Seafood,LLain Sarnbach Abersoch Pwllheli LL53 7DA,Pwllheli,LL53,"Gwynedd,Wales",United Kingdom,third-country,FFP,PP,,,PP - Processing Plant,,
NN 041,Bywater Shellfish,Sea Scape Mill Lane Cromer NR27 9PH,Cromer,NR27,"Norfolk,East of England,England",United Kingdom,third-country,FFP,PP,,,PP - Processing Plant,,
TH 017.046,C & A Seafoods,Billingsgate Market Trafalgar Way Poplar London E14 5ST,London,E14,"London,Greater London,England",United Kingdom,third-country,FFP,PP,,,PP - Processing Plant,,
GG 446,C & M Fish Ltd,Unit 4 Maltings Way Grimsby NE Lincs,Grimsby,DN31,"North East Lincolnshire,Yorkshire and the Humber,England",United Kingdom,third-country,FFP,PP,,,PP - Processing Plant,,
NN 062,C A Seafoods,3 Station Road Weybourne NR25 7HQ,Weybourne,NR25,"Norfolk,East of England,England",United Kingdom,third-country,FFP,PP,,,PP - Processing Plant,,
GG 524,C Carty Ltd,4-5 Riby Street Grimsby DN31 3HF England,Grimsby,DN31,"North East Lincolnshire,Yorkshire and the Humber,England",United Kingdom,third-country,FFP,PP,,,PP - Processing Plant,,
HU 046,C M Roach & Co Ltd,74-76 English Street Kingston upon Hull HU3 2DT,Kingston upon Hull,HU3,"East Riding of Yorkshire,Yorkshire and the Humber,England",United Kingdom,third-country,FFP,PP,,,PP - Processing Plant,,
KI 055,C Southerland and Son,The Retreat Main Road Brancaster Staithe King's Lynn PE31 8BW,King's Lynn and West Norfolk,PE31,"Norfolk,East of England,England",United Kingdom,third-country,FFP,PP,,,PP - Processing Plant,,
AD 633,C and J Shellfish Limited,"Unit 3 Tarbert Industrial Estate, Tarbert Argyll. PA29 6TA",Argyll and Bute,PA29,"Argyll and Bute,Scotland",United Kingdom,third-country,FFP,PP,,,PP - Processing Plant,,
NX 026,C&A Food Group Ltd,Unit 13B Leeway Industrial Estate Newport NP19 4SL,Newport,NP19,Wales,United Kingdom,third-country,FFP,PP,,,PP - Processing Plant,04/10/2022,
TH 017.025,C.J. Newnes & Partners,Billingsgate Market Trafalgar Way Poplar London E14 5ST,London,E14,"London,Greater London,England",United Kingdom,third-country,FFP,PP,,,PP - Processing Plant,,
GG 543,C.T. Warner (Grimsby) Ltd,Hutton Road Fish Docks Grimsby DN31 3PT,Grimsby,DN31,"North East Lincolnshire,Yorkshire and the Humber,England",United Kingdom,third-country,FFP,PP,,,PP - Processing Plant,,
YM 028,CEMAES Bay Lobster + Crab,Bell View Teddy Gyrfa Cemaes Bay LL67 0LF,Cemaes,LL67,"Isle of Anglesey,Wales",United Kingdom,third-country,FFP,CS PP,,,CS - Cold Stores | PP - Processing Plant,08/04/2025,
RA 029,"CFPU, Royal Alexandra Hospital",Corsebar Road Paisley PA2 9PN,Paisley,PA2,Scotland,United Kingdom,third-country,FFP,PP,,,PP - Processing Plant,,
ZE 008 FE,CJ Shellfish,24a Castletown Portland DT5 1BD,Dorset,DT5,"Dorset,South West England,England",United Kingdom,third-country,FFP,PP,,,PP - Processing Plant,11/02/2022,
FB 038,CLS Airline Supplies Limited,2.16 Wembley Commercial Centre East Lane HA9 7UR,Wembley,HA9,"London,Greater London,England",United Kingdom,third-country,FFP,PP,,,PP - Processing Plant,,
1012,CSP (Food Services) Limited,52 Farringdon Street EC4A 4BD,City of London,EC4,"City of London,Greater London,England",United Kingdom,third-country,FFP,PP,,,PP - Processing Plant,,
TH 017.004,CT Holmes & Co Ltd,Billingsgate Market Trafalgar Way Poplar London E14 5ST,London,E14,"London,Greater London,England",United Kingdom,third-country,FFP,PP,,,PP - Processing Plant,,
GG 511,Caistor Seafoods Limited,Cross Street Grimsby DN31 3QD England,Grimsby,DN31,"North East Lincolnshire,Yorkshire and the Humber,England",United Kingdom,third-country,FFP,PP,,,PP - Processing Plant,,
GG 512,Caistor Seafoods Limited,Linguard Monk Street Grimsby DN31 3QA England,Grimsby,DN31,"North East Lincolnshire,Yorkshire and the Humber,England",United Kingdom,third-country,FFP,PP,,,PP - Processing Plant,,
SF 083 FE,Caithness Smokehouse,Inkstack Barrock Caithness KW14 8SY,Caithness,KW14,Scotland,United Kingdom,third-country,FFP,PP,,,PP - Processing Plant,,
FA017,Caledonian Produce,"Victoria Sawmills, Bridgeness Road, Bo'ness EH51 9SG",Falkirk,EH51,"Falkirk,Scotland",United Kingdom,third-country,FFP,PP,,,PP - Processing Plant,,
RY 005,Calita Nutraceuticals Limited,Unit 1B Great Central Industrial Estate Great Central Way Rugby CV21 3XH,Rugby,CV21,"Warwickshire,West Midlands,England",United Kingdom,third-country,FFP,PP,,,PP - Processing Plant,30/07/2024,
CQ 547,Camel Fish Ltd,Treglyn St Minver Wadebridge PL27 6RG,Wadebridge,PL27,"Cornwall,South West England,England",United Kingdom,third-country,FFP,PP,,,PP - Processing Plant,,
CQ 726,Camel Fish Ltd,Long Closed Farm Shop Tregew Road Flushing TR115UQ,Flushing,TR11,"Cornwall,South West England,England",United Kingdom,third-country,FFP,PP,,,PP - Processing Plant,,
MA 012,Campbell Brothers Ltd (Fish),Sherwood Industrial Estate Bonnyrigg EH19 3LW,Bonnyrigg,EH19,"Midlothian,Scotland",United Kingdom,third-country,FFP,PP,,,PP - Processing Plant,,
GB FA 1648,Campbells Prime Meat LTD,The Heatherfield Lathallan By Linlithgow EH49 6LQ,Linlithgow,EH49,"West Lothian,Scotland",United Kingdom,third-country,FFP,PP,,,PP - Processing Plant,07/10/2024,
AG 091,Canapes Direct Ltd,"Unit 2, Kendal Court Kendal Avenue Acton W3 0RU England",London,W3,"London,Greater London,England",United Kingdom,third-country,FFP,PP,,,PP - Processing Plant,,
IN 010,Capital Cuisine,Unit 3C Swanbridge Court Bedwas House Industrial Estate Caerphilly CF83 8DW Wales,Caerphilly,CF83,"Caerphilly,Wales",United Kingdom,third-country,FFP,PP,,,PP - Processing Plant,,
PI 109,Car-y-Mor,"Clegyr Uchaf, St Davids, Haverfordwest, SA62 6QN",Haverfordwest,SA62,"Pembrokeshire,Wales",United Kingdom,third-country,FFP,PP,,,PP - Processing Plant,29/10/2025,
VD 072,Cardigan Bay Fish,Unit 18 Parc Teifi Business Park Cardigan Sir Ceredigion - Ceredigion SA43 1EW,Cardigan,SA43,"Ceredigion,Wales",United Kingdom,third-country,FFP,PP,,,PP - Processing Plant,05/04/2022,
GU 011,Care Catering,"Unit C1, Moorfield Pont, Moorfield Road, GUILDFORD GU1 1RU",Surrey,GU1,"Surrey,South East,England",United Kingdom,third-country,FFP,PP,,,PP - Processing Plant,,
EF 016,Caribbean Taste,Unit 3a Quickbury Farm Sawbridgeworth Road Sheering Harlow CM21 9HY,Epping Forest,CM21,"Essex,East of England,England",United Kingdom,third-country,FFP,PP,,,PP - Processing Plant,,
4837,Cartmel Valley Game Suppliers Limited,"High Bankside ,Cark In Cartmel, Nr Grange-Over-Sands LA11 7NR",Grange-over-Sands,LA11,"Cumbria,North West England,England",United Kingdom,third-country,FFP,PP,,,PP - Processing Plant,,
WD014,Castle MacLellan Foods Limited,Riverside Dee Walk Kirkcudbright DG6 4DR,Kirkcudbright,DG6,"Dumfries and Galloway,Scotland",United Kingdom,third-country,FFP,PP,,,PP - Processing Plant,,
NF 033,Catch (Isle of Wight) Limited,Ower Barns Courtyard Ower Farm Calshot Road SO45 1BE,Calshot,SO45,"Hampshire,South East,England",United Kingdom,third-country,FFP,PP,,,PP - Processing Plant,,
BI 009,Caterfish,Units 72 & 74 Birmingham Wholesale Market 7 The Hub Nobel Way Birmingham B6 7EU,Birmingham,B6,"West Midlands Combined Authority,West Midlands,England",United Kingdom,third-country,FFP,PP,,,PP - Processing Plant,,
GG 493,Caught and Cured,Marsden Road Grimsby DN31 3SG England,Grimsby,DN31,"North East Lincolnshire,Yorkshire and the Humber,England",United Kingdom,third-country,FFP,PP,,,PP - Processing Plant,,
VK 011,Cavaghan & Gray Ltd,Riverbank Site Brunel Way CA1 3NQ,Carlisle,CA1,"Cumbria,North West England,England",United Kingdom,third-country,FFP,PP,,,PP - Processing Plant,,
US 128,Caviar & Cocktails Limited,Unit 2 Shropshire Food Enterprise Centre Vanguard Way Shrewsbury SY1 3TG,Shropshire,SY1,"Shropshire,West Midlands,England",United Kingdom,third-country,FFP,PP,,,PP - Processing Plant,19/07/2022,
GG 124,Cawoods,Estate Road 6 SHIE Grimsby DN31 2TG,Grimsby,DN31,"North East Lincolnshire,Yorkshire and the Humber,England",United Kingdom,third-country,FFP,PP,,,PP - Processing Plant,,
RX 039,Celtic Coast Fish Company,Unit C3 Coedcae Lane Pontyclun CF72 9HG,Pontyclun,CF72,"Rhondda Cynon Taf,Wales",United Kingdom,third-country,FFP,PP,,,PP - Processing Plant,29/10/2025,
CQ 038,Celtic Fish and Game Ltd,Unit 1a/b Penbeagle Industrial Estate St Ives TR26 2JH,St Ives,TR26,"Cornwall,South West England,England",United Kingdom,third-country,FFP,PP,,,PP - Processing Plant,,
AQ 025,Central Pharma (Contract Packing) Limited,Caxton Road Elms Farm Industrial Estate Bedford MK41 0XZ,Bedford,MK41,"Bedford,East of England,England",United Kingdom,third-country,FFP,PP,,,PP - Processing Plant,18/01/2023,
LC 026,Central Production Unit,Pilgrim Hospital Catering Department Pilgrim Hospital Sibsey Road Boston PE21 9QS,Boston,PE21,"Lincolnshire,East Midlands,England",United Kingdom,third-country,FFP,PP,,,PP - Processing Plant,,
TV 022,Chalk Stream Foods Ltd,Old Salisbury Lane Awbridge Romsey Hampshire SO51 0GD Romsey Hampshire SO51 0GD,Romsey,SO51,"Hampshire,South East,England",United Kingdom,third-country,FFP,PP,,,PP - Processing Plant,,
TH 017.045,Chamberlain and Thelwell Ltd,Billingsgate Market Trafalgar Way Poplar London E14 5ST,London,E14,"London,Greater London,England",United Kingdom,third-country,FFP,PP,,,PP - Processing Plant,,
NW 001,Chan Brothers Ltd,"Unit 2, Block B gemini Business Park Hornet Way London E6 7FF",London,E6,"London,Greater London,England",United Kingdom,third-country,FFP,PP,,,PP - Processing Plant,,
RR 026,Chapmans of Rye,Unit 1-2 Fish Market Buildings Rock Channel Rye East Sussex,Rye,TN31,"East Sussex,South East,England",United Kingdom,third-country,FFP,PP,,,PP - Processing Plant,31/01/2022,
TM 019,Chapmans of Sevenoaks,Units 5 & 6 Hornet Business Park Quarry Hill Road Borough Green Sevenoaks TN15 8QW,Sevenoaks Weald,TN14,"Kent,South East,England",United Kingdom,third-country,FFP,PP,,,PP - Processing Plant,,
HL 024,Che Pasta Limited,"Unit 9-10, South Road, Harlow, CM20 2AP",Essex,CM20,"Essex,East of England,England",United Kingdom,third-country,FFP,PP,,,PP - Processing Plant,09/12/2025,
GG 423,Cheek House Ltd,Unit 10a Grimsby Seafood Village Wickham Road Grimsby North East Lincolnshire,Grimsby,DN31,"North East Lincolnshire,Yorkshire and the Humber,England",United Kingdom,third-country,FFP,PP,,,PP - Processing Plant,,
UN 060,Cheerful Links,1-3 Whiffler Road Norwich NR3 2AG,Norwich,NR3,"Norfolk,East of England,England",United Kingdom,third-country,FFP,PP,,,PP - Processing Plant,15/11/2022,
HY 032,Cheffman Limited,97 Digby Cresent London N4 2HS,London,N4,"London,Greater London,England",United Kingdom,third-country,FFP,PP,,,PP - Processing Plant,19/07/2023,
UN 070,Chefs Fayre Ltd,"Harriet Court, Lakenfields, Norwich, NR1 2DG",Norwich,NR1,"Norfolk,East of England,England",United Kingdom,third-country,FFP,PP,,,PP - Processing Plant,23/09/2025,
DR 050,Chesil Smokery,The Old Laundry Sea Road North# Bridport DT6 3BD,Bridport,DT6,"Dorset,South West England,England",United Kingdom,third-country,FFP,PP,,,PP - Processing Plant,,
WX 017,Chirk Trout Farm & Smokery,Chirk Wrexham LL14 5BL,Wrexham,LL14,"Wrexham,Wales",United Kingdom,third-country,FFP,PP,,,PP - Processing Plant,,
NG 065,Chrysalis Health & Beauty Business Solutions Ltd,"Liquids Facility, Unit 4, Glaisdale Point, Glaisdale Parkway, NG8 4GP",Nottingham,NG8,"Nottingham,East Midlands,England",United Kingdom,third-country,FFP,PP,,,PP - Processing Plant,10/02/2026,
FL 012,Chummys Limited,Ocean House 94A Dover Road Folkestone CT20 1LA,Sandgate,CT20,"Kent,South East,England",United Kingdom,third-country,FFP,PP,,,PP - Processing Plant,,
NM 002,Classic Cuisine,7 Pond Wood Close Northampton NN3 6RT,Northampton,NN3,"Northamptonshire,East Midlands,England",United Kingdom,third-country,FFP,PP,,,PP - Processing Plant,,
BI 106,Cleone Foods,50 Icknield Street Hockley Birmingham B18 5AY,Birmingham,B18,"West Midlands Combined Authority,West Midlands,England",United Kingdom,third-country,FFP,PP,,,PP - Processing Plant,,
NN 128,Cley Smokehouse,High Street Holt NR25 7RF,Holt,NR25,"Norfolk,East of England,England",United Kingdom,third-country,FFP,PP,,,PP - Processing Plant,,
MC 009,Cluny Fish Ltd,1 - 3 Low Street Buckie Moray AB56 1UX,Buckie,AB56,"Moray,Scotland",United Kingdom,third-country,FFP,PP,,,PP - Processing Plant,,
TH 017.074,Coast & Kitchens,Shop Q10 Billingsgate Market Trafalgar Way London E14 5ST,London,E14,"London,Greater London,England",United Kingdom,third-country,FFP,PP,,,PP - Processing Plant,08/10/2024,
LO 081,Coastal Cuisine Ltd,Hadenham Road Gisleham,Gisleham,NR33,"Suffolk,East of England,England",United Kingdom,third-country,FFP,PP,,,PP - Processing Plant,,
KD 060,Coastal Diving & Marine Services Ltd,Unit 1 Troon Fish market Harbour Road Troon KA10 6DH,Troon,KA10,"South Ayrshire,Scotland",United Kingdom,third-country,FFP,PP,,,PP - Processing Plant,12/04/2023,
EY 050,Coastal Shellfish,South Pier The Harbour South Cliff Road Bridlington YO15 3AN,Bridlington,YO15,"East Riding of Yorkshire,Yorkshire and the Humber,England",United Kingdom,third-country,FFP,PP,,,PP - Processing Plant,13/01/2025,
CL 003,Colchester Oyster Fishery Ltd,Pyefleet Quay East Road East Mersea Colchester CO5 8UN,Colchester,CO5,"Essex,East of England,England",United Kingdom,third-country,FFP,PP,,,PP - Processing Plant,,
AA029,Colin Fraser Limited,15 Raik Road Aberdeen AB11 5QL,Aberdeen,AB11,Scotland,United Kingdom,third-country,FFP,PP,,,PP - Processing Plant,,
FB 043,Colonial World Foods UK Ltd,Unit 5-6 Townsend Industrial Estate Waxlow Road NW10 7NU,London,NW10,"London,Greater London,England",United Kingdom,third-country,FFP,PP,,,PP - Processing Plant,,
AD 652,Colonsay Smokery,Scalasaig Steading Isle of Colonsay Argyll and Bute PA61 7YT,Argyll and Bute,PA61,"Argyll and Bute,Scotland",United Kingdom,third-country,FFP,PP,,,PP - Processing Plant,04/08/2022,
GI 210,Cook Logistics,Unit 6 Bailey Drive Gillingham Business Park Kent ME8 0PZ England,Medway,ME8,"Medway,South East,England",United Kingdom,third-country,FFP,PP,,,PP - Processing Plant,,
SV 005,Cook Trading Ltd,8 Eurolink Way Sittingbourne ME10 3HH,Sittingbourne,ME10,"Kent,South East,England",United Kingdom,third-country,FFP,PP,,,PP - Processing Plant,,
SA 003,Cooke Aquaculture Scotland Limited,Yell Packing Station (New) Mid Yell Yell Shetland ZE2 9BN,Yell,ZE2,"Yell,Scotland",United Kingdom,third-country,FFP,PP,,,PP - Processing Plant,,
OA 036,Cooke Aquaculture Scotland Ltd,Factory H43 Crowness Road St Ola Orkney KW15 1RG,Orkney Islands,KW15,"Orkney Islands,Scotland",United Kingdom,third-country,FFP,PP,,,PP - Processing Plant,06/03/2024,
ND 006,Coombe Fisheries Ltd,Riverside Road Pottington Business Park Barnstaple EX31 1QN England,Barnstaple,EX31,"Devon,South West England,England",United Kingdom,third-country,FFP,PP,,,PP - Processing Plant,,
PF 031,Coombefish Fleetwood Ltd,Siding Road Fleetwood FY7 6NS,Fleetwood,FY7,"Lancashire,North West England,England",United Kingdom,third-country,FFP,PP,,,PP - Processing Plant,,
HU 048,Copernus Limited,"35 West Dock Street, Hull, HU3 4HH",Kingston upon Hull,HU3,"East Riding of Yorkshire,Yorkshire and the Humber,England",United Kingdom,third-country,FFP,PP,,,PP - Processing Plant,24/09/2025,
AK 132,Coquet Island Shellfish Ltdr,Coquet Enterprise Park,Amble,NE65,"Northumberland,North East England,England",United Kingdom,third-country,FFP,PP,,,PP - Processing Plant,,
CQ 735,Cornish Canning Co. Ltd,5 Admiralty Quay Mylor Yacht Harbour Mylor Churchtown Falmouth TR11 5UF,Falmouth,TR11,"Cornwall,South West England,England",United Kingdom,third-country,FFP,PP,,,PP - Processing Plant,11/04/2023,
CQ 710,Cornish Native Oysters,Admiralty Quay Mylor Harbour Mylor Falmouth TR11 5UF,Falmouth,TR11,"Cornwall,South West England,England",United Kingdom,third-country,FFP,PP,,,PP - Processing Plant,29/08/2023,
CQ 115,"Cornwall Fish Direct Limited,","Unit 5 Wesley Place, Newlyn Penzance TR18 5AZ",Penzance,TR18,"Cornwall,South West England,England",United Kingdom,third-country,FFP,PP,,,PP - Processing Plant,,
HO 122,Cote @ Home,Unit 24 Airlinks Industrial Estate Spitfire Way Hounslow TW5 9NR,Hounslow,TW5,"London,Greater London,England",United Kingdom,third-country,FFP,PP,,,PP - Processing Plant,,
PF 065,Cottage Fish Company Ltd,Nicholsons Building Unit 4 Sidings Road Fleetwood FY7 6NS,Fleetwood,FY7,"Lancashire,North West England,England",United Kingdom,third-country,FFP,PP,,,PP - Processing Plant,28/08/2023,
AA140,Couper Seafoods Ltd,"18 South Esplanade West, Aberdeen AB11 9AA",Aberdeen,AB11,Scotland,United Kingdom,third-country,FFP,PP,,,PP - Processing Plant,,
TO 071,Crab Shed Salcombe,Crab Processing Unit The Fish Quay Goluld Road Salcombe TQ8 8DU,Salcombe,TQ8,"Devon,South West England,England",United Kingdom,third-country,FFP,PP,,,PP - Processing Plant,,
EJ 026,Cragg and Cutriss,Silver Band Store Knock Appleby-in-Westmorland CA16 6DL,Appleby-in-Westmorland,CA16,"Cumbria,North West England,England",United Kingdom,third-country,FFP,PP,,,PP - Processing Plant,,
TJ 023,Craig Elding,Unit 330 Woodside Way Springvale Industrial Estate Cwmbran NP44 5BR,Torfaen,NP44,"Torfaen,Wales",United Kingdom,third-country,FFP,PP,,,PP - Processing Plant,30/03/2023,
EQ 040,Creative Foods,76 Mosely Street Burton upon Trent DE14 1DS,East Staffordshire,DE14,"Staffordshire,West Midlands,England",United Kingdom,third-country,FFP,PP,,,PP - Processing Plant,,
LK 004,Croda Europe Limited,Barnfield Road,Leek,ST13,"Staffordshire,West Midlands,England",United Kingdom,third-country,FFP,PP,,,PP - Processing Plant,,
GG 537,Cross Cuts Limited,Unit 3 Seafood Village Grimsby DN31 3SX England,Grimsby,DN31,"North East Lincolnshire,Yorkshire and the Humber,England",United Kingdom,third-country,FFP,PP,,,PP - Processing Plant,,
GG 484,Cryotech II,Birchin Way Grimsby DN31 3SG England,Grimsby,DN31,"North East Lincolnshire,Yorkshire and the Humber,England",United Kingdom,third-country,FFP,CS,,,CS - Cold Stores,,
LO 026,Crystal Waters Ltd,6 Cooke Road Gisleham NR33 7NA,Lowestoft,NR32,"Suffolk,East of England,England",United Kingdom,third-country,FFP,PP,,,PP - Processing Plant,,
SH 012,Cuisine Centre North,Sherdley Industrial Estate Roundwood Drive St Helens WA9 5JD,St Helens,WA9,"North West England,England",United Kingdom,third-country,FFP,PP,,,PP - Processing Plant,28/06/2022,
NJ 012,Cultech Ltd,Unit 2 Christchurch Road Bagland Ind Estate Port Talbot,Port Talbot,SA12,"Neath Port Talbot,Wales",United Kingdom,third-country,FFP,PP,,,PP - Processing Plant,,
BG 026,Curing Rebels Ltd,"Unit 13 Hove Enterprise Centre, Basin Road North, Portslade Brighton, BN41 1UY",Portslade by Sea,BN41,"Brighton and Hove,South East,England",United Kingdom,third-country,FFP,PP,,,PP - Processing Plant,05/05/2026,
RX 024,Cwmtaf NHS Trust University Health Board - Central Production Unit,Unit 20-22 Treorchy Industrial Estate Pontypridd CF42 6EQ,Rhondda Cynon Taf,CF42,"Rhondda Cynon Taf,Wales",United Kingdom,third-country,FFP,PP,,,PP - Processing Plant,,
TH 017.033,Cyprus Fisheries Limited,Billingsgate Market Trafalgar Way Poplar London E14 5ST,London,E14,"London,Greater London,England",United Kingdom,third-country,FFP,PP,,,PP - Processing Plant,,
CI 060,Cyprus Fisheries Selsey,The Lobster Pots Selsey PO20 0SY,Chichester,PO20,"West Sussex,South East,England",United Kingdom,third-country,FFP,PP,,,PP - Processing Plant,14/04/2026,
CI 008,D & D Fisheries,Kingsway Selsey Chichester PO20 0SY,Chichester,PO20,"West Sussex,South East,England",United Kingdom,third-country,FFP,PP,,,PP - Processing Plant,,
AA216,D & G Nolan Limited,"Craigshaw Drive, West Tullos Industrial Estate, Aberdeen AB12 3AN",Aberdeen,AB12,Scotland,United Kingdom,third-country,FFP,PP CS,,,PP - Processing Plant | CS - Cold Stores,,
WD061,D & G Seafoods Ltd,"Units 1 & 4, Nivens Quay, Port Street, Annan DG12 6BN",Annan,DG12,"Dumfries and Galloway,Scotland",United Kingdom,third-country,FFP,PP,,,PP - Processing Plant,,
AA084,D H Clark,17 Crombie Road Torry Aberdeen AB11 9QQ,Aberdeen City,AB11,"Aberdeen City,Scotland",United Kingdom,third-country,FFP,CS PP,,,CS - Cold Stores | PP - Processing Plant,11/03/2025,
NN 035,D J Little,Treetops Norwich Road Cromer NR27 9JU,Cromer,NR27,"Norfolk,East of England,England",United Kingdom,third-country,FFP,PP,,,PP - Processing Plant,,
SF 082,D M & A MacLeod,"218 Altandhu, Achiltibuie, Ullapool IV26 2YR",Ullapool,IV26,"Highland,Scotland",United Kingdom,third-country,FFP,PP,,,PP - Processing Plant,,
AB017FE,D Spink and Sons Ltd,"53 High Street, Arbroath DD11 1AN",Arbroath,DD11,"Angus,Scotland",United Kingdom,third-country,FFP,PP,,,PP - Processing Plant,,
GG 599,D&B Byproducts,Units 5&6 Estate Road South Humberside Industrial Estate Grimsby DN31 2TP,Grimsby,DN31,"North East Lincolnshire,Yorkshire and the Humber,England",United Kingdom,third-country,FFP,PP,,,PP - Processing Plant,02/07/2024,
BD 057,D. R. Collin & Son,Harbour Road Site 3 Eyemouth Scottish Borders TD14 5HZ,Eyemouth,TD14,"Scottish Borders,Scotland",United Kingdom,third-country,FFP,PP,,,PP - Processing Plant,,
BD 055,D. R. Collin & Son,Acredale Seafood Processing Acredale Industrial Estate Eyemouth TD14 5LQ,Eyemouth,TD14,"Scottish Borders,Scotland",United Kingdom,third-country,FFP,PP,,,PP - Processing Plant,,
BD 061,D. R. Collin & Son,Site 5 Unit 1 Coldingham Road Industrial Estate Eyemouth Scottish Borders TD14 5AN,Eyemouth,TD14,"Scottish Borders,Scotland",United Kingdom,third-country,FFP,PP,,,PP - Processing Plant,,
GG 548,DD Fish Supplies Limited,Unit 8 Grimsby Seafood Village Grimsby DN31 3SX England,Grimsby,DN31,"North East Lincolnshire,Yorkshire and the Humber,England",United Kingdom,third-country,FFP,CS PP,,,CS - Cold Stores | PP - Processing Plant,18/10/2021,
GG 561,DFDS Logistics Ltd,Estate Road 2 South Humberside Industrial Estate Grimsby DN31 2TG England,Grimsby,DN31,"North East Lincolnshire,Yorkshire and the Humber,England",United Kingdom,third-country,FFP,PP,,,PP - Processing Plant,24/10/2025,
AA 220,DFDS Logistics Scotland Aberdeen,Unit 8 Peterseat Drive Altens Aberdeen AB12 3HT,Aberdeen,AB12,Scotland,United Kingdom,third-country,FFP,CS,,,CS - Cold Stores,22/04/2025,
GG 426,DFDS Tor Line,Nordic House Western Access Road Immingham Dock Immingham DN40 2LZ,Immingham,DN40,"North East Lincolnshire,Yorkshire and the Humber,England",United Kingdom,third-country,FFP,PP,,,PP - Processing Plant,,
GG 547,DNA Fish Supplies Ltd,Unit 8 Grimsby Seafood Village Grimsby DN31 3SX England,Grimsby,DN31,"North East Lincolnshire,Yorkshire and the Humber,England",United Kingdom,third-country,FFP,PP,,,PP - Processing Plant,,
HY 021,Dagim Fish & Deli,Dunsmore Road London N16 5HT,London,N16,"London,Greater London,England",United Kingdom,third-country,FFP,PP,,,PP - Processing Plant,,
EN 063,Daily Fish Supplies,Unit 5 East Duck Lees Lane Enfield EN3 7SR,London Borough of Enfield,EN3,"London,Greater London,England",United Kingdom,third-country,FFP,PP,,,PP - Processing Plant,27/01/2026,
GG 587,Dan-Cod UK Ltd,Estate Road 7 South Humberside Industrial Estate Grimsby DN31 2TP,Grimsby,DN31,"North East Lincolnshire,Yorkshire and the Humber,England",United Kingdom,third-country,FFP,PP,,,PP - Processing Plant,11/02/2022,
SJ 063,Dani Foods Ltd,Lynch Factory Marsh Road Llanmorlais SA4 3TN,Swansea,SA4,Wales,United Kingdom,third-country,FFP,PP,,,PP - Processing Plant,,
LC 021,Dani Foods Ltd,No 3 Shed Port Of Boston,Boston,PE21,"Lincolnshire,East Midlands,England",United Kingdom,third-country,FFP,PP,,,PP - Processing Plant,,
GG 544,Darren Drinkell t/a Prime Cut Fisheries,Unit 3 Riby Street Grimsby DN31 3HF England,Grimsby,DN31,"North East Lincolnshire,Yorkshire and the Humber,England",United Kingdom,third-country,FFP,PP,,,PP - Processing Plant,,
TO 052,Dartmouth Fine Foods Ltd,Unit 4 Admiral Court Nelson Road Dartmouth TQ6 9HU,Dartmouth,TQ6,"Devon,South West England,England",United Kingdom,third-country,FFP,PP,,,PP - Processing Plant,,
PI 057,Dash Shellfish,Inglenook Cottage Walton West Little Haven Haverfordwest SA62 3UA,Haverfordwest,SA62,"Pembrokeshire,Wales",United Kingdom,third-country,FFP,PP,,,PP - Processing Plant,,
GG 591,David Sandham Trading Ltd,Riby Street Grimsby DN31 3HF,Grimsby,DN31,"North East Lincolnshire,Yorkshire and the Humber,England",United Kingdom,third-country,FFP,PP,,,PP - Processing Plant,23/08/2022,
SV 004,David Wood Baking Ltd,The Mill House Dorset Road Sheerness ME12 1LP,Sheerness,ME12,"Kent,South East,England",United Kingdom,third-country,FFP,PP,,,PP - Processing Plant,11/04/2023,
NN 106,Davies Fishmonger,Sea Acres Mill lane Cromer NR27 9PH,Cromer,NR27,"Norfolk,East of England,England",United Kingdom,third-country,FFP,PP,,,PP - Processing Plant,,
VY 109,Daya and Sons,"Unit 1 & 9, Thorncliffe Square Industrial Centre Thorncliffe Road Bradford BD8 7DD",Bradford,BD8,"Yorkshire and the Humber,England",United Kingdom,third-country,FFP,PP,,,PP - Processing Plant,,
BI 216,Delight Foods UK Limited,Grosvenor Road Birmingham B6 7LZ,Birmingham,B6,"West Midlands Combined Authority,West Midlands,England",United Kingdom,third-country,FFP,PP,,,PP - Processing Plant,,
BB 170,Denholm Seafoods Ltd,Keith Street Peterhead Aberdeenshire AB42 1BP,Peterhead,AB42,"Aberdeenshire,Scotland",United Kingdom,third-country,FFP,PP,,,PP - Processing Plant,04/01/2024,
BB044,Denholm Seafoods Ltd,"East Quay, Peterhead, Aberdeenshire AB42 1JF",Peterhead,AB42,"Aberdeenshire,Scotland",United Kingdom,third-country,FFP,PP,,,PP - Processing Plant,,
YK 004,Dennis Crooks Wholesale Fish,Whitby Business Park Fairfield Way,Whitby,YO21,"North Yorkshire,Yorkshire and the Humber,England",United Kingdom,third-country,FFP,PP,,,PP - Processing Plant,,
EV 077,Devon Eel Company Ltd,Medowland Farm Cloyton Devon EX24 6SP,East Devon,EX24,"Devon,South West England,England",United Kingdom,third-country,FFP,PP,,,PP - Processing Plant,,
EV 042,Devon Quality Fish,Pound Lane Exmouth EX8 4NP,East Devon,EX8,"Devon,South West England,England",United Kingdom,third-country,FFP,PP,,,PP - Processing Plant,,
FB 089,Diamond Food Sales Ltd,Unit 5 Manor House Manor Farm Road HA0 1BN,Wembley,HA9,"London,Greater London,England",United Kingdom,third-country,FFP,PP,,,PP - Processing Plant,,
CL 011,Direct Seafoods,1 Crown Court Clough Road Colchester CO4 9TZ,Colchester,CO4,"Essex,East of England,England",United Kingdom,third-country,FFP,PP,,,PP - Processing Plant,,
SW 022,Direct Seafoods London,"Unit 14 & 15, Bermondsey Trading Estate, Rotherhithe New Road, London SE16 3LL",London Borough of Southwark,SE16,"London,Greater London,England",United Kingdom,third-country,FFP,PP,,,PP - Processing Plant,,
AG 194,Dishoom Prep Kitchen,Unit 406 – 413 26 Chase Road Park Royal Ealing NW10 6QN,London,NW10,"City of London,Greater London,England",United Kingdom,third-country,FFP,PP,,,PP - Processing Plant,06/01/2025,
GN 041,Dishpatch Ltd,Unit 1 & 2 City Business Park Salutation Road Greenwich London SE10 0AT,Greenwich,SE10,"London,Greater London,England",United Kingdom,third-country,FFP,PP,,,PP - Processing Plant,07/01/2025,
MN 102,Dnata Catering UK LImited,World Cargo Centre Building 402 Avro Way M90 5EX,Manchester,M90,"Greater Manchester,North West England,England",United Kingdom,third-country,FFP,PP,,,PP - Processing Plant,,
RA 014,Dnata Catering UK Limited,"Unit E2, Air Cargo Centre Arran Avenue Glasgow Airport PA3 2AY",Paisley,PA3,"Renfrewshire,Scotland",United Kingdom,third-country,FFP,PP,,,PP - Processing Plant,,
NZ 201,Dnata Catering UK Limited,Maintenance Area Newcastle Airport NE13 8BZ,Newcastle upon Tyne,NE13,"North East England,England",United Kingdom,third-country,FFP,PP,,,PP - Processing Plant,,
YX 001,Dnata Catering UK Limited,Faraday Road Northgate,Crawley Down,RH10,"West Sussex,South East,England",United Kingdom,third-country,FFP,PP,,,PP - Processing Plant,,
HO 107,Dnata Catering UK Limited,The Encompass Centre International Avenue Heston TW5 9NJ,London Borough of Hounslow,TW5,"London,Greater London,England",United Kingdom,third-country,FFP,PP,,,PP - Processing Plant,,
HO 116,Do & Co Event & Airline Catering,200 Great South West Road Hounslow TW4 6FD,London Borough of Hounslow,TW4,"London,Greater London,England",United Kingdom,third-country,FFP,PP,,,PP - Processing Plant,,
PF 012,Dockside Ltd,188 Dock Street Fleetwood FY7 6NU,Fleetwood,FY7,"Lancashire,North West England,England",United Kingdom,third-country,FFP,PP,,,PP - Processing Plant,,
TH 017.052,Dodi Seafood Limited,Billingsgate Market Trafalgar Way Poplar London E14 5ST,London,E14,"London,Greater London,England",United Kingdom,third-country,FFP,PP,,,PP - Processing Plant,,
SF 172,Dolan Fisheries,"Westro UL9, Shieldaig c/o Dolan Fisheries Ltd Ard Achaidli, Highfield Park Conon Bridge, Dingwall IV7 8AP",Conon Bridge,IV7,"Highland,Scotland",United Kingdom,third-country,FFP,PP,,,PP - Processing Plant,01/07/2026,
KL 011,Dolphin House Seafoods,29 Somme Avenue Flookburgh LA11 7LT,Flookburgh,LA11,"Cumbria,North West England,England",United Kingdom,third-country,FFP,PP,,,PP - Processing Plant,,
KI 068,Donaldsons,Austin Field Industrial Estate Kings Lynn Norfolk PE30 1PH,King's Lynn,PE30,"Norfolk,East of England,England",United Kingdom,third-country,FFP,WM PP,,,WM - Wholesale Market | PP - Processing Plant,24/10/2025,
OA 039,Donaldsons of Orkney,38 Albert Street Kirkwall KW15 1HQ,Orkney Islands,KW15,"Orkney Islands,Scotland",United Kingdom,third-country,FFP,PP,,,PP - Processing Plant,,
PO 044,Dorset Crab,Unit 14 Allens Lane Poole BH16 5DA,Poole,BH16,"Poole,South West England,England",United Kingdom,third-country,FFP,PP,,,PP - Processing Plant,,
PO 035,Dorset Fish & Shellfish Ltd,4 Benson Road Poole BH17 0GB,Poole,BH17,"Poole,South West England,England",United Kingdom,third-country,FFP,PP,,,PP - Processing Plant,,
DZ 077,Dougherty and Allen Ltd,The Tardis' Unit 8 and Unit 14-15 Borders Industrial Estate River Lane Saltney CH4 8RJ,Flintshire,CH4,"Flintshire,Wales",United Kingdom,third-country,FFP,PP,,,PP - Processing Plant,02/02/2023,
AK 127,Douglas Flannigan Shellfish,Windmill Way West Ramparts Business Park,Berwick-upon-Tweed,TD15,"Northumberland,North East England,England",United Kingdom,third-country,FFP,PP,,,PP - Processing Plant,,
CQ 094,Dreckly Fish,Unit 24 North Pier Newlyn Penzance TR18 5HW,Penzance,TR18,"Cornwall,South West England,England",United Kingdom,third-country,FFP,PP,,,PP - Processing Plant,,
TM 015,Drytec Spray Drying Ltd,42-46 Morley Road Tonbridge TN9 1RA,Tonbridge,TN9,"Kent,South East,England",United Kingdom,third-country,FFP,PP,,,PP - Processing Plant,,
BM 010,Dulwich Pantry,"Unit 12, Beckenham Business Centre, Kent House Lane, Beckenham, BR3 1LB",London,BR3,"London,Greater London,England",United Kingdom,third-country,FFP,PP,,,PP - Processing Plant,11/11/2025,
SF 124,Duncan Mackerlich Ltd,"Shingle Bay, Ardelve, By Kyle Ross-shire IV40 8DY",Kyle of Lochalsh,IV40,"Highland,Scotland",United Kingdom,third-country,FFP,PP,,,PP - Processing Plant,,
PA 042,Dunkeld Smoked Salmon,"Springwells Smokehouse, Brae Street, Dunkeld PH8 0BA",Dunkeld,PH8,"Perth and Kinross,Scotland",United Kingdom,third-country,FFP,PP,,,PP - Processing Plant,,
BB005,Duthie & Summers,"25 Denmark Street, Fraserburgh, Aberdeenshire AB43 9EY",Fraserburgh,AB43,"Aberdeenshire,Scotland",United Kingdom,third-country,FFP,PP,,,PP - Processing Plant,,
Nr 048,Dyvine Ltd,Ethel Gooch Road Wymondham NR18 0LH,Wymondham,NR18,"Norfolk,East of England,England",United Kingdom,third-country,FFP,PP,,,PP - Processing Plant,12/08/2025,
SA 069,E & M Rivera Ltd T/A Imex International,Gremista Lerwick Shetland ZE1 0PW,Lerwick,ZE1,"Shetland Islands,Scotland",United Kingdom,third-country,FFP,PP,,,PP - Processing Plant,,
NN 125,EJ Perowne,Top Farm Thursford Road Great Snoring NR21 0HW,Great Snoring,NR21,"Norfolk,East of England,England",United Kingdom,third-country,FFP,PP,,,PP - Processing Plant,,
ON 008,Eagles in Flight,Eagles Marketplace Deddington Banbury OX15 0SE,Banbury,OX15,"Oxfordshire,South East,England",United Kingdom,third-country,FFP,PP,,,PP - Processing Plant,22/01/2025,
BZ 046,Early Years Catering Ltd,Windmill Farm Business Centre Bartley Street Bristol BS3 4DB,Bristol,BS3,"City of Bristol,South West England,England",United Kingdom,third-country,FFP,PP,,,PP - Processing Plant,,
AD 059,Easdale Seafoods Limited,Balvicar Isle of Seil Argyll,Balvicar,PA34,"Argyll and Bute,Scotland",United Kingdom,third-country,FFP,PP,,,PP - Processing Plant,,
KC 310,East Neuk Kilnhouse Ltd,"Unit 2E, Netherton Industrial Estate, St Monans. Fife KY10 2DW",St Monans,KY10,"Fife,Scotland",United Kingdom,third-country,FFP,PP,,,PP - Processing Plant,,
KC 332,East Neuk Shellfish Ltd,"6 Virgin Square, St Monans, Fife KY10 2AA",St Monans,KY10,"Fife,Scotland",United Kingdom,third-country,FFP,PP,,,PP - Processing Plant,,
KC 141,East Neuk Shellfish Ltd,"Methil Docks, Methil, Fife KY8 3RE",Fife,KY8,"Fife,Scotland",United Kingdom,third-country,FFP,PP,,,PP - Processing Plant,,
KC 329,East Neuk Shellfish Ltd,"8-10 East Street, St Monans KY10 3AT",St Monans,KY10,"Fife,Scotland",United Kingdom,third-country,FFP,PP,,,PP - Processing Plant,,
GN 046,East Restaurant Investments Ltd,"Unit 14, Greenwich Centre Business Park, 53 Norman Road, London, SE10 9QF",London,SE10,"London,Greater London,England",United Kingdom,third-country,FFP,PP,,,PP - Processing Plant,03/03/2026,
NG 061,Easy Mix Food Ltd,"Unit 25 Bar Lane Industrial Park, Nottingham, NG6 0JA",Nottingham,NG6,"Nottingham,East Midlands,England",United Kingdom,third-country,FFP,PP,,,PP - Processing Plant,26/05/2026,
MC 014,Eat Mair Fish Ltd,Old Station Yard Marine Place Buckie AB56 1UT,Buckie,AB56,"Moray,Scotland",United Kingdom,third-country,FFP,PP,,,PP - Processing Plant,,
TH 050,Eckos,Unit 147 Martha Street London E1 2PG England,London,E1,"London,Greater London,England",United Kingdom,third-country,FFP,PP,,,PP - Processing Plant,,
YK 007,Edwin Jenkinson Ltd,Unit 2 Queen Margarets Road,Scarborough,YO11,"North Yorkshire,Yorkshire and the Humber,England",United Kingdom,third-country,FFP,PP,,,PP - Processing Plant,,
YK 009,Edwin Jenkinson Ltd,Andalucia Shed West Pier,Scarborough,YO11,"North Yorkshire,Yorkshire and the Humber,England",United Kingdom,third-country,FFP,PP,,,PP - Processing Plant,,
FG 057,Emporio Della Pasta,Unit 19 Rosemary Road London SW17 0AR,London Borough of Wandsworth,SW17,"London,Greater London,England",United Kingdom,third-country,FFP,PP,,,PP - Processing Plant,,
RW 014,Empowered Education Midlands Ltd,"42 Pit Lane, Ketton, PE9 3SZ",Ketton,PE9,"Rutland,East Midlands,England",United Kingdom,third-country,FFP,PP,,,PP - Processing Plant,21/10/2025,
BB025,Enterfoods,8 RECLAIMED GROUND HARBOUR ROAD FRASERBURGH,Fraserburgh,AB43,"Aberdeenshire,Scotland",United Kingdom,third-country,FFP,PP,,,PP - Processing Plant,,
GG 531,Espersen UK Ltd,Athenian Way Great Grimsby Business Park Great Cotes Grimsby DN379SY England,Grimsby,DN37,"North East Lincolnshire,Yorkshire and the Humber,England",United Kingdom,third-country,FFP,PP,,,PP - Processing Plant,,
HI 025,Eurest (Central Production Unit),BAA Cargo World Building 1205 Southampton Road Hounslow TW6 1LS England,Heathrow,TW6,England,United Kingdom,third-country,FFP,PP,,,PP - Processing Plant,,
SA 078,Euro-shell SAS / Vivier Lorry-Trailer,c/o Turniebrae Dunrossness Shetland,Shetland Islands,ZE2,"Shetland Islands,Scotland",United Kingdom,third-country,FFP,PP,,,PP - Processing Plant,,
SA078,Euro-shell SAS / Vivier Lorry-Trailer,"Euro-shell SAS / Vivier Lorry-Trailer, c/o Turniebrae, Dunrossness, Shetland ZE2 9JW",Dunrossness,ZE2,"Shetland Islands,Scotland",United Kingdom,third-country,FFP,PP,,,PP - Processing Plant,,
GW 009,EuroCaps Limited,Crown Business Park Dukestown,Tredegar,NP22,"Blaenau Gwent,Wales",United Kingdom,third-country,FFP,PP,,,PP - Processing Plant,,
PN 015,European Freeze Dry Ltd,"Romay Way Longridge Road Preston, Lancashire PR2 5BD",Preston,PR2,"Lancashire,North West England,England",United Kingdom,third-country,FFP,PP,,,PP - Processing Plant,,
GG 229,Excel Seafoods,"Grimsby Fish Market, Wharncliffe Road, Grimsby, DN31 3QJ",Grimsby,DN31,"North East Lincolnshire,Yorkshire and the Humber,England",United Kingdom,third-country,FFP,PP,,,PP - Processing Plant,20/10/2025,
TO 020,Excel Shellfish,20 Union Road Kingsbridge TQ7 1EF,Kingsbridge,TQ7,"Devon,South West England,England",United Kingdom,third-country,FFP,PP,,,PP - Processing Plant,,
GG 564,Exciting Foods,Unit 11 Seafood Village Fish Docks Grimsby DN31 3SX,Grimsby,DN31,"North East Lincolnshire,Yorkshire and the Humber,England",United Kingdom,third-country,FFP,PP,,,PP - Processing Plant,,
GG 539,Express Seafoods (Gy) Limited,6 Trinity Street Grimsby DN31 3AN England,Grimsby,DN31,"North East Lincolnshire,Yorkshire and the Humber,England",United Kingdom,third-country,FFP,PP,,,PP - Processing Plant,,
HO 001,F R Bradley Feltham Limited,Bradleys Business Centre Central Way TW14 0XQ,Feltham,TW14,"West Sussex,South East,England",United Kingdom,third-country,FFP,PP,,,PP - Processing Plant,,
GG 386,F. H. Atkinson,Prince Albert Business Pk Grimsby DN31 3AG,Grimsby,DN31,"North East Lincolnshire,Yorkshire and the Humber,England",United Kingdom,third-country,FFP,PP,,,PP - Processing Plant,,
QQ 007,F/V Espemar Dos,"Espemar Fisheries Ltd. Office No 3, Anchor Warehouse, Anchor Quay, Penryn Cornwall TR0 8GZ",Penryn,TR10,"Cornwall,South West England,England",United Kingdom,third-country,FFP,FV,,,FV - Factory Vessel,,
QQ 013,F/V Mar Blanco,Mar Blanco St Brides House 10 Salisbury Square London EC4Y 8EH,City of London,EC4,"City of London,Greater London,England",United Kingdom,third-country,FFP,FV,,,FV - Factory Vessel,,
QQ 048,F/V Patricia Marta,L & J Management Office 3 Anchor Quay Penryn TR10 8GZ,Penryn,TR10,"Cornwall,South West England,England",United Kingdom,third-country,FFP,ZV,,,ZV - Freezer Vessel,,
QQ 045,F/V Sanamedio,Hooktone Ltd Harbour Road Troon KA10 6DH,Troon,KA10,"South Ayrshire,Scotland",United Kingdom,third-country,FFP,ZV,,,ZV - Freezer Vessel,,
QQ 023,F/V Tahume,"L & J Management, Office 3 Anchor Quay Penryn",Penryn,TR10,"Cornwall,South West England,England",United Kingdom,third-country,FFP,FV,,,FV - Factory Vessel,,
QQ 043,F/V Udra,Hooktone Ltd Harbour Road Troon KA10 6DH,Troon,KA10,"South Ayrshire,Scotland",United Kingdom,third-country,FFP,ZV,,,ZV - Freezer Vessel,,
1052,FRESHASIA FOODS LTD,Unit 27 Hailey Road Erith Kent DA18 4AA,London Borough of Bexley,DA17,"London,Greater London,England",United Kingdom,third-country,FFP,PP,,,PP - Processing Plant,27/10/2025,
QQ 068,FV Annalijdia,"Buchan (WN1) Limited, Brodies House, 31 – 33 Union Street, Aberdeen, AB10 6SB",Aberdeen,AB10,Scotland; 9828821	17/02/2025,United Kingdom,third-country,FFP,FV,,,FV - Factory Vessel,,
QQ 010,FV Armaven Uno,18 Glebelands Buckfastleigh TQ11 0BJ,Buckfastleigh,TQ11,"Devon,South West England,England; 9110456	30/01/2026",United Kingdom,third-country,FFP,ZV,,,ZV - Freezer Vessel,,
SY 002,Fairoak Culinary Ltd,Unit 20 Woking Business Park Albert Drive Sheerwater Woking GU21 5JY,Surrey,GU21,"Surrey,South East,England",United Kingdom,third-country,FFP,PP,,,PP - Processing Plant,,
CQ 019,Falfish Limited,"15, Cardrew Industrial Estate TR15 1SS",Redruth,TR15,"Cornwall,South West England,England",United Kingdom,third-country,FFP,PP,,,PP - Processing Plant,,
CQ 738,Falfish Ltd,Unit 5B Cardrew Industrial Estate Cardrew Way Redruth TR15 1SS,Redruth,TR15,"Cornwall,South West England,England",United Kingdom,third-country,FFP,PP,,,PP - Processing Plant,06/03/2024,
CQ 717,Falfish Ltd (Falmouth Site),Western Wharf Falmouth Docks Falmouth TR11 4NJ,Falmouth,TR11,"Cornwall,South West England,England",United Kingdom,third-country,FFP,PP,,,PP - Processing Plant,,
BL 029,Farmyard Frozen Limited,Unit 8 Broadland Food Innovation Centre Enterprise Way Honingham NR9 5FX,Broadland,NR9,"Norfolk,East of England,England",United Kingdom,third-country,FFP,PP,,,PP - Processing Plant,22/08/2023,
BD 009,Farne Salmon & Trout Ltd,Station Road Industrial Estate Duns Berwickshire TD11 3HS,Duns,TD11,"Scottish Borders,Scotland",United Kingdom,third-country,FFP,PP,,,PP - Processing Plant,,
GG 424,Fastline Shellfish,North Quay Fish Docks Grimsby DN31 3SY,Grimsby,DN31,"North East Lincolnshire,Yorkshire and the Humber,England",United Kingdom,third-country,FFP,PP,,,PP - Processing Plant,,
TO 047,Favis of Salcombe Ltd,Topsail Main Road Salcombe TQ8 8AD,Salcombe,TQ8,"Devon,South West England,England",United Kingdom,third-country,FFP,PP,,,PP - Processing Plant,,
TH 017.023,Fawsitt Fish Limited,Billingsgate Market Trafalgar Way Poplar London E14 5ST,London,E14,"London,Greater London,England",United Kingdom,third-country,FFP,PP,,,PP - Processing Plant,,
QQ 009,Feitizo,L & J Management Office 3 Anchor Quay Penryn TR10 8GZ,Penryn,TR10,"Cornwall,South West England,England",United Kingdom,third-country,FFP,ZV,,,ZV - Freezer Vessel,,
BX002,Ferndale Foods,"Hailey Road Business Park, Erith, Kent DA 18 4AR",London,DA17,"London,Greater London,England",United Kingdom,third-country,FFP,PP,,,PP - Processing Plant,,
MT 057,Field Goods,Unit 14 Saxon Business Centre 51 Windsor Avenue South Wimbledon SW19 2RR,London,SW19,"London,Greater London,England",United Kingdom,third-country,FFP,PP,,,PP - Processing Plant,19/07/2022,
HU 058,Fillet Fish Limited,150 English Street Kingston upon Hull HU3 2BT,Kingston upon Hull,HU3,"East Riding of Yorkshire,Yorkshire and the Humber,England",United Kingdom,third-country,FFP,PP,,,PP - Processing Plant,,
HY 037,Fin and Flounder Wholesale Ltd,375 Helmsley Place London E8 3SB,London Borough of Hackney,E8,"London,Greater London,England",United Kingdom,third-country,FFP,PP,,,PP - Processing Plant,24/06/2025,
WB 105,Findlater's Fine Foods,"Unit 30, Block H, E-net Park Mill Road Industrial Estate Linlithgow Bridge West Lothian EH49 7SF",West Lothian,EH49,"West Lothian,Scotland",United Kingdom,third-country,FFP,PP,,,PP - Processing Plant,12/12/2023,
NR 018,Finedale Foods Limited,Bunwell Street Bunwell NR16 1SH,Bunwell,NR16,"Norfolk,East of England,England",United Kingdom,third-country,FFP,PP,,,PP - Processing Plant,,
FB 111,Fiorella's Kitchen Ltd,Unit 12 Whitby Avenue NW10 7SF,London,NW10,"London,Greater London,England",United Kingdom,third-country,FFP,PP,,,PP - Processing Plant,,
SW 075,Firecracker Oriental Kitchen Ltd,Unit 6 Glengall Business Centre 43-47 Glengall Road London SE15 6NF,London,SE15,"London,Greater London,England",United Kingdom,third-country,FFP,PP,,,PP - Processing Plant,29/02/2024,
HN 024,Firmanich UK Ltd,The Airfield Dalton Thirsk YO7 3HE,Thirsk,YO7,"North Yorkshire,Yorkshire and the Humber,England",United Kingdom,third-country,FFP,PP,,,PP - Processing Plant,29/10/2025,
TH 029,First For Fish,Unit 11 Bow Triangle Industrial Estate 21 Eleanor Street E3 4UR England,London,E3,"London,Greater London,England",United Kingdom,third-country,FFP,PP,,,PP - Processing Plant,,
BI 004,Fish Co Midlands Ltd,2 Birch Road Witton Birmingham B6 7DD,Birmingham,B6,"West Midlands Combined Authority,West Midlands,England",United Kingdom,third-country,FFP,PP,,,PP - Processing Plant,,
TH 056,Fish For Kings Limited,Arch 129 Three Colts Lane London E26JN England,London,E2,"London,Greater London,England",United Kingdom,third-country,FFP,PP,,,PP - Processing Plant,,
BG 025,Fish Galore Ltd,6 & 8 Kings Mews Hove BN3 2PA,Brighton and Hove,BN3,"Brighton and Hove,South East,England",United Kingdom,third-country,FFP,PP,,,PP - Processing Plant,14/04/2026,
BB 157,Fishbox Ltd,5-8 volum street Peterhead AB42 1TZ,Peterhead,AB42,"Aberdeenshire,Scotland",United Kingdom,third-country,FFP,PP,,,PP - Processing Plant,04/05/2022,
KI 062,Fisher Fleet,Wash Princess LN 161 Alexander Dock Norfolk King's Lynn PE30 2ET,King's Lynn,PE30,"Norfolk,East of England,England",United Kingdom,third-country,FFP,FV,,,FV - Factory Vessel,,
KI 063,Fisher Fleet,Georgie Fisher LN 474 Alexandra Dock King's Lynn PE30 2ET,King's Lynn,PE30,"Norfolk,East of England,England",United Kingdom,third-country,FFP,FV,,,FV - Factory Vessel,,
KI 069,Fisher Fleet,Seagull LN 22 Alexandra Dock King's Lynn PE30 2ET,King's Lynn,PE30,"Norfolk,East of England,England",United Kingdom,third-country,FFP,FV,,,FV - Factory Vessel,,
KI 070,Fisher Fleet,Seaswallow LN 20 Alexandra Dock King's Lynn PE30 2ET,King's Lynn,PE30,"Norfolk,East of England,England",United Kingdom,third-country,FFP,FV,,,FV - Factory Vessel,,
KI 072,Fisher Fleet,Portunas LN 91 Alexandra Dock King's Lynn PE30 2ET,King's Lynn,PE30,"Norfolk,East of England,England; 9145011",United Kingdom,third-country,FFP,FV,,,FV - Factory Vessel,,
KI 074,Fisher Fleet,John Willy LN 465 Alexandra Dock King's Lynn PE30 2ET,King's Lynn,PE30,"Norfolk,East of England,England",United Kingdom,third-country,FFP,FV,,,FV - Factory Vessel,,
KI 084,Fisher Fleet,Jolene LN 468 Alexandra dock King's Lynn PE30 2ET,King's Lynn,PE30,"Norfolk,East of England,England",United Kingdom,third-country,FFP,FV,,,FV - Factory Vessel,,
KI 087,Fisher Fleet,Ana Maria LN 478 Alexandra Dock King's Lynn PE30 2ET,King's Lynn,PE30,"Norfolk,East of England,England",United Kingdom,third-country,FFP,FV,,,FV - Factory Vessel,,
KI 088,Fisher Fleet,Two Marks LN 458 Alexandra dock King's Lynn PE30 2ET,King's Lynn,PE30,"Norfolk,East of England,England",United Kingdom,third-country,FFP,FV,,,FV - Factory Vessel,,
KI 085,Fisher Fleet,Charlotte LN 446 Alexandra dock King's Lynn PE30 2ET,King's Lynn,PE30,"Norfolk,East of England,England",United Kingdom,third-country,FFP,FV,,,FV - Factory Vessel,,
KI 093,Fisher Fleet,Lucky Luke LN 6 Alexandra dock King's Lynn PE30 2ET,King's Lynn,PE30,"Norfolk,East of England,England",United Kingdom,third-country,FFP,FV,,,FV - Factory Vessel,,
KI 066,Fisher Fleet,Pamela Mary LN 471 Alexandra Dock King's Lynn PE30 2ET,King's Lynn,PE30,"Norfolk,East of England,England",United Kingdom,third-country,FFP,FV,,,FV - Factory Vessel,,
KI 067,Fisher Fleet,Sarah Louise MT 115 Alexandra Dock King's Lynn PE30 2ET,King's Lynn,PE30,"Norfolk,East of England,England",United Kingdom,third-country,FFP,FV,,,FV - Factory Vessel,,
KI 083,Fisher Fleet,Tessa LN 487 Alexandra Dock King's Lynn PE30 2ET,King's Lynn,PE30,"Norfolk,East of England,England",United Kingdom,third-country,FFP,FV,,,FV - Factory Vessel,,
KI 105,Fisher Fleet,Abbie Lou LO 574 Alexandra Dock King's Lynn PE30 2ET,King's Lynn,PE30,"Norfolk,East of England,England",United Kingdom,third-country,FFP,FV,,,FV - Factory Vessel,,
KI 064,Fisher Fleet,Sunny Morn LN 475 Alexandra Dock King's Lynn PE30 2ET,King's Lynn,PE30,"Norfolk,East of England,England",United Kingdom,third-country,FFP,FV,,,FV - Factory Vessel,,
KI 082,Fisher Fleet,Audrey Patricia LN 466 Alexandra dock King's Lynn PE30 2ET,King's Lynn,PE30,"Norfolk,East of England,England",United Kingdom,third-country,FFP,FV,,,FV - Factory Vessel,,
KI 086,Fisher Fleet,Audrina LN 483 Alexandra dock PE30 2ET King's Lynn,King's Lynn,PE30,"Norfolk,East of England,England",United Kingdom,third-country,FFP,FV,,,FV - Factory Vessel,,
TH 017.066,Fishnet,Unit 8 & 9 Billingsgate Market Trafalgar Way Poplar London E14 5ST,London,E14,"London,Greater London,England",United Kingdom,third-country,FFP,PP,,,PP - Processing Plant,,
LM 022,Flakey Crust Bakery,"Unit 10, Bellingham Trading Estate Franthorne Way London SE6 3BX",London,SE6,"London,Greater London,England",United Kingdom,third-country,FFP,PP,,,PP - Processing Plant,28/01/2025,
AK 141,Flannigan Seafoods Ltd,Unit 3 A&B Windmill Way North Ramparts Business Park Berwick-Upon-Tweed TD15 1TA,Berwick-upon-Tweed,TD15,"Northumberland,North East England,England",United Kingdom,third-country,FFP,PP,,,PP - Processing Plant,23/07/2024,
GG 371,Flatfish Ltd,Thorold Street Grimsby DN31 3AL,Grimsby,DN31,"North East Lincolnshire,Yorkshire and the Humber,England",United Kingdom,third-country,FFP,PP,,,PP - Processing Plant,,
CQ 403,Flying Fish Seafood,Unit A Old School Industrial Estate Indian Queens St Columb Major TR9 6JP,St Columb Major,TR9,"Cornwall,South West England,England",United Kingdom,third-country,FFP,PP,,,PP - Processing Plant,,
FL 002,Folkestone Trawlers Ltd,1 Fish Market,Folkestone,CT19,"Kent,South East,England",United Kingdom,third-country,FFP,PP,,,PP - Processing Plant,,
LJ 018,Food Attraction Limited,Unit 21 Langham Court Langham Road,Leicester,LE5,"East Midlands,England",United Kingdom,third-country,FFP,PP,,,PP - Processing Plant,,
VD 100,Food Centre Wales,Horeb Business Park Horeb SA44 4JG,Llandysul,SA44,"Ceredigion,Wales",United Kingdom,third-country,FFP,PP,,,PP - Processing Plant,,
YM 016,Food Technology Centre,Coleg Menai,Llangefni,LL77,"Isle of Anglesey,Wales",United Kingdom,third-country,FFP,PP,,,PP - Processing Plant,,
YS 088,For Fish Sake,"49 Middlewood Road, Sheffield, S6 4GW",Sheffield,S4,"Yorkshire and the Humber,England",United Kingdom,third-country,FFP,PP,,,PP - Processing Plant,23/07/2026,
SF 168,Fort William Seafoods,"Fort William Seafoods, Unit 2, Blar Mhor Industrial Estate, Lochyside, Fort William, Highland, PH33 7PT.",Fort William,PH33,"Highland,Scotland",United Kingdom,third-country,FFP,PP CS,,,PP - Processing Plant | CS - Cold Stores,20/08/2025,
PO 001,Frank Greenslade Ltd,16 New Quay Road Poole BH15 4AF,Poole,BH15,"Poole,South West England,England",United Kingdom,third-country,FFP,PP,,,PP - Processing Plant,,
NT 118,Frank Round Ltd,5 Prospect Terrace North Shields NE30 1DX,North Shields,NE30,"North East England,England",United Kingdom,third-country,FFP,PP,,,PP - Processing Plant,29/10/2025,
BB152,Fraserburgh Fish Market,"Harbour Road, Fraserburgh, Aberdeenshire AB43 9BR",Fraserburgh,AB43,"Aberdeenshire,Scotland",United Kingdom,third-country,FFP,PP,,,PP - Processing Plant,,
BB030,Fraserburgh Freezing & Cold Storage,"South Harbour Road, Fraserburgh, AB43 9TA",Fraserburgh,AB43,"Aberdeenshire,Scotland",United Kingdom,third-country,FFP,PP CS,,,PP - Processing Plant | CS - Cold Stores,,
AA050,Frasers Fishmerchants Ltd,"26 Russell Road, Aberdeen, AB11 5RB",Aberdeen,AB11,Scotland,United Kingdom,third-country,FFP,PP,,,PP - Processing Plant,,
GG 577,Freemans Fish,Unit 2a Prince Albert Gardens Grimsby DN31 3AG,Grimsby,DN31,"North East Lincolnshire,Yorkshire and the Humber,England",United Kingdom,third-country,FFP,PP,,,PP - Processing Plant,,
MD 048,Fresh Food Company (2007) Ltd,"5 Drum Mains Park, Orchardton Woods, Cumbernauld G68 9LD",North Lanarkshire,G68,"North Lanarkshire,Scotland",United Kingdom,third-country,FFP,PP,,,PP - Processing Plant,,
ON 012,Fresh Kitchen,Bainton Close Bicester Distribution Park Bicester OX26 4SW,Bicester,OX26,"Oxfordshire,South East,England",United Kingdom,third-country,FFP,PP,,,PP - Processing Plant,,
BX 020,Freshasia Foods Ltd,"Units 5,11 and 21 Hailey Road Erith Kent DA18 4AA",London Borough of Bexley,DA1,"London,Greater London,England",United Kingdom,third-country,FFP,PP,,,PP - Processing Plant,17/12/2024,
DG 037,Freshery UK Limited,OYO Business Park Unit J Hindmans Way Dagenham RM9 6LN,London Borough of Barking and Dagenham,RM9,"London,Greater London,England",United Kingdom,third-country,FFP,PP,,,PP - Processing Plant,29/02/2024,
GG 579,Freshney Fish Sales,Unit 4 Prince Albert Gardens Grimsby North East Lincolnshire DN31 3AG,Grimsby,DN31,"North East Lincolnshire,Yorkshire and the Humber,England",United Kingdom,third-country,FFP,PP,,,PP - Processing Plant,,
ES 022,Fruits of the Sea Ltd,11 Towerfield Road Shoeburyness SS3 9QE,Southend-on-Sea,SS3,"Southend-on-Sea,East of England,England",United Kingdom,third-country,FFP,PP,,,PP - Processing Plant,,
WR 030,Fuel Hub Ltd,252-253 Europa Trade Park Europa Boulevard Westbrook Warrington WA5 7TN,Warrington,WA5,"Warrington,North West England,England",United Kingdom,third-country,FFP,PP,,,PP - Processing Plant,23/01/2024,
TW 009,Fulwell Foods Ltd,11B Boundary Road Brackley NN13 7ES,Brackley,NN13,"Northamptonshire,East Midlands,England",United Kingdom,third-country,FFP,PP,,,PP - Processing Plant,,
KL 007,"Furness Fish, Poultry and Game Supplies",Moor Lane Flookburgh Grange-over-Sands LA11 7LS,Grange-over-Sands,LA11,"Cumbria,North West England,England",United Kingdom,third-country,FFP,PP,,,PP - Processing Plant,,
BB004,G & J Jack Seafoods Ltd,"Harbour Road, Fraserburgh, AB43 9TD",Fraserburgh,AB43,"Aberdeenshire,Scotland",United Kingdom,third-country,FFP,PP,,,PP - Processing Plant,,
KC 309,G & J Wilson Limited,"Unit 1B & 1C, Netherton Industrial Estate, St Monans. Fife KY10 2DW",St Monans,KY10,"Fife,Scotland",United Kingdom,third-country,FFP,PP,,,PP - Processing Plant,,
AN 011,G D Poston,Lintels Bilsham Road Yapten Arundel BN18 0JB England,Arundel,BN18,"West Sussex,South East,England",United Kingdom,third-country,FFP,PP,,,PP - Processing Plant,,
AH 014,G R Bunning & Co.,Jubilee Hall Farm Cranworth,Watton,IP25,"Norfolk,East of England,England",United Kingdom,third-country,FFP,PP,,,PP - Processing Plant,,
PF 013,G R Wilson,Unit 24-25 No. 1 Fish Market Wyre Dock Fleetwood FY7 6PS,Fleetwood,FY7,"Lancashire,North West England,England",United Kingdom,third-country,FFP,PP,,,PP - Processing Plant,,
AB025,G and A Spink,"Site 6, Sir William Smith Road, Arbroath DD11 3RD",Arbroath,DD11,"Angus,Scotland",United Kingdom,third-country,FFP,PP,,,PP - Processing Plant,,
TO 070,G.H.M (salcombe) Ltd,Unit 1 The Fish Quay Gould Road Salcombe Devon TQ8 8DU,Salcombe,TQ8,"Devon,South West England,England",United Kingdom,third-country,FFP,PP,,,PP - Processing Plant,,
SF 147,GC Shellfish Ltd,Unit 5B3 Blar Mhor Industrial Estate Fort William Inverness-shire PH33 7PT,Fort William,PH33,"Highland,Scotland",United Kingdom,third-country,FFP,PP,,,PP - Processing Plant,,
SF 148,GC Shellfish Ltd,"Vivier vehicle registration SV68 MVY (vehicle operated by and from the address of G C Shellfish, Unit 5B3 Blar Mhor Industrial Estate, Fort William, Inverness-shire, PH33 7PT",Fort William,PH33,"Highland,Scotland",United Kingdom,third-country,FFP,PP,,,PP - Processing Plant,,
BY 029,GCH Fishmonger,Drapers Farm Beancroft Road Marston Moretaine MK43 0QE,Central Bedfordshire,MK43,"Central Bedfordshire,East of England,England",United Kingdom,third-country,FFP,PP,,,PP - Processing Plant,13/05/2026,
BB084,GT Seafoods (Peterhead) Ltd,"Castle Street, Peterhead, Aberdeenshire AB42 1EN",Peterhead,AB42,"Aberdeenshire,Scotland",United Kingdom,third-country,FFP,PP,,,PP - Processing Plant,,
BB 162,GT Seafoods Limited,7-10 Albert Street Peterhead Aberdeenshire AB42 1ZW,Peterhead,AB42,"Aberdeenshire,Scotland",United Kingdom,third-country,FFP,PP,,,PP - Processing Plant,19/07/2022,
WD110,Galloway Smokehouse,"Carsluith, Newton Stewart, Dumfries and Galloway DG8 7DN",Newton Stewart,DG8,"Dumfries and Galloway,Scotland",United Kingdom,third-country,FFP,CS PP,,,CS - Cold Stores | PP - Processing Plant,18/10/2021,
BB068,Garfish,"Unit 1, Blackhouse Industrial Estate, Peterhead, Aberdeenshire AB42 1BN",Peterhead,AB42,"Aberdeenshire,Scotland",United Kingdom,third-country,FFP,PP,,,PP - Processing Plant,,
FB 178,Gate Gourmet Heathrow Ltd,"Encore Kitchen Unit 32 - 36, Knightsbridge House, Kingsbury Road, London, NW9 8XG",London,NW9,"London,Greater London,England",United Kingdom,third-country,FFP,PP,,,PP - Processing Plant,10/03/2026,
TC 027,Gate Gourmet London Ltd (Manchester),"Units K1, K2 & K3, Ashburton Point Ashburton Road Trafford Park Manchester M17 1EH",Greater Manchester,M17,"Greater Manchester,North West England,England",United Kingdom,third-country,FFP,PP,,,PP - Processing Plant,,
RA 011,Gate Gourmet London Ltd - Glasgow,Glasgow Unit Campsie Drive Glasgow Airport PA3 2SG,Paisley,PA3,"Renfrewshire,Scotland",United Kingdom,third-country,FFP,PP,,,PP - Processing Plant,,
YX 003,Gate Gourmet Ltd,Perimeter Road South Gatwick,Crawley Down,RH10,"West Sussex,South East,England",United Kingdom,third-country,FFP,PP,,,PP - Processing Plant,,
NN 134,Gavin Watling,32 Lighthouse Close Happisburgh NR12 0QE,Happisburgh,NR12,"Norfolk,East of England,England",United Kingdom,third-country,FFP,PP,,,PP - Processing Plant,,
FB 041,Gazebo Fine Foods,"Unit 2, 4 and 11 Fourth Way HA9 0LH",Wembley,HA9,"London,Greater London,England",United Kingdom,third-country,FFP,PP,,,PP - Processing Plant,,
QQ 060,Genesis II,14 Carden Place Aberdeen AB10 1UR,Aberdeen,AB10,Scotland; 6819623	04/11/2022,United Kingdom,third-country,FFP,FV,,,FV - Factory Vessel,,
CQ 730,George Cleave Fish Merchants,1A Brooklands View,Port Isaac,PL29,"Cornwall,South West England,England",United Kingdom,third-country,FFP,PP,,,PP - Processing Plant,,
BB103,George Downie (A FIRM),"40 Low Shore, Whitehills, Banff, Aberdeenshire AB45 2NN",Banff,AB45,"Aberdeenshire,Scotland",United Kingdom,third-country,FFP,PP,,,PP - Processing Plant,,
BT 024,Georgia’s Kitchen Deli,"39A Queens Road, Barnet, N3 2AG",London Borough of Barnet,N3,"London,Greater London,England",United Kingdom,third-country,FFP,PP,,,PP - Processing Plant,08/07/2025,
BI 225,Ghanim International UK Limited,Unit 1 Penine Way Birmingham B8 1JW,Birmingham,B8,"West Midlands Combined Authority,West Midlands,England",United Kingdom,third-country,FFP,PP,,,PP - Processing Plant,,
MK 028,Gilberts Kosher Foods Ltd,Unit 1 Europa Business Park Maidstone Road Kingston,Milton Keynes,MK10,"Milton Keynes,South East,England",United Kingdom,third-country,FFP,PP,,,PP - Processing Plant,,
NH 003,Giorgios Continental Ltd,Dunsil Road Engine Lane Newthorpe Nottingham NG16 3PX England,Newthorpe,NG16,"Nottinghamshire,East Midlands,England",United Kingdom,third-country,FFP,PP,,,PP - Processing Plant,,
AD623,Girl Norma Shellfish,"Barranrioch, Area 4 Glencruitten, Oban, Argyll. PA34 4QB",Oban,PA34,"Argyll and Bute,Scotland",United Kingdom,third-country,FFP,PP,,,PP - Processing Plant,,
KC 107,Glen Fisheries,"Hayfield Industrial Estate, Kirkcaldy KY2 5DH",Kirkcaldy,KY2,"Fife,Scotland",United Kingdom,third-country,FFP,PP,,,PP - Processing Plant,,
WD024,Glencree Salmon,Creeside Newton Stewart Dumfries and Galloway DG8 6JY,Newton Stewart,DG8,"Dumfries and Galloway,Scotland",United Kingdom,third-country,FFP,PP,,,PP - Processing Plant,,
NW 026,Golden Flakes Enterprise Limited,Unit 15 Stratford Workshops Burford Road E15 2SP,London,E15,"London,Greater London,England",United Kingdom,third-country,FFP,PP,,,PP - Processing Plant,,
FB 151,Goldstein Salmon Curers,Units 1 (A+B) Carlisle Road Kingsbury NW9 0HD,London,NW9,"London,Greater London,England",United Kingdom,third-country,FFP,PP,,,PP - Processing Plant,04/01/2022,
AG 216,Good Eating Company Ltd,Unit 304 and 306 2 Portal Way London W3 6RT,London Borough of Ealing,W3,"London,Greater London,England",United Kingdom,third-country,FFP,PP,,,PP - Processing Plant,12/07/2023,
QQ 063,Good Hope - LH - 357,Brodies House 31-33 Union Grove Aberdeen AB10 6SD,Aberdeen,AB10,Scotland; 9863534	03/11/2022,United Kingdom,third-country,FFP,FV,,,FV - Factory Vessel,,
CQ 750,Got Crabs,Soweni Workshop G Prow Park Business Village Treloggan Industrial Estate Newquay TR7 2SX,Newquay,TR7,"Cornwall,South West England,England",United Kingdom,third-country,FFP,PP,,,PP - Processing Plant,05/06/2024,
BB129,Gourdine Fish Merchants,"West Quay, Gourdon, Montrose, Aberdeenshire DD10 0PQ",Gourdon,DD10,"Aberdeenshire,Scotland",United Kingdom,third-country,FFP,PP,,,PP - Processing Plant,,
KH 009,Gourmet House Caviar,10 Notting Hill Gate London W11 3JE,London,W11,"London,Greater London,England",United Kingdom,third-country,FFP,PP,,,PP - Processing Plant,17/10/2021,
FG 041,Gourmet House UK Ltd,Unit 136 New Covent Garden Market Nine Elms Lane London SW8 5EN,London,SW8,"London,Greater London,England",United Kingdom,third-country,FFP,PP,,,PP - Processing Plant,04/10/2023,
SJ 005,Gower Coast Seafood,72 Pencaerfenni Lane Crofty SA4 3SW,Swansea,SA4,Wales,United Kingdom,third-country,FFP,PP,,,PP - Processing Plant,29/10/2025,
KC 201,Graham's The Family Dairy (Milk Products) Limited,"Glenfield Dairy, Glenfield Industrial Estate, Cowdenbeath. Fife KY4 9HT",Fife,KY4,"Fife,Scotland",United Kingdom,third-country,FFP,PP,,,PP - Processing Plant,,
AA081,Granite City Fish,44 Poynernook Road Aberdeen AB11 5QX,Aberdeen City,AB11,"Aberdeen City,Scotland",United Kingdom,third-country,FFP,PP,,,PP - Processing Plant,,
AE 006,Grants Oak Smoked Ltd,Site 14 Solway Industrial Estate Maryport CA15 8NF England,Maryport,CA15,"Cumbria,North West England,England",United Kingdom,third-country,FFP,PP,,,PP - Processing Plant,,
GG 604,Great Grimsby Fish Company,Estate Road 5 South Humberside Industrial Estate Grimsby DN31 2TG,Grimsby,DN31,"North East Lincolnshire,Yorkshire and the Humber,England",United Kingdom,third-country,FFP,PP,,,PP - Processing Plant,22/06/2026,
GG 578,Great Grimsby Traditional Smoked Fish Ltd,Riby Street Grimsby NE Lincolnshire DN31 3HF,North East Lincolnshire,DN31,"North East Lincolnshire,Yorkshire and the Humber,England",United Kingdom,third-country,FFP,PP,,,PP - Processing Plant,,
NM 020,Greencore Northampton,Moulton Park Industrial Estate 15-17 Deer Park Road Northampton NN3 1RR,Northampton,NN3,"Northamptonshire,East Midlands,England",United Kingdom,third-country,FFP,PP,,,PP - Processing Plant,,
FE 007,Greencore Prepared Meals,Weasenham Lane,Wisbech,PE13,"Cambridgeshire,East of England,England",United Kingdom,third-country,FFP,PP,,,PP - Processing Plant,,
RM 001,Greencore Prepared Meals Ltd,Kiveton Mansfield Road Kiveton Sheffield S26 5PF England,Sheffield,S26,"Yorkshire and the Humber,England",United Kingdom,third-country,FFP,PP,,,PP - Processing Plant,,
WR 004,Greencore Warrington,20 Grosvenor Grange Woolston Warrington WA1 4SF,Warrington,WA1,"Warrington,North West England,England",United Kingdom,third-country,FFP,PP,,,PP - Processing Plant,,
GG 005,Grimsby Fish Dock Enterprises Ltd,Wharncliffe Road Grimsby DN31 3QJ,Grimsby,DN31,"North East Lincolnshire,Yorkshire and the Humber,England",United Kingdom,third-country,FFP,PP,,,PP - Processing Plant,,
GG 556,Grimsby Fish Manufacturing Limited,Riby Street Coldstore Riby Street Grimsby DN31 3HF England,Grimsby,DN31,"North East Lincolnshire,Yorkshire and the Humber,England",United Kingdom,third-country,FFP,PP,,,PP - Processing Plant,29/10/2025,
FC 019,Grunsfeld Fine Foods Limited,"Unit 3 Knoll St Industrial Park, Knoll St",Salford,M7,"Greater Manchester,North West England,England",United Kingdom,third-country,FFP,PP,,,PP - Processing Plant,,
EY 036,H Peck & Son,7 Wednesday Market Beverley HU17 0DG,Beverley,HU17,"East Riding of Yorkshire,Yorkshire and the Humber,England",United Kingdom,third-country,FFP,PP,,,PP - Processing Plant,28/10/2025,
TH 016,H. Forman & Son,Stour Wharf Stour Road London E3 2NT,London,E3,"London,Greater London,England",United Kingdom,third-country,FFP,PP,,,PP - Processing Plant,,
FM 028,HK Tasty,"128 Gosport Road, Fareham, PO15 5SD",Fareham,PO15,"Hampshire,South East,England",United Kingdom,third-country,FFP,PP,,,PP - Processing Plant,06/11/2024,
BO 084,HM Foods Supplier Ltd,"Fisherman Wharf, Bolton, BL3 6BW",Bolton,BL3,"Greater Manchester,North West England,England",United Kingdom,third-country,FFP,PP,,,PP - Processing Plant,08/11/2023,
GG 429,Hain Celestial UK Limited,Lakeside Europarc Grimsby DN37 9TW England,Grimsby,DN37,"North East Lincolnshire,Yorkshire and the Humber,England",United Kingdom,third-country,FFP,PP,,,PP - Processing Plant,,
2957,Haji Baba Limited,"Hooks Drove, Murrow, Wisbech, PE13 4HH",Wisbech,PE13,"Cambridgeshire,East of England,England",United Kingdom,third-country,FFP,PP,,,PP - Processing Plant,24/06/2026,
GI 208,Hales and Moore,13 Station Road Gillingham ME8 7RS England,Medway,ME8,"Medway,South East,England",United Kingdom,third-country,FFP,PP,,,PP - Processing Plant,,
FB 171,Hansun,14 Poplar View East Lane Business Park East Lane Wembley HA9 7RD,London Borough of Brent,HA9,"London,Greater London,England",United Kingdom,third-country,FFP,PP,,,PP - Processing Plant,22/05/2025,
GG 171,Harry Briggs Fish,Fish Dock Road Grimsby DN31 3NN,Grimsby,DN31,"North East Lincolnshire,Yorkshire and the Humber,England",United Kingdom,third-country,FFP,PP,,,PP - Processing Plant,,
LV 008.01,Harry Jesse Son & Co Ltd,F20 19 & 10 Liverpool Meat and Fish Market - Stanley (Wholesale ) Fish Market Fish Market Prescot Road Liverpool L13 3AS,Liverpool,L13,"North West England,England",United Kingdom,third-country,FFP,PP,,,PP - Processing Plant,06/06/2023,
WF 042,Harvest Seafoods,Unit 3 Leyton Business Centre Etloe Road London E10 7BT,London,E10,"London,Greater London,England",United Kingdom,third-country,FFP,PP,,,PP - Processing Plant,,
HS 053,Hastings Fishmarket Enterprises (HFE),Hastings Fishmarket Rock-A-Nore Road Hastings TN34 3DW,East Sussex,TN34,"East Sussex,South East,England",United Kingdom,third-country,FFP,PP,,,PP - Processing Plant,,
RA 036,Hebridean Shellfish Ltd,"Unit 10 Mossedge Industrial Estate, Moss Road, Linwood, PA3 3HR",Linwood,PA3,"Renfrewshire,Scotland",United Kingdom,third-country,FFP,CS,,,CS - Cold Stores,08/07/2025,
WA 018,Hebridean Smokehouse Ltd,"Clachan, Isle of North Uist. HS6 5HD",Clachan,,"Argyll and Bute,Scotland",United Kingdom,third-country,FFP,PP,,,PP - Processing Plant,,
YH 024,Heimish Fish Limited T/A Taam Haayam,10 High Road Tottenham,London,N15,"London,Greater London,England",United Kingdom,third-country,FFP,PP,,,PP - Processing Plant,,
TP 063,Henderson Seafood,Unit 11 The Harbour South Quay Paignton TQ4 6DT,Torbay,TQ4,"Torbay,South West England,England",United Kingdom,third-country,FFP,PP,,,PP - Processing Plant,17/05/2022,
QQ 064,Henk Senior - LH - 356,Brodies House 31-33 Union Grove Aberdeen AB10 6SD,Aberdeen,AB10,Scotland; 9795763	03/11/2022,United Kingdom,third-country,FFP,FV,,,FV - Factory Vessel,,
FB 010,Hermolis,276 Abbeydale Road HA0 1TW,Wembley,HA9,"London,Greater London,England",United Kingdom,third-country,FFP,PP,,,PP - Processing Plant,,
WT 008,Hert Estates Limited,Unit 5a Fishers Industrial Estate Wiggenhall Road Watford WD18 0FN,West Watford,WD18,"Hertfordshire,East of England,England",United Kingdom,third-country,FFP,PP,,,PP - Processing Plant,,
AR 008,Higgidy,60 Dolphin Road Shoreham BN43 6PB,West Sussex,BN43,"West Sussex,South East,England",United Kingdom,third-country,FFP,PP,,,PP - Processing Plant,18/10/2024,
LT 022,High Flying Food,"Unit L, Airport Executive Park President Way",Luton,LU2,"Luton,East of England,England",United Kingdom,third-country,FFP,PP,,,PP - Processing Plant,,
SF 135,Highland Charcuterie and Smokehouse Ltd,"142 Oldshoremore, Kinlochbervie, By Lairg Sutherland IV27 4RS",Sutherland,IV27,Scotland,United Kingdom,third-country,FFP,PP,,,PP - Processing Plant,,
AE 034,Highland Farms Ltd,18 Solway Trading Estate Maryport CA15 8NF England,Maryport,CA15,"Cumbria,North West England,England",United Kingdom,third-country,FFP,PP,,,PP - Processing Plant,,
AA091,Highland Fish Products,31 Sinclair Road Torry Aberdeen AB11 9DL,Aberdeen City,AB11,"Aberdeen City,Scotland",United Kingdom,third-country,FFP,PP,,,PP - Processing Plant,,
1178,Highland Game Limited,Baird Avenue Dryburgh Ind Est Dundee,Dundee City,DD2,"Dundee City,Scotland",United Kingdom,third-country,FFP,CS,,,CS - Cold Stores,,
LA 017,Highland Smoked Salmon (Scotland) Ltd,"1-4 Blar Mhor Industrial Estate, Fort William, Inverness-shire PH33 7PT",Fort William,PH33,"Highland,Scotland",United Kingdom,third-country,FFP,PP,,,PP - Processing Plant,,
GG276,Hilton Seafood UK,Estate Road No 2 South Humberside Industrial Estate Grimsby DN31 2TG,Grimsby,DN31,"North East Lincolnshire,Yorkshire and the Humber,England",United Kingdom,third-country,FFP,PP,,,PP - Processing Plant,20/10/2021,
AF 015,Honest Meals,872 Christchurch Road Bournemouth BH7 6DJ,Bournemouth,BH7,"Bournemouth,South West England,England",United Kingdom,third-country,FFP,PP,,,PP - Processing Plant,12/07/2023,
AG 129,Hong's Dumplings,14 Colville Road Acton London W3 8BL,London Borough of Ealing,W3,"London,Greater London,England",United Kingdom,third-country,FFP,PP,,,PP - Processing Plant,01/08/2024,
NF 039,Hook to Plate,"Beaver Lake Farm, Crow Hill, Crow, Ringwood, BH24 3DE",Ringwood,BH24,"Hampshire,South East,England",United Kingdom,third-country,FFP,PP,,,PP - Processing Plant,01/07/2026,
AH 052,Hope Seafood Limited,Hope Seafood Limited Primrose Farm Southburgh IP25 7TE,Breckland,IP25,"Norfolk,East of England,England",United Kingdom,third-country,FFP,PP,,,PP - Processing Plant,30/05/2023,
AG 205,Hosanna London,Unit 5 Kendal Court Kendal Avenue Acton W3 0RU,London,W3,"London,Greater London,England",United Kingdom,third-country,FFP,PP,,,PP - Processing Plant,10/11/2025,
HU 006,Hull Fish Company,43 Strickland Street Hull HU3 4AD,Kingston upon Hull,HU3,"East Riding of Yorkshire,Yorkshire and the Humber,England",United Kingdom,third-country,FFP,PP,,,PP - Processing Plant,23/03/2023,
BS 039,Hungry Moose Catering Ltd,Unit 2 Campbell Court Industrial Estate Bramley Basingstoke RG26 5EG,Basingstoke and Deane,RG26,"Hampshire,South East,England",United Kingdom,third-country,FFP,PP,,,PP - Processing Plant,01/03/2023,
DS 008,Hutchings Bros. Sea Food & Game,1101 Christchurch Road Bournemouth BH7 6BQ,Bournemouth,BH7,"Bournemouth,South West England,England",United Kingdom,third-country,FFP,PP,,,PP - Processing Plant,,
AG 051,Hypergood Ltd T/A Royal Gourmet,"Unit 2, Matrix Park 900 Coronation Road Park Royal NW10 7PH England",London,NW10,"London,Greater London,England",United Kingdom,third-country,FFP,PP,,,PP - Processing Plant,,
KL 009,I & K McClure,65 Main St Grange-over-Sands LA11 7LB,Grange-over-Sands,LA11,"Cumbria,North West England,England",United Kingdom,third-country,FFP,PP,,,PP - Processing Plant,,
2831,IRC Cucina Limited,Unit A Pisces Mosely Road Manchester M17 1PF,Greater Manchester,M17,"Greater Manchester,North West England,England",United Kingdom,third-country,FFP,PP,,,PP - Processing Plant,06/06/2023,
TH 017.063,ISH Seafoods Ltd,Billingsgate Market Trafalgar Way Poplar London E14 5ST,London,E14,"London,Greater London,England",United Kingdom,third-country,FFP,PP PP,,,PP - Processing Plant | PP - Processing Plant,,
MN 125,ITR Hospitality Limited,"Unit 4, Thames Industrial Estate, Higher Ardwick, M12 6DD",Manchester,M12,"Greater Manchester,North West England,England",United Kingdom,third-country,FFP,PP,,,PP - Processing Plant,28/04/2026,
FB 176,IV Season PVT Ltd,"Unit A, Syms House, Woodside End, Wembley, HA0 1UR",London Borough of Brent,HA0,"London,Greater London,England",United Kingdom,third-country,FFP,PP,,,PP - Processing Plant,14/10/2025,
DY 016,IVC Brunel Healthcare,Units 1& 2 William Nadin Way Swadlincote DE11 0BB,South Derbyshire,DE11,"Derbyshire,East Midlands,England",United Kingdom,third-country,FFP,PP,,,PP - Processing Plant,,
TP 013,Ian Perkes Wholesale Fish Merchants Limited,"Office 4, New Fish Quay, Brixham, Torbay, TQ5 8AW",Brixham,TQ5,"Torbay,South West England,England",United Kingdom,third-country,FFP,PP,,,PP - Processing Plant,,
GG 409,Ice Fresh Seafood,Unit 19/20 Estate Rd 8 SHIE Grimsby DN31 2TP,Grimsby,DN31,"North East Lincolnshire,Yorkshire and the Humber,England",United Kingdom,third-country,FFP,PP,,,PP - Processing Plant,,
GG 569,Ice Fresh Seafood,Estate Road South Humberside Industrial Estate Grimsby DN31 2TL England,Grimsby,DN31,"North East Lincolnshire,Yorkshire and the Humber,England",United Kingdom,third-country,FFP,PP,,,PP - Processing Plant,,
GG 532,Ice Group Ltd,Unit 20 Seafood Village Wickham Road Grimsby DN313SX England,Grimsby,DN31,"North East Lincolnshire,Yorkshire and the Humber,England",United Kingdom,third-country,FFP,PP,,,PP - Processing Plant,,
GG 413,Ice Group-Grimsby Ltd,Trondheim Way Stallingborough DN41 8FD,Stallingborough,DN41,"North East Lincolnshire,Yorkshire and the Humber,England",United Kingdom,third-country,FFP,PP,,,PP - Processing Plant,,
GG 500,Iceland Seafood UK Limited,Fiskerton Way Grimsby DN37 9SZ England,Grimsby,DN37,"North East Lincolnshire,Yorkshire and the Humber,England",United Kingdom,third-country,FFP,PP,,,PP - Processing Plant,,
LC 037,Ideal Catering,"3 & 4 Enterprise Way, Boston, PE21 7TW",Boston,PE21,"Lincolnshire,East Midlands,England",United Kingdom,third-country,FFP,PP,,,PP - Processing Plant,15/10/2025,
GT 032,Ideal Catering Ltd,Bourne Abbey C of E Primary Academy Abbey Road Bourne PE10 9EP England,Bourne,PE10,"Lincolnshire,East Midlands,England",United Kingdom,third-country,FFP,PP,,,PP - Processing Plant,,
GT 031,Ideal Catering Ltd,Huntingtower Community Primary Academy Catering Facility Huntingtower School Grantham NG31 7AU England,Grantham,NG31,"Lincolnshire,East Midlands,England",United Kingdom,third-country,FFP,PP,,,PP - Processing Plant,,
GT 034,Ideal Catering Ltd,A1 Northbound Foston NG32 2JS England,Foston,NG32,"Lincolnshire,East Midlands,England",United Kingdom,third-country,FFP,PP,,,PP - Processing Plant,,
GG 588,Ideal Foods Ltd,"Unit 3, Grimsby Seafood Village, Grimsby, DN31 3SX",Grimsby,DN31,"North East Lincolnshire,Yorkshire and the Humber,England",United Kingdom,third-country,FFP,PP,,,PP - Processing Plant,16/01/2026,
GG 603,Ideal Foods Ltd,"Grimsby Fish Market, Wharncliffe Road, Grimsby, DN31 3NG",Grimsby,DN31,"North East Lincolnshire,Yorkshire and the Humber,England",United Kingdom,third-country,FFP,PP,,,PP - Processing Plant,21/10/2025,
AG 014,Imagefarm Ltd (T/A Wilson's of Sloane Street),175 Brent Crescent Park Royal London NW10 7XR England,London,NW10,"London,Greater London,England",United Kingdom,third-country,FFP,PP,,,PP - Processing Plant,,
CQ 764,Imex International,High Downs Croft Mitchell Troon Camborne TR14 9JH,Troon,TR14,"Cornwall,South West England,England",United Kingdom,third-country,FFP,PP,,,PP - Processing Plant,25/08/2026,
KO 034,Independent Gourmet Foods,78 Gloucester Road Almondsbury,Bristol,,"City of Bristol,South West England,England",United Kingdom,third-country,FFP,PP,,,PP - Processing Plant,,
EY 047,Independent Shellfishermen's Cooperative,"SOUTH PIER, THE HARBOUR YO15 3AN BRIDLINGTON",Bridlington,YO15,"East Riding of Yorkshire,Yorkshire and the Humber,England",United Kingdom,third-country,FFP,PP,,,PP - Processing Plant,18/02/2025,
MN 057,Inspired Global Cuisine,Hammerstone Road Gorton M18 8BW,Manchester,M18,"Greater Manchester,North West England,England",United Kingdom,third-country,FFP,PP,,,PP - Processing Plant,20/12/2022,
OL 040,Inspired Global Cuisine Ltd,Unit A Lydia Becker Way Chadderton Olham OL9 9GQ,Oldham,OL9,"Greater Manchester,North West England,England",United Kingdom,third-country,FFP,PP,,,PP - Processing Plant,03/06/2026,
AY 048,Instant Delights Ltd,29 Pembroke Road Stocklake Industrial Estate Aylesbury HP20 1DB,Aylesbury,HP20,"Buckinghamshire,South East,England",United Kingdom,third-country,FFP,PP,,,PP - Processing Plant,22/04/2025,
XQ 009,Interfish Ltd,Wallsend Industrial.Estate Cattledown Devon Plymouth PL4 0RW,Plymouth,PL4,"South West England,England",United Kingdom,third-country,FFP,PP,,,PP - Processing Plant,,
BB008,International Fish Canners Ltd,"Bath Street, Fraserburgh, Aberdeenshire AB43 9DY",Fraserburgh,AB43,"Aberdeenshire,Scotland",United Kingdom,third-country,FFP,PP,,,PP - Processing Plant,,
GG 530,International Seafoods,Grimsby Lakeside Lakeside Europarc Grimsby DN37 9TW England,Grimsby,DN37,"North East Lincolnshire,Yorkshire and the Humber,England",United Kingdom,third-country,FFP,PP,,,PP - Processing Plant,,
GG 571,Ish Fish Ltd,North Quay North Wall Grimsby Fish Docks Grimsby DN31 3SY,Grimsby,DN31,"North East Lincolnshire,Yorkshire and the Humber,England",United Kingdom,third-country,FFP,PP,,,PP - Processing Plant,11/10/2023,
UT 029,Isherwoods Fish Wholesalers,Unit 14 Carlton Place Shire Hill Saffron Walden CB11 3AU,Uttlesford,CB11,"Essex,East of England,England",United Kingdom,third-country,FFP,PP,,,PP - Processing Plant,,
SA 077,Island Fish (Shetland) Limited,Unit 1 Marina Business Park Gremista Lerwick Shetland ZE1 0TA,Lerwick,ZE1,"Shetland Islands,Scotland",United Kingdom,third-country,FFP,PP,,,PP - Processing Plant,,
IL 006,Island Fish Limited,Newpark Bryher TR23 0PR England,Isles of Scilly,TR23,"Isles of Scilly,South West England,England",United Kingdom,third-country,FFP,PP,,,PP - Processing Plant,,
AD 093,Islay Crab Exports Limited,"The Shellfish Factory, Glenegedale, Isle of Islay, Argyll PA42 7AS",Argyll and Bute,PA42,"Argyll and Bute,Scotland",United Kingdom,third-country,FFP,PP,,,PP - Processing Plant,25/11/2021,
WA083,Isle of Barra Oysters,"27A Eoligarry, Isle of Barra HS9 5YA",Castlebay,HS9,"Western Isles,Scotland",United Kingdom,third-country,FFP,WM PP,,,WM - Wholesale Market | PP - Processing Plant,29/10/2025,
SF 139,Isle of Skye Smokehouse Limited,Scalpay View 2 Ard Dorch Broadford Isle of Skye IV49 9AJ,Scalpay,IV49,"Scalpay,Scotland",United Kingdom,third-country,FFP,PP,,,PP - Processing Plant,,
EW 009,I’m So Good!,Unit 1B Smiths Yard New Tythe Street Long Eaton Nottingham NG10 2DL,Erewash,NG10,"Derbyshire,East Midlands,England",United Kingdom,third-country,FFP,PP,,,PP - Processing Plant,03/10/2023,
MN 122,J & B Wilde Ltd,"Unit 8 J5 & J6, New Smithfield Market Whitworth Street East Openshaw Manchester M11 2WJ",Manchester,M11,"Greater Manchester,North West England,England",United Kingdom,third-country,FFP,PP,,,PP - Processing Plant,23/06/2026,
AD 656,J & C Prentice Shellfish Limited,Tarbert Fish Market Harbour Street Tarbert PA29 6UD,Argyll and Bute,PA29,"Argyll and Bute,Scotland",United Kingdom,third-country,FFP,PP,,,PP - Processing Plant,26/04/2023,
EF 023,J & K Global Food Ltd,Mitchell’s Farm London Road Stapleford Tawney RM4 1SP,Stapleford Tawney,RM4,"Essex,East of England,England",United Kingdom,third-country,FFP,PP,,,PP - Processing Plant,10/11/2021,
TH 017.032,J & P Exotics,Billingsgate Market Trafalgar Way Poplar London E14 5ST,London,E14,"London,Greater London,England",United Kingdom,third-country,FFP,PP,,,PP - Processing Plant,,
BM 002,J B Trading Limited,Crockenhill Road Cray Valley East,London Borough of Bromley,BR8,"London,Greater London,England",United Kingdom,third-country,FFP,PP,,,PP - Processing Plant,,
RR 003,J Botterill,Seafarers Rye Harbour Road Rye TN31 7TT,Rye,TN31,"East Sussex,South East,England",United Kingdom,third-country,FFP,PP,,,PP - Processing Plant,,
AA 015,J Charles Seafoods Limited,C/O Nolan Seafoods Limited Craigshaw Drive Aberdeen AB12 3BE,Aberdeen,AB12,Scotland,United Kingdom,third-country,FFP,PP,,,PP - Processing Plant,09/12/2022,
BB054,J H Milne Peterhead Ltd,"3 Keith Street, Peterhead, Aberdeenshire AB42 1BP",Peterhead,AB42,"Aberdeenshire,Scotland",United Kingdom,third-country,FFP,PP,,,PP - Processing Plant,,
TH 042,J J Meats Ltd,Unit 24 Bow Triangle Business Park Eleanor Street E34UR England,London,E3,"London,Greater London,England",United Kingdom,third-country,FFP,PP,,,PP - Processing Plant,,
EB 007,J K Thomson,"Units 1/7, Unit 2 8-10, Eskmills Park, Musselburgh, EH21 7UQ",Musselburgh,EH21,"East Lothian,Scotland",United Kingdom,third-country,FFP,PP,,,PP - Processing Plant,03/11/2022,
AA213,J Law Ltd,"66 Sinclair Road, Torry, Aberdeen AB11 9PT",Aberdeen,AB11,Scotland,United Kingdom,third-country,FFP,PP,,,PP - Processing Plant,,
OR 006,J Peet Potted Shrimps,66 Station Road Banks Village Southport PR9 8BB,Southport,PR8,"North West England,England",United Kingdom,third-country,FFP,PP,,,PP - Processing Plant,29/10/2025,
AA143,J S Fish Ltd,"4 Russell Road, Aberdeen AB11 5RB",Aberdeen,AB11,Scotland,United Kingdom,third-country,FFP,PP,,,PP - Processing Plant,,
BI 020,J Vickerstaff & Co Ltd,Unit 73 & 75 Birmingham Wholesale Market 7 The Hub Nobel Way Birmingham B6 7EU,Birmingham,B6,"West Midlands Combined Authority,West Midlands,England",United Kingdom,third-country,FFP,PP,,,PP - Processing Plant,,
GG 563,J W Mellin Fish Sales,4 Prince Albert Gardens Grimsby DN31 3AG England,Grimsby,DN31,"North East Lincolnshire,Yorkshire and the Humber,England",United Kingdom,third-country,FFP,PP,,,PP - Processing Plant,,
AD 646,J and C Prentice Shellfish Limited,"Churchill Quarry, Campbeltown Road. Tarbert PA29 6SX",Argyll and Bute,PA29,"Argyll and Bute,Scotland",United Kingdom,third-country,FFP,PP,,,PP - Processing Plant,,
IW 074,J&B Wholesale,Clifton Buildings Avenue Road Freshwater Isle of Wight PO40 9UT England,Freshwater,PO40,"Isle of Wight,South East,England",United Kingdom,third-country,FFP,PP,,,PP - Processing Plant,,
NN 153,J&S Shellfish Ltd,7 The Close Holt NR25 6DD,Holt,NR25,"Norfolk,East of England,England",United Kingdom,third-country,FFP,PP,,,PP - Processing Plant,18/06/2024,
TH 017.016,J. Bennett (Billingsgate) Ltd,Billingsgate Market Trafalgar Way Poplar London E14 5ST,London,E14,"London,Greater London,England",United Kingdom,third-country,FFP,PP,,,PP - Processing Plant,,
NT 123,J. G. Seafoods,Unit 3A Union Road Trading Estate Tanners Bank North Shields North Tyneside NE30 1HR,Tyne and Wear,NE30,"North East England,England",United Kingdom,third-country,FFP,PP,,,PP - Processing Plant,26/11/2024,
GG 592,JB PROCESSING LIMITED,UNIT 13 GRIMSBY SEAFOOD VILLAGE WICKHAM ROAD GRIMSBY DN31 3SX,Grimsby,DN31,"North East Lincolnshire,Yorkshire and the Humber,England",United Kingdom,third-country,FFP,PP,,,PP - Processing Plant,02/08/2022,
LV 008.04,JC & W Craig Balfour Ltd,Units F27 & F28 Liverpool Meat and Fish Market Stanley (Wholesale) Fish Market Prescot Road Liverpool L133AS,Liverpool,L13,"North West England,England",United Kingdom,third-country,FFP,PP,,,PP - Processing Plant,01/08/2023,
GG 397,JCS Fish Ltd,Nelc Murray St Units Grimsby DN31 3RD,Grimsby,DN31,"North East Lincolnshire,Yorkshire and the Humber,England",United Kingdom,third-country,FFP,CS PP,,,CS - Cold Stores | PP - Processing Plant,06/12/2021,
BO 050,JDM Quality Foods Ltd,Crown Lane Horwich Bolton BL6 5HY England,Bolton,BL6,"Greater Manchester,North West England,England",United Kingdom,third-country,FFP,PP,,,PP - Processing Plant,,
NN 119,JJ. and C.A.S. Davies Ltd,Rear of 7 Garden Street Cromer NR27 9HN,Cromer,NR27,"Norfolk,East of England,England",United Kingdom,third-country,FFP,PP,,,PP - Processing Plant,,
SF 041 FE,JPL Shellfish (Scotland) Ltd,"Seafood Park, Scrabster, Caithness, Scotland, KW14 7UJ",Scrabster,KW14,Scotland,United Kingdom,third-country,FFP,PP,,,PP - Processing Plant,02/12/2025,
TZ 006,Jacksons Ltd,52 Queen Street Newton Abbot TQ12 2EW,Newton Abbot,TQ12,"Devon,South West England,England",United Kingdom,third-country,FFP,PP,,,PP - Processing Plant,,
PF 002,Jade Fisheries,Herring Arm Road Fleetwood FY7 6NB,Fleetwood,FY7,"Lancashire,North West England,England",United Kingdom,third-country,FFP,PP,,,PP - Processing Plant,,
GG 534,Jaines Seafoods,Kemp Road Fish Docks Grimsby DN31 3SY England,Grimsby,DN31,"North East Lincolnshire,Yorkshire and the Humber,England",United Kingdom,third-country,FFP,PP,,,PP - Processing Plant,,
KI 120,Jaleto MT105,"Brancaster Staithe, Kings Lynn, PE31 8BW",King's Lynn and West Norfolk,PE31,"Norfolk,East of England,England",United Kingdom,third-country,FFP,FV,,,FV - Factory Vessel,08/04/2026,
KL 003,James Baxter & Son Ltd,c/o Furness Fish & Game Moor Lane Flookburgh Grange-over-Sands LA11 7LS,Grange-over-Sands,LA11,"Cumbria,North West England,England",United Kingdom,third-country,FFP,PP,,,PP - Processing Plant,,
LH 013,James Knight of Mayfair Limited,135-138 Newport Street Vauxhall SE11 6AQ,London,SE11,"London,Greater London,England",United Kingdom,third-country,FFP,PP,,,PP - Processing Plant,17/10/2022,
TH 017.017,James Nash and Son Limited,Billingsgate Market Trafalgar Way Poplar London E14 5ST,London,E14,"London,Greater London,England",United Kingdom,third-country,FFP,PP,,,PP - Processing Plant,,
NQ 006,James T Blakemann (Service) Ltd,Millennium Way High Carr Business Park Newcastle-under-Lyme ST5 7UF,Newcastle-under-Lyme,ST5,"Staffordshire,West Midlands,England",United Kingdom,third-country,FFP,PP,,,PP - Processing Plant,,
QQ 065,Jannetje Cornelis - H144,Brodies House 31-33 Union Grove Aberdeen AB10 6SD,Aberdeen,AB10,Scotland; 9847255	03/11/2022,United Kingdom,third-country,FFP,FV,,,FV - Factory Vessel,,
KU 007,Jarvis the Fishmonger,58 Coombe Road,Royal Borough of Kingston upon Thames,KT2,"London,Greater London,England",United Kingdom,third-country,FFP,PP,,,PP - Processing Plant,,
WN 087,Jayjay Nuga Enterprise,"Unit 39, Central Trading Estate, Cable Street, Wolverhampton, WV2 2HX",Wolverhampton,WV2,"West Midlands Combined Authority,West Midlands,England",United Kingdom,third-country,FFP,PP,,,PP - Processing Plant,06/11/2025,
TH 062,Jo Showa Trading Ltd,28 Bow Triangle Business Centre Eleanor Street London E3 4UR,London,E3,"London,Greater London,England",United Kingdom,third-country,FFP,PP,,,PP - Processing Plant,11/12/2023,
KI 011,John Lake Shellfish Ltd,Riverside Cross Bank Road King's Lynn PE30 2HD England,King's Lynn,PE30,"Norfolk,East of England,England",United Kingdom,third-country,FFP,PP,,,PP - Processing Plant,,
LF 007,John Owen,53 Britannia Way WS149UY,Lichfield,WS14,"Staffordshire,West Midlands,England",United Kingdom,third-country,FFP,PP,,,PP - Processing Plant,,
AA011,John Ross Junior (Aberdeen) Ltd,68-84 Sinclair Road Torry Aberdeen AB11 9PP,Aberdeen,AB11,Scotland,United Kingdom,third-country,FFP,PP,,,PP - Processing Plant,,
TH 017.015,John Stockwell Limited,Billingsgate Market Trafalgar Way Poplar London E14 5ST,London,E14,"London,Greater London,England",United Kingdom,third-country,FFP,PP,,,PP - Processing Plant,,
GA 088,John Vallance,"Block D Unit 12, 130 Blochairn Road, Glasgow G21 2DU",Glasgow City,G21,Scotland,United Kingdom,third-country,FFP,PP,,,PP - Processing Plant,,
PF 070,John Ward Agency LTD,The Fish Auction Hall Unit 9 & 10 Fleetwood Docks Dock Avenue Fleetwood,Fleetwood,FY7,"Lancashire,North West England,England",United Kingdom,third-country,FFP,PP,,,PP - Processing Plant,,
PH 030,Johnson's Enterprises Ltd,Unit 4 Portsmouth Wholesale Meat Centre Norway Road Portsmouth PO3 5HT,Portsmouth,PO3,"South East,England",United Kingdom,third-country,FFP,PP,,,PP - Processing Plant,,
OA 009,Jolly's of Orkney,"Scotts Road, Hatston, Kirkwall, Orkney KW15 1GR",Kirkwall,KW15,"Orkney Islands,Scotland",United Kingdom,third-country,FFP,PP,,,PP - Processing Plant,,
NN 132,Jonas Seafood Ltd,Stonehill Way Holt Road Cromer NR27 9JW,Cromer,NR27,"Norfolk,East of England,England",United Kingdom,third-country,FFP,PP,,,PP - Processing Plant,,
AA 038,Joseph Robertson (Aberdeen) Ltd,45-47 Sinclair Road Aberdeen AB11 9BG,Aberdeen City,AB11,"Aberdeen City,Scotland",United Kingdom,third-country,FFP,CS PP,,,CS - Cold Stores | PP - Processing Plant,04/07/2024,
CI 043,Julie's,Hut 10 Fisherman's Walk Kingsway Selesy,Chichester,PO20,"West Sussex,South East,England",United Kingdom,third-country,FFP,PP,,,PP - Processing Plant,,
SF 109,Just Hooked Ltd,Unit 1 6 Leasgeary Road Portree Isle of Skye IV51 9BE,Portree,IV51,"Highland,Scotland",United Kingdom,third-country,FFP,PP,,,PP - Processing Plant,,
VS 017,KD Pharma UK Ltd,Seal Sands Middlesbrough TS2 1UB,Stockton-on-Tees,TS2,"Stockton-on-Tees,North East England,England",United Kingdom,third-country,FFP,PP,,,PP - Processing Plant,29/10/2025,
PF 068,KJT Fish Ltd,Unit 7 Harbour Trading Estate Fleetwood Lancashire FY7 7PA,Lancashire,FY7,"Lancashire,North West England,England",United Kingdom,third-country,FFP,PP,,,PP - Processing Plant,03/09/2024,
BT 025,KO Meals,"110 -111 Dephna House, 24 - 26 Arcadia Avenue, Finchley, N3 2JU",London,N3,"London,Greater London,England",United Kingdom,third-country,FFP,PP,,,PP - Processing Plant,07/10/2025,
LO 084,KS Fish Ltd,10 Cooke Road South Lowestoft Industrial Estate Lowestoft NR33 7NA,Suffolk,NR33,"Suffolk,East of England,England",United Kingdom,third-country,FFP,PP,,,PP - Processing Plant,03/02/2022,
WA034,Kallin Shellfish Ltd,"Kallin, Grimsay, North Uist HS6 5HY",Western Isles,HS6,Scotland,United Kingdom,third-country,FFP,PP,,,PP - Processing Plant,,
GN 014,Kam Kee Foods Ltd,10-11 Kingside Business Park Ruston Road Woolwich Greenwich SE18 5BX England,London,SE18,"London,Greater London,England",United Kingdom,third-country,FFP,PP,,,PP - Processing Plant,,
BI 032,Kamal & Sons UK Limited,2 Vine Street Aston Birmingham B6 5TS,Birmingham,B6,"West Midlands Combined Authority,West Midlands,England",United Kingdom,third-country,FFP,PP,,,PP - Processing Plant,28/10/2025,
AG 229,Kammoun,"Unit 5C, Heron Trading Estate, Alliance Road, Acton, W3 0RA",London Borough of Ealing,W3,"London,Greater London,England",United Kingdom,third-country,FFP,PP,,,PP - Processing Plant,27/08/2026,
IL 002,Katie's Pride,6 Barnes Acre St Marys Isles of Scilly TR21 0AB,Isles of Scilly,TR21,England,United Kingdom,third-country,FFP,PP,,,PP - Processing Plant,13/01/2025,
SW 072,Kaviari UK Ltd,7 Maidstone Building Mews London SE1 1GD,London,SE1,"London,Greater London,England",United Kingdom,third-country,FFP,PP,,,PP - Processing Plant,29/02/2024,
OL 027,Kefco Fresh,Unit 1 Meridian Estate Crossbank Street Oldham OL8 1HE Lancashire,Oldham,OL8,"Greater Manchester,North West England,England",United Kingdom,third-country,FFP,PP,,,PP - Processing Plant,,
SF 032,Keltic Seafare (Scotland) Ltd,"Unit 6 Strathpeffer Road Industrial Estate, Dingwall, Ross-shire IV15 9SP",Dingwall,IV15,"Highland,Scotland",United Kingdom,third-country,FFP,PP,,,PP - Processing Plant,,
BB051,Ken Cassells Limited,WILSON STREET PETERHEAD AB42 1UD,Peterhead,AB42,"Aberdeenshire,Scotland",United Kingdom,third-country,FFP,PP,,,PP - Processing Plant,,
TG 011,Ken Green Fish Merchants,"34 High Street, Clacton on Sea, CO15 1UA",Clacton-on-Sea,CO15,"Essex,East of England,England",United Kingdom,third-country,FFP,PP,,,PP - Processing Plant,11/06/2025,
PF 072,Kendal Fish and Seafoods Ltd & Westcoast Seafoods & Wavesea,Units 16-20 Fish Market Wyre Dock Herring Arm Road Fleetwood FY7 6NB,Wyre,FY7,"Lancashire,North West England,England",United Kingdom,third-country,FFP,PP,,,PP - Processing Plant,04/07/2023,
YB 067,Kendray Central Production Unit,Kendray Hospital Doncaster Road Barnsley S70 3RD,Barnsley,S70,"Yorkshire and the Humber,England",United Kingdom,third-country,FFP,PP,,,PP - Processing Plant,,
CQ 257,Kernow Catch Fish and Shellfish,Primrose Cottage Chapel Porth St Agnes TR5 0NR,St. Agnes,TR5,"Cornwall,South West England,England",United Kingdom,third-country,FFP,PP,,,PP - Processing Plant,08/08/2023,
CQ 027,Kernowsashimi Limited,Trecoose St Martin Helston TR12 6DF,St Martin,TR12,"Cornwall,South West England,England",United Kingdom,third-country,FFP,PP,,,PP - Processing Plant,,
HP 003,Kerry EMEA,Unit 6 Park View Road West Park View Industrial Estate Hartlepool TS25 1PE,Hartlepool,TS25,"Hartlepool,North East England,England",United Kingdom,third-country,FFP,PP,,,PP - Processing Plant,,
OR 010,Kershaw Frozen Foods Ltd,Pool Hey Lane Scarsisbrick Southport PR8 5LD,Southport,PR8,"North West England,England",United Kingdom,third-country,FFP,PP,,,PP - Processing Plant,,
ME 010,Kettleby Foods Ltd,2 Samworth Way,Melton Mowbray,LE13,"Leicestershire,East Midlands,England",United Kingdom,third-country,FFP,PP,,,PP - Processing Plant,,
GG 486,Kevin Stansfield Ltd,1-2 Maltings Way Grimsby DN31 1QS England,Grimsby,DN31,"North East Lincolnshire,Yorkshire and the Humber,England",United Kingdom,third-country,FFP,PP,,,PP - Processing Plant,,
LD 277,Khruathai Ltd,Units 4 & 5 Kirkstall Industrial Park Kirkstall Road Burley LS42AZ,Leeds,LS4,"Yorkshire and the Humber,England",United Kingdom,third-country,FFP,PP,,,PP - Processing Plant,,
WA062,Kilbride Shellfish Ltd,"Saltabhaig, Ludag, Kilbride, Isle of South Uist HS8 5TS",Lochboisdale,HS8,"Western Isles,Scotland",United Kingdom,third-country,FFP,PP,,,PP - Processing Plant,,
GA 052 B,Kilo Shellfish Limited,"8 and 9 Moorpark Industrial Estate, 15 Orton Place, Ibrox. Glasgow G51 2HF",Glasgow,G52,"Glasgow City,Scotland",United Kingdom,third-country,FFP,PP,,,PP - Processing Plant,,
MT 016,Kims Foods,284 Western Road SW19 2QA,London,SW19,"London,Greater London,England",United Kingdom,third-country,FFP,PP,,,PP - Processing Plant,,
TP 039,Kingfisher ( Brixham) Ltd,Unit 4/5 Torbay Business Park Woodview Road Paignton TQ4 7HP,Paignton,TQ4,"Torbay,South West England,England",United Kingdom,third-country,FFP,PP,,,PP - Processing Plant,,
BI 191,Kingfisher Midlands,Unit E Austin Way Birmingham B42 1DU,Birmingham,B42,"West Midlands Combined Authority,West Midlands,England",United Kingdom,third-country,FFP,PP,,,PP - Processing Plant,,
HM 024,Kings Crayfish,Chiphall Acre Droxford Road Wickham PO17 5AY,Wickham,PO17,"Hampshire,South East,England",United Kingdom,third-country,FFP,PP,,,PP - Processing Plant,27/09/2022,
GG 598,Kingsway Fish Co Ltd,Unit K1 Grimsby West Industrial Estate Birchin Way Grimsby DN31 2SG,Grimsby,DN31,"North East Lincolnshire,Yorkshire and the Humber,England",United Kingdom,third-country,FFP,PP,,,PP - Processing Plant,13/02/2024,
SE 010,Kinlochbervie Fishmarket,"Kinlochbervie Harbour, Kinlochbervie By Lairg IV27 4RR",Kinlochbervie,IV27,"Highland,Scotland",United Kingdom,third-country,FFP,PP,,,PP - Processing Plant,,
XA 014,Kirkella H7,"Onward Fishing Company, The Orangery, Hesslewood Country Business Park, Ferriby Road, Hessle",Hessle,HU13,"East Riding of Yorkshire,Yorkshire and the Humber,England",United Kingdom,third-country,FFP,FV,,,FV - Factory Vessel,,
GG 383,Kirwin Bros. Ltd,North Quay Fish Docks Grimsby DN31 3SY,Grimsby,DN31,"North East Lincolnshire,Yorkshire and the Humber,England",United Kingdom,third-country,FFP,PP,,,PP - Processing Plant,,
GG 605,Kirwin Brothers Ltd,"Plot 18, Estate Road No 1, Grimsby, DN31 2TB",Grimsby,DN31,"North East Lincolnshire,Yorkshire and the Humber,England",United Kingdom,third-country,FFP,PP,,,PP - Processing Plant,30/06/2026,
LT 031,Kosher Deli (UK) Limited,Unit 8 Finway Dallow Road,Luton,LU1,"Luton,East of England,England",United Kingdom,third-country,FFP,PP,,,PP - Processing Plant,,
RT 001,L & J King Ltd 'King's Purveyors of Finest Cavier',Unit 6 Mill Farm Business Park Millfield Road Hanworth TW4 5PY,London,TW4,"London,Greater London,England",United Kingdom,third-country,FFP,PP,,,PP - Processing Plant,,
YK 017,L & W Shellfish,Unit 2 Fairfield Way Stainsacre Lane Industrial Estate Whitby YO22 4PU,Scarborough,YO22,"North Yorkshire,Yorkshire and the Humber,England",United Kingdom,third-country,FFP,PP,,,PP - Processing Plant,,
TH 017.028,"LG Wicker Co., Billingsgate",Billingsgate Market Trafalgar Way Poplar London E14 5ST,London,E14,"London,Greater London,England",United Kingdom,third-country,FFP,PP,,,PP - Processing Plant,,
FB 116,La Tua Pasta,Unit 3 & 4 Nucleus Park Central Way NW107XT,London,NW10,"London,Greater London,England",United Kingdom,third-country,FFP,PP,,,PP - Processing Plant,,
BB087,Laeso Fish Ltd,"Dam Head Circle, Dales Industrial Estate, Peterhead, Aberdeenshire AB42 3GX",Peterhead,AB42,"Aberdeenshire,Scotland",United Kingdom,third-country,FFP,CS PP,,,CS - Cold Stores | PP - Processing Plant,25/11/2021,
RH 020,Lake Manufacturing Services,7 Colemeadow Road Redditch Worcestershire B98 9PB,Worcestershire,B98,"Worcestershire,West Midlands,England",United Kingdom,third-country,FFP,PP,,,PP - Processing Plant,29/10/2025,
FY 023,Laleham Health and Beauty Ltd,Fairfield Bradshaw Lane Greenhalgh Kirkham PR4 3JA,Kirkham,PR4,"Lancashire,North West England,England",United Kingdom,third-country,FFP,PP,,,PP - Processing Plant,,
MQ 011,Lambton & Jackson Ltd,The Barn at Chigborough Chigborough Road Heybridge Maldon CM9 4RE,Essex,CM9,"Essex,East of England,England",United Kingdom,third-country,FFP,PP,,,PP - Processing Plant,,
NT 117,Larrys,3-4 Prospect Terrace North Shields NE30 1DX,North Shields,NE30,"North East England,England",United Kingdom,third-country,FFP,PP,,,PP - Processing Plant,,
TP 018,Lawrence & Rae Ltd,Jetty Store Unit 2 New Fish Quay Brixham TQ5 8AJ,Brixham,TQ5,"Torbay,South West England,England",United Kingdom,third-country,FFP,PP,,,PP - Processing Plant,,
TH 017.006,Lawrence Brothers (Billingsgate) Ltd,Billingsgate Market Trafalgar Way Poplar London E14 5ST,London,E14,"London,Greater London,England",United Kingdom,third-country,FFP,PP,,,PP - Processing Plant,,
HC 119,Lay & Robson,Duffryn Farm Hereford HR2 9EJ,Hereford,HR4,"Herefordshire,West Midlands,England",United Kingdom,third-country,FFP,PP,,,PP - Processing Plant,29/10/2025,
KN 023,Lazy Lobster Wholesale Foods Limited,Barngarth Farm Cox Street Delting Maidstone ME14 3HE,Tonbridge and Malling,ME14,"Kent,South East,England",United Kingdom,third-country,FFP,PP,,,PP - Processing Plant,,
FP 108,Lean Kitchen Ltd,Unit 14b Dafen Trade Park Llanelli Carmarthenshire SA14 8ND,Carmarthenshire,SA14,"Carmarthenshire,Wales",United Kingdom,third-country,FFP,PP,,,PP - Processing Plant,14/01/2025,
SJ 067,Lenger Shellfish Ltd,"Unit 28, Crofty Industrial Estate, Penclawdd, SA4 3RS",Penclawdd,SA4,"Swansea,Wales",United Kingdom,third-country,FFP,PP,,,PP - Processing Plant,22/11/2022,
LY 012,Lennox Foods Limited,A1 Coldstore Whams Lane Lancaster LA2 9AB,Lancaster,LA2,"Lancashire,North West England,England",United Kingdom,third-country,FFP,PP,,,PP - Processing Plant,14/01/2025,
5023,Leonard Ames (Ampthill) Ltd,Doolittle Mill Steppingley Road,Ampthill,MK45,"Central Bedfordshire,East of England,England",United Kingdom,third-country,FFP,PP,,,PP - Processing Plant,28/10/2024,
SA 102,Lerwick Fish Market,"Mair's Yard, Lerwick, Shetland ZE1 0PW",Lerwick,ZE1,"Shetland Islands,Scotland",United Kingdom,third-country,FFP,PP,,,PP - Processing Plant,,
FP 018,Leslie A Parsons & Sons,Ashburnham Works,Burry Port,SA16,"Carmarthenshire,Wales",United Kingdom,third-country,FFP,PP,,,PP - Processing Plant,,
SF 037,Letterfinlay Foods Ltd,"Units 1, 2 and 3 Annat Point Industrial Estate, Corpach, Fort William PH33 7NA",Fort William,PH33,"Highland,Scotland",United Kingdom,third-country,FFP,PP,,,PP - Processing Plant,,
GG 283,Levington St Cold Store,Lexington Street Grimsby DN31 3HY,Grimsby,DN31,"North East Lincolnshire,Yorkshire and the Humber,England",United Kingdom,third-country,FFP,PP,,,PP - Processing Plant,,
ST 014,Libra Seafoods Processing Ltd,Rolling Mill Road Jarrow NE32 3DP,Jarrow,NE32,"North East England,England",United Kingdom,third-country,FFP,PP,,,PP - Processing Plant,,
HH 023,Lifeplan Products Ltd,Unit 1 Elizabeth Way Lutterworth LE17 4ND England,Lutterworth,LE17,"Leicestershire,East Midlands,England",United Kingdom,third-country,FFP,PP,,,PP - Processing Plant,,
VY 108,Lill Brothers,"Unit 64, St James Wholesale Market Essex Street Bradford BD4 7PW",Bradford,BD4,"Yorkshire and the Humber,England",United Kingdom,third-country,FFP,PP,,,PP - Processing Plant,,
BB 168,Lily Anna (BF371),Sanmar fishing co. Ltd & Sanders Fishing co Ltd c/o Denholm Fishselling Limited Maxwell Place Industrial Estate Fraserburgh AB43 9SX,Fraserburgh,AB43,"Aberdeenshire,Scotland; 9530888	20/03/2026",United Kingdom,third-country,FFP,ZV,,,ZV - Freezer Vessel,,
NT 036,Lindisfarne Seafoods,2 Cliffords Fort North Shields NE30 1JE,North Shields,NE30,"North East England,England",United Kingdom,third-country,FFP,PP,,,PP - Processing Plant,,
GG 485,Lineage UK Warehousing Ltd,"Marsden Road, Grimsby DN31 3FS",Grimsby,DN31,"North East Lincolnshire,Yorkshire and the Humber,England",United Kingdom,third-country,FFP,CS,,,CS - Cold Stores,18/10/2021,
TM 013,Linton Seafoods Ltd,Unit 2 Branbridges Industrial Estate TN12 5HF England,East Peckham,TN12,"Kent,South East,England",United Kingdom,third-country,FFP,PP,,,PP - Processing Plant,,
WE 130,Living Planet Distribution,Unit 1 Riverside Brambleside Bellbrook Industrial Estate Uckfield TN22 1QQ,Uckfield,TN22,"East Sussex,South East,England",United Kingdom,third-country,FFP,PP,,,PP - Processing Plant,20/09/2023,
TK 027,Liza Smoked,Unit D4 Withytree Farm Broadway Road Winchcombe Cheltenham GL54 5NT,Gloucestershire,GL54,"Gloucestershire,South West England,England",United Kingdom,third-country,FFP,PP,,,PP - Processing Plant,18/08/2026,
YK 013,Lobstore Ltd,Shellfish Holding Facility Pier Road,Whitby,YO21,"North Yorkshire,Yorkshire and the Humber,England",United Kingdom,third-country,FFP,PP,,,PP - Processing Plant,,
SM 038,Local Flavour Ltd,Unit 1 & 2 Rear of 75 Chapel Street Exning CB8 7HB England,Exning,CB8,"Suffolk,East of England,England",United Kingdom,third-country,FFP,PP,,,PP - Processing Plant,,
DR 058,"Local Food Links Ltd, Caroline Morgan",Unit C7 Link Park Road Chickerel Dorset DT3 4FL,Dorset,DT3,"Dorset,South West England,England",United Kingdom,third-country,FFP,PP,,,PP - Processing Plant,,
SF 150,Loch Duart Salmon Ltd,"Loch Duart Ltd, 1 Strathview, Dingwall Business Park, Dingwall, Highland IV15 9XD",Dingwall,IV15,"Highland,Scotland",United Kingdom,third-country,FFP,PP,,,PP - Processing Plant,,
LA 002,Loch Leven Shellfish (Scotland) Ltd,Loch Leven Onich By Fort William PH33 6RY,Fort William,PH33,"Highland,Scotland",United Kingdom,third-country,FFP,PP,,,PP - Processing Plant,12/04/2023,
SF 152,Lochinver Harbour,"Lochinver Fishmarket, Culag Pier, Lochinver, IV27 4LE",Lochinver,IV27,"Highland,Scotland",United Kingdom,third-country,FFP,PP CS,,,PP - Processing Plant | CS - Cold Stores,06/08/2025,
YK 016,Lockers Trawlers,12 Alma Square,Scarborough,YO11,"North Yorkshire,Yorkshire and the Humber,England",United Kingdom,third-country,FFP,PP,,,PP - Processing Plant,,
HC 122,Lodge Farm Kitchen Ltd,2 Great Western Drive Ross on Wye HR9 7XP England,Ross-on-Wye,HR9,"Herefordshire,West Midlands,England",United Kingdom,third-country,FFP,PP,,,PP - Processing Plant,,
SW 080,London Smoke and Cure Ltd,"Unit 7, Spa Business Park, Dockley Road, London, SE16 3FJ",London Borough of Southwark,SE16,"London,Greater London,England",United Kingdom,third-country,FFP,PP,,,PP - Processing Plant,11/02/2025,
MC 002,Lossie Seafoods & Moray Seafoods,3 - 15 Low Street Buckie AB56 1UX,Buckie,AB56,"Moray,Scotland",United Kingdom,third-country,FFP,PP,,,PP - Processing Plant,,
MC 032,Lossie Seafoods / Moray Seafoods,2 March Road East Buckie Moray AB56 4BY,Moray,AB56,"Moray,Scotland",United Kingdom,third-country,FFP,PP,,,PP - Processing Plant,14/12/2021,
AB 008 FE,Lossie Seafoods Arbroath,"Sir William Smith Road, Kirkton Industrial Estate, Arbroath, DD11 3RD",Arbroath,DD11,"Angus,Scotland",United Kingdom,third-country,FFP,PP,,,PP - Processing Plant,07/04/2022,
QQ 061,Louwe Senior - PW447,31-33 Union Grove Aberdeen AB10 6SD,Aberdeen,AB10,Scotland; 9242003	03/11/2022,United Kingdom,third-country,FFP,FV,,,FV - Factory Vessel,,
LO 025,Lowestoft Shellfish Company,Unit B 10 Cooke Road Gisleham,Lowestoft,NR32,"Suffolk,East of England,England",United Kingdom,third-country,FFP,PP,,,PP - Processing Plant,,
BB092,Lunar Filleting,"Ring Road, Dales Industrial Estate, Peterhead, Aberdeenshire AB42 3JL",Peterhead,AB42,"Aberdeenshire,Scotland",United Kingdom,third-country,FFP,CS PP,,,CS - Cold Stores | PP - Processing Plant,,
BB062,Lunar Freezing and Cold Storage Company Ltd,East Quay The Harbour Peterhead Aberdeenshire AB42 1JF,Peterhead,AB42,"Aberdeenshire,Scotland",United Kingdom,third-country,FFP,PP,,,PP - Processing Plant,23/11/2021,
AA013,Lunar Freezing and Cold Storage Limited,Craigshaw Street West Tullos Industrial Estate Aberdeen AB12 3AE,Aberdeen,AB12,Scotland,United Kingdom,third-country,FFP,PP,,,PP - Processing Plant,,
FB 154,Lune + Wild,Unit 600 Dephna House 14 Cumberland Avenue London NW10 7QL,London,NW10,"London,Greater London,England",United Kingdom,third-country,FFP,PP,,,PP - Processing Plant,20/12/2022,
EV 099,Lyme Bay Dived Scallops Limited,The Wet Fish Shop Kilmington Axminster EX13 7RA,East Devon,EX13,"Devon,South West England,England",United Kingdom,third-country,FFP,PP,,,PP - Processing Plant,13/05/2026,
EL 030,Lymn Bank Farm,Lymn Bank Farm Lymn Bank East Thorpe St Peter PE24 4PJ,East Lindsey,PE24,"Lincolnshire,East Midlands,England",United Kingdom,third-country,FFP,PP,,,PP - Processing Plant,,
KI 094,Lynn Princess - LN 175,Fisher Fleet King's Lynn PE30 2ET,King's Lynn,PE30,"Norfolk,East of England,England",United Kingdom,third-country,FFP,FV,,,FV - Factory Vessel,,
KI 010,Lynn Shellfish Ltd,Alexandra Dock Cross Bank Road PE30 2ET King's Lynn England,King's Lynn,PE30,"Norfolk,East of England,England",United Kingdom,third-country,FFP,PP,,,PP - Processing Plant,,
WQ 104,Lyons Seafoods (Codford),Chitterne Road Codford Warminster BA12 0LY,Warminster,BA12,"Wiltshire,South West England,England",United Kingdom,third-country,FFP,PP,,,PP - Processing Plant,,
WQ 103,Lyons Seafoods (Warminster),3 Fairfield Road Warminster BA12 9DA,Warminster,BA12,"Wiltshire,South West England,England",United Kingdom,third-country,FFP,PP,,,PP - Processing Plant,,
ON 045,M & J Seafood,Charbridge Way Bicester OX26 4SW,Bicester,OX26,"Oxfordshire,South East,England",United Kingdom,third-country,FFP,PP,,,PP - Processing Plant,29/10/2025,
FB 053,M & J Seafoods,Unit 4 Premier Park Abbey Road Park Royal NW10 7NZ,London,NW10,"London,Greater London,England",United Kingdom,third-country,FFP,PP,,,PP - Processing Plant,,
LJ 036,M & M Seafood Ltd,"Units R, S and T Vulcan Business Centre Vulcan Road",Leicester,LE5,"East Midlands,England",United Kingdom,third-country,FFP,PP,,,PP - Processing Plant,16/11/2021,
TH 017.070,M F Seafoods Ltd,Office 79 Billingsgate Market Trafalgar Way London E14 5ST,London,E14,"London,Greater London,England",United Kingdom,third-country,FFP,PP,,,PP - Processing Plant,,
QQ 058,M F V Jacoba Maria,31-33 Union Grove Aberdeen Scotland AB10 6SD,Aberdeenshire,AB10,"Aberdeenshire,Scotland; 9850379	02/08/2022",United Kingdom,third-country,FFP,FV,,,FV - Factory Vessel,,
BB058,M Geddes Ltd,"Units 1 & 2, Volum Street, Peterhead, AB42 1TZ",Peterhead,AB42,"Aberdeenshire,Scotland",United Kingdom,third-country,FFP,PP,,,PP - Processing Plant,,
AB035,M and M Spink Ltd,"10 Marketgate, Arbroath, Angus DD11 1AY",Arbroath,DD11,"Angus,Scotland",United Kingdom,third-country,FFP,PP,,,PP - Processing Plant,,
FB 134,M and S Foods Ltd,278 A Abbeydale Road Wembley HA01TW,London,HA0,"London,Greater London,England",United Kingdom,third-country,FFP,PP,,,PP - Processing Plant,,
LJ 059,M&M Seafood Ltd,Unit P Vulcan Business Centre Vulcan Road Leicester LE5 3EB,Leicester,LE5,"East Midlands,England",United Kingdom,third-country,FFP,PP,,,PP - Processing Plant,,
QQ 067,M.F.V Faithful Star,Colaren House Burnhill Farm Fraserburgh Aberdeenshire Scotland AB43 7EJ,Fraserburgh,AB43,"Aberdeenshire,Scotland; 9222156	30/03/2023",United Kingdom,third-country,FFP,ZV,,,ZV - Freezer Vessel,,
SF 064 FE,M.F.V. APOLLO - INS 179,"C/O Kinlochbervie Fishselling Co. Ltd, The Harbour, Kinlochbervie, By Lairg IV27 4RR",Lairg,IV27,"Highland,Scotland",United Kingdom,third-country,FFP,FV,,,FV - Factory Vessel,,
QQ 052,M.F.V. Manuel Laura,"c/o Neptune Fisheries Ltd., 18 Glebelands, Buckfastleigh, Devon TQ11 0BJ",Buckfastleigh,TQ11,"Devon,South West England,England",United Kingdom,third-country,FFP,ZV,,,ZV - Freezer Vessel,,
QQ 053,M.F.V. Spica,"c/o Neptune Fisheries Ltd., 18 Glebelands, Buckfastleigh, Devon TQ11 0BJ",Buckfastleigh,TQ11,"Devon,South West England,England",United Kingdom,third-country,FFP,ZV,,,ZV - Freezer Vessel,,
QQ 054,M.F.V. Susa Uno,"c/o Neptune Fisheries Ltd., 18 Glebelands, Buckfastleigh, Devon TQ11 0BJ",Buckfastleigh,TQ11,"Devon,South West England,England",United Kingdom,third-country,FFP,ZV,,,ZV - Freezer Vessel,,
FR 063,M.R.J Willis Fish Ltd,Factory Road Tipton DY4 9AU,Tipton,DY4,"West Midlands Combined Authority,West Midlands,England",United Kingdom,third-country,FFP,PP,,,PP - Processing Plant,,
BG 022,MCB Seafoods,Sinon House The Hyde Bevendean Brighton BN2 4JE,Brighton and Hove,BN2,"Brighton and Hove,South East,England",United Kingdom,third-country,FFP,PP,,,PP - Processing Plant,,
NN 130,MER Windows,Charlbury 43 High Street East Runton NR27 9PB,East Runton,NR27,"Norfolk,East of England,England",United Kingdom,third-country,FFP,PP,,,PP - Processing Plant,,
WL 034,MFS Seafood Limited,Unit 39 Walsall Enterprise Park Regal Drive Walsall WS2 9HQ,Walsall,WS2,"West Midlands Combined Authority,West Midlands,England",United Kingdom,third-country,FFP,PP,,,PP - Processing Plant,,
BB 167,MFV Andromeda (BF437),Andromeda Fishing Ltd 5-8 Bridge Street Peterhead Aberdeenshire AB42 9SX,Peterhead,AB42,"Aberdeenshire,Scotland; 9191084	04/01/2024",United Kingdom,third-country,FFP,FV,,,FV - Factory Vessel,,
BB 172,MFV Forever Faithfull (PD289),5-8 Bridge Street Peterhead Aberdeenshire AB42 1DH,Peterhead,AB42,"Aberdeenshire,Scotland; 9977024	19/07/2024",United Kingdom,third-country,FFP,ZV,,,ZV - Freezer Vessel,,
BB 174,MFV Kopala (INS64),Heritage House 141 Shore Street Fraserburgh AB43 9BP,Fraserburgh,AB43,"Aberdeenshire,Scotland; 9414694	28/05/2025",United Kingdom,third-country,FFP,ZV,,,ZV - Freezer Vessel,,
BB 158,MFV Moray Endeavour BCK17,Per Denholm Fish-selling 22 Commercial Road Buckie Banffshire AB56 1UT,Buckie,AB56,"Moray,Scotland; 9095515	25/08/2022",United Kingdom,third-country,FFP,ZV,,,ZV - Freezer Vessel,,
BB065,MFV Nereus,"C/o Nereus Fishing Ltd, 22 Commercial Road, Buckie, Moray AB56 1UQ",Buckie,AB56,"Moray,Scotland",United Kingdom,third-country,FFP,PP FV,,,PP - Processing Plant | FV - Factory Vessel,,
QQ 069,MFV North Sea (H255),"Osprey (PW447) Limited, Brodies House, 31 -33 Union Grove, Aberdeen, AB10 6SD",Aberdeen,AB10,Scotland; 9878591	13/04/2026,United Kingdom,third-country,FFP,FV ZV,,,FV - Factory Vessel | ZV - Freezer Vessel,,
BB 160,MFV Revival (FR316),Revival Fishing Ltd per Westward Fishing Co 141 Shore Street Fraserburgh AB43 9BP,Fraserburgh,AB43,"Aberdeenshire,Scotland; 8303070	18/01/2024",United Kingdom,third-country,FFP,FV,,,FV - Factory Vessel,,
BB 164,MFV Vision V (BF191),Westward Fishing Company 141 Shore Street Fraserburgh Aberdeenshire AB43 9BP,Fraserburgh,AB43,"Aberdeenshire,Scotland",United Kingdom,third-country,FFP,FV,,,FV - Factory Vessel,25/10/2022,
BB006,MJ French Fish Export t/a Jack Taylor,"West Shore Road Industrial Estate, Fraserburgh, AB43 9LG",Fraserburgh,AB43,"Aberdeenshire,Scotland",United Kingdom,third-country,FFP,PP,,,PP - Processing Plant,,
GY 019,MOA Foods Ltd,The Old Smokehouse Sutton Road Great Yarmouth NR30 3NA England,Great Yarmouth,NR30,"Norfolk,East of England,England",United Kingdom,third-country,FFP,PP,,,PP - Processing Plant,,
LA 001,MOWI Scotland Limited,Blar Mhor Industrial Estate Fort William Inverness-shire PH33 7PT,Fort William,PH33,"Highland,Scotland",United Kingdom,third-country,FFP,PP,,,PP - Processing Plant,,
GG 129,MTL,Fish Dock Road Grimsby DN31 3NN,Grimsby,DN31,"North East Lincolnshire,Yorkshire and the Humber,England",United Kingdom,third-country,FFP,PP,,,PP - Processing Plant,,
LC 043,MV Abigail BN24,Port of Boston London Quay Road Boston PE21 8AF,Boston,PE21,"Lincolnshire,East Midlands,England",United Kingdom,third-country,FFP,FV,,,FV - Factory Vessel,,
SA 080,MV Aqua Harvester,Aqua Ship UK Ltd Marine Park Vidlin Shetland ZE2 9QB,Shetland Islands,ZE2,Scotland,United Kingdom,third-country,FFP,PP,,,PP - Processing Plant,,
LC 061,MV Boy Lukie LO89,London Road Quay Boston PE21 8AF,Boston,PE21,"Lincolnshire,East Midlands,England",United Kingdom,third-country,FFP,FV,,,FV - Factory Vessel,17/02/2022,
LC 065,MV Cally Seranne,BN 430 Southery House Freiston Boston PE22 0LA,Boston,PE22,"Lincolnshire,East Midlands,England",United Kingdom,third-country,FFP,FV,,,FV - Factory Vessel,30/05/2022,
LC 055,MV Cally Seranne,Port of Boston London Road Quay Boston PE21 8AF,Boston,PE21,"Lincolnshire,East Midlands,England",United Kingdom,third-country,FFP,FV,,,FV - Factory Vessel,,
LC 049,MV Jaime Louise,Port of Boston London Quay Road Boston PE21 8AF,Boston,PE21,"Lincolnshire,East Midlands,England",United Kingdom,third-country,FFP,FV,,,FV - Factory Vessel,17/02/2022,
LC 057,MV Jarcon – BN62,St Ann’s Lane Quay Boston PE21 8TL,Boston,PE21,"Lincolnshire,East Midlands,England",United Kingdom,third-country,FFP,FV,,,FV - Factory Vessel,17/02/2022,
LC 045,MV Kathryn James BN 190,Port of Boston London road Quay Boston PE21 8AF,Boston,PE21,"Lincolnshire,East Midlands,England",United Kingdom,third-country,FFP,PP,,,PP - Processing Plant,03/03/2022,
LC 056,MV Lili Mae,Port of Boston London Road Quay Boston PE21 8AF,Boston,PE21,"Lincolnshire,East Midlands,England",United Kingdom,third-country,FFP,FV,,,FV - Factory Vessel,,
LC 062,MV Louie Lou BN100,South Quay Moorings South End Boston PE21 6JX,Boston,PE21,"Lincolnshire,East Midlands,England",United Kingdom,third-country,FFP,FV,,,FV - Factory Vessel,17/02/2022,
LC 046,MV Merlin BN39,London Quay Road Boston PE21 8AF,Boston,PE21,"Lincolnshire,East Midlands,England",United Kingdom,third-country,FFP,FV,,,FV - Factory Vessel,17/02/2022,
LC 051,MV Patricia,Port of Boston London Quay Road Boston PE21 8AF,Boston,PE21,"Lincolnshire,East Midlands,England",United Kingdom,third-country,FFP,FV,,,FV - Factory Vessel,17/02/2022,
LC 041,MV Ruby Doo,Port of Boston London Quay Road Boston PE21 8AF,Boston,PE21,"Lincolnshire,East Midlands,England",United Kingdom,third-country,FFP,FV,,,FV - Factory Vessel,,
LC 052,MV Seven Sisters,Port of Boston London Quay Road Boston PE21 8AF,Boston,PE21,"Lincolnshire,East Midlands,England",United Kingdom,third-country,FFP,FV,,,FV - Factory Vessel,17/02/2022,
LC 059,MV Tracey Elaine,BN5 London Road Quay Boston PE21 8AF,Boston,PE21,"Lincolnshire,East Midlands,England",United Kingdom,third-country,FFP,FV,,,FV - Factory Vessel,30/05/2022,
LC 066,MV Vicky Ellen,London Road Quay Boston PE21 8AF,Boston,PE21,"Lincolnshire,East Midlands,England",United Kingdom,third-country,FFP,FV,,,FV - Factory Vessel,17/06/2022,
GG 507,MW Seafoods Ltd,Unit 7 The Seafood Village Grimsby DN31 3SX England,Grimsby,DN31,"North East Lincolnshire,Yorkshire and the Humber,England",United Kingdom,third-country,FFP,PP,,,PP - Processing Plant,,
WA 008,MacDuff Shellfish (Scotland) Ltd,Goat Island Stornoway Isle of Lewis,Stornoway,HS1,"Western Isles,Scotland",United Kingdom,third-country,FFP,PP,,,PP - Processing Plant,,
AD 629,MacMillan Foods,"Units 1 & 2 Mull of Kintyre Industrial Estate Albyn Road, The Roading. Campbeltown, Argyll PA28 6TP",Campbeltown,PA28,"Argyll and Bute,Scotland",United Kingdom,third-country,FFP,PP,,,PP - Processing Plant,,
BB 161,MacNeil Shellfish Ltd,6 Union Road MacDuff Aberdeenshire AB51 5QU,Kintore,AB51,"Aberdeenshire,Scotland",United Kingdom,third-country,FFP,PP,,,PP - Processing Plant,28/06/2022,
HA 055,MacNeil Shellfish Ltd,2 Middleton Avenue Strutherhill Industrial estate Larkhall ML9 2TL,Larkhall,ML9,"South Lanarkshire,Scotland",United Kingdom,third-country,FFP,PP,,,PP - Processing Plant,,
FW 001,MacNeills Smoke House Ltd,Building 338 Droitwich Road Rushock Trading Estate Droitwich Spa WR9 0NR,Droitwich Spa,WR9,"Worcestershire,West Midlands,England",United Kingdom,third-country,FFP,PP,,,PP - Processing Plant,,
BB093,Macduff Shellfish (Scotland) Limited,"Station Road, Mintlaw, Aberdeenshire AB42 4LU",Mintlaw,AB42,"Aberdeenshire,Scotland",United Kingdom,third-country,FFP,PP,,,PP - Processing Plant,,
EV 093,Macduff Shellfish (Scotland) Ltd,Unit 1E Greendale Business Park Woodbury Salterton EX5 1EW,East Devon,EX5,"Devon,South West England,England",United Kingdom,third-country,FFP,PP,,,PP - Processing Plant,25/10/2023,
AD 047,Macmillan Foods,The Old Smokehouse The Roading Campbeltown Argyll PA28 6LU,Argyll and Bute,PA28,"Argyll and Bute,Scotland",United Kingdom,third-country,FFP,PP,,,PP - Processing Plant,17/01/2023,
WL 021,Madni Food Products Limited,Unit 1 Brineton Street Walsall WS2 9EP,Walsall,WS2,"West Midlands Combined Authority,West Midlands,England",United Kingdom,third-country,FFP,PP,,,PP - Processing Plant,,
OA 154,Magnus Norquay Shellfish Ltd,New Store Burray Ponds Burray Orkney KW17 2SS,Orkney Islands,KW17,"Orkney Islands,Scotland",United Kingdom,third-country,FFP,PP,,,PP - Processing Plant,28/05/2025,
WL 040,Makkah Foods Europe Ltd,Unit 1 Avon Industrial Estate Navigation Street Walsall WS2 9JZ,Walsall,WS2,"West Midlands Combined Authority,West Midlands,England",United Kingdom,third-country,FFP,PP,,,PP - Processing Plant,10/02/2025,
MQ 001,Maldon Oyster Company,Birchwood farm Cock Clarks Chelmsford CM3 6RF,Chelmsford,CM3,"Essex,East of England,England",United Kingdom,third-country,FFP,PP,,,PP - Processing Plant,,
GG 584,Malgarfish Company Ltd,Units 9/10B Grimsby Seafood Village Wickam Road Grimsby DN31 3SX,Grimsby,DN31,"North East Lincolnshire,Yorkshire and the Humber,England",United Kingdom,third-country,FFP,PP,,,PP - Processing Plant,,
LA 024,Mallaig Fish / Prawn Market and Fish Auction Hall,"The Harbour, Mallaig, Inverness-shire PH41 4QB",Mallaig,PH41,"Highland,Scotland",United Kingdom,third-country,FFP,PP,,,PP - Processing Plant,,
KI 080,Malthouse Yard,"Catherine Anne LN 476 Brancaster, Staithe King's Lynn PE31 8BW",King's Lynn and West Norfolk,PE31,"Norfolk,East of England,England",United Kingdom,third-country,FFP,FV,,,FV - Factory Vessel,,
KI 081,Malthouse Yard,Seadog BN2 Brancaster Staithe King's Lynn PE31 8BW,King's Lynn and West Norfolk,PE31,"Norfolk,East of England,England",United Kingdom,third-country,FFP,FV,,,FV - Factory Vessel,,
DJ 015,Maple Fine Foods,1a River Park industrial Estate Billet Lane Berkhamsted HP4 1HL,Berkhamsted,HP4,"Hertfordshire,East of England,England",United Kingdom,third-country,FFP,PP,,,PP - Processing Plant,,
GA 050,Marine Products Scotland,"25 Mossend Lane, Glasgow G33 4DD",Glasgow,G33,"Glasgow City,Scotland",United Kingdom,third-country,FFP,PP,,,PP - Processing Plant,,
GG 552,Mariner Foods Trading Limited,Grimsby Fish Market Wharncliffe Road Fish Docks Grimsby DN31 3QJ England,Grimsby,DN31,"North East Lincolnshire,Yorkshire and the Humber,England",United Kingdom,third-country,FFP,PP,,,PP - Processing Plant,,
CQ 037,Marisco Fish,Wholesale Unit 5d Long Rock Industrial Estate Penzance TR20 8HX,Newbridge,TR20,"Cornwall,South West England,England",United Kingdom,third-country,FFP,PP,,,PP - Processing Plant,,
WD023,Marrbury Smokehouse,Whitecairn Bargennan Newton Stewart DG8 6RW,Dumfries and Galloway,DG8,"Dumfries and Galloway,Scotland",United Kingdom,third-country,FFP,PP,,,PP - Processing Plant,,
CQ 757,Marrfish,Unit 1 Rospeath Lane Crowlas Penzance TR20 8DU,Longrock,TR20,"Cornwall,South West England,England",United Kingdom,third-country,FFP,PP,,,PP - Processing Plant,28/10/2025,
GG 573,Marrfish Ltd,Unit 1&2 Grimsby Seafood Village Wickham Road Grimsby DN31 3SX England,Grimsby,DN31,"North East Lincolnshire,Yorkshire and the Humber,England",United Kingdom,third-country,FFP,PP,,,PP - Processing Plant,,
UT 028,Marrfish Ltd,Stansted Distribution Centre Start Hill CM22 7DG,Bishop's Stortford,CM23,"Hertfordshire,East of England,England",United Kingdom,third-country,FFP,PP,,,PP - Processing Plant,,
LJ 081,Marsico Trading Limited,"22 Hawarden Avenue, Leicester, LE5 4NN",Leicester,LE5,"East Midlands,England",United Kingdom,third-country,FFP,PP,,,PP - Processing Plant,30/04/2025,
HP 006,Matilda’s Prep Kitchen Ltd,"Bluebells, Newton Bewley, Billingham, TS22 5PQ",Hartlepool,TS22,"Hartlepool,North East England,England",United Kingdom,third-country,FFP,PP,,,PP - Processing Plant,01/09/2026,
CQ 032,Matthew Stevens & Son,Unit 1C & 2 Penbeagle Industrial Estate St Ives TR26 2JH,St Ives,TR26,"Cornwall,South West England,England",United Kingdom,third-country,FFP,PP,,,PP - Processing Plant,,
BB055,McConnell Seafoods Ltd,"Unit 9, Volum Street, Peterhead, AB42 1TZ",Peterhead,AB42,"Aberdeenshire,Scotland",United Kingdom,third-country,FFP,PP,,,PP - Processing Plant,,
1702,Mclays Limited,70-72 Glentanar Road Balmore Ind Est Glasgow G22 7XS,Glasgow City,G22,Scotland,United Kingdom,third-country,FFP,PP,,,PP - Processing Plant,15/06/2022,
FB 115,Meat Lords,94-96 Queensbury Road Wembley HA0 1QG,London,HA0,"London,Greater London,England",United Kingdom,third-country,FFP,CS,,,CS - Cold Stores,,
GG 142,Meatex Ltd,Humber St Grimsby DN31 3HL,Grimsby,DN31,"North East Lincolnshire,Yorkshire and the Humber,England",United Kingdom,third-country,FFP,PP,,,PP - Processing Plant,,
VN 801,Melrose & Morgan,Unit 23 & 24 Hartland Road Arches Hartland Road NW1 8HR,Camden Town,NW1,"London,Greater London,England",United Kingdom,third-country,FFP,PP,,,PP - Processing Plant,,
WQ 436,Mere Trout Ltd,Ivy Mead Mere Warminster Wiltshire,Mere,BA12,"Wiltshire,South West England,England",United Kingdom,third-country,FFP,PP,,,PP - Processing Plant,,
CW 004,Mermaid Seafoods,Cae Bach Industrial Estate Llandudno LL30 1DR,Llandudno,LL30,"Conwy,Wales",United Kingdom,third-country,FFP,PP,,,PP - Processing Plant,28/10/2025,
BB107,Messrs J Smith,"Fish House, Seaview Road, Sandend, Aberdeenshire AB45 2QG",Sandend,AB45,"Aberdeenshire,Scotland",United Kingdom,third-country,FFP,PP,,,PP - Processing Plant,,
GG 520,Michael I Holdsworth Ltd,"Unit C/D, Birchin Way Grimsby DN31 2SG England",Grimsby,DN31,"North East Lincolnshire,Yorkshire and the Humber,England",United Kingdom,third-country,FFP,PP,,,PP - Processing Plant,,
NW 011,Mick's Eels Supply,North Crescent Canning Town London,London Borough of Newham,E16,"London,Greater London,England",United Kingdom,third-country,FFP,PP,,,PP - Processing Plant,,
TH 017.018,Mick's Eels Supply Ltd,Billingsgate Market Trafalgar Way Poplar London,London Borough of Tower Hamlets,E14,"London,Greater London,England",United Kingdom,third-country,FFP,PP,,,PP - Processing Plant,,
PF 047,Midland Fish Company LTD,Units 34-38 Wyre Fish Dock Fleetwood FY7 6PS,Fleetwood,FY7,"Lancashire,North West England,England",United Kingdom,third-country,FFP,PP,,,PP - Processing Plant,,
BZ 053,Mini-Meals Ltd,Unit 7 Birchills Trading Estate Emery Road Brislington,Bristol,BS4,"City of Bristol,South West England,England",United Kingdom,third-country,FFP,PP,,,PP - Processing Plant,,
YM 044,Mon Dressed Crab,Church Bay Holyhead LL65 4EU,Holyhead,LL65,"Isle of Anglesey,Wales",United Kingdom,third-country,FFP,PP,,,PP - Processing Plant,,
RD 005,Montine Food Company Ltd,Purdeys Industrial Estate Purdeys Way Rochford SS4 1ND,Essex,SS4,"Essex,East of England,England",United Kingdom,third-country,FFP,PP,,,PP - Processing Plant,,
GG 600,Moorcroft Processing Limited,Unit 12a Grimsby Seafood Village Grimsby DN31 3SX,Grimsby,DN31,"North East Lincolnshire,Yorkshire and the Humber,England",United Kingdom,third-country,FFP,PP,,,PP - Processing Plant,22/04/2025,
VD 067,Mor Fresh Cyf,Unit 16-17 Lampeter Industrial Estate Lampeter SA48 8LT,Lampeter,SA48,"Ceredigion,Wales",United Kingdom,third-country,FFP,PP,,,PP - Processing Plant,,
TP 058,More Seafood Limited,Unit 3 Kemmings Close Long Road Paignton TQ4 7TW,Paignton,TQ4,"Torbay,South West England,England",United Kingdom,third-country,FFP,PP,,,PP - Processing Plant,,
KC 213,Mowi Consumer Products UK Ltd,"Admiralty Park, Admiralty Road, Rosyth. Fife KY11 2YW",Fife,KY11,"Fife,Scotland",United Kingdom,third-country,FFP,CS PP,,,CS - Cold Stores | PP - Processing Plant,12/12/2024,
SF 153,Mowi Scotland Limited,Mallaig Harvest Station The Pier Mallaig PH41 4PX,Mallaig,PH41,"Highland,Scotland",United Kingdom,third-country,FFP,PP,,,PP - Processing Plant,,
MT 059,Moxon’s Fresh Fish,73 Weir Road London SW19 8UG,London Borough of Merton,SW19,"London,Greater London,England",United Kingdom,third-country,FFP,PP,,,PP - Processing Plant,06/12/2022,
YM 023,Mr D Woods,Ty Croes Mawr,Llanfigaol,LL65,"Isle of Anglesey,Wales",United Kingdom,third-country,FFP,PP,,,PP - Processing Plant,,
KL 010,Mr J T Wilson,40 Market Street Flookburgh LA11 7JS,Flookburgh,LA11,"Cumbria,North West England,England",United Kingdom,third-country,FFP,PP,,,PP - Processing Plant,,
BR 015,Mr Miah's Curry Knights,Five Spice Hollies Hill Stourbridge Road Belbroughton DY99TX,Bromsgrove,DY9,"Worcestershire,West Midlands,England",United Kingdom,third-country,FFP,PP,,,PP - Processing Plant,22/07/2025,
NN 108,Mr S Bywater,36 Buston Close East Runton NR27 9PJ,East Runton,NR27,"Norfolk,East of England,England",United Kingdom,third-country,FFP,PP,,,PP - Processing Plant,,
CI 037,Mud Foods Ltd,Units 9 – 16 St James Industrial Estate Westhampnett Road Chichester PO19 7JU,Chichester,PO19,"West Sussex,South East,England",United Kingdom,third-country,FFP,PP,,,PP - Processing Plant,17/01/2025,
VY 008,Mumtaz Food PLC,42 Legrams Lane BD7 1ND,Bradford,BD7,"Yorkshire and the Humber,England",United Kingdom,third-country,FFP,PP,,,PP - Processing Plant,,
BB126,Murray McBay & Company,"Fore Street, Johnshaven, by Montrose DD10 0EU",Johnshaven,DD10,"Aberdeenshire,Scotland",United Kingdom,third-country,FFP,PP,,,PP - Processing Plant,,
AD058FE,Murray Smoked Products,"Ford, Lochgilphead, Argyll PA31 8RH",Lochgilphead,PA31,"Argyll and Bute,Scotland",United Kingdom,third-country,FFP,PP,,,PP - Processing Plant,,
CK 012,Murtagh Seafoods Ltd,Unit 8C Yates Industrial Estate Norton Docks Lime Lane WS3 5AS,Cannock Chase,WS3,"Staffordshire,West Midlands,England",United Kingdom,third-country,FFP,PP,,,PP - Processing Plant,,
SF 160,Muscot Shellfish Ltd,"5b3, Blar Mhor Industrial Estate Lochyside Fort William Highland PH33 7PT",Highland,PH33,"Highland,Scotland",United Kingdom,third-country,FFP,PP,,,PP - Processing Plant,02/07/2025,
SF 164,Mv Aqua Vikness,Garthspool Lerwick ZE1 0NY,Lerwick,ZE1,"Shetland Islands,Scotland; 9139658	24/07/2024",United Kingdom,third-country,FFP,FV,,,FV - Factory Vessel,,
PF 066,My Fish Company Ltd,Unit 10 Harbour Trading Estate Fleetwood FY7 7PA,Fleetwood,FY7,"Lancashire,North West England,England",United Kingdom,third-country,FFP,PP,,,PP - Processing Plant,,
LM 016,My Foods Ltd,Enterprise Industrial Estate Bolina Road SE16 3LF,London,SE16,"London,Greater London,England",United Kingdom,third-country,FFP,PP,,,PP - Processing Plant,,
SG 100,My Local Indian,Unit 1A Trafalgar House Galmington Trading Estate Cornishway North Taunton TA1 5LY,Somerset,TA1,"Somerset,South West England,England",United Kingdom,third-country,FFP,PP,,,PP - Processing Plant,25/07/2023,
CQ 120,Mylor Creek Shellfish,1 Green Lane Penryn TR10 8QP,Penryn,TR10,"Cornwall,South West England,England",United Kingdom,third-country,FFP,PP,,,PP - Processing Plant,,
GG 116,N H Case,Orwell Street England DN31 3HB,Grimsby,DN31,"North East Lincolnshire,Yorkshire and the Humber,England",United Kingdom,third-country,FFP,PP,,,PP - Processing Plant,,
WQ 106,N H Case Ltd,Newopaul Way Warminster Business Park Warminster BA12 8RY,Warminster,BA12,"Wiltshire,South West England,England",United Kingdom,third-country,FFP,PP,,,PP - Processing Plant,,
HO 120,Nabco Enterprises Ltd,Unit 5 River Garden Business Centre Spur Road Feltham TW14 0SN,Feltham,TW14,"West Sussex,South East,England",United Kingdom,third-country,FFP,CS,,,CS - Cold Stores,17/10/2021,
YO 016,Natat Pasta Ltd,Unit G Escrick Business Park Escrick York YO19 6FD,York,YO19,"York,Yorkshire and the Humber,England",United Kingdom,third-country,FFP,PP,,,PP - Processing Plant,05/07/2022,
YH 009,Nation Foods Limited,1 Rainbow Works 21 Markfield Road,London Borough of Haringey,N15,"London,Greater London,England",United Kingdom,third-country,FFP,PP,,,PP - Processing Plant,,
MT 050,Natural Fitness Food,"Units 19 20 & 22, Boundary Business Court, Church Road, Mitcham, CR4 3TD",London Borough of Merton,CR4,"London,Greater London,England",United Kingdom,third-country,FFP,PP,,,PP - Processing Plant,15/10/2025,
FY 031,Natures Aid Limited,St Georges Park Kirkham Preston PR4 2DQ,Preston,PR4,"Lancashire,North West England,England",United Kingdom,third-country,FFP,PP,,,PP - Processing Plant,,
CR 012,Neatown Ltd,118 Windmill Road Croydon CR0 2XG,Croydon,CR0,"London,Greater London,England",United Kingdom,third-country,FFP,PP,,,PP - Processing Plant,20/11/2024,
QQ 062,Neeltje - PD141,31-33 Union Grove Aberdeen AB10 6SD,Aberdeen,AB10,Scotland; 9863522	03/11/2022,United Kingdom,third-country,FFP,FV,,,FV - Factory Vessel,,
LJ 085,Nehrain UK Trading Limited,"148B Unit, 2 Melton Road, Leicester, LE5 4BN",Leicester,LE5,"East Midlands,England",United Kingdom,third-country,FFP,PP,,,PP - Processing Plant,18/02/2026,
HU 125,Neptune Fish,Unit 14 Hawthorn Avenue Industrial Estate Kingston upon Hull HU3 5JB,Kingston upon Hull,HU3,"East Riding of Yorkshire,Yorkshire and the Humber,England",United Kingdom,third-country,FFP,PP,,,PP - Processing Plant,,
RE 005,Neptune Import & Export Ltd,Unit I 8-10 Roebuck Road Barkingside Hainault IG6 3UF,London Borough of Redbridge,IG6,"London,Greater London,England",United Kingdom,third-country,FFP,PP,,,PP - Processing Plant,,
PI 048,Nev George Shellfish,Felinwynt Croesgoch Haverfordwest SA62 6YA,Haverfordwest,SA62,"Pembrokeshire,Wales",United Kingdom,third-country,FFP,PP,,,PP - Processing Plant,,
PF 049,Neve Fleetwood Ltd,19 Copse Road Fleetwood FY7 6RP,Fleetwood,FY7,"Lancashire,North West England,England",United Kingdom,third-country,FFP,PP,,,PP - Processing Plant,,
KU 006,New England Seafood International,48 Cox Lane Chessington,Royal Borough of Kingston upon Thames,KT9,"London,Greater London,England",United Kingdom,third-country,FFP,PP,,,PP - Processing Plant,,
TP 041,New England Seafood International Limited,Unit 20 Torbay Business Park Paignton TQ4 7HP,Paignton,TQ4,"Torbay,South West England,England",United Kingdom,third-country,FFP,PP,,,PP - Processing Plant,,
GG 491,New England Seafood International Ltd,Genesis Way Europarc Grimsby DN37 9TU England,Grimsby,DN37,"North East Lincolnshire,Yorkshire and the Humber,England",United Kingdom,third-country,FFP,PP,,,PP - Processing Plant,,
LV 008.02,New Ling Seafoods Ltd,Units 17- 18 Fish Market Prescot Road Liverpool L13 3AS,Liverpool,L13,"North West England,England",United Kingdom,third-country,FFP,PP,,,PP - Processing Plant,06/06/2023,
GL 029,New Wave Seafoods,Unit 6 Horcott Industrial Estate Horcott Road Fairford GL7 4BX England,Fairford,GL7,"Gloucestershire,South West England,England",United Kingdom,third-country,FFP,PP,,,PP - Processing Plant,,
KL 054,Newbiggin Shellfish Ltd,Newbiggin Nr Ulverston Cumbria LA12 0RH,Cumbria,LA12,"Cumbria,North West England,England",United Kingdom,third-country,FFP,PP,,,PP - Processing Plant,,
ED 019,Newhaven Fishsalesman's Association (Edinburgh) Limited,"Newhaven Fishmarket, 24 Pier Place Edinburgh. EH6 4LP",City of Edinburgh,EH6,"City of Edinburgh,Scotland",United Kingdom,third-country,FFP,PP,,,PP - Processing Plant,,
MN 114,Newrest,Buliding 316 World Freight Terminal Manchester Airport Manchester M90 5EW,Manchester,M90,"Greater Manchester,North West England,England",United Kingdom,third-country,FFP,PP,,,PP - Processing Plant,19/07/2023,
SL 021,Newrest All Ltd,Poyle Road Poyle Slough SL3 0AA England,Slough,SL3,"Slough,South East,England",United Kingdom,third-country,FFP,PP,,,PP - Processing Plant,,
YX 014,Newrest Inflight UK Ltd,Unit 4 Sterling Park Gatwick Road CRAWLEY RH10 9QT,Crawley Down,RH10,"West Sussex,South East,England",United Kingdom,third-country,FFP,PP,,,PP - Processing Plant,,
SO 020,Niche and Bespoke,Unit 18 The Gateway Estate West Midlands Freeport Airport Cargo Birmingham Airport B26 3QD,Birmingham,B26,"West Midlands Combined Authority,West Midlands,England",United Kingdom,third-country,FFP,PP,,,PP - Processing Plant,10/02/2025,
CQ 731,Nippers Shellfish Limited,The Fish Market New Granite Quay Looe PL13 1DX,Cornwall,PL30,"Cornwall,South West England,England",United Kingdom,third-country,FFP,PP,,,PP - Processing Plant,04/04/2022,
BB016,Noble Brothers (Fraserburgh) Ltd,"North Lane, Fraserburgh, Aberdeenshire, AB43 9DL",Fraserburgh,AB43,"Aberdeenshire,Scotland",United Kingdom,third-country,FFP,PP,,,PP - Processing Plant,,
AA107,Nolan Seafood (UK) Ltd,"Craigshaw Drive, West Tullos Industrial Estate, Aberdeen AB12 3AN",Aberdeen,AB12,Scotland,United Kingdom,third-country,FFP,PP,,,PP - Processing Plant,,
BB003,Nor-Sea Foods Ltd,"Bath Street, Fraserburgh, Aberdeenshire AB43 9DX",Fraserburgh,AB43,"Aberdeenshire,Scotland",United Kingdom,third-country,FFP,PP,,,PP - Processing Plant,,
AA 036,Nor-Sea SeaFoods Limited,Broadfold Road Bridge of Don Aberdeen AB23 8EE,Aberdeen,AB23,Scotland,United Kingdom,third-country,FFP,PP,,,PP - Processing Plant,,
BB012,Norcid Shellfish,"Units 5-7, South Harbour Road Industrial Estate, Fraserburgh, Aberdeenshire, AB43 9TA",Fraserburgh,AB43,"Aberdeenshire,Scotland",United Kingdom,third-country,FFP,PP,,,PP - Processing Plant,,
KI 100,Norfolk Shellfish Company,Paradise Farm Buildings Broadend Road Walsoken PE14 7BQ,Walsoken,PE13,"Norfolk,East of England,England",United Kingdom,third-country,FFP,PP,,,PP - Processing Plant,,
GG 414,Norfolk lane Coldstores Ltd,7 Norfolk Lane Cleethorpes DN35 8BB,Cleethorpes,DN35,"North East Lincolnshire,Yorkshire and the Humber,England",United Kingdom,third-country,FFP,PP,,,PP - Processing Plant,08/12/2022,
XA 011,Norma Mary,"Onward Fishing Company, The Orangery, Hesslewood Country Business Park, Ferriby Road, Hessle",Hessle,HU13,"East Riding of Yorkshire,Yorkshire and the Humber,England",United Kingdom,third-country,FFP,FV,,,FV - Factory Vessel,,
HU 001,Norstar Trading Limited,82 Wassand Street Kingston upon Hull HU3 4AL,Kingston upon Hull,HU3,"East Riding of Yorkshire,Yorkshire and the Humber,England",United Kingdom,third-country,FFP,PP,,,PP - Processing Plant,,
XA 015,North Atlantic Fishing Company Limited,Frank Bonefaas (H72) The NAAFI Building Weston Drive Caterham CR3 5XY,Caterham,CR3,"Surrey,South East,England",United Kingdom,third-country,FFP,ZV,,,ZV - Freezer Vessel,,
LX 012,North East Seafood Ltd,"Tod Point Road, Warrenby, Edcar TS10 5AU",Redcar,TS10,"Redcar and Cleveland,North East England,England",United Kingdom,third-country,FFP,PP,,,PP - Processing Plant,,
GG 421,North Sea Supplies Ltd,Units 9b/10b Great Grimsby Seafood Village Wickham Road Grimsby DN31 3SX,Grimsby,DN31,"North East Lincolnshire,Yorkshire and the Humber,England",United Kingdom,third-country,FFP,PP,,,PP - Processing Plant,03/11/2025,
NT 001,North Shields Fish Quay Development Company,Southern Loading Platform Fish Quay North Shields NE30 1JA,North Shields,NE30,"North East England,England",United Kingdom,third-country,FFP,PP,,,PP - Processing Plant,,
NT 120,North Shields Traditional Smoke House,Unit 10 Prospect Terrace Industrial Estate Prospect Terrace North Shields NE30 1DX,North Shields,NE30,"North East England,England",United Kingdom,third-country,FFP,PP,,,PP - Processing Plant,,
BB097,Northbay Pelagic Limited,Kirk Square Peterhead Aberdeenshire AB42 1JF,Peterhead,AB42,"Aberdeenshire,Scotland",United Kingdom,third-country,FFP,CS PP,,,CS - Cold Stores | PP - Processing Plant,19/06/2024,
NG 062,Nottingham Seafoods,"Unit 2c, County Business Park, Clarke Road, Nottingham, NG2 3JJ",Nottingham,NG2,"Nottingham,East Midlands,England",United Kingdom,third-country,FFP,PP,,,PP - Processing Plant,07/04/2026,
GI 212,NutraDirect,Unit D Norman Close Strood Rochester ME2 2JU,Rochester,ME2,"South East,England",United Kingdom,third-country,FFP,PP,,,PP - Processing Plant,20/12/2023,
BI 290,Nutrifresh,Unit 10 Alexandra Trading Estate Alexandra Road Birmingham B2 10PD,Birmingham,B2,"West Midlands Combined Authority,West Midlands,England",United Kingdom,third-country,FFP,PP,,,PP - Processing Plant,20/08/2024,
LH 020,O'Dumplings,"Unit 10, 8-9 Zennor Road, London, SW12 0PS",London,SW12,"London,Greater London,England",United Kingdom,third-country,FFP,PP,,,PP - Processing Plant,12/06/2025,
OA 022,O-Fish-Shell Limited,Lobster Ponds Lambs Holm Holm Orkney KW17 2SF,Orkney Islands,KW17,"Orkney Islands,Scotland",United Kingdom,third-country,FFP,PP,,,PP - Processing Plant,25/10/2023,
EN 023,OT Smoked Salmon Ltd,Unit 4 Enterprise Works 89 Lockfield Avenue London Borough of Enfield EN3 7PY,London Borough of Enfield,EN3,"London,Greater London,England",United Kingdom,third-country,FFP,PP,,,PP - Processing Plant,,
PF 024,Oban Fish Selling Co Ltd,Herring Arm Road Fleetwood FY7 6NB,Fleetwood,FY7,"Lancashire,North West England,England",United Kingdom,third-country,FFP,PP,,,PP - Processing Plant,,
YM 052,Ocean Bay Seafoods Ltd,Holland Park Industrial Estate Cyttir Road Anglesey,Holyhead,LL65,"Isle of Anglesey,Wales",United Kingdom,third-country,FFP,PP,,,PP - Processing Plant,,
GG 549,Ocean Bounty Ltd,Seafood Village Wickham Road Grimsby DN31 3SX England,Grimsby,DN31,"North East Lincolnshire,Yorkshire and the Humber,England",United Kingdom,third-country,FFP,PP,,,PP - Processing Plant,,
CQ 402,Ocean Fish Ltd,Unit 2A/B Victoria Business Park Roche St Austell PL26 8LX,Roche,PL26,"Cornwall,South West England,England",United Kingdom,third-country,FFP,PP,,,PP - Processing Plant,,
BI 307,Ocean Fresh,"158 Woodthorpe Road, Birmingham, B14 6EQ",Birmingham,B14,"West Midlands Combined Authority,West Midlands,England",United Kingdom,third-country,FFP,PP,,,PP - Processing Plant,05/01/2026,
CQ 709,Ocean Harvest,Unit 1 Buller Quay Looe Harbour East Looe PL13 1DX,East Looe,PL13,"Cornwall,South West England,England",United Kingdom,third-country,FFP,PP,,,PP - Processing Plant,,
TH 017.075,Ocean Seafood Traders Ltd,Stand E7 Billingsgate Market Trafalgar Way London E14 5ST,London Borough of Tower Hamlets,E14,"London,Greater London,England",United Kingdom,third-country,FFP,WM,,,WM - Wholesale Market,29/10/2024,
MC 039,Ocean Tiger Fisheries Ltd (Westro INS20),Suilven Stotfield Road Lossiemouth Moray IV31 6QS,Moray,IV31,"Moray,Scotland",United Kingdom,third-country,FFP,PP,,,PP - Processing Plant,21/06/2022,
BB 163,Ocean Vision (BF190),Heritage House 141 Shore Street Fraserburgh Aberdeenshire AB43 9BP,Fraserburgh,AB43,"Aberdeenshire,Scotland; 9785328	25/10/2022",United Kingdom,third-country,FFP,FV,,,FV - Factory Vessel,,
SF 128,Ockran Oysters,Ockran Leckmelm by Ullapool IV23 2RH,Highland,IV23,"Highland,Scotland",United Kingdom,third-country,FFP,PP,,,PP - Processing Plant,,
GG 235,Oliver Bros Ltd,Prince Albert Gardens Grimsby DN31 3AG,Grimsby,DN31,"North East Lincolnshire,Yorkshire and the Humber,England",United Kingdom,third-country,FFP,PP,,,PP - Processing Plant,,
UT 038,On Air Dining,"Air Culinaire Woldwide UK, Hangar 173 Inflite The Jet Centre, London Stansted Airport, Stansted, CM24 1RY",Stansted Mountfitchet,CM24,"Essex,East of England,England",United Kingdom,third-country,FFP,PP,,,PP - Processing Plant,27/08/2025,
QQ 017,Ondar Fishing Co Limited,Vessel Name - Eder Sands VIEWLANDS BROOMEHALL ROAD COLDHARBOUR DORKING SURREY,Coldharbour,RH5,"Surrey,South East,England",United Kingdom,third-country,FFP,FV,,,FV - Factory Vessel,,
FB 148,Opus Provisions Limited,9 Townsend Industrial Estate Waxlow Road London NW10 7NU,London Borough of Brent,NW10,"London,Greater London,England",United Kingdom,third-country,FFP,PP,,,PP - Processing Plant,03/01/2024,
US 102,Oriental Food Express Limited,Unit 8 & 9 Shropshire Food Enterprise Centre Vanguard Way Shrewsbury SY1 3TG SY1 3TG,Shrewsbury,SY1,"Shropshire,West Midlands,England",United Kingdom,third-country,FFP,PP,,,PP - Processing Plant,27/04/2026,
OA 159,Orkney Crab,Garson Food Park Stromness Orkney KW16 3BL,Stromness,KW16,"Orkney Islands,Scotland",United Kingdom,third-country,FFP,CS PP,,,CS - Cold Stores | PP - Processing Plant,29/11/2023,
OA 160,Orkney Crab Ltd,Lobster Ponds South Pier Stromness Orkney KW16 3AA,Stromness,KW16,"Orkney Islands,Scotland",United Kingdom,third-country,FFP,PP,,,PP - Processing Plant,29/11/2023,
OA 003,Orkney Fishermen's Society Ltd,"Garson Industrial Estate, Stromness, Orkney, KW16 3BL",Stromness,KW16,"Orkney Islands,Scotland",United Kingdom,third-country,FFP,PP,,,PP - Processing Plant,24/05/2022,
OA 143,Orkney Shellfish Ltd,Shoreside South Ronaldsay KW17 2TQ,Orkney Islands,KW17,"Orkney Islands,Scotland",United Kingdom,third-country,FFP,PP,,,PP - Processing Plant,,
CP 021,Osborne & Sons (Shellfish) Ltd,Unit 1 Kings Road Charfleets Industrial Estate Canvey Island SS8 0QY,Canvey,SS8,"Essex,East of England,England",United Kingdom,third-country,FFP,PP,,,PP - Processing Plant,22/11/2022,
ES 013,Osborne and Sons (Shellfish) Ltd,Cockle Sheds 7 & 9 High Street Leigh-On-Sea SS9 2ER,Southend-on-Sea,SS9,"Southend-on-Sea,East of England,England",United Kingdom,third-country,FFP,PP,,,PP - Processing Plant,,
GG 576,Oscar Cleve Ltd,Unit 2a Prince Albert Gardens Grimsby DN31 3AG England,Grimsby,DN31,"North East Lincolnshire,Yorkshire and the Humber,England",United Kingdom,third-country,FFP,PP,,,PP - Processing Plant,,
GG 601,Osprey Fish Trading Ltd,5 Trinity Street Grimsby DN31 3AN,North East Lincolnshire,DN31,"North East Lincolnshire,Yorkshire and the Humber,England",United Kingdom,third-country,FFP,PP,,,PP - Processing Plant,22/05/2025,
BI 256,Oyetty Ready Meals,Arena House Cecil Street Birmingham B19 3ST,Birmingham,B19,"West Midlands Combined Authority,West Midlands,England",United Kingdom,third-country,FFP,PP,,,PP - Processing Plant,15/06/2022,
HU 042,P & L Fish Supply,"273 Wincolmlee, Hull, HU2 0PZ",Kingston upon Hull,HU2,"East Riding of Yorkshire,Yorkshire and the Humber,England",United Kingdom,third-country,FFP,PP,,,PP - Processing Plant,30/09/2025,
AD006 FE,PDK Shellfish Ltd,"2 South Pier, Oban, Argyll PA34 4LS",Oban,PA34,"Argyll and Bute,Scotland",United Kingdom,third-country,FFP,PP,,,PP - Processing Plant,,
HS 052,PH Fish LLP,Office 3 Hastings Fish Market Rock-A-Nore Road Hastings TN34 3DW,East Sussex,TN34,"East Sussex,South East,England",United Kingdom,third-country,FFP,PP,,,PP - Processing Plant,,
VY 065,Pakeezah Gourmet Ltd,Unit 1 Eastwood Street BD4 7DE,Bradford,BD4,"Yorkshire and the Humber,England",United Kingdom,third-country,FFP,PP,,,PP - Processing Plant,,
YH 001,Paradise Patties Ltd (FNA Supreme Meat Products Ltd),Frontier Works 33 Queen Street,London,N17,"London,Greater London,England",United Kingdom,third-country,FFP,PP,,,PP - Processing Plant,,
TZ 035,Paramount 21 Ltd,Old Newton Road TQ12 6RA,Newton Abbot,TQ12,"Devon,South West England,England",United Kingdom,third-country,FFP,PP,,,PP - Processing Plant,,
AG 218,Pasta Evangelist,95 Victoria Road London NW10 6DJ,London,NW10,"London,Greater London,England",United Kingdom,third-country,FFP,PP,,,PP - Processing Plant,06/02/2024,
BT 026,Pastation Services Limited,"205 Dephna House, 24-26 Arcadia Avenue, Finchley, N3 2JU",London,N3,"London,Greater London,England",United Kingdom,third-country,FFP,PP,,,PP - Processing Plant,28/10/2025,
GG 316,Paul Leggett,Spencer Street Grimsby DN31 3AA,Grimsby,DN31,"North East Lincolnshire,Yorkshire and the Humber,England",United Kingdom,third-country,FFP,PP,,,PP - Processing Plant,,
OL 041,Paul Phillips Fish Merchants,"Unit 65, The Acorn Centre, Barry Street, Oldham, OL1 3NE",Oldham,OL1,"Greater Manchester,North West England,England",United Kingdom,third-country,FFP,PP,,,PP - Processing Plant,30/06/2026,
SA 001,Pelagia Shetland Limited,Gremista Lerwick Shetland ZE1 0PX,Lerwick,ZE1,"Shetland Islands,Scotland",United Kingdom,third-country,FFP,PP,,,PP - Processing Plant,,
GG 580,Pete Darwent Ltd,Unit 5 Grimsby Seafood Village Wickham Road Grimsby DN31 3SX England,Grimsby,DN31,"North East Lincolnshire,Yorkshire and the Humber,England",United Kingdom,third-country,FFP,PP,,,PP - Processing Plant,27/10/2025,
BB155,Peterhead Fish Market,"Greenhill Road, Peterhead, Aberdeenshire AB42 1ZY",Peterhead,AB42,"Aberdeenshire,Scotland",United Kingdom,third-country,FFP,PP,,,PP - Processing Plant,,
ND 040,Philip Dennis Food Service,Unit 4 Oakwood Close Roundswell Industrial Estate Barnstaple EX31 3NJ England,Barnstaple,EX31,"Devon,South West England,England",United Kingdom,third-country,FFP,PP,,,PP - Processing Plant,,
BZ 040,Pieminister Ltd,Charlton Road,Brentry Bristol BS10 6NF,,"City of Bristol,South West England,England",United Kingdom,third-country,FFP,PP,,,PP - Processing Plant,,
OA 033,Pierowall Fish Ltd,Broughton Road Westray Orkney Islands KW17 2DA,Papa Westray,KW17,"Papa Westray,Scotland",United Kingdom,third-country,FFP,PP,,,PP - Processing Plant,19/06/2023,
AG 007,Pilgrim's Food Masters UK Limited,Windmill Centre Windmill Lane Southall UB2 4NJ England,Southall,UB2,"London,Greater London,England",United Kingdom,third-country,FFP,PP,,,PP - Processing Plant,,
AH 048,Pilgrim's Food Masters UK Limited,Rookery Farm Little Ellingham Attleborough NR17 1JH,Attleborough,NR17,"Norfolk,East of England,England",United Kingdom,third-country,FFP,PP,,,PP - Processing Plant,24/04/2023,
AG 070,Pineglade Ltd T/A Good Earth,16 Trading Estate Road Park Royal NW10 7LU England,London,NW10,"London,Greater London,England",United Kingdom,third-country,FFP,PP,,,PP - Processing Plant,,
NW 019,Ping Pong,Unit 3F Standard Ind Estate Henly Road E16 2ES,London,E16,"London,Greater London,England",United Kingdom,third-country,FFP,PP,,,PP - Processing Plant,,
ML 018,Pinney's of Orford,Quay Street,Woodbridge,IP12,"Suffolk,East of England,England",United Kingdom,third-country,FFP,PP,,,PP - Processing Plant,,
AA108,Piper Seafoods Ltd,"South Esplanade West, Torry, Aberdeen, AB11 9AA",Aberdeen,AB11,Scotland,United Kingdom,third-country,FFP,PP,,,PP - Processing Plant,,
ND 063,Plaistow Mills Trout Farm,Plaistow Mills Muddiford Barnstaple EX31 4EX,North Devon,EX31,"Devon,South West England,England",United Kingdom,third-country,FFP,PP,,,PP - Processing Plant,08/02/2023,
XQ 042,Plymouth Scallop Company Limited,"Unit 2, The Fish Quay, Plymouth, PL4 0LH",Plymouth,PL4,"South West England,England",United Kingdom,third-country,FFP,PP,,,PP - Processing Plant,09/06/2026,
TJ 024,Polly's Buffets Limited,Unit 20-21 John Baker Close Llantarnam Cwmbran NP44 3AX,Cwmbran,NP44,"Torfaen,Wales",United Kingdom,third-country,FFP,PP,,,PP - Processing Plant,03/01/2023,
TH 017.072,Polydor Seafood Limited,Shops 21-22 & Stands C7-8 H6-H10 & I19/10 Billingsgate Market Trafalgar Way London E14 5ST,London,E14,"London,Greater London,England",United Kingdom,third-country,FFP,PP,,,PP - Processing Plant,28/10/2025,
TH 017.007,Polydor Seafood Limited,"Shops 21,22, Stands C9, C10, H06-H10, 109, 110, Office 86 & 77 Billingsgate Market Trafalgar Way London E14 5ST",London Borough of Tower Hamlets,E14,"London,Greater London,England",United Kingdom,third-country,FFP,PP,,,PP - Processing Plant,28/10/2025,
GS 022,Pompidou Pies,"N3/4, Inchbrook Trading Estate Bath Road Woodchester GL5 5EY England",South Woodchester,GL5,"Gloucestershire,South West England,England",United Kingdom,third-country,FFP,PP,,,PP - Processing Plant,,
AF 005,Poole Seafood,18 Whitecliff Road Poole BH14 8DU,Poole,BH14,"Poole,South West England,England",United Kingdom,third-country,FFP,PP,,,PP - Processing Plant,19/10/2023,
AG 028,Poonams,86 Western Road Southall UB2 5DZ England,Southall,UB2,"London,Greater London,England",United Kingdom,third-country,FFP,PP,,,PP - Processing Plant,,
TH 017.071,Pop,Billingsgate Market Shop 15 Trafalgar Way London E14 5ST,London,E14,"London,Greater London,England",United Kingdom,third-country,FFP,PP,,,PP - Processing Plant,30/11/2022,
FB 114,Port Royal,264 Water Road HA01HX,Wembley,HA9,"London,Greater London,England",United Kingdom,third-country,FFP,PP,,,PP - Processing Plant,,
LY 003,Port of Lancaster Smoked Salmon Company,"West Quay, Glasson Dock",Lancashire,LA2,"Lancashire,North West England,England",United Kingdom,third-country,FFP,PP,,,PP - Processing Plant,,
WP 004,Portland Shellfish Ltd,Portland Port Business Centre Castletown Portland DT5 1PA,Weymouth and Portland,DT5,"Dorset,South West England,England",United Kingdom,third-country,FFP,PP,,,PP - Processing Plant,,
BM 009,Pots for Tots,Unit 1 Kangley Business Centre Kangley Bridge Road Lower Sydenham London SE26 5AQ,London Borough of Bromley,SE26,"London,Greater London,England",United Kingdom,third-country,FFP,PP,,,PP - Processing Plant,17/09/2024,
EY 081,Power Health Products Ltd,Pocklington Airfield Industrial Estate Halifax Way York YO42 1NR,North Yorkshire,YO42,"North Yorkshire,Yorkshire and the Humber,England",United Kingdom,third-country,FFP,PP,,,PP - Processing Plant,,
DQ 021,Premier Fish,Unit 6 Brook Road Wimborne BH21 2BH,Dorset,BH21,"Dorset,South West England,England",United Kingdom,third-country,FFP,PP,,,PP - Processing Plant,30/01/2024,
WQ 401,Premier Fish Ltd,"Unit 2, Scotts Close, Downton, Salisbury, Wiltshire",Downton,SP5,"Wiltshire,South West England,England",United Kingdom,third-country,FFP,PP,,,PP - Processing Plant,28/07/2022,
GG 514,Premier Seafoods Ltd,2a and 3 Riby Street Grimsby DN31 3QF England,Grimsby,DN31,"North East Lincolnshire,Yorkshire and the Humber,England",United Kingdom,third-country,FFP,PP,,,PP - Processing Plant,,
WQ 453,Premier Smokehouse,"New Court Dairy, Downton, SP5 3JE",Downton,SP5,"Wiltshire,South West England,England",United Kingdom,third-country,FFP,PP,,,PP - Processing Plant,28/10/2025,
DH 013,Prep Kitchen Ltd,Court Lodge Farm Dale Road Southfleet DA13 9NX,Southfleet,DA13,"Kent,South East,England",United Kingdom,third-country,FFP,PP,,,PP - Processing Plant,30/07/2024,
BI 296,Pride of Africa,99 - 103 Pritchett Street Birmingham B6 4ES,Birmingham,B6,"West Midlands Combined Authority,West Midlands,England",United Kingdom,third-country,FFP,PP,,,PP - Processing Plant,24/10/2025,
GH 006,Primula Limited,Kingsway Team Valley Trading Estate Gateshead NE11 0ST England,Gateshead,NE11,"North East England,England",United Kingdom,third-country,FFP,PP,,,PP - Processing Plant,08/12/2021,
FE 010,Princes,Lynn Road,Wisbech,PE13,"Cambridgeshire,East of England,England",United Kingdom,third-country,FFP,PP,,,PP - Processing Plant,,
DM 015,Princes Ltd,Unit 2 Hownsgill Park,Consett,DH8,"County Durham,North East England,England",United Kingdom,third-country,FFP,PP,,,PP - Processing Plant,,
KH 001,Princess D'Isenbourg et Cie Ltd,2 Bard Road Holland Park W10 6TP England,London,W10,"London,Greater London,England",United Kingdom,third-country,FFP,PP,,,PP - Processing Plant,,
RJ 020,Pro-Pak Foods Limited,Seven Street York Road Industrial Estate Malton North Yorkshire YO17 6YA,Malton,YO17,"North Yorkshire,Yorkshire and the Humber,England",United Kingdom,third-country,FFP,PP,,,PP - Processing Plant,19/12/2024,
DQ 008,Purbeck Trout,Trigon Fish Farm Trigon Estate Wareham BH20 7PD,Wareham,BH20,"Dorset,South West England,England",United Kingdom,third-country,FFP,PP,,,PP - Processing Plant,01/03/2022,
MU 106,Pure Oyster Company Ltd,Imperial House Old Brighton Road South Crawley RH11 9AH,Mid Sussex,RH11,"West Sussex,South East,England",United Kingdom,third-country,FFP,PP,,,PP - Processing Plant,,
OA 149,QA Fish Limited,46 Crowness Road Kirkwall KW15 1RG,Orkney Islands,KW15,"Orkney Islands,Scotland",United Kingdom,third-country,FFP,PP,,,PP - Processing Plant,,
SA 063,QA Fish Limited,Unit 1 Blacksness Pier Scalloway Shetland ZE1 0TQ,Scalloway,ZE1,"Shetland Islands,Scotland",United Kingdom,third-country,FFP,PP,,,PP - Processing Plant,,
SF 137,QA Shellfish Ltd,Harbour Business Park Industrial Estate Ullapool Highland IV26 2SR,Ullapool,IV26,"Highland,Scotland",United Kingdom,third-country,FFP,PP,,,PP - Processing Plant,,
NZ 213,Quality Food Services,Unit 13-15 Invincible Drive Newcastle upon Tyne NE4 7HX,Newcastle upon Tyne,NE4,"North East England,England",United Kingdom,third-country,FFP,PP,,,PP - Processing Plant,,
VD 001,Quay Fresh and Frozen Foods Ltd,Rock Street SA45 9PL,New Quay,SA45,"Ceredigion,Wales",United Kingdom,third-country,FFP,PP,,,PP - Processing Plant,,
BB048,R & J Seafish Ltd,"31 North Street, Peterhead, Aberdeenshire, AB42 1NJ",Peterhead,AB42,"Aberdeenshire,Scotland",United Kingdom,third-country,FFP,PP,,,PP - Processing Plant,,
GG 469,R & M Trading,Unit 13 Estate Road No 8 SHIE Grimsby DN31 2TP England,Grimsby,DN31,"North East Lincolnshire,Yorkshire and the Humber,England",United Kingdom,third-country,FFP,PP,,,PP - Processing Plant,,
GG 565,R & R Seafoods Limited,4 Maltings Way Grimsby DN31 1QS England,Grimsby,DN31,"North East Lincolnshire,Yorkshire and the Humber,England",United Kingdom,third-country,FFP,PP,,,PP - Processing Plant,,
GG 593,R & R Smokehouse Limited,8 Riby Street Grimsby DN31 3HF,Grimsby,DN31,"North East Lincolnshire,Yorkshire and the Humber,England",United Kingdom,third-country,FFP,PP,,,PP - Processing Plant,12/04/2023,
TH 040,R Green Fisheries Ltd,Unit 11 Blackwall Trading Estate Lanrick Road E14 0JP England,London Borough of Tower Hamlets,E14,"London,Greater London,England",United Kingdom,third-country,FFP,PP,,,PP - Processing Plant,,
AA 004,R W Henderson Limited,South Esplanade East Aberdeen AB11 9PB,Aberdeen City,AB11,"Aberdeen City,Scotland",United Kingdom,third-country,FFP,PP,,,PP - Processing Plant,02/04/2025,
GG 504,R&J Seafoods Ltd,Units 19 & 20 Estate Road 8 Grimsby DN31 2TG,Grimsby,DN31,"North East Lincolnshire,Yorkshire and the Humber,England",United Kingdom,third-country,FFP,PP,,,PP - Processing Plant,23/05/2022,
NN 145,R. Matthews Shellfish,Rocky Bottoms Cromer Road West Runton Norfolk NR27 9QA,West Runton,NR27,"Norfolk,East of England,England",United Kingdom,third-country,FFP,PP,,,PP - Processing Plant,,
2940,R.D. Johns Limited,"Unit 13A, Hopkinson Way, Andover, Hampshire, SP10 3ZE",Andover,SP10,"Hampshire,South East,England",United Kingdom,third-country,FFP,PP,,,PP - Processing Plant,13/07/2026,
IN 003,R.F.Brookes,Rogerstone Park Azaelea Road Rogerstone Newport NP10 9SA Wales,Newport,NP10,Wales,United Kingdom,third-country,FFP,PP,,,PP - Processing Plant,,
HK 202,R.G.Morris & Son Ltd,1 Sycamore Close Buxton SK17 6FB,Buxton,SK17,"Derbyshire,East Midlands,England",United Kingdom,third-country,FFP,PP,,,PP - Processing Plant,,
HO 115,RG Heston Centre,"Unit 7, The Heston Centre Spitfire Way Off International Drive Heston TW5 9NJ",London Borough of Hounslow,TW5,"London,Greater London,England",United Kingdom,third-country,FFP,PP,,,PP - Processing Plant,,
XQ 038,RG Seafoods,RG Seafoods Unit 2 Fish Quay,Plymouth,PL4,"South West England,England",United Kingdom,third-country,FFP,PP,,,PP - Processing Plant,,
KC 333,RJS Ecosse Ltd,"Pittenweem Fish Market, Mid Shore, Pitenweem. Fife KY10 2NW",Pittenweem,KY10,"Fife,Scotland",United Kingdom,third-country,FFP,PP,,,PP - Processing Plant,,
AG 025,Raj Foods,56B Minerva Road Park Royal London NW10 7SY England,London,NW10,"London,Greater London,England",United Kingdom,third-country,FFP,PP,,,PP - Processing Plant,,
GG 568,Ramus Grimsby Ltd,Ayscough Street Grimsby North East Lincolnshire DN31 1TG,North East Lincolnshire,DN31,"North East Lincolnshire,Yorkshire and the Humber,England",United Kingdom,third-country,FFP,PP,,,PP - Processing Plant,01/12/2025,
BZ 079,RaviOllie Ltd,"Unit 12 Avonside Industrial Estate, Feeder Road, Bristol, BS2 0TS",Bristol,BS2,"City of Bristol,South West England,England",United Kingdom,third-country,FFP,PP,,,PP - Processing Plant,27/05/2026,
GG 420,Ray Gooch,5 Maltings Way Grimsby DN31 1QS,Grimsby,DN31,"North East Lincolnshire,Yorkshire and the Humber,England",United Kingdom,third-country,FFP,PP,,,PP - Processing Plant,,
HI 051,Reach Food Services Limited,Unit 1 440 Springfield Road Hayes UB4 0JT,London,UB4,"London,Greater London,England",United Kingdom,third-country,FFP,PP,,,PP - Processing Plant,,
WN 085,Real Meat Store,Stafford Road Marsh Lane Parade Unit 9,Wolverhampton,WV10,"West Midlands Combined Authority,West Midlands,England",United Kingdom,third-country,FFP,PP,,,PP - Processing Plant,,
GG 583,Rebel Fish Limited,Unit 6A Grimsby Seafood Village Wickham Road Grimsby DN31 3SX,Grimsby,DN31,"North East Lincolnshire,Yorkshire and the Humber,England",United Kingdom,third-country,FFP,PP,,,PP - Processing Plant,,
WQ 413,Red House Foods Ltd,Stockport Park Stockport Road Amesbury SP4 7LN,Amesbury,SP4,"Wiltshire,South West England,England",United Kingdom,third-country,FFP,PP,,,PP - Processing Plant,,
FB 109,Reich Caterers,Unit 10 Bridge Close NW10 0UF,London,NW10,"London,Greater London,England",United Kingdom,third-country,FFP,PP,,,PP - Processing Plant,,
AF 007,Renowned Catering Ltd,Renowned Catering Ltd 19 Ringwood Road Poole BH14 0RE,Poole,BH14,"Poole,South West England,England",United Kingdom,third-country,FFP,PP,,,PP - Processing Plant,03/11/2021,
MK 041,Restaurant Solutions Limited,36 Carters Yard Carters Lane Kiln Farm Milton Keynes MK11 3HL,Milton Keynes,MK11,"Milton Keynes,South East,England",United Kingdom,third-country,FFP,PP,,,PP - Processing Plant,15/12/2021,
GG 515,Riby Street Fishmongers,Riby Street Grimsby DN31 3HF England,Grimsby,DN31,"North East Lincolnshire,Yorkshire and the Humber,England",United Kingdom,third-country,FFP,PP,,,PP - Processing Plant,,
2928,Ritter-Courivaud Limited,Unit 10 Longlands Road Launton Bicester OX26 5AH,Bicester,OX26,"Oxfordshire,South East,England",United Kingdom,third-country,FFP,PP,,,PP - Processing Plant,12/08/2025,
TZ 029,River Teign Shellfish Ltd,Weeks Linney Parrs Lane Chudleigh Newton Abbot TQ13 0PA,Chudleigh,TQ13,"Devon,South West England,England",United Kingdom,third-country,FFP,PP,,,PP - Processing Plant,,
GG 518,Riverbay Fisheries Limited,r/o Fastline North Quay Fish Docks Grimsby DN31 3SY England,Grimsby,DN31,"North East Lincolnshire,Yorkshire and the Humber,England",United Kingdom,third-country,FFP,PP,,,PP - Processing Plant,,
NG 050,Riverside Bakery,Crossgate Drive NG2 1LU,Nottingham,NG2,"Nottingham,East Midlands,England",United Kingdom,third-country,FFP,PP,,,PP - Processing Plant,06/11/2025,
HU 045,Roach Bros (Curers) Ltd,Havelock Street Kingston upon Hull HU3 2DT,Kingston upon Hull,HU3,"East Riding of Yorkshire,Yorkshire and the Humber,England",United Kingdom,third-country,FFP,PP,,,PP - Processing Plant,,
XQ 034,Robert Manning Unit 1,Unit 1 Fish Quay Sutton Harbour Plymouth PL4 0LH,Plymouth,PL4,"South West England,England",United Kingdom,third-country,FFP,PP,,,PP - Processing Plant,20/05/2022,
EZ 021,Robert Miller Ltd,Hicks Farm Holliday Hill West Hangingfield,Chelmsford,CM2,"Essex,East of England,England",United Kingdom,third-country,FFP,PP,,,PP - Processing Plant,,
TP 050,Rockfish Quayside Ltd,Unit D The New Fish Quay Brixham TQ5 8AW,Brixham,TQ5,"Torbay,South West England,England",United Kingdom,third-country,FFP,PP,,,PP - Processing Plant,,
BD 046,Ross Dougal Fish Merchants,Unit 1 and 2 (Phase 1) Acredale Industrial Estate Eyemouth TD14 5LQ,Eyemouth,TD14,"Scottish Borders,Scotland",United Kingdom,third-country,FFP,PP,,,PP - Processing Plant,,
WX 010,Rowan Foods (A Division of Oscar Mayer Ltd),Ash Road South Wrexham Ind Est Wrexham LL13 9UG,Wrexham,LL13,"Wrexham,Wales",United Kingdom,third-country,FFP,PP,,,PP - Processing Plant,,
UT 037,Royalblue Executive Services,Unit 6020 Taylors End Long Border Road Takeley Stansted Airport CM24 1RL,Stansted Mountfitchet,CM24,"Essex,East of England,England",United Kingdom,third-country,FFP,PP,,,PP - Processing Plant,01/07/2025,
MI 003,Royalblue Executive Services,3 – 5 Ashford Business Complex Feltham Road Ashford TW15 1YQ,Ashford,TW15,"Surrey,South East,England",United Kingdom,third-country,FFP,PP,,,PP - Processing Plant,23/01/2025,
AG 087,Rubys Food Products Ltd,4 Walmgate Road Perivale UB6 7NB England,London,UB6,"London,Greater London,England",United Kingdom,third-country,FFP,PP,,,PP - Processing Plant,,
GG 331,Russells Fish Curing,8 Riby Street Grimsby DN31 2TG,Grimsby,DN31,"North East Lincolnshire,Yorkshire and the Humber,England",United Kingdom,third-country,FFP,PP,,,PP - Processing Plant,,
BB100,S & B Seafoods,"Unit 2, Albert Street, Peterhead, Aberdeenshire AB42 6ZW",Peterhead,AB42,"Aberdeenshire,Scotland",United Kingdom,third-country,FFP,PP,,,PP - Processing Plant,,
TO 030,S & J Fisheries Ltd,Unit 4 Richmond Place Central Avenue Lee Mill Industrail Estate Plymouth PL21 9PE,Lee Mill,PL21,"Devon,South West England,England",United Kingdom,third-country,FFP,PP,,,PP - Processing Plant,,
NN 059,S & M Shellfish,Unit 11 Great Eastern Way Wells-Next-The-Sea NR21 8HD,North Norfolk,NR21,"Norfolk,East of England,England",United Kingdom,third-country,FFP,PP,,,PP - Processing Plant,,
TH 017.036,S + A Hart Limited,Billingsgate Market Trafalgar Way Poplar London E14 5ST,London,E14,"London,Greater London,England",United Kingdom,third-country,FFP,PP,,,PP - Processing Plant,,
KD 014,S B Fish,Troon Harbour Harbour Road Troon KA10 6DH,Troon,KA10,"South Ayrshire,Scotland",United Kingdom,third-country,FFP,PP,,,PP - Processing Plant,,
IL 007,S C Walder Carron Farm,St Martins Isles of Scilly TR25 0QL England,Isles of Scilly,TR25,"Isles of Scilly,South West England,England",United Kingdom,third-country,FFP,PP,,,PP - Processing Plant,,
SF 130,SCEA Huitre JMC,Unit at Old Pier Melness Tongue By Lairg IV27 4YR,Sutherland,IV27,Scotland,United Kingdom,third-country,FFP,PP,,,PP - Processing Plant,,
TH 017.003,SIMMO'S (BILLINGSGATE) LTD,Billingsgate Market Trafalgar Way Poplar London E14 5ST,London,E14,"London,Greater London,England",United Kingdom,third-country,FFP,PP,,,PP - Processing Plant,,
MG 004,SK Chilled Foods Limited,Brighouse Business Village Brighouse Road Middlesbrough TS2 1RT,Middlesbrough,TS2,"North East England,England",United Kingdom,third-country,FFP,PP,,,PP - Processing Plant,22/01/2025,
RG 017,Sadar Food Products,441 Oxford Road Reading RG30 1HD England,Reading,RG30,"Reading,South East,England",United Kingdom,third-country,FFP,PP,,,PP - Processing Plant,21/01/2025,
KM 003,Sailbrand Ltd,Red Doles Lane Huddersfield HD2 1YF,Huddersfield,HD2,"Yorkshire and the Humber,England",United Kingdom,third-country,FFP,PP,,,PP - Processing Plant,,
VY 249,Sakina's Kitchen Ltd,11-12 Usher Street Business Park Usher Street Bradford BD4 7DS,Bradford,BD4,"Yorkshire and the Humber,England",United Kingdom,third-country,FFP,PP,,,PP - Processing Plant,03/11/2022,
LR 006,Saladworks,Oak Spinney Park Ratby Lane Leicester Forest East,Leicester,LE3,"East Midlands,England",United Kingdom,third-country,FFP,PP,,,PP - Processing Plant,13/12/2023,
WA 075,Salar Smokehouse Ltd,"6A Uachdar, Isle of Benbecula, HS7 5LY",Balivanich,HS7,"Western Isles,Scotland",United Kingdom,third-country,FFP,PP,,,PP - Processing Plant,05/01/2026,
FK 981,Sally's Salmon (TEST RECORD),"32-34 Drake Street, Millbrook, Fife",Fife,KY13,"Fife,Scotland",United Kingdom,third-country,FFP,PP,,,PP - Processing Plant,,
MD 005,Salmo Salar Ltd,Unit 9 Sholto Crescent Righead Industrial Estate Bellshill ML4 3LX,Bellshill,ML4,"North Lanarkshire,Scotland",United Kingdom,third-country,FFP,PP,,,PP - Processing Plant,10/05/2023,
BI 011,Salmon Incorporated Ltd,Unit 76 Birmingham Wholesale Market 7 The Hub Nobel Way Birmingham B6 7EU,Birmingham,B6,"West Midlands Combined Authority,West Midlands,England",United Kingdom,third-country,FFP,PP,,,PP - Processing Plant,,
PI 108,Salt and Smoke Co,Kilgetty Farm Stepaside Narberth SA67 8JL,Narberth,SA67,"Pembrokeshire,Wales",United Kingdom,third-country,FFP,PP,,,PP - Processing Plant,,
BY 008,Sam Pan Foods,"Unit 12, Apex Business Centre Boscombe Rd Dunstable LU5 4SB England",Dunstable,LU5,"Central Bedfordshire,East of England,England",United Kingdom,third-country,FFP,PP,,,PP - Processing Plant,27/10/2025,
FR 049,Sandwell & West Birmingham Hospitals NHS Trust,Rowley Regis Hospital,Rowley Village,B65,"West Midlands Combined Authority,West Midlands,England",United Kingdom,third-country,FFP,PP,,,PP - Processing Plant,,
FB 117,Sapna Catering,265 Water Road,London Borough of Brent,HA0,"London,Greater London,England",United Kingdom,third-country,FFP,PP,,,PP - Processing Plant,,
ZE 003,Saunders & Wilson,17 Chiswell,Weymouth and Portland,DT5,"Dorset,South West England,England",United Kingdom,third-country,FFP,PP,,,PP - Processing Plant,,
SA 101,Scalloway Fish Market,"Blacksness Pier, Scalloway, Shetland ZE1 0TQ",Scalloway,ZE1,"Shetland Islands,Scotland",United Kingdom,third-country,FFP,PP,,,PP - Processing Plant,,
YK 021,Scarborough Fair Shellfish Ltd,West Pier,Scarborough,YO11,"North Yorkshire,Yorkshire and the Humber,England",United Kingdom,third-country,FFP,PP,,,PP - Processing Plant,,
YK 001,Scarborough Fish Auction Market,West Pier,Scarborough,YO11,"North Yorkshire,Yorkshire and the Humber,England",United Kingdom,third-country,FFP,AH,,,AH - Auction Hall,08/04/2025,
FR 050,Scheff Foods Ltd,Unit C Halfords Park Halfords Lane Smethwick,Birmingham,B66,"West Midlands Combined Authority,West Midlands,England",United Kingdom,third-country,FFP,PP,,,PP - Processing Plant,,
YM024,Schofield Shellfish Ltd,Glan Alaw Ceido LL71 3BL,Llanerchymedd,LL71,"Isle of Anglesey,Wales",United Kingdom,third-country,FFP,PP,,,PP - Processing Plant,,
SF 127,Scot Live Ltd,"Unit 4 A/B River Close North, Teaninach Industrial Estate, Alness IV17 0PB",Alness,IV17,"Highland,Scotland",United Kingdom,third-country,FFP,PP,,,PP - Processing Plant,,
SF 058 FE,Scot West Limited,"Unit 26E Kyle Industrial Estate, Kyle of Lochalsh, Ross-shire IV40 8AH",Kyle of Lochalsh,IV40,"Highland,Scotland",United Kingdom,third-country,FFP,PP,,,PP - Processing Plant,,
GA 108,Scot West Shellfish Limited,"Block E Unit 5,130 Blochairn Road, Glasgow G21 2DU",Glasgow City,G21,Scotland,United Kingdom,third-country,FFP,PP,,,PP - Processing Plant,,
HG 003,Scotch Smoked Salmon Company Ltd,"Unit B3,12,13,14 Suttons Business Park New Road Rainham RM13 8DE England",London Borough of Havering,RM13,"London,Greater London,England",United Kingdom,third-country,FFP,PP,,,PP - Processing Plant,,
KD 056,Scotprime Seafoods Ltd,The Harbour Troon KA10 6DG,Troon,KA10,"South Ayrshire,Scotland",United Kingdom,third-country,FFP,PP,,,PP - Processing Plant,,
KD 008,Scotprime Seafoods Ltd,"11 Whitfield Drive, Ayr KA8 9RZ",Ayr,KA8,"South Ayrshire,Scotland",United Kingdom,third-country,FFP,PP,,,PP - Processing Plant,,
SA 082,Scottish Sea Farms Limited,Gremista Lerwick Shetland,0PX,ZE1,"Shetland Islands,Scotland",United Kingdom,third-country,FFP,PP,,,PP - Processing Plant,12/04/2023,
AD060FE,Scottish Seafarms Limited,"South Shian, Connel, Argyll PA37 1SB",Benderloch,PA37,"Argyll and Bute,Scotland",United Kingdom,third-country,FFP,PP,,,PP - Processing Plant,,
ED 061,Scottish Seafood Company,94 Bankhead Crossway N Edinburgh EH11 4DT,Edinburgh,EH11,"City of Edinburgh,Scotland",United Kingdom,third-country,FFP,PP,,,PP - Processing Plant,02/07/2025,
SA 036,Scottish Shellfish Marketing Group Ltd,Sparl Brae Shetland ZE2 9QJ,Brae,ZE2,"Shetland Islands,Scotland",United Kingdom,third-country,FFP,PP,,,PP - Processing Plant,,
MD 047,Scottish Shellfish Marketing Group Ltd,"Pit Road, Belshill Industrial Estate, Belshill ML4 3NZ",Bellshill,ML4,"North Lanarkshire,Scotland",United Kingdom,third-country,FFP,PP,,,PP - Processing Plant,,
CA 001 FM,Scrabster Fish Market,"The Harbour, Scrabster KW14 7UL",Scrabster,KW14,Scotland,United Kingdom,third-country,FFP,PP,,,PP - Processing Plant,,
GG 525,Sea King Seafoods Ltd,1 & 2 Maltings Way Grimsby DN31 1QS England,Grimsby,DN31,"North East Lincolnshire,Yorkshire and the Humber,England",United Kingdom,third-country,FFP,PP,,,PP - Processing Plant,,
BI 037,Sea Quality,14 Kingsbury Road Birmingham B24 8QQ,Birmingham,B24,"West Midlands Combined Authority,West Midlands,England",United Kingdom,third-country,FFP,PP,,,PP - Processing Plant,,
DQ 020,Sea Sisters,"Unit 3, Link Park, Chickerell Link Road, Weymouth, DT3 4FL",Weymouth and Portland,DT3,"Dorset,South West England,England",United Kingdom,third-country,FFP,PP,,,PP - Processing Plant,31/01/2025,
GG 276,Seachill UK Limited t/a Hilton Seafood UK,"Est Rd 2, SHIE Grimsby DN31 2TG",Grimsby,DN31,"North East Lincolnshire,Yorkshire and the Humber,England",United Kingdom,third-country,FFP,PP,,,PP - Processing Plant,,
GG 314,Seachill UK Limited t/a Hilton Seafood UK,Laforey Road Grimsby DN37 9TG,Grimsby,DN37,"North East Lincolnshire,Yorkshire and the Humber,England",United Kingdom,third-country,FFP,PP,,,PP - Processing Plant,,
HU 035,Seafish (UK) Ltd,45 Wassand Street Hull HU3 4AN,Kingston upon Hull,HU3,"East Riding of Yorkshire,Yorkshire and the Humber,England",United Kingdom,third-country,FFP,PP,,,PP - Processing Plant,22/08/2022,
GG 523,Seafish Processing Limited,Unit 1 Grimsby Fish Dock Enterprises Wharncliffe Road Grimsby dock Grimsby DN31 3QJ England,Grimsby,DN31,"North East Lincolnshire,Yorkshire and the Humber,England",United Kingdom,third-country,FFP,PP,,,PP - Processing Plant,,
TO 017,Seafocal,8 The Fish Quay Salcombe TQ8 8NN England,Salcombe,TQ8,"Devon,South West England,England",United Kingdom,third-country,FFP,PP,,,PP - Processing Plant,,
GN 042,Seafood 21 Ltd,155 Blackwall Lane London SE10 0AT,Greenwich,SE10,"London,Greater London,England",United Kingdom,third-country,FFP,PP,,,PP - Processing Plant,17/10/2023,
HO 112,Seafood And Eat It,14 Central Park Estate Staines Road Hounslow TR4 5DJ,London Borough of Hounslow,TW4,"London,Greater London,England",United Kingdom,third-country,FFP,PP,,,PP - Processing Plant,,
GG 596,Seafood Direct Limited,Unit 0 Grimsby Seafood Village Wickham Road Grimsby DN31 3SX,North East Lincolnshire,DN31,"North East Lincolnshire,Yorkshire and the Humber,England",United Kingdom,third-country,FFP,PP,,,PP - Processing Plant,28/11/2023,
BB009,Seafood Ecosse (Fraserburgh) Ltd,"46-50 Shore Street, Fraserburgh, Aberdeenshire AB43 9BT",Fraserburgh,AB43,"Aberdeenshire,Scotland",United Kingdom,third-country,FFP,PP,,,PP - Processing Plant,,
BB 086,Seafood Ecosse Ltd,"Dales Industrial Estate, Peterhead, Aberdeenshire AB42 3JF",Peterhead,AB42,"Aberdeenshire,Scotland",United Kingdom,third-country,FFP,PP,,,PP - Processing Plant,20/09/2023,
BB010,Seafood Sourcing Ltd.,"Harbour Road FRASERBURGH, Aberdeenshire AB43 9TD",Fraserburgh,AB43,"Aberdeenshire,Scotland",United Kingdom,third-country,FFP,PP,,,PP - Processing Plant,,
PO 027,Seafresh Seafoods Ltd,Unit 14 Allens Lane Poole BH16 5DA,Poole,BH16,"Poole,South West England,England",United Kingdom,third-country,FFP,PP,,,PP - Processing Plant,,
PF 006,Seaking Fisheries Ltd,Unit 22 Wyre Dock Herring Arm Road Fleetwood FY7 6NB,Fleetwood,FY7,"Lancashire,North West England,England",United Kingdom,third-country,FFP,PP,,,PP - Processing Plant,,
SA 079,Seaspray (Shetland) Limited,"The Extension Old Fish Market Laurenson Quay Lerwick, Shetland ZE1 0LL",Lerwick,ZE1,"Shetland Islands,Scotland",United Kingdom,third-country,FFP,PP,,,PP - Processing Plant,,
TP 053,Sefton Ltd,10-11 Torbay Trading Estate New Road Brixham TQ5 8UA,Brixham,TQ5,"Torbay,South West England,England",United Kingdom,third-country,FFP,PP,,,PP - Processing Plant,,
TH 017.022,Selsea (Billingsgate) Ltd,"Office 71 and Shops 11,12,19 Cold Store Units C1 and C2. Chiller 58 Billingsgate Market Trafalgar Way Poplar London E14 5ST",London,E14,"London,Greater London,England",United Kingdom,third-country,FFP,PP,,,PP - Processing Plant,,
FD 006,Severn & Wye Smokery (Smokery Site),Chaxhill Westbury-on-Severn GL14 1QW,Westbury-on-Severn,GL14,"Gloucestershire,South West England,England",United Kingdom,third-country,FFP,PP,,,PP - Processing Plant,,
FD 015,Severn & Wye Smokery (Wallmore Cottage Site),South Cottage Walmore Hill,Minsterworth,GL2,"Gloucestershire,South West England,England",United Kingdom,third-country,FFP,PP,,,PP - Processing Plant,,
GG 172,Sharpfish,Fish Dock Road Grimsby DN31 3NN,Grimsby,DN31,"North East Lincolnshire,Yorkshire and the Humber,England",United Kingdom,third-country,FFP,PP,,,PP - Processing Plant,,
5008,Shazan Foods Limited,Magdalen Street,Eye,IP23,"Suffolk,East of England,England",United Kingdom,third-country,FFP,PP,,,PP - Processing Plant,,
MN 060,Shefa Mehadrin,Unit 7 & 8 Sherborne Trading Estate Sherborne Street M8 8LR,Manchester,M8,"Greater Manchester,North West England,England",United Kingdom,third-country,FFP,PP,,,PP - Processing Plant,,
TO 018,Shellfish South West,Unit 3 Clocktower Business Park Central Avenue Lee Mill Industrail Estate Plymouth PL21 9PE,South Hams,PL21,"Devon,South West England,England",United Kingdom,third-country,FFP,PP,,,PP - Processing Plant,,
LM 021,Sheng Da Limited,Unit 54 Parkside Rolt Street SE8 5JB,London,SE8,"London,Greater London,England",United Kingdom,third-country,FFP,PP,,,PP - Processing Plant,,
GN 017,Sheng Yip Frozen Food Supplies,Unit 7B Mellish House Warspite Road London SE18 5NU England,London,SE18,"London,Greater London,England",United Kingdom,third-country,FFP,PP,,,PP - Processing Plant,,
HI 030,Shield Foods,Unit 3 Chancerygate Way South Ruislip HA4 0JS England,Ruislip,HA4,"London,Greater London,England",United Kingdom,third-country,FFP,PP,,,PP - Processing Plant,28/04/2026,
SF 054,Shieldaig Export Ltd,"The Packing Shed, Ardheslaig, By Shieldaig",Strathcarron,IV54,"Highland,Scotland",United Kingdom,third-country,FFP,PP,,,PP - Processing Plant,,
EY 001,Ship To Shore,Lancaster Road Carnaby Bridlington YO15 3QY,Bridlington,YO15,"East Riding of Yorkshire,Yorkshire and the Humber,England",United Kingdom,third-country,FFP,PP,,,PP - Processing Plant,,
KM 141,Shiso Ltd,The Burnt Hill Herb Co Farnley Road Farnley Tyas Huddersfield HD4 6UN,Kirklees,HD4,"Yorkshire and the Humber,England",United Kingdom,third-country,FFP,PP,,,PP - Processing Plant,12/09/2023,
CU 013,Shoal Seafood Ltd,Unit 1 & 2 Britannia Road Waltham Cross EN11 0NT,Broxbourne,EN11,"Hertfordshire,East of England,England",United Kingdom,third-country,FFP,PP,,,PP - Processing Plant,08/02/2023,
LO 090,Silver Darlings Fish Company,Waveney Valley Smoked Products 72 Newcombe Road Lowestoft NR32 1XA,Lowestoft,NR32,"Suffolk,East of England,England",United Kingdom,third-country,FFP,PP,,,PP - Processing Plant,27/05/2025,
CQ 723,Simply From The Sea,29 Moorland Road Par,Par,PL24,"Cornwall,South West England,England",United Kingdom,third-country,FFP,PP,,,PP - Processing Plant,,
PI 084,Simply Seafoods,Primrose Cottage Pentlepoir SA69 9BN,Pentlepoir,SA69,"Pembrokeshire,Wales",United Kingdom,third-country,FFP,PP,,,PP - Processing Plant,,
AA117,Skateraw Fisheries,"Old Ford Road, Aberdeen AB11 5RL",Aberdeen,AB11,Scotland,United Kingdom,third-country,FFP,PP,,,PP - Processing Plant,,
AD 631,Skipness Smokehouse produced by Creelers,"Skipness, Tarbert. Argyll PA29 6XT",Argyll and Bute,PA29,"Argyll and Bute,Scotland",United Kingdom,third-country,FFP,PP,,,PP - Processing Plant,,
RP 003,Slice of Pie,21 Pegasus Court North Lane Aldershot Aldershot GU12 4QP,Rushmoor,GU12,"Hampshire,South East,England",United Kingdom,third-country,FFP,PP,,,PP - Processing Plant,,
EL 037,Smith Smokery,Nova Lodge Sea Lane Friskney Boston PE22 8SD,East Lindsey,PE22,"Lincolnshire,East Midlands,England",United Kingdom,third-country,FFP,PP,,,PP - Processing Plant,,
OF 030,Smokin’ Brothers,Daylesford Organic GL56 0YG,Moreton-in-Marsh,GL56,"Gloucestershire,South West England,England",United Kingdom,third-country,FFP,PP,,,PP - Processing Plant,19/10/2023,
AE 036,Snif-Snax UK PRD Ltd,"17 Solway Trading Estate, Maryport, CA15 8NF",Maryport,CA15,"Cumbria,North West England,England",United Kingdom,third-country,FFP,PP,,,PP - Processing Plant,09/12/2025,
CJ 001,Snowdon & Co (Cardiff) Limited,East Bay Close Tyndall Street Cardiff CF10 4BA,Cardiff,CF10,"Cardiff,Wales",United Kingdom,third-country,FFP,PP,,,PP - Processing Plant,,
CT 007,Soho Coffee Shops Ltd,Unit K Ashville Trading Estate The Runnings Cheltenham GL51 9PT,Cheltenham,GL51,"Gloucestershire,South West England,England",United Kingdom,third-country,FFP,PP,,,PP - Processing Plant,,
WG 066,Soho Flordis UK Limited,1 Botanic Court Martland Park Wigan WN5 0JZ,Wigan,WN5,"Greater Manchester,North West England,England",United Kingdom,third-country,FFP,PP,,,PP - Processing Plant,,
FB 097,Soju Kitchen Limited T/a J Gourmet,Units 4.12 - 4.14 Wembley Commercial Centre HA9 7XX,Wembley,HA9,"London,Greater London,England",United Kingdom,third-country,FFP,PP,,,PP - Processing Plant,,
XQ 032,Sole Trader,"Unit 1, Fish Quay, Sutton Harbour, Plymouth, PL4 0LH",Plymouth,PL4,"South West England,England",United Kingdom,third-country,FFP,PP,,,PP - Processing Plant,29/10/2025,
TH 017.027,Sole Trader Ltd,Billingsgate Market Trafalgar Way Poplar London E14 5ST,London,E14,"London,Greater London,England",United Kingdom,third-country,FFP,PP,,,PP - Processing Plant,,
XQ 037,Sole of Discretion,5 Fish Quay Plymouth Fisheries Complex,Plymouth,PL4,"South West England,England",United Kingdom,third-country,FFP,PP,,,PP - Processing Plant,,
PI 072,Solva Sea Harvest,Solva Farm Panteg Road Solva Haverfordwest SA62 6TN,Haverfordwest,SA62,"Pembrokeshire,Wales",United Kingdom,third-country,FFP,PP,,,PP - Processing Plant,,
AE 021,Solway Browm Shrimps,Unit 30 Station Road Industrial Estate Silloth Wigton CA7 4AE England,Wigton,CA7,"Cumbria,North West England,England",United Kingdom,third-country,FFP,PP,,,PP - Processing Plant,,
SG 032,Somerset Larder Ltd,"Units 2 & 3 Huntworth Way, North Petherton, Bridgwater, TA6 6FA",Bridgwater,TA6,"Somerset,South West England,England",United Kingdom,third-country,FFP,PP,,,PP - Processing Plant,29/10/2025,
CI 044,Something Fishy,12 The Parade East Wittering,Chichester,PO20,"West Sussex,South East,England",United Kingdom,third-country,FFP,PP,,,PP - Processing Plant,29/10/2025,
CQ 112,South Coast Fisheries Ltd,Unit 3 Gilberts Coombe New Port Road Redruth TR16 4HG,Illogan,TR16,"Cornwall,South West England,England",United Kingdom,third-country,FFP,PP,,,PP - Processing Plant,,
YM 029,South Quay Shellfish,Fish Dock Turkey Shore Road Holyhead LL65 2DE,Holyhead,LL65,"Isle of Anglesey,Wales",United Kingdom,third-country,FFP,PP,,,PP - Processing Plant,,
MS 007,Southport Seafoods,11 Shellfield Road Southport PR9 9US,Sefton,PR9,"North West England,England",United Kingdom,third-country,FFP,PP,,,PP - Processing Plant,,
EN 038,Sova Food Wholesale Limited,"Unit 3A, Nobel Road, Edmonton N 18 3BD",London Borough of Enfield,N18,"London,Greater London,England",United Kingdom,third-country,FFP,PP,,,PP - Processing Plant,,
WD 040,St James Salmon Farms Ltd,Unit 2 Station Yard Station Road Annan Dumfriesshire DG12 6BA,Annan,DG12,"Dumfries and Galloway,Scotland",United Kingdom,third-country,FFP,PP,,,PP - Processing Plant,,
WD 029,St James Smokehouse (Scotland) Ltd,Station Road Annan DG12 6BB,Annan,DG12,"Dumfries and Galloway,Scotland",United Kingdom,third-country,FFP,PP,,,PP - Processing Plant,,
AM 019,St Joseph’s Catholic Primary School,Priory Road Chalfont St Peter SL98SB England,Chalfont St Peter,SL9,"Buckinghamshire,South East,England",United Kingdom,third-country,FFP,PP,,,PP - Processing Plant,,
EY 059,Staal Smokehouse Ltd,The Cottage Riston Grange,Long Riston,HU11,"East Riding of Yorkshire,Yorkshire and the Humber,England",United Kingdom,third-country,FFP,PP,,,PP - Processing Plant,,
KI 096,Staithe Smokehouse,Rear of the White Horse Main Road Brancaster Staithe PE31 8BY,Brancaster Staithe,PE31,"Norfolk,East of England,England",United Kingdom,third-country,FFP,PP,,,PP - Processing Plant,,
AF 024,Star Cuisine,39 Penn Hill Avenue Poole BH14 9LU,Bournemouth,BH14,"Bournemouth,South West England,England",United Kingdom,third-country,FFP,PP,,,PP - Processing Plant,13/05/2026,
WA057,Stella Maris Trading / Live Shellfish Ltd,"Seaweed Factory, South Ford, Creagorry, Isle of Benbecula HS7 5PG",Creagorry,HS7,"Western Isles,Scotland",United Kingdom,third-country,FFP,PP,,,PP - Processing Plant,,
NN 150,Stephen Neal,14 Woodland Rise Sheringham,Sheringham,NR26,"Norfolk,East of England,England",United Kingdom,third-country,FFP,PP,,,PP - Processing Plant,,
DI 002,Stewart Bailey,5-6 New Fish Market Lock Up Yard Derby DE1 2DT,Derby,DE1,"East Midlands,England",United Kingdom,third-country,FFP,PP,,,PP - Processing Plant,,
AD 659,Stewart Shellfish Ltd,Unit 1 Kilmory Industrial Estate Lochgilphead Argyll PA31 8RR,Lochgilphead,PA31,"Argyll and Bute,Scotland",United Kingdom,third-country,FFP,PP,,,PP - Processing Plant,07/08/2024,
WH 010,Stickleback Fish Co Ltd,Unit 1-2 Apex Point Travellers Lane Welham Green Hatfield Hertfordshire AL9 7HB,Hertsmere,AL9,"Hertfordshire,East of England,England",United Kingdom,third-country,FFP,PP,,,PP - Processing Plant,19/10/2023,
WA045,Stornoway Smokehouse,"Shell Street, Stornoway, Isle of Lewis HS1 2BS",Stornoway,HS1,"Western Isles,Scotland",United Kingdom,third-country,FFP,PP,,,PP - Processing Plant,,
SG 009,Stream Farm,Shelthorne Broomfield Bridgwater TA5 2EN,Somerset,TA5,"Somerset,South West England,England",United Kingdom,third-country,FFP,PP,,,PP - Processing Plant,16/03/2023,
GG 419,Subzero (Grimsby) Limited,Unit 2 Genesis Way Europarc Grimsby NE Lincs DN37 9TU,North East Lincolnshire,DN37,"North East Lincolnshire,Yorkshire and the Humber,England",United Kingdom,third-country,FFP,PP,,,PP - Processing Plant,30/08/2022,
ML 044,Suffolk Smokehouse & Deli,Park Barn Carlton Road,Kelsale,IP17,"Suffolk,East of England,England",United Kingdom,third-country,FFP,PP,,,PP - Processing Plant,,
EL 033,Sukat Processing Ltd,Unit 2C Heather Road Skegness PE25 3SR,East Lindsey,PE25,"Lincolnshire,East Midlands,England",United Kingdom,third-country,FFP,PP,,,PP - Processing Plant,,
LL 014,Summit Foods Ltd,170 Walton Summit Road Bamber Bridge,Preston,PR5,"Lancashire,North West England,England",United Kingdom,third-country,FFP,PP,,,PP - Processing Plant,11/01/2023,
FB 084,Sun Fung Food Products Ltd/ Little Moons Ltd,Unit 3 & 9 North Circular Road Great Central Way Park Royal NW10 0AB,London,NW10,"London,Greater London,England",United Kingdom,third-country,FFP,PP,,,PP - Processing Plant,,
FP 112,Sunbay Fish Ltd,Unit A Llanllwch Carmarthen Carmarthenshire SA31 1SA,Carmarthenshire,SA31,"Carmarthenshire,Wales",United Kingdom,third-country,FFP,PP,,,PP - Processing Plant,03/09/2024,
HU 120,Sunshine Saltfish Limited,Manchester Street Kingston upon Hull HU3 4TX,Kingston upon Hull,HU3,"East Riding of Yorkshire,Yorkshire and the Humber,England",United Kingdom,third-country,FFP,PP,,,PP - Processing Plant,,
GG 554,Superior Cutting Limited,Unit 1 Link House Estate Road 1 Grimsby DN31 2TB England,Grimsby,DN31,"North East Lincolnshire,Yorkshire and the Humber,England",United Kingdom,third-country,FFP,PP,,,PP - Processing Plant,,
HG 006,Superior Food Products (Essex) Ltd,6 Bridge Close Romford RM7 0AU England,London Borough of Havering,RM7,"London,Greater London,England",United Kingdom,third-country,FFP,PP,,,PP - Processing Plant,,
CQ 016,Sustenation,Wilson Way Industrial Estate Barncoose Redruth TR15 3RX,Redruth,TR15,"Cornwall,South West England,England",United Kingdom,third-country,FFP,PP,,,PP - Processing Plant,,
SE 016,Sutherland Game & Shellfish,Achnairn Shinness By Lairg Sutherland Highland IV27 4DN,Sutherland,IV27,Scotland,United Kingdom,third-country,FFP,PP,,,PP - Processing Plant,22/03/2023,
SJ 029,Swansea Fresh Fish Limited,Unit 5 Fishmarket Quay Trawler Road The Marina Swansea SA1 1UN,Swansea,SA1,Wales,United Kingdom,third-country,FFP,WM PP,,,WM - Wholesale Market | PP - Processing Plant,02/07/2024,
PA 044,Swarna Spice,"Unit 1 & 2 Perth Food & Drink Park, Islay Place, Arran Road, PERTH PH1 3FU",Perth,PH1,"Perth and Kinross,Scotland",United Kingdom,third-country,FFP,PP,,,PP - Processing Plant,,
SV 013,Swedish Delicatessen,Unit 4 Fairway Business Park Castle Road Sittingbourne ME10 3FB,Sittingbourne,ME10,"Kent,South East,England",United Kingdom,third-country,FFP,PP,,,PP - Processing Plant,,
MS 008,Sykes Seafood Ltd,Unit 7 Sefton Lane Industrial Estate L31 8BX,Liverpool,L31,"North West England,England",United Kingdom,third-country,FFP,PP,,,PP - Processing Plant,,
PI 100,Syren Shellfish Ltd,White Lodge Camrose Haverfordwest SA62 6HN,Camrose,SA62,"Pembrokeshire,Wales",United Kingdom,third-country,FFP,PP,,,PP - Processing Plant,,
FB 051,T & S Enterprises Ltd,458 Heather Park HA0 1SS,Wembley,HA9,"London,Greater London,England",United Kingdom,third-country,FFP,PP,,,PP - Processing Plant,,
TI 053,T & T Shellfish Ltd,Appledore Fish Dock Appledore Bideford EX39 1LZ England,Bideford,EX39,"Devon,South West England,England",United Kingdom,third-country,FFP,PP,,,PP - Processing Plant,,
TH 017.001,T Bush,Billingsgate Market Trafalgar Way Poplar London E14 5ST,London,E14,"London,Greater London,England",United Kingdom,third-country,FFP,PP,,,PP - Processing Plant,,
YK 014,T.G. Wood Ltd,9 Lower Clark Street Industrial Estate,Scarborough,YO12,"North Yorkshire,Yorkshire and the Humber,England",United Kingdom,third-country,FFP,PP,,,PP - Processing Plant,,
NT 125,TC Fish,Unit 1 Fish Quay North Shields NE30 1JA,North Shields,NE30,"North East England,England",United Kingdom,third-country,FFP,PP,,,PP - Processing Plant,,
BB 052,THISTLE SEAFOODS LTD,"THE HARBOUR, Boddam Peterhead AB42 3AU",Peterhead,AB42,"Aberdeenshire,Scotland",United Kingdom,third-country,FFP,PP,,,PP - Processing Plant,07/06/2023,
OH 067,TMR Foods Ltd,1 Juniper Grove Business Park Juniper Grove Ripon HG4 2DZ,Ripon,HG4,"North Yorkshire,Yorkshire and the Humber,England",United Kingdom,third-country,FFP,PP,,,PP - Processing Plant,19/07/2022,
CQ 704,TSTS by Reach,Unit 6 The Quay PL13 1DX,East Looe,PL13,"Cornwall,South West England,England",United Kingdom,third-country,FFP,PP,,,PP - Processing Plant,,
AG 130,Taiko Foods (UK) Ltd,34-48 Brunel Road Acton W3 7XR England,London,W3,"London,Greater London,England",United Kingdom,third-country,FFP,PP,,,PP - Processing Plant,,
MN 059,Tampopo Ltd,Tampopo Ltd 16 Albert Square Manchester M2 5PF,Manchester,M2,"Greater Manchester,North West England,England",United Kingdom,third-country,FFP,PP,,,PP - Processing Plant,,
HO 110,Tanpopo Japanese Food Ltd,657 & 658 River Gardens Feltham TW14 0RB,Feltham,TW14,"West Sussex,South East,England",United Kingdom,third-country,FFP,PP,,,PP - Processing Plant,,
YK 012,Taste Of The Sea Ltd,Unit 2 Depot Lane Scarborough YO12 4EB,Scarborough,YO12,"North Yorkshire,Yorkshire and the Humber,England",United Kingdom,third-country,FFP,PP,,,PP - Processing Plant,02/07/2024,
GN 039,Tasty African Food Distribution Ltd,75-99 Nathan Way London SE28 0BQ England,London,SE28,"London,Greater London,England",United Kingdom,third-country,FFP,PP,,,PP - Processing Plant,,
FB 075,Tasty Central,5 Whitby Avenue Park Royal NW10 7SF,London,NW10,"London,Greater London,England",United Kingdom,third-country,FFP,PP,,,PP - Processing Plant,,
EW 005,Tasty Choice Foods,Unit 1 Erewash Court Manners Avenue Ilkeston DE7 8EF,Ilkeston,DE7,"Derbyshire,East Midlands,England",United Kingdom,third-country,FFP,PP,,,PP - Processing Plant,,
DB021,Tay Cuisine CPU,"Units 5/6/7 Slessor Court, Calverhouse Industrial Estate, Dundee DD4 9UA",Dundee City,DD4,"Dundee City,Scotland",United Kingdom,third-country,FFP,PP,,,PP - Processing Plant,,
NT 031,Taylor Foods,Elm Road North Shields NE29 8SE,Tyne and Wear,NE29,"North East England,England",United Kingdom,third-country,FFP,PP,,,PP - Processing Plant,,
IL 010,Tegen Mor Fish,Mount Pleasant St Mary's TR21 0NW,Isles of Scilly,TR21,"Isles of Scilly,South West England,England",United Kingdom,third-country,FFP,PP,,,PP - Processing Plant,09/01/2025,
ES 004,Thameside Shellfish Co Ltd,Cockle Row High Street Leigh-On-Sea SS9 2ER,Southend-on-Sea,SS9,"Southend-on-Sea,East of England,England",United Kingdom,third-country,FFP,PP,,,PP - Processing Plant,,
MN 128,The Big Fish Little Fish Co,Unit J1 Smithfield Market Manchester M11 2WJ,Manchester,M11,"Greater Manchester,North West England,England",United Kingdom,third-country,FFP,PP,,,PP - Processing Plant,13/07/2026,
BT 016,The Biltong Factory,12 Watford Way London NW4 3AD,London Borough of Barnet,NW4,"London,Greater London,England",United Kingdom,third-country,FFP,PP,,,PP - Processing Plant,,
KI 112,The Brancaster Seafood Company,Filleting Room at Keepers Lodge Dalegate Road Brancaster Kings Lynn PE31 8FD,Brancaster,PE31,"Norfolk,East of England,England",United Kingdom,third-country,FFP,PP,,,PP - Processing Plant,10/05/2023,
KI 098,The Brancaster Seafood Company (Cold Store),The Garage Coldstore Brancaster Hall Hall Lane Brancaster Kings Lynn PE31 8AF,Brancaster,PE31,"Norfolk,East of England,England",United Kingdom,third-country,FFP,PP,,,PP - Processing Plant,10/07/2026,
TP 055,The Brixham Crab Company,Unit 1 Metherell Industrial Estate Metherell Avenue Brixham TQ5 9QL,Brixham,TQ5,"Torbay,South West England,England",United Kingdom,third-country,FFP,PP,,,PP - Processing Plant,,
LX 014,The Clucking Pig,The Bungalow Grewgrass Lane Marske-By-The-Sea TS11 8EA,Marske-by-the-Sea,TS11,"Redcar and Cleveland,North East England,England",United Kingdom,third-country,FFP,PP,,,PP - Processing Plant,06/11/2025,
BQ 001,The Coco Labelle Collection,Unit 9 Brickfields Industrial Park Kiln Lane Bracknell RG12 1NQ,Bracknell,RG12,"Bracknell Forest,South East,England",United Kingdom,third-country,FFP,PP,,,PP - Processing Plant,29/10/2025,
SZ 002,The Cuisine Centre,Unit 14 Handley Page Way Colney Street St Albans AL2 2DQ,St Albans,AL2,"Hertfordshire,East of England,England",United Kingdom,third-country,FFP,PP,,,PP - Processing Plant,,
HJ 032,The Easy Lunch Company,Pondtail Farm Coolham Road,Horsham Saint Faith,,"Norfolk,East of England,England",United Kingdom,third-country,FFP,PP,,,PP - Processing Plant,,
LO 086,The Felixstowe Fish Monger,9 Crescent Road Felixstowe IP11 7BY,Felixstowe,IP11,"Suffolk,East of England,England",United Kingdom,third-country,FFP,PP,,,PP - Processing Plant,27/07/2022,
SH 024,The Fish Company Ltd,Unit A Moss Park Industrial Estate 10 Dairy Farm Road Rainford St Helens WA11 7JH,St Helens,WA11,"North West England,England",United Kingdom,third-country,FFP,PP,,,PP - Processing Plant,12/07/2023,
GA 093,The Fish People,"Unit D10, 130 Blochairn Road, Glasgow G21 2DU",Glasgow City,G21,Scotland,United Kingdom,third-country,FFP,PP,,,PP - Processing Plant,,
GU 015,The Fish Society,13 Henley Business Park Normandy Guildford GU3 2DX,Fairlands,GU3,"Surrey,South East,England",United Kingdom,third-country,FFP,PP,,,PP - Processing Plant,06/06/2023,
NG 056,The Fishrich Company Limited,Unit 8 Bloomsgrove Industrial Estate Bloomsgrove Road Nottingham NG7 3JG,Nottingham,NG7,"Nottingham,East Midlands,England",United Kingdom,third-country,FFP,PP,,,PP - Processing Plant,07/06/2022,
LJ 080,The Food Incubator,46 High View Close Leicester LE4 9LJ,Leicester,LE4,"East Midlands,England",United Kingdom,third-country,FFP,PP,,,PP - Processing Plant,10/09/2024,
SW 078,The Fresh Fish Shop Ltd,Unit 8 Spa Business Park Dockley Road London SE16 3JF,London Borough of Southwark,SE16,"London,Greater London,England",United Kingdom,third-country,FFP,PP,,,PP - Processing Plant,19/11/2024,
KH 003,The Grocer Ltd,Unit 6 343-453 Latimer Road London W10 6RQ England,London,W10,"London,Greater London,England",United Kingdom,third-country,FFP,PP,,,PP - Processing Plant,,
NY 036,The Kennet Crayfish Company Ltd,Unit 15 Lower Way Farm Lower Way Thatcham RG19 3TL,Thatcham,RG19,"West Berkshire,South East,England",United Kingdom,third-country,FFP,PP,,,PP - Processing Plant,10/08/2022,
EX 018,The Little Fish Company (Kelvedon) Ltd,34 High Street Kelvedon CO5 9AG,Kelvedon,CO5,"Essex,East of England,England",United Kingdom,third-country,FFP,PP,,,PP - Processing Plant,28/10/2025,
YM 011,The Lobster Pot,Ty Colbi Rhydwyn Holyhead,Holyhead,LL65,"Isle of Anglesey,Wales",United Kingdom,third-country,FFP,PP,,,PP - Processing Plant,26/01/2026,
NU 012,The Nursery Catering Company Limited,Unit 3 Brindley Road Exhall Coventry CV7 9EP,Coventry,CV7,"West Midlands Combined Authority,West Midlands,England",United Kingdom,third-country,FFP,PP,,,PP - Processing Plant,23/01/2024,
BB047,The Old Smoke House,"17 Ellis Street, Peterhead, Aberdeenshire AB42 1JR",Peterhead,AB42,"Aberdeenshire,Scotland",United Kingdom,third-country,FFP,PP,,,PP - Processing Plant,,
WE 096,The Pished Fish,Claverham Manor Wick Street Berwick East Sussex BN26 6TL,Berwick,BN26,"East Sussex,South East,England",United Kingdom,third-country,FFP,PP,,,PP - Processing Plant,,
CQ 033,The Real Cornish Crab Company Limited,Varfell Park Longrock Penzance TR20 8LD,Longrock,TR20,"Cornwall,South West England,England",United Kingdom,third-country,FFP,PP,,,PP - Processing Plant,,
NO 062,The Real Cure,Hartgrove Farm Hartgrove Shaftesbury SP7 0JY,Shaftesbury,SP7,"Dorset,South West England,England",United Kingdom,third-country,FFP,PP,,,PP - Processing Plant,,
FB 120,The Real Greek,6 AMC Business Centre 12 Cumberland Avenue NW107QZ,London,NW10,"London,Greater London,England",United Kingdom,third-country,FFP,PP,,,PP - Processing Plant,,
HY 029,The Secret Smokehouse,378 Mentmore Terrace London E8 3RR,London,E8,"London,Greater London,England",United Kingdom,third-country,FFP,PP,,,PP - Processing Plant,12/04/2023,
WI 014,The Smokery,HMP Prison North Lane Haverigg Millom LA18 4NA,Millom,LA18,"Cumbria,North West England,England",United Kingdom,third-country,FFP,PP,,,PP - Processing Plant,,
AD063FE,The Tobermory Fish Company Ltd,"Unit 7, Balisgate, Tobermory, Isle of Mull, Argyll PA75 6QA",Tobermory,PA75,"Argyll and Bute,Scotland",United Kingdom,third-country,FFP,PP,,,PP - Processing Plant,,
TH 017.068,The Upper Scale Home Delivery Service Ltd,East Quay Billingsgate Market Trafalgar Way London E14 5ST,London,E14,"London,Greater London,England",United Kingdom,third-country,FFP,PP,,,PP - Processing Plant,,
SG 031,The Valley Smokehouse Ltd,Wheatsheaf Inn Stone Allerton BS26 2NH,Axbridge,BS26,"Somerset,South West England,England",United Kingdom,third-country,FFP,PP,,,PP - Processing Plant,,
RR 005,The Weald Smokery,Mount Farm The Mount Hawkhurst Road Filmwell Wadhurst TN5 7QL,Wadhurst,TN5,"East Sussex,South East,England",United Kingdom,third-country,FFP,PP,,,PP - Processing Plant,,
MZ 067,The Wiltshire Smokehouse,Millard Hill Stables Trudoxhill BA11 5DS,Frome,BA11,"Somerset,South West England,England",United Kingdom,third-country,FFP,PP,,,PP - Processing Plant,,
HA 064,Thistle Seafoods Limited,Goldie Road Bothwell Park Industrial Estate Uddingston G71 6LS,Uddingston,G71,"South Lanarkshire,Scotland",United Kingdom,third-country,FFP,CS PP,,,CS - Cold Stores | PP - Processing Plant,30/11/2023,
HU 044,Three Oceans Fish Company,Flinton Street Kingston upon Hull HU3 4NA,Kingston upon Hull,HU3,"East Riding of Yorkshire,Yorkshire and the Humber,England",United Kingdom,third-country,FFP,PP,,,PP - Processing Plant,,
GR 006,Three Oceans Fish Company Ltd,Unit 10 Enterprise Road Caistor LN7 6PX England,Caistor,LN7,"Lincolnshire,East Midlands,England",United Kingdom,third-country,FFP,PP,,,PP - Processing Plant,,
SJ 084,Three Sixty Aquaculture,"The old Distribution Terminal, Queens Dock, Swansea, SA1 8SB",Swansea,SA1,Wales,United Kingdom,third-country,FFP,PP,,,PP - Processing Plant,16/12/2025,
AD 661,Tiny Fish Limited,"Unit 7 Tarbert Industrial Estate, Tarbert, Argyll, PA29 6SX",Argyll and Bute,PA29,"Argyll and Bute,Scotland",United Kingdom,third-country,FFP,PP,,,PP - Processing Plant,15/07/2026,
CQ 044,Tonkin & Co,38 The Strand Newlyn Penzance TR18 5HW,Penzance,TR18,"Cornwall,South West England,England",United Kingdom,third-country,FFP,PP,,,PP - Processing Plant,,
AA054,Topsail Fish Products,"1 Russell Road, Aberdeen, AB11 5RB",Aberdeen City,AB11,"Aberdeen City,Scotland",United Kingdom,third-country,FFP,PP,,,PP - Processing Plant,,
YK 010,Townsend Shellfish Ltd,"25-27 West Pier, Scarborough, YO11 1PD",Scarborough,YO11,"North Yorkshire,Yorkshire and the Humber,England",United Kingdom,third-country,FFP,PP,,,PP - Processing Plant,19/05/2026,
TO 048,Tracy's Crab,25 Ford Valley Dartmouth TQ6 9ED,Dartmouth,TQ6,"Devon,South West England,England",United Kingdom,third-country,FFP,PP,,,PP - Processing Plant,,
SU 014,Trafila Ltd,Unit 7 & 8 I O Centre Minden Road Sutton SM3 9BL,London Borough of Sutton,SM3,"London,Greater London,England",United Kingdom,third-country,FFP,PP,,,PP - Processing Plant,,
MD 057,Transports Mesguen,"Mossburn Industrial Estate, Mossburn Avenue, Harthill, Shotts ML7 5PX",Shotts,ML7,"North Lanarkshire,Scotland",United Kingdom,third-country,FFP,CS,,,CS - Cold Stores,,
GA 069 A,Trawlpac International Limited,Block 12A/4 121 Barfillan Drive Glasgow G52 1BD,Glasgow,G52,"Glasgow City,Scotland",United Kingdom,third-country,FFP,CS,,,CS - Cold Stores,02/04/2025,
CQ 036,Trelawney Fish,78 The Strand Newlyn Penzance TR18 5HW,Penzance,TR18,"Cornwall,South West England,England",United Kingdom,third-country,FFP,PP,,,PP - Processing Plant,,
FB 096,Tri Circle Food Trading Ltd,Unit 3 Towers Business Park Carey Way HA9 0LQ,Wembley,HA9,"London,Greater London,England",United Kingdom,third-country,FFP,PP,,,PP - Processing Plant,,
TP 037,Trident Fish/Wright Brothers (Brixham) Limited,Unit 26 Torbay Business Park Woodview Road Paignton TQ4 7HP,Paignton,TQ4,"Torbay,South West England,England",United Kingdom,third-country,FFP,PP,,,PP - Processing Plant,,
WA088,Trout Hebrides,Unit 3 Habost Workshop South Lochs Isle of Lewis,Isle Of Lewis,HS2,Scotland,United Kingdom,third-country,FFP,WM PP,,,WM - Wholesale Market | PP - Processing Plant,17/05/2023,
AG 149,True World Foods (UK) Ltd,Unit 10b Beaver Industrial Park Brent Road Southall UB2 5FB,Southall,UB2,"London,Greater London,England",United Kingdom,third-country,FFP,PP,,,PP - Processing Plant,28/10/2025,
BB077,Ugie Salmon Fishing Company,"Golf Road, Peterhead, Aberdeenshire AB42 1LS",Peterhead,AB42,"Aberdeenshire,Scotland",United Kingdom,third-country,FFP,PP,,,PP - Processing Plant,,
WA049,Uig Lodge Smoked Salmon,"Uig Lodge, Timsgarry, Isle of Lewis HS2 9ET",Isle Of Lewis,HS2,Scotland,United Kingdom,third-country,FFP,PP,,,PP - Processing Plant,,
WA050,Uig Seafare Ltd,"Container at Miavaig Pier, Miavaig, Isle of Lewis HS2 9HS",Western Isles,HS2,Scotland,United Kingdom,third-country,FFP,PP,,,PP - Processing Plant,,
SF 151,Ullapool Harbour Trustees,"Fish House, The Pier, Ullapool IV26 2UH",Ullapool,IV26,"Highland,Scotland",United Kingdom,third-country,FFP,PP,,,PP - Processing Plant,,
SF 113,Ullapool Smokehouse Ltd,Units 6A3 and 6A4 Morefield Industrial Estate Ullapool IV26 2SR,Ullapool,IV26,"Highland,Scotland",United Kingdom,third-country,FFP,PP,,,PP - Processing Plant,,
GG 435,Umios Food UK Limited,"Plot 12, Estate Road South Humberside Industrial Estate Grimsby DN31 2TB England",Grimsby,DN31,"North East Lincolnshire,Yorkshire and the Humber,England",United Kingdom,third-country,FFP,PP,,,PP - Processing Plant,09/06/2026,
SU 001,Upstream Seafoods Ltd,Silver Wing Industrial Estate Horatius Way Croydon CR0 4RU,Croydon,CR0,"London,Greater London,England",United Kingdom,third-country,FFP,PP,,,PP - Processing Plant,,
IW 054,Ventnor Haven Fishery,Eastern Esplanade Ventnor PO38 1JR England,Ventnor,PO38,"Isle of Wight,South East,England",United Kingdom,third-country,FFP,PP,,,PP - Processing Plant,,
EY 061,Venture Seafoods,Wellington Way Carnaby Industrial Estate Carnaby,Bridlington,YO15,"East Riding of Yorkshire,Yorkshire and the Humber,England",United Kingdom,third-country,FFP,PP,,,PP - Processing Plant,,
DK 031,Vestey Foods UK Ltd,Quadrant 2 Westmoor Park Yorkshire Way Armthorpe Doncaster DN3 3FB,Doncaster,DN3,"Yorkshire and the Humber,England",United Kingdom,third-country,FFP,PP,,,PP - Processing Plant,11/04/2023,
XQ 043,Via Mare Seafood Ltd,"Unit 8 & 11, Fish Quay, Plymouth, PL4 0LH",Plymouth,PL4,"South West England,England",United Kingdom,third-country,FFP,PP,,,PP - Processing Plant,01/09/2026,
GG 555,Viking Seafoods Ltd,Wharncliffe Road Grimsby Fish Docks Great Grimsby DN31 3QH England,Grimsby,DN31,"North East Lincolnshire,Yorkshire and the Humber,England",United Kingdom,third-country,FFP,PP,,,PP - Processing Plant,,
OA 161,Viking Shellfish Ltd,46 Crowness Road St Ola Orkney KW15 1RG,Orkney Islands,KW15,"Orkney Islands,Scotland",United Kingdom,third-country,FFP,PP,,,PP - Processing Plant,06/06/2024,
ET 060,Violet Farm Foods Ltd,10/11 Uddens Trading Estate Wimborne Minster BH21 7LQ,Wimborne Minster,BH21,"Dorset,South West England,England",United Kingdom,third-country,FFP,PP,,,PP - Processing Plant,,
AF 022,Voyage Cuisine,Biz Spare Ltd Discovery Court 551-553 Wallisdown Road Poole BH12 5AG,Poole,BH12,"Poole,South West England,England",United Kingdom,third-country,FFP,PP,,,PP - Processing Plant,03/12/2024,
VN 101,W & F Fish,56-64 Crogsland Road NW1 8AU,London,NW1,"London,Greater London,England",United Kingdom,third-country,FFP,PP,,,PP - Processing Plant,,
CQ 034,W HARVEY & SONS,"45-47 THE COOMBE, NEWLYN",Penzance,TR18,"Cornwall,South West England,England",United Kingdom,third-country,FFP,PP,,,PP - Processing Plant,25/10/2023,
CQ 117,W Harvey & Sons Limited,"Shellfish Tanks, South Pier, Newlyn, Penzance, Cornwall TR18 5JZ",Penzance,TR18,"Cornwall,South West England,England",United Kingdom,third-country,FFP,PP,,,PP - Processing Plant,,
HP 002,W Hodgson (Hartlepool) Ltd,Fish Quay Southgate Hartlepool TS24 0JH,Hartlepool,TS24,"Hartlepool,North East England,England",United Kingdom,third-country,FFP,PP,,,PP - Processing Plant,,
YM 040,W M Shellfish Ltd,Holland Park Industrial Estate Cyttir Road Holyhead LL65 4PG,Holyhead,LL65,"Isle of Anglesey,Wales",United Kingdom,third-country,FFP,CS,,,CS - Cold Stores,,
CQ 045,W Stevenson & Sons Limited,Newlyn Fish Market Newlyn Penzance Cornwall TR18 5HB,Penzance,TR18,"Cornwall,South West England,England",United Kingdom,third-country,FFP,PP WM AH,,,PP - Processing Plant | WM - Wholesale Market | AH - Auction Hall,15/04/2025,
YS 012,W. M. Howe & Son Ltd,15 Maltravers Road Sheffield S2 5AA,Sheffield,S2,"Yorkshire and the Humber,England",United Kingdom,third-country,FFP,PP,,,PP - Processing Plant,,
GA 113,WAA Eddie Limited,"Block D Unit 16,130 Blochairn Road Glasgow G21 2DU",Glasgow City,G21,Scotland,United Kingdom,third-country,FFP,PP,,,PP - Processing Plant,,
KU 015,WISMETTAC HARRO FOODS LTD,"OAK POINT, OAKCROFT ROAD, CHESSINGTON, SURREY KT9 1RH",Surrey,KT9,"Surrey,South East,England",United Kingdom,third-country,FFP,PP,,,PP - Processing Plant,28/04/2026,
BI 002,WS Scott & Co Ltd,Unit 77 & 79 Birmingham Wholesale Market 7 The Hub Nobel Way Birmingham B6 7EU,Birmingham,B6,"West Midlands Combined Authority,West Midlands,England",United Kingdom,third-country,FFP,PP,,,PP - Processing Plant,,
HG 024,Waakei Limited,Unit 7 Avenue Industrial Estate South End Arterial Road Romford RM3 0BY,London Borough of Havering,RM3,"London,Greater London,England",United Kingdom,third-country,FFP,PP,,,PP - Processing Plant,,
AG 122,Wagamama Limited,35-41 Brunel Road Acton W3 7XR England,London,W3,"London,Greater London,England",United Kingdom,third-country,FFP,PP,,,PP - Processing Plant,,
EY 067,Wansford Trout Farm,Whinhill Lock House Driffield Road Wansford,Driffield,YO25,"East Riding of Yorkshire,Yorkshire and the Humber,England",United Kingdom,third-country,FFP,PP,,,PP - Processing Plant,,
FB 127,Wasabi,Unit 5 Origin Business Park Rainsford Road NW10 7FW,London,NW10,"London,Greater London,England",United Kingdom,third-country,FFP,PP,,,PP - Processing Plant,,
TH 066,Waso Ltd,"73-74 Vallance Road, London, E1 5BU",London,E1,"London,Greater London,England",United Kingdom,third-country,FFP,PP,,,PP - Processing Plant,06/08/2025,
CQ 734,Waterdance Trading Limited,"Former Lifeboat Store, The Strand, Newlyn, TR18 5HW.",Newlyn,TR18,"Cornwall,South West England,England",United Kingdom,third-country,FFP,PP,,,PP - Processing Plant,20/08/2025,
WR 033,We Need Good Food Company Limited,"3 Claredon Court, Warrington, WA2 8QP",Warrington,WA2,"Warrington,North West England,England",United Kingdom,third-country,FFP,PP,,,PP - Processing Plant,07/04/2026,
CQ 116,We Shell Crab,Unit 4 Marsh Lane Industrial Estate Hayle TR27 5JR,Hayle,TR27,"Cornwall,South West England,England",United Kingdom,third-country,FFP,PP,,,PP - Processing Plant,23/08/2022,
IW 073,We've Got Crabs,"East Cottage Tapnall Farm, Newport Road Yarmouth Isle of Wight PO41 0YJ England",Isle of Wight,PO41,"Isle of Wight,South East,England",United Kingdom,third-country,FFP,PP,,,PP - Processing Plant,,
SF 156,Wee Shell Fish Ltd,Unit 1 Kendal Crescent Alness IV17 0UG,Highland,IV17,"Highland,Scotland",United Kingdom,third-country,FFP,PP,,,PP - Processing Plant,20/04/2022,
ED 005,Welch Fishmongers,"23-25 Pier Place, Edinburgh. EH6 4LP",City of Edinburgh,EH6,"City of Edinburgh,Scotland",United Kingdom,third-country,FFP,PP,,,PP - Processing Plant,,
DZ 068,Well-Fed (Services) Ltd,"Unit 1, Rowleys Park Evans Way Shotton Deeside CH5 1QJ",Flintshire,CH5,"Flintshire,Wales",United Kingdom,third-country,FFP,PP,,,PP - Processing Plant,,
PI 058,Welsh Sea Foods Ltd,The Docks Milford Haven SA73 3AE,Milford Haven,SA73,"Pembrokeshire,Wales",United Kingdom,third-country,FFP,PP,,,PP - Processing Plant,,
TH 017.008,West & Sun Foods Ltd,Billingsgate Market Trafalgar Way Poplar London E14 5ST,London,E14,"London,Greater London,England",United Kingdom,third-country,FFP,PP,,,PP - Processing Plant,,
BD 049,West Coast Salmon Product,Unit 10 1 Industrial Estate Station Road Duns TD11 3HS,Duns,TD11,"Scottish Borders,Scotland",United Kingdom,third-country,FFP,PP,,,PP - Processing Plant,,
SB002,West Coast Sea Products Ltd,"Dee Walk, Kirkcudbright, Dumfrieds & Galloway DG6 4DQ",Kirkcudbright,DG6,"Dumfries and Galloway,Scotland",United Kingdom,third-country,FFP,PP,,,PP - Processing Plant,,
LW 010,West Quay Fisheries,Riverside North West Quay,Newhaven,BN9,"East Sussex,South East,England",United Kingdom,third-country,FFP,PP,,,PP - Processing Plant,,
SF 035 FE,Wester Ross Fisheries Ltd,"Taigh Na Bradan, Unit 4 Dingwall Business Park, Dingwall IV15 9XD",Dingwall,IV15,"Highland,Scotland",United Kingdom,third-country,FFP,PP,,,PP - Processing Plant,,
IL 020,Western Bell Seafood,"Parade Cottage, Hugh Town, St Marys, Isles Of Scilly, TR21 0LP",Isles of Scilly,TR21,"Isles of Scilly,South West England,England",United Kingdom,third-country,FFP,PP,,,PP - Processing Plant,05/11/2024,
KE 007,Wests Whelks,Fishermans Hut 24 Whitstable Harbour Harbour Street Whitstable CT5 1AB England,Whitstable,CT5,"Kent,South East,England",United Kingdom,third-country,FFP,PP,,,PP - Processing Plant,,
DQ 011,"Weyco Approved Food Services,",Weymouth College Fleet Building Cranford Avenue Weymouth DT4 7LQ,Weymouth,DT4,"Dorset,South West England,England",United Kingdom,third-country,FFP,PP,,,PP - Processing Plant,18/02/2025,
WP 003 FE,Weyfish Ltd,"Unit 6, Maritime Business Centre, Portland, DT5 1FD",Dorset,DT5,"Dorset,South West England,England",United Kingdom,third-country,FFP,PP,,,PP - Processing Plant,05/02/2025,
DZ 024,What’s Cooking Deeside UK Ltd,Estuary House Tenth Avenue Deeside Industrial Park Deeside CH5 2UA,Flintshire,CH5,"Flintshire,Wales",United Kingdom,third-country,FFP,PP,,,PP - Processing Plant,28/10/2025,
YK 011,Whitby Crab Company,Unit 2 Staithes Industrial Estate Whitegate Close Staithes Saltburn TS13 5BB,Scarborough,YO22,"North Yorkshire,Yorkshire and the Humber,England",United Kingdom,third-country,FFP,PP,,,PP - Processing Plant,,
YK 002,Whitby Fish Auction Market,Pier Road,Whitby,YO21,"North Yorkshire,Yorkshire and the Humber,England",United Kingdom,third-country,FFP,AH,,,AH - Auction Hall,08/04/2025,
YK 005,Whitby Seafish,Unit 1 Staithes Industrial Estate Whitegate Close Staithes Saltburn-by-the-Sea TS13 5BB,Scarborough,TS13,"North Yorkshire,Yorkshire and the Humber,England",United Kingdom,third-country,FFP,PP,,,PP - Processing Plant,,
YK 006,Whitby Seafoods Ltd,Whitby Business Park Fairfield Way Whitby YO22 4PU,Scarborough,YO22,"North Yorkshire,Yorkshire and the Humber,England",United Kingdom,third-country,FFP,PP,,,PP - Processing Plant,,
WI 022,Whitehaven Fishermens Cooperative Limited,Old North Wall North Shore Whitehaven CA287XY,Whitehaven,CA28,"Cumbria,North West England,England",United Kingdom,third-country,FFP,AH PP,,,AH - Auction Hall | PP - Processing Plant,28/10/2025,
BB027,Whitelink Seafoods Ltd,"Maxwell Place, FRASERBURGH, AB43 9SX",Fraserburgh,AB43,"Aberdeenshire,Scotland",United Kingdom,third-country,FFP,PP,,,PP - Processing Plant,,
CQ 113,Whitelink Seafoods Ltd,37 The Coombe Newlyn Penzance TR18 5HS,Penzance,TR18,"Cornwall,South West England,England",United Kingdom,third-country,FFP,PP,,,PP - Processing Plant,,
FP 084,Whitfish Ltd,Unit 1.22 - 1.23 Dyfatty Park Industrial Estate Burry Port,Burry Port,SA16,"Carmarthenshire,Wales",United Kingdom,third-country,FFP,PP,,,PP - Processing Plant,,
LO 071,Wightman Fishing Co Ltd,Europa Canteen Battery Green Road,Lowestoft,NR32,"Suffolk,East of England,England",United Kingdom,third-country,FFP,PP,,,PP - Processing Plant,,
GG 594,Wilca & Co Seafoods Ltd,South Humberside Industrial Estate,Grimsby DN31 2TG,,"North East Lincolnshire,Yorkshire and the Humber,England",United Kingdom,third-country,FFP,PP,,,PP - Processing Plant,10/05/2023,
WD 039,Wild Foods Limited,Creeside Industrial Estate Newton Stewart Dumfries & Galloway DG8 6JY,Newton Stewart,DG8,"Dumfries and Galloway,Scotland",United Kingdom,third-country,FFP,PP,,,PP - Processing Plant,,
GG 140,Will Jacklin,Prince Albert Gardens Grimsby DN31 3AG,Grimsby,DN31,"North East Lincolnshire,Yorkshire and the Humber,England",United Kingdom,third-country,FFP,PP,,,PP - Processing Plant,,
LH 018,Willa Ltd,Unit 17 250 Milkwood Road London SE24 0HG,London Borough of Lambeth,SE24,"London,Greater London,England",United Kingdom,third-country,FFP,PP,,,PP - Processing Plant,19/09/2023,
RP 001,William Dyer Ltd,Units 2 And 3 HTH Complex Blackwater Way Aldershot GU12 4DN,Rushmoor,GU12,"Hampshire,South East,England",United Kingdom,third-country,FFP,PP,,,PP - Processing Plant,,
CE 002 P,William Sword Ltd,8 Limekilns Road Blairlinn Cumbernauld,Cumbernauld,G67,"North Lanarkshire,Scotland",United Kingdom,third-country,FFP,PP,,,PP - Processing Plant,,
PI 102,Williams Marine Ltd.,K Shed Milford Haven Docks Milford Haven SA73 3AE,Milford Haven,SA73,"Pembrokeshire,Wales",United Kingdom,third-country,FFP,PP,,,PP - Processing Plant,12/03/2024,
OA 155,Williamsons,East Road Kirkwall Orkney KW15 1HZ,Orkney Islands,KW15,"Orkney Islands,Scotland",United Kingdom,third-country,FFP,PP,,,PP - Processing Plant,25/10/2022,
LC 028,Willoughby Foods Ltd,"The Food Factory, Chain Bridge Road, Wyberton, BOSTON PE21 7LE",Boston,PE21,"Lincolnshire,East Midlands,England",United Kingdom,third-country,FFP,PP,,,PP - Processing Plant,29/10/2025,
BB069,Wilsea Ltd,"Unit 11, Albert Street, Peterhead, Aberdeenshire AB42 1ZW",Peterhead,AB42,"Aberdeenshire,Scotland",United Kingdom,third-country,FFP,PP,,,PP - Processing Plant,,
SG 034,Windsor Catering Ltd,Unit 7 Blake Mills Business Park Brue Avenue Bridgewater Somerset TA6 5LT,Somerset,TA6,"Somerset,South West England,England",United Kingdom,third-country,FFP,PP,,,PP - Processing Plant,,
CQ 408,Wings of St Mawes,Unit 4b Warren Road Indian Queens St Columb Major TR9 6TL,St Columb Major,TR9,"Cornwall,South West England,England",United Kingdom,third-country,FFP,PP,,,PP - Processing Plant,,
XA 017,Wirons Limited,Wiron 5 (PH1100) Ship No C20514 The Naafi Building Weston Drive Caterham CR3 5XY,Caterham,CR3,"Surrey,South East,England; 9249556",United Kingdom,third-country,FFP,ZV,,,ZV - Freezer Vessel,,
XA 018,Wirons Limited,Wiron 6 (PH2200) Ship No C20515 The Naafi Building Weston Drive CR3 5XY,Caterham,CR3,"Surrey,South East,England; 9249568",United Kingdom,third-country,FFP,ZV,,,ZV - Freezer Vessel,,
NN 157,Witham Livestock,"The Forge, Blacksmiths Lane, Erpingham, NR11 7QF",Erpingham,NR11,"Norfolk,East of England,England",United Kingdom,third-country,FFP,PP,,,PP - Processing Plant,05/01/2026,
GG 490,Wm Morrison's Supermarkets plc t/a International Seafoods Ltd,Pegasus Way Grimsby DN37 9TS England,Grimsby,DN37,"North East Lincolnshire,Yorkshire and the Humber,England",United Kingdom,third-country,FFP,PP,,,PP - Processing Plant,,
FB 180,Wright Bros/ Ltd,Unit 737 Tudor Estate Abbey Road London NW10 7UN,London,NW10,"London,Greater London,England",United Kingdom,third-country,FFP,PP,,,PP - Processing Plant,25/08/2026,
AX 028,Wrights Food Group,Weston Road Crewe CW1 6XQ,Crewe,CW1,"Cheshire East,North West England,England",United Kingdom,third-country,FFP,PP,,,PP - Processing Plant,,
PF 063,Wyre View Fisheries,Herring Arm Road Fleetwood FY7 6NB,Fleetwood,FY7,"Lancashire,North West England,England",United Kingdom,third-country,FFP,PP,,,PP - Processing Plant,,
LV 037,Xing Kee,52 Durning Road,Liverpool,L7,"North West England,England",United Kingdom,third-country,FFP,PP,,,PP - Processing Plant,,
YM 043,Y Cwt Mwg,Deri Isaf Dulas LL70 9DX,Dulas,LL70,"Isle of Anglesey,Wales",United Kingdom,third-country,FFP,PP,,,PP - Processing Plant,,
RO 045,Yearsley Food Limited,Hareshill Road Heywood OL10 2TP,Heywood,OL10,"Greater Manchester,North West England,England",United Kingdom,third-country,FFP,PP,,,PP - Processing Plant,,
AG 118,Yi Tong,Unit B4 Alpha Beta Business Centre 7-11 Minerva Road Park Royal NW10 6HJ England,London,NW10,"London,Greater London,England",United Kingdom,third-country,FFP,PP,,,PP - Processing Plant,,
OH 069,Yorkshire Speciality Foods,Unit 18 Springfield Farm Business Park Cold Cotes Road Felliscliffe Harrogate HG3 2SG,Harrogate,HG3,"North Yorkshire,Yorkshire and the Humber,England",United Kingdom,third-country,FFP,PP,,,PP - Processing Plant,08/09/2023,
BB011,Young's Seafood,"Watermill Road, Fraserburgh, Aberdeenshire, AB43 9HA",Fraserburgh,AB43,"Aberdeenshire,Scotland",United Kingdom,third-country,FFP,PP,,,PP - Processing Plant,,
WB 111,Youngs Seafood Livingston,Starlaw Park Development 3 Livingston West Lothian EH54 8SF,Livingston,EH54,"West Lothian,Scotland",United Kingdom,third-country,FFP,PP,,,PP - Processing Plant,,
GG 280,Youngs Seafoods,Wickham Rd Grimsby DN31 3SW,Grimsby,DN31,"North East Lincolnshire,Yorkshire and the Humber,England",United Kingdom,third-country,FFP,PP,,,PP - Processing Plant,,
GG 268,Youngs Seafoods,Humberstone Rd (Abc) Frozen & Chilled Factory Grimsby DN32 8HP,Grimsby,DN32,"North East Lincolnshire,Yorkshire and the Humber,England",United Kingdom,third-country,FFP,PP,,,PP - Processing Plant,,
GG 278,Youngs Seafoods,Ross Rd Grimsby DN31 3SW,Grimsby,DN31,"North East Lincolnshire,Yorkshire and the Humber,England",United Kingdom,third-country,FFP,PP,,,PP - Processing Plant,,
AC004,Youngs Seafoods Ltd,"60/64 Port Streetm Annan, Dumfrieds & Galloway DG12 6BW",Annan,DG12,"Dumfries and Galloway,Scotland",United Kingdom,third-country,FFP,PP,,,PP - Processing Plant,,
VN 302,Yummy Yummy Co,Acorn House 314-320 Gray's Inn Road WC1X 8DP,London,WC1,"London,Greater London,England",United Kingdom,third-country,FFP,PP,,,PP - Processing Plant,,
LM 026,Zampa Fish Limited,29 Gemini Project Landmann Way London SE14 5RL,London,SE14,"London,Greater London,England",United Kingdom,third-country,FFP,PP,,,PP - Processing Plant,18/06/2024,
WE 069,Zebedees Lunchbox,Unit 5 Stone Cross Business Centre Lewes Road Lewes BN8 6BN,East Sussex,BN8,"East Sussex,South East,England",United Kingdom,third-country,FFP,PP,,,PP - Processing Plant,,
TH 017.054,Zed Exotics Ltd,Unit 7 Stands C7 & C8 Billingsgate Market Trafalgar Way Poplar London E14 5ST,London,E14,"London,Greater London,England",United Kingdom,third-country,FFP,PP,,,PP - Processing Plant,,
1135,"""Archibald Maclean T/A Gearadhmor""","The Slaughterhouse, Isle of Barra, Western Isles HS9 5XS",Castlebay,HS9,"Western Isles,Scotland",United Kingdom,third-country,RM,CP SH,Y,,CP - Cutting Plant | SH - Slaughterhouse,,
GBR1516,"""James Chapman (Butchers) Ltd T/A Shotts Abattoir""","Shotts Abbatoir, Foundry Road, Shotts, Motherwell ML7 5DX",Shotts,ML7,"North Lanarkshire,Scotland",United Kingdom,third-country,RM,SH CP,Y,,SH - Slaughterhouse | CP - Cutting Plant,,
1241,313 Food Service Ltd,"101 Centre Street, Glasgow, G5 8BU",Glasgow City,G5,"Glasgow City,Scotland",United Kingdom,third-country,RM,CP,N,bovine caprine ovine porcine equine,CP - Cutting Plant,11/09/2025,
2874,A & B Catering Butchers,Unit 1 Woodlands Business Park Woodlands Park Avenue Maidenhead SL6 3UA,Maidenhead,SL6,"Windsor and Maidenhead,South East,England",United Kingdom,third-country,RM,CP,N,bovine caprine ovine porcine equine,CP - Cutting Plant,03/01/2024,
2709,A & R Meats (NW) Limited,31c Girton Street Manchester M7 1UR Manchester,Greater Manchester,M7,"Greater Manchester,North West England,England",United Kingdom,third-country,RM,SH,Y,,SH - Slaughterhouse,,
4766,A & R Meats Ltd,Unit 5 1 Valepits Road Garretts Green,Birmingham,B33,"West Midlands Combined Authority,West Midlands,England",United Kingdom,third-country,RM,CP,N,,CP - Cutting Plant,,
2914,A 1 Diamond Halal Limited,"Unit 3, Essex Street, Bradford, BD4 7UA",Bradford,BD4,"Yorkshire and the Humber,England",United Kingdom,third-country,RM,CP,N,bovine caprine ovine porcine equine,CP - Cutting Plant,22/01/2025,
4380,A E Taylor & Son,The Cross Bottesford,Nottinghamshire,NG13,"Nottinghamshire,East Midlands,England",United Kingdom,third-country,RM,SH,Y,,SH - Slaughterhouse,,
1095,A F Blakemore & Son Ltd,Unit 5 Featherstone WV10 7QZ,Wolverhampton,WV10,"West Midlands Combined Authority,West Midlands,England",United Kingdom,third-country,RM,CP,N,,CP - Cutting Plant,,
4102,A H GRIFFITHS,22 High Street Leintwardine,Craven Arms,SY7,"Shropshire,West Midlands,England",United Kingdom,third-country,RM,CP SH,Y,,CP - Cutting Plant | SH - Slaughterhouse,,
4276,A J GREEN & SONS,Ravenscliffe House Farm Goldenhill,Stoke-on-Trent,ST6,"Stoke-on-Trent,West Midlands,England",United Kingdom,third-country,RM,CP SH,Y,,CP - Cutting Plant | SH - Slaughterhouse,,
1541,A K Stoddart Ltd,Heathfield Abattoir Old Farm Road Ayr KA8 9ST,Ayr,KA8,"South Ayrshire,Scotland",United Kingdom,third-country,RM,SH CP,Y,,SH - Slaughterhouse | CP - Cutting Plant,,
1626,A K Stoddart Ltd,16 Dunnet Way East Mains Industrial Est Broxburn EH52 5NN,Broxburn,EH52,"West Lothian,Scotland",United Kingdom,third-country,RM,CP,N,,CP - Cutting Plant,,
2683,A and D Meats Limited,Unit 3 Moorfield Industrial Estate Moorfield Road Altam Accrington BB5 5WG,Accrington,BB5,"Lancashire,North West England,England",United Kingdom,third-country,RM,CP,N,,CP - Cutting Plant,,
4778,AB & S WHOLESALE MEATS,Units 13-14 Shield Drive Wardley Industrial Estate Worsley Mancester M28 2QB,Greater Manchester,M28,"Greater Manchester,North West England,England",United Kingdom,third-country,RM,CP,N,,CP - Cutting Plant,,
2458,ABP DONCASTER,Lincolnshire Way Westmoor Park Doncaster,Doncaster,DN3,"Yorkshire and the Humber,England",United Kingdom,third-country,RM,CP,N,,CP - Cutting Plant,,
4073,ABP ELLESMERE,The Abattoir Hordley,Ellesmere,SY12,"Shropshire,West Midlands,England",United Kingdom,third-country,RM,CP SH,Y,,CP - Cutting Plant | SH - Slaughterhouse,,
6238,ABP GUILDFORD,The Abattoir Moorfield Road Slyfield Industrial Estate Guildford,Surrey,GU1,"Surrey,South East,England",United Kingdom,third-country,RM,CP SH,Y,,CP - Cutting Plant | SH - Slaughterhouse,,
8285,ABP LANGPORT,Muchelney Road Huish Episcopi Langport TA10 9HG England,Langport,TA10,"Somerset,South West England,England",United Kingdom,third-country,RM,CP SH,Y,,CP - Cutting Plant | SH - Slaughterhouse,,
8207,ABP STURMINSTER,Manston Road Sturminster Newton DT10 1HA,Sturminster Newton,DT10,"Dorset,South West England,England",United Kingdom,third-country,RM,SH,Y,,SH - Slaughterhouse,,
4109,ABP Shrewsbury Ltd,"Battlefield Road, Harlescott, Shrewsbury SY1 4AH",Shrewsbury,SY1,"Shropshire,West Midlands,England",United Kingdom,third-country,RM,CP SH,Y,,CP - Cutting Plant | SH - Slaughterhouse,,
2141,ABP YORK,Murton Abattoir Murton Lane Murton YO19 5GH,York,YO19,"York,Yorkshire and the Humber,England",United Kingdom,third-country,RM,SH,Y,,SH - Slaughterhouse,,
8216,ABP Yetminster,Chetnole Road Yetminster Sherborne DT9 6HQ,Sherborne,DT9,"Dorset,South West England,England",United Kingdom,third-country,RM,CP SH,Y,,CP - Cutting Plant | SH - Slaughterhouse,,
2949,ACS Meat Ltd,Unit 1 33 Frontier Work Queen Street London N17 8JA,London,N17,"London,Greater London,England",United Kingdom,third-country,RM,CP,N,bovine caprine ovine porcine equine,CP - Cutting Plant,27/01/2026,
2465,ANDREW E SEED,High Wood Farm Brimham Rocks Summerbridge,Harrogate,HG3,"North Yorkshire,Yorkshire and the Humber,England",United Kingdom,third-country,RM,CP,N,,CP - Cutting Plant,,
5102/0047,Abbijoe Limited,"Unit 47, West Market Building, London Central Markets, London",London,EC1,"London,Greater London,England",United Kingdom,third-country,RM,CS,N,,CS - Cold Stores,,
2742,Abbis Meat Ltd,Unit 12 Bull Lane Edmonton London N18 1SX England,London,N17,"London,Greater London,England",United Kingdom,third-country,RM,CP,N,,CP - Cutting Plant,,
5102/0021,Absalom and Tribe Limited,Unit 21 East Market Building London Central Markets London,London,EC1,"London,Greater London,England",United Kingdom,third-country,RM,CP,N,,CP - Cutting Plant,,
4308-0039,Adam Halal Butchery Liverpool Ltd,Liverpool Meat and Fish Market Prescot Road Old Swan Liverpool L13 3AS,Liverpool,L13,"North West England,England",United Kingdom,third-country,RM,CP,N,,CP - Cutting Plant,18/10/2022,
2059,Aire Valley Frozen Foods Ltd,Unit 12 Valley Road BD21 4LZ,Keighley,BD21,"Yorkshire and the Humber,England",United Kingdom,third-country,RM,CP,N,,CP - Cutting Plant,,
2698,Al Barakah Meats Ltd,Unit 44 High View Close Leicester LE4 9LJ England,Leicestershire,LE4,"Leicestershire,East Midlands,England",United Kingdom,third-country,RM,CP,N,,CP - Cutting Plant,,
8119,Alec Jarrett Limited,High Street Oldland Common Bristol BS30 9TN,Oldland Common,BS30,"South Gloucestershire,South West England,England",United Kingdom,third-country,RM,CP SH,Y,,CP - Cutting Plant | SH - Slaughterhouse,,
2677,Ali's Raw Meat Ltd,Unit 9 14 Bull Lane Edmonton N18 1SX,London Borough of Enfield,N18,"London,Greater London,England",United Kingdom,third-country,RM,CP,N,,CP - Cutting Plant,,
4578,Althams Butchers,Northgate White Lund Industrial Estate,Lancashire,LA3,"Lancashire,North West England,England",United Kingdom,third-country,RM,CP,N,,CP - Cutting Plant,,
2155,Andrews of Cambridge,Unit 1 The Brickyards Industrial Estate Coldhams Road CB1 3EW,Cambridge,CB1,"Cambridgeshire,East of England,England",United Kingdom,third-country,RM,CP,N,,CP - Cutting Plant,,
1560,Anglo Beef Processors UK T/A ABP Bridge of Allan,Longleys Bridge of Allan Stirling FK9 4NE,Stirling,FK9,Scotland,United Kingdom,third-country,RM,CP SH,Y,,CP - Cutting Plant | SH - Slaughterhouse,,
4182,Anglo Beef Processors UK T/A ABP Kingswinford,Oak Lane,Kingswinford,DY6,"West Midlands Combined Authority,West Midlands,England",United Kingdom,third-country,RM,CP SH,Y,,CP - Cutting Plant | SH - Slaughterhouse,,
1715,Anglo Beef Processors UK T/A ABP Penston,"Penston Road, Queenslie, Glasgow",Glasgow City,G33,"Glasgow City,Scotland",United Kingdom,third-country,RM,CS CP,N,,CS - Cold Stores | CP - Cutting Plant,15/06/2022,
1101,"Anglo Beef Processors UK, t/a ABP Perth",Inveralmond Industrial Estate Ruthvenfield Road Perth & Kinross PH1 3XB,Perth and Kinross,PH1,"Perth and Kinross,Scotland",United Kingdom,third-country,RM,SH CP,Y,,SH - Slaughterhouse | CP - Cutting Plant,,
1099,Anna's Happy Trotters Limited T/A Anna's Happy Trotters,Kilpin Hall Farm Kilpin DN14 7TJ,Goole,DN14,"East Riding of Yorkshire,Yorkshire and the Humber,England",United Kingdom,third-country,RM,CP,N,,CP - Cutting Plant,,
4163,Arthur J Granby & Sons (Liverpool) Ltd,8 Summers Road Brunswick Business Park,Liverpool,L3,"North West England,England",United Kingdom,third-country,RM,CP,N,,CP - Cutting Plant,,
5218,Arthur J Howell & Son,53 Staithe Street Wells-next-the-Sea NR23 1AN,Wells-next-the-Sea,NR23,"Norfolk,East of England,England",United Kingdom,third-country,RM,CP SH,Y,,CP - Cutting Plant | SH - Slaughterhouse,,
6213,Arun Meat & Livestock Company Ltd,Unit 3 Portsmouth Wholesale Meat Norway Road Hilsea,Portsmouth,PO3,"South East,England",United Kingdom,third-country,RM,CP,N,,CP - Cutting Plant,,
2753,As-Safwah Foods Ltd,"Unit 1-2 Perry Street Trading Estate Field Street, Bilston WV14 8RP England",Wolverhampton,WV14,"West Midlands Combined Authority,West Midlands,England",United Kingdom,third-country,RM,CP,N,,CP - Cutting Plant,,
4869,Ashfold Quality Meats Limited,Ashfold Farm Tunshill Lane Milnrow,Rochdale,OL16,"Greater Manchester,North West England,England",United Kingdom,third-country,RM,CP,N,,CP - Cutting Plant,,
1060,Ashlyns Catering Limited,High Laver Hall High Laver Ongar Essex CM5 0DU,Essex,CM5,"Essex,East of England,England",United Kingdom,third-country,RM,CP,N,bovine caprine ovine porcine equine,CP - Cutting Plant,25/11/2024,
2552,Asia Halal Meat Supplier Ltd,"Unit 2, 126 Leopold Street Birmingham B12 0UL England",Birmingham,B12,"West Midlands Combined Authority,West Midlands,England",United Kingdom,third-country,RM,CP CS,N,,CP - Cutting Plant | CS - Cold Stores,,
2841,Asko Foods Limited,1 Valley Farm Station Road Royston SG8 6JP,Hertfordshire,SG8,"Hertfordshire,East of England,England",United Kingdom,third-country,RM,CP,N,,CP - Cutting Plant,03/11/2022,
2965,Atlas Doner Co Ltd,Unit D1 Hastingwood Trading Estate Harbet Road London N183HT,London,N18,"London,Greater London,England",United Kingdom,third-country,RM,CP,N,bovine caprine ovine porcine equine,CP - Cutting Plant,05/06/2026,
1006,Aubrey Allen Limited,Unit 1 Siskin Parkway East Middlemarch Business Park CV3 4AD,Coventry,CV3,"West Midlands Combined Authority,West Midlands,England",United Kingdom,third-country,RM,CP,N,,CP - Cutting Plant,,
2759,B & B Meat Ltd,Unit 4 Leaside Business Centre Millmarsh Lane Enfield EN37BJ England,London Borough of Enfield,EN3,"London,Greater London,England",United Kingdom,third-country,RM,CP,N,,CP - Cutting Plant,,
1152,B & M Sausages Ltd,"292-294 Glentanar Road, Glasgow G22 7XS",Glasgow City,G22,Scotland,United Kingdom,third-country,RM,CP CS,N,,CP - Cutting Plant | CS - Cold Stores,,
5102/0045,B J Meats (Smithfield) Ltd,"Unit 45, West Market Building, London Central Markets,London",London,EC1,"London,Greater London,England",United Kingdom,third-country,RM,CP,N,,CP - Cutting Plant,,
2939,B Raj & Sons Wholesale Meat Ltd,"4 Strawberry Lane, Willenhall, West Midlands, WV13 3RS",West Midlands Combined Authority,WV13,"West Midlands Combined Authority,West Midlands,England",United Kingdom,third-country,RM,CP,N,bovine caprine porcine ovine equine,CP - Cutting Plant,30/09/2025,
2490,B S Meats,Labtec Street Pendlebury M27 8SE,Swinton,M27,"Greater Manchester,North West England,England",United Kingdom,third-country,RM,CP,N,,CP - Cutting Plant,,
GB5430,BEN RIGBY GAME LTD,"ATHERSTONE LODGE, FAMBRIDGE ROAD, MUNDON MALDON ESSEX CM9 6NL",Essex,CM9,"Essex,East of England,England",United Kingdom,third-country,RM,CP,N,,CP - Cutting Plant,,
2576,BFC Distribution Limited,"Unit 17 Forest Business Park, Argall Avenue, Leyton London E10 7FB",London,E10,"London,Greater London,England",United Kingdom,third-country,RM,CP,N,,CP - Cutting Plant,,
4359,BFS,Crewe Road Shavington,Crewe,CW2,"Cheshire East,North West England,England",United Kingdom,third-country,RM,CP,N,,CP - Cutting Plant,,
4112,BLACKLIDGE BROS,"The Abattoir, Stephens Way Goose Green",Wigan,WN3,"Greater Manchester,North West England,England",United Kingdom,third-country,RM,CP SH,Y,,CP - Cutting Plant | SH - Slaughterhouse,,
2800,BS Meat Trading Ltd,Unit 7 14 Bull Lane London N18 1SX,London Borough of Enfield,N18,"London,Greater London,England",United Kingdom,third-country,RM,CP,N,,CP - Cutting Plant,,
2905,Baran Meat Ltd,Unit 10b Triumph Trading Estate Tariff Road London N17 0EB,London,N17,"London,Greater London,England",United Kingdom,third-country,RM,CP,N,bovine caprine ovine porcine equine,CP - Cutting Plant,29/10/2024,
2125,Barbican Supplies Ltd,26-30 Bernard Road N15 4NE,London,N15,"London,Greater London,England",United Kingdom,third-country,RM,CP,N,,CP - Cutting Plant,,
2453,Barkers Yorkshire Butchers Limited,Unit 1 Gargrave Road Skipton BD23 1UD England,Skipton,BD23,"North Yorkshire,Yorkshire and the Humber,England",United Kingdom,third-country,RM,CP,N,,CP - Cutting Plant,,
2566,Bearfield of London,Unit 1 The Sidings Leytonstone London E11 1HD,London,E11,"London,Greater London,England",United Kingdom,third-country,RM,CP,N,,CP - Cutting Plant,,
4152,Beesons Limited,Bradeley Abbattoir Bradeley Hall Road Haslington,Crewe,CW1,"Cheshire East,North West England,England",United Kingdom,third-country,RM,CP SH,Y,,CP - Cutting Plant | SH - Slaughterhouse,,
2547,Ben Creese Country Butchers Ltd,Units B & C Pillows Green Road Corse Gloucester GL19 3NX,Gloucestershire,GL19,"Gloucestershire,South West England,England",United Kingdom,third-country,RM,CP,N,,CP - Cutting Plant,,
6156,Berkshire Meat Traders Limited,Deacon Way Tilehurst,Reading,RG30,"Reading,South East,England",United Kingdom,third-country,RM,CP,N,,CP - Cutting Plant,,
6343,Berkshire Meat Traders Ltd,3 Gresham Way Tilehurst,Reading,RG30,"Reading,South East,England",United Kingdom,third-country,RM,CP,N,,CP - Cutting Plant,,
2487,Best Meat (UK) Ltd,4-8 Houghton Road Universal Crescent North Anston Sheffield S25 4NZ,Dinnington,S25,"Yorkshire and the Humber,England",United Kingdom,third-country,RM,CP,N,,CP - Cutting Plant,,
4308-0036,Bexleys Limited,Units 36 and 37 Stanley Meat Market Prescot Road,Liverpool,L13,"North West England,England",United Kingdom,third-country,RM,CP,N,,CP - Cutting Plant,,
2757,Beyran Meat Ltd,Unit A07 Hastingwood Trading Estate Harbet Road Enfield N183HT England,London,N17,"London,Greater London,England",United Kingdom,third-country,RM,CP,N,,CP - Cutting Plant,,
1621,Bidfresh Limited,"Unit 4, Sherwood Ind Est, Bonnyrigg, Midlothian EH19 3LW",Bonnyrigg,EH19,"Midlothian,Scotland",United Kingdom,third-country,RM,CP,N,,CP - Cutting Plant,,
1061,Bidfresh Ltd T/A Campbell Bros,2 Tom Cribb Road Woolwich SE28 0FN,London,SE28,"London,Greater London,England",United Kingdom,third-country,RM,CP,N,,CP - Cutting Plant,,
2934,Big Bird Poultry Ltd,"224 Briscoe Lane, Manchester, M40 2XG",Manchester,M40,"Greater Manchester,North West England,England",United Kingdom,third-country,RM,CP,N,bovine caprine porcine ovine equine,CP - Cutting Plant,09/09/2025,
6358,Billfields of London Limited,Units 55-83 Blundell Street London N7 9BN,London,N7,"London,Greater London,England",United Kingdom,third-country,RM,CP,N,,CP - Cutting Plant,,
2793,Bingol Meat Limited,Units 1 Frontier Works 33 Queen Street London N17 8JA,London,N17,"London,Greater London,England",United Kingdom,third-country,RM,CP,N,,CP - Cutting Plant,,
6118,Blakes Meats Limited,"Unit 2 & 3, Brighton Meat Market, Upper Hollingdean Road, Brighton, BN1 7GW",Brighton,BN1,"Brighton and Hove,South East,England",United Kingdom,third-country,RM,CP,N,,CP - Cutting Plant,10/09/2026,
2166,Block and Cleaver Limited,Unit 4M Button Street Business Park Button Street BR8 8DX,Swanley Village,BR8,"Kent,South East,England",United Kingdom,third-country,RM,CP,N,,CP - Cutting Plant,,
1018,Bodiam Meat Company,Units 4 - 7 Beeching Park Industrial Estate Wainwright Road TN39 3UR,Bexhill,TN39,"East Sussex,South East,England",United Kingdom,third-country,RM,CP,N,,CP - Cutting Plant,,
2624,Bolton Halal Meat & Poultry Limited,Unit 11 Wharf Mill Business Centre Kirkebrok Road Bolton BL3 4JE,Bolton,BL3,"Greater Manchester,North West England,England",United Kingdom,third-country,RM,CP,N,,CP - Cutting Plant,,
1757,Border Meats Ltd,"Goods Station Road, Lockerbie DG11 2DB",Lockerbie,DG11,"Dumfries and Galloway,Scotland",United Kingdom,third-country,RM,CS CP,N,,CS - Cold Stores | CP - Cutting Plant,15/06/2022,
1584,Border Meats Ltd,Mains Meadow Lockerbie DG11 2DE,Lockerbie,DG11,"Dumfries and Galloway,Scotland",United Kingdom,third-country,RM,SH CP,Y,,SH - Slaughterhouse | CP - Cutting Plant,,
4773,Bowland Foods Limited,"Unit 16 Roman Way Industrial Estate Longridge Road, Ribbleton",Preston,PR2,"Lancashire,North West England,England",United Kingdom,third-country,RM,CP,N,,CP - Cutting Plant,,
1738,Braehead Foods Ltd,Unit 7 Moorfield North Industrial Park Kilmarnock,Kilmarnock,KA2,Scotland,United Kingdom,third-country,RM,CP,N,,CP - Cutting Plant,,
5260,Bramfield Meats Ltd,"Low Road, Bramfield",Halesworth,IP19,"Suffolk,East of England,England",United Kingdom,third-country,RM,CP,N,,CP - Cutting Plant,,
4834,Brendan Anderton Butchers Ltd,"The Old Barn, Higher College Farm Lower Road Hothersall",Preston,PR3,"Lancashire,North West England,England",United Kingdom,third-country,RM,CP,N,,CP - Cutting Plant,,
8380,Brian Etherington Meat Company,Wheal Rose Scorrier Redruth TR16 5DF England,Scorrier,TR16,"Cornwall,South West England,England",United Kingdom,third-country,RM,CP,N,,CP - Cutting Plant,,
5522,British Premium Meats Limited,32 Hyde Way,Welwyn Garden City,AL7,"Hertfordshire,East of England,England",United Kingdom,third-country,RM,CP,N,,CP - Cutting Plant,,
1228,Browns Manufacturing Ltd,Kelloholm Industrial Estate Greystone Avenue Kelloholm DG4 6RB,Kelloholm,DG4,"Dumfries and Galloway,Scotland",United Kingdom,third-country,RM,CP,N,,CP - Cutting Plant,31/05/2022,
1244,Burnhouse Game Farms Limited,"Burnhouse Farm, Bonnybridge FK4 2HH",Bonnybridge,FK4,Scotland,United Kingdom,third-country,RM,SH CP,Y,bovine caprine ovine porcine equine,SH - Slaughterhouse | CP - Cutting Plant,10/02/2026,
1704,Burnside Farm Foods,"Burnside Farm, Rutherford, Kelso, Roxburghshire TD5 8NR",Kelso,TD5,"Scottish Borders,Scotland",United Kingdom,third-country,RM,CP,N,,CP - Cutting Plant,,
2541,Burts Catering Butchers Limited,Unit 25 Elva Way Bexhill On Sea TN39 5BF England,Bexhill,TN39,"East Sussex,South East,England",United Kingdom,third-country,RM,CP,N,,CP - Cutting Plant,,
6381,Butcher & Edmonds Ltd,Hereford House 15 Cranmer Road,London,SW9,"London,Greater London,England",United Kingdom,third-country,RM,CP,N,,CP - Cutting Plant,,
2622,Buxton Butchers Ltd,Unit 22 Marsh Lane Industrial Estate Portbury Bristol BS20 0NH,Bristol,BS20,"City of Bristol,South West England,England",United Kingdom,third-country,RM,CS,N,,CS - Cold Stores,,
2030,C & G Wholesale Foods Ltd,Unit 3 Waterside Park Off Harrison Street Ramsbottom BL0 0AD,Bury,BL0,"Greater Manchester,North West England,England",United Kingdom,third-country,RM,CP,N,,CP - Cutting Plant,,
5519,C & K Meats Ltd,"Mid Suffolk Business Park, Potash Lane",Eye,IP23,"Suffolk,East of England,England",United Kingdom,third-country,RM,CP SH,Y,,CP - Cutting Plant | SH - Slaughterhouse,,
1080,C & P Meat Sales Ltd,C & P Meat Sales Barnett Way Barnwood Fields Business Park GL4 3RW,Gloucester,GL4,"Gloucestershire,South West England,England",United Kingdom,third-country,RM,CP,N,,CP - Cutting Plant,,
5144,C A LEECH & SONS,1 Station Road Melbourn,Royston,SG8,"Hertfordshire,East of England,England",United Kingdom,third-country,RM,SH,Y,,SH - Slaughterhouse,,
4225,C Brumpton Butchers Ltd,3 Plumtree Road Cotgrave,Nottingham,NG12,"Nottingham,East Midlands,England",United Kingdom,third-country,RM,SH,Y,,SH - Slaughterhouse,,
4138,C E PARTRIDGE & SON LTD,Washingstocks Farm Stourbridge Road B61 0BN,Bromsgrove,B61,"Worcestershire,West Midlands,England",United Kingdom,third-country,RM,SH,Y,,SH - Slaughterhouse,,
5269,C HUMPHREYS & SONS,Blixes Farm Fairstead,Chelmsford,CM3,"Essex,East of England,England",United Kingdom,third-country,RM,CP SH,Y,,CP - Cutting Plant | SH - Slaughterhouse,,
5392,C J BYFORD & SON,Bonds Farm Holland Road,Little Clacton,CO16,"Essex,East of England,England",United Kingdom,third-country,RM,CP SH,Y,,CP - Cutting Plant | SH - Slaughterhouse,,
8191,C SNELL WHOLESALE,Breeches Farm Tytherleigh Road Tatworth Chard TA20 2NY,Chard,TA20,"Somerset,South West England,England",United Kingdom,third-country,RM,CP,N,,CP - Cutting Plant,,
8354,C and S Meats Ltd,White House Lane Holnest Sherbourne DT9 6HX England,Sherborne,DT9,"Dorset,South West England,England",United Kingdom,third-country,RM,CP SH,Y,,CP - Cutting Plant | SH - Slaughterhouse,,
4326,C. S. Morphet and Sons Limited,Tan House Farm Alder Lane Cronton,Widnes,WA8,"Halton,North West England,England",United Kingdom,third-country,RM,CP SH,Y,,CP - Cutting Plant | SH - Slaughterhouse,,
2679,CJ Butchers,Marsh Lane Boston PE21 7SJ,Boston,PE21,"Lincolnshire,East Midlands,England",United Kingdom,third-country,RM,CP,N,,CP - Cutting Plant,,
7228,CK's Supermarket Limited,Enbankment Road,Llanelli SA15 2BT,,"Carmarthenshire,Wales",United Kingdom,third-country,RM,CP,N,bovine caprine porcine ovine equine,CP - Cutting Plant,30/03/2023,
6389,CMB Foods Ltd,11 The Felbridge Centre,East Grinstead,RH19,"West Sussex,South East,England",United Kingdom,third-country,RM,CP,N,,CP - Cutting Plant,,
8068,COMBE MARTIN MEATS,The Abattoir Rectory Road Combe Martin EX34 0NS,Ilfracombe,EX34,"Devon,South West England,England",United Kingdom,third-country,RM,CP SH,Y,,CP - Cutting Plant | SH - Slaughterhouse,,
8342,CORNISH FARMHOUSE BACON COMPANY,West Balsdon Farm Whitstone Holsworthy EX22 6LE England,Holsworthy,EX22,"Devon,South West England,England",United Kingdom,third-country,RM,CP SH,Y,,CP - Cutting Plant | SH - Slaughterhouse,,
1012,CSP (Food Services) Limited,52 Farringdon Street EC4A 4BD,City of London,EC4,"City of London,Greater London,England",United Kingdom,third-country,RM,CP,N,,CP - Cutting Plant,,
2336,Cam Catering Butchers Ltd,Unit H9 Draycott Business Park Cam,Dursley,GL11,"Gloucestershire,South West England,England",United Kingdom,third-country,RM,CP,N,,CP - Cutting Plant,,
GB 1648,Campbells Prime Meat LTD,"The Heatherfield, Lathallan, By Linlithgow",Linlithgow,EH49,"West Lothian,Scotland",United Kingdom,third-country,RM,CP,N,bovine caprine ovine equine porcine,CP - Cutting Plant,07/10/2024,
2872,Capital Meats Limited,Unit 11 14 Bull Lane London N18 1SX,London Borough of Enfield,N18,"London,Greater London,England",United Kingdom,third-country,RM,CP,N,bovine caprine ovine porcine equine,CP - Cutting Plant,03/01/2024,
2684,Carnivore FMC Limited,23B Somers Road Rugby CV22 7DG,Rugby,CV22,"Warwickshire,West Midlands,England",United Kingdom,third-country,RM,CP,N,,CP - Cutting Plant,,
4837,Cartmel Valley Game Suppliers Limited,"High Bankside ,Cark In Cartmel, Nr Grange-Over-Sands LA11 7NR",Grange-over-Sands,LA11,"Cumbria,North West England,England",United Kingdom,third-country,RM,CP,N,,CP - Cutting Plant,,
2845,Carver & Co Butchery,Unit 3A Lockett Road,Wigan WN4 8DE,,"Greater Manchester,North West England,England",United Kingdom,third-country,RM,CP,N,bovine caprine porcine ovine equine,CP - Cutting Plant,28/03/2023,
2738,Caterite Food and Wineservice Limited,Embleton Cockermouth CA13 9YA,Cockermouth,CA13,"Cumbria,North West England,England",United Kingdom,third-country,RM,CP,N,,CP - Cutting Plant,,
1239,Cayley Walton Partners T/A Peelham Farm Produce,Peelham Foulden Berwickshire TD15 1UG,Berwickshire,TD15,Scotland,United Kingdom,third-country,RM,CP,N,bovine caprine ovine porcine equine,CP - Cutting Plant,02/04/2025,
2861,Celebration Meal Limited - T/A Celeplate,Units 61- & 611 Dephna Kitchen 26 Chase Road London NW10 6QN,London,NW10,"London,Greater London,England",United Kingdom,third-country,RM,CP,N,bovine caprine ovine porcine equine,CP - Cutting Plant,21/11/2023,
7028,Celtica Foods Limited,Heol Y Plas Cross Hands Food Park Cross Hands,Llanelli,SA14,"Carmarthenshire,Wales",United Kingdom,third-country,RM,CP,N,,CP - Cutting Plant,,
4875,Central Food Service Ltd,"Unit 3 Unicorn Industrial Estate Davenport Road, Longport Stoke-on-trent ST6 4RB",Stoke-on-Trent,ST6,"Stoke-on-Trent,West Midlands,England",United Kingdom,third-country,RM,CP,N,,CP - Cutting Plant,,
4051,Central Food Services,Leamore Lane,Walsall,WS2,"West Midlands Combined Authority,West Midlands,England",United Kingdom,third-country,RM,CP,N,,CP - Cutting Plant,,
5102/0037,Central Meat (Smithfield) Limited,Unit 37 & 39 West Market Building London Central Markets London,London,EC1,"London,Greater London,England",United Kingdom,third-country,RM,CP,N,,CP - Cutting Plant,,
2633,Cesur Meat Limited,Unit 11A Hastingwood Trading Estate Harbet Road London N18 3HT,London Borough of Enfield,N18,"London,Greater London,England",United Kingdom,third-country,RM,CP,N,bovine caprine ovine porcine equine,CP - Cutting Plant,24/11/2025,
2889,Cesur Meats Limited,Unit E13 Hastingwood Trading Estate 35 Harbet Road London N18 3HT,London,N18,"London,Greater London,England",United Kingdom,third-country,RM,CP,N,bovine caprine ovine porcine equine,CP - Cutting Plant,23/07/2024,
2399,Chai Meats Limited,182 Hammerton Street Bradford England,Bradford,BD3,"Yorkshire and the Humber,England",United Kingdom,third-country,RM,CP,N,,CP - Cutting Plant,,
2968,Charles Saunders Limited,Great Western Business Park Armstrong Way Yate Bristol BS37 5NG,Yate,BS37,"South Gloucestershire,South West England,England",United Kingdom,third-country,RM,CP,N,bovine caprine ovine porcine equine,CP - Cutting Plant,23/06/2026,
2974,Chefs Cut Butchery Ltd,Unit 9 Sheet Stores Industrial Estate Field Farm Road Long Eaton Nottingham NG10 1AU,Long Eaton,NG10,"Derbyshire,East Midlands,England",United Kingdom,third-country,RM,CP,N,bovine caprine ovine porcine equine,CP - Cutting Plant,13/07/2026,
6240,Cherryfield (Croydon) Ltd,44-60 Cherry Orchard Road,Croydon,CR0,"London,Greater London,England",United Kingdom,third-country,RM,CP,N,,CP - Cutting Plant,,
2664,Chicken Joes Limited,Empire Industrial Estate Brickyard Road Aldridge Walsall WS3 8UR,Walsall,WS3,"West Midlands Combined Authority,West Midlands,England",United Kingdom,third-country,RM,CP,N,bovine caprine ovine porcine equine,CP - Cutting Plant,02/12/2025,
4843,Choice Meats Catering Ltd,Unit 20 Cocker Avenue Poulton Business Park Poulton-le-fylde,Blackpool,FY6,"Blackpool,North West England,England",United Kingdom,third-country,RM,CP,N,,CP - Cutting Plant,,
7023,Cig Eryri - Snowdonia Meats Cyf,Cae Iago Cwm Cynfal,Blaenau Ffestiniog,LL41,"Gwynedd,Wales",United Kingdom,third-country,RM,CP SH,Y,,CP - Cutting Plant | SH - Slaughterhouse,,
1751,Clanmill Ltd T/A Original Doner Kebab,"57B Beardmore Way Road, Clydebank Industrial Estate, Clydebank, East Dunbartonshire G81 4HT",Clydebank,G81,"West Dunbartonshire,Scotland",United Kingdom,third-country,RM,CP,N,bovine caprine ovine porcine equine,CP - Cutting Plant,19/06/2024,
1073,Clark & Son (Long Melford) Limited,Unit 3 Cordell Works Cordell Road CO10 9EH,Long Melford,CO10,"Suffolk,East of England,England",United Kingdom,third-country,RM,CP,N,,CP - Cutting Plant,,
2415,Clarke and Whitham Ltd,Allen Row The Triangle Paddock Huddersfield,Huddersfield,HD1,"Yorkshire and the Humber,England",United Kingdom,third-country,RM,CP,N,,CP - Cutting Plant,,
2826,Clarkes Farmers Butchery Ltd,Low Road Bramfield Halesworth IP199JH,Halesworth,IP19,"Suffolk,East of England,England",United Kingdom,third-country,RM,CP,N,,CP - Cutting Plant,08/03/2022,
4241,Cleaver Meats Ltd,Wisgreaves Road,Derby,DE24,"East Midlands,England",United Kingdom,third-country,RM,CP,N,,CP - Cutting Plant,,
1090,Cleveleys Foods Limited,"Moat Farm All Saints South Elmham, IP19 0NY",Halesworth,IP19,"Suffolk,East of England,England",United Kingdom,third-country,RM,CP,N,,CP - Cutting Plant,,
2805,Coastal Cuisine Ltd,The Cold store Hadenham Road South Lowestoft Industrial Estate Lowestoft NR33 7NF,Suffolk,NR33,"Suffolk,East of England,England",United Kingdom,third-country,RM,CP,N,,CP - Cutting Plant,,
8160,Collicutt Meats Ltd,Unit 2 Church Road Leckhampton Cheltenham Gloucester GL53 0QJ,Gloucestershire,GL53,"Gloucestershire,South West England,England",United Kingdom,third-country,RM,CP,N,,CP - Cutting Plant,,
6219,Concept Foods Ltd,Units 5 & 8 Norway Road Hilsea,Portsmouth,PO3,"South East,England",United Kingdom,third-country,RM,CP,N,,CP - Cutting Plant,,
7099,Conwy Valley Meats Limited,Cae Pys Parry Road,Llanrwst,LL26,"Conwy,Wales",United Kingdom,third-country,RM,SH CP,Y,,SH - Slaughterhouse | CP - Cutting Plant,,
4864,Cornvale Foods Ltd,Station Yard Melling,Carnforth,LA5,"Lancashire,North West England,England",United Kingdom,third-country,RM,CP,N,,CP - Cutting Plant,,
4451,Corvedale Fresh Limited.,Euro House Dale Street,Craven Arms,SY7,"Shropshire,West Midlands,England",United Kingdom,third-country,RM,CP CS SH,Y,,CP - Cutting Plant | CS - Cold Stores | SH - Slaughterhouse,,
2754,Cote Kitchen (Butchery),14 Carlisle Road Colindale NW90HD England,London,SW9,"London,Greater London,England",United Kingdom,third-country,RM,CP,N,,CP - Cutting Plant,,
4857,Country Food Services Ltd,Block B Kestrel Road Trafford Park Manchester,Trafford,M17,"Greater Manchester,North West England,England",United Kingdom,third-country,RM,CP,N,,CP - Cutting Plant,,
2491,Country Harvest Frozen Foods Ltd,Sutherland House Cleveland Trading Estate,Darlington,DL1,"Darlington,North East England,England",United Kingdom,third-country,RM,CP,N,,CP - Cutting Plant,,
2452,Country Valley Foods Ltd,Gillander House Leeholme Road Billingham England,Billingham,TS23,"Stockton-on-Tees,North East England,England",United Kingdom,third-country,RM,CP,N,,CP - Cutting Plant,,
2057,County Foods Ltd,Units 1-3 Fleets Lane Industrial Estate Willis Way BH15 3SU,Poole,BH15,"Poole,South West England,England",United Kingdom,third-country,RM,CP,N,,CP - Cutting Plant,,
2400,Cranston's Quality Butchers Ltd,Ullswater Road Penrith England,Penrith,CA11,"Cumbria,North West England,England",United Kingdom,third-country,RM,CP,N,,CP - Cutting Plant,,
5213,Cranswick Country Foods PLC,Brandon Road Watton Norfolk IP25 6LW,Watton,IP25,"Norfolk,East of England,England",United Kingdom,third-country,RM,SH CP,Y,,SH - Slaughterhouse | CP - Cutting Plant,,
2093,Cranswick Country Foods Plc,Staithes Road Preston HU12 8TB,Hull,HU12,"Kingston upon Hull,Yorkshire and the Humber,England",United Kingdom,third-country,RM,SH CP,Y,,SH - Slaughterhouse | CP - Cutting Plant,,
2371,Cranswick Riverside,William Wright Dock Hull England,Hull,HU1,"Kingston upon Hull,Yorkshire and the Humber,England",United Kingdom,third-country,RM,CP,N,,CP - Cutting Plant,,
1515,Creative Foods Europe Ltd,"27 Glenburn Road College Milton Road, East Kilbride G74 5BA",East Kilbride,G74,"South Lanarkshire,Scotland",United Kingdom,third-country,RM,CP,N,,CP - Cutting Plant,,
8374,Creed Foodservice Limited,Media Centre Staverton Technology Park Cheltenham Road Staverton GL51 6TQ England,Staverton,GL51,"Gloucestershire,South West England,England",United Kingdom,third-country,RM,CP,N,,CP - Cutting Plant,,
GG 484,Cryotech II,Birchin Way Grimsby DN31 3SG England,Grimsby,DN31,"North East Lincolnshire,Yorkshire and the Humber,England",United Kingdom,third-country,RM,CS,N,,CS - Cold Stores,,
4067,Cumberland Meat Packers Ltd,Units 1-5 The Meat Factory Barlow Rd,Coventry,CV2,"West Midlands Combined Authority,West Midlands,England",United Kingdom,third-country,RM,CP,N,,CP - Cutting Plant,,
7105,Cyril Jones and Stephen Jones T/A Jones Brothers,Stansty Lodge Mold Road,Wrexham,LL11,"Wrexham,Wales",United Kingdom,third-country,RM,CP,N,,CP - Cutting Plant,,
1040,D B Foods Ltd (Vantage Foods Limited),Unit P & Q Vantage Way BH12 4NU,Poole,BH12,"Poole,South West England,England",United Kingdom,third-country,RM,CP,N,bovine caprine ovine porcine equine,CP - Cutting Plant,10/11/2025,
2702,D Parker & Son Ltd,4 Central Avenue Wallington SM6 8NX England,London,SM6,"London,Greater London,England",United Kingdom,third-country,RM,CP,N,,CP - Cutting Plant,,
1092,D T Independent Foods Limited,Unit 4 Adams Business Centre Cranes Farm Road SS14 3JF,Basildon,SS14,"Essex,East of England,England",United Kingdom,third-country,RM,CP,N,,CP - Cutting Plant,,
2277,D W GILLETTE CATERING BUTCHERS,4b Scotts Close Downton,Salisbury,SP5,"Wiltshire,South West England,England",United Kingdom,third-country,RM,CP,N,,CP - Cutting Plant,,
2001,DECKERS RESTAURANTS LIMITED,Unit F Pennine Trading Estate Lynroyle Way OL11 3EX,Rochdale,OL11,"Greater Manchester,North West England,England",United Kingdom,third-country,RM,CP,N,,CP - Cutting Plant,,
4812,DEER 'N DEXTER,Old Stoddah Farm Penruddock,Penrith,CA11,"Cumbria,North West England,England",United Kingdom,third-country,RM,CP SH,Y,,CP - Cutting Plant | SH - Slaughterhouse,,
2921,DPH Ozolins Limited,City Abattoir Crofton Road Lincoln LN3 4NL,Lincoln,LN3,"Lincolnshire,East Midlands,England",United Kingdom,third-country,RM,CP,N,bovine caprine porcine ovine equine,CP - Cutting Plant,01/04/2025,
2893,DTC Foods Limited,Bratton Clovelly Ellacott Barton Okehampton EX20 4LB,Okehampton,EX20,"Devon,South West England,England",United Kingdom,third-country,RM,CP,N,bovine caprine ovine porcine equine,CP - Cutting Plant,20/08/2024,
4071,DUNBIA PRESTON,The Abattoir Church Road Bamber Bridge Preston PR5 6AJ,Bamber Bridge,PR5,"Lancashire,North West England,England",United Kingdom,third-country,RM,SH CP,Y,,SH - Slaughterhouse | CP - Cutting Plant,,
4486,DUNBIA SAWLEY,Castill Laithe Abattoir Sawley,Clitheroe,BB7,"Lancashire,North West England,England",United Kingdom,third-country,RM,CP SH,Y,,CP - Cutting Plant | SH - Slaughterhouse,,
2614,Danish Crown Bugle,Ebenezer Bugle St Austell PL26 8RR,Treverbyn,PL26,"Cornwall,South West England,England",United Kingdom,third-country,RM,CP,N,,CP - Cutting Plant,,
2578,Danish Crown Manchester,57 Stanley Road Whitefield Manchester M45 8GZ,Greater Manchester,M45,"Greater Manchester,North West England,England",United Kingdom,third-country,RM,CP,N,,CP - Cutting Plant,,
2795,Dart Fresh Produce Limited,Marsh Barton Farm Clyst St George Exeter EX3 0QH,Exeter,EX3,"Devon,South West England,England",United Kingdom,third-country,RM,CP,N,,CP - Cutting Plant,,
5102/0026,David Andrade & Sons Limited,Unit 26 West Market Building London Central Markets London,London,EC1,"London,Greater London,England",United Kingdom,third-country,RM,CP,N,,CP - Cutting Plant,,
2634,David Broster Limited,Scarr View Farm Huddersfield HD3 3SZ,Huddersfield,HD3,"Yorkshire and the Humber,England",United Kingdom,third-country,RM,CP,N,,CP - Cutting Plant,,
7182,David T Havard,The Abattoir Blackbrook Road,Caerphilly,CF83,"Caerphilly,Wales",United Kingdom,third-country,RM,CP SH,Y,,CP - Cutting Plant | SH - Slaughterhouse,,
7103,"David Thomas, James Thomas, Stephen Thomas & Simeon Thomas (T/A D & J Thomas)",Beech Avenue Rhos,Wrexham,LL14,"Wrexham,Wales",United Kingdom,third-country,RM,CP SH,Y,,CP - Cutting Plant | SH - Slaughterhouse,,
2813,Deer Box Ltd,Ramsbury Smokehouse #Stockclose Farm Aldbourne Wiltshire SN8 2NN,Wiltshire,SN8,"Wiltshire,South West England,England",United Kingdom,third-country,RM,CP,N,,CP - Cutting Plant,03/05/2022,
5088,Delenco Meats,Corporation Farm Cock Clarks Purleigh,Chelmsford,CM3,"Essex,East of England,England",United Kingdom,third-country,RM,CP,N,,CP - Cutting Plant,,
1226,Dennis Thomson (Fresh Meat) LTD T/A Thomsons Foodservice,"Unit 2 & 3, Block 1 Dumfries Enterprise Park Dunfries DG1 3SJ",Dumfries and Galloway,DG1,"Dumfries and Galloway,Scotland",United Kingdom,third-country,RM,CP,N,,CP - Cutting Plant,15/06/2022,
2743,Derman Meat Ltd,Unit 3B Leaside Business Centre Millmarsh Lane Enfield EN37BJ England,London Borough of Enfield,EN3,"London,Greater London,England",United Kingdom,third-country,RM,CP,N,,CP - Cutting Plant,,
GBR2638,Derya Meat Ltd,Unit F11 Hastingwood Trading Estate Harbet Road London N18 3HU,London Borough of Enfield,N18,"London,Greater London,England",United Kingdom,third-country,RM,CP,N,,CP - Cutting Plant,,
2878,Dipwood Storage & Distribution Limited,Princess House Leadgate Industrial Estate Consett DH8 7RN,Consett,DH8,"County Durham,North East England,England",United Kingdom,third-country,RM,CP,N,equine bovine caprine ovine porcine,CP - Cutting Plant,02/05/2024,
5443,Direct Meats (Knights Farm) Ltd T/A Blackwell & Co,"Knights Farm, Chappel",Colchester,CO6,"Essex,East of England,England",United Kingdom,third-country,RM,CP,N,,CP - Cutting Plant,,
2811,Direct Table Foods Limited,Saxham Business Park Little Saxham Bury St Edmunds IP28 6RX,St Edmundsbury,IP28,"Suffolk,East of England,England",United Kingdom,third-country,RM,CP,N,,CP - Cutting Plant,,
BB202,Donald Russell Ltd,"Carnie Road, Kintore, Aberdeenshire AB51 0QH",Kintore,AB51,"Aberdeenshire,Scotland",United Kingdom,third-country,RM,CS,N,,CS - Cold Stores,,
2851,Dong Fang Foods Ltd,Unit 4 Dorma Trading Park Leyton London E10 7QX,Leyton,E10,"London,Greater London,England",United Kingdom,third-country,RM,CP,N,bovine caprine ovine porcine equine,CP - Cutting Plant,06/06/2023,
2468,Doric Game Ltd,Springwell Works Leeds,Leeds,LS7,"Yorkshire and the Humber,England",United Kingdom,third-country,RM,CP,N,,CP - Cutting Plant,,
2926,Dost Meat Ltd,"Hoffmans House, Second Avenue, London, N18 2PG",London,N18,"London,Greater London,England",United Kingdom,third-country,RM,CP,N,bovine caprine porcine ovine equine,CP - Cutting Plant,12/06/2025,
7212,Douglas Willis Ltd T/A Croesllan Catering,5 Grange Industrial Estate Llanfrechfa Way,Cwmbran,NP44,"Torfaen,Wales",United Kingdom,third-country,RM,CP,N,,CP - Cutting Plant,,
5116,Dovecote Park (Skellingthorpe) Ltd,"Ferry Lane, Skellingthorpe",Lincoln,LN6,"Lincolnshire,East Midlands,England",United Kingdom,third-country,RM,CP SH,Y,,CP - Cutting Plant | SH - Slaughterhouse,,
2045,Dovecote Park Ltd,The Abattoir Stapleton WF8 3DD,Pontefract,WF8,"Yorkshire and the Humber,England",United Kingdom,third-country,RM,SH CP,Y,,SH - Slaughterhouse | CP - Cutting Plant,,
6342,Down Lands Traditional Meats Ltd,Morley Farm Wheatsheaf Road Woodmancote,Henfield,BN5,"West Sussex,South East,England",United Kingdom,third-country,RM,CP SH,Y,,CP - Cutting Plant | SH - Slaughterhouse,,
2600,Downland Produce,B5 Ashville Centre Commerce Way Melksham SN12 6ZE,Melksham,SN12,"Wiltshire,South West England,England",United Kingdom,third-country,RM,CP,N,,CP - Cutting Plant,,
2758,Dukeshill Ham Company,Lodge Park Hortonwood 30 Telford TF17ET England,Telford,TF1,"Telford and Wrekin,West Midlands,England",United Kingdom,third-country,RM,CP,N,,CP - Cutting Plant,,
8046,Dunbia Treburley,"Treburley Road Treburley, PL15 9PU",Launceston,PL15,"Cornwall,South West England,England",United Kingdom,third-country,RM,CP,N,,CP - Cutting Plant,,
1598,Dunbia (UK) T/A Dunbia Highland Meats,Blakely Road Saltcoats KA21 5JQ,Saltcoats,KA21,"North Ayrshire,Scotland",United Kingdom,third-country,RM,CS CP SH,Y,,CS - Cold Stores | CP - Cutting Plant | SH - Slaughterhouse,04/04/2022,
7015,Dunbia (Wales) (T/A Dunbia Llanybydder),Teifi Park Slaughterhouse Lampeter Road Llanybydder SA40 9QE,Llanybydder,SA40,"Carmarthenshire,Wales",United Kingdom,third-country,RM,CP SH,Y,,CP - Cutting Plant | SH - Slaughterhouse,,
5106,Dunbia Cardington,Meadow Lane Cardington,Bedford,MK44,"Bedford,East of England,England",United Kingdom,third-country,RM,CP SH,Y,,CP - Cutting Plant | SH - Slaughterhouse,,
2100,Dunbia Carnaby,The Abattoir Lancaster Road Carnaby YO15 3QY,Bridlington,YO15,"East Riding of Yorkshire,Yorkshire and the Humber,England",United Kingdom,third-country,RM,CP SH,Y,,CP - Cutting Plant | SH - Slaughterhouse,,
7195,Dunbia Cross Hands,Heol Ty Newydd Cross Hands Food Park Cross Hands,Llanelli,SA14,"Carmarthenshire,Wales",United Kingdom,third-country,RM,CP,N,,CP - Cutting Plant,,
2388,Dunbia Cumbria,Lindal Moor Slaughterhouse High Henning Farm Lindal in Furness Ulverston England,Ulverston,LA12,"Cumbria,North West England,England",United Kingdom,third-country,RM,SH,Y,,SH - Slaughterhouse,,
8113,Dunbia Jaspers,Botathan Abattoir South Petherwin,Launceston,PL15,"Cornwall,South West England,England",United Kingdom,third-country,RM,SH,Y,,SH - Slaughterhouse,,
8071,Dunbia West Devon,The Abattoir Hatherleigh EX20 3HT,Okehampton,EX20,"Devon,South West England,England",United Kingdom,third-country,RM,SH,Y,,SH - Slaughterhouse,,
1735,Dunlossit Trustees Limited,"Avonvogie, Port Ellen, Isle of Islay PA42 7DE",Port Ellen,PA42,"Argyll and Bute,Scotland",United Kingdom,third-country,RM,SH,Y,,SH - Slaughterhouse,,
2916,Dunwood Farm Butchery,"Dunwood Farm, Dunwood Lane, Longsdon, Stoke on Trent, ST9 9QW",Stoke-on-Trent,ST9,"Stoke-on-Trent,West Midlands,England",United Kingdom,third-country,RM,CP,N,bovine caprine ovine porcine equine,CP - Cutting Plant,29/01/2025,
2554,E & P Catering Butchers Limited,"Barlow House, Barlow Road, Coventry CV2 2LD",Coventry,CV2,"West Midlands Combined Authority,West Midlands,England",United Kingdom,third-country,RM,CP,N,,CP - Cutting Plant,,
4294,E & T Jackson & Sons,Tabley Brook Farm Tabley,Knutsford,WA16,"Cheshire East,North West England,England",United Kingdom,third-country,RM,CP SH,Y,,CP - Cutting Plant | SH - Slaughterhouse,,
4767,E H Booth & Co Ltd,Fresh Food Depot Bluebell Way Ribbleton,Preston,PR2,"Lancashire,North West England,England",United Kingdom,third-country,RM,CP,N,,CP - Cutting Plant,,
2199,E V SLACK & SONS,Sunnyside Farm Carr Lane Wadworth,Doncaster,DN11,"Yorkshire and the Humber,England",United Kingdom,third-country,RM,SH,Y,,SH - Slaughterhouse,,
8101,EAST HILL PRIDE,Higher Rill Farm East Hill EX11 1QQ,Ottery St Mary,EX11,"Devon,South West England,England",United Kingdom,third-country,RM,CP SH,Y,,CP - Cutting Plant | SH - Slaughterhouse,,
2973,EMC Meat Ltd,"7 Stacey Avenue, Edmonton, London, N18 3PP",London,N18,"London,Greater London,England",United Kingdom,third-country,RM,CP,N,bovine caprine ovine porcine equine,CP - Cutting Plant,14/07/2026,
5130,EVANS & SONS,Walnut Tree Farm Marston Moretaine,Bedford,MK43,"Bedford,East of England,England",United Kingdom,third-country,RM,SH,Y,,SH - Slaughterhouse,,
5501,Eastern Meat Supplies Limited,"44, Edison Road St Ives",Huntingdon,PE29,"Cambridgeshire,East of England,England",United Kingdom,third-country,RM,CP,N,,CP - Cutting Plant,,
2960,Edenmoor,"Edenmoor, Unit 1A, Longbridge Meadow Industrial estate, Cullompton, EX151BT",Cullompton,EX15,"Devon,South West England,England",United Kingdom,third-country,RM,CP,N,bovine caprine ovine equine porcine,CP - Cutting Plant,21/04/2026,
4261,Edge & Son,61 New Chester Road New Ferry,Wirral,CH62,"North West England,England",United Kingdom,third-country,RM,CP SH,Y,,CP - Cutting Plant | SH - Slaughterhouse,,
2927,Efes Group Limited,"Unit 3, 22 Bull Lane, London, N18 1RA",London,N18,"London,Greater London,England",United Kingdom,third-country,RM,CP,N,bovine caprine porcine ovine equine,CP - Cutting Plant,17/06/2025,
2546,Elite Poultry Limited,Unit 2A Maggs Lane Clay Hill Bristol BS5 7EW,Bristol,BS5,"City of Bristol,South West England,England",United Kingdom,third-country,RM,CP,N,,CP - Cutting Plant,,
2964,Enkay Raw Meat Ltd,Unit 20A Rosebery Industrial Park Rosebery Avenue London N17 9SR,London,N17,"London,Greater London,England",United Kingdom,third-country,RM,CP,N,bovine caprine porcine ovine equine,CP - Cutting Plant,09/06/2026,
2692,Etchi Ltd,Unit 2 Leaside Business Centre Millmarsh Lane Enfield EN3 7BJ,London Borough of Enfield,EN3,"London,Greater London,England",United Kingdom,third-country,RM,CP,N,,CP - Cutting Plant,,
2950,Ethical Butcher.,"Unit 24, Air Links Industrial Estate, Spitfire Way, Hounslow, TW5 9NR",Hounslow,TW5,"London,Greater London,England",United Kingdom,third-country,RM,CP,N,bovine caprine ovine equine porcine,CP - Cutting Plant,18/02/2026,
7226,Euro Farm Wales,Unit 7-8 Withy Bush Trading Estate Haverfordwest,Pembrokeshire,SA62,Wales,United Kingdom,third-country,RM,CP SH,Y,bovine caprine porcine ovine equine,CP - Cutting Plant | SH - Slaughterhouse,18/03/2026,
1743,Euro Fast Food Distribution Ltd,19 Hawbank Road College Milton East Kilbride G74 5EG,East Kilbride,G74,"South Lanarkshire,Scotland",United Kingdom,third-country,RM,CP,N,,CP - Cutting Plant,,
7223,Euro Foods (UK) Limited,Food & Technology Park Llantarnam Industrial Estate Cwmbran,Torfaen,NP44,"Torfaen,Wales",United Kingdom,third-country,RM,CP,N,,CP - Cutting Plant,,
2727,Ewood Foods,Newhouse Road Huncoat Industrial Estate Huncoat Accrington BB5 6NT England,Accrington,BB5,"Lancashire,North West England,England",United Kingdom,third-country,RM,CP,N,,CP - Cutting Plant,,
8201,F Drury & Sons Limited,The Abattoir Tockenham Corner Tockenham Swindon SN4 7PF,Swindon,SN4,"Swindon,South West England,England",United Kingdom,third-country,RM,CP SH,Y,,CP - Cutting Plant | SH - Slaughterhouse,,
4357,F Redfern,Haslin Slaughterhouse Burlow Road Harper Hill,Buxton,SK17,"Derbyshire,East Midlands,England",United Kingdom,third-country,RM,CP SH,Y,,CP - Cutting Plant | SH - Slaughterhouse,,
4308-0058,F.D. Hughes Limited,"Stalls M58, M59 & M71 Stanley Meat Market Prescot Road",Liverpool,L13,"North West England,England",United Kingdom,third-country,RM,CP,N,bovine caprine ovine porcine equine,CP - Cutting Plant,05/09/2023,
2077,FOYLE MELTON MOWBRAY,Melton Road Six Hills LE14 3PR,Melton,LE14,"Leicestershire,East Midlands,England",United Kingdom,third-country,RM,SH,Y,,SH - Slaughterhouse,,
2475,FREEMAN CATERING BUTCHERS,353a Dukesway Court Team Valley Trading Estate,Gateshead,NE11,"North East England,England",United Kingdom,third-country,RM,CP,N,,CP - Cutting Plant,,
1052,FRESHASIA FOODS LTD,Unit 27 Hailey Road Erith Kent DA18 4AA,London Borough of Bexley,DA17,"London,Greater London,England",United Kingdom,third-country,RM,CP,N,bovine caprine ovine porcine equine,CP - Cutting Plant,17/01/2025,
1019,Fairfax Meadow Europe Limited,Unit 2 & 3 Trafalgar Trading Estate EN3 7TY,London Borough of Enfield,EN3,"London,Greater London,England",United Kingdom,third-country,RM,CP,N,,CP - Cutting Plant,,
4265,Fairfax Meadow Europe Limited,6 Newmarket Drive Osmaston Industrial Estate DE24 8SW,Derby,DE24,"East Midlands,England",United Kingdom,third-country,RM,CP,N,,CP - Cutting Plant,,
4787,Farmers Boy Ltd,Wharton Road,Winsford,CW7,"Cheshire West and Chester,North West England,England",United Kingdom,third-country,RM,CP,N,,CP - Cutting Plant,,
4133,Farmers Fresh Ltd,The Abattoir Banner Hill Rouncil Lane,Kenilworth,CV8,"Warwickshire,West Midlands,England",United Kingdom,third-country,RM,CP SH,Y,,CP - Cutting Plant | SH - Slaughterhouse,,
7062,Farmers Pantry Ltd,Rosedew Farm Llantwit Major,Vale of Glamorgan,CF61,"Vale of Glamorgan,Wales",United Kingdom,third-country,RM,CP,N,,CP - Cutting Plant,,
2686,Farmison and Co,Bondgate Green Ripon HG4 1QW,Ripon,HG4,"North Yorkshire,Yorkshire and the Humber,England",United Kingdom,third-country,RM,CP,N,,CP - Cutting Plant,,
2705,Farnsworth Fresh Foods (Whalley) Limited,Cumberland House The Sidings Station Road Whalley BB7 9SE England,Whalley,BB7,"Lancashire,North West England,England",United Kingdom,third-country,RM,CP,N,,CP - Cutting Plant,,
2976,Fast Track Food Ltd,"Hollies Farm, Wolverhampton Road, Shareshill, WV10 7LU",Shareshill,WV10,"Staffordshire,West Midlands,England",United Kingdom,third-country,RM,CP,N,bovine caprine ovine porcine equine,CP - Cutting Plant,05/08/2026,
2764,Feedex Ltd,Unit 3 Top Deck Smethurst Lane Fanworth Bolton BL4 0AN,Bolton,BL4,"Greater Manchester,North West England,England",United Kingdom,third-country,RM,CP,N,,CP - Cutting Plant,,
6337,Field Farm Fresh Limited,Field Farm Netherton Road Appleton Abingdon OX13 5QW,Abingdon,OX13,"Oxfordshire,South East,England",United Kingdom,third-country,RM,CP,N,bovine caprine ovine porcine equine,CP - Cutting Plant,14/01/2025,
2859,Finclass Limited,201-203 Hercules Road London SE1 7LD,London,SE1,"London,Greater London,England",United Kingdom,third-country,RM,CP,N,bovine caprine porcine ovine equine,CP - Cutting Plant,17/08/2023,
2900,Fir Farm,Mill Lane Lower Swell Cheltenham GL541LH,Gloucestershire,GL54,"Gloucestershire,South West England,England",United Kingdom,third-country,RM,SH,Y,,SH - Slaughterhouse,17/02/2022,
6116,Forge Farm Meats Ltd,Forge Farm Powder Mill Lane,Southborough,TN4,"Kent,South East,England",United Kingdom,third-country,RM,CP SH,Y,,CP - Cutting Plant | SH - Slaughterhouse,,
5280,Fowler Bros (Latchingdon) Ltd,"Brook Farm Abattoir, Marsh Road",Burnham on Crouch,CM0,"Essex,East of England,England",United Kingdom,third-country,RM,CP SH,Y,,CP - Cutting Plant | SH - Slaughterhouse,,
2172,Foyle Gloucester,Forest Vale Industrial Estate Forest Vale Road GL14 2PH,Cinderford,GL14,"Gloucestershire,South West England,England",United Kingdom,third-country,RM,CP SH,Y,,CP - Cutting Plant | SH - Slaughterhouse,,
5530,Frank Godfrey Ltd,Unit 12 Morris Place Finsbury Park,London,N4,"London,Greater London,England",United Kingdom,third-country,RM,CP,N,,CP - Cutting Plant,,
1224,Frankel Ltd T/A Edgefield Craft Butchers,Edgefield Road Industrial Estate Loanhead Midlothian EH20 9TB,Midlothian,EH20,"Midlothian,Scotland",United Kingdom,third-country,RM,CP,N,,CP - Cutting Plant,,
2446,Fresh Fields Foods Ltd,25 Wharf Street Sowerby Bridge Halifax,Halifax,HX6,"Yorkshire and the Humber,England",United Kingdom,third-country,RM,CP,N,,CP - Cutting Plant,,
1214,Fresh Select Limited,"Unit 3, Keppochhill Place, GLASGOW G21 1HS",Glasgow City,G21,Scotland,United Kingdom,third-country,RM,CP,N,,CP - Cutting Plant,,
4842,Furness Fish & Game Ltd,Moor Lane Flookburgh,Grange-over-Sands,LA11,"Cumbria,North West England,England",United Kingdom,third-country,RM,CP,N,,CP - Cutting Plant,,
2168,G & A DENNEY,Johnscales Farm Lyth LA8 8DG,Cumbria,LA8,"Cumbria,North West England,England",United Kingdom,third-country,RM,CP SH,Y,,CP - Cutting Plant | SH - Slaughterhouse,,
5102/0036,G & E Meats Limited,Unit 36 West Market Building London Central Markets London,London,EC1,"London,Greater London,England",United Kingdom,third-country,RM,CP,N,,CP - Cutting Plant,,
4140,G & G B HEWITT LTD,The Abattoir Chruch Lane Huxley,Chester,CH3,"Cheshire West and Chester,North West England,England",United Kingdom,third-country,RM,SH,Y,,SH - Slaughterhouse,,
2406,G Bolam (Foods) & Sons Ltd,Salters Lane Industrial Estate Sedgefield Stockton-on-Tees England,Stockton-on-Tees,TS21,"Stockton-on-Tees,North East England,England",United Kingdom,third-country,RM,SH,Y,,SH - Slaughterhouse,,
5102/0023,G. Lawrence Wholesale Meat Co. Limited,Unit 23 East Market Building London Central Markets London,London,EC1,"London,Greater London,England",United Kingdom,third-country,RM,CP,N,,CP - Cutting Plant,,
6406,GODDEN BUTCHERS,"Unit 1 Crown Business Estate 178, Berkhamsted Road",Chesham,HP5,"Buckinghamshire,South East,England",United Kingdom,third-country,RM,CP,N,,CP - Cutting Plant,,
8301,Gages Farm Ltd,Gages Farm Buckfastleigh Road Ashburton TQ13 7JW England,Ashburton,TQ13,"Devon,South West England,England",United Kingdom,third-country,RM,CP SH,Y,,CP - Cutting Plant | SH - Slaughterhouse,,
1737,Galloway Foodservice,"Unit 2, Lochside Industrial Estate, Irongray Road, Dumfries DG2 0JE",Dumfries,DG2,"Dumfries and Galloway,Scotland",United Kingdom,third-country,RM,CP,N,,CP - Cutting Plant,,
2855,Gece Meat Ltd,Unit 9 Centenary Estate Centenary Road Enfield EN3 7UD,London Borough of Enfield,EN3,"London,Greater London,England",United Kingdom,third-country,RM,CP,N,bovine caprine ovine porcine equine,CP - Cutting Plant,04/07/2023,
5102/0218,George Abrahams Limited,Unit 217 & 218 Poultry Market Building London Central Markets London,London EC1V,EC1,"London,Greater London,England",United Kingdom,third-country,RM,CS,N,,CS - Cold Stores,,
6206,Gilberts Kosher Foods Ltd,Kestrel House Mount Avenue Bletchley,Milton Keynes,MK1,"Milton Keynes,South East,England",United Kingdom,third-country,RM,CP,N,,CP - Cutting Plant,,
1025,Gilders Transport Ltd (T/A Martins Meats),Unit 5 Orchard Industrial Estate Toddington Cheltenham GL54 5EB,Gloucestershire,GL54,"Gloucestershire,South West England,England",United Kingdom,third-country,RM,CP,N,,CP - Cutting Plant,,
2722,Glenfields Foods Limited,Unit 10 77 Tenter Road Moulton Park Industrial Estate Northampton NN36AX England,Northampton,NN3,"Northamptonshire,East Midlands,England",United Kingdom,third-country,RM,CP,N,,CP - Cutting Plant,,
2863,Glenn Lewin Butchers Limited,50 The Half Croft Syston Leicester LE7 1LD,Syston,LE7,"Leicestershire,East Midlands,England",United Kingdom,third-country,RM,CP,N,bovine caprine ovine porcine equine,CP - Cutting Plant,22/08/2023,
2881,Go Chef Catering Limited,Arces Lodge Maldon Road Chelsford CM3 2JP,Chelmsford,CM3,"Essex,East of England,England",United Kingdom,third-country,RM,CP,N,bovine caprine ovine porcine equine,CP - Cutting Plant,12/06/2024,
2885,Golden Meat & Poultry Ltd,69 Thirk Place Derby DE24 8JJ,Derby,DE24,"East Midlands,England",United Kingdom,third-country,RM,CP,N,bovine caprine ovine porcine equine,CP - Cutting Plant,12/06/2024,
2646,Goodwood Estate Company Limited (The),Home Farm Goodwood Chichester PO18 0QF,Chichester,PO18,"West Sussex,South East,England",United Kingdom,third-country,RM,CP,N,,CP - Cutting Plant,,
1193,Gordon Mcwilliam (Aberdeen) Ltd,37 St Clement Street Aberdeen,Aberdeen,AB11,Scotland,United Kingdom,third-country,RM,CP,N,,CP - Cutting Plant,,
2895,Graham Meat Ltd,Unit 14 - 15 Enterprise Row Rangemoor Road Tottenham London N15 4NA,London,N15,"London,Greater London,England",United Kingdom,third-country,RM,CP,N,bovine caprine ovine porcine equine,CP - Cutting Plant,10/09/2024,
1727,Grants Of Speyside,Unit 6 Strathspey Ind Est Grantown-on-Spey Morayshire PH26 3NB,Moray,PH26,"Moray,Scotland",United Kingdom,third-country,RM,CP,N,,CP - Cutting Plant,,
2586,Great Central Meats Limited,11 Festival Drive Loughborough LE11 5XJ,Loughborough,LE11,"Leicestershire,East Midlands,England",United Kingdom,third-country,RM,CP,N,,CP - Cutting Plant,,
2118,Grove Foods Ltd,Unit 14 142 Johnson Street UB2 5FD,Southall,UB2,"London,Greater London,England",United Kingdom,third-country,RM,CP,N,,CP - Cutting Plant,,
7115,Gwyn Jones & Robert Jones (T/A Stanley Jones),Onnen Fawr Farm Hall Lane Penycae,Wrexham,LL14,"Wrexham,Wales",United Kingdom,third-country,RM,CP,N,,CP - Cutting Plant,,
2443,H D V Foods Limited,Hall 2 Aptec Enterprise Park Darlington Road West Auckland DL14 9HT,West Auckland,DL14,"County Durham,North East England,England",United Kingdom,third-country,RM,CP,N,,CP - Cutting Plant,,
5203,H DAWSON & SONS,Sibsey Lane,Boston,PE21,"Lincolnshire,East Midlands,England",United Kingdom,third-country,RM,SH,Y,,SH - Slaughterhouse,,
8249,H F Stiles & Son Ltd,Sloperton Farm Westbrook Bronham Chippenham SN15 2ED England,Chippenham,SN15,"Wiltshire,South West England,England",United Kingdom,third-country,RM,CP SH,Y,,CP - Cutting Plant | SH - Slaughterhouse,,
4202,H G BEARD BUTCHERS,8 Bramhall Lane South Bramhall,Stockport,SK7,"Greater Manchester,North West England,England",United Kingdom,third-country,RM,SH,Y,,SH - Slaughterhouse,,
5207,H G Blake (Costessey) Ltd,Bull Farm Abattoir Reepham Road Felthorpe Norwich NR10 4DU,Felthorpe,NR10,"Norfolk,East of England,England",United Kingdom,third-country,RM,SH CS,Y,,SH - Slaughterhouse | CS - Cold Stores,14/02/2023,
2947,H G Walter Limited,Unit 2 Origin Business Park Rainsford Road Park Royal London NW10 7FW,London,NW10,"London,Greater London,England",United Kingdom,third-country,RM,CP,N,bovine caprine ovine porcine equine,CP - Cutting Plant,20/01/2026,
5154,H J HELLETT & SONS,7-9 London Road Kimbolton Huntingdon PE28 0HL,Huntingdonshire,PE28,"Cambridgeshire,East of England,England",United Kingdom,third-country,RM,SH,Y,,SH - Slaughterhouse,,
5527,H L Hunsull Butchers,11 Court Parade East Lane,London,HA0,"London,Greater London,England",United Kingdom,third-country,RM,CP,N,,CP - Cutting Plant,,
2762,H M Venison Ltd,Round Green Farm Worsbrough Barnsley S75 3DR England,Barnsley,S75,"Yorkshire and the Humber,England",United Kingdom,third-country,RM,SH,Y,,SH - Slaughterhouse,,
2806,H P Westwood Limited,203 Station Road Cheslyn Hay Walsall WS6 7EH,Staffordshire,WS6,"Staffordshire,West Midlands,England",United Kingdom,third-country,RM,CP,N,,CP - Cutting Plant,,
5102/0205,H Smith (Smithfield) Ltd,"H Smith (Smithfield) Ltd Unit 205 Poultry Market Building,London Central Markets",London,EC1,"London,Greater London,England",United Kingdom,third-country,RM,CS,N,,CS - Cold Stores,,
2639,H&M Best Meat Ltd,Unit 14 Hastingwood Trading Estate Harbet Road Edmonton N18 3HU,London Borough of Enfield,N18,"London,Greater London,England",United Kingdom,third-country,RM,CP,N,,CP - Cutting Plant,,
2884,H&M Meats Limited,120 Norwood High Street London SE27 9NH,London,SE27,"London,Greater London,England",United Kingdom,third-country,RM,CP,N,bovine caprine ovine porcine equine,CP - Cutting Plant,23/07/2024,
4256,H.P. Westwood Limited,15 Eastgate Street Chase Terrace,Burntwood,WS7,"Staffordshire,West Midlands,England",United Kingdom,third-country,RM,CP SH,Y,,CP - Cutting Plant | SH - Slaughterhouse,,
2941,HAS Butchers Ltd,"Unit 5 Enterprise Row, Rangemoor Road, London, N15 4LU.",London,N15,"London,Greater London,England",United Kingdom,third-country,RM,CP,N,bovine caprine ovine porcine equine,CP - Cutting Plant,28/10/2025,
6395,HIGHLAND CROWN LTD,5 Omni Business Centre Wilsom Road,Alton,GU34,"Hampshire,South East,England",United Kingdom,third-country,RM,CP,N,,CP - Cutting Plant,,
2466,HOLDSWORTH,Rawroyds Road Holywell Green Halifax,Halifax,HX4,"Yorkshire and the Humber,England",United Kingdom,third-country,RM,CP,N,,CP - Cutting Plant,,
2256,HV GRAVES,24 Gladstone Place,Briston,NR24,"Norfolk,East of England,England",United Kingdom,third-country,RM,CP,N,,CP - Cutting Plant,,
2513,Hackney Meat Traders Ltd,Railway Arches 447 Amhurst Road London E8 2AJ England,London,E8,"London,Greater London,England",United Kingdom,third-country,RM,CP,N,,CP - Cutting Plant,,
2302,Hadfield Catering Butchers Ltd,Unit 11 Enterprise Park Worthing Road,Sheffield,S9,"Yorkshire and the Humber,England",United Kingdom,third-country,RM,CP,N,,CP - Cutting Plant,,
2957,Haji Baba Limited,"Hooks Drove, Murrow, Wisbech, PE13 4HH",Wisbech,PE13,"Cambridgeshire,East of England,England",United Kingdom,third-country,RM,CP,N,bovine caprine ovine equine porcine,CP - Cutting Plant,23/06/2026,
2886,Halal Editions,46 Chesterfield Road Leicester LE5 5LF,Leicester,LE5,"East Midlands,England",United Kingdom,third-country,RM,CP,N,bovine caprine ovine equine porcine,CP - Cutting Plant,25/06/2024,
2821,Halal Meat Store,Unit 1 Universal Business Park Milethorn Lane Doncaster DN1 2FA,Doncaster,DN1,"Yorkshire and the Humber,England",United Kingdom,third-country,RM,CP,N,,CP - Cutting Plant,04/01/2022,
4637,Halal Poultry and Meat Products Ltd,187 Wattville Road Smethwick,Warley Salop,B66,"West Midlands Combined Authority,West Midlands,England",United Kingdom,third-country,RM,CP,N,bovine caprine porcine ovine equine,CP - Cutting Plant,01/07/2025,
4847,Halal Services Company Ltd,The Abattoir Wyresdale Road,Lancaster,LA1,"Lancashire,North West England,England",United Kingdom,third-country,RM,SH CP,Y,,SH - Slaughterhouse | CP - Cutting Plant,04/02/2022,
4804,Halal World,Units 6 & 7 Century Park Garrison Lane Birmingham B9 4NZ,Birmingham,B9,"West Midlands Combined Authority,West Midlands,England",United Kingdom,third-country,RM,CP,N,,CP - Cutting Plant,,
1529,Halls Of Scotland Limited,Glenburn Road Prestwick KA9 2NS,Prestwick,KA9,"South Ayrshire,Scotland",United Kingdom,third-country,RM,CP,N,,CP - Cutting Plant,,
2263,Handcross Butchers Ltd,Windy Hills High Street Handcross RH17 6BN,Haywards Heath,,"West Sussex,South East,England",United Kingdom,third-country,RM,CP,N,,CP - Cutting Plant,,
2095,Hartshead Meats Ltd,Millstone Farm Broadcarr Lane Mossley OL5 0JL,Greater Manchester,OL5,"Greater Manchester,North West England,England",United Kingdom,third-country,RM,CP SH,Y,,CP - Cutting Plant | SH - Slaughterhouse,,
2906,Haye Farm Organics Ltd,Haye Farm Musbury Axminster EX13 8ST,Musbury,EX13,"Devon,South West England,England",United Kingdom,third-country,RM,CP,N,bovine caprine ovine porcine equine,CP - Cutting Plant,12/11/2024,
2830,Heart of the country meats,New Road Netherton Dudley DY2 8SY,Dudley,DY2,"West Midlands Combined Authority,West Midlands,England",United Kingdom,third-country,RM,CP,N,,CP - Cutting Plant,03/05/2022,
2912,Hertfordshire Meat Ltd,Unit 1 New England Industrial Estate Pindar Road Hoddesdon EN11 0BZ,Hoddesdon,EN11,"Hertfordshire,East of England,England",United Kingdom,third-country,RM,CP,N,bovine caprine ovine porcine equine,CP - Cutting Plant,17/12/2024,
2838,Hetton Management Services,The Estate Office Hetton Steads Lowick TD15 2UL,Scottish Borders,TD15,"Scottish Borders,Scotland",United Kingdom,third-country,RM,CP,N,bovine caprine ovine porcine equine,CP - Cutting Plant,26/09/2023,
4379,Higginshaw Abattoir Ltd,The Abattoir Higginshaw Lane Royton Oldham OL2 6HQ,Royton,OL2,"Greater Manchester,North West England,England",United Kingdom,third-country,RM,CP SH,Y,,CP - Cutting Plant | SH - Slaughterhouse,,
1178,Highland Game Limited,Baird Avenue Dryburgh Ind Est Dundee,Dundee City,DD2,"Dundee City,Scotland",United Kingdom,third-country,RM,CS CP,N,,CS - Cold Stores | CP - Cutting Plant,,
2860,Highlands Quality Limited,Unit 8 Dominion Business Park Goodwin Road N9 0BG,London,N9,"London,Greater London,England",United Kingdom,third-country,RM,CP,N,bovine caprine porcine ovine equine,CP - Cutting Plant,18/08/2023,
5416,Hilton Foods UK Limited,"2-8 The Interchange, Latham Road",Huntingdon,PE29,"Cambridgeshire,East of England,England",United Kingdom,third-country,RM,CP,N,,CP - Cutting Plant,,
4877,Hogans Butchers Ltd,Units 13 B & C Wilson Road Huyton L36 6AD,Liverpool,L36,"North West England,England",United Kingdom,third-country,RM,CP,N,,CP - Cutting Plant,,
2427,Holden Meats Ltd,C/o Sheffield Cold Store Roman Ridge Road Sheffield England,Sheffield,S9,"Yorkshire and the Humber,England",United Kingdom,third-country,RM,CP,N,,CP - Cutting Plant,,
2058,Honeywell Meats Ltd,Eaves Lane Woodplumpton PR4 0BH,Preston,PR4,"Lancashire,North West England,England",United Kingdom,third-country,RM,CP,N,,CP - Cutting Plant,,
2955,Hong's Food,"Unit 2, 14 Colville Road, Acton, London, W3 8BL",London,W3,"London,Greater London,England",United Kingdom,third-country,RM,CP,N,bovine caprine ovine equine porcine,CP - Cutting Plant,18/03/2026,
1202,Hugh Black & Sons Ltd,"185 Caledonian Road, Wishaw,",Wishaw,ML2,"North Lanarkshire,Scotland",United Kingdom,third-country,RM,CP,N,,CP - Cutting Plant,,
7048,Hugh Phillips Gower Butcher,Wern Fabian Farm Llanmorlais,Swansea,SA4,Wales,United Kingdom,third-country,RM,CP SH,Y,,CP - Cutting Plant | SH - Slaughterhouse,,
2564,Huntsham Court Farm,Huntsham Court Farm Goodrich Ross-on-Wye HR9 6JN England,Ross-on-Wye,HR9,"Herefordshire,West Midlands,England",United Kingdom,third-country,RM,CP,N,,CP - Cutting Plant,,
7084,Huw Evans and Rhys Evans (T/A Cig Oen Caron),The Abattoir,Tregaron,SY25,"Ceredigion,Wales",United Kingdom,third-country,RM,CP SH,Y,,CP - Cutting Plant | SH - Slaughterhouse,,
7044,I & B Jones Ltd,The Quarry Pentrebach Road Pontypridd CF37 4BW,Pontypridd,,"Rhondda Cynon Taf,Wales",United Kingdom,third-country,RM,CP,N,,CP - Cutting Plant,,
6400,IMS of Smithfield Ltd,27-28 Cedar Way Industrial Estate Camley Street,London Borough of Camden,N1,"London,Greater London,England",United Kingdom,third-country,RM,CP,N,,CP - Cutting Plant,,
2831,IRC Cucina Limited,Unit A Pisces Mosely Road Manchester M17 1PF,Greater Manchester,M17,"Greater Manchester,North West England,England",United Kingdom,third-country,RM,CP,N,,CP - Cutting Plant,24/05/2022,
7224,Iman Casing & Foods UK Limited,Former Abattoir Nantmel Llandrindod Wells,Powys,LD1,"Powys,Wales",United Kingdom,third-country,RM,CP,N,,CP - Cutting Plant,,
2495,Imperial Fast Food Distribution Ltd,Unit 13 Hainult Road Leytonstone London E11 1HD,London,E11,"London,Greater London,England",United Kingdom,third-country,RM,CP,N,,CP - Cutting Plant,,
2144,Island Foods Limited,Units 6 & 8 Cothey Way PO33 1QT,Ryde,PO33,"Isle of Wight,South East,England",United Kingdom,third-country,RM,CP,N,,CP - Cutting Plant,,
8381,Ivan Clarke Catering Butchers Ltd,Unit 4c Mullacott Industrial Estate Ilfracombe EX34 8PL England,Ilfracombe,EX34,"Devon,South West England,England",United Kingdom,third-country,RM,CP,N,,CP - Cutting Plant,,
2401,J & D Papworth Ltd,Woodhouse Farm Holt Road Bale Fakenham England,Fakenham,NR21,"Norfolk,East of England,England",United Kingdom,third-country,RM,CP,N,,CP - Cutting Plant,,
2343,J & E Medcalf Ltd,The Abattoir Holywell Green Burrwood Way,Halifax,HX4,"Yorkshire and the Humber,England",United Kingdom,third-country,RM,CP SH,Y,,CP - Cutting Plant | SH - Slaughterhouse,,
4865,J & L Wood and Son Ltd,"Units 10/11, Failsworth Industrial Estate Morton Street Failsworth",Manchester,M35,"Greater Manchester,North West England,England",United Kingdom,third-country,RM,CP,N,,CP - Cutting Plant,,
2161,J A Jewitt (Meat) Ltd,Low House Middlestone Moor DL16 7QD,Spennymoor,DL16,"County Durham,North East England,England",United Kingdom,third-country,RM,CP SH,Y,,CP - Cutting Plant | SH - Slaughterhouse,,
2147,J A Mounfield & Son Ltd,White House Bubwith YO8 6LS,Selby,YO8,"North Yorkshire,Yorkshire and the Humber,England",United Kingdom,third-country,RM,SH,Y,,SH - Slaughterhouse,,
8357,J AND J FARMERS ABATTOIR,Haydon Farm North Tamerton Holsworthy EX22 6RL England,Holsworthy,EX22,"Devon,South West England,England",United Kingdom,third-country,RM,CP SH,Y,,CP - Cutting Plant | SH - Slaughterhouse,,
8145,J Broomhall Ltd,Alkerton Place Eastington Stonehouse Gloucester GL10 3AA,Gloucestershire,GL10,"Gloucestershire,South West England,England",United Kingdom,third-country,RM,CP SH,Y,,CP - Cutting Plant | SH - Slaughterhouse,,
1661,J F Finlay And Company Ltd,Wishaw Abattoir 185 Caledonian Road Wishaw ML2 0HU,Wishaw,ML2,"North Lanarkshire,Scotland",United Kingdom,third-country,RM,CP,N,,CP - Cutting Plant,,
1750,J Gilmour & Co Limited,The Industrial Building Penston Road Macmerry East Lothian EH33 2AJ,East Lothian,EH33,"East Lothian,Scotland",United Kingdom,third-country,RM,CP,N,,CP - Cutting Plant,,
2425,J Mallinson Ltd,Heys Lane Mixenden Halifax,Halifax,HX2,"Yorkshire and the Humber,England",United Kingdom,third-country,RM,CP,N,,CP - Cutting Plant,,
6326,J R Farm Meats Ltd,Ratling Court Farm Ratling Road Aylesham,Canterbury,CT3,"Kent,South East,England",United Kingdom,third-country,RM,CP SH,Y,,CP - Cutting Plant | SH - Slaughterhouse,,
2368,J S Quality Meats Limited,Cotton Mill Farm By Pass Road Uttoxeter ST14 5AA England,Uttoxeter,ST14,"Staffordshire,West Midlands,England",United Kingdom,third-country,RM,CP SH,Y,,CP - Cutting Plant | SH - Slaughterhouse,,
8308,J V Richards (Rietfontein) Ltd,Frogpool Perranwell Station Truro TR3 7PJ England,Truro,TR3,"Cornwall,South West England,England",United Kingdom,third-country,RM,CP SH,Y,,CP - Cutting Plant | SH - Slaughterhouse,,
4322,J W Mettrick & Son Ltd,84 Victoria Street,Glossop,SK13,"Derbyshire,East Midlands,England",United Kingdom,third-country,RM,CP SH,Y,,CP - Cutting Plant | SH - Slaughterhouse,,
5217,J W SARGEANT,The Causeway Stowbridge Kings Lynn Norfolk PE34 3PP,Stowbridge,PE34,"Norfolk,East of England,England",United Kingdom,third-country,RM,SH,Y,,SH - Slaughterhouse,13/05/2026,
2031,JB Foods (Yorkshire) Limited,Iron Works Business Park Unit 16 Bowling Back Lane BD4 8SX,Bradford,BD4,"Yorkshire and the Humber,England",United Kingdom,third-country,RM,CP,N,,CP - Cutting Plant,,
2500,JLP Meats,3 The Harp Business Centre Staples Corner London NW2 7LW England,London,NW2,"London,Greater London,England",United Kingdom,third-country,RM,CP,N,,CP - Cutting Plant,,
2285,JOHN PENNY AND SONS,Low Green Farm 40 Leeds Road Rawdon,Leeds,LS19,"Yorkshire and the Humber,England",United Kingdom,third-country,RM,CP SH,Y,,CP - Cutting Plant | SH - Slaughterhouse,,
1225,Jackton Estates Limited,O Cathain Farm Hayhill Road Jackton G74 5AN,Thorntonhall,G74,"South Lanarkshire,Scotland",United Kingdom,third-country,RM,CP,N,,CP - Cutting Plant,,
1139,Jameel Poultry Limited,"83 Stromnerss Street, GLASGOW G5 8HS",Glasgow City,G5,"Glasgow City,Scotland",United Kingdom,third-country,RM,CP,N,,CP - Cutting Plant,,
5102/0024,James Burden Ltd,Unit 24 West Market Building London Central Markets London,London,EC1,"London,Greater London,England",United Kingdom,third-country,RM,CP,N,,CP - Cutting Plant,,
1107,James Chapman (Butchers) Ltd,35 Glasgow Road Wishaw Lanarkshire ML2 7PG,North Lanarkshire,ML2,"North Lanarkshire,Scotland",United Kingdom,third-country,RM,CP,N,,CP - Cutting Plant,,
1516,James Chapman (Butchers) Ltd T/A Shotts Abattoir,"Shotts Abattoir Foundry Road, Shotts Motherwell",North Lanarkshire,ML7,"North Lanarkshire,Scotland",United Kingdom,third-country,RM,CP,N,,CP - Cutting Plant,,
4759,James Connolly Wholesale Limited,"Church Farm , Overstone Park Northampton NN6 0AE",Northampton,NN6,"Northamptonshire,East Midlands,England",United Kingdom,third-country,RM,CP,N,,CP - Cutting Plant,,
2028,James Hall & Co Ltd T/A Spar Distribution Centre,Spar Distribution Centre Bowland View PR2 5QT,Preston,PR2,"Lancashire,North West England,England",United Kingdom,third-country,RM,CP,N,,CP - Cutting Plant,,
2198,James White Butchers Ltd,65 Main Street Hutton Cranswick,Driffield,YO25,"East Riding of Yorkshire,Yorkshire and the Humber,England",United Kingdom,third-country,RM,SH,Y,,SH - Slaughterhouse,,
4856,Jamie Ward,Berghill Farm Whittington Oswestry,Whittington,SY11,"Shropshire,West Midlands,England",United Kingdom,third-country,RM,CP,N,,CP - Cutting Plant,,
7147,John B Evans & Robert W Evans (T/A GR Evans & Co),The Abattoir Ty Gwyn,Corwen,LL17,"Denbighshire,Wales",United Kingdom,third-country,RM,CP SH,Y,,CP - Cutting Plant | SH - Slaughterhouse,,
2525,John Coysten Meats,6 Hemmells Basildon SS15 6ED England,Basildon,SS15,"Essex,East of England,England",United Kingdom,third-country,RM,CP,N,,CP - Cutting Plant,,
2558,John Crawshaw Butchers,518-522 Manchester Road Stocksbridge Sheffield S36 2DW,Sheffield,S36,"Yorkshire and the Humber,England",United Kingdom,third-country,RM,CP,N,,CP - Cutting Plant,,
2303,John Hawkes T/A J E Hawkes,Unit 4 Pooley Pack Industrial Estate Deal Street,Keighley,BD21,"Yorkshire and the Humber,England",United Kingdom,third-country,RM,CP,N,,CP - Cutting Plant,,
1740,John Henderson (Meat Specialists) Ltd,"Unit 8, Fife Food Park, Faraday Road, Glenrothes, Fife KY6 2RU",Glenrothes,KY6,"Fife,Scotland",United Kingdom,third-country,RM,CP CS,N,,CP - Cutting Plant | CS - Cold Stores,,
1125,John M Munro Ltd,West End Strathpeffer Rd Dingwall IV15 9QF,Dingwall,IV15,"Highland,Scotland",United Kingdom,third-country,RM,SH CP,Y,,SH - Slaughterhouse | CP - Cutting Plant,19/05/2022,
1686,John Morrison T/A Lochmaddy Slaughterhouse,The Old Bank House Lochmaddy Isle Of North Uist Outer Hebrides,Lochmaddy,HS6,"Western Isles,Scotland",United Kingdom,third-country,RM,CP SH,Y,,CP - Cutting Plant | SH - Slaughterhouse,,
GBR1536,John Scott Meat (Paisley) Limited,Sandyford Road Paisley PA3 4HP,Paisley,PA3,"Renfrewshire,Scotland",United Kingdom,third-country,RM,CS CP,N,,CS - Cold Stores | CP - Cutting Plant,,
GBR1533,John Scott Meat (Paisley) Limited T/A W M Bosomworth,Sandyford Road Paisley,Paisley,PA3,"Renfrewshire,Scotland",United Kingdom,third-country,RM,CS CP,N,,CS - Cold Stores | CP - Cutting Plant,,
5284,John Scott Meats Paisley Ltd,"The Cutting Plant Hemels, Laindon High Road, BASILDON",Basildon,SS15,"Essex,East of England,England",United Kingdom,third-country,RM,CP,N,,CP - Cutting Plant,,
8355,John Sheppard Butchers Ltd,Units 5 & 6 Ashley Trading Estate Ashley Parade Bristol BS2 9XS England,Bristol,BS2,"City of Bristol,South West England,England",United Kingdom,third-country,RM,CP,N,,CP - Cutting Plant,,
2616,Jolly Foods (Oxon) Limited,11 Ventura Park Broadshires Way Carterton OX18 1AD,Carterton,OX18,"Oxfordshire,South East,England",United Kingdom,third-country,RM,CP,N,,CP - Cutting Plant,,
2959,Jones The Butchers Ltd,"1 Dulwich Road, London, SE24 0NT",London,SE24,"London,Greater London,England",United Kingdom,third-country,RM,CP,N,bovine caprine ovine equine porcine,CP - Cutting Plant,07/04/2026,
4327,Joseph Morris Butchers Ltd,Walcote Road South Kilworth LE17 6EG,Lutterworth,LE17,"Leicestershire,East Midlands,England",United Kingdom,third-country,RM,SH,Y,,SH - Slaughterhouse,,
2952,K and D Meats,"Unit 8, Basildon Business Centre, Bentalls, Basildon, SS14 3FT",Basildon,SS14,"Essex,East of England,England",United Kingdom,third-country,RM,CP,N,bovine caprine ovine porcine equine,CP - Cutting Plant,18/02/2026,
2675,K.T.M. Meats Limited,Norfolk Road Gravesend DA12 2PS,Gravesend,DA12,"Kent,South East,England",United Kingdom,third-country,RM,CP,N,,CP - Cutting Plant,,
2496,KHT (UK) Ltd,Unit 9 Four Seasons Crescent Sutton SM3 9QR England,London Borough of Sutton,SM3,"London,Greater London,England",United Kingdom,third-country,RM,CP,N,,CP - Cutting Plant,,
8343,KITTOWS BUTCHERS,The Abattoir Kilhallon Farm Par PL24 2RL England,Par,PL24,"Cornwall,South West England,England",United Kingdom,third-country,RM,CP,N,,CP - Cutting Plant,,
2721,KMC Food Group,Unit 8A Bilston Key Industrial Estate Bilston West Midlands WV147DW England,Wolverhampton,WV14,"West Midlands Combined Authority,West Midlands,England",United Kingdom,third-country,RM,CS,N,,CS - Cold Stores,,
2910,Kalan Meat and Chicken Limited,Unit 10 Centenary Estate Centenary Road Enfield EN3 7UD,London Borough of Enfield,EN3,"London,Greater London,England",United Kingdom,third-country,RM,CP,N,bovine caprine ovine porcine equine,CP - Cutting Plant,04/07/2023,
4650,Karl Matthews & Julie Matthews t/a Matthews Quality Meats,Units 6-9 Lingard Industrial Estate Off Wood Street,Rochdale,OL16,"Greater Manchester,North West England,England",United Kingdom,third-country,RM,CP,N,,CP - Cutting Plant,,
2060,Karro Food Ltd T/A Malton Bacon Factory,Hugden Way Norton Grove Industrial Estate YO17 9HG,Malton,YO17,"North Yorkshire,Yorkshire and the Humber,England",United Kingdom,third-country,RM,CP SH,Y,,CP - Cutting Plant | SH - Slaughterhouse,,
6374,Kartal Meats Ltd,Unit 4 33 Shaftesbury Road Edmonton N18 1SW,London Borough of Enfield,N18,"London,Greater London,England",United Kingdom,third-country,RM,CP,N,,CP - Cutting Plant,,
2978,Kashmir Halal Butchers,22 Blakeland Street Birmingham West Midlands B95XG,Birmingham,B9,"West Midlands Combined Authority,West Midlands,England",United Kingdom,third-country,RM,CP,N,bovine caprine ovine porcine equine,CP - Cutting Plant,25/08/2026,
1072,Kazon Limited,Unit 1 61 Sutherland Road Walthamstow E17 6BH,London,E17,"London,Greater London,England",United Kingdom,third-country,RM,CP,N,,CP - Cutting Plant,,
5388,Kelly Turkey Farms Limited,"Little Claydons Farm, Old Southend Road Howe Green",Chelmsford,CM2,"Essex,East of England,England",United Kingdom,third-country,RM,SH,Y,,SH - Slaughterhouse,,
8073,Kepak Group Limited,Unit 9 Cooksland Industrial Estate PL31 2QB,Bodmin,PL31,"Cornwall,South West England,England",United Kingdom,third-country,RM,CP SH,Y,,CP - Cutting Plant | SH - Slaughterhouse,,
1106,Kepak Group Ltd - McIntosh Donald,Cookston Road Portlethen Aberdeenshire AB12 4QB,Portlethen,AB12,"Aberdeenshire,Scotland",United Kingdom,third-country,RM,SH CP,Y,,SH - Slaughterhouse | CP - Cutting Plant,,
7176,Kepak Group Ltd St Merryn,"Penygarnddu Industrial Estate, Dowlais Top, MERTHYR TYDFIL CF48 2TA",Merthyr Tydfil,CF48,"Merthyr Tydfil,Wales",United Kingdom,third-country,RM,CP SH,Y,,CP - Cutting Plant | SH - Slaughterhouse,12/09/2022,
1647,Kezie Limited,"Burnhouse Farm, Duns, Berwickshire TD11 3TT",Duns,TD11,"Scottish Borders,Scotland",United Kingdom,third-country,RM,CP,N,,CP - Cutting Plant,,
2756,Khanjra International Foods Limited,Greenbank Business Park Blakewater Road Blackburn BB13HU England,Blackburn,BB1,"Blackburn with Darwen,North West England,England",United Kingdom,third-country,RM,CP,N,,CP - Cutting Plant,,
2897,Kin of Meat Ltd,33 Broadway London W13 9DA,London,W13,"London,Greater London,England",United Kingdom,third-country,RM,CP,N,bovine caprine ovine porcine equine,CP - Cutting Plant,08/10/2024,
1003,Kinda Food Ltd,Unit 7 Rosebery Industrial Estate Rosebery Venue N17 9SR,London,N17,"London,Greater London,England",United Kingdom,third-country,RM,CP,N,,CP - Cutting Plant,,
1240,Kirkwood Farm,Kirkwood Dalton Lockerbie DG11 1DH,Lockerbie,DG11,"Dumfries and Galloway,Scotland",United Kingdom,third-country,RM,CP,N,bovine caprine ovine porcine equine,CP - Cutting Plant,26/08/2026,
GBR1758,Kismet (Scotland) Ltd T/A Kismet Halal Meat & Doner,"Unit 1 D, Lyon Road, Linwood, Glasgow PA3 3BQ",Linwood,PA3,"Renfrewshire,Scotland",United Kingdom,third-country,RM,CP,N,,CP - Cutting Plant,,
2873,Korea Foods Company Limited,117 London Road Mitcham CR42JA,London Borough of Merton,CR4,"London,Greater London,England",United Kingdom,third-country,RM,CP,N,bovine caprine ovine porcine equine,CP - Cutting Plant,03/01/2024,
5488,Kosher Deli (UK) Limited,Unit 8 Finway Dallow Road,Luton,LU1,"Luton,East of England,England",United Kingdom,third-country,RM,CP,N,,CP - Cutting Plant,,
2351,Kurpas Meats Plc,Unit 4 Ashton Old Road,Manchester,M11,"Greater Manchester,North West England,England",United Kingdom,third-country,RM,CP,N,,CP - Cutting Plant,,
5204,L Brown & Sons (Wholesale Butchers) Limited,City Abattoir Crofton Road Lincoln LN3 4NL,Lincoln,LN3,"Lincolnshire,East Midlands,England",United Kingdom,third-country,RM,CP SH,Y,bovine caprine ovine porcine equine,CP - Cutting Plant | SH - Slaughterhouse,13/11/2024,
2791,L G Palk,Unit 14 Trojan Industrial Estate Borough Close Paignton TQ4 7EP,Paignton,TQ4,"Torbay,South West England,England",United Kingdom,third-country,RM,CP,N,,CP - Cutting Plant,,
2291,L Wood & Sons,O'Cot Farm Scammonden,Huddersfield,HD3,"Yorkshire and the Humber,England",United Kingdom,third-country,RM,CP SH,Y,,CP - Cutting Plant | SH - Slaughterhouse,,
2477,LANGTHORNE'S BUFFALO PRODUCE,Crawford Grange Brompton Northallerton,Brompton,DL6,"North Yorkshire,Yorkshire and the Humber,England",United Kingdom,third-country,RM,CP SH,Y,,CP - Cutting Plant | SH - Slaughterhouse,,
4761,LDA Meats Ltd,Lynden Business Park New Mills Lower Road Trading Estate,Ledbury,HR8,"Herefordshire,West Midlands,England",United Kingdom,third-country,RM,CP,N,,CP - Cutting Plant,,
4794,Lake District Farmers Ltd,Raisgill Hall Tebay Penrith CA10 3UB,Penrith,,"Cumbria,North West England,England",United Kingdom,third-country,RM,CP,N,,CP - Cutting Plant,,
4822,Lakes Speciality Foods Ltd,4/5 Bankside Barn Crook Road Staveley,Staveley,LA8,"Cumbria,North West England,England",United Kingdom,third-country,RM,CP,N,,CP - Cutting Plant,,
2589,Lakes and Dales Limited,336 Station Road Bamber Bridge Preston PR5 6EH,Bamber Bridge,PR5,"Lancashire,North West England,England",United Kingdom,third-country,RM,CP,N,,CP - Cutting Plant,,
2289,Lancashire Direct Halal Meat Ltd,Alam Buildings Eden Street,Blackburn,BB1,"Blackburn with Darwen,North West England,England",United Kingdom,third-country,RM,CP,N,,CP - Cutting Plant,,
5431,Lane Farm Country Food Limited,Lane Farm Brundish Woodbridge IP13 8BW,Suffolk,IP13,"Suffolk,East of England,England",United Kingdom,third-country,RM,CP,N,,CP - Cutting Plant,25/07/2022,
2944,Lavin Meat Ltd,"Unit 3A, Leaside Business Centre, Millmarsh Lane, Enfield, EN3 7BJ",London,EN3,"London,Greater London,England",United Kingdom,third-country,RM,CP,N,bovine caprine ovine porcine equine,CP - Cutting Plant,08/12/2025,
2615,Le Marche Des Chefs,Unit 4 Titan Business Park Finch Street London SE8 5QA,London,SE8,"London,Greater London,England",United Kingdom,third-country,RM,CP CP,N,,CP - Cutting Plant | CP - Cutting Plant,,
6386,Lea Valley Meat Ltd,Miller House Lea Road Waltham Abbey EN9 1AE,Hertfordshire,EN9,"Hertfordshire,East of England,England",United Kingdom,third-country,RM,CP,N,,CP - Cutting Plant,,
5023,Leonard Ames (Ampthill) Ltd,Doolittle Mill Steppingley Road,Ampthill,MK45,"Central Bedfordshire,East of England,England",United Kingdom,third-country,RM,CP,N,bovine caprine ovine porcine equine,CP - Cutting Plant,28/10/2024,
2930,Lidgate Farm Shops Limited,Long Meadow Farm Coningsby Lane Fifield SL6 2PF,Fifield,SL6,"Windsor and Maidenhead,South East,England",United Kingdom,third-country,RM,CP,N,bovine caprine ovine porcine equine,CP - Cutting Plant,29/07/2025,
2056,Linden Foods Burradon Limited,Quarry Cottages Burradon NE23 7NB,Cramlington,NE23,"Northumberland,North East England,England",United Kingdom,third-country,RM,CP SH,Y,,CP - Cutting Plant | SH - Slaughterhouse,,
2880,Links Butchery,The Links Game Preparation Unit 2 Kings Street Seahouses NE68 7PX,Seahouses,NE68,"Northumberland,North East England,England",United Kingdom,third-country,RM,CP,N,bovine caprine ovine equine porcine,CP - Cutting Plant,07/04/2026,
7020,Llechwedd Meats,Parc Bryn Cefni,Llangefni,LL77,"Isle of Anglesey,Wales",United Kingdom,third-country,RM,CP,N,,CP - Cutting Plant,,
7230,Lloyd West Ltd,Cilshafe Isaf Fishguard Pembrokeshire SA65 9SR,Fishguard,SA65,"Pembrokeshire,Wales",United Kingdom,third-country,RM,SH CP,Y,bovine caprine porcine ovine equine,SH - Slaughterhouse | CP - Cutting Plant,25/03/2025,
5102/0030,Longcroft & Old Ltd,Unit 30 West Market Building London Central Markets London,London,EC1,"London,Greater London,England",United Kingdom,third-country,RM,CP,N,bovine caprine ovine porcine equine,CP - Cutting Plant,12/09/2023,
7211,Lord Robert Newborough t/a Rhug Organic,Rhug Estate Office,Corwen,LL21,"Denbighshire,Wales",United Kingdom,third-country,RM,CP,N,,CP - Cutting Plant,,
1154,"Lothian Catering Butchers Limited T/A Lothian Catering Butchers""","3 Adam Square, Brucefield Industrial Estate, Livingston EH54 9DE",Livingston,EH54,"West Lothian,Scotland",United Kingdom,third-country,RM,CP,N,,CP - Cutting Plant,,
8181,M & J Meats Ltd,The Acorn Business Centre Livingstone Way Taunton TA2 6BD,Taunton,TA2,"Somerset,South West England,England",United Kingdom,third-country,RM,CP,N,,CP - Cutting Plant,,
2682,M & J Pyne (Wholesale Division) Limited,Plot B Huntworth Way North Petherton Somerset TA6 6FA,North Petherton,TA6,"Somerset,South West England,England",United Kingdom,third-country,RM,CP,N,,CP - Cutting Plant,,
2691,M & K Halal Meat & Poultry Ltd,Unit 13 Queensway Enfield London EN3 4SA,London,EN3,"London,Greater London,England",United Kingdom,third-country,RM,CP,N,bovine caprine ovine porcine equine,CP - Cutting Plant,15/07/2024,
8004,M C Kelly Limited,Elston Farm Copplestone EX17 5PB,Crediton,EX17,"Devon,South West England,England",United Kingdom,third-country,RM,CP,N,,CP - Cutting Plant,,
2020,M I B United Meat Ltd,"Units 1 - 3, Leaside Industrial Estate, 78 Stockingswater Lane, Enfield, EN3 7RL",London,EN3,"London,Greater London,England",United Kingdom,third-country,RM,CP,N,bovine caprine ovine equine porcine,CP - Cutting Plant,30/04/2026,
4833,M J BIRTWISTLE & CO LIMITED,20 Shield Drive Wardley Industrial Estate Worsley Manchester,Greater Manchester,M28,"Greater Manchester,North West England,England",United Kingdom,third-country,RM,CP,N,,CP - Cutting Plant,,
1096,M J Birtwistle & Co Ltd,1 Ferrous Way Irlam M44 5FS,Greater Manchester,M44,"Greater Manchester,North West England,England",United Kingdom,third-country,RM,CP,N,,CP - Cutting Plant,,
7036,M K (Wales) Ltd T/A (Maddock Kembery Meats),The Abattoir Bridgend Road Garth,Maesteg,CF34,"Bridgend,Wales",United Kingdom,third-country,RM,CP SH,Y,,CP - Cutting Plant | SH - Slaughterhouse,,
4649,M Najib and Sons Ltd,Brookfield Miry Lane,Foston,DE65,"Derbyshire,East Midlands,England",United Kingdom,third-country,RM,CP SH,Y,,CP - Cutting Plant | SH - Slaughterhouse,,
8118,M Yates and Sons Limited,Quarry Park Road Newquay TR7 2NP,Newquay,TR7,"Cornwall,South West England,England",United Kingdom,third-country,RM,CP,N,,CP - Cutting Plant,,
5528,MARBEC MEATS,Apsley Business Centre Apsley Way,London,NW2,"London,Greater London,England",United Kingdom,third-country,RM,CP,N,,CP - Cutting Plant,,
2628,MCB Butchers Ltd,2 Silver Wing Industrial Estate Horatius Way Croydon CR0 4RU,London,CR0,"London,Greater London,England",United Kingdom,third-country,RM,CP,N,,CP - Cutting Plant,,
2946,MFS Global Ltd,"Unit 2-3, Rutland Way, Sheffield, S3 8DG",Sheffield,S3,"Yorkshire and the Humber,England",United Kingdom,third-country,RM,CP,N,bovine caprine porcine ovine equine,CP - Cutting Plant,09/12/2025,
2970,Mahadrin Meats,"Unit 15H, Queenways, Enfield, London, EN3 4SA",London,EN3,"London,Greater London,England",United Kingdom,third-country,RM,CP,N,bovine caprine ovine equine porcine,CP - Cutting Plant,14/07/2026,
4313,Mainstream International Foods Ltd,St. Peters Buildings Stonebroom Industrial Estate Stonebroom,Alfreton,DE55,"Derbyshire,East Midlands,England",United Kingdom,third-country,RM,CP,N,,CP - Cutting Plant,,
2517,Majestic Meat Ltd,Alliance House Unit 2 and 3 York Street Bradford BD8 0HR England,Bradford,BD8,"Yorkshire and the Humber,England",United Kingdom,third-country,RM,CP,N,,CP - Cutting Plant,,
1213,Malcolm Allan Ltd,1 Central Boulevard Larbert FK5 4RU,Larbert,FK5,"Falkirk,Scotland",United Kingdom,third-country,RM,CP,N,,CP - Cutting Plant,,
2733,Mamo Meat Ltd,Unit 34/35 Lake Business Centre Tarfiff Road London N17 0YX England,London,N17,"London,Greater London,England",United Kingdom,third-country,RM,CP,N,,CP - Cutting Plant,,
6372,Man Foods LImited,3 Dorma Trading Estate Staffa Road Leyton,London,E10,"London,Greater London,England",United Kingdom,third-country,RM,CP,N,,CP - Cutting Plant,,
4227,Manchester Abattoir Ltd,The Abattoir 2 Higher Bury Str Heaton Norris,Stockport,SK4,"Greater Manchester,North West England,England",United Kingdom,third-country,RM,SH,Y,,SH - Slaughterhouse,,
2670,Manifold Valley Meats,Wellcroft Farm Grindon Leek ST13 7TT,Leek,ST13,"Staffordshire,West Midlands,England",United Kingdom,third-country,RM,CP SH,Y,,CP - Cutting Plant | SH - Slaughterhouse,,
2972,Marion Meats,"Heanor Road, Heanor, DE75 7JT",Heanor,DE75,"Derbyshire,East Midlands,England",United Kingdom,third-country,RM,CP,N,bovine caprine ovine equine porcine,CP - Cutting Plant,30/06/2026,
5268,Master Meats,3/5 Cawley Hatch The Pinnacles Harlow CM19 5AN,Essex,CM19,"Essex,East of England,England",United Kingdom,third-country,RM,CP,N,bovine caprine ovine porcine equine,CP - Cutting Plant,01/03/2023,
4858,McTurk Catering Supplies Ltd,134 Holcombe Street Derby,Derbyshire,DE23,"Derbyshire,East Midlands,England",United Kingdom,third-country,RM,CP,N,,CP - Cutting Plant,,
1702,Mclays Limited,70-72 Glentanar Road Balmore Ind Est Glasgow G22 7XS,Glasgow City,G22,Scotland,United Kingdom,third-country,RM,CP,N,,CP - Cutting Plant,,
2792,Meadow Meats Limited,Manor Farm Stainborough Lane Hood Green Barnsley S753HA,Barnsley,S75,"Yorkshire and the Humber,England",United Kingdom,third-country,RM,CP,N,,CP - Cutting Plant,,
2707,Meat Direct 2 U Limited,1C Anthony Way London N18 3QT,London Borough of Haringey,N17,"London,Greater London,England",United Kingdom,third-country,RM,CP,N,,CP - Cutting Plant,,
2875,Meat Fest Ltd,Unit 7 Frontier Works 33 Queens Street London N17 8JA,London,N17,"London,Greater London,England",United Kingdom,third-country,RM,CP,N,bovine caprine ovine porcine equine,CP - Cutting Plant,03/01/2024,
2871,Meat Giant UK Limited,7 Imperial Way Croydon CR0 4RR,Croydon,CR0,"London,Greater London,England",United Kingdom,third-country,RM,CP,N,bovine caprine ovine porcine equine,CP - Cutting Plant,05/12/2023,
2924,Meat Masters London Ltd,"Europa House, 18 Wadsworth Road, Greenford, UB6 7JD",London,UB6,"London,Greater London,England",United Kingdom,third-country,RM,CP,N,bovine caprine ovine porcine equine,CP - Cutting Plant,04/02/2026,
2962,Medina Abattoir Services Ltd,"Brooklands Industrial Estate, Burwood Way, Halifax, HX4 9BH",Halifax,HX4,"Yorkshire and the Humber,England",United Kingdom,third-country,RM,CP SH,Y,bovine caprine ovine porcine equine,CP - Cutting Plant | SH - Slaughterhouse,19/05/2026,
2248,Melton Meat Limited,The Abattoir Stygate Lane Pickwell,Melton Mowbray,LE13,"Leicestershire,East Midlands,England",United Kingdom,third-country,RM,SH,Y,,SH - Slaughterhouse,,
2807,Merkez Meat Ltd,Merkez Meat Ltd Unit 11-12 Frontier Works 33 Queens Street London N17 8JA,London,N17,"London,Greater London,England",United Kingdom,third-country,RM,CP,N,,CP - Cutting Plant,,
4308-0038,Merseyside Chicken Ltd,Liverpool Meat and Fish Market Units 17 and 25 Prescot Road Old Swan Liverpool L13 3AS,Liverpool,L13,"North West England,England",United Kingdom,third-country,RM,CP,N,,CP - Cutting Plant,14/07/2022,
2581,Metro Chicken & Meat Limited,"Unit 25, Woodall Road Enfield EN3 4LQ",London Borough of Enfield,EN3,"London,Greater London,England",United Kingdom,third-country,RM,CP CS,N,,CP - Cutting Plant | CS - Cold Stores,,
1508,Michael Malone Of Edinburgh Ltd,6 Newmarket Road Edinburgh EH14 1RJ,City of Edinburgh,EH14,"City of Edinburgh,Scotland",United Kingdom,third-country,RM,CP,N,,CP - Cutting Plant,,
7051,Mid Glamorgan Provisions Ltd,George Street Bridgend Industrial Estate,Bridgend,CF31,"Bridgend,Wales",United Kingdom,third-country,RM,CP,N,,CP - Cutting Plant,,
5529,Middlesex Meat Company Limited,Atlas Road Fourth Way,Wembley,HA9,"London,Greater London,England",United Kingdom,third-country,RM,CP,N,,CP - Cutting Plant,,
4053,Midland Bacon Company,Leamore Lane Bloxwich,Walsall,WS2,"West Midlands Combined Authority,West Midlands,England",United Kingdom,third-country,RM,CP,N,,CP - Cutting Plant,,
4844,Midland Foods Ltd,"Units 4 & 6, Harris Business Park Hanbury Road, Stoke Prior",Bromsgrove,B60,"Worcestershire,West Midlands,England",United Kingdom,third-country,RM,CP,N,,CP - Cutting Plant,,
2943,Midlands Halal Distribution Ltd,"Unit 14 Rea Industrial Estate, Inkerman Street, Birmingham, B74SH",Birmingham,B7,"West Midlands Combined Authority,West Midlands,England",United Kingdom,third-country,RM,CP,N,bovine caprine porcine ovine equine,CP - Cutting Plant,25/11/2025,
2932,Midlands Meat Processors Ltd,"162 Bishop Street, Birmingham, B5 7EJ.",Birmingham,B5,"West Midlands Combined Authority,West Midlands,England",United Kingdom,third-country,RM,SH CP,Y,bovine caprine ovine porcine equine,SH - Slaughterhouse | CP - Cutting Plant,26/08/2025,
2274,Miller Food Service,Unit 5 Oslo Road Sutton Fields Industrial Estate Hull HU7 0YN,Hull,HU7,"Kingston upon Hull,Yorkshire and the Humber,England",United Kingdom,third-country,RM,CP,N,,CP - Cutting Plant,,
1160,Millers Of Speyside Ltd,Strathspey Industrial Est Grantown on Spey PH26 3NB,Grantown-on-Spey,PH26,"Highland,Scotland",United Kingdom,third-country,RM,CP SH,Y,bovine caprine ovine porcine equine,CP - Cutting Plant | SH - Slaughterhouse,18/06/2026,
1585,Mull Slaughterhouse Limited,Callachaly Salen Isle of Mull Argyll PA72 6JN,Argyll and Bute,PA72,"Argyll and Bute,Scotland",United Kingdom,third-country,RM,CP SH,Y,,CP - Cutting Plant | SH - Slaughterhouse,,
2102,N Bramall & Son Ltd,The Abattoir Near Coates Farm Sheffield S36 8YB,Oxspring,S36,"Yorkshire and the Humber,England",United Kingdom,third-country,RM,CP,N,,CP - Cutting Plant,,
4197,N TM AND EM BASKEYFIELD,Mitchells Wood Slaughterhouse Bells Hollow Red Street Village,Newcastle-under-Lyme,ST5,"Staffordshire,West Midlands,England",United Kingdom,third-country,RM,SH,Y,,SH - Slaughterhouse,,
4246,NEIL POWELL CATERING,Unit 1 Pontrilas,Hereford,HR2,"Herefordshire,West Midlands,England",United Kingdom,third-country,RM,CP,N,,CP - Cutting Plant,,
HO 120,Nabco Enterprises Ltd,Unit 5 River Garden Business Centre Spur Road Feltham TW14 0SN,Feltham,TW14,"West Sussex,South East,England",United Kingdom,third-country,RM,CS,N,,CS - Cold Stores,17/10/2021,
2948,Nasons Farm Fresh Limited,"Units 97 - 105, Wingate Road, Luton, LU4 8PZ",Luton,LU4,"Luton,East of England,England",United Kingdom,third-country,RM,CP,N,bovine caprine ovine porcine equine,CP - Cutting Plant,18/08/2026,
1151,Navstar Limited T/A Efes Navstar Ltd,"76 Kilbirnie Street, Glasgow G5 8JD",Glasgow City,G5,"Glasgow City,Scotland",United Kingdom,third-country,RM,CP CS,N,,CP - Cutting Plant | CS - Cold Stores,,
1142,Nazar Scotland Ltd T/A Nazar Halal Meats,"90 Kilbirnie Street, GLASGOW G5 8JD",Glasgow City,G5,"Glasgow City,Scotland",United Kingdom,third-country,RM,CP,N,,CP - Cutting Plant,,
1103,Neerock LTD T/A Woodhead Brothers,Markethill Turriff AB53 4PA,Turriff,AB53,"Aberdeenshire,Scotland",United Kingdom,third-country,RM,SH CP,Y,,SH - Slaughterhouse | CP - Cutting Plant,,
2892,New Century Foods Limited,14 Ram Boulevard Foxhills Industrial Park Scunthorpe DN15 8QW,Scunthorpe,DN15,"North Lincolnshire,Yorkshire and the Humber,England",United Kingdom,third-country,RM,CP,N,bovine caprine ovine equine porcine,CP - Cutting Plant,13/08/2024,
1004,Newby Foods Ltd,Head Office Marylands Newby Wiske DL7 9ER,Northallerton,DL7,"North Yorkshire,Yorkshire and the Humber,England",United Kingdom,third-country,RM,CP,N,,CP - Cutting Plant,,
2760,Northamptonshire Food services Ltd,8a Rothersthorpe Avenue Far Cotton Northamton NN48JH England,Northampton,NN4,"Northamptonshire,East Midlands,England",United Kingdom,third-country,RM,CP,N,,CP - Cutting Plant,,
1046,Northern Catering Butchers Ltd,Unit 3 Ashley Industrial Estate Rawmarsh Road S60 1RU,Rotherham,S60,"Yorkshire and the Humber,England",United Kingdom,third-country,RM,CP,N,,CP - Cutting Plant,,
2887,Oakland Park,Old Kiln Farm Oxford Road Hermitage RG18 9XX,Hermitage,RG18,"West Berkshire,South East,England",United Kingdom,third-country,RM,CP,N,bovine caprine ovine porcine equine,CP - Cutting Plant,22/07/2025,
2936,Oncu Meat Centre Ltd,"Unit 4, Rosebery Industrial Park, Rosebery Avenue, London, N17 9SR",London,N17,"London,Greater London,England",United Kingdom,third-country,RM,CP,N,bovine caprine porcine ovine equine,CP - Cutting Plant,09/09/2025,
2958,Onur Meat Ltd,Unit 4d Triumph Trading Estate Tariff Road London N17 0EB,London,N17,"London,Greater London,England",United Kingdom,third-country,RM,CP,N,bovine caprine ovine equine porcine,CP - Cutting Plant,14/04/2026,
2715,Oriental Food Express Limited,Unit 10 Shrophire food enterprise centre Shropshire Food Enterprise Centre Vanguard Way Shrewbury SY1 3TG England,Shrewsbury,SY1,"Shropshire,West Midlands,England",United Kingdom,third-country,RM,CP,N,,CP - Cutting Plant,,
2693,Ortoncrest Holdings Limited,Cortonwood Drive Brampton Barnsley S73 0UF,Barnsley,S73,"Yorkshire and the Humber,England",United Kingdom,third-country,RM,CP,N,,CP - Cutting Plant,,
GBR1220,Ovens Retail Ltd T/A Mearns T Mccaskie,"McCaskie Butchers, Shore Road, Wemyss Bay PA18 6AR",Wemyss Bay,PA18,"Inverclyde,Scotland",United Kingdom,third-country,RM,CP,N,,CP - Cutting Plant,,
4465,Owen Taylor and Sons Ltd,27 Main Road Leabrooks DE55 1LA,Alfreton,DE55,"Derbyshire,East Midlands,England",United Kingdom,third-country,RM,CP,N,,CP - Cutting Plant,,
8070,P J HAYMAN & SONS,Raxhayes Farm Holcombe Lane EX11 1PQ,Ottery St Mary,EX11,"Devon,South West England,England",United Kingdom,third-country,RM,CP SH,Y,,CP - Cutting Plant | SH - Slaughterhouse,,
8072,P J KING & SON,Court Farm Stroud Road Whaddon GL4 0UG,Gloucester,GL4,"Gloucestershire,South West England,England",United Kingdom,third-country,RM,SH,Y,,SH - Slaughterhouse,,
5102/0002,P J Martinelli Limited,Units 2 & 4 East Market Building London Central Markets London,London,EC1,"London,Greater London,England",United Kingdom,third-country,RM,CP,N,,CP - Cutting Plant,,
5102/0025,P J Martinelli Ltd,Unit 25 West Market Building London Central Markets London,London,EC1,"London,Greater London,England",United Kingdom,third-country,RM,CP,N,,CP - Cutting Plant,,
5102/0032,P W & J K Killby Ltd,Unit 32 West Market Building London Central Markets London,London,EC1,"London,Greater London,England",United Kingdom,third-country,RM,CP,N,,CP - Cutting Plant,,
5226,PAPWORTH FARMS,"Unit 7, Douglas Bader Close Industrial",North Walsham,NR28,"Norfolk,East of England,England",United Kingdom,third-country,RM,CP,N,,CP - Cutting Plant,,
5500,PETERBOROUGH GAME CO LTD,Unit 5-7 The Arena Roman Bank,Bourne,PE10,"Lincolnshire,East Midlands,England",United Kingdom,third-country,RM,CP,N,,CP - Cutting Plant,,
2518,Packington Free Range,Blakenhall Park Bar Lane Barton under Needwood Burton on Trent DE13 8AJ England,Needwood,DE13,"Staffordshire,West Midlands,England",United Kingdom,third-country,RM,CP,N,,CP - Cutting Plant,,
1170,Pak Poultry Products Limited,78/80 Strathmore Road Balmore Ind Est Glasgow G22 7DW,Glasgow City,G22,Scotland,United Kingdom,third-country,RM,CP,N,,CP - Cutting Plant,,
2473,Pakeezah Meat Suppliers Ltd,91 Edderthorpe Street Bradford,Bradford,BD3,"Yorkshire and the Humber,England",United Kingdom,third-country,RM,CP,N,,CP - Cutting Plant,,
4782,Parker Fine Foods,Winkadale House Knights Road,Leicester,LE4,"East Midlands,England",United Kingdom,third-country,RM,CP,N,,CP - Cutting Plant,,
1037,Parkers Foodservice Ltd,Unit X Rudford Industrial Estate Ford Road BN18 0BF,Arundel,BN18,"West Sussex,South East,England",United Kingdom,third-country,RM,CP,N,,CP - Cutting Plant,,
2801,Pasture Farm Foods Limited,Units 6-8 Whitewalls Close Colne BB8 8LE,Pendle,BB8,"Lancashire,North West England,England",United Kingdom,third-country,RM,CP,N,,CP - Cutting Plant,,
5102/0220,Patrick Matthews (T/A Denton Bros),"Unit 220 Poultry Market Building London Central Markets, London",London EC1V,EC1,"London,Greater London,England",United Kingdom,third-country,RM,CS,N,,CS - Cold Stores,,
4863,Pennys Meats Ltd,192 Whalley Road Clayton-le-moors,Accrington,BB5,"Lancashire,North West England,England",United Kingdom,third-country,RM,CP,N,,CP - Cutting Plant,,
2641,Pepperell's Meats Ltd,"Unit 1, The Firs Redenhall Harleston IP20 9QN",Harleston,IP20,"Norfolk,East of England,England",United Kingdom,third-country,RM,CP,N,,CP - Cutting Plant,,
4349,Perry's of Eccleshall Limited,19 Stafford Street,Eccleshall,ST21,"Staffordshire,West Midlands,England",United Kingdom,third-country,RM,CP SH,Y,,CP - Cutting Plant | SH - Slaughterhouse,,
4242,Peter Coates Alrewas Ltd,100 Main Street Alrewas,Alrewas,DE13,"Staffordshire,West Midlands,England",United Kingdom,third-country,RM,SH,Y,,SH - Slaughterhouse,,
5102/0028,Peter Tocher,Unit 28 West Market Building London Central Markets London,London,EC1,"London,Greater London,England",United Kingdom,third-country,RM,CP,N,,CP - Cutting Plant,,
1069,Philip Dennis FoodService Limited (T/A Philip Dennis Foodservice),Unit 4 Brannam Crescent Roundswell Business Park EX31 3TD,Barnstaple,EX31,"Devon,South West England,England",United Kingdom,third-country,RM,CP,N,,CP - Cutting Plant,,
2669,Philip Warren & Son Ltd,3 Dunheved Court Pennygillam Way Pennygillam Industrial Estate PL15 7ED,Launceston,PL15,"Cornwall,South West England,England",United Kingdom,third-country,RM,CP,N,,CP - Cutting Plant,,
2765,Philip Warren and Son Ltd,3 Dunheved Court Pennygillam Way Pennygillam Industrial Estate Launceston PL15 7ED,Launceston,PL15,"Cornwall,South West England,England",United Kingdom,third-country,RM,CP,N,bovine caprine porcine ovine equine,CP - Cutting Plant,09/08/2023,
2763,Pickstock Foods Ltd,The Abattoir Coat Lane Hartshorne DE11 7AT England,Hartshorne,DE11,"Derbyshire,East Midlands,England",United Kingdom,third-country,RM,CP SH,Y,,CP - Cutting Plant | SH - Slaughterhouse,,
2536,Pickstock Telford Limited,45 Hortonwood Industrial Estate Hortonwood Telford TF1 7FA England,Telford,TF1,"Telford and Wrekin,West Midlands,England",United Kingdom,third-country,RM,CP SH,Y,,CP - Cutting Plant | SH - Slaughterhouse,,
6057,Pilgrim's UK Lamb Ltd,Tilley Down,Appleshaw,SP11,"Hampshire,South East,England",United Kingdom,third-country,RM,CP,N,,CP - Cutting Plant,,
7135,Pilgrim's UK Lamb Ltd,Dolwen Oakley Park Road,Llanidloes,SY18,"Powys,Wales",United Kingdom,third-country,RM,CP SH,Y,,CP - Cutting Plant | SH - Slaughterhouse,,
2776,Pilgrims Pride Ltd - Bromborough,Riverside Road Bromborough CH623RL England,Bromborough,CH62,"North West England,England",United Kingdom,third-country,RM,CP,N,,CP - Cutting Plant,,
8061,Pilgrims Pride Ltd - Westerleigh,Oakleigh Green Farm Westerleigh BS37 8QZ,Westerleigh,BS37,"South Gloucestershire,South West England,England",United Kingdom,third-country,RM,CP SH,Y,,CP - Cutting Plant | SH - Slaughterhouse,,
8393,Pilgrim’s Pride Corsham,Leafield Industrial Estate Edinburgh Way Corsham SN13 9RS England,Corsham,SN13,"Wiltshire,South West England,England",United Kingdom,third-country,RM,CP,N,,CP - Cutting Plant,,
5077,Pilgrim’s Pride Linton,Cambridge Road,Linton,CB21,"Cambridgeshire,East of England,England",United Kingdom,third-country,RM,CP,N,,CP - Cutting Plant,,
5091,Pilgrim’s Pride Ltd T/A Dalehaed Foods Spalding,Fulney Lane Spalding PE12 6EP,Spalding,PE11,"Lincolnshire,East Midlands,England",United Kingdom,third-country,RM,CP SH,Y,,CP - Cutting Plant | SH - Slaughterhouse,,
2026,Pinnacle Foods Limited,Plot 2 Caker Stream Road GU34 2QA,Alton,GU34,"Hampshire,South East,England",United Kingdom,third-country,RM,CP,N,,CP - Cutting Plant,,
6214,Pinnacle Foods Ltd,Units 4-9 Wingate Road,Gosport,PO12,"Hampshire,South East,England",United Kingdom,third-country,RM,CP,N,,CP - Cutting Plant,,
4878,Plumgarths of Kendal Ltd,"Unit 3, Boundary Bank Kendal Fell Business Park",Kendal,LA9,"Cumbria,North West England,England",United Kingdom,third-country,RM,CP,N,,CP - Cutting Plant,,
1227,Polmar Meats Ltd,Unit 17 Andrew Court Clydebank G81 1PD,Clydebank,G81,"West Dunbartonshire,Scotland",United Kingdom,third-country,RM,CP,N,,CP - Cutting Plant,15/06/2022,
2728,Premium Halal Meat Poultry limited,205 Formans Road Birmingham B113AX England,Birmingham,B11,"West Midlands Combined Authority,West Midlands,England",United Kingdom,third-country,RM,CP,N,bovine caprine ovine porcine equine,CP - Cutting Plant,06/01/2025,
2711,Premium Quality Meats Ltd,15c Bridge Road Industrial Estate Bridge Road Kingswood Bristol BS15 4TA England,Bristol,BS15,"City of Bristol,South West England,England",United Kingdom,third-country,RM,CP,N,,CP - Cutting Plant,,
4777,Preston Wholesale Meats Ltd,"Unit 3, Hillthorpe Farm Knoll Lane Little Hoole, Longton",Preston,PR4,"Lancashire,North West England,England",United Kingdom,third-country,RM,CP,N,,CP - Cutting Plant,,
2746,Pride of Africa Foods,99 Pritchett Street Birmingham B6 4ES,Birmingham,B6,"West Midlands Combined Authority,West Midlands,England",United Kingdom,third-country,RM,CP,N,bovine caprine ovine porcine equine,CP - Cutting Plant,16/04/2024,
2565,Punjab Meat Traders Limited,"Unit 8 Roman Way Industrial Estate Longridge Road, Preston PR2 5BB",Preston,PR2,"Lancashire,North West England,England",United Kingdom,third-country,RM,CP,N,,CP - Cutting Plant,,
1136,Quality Pork Processors Limited,The Abattoir Montrose Road Brechin,Angus,DD9,"Angus,Scotland",United Kingdom,third-country,RM,CP SH,Y,,CP - Cutting Plant | SH - Slaughterhouse,,
2471,R & J YORKSHIRE'S FINEST,Wateredge Longswales Lane Kirkby Malzeard,Ripon,HG4,"North Yorkshire,Yorkshire and the Humber,England",United Kingdom,third-country,RM,CP,N,,CP - Cutting Plant,,
2428,R & M Meats Ltd,"The Factory Unit D & E, Off Whitley Street Park Road Bingley",Bingley,BD16,"Yorkshire and the Humber,England",United Kingdom,third-country,RM,CP,N,,CP - Cutting Plant,,
2078,R & P Meats Ltd,Cherry Orton Road Orton Waterville PE2 5EH,Peterborough,PE2,"East of England,England",United Kingdom,third-country,RM,CP,N,,CP - Cutting Plant,,
2252,R & S (Wholesale Butchers) Ltd,4 Strickland Street Hessle Road,Kingston upon Hull,HU3,"East Riding of Yorkshire,Yorkshire and the Humber,England",United Kingdom,third-country,RM,CP,N,,CP - Cutting Plant,,
4168,R B Elliott & Son Ltd,Stud Farm Calow,Chesterfield,S44,"Derbyshire,East Midlands,England",United Kingdom,third-country,RM,CP SH,Y,,CP - Cutting Plant | SH - Slaughterhouse,,
8386,R D Johns Ltd,Unit 29 Milber Industrial Estate Newton Abbot TQ12 4SG England,Newton Abbot,TQ12,"Devon,South West England,England",United Kingdom,third-country,RM,CP,N,,CP - Cutting Plant,,
7181,R G B Webster & Sons Ltd,Unit 6 Tir Llwyd,Kinmel Bay,LL18,"Conwy,Wales",United Kingdom,third-country,RM,CP,N,,CP - Cutting Plant,,
8115,R J TREVARTHEN WHOLESALE BUTCHERS,"Roskrow Abattoir, Roskrow, Penryn TR10 9AP",Penryn,TR10,"Cornwall,South West England,England",United Kingdom,third-country,RM,CP SH,Y,,CP - Cutting Plant | SH - Slaughterhouse,,
2370,R MANNERS & SONS LTD,Meadowfield Ponteland Newcastle Upon Tyne England,Ponteland,NE20,"Northumberland,North East England,England",United Kingdom,third-country,RM,CP,N,,CP - Cutting Plant,,
2789,R Owton (Wholesale) Butchers Limited,"Unit 17, Chalcroft Distribution Park Burnetts Lane West End Southampton SO302HU",Southampton,SO30,"Southampton,South East,England",United Kingdom,third-country,RM,CP,N,,CP - Cutting Plant,,
2483,R P J MEAT WHOLESALE LTD,"Unit 7, Ripley Road Industrial Estate Ripley Road Bradford BD4 7EX England",Bradford,BD4,"Yorkshire and the Humber,England",United Kingdom,third-country,RM,CP,N,,CP - Cutting Plant,,
6304,R P Meats Wholesale Ltd,Unit 5 Brighton Meat Market Upper Hollingdean Road,Brighton,BN1,"Brighton and Hove,South East,England",United Kingdom,third-country,RM,CP,N,,CP - Cutting Plant,,
4356,R and J Wholesale Meat Company Limited,14 Midland Avenue Kenrick Street Netherfield,Nottingham,NG4,"Nottingham,East Midlands,England",United Kingdom,third-country,RM,CP,N,,CP - Cutting Plant,,
2940,R.D. Johns Limited,"Unit 13A, Hopkinson Way, Andover, Hampshire, SP10 3ZE",Andover,SP10,"Hampshire,South East,England",United Kingdom,third-country,RM,CP,N,bovine caprine ovine equine porcine,CP - Cutting Plant,21/10/2025,
8373,RIVERFORD ORGANIC FARMERS LIMITED,"Units 1 & 2, Dean Court Farm Lower Dean Buckfastleigh TQ11 0LT England",Buckfastleigh,TQ11,"Devon,South West England,England",United Kingdom,third-country,RM,CP,N,,CP - Cutting Plant,,
2201,RK Livestock,Unit 8 Thorncliffe Industrial Estate Thorncliffe Road,Bradford,BD8,"Yorkshire and the Humber,England",United Kingdom,third-country,RM,CP,N,,CP - Cutting Plant,,
4319,ROBIN MAYCOCK BUTCHERS,Leashaw Road Holloway,Matlock,DE4,"Derbyshire,East Midlands,England",United Kingdom,third-country,RM,SH,Y,,SH - Slaughterhouse,,
2883,RR Alden Oxford Limited,"Unit 2, The Shed, Charbridge Lane Bicester OX26 4SS",Bicester,OX26,"Oxfordshire,South East,England",United Kingdom,third-country,RM,CP,N,bovine caprine porcine ovine equine,CP - Cutting Plant,31/05/2024,
2877,RSS Fast Food Supplies Ltd,Unit 9A Twin Bridges Business Park 232 Selsdon Road South Croydon CR2 6PL,London Borough of Croydon,CR2,"London,Greater London,England",United Kingdom,third-country,RM,CP,N,bovine caprine ovine porcine equine,CP - Cutting Plant,16/04/2024,
2469,Ralph Pearson,Unit 1 Linton Street Off Bolling Road Bradford,Bradford,BD4,"Yorkshire and the Humber,England",United Kingdom,third-country,RM,CP,N,,CP - Cutting Plant,,
2655,Randall Parker Food Group Limited (Grassroots Wholesale Foods,"1 Lindred Road, Lomeshaye Industrial Estate Brierfield BB9 5SR",Brierfield,BB9,"Lancashire,North West England,England",United Kingdom,third-country,RM,CP,N,,CP - Cutting Plant,,
2174,Rapyal Meat & Poultry Ltd,4b Talbot Way Small Heath B10 0HJ,Birmingham,B10,"West Midlands Combined Authority,West Midlands,England",United Kingdom,third-country,RM,CP,N,,CP - Cutting Plant,,
2410,Ravendale Foods Limited,"Unit 2, Leadgate Industrial Estate, Consett, DH8 7RN",Consett,DH8,"County Durham,North East England,England",United Kingdom,third-country,RM,CP,N,bovine caprine ovine porcine equine,CP - Cutting Plant,08/09/2026,
5105,Rayleigh Cold Store Ltd,40 Stadium Way Stadium Trading Estate Benfleet Essex SS7 3NZ,Essex,SS7,"Essex,East of England,England",United Kingdom,third-country,RM,CP CS,N,bovine caprine ovine porcine equine,CP - Cutting Plant | CS - Cold Stores,03/04/2024,
2836,Real Meat Store,Unit 9 Marsh Lane Parade Stafford Road Wolverhampton WV10 6RT,Wolverhampton,WV10,"West Midlands Combined Authority,West Midlands,England",United Kingdom,third-country,RM,CP,N,,CP - Cutting Plant,16/08/2022,
5102/0009,"Reeve & Co. Ltd,",Units 9 & 11 East Market Building London Central Markets London,London,EC1,"London,Greater London,England",United Kingdom,third-country,RM,CP,N,,CP - Cutting Plant,,
2033,Reeves Butchers Ltd,Unit 11 Brickfields Kiln Lane RG12 1NQ,Bracknell,RG12,"Bracknell Forest,South East,England",United Kingdom,third-country,RM,CP,N,,CP - Cutting Plant,,
2636,Rehman & Sons Meat Wholesale Ltd,Unit 13 and 14 Clayton Street Industrial Estate Nelson BB9 7PH,Nelson,BB9,"Lancashire,North West England,England",United Kingdom,third-country,RM,CP CS,N,,CP - Cutting Plant | CS - Cold Stores,,
5102/0013,Rhonda Meats Ltd,Units 13 - 15 East Market Building London Central Markets London,London,EC1,"London,Greater London,England",United Kingdom,third-country,RM,CP,N,,CP - Cutting Plant,,
6398,Ribdeal Ltd T/A Fenns of Piccadilly,"Unit 3 &4, Roslin Square Roslin Road Acton",London,W3,"London,Greater London,England",United Kingdom,third-country,RM,CP,N,,CP - Cutting Plant,,
1641,Richard Carmichael Of Carmichael T/A Carmichael Estate Farm Meats,"Warrenhill Farm, Thankerton, Biggar, Lanarkshire ML12 6PG",Biggar,ML12,"South Lanarkshire,Scotland",United Kingdom,third-country,RM,SH CP,Y,,SH - Slaughterhouse | CP - Cutting Plant,,
2660,Riley Foods Limited,Dunnockshaw Farm Burnley Road Dunnockshaw Burnley BB11 5PP,Burnley,BB11,"Lancashire,North West England,England",United Kingdom,third-country,RM,CP SH,Y,,CP - Cutting Plant | SH - Slaughterhouse,,
2928,Ritter-Courivaud Limited,Unit 10 Longlands Road Launton Bicester OX26 5AH,Bicester,OX26,"Oxfordshire,South East,England",United Kingdom,third-country,RM,CP,N,bovine caprine ovine porcine equine,CP - Cutting Plant,12/08/2025,
4392,Robert G Tuckey Ltd,Wellington House Abattoir Furnace End,Birmingham,B46,"West Midlands Combined Authority,West Midlands,England",United Kingdom,third-country,RM,CP SH,Y,,CP - Cutting Plant | SH - Slaughterhouse,,
1067,"Robert Mutimer, Tom Mutimer & Janet Mutimer (T/A Swannington Farm to Fork)",Woodlands Farm Church Lane Swannington NR9 5NN,Norwich,NR9,"Norfolk,East of England,England",United Kingdom,third-country,RM,CP,N,,CP - Cutting Plant,,
1231,Robertsons Fine Foods Limited,1 Drummond Crescent Riverside Business Park Irvine Ayrshire KA11 5AN,North Ayrshire,KA11,"North Ayrshire,Scotland",United Kingdom,third-country,RM,CP,N,bovine caprine ovine equine porcine,CP - Cutting Plant,06/06/2024,
1210,Rodgers Butchers (Wholesale) Ltd,"Unit 7/8, 11 South Avenue Simpson Court Clydebank Business Park Glasgow G81 2NR",Glasgow City,G81,"Glasgow City,Scotland",United Kingdom,third-country,RM,CP,N,,CP - Cutting Plant,,
2857,Roexport,2 Osram Road East Lane Business Park Wembley HA9 7NG,Wembley,HA9,"London,Greater London,England",United Kingdom,third-country,RM,CP,N,bovine caprine ovine porcine equine,CP - Cutting Plant,25/07/2023,
2772,Rolwer Farms,Rowler Farm Rowler Estate Rowler Brackley NN135LN England,Brackley,NN13,"Northamptonshire,East Midlands,England",United Kingdom,third-country,RM,CP,N,,CP - Cutting Plant,,
5523,Romford Catering Supplies,7 Bridge Close,London,RM7,"London,Greater London,England",United Kingdom,third-country,RM,CP,N,,CP - Cutting Plant,,
5319,Romford Halal Meats Ltd,"Beredens Farm, Folkes Lane Upminster RM14 1TH",London,RM14,"London,Greater London,England",United Kingdom,third-country,RM,SH,Y,,SH - Slaughterhouse,,
2397,Rowland Agar (Wholesale Butchers) Limited,The Abattoir Little Lane Ilkley England,Ilkley,LS29,"Yorkshire and the Humber,England",United Kingdom,third-country,RM,CP,N,,CP - Cutting Plant,,
2606,Ruby & White Butchers,Unit 5B Kingsland Trading Estate Bristol BS2 0JZ,Bristol,BS2,"City of Bristol,South West England,England",United Kingdom,third-country,RM,CP,N,,CP - Cutting Plant,,
2498,S R Cooper Meats Ltd,1 Hornsby Square Southfields Business Park Laindon Basildon SS15 6SD England,Basildon,SS15,"Essex,East of England,England",United Kingdom,third-country,RM,CP,N,,CP - Cutting Plant,,
6130,S W DOUGHTY,The Street Doddington,Sittingbourne,ME9,"Kent,South East,England",United Kingdom,third-country,RM,SH,Y,,SH - Slaughterhouse,,
2710,S.Khan Poultry Ltd,26 Shaftesbury Street South Dervy DE23 8YH Englad,Derby,DE23,"East Midlands,England",United Kingdom,third-country,RM,CP,N,,CP - Cutting Plant,,
4859,SAVIN HILL,The Butchery Savin Hill Lyth Valley,Cumbria,LA8,"Cumbria,North West England,England",United Kingdom,third-country,RM,CP,N,,CP - Cutting Plant,,
2931,SK Foods Limited,Unit 4 Addison Industrial Estate 702B Field End Road Ruislip HA4 0QP,Ruislip,HA4,"London,Greater London,England",United Kingdom,third-country,RM,CP,N,bovine caprine ovine porcine equine,CP - Cutting Plant,12/08/2025,
2937,SMS Food Group Limited,"New Close Lane, Witney, OX29 7GX",West Oxfordshire,OX29,"Oxfordshire,South East,England",United Kingdom,third-country,RM,SH,Y,bovine caprine ovine porcine equine,SH - Slaughterhouse,04/11/2025,
8349,STILLMANS (SOMERSET) LTD,55 Station Road Taunton TA1 1NZ England,Taunton,TA1,"Somerset,South West England,England",United Kingdom,third-country,RM,CP,N,,CP - Cutting Plant,,
8193,STRAP ORCHARD ABATTOIR,Hawker Bridge Wincanton BA9 9EE,Wincanton,BA9,"Somerset,South West England,England",United Kingdom,third-country,RM,SH,Y,,SH - Slaughterhouse,,
6399,Salvatori Food Service Ltd,Unit 3 Detling Aerodrome Detling Maidstone ME14 3HU,Detling,ME14,"Kent,South East,England",United Kingdom,third-country,RM,CP,N,bovine caprine ovine porcine equine,CP - Cutting Plant,11/11/2024,
2925,Sam Blunt Bespoke Butchering Ltd,3 Anthony Way Hitchcocks Business Park Uffculme EX153FA,Uffculme,EX15,"Devon,South West England,England",United Kingdom,third-country,RM,CP,N,bovine caprine porcine ovine equine,CP - Cutting Plant,22/05/2025,
2956,Sam Browne Foods Limited,"Unit 20, Wadsworth Road, Driffield, YO25 9DJ",Driffield,YO25,"East Riding of Yorkshire,Yorkshire and the Humber,England",United Kingdom,third-country,RM,CP,N,bovine caprine ovine equine porcine,CP - Cutting Plant,07/04/2026,
1758,Samsun Trading Ltd T/A Samsun Ltd,"1D Lyon Road, Linwood Industrial Estate, Paisley, PA3 3BQ",Paisley,PA3,"Renfrewshire,Scotland",United Kingdom,third-country,RM,CP,N,bovine caprine ovine equine porcine,CP - Cutting Plant,19/05/2026,
1535,Sandyford Abattoir (Paisley) Ltd T/A Sandyford Abattoir,Sandyford Road Paisley,Paisley,PA3,"Renfrewshire,Scotland",United Kingdom,third-country,RM,SH CP,Y,,SH - Slaughterhouse | CP - Cutting Plant,,
8375,Scorse Foods Ltd,Water-ma-trout Industrial Estate Helston TR13 0LW England,Helston,TR13,"Cornwall,South West England,England",United Kingdom,third-country,RM,CP,N,,CP - Cutting Plant,,
1121,Scotbeef Inverurie Limited,North Street Inverurie AB51 4TL,Inverurie,AB51,"Aberdeenshire,Scotland",United Kingdom,third-country,RM,SH CP,Y,bovine ovine caprine,SH - Slaughterhouse | CP - Cutting Plant,25/09/2023,
1724,Scott Brothers (Dundee) Limited,206 Strathmartine Road Dundee DD3 8DE,Dundee City,DD3,"Dundee City,Scotland",United Kingdom,third-country,RM,CP,N,,CP - Cutting Plant,,
1218,Scott Meat Limited,Unit 5D Blochairn Industrial Estate Glasgow G21 2BN,Glasgow City,G21,Scotland,United Kingdom,third-country,RM,CP,N,bovine caprine ovine equine porcine,CP - Cutting Plant,05/06/2026,
2270,Select Poultry and Meat Ltd,27 - 29 Fowler Road Hainault Business Park,Ilford,IG3,"London,Greater London,England",United Kingdom,third-country,RM,CP,N,,CP - Cutting Plant,,
4868,Sessions Meat Supplies Limited,Units 2 & 3 Oaklands Business Park Arthur Drive Kidderminster,Worcestershire,DY11,"Worcestershire,West Midlands,England",United Kingdom,third-country,RM,CP,N,,CP - Cutting Plant,,
2898,Severn Valley Foodservice Limited,"Unit 1, Severn Ridges, Harlescott Lane, Shrewsbury, SY13AS",Shrewsbury,SY1,"Shropshire,West Midlands,England",United Kingdom,third-country,RM,CP,N,bovine caprine ovine porcine equine,CP - Cutting Plant,07/11/2024,
2569,Severn Valley Lamb Limited,Newtown Abattoir Stafford Road Newtown Great Wyrley WS6 6AY,Staffordshire,WS6,"Staffordshire,West Midlands,England",United Kingdom,third-country,RM,SH,Y,,SH - Slaughterhouse,,
2571,Shahzad Halal Butchers,593F Atlas Road Wembley HA9 0JH England,London,HA9,"London,Greater London,England",United Kingdom,third-country,RM,CP,N,,CP - Cutting Plant,,
5008,Shazan Foods Limited,Magdalen Street,Eye,IP23,"Suffolk,East of England,England",United Kingdom,third-country,RM,CP,N,,CP - Cutting Plant,,
2775,Sheikh Halal Limited,19 Gloucester Raod Luton LU1 3HX England,Luton,LU1,"Luton,East of England,England",United Kingdom,third-country,RM,CP,N,,CP - Cutting Plant,,
1026,"Simon D Hall, Anne M Hall & John D Hall (T/A Halls Poultry)",Rushyford Farm Rushyford DL17 0LJ,Ferryhill,DL17,"County Durham,North East England,England",United Kingdom,third-country,RM,CP,N,,CP - Cutting Plant,,
1680,Simon Howie Butchers Ltd,"Findony, Muckart Road, Dunning, Perthshire PH2 0RA",Dunning,PH2,"Perth and Kinross,Scotland",United Kingdom,third-country,RM,CP CS,N,,CP - Cutting Plant | CS - Cold Stores,,
2869,Simply Prime Meat Ltd,Unit 1 Langhedge Industrial Estate Langhedge Lane London N18 2TQ,London Borough of Enfield,N18,"London,Greater London,England",United Kingdom,third-country,RM,CP,N,bovine caprine ovine porcine equine,CP - Cutting Plant,28/11/2023,
2690,Simpson & Sons,Windy Bank Astwood Lane Astwood Bank Redditch B96 6HH England,Redditch,B96,"Worcestershire,West Midlands,England",United Kingdom,third-country,RM,CP,N,,CP - Cutting Plant,,
1756,Slmg Trading Ltd T/A Shetland Abattoir,Shetland Rural Centre Staneyhill Lerwick Shetlands ZE1 0NA,Shetland Islands,ZE1,"Shetland Islands,Scotland",United Kingdom,third-country,RM,CP,N,,CP - Cutting Plant,,
5102-0034,Smithfield Beef Company Ltd,Shop 34 Central Meat Markets,London,EC1,"London,Greater London,England",United Kingdom,third-country,RM,CP,N,,CP - Cutting Plant,,
GBR1163,Smiths Direct Butchers Ltd,"Unit 8, Block 22, Motherwell Park, Belgrave Street, Belshill ML4 3NZ",Bellshill,ML4,"North Lanarkshire,Scotland",United Kingdom,third-country,RM,CP,N,,CP - Cutting Plant,,
2298,South Downs Venison and Game Ltd,GU28 0LT The Old Dairy Manor Farm Duncton,Petworth,,"West Sussex,South East,England",United Kingdom,third-country,RM,CP,N,,CP - Cutting Plant,,
2091,Spenborough Abattoir Ltd,Headlands Road WF15 6PR,Liversedge,WF15,"Yorkshire and the Humber,England",United Kingdom,third-country,RM,CP SH,Y,,CP - Cutting Plant | SH - Slaughterhouse,,
2866,Spicetime,254 Summer Lane Birmingham B19 2PX,Birmingham,B19,"West Midlands Combined Authority,West Midlands,England",United Kingdom,third-country,RM,CP,N,bovine caprine ovine porcine equine,CP - Cutting Plant,03/10/2023,
4373,Staffordshire Meat Packers Ltd,New House Farm Werrington Road Bucknall,Stoke-on-Trent,ST2,"Stoke-on-Trent,West Midlands,England",United Kingdom,third-country,RM,CS CP SH,Y,,CS - Cold Stores | CP - Cutting Plant | SH - Slaughterhouse,,
2868,Standard Plus Limited,New Road Dudley West Midlands DY2 8SY,West Midlands Combined Authority,DY2,"West Midlands Combined Authority,West Midlands,England",United Kingdom,third-country,RM,CP,N,bovine caprine ovine porcine equine,CP - Cutting Plant,17/11/2023,
2584,Steakout Meat Company Limited,"102 Anchor Business Park, Beddington Lane, Croydon, CR0 4YX",Croydon,CR0,"London,Greater London,England",United Kingdom,third-country,RM,CP,N,bovine caprine ovine equine porcine,CP - Cutting Plant,27/03/2026,
2730,Stephens Fresh Foods Limited,"Units 10, 20, 21 Revenge Road Lordswood Industrial Estate Chatham ME58UD England",Chatham,ME5,"South East,England",United Kingdom,third-country,RM,CP,N,,CP - Cutting Plant,,
8231,Stillmans (Somerset) Ltd,Staplegrove Mills Staplegrove Taunton TA2 6PX,Taunton,TA2,"Somerset,South West England,England",United Kingdom,third-country,RM,CP SH,Y,,CP - Cutting Plant | SH - Slaughterhouse,27/07/2022,
1118,Stornoway Abattoir,"The Abattoir Rigs Road, Stornoway Isle-of-Lewis HS1 2RF",Stornoway,HS1,"Western Isles,Scotland",United Kingdom,third-country,RM,CP,N,,CP - Cutting Plant,,
2619,Subhan Halal Meat,Unit 13/19 Wadsworth Road London UB6 7JD,London,UB6,"London,Greater London,England",United Kingdom,third-country,RM,CP,N,,CP - Cutting Plant,,
6383,Sultan ET Ltd,Unit 51 Millmead Industrial Estate Millmead Road,London,N17,"London,Greater London,England",United Kingdom,third-country,RM,CP,N,,CP - Cutting Plant,,
GBR1745,Supreme Food Processors,"Unit 7 Milton Road, Kirkintilloch, North Lanarkshire G66 1SY",Kirkintilloch,G66,"East Dunbartonshire,Scotland",United Kingdom,third-country,RM,CP,N,,CP - Cutting Plant,,
2544,Swaledale Butchers Ltd,Unit B Snaygill Industrial Estate Skipton BD23 2QR England,Skipton,BD23,"North Yorkshire,Yorkshire and the Humber,England",United Kingdom,third-country,RM,CP,N,,CP - Cutting Plant,,
1028,Swandean Fresh Meats Limited,Swandean Fresh Meats Limited Manor Parade Salvington Road BN13 2JP,West Sussex,BN13,"West Sussex,South East,England",United Kingdom,third-country,RM,CP,N,,CP - Cutting Plant,,
2489,Sykes House Farm Ltd,Walton Road Wetherby LS23 7DR,North Yorkshire,LS23,"North Yorkshire,Yorkshire and the Humber,England",United Kingdom,third-country,RM,CP,N,,CP - Cutting Plant,,
8241,T & H Lobb Limited,Penvercoe Farm Ruthern Bridge Withiel Bodmin PL30 5LY England,Withiel,PL30,"Cornwall,South West England,England",United Kingdom,third-country,RM,CP SH,Y,,CP - Cutting Plant | SH - Slaughterhouse,,
2967,T & S Enterprises (London) Limited,15 – 16 Finchley Road London NW11 0AL,London,NW11,"London,Greater London,England",United Kingdom,third-country,RM,CP,N,bovine caprine ovine porcine equine,CP - Cutting Plant,09/06/2026,
4367,T G SARGEANT AND SONS,Roycroft Farm Bramshall,Uttoxeter,ST14,"Staffordshire,West Midlands,England",United Kingdom,third-country,RM,CP CS SH,Y,,CP - Cutting Plant | CS - Cold Stores | SH - Slaughterhouse,,
4308-0027,T. & K. Meats Limited,Stall M27 Stanley Meat Market Prescot Road L13 3AS,Liverpool,L13,"North West England,England",United Kingdom,third-country,RM,CP,N,,CP - Cutting Plant,,
2296,THE EDEN VALLEY MEAT COMPANY LTD,Scarfoot Plumpton,Penrith,CA11,"Cumbria,North West England,England",United Kingdom,third-country,RM,CP,N,bovine caprine ovine porcine equine,CP - Cutting Plant,14/11/2025,
4792,TMC (Midlands) Limited,275 Harrington Street,Derby,DE23,"East Midlands,England",United Kingdom,third-country,RM,CP,N,,CP - Cutting Plant,,
2414,TOWERS THOMPSON MEXBOROUGH,Cliff Street Mexborough,Mexborough,S64,"Yorkshire and the Humber,England",United Kingdom,third-country,RM,CP,N,,CP - Cutting Plant,,
2012,TPB Foods Limted,Unit 12 Tonge Bridge Industrial Estate Tonge Bridge Way BL2 6BD,Bolton,BL2,"Greater Manchester,North West England,England",United Kingdom,third-country,RM,CP,N,,CP - Cutting Plant,,
4183,TTS MEATS,The Abattoir Snape Road Hurdsfield Industrial Estate,Macclesfield,SK10,"Cheshire East,North West England,England",United Kingdom,third-country,RM,CP,N,,CP - Cutting Plant,,
2605,Taste Tradition Limited,"Unit 1, Hanwell Lane, Hutton Conyers Ripon HG4 5BF",Ripon,HG4,"North Yorkshire,Yorkshire and the Humber,England",United Kingdom,third-country,RM,CP,N,,CP - Cutting Plant,,
2307,Taylors Catering Foods Ltd,Unit 12a-14 Shaw Lane Industrial Estate Stoke Prior,Bromsgrove,B60,"Worcestershire,West Midlands,England",United Kingdom,third-country,RM,CP,N,,CP - Cutting Plant,,
2938,Thatcham Butchers Limited,"Unit B, Kennetside, Bone Lane, Newbury, RG14 5PX",Newbury,RG14,"West Berkshire,South East,England",United Kingdom,third-country,RM,CP,N,bovine caprine porcine ovine equine,CP - Cutting Plant,16/09/2025,
1184,The Ardgay Game Factory Ltd,Southside Estate Bonar Bridge Sutherland IV24 3AP,Sutherland,IV24,Scotland,United Kingdom,third-country,RM,CP,N,,CP - Cutting Plant,,
2854,The Aurox Beef Company Ltd,2a - 2b Crompton Way Fareham PO15 5SS,Fareham,PO15,"Hampshire,South East,England",United Kingdom,third-country,RM,CP,N,bovine caprine ovine porcine equine,CP - Cutting Plant,13/06/2023,
2837,The Blackmore Vale Butchery,"Unit 1a Hardings Business Centre, Bowbridge, Henstridge, Somerset, BA80TF",Henstridge,BA8,"Somerset,South West England,England",United Kingdom,third-country,RM,CP,N,,CP - Cutting Plant,31/08/2022,
2656,The Catering Butcher,216 Sutherland Road Longton ST3 1JB,Longton,ST3,"Stoke-on-Trent,West Midlands,England",United Kingdom,third-country,RM,CP,N,,CP - Cutting Plant,,
2794,The Food Barn Ltd,The Old House Braybrooke Road Market Harborough Leicestershire LE16 8AD,Market Harborough,LE16,"Leicestershire,East Midlands,England",United Kingdom,third-country,RM,CP,N,,CP - Cutting Plant,,
7006,The Food Technology Centre,Coleg Menai Ffordd Penmynydd Llangefni,Isle of Anglesey,LL77,Wales,United Kingdom,third-country,RM,CP,N,,CP - Cutting Plant,,
2835,The Freedown Meat Company Limited,Unit 44 London Stone Business Estate Broughton Street London SW8 3QR,London,SW8,"London,Greater London,England",United Kingdom,third-country,RM,CP,N,bovine caprine ovine equine porcine,CP - Cutting Plant,03/02/2026,
2817,The Green Butcher,"Unit 2, 18 Mereway Road Twickenham TW2 6RG",London Borough of Richmond upon Thames,TW2,"London,Greater London,England",United Kingdom,third-country,RM,CP,N,,CP - Cutting Plant,02/12/2021,
2018,The London Meat Company Limited,Unit 5 Crown Way,West Drayton UB7 8HZ,,"London,Greater London,England",United Kingdom,third-country,RM,CP,N,bovine caprine porcine ovine equine,CP - Cutting Plant,30/03/2023,
2828,The Meat Men Limited,"Church Farm, Church Lane, Kingston St mary, Taunton, TA28HR",Kingston St Mary,TA2,"Somerset,South West England,England",United Kingdom,third-country,RM,CP,N,,CP - Cutting Plant,12/04/2022,
2969,The Newt In Somerset,Avalan Farm Galhampton Hill Galhampton BA22 7AE,Galhampton,BA22,"Somerset,South West England,England",United Kingdom,third-country,RM,CP,N,bovine caprine ovine porcine equine,CP - Cutting Plant,23/06/2026,
2189,The Quality Meat Company Limited,6 Chertsey Road,Windlesham,GU20,"Surrey,South East,England",United Kingdom,third-country,RM,CP,N,,CP - Cutting Plant,,
5503,The Rare Breed Meat Company Ltd,Herons Farm Colne Road,Coggeshall,CO6,"Essex,East of England,England",United Kingdom,third-country,RM,CP,N,,CP - Cutting Plant,,
2597,The Woodhouse Butchery Ltd,Unit 2B Burrell Road Haywards Heath RH16 1TW,Haywards Heath,RH16,"West Sussex,South East,England",United Kingdom,third-country,RM,CP CS,N,,CP - Cutting Plant | CS - Cold Stores,,
1087,Thomas Stratton,The Meat Depot The Street Bramford IP8 4DU,Ipswich,IP8,"Suffolk,East of England,England",United Kingdom,third-country,RM,CP,N,,CP - Cutting Plant,,
2066,Thompson (Wholesale Meat) Ltd,Marshall Green Abattoir Witton-le-Wear Bishop Auckland DL14 0AQ,County Durham,DL14,"County Durham,North East England,England",United Kingdom,third-country,RM,CP SH,Y,,CP - Cutting Plant | SH - Slaughterhouse,,
2494,Thompsons Food Service Ltd,26-28 Southgates Road Great Yarmouth NR30 3LL England,Great Yarmouth,NR30,"Norfolk,East of England,England",United Kingdom,third-country,RM,CP,N,,CP - Cutting Plant,,
1024,Thorners,Bridge Farm Shop Pylle BA4 6TA,Shepton Mallet,BA4,"Somerset,South West England,England",United Kingdom,third-country,RM,CP,N,,CP - Cutting Plant,,
1243,Thos A Shaw T/A Shaws Fine Meats,"12 Market Place, Lauder, TD2 6SR",Lauder,TD2,"Scottish Borders,Scotland",United Kingdom,third-country,RM,CP,N,bovine caprine ovine porcine equine,CP - Cutting Plant,29/10/2025,
2645,Todenham Manor Farm,Lower Farm Todenham GL56 9PQ,Todenham,GL56,"Gloucestershire,South West England,England",United Kingdom,third-country,RM,CP,N,,CP - Cutting Plant,,
6223,Towers Thompson Ltd,Unit 7 Norway Road Hilsea,Portsmouth,PO3,"South East,England",United Kingdom,third-country,RM,CP,N,,CP - Cutting Plant,,
1065,Traymoor Ltd,Kingston Matching Lane White Roding CM6 1RP,Essex,CM6,"Essex,East of England,England",United Kingdom,third-country,RM,CP,N,,CP - Cutting Plant,,
2966,TreestoneUK Limited,The Ware House Rear of 2/2A Cambridge Road New Malden KT3 3PX,London,KT3,"London,Greater London,England",United Kingdom,third-country,RM,CP,N,bovine caprine porcine ovine equine,CP - Cutting Plant,02/06/2026,
1014,Trendy Foods Ltd,Unit 8 Rosebery Avenue N17 9SR,London,N17,"London,Greater London,England",United Kingdom,third-country,RM,CP,N,,CP - Cutting Plant,,
1150,Turkish Double Doner Kebab Company,"84 Glentanar Road, Balmore Industrial Estate, Glasgow G22 7XS",Glasgow City,G22,Scotland,United Kingdom,third-country,RM,CP,N,,CP - Cutting Plant,,
2462,Turner & Price Ltd,Wiltshire Road,Hull,HU4,"Kingston upon Hull,Yorkshire and the Humber,England",United Kingdom,third-country,RM,CP,N,,CP - Cutting Plant,,
4873,Udale Speciality Foods Ltd,Schola Green Lane,Morecambe,LA4,"Lancashire,North West England,England",United Kingdom,third-country,RM,CP,N,,CP - Cutting Plant,,
2119,Umutet Limited,Unit 4B Triumph Trading Estate Traiff Road N17 0EB,London,N17,"London,Greater London,England",United Kingdom,third-country,RM,CP,N,,CP - Cutting Plant,,
2227,Underwood Meat Company Limited,Unit 4 Corium House Douglas Drive,Godalming,GU7,"Surrey,South East,England",United Kingdom,third-country,RM,CP,N,,CP - Cutting Plant,,
4529,Underwood Meat Company Limited,Park Road Holmewood Industrial Park,Chesterfield,S42,"Derbyshire,East Midlands,England",United Kingdom,third-country,RM,CP,N,,CP - Cutting Plant,,
2464,Underwood Meat Company Ltd,15 Ashley Business Court Rawmarsh Road,Rotherham,S60,"Yorkshire and the Humber,England",United Kingdom,third-country,RM,CP,N,,CP - Cutting Plant,,
8165,Universal Traders Gloucester Ltd,The Flatt The Abattoir Minsterworth Gloucester GL2 8JX,Gloucester,GL2,"Gloucestershire,South West England,England",United Kingdom,third-country,RM,CP SH,Y,,CP - Cutting Plant | SH - Slaughterhouse,,
8037,University of Bristol,The Abattoir Langford House Langford BS40 5DU,Langford,BS40,"North Somerset,South West England,England",United Kingdom,third-country,RM,CP SH,Y,,CP - Cutting Plant | SH - Slaughterhouse,,
4333,University of Nottingham,University of Nottingham Sutton Bonington Campus,Nottinghamshire,LE12,"Nottinghamshire,East Midlands,England",United Kingdom,third-country,RM,CP SH,Y,,CP - Cutting Plant | SH - Slaughterhouse,,
7164,Usk Vale Poultry Ltd,Maesmawr Farm Glascoed,Pontypool,NP4,"Torfaen,Wales",United Kingdom,third-country,RM,CP,N,,CP - Cutting Plant,30/08/2022,
5478,Vatan Catering Ltd,"37-43 Mill Mead Industrial Centre Mill Mead Road,Tottenham Hale",London,N17,"London,Greater London,England",United Kingdom,third-country,RM,CP,N,,CP - Cutting Plant,,
6344,Vicars Game Ltd,The Old Dairy Casey Fields Farm Ashampstead Newbury,West Berkshire,RG8,"West Berkshire,South East,England",United Kingdom,third-country,RM,CP,N,,CP - Cutting Plant,,
1505,Vivers Scotlamb Ltd,"Dornocktown, Eastriggs, Annan DG12 6SU",Annan,DG12,"Dumfries and Galloway,Scotland",United Kingdom,third-country,RM,SH CP,Y,,SH - Slaughterhouse | CP - Cutting Plant,,
5102/0014,Vixelli Limited,Unit 14 East Market Building London Central Markets London,London,EC1,"London,Greater London,England",United Kingdom,third-country,RM,CP,N,,CP - Cutting Plant,,
4420,W & G Yates (Yieldfields) Limited,203 Station Street Cheslyn Hay,Staffordshire,WS6,"Staffordshire,West Midlands,England",United Kingdom,third-country,RM,CP,N,,CP - Cutting Plant,,
2143,W A FOODS,5 Pomona Road PO37 6PF,Shanklin,PO37,"Isle of Wight,South East,England",United Kingdom,third-country,RM,CP CP,N,,CP - Cutting Plant | CP - Cutting Plant,,
4195,W Barton & Sons Limited,144 Heysham Road,Macclesfield,SK10,"Cheshire East,North West England,England",United Kingdom,third-country,RM,CP,N,,CP - Cutting Plant,,
4295,W JAMES,894 Leek New Road Baddeley Green,Stoke-on-Trent,ST2,"Stoke-on-Trent,West Midlands,England",United Kingdom,third-country,RM,SH,Y,,SH - Slaughterhouse,,
4331,W Nixon & Sons Ltd,Outwood Farm Bolshaw Road,Manchester,SK8,"Greater Manchester,North West England,England",United Kingdom,third-country,RM,CP SH,Y,,CP - Cutting Plant | SH - Slaughterhouse,,
8229,W S CLARKE & SONS,55 High Street Sixpenny Handley Salisbury SP5 5ND,Salisbury,SP5,"Wiltshire,South West England,England",United Kingdom,third-country,RM,SH,Y,,SH - Slaughterhouse,,
1672,W W Wales Limited,"Unit 4, Glencairn Ind Est, Kilmarnock KA1 4AY",Kilmarnock,KA1,"East Ayrshire,Scotland",United Kingdom,third-country,RM,CS CP,N,,CS - Cold Stores | CP - Cutting Plant,,
2779,W. Wing Yip PLC,375 Nechells Park Road Nechells Birmingham B7 5NT England,Birmingham,B7,"West Midlands Combined Authority,West Midlands,England",United Kingdom,third-country,RM,CP,N,,CP - Cutting Plant,,
4827,WALKERS MIDSHIRE FOODS (SAUSAGE),72-88 Cobden Street,Leicester,LE1,"East Midlands,England",United Kingdom,third-country,RM,CP,N,,CP - Cutting Plant,,
2284,WALTER ROSE & SON,21/22 Sidmouth Street,Devizes,SN10,"Wiltshire,South West England,England",United Kingdom,third-country,RM,CP,N,,CP - Cutting Plant,,
4126,WEDDEL SWIFT DISTRIBUTION LTD,Riverside Industrial Estate,Market Harborough,LE16,"Leicestershire,East Midlands,England",United Kingdom,third-country,RM,CP,N,,CP - Cutting Plant,,
4330,WH & TR NEWTON T/A NEWTON BROTHERS,The Manor House Crewe Road Haslington,Crewe,CW1,"Cheshire East,North West England,England",United Kingdom,third-country,RM,SH,Y,,SH - Slaughterhouse,,
4381,WILLIAM TAYLOR & SON (PIG SALESMEN) LIMITED,336 Station Road Bamber Bridge,Preston,PR5,"Lancashire,North West England,England",United Kingdom,third-country,RM,CP SH,Y,,CP - Cutting Plant | SH - Slaughterhouse,,
7072,WJ George (Butchers) Ltd,Cross House High Street Talgarth,Brecon,LD3,"Powys,Wales",United Kingdom,third-country,RM,SH,Y,,SH - Slaughterhouse,,
6388,WOBURN COUNTRY FOODS,The Old Grain Store West End Farm Haynes West End,Bedford,MK45,"Bedford,East of England,England",United Kingdom,third-country,RM,CP,N,,CP - Cutting Plant,,
4471,WOODHEAD BROS,The Abattoir Junction Street Whitewalls Industrial Estate,Colne,BB8,"Lancashire,North West England,England",United Kingdom,third-country,RM,CP SH,Y,,CP - Cutting Plant | SH - Slaughterhouse,,
5513,WOODHEAD BROS,Brunel Road Wardentree Industrial Estate,Spalding,PE11,"Lincolnshire,East Midlands,England",United Kingdom,third-country,RM,CP SH,Y,,CP - Cutting Plant | SH - Slaughterhouse,,
2382,Walkers Midshire Foods (Ham),78 - 88 Cobden Street Leicester England,Leicester,LE1,"East Midlands,England",United Kingdom,third-country,RM,CP,N,,CP - Cutting Plant,,
6403,Walton Meats Ltd,"3, New Parade Church Street",Ashford,TW15,"Surrey,South East,England",United Kingdom,third-country,RM,CP,N,,CP - Cutting Plant,,
2484,Warren Butterworth Catering Butchers Ltd,Unit 5 Westway Industrial Park Throckley Newcastle-upon-tyne,Throckley,NE15,"North East England,England",United Kingdom,third-country,RM,CP,N,,CP - Cutting Plant,,
2825,Warrendale Wagyu Limited,"Quarry House Cattle Hill, Warter Pocklington York YO42 1XG",Warter,YO42,"East Riding of Yorkshire,Yorkshire and the Humber,England",United Kingdom,third-country,RM,CP,N,,CP - Cutting Plant,01/03/2022,
4396,Weddel Swift Distribution Limited,Knutsford Way Sealand Trading Estate,Chester,CH1,"Cheshire West and Chester,North West England,England",United Kingdom,third-country,RM,CP,N,,CP - Cutting Plant,,
6222,Weddel Swift Distribution Limited,Unit 1 Portsmouth Wholesale Meat Norway Road Hilsea,Portsmouth,PO3,"South East,England",United Kingdom,third-country,RM,CP,N,,CP - Cutting Plant,,
4394,Weddel Swift Distribution Limited,Hickman Avenue,Wolverhampton,WV1,"West Midlands Combined Authority,West Midlands,England",United Kingdom,third-country,RM,CP CS,N,,CP - Cutting Plant | CS - Cold Stores,,
6141,Weddel Swift Distribution Ltd,Cow Lane Wincheap Industrial Estate,Canterbury,CT1,"Kent,South East,England",United Kingdom,third-country,RM,CP,N,,CP - Cutting Plant,,
2312,Weddel Swift Distribution Ltd,Unit 300 Felnex Close Pontefract Lane,Leeds,LS9,"Yorkshire and the Humber,England",United Kingdom,third-country,RM,CP,N,,CP - Cutting Plant,,
7200,Weddel Swift Distribution Ltd,Abergarw Trading Estate Brynmenyn,Bridgend,CF32,"Bridgend,Wales",United Kingdom,third-country,RM,CP,N,,CP - Cutting Plant,,
8383,Weddel Swift Distribution Ltd,Unit 29 Greendale Business Park Woodbury Salterton Exeter EX5 1EW England,Exeter,EX5,"Devon,South West England,England",United Kingdom,third-country,RM,CP,N,,CP - Cutting Plant,,
5224,Weddel Swift Distribution Ltd,Concorde Road St Faith's Industrial .Estate,Norwich,NR6,"Norfolk,East of England,England",United Kingdom,third-country,RM,CP,N,,CP - Cutting Plant,,
4398,Weddel Swift Distribution Ltd,Unit 5 Gorrels Way Trans Pennine Industrial Estate,Rochdale,OL11,"Greater Manchester,North West England,England",United Kingdom,third-country,RM,CP,N,,CP - Cutting Plant,,
2257,Weddel Swift Distribution Ltd,52-64 English Street,Kingston upon Hull,HU3,"East Riding of Yorkshire,Yorkshire and the Humber,England",United Kingdom,third-country,RM,CP,N,,CP - Cutting Plant,,
6402,Wells Farm Supplies Ltd,Unit 4 Sham Farm Eridge,Tunbridge Wells,TN3,"Kent,South East,England",United Kingdom,third-country,RM,CP,N,,CP - Cutting Plant,,
7191,Welsh Farm Organics & Graig Farm Organics,Tyn-y-fron Mochdre,Newtown,SY16,"Powys,Wales",United Kingdom,third-country,RM,CP,N,,CP - Cutting Plant,,
2138,West Scottish Lamb Ltd,The Abattoir Brunthill Road Kingstown Industrial Estate CA3 0EH,Carlisle,CA3,"Cumbria,North West England,England",United Kingdom,third-country,RM,CP SH,Y,,CP - Cutting Plant | SH - Slaughterhouse,,
2139,Western Meats Limited,The Abattoir Snowdrop Villa Ayside LA11 6JE,Grange-over-Sands,LA11,"Cumbria,North West England,England",United Kingdom,third-country,RM,CP SH,Y,,CP - Cutting Plant | SH - Slaughterhouse,,
4390,Westgate Frozen Foods Ltd,Unit 39a The Old Silk Mill Chapel Lane,Galgate,LA2,"Lancashire,North West England,England",United Kingdom,third-country,RM,CP CS,N,,CP - Cutting Plant | CS - Cold Stores,,
2777,Westmorland,Westmorland Place Orton Penrith CA103SB England,Penrith,,"Cumbria,North West England,England",United Kingdom,third-country,RM,CP,N,,CP - Cutting Plant,,
5499,Wicks Manor,Wicks Manor Farm Wickham Road Tolleshunt Major Maldon CM9 8JU,Mundon,CM9,"Essex,East of England,England",United Kingdom,third-country,RM,CP,N,,CP - Cutting Plant,,
1234.,Wild Jura Ltd T/A Wild Jura,Coille Croft Keils Isle of Jura PA60 7XG,Argyll and Bute,PA60,"Argyll and Bute,Scotland",United Kingdom,third-country,RM,CP,N,bovine caprine ovine porcine equine,CP - Cutting Plant,17/12/2024,
1685.,WildScot Gamedealer Limited T/A The Scottish Venison Company,Unit 3 Balmacassie Ind Est Broomiesburn Road Elton Aberdeenshire AB41 9RD,Ellon,AB41,"Aberdeenshire,Scotland",United Kingdom,third-country,RM,CP,N,,CP - Cutting Plant,,
7046,William Arthur James (T/A WA James Butchers),Raglan Abattoir Crown Square,Raglan,NP15,"Monmouthshire,Wales",United Kingdom,third-country,RM,CP SH,Y,,CP - Cutting Plant | SH - Slaughterhouse,,
GBR1692,"William G Young, William G Young (Jnr), John Young, Elizabeth Young T/A W.G. Young","Overton Farm, Crossford, Carluke, Lanarkshire ML8 5QF",Carluke,ML8,"South Lanarkshire,Scotland",United Kingdom,third-country,RM,CP,N,,CP - Cutting Plant,,
5102/0006,William Warman & Guttridge Limited,Unit 6 East Market Building London Central Markets London,London,EC1,"London,Greater London,England",United Kingdom,third-country,RM,CP,N,,CP - Cutting Plant,,
5102/0012,William Warman & Guttridge Limited,Unit 12 East Market Building London Central Markets London,London,EC1,"London,Greater London,England",United Kingdom,third-country,RM,CP,N,,CP - Cutting Plant,,
5102/0008,William Warman & Guttridge Limited,Units 8 & 10 East Market Building London Central Markets London,London,EC1,"London,Greater London,England",United Kingdom,third-country,RM,CP,N,bovine caprine ovine porcine equine,CP - Cutting Plant,24/10/2025,
2246,William White Meats Limited,32-36 Thurrock Commercial Centre Purfleet Industrial Park,South Ockendon,RM15,"Thurrock,East of England,England",United Kingdom,third-country,RM,CP,N,,CP - Cutting Plant,,
7069,Williams Lloyd Williams and Son Limited,The Slaughterhouse Gas Works Lane,Machynlleth,SY20,"Powys,Wales",United Kingdom,third-country,RM,CP SH,Y,,CP - Cutting Plant | SH - Slaughterhouse,,
4723,Willo Game Ltd,Mid Shires Food Park Norbury,Bishop's Castle,SY9,"Shropshire,West Midlands,England",United Kingdom,third-country,RM,CP,N,,CP - Cutting Plant,,
2557,Wiltshire Bacon Company,Unit 27 Marsh Farm Marsh Road Hilperton Trowbridge BA14 7PJ,Trowbridge,BA14,"Wiltshire,South West England,England",United Kingdom,third-country,RM,CP CS,N,,CP - Cutting Plant | CS - Cold Stores,,
1517,Wishaw Abattoir Limited,185 Caledonian Road Wishaw,Wishaw,ML2,"North Lanarkshire,Scotland",United Kingdom,third-country,RM,SH CP CS,Y,,SH - Slaughterhouse | CP - Cutting Plant | CS - Cold Stores,,
2241,Woolley Bros (Wholesale Meats) Ltd,Rother Valley Way Holbrook,Sheffield,S20,"Yorkshire and the Humber,England",United Kingdom,third-country,RM,CP SH,Y,,CP - Cutting Plant | SH - Slaughterhouse,,
4707,Wootton Organic Wholesale Ltd.,Wootton Estate Ramshorn Road Farley Oakamoor ST10 3BZ,Oakamoor,ST10,"Staffordshire,West Midlands,England",United Kingdom,third-country,RM,CP SH,Y,,CP - Cutting Plant | SH - Slaughterhouse,,
2666,Yeni Pinar Meat Centre Limited,"Unit 7 Leaseide Business Centre Milmarsh Lane, Enfield, London EN3 7BJ",London Borough of Enfield,EN3,"London,Greater London,England",United Kingdom,third-country,RM,CP,N,,CP - Cutting Plant,,
1725,Yorkes Of Dundee,30 Strathmartine Road Dundee Angus,Dundee City,DD3,"Dundee City,Scotland",United Kingdom,third-country,RM,CP,N,,CP - Cutting Plant,,
2909,Yorkshire Catering Butchers,Unit 2 7 Purwell Lane Batley WF17 5BH,Batley,WF17,"Yorkshire and the Humber,England",United Kingdom,third-country,RM,CP,N,bovine caprine ovine porcine equine,CP - Cutting Plant,17/12/2024,
2457,Yorkshire Dales Meat Co Ltd,Mill Close Farm Patrick Brompton Bedale,Bedale,DL8,"North Yorkshire,Yorkshire and the Humber,England",United Kingdom,third-country,RM,CP,N,,CP - Cutting Plant,,
2430,Yorkshire Halal Meat Limited,176 Wakefield Road Ossett,Ossett,WF5,"Yorkshire and the Humber,England",United Kingdom,third-country,RM,SH,Y,bovine caprine ovine porcine equine,SH - Slaughterhouse,02/09/2026,
2184,Yorkshire Premier Meat,Unit 56 South Kirkby,Pontefract,WF8,"Yorkshire and the Humber,England",United Kingdom,third-country,RM,CP,N,,CP - Cutting Plant,,
2253,Zabihah Ltd,Unit 9 Iron Bridge Close London NW10 0UF,London,NW10,"London,Greater London,England",United Kingdom,third-country,RM,CP,N,bovine caprine ovine equine porcine,CP - Cutting Plant,22/01/2026,
4725,2 Sisters (Wolverhampton) Limited,Gallus House Lincoln Street,Wolverhampton,WV10,"West Midlands Combined Authority,West Midlands,England",United Kingdom,third-country,PM,CP,N,,CP - Cutting Plant,,
4535,2 Sisters Food Group - Site B,"Unit 1,2 & 3 Howard Street Hill Top Industrial Estate",West Bromwich,B70,"West Midlands Combined Authority,West Midlands,England",United Kingdom,third-country,PM,CP,N,,CP - Cutting Plant,,
7009,2 Sisters Food Group Limited T/A 2 Sisters Sandycroft,Glendale Avenue Sandycroft Industrial Estate,Sandycroft,CH5,"Flintshire,Wales",United Kingdom,third-country,PM,CP SH,Y,,CP - Cutting Plant | SH - Slaughterhouse,,
8005,2 Sisters Food Group Ltd,"Willand, Cullompton EX15 2PJ",Cullompton,EX15,"Devon,South West England,England",United Kingdom,third-country,PM,CP SH,Y,,CP - Cutting Plant | SH - Slaughterhouse,,
2037,2 Sisters Food Group Ltd,Ram Boulevard Foxhills Industrial Park DN15 8QW,Scunthorpe,DN15,"North Lincolnshire,Yorkshire and the Humber,England",United Kingdom,third-country,PM,CP SH,Y,,CP - Cutting Plant | SH - Slaughterhouse,,
5011,2 Sisters Food Group Ltd,The Factory Flixton,Bungay,NR35,"Suffolk,East of England,England",United Kingdom,third-country,PM,CP SH,Y,,CP - Cutting Plant | SH - Slaughterhouse,,
4793,2 Sisters Food Group Ltd,Site D Dial Lane,West Bromwich,B70,"West Midlands Combined Authority,West Midlands,England",United Kingdom,third-country,PM,CP,N,,CP - Cutting Plant,,
1100,2 Sisters Food Group Ltd,"George Street, Coupar Angus PH13 9LU",Coupar Angus,PH13,"Perth and Kinross,Scotland",United Kingdom,third-country,PM,SH CP,Y,,SH - Slaughterhouse | CP - Cutting Plant,,
1241,313 Food Service Ltd,"101 Centre Street, Glasgow, G5 8BU",Glasgow City,G5,"Glasgow City,Scotland",United Kingdom,third-country,PM,CP,N,,CP - Cutting Plant,11/09/2025,
2874,A & B Catering Butchers,Unit 1 Woodlands Business Park Woodlands Park Avenue Maidenhead SL6 3UA,Maidenhead,SL6,"Windsor and Maidenhead,South East,England; A Poultry",United Kingdom,third-country,PM,CP,N,,CP - Cutting Plant,03/01/2024,
2720,A & F Meats Limited,Corporation Farm Hackmans Lane Chelmsford CM36RH,Chelmsford,CM3,"Essex,East of England,England",United Kingdom,third-country,PM,CP,N,,CP - Cutting Plant,,
2709,A & R Meats (NW) Limited,31c Girton Street Manchester M7 1UR Manchester,Greater Manchester,M7,"Greater Manchester,North West England,England",United Kingdom,third-country,PM,CP,N,,CP - Cutting Plant,,
2914,A 1 Diamond Halal Limited,"Unit 3, Essex Street, Bradford, BD4 7UA",Bradford,BD4,"Yorkshire and the Humber,England; A Poultry",United Kingdom,third-country,PM,CP,N,,CP - Cutting Plant,22/01/2025,
5028,A D HARVEY,Beech Farm Bunwell Norwich,Bunwell,NR16,"Norfolk,East of England,England",United Kingdom,third-country,PM,CP SH,Y,,CP - Cutting Plant | SH - Slaughterhouse,,
1095,A F Blakemore & Son Ltd,Unit 5 Featherstone WV10 7QZ,Wolverhampton,WV10,"West Midlands Combined Authority,West Midlands,England",United Kingdom,third-country,PM,CP,N,,CP - Cutting Plant,,
2501,A. J. Leese Turkeys Ltd,Goldhurst Farm Goldhurst Hollington Stoke-on-Trent ST10 4HY England,Hollington,ST10,"Staffordshire,West Midlands,England",United Kingdom,third-country,PM,CP SH,Y,,CP - Cutting Plant | SH - Slaughterhouse,,
4778,AB & S WHOLESALE MEATS,Units 13-14 Shield Drive Wardley Industrial Estate Worsley Mancester M28 2QB,Greater Manchester,M28,"Greater Manchester,North West England,England",United Kingdom,third-country,PM,CP,N,,CP - Cutting Plant,,
2949,ACS Meat Ltd,Unit 1 33 Frontier Work Queen Street London N17 8JA,London,N17,"London,Greater London,England; A Poultry",United Kingdom,third-country,PM,CP,N,,CP - Cutting Plant,27/01/2026,
4562,AHMED JEEWA & SONS,132 Wednesbury Road,Walsall,WS1,"West Midlands Combined Authority,West Midlands,England",United Kingdom,third-country,PM,SH,Y,,SH - Slaughterhouse,,
2853,AJ Food Packers Ltd,7 Mole Street Unit 1 Birmingham B11 1XA,Birmingham,B11,"West Midlands Combined Authority,West Midlands,England; A Poultry",United Kingdom,third-country,PM,CP,N,,CP - Cutting Plant,23/06/2026,
4816,ALI HALAL MEATS,Claycourt Building Crawford Street Rochdale,Rochdale,OL16,"Greater Manchester,North West England,England",United Kingdom,third-country,PM,CP,N,,CP - Cutting Plant,,
2742,Abbis Meat Ltd,Unit 12 Bull Lane Edmonton London N18 1SX England,London,N17,"London,Greater London,England",United Kingdom,third-country,PM,CP,N,,CP - Cutting Plant,,
7220,Abdul's Poultry Ltd,25 Tudor Lane Riverside,Cardiff,CF11,"Cardiff,Wales",United Kingdom,third-country,PM,CS CP,N,,CS - Cold Stores | CP - Cutting Plant,,
4308-0039,Adam Halal Butchery Liverpool Ltd,Liverpool Meat and Fish Market Prescot Road Old Swan Liverpool L13 3AS,Liverpool,L13,"North West England,England",United Kingdom,third-country,PM,CP,N,,CP - Cutting Plant,18/10/2022,
2324,Adam Halal Foods Limited,Blews Street,Birmingham,B6,"West Midlands Combined Authority,West Midlands,England",United Kingdom,third-country,PM,CP,N,,CP - Cutting Plant,,
4744,Adlington Ltd,"Unit 5, Orchard Industrial Estate, Toddington, Cheltenham, GL54 5EB",Gloucestershire,GL54,"Gloucestershire,South West England,England",United Kingdom,third-country,PM,CP,N,,CP - Cutting Plant,01/09/2026,
1000,Ahmed Brothers Halal Ltd,Maple Court B66 1RB,Smethwick,B67,"West Midlands Combined Authority,West Midlands,England",United Kingdom,third-country,PM,CP,N,,CP - Cutting Plant,,
2059,Aire Valley Frozen Foods Ltd,Unit 12 Valley Road BD21 4LZ,Keighley,BD21,"Yorkshire and the Humber,England",United Kingdom,third-country,PM,CP,N,,CP - Cutting Plant,,
2698,Al Barakah Meats Ltd,Unit 44 High View Close Leicester LE4 9LJ England,Leicestershire,LE4,"Leicestershire,East Midlands,England",United Kingdom,third-country,PM,CP,N,,CP - Cutting Plant,,
2961,Al Madina Halal Meat & Poultry Limited,"7 Napier Street, Coventry, CV1 5PR",Coventry,CV1,"West Midlands Combined Authority,West Midlands,England; A Poultry",United Kingdom,third-country,PM,CP,N,,CP - Cutting Plant,28/04/2026,
2563,Al-Noor Poultry Limited,66 Cheapside Deritend Birmingham B12 0PG,Birmingham,B12,"West Midlands Combined Authority,West Midlands,England",United Kingdom,third-country,PM,CP CS,N,,CP - Cutting Plant | CS - Cold Stores,,
2677,Ali's Raw Meat Ltd,Unit 9 14 Bull Lane Edmonton N18 1SX,London Borough of Enfield,N18,"London,Greater London,England",United Kingdom,third-country,PM,CP,N,,CP - Cutting Plant,,
4578,Althams Butchers,Northgate White Lund Industrial Estate,Lancashire,LA3,"Lancashire,North West England,England",United Kingdom,third-country,PM,CP,N,,CP - Cutting Plant,,
2155,Andrews of Cambridge,Unit 1 The Brickyards Industrial Estate Coldhams Road CB1 3EW,Cambridge,CB1,"Cambridgeshire,East of England,England",United Kingdom,third-country,PM,CP,N,,CP - Cutting Plant,,
4163,Arthur J Granby & Sons (Liverpool) Ltd,8 Summers Road Brunswick Business Park,Liverpool,L3,"North West England,England",United Kingdom,third-country,PM,CP,N,,CP - Cutting Plant,,
6213,Arun Meat & Livestock Company Ltd,Unit 3 Portsmouth Wholesale Meat Norway Road Hilsea,Portsmouth,PO3,"South East,England",United Kingdom,third-country,PM,CP,N,,CP - Cutting Plant,,
4806,Ashik Chicken Kebabs Ltd,Unit 1 Hare Street Bilston,Wolverhampton,WV14,"West Midlands Combined Authority,West Midlands,England",United Kingdom,third-country,PM,CP,N,,CP - Cutting Plant,,
1060,Ashlyns Catering Limited,High Laver Hall High Laver Ongar Essex CM5 0DU,Essex,CM5,"Essex,East of England,England; A Poultry",United Kingdom,third-country,PM,CP,N,,CP - Cutting Plant,25/11/2024,
2841,Asko Foods Limited,1 Valley Farm Station Road Royston SG8 6JP,Hertfordshire,SG8,"Hertfordshire,East of England,England; A Poultry",United Kingdom,third-country,PM,CP,N,,CP - Cutting Plant,19/09/2023,
2965,Atlas Doner Co Ltd,Unit D1 Hastingwood Trading Estate Harbet Road London N183HT,London,N18,"London,Greater London,England; A Poultry",United Kingdom,third-country,PM,CP,N,,CP - Cutting Plant,05/06/2026,
1006,Aubrey Allen Limited,Unit 1 Siskin Parkway East Middlemarch Business Park CV3 4AD,Coventry,CV3,"West Midlands Combined Authority,West Midlands,England",United Kingdom,third-country,PM,CP,N,,CP - Cutting Plant,,
2759,B & B Meat Ltd,Unit 4 Leaside Business Centre Millmarsh Lane Enfield EN37BJ England,London Borough of Enfield,EN3,"London,Greater London,England",United Kingdom,third-country,PM,CP,N,,CP - Cutting Plant,,
GB5430,BEN RIGBY GAME LTD,"ATHERSTONE LODGE, FAMBRIDGE ROAD, MUNDON MALDON ESSEX CM9 6NL",Essex,CM9,"Essex,East of England,England",United Kingdom,third-country,PM,CP,N,,CP - Cutting Plant,,
2800,BS Meat Trading Ltd,Unit 7 14 Bull Lane London N18 1SX,London Borough of Enfield,N18,"London,Greater London,England",United Kingdom,third-country,PM,CP,N,,CP - Cutting Plant,,
5464,Banham Poultry (2018) Ltd,Station Road,Attleborough,NR17,"Norfolk,East of England,England",United Kingdom,third-country,PM,CP SH,Y,,CP - Cutting Plant | SH - Slaughterhouse,,
2905,Baran Meat Ltd,Unit 10b Triumph Trading Estate Tariff Road London N17 0EB,London,N17,"London,Greater London,England; A Poultry",United Kingdom,third-country,PM,CP,N,,CP - Cutting Plant,29/10/2024,
2125,Barbican Supplies Ltd,26-30 Bernard Road N15 4NE,London,N15,"London,Greater London,England",United Kingdom,third-country,PM,CP,N,,CP - Cutting Plant,,
2453,Barkers Yorkshire Butchers Limited,Unit 1 Gargrave Road Skipton BD23 1UD England,Skipton,BD23,"North Yorkshire,Yorkshire and the Humber,England",United Kingdom,third-country,PM,CP,N,,CP - Cutting Plant,,
2822,Beech Ridge Farm,Beech Ridge Farm Hockworthy TA21 0NP,Somerset,TA21,"Somerset,South West England,England",United Kingdom,third-country,PM,CP SH,Y,,CP - Cutting Plant | SH - Slaughterhouse,23/08/2022,
2716,Bell Wholesale Limited,18 Randlesdown Road London SE6 3BT England,London,SE6,"London,Greater London,England",United Kingdom,third-country,PM,CP,N,,CP - Cutting Plant,,
2547,Ben Creese Country Butchers Ltd,Units B & C Pillows Green Road Corse Gloucester GL19 3NX,Gloucestershire,GL19,"Gloucestershire,South West England,England",United Kingdom,third-country,PM,CP,N,,CP - Cutting Plant,,
6156,Berkshire Meat Traders Limited,Deacon Way Tilehurst,Reading,RG30,"Reading,South East,England",United Kingdom,third-country,PM,CP,N,,CP - Cutting Plant,,
6343,Berkshire Meat Traders Ltd,3 Gresham Way Tilehurst,Reading,RG30,"Reading,South East,England",United Kingdom,third-country,PM,CP,N,,CP - Cutting Plant,,
2787,Bernard Matthew Foods Limited,North Site - Factory 3 Hall Road Great Witchington Norwich NR9 5QD,Norwich,NR9,"Norfolk,East of England,England",United Kingdom,third-country,PM,CP,N,,CP - Cutting Plant,,
2810,Bernard Matthews Foods (Derby) Limited,Sir Francis Ley Industrial Park 37 Shaftesbury Street Derby DE23 8YH,Derbyshire,DE23,"Derbyshire,East Midlands,England",United Kingdom,third-country,PM,CP,N,,CP - Cutting Plant,,
5049,Bernard Matthews Foods Limited,Scalesbrook Lane Holton St Peter Halesworth IP19 8NJ England,Halesworth,IP19,"Suffolk,East of England,England",United Kingdom,third-country,PM,CP SH,Y,,CP - Cutting Plant | SH - Slaughterhouse,,
2487,Best Meat (UK) Ltd,4-8 Houghton Road Universal Crescent North Anston Sheffield S25 4NZ,Dinnington,S25,"Yorkshire and the Humber,England",United Kingdom,third-country,PM,CP,N,,CP - Cutting Plant,,
4308-0036,Bexleys Limited,Units 36 and 37 Stanley Meat Market Prescot Road,Liverpool,L13,"North West England,England",United Kingdom,third-country,PM,CP,N,,CP - Cutting Plant,,
2757,Beyran Meat Ltd,Unit A07 Hastingwood Trading Estate Harbet Road Enfield N183HT England,London,N17,"London,Greater London,England",United Kingdom,third-country,PM,CP,N,,CP - Cutting Plant,,
1621,Bidfresh Limited,"Unit 4, Sherwood Ind Est, Bonnyrigg, Midlothian EH19 3LW",Bonnyrigg,EH19,"Midlothian,Scotland",United Kingdom,third-country,PM,CP,N,,CP - Cutting Plant,,
1061,Bidfresh Ltd T/A Campbell Bros,2 Tom Cribb Road Woolwich SE28 0FN,London,SE28,"London,Greater London,England",United Kingdom,third-country,PM,CP,N,,CP - Cutting Plant,,
2934,Big Bird Poultry Ltd,"224 Briscoe Lane, Manchester, M40 2XG",Manchester,M40,"Greater Manchester,North West England,England; A Poultry",United Kingdom,third-country,PM,CP,N,,CP - Cutting Plant,09/09/2025,
6358,Billfields of London Limited,Units 55-83 Blundell Street London N7 9BN,London,N7,"London,Greater London,England",United Kingdom,third-country,PM,CP,N,,CP - Cutting Plant,,
2793,Bingol Meat Limited,Units 1 Frontier Works 33 Queen Street London N17 8JA,London,N17,"London,Greater London,England",United Kingdom,third-country,PM,CP,N,,CP - Cutting Plant,,
6118,Blakes Meats Limited,"Unit 2 & 3, Brighton Meat Market, Upper Hollingdean Road, Brighton, BN1 7GW",Brighton,BN1,"Brighton and Hove,South East,England",United Kingdom,third-country,PM,CP,N,,CP - Cutting Plant,10/09/2026,
2166,Block and Cleaver Limited,Unit 4M Button Street Business Park Button Street BR8 8DX,Swanley Village,BR8,"Kent,South East,England",United Kingdom,third-country,PM,CP,N,,CP - Cutting Plant,,
1018,Bodiam Meat Company,Units 4 - 7 Beeching Park Industrial Estate Wainwright Road TN39 3UR,Bexhill,TN39,"East Sussex,South East,England",United Kingdom,third-country,PM,CP,N,,CP - Cutting Plant,,
2624,Bolton Halal Meat & Poultry Limited,Unit 11 Wharf Mill Business Centre Kirkebrok Road Bolton BL3 4JE,Bolton,BL3,"Greater Manchester,North West England,England",United Kingdom,third-country,PM,CP,N,,CP - Cutting Plant,,
1738,Braehead Foods Ltd,Unit 7 Moorfield North Industrial Park Kilmarnock,Kilmarnock,KA2,Scotland,United Kingdom,third-country,PM,CP,N,,CP - Cutting Plant,,
4834,Brendan Anderton Butchers Ltd,"The Old Barn, Higher College Farm Lower Road Hothersall",Preston,PR3,"Lancashire,North West England,England",United Kingdom,third-country,PM,CP,N,,CP - Cutting Plant,,
8380,Brian Etherington Meat Company,Wheal Rose Scorrier Redruth TR16 5DF England,Scorrier,TR16,"Cornwall,South West England,England",United Kingdom,third-country,PM,CP,N,,CP - Cutting Plant,,
5522,British Premium Meats Limited,32 Hyde Way,Welwyn Garden City,AL7,"Hertfordshire,East of England,England",United Kingdom,third-country,PM,CP,N,,CP - Cutting Plant,,
1217,Browns Food Group T/A The Scottish Gourmet,"Station Road, Biggar ML12 6LP",Biggar,ML12,"South Lanarkshire,Scotland",United Kingdom,third-country,PM,CP,N,,CP - Cutting Plant,,
1704,Burnside Farm Foods,"Burnside Farm, Rutherford, Kelso, Roxburghshire TD5 8NR",Kelso,TD5,"Scottish Borders,Scotland",United Kingdom,third-country,PM,CP,N,,CP - Cutting Plant,,
2541,Burts Catering Butchers Limited,Unit 25 Elva Way Bexhill On Sea TN39 5BF England,Bexhill,TN39,"East Sussex,South East,England",United Kingdom,third-country,PM,CP,N,,CP - Cutting Plant,,
6381,Butcher & Edmonds Ltd,Hereford House 15 Cranmer Road,London,SW9,"London,Greater London,England",United Kingdom,third-country,PM,CP,N,,CP - Cutting Plant,,
2622,Buxton Butchers Ltd,Unit 22 Marsh Lane Industrial Estate Portbury Bristol BS20 0NH,Bristol,BS20,"City of Bristol,South West England,England",United Kingdom,third-country,PM,CP,N,,CP - Cutting Plant,,
2030,C & G Wholesale Foods Ltd,Unit 3 Waterside Park Off Harrison Street Ramsbottom BL0 0AD,Bury,BL0,"Greater Manchester,North West England,England",United Kingdom,third-country,PM,CP,N,,CP - Cutting Plant,,
1080,C & P Meat Sales Ltd,C & P Meat Sales Barnett Way Barnwood Fields Business Park GL4 3RW,Gloucester,GL4,"Gloucestershire,South West England,England",United Kingdom,third-country,PM,CP,N,,CP - Cutting Plant,,
8354,C and S Meats Ltd,White House Lane Holnest Sherbourne DT9 6HX England,Sherborne,DT9,"Dorset,South West England,England",United Kingdom,third-country,PM,CP,N,,CP - Cutting Plant,,
2679,CJ Butchers,Marsh Lane Boston PE21 7SJ,Boston,PE21,"Lincolnshire,East Midlands,England",United Kingdom,third-country,PM,CP,N,,CP - Cutting Plant,,
7228,CK's Supermarket Limited,Enbankment Road,Llanelli SA15 2BT,,"Carmarthenshire,Wales; A Poultry",United Kingdom,third-country,PM,CP,N,,CP - Cutting Plant,30/03/2023,
6389,CMB Foods Ltd,11 The Felbridge Centre,East Grinstead,RH19,"West Sussex,South East,England",United Kingdom,third-country,PM,CP,N,,CP - Cutting Plant,,
1012,CSP (Food Services) Limited,52 Farringdon Street EC4A 4BD,City of London,EC4,"City of London,Greater London,England",United Kingdom,third-country,PM,CP,N,,CP - Cutting Plant,,
2336,Cam Catering Butchers Ltd,Unit H9 Draycott Business Park Cam,Dursley,GL11,"Gloucestershire,South West England,England",United Kingdom,third-country,PM,CP,N,,CP - Cutting Plant,,
GB 1648,Campbells Prime Meat LTD,"The Heatherfield, Lathallan, By Linlithgow",Linlithgow,EH49,"West Lothian,Scotland; A Poultry",United Kingdom,third-country,PM,CP,N,,CP - Cutting Plant,07/10/2024,
7161,Capestone Organic Poultry Limited,Capeston Farm Walwyns Castle,Haverfordwest,SA62,"Pembrokeshire,Wales",United Kingdom,third-country,PM,CP SH,Y,,CP - Cutting Plant | SH - Slaughterhouse,,
2872,Capital Meats Limited,Unit 11 14 Bull Lane London N18 1SX,London Borough of Enfield,N18,"London,Greater London,England; A Poultry",United Kingdom,third-country,PM,CP,N,,CP - Cutting Plant,03/01/2024,
2684,Carnivore FMC Limited,23B Somers Road Rugby CV22 7DG,Rugby,CV22,"Warwickshire,West Midlands,England",United Kingdom,third-country,PM,CP,N,,CP - Cutting Plant,,
4837,Cartmel Valley Game Suppliers Limited,"High Bankside ,Cark In Cartmel, Nr Grange-Over-Sands LA11 7NR",Grange-over-Sands,LA11,"Cumbria,North West England,England",United Kingdom,third-country,PM,CP,N,,CP - Cutting Plant,,
2738,Caterite Food and Wineservice Limited,Embleton Cockermouth CA13 9YA,Cockermouth,CA13,"Cumbria,North West England,England",United Kingdom,third-country,PM,CP,N,,CP - Cutting Plant,,
7028,Celtica Foods Limited,Heol Y Plas Cross Hands Food Park Cross Hands,Llanelli,SA14,"Carmarthenshire,Wales",United Kingdom,third-country,PM,CP,N,,CP - Cutting Plant,,
5102/0037,Central Meat (Smithfield) Limited,Unit 37 & 39 West Market Building London Central Markets London,London,EC1,"London,Greater London,England",United Kingdom,third-country,PM,CP,N,,CP - Cutting Plant,,
2771,Certified Halal Poultry Ltd,Unit 3 Vale Drive Oldham OL9 6TP England,Oldham,OL9,"Greater Manchester,North West England,England",United Kingdom,third-country,PM,CP,N,,CP - Cutting Plant,,
2633,Cesur Meat Limited,Unit 11A Hastingwood Trading Estate Harbet Road London N18 3HT,London Borough of Enfield,N18,"London,Greater London,England",United Kingdom,third-country,PM,CP,N,,CP - Cutting Plant,,
2889,Cesur Meats Limited,Unit E13 Hastingwood Trading Estate 35 Harbet Road London N18 3HT,London,N18,"London,Greater London,England; A Poultry",United Kingdom,third-country,PM,CP,N,,CP - Cutting Plant,23/07/2024,
2399,Chai Meats Limited,182 Hammerton Street Bradford England,Bradford,BD3,"Yorkshire and the Humber,England",United Kingdom,third-country,PM,SH CP,Y,,SH - Slaughterhouse | CP - Cutting Plant,,
2968,Charles Saunders Limited,Great Western Business Park Armstrong Way Yate Bristol BS37 5NG,Yate,BS37,"South Gloucestershire,South West England,England; A Poultry",United Kingdom,third-country,PM,CP,N,,CP - Cutting Plant,23/06/2026,
2974,Chefs Cut Butchery Ltd,Unit 9 Sheet Stores Industrial Estate Field Farm Road Long Eaton Nottingham NG10 1AU,Long Eaton,NG10,"Derbyshire,East Midlands,England; A Poultry",United Kingdom,third-country,PM,CP,N,,CP - Cutting Plant,13/07/2026,
2664,Chicken Joes Limited,Empire Industrial Estate Brickyard Road Aldridge Walsall WS3 8UR,Walsall,WS3,"West Midlands Combined Authority,West Midlands,England",United Kingdom,third-country,PM,CP,N,,CP - Cutting Plant,,
4843,Choice Meats Catering Ltd,Unit 20 Cocker Avenue Poulton Business Park Poulton-le-fylde,Blackpool,FY6,"Blackpool,North West England,England",United Kingdom,third-country,PM,CP,N,,CP - Cutting Plant,,
1751,Clanmill Ltd T/A Original Doner Kebab,"57B Beardmore Way Road, Clydebank Industrial Estate, Clydebank, East Dunbartonshire G81 4HT",Clydebank,G81,"West Dunbartonshire,Scotland; A Poultry",United Kingdom,third-country,PM,CP,N,,CP - Cutting Plant,19/06/2024,
1073,Clark & Son (Long Melford) Limited,Unit 3 Cordell Works Cordell Road CO10 9EH,Long Melford,CO10,"Suffolk,East of England,England",United Kingdom,third-country,PM,CP,N,,CP - Cutting Plant,,
2415,Clarke and Whitham Ltd,Allen Row The Triangle Paddock Huddersfield,Huddersfield,HD1,"Yorkshire and the Humber,England",United Kingdom,third-country,PM,CP,N,,CP - Cutting Plant,,
2826,Clarkes Farmers Butchery Ltd,Low Road Bramfield Halesworth IP199JH,Halesworth,IP19,"Suffolk,East of England,England",United Kingdom,third-country,PM,CP,N,,CP - Cutting Plant,08/03/2022,
4241,Cleaver Meats Ltd,Wisgreaves Road,Derby,DE24,"East Midlands,England",United Kingdom,third-country,PM,CP,N,,CP - Cutting Plant,,
1090,Cleveleys Foods Limited,"Moat Farm All Saints South Elmham, IP19 0NY",Halesworth,IP19,"Suffolk,East of England,England",United Kingdom,third-country,PM,CP,N,,CP - Cutting Plant,,
2805,Coastal Cuisine Ltd,The Cold store Hadenham Road South Lowestoft Industrial Estate Lowestoft NR33 7NF,Suffolk,NR33,"Suffolk,East of England,England",United Kingdom,third-country,PM,CP,N,,CP - Cutting Plant,,
6219,Concept Foods Ltd,Units 5 & 8 Norway Road Hilsea,Portsmouth,PO3,"South East,England",United Kingdom,third-country,PM,CP,N,,CP - Cutting Plant,,
2654,Cootehill Poultry Products Limited,81 Wetherby Road Derby DE24 8HL,Derby,DE24,"East Midlands,England",United Kingdom,third-country,PM,CP CS,N,,CP - Cutting Plant | CS - Cold Stores,,
4864,Cornvale Foods Ltd,Station Yard Melling,Carnforth,LA5,"Lancashire,North West England,England",United Kingdom,third-country,PM,CP,N,,CP - Cutting Plant,,
4857,Country Food Services Ltd,Block B Kestrel Road Trafford Park Manchester,Trafford,M17,"Greater Manchester,North West England,England",United Kingdom,third-country,PM,CP,N,,CP - Cutting Plant,,
2491,Country Harvest Frozen Foods Ltd,Sutherland House Cleveland Trading Estate,Darlington,DL1,"Darlington,North East England,England",United Kingdom,third-country,PM,CP,N,,CP - Cutting Plant,,
2452,Country Valley Foods Ltd,Gillander House Leeholme Road Billingham England,Billingham,TS23,"Stockton-on-Tees,North East England,England",United Kingdom,third-country,PM,CP,N,,CP - Cutting Plant,,
2057,County Foods Ltd,Units 1-3 Fleets Lane Industrial Estate Willis Way BH15 3SU,Poole,BH15,"Poole,South West England,England",United Kingdom,third-country,PM,CP,N,,CP - Cutting Plant,,
2400,Cranston's Quality Butchers Ltd,Ullswater Road Penrith England,Penrith,CA11,"Cumbria,North West England,England",United Kingdom,third-country,PM,CP,N,,CP - Cutting Plant,,
2750,Cranswick Country Foods Eye,Cranswick House Oaksmere Business Park Eye Industrial Estate Yaxley IP238BW England,Yaxley,IP23,"Suffolk,East of England,England",United Kingdom,third-country,PM,CP SH,Y,,CP - Cutting Plant | SH - Slaughterhouse,,
8374,Creed Foodservice Limited,Media Centre Staverton Technology Park Cheltenham Road Staverton GL51 6TQ England,Staverton,GL51,"Gloucestershire,South West England,England",United Kingdom,third-country,PM,CP,N,,CP - Cutting Plant,,
8013,Creedy Carver Limited,Merrifield Farm Upton Hellions EX17 4AF,Crediton,EX17,"Devon,South West England,England",United Kingdom,third-country,PM,CP SH,Y,,CP - Cutting Plant | SH - Slaughterhouse,,
GG 484,Cryotech II,Birchin Way Grimsby DN31 3SG England,Grimsby,DN31,"North East Lincolnshire,Yorkshire and the Humber,England",United Kingdom,third-country,PM,CS,N,,CS - Cold Stores,,
1040,D B Foods Ltd (Vantage Foods Limited),Unit P & Q Vantage Way BH12 4NU,Poole,BH12,"Poole,South West England,England",United Kingdom,third-country,PM,CP,N,,CP - Cutting Plant,,
2277,D W GILLETTE CATERING BUTCHERS,4b Scotts Close Downton,Salisbury,SP5,"Wiltshire,South West England,England",United Kingdom,third-country,PM,CP,N,,CP - Cutting Plant,,
2001,DECKERS RESTAURANTS LIMITED,Unit F Pennine Trading Estate Lynroyle Way OL11 3EX,Rochdale,OL11,"Greater Manchester,North West England,England",United Kingdom,third-country,PM,CP,N,,CP - Cutting Plant,,
4561,DIRECT POULTRY SUPPLY (INSKIP) LTD,Bankfield Inskip,Preston,PR4,"Lancashire,North West England,England",United Kingdom,third-country,PM,CP,N,,CP - Cutting Plant,,
4599,DOVECOTE POULTRY PRODUCTS,2 The Haymarket Wheatsheef Road Pendeford,Wolverhampton,WV8,"West Midlands Combined Authority,West Midlands,England",United Kingdom,third-country,PM,CP,N,,CP - Cutting Plant,,
2893,DTC Foods Limited,Bratton Clovelly Ellacott Barton Okehampton EX20 4LB,Okehampton,EX20,"Devon,South West England,England; A Poultry",United Kingdom,third-country,PM,CP,N,,CP - Cutting Plant,20/08/2024,
2819,DUA Wholesale Ltd,Unit 41 Manasty Road Orton Southgate Peterborough PE2 6UP,Peterborough,PE2,"East of England,England",United Kingdom,third-country,PM,CP,N,,CP - Cutting Plant,14/12/2021,
1230,Daata Meat & Poultry Ltd,106/108 Salamander Street Edinburgh EH6 7LA,City of Edinburgh,EH6,"City of Edinburgh,Scotland",United Kingdom,third-country,PM,CP,N,,CP - Cutting Plant,11/01/2023,
2933,Daily Fresh,"Alder House, Trentham Road, Newstead Industrial Trading Estate, Stoke on Trent , ST4 8HX",Stoke-on-Trent,ST8,"Stoke-on-Trent,West Midlands,England; A Poultry",United Kingdom,third-country,PM,CP,N,,CP - Cutting Plant,02/09/2025,
2578,Danish Crown Manchester,57 Stanley Road Whitefield Manchester M45 8GZ,Greater Manchester,M45,"Greater Manchester,North West England,England",United Kingdom,third-country,PM,CP,N,,CP - Cutting Plant,,
2795,Dart Fresh Produce Limited,Marsh Barton Farm Clyst St George Exeter EX3 0QH,Exeter,EX3,"Devon,South West England,England",United Kingdom,third-country,PM,CP,N,,CP - Cutting Plant,,
2743,Derman Meat Ltd,Unit 3B Leaside Business Centre Millmarsh Lane Enfield EN37BJ England,London Borough of Enfield,EN3,"London,Greater London,England",United Kingdom,third-country,PM,CP,N,,CP - Cutting Plant,,
GBR2638,Derya Meat Ltd,Unit F11 Hastingwood Trading Estate Harbet Road London N18 3HU,London Borough of Enfield,N18,"London,Greater London,England",United Kingdom,third-country,PM,CP,N,,CP - Cutting Plant,,
5003,Diaper Poultry Ltd,Haughley New Street,Stowmarket,IP14,"Suffolk,East of England,England",United Kingdom,third-country,PM,CP SH,Y,,CP - Cutting Plant | SH - Slaughterhouse,,
6397,Dibs Distribution Ltd,1432b Clock Tower Road Isleworth,London,TW7,"London,Greater London,England",United Kingdom,third-country,PM,CP,N,,CP - Cutting Plant,,
5443,Direct Meats (Knights Farm) Ltd T/A Blackwell & Co,"Knights Farm, Chappel",Colchester,CO6,"Essex,East of England,England",United Kingdom,third-country,PM,CP,N,,CP - Cutting Plant,,
2468,Doric Game Ltd,Springwell Works Leeds,Leeds,LS7,"Yorkshire and the Humber,England",United Kingdom,third-country,PM,CP,N,,CP - Cutting Plant,,
2926,Dost Meat Ltd,"Hoffmans House, Second Avenue, London, N18 2PG",London,N18,"London,Greater London,England; A Poultry",United Kingdom,third-country,PM,CP,N,,CP - Cutting Plant,12/06/2025,
7212,Douglas Willis Ltd T/A Croesllan Catering,5 Grange Industrial Estate Llanfrechfa Way,Cwmbran,NP44,"Torfaen,Wales",United Kingdom,third-country,PM,CP,N,,CP - Cutting Plant,,
2600,Downland Produce,B5 Ashville Centre Commerce Way Melksham SN12 6ZE,Melksham,SN12,"Wiltshire,South West England,England",United Kingdom,third-country,PM,CP,N,,CP - Cutting Plant,,
7195,Dunbia Cross Hands,Heol Ty Newydd Cross Hands Food Park Cross Hands,Llanelli,SA14,"Carmarthenshire,Wales",United Kingdom,third-country,PM,CP,N,,CP - Cutting Plant,,
2916,Dunwood Farm Butchery,"Dunwood Farm, Dunwood Lane, Longsdon, Stoke on Trent, ST9 9QW",Stoke-on-Trent,ST9,"Stoke-on-Trent,West Midlands,England; A Poultry",United Kingdom,third-country,PM,CP,N,,CP - Cutting Plant,29/01/2025,
2554,E & P Catering Butchers Limited,"Barlow House, Barlow Road, Coventry CV2 2LD",Coventry,CV2,"West Midlands Combined Authority,West Midlands,England",United Kingdom,third-country,PM,CP,N,,CP - Cutting Plant,,
4767,E H Booth & Co Ltd,Fresh Food Depot Bluebell Way Ribbleton,Preston,PR2,"Lancashire,North West England,England",United Kingdom,third-country,PM,CP,N,,CP - Cutting Plant,,
4876,E.K.A Roberts & Sons Ltd,Woolston Farm Woolston,Oswestry,SY10,"Shropshire,West Midlands,England",United Kingdom,third-country,PM,CP,N,,CP - Cutting Plant,,
2973,EMC Meat Ltd,"7 Stacey Avenue, Edmonton, London, N18 3PP",London,N18,"London,Greater London,England; A Poultry",United Kingdom,third-country,PM,CP,N,,CP - Cutting Plant,14/07/2026,
5501,Eastern Meat Supplies Limited,"44, Edison Road St Ives",Huntingdon,PE29,"Cambridgeshire,East of England,England",United Kingdom,third-country,PM,CP,N,,CP - Cutting Plant,,
2960,Edenmoor,"Edenmoor, Unit 1A, Longbridge Meadow Industrial estate, Cullompton, EX151BT",Cullompton,EX15,"Devon,South West England,England; A Poultry",United Kingdom,third-country,PM,CP,N,,CP - Cutting Plant,21/04/2026,
2927,Efes Group Limited,"Unit 3, 22 Bull Lane, London, N18 1RA",London,N18,"London,Greater London,England; A Poultry",United Kingdom,third-country,PM,CP,N,,CP - Cutting Plant,17/06/2025,
2546,Elite Poultry Limited,Unit 2A Maggs Lane Clay Hill Bristol BS5 7EW,Bristol,BS5,"City of Bristol,South West England,England",United Kingdom,third-country,PM,CP,N,,CP - Cutting Plant,,
2964,Enkay Raw Meat Ltd,Unit 20A Rosebery Industrial Park Rosebery Avenue London N17 9SR,London,N17,"London,Greater London,England; A Poultry",United Kingdom,third-country,PM,CP,N,,CP - Cutting Plant,09/06/2026,
2692,Etchi Ltd,Unit 2 Leaside Business Centre Millmarsh Lane Enfield EN3 7BJ,London Borough of Enfield,EN3,"London,Greater London,England",United Kingdom,third-country,PM,CP,N,,CP - Cutting Plant,,
2950,Ethical Butcher.,"Unit 24, Air Links Industrial Estate, Spitfire Way, Hounslow, TW5 9NR",Hounslow,TW5,"London,Greater London,England; A Poultry",United Kingdom,third-country,PM,CP,N,,CP - Cutting Plant,18/02/2026,
4715,Ettingshall Poultry,"Units 8, 9,11 & 12 Waterside Industrial Estate Ettingshall Road Wolverhampton West Midlands WV2 2RQ",Wolverhampton,WV2,"West Midlands Combined Authority,West Midlands,England",United Kingdom,third-country,PM,CP,N,,CP - Cutting Plant,24/11/2025,
1743,Euro Fast Food Distribution Ltd,19 Hawbank Road College Milton East Kilbride G74 5EG,East Kilbride,G74,"South Lanarkshire,Scotland",United Kingdom,third-country,PM,CP,N,,CP - Cutting Plant,,
2727,Ewood Foods,Newhouse Road Huncoat Industrial Estate Huncoat Accrington BB5 6NT England,Accrington,BB5,"Lancashire,North West England,England",United Kingdom,third-country,PM,CP,N,,CP - Cutting Plant,,
2475,FREEMAN CATERING BUTCHERS,353a Dukesway Court Team Valley Trading Estate,Gateshead,NE11,"North East England,England",United Kingdom,third-country,PM,CP,N,,CP - Cutting Plant,,
4667,Faccenda Foods Limited (T/A Avara Foods),Hortonwood 60,Telford,TF1,"Telford and Wrekin,West Midlands,England",United Kingdom,third-country,PM,CP,N,,CP - Cutting Plant,,
7013,Faccenda Foods Limited (T/A Avara Foods),Unit 20 Navigation Drive Hurst Business Park Brierley Hill DY5 1UT,Abergavenny,NP7,"Monmouthshire,Wales",United Kingdom,third-country,PM,CP,N,,CP - Cutting Plant,,
4026,Faccenda Foods Limited (T/A Avara Foods),Holly Bank Farm Scropton Road,Scropton,DE65,"Derbyshire,East Midlands,England",United Kingdom,third-country,PM,CP SH,Y,,CP - Cutting Plant | SH - Slaughterhouse,,
3007,Faccenda Foods Limited (T/A Avara Foods),Willow Road Brackley NN13 7EX,Brackley,NN13,"Northamptonshire,East Midlands,England",United Kingdom,third-country,PM,SH CP,Y,,SH - Slaughterhouse | CP - Cutting Plant,22/02/2022,
4633,Faccenda Foods Limited (T/A Avara Foods),Unit 20 Navigation Drive Hurst Business Park,Brierley Hill,DY5,"West Midlands Combined Authority,West Midlands,England",United Kingdom,third-country,PM,CP,N,,CP - Cutting Plant,,
3003,Faccenda Foods Ltd (T/A Avara Foods),Sandbraes Processing Plant North Kelsey Road,Caistor,LN7,"Lincolnshire,East Midlands,England",United Kingdom,third-country,PM,CP,N,,CP - Cutting Plant,,
1019,Fairfax Meadow Europe Limited,Unit 2 & 3 Trafalgar Trading Estate EN3 7TY,London Borough of Enfield,EN3,"London,Greater London,England",United Kingdom,third-country,PM,CP,N,,CP - Cutting Plant,,
4265,Fairfax Meadow Europe Limited,6 Newmarket Drive Osmaston Industrial Estate DE24 8SW,Derby,DE24,"East Midlands,England",United Kingdom,third-country,PM,CP,N,,CP - Cutting Plant,,
7062,Farmers Pantry Ltd,Rosedew Farm Llantwit Major,Vale of Glamorgan,CF61,"Vale of Glamorgan,Wales",United Kingdom,third-country,PM,CP,N,,CP - Cutting Plant,,
2686,Farmison and Co,Bondgate Green Ripon HG4 1QW,Ripon,HG4,"North Yorkshire,Yorkshire and the Humber,England",United Kingdom,third-country,PM,CP,N,,CP - Cutting Plant,,
2705,Farnsworth Fresh Foods (Whalley) Limited,Cumberland House The Sidings Station Road Whalley BB7 9SE England,Whalley,BB7,"Lancashire,North West England,England",United Kingdom,third-country,PM,CP,N,,CP - Cutting Plant,,
2976,Fast Track Food Ltd,"Hollies Farm, Wolverhampton Road, Shareshill, WV10 7LU",Shareshill,WV10,"Staffordshire,West Midlands,England; A Poultry",United Kingdom,third-country,PM,CP,N,,CP - Cutting Plant,05/08/2026,
2764,Feedex Ltd,Unit 3 Top Deck Smethurst Lane Fanworth Bolton BL4 0AN,Bolton,BL4,"Greater Manchester,North West England,England",United Kingdom,third-country,PM,CP,N,,CP - Cutting Plant,,
2859,Finclass Limited,201-203 Hercules Road London SE1 7LD,London,SE1,"London,Greater London,England; A Poultry",United Kingdom,third-country,PM,CP,N,,CP - Cutting Plant,17/08/2023,
4270,Forrester (Sales) Ltd,Mill Lane Kingsley,Frodsham,WA6,"Cheshire West and Chester,North West England,England",United Kingdom,third-country,PM,CP,N,,CP - Cutting Plant,,
2816,Fosse Meadows,Stud Farm Station Road North Wilworth LE17 6JD,Lutterworth,LE17,"Leicestershire,East Midlands,England",United Kingdom,third-country,PM,CP SH,Y,,CP - Cutting Plant | SH - Slaughterhouse,17/02/2022,
1007,Frank Bird (Poultry) Ltd,Underlyne Langwathby CA10 1NB,Langwathby,CA10,"Cumbria,North West England,England",United Kingdom,third-country,PM,CP SH,Y,,CP - Cutting Plant | SH - Slaughterhouse,,
5530,Frank Godfrey Ltd,Unit 12 Morris Place Finsbury Park,London,N4,"London,Greater London,England",United Kingdom,third-country,PM,CP,N,,CP - Cutting Plant,,
1224,Frankel Ltd T/A Edgefield Craft Butchers,Edgefield Road Industrial Estate Loanhead Midlothian EH20 9TB,Midlothian,EH20,"Midlothian,Scotland",United Kingdom,third-country,PM,CP,N,,CP - Cutting Plant,,
2818,Freemans of Newent Limited,Wednesbury One Black Counry New Road Wednesbury WS10 7NZ,Wednesbury,WS10,"West Midlands Combined Authority,West Midlands,England; A Poultry",United Kingdom,third-country,PM,CP,N,,CP - Cutting Plant,16/03/2023,
4014,Freemans of Newent Limited (T/A Avara Foods),Grandstand Road,Hereford,HR4,"Herefordshire,West Midlands,England",United Kingdom,third-country,PM,CP SH,Y,,CP - Cutting Plant | SH - Slaughterhouse,,
2446,Fresh Fields Foods Ltd,25 Wharf Street Sowerby Bridge Halifax,Halifax,HX6,"Yorkshire and the Humber,England",United Kingdom,third-country,PM,CP,N,,CP - Cutting Plant,,
1214,Fresh Select Limited,"Unit 3, Keppochhill Place, GLASGOW G21 1HS",Glasgow City,G21,Scotland,United Kingdom,third-country,PM,CP,N,,CP - Cutting Plant,,
2590,Fulton Holdings (Leeds) Limited,Willow Park Farm Barwick Road Garforth Leeds LS25 2DP,Leeds,LS25,"Yorkshire and the Humber,England",United Kingdom,third-country,PM,CS,N,,CS - Cold Stores,,
4842,Furness Fish & Game Ltd,Moor Lane Flookburgh,Grange-over-Sands,LA11,"Cumbria,North West England,England",United Kingdom,third-country,PM,CP,N,,CP - Cutting Plant,,
6406,GODDEN BUTCHERS,"Unit 1 Crown Business Estate 178, Berkhamsted Road",Chesham,HP5,"Buckinghamshire,South East,England",United Kingdom,third-country,PM,CP,N,,CP - Cutting Plant,,
5004,GRESSINGHAM FOODS,Grange Farm Hinderclay Road Redgrave Diss,Redgrave,IP22,"Suffolk,East of England,England",United Kingdom,third-country,PM,CP SH,Y,,CP - Cutting Plant | SH - Slaughterhouse,,
4800,Gafoor Pure Halal Ltd,Fletcher Road,Preston,PR1,"Lancashire,North West England,England",United Kingdom,third-country,PM,SH CP,Y,,SH - Slaughterhouse | CP - Cutting Plant,,
1737,Galloway Foodservice,"Unit 2, Lochside Industrial Estate, Irongray Road, Dumfries DG2 0JE",Dumfries,DG2,"Dumfries and Galloway,Scotland",United Kingdom,third-country,PM,CP,N,,CP - Cutting Plant,,
2855,Gece Meat Ltd,Unit 9 Centenary Estate Centenary Road Enfield EN3 7UD,London Borough of Enfield,EN3,"London,Greater London,England; A Poultry",United Kingdom,third-country,PM,CP,N,,CP - Cutting Plant,04/07/2023,
1025,Gilders Transport Ltd (T/A Martins Meats),Unit 5 Orchard Industrial Estate Toddington Cheltenham GL54 5EB,Gloucestershire,GL54,"Gloucestershire,South West England,England",United Kingdom,third-country,PM,CP,N,,CP - Cutting Plant,,
2863,Glenn Lewin Butchers Limited,50 The Half Croft Syston Leicester LE7 1LD,Syston,LE7,"Leicestershire,East Midlands,England; A Poultry",United Kingdom,third-country,PM,CP,N,,CP - Cutting Plant,22/08/2023,
2881,Go Chef Catering Limited,Arces Lodge Maldon Road Chelsford CM3 2JP,Chelmsford,CM3,"Essex,East of England,England; A Poultry",United Kingdom,third-country,PM,CP,N,,CP - Cutting Plant,12/06/2024,
2885,Golden Meat & Poultry Ltd,69 Thirsk Place Derby DE24 8JJ,Derby,DE24,"East Midlands,England",United Kingdom,third-country,PM,CP,N,,CP - Cutting Plant,05/03/2025,
1193,Gordon Mcwilliam (Aberdeen) Ltd,37 St Clement Street Aberdeen,Aberdeen,AB11,Scotland,United Kingdom,third-country,PM,CP,N,,CP - Cutting Plant,,
2895,Graham Meat Ltd,Unit 14 - 15 Enterprise Row Rangemoor Road Tottenham London N15 4NA,London,N15,"London,Greater London,England; A Poultry",United Kingdom,third-country,PM,CP,N,,CP - Cutting Plant,10/09/2024,
2586,Great Central Meats Limited,11 Festival Drive Loughborough LE11 5XJ,Loughborough,LE11,"Leicestershire,East Midlands,England",United Kingdom,third-country,PM,CP,N,,CP - Cutting Plant,,
2947,H G Walter Limited,Unit 2 Origin Business Park Rainsford Road Park Royal London NW10 7FW,London,NW10,"London,Greater London,England; A Poultry",United Kingdom,third-country,PM,CP,N,,CP - Cutting Plant,20/01/2026,
5527,H L Hunsull Butchers,11 Court Parade East Lane,London,HA0,"London,Greater London,England",United Kingdom,third-country,PM,CP,N,,CP - Cutting Plant,,
2639,H&M Best Meat Ltd,Unit 14 Hastingwood Trading Estate Harbet Road Edmonton N18 3HU,London Borough of Enfield,N18,"London,Greater London,England",United Kingdom,third-country,PM,CP,N,,CP - Cutting Plant,,
2884,H&M Meats Limited,120 Norwood High Street London SE27 9NH,London,SE27,"London,Greater London,England; A Poultry",United Kingdom,third-country,PM,CP,N,,CP - Cutting Plant,23/07/2024,
2941,HAS Butchers Ltd,"Unit 5 Enterprise Row, Rangemoor Road, London, N15 4LU.",London,N15,"London,Greater London,England; A Poultry",United Kingdom,third-country,PM,CP,N,,CP - Cutting Plant,28/10/2025,
4539,HASHAMS HALAL POULTRY,"74 Charles Road, Small Heath Birmingham B10 9EJ",Birmingham,B10,"West Midlands Combined Authority,West Midlands,England; A Poultry",United Kingdom,third-country,PM,CP SH,Y,,CP - Cutting Plant | SH - Slaughterhouse,07/11/2024,
2019,HCF Poultry Ltd,Station Yard Station Road Cullingworth BD13 5HP,Bradford,BD13,"Yorkshire and the Humber,England",United Kingdom,third-country,PM,CP SH,Y,,CP - Cutting Plant | SH - Slaughterhouse,,
6395,HIGHLAND CROWN LTD,5 Omni Business Centre Wilsom Road,Alton,GU34,"Hampshire,South East,England",United Kingdom,third-country,PM,CP,N,,CP - Cutting Plant,,
2466,HOLDSWORTH,Rawroyds Road Holywell Green Halifax,Halifax,HX4,"Yorkshire and the Humber,England",United Kingdom,third-country,PM,CP,N,,CP - Cutting Plant,,
2256,HV GRAVES,24 Gladstone Place,Briston,NR24,"Norfolk,East of England,England",United Kingdom,third-country,PM,CP,N,,CP - Cutting Plant,,
2302,Hadfield Catering Butchers Ltd,Unit 11 Enterprise Park Worthing Road,Sheffield,S9,"Yorkshire and the Humber,England",United Kingdom,third-country,PM,CP,N,,CP - Cutting Plant,,
2886,Halal Editions,Unit 1C 46 Chesterfield Road Leicester LE5 5LF,Leicester,LE5,"East Midlands,England; A Poultry",United Kingdom,third-country,PM,CP,N,,CP - Cutting Plant,14/04/2026,
2821,Halal Meat Store,Unit 1 Universal Business Park Milethorn Lane Doncaster DN1 2FA,Doncaster,DN1,"Yorkshire and the Humber,England",United Kingdom,third-country,PM,CP,N,,CP - Cutting Plant,04/01/2022,
4637,Halal Poultry and Meat Products Ltd,187 Wattville Road Smethwick,Warley Salop,B66,"West Midlands Combined Authority,West Midlands,England",United Kingdom,third-country,PM,CP,N,,CP - Cutting Plant,,
4804,Halal World,Units 6 & 7 Century Park Garrison Lane Birmingham B9 4NZ,Birmingham,B9,"West Midlands Combined Authority,West Midlands,England",United Kingdom,third-country,PM,CP,N,,CP - Cutting Plant,,
2263,Handcross Butchers Ltd,Windy Hills High Street Handcross RH17 6BN,Haywards Heath,,"West Sussex,South East,England",United Kingdom,third-country,PM,CP,N,,CP - Cutting Plant,,
2553,Haq Bahu Meat and Poultry Limited.,"Unit 1, 126 Leopold Street Birmingham B12 0UL",Birmingham,B12,"West Midlands Combined Authority,West Midlands,England",United Kingdom,third-country,PM,CP,N,,CP - Cutting Plant,,
2906,Haye Farm Organics Ltd,Haye Farm Musbury Axminster EX13 8ST,Musbury,EX13,"Devon,South West England,England; A Poultry",United Kingdom,third-country,PM,CP,N,,CP - Cutting Plant,12/11/2024,
2523,Herb Fed Ltd,The Shires Farm York Road Easingwold York YO61 3EH England,Easingwold,YO61,"North Yorkshire,Yorkshire and the Humber,England",United Kingdom,third-country,PM,CP,N,,CP - Cutting Plant,,
2912,Hertfordshire Meat Ltd,Unit 1 New England Industrial Estate Pindar Road Hoddesdon EN11 0BZ,Hoddesdon,EN11,"Hertfordshire,East of England,England; A Poultry",United Kingdom,third-country,PM,CP,N,,CP - Cutting Plant,17/12/2024,
4017,Highbury Poultry Farm Produce Ltd,Manor House Lane Higher Heath,Whitchurch,SY13,"Shropshire,West Midlands,England",United Kingdom,third-country,PM,CP SH,Y,,CP - Cutting Plant | SH - Slaughterhouse,,
1178,Highland Game Limited,Baird Avenue Dryburgh Ind Est Dundee,Dundee City,DD2,"Dundee City,Scotland",United Kingdom,third-country,PM,CS,N,,CS - Cold Stores,,
2860,Highlands Quality Limited,Unit 8 Dominion Business Park Goodwin Road N9 0BG,London,N9,"London,Greater London,England; A Poultry",United Kingdom,third-country,PM,CP,N,,CP - Cutting Plant,18/08/2023,
4877,Hogans Butchers Ltd,Units 13 B & C Wilson Road Huyton L36 6AD,Liverpool,L36,"North West England,England",United Kingdom,third-country,PM,CP,N,,CP - Cutting Plant,,
2427,Holden Meats Ltd,C/o Sheffield Cold Store Roman Ridge Road Sheffield England,Sheffield,S9,"Yorkshire and the Humber,England",United Kingdom,third-country,PM,CP,N,,CP - Cutting Plant,,
2058,Honeywell Meats Ltd,Eaves Lane Woodplumpton PR4 0BH,Preston,PR4,"Lancashire,North West England,England",United Kingdom,third-country,PM,CP,N,,CP - Cutting Plant,,
2908,Horizon Foods,333-335 Bedworth Road Longford Coventry West Midlands CV6 6BN,Coventry,CV6,"West Midlands Combined Authority,West Midlands,England; A Poultry",United Kingdom,third-country,PM,CP,N,,CP - Cutting Plant,03/12/2024,
7048,Hugh Phillips Gower Butcher,Wern Fabian Farm Llanmorlais,Swansea,SA4,Wales,United Kingdom,third-country,PM,CP,N,,CP - Cutting Plant,,
2064,Hussain Meats Ltd,Unit 1 Uxbridge Road UB1 3EL,Southall,UB1,"London,Greater London,England",United Kingdom,third-country,PM,CP,N,,CP - Cutting Plant,,
7044,I & B Jones Ltd,The Quarry Pentrebach Road Pontypridd CF37 4BW,Pontypridd,,"Rhondda Cynon Taf,Wales",United Kingdom,third-country,PM,CP,N,,CP - Cutting Plant,,
5067,IHP Ltd,Bell Farm Shantock Hall Lane Bovingdon HP3 0NQ,Bovingdon,,"Hertfordshire,East of England,England",United Kingdom,third-country,PM,CP SH,Y,,CP - Cutting Plant | SH - Slaughterhouse,,
6400,IMS of Smithfield Ltd,27-28 Cedar Way Industrial Estate Camley Street,London Borough of Camden,N1,"London,Greater London,England",United Kingdom,third-country,PM,CP,N,,CP - Cutting Plant,,
2831,IRC Cucina Limited,Unit A Pisces Mosely Road Manchester M17 1PF,Greater Manchester,M17,"Greater Manchester,North West England,England",United Kingdom,third-country,PM,CP,N,,CP - Cutting Plant,24/05/2022,
2951,Ijaz Halal Poultry Ltd,12 Ripley Road Bradford BD4 7EX,Bradford,BD4,"Yorkshire and the Humber,England; A Poultry",United Kingdom,third-country,PM,CP,N,,CP - Cutting Plant,03/02/2026,
2318,Imdadul Hoque T/A Al Haq Poultry,Unit D Mills Hill Road Middleton,Manchester,M24,"Greater Manchester,North West England,England",United Kingdom,third-country,PM,CP,N,,CP - Cutting Plant,,
2495,Imperial Fast Food Distribution Ltd,Unit 13 Hainult Road Leytonstone London E11 1HD,London,E11,"London,Greater London,England",United Kingdom,third-country,PM,CP,N,,CP - Cutting Plant,,
2332,Imran Halal Limited T/A Imran Halal Poultry,HP3 0NQ Bell Farm Shantock Hall Lane,Bovingdon,,"Hertfordshire,East of England,England",United Kingdom,third-country,PM,CP,N,,CP - Cutting Plant,,
2653,Iqbal Poultry,Coulman Street Thorne Doncaster DN85JS,Doncaster,DN8,"Yorkshire and the Humber,England",United Kingdom,third-country,PM,CP SH,Y,,CP - Cutting Plant | SH - Slaughterhouse,,
2144,Island Foods Limited,Units 6 & 8 Cothey Way PO33 1QT,Ryde,PO33,"Isle of Wight,South East,England",United Kingdom,third-country,PM,CP,N,,CP - Cutting Plant,,
8381,Ivan Clarke Catering Butchers Ltd,Unit 4c Mullacott Industrial Estate Ilfracombe EX34 8PL England,Ilfracombe,EX34,"Devon,South West England,England",United Kingdom,third-country,PM,CP,N,,CP - Cutting Plant,,
2401,J & D Papworth Ltd,Woodhouse Farm Holt Road Bale Fakenham England,Fakenham,NR21,"Norfolk,East of England,England",United Kingdom,third-country,PM,CP,N,,CP - Cutting Plant,,
4865,J & L Wood and Son Ltd,"Units 10/11, Failsworth Industrial Estate Morton Street Failsworth",Manchester,M35,"Greater Manchester,North West England,England",United Kingdom,third-country,PM,CP,N,,CP - Cutting Plant,,
1750,J Gilmour & Co Limited,The Industrial Building Penston Road Macmerry East Lothian EH33 2AJ,East Lothian,EH33,"East Lothian,Scotland",United Kingdom,third-country,PM,CP,N,,CP - Cutting Plant,,
4322,J W Mettrick & Son Ltd,84 Victoria Street,Glossop,SK13,"Derbyshire,East Midlands,England",United Kingdom,third-country,PM,CP,N,,CP - Cutting Plant,,
2067,JAK Food Services Limited,"Unit B, Bridge Trading Estate Great Blakenham Ipswich IP6 0NX",Great Blakenham,IP6,"Suffolk,East of England,England",United Kingdom,third-country,PM,CP,N,,CP - Cutting Plant,,
2031,JB Foods (Yorkshire) Limited,Iron Works Business Park Unit 16 Bowling Back Lane BD4 8SX,Bradford,BD4,"Yorkshire and the Humber,England",United Kingdom,third-country,PM,CP,N,,CP - Cutting Plant,,
2500,JLP Meats,3 The Harp Business Centre Staples Corner London NW2 7LW England,London,NW2,"London,Greater London,England",United Kingdom,third-country,PM,CP,N,,CP - Cutting Plant,,
5002,Jack Brand Limited,Bridge House Buildings Claydon,Claydon,IP6,"Suffolk,East of England,England",United Kingdom,third-country,PM,CP SH,Y,,CP - Cutting Plant | SH - Slaughterhouse,,
1139,Jameel Poultry Limited,"83 Stromnerss Street, GLASGOW G5 8HS",Glasgow City,G5,"Glasgow City,Scotland",United Kingdom,third-country,PM,CP,N,,CP - Cutting Plant,,
4759,James Connolly Wholesale Limited,"Church Farm , Overstone Park Northampton NN6 0AE",Northampton,NN6,"Northamptonshire,East Midlands,England",United Kingdom,third-country,PM,CP,N,,CP - Cutting Plant,,
2028,James Hall & Co Ltd T/A Spar Distribution Centre,Spar Distribution Centre Bowland View PR2 5QT,Preston,PR2,"Lancashire,North West England,England",United Kingdom,third-country,PM,CP,N,,CP - Cutting Plant,,
2525,John Coysten Meats,6 Hemmells Basildon SS15 6ED England,Basildon,SS15,"Essex,East of England,England",United Kingdom,third-country,PM,CP,N,,CP - Cutting Plant,,
2558,John Crawshaw Butchers,518-522 Manchester Road Stocksbridge Sheffield S36 2DW,Sheffield,S36,"Yorkshire and the Humber,England",United Kingdom,third-country,PM,CP,N,,CP - Cutting Plant,,
1740,John Henderson (Meat Specialists) Ltd,"Unit 8, Fife Food Park, Faraday Road, Glenrothes, Fife KY6 2RU",Glenrothes,KY6,"Fife,Scotland",United Kingdom,third-country,PM,CP CS,N,,CP - Cutting Plant | CS - Cold Stores,,
1125,John M Munro Ltd,West End Strathpeffer Rd Dingwall IV15 9QF,Dingwall,IV15,"Highland,Scotland",United Kingdom,third-country,PM,CP,N,,CP - Cutting Plant,,
8355,John Sheppard Butchers Ltd,Units 5 & 6 Ashley Trading Estate Ashley Parade Bristol BS2 9XS England,Bristol,BS2,"City of Bristol,South West England,England",United Kingdom,third-country,PM,CP,N,,CP - Cutting Plant,,
2616,Jolly Foods (Oxon) Limited,11 Ventura Park Broadshires Way Carterton OX18 1AD,Carterton,OX18,"Oxfordshire,South East,England",United Kingdom,third-country,PM,CP,N,,CP - Cutting Plant,,
2959,Jones The Butchers Ltd,"1 Dulwich Road, London, SE24 0NT",London,SE24,"London,Greater London,England; A Poultry",United Kingdom,third-country,PM,CP,N,,CP - Cutting Plant,07/04/2026,
5041,K Poultry Limited,3 Smeed Road Bow,London Borough of Tower Hamlets,E3,"London,Greater London,England",United Kingdom,third-country,PM,SH,Y,,SH - Slaughterhouse,,
2952,K and D Meats,"Unit 8, Basildon Business Centre, Bentalls, Basildon, SS14 3FT",Basildon,SS14,"Essex,East of England,England; A Poultry",United Kingdom,third-country,PM,CP,N,,CP - Cutting Plant,18/02/2026,
2675,K.T.M. Meats Limited,Norfolk Road Gravesend DA12 2PS,Gravesend,DA12,"Kent,South East,England",United Kingdom,third-country,PM,CP,N,,CP - Cutting Plant,,
2827,KB Food Services Limited,Unit B Belvue House Belvue Road Northolt UB5 5QJ,London,UB5,"London,Greater London,England",United Kingdom,third-country,PM,CP,N,,CP - Cutting Plant,15/03/2022,
2496,KHT (UK) Ltd,Unit 9 Four Seasons Crescent Sutton SM3 9QR England,London Borough of Sutton,SM3,"London,Greater London,England",United Kingdom,third-country,PM,CP,N,,CP - Cutting Plant,,
8343,KITTOWS BUTCHERS,The Abattoir Kilhallon Farm Par PL24 2RL England,Par,PL24,"Cornwall,South West England,England",United Kingdom,third-country,PM,CP,N,,CP - Cutting Plant,,
2721,KMC Food Group,Unit 8A Bilston Key Industrial Estate Bilston West Midlands WV147DW England,Wolverhampton,WV14,"West Midlands Combined Authority,West Midlands,England",United Kingdom,third-country,PM,SH,Y,,SH - Slaughterhouse,,
2929,KMCR Ltd,Unit 6 164 Plymouth Grove Business Centre Plymouth Grove Manchester M13 0AF,Manchester,M13,"Greater Manchester,North West England,England; A Poultry",United Kingdom,third-country,PM,CP,N,,CP - Cutting Plant,22/07/2025,
4703,KNK Poultry Products Ltd,318 Aston Church Road Saltley,Birmingham,B8,"West Midlands Combined Authority,West Midlands,England",United Kingdom,third-country,PM,CP,N,,CP - Cutting Plant,,
2910,Kalan Meat and Chicken Limited,Unit 10 Centenary Estate Centenary Road Enfield EN3 7UD,London Borough of Enfield,EN3,"London,Greater London,England; A Poultry",United Kingdom,third-country,PM,CP,N,,CP - Cutting Plant,04/07/2023,
4650,Karl Matthews & Julie Matthews t/a Matthews Quality Meats,Units 6-9 Lingard Industrial Estate Off Wood Street,Rochdale,OL16,"Greater Manchester,North West England,England",United Kingdom,third-country,PM,CP,N,,CP - Cutting Plant,,
6374,Kartal Meats Ltd,Unit 4 33 Shaftesbury Road Edmonton N18 1SW,London Borough of Enfield,N18,"London,Greater London,England",United Kingdom,third-country,PM,CP,N,,CP - Cutting Plant,,
2978,Kashmir Halal Butchers,22 Blakeland Street Birmingham West Midlands B95XG,Birmingham,B9,"West Midlands Combined Authority,West Midlands,England; A Poultry",United Kingdom,third-country,PM,CP,N,,CP - Cutting Plant,25/08/2026,
2674,Kashmir Poultry Ltd,Unit 5 Dagenham Road Manchester M14 5ED,Manchester,M14,"Greater Manchester,North West England,England",United Kingdom,third-country,PM,CP,N,,CP - Cutting Plant,,
1072,Kazon Limited,Unit 1 61 Sutherland Road Walthamstow E17 6BH,London,E17,"London,Greater London,England",United Kingdom,third-country,PM,CP,N,,CP - Cutting Plant,,
5388,Kelly Turkey Farms Limited,"Little Claydons Farm, Old Southend Road Howe Green",Chelmsford,CM2,"Essex,East of England,England; A Poultry",United Kingdom,third-country,PM,SH CP,Y,,SH - Slaughterhouse | CP - Cutting Plant,10/12/2024,
1647,Kezie Limited,"Burnhouse Farm, Duns, Berwickshire TD11 3TT",Duns,TD11,"Scottish Borders,Scotland",United Kingdom,third-country,PM,CP,N,,CP - Cutting Plant,,
2756,Khanjra International Foods Limited,Greenbank Business Park Blakewater Road Blackburn BB13HU England,Blackburn,BB1,"Blackburn with Darwen,North West England,England",United Kingdom,third-country,PM,CP,N,,CP - Cutting Plant,,
2897,Kin of Meat Ltd,33 Broadway London W13 9DA,London,W13,"London,Greater London,England; A Poultry",United Kingdom,third-country,PM,CP,N,,CP - Cutting Plant,08/10/2024,
GBR1758,Kismet (Scotland) Ltd T/A Kismet Halal Meat & Doner,"Unit 1 D, Lyon Road, Linwood, Glasgow PA3 3BQ",Linwood,PA3,"Renfrewshire,Scotland",United Kingdom,third-country,PM,CP,N,,CP - Cutting Plant,,
5488,Kosher Deli (UK) Limited,Unit 8 Finway Dallow Road,Luton,LU1,"Luton,East of England,England",United Kingdom,third-country,PM,CP,N,,CP - Cutting Plant,,
4765,Kosher Poultry Limited,35 - 51 Collingham Street Cheetham Hill,Greater Manchester,M8,"Greater Manchester,North West England,England",United Kingdom,third-country,PM,CP SH,Y,,CP - Cutting Plant | SH - Slaughterhouse,,
2351,Kurpas Meats Plc,Unit 4 Ashton Old Road,Manchester,M11,"Greater Manchester,North West England,England; A Poultry",United Kingdom,third-country,PM,CP,N,,CP - Cutting Plant,03/12/2024,
2791,L G Palk,Unit 14 Trojan Industrial Estate Borough Close Paignton TQ4 7EP,Paignton,TQ4,"Torbay,South West England,England",United Kingdom,third-country,PM,CP,N,,CP - Cutting Plant,,
4761,LDA Meats Ltd,Lynden Business Park New Mills Lower Road Trading Estate,Ledbury,HR8,"Herefordshire,West Midlands,England",United Kingdom,third-country,PM,CP,N,,CP - Cutting Plant,,
4557,LEICESTERSHIRE FARM FRESH TURKEYS,Highfields Farm Cold Newton,Leicester,LE7,"East Midlands,England; A Poultry",United Kingdom,third-country,PM,CP SH,Y,,CP - Cutting Plant | SH - Slaughterhouse,,
4794,Lake District Farmers Ltd,Raisgill Hall Tebay Penrith CA10 3UB,Penrith,,"Cumbria,North West England,England",United Kingdom,third-country,PM,CP,N,,CP - Cutting Plant,,
4822,Lakes Speciality Foods Ltd,4/5 Bankside Barn Crook Road Staveley,Staveley,LA8,"Cumbria,North West England,England",United Kingdom,third-country,PM,CP,N,,CP - Cutting Plant,,
5345,Larchwood Farm,Hubbards Farm Shalford Braintree CM7 5BA,Essex,CM7,"Essex,East of England,England",United Kingdom,third-country,PM,CP SH,Y,,CP - Cutting Plant | SH - Slaughterhouse,,
2944,Lavin Meat Ltd,"Unit 3A, Leaside Business Centre, Millmarsh Lane, Enfield, EN3 7BJ",London,EN3,"London,Greater London,England; A Poultry",United Kingdom,third-country,PM,CP,N,,CP - Cutting Plant,08/12/2025,
6386,Lea Valley Meat Ltd,Miller House Lea Road Waltham Abbey EN9 1AE,Hertfordshire,EN9,"Hertfordshire,East of England,England",United Kingdom,third-country,PM,CP,N,,CP - Cutting Plant,,
5023,Leonard Ames (Ampthill) Ltd,Doolittle Mill Steppingley Road,Ampthill,MK45,"Central Bedfordshire,East of England,England; A Poultry",United Kingdom,third-country,PM,CP SH,Y,,CP - Cutting Plant | SH - Slaughterhouse,28/10/2024,
2930,Lidgate Farm Shops Limited,Long Meadow Farm Coningsby Lane Fifield SL6 2PF,Fifield,SL6,"Windsor and Maidenhead,South East,England; A Poultry",United Kingdom,third-country,PM,CP,N,,CP - Cutting Plant,29/07/2025,
7020,Llechwedd Meats,Parc Bryn Cefni,Llangefni,LL77,"Isle of Anglesey,Wales",United Kingdom,third-country,PM,CP,N,,CP - Cutting Plant,,
5102/0030,Longcroft & Old Ltd,Unit 30 West Market Building London Central Markets London,London,EC1,"London,Greater London,England; A Poultry",United Kingdom,third-country,PM,CP,N,,CP - Cutting Plant,12/09/2023,
7211,Lord Robert Newborough t/a Rhug Organic,Rhug Estate Office,Corwen,LL21,"Denbighshire,Wales",United Kingdom,third-country,PM,CP,N,,CP - Cutting Plant,,
1154,"Lothian Catering Butchers Limited T/A Lothian Catering Butchers""","3 Adam Square, Brucefield Industrial Estate, Livingston EH54 9DE",Livingston,EH54,"West Lothian,Scotland",United Kingdom,third-country,PM,CP,N,,CP - Cutting Plant,,
2682,M & J Pyne (Wholesale Division) Limited,Plot B Huntworth Way North Petherton Somerset TA6 6FA,North Petherton,TA6,"Somerset,South West England,England",United Kingdom,third-country,PM,CP,N,,CP - Cutting Plant,,
2691,M & K Halal Meat & Poultry Ltd,Unit 3A Leaside Business Centre Milmarsh Lane Enfield EN3 7BJ England,London Borough of Enfield,EN3,"London,Greater London,England",United Kingdom,third-country,PM,CP,N,,CP - Cutting Plant,,
8004,M C Kelly Limited,Elston Farm Copplestone EX17 5PB,Crediton,EX17,"Devon,South West England,England",United Kingdom,third-country,PM,CP,N,,CP - Cutting Plant,,
2020,M I B United Meat Ltd,"Units 1 - 3, Leaside Industrial Estate, 78 Stockingswater Lane, Enfield, EN3 7RL",London,EN3,"London,Greater London,England",United Kingdom,third-country,PM,CP,N,,CP - Cutting Plant,30/04/2026,
4833,M J BIRTWISTLE & CO LIMITED,20 Shield Drive Wardley Industrial Estate Worsley Manchester,Greater Manchester,M28,"Greater Manchester,North West England,England",United Kingdom,third-country,PM,CP,N,,CP - Cutting Plant,,
1096,M J Birtwistle & Co Ltd,1 Ferrous Way Irlam M44 5FS,Greater Manchester,M44,"Greater Manchester,North West England,England",United Kingdom,third-country,PM,CP,N,,CP - Cutting Plant,,
1085,M S Foods Ltd,Camford Way LU3 3AN,Luton,LU3,"Luton,East of England,England",United Kingdom,third-country,PM,CP,N,,CP - Cutting Plant,,
8118,M Yates and Sons Limited,Quarry Park Road Newquay TR7 2NP,Newquay,TR7,"Cornwall,South West England,England",United Kingdom,third-country,PM,CP,N,,CP - Cutting Plant,,
5528,MARBEC MEATS,Apsley Business Centre Apsley Way,London,NW2,"London,Greater London,England",United Kingdom,third-country,PM,CP,N,,CP - Cutting Plant,,
2628,MCB Butchers Ltd,2 Silver Wing Industrial Estate Horatius Way Croydon CR0 4RU,London,CR0,"London,Greater London,England",United Kingdom,third-country,PM,CP,N,,CP - Cutting Plant,,
3005,MOY PARK (ASHBOURNE),Blenheim Road Ashbourne DE6 1HA,Ashbourne,DE6,"Derbyshire,East Midlands,England",United Kingdom,third-country,PM,CP SH,Y,,CP - Cutting Plant | SH - Slaughterhouse,,
7047,Maelor Foods Limited,Pickhill Lane Cross Lanes,Wrexham,LL13,"Wrexham,Wales",United Kingdom,third-country,PM,CP SH,Y,,CP - Cutting Plant | SH - Slaughterhouse,,
2970,Mahadrin Meats,"Unit 15H, Queenways, Enfield, London, EN3 4SA",London,EN3,"London,Greater London,England; A Poultry",United Kingdom,third-country,PM,CP,N,,CP - Cutting Plant,14/07/2026,
4313,Mainstream International Foods Ltd,St. Peters Buildings Stonebroom Industrial Estate Stonebroom,Alfreton,DE55,"Derbyshire,East Midlands,England",United Kingdom,third-country,PM,CP,N,,CP - Cutting Plant,,
1213,Malcolm Allan Ltd,1 Central Boulevard Larbert FK5 4RU,Larbert,FK5,"Falkirk,Scotland",United Kingdom,third-country,PM,CP,N,,CP - Cutting Plant,,
2733,Mamo Meat Ltd,Unit 34/35 Lake Business Centre Tarfiff Road London N17 0YX England,London,N17,"London,Greater London,England",United Kingdom,third-country,PM,CP,N,,CP - Cutting Plant,,
6372,Man Foods LImited,3 Dorma Trading Estate Staffa Road Leyton,London,E10,"London,Greater London,England",United Kingdom,third-country,PM,CP,N,,CP - Cutting Plant,,
2670,Manifold Valley Meats,Wellcroft Farm Grindon Leek ST13 7TT,Leek,ST13,"Staffordshire,West Midlands,England",United Kingdom,third-country,PM,CP,N,,CP - Cutting Plant,,
2650,Manningham Poultry Ltd,Unit 6 Thorncliffe Industrial Estate Bradford BD8 7DD,Bradford,BD8,"Yorkshire and the Humber,England",United Kingdom,third-country,PM,CP CS,N,,CP - Cutting Plant | CS - Cold Stores,,
5268,Master Meats,3/5 Cawley Hatch The Pinnacles Harlow CM19 5AN,Essex,CM19,"Essex,East of England,England; A Poultry",United Kingdom,third-country,PM,CP,N,,CP - Cutting Plant,01/03/2023,
4858,McTurk Catering Supplies Ltd,134 Holcombe Street Derby,Derbyshire,DE23,"Derbyshire,East Midlands,England",United Kingdom,third-country,PM,CP,N,,CP - Cutting Plant,,
1702,Mclays Limited,70-72 Glentanar Road Balmore Ind Est Glasgow G22 7XS,Glasgow City,G22,Scotland,United Kingdom,third-country,PM,CP,N,,CP - Cutting Plant,15/06/2022,
2707,Meat Direct 2 U Limited,1C Anthony Way London N18 3QT,London Borough of Haringey,N17,"London,Greater London,England",United Kingdom,third-country,PM,CP,N,,CP - Cutting Plant,,
2875,Meat Fest Ltd,Unit 7 Frontier Works 33 Queens Street London N17 8JA,London,N17,"London,Greater London,England; A Poultry",United Kingdom,third-country,PM,CP,N,,CP - Cutting Plant,03/01/2024,
2871,Meat Giant UK Limited,7 Imperial Way Croydon CR0 4RR,Croydon,CR0,"London,Greater London,England; A Poultry",United Kingdom,third-country,PM,CP,N,,CP - Cutting Plant,05/12/2023,
2924,Meat Masters London Ltd,"Europa House, 18 Wadsworth Road, Greenford, UB6 7JD",London,UB6,"London,Greater London,England; A Poultry",United Kingdom,third-country,PM,CP,N,,CP - Cutting Plant,04/02/2026,
2891,Medina Poultry Products Ltd,Nagyaal Building Lonsdale Street Nelson BB9 9HG,Nelson,BB9,"Lancashire,North West England,England; A Poultry",United Kingdom,third-country,PM,CP,N,,CP - Cutting Plant,13/08/2024,
4770,Medina Pure Halal UK Ltd,160-162 Birmingham Road B69 4EH,Oldbury,B69,"West Midlands Combined Authority,West Midlands,England",United Kingdom,third-country,PM,SH,Y,,SH - Slaughterhouse,,
4828,Mega Chicken Ltd,"Unit 2, Rock Valley Off Toothill Lane",Nottinghamshire,NG18,"Nottinghamshire,East Midlands,England",United Kingdom,third-country,PM,CP,N,,CP - Cutting Plant,,
2807,Merkez Meat Ltd,Merkez Meat Ltd Unit 11-12 Frontier Works 33 Queens Street London N17 8JA,London,N17,"London,Greater London,England",United Kingdom,third-country,PM,CP,N,,CP - Cutting Plant,,
4308-0038,Merseyside Chicken Ltd,Liverpool Meat and Fish Market Units 17 and 25 Prescot Road Old Swan Liverpool L13 3AS,Liverpool,L13,"North West England,England",United Kingdom,third-country,PM,CP,N,,CP - Cutting Plant,14/07/2022,
2581,Metro Chicken & Meat Limited,"Unit 25, Woodall Road Enfield EN3 4LQ",London Borough of Enfield,EN3,"London,Greater London,England",United Kingdom,third-country,PM,CP CS,N,,CP - Cutting Plant | CS - Cold Stores,,
7051,Mid Glamorgan Provisions Ltd,George Street Bridgend Industrial Estate,Bridgend,CF31,"Bridgend,Wales",United Kingdom,third-country,PM,CP,N,,CP - Cutting Plant,,
5529,Middlesex Meat Company Limited,Atlas Road Fourth Way,Wembley,HA9,"London,Greater London,England",United Kingdom,third-country,PM,CP,N,,CP - Cutting Plant,,
4844,Midland Foods Ltd,"Units 4 & 6, Harris Business Park Hanbury Road, Stoke Prior",Bromsgrove,B60,"Worcestershire,West Midlands,England",United Kingdom,third-country,PM,CP,N,,CP - Cutting Plant,,
2943,Midlands Halal Distribution Ltd,"Unit 14 Rea Industrial Estate, Inkerman Street, Birmingham, B74SH",Birmingham,B7,"West Midlands Combined Authority,West Midlands,England; A Poultry",United Kingdom,third-country,PM,CP,N,,CP - Cutting Plant,25/11/2025,
4790,Mikes Poultry Ltd,Units 12 & 13 Princes End Industrial Estate Nicholls Road,Tipton,DY4,"West Midlands Combined Authority,West Midlands,England",United Kingdom,third-country,PM,CP,N,,CP - Cutting Plant,,
2274,Miller Food Service,Unit 5 Oslo Road Sutton Fields Industrial Estate Hull HU7 0YN,Hull,HU7,"Kingston upon Hull,Yorkshire and the Humber,England",United Kingdom,third-country,PM,CP,N,,CP - Cutting Plant,,
3011,Moy Park Ltd,Main Street Anwick,Sleaford,NG34,"Lincolnshire,East Midlands,England",United Kingdom,third-country,PM,CP SH,Y,,CP - Cutting Plant | SH - Slaughterhouse,,
4246,NEIL POWELL CATERING,Unit 1 Pontrilas,Hereford,HR2,"Herefordshire,West Midlands,England",United Kingdom,third-country,PM,CP,N,,CP - Cutting Plant,,
HO 120,Nabco Enterprises Ltd,Unit 5 River Garden Business Centre Spur Road Feltham TW14 0SN,Feltham,TW14,"West Sussex,South East,England",United Kingdom,third-country,PM,CS,N,,CS - Cold Stores,17/10/2021,
2948,Nasons Farm Fresh Limited,"Units 97 - 105, Wingate Road, Luton, LU4 8PZ",Luton,LU4,"Luton,East of England,England; A Poultry",United Kingdom,third-country,PM,CP,N,,CP - Cutting Plant,06/01/2026,
1142,Nazar Scotland Ltd T/A Nazar Halal Meats,"90 Kilbirnie Street, GLASGOW G5 8JD",Glasgow City,G5,"Glasgow City,Scotland",United Kingdom,third-country,PM,CP,N,,CP - Cutting Plant,,
1004,Newby Foods Ltd,Head Office Marylands Newby Wiske DL7 9ER,Northallerton,DL7,"North Yorkshire,Yorkshire and the Humber,England",United Kingdom,third-country,PM,CP,N,,CP - Cutting Plant,,
2362,Nidderdale Poultry Products Ltd,Sunnyside Farm Fellbeck England,Pateley Bridge,HG3,"North Yorkshire,Yorkshire and the Humber,England",United Kingdom,third-country,PM,CP,N,,CP - Cutting Plant,,
3008,Noble Foods Limited,Corringham Road,Gainsborough,DN21,"Lincolnshire,East Midlands,England",United Kingdom,third-country,PM,CP SH,Y,,CP - Cutting Plant | SH - Slaughterhouse,,
2537,Noor Halal Foods Ltd,Unit 3 Nicholls Road Tipton DY4 9LG England,Tipton,DY4,"West Midlands Combined Authority,West Midlands,England",United Kingdom,third-country,PM,CP,N,,CP - Cutting Plant,,
2760,Northamptonshire Food services Ltd,8a Rothersthorpe Avenue Far Cotton Northamton NN48JH England,Northampton,NN4,"Northamptonshire,East Midlands,England",United Kingdom,third-country,PM,CP,N,,CP - Cutting Plant,,
1046,Northern Catering Butchers Ltd,Unit 3 Ashley Industrial Estate Rawmarsh Road S60 1RU,Rotherham,S60,"Yorkshire and the Humber,England",United Kingdom,third-country,PM,CP,N,,CP - Cutting Plant,,
8019,OTTER VALLEY POULTRY LIMITED,Spurtham Farm Upottery EX14 9QD,Honiton,EX14,"Devon,South West England,England",United Kingdom,third-country,PM,CP SH,Y,,CP - Cutting Plant | SH - Slaughterhouse,,
2936,Oncu Meat Centre Ltd,"Unit 4, Rosebery Industrial Park, Rosebery Avenue, London, N17 9SR",London,N17,"London,Greater London,England; A Poultry",United Kingdom,third-country,PM,CP,N,,CP - Cutting Plant,09/09/2025,
2958,Onur Meat Ltd,Unit 4d Triumph Trading Estate Tariff Road London N17 0EB,London,N17,"London,Greater London,England; A Poultry",United Kingdom,third-country,PM,CP,N,,CP - Cutting Plant,14/04/2026,
2715,Oriental Food Express Limited,Unit 10 Shrophire food enterprise centre Shropshire Food Enterprise Centre Vanguard Way Shrewbury SY1 3TG England,Shrewsbury,SY1,"Shropshire,West Midlands,England",United Kingdom,third-country,PM,CP,N,,CP - Cutting Plant,,
2693,Ortoncrest Holdings Limited,Cortonwood Drive Brampton Barnsley S73 0UF,Barnsley,S73,"Yorkshire and the Humber,England",United Kingdom,third-country,PM,CP,N,,CP - Cutting Plant,,
2110,Osbourne Poultry Ltd,Unit 4 Colebrook Road B11 2NT,Birmingham,B11,"West Midlands Combined Authority,West Midlands,England; A Poultry",United Kingdom,third-country,PM,CP,N,,CP - Cutting Plant,12/07/2024,
GBR1220,Ovens Retail Ltd T/A Mearns T Mccaskie,"McCaskie Butchers, Shore Road, Wemyss Bay PA18 6AR",Wemyss Bay,PA18,"Inverclyde,Scotland",United Kingdom,third-country,PM,CP,N,,CP - Cutting Plant,,
4465,Owen Taylor and Sons Ltd,27 Main Road Leabrooks DE55 1LA,Alfreton,DE55,"Derbyshire,East Midlands,England",United Kingdom,third-country,PM,CP,N,,CP - Cutting Plant,,
5102/0002,P J Martinelli Limited,Units 2 & 4 East Market Building London Central Markets London,London,EC1,"London,Greater London,England; A Poultry",United Kingdom,third-country,PM,CP,N,,CP - Cutting Plant,12/07/2023,
5102/0025,P J Martinelli Ltd,Unit 25 West Market Building London Central Markets London,London,EC1,"London,Greater London,England; A Poultry",United Kingdom,third-country,PM,CP,N,,CP - Cutting Plant,12/07/2023,
2575,P J Poultry Limited,Units 1 & 2 Euro Enterprise Park 83-85 Sampson Road North Birmingham B11 1BT,Birmingham,B11,"West Midlands Combined Authority,West Midlands,England",United Kingdom,third-country,PM,CP,N,,CP - Cutting Plant,,
6362,PAK HALAL POULTRY,"Trinity Farm Trinity Hill Medstead Unit 21, Heston Industrial Mall Church Road Heston",Hounslow,TW5,"London,Greater London,England",United Kingdom,third-country,PM,CP,N,,CP - Cutting Plant,,
5226,PAPWORTH FARMS,"Unit 7, Douglas Bader Close Industrial",North Walsham,NR28,"Norfolk,East of England,England",United Kingdom,third-country,PM,CP,N,,CP - Cutting Plant,,
5500,PETERBOROUGH GAME CO LTD,Unit 5-7 The Arena Roman Bank,Bourne,PE10,"Lincolnshire,East Midlands,England",United Kingdom,third-country,PM,CP,N,,CP - Cutting Plant,,
2971,PHP Distribution Ltd,"Unit 3, Rucom House, Wharf Road, Tyseley, Birmingham, B11 2DX",Tyseley,B11,"West Midlands Combined Authority,West Midlands,England; A Poultry",United Kingdom,third-country,PM,CP,N,,CP - Cutting Plant,30/06/2026,
2035,PMJ Foods UK Ltd.,Norman Collett House Transfesa Road Paddock Wood TN12 6UT,Tonbridge and Malling,TN12,"Kent,South East,England",United Kingdom,third-country,PM,CP,N,,CP - Cutting Plant,,
8333,POCOCK'S POULTRY,The Gables 107 Middle Lane Whitley Melksham SN12 8QR England,Melksham,SN12,"Wiltshire,South West England,England",United Kingdom,third-country,PM,CP,N,,CP - Cutting Plant,,
SL 030,Pacific Seafood Limited,"Unit 1, Kelpatrick Centre, Kelpatrick Road, Slough, SL1 6BW",Slough,SL1,"Slough,South East,England; A Poultry",United Kingdom,third-country,PM,CP,N,,CP - Cutting Plant,28/04/2026,
1170,Pak Poultry Products Limited,78/80 Strathmore Road Balmore Ind Est Glasgow G22 7DW,Glasgow City,G22,Scotland,United Kingdom,third-country,PM,CP,N,,CP - Cutting Plant,,
2444,Pak Poultry Products Limited,12 Millgate Paddock Huddersfield,Huddersfield,HD1,"Yorkshire and the Humber,England",United Kingdom,third-country,PM,CP,N,,CP - Cutting Plant,,
2473,Pakeezah Meat Suppliers Ltd,91 Edderthorpe Street Bradford,Bradford,BD3,"Yorkshire and the Humber,England",United Kingdom,third-country,PM,CP,N,,CP - Cutting Plant,,
1037,Parkers Foodservice Ltd,Unit X Rudford Industrial Estate Ford Road BN18 0BF,Arundel,BN18,"West Sussex,South East,England",United Kingdom,third-country,PM,CP,N,,CP - Cutting Plant,,
2801,Pasture Farm Foods Limited,Units 6-8 Whitewalls Close Colne BB8 8LE,Pendle,BB8,"Lancashire,North West England,England",United Kingdom,third-country,PM,CP,N,,CP - Cutting Plant,,
4863,Pennys Meats Ltd,192 Whalley Road Clayton-le-moors,Accrington,BB5,"Lancashire,North West England,England",United Kingdom,third-country,PM,CP,N,,CP - Cutting Plant,,
2641,Pepperell's Meats Ltd,"Unit 1, The Firs Redenhall Harleston IP20 9QN",Harleston,IP20,"Norfolk,East of England,England",United Kingdom,third-country,PM,CP,N,,CP - Cutting Plant,,
2301,Perdon Organics Ltd,Honiton Road,Cullompton,EX15,"Devon,South West England,England",United Kingdom,third-country,PM,SH CP,Y,,SH - Slaughterhouse | CP - Cutting Plant,,
1069,Philip Dennis FoodService Limited (T/A Philip Dennis Foodservice),Unit 4 Brannam Crescent Roundswell Business Park EX31 3TD,Barnstaple,EX31,"Devon,South West England,England",United Kingdom,third-country,PM,CP,N,,CP - Cutting Plant,,
2669,Philip Warren & Son Ltd,3 Dunheved Court Pennygillam Way Pennygillam Industrial Estate PL15 7ED,Launceston,PL15,"Cornwall,South West England,England",United Kingdom,third-country,PM,CP,N,,CP - Cutting Plant,,
2765,Philip Warren and Son Ltd,3 Dunheved Court Pennygillam Way Pennygillam Industrial Estate Launceston PL15 7ED,Launceston,PL15,"Cornwall,South West England,England; A Poultry",United Kingdom,third-country,PM,CP,N,,CP - Cutting Plant,09/08/2023,
2026,Pinnacle Foods Limited,Plot 2 Caker Stream Road GU34 2QA,Alton,GU34,"Hampshire,South East,England; A Poultry",United Kingdom,third-country,PM,CP,N,,CP - Cutting Plant,23/07/2024,
6214,Pinnacle Foods Ltd,Units 4-9 Wingate Road,Gosport,PO12,"Hampshire,South East,England",United Kingdom,third-country,PM,CP,N,,CP - Cutting Plant,,
4878,Plumgarths of Kendal Ltd,"Unit 3, Boundary Bank Kendal Fell Business Park",Kendal,LA9,"Cumbria,North West England,England",United Kingdom,third-country,PM,CP,N,,CP - Cutting Plant,,
1227,Polmar Meats Ltd,Unit 17 Andrew Court Clydebank G81 1PD,Clydebank,G81,"West Dunbartonshire,Scotland",United Kingdom,third-country,PM,CP,N,,CP - Cutting Plant,15/06/2022,
2728,Premium Halal Meat Poultry limited,205 Formans Road Birmingham B113AX England,Birmingham,B11,"West Midlands Combined Authority,West Midlands,England",United Kingdom,third-country,PM,CP,N,,CP - Cutting Plant,,
2191,Premium Poultry Products Limited,Fishermans Wharf Nile Street,Bolton,BL3,"Greater Manchester,North West England,England",United Kingdom,third-country,PM,CP,N,,CP - Cutting Plant,,
2711,Premium Quality Meats Ltd,15c Bridge Road Industrial Estate Bridge Road Kingswood Bristol BS15 4TA England,Bristol,BS15,"City of Bristol,South West England,England",United Kingdom,third-country,PM,CP,N,,CP - Cutting Plant,,
2746,Pride of Africa Foods,99 Pritchett Street Birmingham B6 4ES,Birmingham,B6,"West Midlands Combined Authority,West Midlands,England; A Poultry",United Kingdom,third-country,PM,CP,N,,CP - Cutting Plant,16/04/2024,
2726,Prime Halal Poultry UK Ltd,Unit 3 126 Leopold Street Highgate Birmingham B120UL England,Birmingham,B1,"West Midlands Combined Authority,West Midlands,England",United Kingdom,third-country,PM,CP,N,,CP - Cutting Plant,,
2471,R & J YORKSHIRE'S FINEST,Wateredge Longswales Lane Kirkby Malzeard,Ripon,HG4,"North Yorkshire,Yorkshire and the Humber,England",United Kingdom,third-country,PM,CP,N,,CP - Cutting Plant,,
2078,R & P Meats Ltd,Cherry Orton Road Orton Waterville PE2 5EH,Peterborough,PE2,"East of England,England",United Kingdom,third-country,PM,CP,N,,CP - Cutting Plant,,
8386,R D Johns Ltd,Unit 29 Milber Industrial Estate Newton Abbot TQ12 4SG England,Newton Abbot,TQ12,"Devon,South West England,England",United Kingdom,third-country,PM,CP,N,,CP - Cutting Plant,,
8115,R J TREVARTHEN WHOLESALE BUTCHERS,"Roskrow Abattoir, Roskrow, Penryn TR10 9AP",Penryn,TR10,"Cornwall,South West England,England",United Kingdom,third-country,PM,CP,N,,CP - Cutting Plant,,
2370,R MANNERS & SONS LTD,Meadowfield Ponteland Newcastle Upon Tyne England,Ponteland,NE20,"Northumberland,North East England,England",United Kingdom,third-country,PM,CP,N,,CP - Cutting Plant,,
2789,R Owton (Wholesale) Butchers Limited,"Unit 17, Chalcroft Distribution Park Burnetts Lane West End Southampton SO302HU",Southampton,SO30,"Southampton,South East,England",United Kingdom,third-country,PM,CP,N,,CP - Cutting Plant,,
2940,R.D. Johns Limited,"Unit 13A, Hopkinson Way, Andover, Hampshire, SP10 3ZE",Andover,SP10,"Hampshire,South East,England; A Poultry",United Kingdom,third-country,PM,CP,N,,CP - Cutting Plant,21/10/2025,
8373,RIVERFORD ORGANIC FARMERS LIMITED,"Units 1 & 2, Dean Court Farm Lower Dean Buckfastleigh TQ11 0LT England",Buckfastleigh,TQ11,"Devon,South West England,England",United Kingdom,third-country,PM,CP,N,,CP - Cutting Plant,,
2201,RK Livestock,Unit 8 Thorncliffe Industrial Estate Thorncliffe Road,Bradford,BD8,"Yorkshire and the Humber,England",United Kingdom,third-country,PM,CP,N,,CP - Cutting Plant,,
2883,RR Alden Oxford Limited,"Unit 2, The Shed, Charbridge Lane Bicester OX26 4SS",Bicester,OX26,"Oxfordshire,South East,England; A Poultry",United Kingdom,third-country,PM,CP,N,,CP - Cutting Plant,31/05/2024,
2877,RSS Fast Food Supplies Ltd,Unit 9A Twin Bridges Business Park 232 Selsdon Road South Croydon CR2 6PL,London Borough of Croydon,CR2,"London,Greater London,England; A Poultry",United Kingdom,third-country,PM,CP,N,,CP - Cutting Plant,16/04/2024,
2174,Rapyal Meat & Poultry Ltd,4b Talbot Way Small Heath B10 0HJ,Birmingham,B10,"West Midlands Combined Authority,West Midlands,England",United Kingdom,third-country,PM,CP,N,,CP - Cutting Plant,,
2836,Real Meat Store,Unit 9 Marsh Lane Parade Stafford Road Wolverhampton WV10 6RT,Wolverhampton,WV10,"West Midlands Combined Authority,West Midlands,England; A Poultry",United Kingdom,third-country,PM,CP,N,,CP - Cutting Plant,10/10/2023,
2033,Reeves Butchers Ltd,Unit 11 Brickfields Kiln Lane RG12 1NQ,Bracknell,RG12,"Bracknell Forest,South East,England",United Kingdom,third-country,PM,CP,N,,CP - Cutting Plant,,
1208,Rehman Poultry Ltd T/A Rehman Poultry,"Unit 1, 80 Toryglen Street, GLASGOW G5 0BH",Glasgow City,G5,"Glasgow City,Scotland",United Kingdom,third-country,PM,CP,N,,CP - Cutting Plant,,
6398,Ribdeal Ltd T/A Fenns of Piccadilly,"Unit 3 &4, Roslin Square Roslin Road Acton",London,W3,"London,Greater London,England",United Kingdom,third-country,PM,CP,N,,CP - Cutting Plant,,
2911,Ridgeway Poultry Products Ltd,Rear of 318-320 Aston Church Road Birmingham West Midlands B8 1QA,Birmingham,B8,"West Midlands Combined Authority,West Midlands,England; A Poultry",United Kingdom,third-country,PM,CP,N,,CP - Cutting Plant,17/12/2024,
1067,"Robert Mutimer, Tom Mutimer & Janet Mutimer (T/A Swannington Farm to Fork)",Woodlands Farm Church Lane Swannington NR9 5NN,Norwich,NR9,"Norfolk,East of England,England",United Kingdom,third-country,PM,CP,N,,CP - Cutting Plant,,
5523,Romford Catering Supplies,7 Bridge Close,London,RM7,"London,Greater London,England",United Kingdom,third-country,PM,CP,N,,CP - Cutting Plant,,
2749,Round Green Farm Meats Ltd,Round Green Farm Round Green Lane Worsbrough Barnsley S753DR England,Barnsley,S75,"Yorkshire and the Humber,England",United Kingdom,third-country,PM,CP,N,,CP - Cutting Plant,,
2606,Ruby & White Butchers,Unit 5B Kingsland Trading Estate Bristol BS2 0JZ,Bristol,BS2,"City of Bristol,South West England,England",United Kingdom,third-country,PM,CP,N,,CP - Cutting Plant,,
4885,S & H Catering Ltd,Unit 10 Maun Valley Industrial Estate Junction Road,Sutton in Ashfield,NG17,"Nottinghamshire,East Midlands,England",United Kingdom,third-country,PM,CP,N,,CP - Cutting Plant,,
2498,S R Cooper Meats Ltd,1 Hornsby Square Southfields Business Park Laindon Basildon SS15 6SD England,Basildon,SS15,"Essex,East of England,England",United Kingdom,third-country,PM,CP,N,,CP - Cutting Plant,,
4514,S&D Halal Meat & Poultry Limited,Unit 8 Benson Ind Estate Benson Road Hockley,Birmingham,B18,"West Midlands Combined Authority,West Midlands,England",United Kingdom,third-country,PM,CP CS,N,,CP - Cutting Plant | CS - Cold Stores,,
2710,S.Khan Poultry Ltd,26 Shaftesbury Street South Dervy DE23 8YH Englad,Derby,DE23,"East Midlands,England",United Kingdom,third-country,PM,CP,N,,CP - Cutting Plant,,
1221,SAC Commercial Ltd,"Bush Estate, Penicuik, Midlothian",Penicuik,EH26,"Midlothian,Scotland",United Kingdom,third-country,PM,SH CP,Y,,SH - Slaughterhouse | CP - Cutting Plant,,
2931,SK Foods Limited,Unit 4 Addison Industrial Estate 702B Field End Road Ruislip HA4 0QP,Ruislip,HA4,"London,Greater London,England; A Poultry",United Kingdom,third-country,PM,CP,N,,CP - Cutting Plant,12/08/2025,
7208,SSR Davis Ltd,Unit 5c Palmersvale Industrial Estate Palmerstone Road,Barry,CF63,"Vale of Glamorgan,Wales",United Kingdom,third-country,PM,CP,N,,CP - Cutting Plant,,
4669,Salisbury Poultry (Midlands) Ltd,Vulcan Road Salisbury House Bilston,Wolverhampton,WV14,"West Midlands Combined Authority,West Midlands,England",United Kingdom,third-country,PM,CP,N,,CP - Cutting Plant,,
4729,Salisbury Poultry (Midlands) Ltd,Units 14-18 Perry Industrial Estate Perry Street,Wolverhampton,WV14,"West Midlands Combined Authority,West Midlands,England",United Kingdom,third-country,PM,CP,N,,CP - Cutting Plant,,
6399,Salvatori Food Service Ltd,Unit 3 Detling Aerodrome Detling Maidstone ME14 3HU,Detling,ME14,"Kent,South East,England; A Poultry",United Kingdom,third-country,PM,CP,N,,CP - Cutting Plant,11/11/2024,
2925,Sam Blunt Bespoke Butchering Ltd,3 Anthony Way Hitchcocks Business Park Uffculme EX153FA,Uffculme,EX15,"Devon,South West England,England; A Poultry",United Kingdom,third-country,PM,CP,N,,CP - Cutting Plant,22/05/2025,
2956,Sam Browne Foods Limited,"Unit 20, Wadsworth Road, Driffield, YO25 9DJ",Driffield,YO25,"East Riding of Yorkshire,Yorkshire and the Humber,England; A Poultry",United Kingdom,third-country,PM,CP,N,,CP - Cutting Plant,07/04/2026,
1758,Samsun Trading Ltd T/A Samsun Ltd,"1D Lyon Road, Linwood Industrial Estate, Paisley, PA3 3BQ",Paisley,PA3,"Renfrewshire,Scotland; A Poultry",United Kingdom,third-country,PM,CP,N,,CP - Cutting Plant,19/05/2026,
8375,Scorse Foods Ltd,Water-ma-trout Industrial Estate Helston TR13 0LW England,Helston,TR13,"Cornwall,South West England,England",United Kingdom,third-country,PM,CP,N,,CP - Cutting Plant,,
1724,Scott Brothers (Dundee) Limited,206 Strathmartine Road Dundee DD3 8DE,Dundee City,DD3,"Dundee City,Scotland",United Kingdom,third-country,PM,CP,N,,CP - Cutting Plant,,
2270,Select Poultry and Meat Ltd,27 - 29 Fowler Road Hainault Business Park,Ilford,IG3,"London,Greater London,England",United Kingdom,third-country,PM,CP,N,,CP - Cutting Plant,,
4868,Sessions Meat Supplies Limited,Units 2 & 3 Oaklands Business Park Arthur Drive Kidderminster,Worcestershire,DY11,"Worcestershire,West Midlands,England",United Kingdom,third-country,PM,CP,N,,CP - Cutting Plant,,
8003,Severn Poultry,Unit D1/2 Phoenix Trading Estate London Road Thrupp,Stroud,GL5,"Gloucestershire,South West England,England",United Kingdom,third-country,PM,CP,N,,CP - Cutting Plant,,
2898,Severn Valley Foodservice Limited,"Unit 1, Severn Ridges, Harlescott Lane, Shrewsbury, SY13AS",Shrewsbury,SY1,"Shropshire,West Midlands,England; A Poultry",United Kingdom,third-country,PM,CP,N,,CP - Cutting Plant,07/11/2024,
4015,Shafa Farm Limited,Farmgate Five Way Road CV35 7HZ,Hatton,CV35,"Warwickshire,West Midlands,England",United Kingdom,third-country,PM,CP SH,Y,,CP - Cutting Plant | SH - Slaughterhouse,,
2571,Shahzad Halal Butchers,593F Atlas Road Wembley HA9 0JH England,London,HA9,"London,Greater London,England",United Kingdom,third-country,PM,CP,N,,CP - Cutting Plant,,
2736,Shariah Poultry Ltd,Unitt 2 North Street Upper Cross Street Dewsbury WF13 2EJ England,Dewsbury,WF13,"Yorkshire and the Humber,England",United Kingdom,third-country,PM,CP,N,,CP - Cutting Plant,,
5008,Shazan Foods Limited,Magdalen Street,Eye,IP23,"Suffolk,East of England,England",United Kingdom,third-country,PM,CP SH,Y,,CP - Cutting Plant | SH - Slaughterhouse,20/10/2025,
2601,Sheffileld Poultry Limited,C/O Sheffield Cold Stores Roman Ridge Road Sheffield S9 1FF,Sheffield,S9,"Yorkshire and the Humber,England",United Kingdom,third-country,PM,CS,N,,CS - Cold Stores,,
2775,Sheikh Halal Limited,19 Gloucester Raod Luton LU1 3HX England,Luton,LU1,"Luton,East of England,England",United Kingdom,third-country,PM,CP,N,,CP - Cutting Plant,,
1026,"Simon D Hall, Anne M Hall & John D Hall (T/A Halls Poultry)",Rushyford Farm Rushyford DL17 0LJ,Ferryhill,DL17,"County Durham,North East England,England",United Kingdom,third-country,PM,CP,N,,CP - Cutting Plant,,
1680,Simon Howie Butchers Ltd,"Findony, Muckart Road, Dunning, Perthshire PH2 0RA",Dunning,PH2,"Perth and Kinross,Scotland",United Kingdom,third-country,PM,CP,N,,CP - Cutting Plant,,
2869,Simply Prime Meat Ltd,Unit 1 Langhedge Industrial Estate Langhedge Lane London N18 2TQ,London Borough of Enfield,N18,"London,Greater London,England; A Poultry",United Kingdom,third-country,PM,CP,N,,CP - Cutting Plant,28/11/2023,
4764,Smithfield Murray Ltd,Kings Park 300 Mosley Road Trafford Park,Greater Manchester,M17,"Greater Manchester,North West England,England",United Kingdom,third-country,PM,CP,N,,CP - Cutting Plant,,
GBR1163,Smiths Direct Butchers Ltd,"Unit 8, Block 22, Motherwell Park, Belgrave Street, Belshill ML4 3NZ",Bellshill,ML4,"North Lanarkshire,Scotland",United Kingdom,third-country,PM,CP,N,,CP - Cutting Plant,,
5350,South East Poultry,Fulmer Way Wickford Business Park,Wickford,SS11,"Essex,East of England,England",United Kingdom,third-country,PM,CP,N,,CP - Cutting Plant,,
2866,Spicetime,254 Summer Lane Birmingham B19 2PX,Birmingham,B19,"West Midlands Combined Authority,West Midlands,England; A Poultry",United Kingdom,third-country,PM,CP,N,,CP - Cutting Plant,03/10/2023,
2868,Standard Plus Limited,New Road Dudley West Midlands DY2 8SY,West Midlands Combined Authority,DY2,"West Midlands Combined Authority,West Midlands,England; A Poultry",United Kingdom,third-country,PM,CP,N,,CP - Cutting Plant,17/11/2023,
2584,Steakout Meat Company Limited,"102 Anchor Business Park, Beddington Lane, Croydon, CR0 4YX",Croydon,CR0,"London,Greater London,England",United Kingdom,third-country,PM,CP,N,,CP - Cutting Plant,27/03/2026,
2619,Subhan Halal Meat,Unit 13/19 Wadsworth Road London UB6 7JD,London,UB6,"London,Greater London,England",United Kingdom,third-country,PM,CP,N,,CP - Cutting Plant,,
6383,Sultan ET Ltd,Unit 51 Millmead Industrial Estate Millmead Road,London,N17,"London,Greater London,England",United Kingdom,third-country,PM,CP,N,,CP - Cutting Plant,,
4674,Superchick Poultry Ltd,Unit 7 26 Kent Street,Leicester,LE5,"East Midlands,England",United Kingdom,third-country,PM,CP,N,,CP - Cutting Plant,,
1745,Supreme Food Processors,"Unit 7 Milton Road, Kirkintilloch, North Lanarkshire G66 1SY",Kirkintilloch,G66,"East Dunbartonshire,Scotland",United Kingdom,third-country,PM,CP,N,,CP - Cutting Plant,15/06/2022,
2032,Supreme Halal Poultry UK Ltd,47-51 Lower Dartmouth Street B9 4LG,Birmingham,B9,"West Midlands Combined Authority,West Midlands,England",United Kingdom,third-country,PM,CP,N,,CP - Cutting Plant,,
2544,Swaledale Butchers Ltd,Unit B Snaygill Industrial Estate Skipton BD23 2QR England,Skipton,BD23,"North Yorkshire,Yorkshire and the Humber,England",United Kingdom,third-country,PM,CP,N,,CP - Cutting Plant,,
1028,Swandean Fresh Meats Limited,Swandean Fresh Meats Limited Manor Parade Salvington Road BN13 2JP,West Sussex,BN13,"West Sussex,South East,England",United Kingdom,third-country,PM,CP,N,,CP - Cutting Plant,,
2879,Swaran Food Service Ltd,Stafford Street Wednesbury WS10 7JX,Wednesbury,WS10,"West Midlands Combined Authority,West Midlands,England; A Poultry",United Kingdom,third-country,PM,CP,N,,CP - Cutting Plant,27/05/2024,
2489,Sykes House Farm Ltd,Walton Road Wetherby LS23 7DR,North Yorkshire,LS23,"North Yorkshire,Yorkshire and the Humber,England",United Kingdom,third-country,PM,CP,N,,CP - Cutting Plant,,
2967,T & S Enterprises (London) Limited,15 – 16 Finchley Road London NW11 0AL,London,NW11,"London,Greater London,England; A Poultry",United Kingdom,third-country,PM,CP,N,,CP - Cutting Plant,09/06/2026,
4730,T M Atkinson & Sons Ltd,Back Thompson Street Padiham,Burnley,BB12,"Lancashire,North West England,England",United Kingdom,third-country,PM,CP,N,,CP - Cutting Plant,,
2023,T Soanes & Son (Poultry) Ltd,Church Hill Farm Middleton on the Wolds YO25 9UG,Driffield,YO25,"East Riding of Yorkshire,Yorkshire and the Humber,England",United Kingdom,third-country,PM,CS SH,Y,,CS - Cold Stores | SH - Slaughterhouse,,
4559,TAJ & CO,100 Hamstead Road Handsworth,Birmingham,B19,"West Midlands Combined Authority,West Midlands,England",United Kingdom,third-country,PM,SH,Y,,SH - Slaughterhouse,,
2006,TCR Food Services Ltd,Unit 71 Gravelly Industrial Park,Birmingham,B24,"West Midlands Combined Authority,West Midlands,England",United Kingdom,third-country,PM,CP,N,,CP - Cutting Plant,,
2296,THE EDEN VALLEY MEAT COMPANY LTD,Scarfoot Plumpton,Penrith,CA11,"Cumbria,North West England,England",United Kingdom,third-country,PM,CP,N,,CP - Cutting Plant,,
4792,TMC (Midlands) Limited,275 Harrington Street,Derby,DE23,"East Midlands,England",United Kingdom,third-country,PM,CP,N,,CP - Cutting Plant,,
2414,TOWERS THOMPSON MEXBOROUGH,Cliff Street Mexborough,Mexborough,S64,"Yorkshire and the Humber,England",United Kingdom,third-country,PM,CP,N,,CP - Cutting Plant,,
2012,TPB Foods Limted,Unit 12 Tonge Bridge Industrial Estate Tonge Bridge Way BL2 6BD,Bolton,BL2,"Greater Manchester,North West England,England",United Kingdom,third-country,PM,CP,N,,CP - Cutting Plant,,
4183,TTS MEATS,The Abattoir Snape Road Hurdsfield Industrial Estate,Macclesfield,SK10,"Cheshire East,North West England,England",United Kingdom,third-country,PM,CP,N,,CP - Cutting Plant,,
2551,Takbeer Poultry and Products Ltd,Unit 4 Crossley Hall Works York Road Bradford BD8 0HR,Bradford,BD8,"Yorkshire and the Humber,England",United Kingdom,third-country,PM,CP CS,N,,CP - Cutting Plant | CS - Cold Stores,,
2605,Taste Tradition Limited,"Unit 1, Hanwell Lane, Hutton Conyers Ripon HG4 5BF",Ripon,HG4,"North Yorkshire,Yorkshire and the Humber,England",United Kingdom,third-country,PM,CP,N,,CP - Cutting Plant,,
2307,Taylors Catering Foods Ltd,Unit 12a-14 Shaw Lane Industrial Estate Stoke Prior,Bromsgrove,B60,"Worcestershire,West Midlands,England",United Kingdom,third-country,PM,CP,N,,CP - Cutting Plant,,
2938,Thatcham Butchers Limited,"Unit B, Kennetside, Bone Lane, Newbury, RG14 5PX",Newbury,RG14,"West Berkshire,South East,England; A Poultry",United Kingdom,third-country,PM,CP,N,,CP - Cutting Plant,16/09/2025,
2837,The Blackmore Vale Butchery,"Unit 1a Hardings Business Centre, Bowbridge, Henstridge, Somerset, BA80TF",Henstridge,BA8,"Somerset,South West England,England",United Kingdom,third-country,PM,CP,N,,CP - Cutting Plant,31/08/2022,
2656,The Catering Butcher,216 Sutherland Road Longton ST3 1JB,Longton,ST3,"Stoke-on-Trent,West Midlands,England",United Kingdom,third-country,PM,CP,N,,CP - Cutting Plant,,
7006,The Food Technology Centre,Coleg Menai Ffordd Penmynydd Llangefni,Isle of Anglesey,LL77,Wales,United Kingdom,third-country,PM,CP,N,,CP - Cutting Plant,,
4582,The Fresh Chicken Company Limited,Liverpool Old Road Walmer Bridge,Preston,PR4,"Lancashire,North West England,England",United Kingdom,third-country,PM,CP,N,,CP - Cutting Plant,,
2817,The Green Butcher,"Unit 2, 18 Mereway Road Twickenham TW2 6RG",London Borough of Richmond upon Thames,TW2,"London,Greater London,England",United Kingdom,third-country,PM,CP,N,,CP - Cutting Plant,02/12/2021,
2018,The London Meat Company Limited,Unit 5 Crown Way,West Drayton UB7 8HZ,,"London,Greater London,England; A Poultry",United Kingdom,third-country,PM,CP,N,,CP - Cutting Plant,30/03/2023,
2828,The Meat Men Limited,"Church Farm, Church Lane, Kingston St mary, Taunton, TA28HR",Kingston St Mary,TA2,"Somerset,South West England,England",United Kingdom,third-country,PM,CP,N,,CP - Cutting Plant,12/04/2022,
2969,The Newt In Somerset,Avalan Farm Galhampton Hill Galhampton BA22 7AE,Galhampton,BA22,"Somerset,South West England,England; A Poultry",United Kingdom,third-country,PM,CP,N,,CP - Cutting Plant,23/06/2026,
2316,The Original Chicken Co. Ltd.,Fresh Food Distribution Centre Belgrave Court Caxton Road,Preston,PR2,"Lancashire,North West England,England",United Kingdom,third-country,PM,CP,N,,CP - Cutting Plant,,
2189,The Quality Meat Company Limited,6 Chertsey Road,Windlesham,GU20,"Surrey,South East,England",United Kingdom,third-country,PM,CP,N,,CP - Cutting Plant,,
2597,The Woodhouse Butchery Ltd,Unit 2B Burrell Road Haywards Heath RH16 1TW,Haywards Heath,RH16,"West Sussex,South East,England",United Kingdom,third-country,PM,CP CS,N,,CP - Cutting Plant | CS - Cold Stores,,
4798,Theos Food Co Limited,Unit 45 Empire Industrial Park Empire Close,Aldridge,WS9,"West Midlands Combined Authority,West Midlands,England",United Kingdom,third-country,PM,CP,N,,CP - Cutting Plant,,
1087,Thomas Stratton,The Meat Depot The Street Bramford IP8 4DU,Ipswich,IP8,"Suffolk,East of England,England",United Kingdom,third-country,PM,CP,N,,CP - Cutting Plant,,
2494,Thompsons Food Service Ltd,26-28 Southgates Road Great Yarmouth NR30 3LL England,Great Yarmouth,NR30,"Norfolk,East of England,England",United Kingdom,third-country,PM,CP,N,,CP - Cutting Plant,,
1024,Thorners,Bridge Farm Shop Pylle BA4 6TA,Shepton Mallet,BA4,"Somerset,South West England,England",United Kingdom,third-country,PM,CP,N,,CP - Cutting Plant,,
1243,Thos A Shaw T/A Shaws Fine Meats,"12 Market Place, Lauder, TD2 6SR",Lauder,TD2,"Scottish Borders,Scotland",United Kingdom,third-country,PM,CP,N,,CP - Cutting Plant,29/10/2025,
2645,Todenham Manor Farm,Lower Farm Todenham GL56 9PQ,Todenham,GL56,"Gloucestershire,South West England,England",United Kingdom,third-country,PM,CP,N,,CP - Cutting Plant,,
2784,Top Tier Poultry Ltd,Unit 77 Sydenham Road Business Centre Birmingham B111DG,Birmingham,B11,"West Midlands Combined Authority,West Midlands,England",United Kingdom,third-country,PM,CP,N,,CP - Cutting Plant,,
6223,Towers Thompson Ltd,Unit 7 Norway Road Hilsea,Portsmouth,PO3,"South East,England",United Kingdom,third-country,PM,CP,N,,CP - Cutting Plant,,
2229,Townsend Poultry Limited,Unit 7 & 8 Landport Road Industrial Estate Landport Road,Wolverhampton,WV2,"West Midlands Combined Authority,West Midlands,England",United Kingdom,third-country,PM,CP,N,,CP - Cutting Plant,,
5450,Traditional Norfolk Poultry Ltd,"Oak Tree Business Park, Hargham Road Shropham",Attleborough,NR17,"Norfolk,East of England,England",United Kingdom,third-country,PM,CP SH,Y,,CP - Cutting Plant | SH - Slaughterhouse,,
1065,Traymoor Ltd,Kingston Matching Lane White Roding CM6 1RP,Essex,CM6,"Essex,East of England,England",United Kingdom,third-country,PM,CP,N,,CP - Cutting Plant,,
1014,Trendy Foods Ltd,Unit 8 Rosebery Avenue N17 9SR,London,N17,"London,Greater London,England",United Kingdom,third-country,PM,CP,N,,CP - Cutting Plant,,
1150,Turkish Double Doner Kebab Company,"84 Glentanar Road, Balmore Industrial Estate, Glasgow G22 7XS",Glasgow City,G22,Scotland,United Kingdom,third-country,PM,CP,N,,CP - Cutting Plant,,
2462,Turner & Price Ltd,Wiltshire Road,Hull,HU4,"Kingston upon Hull,Yorkshire and the Humber,England",United Kingdom,third-country,PM,CP,N,,CP - Cutting Plant,,
5517,UK Poultry Ltd,Unit 2a Goddard Road Whitehouse Industrial Estate Ipswich IP1 5NP,Ipswich,IP1,"Suffolk,East of England,England",United Kingdom,third-country,PM,CP,N,,CP - Cutting Plant,,
4873,Udale Speciality Foods Ltd,Schola Green Lane,Morecambe,LA4,"Lancashire,North West England,England",United Kingdom,third-country,PM,CP,N,,CP - Cutting Plant,,
2119,Umutet Limited,Unit 4B Triumph Trading Estate Traiff Road N17 0EB,London,N17,"London,Greater London,England",United Kingdom,third-country,PM,CP,N,,CP - Cutting Plant,,
2227,Underwood Meat Company Limited,Unit 4 Corium House Douglas Drive,Godalming,GU7,"Surrey,South East,England",United Kingdom,third-country,PM,CP,N,,CP - Cutting Plant,,
4529,Underwood Meat Company Limited,Park Road Holmewood Industrial Park,Chesterfield,S42,"Derbyshire,East Midlands,England",United Kingdom,third-country,PM,CP,N,,CP - Cutting Plant,,
2464,Underwood Meat Company Ltd,15 Ashley Business Court Rawmarsh Road,Rotherham,S60,"Yorkshire and the Humber,England",United Kingdom,third-country,PM,CP,N,,CP - Cutting Plant,,
7164,Usk Vale Poultry Ltd,Maesmawr Farm Glascoed,Pontypool,NP4,"Torfaen,Wales",United Kingdom,third-country,PM,CP SH,Y,,CP - Cutting Plant | SH - Slaughterhouse,,
5478,Vatan Catering Ltd,"37-43 Mill Mead Industrial Centre Mill Mead Road,Tottenham Hale",London,N17,"London,Greater London,England",United Kingdom,third-country,PM,CP,N,,CP - Cutting Plant,,
6344,Vicars Game Ltd,The Old Dairy Casey Fields Farm Ashampstead Newbury,West Berkshire,RG8,"West Berkshire,South East,England",United Kingdom,third-country,PM,CP,N,,CP - Cutting Plant,,
4195,W Barton & Sons Limited,144 Heysham Road,Macclesfield,SK10,"Cheshire East,North West England,England",United Kingdom,third-country,PM,CP,N,,CP - Cutting Plant,,
2284,WALTER ROSE & SON,21/22 Sidmouth Street,Devizes,SN10,"Wiltshire,South West England,England",United Kingdom,third-country,PM,CP,N,,CP - Cutting Plant,,
4068,WESTLAND POULTRY,102 Freemens Common Road Aylestone Road,Leicester,LE2,"East Midlands,England",United Kingdom,third-country,PM,CP,N,,CP - Cutting Plant,,
6388,WOBURN COUNTRY FOODS,The Old Grain Store West End Farm Haynes West End,Bedford,MK45,"Bedford,East of England,England",United Kingdom,third-country,PM,CP,N,,CP - Cutting Plant,,
2382,Walkers Midshire Foods (Ham),78 - 88 Cobden Street Leicester England,Leicester,LE1,"East Midlands,England",United Kingdom,third-country,PM,CP,N,,CP - Cutting Plant,,
6403,Walton Meats Ltd,"3, New Parade Church Street",Ashford,TW15,"Surrey,South East,England",United Kingdom,third-country,PM,CP,N,,CP - Cutting Plant,,
2484,Warren Butterworth Catering Butchers Ltd,Unit 5 Westway Industrial Park Throckley Newcastle-upon-tyne,Throckley,NE15,"North East England,England",United Kingdom,third-country,PM,CP,N,,CP - Cutting Plant,,
1744,We Hae Meat Ltd,Cairnhill Farm Old Dailly Girvan South Ayrshire KA26 9RE,South Ayrshire,KA26,"South Ayrshire,Scotland",United Kingdom,third-country,PM,CP,N,,CP - Cutting Plant,,
4396,Weddel Swift Distribution Limited,Knutsford Way Sealand Trading Estate,Chester,CH1,"Cheshire West and Chester,North West England,England",United Kingdom,third-country,PM,CP,N,,CP - Cutting Plant,,
6402,Wells Farm Supplies Ltd,Unit 4 Sham Farm Eridge,Tunbridge Wells,TN3,"Kent,South East,England",United Kingdom,third-country,PM,CP,N,,CP - Cutting Plant,,
7191,Welsh Farm Organics & Graig Farm Organics,Tyn-y-fron Mochdre,Newtown,SY16,"Powys,Wales",United Kingdom,third-country,PM,CP,N,,CP - Cutting Plant,,
1685.,WildScot Gamedealer Limited T/A The Scottish Venison Company,Unit 3 Balmacassie Ind Est Broomiesburn Road Elton Aberdeenshire AB41 9RD,Ellon,AB41,"Aberdeenshire,Scotland",United Kingdom,third-country,PM,CP,N,,CP - Cutting Plant,,
GBR1692,"William G Young, William G Young (Jnr), John Young, Elizabeth Young T/A W.G. Young","Overton Farm, Crossford, Carluke, Lanarkshire ML8 5QF",Carluke,ML8,"South Lanarkshire,Scotland",United Kingdom,third-country,PM,CP,N,,CP - Cutting Plant,,
5102/0012,William Warman & Guttridge Limited,Unit 12 East Market Building London Central Markets London,London,EC1,"London,Greater London,England",United Kingdom,third-country,PM,CP,N,,CP - Cutting Plant,,
2246,William White Meats Limited,32-36 Thurrock Commercial Centre Purfleet Industrial Park,South Ockendon,RM15,"Thurrock,East of England,England",United Kingdom,third-country,PM,CP,N,,CP - Cutting Plant,,
4723,Willo Game Ltd,Mid Shires Food Park Norbury,Bishop's Castle,SY9,"Shropshire,West Midlands,England",United Kingdom,third-country,PM,CP,N,,CP - Cutting Plant,,
4707,Wootton Organic Wholesale Ltd.,Wootton Estate Ramshorn Road Farley Oakamoor ST10 3BZ,Oakamoor,ST10,"Staffordshire,West Midlands,England",United Kingdom,third-country,PM,CP SH,Y,,CP - Cutting Plant | SH - Slaughterhouse,,
2666,Yeni Pinar Meat Centre Limited,"Unit 7 Leaseide Business Centre Milmarsh Lane, Enfield, London EN3 7BJ",London Borough of Enfield,EN3,"London,Greater London,England",United Kingdom,third-country,PM,CP,N,,CP - Cutting Plant,,
1725,Yorkes Of Dundee,30 Strathmartine Road Dundee Angus,Dundee City,DD3,"Dundee City,Scotland",United Kingdom,third-country,PM,CP,N,,CP - Cutting Plant,,
2909,Yorkshire Catering Butchers,Unit 2 7 Purwell Lane Batley WF17 5BH,Batley,WF17,"Yorkshire and the Humber,England; A Poultry",United Kingdom,third-country,PM,CP,N,,CP - Cutting Plant,17/12/2024,
2457,Yorkshire Dales Meat Co Ltd,Mill Close Farm Patrick Brompton Bedale,Bedale,DL8,"North Yorkshire,Yorkshire and the Humber,England",United Kingdom,third-country,PM,CP,N,,CP - Cutting Plant,,
2184,Yorkshire Premier Meat,Unit 56 South Kirkby,Pontefract,WF8,"Yorkshire and the Humber,England",United Kingdom,third-country,PM,CP,N,,CP - Cutting Plant,,
2253,Zabihah Ltd,Unit 9 Iron Bridge Close London NW10 0UF,London,NW10,"London,Greater London,England; A Poultry",United Kingdom,third-country,PM,CP,N,,CP - Cutting Plant,22/01/2026,
4578,Althams Butchers,Northgate White Lund Industrial Estate,Lancashire,LA3,"Lancashire,North West England,England",United Kingdom,third-country,GM,CP,N,,CP - Cutting Plant,,
GB5430,BEN RIGBY GAME LTD,"ATHERSTONE LODGE, FAMBRIDGE ROAD, MUNDON MALDON ESSEX CM9 6NL",Essex,CM9,"Essex,East of England,England",United Kingdom,third-country,GM,CP,N,,CP - Cutting Plant,30/01/2024,
2547,Ben Creese Country Butchers Ltd,Units B & C Pillows Green Road Corse Gloucester GL19 3NX,Gloucestershire,GL19,"Gloucestershire,South West England,England",United Kingdom,third-country,GM,CP,N,,CP - Cutting Plant,,
1242,Braes Farming Company Ltd,"Inverlochlarig, Balquhidder, Lochearnhead, FK19 8PH",Lochearnhead,FK19,"Stirling,Scotland",United Kingdom,third-country,GM,CP,N,,CP - Cutting Plant,29/10/2025,
1217,Browns Food Group T/A The Scottish Gourmet,"Station Road, Biggar ML12 6LP",Biggar,ML12,"South Lanarkshire,Scotland",United Kingdom,third-country,GM,CP,N,,CP - Cutting Plant,,
1244,Burnhouse Game Farms Limited,"Burnhouse Farm, Bonnybridge FK4 2HH",Bonnybridge,FK4,Scotland,United Kingdom,third-country,GM,CP,N,,CP - Cutting Plant,10/02/2026,
2622,Buxton Butchers Ltd,Unit 22 Marsh Lane Industrial Estate Portbury Bristol BS20 0NH,Bristol,BS20,"City of Bristol,South West England,England",United Kingdom,third-country,GM,CP,N,,CP - Cutting Plant,,
8191,C SNELL WHOLESALE,Breeches Farm Tytherleigh Road Tatworth Chard TA20 2NY,Chard,TA20,"Somerset,South West England,England",United Kingdom,third-country,GM,SH,Y,,SH - Slaughterhouse,22/10/2025,
8354,C and S Meats Ltd,White House Lane Holnest Sherbourne DT9 6HX England,Sherborne,DT9,"Dorset,South West England,England",United Kingdom,third-country,GM,SH,Y,,SH - Slaughterhouse,22/10/2025,
6389,CMB Foods Ltd,11 The Felbridge Centre,East Grinstead,RH19,"West Sussex,South East,England",United Kingdom,third-country,GM,CP,N,,CP - Cutting Plant,,
2336,Cam Catering Butchers Ltd,Unit H9 Draycott Business Park Cam,Dursley,GL11,"Gloucestershire,South West England,England",United Kingdom,third-country,GM,CP,N,,CP - Cutting Plant,,
GB 1648,Campbells Prime Meat LTD,"The Heatherfield, Lathallan, By Linlithgow",Linlithgow,EH49,"West Lothian,Scotland",United Kingdom,third-country,GM,CP,N,,CP - Cutting Plant,07/10/2024,
2684,Carnivore FMC Limited,23B Somers Road Rugby CV22 7DG,Rugby,CV22,"Warwickshire,West Midlands,England",United Kingdom,third-country,GM,CP,N,,CP - Cutting Plant,,
1030,Castle Hill Meats Limited (T/A Burtons Catering Butchers),Unit 3 Shire Hill Saffron Walden CB11 3AQ,Essex,CB11,"Essex,East of England,England",United Kingdom,third-country,GM,CP,N,,CP - Cutting Plant,17/02/2022,
2738,Caterite Food and Wineservice Limited,Embleton Cockermouth CA13 9YA,Cockermouth,CA13,"Cumbria,North West England,England",United Kingdom,third-country,GM,CP,N,,CP - Cutting Plant,,
6368,Chanctonbury Game Limited,Woodmans Farm London Road Pulborough RH20 3AU,Pulborough,RH20,"West Sussex,South East,England",United Kingdom,third-country,GM,CP,N,,CP - Cutting Plant,30/09/2022,
2974,Chefs Cut Butchery Ltd,Unit 9 Sheet Stores Industrial Estate Field Farm Road Long Eaton Nottingham NG10 1AU,Long Eaton,NG10,"Derbyshire,East Midlands,England",United Kingdom,third-country,GM,CP,N,,CP - Cutting Plant,13/07/2026,
1090,Cleveleys Foods Limited,"Moat Farm All Saints South Elmham, IP19 0NY",Halesworth,IP19,"Suffolk,East of England,England",United Kingdom,third-country,GM,CP,N,,CP - Cutting Plant,,
1515,Creative Foods Europe Ltd,"27 Glenburn Road College Milton Road, East Kilbride G74 5BA",East Kilbride,G74,"South Lanarkshire,Scotland",United Kingdom,third-country,GM,CP,N,,CP - Cutting Plant,,
GG 484,Cryotech II,Birchin Way Grimsby DN31 3SG England,Grimsby,DN31,"North East Lincolnshire,Yorkshire and the Humber,England",United Kingdom,third-country,GM,CS,N,,CS - Cold Stores,,
7105,Cyril Jones and Stephen Jones T/A Jones Brothers,Stansty Lodge Mold Road,Wrexham,LL11,"Wrexham,Wales",United Kingdom,third-country,GM,CP,N,,CP - Cutting Plant,,
1040,D B Foods Ltd (Vantage Foods Limited),Unit P & Q Vantage Way BH12 4NU,Poole,BH12,"Poole,South West England,England",United Kingdom,third-country,GM,CP,N,,CP - Cutting Plant,10/11/2025,
4812,DEER 'N DEXTER,Old Stoddah Farm Penruddock,Penrith,CA11,"Cumbria,North West England,England",United Kingdom,third-country,GM,CP SH,Y,,CP - Cutting Plant | SH - Slaughterhouse,22/10/2025,
2045,Dovecote Park Ltd,The Abattoir Stapleton WF8 3DD,Pontefract,WF8,"Yorkshire and the Humber,England",United Kingdom,third-country,GM,SH CP,Y,,SH - Slaughterhouse | CP - Cutting Plant,,
7195,Dunbia Cross Hands,Heol Ty Newydd Cross Hands Food Park Cross Hands,Llanelli,SA14,"Carmarthenshire,Wales",United Kingdom,third-country,GM,CP,N,,CP - Cutting Plant,,
2554,E & P Catering Butchers Limited,"Barlow House, Barlow Road, Coventry CV2 2LD",Coventry,CV2,"West Midlands Combined Authority,West Midlands,England",United Kingdom,third-country,GM,CP,N,,CP - Cutting Plant,,
4294,E & T Jackson & Sons,Tabley Brook Farm Tabley,Knutsford,WA16,"Cheshire East,North West England,England",United Kingdom,third-country,GM,CP,N,,CP - Cutting Plant,,
8101,EAST HILL PRIDE,Higher Rill Farm East Hill EX11 1QQ,Ottery St Mary,EX11,"Devon,South West England,England",United Kingdom,third-country,GM,CP SH,Y,,CP - Cutting Plant | SH - Slaughterhouse,,
2960,Edenmoor,"Edenmoor, Unit 1A, Longbridge Meadow Industrial estate, Cullompton, EX151BT",Cullompton,EX15,"Devon,South West England,England",United Kingdom,third-country,GM,CP,N,,CP - Cutting Plant,21/04/2026,
4357,F Redfern,Haslin Slaughterhouse Burlow Road Harper Hill,Buxton,SK17,"Derbyshire,East Midlands,England",United Kingdom,third-country,GM,SH,Y,,SH - Slaughterhouse,23/10/2025,
7062,Farmers Pantry Ltd,Rosedew Farm Llantwit Major,Vale of Glamorgan,CF61,"Vale of Glamorgan,Wales",United Kingdom,third-country,GM,CP,N,,CP - Cutting Plant,,
2705,Farnsworth Fresh Foods (Whalley) Limited,Cumberland House The Sidings Station Road Whalley BB7 9SE England,Whalley,BB7,"Lancashire,North West England,England",United Kingdom,third-country,GM,CS,N,,CS - Cold Stores,,
2859,Finclass Limited,201-203 Hercules Road London SE1 7LD,London,SE1,"London,Greater London,England",United Kingdom,third-country,GM,CP,N,,CP - Cutting Plant,17/08/2023,
1214,Fresh Select Limited,"Unit 3, Keppochhill Place, GLASGOW G21 1HS",Glasgow City,G21,Scotland,United Kingdom,third-country,GM,CP,N,,CP - Cutting Plant,,
6406,GODDEN BUTCHERS,"Unit 1 Crown Business Estate 178, Berkhamsted Road",Chesham,HP5,"Buckinghamshire,South East,England",United Kingdom,third-country,GM,CP,N,,CP - Cutting Plant,,
8301,Gages Farm Ltd,Gages Farm Buckfastleigh Road Ashburton TQ13 7JW England,Ashburton,TQ13,"Devon,South West England,England",United Kingdom,third-country,GM,SH,Y,,SH - Slaughterhouse,22/10/2025,
2863,Glenn Lewin Butchers Limited,50 The Half Croft Syston Leicester LE7 1LD,Syston,LE7,"Leicestershire,East Midlands,England",United Kingdom,third-country,GM,CP,N,,CP - Cutting Plant,24/11/2025,
1727,Grants Of Speyside,Unit 6 Strathspey Ind Est Grantown-on-Spey Morayshire PH26 3NB,Moray,PH26,"Moray,Scotland",United Kingdom,third-country,GM,CP,N,,CP - Cutting Plant,,
2586,Great Central Meats Limited,11 Festival Drive Loughborough LE11 5XJ,Loughborough,LE11,"Leicestershire,East Midlands,England",United Kingdom,third-country,GM,CP,N,,CP - Cutting Plant,,
5203,H DAWSON & SONS,Sibsey Lane,Boston,PE21,"Lincolnshire,East Midlands,England",United Kingdom,third-country,GM,SH,Y,,SH - Slaughterhouse,22/10/2025,
8249,H F Stiles & Son Ltd,Sloperton Farm Westbrook Bronham Chippenham SN15 2ED England,Chippenham,SN15,"Wiltshire,South West England,England",United Kingdom,third-country,GM,SH,Y,,SH - Slaughterhouse,22/10/2025,
5207,H G Blake (Costessey) Ltd,Bull Farm Abattoir Reepham Road Felthorpe Norwich NR10 4DU,Felthorpe,NR10,"Norfolk,East of England,England",United Kingdom,third-country,GM,SH CP,Y,,SH - Slaughterhouse | CP - Cutting Plant,14/10/2025,
2947,H G Walter Limited,Unit 2 Origin Business Park Rainsford Road Park Royal London NW10 7FW,London,NW10,"London,Greater London,England",United Kingdom,third-country,GM,CP,N,,CP - Cutting Plant,20/01/2026,
2762,H M Venison Ltd,Round Green Farm Worsbrough Barnsley S75 3DR England,Barnsley,S75,"Yorkshire and the Humber,England",United Kingdom,third-country,GM,SH,Y,,SH - Slaughterhouse,23/10/2025,
2466,HOLDSWORTH,Rawroyds Road Holywell Green Halifax,Halifax,HX4,"Yorkshire and the Humber,England",United Kingdom,third-country,GM,CP,N,,CP - Cutting Plant,,
2957,Haji Baba Limited,"Hooks Drove, Murrow, Wisbech, PE13 4HH",Wisbech,PE13,"Cambridgeshire,East of England,England",United Kingdom,third-country,GM,CP,N,,CP - Cutting Plant,24/06/2026,
2263,Handcross Butchers Ltd,Windy Hills High Street Handcross RH17 6BN,Haywards Heath,,"West Sussex,South East,England",United Kingdom,third-country,GM,CP,N,,CP - Cutting Plant,,
1178,Highland Game Limited,Baird Avenue Dryburgh Ind Est Dundee,Dundee City,DD2,"Dundee City,Scotland",United Kingdom,third-country,GM,CS CP,N,,CS - Cold Stores | CP - Cutting Plant,,
8357,J AND J FARMERS ABATTOIR,Haydon Farm North Tamerton Holsworthy EX22 6RL England,Holsworthy,EX22,"Devon,South West England,England",United Kingdom,third-country,GM,SH,Y,,SH - Slaughterhouse,22/10/2025,
1750,J Gilmour & Co Limited,The Industrial Building Penston Road Macmerry East Lothian EH33 2AJ,East Lothian,EH33,"East Lothian,Scotland",United Kingdom,third-country,GM,CP,N,,CP - Cutting Plant,,
2368,J S Quality Meats Limited,Cotton Mill Farm By Pass Road Uttoxeter ST14 5AA England,Uttoxeter,ST14,"Staffordshire,West Midlands,England",United Kingdom,third-country,GM,CP,N,,CP - Cutting Plant,,
1125,John M Munro Ltd,West End Strathpeffer Rd Dingwall IV15 9QF,Dingwall,IV15,"Highland,Scotland",United Kingdom,third-country,GM,SH CP,Y,,SH - Slaughterhouse | CP - Cutting Plant,,
8355,John Sheppard Butchers Ltd,Units 5 & 6 Ashley Trading Estate Ashley Parade Bristol BS2 9XS England,Bristol,BS2,"City of Bristol,South West England,England",United Kingdom,third-country,GM,CP,N,,CP - Cutting Plant,30/07/2024,
2959,Jones The Butchers Ltd,"1 Dulwich Road, London, SE24 0NT",London,SE24,"London,Greater London,England",United Kingdom,third-country,GM,CP,N,bovine equine porcine,CP - Cutting Plant,07/04/2026,
7176,Kepak Group Ltd St Merryn,"Penygarnddu Industrial Estate, Dowlais Top, MERTHYR TYDFIL CF48 2TA",Merthyr Tydfil,CF48,"Merthyr Tydfil,Wales",United Kingdom,third-country,GM,CP,N,,CP - Cutting Plant,13/09/2022,
2477,LANGTHORNE'S BUFFALO PRODUCE,Crawford Grange Brompton Northallerton,Brompton,DL6,"North Yorkshire,Yorkshire and the Humber,England",United Kingdom,third-country,GM,CP SH,Y,,CP - Cutting Plant | SH - Slaughterhouse,,
4794,Lake District Farmers Ltd,Raisgill Hall Tebay Penrith CA10 3UB,Penrith,,"Cumbria,North West England,England",United Kingdom,third-country,GM,CP,N,,CP - Cutting Plant,,
2615,Le Marche Des Chefs,Unit 4 Titan Business Park Finch Street London SE8 5QA,London,SE8,"London,Greater London,England",United Kingdom,third-country,GM,CP,N,,CP - Cutting Plant,,
2595,Lincolnshire Game Ltd,The Steynings Swineshead Boston PE20 3NQ,Boston,PE20,"Lincolnshire,East Midlands,England",United Kingdom,third-country,GM,CP CS,N,,CP - Cutting Plant | CS - Cold Stores,,
7211,Lord Robert Newborough t/a Rhug Organic,Rhug Estate Office,Corwen,LL21,"Denbighshire,Wales",United Kingdom,third-country,GM,CP,N,,CP - Cutting Plant,,
2682,M & J Pyne (Wholesale Division) Limited,Plot B Huntworth Way North Petherton Somerset TA6 6FA,North Petherton,TA6,"Somerset,South West England,England",United Kingdom,third-country,GM,CP,N,,CP - Cutting Plant,,
8004,M C Kelly Limited,Elston Farm Copplestone EX17 5PB,Crediton,EX17,"Devon,South West England,England",United Kingdom,third-country,GM,SH CP,Y,,SH - Slaughterhouse | CP - Cutting Plant,24/05/2022,
7036,M K (Wales) Ltd T/A (Maddock Kembery Meats),The Abattoir Bridgend Road Garth,Maesteg,CF34,"Bridgend,Wales",United Kingdom,third-country,GM,SH,Y,,SH - Slaughterhouse,,
1702,Mclays Limited,70-72 Glentanar Road Balmore Ind Est Glasgow G22 7XS,Glasgow City,G22,Scotland,United Kingdom,third-country,GM,CP,N,,CP - Cutting Plant,,
5529,Middlesex Meat Company Limited,Atlas Road Fourth Way,Wembley,HA9,"London,Greater London,England",United Kingdom,third-country,GM,CP,N,,CP - Cutting Plant,,
1585,Mull Slaughterhouse Limited,Callachaly Salen Isle of Mull Argyll PA72 6JN,Argyll and Bute,PA72,"Argyll and Bute,Scotland",United Kingdom,third-country,GM,CP,N,,CP - Cutting Plant,,
4246,NEIL POWELL CATERING,Unit 1 Pontrilas,Hereford,HR2,"Herefordshire,West Midlands,England",United Kingdom,third-country,GM,CP,N,,CP - Cutting Plant,,
HO 120,Nabco Enterprises Ltd,Unit 5 River Garden Business Centre Spur Road Feltham TW14 0SN,Feltham,TW14,"West Sussex,South East,England",United Kingdom,third-country,GM,CS,N,,CS - Cold Stores,17/10/2021,
2384,Newhouse Game,"Unit 1, Stone Farm Stanswood Road Fawley Southampton",Fawley,SO45,"Hampshire,South East,England",United Kingdom,third-country,GM,SH,Y,,SH - Slaughterhouse,03/03/2025,
8070,P J HAYMAN & SONS,Raxhayes Farm Holcombe Lane EX11 1PQ,Ottery St Mary,EX11,"Devon,South West England,England",United Kingdom,third-country,GM,SH,Y,,SH - Slaughterhouse,21/03/2023,
2641,Pepperell's Meats Ltd,"Unit 1, The Firs Redenhall Harleston IP20 9QN",Harleston,IP20,"Norfolk,East of England,England",United Kingdom,third-country,GM,CP,N,,CP - Cutting Plant,,
4349,Perry's of Eccleshall Limited,19 Stafford Street,Eccleshall,ST21,"Staffordshire,West Midlands,England",United Kingdom,third-country,GM,SH,Y,,SH - Slaughterhouse,,
4242,Peter Coates Alrewas Ltd,100 Main Street Alrewas,Alrewas,DE13,"Staffordshire,West Midlands,England",United Kingdom,third-country,GM,SH,Y,,SH - Slaughterhouse,,
2026,Pinnacle Foods Limited,Plot 2 Caker Stream Road GU34 2QA,Alton,GU34,"Hampshire,South East,England",United Kingdom,third-country,GM,CP,N,,CP - Cutting Plant,23/07/2024,
4168,R B Elliott & Son Ltd,Stud Farm Calow,Chesterfield,S44,"Derbyshire,East Midlands,England",United Kingdom,third-country,GM,CP SH,Y,,CP - Cutting Plant | SH - Slaughterhouse,,
2789,R Owton (Wholesale) Butchers Limited,"Unit 17, Chalcroft Distribution Park Burnetts Lane West End Southampton SO302HU",Southampton,SO30,"Southampton,South East,England",United Kingdom,third-country,GM,CP,N,,CP - Cutting Plant,,
8373,RIVERFORD ORGANIC FARMERS LIMITED,"Units 1 & 2, Dean Court Farm Lower Dean Buckfastleigh TQ11 0LT England",Buckfastleigh,TQ11,"Devon,South West England,England",United Kingdom,third-country,GM,CP,N,,CP - Cutting Plant,,
2883,RR Alden Oxford Limited,"Unit 2, The Shed, Charbridge Lane Bicester OX26 4SS",Bicester,OX26,"Oxfordshire,South East,England",United Kingdom,third-country,GM,CP,N,,CP - Cutting Plant,31/05/2024,
2655,Randall Parker Food Group Limited (Grassroots Wholesale Foods,"1 Lindred Road, Lomeshaye Industrial Estate Brierfield BB9 5SR",Brierfield,BB9,"Lancashire,North West England,England",United Kingdom,third-country,GM,CP,N,,CP - Cutting Plant,09/06/2026,
1641,Richard Carmichael Of Carmichael T/A Carmichael Estate Farm Meats,"Warrenhill Farm, Thankerton, Biggar, Lanarkshire ML12 6PG",Biggar,ML12,"South Lanarkshire,Scotland",United Kingdom,third-country,GM,SH CP,Y,,SH - Slaughterhouse | CP - Cutting Plant,,
2928,Ritter-Courivaud Limited,Unit 10 Longlands Road Launton Bicester OX26 5AH,Bicester,OX26,"Oxfordshire,South East,England",United Kingdom,third-country,GM,CP,N,,CP - Cutting Plant,12/08/2025,
5319,Romford Halal Meats Ltd,"Beredens Farm, Folkes Lane Upminster RM14 1TH",London,RM14,"London,Greater London,England",United Kingdom,third-country,GM,SH,Y,,SH - Slaughterhouse,22/10/2025,
2606,Ruby & White Butchers,Unit 5B Kingsland Trading Estate Bristol BS2 0JZ,Bristol,BS2,"City of Bristol,South West England,England",United Kingdom,third-country,GM,CP,N,,CP - Cutting Plant,,
1724,Scott Brothers (Dundee) Limited,206 Strathmartine Road Dundee DD3 8DE,Dundee City,DD3,"Dundee City,Scotland",United Kingdom,third-country,GM,CP,N,,CP - Cutting Plant,,
1680,Simon Howie Butchers Ltd,"Findony, Muckart Road, Dunning, Perthshire PH2 0RA",Dunning,PH2,"Perth and Kinross,Scotland",United Kingdom,third-country,GM,CP CS,N,,CP - Cutting Plant | CS - Cold Stores,,
GBR1163,Smiths Direct Butchers Ltd,"Unit 8, Block 22, Motherwell Park, Belgrave Street, Belshill ML4 3NZ",Bellshill,ML4,"North Lanarkshire,Scotland",United Kingdom,third-country,GM,CP,N,,CP - Cutting Plant,,
8231,Stillmans (Somerset) Ltd,Staplegrove Mills Staplegrove Taunton TA2 6PX,Taunton,TA2,"Somerset,South West England,England",United Kingdom,third-country,GM,SH,Y,,SH - Slaughterhouse,22/10/2025,
2544,Swaledale Butchers Ltd,Unit B Snaygill Industrial Estate Skipton BD23 2QR England,Skipton,BD23,"North Yorkshire,Yorkshire and the Humber,England",United Kingdom,third-country,GM,CP,N,,CP - Cutting Plant,,
2296,THE EDEN VALLEY MEAT COMPANY LTD,Scarfoot Plumpton,Penrith,CA11,"Cumbria,North West England,England",United Kingdom,third-country,GM,CP,N,,CP - Cutting Plant,,
2938,Thatcham Butchers Limited,"Unit B, Kennetside, Bone Lane, Newbury, RG14 5PX",Newbury,RG14,"West Berkshire,South East,England",United Kingdom,third-country,GM,CP,N,,CP - Cutting Plant,16/09/2025,
2656,The Catering Butcher,216 Sutherland Road Longton ST3 1JB,Longton,ST3,"Stoke-on-Trent,West Midlands,England",United Kingdom,third-country,GM,CP,N,,CP - Cutting Plant,,
7006,The Food Technology Centre,Coleg Menai Ffordd Penmynydd Llangefni,Isle of Anglesey,LL77,Wales,United Kingdom,third-country,GM,CP,N,,CP - Cutting Plant,,
2828,The Meat Men Limited,"Church Farm, Church Lane, Kingston St mary, Taunton, TA28HR",Kingston St Mary,TA2,"Somerset,South West England,England",United Kingdom,third-country,GM,CP,N,,CP - Cutting Plant,31/05/2022,
2969,The Newt In Somerset,Avalan Farm Galhampton Hill Galhampton BA22 7AE,Galhampton,BA22,"Somerset,South West England,England",United Kingdom,third-country,GM,CP,N,,CP - Cutting Plant,23/06/2026,
2597,The Woodhouse Butchery Ltd,Unit 2B Burrell Road Haywards Heath RH16 1TW,Haywards Heath,RH16,"West Sussex,South East,England",United Kingdom,third-country,GM,CP CS,N,,CP - Cutting Plant | CS - Cold Stores,,
1087,Thomas Stratton,The Meat Depot The Street Bramford IP8 4DU,Ipswich,IP8,"Suffolk,East of England,England",United Kingdom,third-country,GM,CP,N,,CP - Cutting Plant,,
1024,Thorners,Bridge Farm Shop Pylle BA4 6TA,Shepton Mallet,BA4,"Somerset,South West England,England",United Kingdom,third-country,GM,CP,N,,CP - Cutting Plant,,
2462,Turner & Price Ltd,Wiltshire Road,Hull,HU4,"Kingston upon Hull,Yorkshire and the Humber,England",United Kingdom,third-country,GM,CP,N,,CP - Cutting Plant,,
1237,W & J Keith T/A Tullynessle Deer Farm,"Broadbog, Tullynessie, ALford, AB33 8DD",Alford,AB33,"Aberdeenshire,Scotland",United Kingdom,third-country,GM,SH,Y,,SH - Slaughterhouse,22/01/2025,
7072,WJ George (Butchers) Ltd,Cross House High Street Talgarth,Brecon,LD3,"Powys,Wales",United Kingdom,third-country,GM,SH,Y,,SH - Slaughterhouse,,
2864,Walesby Top Ltd,Walesby Top Farm Walesby Market Rasen LN8 3XA,Walesby,LN8,"Lincolnshire,East Midlands,England",United Kingdom,third-country,GM,CP SH,Y,,CP - Cutting Plant | SH - Slaughterhouse,12/09/2023,
1744,We Hae Meat Ltd,Cairnhill Farm Old Dailly Girvan South Ayrshire KA26 9RE,South Ayrshire,KA26,"South Ayrshire,Scotland",United Kingdom,third-country,GM,CP,N,,CP - Cutting Plant,,
1685.,WildScot Gamedealer Limited T/A The Scottish Venison Company,Unit 3 Balmacassie Ind Est Broomiesburn Road Elton Aberdeenshire AB41 9RD,Ellon,AB41,"Aberdeenshire,Scotland",United Kingdom,third-country,GM,SH CP,Y,,SH - Slaughterhouse | CP - Cutting Plant,31/01/2025,
4707,Wootton Organic Wholesale Ltd.,Wootton Estate Ramshorn Road Farley Oakamoor ST10 3BZ,Oakamoor,ST10,"Staffordshire,West Midlands,England",United Kingdom,third-country,GM,CP SH,Y,,CP - Cutting Plant | SH - Slaughterhouse,,
1725,Yorkes Of Dundee,30 Strathmartine Road Dundee Angus,Dundee City,DD3,"Dundee City,Scotland",United Kingdom,third-country,GM,CP,N,,CP - Cutting Plant,,
4578,Althams Butchers,Northgate White Lund Industrial Estate,Lancashire,LA3,"Lancashire,North West England,England",United Kingdom,third-country,WM,CP,N,,CP - Cutting Plant,,
2820,Artisanbyrobert,Emily's Farm Rye Common Odiham Hook RG29 1HT,East Hampshire,RG29,"Hampshire,South East,England",United Kingdom,third-country,WM,CP GHE,N,,CP - Cutting Plant | GHE - Game-Handling Establishment,21/12/2021,
1006,Aubrey Allen Limited,Unit 1 Siskin Parkway East Middlemarch Business Park CV3 4AD,Coventry,CV3,"West Midlands Combined Authority,West Midlands,England",United Kingdom,third-country,WM,CP,N,,CP - Cutting Plant,,
5461,BAMBRIDGE AND SONS LTD,"WAYLAND CROFT, WATTON GREEN",Thetford,IP24,"Norfolk,East of England,England",United Kingdom,third-country,WM,GHE CP,N,,GHE - Game-Handling Establishment | CP - Cutting Plant,15/10/2024,
4481,BELLS FISHMONGERS LIMITED,16 Westmoor Road Kingstown Industrial Estate,Carlisle,CA3,"Cumbria,North West England,England",United Kingdom,third-country,WM,CP GHE,N,,CP - Cutting Plant | GHE - Game-Handling Establishment,30/03/2022,
GB5430,BEN RIGBY GAME LTD,"ATHERSTONE LODGE, FAMBRIDGE ROAD, MUNDON MALDON ESSEX CM9 6NL",Essex,CM9,"Essex,East of England,England",United Kingdom,third-country,WM,CP GHE,N,,CP - Cutting Plant | GHE - Game-Handling Establishment,,
2547,Ben Creese Country Butchers Ltd,Units B & C Pillows Green Road Corse Gloucester GL19 3NX,Gloucestershire,GL19,"Gloucestershire,South West England,England",United Kingdom,third-country,WM,CP,N,,CP - Cutting Plant,,
1621,Bidfresh Limited,"Unit 4, Sherwood Ind Est, Bonnyrigg, Midlothian EH19 3LW",Bonnyrigg,EH19,"Midlothian,Scotland",United Kingdom,third-country,WM,CP,N,,CP - Cutting Plant,14/11/2025,
1061,Bidfresh Ltd T/A Campbell Bros,2 Tom Cribb Road Woolwich SE28 0FN,London,SE28,"London,Greater London,England",United Kingdom,third-country,WM,CP,N,,CP - Cutting Plant,,
2166,Block and Cleaver Limited,Unit 4M Button Street Business Park Button Street BR8 8DX,Swanley Village,BR8,"Kent,South East,England",United Kingdom,third-country,WM,CP,N,,CP - Cutting Plant,,
4834,Brendan Anderton Butchers Ltd,"The Old Barn, Higher College Farm Lower Road Hothersall",Preston,PR3,"Lancashire,North West England,England",United Kingdom,third-country,WM,CP,N,,CP - Cutting Plant,,
1244,Burnhouse Game Farms Limited,"Burnhouse Farm, Bonnybridge FK4 2HH",Bonnybridge,FK4,Scotland,United Kingdom,third-country,WM,GHE,N,,GHE - Game-Handling Establishment,10/02/2026,
1704,Burnside Farm Foods,"Burnside Farm, Rutherford, Kelso, Roxburghshire TD5 8NR",Kelso,TD5,"Scottish Borders,Scotland",United Kingdom,third-country,WM,GHE,N,,GHE - Game-Handling Establishment,14/11/2025,
2541,Burts Catering Butchers Limited,Unit 25 Elva Way Bexhill On Sea TN39 5BF England,Bexhill,TN39,"East Sussex,South East,England",United Kingdom,third-country,WM,CP,N,,CP - Cutting Plant,,
6381,Butcher & Edmonds Ltd,Hereford House 15 Cranmer Road,London,SW9,"London,Greater London,England",United Kingdom,third-country,WM,CP,N,,CP - Cutting Plant,,
1080,C & P Meat Sales Ltd,C & P Meat Sales Barnett Way Barnwood Fields Business Park GL4 3RW,Gloucester,GL4,"Gloucestershire,South West England,England",United Kingdom,third-country,WM,CP,N,,CP - Cutting Plant,,
8191,C SNELL WHOLESALE,Breeches Farm Tytherleigh Road Tatworth Chard TA20 2NY,Chard,TA20,"Somerset,South West England,England",United Kingdom,third-country,WM,GHE,N,,GHE - Game-Handling Establishment,22/10/2025,
8354,C and S Meats Ltd,White House Lane Holnest Sherbourne DT9 6HX England,Sherborne,DT9,"Dorset,South West England,England",United Kingdom,third-country,WM,CP GHE,N,,CP - Cutting Plant | GHE - Game-Handling Establishment,30/03/2022,
6389,CMB Foods Ltd,11 The Felbridge Centre,East Grinstead,RH19,"West Sussex,South East,England",United Kingdom,third-country,WM,CP,N,,CP - Cutting Plant,,
8068,COMBE MARTIN MEATS,The Abattoir Rectory Road Combe Martin EX34 0NS,Ilfracombe,EX34,"Devon,South West England,England",United Kingdom,third-country,WM,CP,N,,CP - Cutting Plant,,
2336,Cam Catering Butchers Ltd,Unit H9 Draycott Business Park Cam,Dursley,GL11,"Gloucestershire,South West England,England",United Kingdom,third-country,WM,CP,N,,CP - Cutting Plant,,
GB 1648,Campbells Prime Meat LTD,"The Heatherfield, Lathallan, By Linlithgow",Linlithgow,EH49,"West Lothian,Scotland",United Kingdom,third-country,WM,CP,N,,CP - Cutting Plant,07/10/2024,
2684,Carnivore FMC Limited,23B Somers Road Rugby CV22 7DG,Rugby,CV22,"Warwickshire,West Midlands,England",United Kingdom,third-country,WM,CP,N,,CP - Cutting Plant,,
2840,Carrick Game,Commerical Building Main Road Milfield NE71 6JD,Milfield,NE71,"Northumberland,North East England,England",United Kingdom,third-country,WM,CP GHE,N,,CP - Cutting Plant | GHE - Game-Handling Establishment,04/10/2022,
4837,Cartmel Valley Game Suppliers Limited,"High Bankside ,Cark In Cartmel, Nr Grange-Over-Sands LA11 7NR",Grange-over-Sands,LA11,"Cumbria,North West England,England",United Kingdom,third-country,WM,CP GHE,N,,CP - Cutting Plant | GHE - Game-Handling Establishment,30/03/2022,
1030,Castle Hill Meats Limited (T/A Burtons Catering Butchers),Unit 3 Shire Hill Saffron Walden CB11 3AQ,Essex,CB11,"Essex,East of England,England",United Kingdom,third-country,WM,CP,N,,CP - Cutting Plant,17/02/2022,
2738,Caterite Food and Wineservice Limited,Embleton Cockermouth CA13 9YA,Cockermouth,CA13,"Cumbria,North West England,England",United Kingdom,third-country,WM,CP,N,,CP - Cutting Plant,,
7028,Celtica Foods Limited,Heol Y Plas Cross Hands Food Park Cross Hands,Llanelli,SA14,"Carmarthenshire,Wales",United Kingdom,third-country,WM,CS,N,,CS - Cold Stores,,
6368,Chanctonbury Game Limited,Woodmans Farm London Road Pulborough RH20 3AU,Pulborough,RH20,"West Sussex,South East,England",United Kingdom,third-country,WM,GHE,N,,GHE - Game-Handling Establishment,30/09/2022,
2920,Chef's Farms Ltd,Chef's Farm Larder Woodcote Farm Petworth GU28 0NX,Graffham,GU28,"West Sussex,South East,England",United Kingdom,third-country,WM,GHE,N,,GHE - Game-Handling Establishment,01/04/2025,
2974,Chefs Cut Butchery Ltd,Unit 9 Sheet Stores Industrial Estate Field Farm Road Long Eaton Nottingham NG10 1AU,Long Eaton,NG10,"Derbyshire,East Midlands,England",United Kingdom,third-country,WM,CP,N,,CP - Cutting Plant,13/07/2026,
1073,Clark & Son (Long Melford) Limited,Unit 3 Cordell Works Cordell Road CO10 9EH,Long Melford,CO10,"Suffolk,East of England,England",United Kingdom,third-country,WM,CP,N,,CP - Cutting Plant,,
1090,Cleveleys Foods Limited,"Moat Farm All Saints South Elmham, IP19 0NY",Halesworth,IP19,"Suffolk,East of England,England",United Kingdom,third-country,WM,CP,N,,CP - Cutting Plant,,
2805,Coastal Cuisine Ltd,The Cold store Hadenham Road South Lowestoft Industrial Estate Lowestoft NR33 7NF,Suffolk,NR33,"Suffolk,East of England,England",United Kingdom,third-country,WM,CP,N,,CP - Cutting Plant,,
4864,Cornvale Foods Ltd,Station Yard Melling,Carnforth,LA5,"Lancashire,North West England,England",United Kingdom,third-country,WM,CP,N,,CP - Cutting Plant,25/11/2025,
GG 484,Cryotech II,Birchin Way Grimsby DN31 3SG England,Grimsby,DN31,"North East Lincolnshire,Yorkshire and the Humber,England",United Kingdom,third-country,WM,CS,N,,CS - Cold Stores,,
2876,Curtis Pitts Deer Services,Langlands Farm Mill Lane Cullompton EX14 3NA,Mid Devon,EX14,"Devon,South West England,England",United Kingdom,third-country,WM,CP GHE,N,,CP - Cutting Plant | GHE - Game-Handling Establishment,13/02/2024,
1040,D B Foods Ltd (Vantage Foods Limited),Unit P & Q Vantage Way BH12 4NU,Poole,BH12,"Poole,South West England,England",United Kingdom,third-country,WM,CP,N,,CP - Cutting Plant,,
6204,D H Game Ltd,Rooksgrove Farm,Warnford,SO32,"Hampshire,South East,England",United Kingdom,third-country,WM,CP GHE,N,,CP - Cutting Plant | GHE - Game-Handling Establishment,30/03/2022,
2277,D W GILLETTE CATERING BUTCHERS,4b Scotts Close Downton,Salisbury,SP5,"Wiltshire,South West England,England",United Kingdom,third-country,WM,CP,N,,CP - Cutting Plant,,
2893,DTC Foods Limited,Bratton Clovelly Ellacott Barton Okehampton EX20 4LB,Okehampton,EX20,"Devon,South West England,England",United Kingdom,third-country,WM,CP,N,,CP - Cutting Plant,20/08/2024,
1742,David Killoh Meat Co. Ltd,23 Blackhouse Industrial Est Peterhead AB42 1BN,Peterhead,AB42,"Aberdeenshire,Scotland",United Kingdom,third-country,WM,GHE,N,,GHE - Game-Handling Establishment,,
2813,Deer Box Ltd,Ramsbury Smokehouse #Stockclose Farm Aldbourne Wiltshire SN8 2NN,Wiltshire,SN8,"Wiltshire,South West England,England",United Kingdom,third-country,WM,CP GHE CS,N,,CP - Cutting Plant | GHE - Game-Handling Establishment | CS - Cold Stores,27/10/2021,
5443,Direct Meats (Knights Farm) Ltd T/A Blackwell & Co,"Knights Farm, Chappel",Colchester,CO6,"Essex,East of England,England",United Kingdom,third-country,WM,CP,N,,CP - Cutting Plant,,
BB202,Donald Russell Ltd,"Carnie Road, Kintore, Aberdeenshire AB51 0QH",Kintore,AB51,"Aberdeenshire,Scotland",United Kingdom,third-country,WM,CS,N,,CS - Cold Stores,,
2045,Dovecote Park Ltd,The Abattoir Stapleton WF8 3DD,Pontefract,WF8,"Yorkshire and the Humber,England",United Kingdom,third-country,WM,CP GHE,N,,CP - Cutting Plant | GHE - Game-Handling Establishment,30/03/2022,
2600,Downland Produce,B5 Ashville Centre Commerce Way Melksham SN12 6ZE,Melksham,SN12,"Wiltshire,South West England,England",United Kingdom,third-country,WM,CP,N,,CP - Cutting Plant,,
2916,Dunwood Farm Butchery,"Dunwood Farm, Dunwood Lane, Longsdon, Stoke on Trent, ST9 9QW",Stoke-on-Trent,ST9,"Stoke-on-Trent,West Midlands,England",United Kingdom,third-country,WM,CP,N,,CP - Cutting Plant,07/05/2025,
2554,E & P Catering Butchers Limited,"Barlow House, Barlow Road, Coventry CV2 2LD",Coventry,CV2,"West Midlands Combined Authority,West Midlands,England",United Kingdom,third-country,WM,CP,N,,CP - Cutting Plant,,
8101,EAST HILL PRIDE,Higher Rill Farm East Hill EX11 1QQ,Ottery St Mary,EX11,"Devon,South West England,England",United Kingdom,third-country,WM,CP GHE,N,,CP - Cutting Plant | GHE - Game-Handling Establishment,30/03/2022,
2960,Edenmoor,"Edenmoor, Unit 1A, Longbridge Meadow Industrial estate, Cullompton, EX151BT",Cullompton,EX15,"Devon,South West England,England",United Kingdom,third-country,WM,CP,N,,CP - Cutting Plant,21/04/2026,
2950,Ethical Butcher.,"Unit 24, Air Links Industrial Estate, Spitfire Way, Hounslow, TW5 9NR",Hounslow,TW5,"London,Greater London,England",United Kingdom,third-country,WM,CP,N,,CP - Cutting Plant,18/08/2026,
1019,Fairfax Meadow Europe Limited,Unit 2 & 3 Trafalgar Trading Estate EN3 7TY,London Borough of Enfield,EN3,"London,Greater London,England",United Kingdom,third-country,WM,CP,N,,CP - Cutting Plant,,
7062,Farmers Pantry Ltd,Rosedew Farm Llantwit Major,Vale of Glamorgan,CF61,"Vale of Glamorgan,Wales",United Kingdom,third-country,WM,CP,N,,CP - Cutting Plant,,
2755,Field to Fork Game Ltd,Manor House Sinnington York YO62 6SN England,Sinnington,YO62,"North Yorkshire,Yorkshire and the Humber,England",United Kingdom,third-country,WM,CP GHE,N,,CP - Cutting Plant | GHE - Game-Handling Establishment,30/03/2022,
5530,Frank Godfrey Ltd,Unit 12 Morris Place Finsbury Park,London,N4,"London,Greater London,England",United Kingdom,third-country,WM,CP,N,,CP - Cutting Plant,,
4842,Furness Fish & Game Ltd,Moor Lane Flookburgh,Grange-over-Sands,LA11,"Cumbria,North West England,England",United Kingdom,third-country,WM,CP GHE,N,,CP - Cutting Plant | GHE - Game-Handling Establishment,30/03/2022,
5004,GRESSINGHAM FOODS,Grange Farm Hinderclay Road Redgrave Diss,Redgrave,IP22,"Suffolk,East of England,England",United Kingdom,third-country,WM,CP,N,,CP - Cutting Plant,,
1025,Gilders Transport Ltd (T/A Martins Meats),Unit 2 & 3 Orchard Industrial Estate Toddington Cheltenham GL54 5EB,Gloucestershire,GL54,"Gloucestershire,South West England,England",United Kingdom,third-country,WM,CP,N,,CP - Cutting Plant,10/11/2025,
2863,Glenn Lewin Butchers Limited,50 The Half Croft Syston Leicester LE7 1LD,Syston,LE7,"Leicestershire,East Midlands,England",United Kingdom,third-country,WM,CP,N,,CP - Cutting Plant,22/08/2023,
2586,Great Central Meats Limited,11 Festival Drive Loughborough LE11 5XJ,Loughborough,LE11,"Leicestershire,East Midlands,England",United Kingdom,third-country,WM,CP,N,,CP - Cutting Plant,,
5207,H G Blake (Costessey) Ltd,Bull Farm Abattoir Reepham Road Felthorpe Norwich NR10 4DU,Felthorpe,NR10,"Norfolk,East of England,England",United Kingdom,third-country,WM,GHE CP,N,,GHE - Game-Handling Establishment | CP - Cutting Plant,30/03/2022,
2947,H G Walter Limited,Unit 2 Origin Business Park Rainsford Road Park Royal London NW10 7FW,London,NW10,"London,Greater London,England",United Kingdom,third-country,WM,CP,N,,CP - Cutting Plant,20/01/2026,
2762,H M Venison Ltd,Round Green Farm Worsbrough Barnsley S75 3DR England,Barnsley,S75,"Yorkshire and the Humber,England",United Kingdom,third-country,WM,CP GHE,N,,CP - Cutting Plant | GHE - Game-Handling Establishment,30/03/2022,
2884,H&M Meats Limited,120 Norwood High Street London SE27 9NH,London,SE27,"London,Greater London,England",United Kingdom,third-country,WM,CP,N,,CP - Cutting Plant,23/07/2024,
2466,HOLDSWORTH,Rawroyds Road Holywell Green Halifax,Halifax,HX4,"Yorkshire and the Humber,England",United Kingdom,third-country,WM,CP,N,,CP - Cutting Plant,,
2256,HV GRAVES,24 Gladstone Place,Briston,NR24,"Norfolk,East of England,England",United Kingdom,third-country,WM,CP GHE,N,,CP - Cutting Plant | GHE - Game-Handling Establishment,30/03/2022,
8297,Hampshire Game Ltd,Pollards Farm Clanville Andover SP11 9JE England,Wiltshire,SP11,"Wiltshire,South West England,England",United Kingdom,third-country,WM,CP GHE,N,,CP - Cutting Plant | GHE - Game-Handling Establishment,30/03/2022,
2263,Handcross Butchers Ltd,Windy Hills High Street Handcross RH17 6BN,Haywards Heath,,"West Sussex,South East,England",United Kingdom,third-country,WM,CP,N,,CP - Cutting Plant,,
2838,Hetton Management Services,The Estate Office Hetton Steads Lowick TD15 2UL,Scottish Borders,TD15,"Scottish Borders,Scotland",United Kingdom,third-country,WM,CP GHE,N,,CP - Cutting Plant | GHE - Game-Handling Establishment,13/09/2022,
1178,Highland Game Limited,Baird Avenue Dryburgh Ind Est Dundee,Dundee City,DD2,"Dundee City,Scotland",United Kingdom,third-country,WM,CS GHE CP,N,,CS - Cold Stores | GHE - Game-Handling Establishment | CP - Cutting Plant,,
1701.,Hubertus Game Ltd,Ferry Road Pitlochry Perthshire,Pitlochry,PH16,"Perth and Kinross,Scotland",United Kingdom,third-country,WM,GHE,N,,GHE - Game-Handling Establishment,,
4322,J W Mettrick & Son Ltd,84 Victoria Street,Glossop,SK13,"Derbyshire,East Midlands,England",United Kingdom,third-country,WM,CP GHE,N,,CP - Cutting Plant | GHE - Game-Handling Establishment,,
1740,John Henderson (Meat Specialists) Ltd,"Unit 8, Fife Food Park, Faraday Road, Glenrothes, Fife KY6 2RU",Glenrothes,KY6,"Fife,Scotland",United Kingdom,third-country,WM,CP,N,,CP - Cutting Plant,,
1125,John M Munro Ltd,West End Strathpeffer Rd Dingwall IV15 9QF,Dingwall,IV15,"Highland,Scotland",United Kingdom,third-country,WM,CP,N,,CP - Cutting Plant,,
8355,John Sheppard Butchers Ltd,Units 5 & 6 Ashley Trading Estate Ashley Parade Bristol BS2 9XS England,Bristol,BS2,"City of Bristol,South West England,England",United Kingdom,third-country,WM,CP,N,,CP - Cutting Plant,30/07/2024,
2959,Jones The Butchers Ltd,"1 Dulwich Road, London, SE24 0NT",London,SE24,"London,Greater London,England",United Kingdom,third-country,WM,CP,N,,CP - Cutting Plant,07/04/2026,
7176,Kepak Group Ltd St Merryn,"Penygarnddu Industrial Estate, Dowlais Top, MERTHYR TYDFIL CF48 2TA",Merthyr Tydfil,CF48,"Merthyr Tydfil,Wales",United Kingdom,third-country,WM,CP,N,,CP - Cutting Plant,13/09/2022,
1003,Kinda Food Ltd,Units 7 8 & 9 Rosebery Industrial Park Rosebery Avenue London Greater London N17 9SR,London,N17,"London,Greater London,England",United Kingdom,third-country,WM,CP,N,,CP - Cutting Plant,05/03/2025,
2440,L & A DENT (GAME DEALERS) LIMITED,Ghyll Farm Carlton Leyburn,Leyburn,DL8,"North Yorkshire,Yorkshire and the Humber,England",United Kingdom,third-country,WM,CP GHE,N,,CP - Cutting Plant | GHE - Game-Handling Establishment,,
2791,L G Palk,Unit 14 Trojan Industrial Estate Borough Close Paignton TQ4 7EP,Paignton,TQ4,"Torbay,South West England,England",United Kingdom,third-country,WM,CP,N,,CP - Cutting Plant,11/02/2025,
2291,L Wood & Sons,O'Cot Farm Scammonden,Huddersfield,HD3,"Yorkshire and the Humber,England",United Kingdom,third-country,WM,CP GHE,N,,CP - Cutting Plant | GHE - Game-Handling Establishment,30/03/2022,
2942,La Chasse Limited,"Tinkers Farm, Gillingham, SP8 5PB",Gillingham,SP8,"Dorset,South West England,England",United Kingdom,third-country,WM,CP GHE,N,,CP - Cutting Plant | GHE - Game-Handling Establishment,11/11/2025,
4794,Lake District Farmers Ltd,Raisgill Hall Tebay Penrith CA10 3UB,Penrith,,"Cumbria,North West England,England",United Kingdom,third-country,WM,CP,N,,CP - Cutting Plant,,
2935,Lancashire Game Limited,"Banksys Farm, Eaves Green Lane, Preston, PR3 2FE",Preston,PR3,"Lancashire,North West England,England",United Kingdom,third-country,WM,CP GHE,N,,CP - Cutting Plant | GHE - Game-Handling Establishment,25/11/2025,
2615,Le Marche Des Chefs,Unit 4 Titan Business Park Finch Street London SE8 5QA,London,SE8,"London,Greater London,England",United Kingdom,third-country,WM,CP,N,,CP - Cutting Plant,,
2595,Lincolnshire Game Ltd,The Steynings Swineshead Boston PE20 3NQ,Boston,PE20,"Lincolnshire,East Midlands,England",United Kingdom,third-country,WM,CP GHE CS,N,,CP - Cutting Plant | GHE - Game-Handling Establishment | CS - Cold Stores,,
2880,Links Butchery,The Links Game Preparation Unit 2 Kings Street Seahouses NE68 7PX,Seahouses,NE68,"Northumberland,North East England,England",United Kingdom,third-country,WM,CP GHE,N,,CP - Cutting Plant | GHE - Game-Handling Establishment,27/05/2024,
7211,Lord Robert Newborough t/a Rhug Organic,Rhug Estate Office,Corwen,LL21,"Denbighshire,Wales",United Kingdom,third-country,WM,CP,N,,CP - Cutting Plant,,
2682,M & J Pyne (Wholesale Division) Limited,Plot B Huntworth Way North Petherton Somerset TA6 6FA,North Petherton,TA6,"Somerset,South West England,England",United Kingdom,third-country,WM,CP,N,,CP - Cutting Plant,11/02/2025,
8004,M C Kelly Limited,Elston Farm Copplestone EX17 5PB,Crediton,EX17,"Devon,South West England,England",United Kingdom,third-country,WM,GHE CP,N,,GHE - Game-Handling Establishment | CP - Cutting Plant,30/03/2022,
1096,M J Birtwistle & Co Ltd,1 Ferrous Way Irlam M44 5FS,Greater Manchester,M44,"Greater Manchester,North West England,England",United Kingdom,third-country,WM,CP,N,,CP - Cutting Plant,,
2670,Manifold Valley Meats,Wellcroft Farm Grindon Leek ST13 7TT,Leek,ST13,"Staffordshire,West Midlands,England",United Kingdom,third-country,WM,CP GHE,N,,CP - Cutting Plant | GHE - Game-Handling Establishment,,
1702,Mclays Limited,70-72 Glentanar Road Balmore Ind Est Glasgow G22 7XS,Glasgow City,G22,Scotland,United Kingdom,third-country,WM,CP,N,,CP - Cutting Plant,,
6360,Medstead Meats Ltd,Trinity Farm Trinity Hill Medstead,East Hampshire,GU34,"Hampshire,South East,England",United Kingdom,third-country,WM,CP GHE,N,,CP - Cutting Plant | GHE - Game-Handling Establishment,,
5529,Middlesex Meat Company Limited,Atlas Road Fourth Way,Wembley,HA9,"London,Greater London,England",United Kingdom,third-country,WM,CP,N,,CP - Cutting Plant,,
1585,Mull Slaughterhouse Limited,Callachaly Salen Isle of Mull Argyll PA72 6JN,Argyll and Bute,PA72,"Argyll and Bute,Scotland",United Kingdom,third-country,WM,CP,N,,CP - Cutting Plant,,
4246,NEIL POWELL CATERING,Unit 1 Pontrilas,Hereford,HR2,"Herefordshire,West Midlands,England",United Kingdom,third-country,WM,CP,N,,CP - Cutting Plant,,
HO 120,Nabco Enterprises Ltd,Unit 5 River Garden Business Centre Spur Road Feltham TW14 0SN,Feltham,TW14,"West Sussex,South East,England",United Kingdom,third-country,WM,CS,N,,CS - Cold Stores,17/10/2021,
2975,Natures Larder Game,Mill Farm Whelford Cirencester GL74DY,Wiltshire,GL7,"Wiltshire,South West England,England",United Kingdom,third-country,WM,CP GHE,N,,CP - Cutting Plant | GHE - Game-Handling Establishment,11/08/2026,
2384,Newhouse Game,"Unit 1, Stone Farm Stanswood Road Fawley Southampton",Fawley,SO45,"Hampshire,South East,England",United Kingdom,third-country,WM,CP GHE,N,,CP - Cutting Plant | GHE - Game-Handling Establishment,30/03/2022,
2887,Oakland Park,Old Kiln Farm Oxford Road Hermitage RG18 9XX,Hermitage,RG18,"West Berkshire,South East,England",United Kingdom,third-country,WM,CP GHE,N,,CP - Cutting Plant | GHE - Game-Handling Establishment,16/07/2024,
4465,Owen Taylor and Sons Ltd,27 Main Road Leabrooks DE55 1LA,Alfreton,DE55,"Derbyshire,East Midlands,England",United Kingdom,third-country,WM,CP,N,,CP - Cutting Plant,,
2470,Ox Close Fine Foods,Ox Close Farm North Deighton Wetherby LS22 5HW,Wetherby,LS22,"Yorkshire and the Humber,England",United Kingdom,third-country,WM,CP GHE,N,,CP - Cutting Plant | GHE - Game-Handling Establishment,,
5500,PETERBOROUGH GAME CO LTD,Unit 5-7 The Arena Roman Bank,Bourne,PE10,"Lincolnshire,East Midlands,England",United Kingdom,third-country,WM,CP GHE,N,,CP - Cutting Plant | GHE - Game-Handling Establishment,30/03/2022,
1037,Parkers Foodservice Ltd,Unit X Rudford Industrial Estate Ford Road BN18 0BF,Arundel,BN18,"West Sussex,South East,England",United Kingdom,third-country,WM,CP,N,,CP - Cutting Plant,,
2801,Pasture Farm Foods Limited,Units 6-8 Whitewalls Close Colne BB8 8LE,Pendle,BB8,"Lancashire,North West England,England",United Kingdom,third-country,WM,CP,N,,CP - Cutting Plant,,
2641,Pepperell's Meats Ltd,"Unit 1, The Firs Redenhall Harleston IP20 9QN",Harleston,IP20,"Norfolk,East of England,England",United Kingdom,third-country,WM,CP,N,,CP - Cutting Plant,,
4242,Peter Coates Alrewas Ltd,100 Main Street Alrewas,Alrewas,DE13,"Staffordshire,West Midlands,England",United Kingdom,third-country,WM,GHE,N,,GHE - Game-Handling Establishment,15/11/2022,
1069,Philip Dennis FoodService Limited (T/A Philip Dennis Foodservice),Unit 4 Brannam Crescent Roundswell Business Park EX31 3TD,Barnstaple,EX31,"Devon,South West England,England",United Kingdom,third-country,WM,CP,N,,CP - Cutting Plant,,
2669,Philip Warren & Son Ltd,3 Dunheved Court Pennygillam Way Pennygillam Industrial Estate PL15 7ED,Launceston,PL15,"Cornwall,South West England,England",United Kingdom,third-country,WM,CP,N,,CP - Cutting Plant,,
2026,Pinnacle Foods Limited,Plot 2 Caker Stream Road GU34 2QA,Alton,GU34,"Hampshire,South East,England",United Kingdom,third-country,WM,CP,N,,CP - Cutting Plant,23/07/2024,
2471,R & J YORKSHIRE'S FINEST,Wateredge Longswales Lane Kirkby Malzeard,Ripon,HG4,"North Yorkshire,Yorkshire and the Humber,England",United Kingdom,third-country,WM,CP,N,,CP - Cutting Plant,,
2078,R & P Meats Ltd,Cherry Orton Road Orton Waterville PE2 5EH,Peterborough,PE2,"East of England,England",United Kingdom,third-country,WM,CP,N,,CP - Cutting Plant,,
8386,R D Johns Ltd,Unit 29 Milber Industrial Estate Newton Abbot TQ12 4SG England,Newton Abbot,TQ12,"Devon,South West England,England",United Kingdom,third-country,WM,CP,N,,CP - Cutting Plant,,
2789,R Owton (Wholesale) Butchers Limited,"Unit 17, Chalcroft Distribution Park Burnetts Lane West End Southampton SO302HU",Southampton,SO30,"Southampton,South East,England",United Kingdom,third-country,WM,CP,N,,CP - Cutting Plant,,
2940,R.D. Johns Limited,"Unit 13A, Hopkinson Way, Andover, Hampshire, SP10 3ZE",Andover,SP10,"Hampshire,South East,England",United Kingdom,third-country,WM,CP,N,,CP - Cutting Plant,21/10/2025,
5511,ROBERT ASHCROFT GAME,High Hill Farm Oxley Hill Tolleshunt D'arcy Maldon CM9 8ES,Essex,CM9,"Essex,East of England,England",United Kingdom,third-country,WM,CP,N,,CP - Cutting Plant,30/03/2022,
2883,RR Alden Oxford Limited,"Unit 2, The Shed, Charbridge Lane Bicester OX26 4SS",Bicester,OX26,"Oxfordshire,South East,England",United Kingdom,third-country,WM,CP,N,,CP - Cutting Plant,31/05/2024,
2033,Reeves Butchers Ltd,Unit 11 Brickfields Kiln Lane RG12 1NQ,Bracknell,RG12,"Bracknell Forest,South East,England",United Kingdom,third-country,WM,CP,N,,CP - Cutting Plant,,
6398,Ribdeal Ltd T/A Fenns of Piccadilly,"Unit 3 &4, Roslin Square Roslin Road Acton",London,W3,"London,Greater London,England",United Kingdom,third-country,WM,CP,N,,CP - Cutting Plant,,
2928,Ritter-Courivaud Limited,Unit 10 Longlands Road Launton Bicester OX26 5AH,Bicester,OX26,"Oxfordshire,South East,England",United Kingdom,third-country,WM,CP,N,,CP - Cutting Plant,12/08/2025,
2524,Robert Hawker Venison Limited,Highland Farm Hemyock Cullompton EX15 3RU England,Cullompton,EX15,"Devon,South West England,England",United Kingdom,third-country,WM,CP GHE,N,,CP - Cutting Plant | GHE - Game-Handling Establishment,30/03/2022,
2723,Robinson Wild Foods Ltd,Owl Barn Duntisbourne Cirencester GL7 7LG England,Cirencester,GL7,"Gloucestershire,South West England,England",United Kingdom,third-country,WM,CS GHE,N,,CS - Cold Stores | GHE - Game-Handling Establishment,,
2772,Rolwer Farms,Rowler Farm Rowler Estate Rowler Brackley NN135LN England,Brackley,NN13,"Northamptonshire,East Midlands,England",United Kingdom,third-country,WM,CP,N,,CP - Cutting Plant,,
2606,Ruby & White Butchers,Unit 5B Kingsland Trading Estate Bristol BS2 0JZ,Bristol,BS2,"City of Bristol,South West England,England",United Kingdom,third-country,WM,CP,N,,CP - Cutting Plant,,
1724,Scott Brothers (Dundee) Limited,206 Strathmartine Road Dundee DD3 8DE,Dundee City,DD3,"Dundee City,Scotland",United Kingdom,third-country,WM,CP,N,,CP - Cutting Plant,,
1680,Simon Howie Butchers Ltd,"Findony, Muckart Road, Dunning, Perthshire PH2 0RA",Dunning,PH2,"Perth and Kinross,Scotland",United Kingdom,third-country,WM,CP,N,,CP - Cutting Plant,,
1190,Simpson Game Limited,Simpson Game Limited Industrial Est Newtonmore PH20 1AR,Newtonmore,PH20,"Highland,Scotland",United Kingdom,third-country,WM,GHE,N,,GHE - Game-Handling Establishment,,
2298,South Downs Venison and Game Ltd,GU28 0LT The Old Dairy Manor Farm Duncton,Petworth,,"West Sussex,South East,England",United Kingdom,third-country,WM,CP GHE,N,,CP - Cutting Plant | GHE - Game-Handling Establishment,30/03/2022,
2544,Swaledale Butchers Ltd,Unit B Snaygill Industrial Estate Skipton BD23 2QR England,Skipton,BD23,"North Yorkshire,Yorkshire and the Humber,England",United Kingdom,third-country,WM,CP,N,,CP - Cutting Plant,,
1028,Swandean Fresh Meats Limited,Swandean Fresh Meats Limited Manor Parade Salvington Road BN13 2JP,West Sussex,BN13,"West Sussex,South East,England",United Kingdom,third-country,WM,CP,N,,CP - Cutting Plant,10/11/2025,
2605,Taste Tradition Limited,"Unit 1, Hanwell Lane, Hutton Conyers Ripon HG4 5BF",Ripon,HG4,"North Yorkshire,Yorkshire and the Humber,England",United Kingdom,third-country,WM,CP,N,,CP - Cutting Plant,,
2938,Thatcham Butchers Limited,"Unit B, Kennetside, Bone Lane, Newbury, RG14 5PX",Newbury,RG14,"West Berkshire,South East,England",United Kingdom,third-country,WM,CP,N,,CP - Cutting Plant,16/09/2025,
1184,The Ardgay Game Factory Ltd,Southside Estate Bonar Bridge Sutherland IV24 3AP,Sutherland,IV24,Scotland,United Kingdom,third-country,WM,GHE,N,,GHE - Game-Handling Establishment,,
2837,The Blackmore Vale Butchery,"Unit 1a Hardings Business Centre, Bowbridge, Henstridge, Somerset, BA80TF",Henstridge,BA8,"Somerset,South West England,England",United Kingdom,third-country,WM,CP,N,,CP - Cutting Plant,31/08/2022,
2656,The Catering Butcher,216 Sutherland Road Longton ST3 1JB,Longton,ST3,"Stoke-on-Trent,West Midlands,England",United Kingdom,third-country,WM,CP,N,,CP - Cutting Plant,,
7006,The Food Technology Centre,Coleg Menai Ffordd Penmynydd Llangefni,Isle of Anglesey,LL77,Wales,United Kingdom,third-country,WM,CP,N,,CP - Cutting Plant,,
2018,The London Meat Company Limited,Unit 5 Crown Way,West Drayton UB7 8HZ,,"London,Greater London,England",United Kingdom,third-country,WM,CP,N,,CP - Cutting Plant,30/03/2023,
2828,The Meat Men Limited,"Church Farm, Church Lane, Kingston St mary, Taunton, TA28HR",Kingston St Mary,TA2,"Somerset,South West England,England",United Kingdom,third-country,WM,CP,N,,CP - Cutting Plant,12/04/2022,
2969,The Newt In Somerset,Avalan Farm Galhampton Hill Galhampton BA22 7AE,Galhampton,BA22,"Somerset,South West England,England",United Kingdom,third-country,WM,CP,N,,CP - Cutting Plant,23/06/2026,
2597,The Woodhouse Butchery Ltd,Unit 2B Burrell Road Haywards Heath RH16 1TW,Haywards Heath,RH16,"West Sussex,South East,England",United Kingdom,third-country,WM,CP CS,N,,CP - Cutting Plant | CS - Cold Stores,,
1087,Thomas Stratton,The Meat Depot The Street Bramford IP8 4DU,Ipswich,IP8,"Suffolk,East of England,England",United Kingdom,third-country,WM,CP,N,,CP - Cutting Plant,,
2494,Thompsons Food Service Ltd,26-28 Southgates Road Great Yarmouth NR30 3LL England,Great Yarmouth,NR30,"Norfolk,East of England,England",United Kingdom,third-country,WM,CP,N,,CP - Cutting Plant,,
1024,Thorners,Bridge Farm Shop Pylle BA4 6TA,Shepton Mallet,BA4,"Somerset,South West England,England",United Kingdom,third-country,WM,CP,N,,CP - Cutting Plant,,
1243,Thos A Shaw T/A Shaws Fine Meats,"12 Market Place, Lauder, TD2 6SR",Lauder,TD2,"Scottish Borders,Scotland",United Kingdom,third-country,WM,CP,N,,CP - Cutting Plant,29/10/2025,
2462,Turner & Price Ltd,Wiltshire Road,Hull,HU4,"Kingston upon Hull,Yorkshire and the Humber,England",United Kingdom,third-country,WM,CP,N,,CP - Cutting Plant,,
2548,Turner's Game,The Barn Bekesbourne Lane Littlebourne Canterbury CT3 1UZ,Canterbury,CT3,"Kent,South East,England",United Kingdom,third-country,WM,CP GHE CS,N,,CP - Cutting Plant | GHE - Game-Handling Establishment | CS - Cold Stores,30/03/2022,
6344,Vicars Game Ltd,The Old Dairy Casey Fields Farm Ashampstead Newbury,West Berkshire,RG8,"West Berkshire,South East,England",United Kingdom,third-country,WM,CP GHE,N,,CP - Cutting Plant | GHE - Game-Handling Establishment,30/03/2022,
4295,W JAMES,894 Leek New Road Baddeley Green,Stoke-on-Trent,ST2,"Stoke-on-Trent,West Midlands,England",United Kingdom,third-country,WM,GHE CP,N,,GHE - Game-Handling Establishment | CP - Cutting Plant,30/03/2022,
2284,WALTER ROSE & SON,21/22 Sidmouth Street,Devizes,SN10,"Wiltshire,South West England,England",United Kingdom,third-country,WM,CP,N,,CP - Cutting Plant,,
6388,WOBURN COUNTRY FOODS,The Old Grain Store West End Farm Haynes West End,Bedford,MK45,"Bedford,East of England,England",United Kingdom,third-country,WM,CP,N,,CP - Cutting Plant,15/11/2022,
2484,Warren Butterworth Catering Butchers Ltd,Unit 5 Westway Industrial Park Throckley Newcastle-upon-tyne,Throckley,NE15,"North East England,England",United Kingdom,third-country,WM,CP,N,,CP - Cutting Plant,,
7191,Welsh Farm Organics & Graig Farm Organics,Tyn-y-fron Mochdre,Newtown,SY16,"Powys,Wales",United Kingdom,third-country,WM,CP,N,,CP - Cutting Plant,,
2777,Westmorland,Westmorland Place Orton Penrith CA103SB England,Penrith,,"Cumbria,North West England,England",United Kingdom,third-country,WM,CP,N,,CP - Cutting Plant,23/07/2024,
1234.,Wild Jura Ltd T/A Wild Jura,Coille Croft Keils Isle of Jura PA60 7XG,Argyll and Bute,PA60,"Argyll and Bute,Scotland",United Kingdom,third-country,WM,CP GHE,N,,CP - Cutting Plant | GHE - Game-Handling Establishment,06/01/2025,
1685,WildScot Gamedealer Limited T/A The Scottish Venison Company,Unit 3 Balmacassie Ind Est Broomiesburn Road Elton Aberdeenshire AB41 9RD,Ellon,AB41,"Aberdeenshire,Scotland; lwG Large wild game",United Kingdom,third-country,WM,CP GHE,N,,CP - Cutting Plant | GHE - Game-Handling Establishment,19/01/2024,
GBR1692,"William G Young, William G Young (Jnr), John Young, Elizabeth Young T/A W.G. Young","Overton Farm, Crossford, Carluke, Lanarkshire ML8 5QF",Carluke,ML8,"South Lanarkshire,Scotland",United Kingdom,third-country,WM,CP,N,,CP - Cutting Plant,25/11/2025,
4723,Willo Game Ltd,Mid Shires Food Park Norbury,Bishop's Castle,SY9,"Shropshire,West Midlands,England",United Kingdom,third-country,WM,GHE,N,,GHE - Game-Handling Establishment,,
8392,Wiltshire Game Ltd,Unit 2 Station Yard Tisbury Salisbury SP3 6JT England,Salisbury,SP3,"Wiltshire,South West England,England",United Kingdom,third-country,WM,CP GHE,N,,CP - Cutting Plant | GHE - Game-Handling Establishment,30/03/2022,
1725,Yorkes Of Dundee,30 Strathmartine Road Dundee Angus,Dundee City,DD3,"Dundee City,Scotland",United Kingdom,third-country,WM,CP,N,,CP - Cutting Plant,,
2457,Yorkshire Dales Meat Co Ltd,Mill Close Farm Patrick Brompton Bedale,Bedale,DL8,"North Yorkshire,Yorkshire and the Humber,England",United Kingdom,third-country,WM,CP,N,,CP - Cutting Plant,,
2184,Yorkshire Premier Meat,Unit 56 South Kirkby,Pontefract,WF8,"Yorkshire and the Humber,England",United Kingdom,third-country,WM,CP,N,,CP - Cutting Plant,,
