approval_number,name,address,city,postcode,region,country,group,section,activity,slaughter,species,remarks,date_of_approval,publication_date
TS 547,584 Nha Trang Seaproduct Joint Stock Company,"Lot A23-A24, Dien Phu small and medium industrial cluster, Dien Dien commune, Khanh Hoa province",Dien Dien,,Khanh Hoa province,Vietnam,third-country,FFP,PP,,,PP - Processing Plant,26/02/2026,
DL 111,AGREX SAIGON FOODSTUFFS JOINT STOCK COMPANY (AGREX SAIGON),"No.10 Ben Nghe Street, Tan Thuan Ward, Ho Chi Minh City, Vietnam",Ho Chi Minh City,000084,Ho Chi Minh City,Vietnam,third-country,FFP,PP,,,PP - Processing Plant,15/01/2026,
KL 1331,"AJ Dong Nai Cold Storage Company Limited (AJ Dong Nai Cold Co., LTD)","Nhon Trach VI Industrial Park, Phuoc An Commune, Dong Nai city, Vietnam",Dong Nai City,810000,Dong Nai province,Vietnam,third-country,FFP,CS,,,CS - Cold Stores,27/08/2026,
KL 1296,"AJ TOTAL VIETNAM CO.,LTD (AJ TOTAL VN)","Lot H.04, Street No.1, Long Hau Industrial Park, Can Giuoc Commune, Tay Ninh Province, Vietnam",Tây Ninh,082120,Tay Ninh province,Vietnam,third-country,FFP,CS,,,CS - Cold Stores,02/02/2026,
DL 1107,AMIGO SEAFOOD PROCESSING JOINT STOCK COMPANY,"No.01 Nguyen Van Tuyet, Thuan An Ward, Hue City",Hue City,530000,Hue City,Vietnam,third-country,FFP,PP,,,PP - Processing Plant,04/05/2026,
DL 979,AN HAI FISHERY LIMITED COMPANY (AHFISHCO),"Lot B4-03, A area, Nhon Hoi Industrial Park, Quy Nhon Dong Ward, Gia Lai Province",Quy Nhon Dong,,Gia Lai Province,Vietnam,third-country,FFP,PP,,,PP - Processing Plant,25/02/2026,
HK 839,"AN LAC - TRA VINH SEAFOOD CO., LTD","No. 20, Lot E, Long Duc Industrial zone, Long Duc Ward, Vinh Long Province, Viet Nam",Vĩnh Long,930000,Vinh Long province,Vietnam,third-country,FFP,PP,,,PP - Processing Plant,19/01/2026,
DL 120,An Hoa KISIMEX Factory,"No. 62, Ngo Thoi Nhiem Street, Rach Gia Ward, An Giang Province, Viet Nam",Rach Gia,,An Giang province,Vietnam,third-country,FFP,PP,,,PP - Processing Plant,25/02/2026,
DL 311,An My Fish Joint Stock Company - ANMYFISH CO),"Lot A2-A3, Phu Hoa Industrial Zone, Phu Hoa Commune, An Giang Province, Viet Nam.",Phú Hòa,,An Giang province,Vietnam,third-country,FFP,PP,,,PP - Processing Plant,25/02/2026,
NM 793,"An N Cuong Co., Ltd","Number 8, Phan Nhung Street, Ward 1, Phu Quoc Special Zone, An Giang Province, Vietnam",Phu Quoc,925000,An Giang province,Vietnam,third-country,FFP,PP,,,PP - Processing Plant,14/07/2026,
TS 1311,An Nam Food Trading Company Limitied,"Lot 2.10J, Road 10, Tra Noc Industrial 2, Phuoc Thoi ward, Can Tho City",Can Tho City,950000,Can Tho City,Vietnam,third-country,FFP,PP,,,PP - Processing Plant,27/08/2026,
DL 447,An Phu Factory-Soc Trang Seafood Joint Stock Company (Stapimex),"Lot N, An Nghiep Industrial Zone, An Ninh Commune, Can Tho City, Viet Nam",Can Tho City,950000,Can Tho City,Vietnam,third-country,FFP,PP,,,PP - Processing Plant,15/01/2026,
DL 948,An San Foods Factory,"Lot B, An Nghiep Industrial Zone, An Ninh Commune, Can Tho City, Vietnam",Can Tho City,950000,Can Tho City,Vietnam,third-country,FFP,PP,,,PP - Processing Plant,19/01/2026,
DL 422,Asia Foods Import Export Corporation (AFOODS),"Dong Hoa Village, Kim Son Ward, Dong Thap Province, Vietnam",Dong Thap Province,081000,Dong Thap Province,Vietnam,third-country,FFP,PP,,,PP - Processing Plant,15/01/2026,
DL 27,"Asia Pangasius Co., Ltd.","Block 38-39, My Tho Industrial Zone, Trung An Ward, Dong Thap Province, Vietnam",Dong Thap Province,081000,Dong Thap Province,Vietnam,third-country,FFP,PP,,,PP - Processing Plant,20/01/2026,
HK 796,"Asuzac Foods Co.,Ltd","Lot AL.26b-28a, Road No.10, Tan Thuan Export Processing Zone, Tan Thuan Ward, Ho Chi Minh City, Vietnam",Ho Chi Minh City,000084,Ho Chi Minh City,Vietnam,third-country,FFP,PP,,,PP - Processing Plant,19/01/2026,
DL 408,Atlantic Seafood Freezing Factory N.V,"Lot A4, Thot Not Industrial zone, Thot Not Ward, Can Tho City, Viet Nam.",Can Tho City,950000,Can Tho City,Vietnam,third-country,FFP,PP,,,PP - Processing Plant,15/01/2026,
TS 924,"Automated cold store branch - Asia pangasius Co., Ltd","Lot 24, 26, 28, 30 Street 1, Tan Tao industrial park, Tan Tao ward, Ho Chi Minh city, Vietnam",Ho Chi Minh City,000084,Ho Chi Minh City,Vietnam,third-country,FFP,CS,,,CS - Cold Stores,28/01/2026,
DL 661,"B-T SEAFOOD CO.,LTD","Lot F6, Suoi Dau Industrial Park, Cam Lam Commune, Khanh Hoa Province, Vietnam",Cam Lam,,Khanh Hoa province,Vietnam,third-country,FFP,PP,,,PP - Processing Plant,19/01/2026,
TS 198,BAHAI JSC,"Lot A9, A11 Hoa Hiep Industrial Zone, Hoa Hiep Ward, Dak Lak Province, Viet Nam",Hoa Hiep,,Dak Lak province,Vietnam,third-country,FFP,PP,,,PP - Processing Plant,26/02/2026,
DL 888,BASA MEKONG FACTORY (BASA MEKONG),"Group 2, Thanh My 2 Hamlet, Thanh Duc Ward, Vinh Long Province, Viet Nam",Vĩnh Long,930000,Vinh Long province,Vietnam,third-country,FFP,PP,,,PP - Processing Plant,20/01/2026,
DL 911,BCC-JV COMPANY LIMITED (BCC-JV),"167/9A 30/4 Street, Rach Dua Ward, Ho Chi Minh City, Vietnam",Ho Chi Minh City,000084,Ho Chi Minh City,Vietnam,third-country,FFP,PP,,,PP - Processing Plant,19/01/2026,
DL 856,"BEX CO.,LTD","Lot 2/11, Road 2, Phan Thiet Industrial Zone, Ham Liem Village, Lam Dong Province, Vietnam",Ham Liem,,Lam Dong Province,Vietnam,third-country,FFP,PP,,,PP - Processing Plant,25/02/2026,
DL 841,"BINH VINH SAIGON FOOD CO., LTD","C4-5 Lots, D4 Street, Tan Phu Trung Industrial Zone, Cu Chi Ward, Ho Chi Minh City, Vietnam",Ho Chi Minh City,000084,Ho Chi Minh City,Vietnam,third-country,FFP,PP,,,PP - Processing Plant,19/01/2026,
DL 673,"BLUE BAY SEAFOOD CO., LTD","999A, Nam Dam Hamlet, Luong The Tran Commune, Ca Mau Province, Vietnam",Cà Mau,970000,Ca Mau province,Vietnam,third-country,FFP,PP,,,PP - Processing Plant,19/01/2026,
TS 968,BLUE OCEAN CANNED FOOD JOINT STOCK COMPANY,"Lot B5, Hoa Hiep Industrial Zone, Hoa Hiep Ward, Dak Lak Province, Viet Nam",Hoa Hiep,,Dak Lak province,Vietnam,third-country,FFP,PP,,,PP - Processing Plant,26/02/2026,
DL 811,"BRANCH 3 - SONG BIEN TRADING & SERVICE CO., LTD","E1', Tan Kim Industrial Park, Can Giuoc Commune, Tay Ninh Provine, Vietnam",Tây Ninh,,Tay Ninh province,Vietnam,third-country,FFP,PP,,,PP - Processing Plant,19/01/2026,
DL 360,BRANCH OF AN GIANG FISHERIES IMPORT & EXPORT JOINT STOCK COMPANY - FOOD PROCESSING FACTORY,"1234 TRAN HUNG DAO STREET, BINH DUC WARD, AN GIANG PROVINCE, VIET NAM",Bình Đức,880000,An Giang province,Vietnam,third-country,FFP,PP,,,PP - Processing Plant,25/02/2026,
DL 08,BRANCH OF AN GIANG FISHERIES IMPORT & EXPORT JOINT STOCK COMPANY - FROZEN FACTORY 8,"336, NATIONAL ROAD 91, AN CHAU COMMUNE, AN GIANG PROVINCE, VIET NAM",An Chau,,An Giang province,Vietnam,third-country,FFP,PP,,,PP - Processing Plant,25/02/2026,
DL 09,BRANCH OF AN GIANG FISHERIES IMPORT & EXPORT JOINT STOCK COMPANY - FROZEN FACTORY 9,"2222 TRAN HUNG DAO STREET, BINH DUC WARD, AN GIANG PROVINCE, VIET NAM",Bình Đức,880000,An Giang province,Vietnam,third-country,FFP,PP,,,PP - Processing Plant,25/02/2026,
DL 07,BRANCH OF AN GIANG FISHERIES IMPORT & EXPORT JOINT STOCK COMPANY - FROZEN FACTORY 7,"1234 TRAN HUNG DAO STREET, BINH DUC WARD, AN GIANG PROVINCE, VIET NAM",Bình Đức,880000,An Giang province,Vietnam,third-country,FFP,PP,,,PP - Processing Plant,25/02/2026,
HK 48,BRANCH OF BINH THUAN IMPORT - EXPORT JOINT STOCK COMPANY - PHAN THIET SEAFOOD PROCESSING FACTORY (PHANTHIET FACTORY),"No 77, Vo Thi Sau Street, Phan Thiet Ward, Lam Dong Province, Vietnam",Phan Thiet,,Lam Dong Province,Vietnam,third-country,FFP,PP,,,PP - Processing Plant,26/02/2026,
DL 940,BRANCH OF KHANG AN FOODS JOINT STOCK COMPANY – TAM AN SEAFOOD FACTORY (TAM AN SF),"Lot B, An Nghiep Industrial Zone, An Ninh Commune, Can Tho City, Vietnam",Can Tho City,950000,Can Tho City,Vietnam,third-country,FFP,PP,,,PP - Processing Plant,19/01/2026,
DL 364,BRANCH OF SAIGON AQUATIC PRODUCTS TRADING JOINT STOCK COMPANY – THANG LOI FROZEN FOOD ENTERPRISE,"Lot 4-6-8, 1A Street, Tan Tao Industrial Park, Tan Tao Ward, Ho Chi Minh city, Vietnam",Ho Chi Minh City,000084,Ho Chi Minh City,Vietnam,third-country,FFP,PP,,,PP - Processing Plant,15/01/2026,
DL 193,BRANCH OF SAIGON TRADING GROUP (SATRA) - COASTAL FISHERIES DEVELOPMENT CORPORATION (COFIDEC) - VIET NHAT FACTOTY (VNF),"Lot C34/I, 2G street, Vinh Loc industrial park, Vinh Loc Commune, Ho Chi Minh city, Vietnam",HO CHI MINH,820000,Ho Chi Minh City,Vietnam,third-country,FFP,PP,,,PP - Processing Plant,15/01/2026,
DL 797,"BRANCH TRANHAN Co., Ltd","Binh Chanh Dong Hamlet, Ngu Hiep Commune, Dong Thap Province, Vietnam",Dong Thap Province,081000,Dong Thap Province,Vietnam,third-country,FFP,PP,,,PP - Processing Plant,20/01/2026,
TS 1293,BUSINESS LOCATION CAMIMEX JOINT STOCK COMPANY- BEN TRE SEAFOOD PROCESSING FACTORY,"Lot A6, A7, An Hiep Industrial Park, Phu Tuc Commune, Vinh Long Province, Viet Nam",Vĩnh Long,930000,Vinh Long province,Vietnam,third-country,FFP,PP,,,PP - Processing Plant,27/08/2026,
TS 1294,BUSINESS LOCATION HUNG HAU AGRICULTURAL CORPORATION – FACTORY HAPPYFOOD VIETNAM,"Lot CVI-2, Zone C, Sa Dec Industrial zone, Sa Dec Ward, Dong Thap Province, Vietnam",Dong Thap Province,081000,Dong Thap Province,Vietnam,third-country,FFP,PP,,,PP - Processing Plant,02/02/2026,
HK 328,BUSINESS LOCATION OF SA GIANG IMPORT EXPORT CORPORATION - FACTORY 1,"Lot CII-3, Road No.5, Industrial Zone C, Sa Dec Ward, Dong Thap Province, Vietnam",Dong Thap Province,081000,Dong Thap Province,Vietnam,third-country,FFP,PP,,,PP - Processing Plant,19/01/2026,
DL 28,Ba Tri Seafood Factory (B.T Seafood),"Hamlet 08 (land plots No. 101, 102, 103, map sheet No. 21) Tan Thuy commune, Vinh Long province, Vietnam",Vĩnh Long,930000,Vinh Long province,Vietnam,third-country,FFP,PP,,,PP - Processing Plant,15/01/2026,
DL 240,Bac Lieu Fisheries Joint Stock Company (Bac Lieu Fis),"No 89 National Road 1A, Hamlet 2, Gia Rai Ward, Ca Mau Province, Viet Nam",Cà Mau,970000,Ca Mau province,Vietnam,third-country,FFP,PP,,,PP - Processing Plant,15/01/2026,
DL 504,Bach Linh Seafood Import-export A Member Limited Company (BACHLINHIMEXCO),"398 Khuc Treo A Hamlet, Phong Thanh Commune, Ca Mau Province, Viet Nam",Cà Mau,970000,Ca Mau province,Vietnam,third-country,FFP,PP,,,PP - Processing Plant,15/01/2026,
DL 34,Baseafood 1 Company Limited,"321 Tran Xuan Do street, Quarter 2, Ba Ria ward, Ho Chi Minh city, Vietnam",Ho Chi Minh City,000084,Ho Chi Minh City,Vietnam,third-country,FFP,PP,,,PP - Processing Plant,15/01/2026,
DL 22,Ben Tre Aquaproduct Import and Export Joint Stock Company - Aquatex Bentre,"No. 79, Group 13, Tan An Thi Hamlet, Phu Tuc Commune, Vinh Long Province, Vietnam",Vĩnh Long,930000,Vinh Long province,Vietnam,third-country,FFP,PP,,,PP - Processing Plant,27/04/2026,
DL 84,Ben Tre Seafood Joint Stock Company - Beseaco,"457C Nguyen Dinh Chieu st, ward 8",Ben Tre,,Bến Tre Province,Vietnam,third-country,FFP,PP,,,PP - Processing Plant,,
DL 810,Bien Dong Hau Giang Seafood Joint Stock Company,"Residential Quarter 5, Nga Bay Ward, Can Tho City, Vietnam",Can Tho City,270000,Can Tho City,Vietnam,third-country,FFP,PP,,,PP - Processing Plant,19/01/2026,
DL 15,Bien Dong Seafood Limited Liability Company,"Lot II -18B1,18B2, Tra Noc II Industrial Zone, Phuoc Thoi Ward, Can Tho City, Vietnam",Can Tho City,950000,Can Tho City,Vietnam,third-country,FFP,PP,,,PP - Processing Plant,15/01/2026,
HK 156,Binh Thoi Seafood Processing Enterprise,"Lot 4-6-8, 1A Street, Tan Tao Industrial Park, Tan Tao Ward, Ho Chi Minh City, Vietnam",Ho Chi Minh City,000084,Ho Chi Minh City,Vietnam,third-country,FFP,PP,,,PP - Processing Plant,19/01/2026,
DL 241,Binh Thuan import - export joint stock company (THAIMEX),"No 75-77, Vo Thi Sau Street, Phan Thiet Ward, Lam Dong Province, Vietnam",Phan Thiet,,Lam Dong Province,Vietnam,third-country,FFP,PP,,,PP - Processing Plant,27/04/2026,
TS 1303,"Branch 1 Mekong Gelatin Co., Ltd","Lung Truong hamlet, Quach Pham commune, Ca Mau province, Vietnam",Cà Mau,970000,Ca Mau province,Vietnam,third-country,FFP,PP,,,PP - Processing Plant,02/02/2026,
HK 420,Branch Of Duc Linh Food Processing Services Trading Joint stock Company,"Lot C22, Street No.3, Hai Son Indutrial Zone (Zone 3+4), Binh Tien 2 Hamlet, Duc Hoa Commune, Tay Ninh Province, Vietnam",Tây Ninh,082120,Tay Ninh province,Vietnam,third-country,FFP,PP,,,PP - Processing Plant,19/01/2026,
NM 700,"Branch Of Ngoc Lien Import - Export - Trading & Producing Co., Ltd - Ngoc Lien Food Factory","2/245 Duong Cong Khi Street, Tan Lap Hamlet, Xuan Thoi Son Village, Ho Chi Minh City, Vietnam",HO CHI MINH,820000,Ho Chi Minh City,Vietnam,third-country,FFP,PP,,,PP - Processing Plant,19/01/2026,
DL 932,Branch Of Thuan Phuoc Seafoods And Trading Corporation - An An Export Frozen Seafoods Processing Factory (An An Export Frozen Seafoods Processing Factory),"Tay Hoa Hamlet, Kim Son Commune, Dong Thap Province, Vietnam.",Dong Thap Province,081000,Dong Thap Province,Vietnam,third-country,FFP,PP,,,PP - Processing Plant,19/01/2026,
TS 894,Branch of CK Frozen Foods Viet Nam Company Limited,"Tan Thuan B Hamlet, Kim Son Commune, Dong Thap Province, Vietnam",Dong Thap Province,081000,Dong Thap Province,Vietnam,third-country,FFP,PP,,,PP - Processing Plant,20/01/2026,
TS 1272,Branch of Dai Viet Seafoods Company Limited at Kien Giang,"1247 Phuoc Hoa Hamlet, Thanh Loc Commune, An Giang Province, Vietnam",Thanh Loc,,An Giang province,Vietnam,third-country,FFP,PP,,,PP - Processing Plant,27/04/2026,
DL 55,Branch of Ha Noi Seaproducts Import Export joint stock Corporation (Seaprodex Hanoi)-Xuan Thuy Seaproducts processing factory,"Hamlet 6, Xuan Hung Commune, Ninh Binh Province, Vietnam",Ninh Bình,,Ninh Binh province,Vietnam,third-country,FFP,PP,,,PP - Processing Plant,19/01/2026,
TS 1073,Branch of Khang An Foods Joint Stock Company - Kim An Seafood Factory (KIM AN SF),"Road N1, Lot B, An Nghiep Industrial Zone, An Ninh Commune, Can Tho City, Vietnam",Can Tho City,950000,Can Tho City,Vietnam,third-country,FFP,PP,,,PP - Processing Plant,15/01/2026,
NM 469,Branch of Lien Thanh Seafood Processing Joint Stock Company- Packaging Workshop,"595/37 Xo Viet Nghe Tinh Street, Binh Thanh Ward, Ho Chi Minh City, Vietnam",Ho Chi Minh City,000084,Ho Chi Minh City,Vietnam,third-country,FFP,PP,,,PP - Processing Plant,27/04/2026,
DL 738,Branch of Quoc Toan Seafoods Company Limited,"Lot Q. 1A, Center Road, Long Hau Industrial Zone, Can Giuoc Commune, Tay Ninh Province, Vietnam",Tây Ninh,,Tay Ninh province,Vietnam,third-country,FFP,PP,,,PP - Processing Plant,20/01/2026,
TS 1047,Branch of Sao Ta Foods Joint Stock Company - Sao Ta Seafood Enterprise,"Lot K, An Nghiep Industrial Zone, Soc Trang Ward , Can Tho City, Vietnam",Can Tho City,950000,Can Tho City,Vietnam,third-country,FFP,PP,,,PP - Processing Plant,19/01/2026,
DL 1023,Branch of South Saigon Food Processing Joint Stock Company,"Lot Q-6A, Street No.5, extension Long Hau industrial park, Can Giuoc commune, Tay Ninh province, Vietnam",Tây Ninh,,Tay Ninh province,Vietnam,third-country,FFP,PP,,,PP - Processing Plant,15/01/2026,
TM 1099,"Business Location Camimex Co., Ltd. Camimex-Dat Mui Raw shrimp Purchasing Station","Khai Long Hamlet, Dat Mui Commune, Ca Mau Province",Cà Mau,970000,Ca Mau province,Vietnam,third-country,FFP,PP,,,PP - Processing Plant,28/01/2026,
TS 1279,"Business Location Of Tac Cau Seafood Joint Stock Company - Plant 2, Tac Cau Seafood","Street No.1, Tac Cau Fishing Port Area, Group 12, Minh Phong Hamlet, Binh An Commune, An Giang Province",Binh An,,An Giang province,Vietnam,third-country,FFP,PP,,,PP - Processing Plant,24/02/2026,
DL 947,Business Location of Hai Trieu Company Limited (Hai Trieu Company Limited – F2),"Lot 2/3 Phan Thiet Industrial Zone, Binh Thuan Ward, Lam Dong Province, Vietnam",Binh Thuan,,Lam Dong Province,Vietnam,third-country,FFP,PP,,,PP - Processing Plant,25/02/2026,
TS 1322,Business Location of Sa Giang Import Export Corporation - Factory 2,"Lot III-2, III-3, A1 Area, Sa Dec Industrial Zone, Sa Dec ward, Dong Thap province, Vietnam",Dong Thap Province,081000,Dong Thap Province,Vietnam,third-country,FFP,PP,,,PP - Processing Plant,27/08/2026,
TS 1061,Business location Vinh Kim Food Joint Stock Company – Kim Thanh Workshop,"235, Group 9, Tan Thuan B Hamlet, Kim Son Commune, Dong Thap Province, Vietnam",Dong Thap Province,081000,Dong Thap Province,Vietnam,third-country,FFP,PP,,,PP - Processing Plant,15/01/2026,
TS 1261,"Business location of fishery processing factory of GO-FOOD COMPANY LIMITED (Fishery processing factory of GO-FOOD CO.,LTD)","559 Group 4, Hon Chong Hamlet, Kien Luong Commune, An Giang Province, Viet Nam",Kien Luong,,An Giang province,Vietnam,third-country,FFP,PP,,,PP - Processing Plant,24/02/2026,
DL 623,C.P. VIET NAM CORPORATION - HUE FACTORY,"Lot A-01 to A-12, Zone A, Phong Dien Industrial Zone, Phong Dien Ward, Hue City, Vietnam",Hue,,Thừa Thiên-Huế Province,Vietnam,third-country,FFP,PP,,,PP - Processing Plant,27/04/2026,
DL 790,C.P. Vietnam Corporation - BenTre Frozen Branch,"Lot A21 to A35, An Hiep Industrial Zone, Phu Tuc Ward, Vinh Long Province, Vietnam",Vĩnh Long,930000,Vinh Long province,Vietnam,third-country,FFP,PP,,,PP - Processing Plant,20/01/2026,
HK 902,C.P. Vietnam Corporation - BenTre Frozen Branch - Dried Fishery Product Factory,"Lot A21 to A35, An Hiep Industrial Zone, Phu Tuc Ward, Vinh Long Province, Vietnam",Vĩnh Long,930000,Vinh Long province,Vietnam,third-country,FFP,PP,,,PP - Processing Plant,19/01/2026,
DL 483,CADOVINA SEAFOOD IMPORT EXPORT AND PROCESSING JOINT STOCK COMPANY,"Lot III-8, zone C extended, Sa Dec industrial zone, Sa Dec ward, Dong Thap province, Viet Nam",Dong Thap Province,081000,Dong Thap Province,Vietnam,third-country,FFP,PP,,,PP - Processing Plant,06/03/2026,
DL 351,CAMAU SEAFOOD FACTORY NO.5,"999 Ly Thuong Kiet Street, Tan Thanh Ward, Ca Mau Province, Vietnam",Cà Mau,970000,Ca Mau province,Vietnam,third-country,FFP,PP,,,PP - Processing Plant,15/01/2026,
DL 369,CAN THO IMPORT EXPORT SEAFOOD JOINT STOCK COMPANY (CASEAMEX),"2-12, TRA NOC 2 INDUSTRIAL ZONE, PHUOC THOI WARD, CAN THO CITY, VIET NAM",Can Tho City,950000,Can Tho City,Vietnam,third-country,FFP,PP,,,PP - Processing Plant,15/01/2026,
TS 962,"CANNED SEAFOOD FACTORY BUSINESS LOCATION - NGUYEN HUNG CO., LTD","Lot G3, G4 Song Cau Northeast Industrial Park, Village 5, Xuan Loc Commune, Dak Lak Province, Viet Nam.",Xuan Loc,,Dak Lak province,Vietnam,third-country,FFP,PP,,,PP - Processing Plant,26/02/2026,
DL62,CHOLIMEX FOOD JOINT STOCK COMPANY,"7th ROAD, VINH LOC INDUSTRIAL PARK, BINH CHANH DISTRICT, HCMC, VIETNAM",Binh Chanh,,Ho Chi Minh City,Vietnam,third-country,FFP,PP,,,PP - Processing Plant,,
DL 945,CJ CAU TRE FOODS JOINT STOCK COMPANY - LONG AN BRANCH,"PG-2 + P1-2, The road 1A, Kizuna 3 - Extended, Sector K1, Tan Kim Industrial Park - Extended, Can Giuoc Commune, Tay Ninh Province",Tây Ninh,,Tay Ninh province,Vietnam,third-country,FFP,PP,,,PP - Processing Plant,19/01/2026,
DL 943,CO MAY IMPORT EXPORT COMPANY LIMITED – CO MAY 2 SEAFOOD PROCESSING EXPORT FACTORY,"Lot 8-9-10, Song Hau Industrial Zone, Lai Vung Commune, Dong Thap province, Viet Nam",Dong Thap Province,081000,Dong Thap Province,Vietnam,third-country,FFP,PP,,,PP - Processing Plant,27/04/2026,
KL 1282,COLD STORAGE BUSINESS LOCATION – CHOLIMEX FOOD JOINT STOCK COMPANY,"Lot C3-19 to Lot C3-24, VL7 Road, Vinh Loc 2 Industrial Park, My Yen Commune, Tay Ninh Province, Vietnam",Tây Ninh,,Tay Ninh province,Vietnam,third-country,FFP,CS,,,CS - Cold Stores,18/09/2025,
DL 850,CP. NGON SEAFOOD FACTORY - VIETNAM CLEAN SEAFOOD CORPORATION (CP. NGON),"Street D2, Block F, An Nghiep Industrial Zone, An Ninh Commune, Can Tho City- Vietnam",Can Tho City,270000,Can Tho City,Vietnam,third-country,FFP,PP,,,PP - Processing Plant,20/01/2026,
DL 933,Ca Bien Ho Seafood Import Export Joint Stock Company,"HIGHWAY 91, HOA LONG 3 WARD, AN CHAU COMMUNE, AN GIANG PROVINCE, Viet Nam",An Chau,,An Giang province,Vietnam,third-country,FFP,PP,,,PP - Processing Plant,25/02/2026,
DL 25,Ca Mau Frozen Seafood Processing Import Export Corporation (Camimex),"333 Cao Thang Street, Ly Van Lam Ward, Ca Mau Province, Vietnam",Cà Mau,970000,Ca Mau province,Vietnam,third-country,FFP,PP,,,PP - Processing Plant,15/01/2026,
DL 51,Ca Mau Seafood Processing & Service Joint Stock Corporation (CASES) - Kien Giang Branch,"Tac Cau Industrial Park, Minh Phong Hamlet, Binh An Commune, An Giang Province, Viet Nam",Binh An,,An Giang province,Vietnam,third-country,FFP,PP,,,PP - Processing Plant,25/02/2026,
DL 809,Ca Mau Seafood Processing And Service Joint Stock Corporation (CASES) - Cang Ca II Frozen Seafood Processing Factory,"No.4 Nguyen Cong Tru Street, Ly Van Lam Ward, Ca Mau Province, Viet Nam",Cà Mau,970000,Ca Mau province,Vietnam,third-country,FFP,PP,,,PP - Processing Plant,19/01/2026,
DL 113,Ca Mau Seafood Processing and Service Joint - Stock corporation - Cases,"No.4 Nguyen Cong Tru Street, Ly Van Lam Ward, Ca Mau Province, Viet Nam",Cà Mau,970000,Ca Mau province,Vietnam,third-country,FFP,PP,,,PP - Processing Plant,15/01/2026,
DL 295,Ca Mau Seafood Processing&service Joint Stock Corporation (Cases),"Song Doc Commune, Ca Mau Province, Viet Nam",Cà Mau,970000,Ca Mau province,Vietnam,third-country,FFP,PP,,,PP - Processing Plant,15/01/2026,
DL 65,Cafatex Fishery Joint Stock Corporation - Cafatex Corporation,"Km 2081, National Road No. 1, Thanh Xuan Commune, Can Tho city, Vietnam",Can Tho City,950000,Can Tho City,Vietnam,third-country,FFP,PP,,,PP - Processing Plant,19/01/2026,
DL 178,Camau Seafood Factory No. 4 (Camimex),"224 Cao Thang Street, Ly Van Lam Ward, Ca Mau Province, Vietnam",Cà Mau,970000,Ca Mau province,Vietnam,third-country,FFP,PP,,,PP - Processing Plant,15/01/2026,
DL 835,Camau Seafood Processing And Service Joint Stock Corporation (CASES) - Bac Lieu Branch,"Ganh Hao Commune, Ca Mau Province, Viet Nam",Cà Mau,970000,Ca Mau province,Vietnam,third-country,FFP,PP,,,PP - Processing Plant,19/01/2026,
TM 1098,Camimex 1 Aquaculture raw shrimp purchasing station -184,"Cha La Hamlet, Tam Giang Commune, Ca Mau Province",Cà Mau,970000,Ca Mau province,Vietnam,third-country,FFP,PP,,,PP - Processing Plant,28/01/2026,
TM 1256,Camimex 2 Aquaculture Raw Shrimp Purchasing Station,"Nha Hoi hamlet, Tam Giang commune, Ca Mau province",Cà Mau,970000,Ca Mau province,Vietnam,third-country,FFP,PP,,,PP - Processing Plant,17/04/2026,
HK 212,"Camranh Seafoods Processing & Exporting Company Limited (Camranh Seafoods Co., Ltd.)","Loc An Seafood Processing Industrial Park, An Hai Hamlet, Phuoc Hai Commune, Ho Chi Minh City, Vietnam",HO CHI MINH,820000,Ho Chi Minh City,Vietnam,third-country,FFP,PP,,,PP - Processing Plant,19/01/2026,
DL 134,Can Tho Import Export Fishery Limited Company (Cafish Vietnam),"LOT 4, TRANOC 1 INDUSTRIAL PROCESSING ZONE, THOI AN DONG WARD, CANTHO CITY, VIET NAM.",Can Tho City,950000,Can Tho City,Vietnam,third-country,FFP,PP,,,PP - Processing Plant,15/01/2026,
DH 137,Canning Factory - Special Aquatic Products Joint Stock Company (SEASPIMEX - VIETNAM),"B23/63 Hoang Phan Thai, Hamlet 15, Binh Chanh Commune, Ho Chi Minh City, Vietnam",Ho Chi Minh City,000084,Ho Chi Minh City,Vietnam,third-country,FFP,PP,,,PP - Processing Plant,27/04/2026,
DL 325,Cantho Seafood Export - Caseafood,"LOT 3, TRANOC 1 INDUSTRIAL PROCESSING ZONE, THOI AN DONG WARD, CANTHO CITY, VIET NAM.",Can Tho City,950000,Can Tho City,Vietnam,third-country,FFP,PP,,,PP - Processing Plant,15/01/2026,
DL 62,Cholimex Food Joint Stock Company (Cholimex Food),"Lot C40-43/I, C51-55/II, No. 7th Road, Vinh Loc Industrial Park, Vinh Loc Commune, Ho Chi Minh City, Vietnam",Ho Chi Minh City,000084,Ho Chi Minh City,Vietnam,third-country,FFP,PP,,,PP - Processing Plant,19/01/2026,
NM 556,Cholimex Foods Joint Stock Company (Cholimex Food JSC) - Fish Sauce Factory,"Lot C40-43/I, C51-55/II, No. 7th Road, Vinh Loc Industrial Park, Vinh Loc Commune, Ho Chi Minh City, Vietnam",Ho Chi Minh City,000084,Ho Chi Minh City,Vietnam,third-country,FFP,PP,,,PP - Processing Plant,19/01/2026,
TS 1265,Cholimexfood Food Processing Factory in Ben Luc,"Lot C3-19 to Lot C3-24, VL7 Road, Vinh Loc 2 Industrial Park, My Yen Commune, Tay Ninh Province, Vietnam",Tây Ninh,,Tay Ninh province,Vietnam,third-country,FFP,PP,,,PP - Processing Plant,19/01/2026,
DL 760,"Co Chien Seafood Joint Stock Company (COCHI CO., LTD)","Lot 2-9A1, Tra Noc 2 Industrial Park, Phuoc Thoi Ward, Can Tho City, Vietnam",Can Tho City,270000,Can Tho City,Vietnam,third-country,FFP,PP,,,PP - Processing Plant,20/01/2026,
DL 857,"Co May Import - Export Company Limited (Co May IMEX Co., Ltd) - Co May Seafood Processing Export Factory","Lot 8-9-10, Song Hau Industrial Zone, Lai Vung Commune, Dong Thap province, Viet Nam",Dong Thap Province,081000,Dong Thap Province,Vietnam,third-country,FFP,PP,,,PP - Processing Plant,27/04/2026,
DL 438,Co May Seafood Joint Stock Company (CO MAY JSC),"1738, Vo Nguyen Giap Street, Phuoc Thang Ward , Ho Chi Minh City, Vietnam",Ho Chi Minh City,000084,Ho Chi Minh City,Vietnam,third-country,FFP,PP,,,PP - Processing Plant,15/01/2026,
DL 830,Coastal Fisheries Development Corporation (COFIDEC) - (COFIDEC FACTORY),"Lot C44/I - C44b/I - C56/II - C57/II, Street No.7, Vinh Loc industrial zone, Vinh Loc Commune, Ho Chi Minh city, Vietnam",Ho Chi Minh City,000084,Ho Chi Minh City,Vietnam,third-country,FFP,PP,,,PP - Processing Plant,19/01/2026,
TS 1068,Cold Storage - Vinh Phuoc Food Company Limited,"Tan Phu hamlet, Phu Huu commune, Dong Thap Province, Vietnam",Dong Thap Province,081000,Dong Thap Province,Vietnam,third-country,FFP,CS,,,CS - Cold Stores,15/01/2026,
DL 714,Cuu Long Fish Import - Export Corporation (CL PANGA FISH CORP),"Lot III-1, Area C expansion, Sa Dec industrial zone, Sa Dec ward, Dong Thap province, Viet Nam",Dong Thap Province,081000,Dong Thap Province,Vietnam,third-country,FFP,PP,,,PP - Processing Plant,20/01/2026,
DL 370,Cuu Long fish joint stock company (CL-Fish Corp.),"No. 90, Hung Vuong Street, My Tho Hamlet, Long Xuyen Ward, An Giang Province, Viet Nam",Long Xuyen,,An Giang province,Vietnam,third-country,FFP,PP,,,PP - Processing Plant,25/02/2026,
DL 609,"Công ty TNHH thủy sản Hồng Ngọc/ Hong Ngoc seafood Co.,Ltd","Lot B3, Hoa Hiep Industrial Zone, Hoa Hiep Ward, Dak Lak Province, Viet Nam",Hoa Hiep,,Dak Lak province,Vietnam,third-country,FFP,PP,,,PP - Processing Plant,25/02/2026,
DL 471,DAI THANH SEAFOODS,"Dong Hoa Hamlet, Kim Son Commune, Dong Thap Province, Vietnam.",Dong Thap Province,081000,Dong Thap Province,Vietnam,third-country,FFP,PP,,,PP - Processing Plant,28/01/2026,
DL 666,"DALU SURIMI IMPORT - EXPORT CO., LTD","Thanh Khe Village, Bac Trach Commune, Quang Tri Province, Vietnam",Quang Tri,,Quang Tri province,Vietnam,third-country,FFP,PP,,,PP - Processing Plant,19/01/2026,
DL 881,DARY FOODS JOINT STOCK COMPANY,"Lot D4, Street N1, Hiep Phuoc industrial park, Hiep Phuoc commune, Ho Chi Minh city, Vietnam",Ho Chi Minh City,000084,Ho Chi Minh City,Vietnam,third-country,FFP,PP,,,PP - Processing Plant,20/01/2026,
TS 1307,DAT PHUONG NAM JOINT STOCK COMPANY,"Lot 17 C, Tra Noc Industrial Zone, Thoi An Dong Ward, Can Tho City, Vietnam",Can Tho City,270000,Can Tho City,Vietnam,third-country,FFP,PP,,,PP - Processing Plant,07/05/2026,
DL 739,Dai Dai Thanh Seafoods,"Dong Hoa Hamlet, Kim Son Commune, Dong Thap Province, Vietnam.",Dong Thap Province,081000,Dong Thap Province,Vietnam,third-country,FFP,PP,,,PP - Processing Plant,20/01/2026,
DL 705,"Dai Nam Food Processing Co., Ltd","Lot 2.10E, Street 7, Tra Noc Industrial Zone II, Phuoc Thoi Ward, Can Tho City, Vietnam",Can Tho City,950000,Can Tho City,Vietnam,third-country,FFP,PP,,,PP - Processing Plant,06/03/2026,
KL 1324,Dary Foods Joint Stock Company (Dary Foods JSC),"Lot D4, Street N1, Hiep Phuoc Industrial Park, Hiep Phuoc commune, Ho Chi Minh city, Viet Nam",Ho Chi Minh City,100081,Ho Chi Minh City,Vietnam,third-country,FFP,CS,,,CS - Cold Stores,27/08/2026,
DL 732,Dong A Seafood One Member Company Limited (DONG A SEAFOOD),"Block B, Binh Long Industrial Zone, Chau Phu Commune, An Giang Province, Viet Nam",Chau Phu,,An Giang province,Vietnam,third-country,FFP,PP,,,PP - Processing Plant,20/01/2026,
DL 730,Dong Hai Seafood Limited Company (DONGHAI),"Lot 2.20 Tra Noc 2 Industrial Zone, Phuoc Thoi ward Can Tho City",Can Tho City,270000,Can Tho City,Vietnam,third-country,FFP,PP,,,PP - Processing Plant,28/01/2026,
DL 428,"Dong Phuong Co.,Ltd","Lot 03, Dien Nam- Dien Ngoc Industrial Zone, Dien Ban Dong Ward, Da Nang City",Danang,,Đà Nẵng,Vietnam,third-country,FFP,PP,,,PP - Processing Plant,15/01/2026,
DL 314,Dragon Waves Frozen Food Factory Co. LTD (DRAGON WAVES),"Lot C3, C4, C5, C6 and a part of C7, Suoi Dau industrial zone, Cam Lam commune, Khanh Hoa province",Cam Lam,,Khanh Hoa province,Vietnam,third-country,FFP,PP,,,PP - Processing Plant,15/01/2026,
HK 799,"Dry Seafood Factory - Hoan Vu V.N Co., Ldt","297 Le Minh Nhut Street, Hue Village Hamlet, Tan An Hoi Commune, Ho Chi Minh City, Vietnam",HO CHI MINH,820000,Ho Chi Minh City,Vietnam,third-country,FFP,PP,,,PP - Processing Plant,19/01/2026,
TS 1308,Duong Dung Seafood,"Thi Tuong A hamlet, Hung My commune, Ca Mau province, Vietnam",Cà Mau,970000,Ca Mau province,Vietnam,third-country,FFP,PP,,,PP - Processing Plant,27/08/2026,
DL 402,"Duong Ha Processing Trading Seafood Company Limited (DUONG HA Co., Ltd.","No 1705, 30/4 Street, Phuoc Thang Ward , Ho Chi Minh City, Vietnam",Ho Chi Minh City,000084,Ho Chi Minh City,Vietnam,third-country,FFP,PP,,,PP - Processing Plant,15/01/2026,
TM 1255,Duong Ngan Trading Service Limited Company,"254A, Hamlet 13, Tan Thanh Ward, Ca Mau Province, Vietnam",Cà Mau,970000,Ca Mau province,Vietnam,third-country,FFP,PP,,,PP - Processing Plant,28/01/2026,
TS 1082,Duy Khoi Foods Import Export Corporation (DKFOODS),"No.28, Street 864, Dong Hoa Village, Kim Son Ward, Dong Thap Province, Vietnam",Dong Thap Province,081000,Dong Thap Province,Vietnam,third-country,FFP,PP,,,PP - Processing Plant,19/01/2026,
KL 1323,Duy Phuc Corp,"Nhut Chanh Industrial park, hamlet 5, Binh Duc commune, Tay Ninh province",Tây Ninh,082120,Tay Ninh province,Vietnam,third-country,FFP,CS,,,CS - Cold Stores,27/08/2026,
KL 1083,EMERGENT COLD VIET NAM COMPANY LIMITED,"No. 18, Road No. 6, Song Than 1 Industrial Park, Di An Ward, Ho Chi Minh City, Vietnam",Ho Chi Minh City,000084,Ho Chi Minh City,Vietnam,third-country,FFP,CS,,,CS - Cold Stores,19/01/2026,
DL 972,"EVERTRUST BINH DINH Co.,LTD","Hoi Son hamlet, Quy Nhon Dong ward, Gia Lai province, Vietnam",Quy Nhon Dong,,Gia Lai Province,Vietnam,third-country,FFP,PP,,,PP - Processing Plant,28/05/2026,
DL 218,Eastern Sea Fishery Joint Stock Company,"LOT B, PHAN THIET FISHERIES PROCESSING ZONE, PHAN THIET WARD, LAM DONG PROVINCE, Vietnam",Phan Thiet,,Lam Dong Province,Vietnam,third-country,FFP,PP,,,PP - Processing Plant,25/02/2026,
TS 1301,Emdees Foods Limited Liability company (EMDEES FOODS LLC),"Factory Area, No.404, Le Hong Phong Street, Binh Thuy Ward, Can Tho City, Vietnam",Can Tho City,270000,Can Tho City,Vietnam,third-country,FFP,PP,,,PP - Processing Plant,02/02/2026,
DL 710,Espersen Viet Nam One Sole Member Limited Liability Company,"Lot 21, Street no. 5, Tan Duc Industrial Park, Duc Hoa Commune, Tay Ninh Province, Vietnam",Tây Ninh,,Tay Ninh province,Vietnam,third-country,FFP,PP,,,PP - Processing Plant,15/01/2026,
DL 518,"Europe Joint Stock Company (EJS Co.,)","Block 69, My Tho Industrial Zone, Binh Tao Quarter, Trung An Ward, Dong Thap province, Vietnam",Dong Thap Province,081000,Dong Thap Province,Vietnam,third-country,FFP,PP,,,PP - Processing Plant,15/01/2026,
DL 243,"Evertrust Foods Company Limited (EVERTRUST FOODS CO., LTD)","17 Nguyen Trong Ky street, Cam Linh ward, Khanh Hoa province",Cam Linh,,Khanh Hoa province,Vietnam,third-country,FFP,PP,,,PP - Processing Plant,25/02/2026,
DH 226,Everwin Industrial Co. LTD,"Lot E, Binh Chieu Industrial Zone, Tam Binh Ward, Ho Chi Minh City, Vietnam",Ho Chi Minh City,000084,Ho Chi Minh City,Vietnam,third-country,FFP,PP,,,PP - Processing Plant,27/04/2026,
TS 1170,Excook Corporation,"N4, Zone E, Hoa Mac Industrial Zone, Duy Tien ward, Ninh Binh province, Vietnam.",Ninh Bình,,Ninh Binh province,Vietnam,third-country,FFP,PP,,,PP - Processing Plant,19/01/2026,
HK 173,Export Seaproduct Processing Enterprise IV - Ba Ria-Vung Tau Seafood Processing And Import-export Joint Stock Company BASEAFOOD,"An Hai Hamlet, Phuoc Hai Commune, Ho Chi Minh City, Vietnam",Ho Chi Minh City,000084,Ho Chi Minh City,Vietnam,third-country,FFP,PP,,,PP - Processing Plant,19/01/2026,
DL 484,Export Seaproducts Processing Enterprise III - Branch (Workshop 1) - Province Baria Vungtau Seafoods Processing and Import - Export Joint Stock Company (BASEAFOOD),"Loc An Seafood Processing Industrial Park, An Hai Hamlet, Phuoc Hai Commune, Ho Chi Minh City, Vietnam",Ho Chi Minh City,000084,Ho Chi Minh City,Vietnam,third-country,FFP,PP,,,PP - Processing Plant,15/01/2026,
HK 242,Export Seaproducts Processing Enterprise III - Branch (Workshop 2) - Province Baria Vungtau Seafoods Processing And Import - Export Joint Stock Company (BASEAFOOD),"Loc An Seafood Processing Industrial Park, An Hai Hamlet, Phuoc Hai Commune, Ho Chi Minh City, Vietnam",HO CHI MINH,820000,Ho Chi Minh City,Vietnam,third-country,FFP,PP,,,PP - Processing Plant,19/01/2026,
DL 946,Export Shrimp Processing Factory,"Lot C1, C2 Thot Not industrial zone, Thot Not ward, Can Tho city",Can Tho City,950000,Can Tho City,Vietnam,third-country,FFP,PP,,,PP - Processing Plant,19/01/2026,
TS 1139,FACTORY 1 – BUSINESS LOCATION - HONG PHAT SERVICE PRODUCE COMPANY LIMITED,"Lot F3-F4 Suoi Dau industrial Park, Cam Lam commune, Khanh Hoa province",Cam Lam,,Khanh Hoa province,Vietnam,third-country,FFP,PP,,,PP - Processing Plant,18/09/2025,
DL 122,FACTORY 2 – BUSINESS LOCATION - HONG PHAT SERVICE PRODUCE COMPANY LIMITED.,"21 Ly Nam De, Nam Nha Trang ward, Khanh Hoa province.",Nha Trang,650000,Khanh Hoa province,Vietnam,third-country,FFP,PP,,,PP - Processing Plant,15/01/2026,
DL 983,"FRESCOL TUNA (VIET NAM) CO., LTD","Area B, Nam Cam Industrial Zone - Dong Nam Economic Zone, Trung Loc Commune, Nghe An Province, Viet Nam",Trung Loc,,Nghe An province,Vietnam,third-country,FFP,PP,,,PP - Processing Plant,25/02/2026,
HK 600,FUJIURA NHA TRANG LTD,"Lot F7-F8, Suoi Dau Industrial Zone, Cam Lam commune, Khanh Hoa Province",Cam Lam,,Khanh Hoa province,Vietnam,third-country,FFP,PP,,,PP - Processing Plant,19/01/2026,
DL 417,"Factory 1- Quan Nhuan Company Limited (Quan Nhuan Co., Ltd)","Hamlet 18, Tra Vinh Ward, Vinh Long Province, Viet Nam",Vĩnh Long,930000,Vinh Long province,Vietnam,third-country,FFP,PP,,,PP - Processing Plant,15/01/2026,
NM 563,"Factory 4, Lien Thanh Seafood Processing Joint Stock Company","D3/6, D3/7, D3/8, D3/9, D3/9A, D3/10 Duong Dinh Cuc Street, Hamlet 45, Tan Nhut Commune, Ho Chi Minh City, Vietnam.",Ho Chi Minh City,000084,Ho Chi Minh City,Vietnam,third-country,FFP,PP,,,PP - Processing Plant,19/01/2026,
DL 108,"Factory III - Dong Phuong Company Limited (Dong Phuong Co., Ltd.)","Lot 03, Dien Nam- Dien Ngoc Industrial Zone, Dien Ban Dong Ward, Da Nang City",Danang,,Đà Nẵng,Vietnam,third-country,FFP,PP,,,PP - Processing Plant,15/01/2026,
DL 02,Factory No. 2 - Special Aquatic Products Joint Stock Company (SEASPIMEX - VIETNAM),"B23/63 Hoang Phan Thai, Hamlet 15, Binh Chanh Commune, Ho Chi Minh City, Vietnam",Ho Chi Minh City,000084,Ho Chi Minh City,Vietnam,third-country,FFP,PP,,,PP - Processing Plant,15/01/2026,
DL 704,Fatifish Company Limited (FATIFISH Co. Ltd),"Lot B3, Road No.2, My Hiep industrial zone, My Hiep commune, Dong Thap province",Dong Thap Province,081000,Dong Thap Province,Vietnam,third-country,FFP,PP,,,PP - Processing Plant,20/01/2026,
NM 182,Fish Sauce Factory No.4- Kim Ngu Fish Sauce Manufacturing Commercial Company Limited,"Lot A12A, Phu Hai Fish Sauce Planning Zone, Phu Thuy Ward, Lam Dong Province, Vietnam",Phú Thủy,,Lam Dong Province,Vietnam,third-country,FFP,PP,,,PP - Processing Plant,26/02/2026,
NM 884,Fish Sauce Factory No.5 - Kim Ngu Fish Sauce Manufacturing Commercial Company Limited,"Lot 156, Phu Hai Fish Sauce Planning Zone, Phu Thuy Ward , Lam Dong Province, Vietnam",Phú Thủy,,Lam Dong Province,Vietnam,third-country,FFP,PP,,,PP - Processing Plant,26/02/2026,
DL 171,Five Stars Seafoods Joint Stock Company - FISSCO,"Thanh Khe village, Bac Trach commune, Quang Tri province",Quang Tri,,Quang Tri province,Vietnam,third-country,FFP,PP,,,PP - Processing Plant,15/01/2026,
DL 336,FoodTech JSC – Phu Yen Branch,"Lot B5, B6 - Hoa Hiep 1 Industrial Park , Hoa Hiep Ward, Dak Lak Province",Hoa Hiep,,Dak Lak province,Vietnam,third-country,FFP,PP,,,PP - Processing Plant,25/02/2026,
DH 174,Foodtech Joint Stock Company (FOODTECH JSC),"Hamlet 1 Nhut Chanh, Binh Duc commune, Tay Ninh Province, Vietnam",Tây Ninh,,Tay Ninh province,Vietnam,third-country,FFP,PP,,,PP - Processing Plant,28/05/2026,
DL 1017,Frozen Plant -PATAYA Food Industries (Vietnam) Limited,"Lot 44, Tra Noc 1 Industrial Zone, Thoi An Dong Ward, Can Tho City, Vietnam",Can Tho City,270000,Can Tho City,Vietnam,third-country,FFP,PP,,,PP - Processing Plant,15/01/2026,
DL 32,Frozen Seafoods Factory N° 32 - Thuan Phuoc Seafoods And Trading Corporation,"No. 03 Van Don Street, Da Nang Seafoods Industrial Processing Zone, Son Tra Ward, Da Nang City, Viet Nam",Danang,,Đà Nẵng,Vietnam,third-country,FFP,PP,,,PP - Processing Plant,27/04/2026,
DL 448,Frozen seafood processing factory - DAI THUAN FOOD CORPORATION (Dai Thuan food),"Luong Hoa hamlet, Bac Nha Trang ward, Khanh Hoa province",Bac Nha Trang,,Khanh Hoa province,Vietnam,third-country,FFP,PP,,,PP - Processing Plant,27/04/2026,
DL 602,"GALLANT DACHAN SEAFOOD CO., LTD","Quang Phu Industrial Zone, Nghia Lo Ward, Quang Ngai Province, Vietnam",Quang Ngai,,Quang Ngai,Vietnam,third-country,FFP,PP,,,PP - Processing Plant,19/01/2026,
DL 719,GN Foods Joint Stock Company (GN FOODS),"P.02B, Trung Tam street, Long Hau Extended Industrial Park, Can Giuoc commune, Tay Ninh province, Vietnam",Tây Ninh,,Tay Ninh province,Vietnam,third-country,FFP,PP,,,PP - Processing Plant,20/01/2026,
DL 931,GN Foods Joint Stock Company- Factory 2 (GN FOODS- FACTORY 2),"P-1B, street 7, Long Hau Extended Industrial Park, Can Giuoc commune, Tay Ninh province, Vietnam",Tây Ninh,,Tay Ninh province,Vietnam,third-country,FFP,PP,,,PP - Processing Plant,19/01/2026,
DL 354,GODACO SEAFOOD JOINT STOCK COMPANY,"Lot 45, My Tho Industrial park, Trung An ward, Dong Thap province, Vietnam",Trung An,,Dong Thap Province,Vietnam,third-country,FFP,PP,,,PP - Processing Plant,25/02/2026,
DL 476,GODACO SEAFOOD JOINT STOCK COMPANY - AN PHAT BRANCH,"Lot 25, My Tho Industrial park, Trung An ward, Dong Thap province, Vietnam",Dong Thap Province,081000,Dong Thap Province,Vietnam,third-country,FFP,PP,,,PP - Processing Plant,20/01/2026,
KL 1149,"GOLDEN WAVES SEAFOOD CO., LTD","Lot G1,G2,G3,G4,G5,G12 and a part of G6, Suoi Dau industrial zone, Cam Lam commune, Khanh Hoa province",Cam Lam,,Khanh Hoa province,Vietnam,third-country,FFP,CS,,,CS - Cold Stores,27/08/2026,
DL 628,"Gallant Ocean (Viet Nam)., JSC (Factory II)","Lot B10-B11, Suoi Dau industrial zone, Cam Lam commune, Khanh Hoa province, Vietnam.",Cam Lam,,Khanh Hoa province,Vietnam,third-country,FFP,PP,,,PP - Processing Plant,19/01/2026,
DL 350,"Gallant Ocean (Viet Nam).,JSC","Lot B10-B11, Suoi Dau industrial zone, Cam Lam commune, Khanh Hoa province, Vietnam.",Cam Lam,,Khanh Hoa province,Vietnam,third-country,FFP,PP,,,PP - Processing Plant,15/01/2026,
DL 77,Gepimex 404 Company,"No. 404, Le Hong Phong Street, Binh Thuy Ward, Can Tho city, Vietnam",Can Tho City,270000,Can Tho City,Vietnam,third-country,FFP,PP,,,PP - Processing Plant,20/01/2026,
TS 129,Global Marine Premium Food Joint Stock Company - Eastern Branch (GMP FOOD JSC EAST),"Lot L, Loc An - Binh Son Industrial Zone, Long Thanh Commune, Dong Nai Province, Vietnam",Long Thành,,Dong Nai province,Vietnam,third-country,FFP,PP,,,PP - Processing Plant,27/04/2026,
DL 855,Global Tako Ball Company Limited,"Road No. 7, Dong Xuyen Industrial Zone, Rach Dua Ward, Ho Chi Minh City, Vietnam",Ho Chi Minh City,000084,Ho Chi Minh City,Vietnam,third-country,FFP,PP,,,PP - Processing Plant,20/01/2026,
DL 380,Go Dang An Hiep One member Company Limited (GODACO AN HIEP),"Lot A19-20, An Hiep Industrial park, Phu Tuc commune, Vinh Long province, Vietnam",Vĩnh Long,,Vinh Long province,Vietnam,third-country,FFP,PP,,,PP - Processing Plant,28/01/2026,
DL 541,Go Dang Ben Tre One member Limited Liability Company (GODACO BEN TRE),"Lot CX-2, An Hiep Industrial park, Phu Tuc commune, Vinh Long province, Vietnam",Vĩnh Long,930000,Vinh Long province,Vietnam,third-country,FFP,PP,,,PP - Processing Plant,19/01/2026,
DL 697,"Gold Future Import Export Development Co., Ltd","Lot 44, 3 street, Tan Tao industrial Park, Tan Tao ward, Ho Chi Minh city, Vietnam",Ho Chi Minh City,000084,Ho Chi Minh City,Vietnam,third-country,FFP,PP,,,PP - Processing Plant,19/01/2026,
DL 481,Golden Shrimp Seafood Joint Stock Company (Golden Shrimp JSC),"Lot A13, An Phu Industrial Zone, Binh Kien Ward, Dak Lak Province, Viet Nam",Bihn Kien,,Dak Lak province,Vietnam,third-country,FFP,PP,,,PP - Processing Plant,25/02/2026,
DL 698,"Green Sea Import & Export Company Limited (Green Sea Co., Ltd)","National Road 91 - Warehouse No. 1, Binh Long port, Binh Long Industrial park",Chau Phu,,An Giang province,Vietnam,third-country,FFP,PP,,,PP - Processing Plant,,
KL 1253,"HAI NAM CO., LTD","27 Nguyen Thong Street, Phu Thuy Ward, Lam Dong Province, Vietnam",Phú Thủy,,Lam Dong Province,Vietnam,third-country,FFP,CS,,,CS - Cold Stores,26/02/2026,
DL 618,HAI PHU SEAFOOD ONE MEMBER EXPORT IMPORT LIMITED COMPANY,"BLOG 12, QUANG PHU INDUSRIAL ZONE, NGHIA LO WARD, QUANG NGAI PROVINCE, VIETNAM",Quang Ngai,,Quang Ngai,Vietnam,third-country,FFP,PP,,,PP - Processing Plant,19/01/2026,
TS 667,"HAI SON FOODS CO.,LTD – HAI SON FACTORY","Lot D2, D3, Suoi Dau industrial zone, Cam Lam ward, Khanh Hoa province.",Cam Lam,,Khanh Hoa province,Vietnam,third-country,FFP,PP,,,PP - Processing Plant,19/01/2026,
KL 1130,HAI TAM PROCESSING AND COLD STORAGE JOINT STOCK COMPANY,"Lot I10-I11-I12, Suoi Dau Industrial Zone, Cam Lam Commune, Khanh Hoa Province, Viet Nam",Cam Lam,,Khanh Hoa province,Vietnam,third-country,FFP,CS,,,CS - Cold Stores,19/01/2026,
DH 203,HALONG CANFOCO - Danang Company Limited,"Lot C3-4,C3-5,Tho Quang Industrial",Son Tra,,Đà Nẵng,Vietnam,third-country,FFP,PP,,,PP - Processing Plant,,
TS 1132,"HANH DANG SEAFOOD COMPANY LIMITED (HD SEAFOOD CO., LTD)","Lot C12, Hoa Hiep 1 Industrial zone, Hoa Hiep ward, Dak Lak province, Vietnam",Hoa Hiep,,Dak Lak province,Vietnam,third-country,FFP,PP,,,PP - Processing Plant,26/02/2026,
TS 1065,HC SEAFOOD JOINT STOCK COMPANY,"Hamlet 7, Song Doc Commune, Ca Mau Province, Vietnam",Cà Mau,970000,Ca Mau province,Vietnam,third-country,FFP,PP,,,PP - Processing Plant,15/01/2026,
DL 725,HOA PHAT SEAFOOD IMPORT-EXPORT AND PROCESSING JOINT STOCK COMPANY (HOPHAFISH),"Lot A, Binh Long Industrial Zone, Chau Phu Commune, An Giang Province, Vietnam",Chau Phu,,An Giang province,Vietnam,third-country,FFP,PP,,,PP - Processing Plant,27/04/2026,
DL 523,"HOA THANG SEAFOOD COMPANY LIMITED (HOA THANG SEAFOOD CO., LTD.)","LOC AN SEAFOOD INDUSTRIAL ZONE, AN HAI HAMLET, PHUOC HAI COMMUNE, HO CHI MINH CITY, Vietnam",Ho Chi Minh City,000084,Ho Chi Minh City,Vietnam,third-country,FFP,PP,,,PP - Processing Plant,15/01/2026,
DL 706,HOANGLAI TRADING IMPORT EXPORT COMPANY LIMITED,"No.11 Provincial Road 826, Phuoc Ly commune, Tay Ninh province, Vietnam",Tây Ninh,,Tay Ninh province,Vietnam,third-country,FFP,CS,,,CS - Cold Stores,28/01/2026,
DL 155,"HONG NGOC TRADING SERVICE AND PRODUCTION CO., LTD - HONG NGOC SEAFOOD PRODUCTION FACTORY","National road 91, Binh Hung 2 hamlet, Binh My commune,An Giang province, Viet Nam",Bình Mỹ,,An Giang province,Vietnam,third-country,FFP,PP,,,PP - Processing Plant,04/05/2026,
DL 175,HUA HEONG FOOD INDUSTRIES CORPORATION,"LOT D3A - D3B LE MINH XUAN INDUSTRIAL ZONE, TAN NHUT COMMUNE, HO CHI MINH CITY, Vietnam",Ho Chi Minh City,100081,Ho Chi Minh City,Vietnam,third-country,FFP,PP,,,PP - Processing Plant,27/08/2026,
DL 649,"HUNG BANG CO.,LTD.","Lot C9, C10, Hoa Hiep industrial zone, Hoa Hiep ward, Dak Lak province, Viet Nam",Hoa Hiep,,Dak Lak province,Vietnam,third-country,FFP,PP,,,PP - Processing Plant,25/02/2026,
DL 971,HUNG BANG COMPANY LIMITED - FACTORY 2,"Lot C9, C10, Hoa Hiep industrial zone, Hoa Hiep ward, Dak Lak province, Viet Nam",Hoa Hiep,,Dak Lak province,Vietnam,third-country,FFP,PP,,,PP - Processing Plant,25/02/2026,
DL 815,"HUNG PHUC ONE MEMBER CO., LTD - WORKSHOP I","Lot 2 9A2, 10 st., Tra Noc II Industrial Park, Phuoc Thoi Ward, Can Tho City, VietNam",Can Tho City,270000,Can Tho City,Vietnam,third-country,FFP,PP,,,PP - Processing Plant,19/01/2026,
DL 33,HUNG PHUC THINH FOOD JOINT STOCK COMPANY (PTFOOD),"NO.09 HUNG VUONG, MY THO HAMLET, LONG XUYEN WARD, AN GIANG PROVINCE, VIETNAM",Long Xuyen,,An Giang province,Vietnam,third-country,FFP,PP,,,PP - Processing Plant,27/04/2026,
DL 801,HUNGCA 2 DEVELOPMENT CORPORATION (HUNGCA 2),"Binh Thanh Industrial Zone, Binh Thanh Commune, Dong Thap Province, Vietnam",Dong Thap Province,081000,Dong Thap Province,Vietnam,third-country,FFP,PP,,,PP - Processing Plant,19/01/2026,
DL 676,HUNGCA 6 CORPORATION (HUNGCA 6),"Binh Thanh Industrial Zone, Binh Thanh Commune, Dong Thap Province, Vietnam",Dong Thap Province,081000,Dong Thap Province,Vietnam,third-country,FFP,PP,,,PP - Processing Plant,19/01/2026,
DL 126,HUNGCA COMPANY LIMITED (HUNGCA)),"Binh Thanh Industrial Zone, Binh Thanh Commune, Dong Thap Province, Vietnam",Dong Thap Province,081000,Dong Thap Province,Vietnam,third-country,FFP,PP,,,PP - Processing Plant,15/01/2026,
DH 528,"HUONG GIANG CO., LTD","National Rd 80, ward 4, Hoa Phu hamlet, Mong Tho commune",Chau Thanh,,Kien Giang Province,Vietnam,third-country,FFP,PP,,,PP - Processing Plant,,
TS 357,"Hai Ha Co., Ltd","973, 30/4 STREET, PHUOC THANG WARD , HO CHI MINH CITY , Vietnam",Ho Chi Minh City,000084,Ho Chi Minh City,Vietnam,third-country,FFP,PP,,,PP - Processing Plant,27/04/2026,
DL 740,Hai Huong Seafood Joint Stock Company (HHFISH),"Lot A8, Lot A9, An Hiep Industrial Zone, Phu Tuc Commune, Vinh Long Province, Vietnam",Vĩnh Long,,Vinh Long province,Vietnam,third-country,FFP,PP,,,PP - Processing Plant,20/01/2026,
DL 92,Hai Long seafood Joint Stock Company-Surimi factory,"1752 Vo Nguyen Giap street, Phuoc Thang ward, Ho Chi Minh city, Vietnam",Ho Chi Minh City,000084,Ho Chi Minh City,Vietnam,third-country,FFP,PP,,,PP - Processing Plant,19/01/2026,
DL 125,Hai Nam Co. Ltd,"27 Nguyen Thong street, Phu Thuy Ward, Lam Dong Province, Vietnam",Phú Thủy,,Lam Dong Province,Vietnam,third-country,FFP,PP,,,PP - Processing Plant,25/02/2026,
DL 918,Hai Nam Fish Company Limited (HANA FISH),"NATIONAL ROAD NO. 30, NHUT HAMLET, AN LONG COMMUNE, DONG THAP PROVINCE",Dong Thap Province,081000,Dong Thap Province,Vietnam,third-country,FFP,PP,,,PP - Processing Plant,19/01/2026,
DL 123,"Hai Thanh Co., Ltd.","No. 15 Van Don Street, Son Tra Ward, Danang City, Vietnam",Danang,,Đà Nẵng,Vietnam,third-country,FFP,PP,,,PP - Processing Plant,15/01/2026,
DL 389,"Hai Thanh Food Co., Ltd","Lot A14a Hiep Phuoc Industrial Park, Hiep Phuoc Commune, Ho Chi Minh City, Vietnam.",Ho Chi Minh City,000084,Ho Chi Minh City,Vietnam,third-country,FFP,PP,,,PP - Processing Plant,15/01/2026,
DL 192,"Hai Thuan export seaproduct processing Co., Ltd (Hai Thuan Co., LTD)","Lot 8 –9 Phan Thiet Fishing Port, Phan Thiet Ward, Lam Dong Province, Vietnam",Phan Thiet,,Lam Dong Province,Vietnam,third-country,FFP,PP,,,PP - Processing Plant,25/02/2026,
TS 1025,Hai Tri Import Export Corporation (HAI TRI CORP),"Lot K, An Nghiep Industrial Zone, Soc Trang Ward, Can Tho City, Viet Nam",Can Tho City,950000,Can Tho City,Vietnam,third-country,FFP,PP,,,PP - Processing Plant,19/01/2026,
HK 695,Hai Trieu Company Limited - D1,"Lot 2/6 Phan Thiet Industrial Zone, Binh Thuan Ward, Lam Dong Province, Vietnam",Binh Thuan,,Lam Dong Province,Vietnam,third-country,FFP,PP,,,PP - Processing Plant,26/02/2026,
DL 688,Hai Trieu Company Limited - F1,"Lot 2/6 Phan Thiet Industrial Zone, Binh Thuan Ward, Lam Dong Province, Vietnam",Binh Thuan,,Lam Dong Province,Vietnam,third-country,FFP,PP,,,PP - Processing Plant,25/02/2026,
DL 362,Hai Viet Corporation (HAVICO),"DONG XUYEN INDUSTRIAL ZONE, RACH DUA WARD, HO CHI MINH CITY, VIETNAM",Ho Chi Minh City,008408,Ho Chi Minh City,Vietnam,third-country,FFP,PP,,,PP - Processing Plant,25/02/2026,
DL 318,Hai Vuong Company Limited (HAVUCO),"Lot B13-B14, Suoi Dau industrial zone, Cam Lam commune, Khanh Hoa province",Cam Lam,,Khanh Hoa province,Vietnam,third-country,FFP,PP,,,PP - Processing Plant,15/01/2026,
DL 728,Hai Wang Seafood Co. Ltd.,"Lot 13-14 Phan Thiet fishing port, Phan Thiet Ward, Lam Dong province, Vietnam",Phan Thiet,,Lam Dong Province,Vietnam,third-country,FFP,PP,,,PP - Processing Plant,25/02/2026,
DL 423,"Hanaco, Ltd (HANACO)","Lot 16A9, Tra Noc 1 Industrial Park, Thoi An Dong Ward, Can Tho City, Viet Nam",Can Tho City,950000,Can Tho City,Vietnam,third-country,FFP,PP,,,PP - Processing Plant,15/01/2026,
KL 1087,Hanh Nguyen Logistics Joint Stock Company,"Phu Huu A Concentrated Industrial Park – Phase 1, Chau Thanh Commune, Can Tho City, Viet Nam",Can Tho City,950000,Can Tho City,Vietnam,third-country,FFP,CS,,,CS - Cold Stores,19/01/2026,
DL 387,Hasa Seafood Corporation (HASACO),"Thoi Thanh Area, Thot Not Ward, Can Tho City, Vietnam",Can Tho City,950000,Can Tho City,Vietnam,third-country,FFP,PP,,,PP - Processing Plant,15/01/2026,
TS 1058,"Hiep Thanh Phat Seafood Company Limited (HTP seafood Co., Ltd)","Highway 30, Nguyen Van Dung hamlet, Phong My Commune, Dong Thap Province, Vietnam",Dong Thap Province,081000,Dong Thap Province,Vietnam,third-country,FFP,PP,,,PP - Processing Plant,27/08/2026,
DL 69,Hiep Thanh Seafood Joint Stock Company,"National highway 91, Thoi An 3 area, Thot Not ward, Can Tho, Viet Nam",Can Tho City,950000,Can Tho City,Vietnam,third-country,FFP,PP,,,PP - Processing Plant,19/01/2026,
DL 916,High Grade Pangasius Product Exporting & Processing Factory,"Lot A6, A7, Thot Not industrial zone, phase 4, Thot Not ward, Can Tho city",Can Tho City,950000,Can Tho City,Vietnam,third-country,FFP,PP,,,PP - Processing Plant,28/01/2026,
DH 149,Highland Dragon Enterprise,"15 ROAD 6, SONG THAN 1 INDUSTRIAL PARK, DI AN, HO CHI MINH CITY, Vietnam",Ho Chi Minh City,000084,Ho Chi Minh City,Vietnam,third-country,FFP,PP,,,PP - Processing Plant,27/04/2026,
DL 530,Hoang Long Seafood Processing Company Limited - HOANG LONG SEAFOOD,,Tam Nong,,Dong Thap Province,Vietnam,third-country,FFP,PP,,,PP - Processing Plant,,
KL 1277,Hoang Phi Quan Trading Import Export Company limited,"No.251 Le Van Chi Road, Linh Trung ward, Ho Chi Minh city",Ho Chi Minh City,000084,Ho Chi Minh City,Vietnam,third-country,FFP,CS,,,CS - Cold Stores,18/09/2025,
DL 431,Hoang Phong Seafood Factory - Branch of Utxi Aquatic Products Processing Corporation,"No.24, Provincial Road 934, Ha Bo Hamlet, Tai Van Village, Can Tho City",Can Tho City,950000,Can Tho City,Vietnam,third-country,FFP,PP,,,PP - Processing Plant,15/01/2026,
DL 322,Hoang Phuong Seafood Factory - Branch of Utxi Aquatic Products Processing Corporation,"No.24, Provincial Road 934, Ha Bo Hamlet, Tai Van Village, Can Tho City",Can Tho City,950000,Can Tho City,Vietnam,third-country,FFP,PP,,,PP - Processing Plant,15/01/2026,
HK 1035,"Hong Cam Seafood Company Limited (HONGCAM CO., LTD)","Land Plot Number 78, Map Sheet Number 17, Tac Thu Hamlet, Ho Thi Ky Village, Camau Province, Viet Nam",Cà Mau,970000,Ca Mau province,Vietnam,third-country,FFP,PP,,,PP - Processing Plant,19/01/2026,
DL 135,Hue Fisheries Development Joint-Stock Company - FIDECO,"86 Nguyen Gia Thieu street, Phu Xuan ward, Hue city, Vietnam",Hue,,Thừa Thiên-Huế Province,Vietnam,third-country,FFP,PP,,,PP - Processing Plant,27/04/2026,
DL 01,Hung Hau Agricultural Corporation - Factory No.1,"Lot C2-1, Street D4, Tan Phu Trung Industrial Park, National Road 22, Cu Chi commune, Ho Chi Minh city, Vietnam.",Ho Chi Minh City,000084,Ho Chi Minh City,Vietnam,third-country,FFP,PP,,,PP - Processing Plant,15/01/2026,
DL 239,Hung Hau Agricultural Corporation - Factory No.3,"Sector C, Sa Dec industrial park, Sa Dec ward, Dong Thap province",Dong Thap Province,081000,Dong Thap Province,Vietnam,third-country,FFP,PP,,,PP - Processing Plant,15/01/2026,
DL 923,Hung Long Sea Food Import Export One Member Company Limited,"Lot 4249, Map 3, Group 2, An Phuoc Hamlet, Binh An Commune, An Giang Province, Viet Nam",Binh An,,An Giang province,Vietnam,third-country,FFP,PP,,,PP - Processing Plant,25/02/2026,
NM 138,Hung Thanh Phu Quoc fish sauce manufacture enterprise,"GROUP 4, QUARTER 11, PHU QUOC SPECIAL ZONE, AN GIANG PROVINCE, VIET NAM",Phu Quoc,925000,An Giang province,Vietnam,third-country,FFP,PP,,,PP - Processing Plant,04/05/2026,
NM 503,Hung Thinh Phu Quoc Limited Company,"Group 2, 30/4 street, Quarter 1 - Duong Dong, Phu Quoc special zone, An Giang province, Viet Nam",Phu Quoc,925000,An Giang province,Vietnam,third-country,FFP,PP,,,PP - Processing Plant,04/05/2026,
DL 813,Hung Truong Phat Aquamarine Product Joint Stock Company (AQUAMARINE-HTP),"Group 11, Hung Chanh Hamlet, Chau Hung Commune, Vinh Long Province, Vietnam",Vĩnh Long,930000,Vinh Long province,Vietnam,third-country,FFP,PP,,,PP - Processing Plant,19/01/2026,
DL 308,Hung Vuong Corporation (HV Corp.),"Block 44 My Tho Industrial Zone, Trung An Ward, Dong Thap Province, Vietnam",Dong Thap Province,081000,Dong Thap Province,Vietnam,third-country,FFP,PP,,,PP - Processing Plant,20/01/2026,
DL 798,"Hung Vuong Food Processing Export Company Limited (FPREXCO – HV, Ltd)","Lot 21-23, 8th street, Tan Tao Industrial Park, Tan Tao Ward, Ho Chi Minh City, Vietnam",Ho Chi Minh City,000084,Ho Chi Minh City,Vietnam,third-country,FFP,PP,,,PP - Processing Plant,20/01/2026,
TS 1067,"Huy Giang Company Limited (Huy Giang Co., Ltd)","Group 11, Minh Phong Hamlet, Binh An Commune, An Giang Province",Binh An,,An Giang province,Vietnam,third-country,FFP,PP,,,PP - Processing Plant,24/02/2026,
TS 831,Huy Long Seafoods Joint Stock Company (HUY LONG SEAFOODS JSC),"Cang Hamlet, Tran De Commune, Can Tho City, VIETNAM",Can Tho City,950000,Can Tho City,Vietnam,third-country,FFP,PP,,,PP - Processing Plant,15/01/2026,
DL 344,Huy Nam Seafoods Co. Ltd.,"TAC CAU FISHING PORT, MINH PHONG HAMLET, BINH AN COMMUNE, AN GIANG PROVINCE, Viet Nam",Binh An,,An Giang province,Vietnam,third-country,FFP,PP,,,PP - Processing Plant,25/02/2026,
TS 1057,"Huynh Thinh Seafood Co., Ltd","234 National Road 1A, Cay Tram Hamlet, Tan Thanh Ward, Ca Mau Province, Vietnam",Cà Mau,970000,Ca Mau province,Vietnam,third-country,FFP,PP,,,PP - Processing Plant,15/01/2026,
DL 479,I.D.I INTERNATIONAL DEVELOPMENT AND INVESTMENT CORPORATION,"National Road 80, Vam Cong Industrial Park, An Thanh Hamlet, Lap Vo Commune, Dong Thap Province, Viet Nam",Dong Thap Province,081000,Dong Thap Province,Vietnam,third-country,FFP,PP,,,PP - Processing Plant,27/04/2026,
DL 672,INTERFISH COMPANY LIMITED,"Lot III-4, Enlarged Zone C, Sa Dec Industrial Zone, Sa Dec Ward, Dong Thap Province, Vietnam.",Dong Thap Province,081000,Dong Thap Province,Vietnam,third-country,FFP,PP,,,PP - Processing Plant,19/01/2026,
DL 18,Indian Ocean One Member Company Limited - Indian Ocean Seafood Freezing Factory N.V,"Lot A4, Thot Not Industrial zone, Thot Not Ward, Can Tho City, Viet Nam.",Can Tho City,950000,Can Tho City,Vietnam,third-country,FFP,PP,,,PP - Processing Plant,27/04/2026,
DL 539,Indochine Seafood Processing Joint Stock Company,"1007/17, Street 30/4 , Phuoc Thang Ward, Ho Chi Minh City, Vietnam",Ho Chi Minh City,000084,Ho Chi Minh City,Vietnam,third-country,FFP,PP,,,PP - Processing Plant,19/01/2026,
DL 189,"Investment Commerce Fisheries Corporation - INCOMFISH Corporation, Seafood And Foodstuff Processing, Factory N° 2","Lot No. A77/I, Road No. 7 Vinh Loc Industrial Park, Binh Tan Ward, Ho Chi Minh City, Vietnam",Ho Chi Minh City,000084,Ho Chi Minh City,Vietnam,third-country,FFP,PP,,,PP - Processing Plant,27/04/2026,
DL 368,"Investment Commerce Fisheries Corporation - Incomfish Corporation. Seafood And Foodstuff Processing, Factory N° 3","Lot No. A77/I, Road No. 7 Vinh Loc Industrial Park, Binh Tan Ward, Ho Chi Minh City, Vietnam",Ho Chi Minh City,000084,Ho Chi Minh City,Vietnam,third-country,FFP,PP,,,PP - Processing Plant,15/01/2026,
NM 188,"Investment Commerce Fisheries Corporation - Incomfish corporation, Seafood & Foodstuff Processing factory n° 4","Lot No. A77/I, Road No. 7 Vinh Loc Industrial Park, Binh Tan Ward, Ho Chi Minh City, Vietnam",Ho Chi Minh City,000084,Ho Chi Minh City,Vietnam,third-country,FFP,PP,,,PP - Processing Plant,15/01/2026,
TS 1093,"JP SEAFOODS CO., LTD (JPS)","Lot Q-3, Road No. 6, Long Hau Extended Industrial Park, Can Giuoc Commune, Tay Ninh Province, Vietnam",Tây Ninh,,Tay Ninh province,Vietnam,third-country,FFP,PP,,,PP - Processing Plant,27/04/2026,
DL 825,KHANH THUAN SEAFOOD,"61A National Road 1A, Tam Phuoc Hamlet, My Xuyen Ward, Can Tho City, Vietnam",Can Tho City,270000,Can Tho City,Vietnam,third-country,FFP,PP,,,PP - Processing Plant,19/01/2026,
NM 105,Khai Hoan Trading Joint Stock Company,"No 289 30/4 street, Quarter 1 Duong Dong, Phu Quoc special zone, An Giang province, Vietnam",Phu Quoc,925000,An Giang province,Vietnam,third-country,FFP,PP,,,PP - Processing Plant,04/05/2026,
DH 603,Khanh Hoa Canned Food Co. Ltd. (Khacanfood),"1A Road, Cu Thanh Hamlet, Suoi Hiep Commune, Khanh Hoa Province, Vietnam",Suoi Hiep,,Khanh Hoa province,Vietnam,third-country,FFP,PP,,,PP - Processing Plant,25/02/2026,
DL 406,"Khanh Hoang Seaprex Co., Ltd.","Port Hamlet, Tran De Commune, Can Tho City, Viet Nam",Can Tho City,950000,Can Tho City,Vietnam,third-country,FFP,PP,,,PP - Processing Plant,15/01/2026,
DL 756,"Khanh Sung Company Limited (Khanh Sung Co., Ltd)","67 National Road 1A, Tam Phuoc Hamlet, My Xuyen Ward, Can Tho City, Vietnam",Can Tho City,270000,Can Tho City,Vietnam,third-country,FFP,PP,,,PP - Processing Plant,20/01/2026,
DL 409,Kien Cuong Seafood Processing Import-export Joint Stock Company (Kien Cuong Seafood),"TAC CAU FISHING PORT AREA, MINH PHONG HAMLET, BINH AN COMMUNE, AN GIANG PROVINCE, VIET NAM",Binh An,,An Giang province,Vietnam,third-country,FFP,PP,,,PP - Processing Plant,25/02/2026,
DH 335,Kien Giang Foodstuff Canning Joint Stock Company (KIFOCAN),"Tac cau Fishing port Industrial Zone, Minh Phong hamlet, Binh An village, An Giang Province, VietNam",Binh An,,An Giang province,Vietnam,third-country,FFP,PP,,,PP - Processing Plant,25/02/2026,
DL 160,Kien Hung Joint Stock Company VN - Thanh Loc Factory,"Lot B4-B5, Street No. 1, Thanh Loc Industrial zone, Thanh Loc commune, An Giang province",Thanh Loc,,An Giang province,Vietnam,third-country,FFP,PP,,,PP - Processing Plant,25/02/2026,
DL 901,Kim My Hung Sea Food VL Company Limited,"GROUP 2, AN HUONG 1 HAMLET, NHON PHU VILLAGE, VINH LONG PROVINCE",Vĩnh Long,930000,Vinh Long province,Vietnam,third-country,FFP,PP,,,PP - Processing Plant,19/01/2026,
DH 774,Ky Lan Seafood Processing Joint Stock Company (Ky Lan Seafood J.S.C.),"Lot A12, Section A, Southern Fishery Port, Phan Thiet Ward, Lam Dong Province, Vietnam",Phan Thiet,,Lam Dong Province,Vietnam,third-country,FFP,PP,,,PP - Processing Plant,26/08/2026,
DL 100,LAM SON Import-Export Foodstuff Joint stock company - LAMSON FIMEXCO,"Tay Son Street, Quy Nhon Nam Ward, Gia Lai Province, Vietnam",Quy Nhon Nam,,Gia Lai Province,Vietnam,third-country,FFP,PP,,,PP - Processing Plant,25/02/2026,
TS 1171,LE GIA FOODS AND TRADING SERVICES COMPANY LIMITED,"Land plot number: 889, 890 map sheet number: 01, measurement extract number 03/TĐĐC-2022, Hong Ky village, Hoang Phu commune, Hoang Hoa district, Thanh Hoa province",Thanh Hóa,,Thanh Hoa province,Vietnam,third-country,FFP,PP,,,PP - Processing Plant,09/04/2025,
TS 1254,LEOW CASING VIETNAM LTD (LEOW CASING),"Lot 23A, Long Giang Industrial Park, Tan Phuoc 3 Commune, Dong Thap Province, Vietnam",Dong Thap Province,081000,Dong Thap Province,Vietnam,third-country,FFP,PP,,,PP - Processing Plant,19/01/2026,
DL 347,LIEN LOC PHAT JOINT STOCK COMPANY-SEAFOOD PROCESSING PLANT (LIEN LOC PHAT JSC),"861, National Road 91, Thoi Thanh 1 Area, Thot Not Ward, Can Tho City, Vietnam",Can Tho City,270000,Can Tho City,Vietnam,third-country,FFP,PP,,,PP - Processing Plant,15/01/2026,
DL 898,LONG SEAFOOD,"478 National Highway 91, Hoa Long 3 Hamlet, An Chau commune, An Giang province, Viet Nam",An Chau,,An Giang province,Vietnam,third-country,FFP,PP,,,PP - Processing Plant,25/02/2026,
DL 206,LONG TOAN FROZEN AQUATIC PRODUCTS JOINT STOCK COMPANY - LONG TOAN COMPANY,"Hamlet 2, Duyen Hai Ward, Vinh Long Province",Vĩnh Long,,Vinh Long province,Vietnam,third-country,FFP,PP,,,PP - Processing Plant,15/01/2026,
DL 713,Lang Tram Seafoods,"National Road 1A, Phong Thanh, Ca Mau Province, Vietnam",Cà Mau,970000,Ca Mau province,Vietnam,third-country,FFP,PP,,,PP - Processing Plant,20/01/2026,
TS 576,Lenger Seafoods Vietnam Company Limited,"Lots 59-69, An Xa Industrial Complex, Truong Thi Ward, Ninh Binh Province, Vietnam",Ninh Bình,,Ninh Binh province,Vietnam,third-country,FFP,PP,,,PP - Processing Plant,19/01/2026,
TS 724,Li Chuan Food Products (Viet Nam) Company Limited,"Tan My Chanh Industrial Group, My Phong Ward, Dong Thap Province, Vietnam",Dong Thap Province,081000,Dong Thap Province,Vietnam,third-country,FFP,PP,,,PP - Processing Plant,19/01/2026,
TS 1053,"Lien Viet II Seaproduct Import Export Joint Stock Company (LIEN VIET II SEAPRODEX IM EX., JSC","Civil Group 13, Minh Phong Hamlet, Binh An Commune, An Giang Province, Viet Nam",Binh An,,An Giang province,Vietnam,third-country,FFP,PP,,,PP - Processing Plant,26/02/2026,
KL 1088,Long An Logistics Corporation (Long An Logistics),"Lot E2-E3, Vinh Loc 7 Street, Vinh Loc 2 Industrial Park, My Yen commune, Tay Ninh province, Vietnam",Tây Ninh,,Tay Ninh province,Vietnam,third-country,FFP,CS,,,CS - Cold Stores,19/01/2026,
TS 508,"Long Hai Trading-Transportation-Sea Product-Processing Joint Stock Company (LONG HAI CO.,JSC)","Tien Phong Village, Hai Binh Ward, Thanh Hoa Province, Vietnam.",Thanh Hóa,,Thanh Hoa province,Vietnam,third-country,FFP,PP,,,PP - Processing Plant,19/01/2026,
DL 435,Lotus Food And Processing Joint Stock Company (Lotus Food JSC),"Lot 29-31, Tan Tao industrial zone, Tan Tao street, Tan Tao ward, Ho Chi Minh city, Vietnam",Ho Chi Minh City,000084,Ho Chi Minh City,Vietnam,third-country,FFP,PP,,,PP - Processing Plant,15/01/2026,
TS 668,MARISO VIET NAM COMPANY LIMITED,"Lot B8 and a part of B9, Suoi Dau industrial zone, Cam Lam commune, Khanh Hoa province",Cam Lam,,Khanh Hoa province,Vietnam,third-country,FFP,PP,,,PP - Processing Plant,19/01/2026,
DL 307,MOWI VIETNAM COMPANY LIMITED (MOWI),"102/6, Road No. 2, Long Binh Industrial Park (Amata), Long Binh Ward, Dong Nai City, Vietnam",Dong Nai City,810000,Dong Nai province,Vietnam,third-country,FFP,PP,,,PP - Processing Plant,27/08/2026,
NM 895,Ma San PQ Corporation,"Group 1, Suoi Da Quarter, Phu Quoc Special Zone, An Giang Province",Phu Quoc,925000,An Giang province,Vietnam,third-country,FFP,PP,,,PP - Processing Plant,04/05/2026,
NM 527,"Masan HG One Member Company Limited (MASAN HG CO., LTD)","Song Hau Industrial Park, Chau Thanh Commune, Can Tho City, Viet Nam",Can Tho City,950000,Can Tho City,Vietnam,third-country,FFP,PP,,,PP - Processing Plant,19/01/2026,
NM 845,"Masan Industrial One Member Company Limited (Masan Industrial One Member Co., Ltd)","Lot 6, Tan Dong Hiep A Industrial Park, Di An Ward, Ho Chi Minh City, Vietnam",Ho Chi Minh City,000084,Ho Chi Minh City,Vietnam,third-country,FFP,PP,,,PP - Processing Plant,19/01/2026,
NM 586,Masan MB One Member Company Limited,"Zone B, Nam Cam Industrial Zone, Dong Nam Nghe An Economical Zone, Trung Loc Commune, Nghe An Province, Viet Nam",Trung Loc,,Nghe An province,Vietnam,third-country,FFP,PP,,,PP - Processing Plant,26/02/2026,
KL 1085,Mekong Logistics Company,"Song Hau Industrial Park - Phase 1, Chau Thanh Commune, Can Tho City",Can Tho City,950000,Can Tho City,Vietnam,third-country,FFP,CS,,,CS - Cold Stores,19/01/2026,
DL 913,"Mekong Seafoods Company Limited Branch (Mekong Seafoods Co., Ltd Branch)","218A Tan Dien hamlet, Chau Thanh commune, An Giang province, Vietnam",Châu Thành,950000,An Giang province,Vietnam,third-country,FFP,PP,,,PP - Processing Plant,27/04/2026,
DL 183,Mekong fisheries joint stock company - Mekongfish Co.,"Lot 24, Tra Noc Industrial Zone, Thoi An Dong Ward, Can Tho City, Viet Nam",Can Tho City,950000,Can Tho City,Vietnam,third-country,FFP,PP,,,PP - Processing Plant,15/01/2026,
DL 701,Minh Bach Seafood Co. Ltd,"Khuc Treo B Village, Phong Thanh Commune, Ca Mau Province, Viet Nam",Cà Mau,970000,Ca Mau province,Vietnam,third-country,FFP,PP,,,PP - Processing Plant,20/01/2026,
DL 512,Minh Cuong Seafood Import-export Processing Joint Stock Company (MC SEAFOOD),"254 National Road 1A, Hamlet 13, Tan Thanh Ward, Ca Mau Province, Vietnam",Cà Mau,970000,Ca Mau province,Vietnam,third-country,FFP,PP,,,PP - Processing Plant,15/01/2026,
DL 449,"Minh Dang Co., Ltd.","No 83, Provincial Street 934, My Xuyen Ward, Can Tho City, Viet Nam",Can Tho City,950000,Can Tho City,Vietnam,third-country,FFP,PP,,,PP - Processing Plant,25/02/2026,
NM 331,"Minh Ha Co., Ltd.","Lot C 42b/I Road no.7, Vinh Loc Industrial Park, Vinh Loc commune, Ho Chi Minh City, Vietnam",Ho Chi Minh City,000084,Ho Chi Minh City,Vietnam,third-country,FFP,PP,,,PP - Processing Plant,19/01/2026,
DL 891,Minh Ha Kien Giang Seafood Limited Company (MINHHAKG),"Lot 311, Map 9, Team 09, Sua Dua hamlet, Binh An commune, An Giang province, Viet Nam.",Binh An,,An Giang province,Vietnam,third-country,FFP,PP,,,PP - Processing Plant,25/02/2026,
DL 66,"Minh Ha Seafood Co., Ltd","9 team, Sua Dua hamlet, Binh An commune, An Giang province, Viet Nam.",Binh An,,An Giang province,Vietnam,third-country,FFP,PP,,,PP - Processing Plant,25/02/2026,
DL 746,Minh Khue Seafoods Company Limited,"WARD 1, AN PHUOC HAMLET, BINH AN COMMUNE, AN GIANG PROVINCE, VIET NAM",Binh An,,An Giang province,Vietnam,third-country,FFP,PP,,,PP - Processing Plant,25/02/2026,
DL 734,Minh Phu Hau Giang Seafood Joint Stock Company (Minh Phu Hau Giang Seafood Corp),"Song Hau Industrial zone - 1st phase, Chau thanh commune, Can Tho city, Vietnam.",Can Tho City,950000,Can Tho City,Vietnam,third-country,FFP,PP,,,PP - Processing Plant,20/01/2026,
TS 1327,"Minh Phu Khanh An Seafood Co., Ltd","Khanh An Industrial Zone, Khanh An commune, Ca Mau province, Vietnam",Cà Mau,970000,Ca Mau province,Vietnam,third-country,FFP,PP,,,PP - Processing Plant,27/08/2026,
DL 145,Minh Phu Seafood Joint Stock Company (Minh Phu Seafood Corp),"Industrial Zone Ward 8, Ly Van Lam Ward, Ca Mau Province, Viet Nam",Cà Mau,970000,Ca Mau province,Vietnam,third-country,FFP,PP,,,PP - Processing Plant,15/01/2026,
DL 896,Minh Phuc Seafood Limited Liability Company (MIFUCO),"Lot 2.10A2, street 07 & 09, Tra Noc Industrial Zone II, Phuoc Thoi ward, Can Tho city, Vietnam",Can Tho City,270000,Can Tho City,Vietnam,third-country,FFP,PP,,,PP - Processing Plant,20/01/2026,
TS 1064,Minh Quan Clean Foods Company Limited,"185, Ly Thương Kiet Street, Hamlet 15, Tan Thanh Ward, Ca Mau Province",Cà Mau,970000,Ca Mau province,Vietnam,third-country,FFP,PP,,,PP - Processing Plant,15/01/2026,
DL 321,Minh Qui Seafood Co. LTD,"Industrial Zone Ward 8, Ly Van Lam Ward, Ca Mau Province, Viet Nam",Cà Mau,970000,Ca Mau province,Vietnam,third-country,FFP,PP,,,PP - Processing Plant,15/01/2026,
DL 737,"Minh Quy Seafoods Co., Ltd.","Lot 14 Tan My Chanh Industrial Group, My Phong Ward, Dong Thap Province, Vietnam",Dong Thap Province,081000,Dong Thap Province,Vietnam,third-country,FFP,PP,,,PP - Processing Plant,20/01/2026,
DL 493,"Minh Thang Seafoods Co., Ltd","487, Doi Ma 2 hamlet, Gia Thuan Commune, Dong Thap province, Vietnam",Dong Thap Province,081000,Dong Thap Province,Vietnam,third-country,FFP,PP,,,PP - Processing Plant,27/04/2026,
DL 849,My Lan Tam Loi Company Limited,"91 Street, Binh Duc 3, Binh Duc ward, An Giang province, Viet Nam",Bình Đức,880000,An Giang province,Vietnam,third-country,FFP,PP,,,PP - Processing Plant,25/02/2026,
NM 863,"NAM NGU PHU QUOC ONE MEMBER COMPANY LIMITED (NAM NGU PHU QUOC ONE MEMBER CO., LTD)","Group 1, Suoi Da Quarter, Phu Quoc Special Zone, An Giang Province",Phu Quoc,925000,An Giang province,Vietnam,third-country,FFP,PP,,,PP - Processing Plant,04/05/2026,
HK 906,"NATURE FOODS CO., LTD (N F C)","Road no 8, Nhon Trach 1 IDZ, Nhon Trach Commune, Dong Nai Province, Vietnam",Nhon Trach,,Dong Nai province,Vietnam,third-country,FFP,PP,,,PP - Processing Plant,28/01/2026,
DL 679,NEW GENERATION SEAFOOD JOINT STOCK COMPANY (NEW GENERATION CO.),"Road D2, Lot N, An Nghiep Industrial Zone, Phung Hiep Hamlet, An Ninh Commune, Can Tho City, Vietnam",Can Tho City,950000,Can Tho City,Vietnam,third-country,FFP,PP,,,PP - Processing Plant,19/01/2026,
KL 1092,NEW LAND VIETNAM JAPAN LONG AN LLC,"Lot 14 and Lot 14A, Tan Duc street, Tan Duc Industrial Park, Duc Hoa Commune, Tay Ninh Province, Vietnam",Tây Ninh,,Tay Ninh province,Vietnam,third-country,FFP,CS,,,CS - Cold Stores,19/01/2026,
DL 1104,NGOC TUAN CUA TUNG COMPANY LTD,"An Hoa 1 quarter, Cua Tung commune, Quang Tri province",Quang Tri,,Quang Tri province,Vietnam,third-country,FFP,PP,,,PP - Processing Plant,15/01/2026,
DL 625,"NGUYEN HUNG SEAFOOD PROCESSING FACTORY - NGUYEN HUNG CO., LTD","Trung Trinh Residential group, Song Cau Ward, Dak Lak Province, Viet Nam.",Song Cau,,Dak Lak province,Vietnam,third-country,FFP,PP,,,PP - Processing Plant,25/02/2026,
DL 115,NHA TRANG FISCO,"No.456 Le Hong Phong Street, Nam Nha Trang Ward, Khanh Hoa Province, Vietnam",Nam Nha Trang,,Khanh Hoa province,Vietnam,third-country,FFP,PP,,,PP - Processing Plant,25/02/2026,
DL 969,"NINH THUAN BRANCH – DALU SURIMI IMPORT – EXPORT CO.,LTD","Lac Son 3 hamlet, Ca Na village, Khanh Hoa province, Viet Nam",Ca Na,,Khanh Hoa province,Vietnam,third-country,FFP,PP,,,PP - Processing Plant,25/02/2026,
DL 461,NTSF Seafoods Joint Stock Company (NTSF SEAFOODS),"Lot C1, C2, C3, C4, C5, Thot Not industrial zone, Thot Not ward, Can Tho city",Can Tho City,950000,Can Tho City,Vietnam,third-country,FFP,PP,,,PP - Processing Plant,15/01/2026,
DL 548,NTSF Seafoods Joint Stock Company- Nhatrang Seafoods - Can Tho Factory,"Lot A8, A9, Thot Not industrial zone phase 4, Thot Not ward, Can Tho city, Vietnam",Can Tho City,270000,Can Tho City,Vietnam,third-country,FFP,PP,,,PP - Processing Plant,19/01/2026,
DL 400,"NVD Seafood Company Limited – An Giang Branch (NVD SEAFOOD CO., LTD)","Tac Cau fishing port industrial zone, Minh Phong hamlet, Binh An commune, An Giang province, Vietnam",Binh An,,An Giang province,Vietnam,third-country,FFP,PP,,,PP - Processing Plant,25/02/2026,
DL 29,Nam Can Seaproducts Import And Export Joint Stock Company - Seanamcan,"Hamlet 3, Dat Moi Commune, Ca Mau Province, Vietnam",Cà Mau,970000,Ca Mau province,Vietnam,third-country,FFP,PP,,,PP - Processing Plant,15/01/2026,
DL 85,Nam Long Seafood Export Processing Factory - Dragon Viet Nam,"Dam Cung Hamlet, Cai Nuoc Commune, Ca Mau Province, Viet Nam",Cà Mau,970000,Ca Mau province,Vietnam,third-country,FFP,PP,,,PP - Processing Plant,20/01/2026,
DL 597,Nam Thanh Aquatic Product Industry Join Stock Company,"Trung Thinh sub-quarter, Sam Son ward, Thanh Hoa province, Viet Nam.",Thanh Hóa,,Thanh Hoa province,Vietnam,third-country,FFP,PP,,,PP - Processing Plant,19/01/2026,
DL 152,"Nam Viet Fish Freezing Factory, Nam Viet Corporation","My Quy Industrial zone, Long Xuyen Ward, An Giang Province, Viet Nam.",Long Xuyen,,An Giang province,Vietnam,third-country,FFP,PP,,,PP - Processing Plant,25/02/2026,
DL 817,Nam Viet Seafood Import Export Joint Stock Company (NAVIMEXCO),"No 53B, Tac Thu Hamlet, Ho Thi Ky Village, Ca Mau Province, Vietnam",Cà Mau,970000,Ca Mau province,Vietnam,third-country,FFP,PP,,,PP - Processing Plant,19/01/2026,
DL 162,New Dragon Seafood Factory - Soc Trang Seafood Factory - Stapimex,"No.220, Vo Van Kiet Street, Soc Trang Ward, Can Tho City, Viet Nam",Can Tho City,950000,Can Tho City,Vietnam,third-country,FFP,PP,,,PP - Processing Plant,15/01/2026,
TS 1075,New Era Cold Storage Joint Stock Company (NECS COMPANY),"Lots B25, B26, B27, B28-2, Doc 2 Street, Phu An Thanh Industrial Park, Ben Luc Commune,Tay Ninh Province, Vietnam",Tây Ninh,,Tay Ninh province,Vietnam,third-country,FFP,CS,,,CS - Cold Stores,15/01/2026,
TS 718,New Life Health Products Joint Stock Company (NLHP),"BINH GIAO QUARTER, THUAN GIAO WARD, HO CHI MINH CITY, Vietnam",Ho Chi Minh City,000084,Ho Chi Minh City,Vietnam,third-country,FFP,PP,,,PP - Processing Plant,19/01/2026,
DL 121,Ngoc Ha Company Ltd. Food processing and Trading,"HOI HAMLET, KIM SON VILLAGE, DONG THAP PROVINCE, Vietnam",Dong Thap Province,081000,Dong Thap Province,Vietnam,third-country,FFP,PP,,,PP - Processing Plant,15/01/2026,
DL 721,Ngoc Tri Seafood Company,"Ward 3, Phong Thanh Dong A",Giá Rai Town,970000,Bac Lieu province,Vietnam,third-country,FFP,PP,,,PP - Processing Plant,,
DL 767,"Ngoc Trinh Bac Lieu Seafood Co.,Ltd","No.99A, Lo Ren Street, Vinh Trach Ward, Ca Mau Province",Cà Mau,970000,Ca Mau province,Vietnam,third-country,FFP,PP,,,PP - Processing Plant,20/01/2026,
DL 266,Ngoc Tung Co. Ltd.,"1589, 30/4 STREET, PHUOC THANG WARD, HO CHI MINH CITY, Vietnam",Ho Chi Minh City,000084,Ho Chi Minh City,Vietnam,third-country,FFP,PP,,,PP - Processing Plant,15/01/2026,
DL 927,Ngoc Xuan Giang One Member Limited Company,"Lot 2, street 10, Tra Noc Industrial Park, Phuoc Thoi Ward, Can Tho City, VietNam",Can Tho City,950000,Can Tho City,Vietnam,third-country,FFP,PP,,,PP - Processing Plant,19/01/2026,
DL 487,Ngoc Xuan Seafood Corporation (Ngoc Xuan Seafood Corp.),"Dong Hoa Hamlet, Kim Son Village, Dong Thap Province, Vietnam",Dong Thap Province,081000,Dong Thap Province,Vietnam,third-country,FFP,PP,,,PP - Processing Plant,15/01/2026,
DL 209,"Nguyen Chi Aquatic Product Trading Company Limited (NC Aquatic Product Trading Co., Ltd)","LOT 20A, ROAD NO .8, TAN TAO INDUSTRIAL ZONE, TAN TAO WARD, HO CHI MINH CITY, Vietnam",HO CHI MINH,820000,Ho Chi Minh City,Vietnam,third-country,FFP,PP,,,PP - Processing Plant,15/01/2026,
DL 473,"Nguyen Tien Seafood 2 Company Limited (Nguyen Tien Seafood 2 Co., Ltd)","1007/34, 30/4 STREET, PHUOC THANG WARD , HO CHI MINH CITY, Vietnam",Ho Chi Minh City,000084,Ho Chi Minh City,Vietnam,third-country,FFP,PP,,,PP - Processing Plant,15/01/2026,
DL 833,Nguyen Tran Company,"Tan Thuan B Hamlet, Kim Son Village, Dong Thap Province, Vietnam",Dong Thap Province,081000,Dong Thap Province,Vietnam,third-country,FFP,PP,,,PP - Processing Plant,19/01/2026,
TS 1286,Nha Kien Company Limited,"No. 11, An Phuoc hamlet, Binh An commune, An Giang province",Binh An,,An Giang province,Vietnam,third-country,FFP,PP,,,PP - Processing Plant,24/02/2026,
DL 620,Nha Trang Bay Joint Stock Company,"Lot K1, K2, K3 and a part of K4, Suoi Dau industrial zone, Cam Lam commune , Khanh Hoa province",Cam Lam,,Khanh Hoa province,Vietnam,third-country,FFP,PP,,,PP - Processing Plant,19/01/2026,
DL 1020,Nha Trang Seafoods-F89 Joint Stock Company Processing Plant 2,"No 68B Nationl Road 1A Bypass, Cluster 1A, Gia Rai Ward , Ca Mau Province, Vietnam",Cà Mau,970000,Ca Mau province,Vietnam,third-country,FFP,PP,,,PP - Processing Plant,15/01/2026,
DL 89,NhaTrang Seafoods - F.89 Joint Stock Company - Value - Added Shrimp Processing Plant,"No 68 Nationl Road 1A Bypass, Cluster 1A, Gia Rai Ward , Ca Mau Province, Vietnam",Cà Mau,970000,Ca Mau province,Vietnam,third-country,FFP,PP,,,PP - Processing Plant,28/01/2026,
DL 207,"Nhat Nguyen Foods Co., Ltd","1A National road, Hiep Thanh village, Nam Cam Ranh commune, Khanh Hoa province",Nam Cam Ranh,,Khanh Hoa province,Vietnam,third-country,FFP,PP,,,PP - Processing Plant,25/02/2026,
DL 17,Nhatrang Seaproduct Company (Nhatrang Seafoods) - Nhatrang Seafoods - F17,"58B Hai Thang Tu street, Bac Nha Trang ward, Khanh Hoa province",Bac Nha Trang,,Khanh Hoa province,Vietnam,third-country,FFP,PP,,,PP - Processing Plant,25/02/2026,
DL 124,"Nigico Co., Ltd - Nigico","National Road 1A, Hamlet 5A, Gia Rai Ward, Ca Mau Province, Vietnam",Cà Mau,970000,Ca Mau province,Vietnam,third-country,FFP,PP,,,PP - Processing Plant,15/01/2026,
TS 987,OCEAN PRODUCTS VIETNAM LTD,"Area B, Nam Cam Industrial Park - Dong Nam Economic Zone, Trung Loc Commune, Nghe An Province, Viet Nam",Trung Loc,,Nghe An province,Vietnam,third-country,FFP,PP,,,PP - Processing Plant,26/02/2026,
DL 843,Ocean Gift Foods Joint Stock Company (Ocean Gift Foods),"LOT P-3, STREET 7, LONG HAU EXTENDED INDUSTRIAL PARK, CAN GIUOC COMMUNE, TAY NINH PROVINCE, Vietnam",Tây Ninh,,Tay Ninh province,Vietnam,third-country,FFP,PP,,,PP - Processing Plant,20/01/2026,
TS 1271,One Member of Long Phu Kien Giang Company Limited,"Group 7, Minh phong Hamlet, Binh An Commune, An Giang Province",Binh An,,An Giang province,Vietnam,third-country,FFP,PP,,,PP - Processing Plant,25/03/2026,
DL 903,"P&H Seafood Processing One Member Company Limited (P&H Seafood Processing CO.,LTD)","My Tho Hamlet, Long Xuyen Ward, An Giang Province, Viet Nam",Long Xuyen,,An Giang province,Vietnam,third-country,FFP,PP,,,PP - Processing Plant,27/04/2026,
DH 146,PATAYA FOOD INDUSTRIES (VIETNAM) LTD,"LOT 44, TRA NOC 1 INDUSTRIAL ZONE, THOI AN DONG WARD, CANTHO CITY, VIETNAM",Can Tho City,270000,Can Tho City,Vietnam,third-country,FFP,PP,,,PP - Processing Plant,17/04/2026,
HK 897,"PHI LONG FOOD MANUFACTORY CO., LTD","Lot D1-28 Road VL2, Vinh Loc 2 Industrial Zone, My Yen Commune, Tay Ninh Province, Vietnam",Tây Ninh,,Tay Ninh province,Vietnam,third-country,FFP,PP,,,PP - Processing Plant,19/01/2026,
DL 965,"PHILLIPS SEAFOOD (VIETNAM) CO.,LTD. – Frozen factory","Lot B3 and B4 Suoi Dau industrial zone, Cam Lam commune, Khanh Hoa province, Vietnam.",Cam Lam,,Khanh Hoa province,Vietnam,third-country,FFP,PP,,,PP - Processing Plant,19/01/2026,
TS 827,PHOXUYENFISHCO,"NO.45, NATIONAL ROAD 91, BINH PHU II HAMLET, BINH HOA VILLAGE, AN GIANG PROVINCE Viet Nam",Binh Hoa,,An Giang province,Vietnam,third-country,FFP,PP,,,PP - Processing Plant,26/02/2026,
TS 294,"PHU CUONG - KIEN CUONG CO., LTD","No.555, Cay Tram Sub- Village, Tan Thanh Ward, Ca Mau Province, Vietnam",Cà Mau,970000,Ca Mau province,Vietnam,third-country,FFP,PP,,,PP - Processing Plant,19/01/2026,
DL 12,PHU SONG HUONG IMPORT EXPORT SEAFOOD COMPANY LIMITED,"165 Nguyen Sinh Cung Street, My Thuong Ward, Hue City",Hue,,Thừa Thiên-Huế Province,Vietnam,third-country,FFP,PP,,,PP - Processing Plant,27/04/2026,
DL 629,PHUC NGUYEN SEAFOOD COMPANY LIMITED,"Lot A10, A part of lot A12, Hoa Hiep 1 Industrial Zone, Hoa Hiep Ward, Dak Lak Province, Viet Nam",Hoa Hiep,,Dak Lak province,Vietnam,third-country,FFP,PP,,,PP - Processing Plant,27/04/2026,
TS 1152,PLANT 2 - ANH MINH SEAFOOD IMPORT EXPORT PROCESSING JOINT STOCK COMPANY – BUSINESS LOCATION,"No.210, Chua Ve stress, Dong Hai ward, Hai Phong city, Vietnam",Haiphong,400000,Haiphong,Vietnam,third-country,FFP,PP,,,PP - Processing Plant,19/01/2026,
DL 394,PROCESSING PLANT DL394 – BUSINESS LOCATION - NHATRANG SEAPRODUCT COMPANY,"No. 01 Phuoc Long street, Nam Nha Trang ward, Khanh Hoa province",Nam Nha Trang,,Khanh Hoa province,Vietnam,third-country,FFP,PP,,,PP - Processing Plant,27/04/2026,
DL 90,PROCESSING PLANT DL90 – BUSINESS LOCATION - NHA TRANG SEAPRODUCT COMPANY,"01B Phuoc Long street, Nam Nha Trang ward, Khanh Hoa province.",Nam Nha Trang,,Khanh Hoa province,Vietnam,third-country,FFP,PP,,,PP - Processing Plant,25/02/2026,
DL 384,Pacific Seafood Freezing Factory N.V - Nam Viet Corporation,"Hung Vuong Road, My Quy Industrial zone, Long Xuyen Ward, An Giang Province, Viet Nam.",Long Xuyen,,An Giang province,Vietnam,third-country,FFP,PP,,,PP - Processing Plant,25/02/2026,
DL 293,Panga Mekong Factory - BNT Foods Corp. Branch,"Lot 19A5-2, Road 3, Tra Noc 1 Industrial Zone, Thoi An Dong Ward, Can Tho City, Vietnam",Can Tho City,950000,Can Tho City,Vietnam,third-country,FFP,PP,,,PP - Processing Plant,15/01/2026,
DL 685,Phat Tien 2 Fishery Joint Stock Company (FATIFISH 2 J.S.C.),"Lot B3, Road No.2, My Hiep industrial zone, My Hiep commune, Dong Thap province",Dong Thap Province,081000,Dong Thap Province,Vietnam,third-country,FFP,PP,,,PP - Processing Plant,19/01/2026,
TS 1027,"Phi Long Manufacturing and Trading Company Limited (Phi Long Co., Ltd)","Loc An Concentrated Seafood Industrial Park, An Hai Hamlet, Phuoc Hai Commune, Ho Chi Minh City, Vietnam",Ho Chi Minh City,000084,Ho Chi Minh City,Vietnam,third-country,FFP,PP,,,PP - Processing Plant,19/01/2026,
DH 358,"Phillips Seafood (Vietnam) Co., Ltd.","Lot B3 and B4 Suoi Dau industrial zone, Cam Lam commune, Khanh Hoa province, Vietnam.",Cam Lam,,Khanh Hoa province,Vietnam,third-country,FFP,PP,,,PP - Processing Plant,27/04/2026,
DL 768,Phu Hung Limited Liability Company,"Area C, Street 7, Hung Phu 1 Industrial Zone, Hung Phu Ward, Can Tho City, Vietnam",Can Tho City,270000,Can Tho City,Vietnam,third-country,FFP,PP,,,PP - Processing Plant,28/01/2026,
DL 141,Phu Thanh Frozen Factory- Phu Thanh Company Limited,"690 National Road 1A, Phu Loi Hamlet, Thanh Xuan Commune, Can Tho City, Viet Nam",Can Tho City,950000,Can Tho City,Vietnam,third-country,FFP,PP,,,PP - Processing Plant,15/01/2026,
DL 327,Phu Thanh Seafoods Foodstuffs - Phu Thanh Seafoods,"Km 2082 National Road 1A, Phu Loi Hamlet, Thanh Xuan Commune, Can Tho City, Viet Nam",Can Tho City,950000,Can Tho City,Vietnam,third-country,FFP,PP,,,PP - Processing Plant,15/01/2026,
DL 229,"Phuc Tam Loi Fisheries Import-Export Co., Ltd","No. 24/31, Block 11, Binh Duc 5 Village, Binh Duc Ward, An Giang Province, Viet Nam",Bình Đức,880000,An Giang province,Vietnam,third-country,FFP,PP,,,PP - Processing Plant,25/02/2026,
DL 53,Phuoc Co Seafood Joint Stock Company,"1738 Vo Nguyen Giap Street, Phuoc Thang Ward, Ho Chi Minh city, Vietnam",Ho Chi Minh City,000084,Ho Chi Minh City,Vietnam,third-country,FFP,PP,,,PP - Processing Plant,15/01/2026,
DL 390,Phuoc Hung Seafood Factory - Van Duc Food Company Limited,"Road No.6, Vinh Loc industrial zone, Vinh Loc Commune, Ho Chi Minh city, Vietnam",HO CHI MINH,820000,Ho Chi Minh City,Vietnam,third-country,FFP,PP,,,PP - Processing Plant,15/01/2026,
DL 224,Phuong Anh Seafood Processing Import & Export Joint Stock Company (PHUONG ANH SEAFOOD),"Lung Xinh hamlet, Dinh Thanh commune, Ca Mau Province, Viet Nam",Cà Mau,970000,Ca Mau province,Vietnam,third-country,FFP,PP,,,PP - Processing Plant,15/01/2026,
DL 433,"Phuong Dong Food Processing Export Co., Ltd","Lot 17D, Street 5, Tra Noc Industrial Zone I, Thoi An Dong Ward, Can Tho City, Viet Nam",Can Tho City,950000,Can Tho City,Vietnam,third-country,FFP,PP,,,PP - Processing Plant,15/01/2026,
TS 1070,Preferred Freezer Services Viet Nam Ltd,"No.163 Nguyen Van Quy, Phu Thuan Ward, Ho Chi Minh City, Vietnam",Ho Chi Minh City,000084,Ho Chi Minh City,Vietnam,third-country,FFP,CS,,,CS - Cold Stores,15/01/2026,
TS 1048,"QNL Company Limited - QNL CO., LTD","N 2 Street, An Nghiep Industrial Zone, An Ninh Commune, Can Tho City, Viet Nam",Can Tho City,950000,Can Tho City,Vietnam,third-country,FFP,PP,,,PP - Processing Plant,19/01/2026,
DL 232,"QUANG BINH CO.,LTD","Hamlet 11, Song Doc Commune, Ca Mau Province, Viet Nam",Cà Mau,970000,Ca Mau province,Vietnam,third-country,FFP,PP,,,PP - Processing Plant,02/02/2026,
DL 627,QUANG HIEU FOODS COMPANY LIMITED,"Lot 02, Dien Nam - Dien Ngoc Industrial Zone, Dien Ban Dong Ward, Da Nang City, Vietnam",Danang,,Đà Nẵng,Vietnam,third-country,FFP,PP,,,PP - Processing Plant,19/01/2026,
DL 16,QUY NHON FROZEN SEAFOODS JOINT STOCK COMPANY,"04 Phan Chu Trinh street, Quy Nhon ward, Gia Lai province, Vietnam",Quy Nhon,,Gia Lai Province,Vietnam,third-country,FFP,PP,,,PP - Processing Plant,25/02/2026,
DL 376,QVD Aquaculture Joint Stock Company,"LOT C, SA DEC INDUSTRIAL ZONE, SA DEC WARD, DONG THAP PROVINCE, VIET NAM",Dong Thap Province,081000,Dong Thap Province,Vietnam,third-country,FFP,PP,,,PP - Processing Plant,15/01/2026,
SC 1268,Quan Phat Seafood lmport Export Trading Service Company Limited (Quan Phat Seafood Company),"No.220, Binh Thanh Hamlet, Vinh Phuoc Commune, Ca Mau Province, Viet Nam",Cà Mau,970000,Ca Mau province,Vietnam,third-country,FFP,PP,,,PP - Processing Plant,28/01/2026,
DL 515,Quang Minh Seafood Co. Ltd (QUANG MINH SEAFOOD),"Lot 2.20A, Tra Noc 2 Industrial Zone, Phuoc Thoi Ward, Can Tho City, Vietnam.",Can Tho City,950000,Can Tho City,Vietnam,third-country,FFP,PP,,,PP - Processing Plant,29/01/2026,
DL 49,Quang Ninh Aquatic Products Export Joint Stock Company No 2 (Aquapexco),"Area 10, Quang Yen Ward, Quang Ninh Province, Vietnam",Quảng Yên,,Quang Ninh Province,Vietnam,third-country,FFP,PP,,,PP - Processing Plant,25/02/2026,
TS 41,Quang Ninh Seaproducts Import – Export Company,"No. 35 Ben Tau Street, Hong Gai Ward, Quang Ninh Province, Viet Nam",Hon Gai,,Quang Ninh Province,Vietnam,third-country,FFP,PP,,,PP - Processing Plant,26/02/2026,
DL 1022,Quang Phu Seafood Import Export Company Limited,"LAND PLOT NUMBER 1358, MAP SHEET 3, GROUP 2, AN PHUOC HAMLET, BINH AN COMMUNE, AN GIANG PROVINCE",Binh An,,An Giang province,Vietnam,third-country,FFP,PP,,,PP - Processing Plant,25/02/2026,
KL 1094,Que Ky foods corporation – Lap Vo cold storage,"Binh Phu Quoi hamlet, Lap Vo commune, Dong Thap province, Vietnam",Dong Thap Province,081000,Dong Thap Province,Vietnam,third-country,FFP,CS,,,CS - Cold Stores,27/04/2026,
DL 764,"Quoc Dat Seafood Co., Ltd","Hamlet 11, Song Doc Commune, Ca Mau Province, Vietnam",Cà Mau,970000,Ca Mau province,Vietnam,third-country,FFP,PP,,,PP - Processing Plant,20/01/2026,
DL 786,Quoc Viet Seaproducts Processing Trading and Import Export Corporation-Factory II (QUOC VIET CORPORATION - FACTORY II),"NO. 444 BIS, Ly Thuong Kiet Street, SUB-WARD 14, Tan Thanh Ward, Ca Mau Province, Vietnam",Cà Mau,970000,Ca Mau province,Vietnam,third-country,FFP,PP,,,PP - Processing Plant,20/01/2026,
DL 950,REI Seafoods Joint Stock Company - REI Seafoods Factory (REI SEAFOODS JSC),"293 Tan Thuan A hamlet, Kim Son Commune, Dong Thap Province, Vietnam",Dong Thap Province,081000,Dong Thap Province,Vietnam,third-country,FFP,PP,,,PP - Processing Plant,19/01/2026,
DL 144,Rach Gia KiSiMex Factory,"Tac Cau Fishing Port Industrial Park, group 10, Minh Phong hamlet, Binh An village, An Giang province, Viet Nam",Binh An,,An Giang province,Vietnam,third-country,FFP,PP,,,PP - Processing Plant,25/02/2026,
DL 366,SAIGON Food Joint Stock Company (SAIGON FOOD JSC),"Lot C24-24B/II, C25/II, 2F Street, Vinh Loc Industrial Park, 59 Hamlet, Vinh Loc Commune, Ho Chi Minh City, Vietnam",Ho Chi Minh City,000084,Ho Chi Minh City,Vietnam,third-country,FFP,PP,,,PP - Processing Plant,15/01/2026,
DL 1037,SAO KIM IMPORT EXPORT SEAFOOD COMPANY LIMITED (SAOKIMSEAFOOD),"Lot 2.10H, Street No.6, Tra Noc II Industrial zone, Phuoc Thoi ward, Can Tho city, Viet Nam",Can Tho City,270000,Can Tho City,Vietnam,third-country,FFP,PP,,,PP - Processing Plant,15/01/2026,
DL 10,SEAFOOD SPECIALTIES PROCESSING FACTORY - DANANG SEAPRODUCTS IMPORT - EXPORT CORPORATION,"01 Bui Quoc Hung Street, Son Tra Ward, Da Nang City, Vietnam",Danang,,Đà Nẵng,Vietnam,third-country,FFP,PP,,,PP - Processing Plant,15/01/2026,
DL 816,SEAFOOD UNITED CORPORATION (SEAFOOD UNITED CORP),"Lot 19A5-1, No. 3 Street, Tra Noc I Industrial Zone , Thoi An Dong Ward, Can Tho City",Can Tho City,270000,Can Tho City,Vietnam,third-country,FFP,PP,,,PP - Processing Plant,19/01/2026,
DL 204,SEAPRODEX MINH HAI (WORKSHOP 3),"23/8 Street, Bac Lieu Ward, Ca Mau Province, Vietnam",Cà Mau,970000,Ca Mau province,Vietnam,third-country,FFP,PP,,,PP - Processing Plant,02/02/2026,
DL 05,SEAPRODUCTS JOINT STOCK COMPANY No.5 (VIETROSCO),"Lot A38/II, Street 2D, Vinh Loc Industrial Zone, Binh Tan Ward, Ho Chi Minh City, Vietnam",Ho Chi Minh City,000084,Ho Chi Minh City,Vietnam,third-country,FFP,PP,,,PP - Processing Plant,15/01/2026,
DL 506,SON TRA FOODSTUFF PROCESSING FACTORY - DANANG SEAPRODUCTS IMPORT - EXPORT CORPORATION,"01 Bui Quoc Hung Street, Son Tra Ward, Da Nang City, Vietnam",Danang,,Đà Nẵng,Vietnam,third-country,FFP,PP,,,PP - Processing Plant,15/01/2026,
DL 472,"SOUTH PACIFIC FISHERY CO.,LTD (SOFIS CO.,LTD)","Lot LA1, Road No.1, Trans-Asia industrial & Residential park, Duc Lap commune, Tay Ninh province, Vietnam",Tây Ninh,,Tay Ninh province,Vietnam,third-country,FFP,PP,,,PP - Processing Plant,15/01/2026,
DL 130,Safe and Fresh Aquatic Products Joint Stock Company (Safe and Fresh Co.),"No. 09 Cao Thang street, Ly Van Lam ward, Ca Mau province, Vietnam",Cà Mau,970000,Ca Mau province,Vietnam,third-country,FFP,PP,,,PP - Processing Plant,27/08/2026,
TS 1078,Sai Gon Food Import Export Joint Stock Company – East Branch (SGF IMEX EAST),"Lot L, Loc An - Binh Son Industrial Zone, Long Thanh Commune, Dong Nai Province, Vietnam",Long Thành,,Dong Nai province,Vietnam,third-country,FFP,CS,,,CS - Cold Stores,27/04/2026,
TS 1041,Sai Gon Food Import Export Joint Stock Company – East Branch (SGF IMEX EAST),"Lot L, Loc An - Binh Son Industrial Zone, Long Thanh Commune, Dong Nai Province, Vietnam",Long Thành,,Dong Nai province,Vietnam,third-country,FFP,PP,,,PP - Processing Plant,19/01/2026,
DL 878,SaiGon Aquatic Products Trading Joint Stock Company Branch - Hung Thinh Frozen Food Factory,"Lot 4-6-8 1A Street, Tan Tao Industrial Park, Tan Tao Ward, Ho Chi Minh City, Vietnam",Ho Chi Minh City,000084,Ho Chi Minh City,Vietnam,third-country,FFP,PP,,,PP - Processing Plant,20/01/2026,
TS 892,SaiGon Food Joint Stock Company - Vinh Loc Branch,"Lot C13-C14/II, 2F Street, Vinh Loc Industrial Park, 59 Hamlet, Vinh Loc Commune, Ho Chi Minh City, Vietnam",HO CHI MINH,820000,Ho Chi Minh City,Vietnam,third-country,FFP,PP,,,PP - Processing Plant,15/01/2026,
DL 769,Saigon Aquatic Products Trading Joint Stock Company - APT Food Processing Factory,"Lot 4-6-8, 1A Street, Tan Tao Industrial Park, Tan Tao Ward, Ho Chi Minh City, Vietnam",Ho Chi Minh City,000084,Ho Chi Minh City,Vietnam,third-country,FFP,PP,,,PP - Processing Plant,20/01/2026,
DL 315,Sakura Food Co. LTD,"Lot I1-I2 Suoi Dau Industrial zone, Cam Lam commune, Khanh Hoa province",Cam Lam,,Khanh Hoa province,Vietnam,third-country,FFP,PP,,,PP - Processing Plant,15/01/2026,
DL 941,Sang Dao Seafood Import Export Company Limited,"No. 198, Group 2, An Phuoc Hamlet, Binh An Commune, An Giang Province, Viet Nam",Binh An,,An Giang province,Vietnam,third-country,FFP,PP,,,PP - Processing Plant,25/02/2026,
DL 772,"Sao Mai Group Corporation - Lap Vo, Dong Thap Branch (Sao Mai Fresh Seafood)","National Road 80, Vam Cong Industrial Park, An Thanh Hamlet, Lap Vo Commune, Dong Thap Province, Viet Nam.",Dong Thap Province,081000,Dong Thap Province,Vietnam,third-country,FFP,PP,,,PP - Processing Plant,27/04/2026,
DL 132,Saota Foods Joint Stock Company (FIMEX VN),"No.750 Vo Van Kiet Street, Phu Loi Ward, Can Tho City, Vietnam",Can Tho City,950000,Can Tho City,Vietnam,third-country,FFP,PP,,,PP - Processing Plant,15/01/2026,
DL 317,Seagift Company Ltd.,"7/9 Binh Duc 2, Binh Hoa Ward, Ho Chi Minh City, Vietnam",Ho Chi Minh City,000084,Ho Chi Minh City,Vietnam,third-country,FFP,PP,,,PP - Processing Plant,15/01/2026,
DL 231,"Seaprimexco Viet Nam, Dam Doi seaproducts processing Factory-FDD (Seaprimexco)","NO. 589 DUONG THI CAM VAN STREET, DAM DOI COMMUNE, CA MAU PROVINCE, VIETNAM",Cà Mau,970000,Ca Mau province,Vietnam,third-country,FFP,PP,,,PP - Processing Plant,15/01/2026,
DL 118,"Seaprimexco Viet Nam, New sea products processing factory - FNF - (Seaprimexco)","No. 8 Cao Thang Street, Ly Van Lam Ward, Ca Mau Province, Vietnam",Cà Mau,970000,Ca Mau province,Vietnam,third-country,FFP,PP,,,PP - Processing Plant,15/01/2026,
DL 196,"Seaprimexco Viet Nam, New seaproducts processing factory - FNF 2 (Seaprimexco)","No. 8 Cao Thang Street, Ly Van Lam Ward, Ca Mau Province, Vietnam",Cà Mau,970000,Ca Mau province,Vietnam,third-country,FFP,PP,,,PP - Processing Plant,15/01/2026,
DL 375,"Seaprimexco Viet Nam, Song Doc seaproducts processing factory - FSD (Seaprimexco)","No. 169 Hamlet 7, Song Doc Commune, Ca Mau Province, Viet Nam",Cà Mau,970000,Ca Mau province,Vietnam,third-country,FFP,PP,,,PP - Processing Plant,15/01/2026,
DL 286,"Seaproducts Processing Enterprise, ConDao Seaproducts and Import Export Joint Stock Company (COIMEX)","No 1738 Vo Nguyen Giap street, Phuoc Thang Ward, Ho Chi Minh City, Vietnam",Ho Chi Minh City,000084,Ho Chi Minh City,Vietnam,third-country,FFP,PP,,,PP - Processing Plant,15/01/2026,
DL 499,Seavina Joint Stock Company (SEAVINA),"LOT 16A-18 TRA NOC 1 INDUSTRIAL ZONE, THOI AN DONG WARD, CAN THO CITY, Viet Nam",Can Tho City,950000,Can Tho City,Vietnam,third-country,FFP,PP,,,PP - Processing Plant,15/01/2026,
DL 127,Song Tien Seafood Corporation (Sotico),"Tan Thuan B hamlet, Kim Son village, Dong Thap province, Vietnam",Dong Thap Province,081000,Dong Thap Province,Vietnam,third-country,FFP,PP,,,PP - Processing Plant,15/01/2026,
DL 595,Song Viet Thanh Hoa Joint Stock Company - Nghi Son Seafood Processing And Ice Freezing Production Factory,"Tien Phong Residential Area, Hai Binh Ward, Nghi Son Town, Thanh Hoa Province",Nghi Son,,Thanh Hoa province,Vietnam,third-country,FFP,PP,,,PP - Processing Plant,06/02/2023,
DL 14,"Southern Fishery Industries Company, Ltd. (Southvina)","Lot 2.14, Tra Noc industrial park 2, Phuoc Thoi ward, Can Tho city",Can Tho City,950000,Can Tho City,Vietnam,third-country,FFP,PP,,,PP - Processing Plant,15/01/2026,
DL 532,Southern Shrimp Joint Stock Company (South Vina Shrimp),"Khuc Treo B Village, Phong Thanh Commune, Ca Mau Province, Vietnam",Cà Mau,970000,Ca Mau province,Vietnam,third-country,FFP,PP,,,PP - Processing Plant,15/01/2026,
DL 544,Southern Shrimp Joint Stock Company- Ca Mau Branch (SVS-CA MAU),"Cay Tram A Hamlet, Tan Thanh Ward, Ca Mau Province, Vietnam",Cà Mau,970000,Ca Mau province,Vietnam,third-country,FFP,PP,,,PP - Processing Plant,19/01/2026,
DL 1038,Surimi workshop – Vinh Hoan collagen,"No.1647, National Road 30, My Ngai Ward, Dong Thap Province, Vietnam",Dong Thap Province,081000,Dong Thap Province,Vietnam,third-country,FFP,PP,,,PP - Processing Plant,15/01/2026,
HK 691,T-Thai One Member Limited Company,"Phu Nghia hamlet, Phu Huu village, Can Tho city, Viet Nam.",Can Tho City,270000,Can Tho City,Vietnam,third-country,FFP,PP,,,PP - Processing Plant,19/01/2026,
DL 868,TAI KIM ANH SEAFOOD JOINT STOCK CORPORATION (TAIKA SEAFOOD CORPORATION),,Châu Thành,950000,Soc Trang province,Vietnam,third-country,FFP,PP,,,PP - Processing Plant,,
DL 79,TAM PHUONG NAM SEAFOOD JOINT STOCK COMPANY (TPN SEAFOOD),"16A9 - 1, Tra Noc Industrial Zone 1, Thoi An Dong Ward, Can Tho City, Viet Nam.",Can Tho City,270000,Can Tho City,Vietnam,third-country,FFP,PP,,,PP - Processing Plant,20/01/2026,
DL 223,TAN PHAT FOODS CORPORATION – TUY HOA BRANCH,"Lot C7, Hoa Hiep industrial park, Hoa Hiep ward, Dak Lak province.",Hoa Hiep,,Dak Lak province,Vietnam,third-country,FFP,PP,,,PP - Processing Plant,25/02/2026,
TS 1278,TASIFISH JSC,"No.197, September 14th street, Hamlet 6, Thanh Duc Ward, Vinh Long province",Vĩnh Long,,Vinh Long province,Vietnam,third-country,FFP,PP,,,PP - Processing Plant,18/09/2025,
TS 1113,TEN TRAI COMPANY LIMITED,"Lot L1- Nguyen Truong To street, Quang Phu industrial zone, Nghia Lo ward, Quang Ngai province",Quang Ngai,,Quang Ngai,Vietnam,third-country,FFP,PP,,,PP - Processing Plant,19/01/2026,
DL 958,TEN TRAI COMPANY LIMITED.,"Lot L1- Nguyen Truong To street, Quang Phu industrial zone, Nghia Lo ward, Quang Ngai province",Quang Ngai,,Quang Ngai,Vietnam,third-country,FFP,PP,,,PP - Processing Plant,19/01/2026,
DL 340,TFC Factory - Thuan Hung Limited Liability Company,"Area 1, Cai Rang ward, Can Tho city, Vietnam",Can Tho City,950000,Can Tho City,Vietnam,third-country,FFP,PP,,,PP - Processing Plant,15/01/2026,
DL 478,TG FISHERY HOLDINGS CORPORATION,"Block IV-8, Zone A1, Sa Dec industrial Zone, Sa Dec Ward, Dong Thap province, Vietnam",Dong Thap Province,081000,Dong Thap Province,Vietnam,third-country,FFP,PP,,,PP - Processing Plant,27/04/2026,
DL 834,TG Fishery Holdings Corporation - TG2 Fishery Holdings Factory,"Block IV-8, Zone A1, Sa Dec industrial Zone, Sa Dec Ward, Dong Thap province, Vietnam",Dong Thap Province,081000,Dong Thap Province,Vietnam,third-country,FFP,PP,,,PP - Processing Plant,27/04/2026,
DL 866,THAI MINH LONG SEAFOOD COMPANY LIMITED (TML SEAFOOD),"Hamlet 5A, Gia Rai Ward, Ca Mau Province, Viet Nam",Cà Mau,970000,Ca Mau province,Vietnam,third-country,FFP,PP,,,PP - Processing Plant,20/01/2026,
TS 1119,"THAI-VIET VENTURES CO.,LTD","No.04, Truong Ban Street, Bac Nha Trang ward, Khanh Hoa Province, Viet Nam",Bac Nha Trang,,Khanh Hoa province,Vietnam,third-country,FFP,PP,,,PP - Processing Plant,26/02/2026,
DL 847,THANH BINH DONG THAP ONE MEMBER COMPANY LIMITED (THANH BINH DONG THAP LTD),"LOT NO.1, ROAD NO.2, BINH THANH INDUSTRIAL ZONE, BINH THANH COMMUNE, DONG THAP PROVINCE, VIETNAM",Dong Thap Province,081000,Dong Thap Province,Vietnam,third-country,FFP,PP,,,PP - Processing Plant,20/01/2026,
DL 391,THANH DOAN FISHERIES IMPORT - EXPORT JOINT STOCK COMPANY (THADIMEXCO),"01A Truong Phung Xuan Street, Ly Van Lam Ward, Ca Mau Province, Viet Nam.",Cà Mau,970000,Ca Mau province,Vietnam,third-country,FFP,PP,,,PP - Processing Plant,15/01/2026,
TS 980,"THANH DUNG CANNING CO.,LTD","A Part of Lot A11, Hoa Hiep 1 industrial zone, Hoa Hiep Bac ward, Dong Hoa town, Phu Yen province",Dong Hoa,,Phu Yen province,Vietnam,third-country,FFP,PP,,,PP - Processing Plant,11/10/2022,
DL 646,THANH THAI FOOD COMPANY LIMITED,"Quang Trung Industrial Complex, Quy Nhon Nam Ward, Gia Lai Province",Quy Nhon Nam,,Gia Lai Province,Vietnam,third-country,FFP,PP,,,PP - Processing Plant,25/02/2026,
TS 874,THE KHANH LIMITED LIABILITY COMPANY,"GROUP 4, AN PHUOC HAMLET, BINH AN WARD, AN GIANG PROVINCE, Viet Nam",Binh An,,An Giang province,Vietnam,third-country,FFP,PP,,,PP - Processing Plant,26/02/2026,
DL 573,"THE LIGHT FACTORY – HOANG HAI CO., LTD","79 Nguyen Tat Thanh street, Phuoc Loi hamlet, Nam Nha Trang ward, Khanh Hoa Province",Nam Nha Trang,,Khanh Hoa province,Vietnam,third-country,FFP,PP,,,PP - Processing Plant,25/02/2026,
TS 1080,THONG THUAN SA DEC FACTORY,"Lot III-5, Zone C, Sa Dec Industrial zone, Sa Dec ward, Dong Thap province, Vietnam",Dong Thap Province,081000,Dong Thap Province,Vietnam,third-country,FFP,PP,,,PP - Processing Plant,27/04/2026,
DL 1101,THUAN PHAT T&P COMPANY LIMITED,"Lot A13, Part of lot A11, Hoa Hiep industrial park, Hoa Hiep ward, Dak Lak province, Viet Nam",Hoa Hiep,,Dak Lak province,Vietnam,third-country,FFP,PP,,,PP - Processing Plant,25/02/2026,
DL 421,THUAN PHUOC SEAFOODS AND TRADING CORPORATION,"No. 02 Bui Quoc Hung Street, Da Nang Seafoods Industrial Processing Zone, Son Tra Ward, Da Nang City, Viet Nam",Danang,,Đà Nẵng,Vietnam,third-country,FFP,PP,,,PP - Processing Plant,27/08/2026,
TS 1304,TIEN GIANG FOOD & AGRICULTURAL PRODUCTS COMPANY (TIGIFACO),"Binh Hamlet, An Huu Commune, Dong Thap Province, Vietnam",Dong Thap Province,081000,Dong Thap Province,Vietnam,third-country,FFP,PP,,,PP - Processing Plant,02/02/2026,
DH 836,"TRINITY VIETNAM CO., LTD. - SECTION II (TRIVN-S II)","Tan My Chanh Industrial and Handicraft Park, My Phong Ward, Dong Thap Province, Vietnam",Dong Thap Province,081000,Dong Thap Province,Vietnam,third-country,FFP,PP,,,PP - Processing Plant,20/01/2026,
DL 741,"TRUONG PHUC SEAFOOD CO., LTD","Canh Dien Hamlet, Ganh Hao Commune, Ca Mau Province, Vietnam",Cà Mau,970000,Ca Mau province,Vietnam,third-country,FFP,PP,,,PP - Processing Plant,27/04/2026,
DL 463,TUNG KONG SEAFOOD ICE COMPANY LIMITED,"Nguyen Ai Quoc street, Nhon Trach III Industrial zone, Nhon Trach commune, Dong Nai province, Vietnam",Nhon Trach,,Dong Nai province,Vietnam,third-country,FFP,PP,,,PP - Processing Plant,02/02/2026,
DL 401,Tac Van Frozen Seafood Processing Export Company - Tacvan Seafoods Co.,"180A, Cay Tram A Hamlet, Tan Thanh Ward , Ca Mau Province, Vietnam",Cà Mau,970000,Ca Mau province,Vietnam,third-country,FFP,PP,,,PP - Processing Plant,15/01/2026,
DL 521,Taccau Seaproducts Joint Stock Company (KICOIMEX),"Tac Cau Fishing Port Area, Minh Phong Hamlet, Binh An Commune, An Giang Province, Vietnam",Binh An,,An Giang province,Vietnam,third-country,FFP,PP,,,PP - Processing Plant,25/02/2026,
TS 1315,Tai Kim Anh Seafood Joint Stock Corporation – Ngoc Thuc Fisheries Enterprise Branch (Ngoc Thuc Fisheries),"Lot O, An Hiep Industrial Zone, An Ninh commune, Can Tho city",Can Tho City,270000,Can Tho City,Vietnam,third-country,FFP,PP,,,PP - Processing Plant,17/04/2026,
DL 184,"Tan Khoi Seafood Company Limited (TAN KHOI SEAFOOD CO.,LTD)","Hamlet 2, Gia Rai Ward, Ca Mau Province, Vietnam",Cà Mau,970000,Ca Mau province,Vietnam,third-country,FFP,PP,,,PP - Processing Plant,15/01/2026,
TS 754,Tan Phat Foods Corporation (Edison Foods),"Hamlet 10, Luong Hoa Commune, Tay Ninh Province, Vietnam",Tây Ninh,,Tay Ninh province,Vietnam,third-country,FFP,PP,,,PP - Processing Plant,19/01/2026,
DL 684,Tan Thanh One Member Seafood Import And Export Limited Company - Phu Tan Branch,"Cai Doi Vam Commune, Ca Mau Province, Viet Nam",Cà Mau,970000,Ca Mau province,Vietnam,third-country,FFP,PP,,,PP - Processing Plant,19/01/2026,
DL 1006,Thai Minh Long Seafood Company Limited (Factory II) – TML SEAFOOD (FACTORY II),"Hamlet 5A, Gia Rai Ward, Ca Mau Province, Viet Nam",Cà Mau,970000,Ca Mau province,Vietnam,third-country,FFP,PP,,,PP - Processing Plant,15/01/2026,
DL 537,"Thaibinh Shellfish Company Limited (TBSF CO., LTD)","Cua Lan Industrial Clusters, Nam Cuong Commune, Hung Yen Province, Viet Nam",Hưng Yên,,Hung Yen Province,Vietnam,third-country,FFP,PP,,,PP - Processing Plant,15/01/2026,
NM 139,"Thanh Ha Fish Sauce Co., Ltd.","11/18 Nguyen Hue Street, Quarter 11, Phu Quoc Special Zone, An Giang Province, Viet Nam",Phu Quoc,925000,An Giang province,Vietnam,third-country,FFP,PP,,,PP - Processing Plant,04/05/2026,
DL 687,"Thanh Hao Seafood Co., Ltd (THC)","LOC AN SEAFOOD INDUSTRIAL ZONE, AN HAI HAMLET, PHUOC HAI COMMUNE, HO CHI MINH CITY, Vietnam",Ho Chi Minh City,000084,Ho Chi Minh City,Vietnam,third-country,FFP,PP,,,PP - Processing Plant,19/01/2026,
DL 47,Thanh Hoa Fishery Import-export Joint Stock Company (Hasuvimex),"Section E, Le Mon Industrial Zone, Quang Phu Ward, Thanh Hoa province, Vietnam",Thanh Hóa,,Thanh Hoa province,Vietnam,third-country,FFP,PP,,,PP - Processing Plant,25/03/2026,
NM 867,"Thanh Quoc Fish Sauce Producing and Trading Co., Ltd.","No.36 Phan Dinh Phung Street, Quarter 1, Phu Quoc Special Zone, An Giang Province, Vietnam",Phu Quoc,925000,An Giang province,Vietnam,third-country,FFP,PP,,,PP - Processing Plant,04/05/2026,
NM 540,"Thanh Thuy Co., Ltd","No 6, Road No 10, Vietnam - Singapore industrial zone, An Phu ward, Ho Chi Minh city, Vietnam",Ho Chi Minh City,000084,Ho Chi Minh City,Vietnam,third-country,FFP,PP,,,PP - Processing Plant,19/01/2026,
DH 755,The Branch of Kien Giang Trading Joint Stock Company - KTC Canned Foodstuff Manufactory (KTCFOOD),"Tac Cau Fishing Port, Minh Phong Hamlet, Binh An Commune, An Giang Province, Vietnam",Binh An,,An Giang province,Vietnam,third-country,FFP,PP,,,PP - Processing Plant,25/02/2026,
NM 545,"Thien Hong Forwarding - Trading-Service Co., Ltd. (Thien Hong Co., Ltd)","No.2, Phu Hai planning area of processing fish sauce, Phu Thuy Ward, Lam Dong Province, Vietnam",Phú Thủy,,Lam Dong Province,Vietnam,third-country,FFP,PP,,,PP - Processing Plant,26/02/2026,
DL 502,Thien Phu Export Seafood Processing Company Limited (Thien Phu Seafood),"No. 199 Xom Moi Hamlet, Phong Thanh Commune, Ca Mau Province,Vietnam",Cà Mau,970000,Ca Mau province,Vietnam,third-country,FFP,PP,,,PP - Processing Plant,15/01/2026,
DL 190,Tho Quang Seafood Processing And Export Company,"01 Bui Quoc Hung Street, Son Tra Ward, Da Nang City, Vietnam",Danang,,Đà Nẵng,Vietnam,third-country,FFP,PP,,,PP - Processing Plant,15/01/2026,
DL 153,Thong Thuan Cam Ranh Seafood Joint Stock Company - Factory 1,"Lot A1, A11, A12, A13, A14 Suoi Dau Industrial zone, Cam Lam commune, Khanh Hoa Province, Viet Nam",Cam Lam,,Khanh Hoa province,Vietnam,third-country,FFP,PP,,,PP - Processing Plant,28/05/2026,
DL 373,Thong Thuan Cam Ranh Seafood Joint Stock Company - Factory 2,"LOT A1, A11, A12, A13, A14 SUOI DAU INDUSTRIAL ZONE, CAM LAM COMMUNE, KHANH HOA PROVINCE, VIETNAM",Cam Lam,,Khanh Hoa province,Vietnam,third-country,FFP,PP,,,PP - Processing Plant,28/01/2026,
TS 1111,Thong Thuan Company Limited Ninh Thuan Branch,"Lot C2, Thanh Hai Industrial Zone, Bao An Ward, Khanh Hoa Province",Bao An,,Khanh Hoa province,Vietnam,third-country,FFP,PP,,,PP - Processing Plant,26/02/2026,
DL 560,Thong Thuan Company Limited Ninh Thuan branch - Shrimp Processing Factory No. 2,"Thanh Hai Industrial Zone, Bao An ward, Khanh Hoa province, Viet Nam",Bao An,,Khanh Hoa province,Vietnam,third-country,FFP,PP,,,PP - Processing Plant,25/02/2026,
DL 942,"Thong Thuan Tra Vinh Seafood Joint Stock Company (Thong Thuan Seafood.,JSC)","Cluster 30/4, Truong Long Hoa Ward, Vinh Long Province",Vĩnh Long,930000,Vinh Long province,Vietnam,third-country,FFP,PP,,,PP - Processing Plant,19/01/2026,
DL 960,Thuan Nhan Phat trading limited liability company,"Tam Quang fishing port, An Hai Dong village, Nui Thanh Commune, Da Nang city",Danang,,Đà Nẵng,Vietnam,third-country,FFP,PP,,,PP - Processing Plant,19/01/2026,
DL 937,"Thuan Phat Bac Lieu Seafood One Member Company Limited (Thuan Phat BL Co., Ltd)","888 Khuc Treo A Hamlet, Phong Thanh Commune, Ca Mau Province, Viet Nam",Cà Mau,970000,Ca Mau province,Vietnam,third-country,FFP,PP,,,PP - Processing Plant,19/01/2026,
DL 561,Tien Trien Company Limited,"Lot 4, Hon Chong hamlet, Kien Luong Commune, An Giang province, Viet Nam.",Kien Luong,,An Giang province,Vietnam,third-country,FFP,PP,,,PP - Processing Plant,25/02/2026,
DL 862,Tin An Seafood Factory (SAFEFIRST),"Lot N, An Nghiep Industrial Zone, An Ninh Commune, Can Tho City, Vietnam",Can Tho City,270000,Can Tho City,Vietnam,third-country,FFP,PP,,,PP - Processing Plant,20/01/2026,
DL 683,"Tin Nguyen Thanh One Member Co.,Ltd","GROUP 2, AN PHUOC HAMLET, BINH AN COMMUNE, AN GIANG PROVINCE, VIETNAM",Binh An,,An Giang province,Vietnam,third-country,FFP,PP,,,PP - Processing Plant,25/02/2026,
DH 546,"Tin Thinh Co., Ltd","Lot F1, Suoi Dau industrial zone, Suoi Tan commune, Cam Lam district, Khanh Hoa province",Cam Lam,,Khanh Hoa province,Vietnam,third-country,FFP,PP,,,PP - Processing Plant,02/06/2025,
DL 385,"Tin Thinh Co., Ltd","Lot F1, Suoi Dau Industrial Zone, Cam Lam commune, Khanh Hoa Province",Cam Lam,,Khanh Hoa province,Vietnam,third-country,FFP,PP,,,PP - Processing Plant,27/04/2026,
DL 1034,"Tinh Thuy Ty Seafood Company Limited (Tinh Thuy Ty Seafood Co., LTD)","Hamlet 14, Vinh My Commune, Ca Mau Province, Vietnam",Cà Mau,970000,Ca Mau province,Vietnam,third-country,FFP,PP,,,PP - Processing Plant,15/01/2026,
KL 1300,Toan Phat Irradiation Company Limited,"Lot A24-1, Ngang 1 Street, Phu An Thanh Industrial Park, Ben Luc Commune, Tay Ninh Province, Viet Nam",Tây Ninh,,Tay Ninh province,Vietnam,third-country,FFP,CS,,,CS - Cold Stores,02/02/2026,
KL 1299,Toan Phat Logistics Joint Stock Company,"Lot A24-2, Ngang 1 Street, Phu An Thanh Industrial Park, Ben Luc Commune, Tay Ninh Province, Viet Nam",Tây Ninh,,Tay Ninh province,Vietnam,third-country,FFP,CS,,,CS - Cold Stores,02/02/2026,
TS 1284,Ton Phuc Nhien Company Limited (TPN Company Ltd),"Lot 16, Street No.1, Tan Tao IP, Tan Tao ward, Ho Chi Minh city",Ho Chi Minh City,000084,Ho Chi Minh City,Vietnam,third-country,FFP,PP,,,PP - Processing Plant,18/09/2025,
DL 381,Trang Corporation - Trang Corp,"Lot A14b, Hiep Phuoc industrial park, Hiep Phuoc commune , Ho Chi Minh city, Vietnam",Ho Chi Minh City,000084,Ho Chi Minh City,Vietnam,third-country,FFP,PP,,,PP - Processing Plant,15/01/2026,
DL 343,Trang Khanh Trading Company Limited (TRANG KHANH SEAFOOD Co. Ltd),"No.99, Lo Ren Street, Vinh Trach Ward, Ca Mau Province",Cà Mau,970000,Ca Mau province,Vietnam,third-country,FFP,PP,,,PP - Processing Plant,15/01/2026,
DL 626,"Trang Thuy seafood Co.,Ltd","Lot A12, An Phu Industrial Zone, Binh Kien Ward, Dak Lak Province, Viet Nam",Bihn Kien,,Dak Lak province,Vietnam,third-country,FFP,PP,,,PP - Processing Plant,25/02/2026,
TS 820,"Transimex Hi Tech Park Logistics Co., Ltd (Transimex SHTP Logistics)","Lot BT, Road D2, Ho Chi Minh City Hi-Tech Park, Tang Nhon Phu Ward, Ho Chi Minh City",Ho Chi Minh City,000084,Ho Chi Minh City,Vietnam,third-country,FFP,CS,,,CS - Cold Stores,18/09/2025,
DL 870,"Tri Danh Kien Giang Limited Company member (TRI DANH K G CO., LTD)","1184, Hoa Thanh hamlet, Chau Thanh commune, An Giang province, Viet Nam.",Châu Thành,950000,An Giang province,Vietnam,third-country,FFP,PP,,,PP - Processing Plant,25/02/2026,
DH 459,"Trinity Viet Nam Co., Ltd.-Section I (TRIVN-S I)","Tan My Chanh Industrial and Handicraft Park, My Phong Ward, Dong Thap Province, Vietnam",Dong Thap Province,081000,Dong Thap Province,Vietnam,third-country,FFP,PP,,,PP - Processing Plant,27/04/2026,
DL 54,Trong Nhan Seafood,"No. 31, Nguyen Thi Bay Street, Long An Ward, Tay Ninh Province, Vietnam",Tây Ninh,,Tay Ninh province,Vietnam,third-country,FFP,PP,,,PP - Processing Plant,19/01/2026,
TS 1306,Truc Giang Seafood One Member Limited Liability Company (Truc Giang Seafood),"Lot CX-1, An Hiep industrial park, Phu Tuc commune, Vinh Long province, Vietnam",Vĩnh Long,,Vinh Long province,Vietnam,third-country,FFP,PP,,,PP - Processing Plant,04/02/2026,
DL 167,Trung Son Corp.,"Lot 2-4 Song Hanh street, Tan Tao IP, Tan Tao Ward, Ho Chi Minh City, Vietnam",Ho Chi Minh City,000084,Ho Chi Minh City,Vietnam,third-country,FFP,PP,,,PP - Processing Plant,15/01/2026,
DL 494,Trung Son Hung Yen Foodstuff Corporation - TRUNG SON CORP.,"Hanh Lac Hamlet, Nhu Quynh Commune, Hung Yen Province, Viet Nam",Hưng Yên,,Hung Yen Province,Vietnam,third-country,FFP,PP,,,PP - Processing Plant,15/01/2026,
TS 439,Trung Son Limited Liability Company - Seafood Processing Factory (Trung Son LLC),"35 PHUOC THANG STREET, PHUOC THANG WARD, HO CHI MINH CITY, Vietnam",Ho Chi Minh City,000084,Ho Chi Minh City,Vietnam,third-country,FFP,PP,,,PP - Processing Plant,19/01/2026,
DL 853,"Trung Son Long An Co., Ltd","Lot MH5+6, Road No. 1, Duc Hoa 1 Industrial park, Hamlet 5, My Hanh Commune, Tay Ninh Province, Vietnam.",Tây Ninh,,Tay Ninh province,Vietnam,third-country,FFP,PP,,,PP - Processing Plant,20/01/2026,
DL 555,Trung Son Seafood Processing Joint Stock Company (Trung Son Seafood Processing JSC),"BAI OT HAMLET, TO CHAU WARD, AN GIANG PROVINCE, VIET NAM",To Chau,906000,An Giang province,Vietnam,third-country,FFP,PP,,,PP - Processing Plant,04/05/2026,
DL 1003,Trung Vy Phat Limited Company,"Area 3, Highway 63, An Phuoc hamlet, Binh An commune, An Giang province, Viet Nam.",Binh An,,An Giang province,Vietnam,third-country,FFP,PP,,,PP - Processing Plant,25/02/2026,
TS 553,Truong Long Seafood Processing Joint Stock Company,"Hamlet 1 Giong Sam ( land lot No.68, map No.5), Binh Dai Commune, Vinh Long Province, Vietnam",Vĩnh Long,930000,Vinh Long province,Vietnam,third-country,FFP,PP,,,PP - Processing Plant,19/01/2026,
TS 245,"Tuna Vietnam Co., Ltd","Lot A4 – A8, Suoi Dau Industrial Zone, Cam Lam Commune, Khanh Hoa Province, Vietnam",Cam Lam,,Khanh Hoa province,Vietnam,third-country,FFP,PP,,,PP - Processing Plant,27/04/2026,
DL 964,"UY TIEN SEAFOODS CO.,LTD","Phuoc Ha Village, Nam Nha Trang Ward, Khanh Hoa Province",Nam Nha Trang,,Khanh Hoa province,Vietnam,third-country,FFP,PP,,,PP - Processing Plant,25/02/2026,
DL 967,V FINANCIAL AND INVESTMENT MTV LIMITED COMPANY,"Quang Phu Industrial Zone, Nghia Lo Ward, Quang Ngai Province",Quang Ngai,,Quang Ngai,Vietnam,third-country,FFP,PP,,,PP - Processing Plant,19/01/2026,
DL 717,VANY Corporation (VANYCO),"Binh Thanh Industrial Zone, Binh Thanh Commune, Dong Thap Province, Vietnam",Dong Thap Province,081000,Dong Thap Province,Vietnam,third-country,FFP,PP,,,PP - Processing Plant,25/03/2026,
DL 1108,"VIET SEA VN CO., LTD","Khanh Thanh Bac Village, Suoi Dau Commune, Khanh Hoa Province, Vietnam.",Suoi Dau,,Khanh Hoa province,Vietnam,third-country,FFP,PP,,,PP - Processing Plant,03/08/2026,
TS 93,"VIET TRUONG CO., LTD - PLANT 02","Ngoc Hai fishing port, Do Son ward, Hai Phong city, Viet Nam",Haiphong,400000,Haiphong,Vietnam,third-country,FFP,PP,,,PP - Processing Plant,15/01/2026,
DL 580,"VIET TRUONG CO., LTD-PLANT 01","Ngoc Hai fishing port, Do Son ward, Hai Phong city, Viet Nam",Haiphong,400000,Haiphong,Vietnam,third-country,FFP,PP,,,PP - Processing Plant,19/01/2026,
TS 1050,VIET UC SEAFOOD PROCESSING COMPANY LIMITED,"Giong Nhan Hamlet, Hiep Thanh Ward, Ca Mau Province",Cà Mau,970000,Ca Mau province,Vietnam,third-country,FFP,PP,,,PP - Processing Plant,15/01/2026,
TS 1091,"VIETPHAT FS CO.,LTD","Tay Hoa hamlet, Kim Son Commune, Dong thap Province, Vietnam",Dong Thap Province,081000,Dong Thap Province,Vietnam,third-country,FFP,PP,,,PP - Processing Plant,19/01/2026,
TS 1289,VINH PHU SEAFOOD IMPORT EXPORT JOINT STOCK COMPANY,"Tac Cau Fishing Port Area, Group 9, Minh Phong Hamlet, Binh An Commune, An Giang Province.",Binh An,,An Giang province,Vietnam,third-country,FFP,PP,,,PP - Processing Plant,24/02/2026,
TS 1059,VIVA CACA Joint Stoct Company,"Lot H.07, Street No. 2, Long Hau Industrial Zone, Hamlet 3, Can Giuoc Commune, Tay Ninh Province, Vietnam",Tây Ninh,082120,Tay Ninh province,Vietnam,third-country,FFP,PP,,,PP - Processing Plant,27/08/2026,
TS 840,VS Food Joint Stock Company (VSF),"Lot C1, Street 3, Street 6, Tan Do Industrial Park, Duc Hoa Hamlet, Tay Ninh Province, Vietnam",Tây Ninh,,Tay Ninh province,Vietnam,third-country,FFP,PP,,,PP - Processing Plant,20/01/2026,
DL 355,Van Duc Food Company Limited,"Lot C27/II, Street 2F, Vinh Loc industrial zone, Vinh Loc Commune, Ho Chi Minh city, Vietnam, Vietnam",Ho Chi Minh City,000084,Ho Chi Minh City,Vietnam,third-country,FFP,PP,,,PP - Processing Plant,15/01/2026,
DL 511,Van Duc Tien Giang Food Export Company,"Dong Hoa Hamlet, Kim Son Commune, Dong Thap Province, Vietnam.",Dong Thap Province,081000,Dong Thap Province,Vietnam,third-country,FFP,PP,,,PP - Processing Plant,28/01/2026,
TS 822,Van Duc Tien Giang Food Export Company,"Dong Hoa Hamlet, Kim Son Commune, Dong Thap Province, Vietnam.",Dong Thap Province,081000,Dong Thap Province,Vietnam,third-country,FFP,PP,,,PP - Processing Plant,15/01/2026,
DL 181,Van Phat Workshop - Van Duc Tien Giang Food Export Company,"Dong Hoa Hamlet, Kim Son Commune, Dong Thap Province, Vietnam",Dong Thap Province,081000,Dong Thap Province,Vietnam,third-country,FFP,PP,,,PP - Processing Plant,15/01/2026,
DL 784,Van Tai Workshop - Van Duc Tien Giang Food Export Company,"Dong Hoa Hamlet, Kim Son Commune, Dong Thap Province, Vietnam.",Dong Thap Province,081000,Dong Thap Province,Vietnam,third-country,FFP,PP,,,PP - Processing Plant,20/01/2026,
DL 749,"ViNa Pride Seafoods Co., Ltd","Lot Q-2A, Center Street, Long Hau Extended Industrial Park, Can Giuoc Commune, Tay Ninh Province, Vietnam",Tây Ninh,,Tay Ninh province,Vietnam,third-country,FFP,PP,,,PP - Processing Plant,17/04/2026,
DL 345,"Viet Foods Co., Ltd (VF)","Lot 14, Tra Noc 1 Industrial Park, Thoi An Dong Ward, Can Tho City, Viet Nam",Can Tho City,950000,Can Tho City,Vietnam,third-country,FFP,PP,,,PP - Processing Plant,15/01/2026,
DL 349,"Viet I-Mei Frozen Foods Co., Ltd","No.281, National Road 1A, Nhan Dan B Hamlet, Phong Thanh Village, Ca Mau Province, Viet Nam",Cà Mau,970000,Ca Mau province,Vietnam,third-country,FFP,PP,,,PP - Processing Plant,15/01/2026,
DL 166,Viet Long kien Giang Limited Company (VIETLONGKG),"Group 1, Ba Hon Hamlet, Kien Luong Commune, An Giang Province, Viet Nam",Kien Luong,,An Giang province,Vietnam,third-country,FFP,PP,,,PP - Processing Plant,17/04/2026,
DL 568,"Viet Nam Clam Import Export Company Limited (VINAM CLAM Co., Ltd)","Quang Thinh Hamlet, Nam Cuong Commune, Hung Yen Province, Viet Nam",Nam Cuong,,Hung Yen Province,Vietnam,third-country,FFP,PP,,,PP - Processing Plant,25/02/2026,
DL 707,Viet Nam Clean Seafood Corporation (VINA CLEANFOOD),"Block F, An Nghiep Indutrial Zone, An Ninh Commune, Can Tho City - Vienam",Can Tho City,950000,Can Tho City,Vietnam,third-country,FFP,PP,,,PP - Processing Plant,15/01/2026,
DL 675,"Viet Nam Fish Limited Liability Company (VIETNAMFISH CO., LTD)","Thot Not Industrial Zone, Thot Not Ward, Can Tho City, Viet Nam",Can Tho City,950000,Can Tho City,Vietnam,third-country,FFP,PP,,,PP - Processing Plant,19/01/2026,
DL 429,"Viet Nam Rich Beauty Food Company Limited (RB Co., LTD.)","Tan Son fish harbour, Quang Lang Doai Village, Thuy Hai Commune, Thai Thuy District, Thai Binh province",Thai Thuy,,Thai Binh province,Vietnam,third-country,FFP,PP,,,PP - Processing Plant,04/01/2023,
DL 411,Viet Shrimp Corporation,"No.99, Kim Cau Hamlet, Vinh Trach Ward, Ca Mau Province, Viet Nam.",Cà Mau,970000,Ca Mau province,Vietnam,third-country,FFP,PP,,,PP - Processing Plant,15/01/2026,
TS 861,"VietNam Food Hau Giang Joint Stock Company (VNF HAU GIANG JSC.,)","Song Hau Industrial Zone, Chau Thanh Ward, Can Tho City, Viet Nam",Can Tho City,950000,Can Tho City,Vietnam,third-country,FFP,PP,,,PP - Processing Plant,15/01/2026,
TS 936,Vietnam Food Joint Stock Company (Vietnam Food JSC),"Hoa Trung Industrial Zone, Hoa Trung Hamlet, Luong The Tran Commune, Ca Mau Province, Vietnam",Cà Mau,970000,Ca Mau province,Vietnam,third-country,FFP,PP,,,PP - Processing Plant,15/01/2026,
TS 1319,"Vietnam Golden Shrimp Co., Ltd","Canh Dien hamlet, Ganh Hao commune, Ca Mau province, Vietnam",Cà Mau,970000,Ca Mau province,Vietnam,third-country,FFP,PP,,,PP - Processing Plant,27/08/2026,
DL 186,"Vietnam fish one Co., Ltd","Km 2087+500, National Road 1A, Thanh Hoa Ward, Can Tho City, Vietnam",Can Tho City,950000,Can Tho City,Vietnam,third-country,FFP,PP,,,PP - Processing Plant,15/01/2026,
DL 133,Vifoods Co. Ltd. - Vifood,"Road No 7, Dong Xuyen Industrial Zone, Rach Dua Ward, Ho Chi Minh city, Vietnam",Ho Chi Minh City,000084,Ho Chi Minh City,Vietnam,third-country,FFP,PP,,,PP - Processing Plant,15/01/2026,
DL 1026,"Vina Pride Seafoods Co., Ltd - Workshop 2","Lot Q-2A, street no.8, Long Hau extended Industrial Park, Can Giuoc commune, Tay Ninh Province, Vietnam",Tây Ninh,,Tay Ninh province,Vietnam,third-country,FFP,PP,,,PP - Processing Plant,15/01/2026,
TS 803,Vinh Hoan Collagen,"No.1647, National Road 30, My Ngai Ward, Dong Thap Province, Vietnam",Dong Thap Province,081000,Dong Thap Province,Vietnam,third-country,FFP,PP,,,PP - Processing Plant,15/01/2026,
DL 147,Vinh Hoan Corporation (Vinh Hoan Corp.),"1645, National Road 30, My Ngai Ward, Dong Thap Province, Vietnam.",Dong Thap Province,081000,Dong Thap Province,Vietnam,third-country,FFP,PP,,,PP - Processing Plant,15/01/2026,
DL 176,"Vinh Loc food processing & trading company limited - Vilfood Co., Ltd","Lot C38/I - C39/I Road 7 Vinh Loc IZ, Vinh Loc commune, Ho Chi Minh City, Vietnam",HO CHI MINH,820000,Ho Chi Minh City,Vietnam,third-country,FFP,PP,,,PP - Processing Plant,15/01/2026,
DL 26,"Vinh Phuoc Food Company Limited (VP Food.,ltd)","Tan Phu hamlet, Phu Huu commune, Dong Thap Province, Vietnam",Dong Thap Province,081000,Dong Thap Province,Vietnam,third-country,FFP,PP,,,PP - Processing Plant,15/01/2026,
TS 1285,Vinh Quang Fisheries Corp - Value - Added Products Processing Factory - My Tho Branch,"Lot 37-40, My Tho industrial park, Trung An ward, Dong Thap province",Dong Thap Province,081000,Dong Thap Province,Vietnam,third-country,FFP,PP,,,PP - Processing Plant,02/12/2025,
DL 405,Vinh Quang Fisheries Corp.- VQFC,"Lot 37-40, Mỹ Tho Industrial Park, Trung An Ward, Dong Thap Province, Vietnam",Trung An,,Dong Thap Province,Vietnam,third-country,FFP,PP,,,PP - Processing Plant,25/02/2026,
DL 326,Workshop 1 - CuuLong Seaproducts Company (CUULONG SEAPRO),"36 Bach Dang street, Long Duc ward, Vinh Long Province, Viet Nam.",Vĩnh Long,930000,Vinh Long province,Vietnam,third-country,FFP,PP,,,PP - Processing Plant,15/01/2026,
DL 31,"Workshop 2, Cuu Long Seaproducts Company - Workshop 2, Cuu Long Seapro","36 Bach Dang street, Long Duc ward, Vinh Long Province, Viet Nam.",Vĩnh Long,930000,Vinh Long province,Vietnam,third-country,FFP,PP,,,PP - Processing Plant,27/02/2026,
DL 500,Workshop 3 - Vinh Hoan Corp.,"1643, National Road 30, My Ngai Ward, Dong Thap Province, Vietnam",Dong Thap Province,081000,Dong Thap Province,Vietnam,third-country,FFP,PP,,,PP - Processing Plant,15/01/2026,
DL 68,Workshop I And Workshop Value - Ha Noi - Can Tho Seafood Joint Stock Company (HACASEAFOOD),"LOT 2.17, TRA NOC INDUSTRIAL PARK 2, PHUOC THOI WARD, CAN THO CITY, Viet Nam",Can Tho City,950000,Can Tho City,Vietnam,third-country,FFP,PP,,,PP - Processing Plant,19/01/2026,
DL 374,Workshop I Seaprodex Minh Hai,"23/8 Street, Bac Lieu Ward, Ca Mau Province, Vietnam",Cà Mau,970000,Ca Mau province,Vietnam,third-country,FFP,PP,,,PP - Processing Plant,15/01/2026,
DL 230,"Workshop I, Namcan Seaproducts Import and Export Joint Stock Company - Seanamico","Hamlet 3, Dat Moi Commune, Ca Mau Province, Vietnam",Cà Mau,970000,Ca Mau province,Vietnam,third-country,FFP,PP,,,PP - Processing Plant,15/01/2026,
DL 462,Workshop II - Ha Noi - Can Tho Seafood Joint Stock Company (HACASEAFOOD),"MAIN ROAD, TRA NOC INDUSTRIAL PARK 2, PHUOC THOI WARD, CAN THO CITY, Viet Nam.",Can Tho City,950000,Can Tho City,Vietnam,third-country,FFP,PP,,,PP - Processing Plant,15/01/2026,
DL 61,Workshop II – Vinh Hoan Corporation,"1645A, National Road 30, My Ngai Ward, Dong Thap Province, Vietnam",Dong Thap Province,081000,Dong Thap Province,Vietnam,third-country,FFP,PP,,,PP - Processing Plant,04/02/2026,
DL 356,"Workshop No 3, Hai Nam Co., Ltd","Lot 16B, Phan Thiet fishing port, Phan Thiet ward, Lam Dong province, Vietnam",Phan Thiet,,Lam Dong Province,Vietnam,third-country,FFP,PP,,,PP - Processing Plant,25/02/2026,
HK 238,"Workshop No. 2, Hainam Co., Ltd.","27 Nguyen Thong Street, Phu Thuy Ward, Lam Dong Province, Vietnam",Phú Thủy,,Lam Dong Province,Vietnam,third-country,FFP,PP,,,PP - Processing Plant,26/02/2026,
TS 1072,Workshop Vinh An - Vinh Phuoc Food Company Limited,"Tan Phu hamlet, Phu Huu commune, Dong Thap Province, Vietnam",Dong Thap Province,081000,Dong Thap Province,Vietnam,third-country,FFP,PP,,,PP - Processing Plant,15/01/2026,
TS 1129,XUAN SON PROCESSING FACTORY - BRANCH OF XUAN SON FOODS IMPORT-EXPORT COMPANY LIMITED,"Lot L5, Quang Phu Industrial Park, Nghia Lo Ward, Quang Ngai province, Vietnam",Quang Ngai,,Quang Ngai,Vietnam,third-country,FFP,PP,,,PP - Processing Plant,19/01/2026,
TS 165,Yueh Chyang Canned Food Company Limited,"HAMLET 1, BINH DUC COMMUNE, TAY NINH PROVINCE, Vietnam",Tây Ninh,082120,Tay Ninh province,Vietnam,third-country,FFP,PP,,,PP - Processing Plant,19/01/2026,
NM 865,Zone C - Hong Duc I Private Enterprise,"No 94, Tran Binh Trong Street, quarter 4, Phu Quoc Special Zone, An Giang Province, Viet Nam",Phu Quoc,925000,An Giang province,Vietnam,third-country,FFP,PP,,,PP - Processing Plant,04/05/2026,
