a_key,a_source,a_name,a_address,a_id,b_key,b_source,b_name,b_address,b_id,country,name_score,metres_apart,reason,decision
us_fsis_mpi:I143,us_fsis_mpi,Americold Logistics LLC,"1301  26th Ave East, Tacoma, WA",I143,us_fsis_mpi:V44194,us_fsis_mpi,"Americold, LLC","1301 26th Avenue E, Tacoma, WA",V44194,USA,0.5,,same postcode and street number,
us_fsis_mpi:I16,us_fsis_mpi,Americold Logistics,"1610 Sepulveda Boulevard, Carson, CA",I16,us_fsis_mpi:V21899,us_fsis_mpi,Americold,"1610 East Sepulveda Blvd, Carson, CA",V21899,USA,0.5,,same postcode and street number,
us_fsis_mpi:I196,us_fsis_mpi,Maersk Logistics & Services USA Inc.,"733 Autonomous Drive, Ridgeville, SC",I196,us_fsis_mpi:V1878,us_fsis_mpi,Maersk Warehousing & Distribution Services USA LLC,"733 Autonomous Drive, Ridgeville, SC",V1878,USA,0.5,,same postcode and street number,
us_fsis_mpi:I255,us_fsis_mpi,"Pacific Transload Systems DBA Pacific Coast Container, Inc.","1300 Maritime Street, Oakland, CA",I255,us_fsis_mpi:V18811,us_fsis_mpi,Pacific Transload Systems,"1300 Maritime St., Oakland, CA",V18811,USA,0.5,,same postcode and street number,
us_fsis_mpi:I391,us_fsis_mpi,FreezPak Logistics,"8730 Somers Rd S, Jacksonville, FL",I391,us_fsis_mpi:V3125,us_fsis_mpi,"Ray S.F., Inc., DBA, FreezPak Logistics","8730 Somers Rd S, Jacksonville, FL",V3125,USA,0.5,,same postcode and street number,
us_fsis_mpi:I543,us_fsis_mpi,"G&C Food Distributors & Brokers, Inc.","3407 Walters Road, Syracuse, NY",I543,us_fsis_mpi:M20485+P20485+I20485+V20485,us_fsis_mpi,"G&C Food Distributors, Inc.","3407 Walters Road, Syracuse, NY",M20485+P20485+I20485+V20485,USA,0.5,,same postcode and street number,
us_fsis_mpi:I58,us_fsis_mpi,Lineage Logistics - Vernon Area #2,"3211 E. 44th Street, Vernon, CA",I58,us_fsis_mpi:V46746,us_fsis_mpi,"Lineage Logistics, LLC","3211 E. 44th Street, Vernon, CA",V46746,USA,0.5,,same postcode and street number,
us_fsis_mpi:I620,us_fsis_mpi,"SR Forwarding, Inc.","40722 Cannel St., Laredo, TX",I620,us_fsis_mpi:V38445,us_fsis_mpi,"S.R. Forwarding, Inc.","40722 Cannel Street, Laredo, TX",V38445,USA,0.5,,same postcode and street number,
us_fsis_mpi:I80,us_fsis_mpi,Lineage Logistics - Vernon Area #8,"2825 E. 44th Street, Vernon, CA",I80,us_fsis_mpi:V46745,us_fsis_mpi,"Lineage Logistics, LLC","2825 E. 44th Street, Vernon, CA",V46745,USA,0.5,,same postcode and street number,
us_fsis_mpi:I85,us_fsis_mpi,"Global Trading Enterprises LLC, DBA Rastelli Global","504 Sharptown Road, Swedesboro, NJ",I85,us_fsis_mpi:M7877B+P7877B+V7877B,us_fsis_mpi,Rastelli Global,"504 Sharptown Road, Swedesboro, NJ",M7877B+P7877B+V7877B,USA,0.4,,same postcode and street number,
us_fsis_mpi:M20758+P20758,us_fsis_mpi,"Truvant, LLC","305 First Street, Boscobel, WI",M20758+P20758,us_fsis_mpi:V20758A,us_fsis_mpi,Truvant Foods NA LLC,"305 Johnson ST, Boscobel, WI",V20758A,USA,0.5,,same postcode and street number,
us_fsis_mpi:M31999+P31999,us_fsis_mpi,Thompson Farms Country Cured Meats,"2538 Dixie Rd, Dixie, GA",M31999+P31999,us_fsis_mpi:M31999A,us_fsis_mpi,Thompson Farms,"2538 Dixie Road, Dixie, GA",M31999A,USA,0.5,,same postcode and street number,
us_fsis_mpi:M8566+P8566,us_fsis_mpi,Hazle Park Packing Co.,"260 Washington Avenue, West Hazleton, PA",M8566+P8566,us_fsis_mpi:V20760A,us_fsis_mpi,Hazle Park Cold Storage Inc.,"260 Washington Avenue Building C, West Hazleton, PA",V20760A,USA,0.5,,same postcode and street number,
us_fsis_mpi:M8721+P8721+V8721,us_fsis_mpi,"International Dehydrated Foods, Inc.","700 S. Chapell Drive P.O. Box 186, Monett, MO",M8721+P8721+V8721,us_fsis_mpi:M8721B+P8721B,us_fsis_mpi,"International Dehydrated Foods, LLC Innovation Center","700 South Chapell Dr. Building 2 Innovation Center, Monett, MO",M8721B+P8721B,USA,0.5,,same postcode and street number,
us_fsis_mpi:P19833+V19833,us_fsis_mpi,Koch Foods of Mississippi LLC,"410 Koch Drive Suite 200, Morton, MS",P19833+V19833,us_fsis_mpi:P34296,us_fsis_mpi,Koch Foods of Mississippi-Morton Prepared,"410 Koch Drive Suite 100, Morton, MS",P34296,USA,0.5,,same postcode and street number,
us_fsis_mpi:G1016,us_fsis_mpi,M.G. Waldbaum Company,"430 Railroad Avenue, Gaylord, MN",G1016,us_fsis_mpi:G1455+V1455,us_fsis_mpi,M.G. Waldbaum Company,"120 Tower Street, Gaylord, MN",G1455+V1455,USA,1.0,815,815 m apart,
us_fsis_mpi:G1016,us_fsis_mpi,M.G. Waldbaum Company,"430 Railroad Avenue, Gaylord, MN",G1016,us_fsis_mpi:G20865+V20865,us_fsis_mpi,M.G. Waldbaum Company,"120 Tower Street, Gaylord, MN",G20865+V20865,USA,1.0,815,815 m apart,
us_fsis_mpi:G1016,us_fsis_mpi,M.G. Waldbaum Company,"430 Railroad Avenue, Gaylord, MN",G1016,us_fsis_mpi:M17634+P17634+V17634,us_fsis_mpi,M.G. Waldbaum Company,"120 Tower Street, Gaylord, MN",M17634+P17634+V17634,USA,1.0,815,815 m apart,
us_fsis_mpi:V46840,us_fsis_mpi,"Seafrigo NA ColdStorage, Inc. dba: AIRFRIGO USA, INC","735 Dowd Ave, Elizabeth, NJ",V46840,us_fsis_mpi:V46840A,us_fsis_mpi,Airfrigo USA Inc/Seafrigo Coldstorage Fairmont,"900 Fairmont Avenue, Elizabeth, NJ",V46840A,USA,0.571,639,639 m apart,
us_fsis_mpi:G420+V420,us_fsis_mpi,M.G. Waldbaum Company,"105 N. Main Street, Wakefield, NE",G420+V420,us_fsis_mpi:G420D+V420D,us_fsis_mpi,M.G. Waldbaum Company,"101A North Oak Street, Wakefield, NE",G420D+V420D,USA,1.0,428,428 m apart,
us_fsis_mpi:I319,us_fsis_mpi,"Ballester Hermanos, Inc.","Ballester Hermanos, Inc. Carr. PR-5 Km. 4.0, Bo. Palmas, Catano, PR",I319,us_fsis_mpi:V46649,us_fsis_mpi,"Ballester Hermanos, Inc.","869 St. 3 Westgate Industrial Park Bo. Palmas, Catano, PR",V46649,USA,1.0,1490,1490 m apart,
us_fsis_mpi:I133,us_fsis_mpi,Port of Palm Cold Storage Inc.,"1800 Martin Luther King Jr. Blvd., Riviera Beach, FL",I133,us_fsis_mpi:V47653,us_fsis_mpi,West Palm Cold Storage LLC,"1968 W 9th Street, Rivera Beach, FL",V47653,USA,0.6,542,542 m apart,
us_fsis_mpi:I39993+V39993A,us_fsis_mpi,Port of Palm Cold Storage,"1800 Dr. Martin Luther King Jr. Blvd., Riviera Beach, FL",I39993+V39993A,us_fsis_mpi:V47653,us_fsis_mpi,West Palm Cold Storage LLC,"1968 W 9th Street, Rivera Beach, FL",V47653,USA,0.6,542,542 m apart,
us_fsis_mpi:V39926,us_fsis_mpi,"Cheney Brothers, Inc.","1 Cheney Way, Riviera Beach, FL",V39926,us_fsis_mpi:V39926A,us_fsis_mpi,"Cheney Brothers, Inc.","2061 Dr. Martin Luther King Jr. Blvd., Riviera Beach, FL",V39926A,USA,1.0,372,372 m apart,
us_fsis_mpi:V39993,us_fsis_mpi,Port of Palm Cold Storage,"1800 MLK Jr. Blvd, Rivera Beach, FL",V39993,us_fsis_mpi:V47653,us_fsis_mpi,West Palm Cold Storage LLC,"1968 W 9th Street, Rivera Beach, FL",V47653,USA,0.6,542,542 m apart,
us_fsis_mpi:I135,us_fsis_mpi,"Derstine's, Inc., EZ3PL","3115 Meetinghouse Road, Telford, PA",I135,us_fsis_mpi:M40441+P40441+V40441W,us_fsis_mpi,Derstine's Inc.,"3245 State Road, Sellersville, PA",M40441+P40441+V40441W,USA,0.5,1157,1157 m apart,
us_fsis_mpi:I143,us_fsis_mpi,Americold Logistics LLC,"1301  26th Ave East, Tacoma, WA",I143,us_fsis_mpi:V44194,us_fsis_mpi,"Americold, LLC","1301 26th Avenue E, Tacoma, WA",V44194,USA,0.5,0,0 m apart,
us_fsis_mpi:I145,us_fsis_mpi,Kukui Meat,"1713 Hau Street, Honolulu, HI",I145,us_fsis_mpi:M12440+P12440,us_fsis_mpi,Kukui Sausage,"813 Bannister Street, Honolulu, HI",M12440+P12440,USA,0.5,757,757 m apart,
us_fsis_mpi:I145,us_fsis_mpi,Kukui Meat,"1713 Hau Street, Honolulu, HI",I145,us_fsis_mpi:M44891+P44891,us_fsis_mpi,Kukui Meat Market,"428 Kalihi Street, Honolulu, HI",M44891+P44891,USA,0.5,22,22 m apart,
us_fsis_mpi:I16,us_fsis_mpi,Americold Logistics,"1610 Sepulveda Boulevard, Carson, CA",I16,us_fsis_mpi:V21899,us_fsis_mpi,Americold,"1610 East Sepulveda Blvd, Carson, CA",V21899,USA,0.5,0,0 m apart,
us_fsis_mpi:I196,us_fsis_mpi,Maersk Logistics & Services USA Inc.,"733 Autonomous Drive, Ridgeville, SC",I196,us_fsis_mpi:V1878,us_fsis_mpi,Maersk Warehousing & Distribution Services USA LLC,"733 Autonomous Drive, Ridgeville, SC",V1878,USA,0.5,0,0 m apart,
us_fsis_mpi:M44058+P44058,us_fsis_mpi,"Cedarlane Natural Foods, LLC","1135 E. Artesia Boulevard, Carson, CA",M44058+P44058,us_fsis_mpi:M45800+P45800,us_fsis_mpi,"Cedarlane Natural Foods, LLC","717 E. Artesia Blvd., Carson, CA",M45800+P45800,USA,1.0,920,920 m apart,
us_fsis_mpi:I207,us_fsis_mpi,"T.C. Trading Company, LLC","1755 Boblett Street, Blaine, WA",I207,us_fsis_mpi:V18073A,us_fsis_mpi,T.C. Trading Company,"1505 Odell Road, Blaine, WA",V18073A,USA,1.0,507,507 m apart,
us_fsis_mpi:M18073+P18073+V18073,us_fsis_mpi,T.C. Trading Company,"1755 Boblett Street, Blaine, WA",M18073+P18073+V18073,us_fsis_mpi:V18073A,us_fsis_mpi,T.C. Trading Company,"1505 Odell Road, Blaine, WA",V18073A,USA,1.0,507,507 m apart,
us_fsis_mpi:M2504+P2504+V2504,us_fsis_mpi,"OSI Industries, LLC","4545 S. Racine Ave., Chicago, IL",M2504+P2504+V2504,us_fsis_mpi:M51237+P51237,us_fsis_mpi,"OSI Industries, LLC","4201 S. Ashland Avenue, Chicago, IL",M51237+P51237,USA,1.0,1194,1194 m apart,
us_fsis_mpi:I255,us_fsis_mpi,"Pacific Transload Systems DBA Pacific Coast Container, Inc.","1300 Maritime Street, Oakland, CA",I255,us_fsis_mpi:V18811,us_fsis_mpi,Pacific Transload Systems,"1300 Maritime St., Oakland, CA",V18811,USA,0.5,0,0 m apart,
us_fsis_mpi:I3072+V3072,us_fsis_mpi,Winchester Cold Storage,"280 Brooke Rd., Winchester, VA",I3072+V3072,us_fsis_mpi:I47517+V47517,us_fsis_mpi,Winchester Cold Storage,"605 North Loudoun Street, Winchester, VA",I47517+V47517,USA,1.0,1338,1338 m apart,
us_fsis_mpi:I3072+V3072,us_fsis_mpi,Winchester Cold Storage,"280 Brooke Rd., Winchester, VA",I3072+V3072,us_fsis_mpi:M47516+P47516+I47516+V47516,us_fsis_mpi,Winchester Cold Storage,"188 Brooke Road Suite 900, Winchester, VA",M47516+P47516+I47516+V47516,USA,1.0,279,279 m apart,
us_fsis_mpi:I47517+V47517,us_fsis_mpi,Winchester Cold Storage,"605 North Loudoun Street, Winchester, VA",I47517+V47517,us_fsis_mpi:M47516+P47516+I47516+V47516,us_fsis_mpi,Winchester Cold Storage,"188 Brooke Road Suite 900, Winchester, VA",M47516+P47516+I47516+V47516,USA,1.0,1059,1059 m apart,
us_fsis_mpi:M4286+P4286+V4286,us_fsis_mpi,Rosina Food Products. Inc.,"75 Industrial Parkway, Cheektowaga, NY",M4286+P4286+V4286,us_fsis_mpi:M4286A+P4286A+V4286A,us_fsis_mpi,"Rosina Food Products, Inc.","75 Empire Drive, West Seneca, NY",M4286A+P4286A+V4286A,USA,1.0,1176,1176 m apart,
us_fsis_mpi:M4286A+P4286A+V4286A,us_fsis_mpi,"Rosina Food Products, Inc.","75 Empire Drive, West Seneca, NY",M4286A+P4286A+V4286A,us_fsis_mpi:M4286B+P4286B+V4286B,us_fsis_mpi,"Rosina Food Products, Inc.","3100 Clinton Street, West Seneca, NY",M4286B+P4286B+V4286B,USA,1.0,532,532 m apart,
us_fsis_mpi:M4286A+P4286A+V4286A,us_fsis_mpi,"Rosina Food Products, Inc.","75 Empire Drive, West Seneca, NY",M4286A+P4286A+V4286A,us_fsis_mpi:M4286C+P4286C+V4286C,us_fsis_mpi,"Rosina Food Products, Inc.","160 Empire Drive, Buffalo, NY",M4286C+P4286C+V4286C,USA,1.0,414,414 m apart,
us_fsis_mpi:I58,us_fsis_mpi,Lineage Logistics - Vernon Area #2,"3211 E. 44th Street, Vernon, CA",I58,us_fsis_mpi:I80,us_fsis_mpi,Lineage Logistics - Vernon Area #8,"2825 E. 44th Street, Vernon, CA",I80,USA,1.0,798,798 m apart,
us_fsis_mpi:I58,us_fsis_mpi,Lineage Logistics - Vernon Area #2,"3211 E. 44th Street, Vernon, CA",I58,us_fsis_mpi:V3563,us_fsis_mpi,Lineage Logistics LLC,"3141 East 44th Street, Los Angeles, CA",V3563,USA,0.5,200,200 m apart,
us_fsis_mpi:I58,us_fsis_mpi,Lineage Logistics - Vernon Area #2,"3211 E. 44th Street, Vernon, CA",I58,us_fsis_mpi:V46745,us_fsis_mpi,"Lineage Logistics, LLC","2825 E. 44th Street, Vernon, CA",V46745,USA,0.5,798,798 m apart,
us_fsis_mpi:I58,us_fsis_mpi,Lineage Logistics - Vernon Area #2,"3211 E. 44th Street, Vernon, CA",I58,us_fsis_mpi:V46746,us_fsis_mpi,"Lineage Logistics, LLC","3211 E. 44th Street, Vernon, CA",V46746,USA,0.5,0,0 m apart,
us_fsis_mpi:I80,us_fsis_mpi,Lineage Logistics - Vernon Area #8,"2825 E. 44th Street, Vernon, CA",I80,us_fsis_mpi:V3563,us_fsis_mpi,Lineage Logistics LLC,"3141 East 44th Street, Los Angeles, CA",V3563,USA,0.5,597,597 m apart,
us_fsis_mpi:I80,us_fsis_mpi,Lineage Logistics - Vernon Area #8,"2825 E. 44th Street, Vernon, CA",I80,us_fsis_mpi:V46745,us_fsis_mpi,"Lineage Logistics, LLC","2825 E. 44th Street, Vernon, CA",V46745,USA,0.5,0,0 m apart,
us_fsis_mpi:I80,us_fsis_mpi,Lineage Logistics - Vernon Area #8,"2825 E. 44th Street, Vernon, CA",I80,us_fsis_mpi:V46746,us_fsis_mpi,"Lineage Logistics, LLC","3211 E. 44th Street, Vernon, CA",V46746,USA,0.5,798,798 m apart,
us_fsis_mpi:M1722+P2824+V2824,us_fsis_mpi,"Overhill Farms, Inc.","3055 E. 44th St., Vernon, CA",M1722+P2824+V2824,us_fsis_mpi:M6147+P6147+G6147+V6147,us_fsis_mpi,"Overhill Farms, Inc.","2727 E. Vernon Avenue, Vernon, CA",M6147+P6147+G6147+V6147,USA,1.0,914,914 m apart,
us_fsis_mpi:V3563,us_fsis_mpi,Lineage Logistics LLC,"3141 East 44th Street, Los Angeles, CA",V3563,us_fsis_mpi:V46745,us_fsis_mpi,"Lineage Logistics, LLC","2825 E. 44th Street, Vernon, CA",V46745,USA,1.0,597,597 m apart,
us_fsis_mpi:V46745,us_fsis_mpi,"Lineage Logistics, LLC","2825 E. 44th Street, Vernon, CA",V46745,us_fsis_mpi:V46746,us_fsis_mpi,"Lineage Logistics, LLC","3211 E. 44th Street, Vernon, CA",V46746,USA,1.0,798,798 m apart,
us_fsis_mpi:I85,us_fsis_mpi,"Global Trading Enterprises LLC, DBA Rastelli Global","504 Sharptown Road, Swedesboro, NJ",I85,us_fsis_mpi:M7877B+P7877B+V7877B,us_fsis_mpi,Rastelli Global,"504 Sharptown Road, Swedesboro, NJ",M7877B+P7877B+V7877B,USA,0.4,0,0 m apart,
us_fsis_mpi:I391,us_fsis_mpi,FreezPak Logistics,"8730 Somers Rd S, Jacksonville, FL",I391,us_fsis_mpi:V3125,us_fsis_mpi,"Ray S.F., Inc., DBA, FreezPak Logistics","8730 Somers Rd S, Jacksonville, FL",V3125,USA,0.5,0,0 m apart,
us_fsis_mpi:V22073,us_fsis_mpi,"Lineage Logistics PFS, LLC","2050 E. 55th St., Vernon, CA",V22073,us_fsis_mpi:V3563A,us_fsis_mpi,Lineage Logistics LLC,"2045 East Vernon Avenue, Vernon, CA",V3563A,USA,0.667,1375,1375 m apart,
us_fsis_mpi:V34705,us_fsis_mpi,"Lineage Logistics PFS, LLC","2100 E 55th St., Vernon, CA",V34705,us_fsis_mpi:V3563A,us_fsis_mpi,Lineage Logistics LLC,"2045 East Vernon Avenue, Vernon, CA",V3563A,USA,0.667,1353,1353 m apart,
us_fsis_mpi:I620,us_fsis_mpi,"SR Forwarding, Inc.","40722 Cannel St., Laredo, TX",I620,us_fsis_mpi:V38445,us_fsis_mpi,"S.R. Forwarding, Inc.","40722 Cannel Street, Laredo, TX",V38445,USA,0.5,0,0 m apart,
us_fsis_mpi:I48,us_fsis_mpi,"Lineage Logistics PFS, LLC","2500 S. Damen, Chicago, IL",I48,us_fsis_mpi:I61,us_fsis_mpi,"Lineage Logistics PFS, LLC","2357 S. Wood St., Chicago, IL",I61,USA,1.0,614,614 m apart,
us_fsis_mpi:I48,us_fsis_mpi,"Lineage Logistics PFS, LLC","2500 S. Damen, Chicago, IL",I48,us_fsis_mpi:V46518,us_fsis_mpi,"Lineage Logistics PFS, LLC","2357 South Wood Street, Chicago, IL",V46518,USA,1.0,614,614 m apart,
us_fsis_mpi:I61,us_fsis_mpi,"Lineage Logistics PFS, LLC","2357 S. Wood St., Chicago, IL",I61,us_fsis_mpi:V31767,us_fsis_mpi,"Lineage Logistics PFS, LLC","2500 S. Damen Ave., Chicago, IL",V31767,USA,1.0,614,614 m apart,
us_fsis_mpi:V31767,us_fsis_mpi,"Lineage Logistics PFS, LLC","2500 S. Damen Ave., Chicago, IL",V31767,us_fsis_mpi:V46518,us_fsis_mpi,"Lineage Logistics PFS, LLC","2357 South Wood Street, Chicago, IL",V46518,USA,1.0,614,614 m apart,
us_fsis_mpi:M40353+P40353+V40353,us_fsis_mpi,Sysco South Florida,"12500 Sysco Way, Medley, FL",M40353+P40353+V40353,us_fsis_mpi:M597+P597,us_fsis_mpi,Buckhead South Florida LLC,"12510 NW 112th Ave., Medley, FL",M597+P597,USA,0.5,5,5 m apart,
us_fsis_mpi:V21857,us_fsis_mpi,"Lineage Logistics Services, LLC","4100 Bandini Boulevard, Vernon, CA",V21857,us_fsis_mpi:V3563D,us_fsis_mpi,Lineage Logistics LLC,"4353 Exchange Ave., Vernon, CA",V3563D,USA,0.667,727,727 m apart,
us_fsis_mpi:I543,us_fsis_mpi,"G&C Food Distributors & Brokers, Inc.","3407 Walters Road, Syracuse, NY",I543,us_fsis_mpi:M20485+P20485+I20485+V20485,us_fsis_mpi,"G&C Food Distributors, Inc.","3407 Walters Road, Syracuse, NY",M20485+P20485+I20485+V20485,USA,0.5,0,0 m apart,
us_fsis_mpi:I58,us_fsis_mpi,Lineage Logistics - Vernon Area #2,"3211 E. 44th Street, Vernon, CA",I58,us_fsis_mpi:V2013,us_fsis_mpi,Vernon Central Logistics,"4215 Exchange Ave., Vernon, CA",V2013,USA,0.4,610,610 m apart,
us_fsis_mpi:I58,us_fsis_mpi,Lineage Logistics - Vernon Area #2,"3211 E. 44th Street, Vernon, CA",I58,us_fsis_mpi:V3563D,us_fsis_mpi,Lineage Logistics LLC,"4353 Exchange Ave., Vernon, CA",V3563D,USA,0.5,945,945 m apart,
us_fsis_mpi:I80,us_fsis_mpi,Lineage Logistics - Vernon Area #8,"2825 E. 44th Street, Vernon, CA",I80,us_fsis_mpi:V2013,us_fsis_mpi,Vernon Central Logistics,"4215 Exchange Ave., Vernon, CA",V2013,USA,0.4,1398,1398 m apart,
us_fsis_mpi:V3563,us_fsis_mpi,Lineage Logistics LLC,"3141 East 44th Street, Los Angeles, CA",V3563,us_fsis_mpi:V3563D,us_fsis_mpi,Lineage Logistics LLC,"4353 Exchange Ave., Vernon, CA",V3563D,USA,1.0,1143,1143 m apart,
us_fsis_mpi:V3563D,us_fsis_mpi,Lineage Logistics LLC,"4353 Exchange Ave., Vernon, CA",V3563D,us_fsis_mpi:V46746,us_fsis_mpi,"Lineage Logistics, LLC","3211 E. 44th Street, Vernon, CA",V46746,USA,1.0,945,945 m apart,
us_fsis_mpi:I683,us_fsis_mpi,"Elore Enterprises, LLC","1167 NW 159 Drive, Miami Gardens, FL",I683,us_fsis_mpi:M12648,us_fsis_mpi,"Elore Enterprises, LLC","1055 NW 159 Drive, Miami Gardens, FL",M12648,USA,1.0,331,331 m apart,
us_fsis_mpi:I70+V70,us_fsis_mpi,Seafrigo Coldstorage Miami Inc,"3200 NW 67th Avenue Suite 230, Miami, FL",I70+V70,us_fsis_mpi:V1799,us_fsis_mpi,Seafrigo Cold Storage Miami,"6745 NW 36th St Unit 230, Miami, FL",V1799,USA,0.4,1219,1219 m apart,
us_fsis_mpi:M34513+P34513,us_fsis_mpi,"Taylor Farms New Jersey, Inc.","406-A Heron Drive, Swedesboro, NJ",M34513+P34513,us_fsis_mpi:M34513A+P34513A,us_fsis_mpi,"Taylor Farms New Jersey, Inc.","407 Heron Dr., Swedesboro, NJ",M34513A+P34513A,USA,1.0,307,307 m apart,
us_fsis_mpi:M10130+P10130,us_fsis_mpi,"Kenosha Beef International, Ltd.","1821 Dividend Dr., Columbus, OH",M10130+P10130,us_fsis_mpi:M10130A+P10130A,us_fsis_mpi,"Kenosha Beef International, Ltd.","1911 Dividend Drive, Columbus, OH",M10130A+P10130A,USA,1.0,290,290 m apart,
us_fsis_mpi:M2574,us_fsis_mpi,Wolverine Packing Co.,"1340 Winder St., Detroit, MI",M2574,us_fsis_mpi:M2574C+P2574C,us_fsis_mpi,Wolverine Packing Company,"2820 Rivard Street, Detroit, MI",M2574C+P2574C,USA,1.0,301,301 m apart,
us_fsis_mpi:M2574,us_fsis_mpi,Wolverine Packing Co.,"1340 Winder St., Detroit, MI",M2574,us_fsis_mpi:M2574D+P2574D+I2574D,us_fsis_mpi,Wolverine Packing Company,"4225 Dequindre Street, Detroit, MI",M2574D+P2574D+I2574D,USA,1.0,1417,1417 m apart,
us_fsis_mpi:M2574A+P2574A,us_fsis_mpi,Wolverine Packing Company,"2535 Rivard, Detroit, MI",M2574A+P2574A,us_fsis_mpi:M2574D+P2574D+I2574D,us_fsis_mpi,Wolverine Packing Company,"4225 Dequindre Street, Detroit, MI",M2574D+P2574D+I2574D,USA,1.0,1359,1359 m apart,
us_fsis_mpi:M2574B+P2574B,us_fsis_mpi,Wolverine Packing Co.,"1337 Winder Street, Detroit, MI",M2574B+P2574B,us_fsis_mpi:M2574D+P2574D+I2574D,us_fsis_mpi,Wolverine Packing Company,"4225 Dequindre Street, Detroit, MI",M2574D+P2574D+I2574D,USA,1.0,1381,1381 m apart,
us_fsis_mpi:M2574C+P2574C,us_fsis_mpi,Wolverine Packing Company,"2820 Rivard Street, Detroit, MI",M2574C+P2574C,us_fsis_mpi:M2574D+P2574D+I2574D,us_fsis_mpi,Wolverine Packing Company,"4225 Dequindre Street, Detroit, MI",M2574D+P2574D+I2574D,USA,1.0,1147,1147 m apart,
us_fsis_mpi:M1014+P513,us_fsis_mpi,Carl Buddig and Co,"50 W Taft Drive, South Holland, IL",M1014+P513,us_fsis_mpi:M1014B+P513B,us_fsis_mpi,Carl Buddig & Company,"16615 S. Vincennes, South Holland, IL",M1014B+P513B,USA,1.0,398,398 m apart,
us_fsis_mpi:P46826,us_fsis_mpi,SHENANDOAH VALLEY ORGANIC,"862 N. Liberty Street, Harrisonburg, VA",P46826,us_fsis_mpi:P46826A,us_fsis_mpi,"Shenandoah Valley Organic, LLC","350 Acorn Drive, Harrisonburg, VA",P46826A,USA,1.0,1309,1309 m apart,
us_fsis_mpi:M1533+P1533,us_fsis_mpi,Nestle Culinary Innovation Center,"30000 Bainbridge Rd, Solon, OH",M1533+P1533,us_fsis_mpi:M45537+P45537,us_fsis_mpi,Nestle R&D Center Inc.,"29300 Cannon Road, Solon, OH",M45537+P45537,USA,0.5,862,862 m apart,
us_fsis_mpi:M123+P1448,us_fsis_mpi,Smithfield Fresh Meats Corp.,"401 North Church Street, Smithfield, VA",M123+P1448,us_fsis_mpi:M221A+P9932,us_fsis_mpi,Smithfield Fresh Meats Corp.,"601 N. Church Street, Smithfield, VA",M221A+P9932,USA,1.0,517,517 m apart,
us_fsis_mpi:M123+P1448,us_fsis_mpi,Smithfield Fresh Meats Corp.,"401 North Church Street, Smithfield, VA",M123+P1448,us_fsis_mpi:V221A,us_fsis_mpi,Smithfield Fresh Meats Corp.,"601 NORTH CHURCH STREET, SMITHFIELD, VA",V221A,USA,1.0,517,517 m apart,
us_fsis_mpi:M2617+P2617,us_fsis_mpi,"Gold Creek Foods, LLC","1155 Candler Rd., Gainesville, GA",M2617+P2617,us_fsis_mpi:M31979+P31979,us_fsis_mpi,Gold Creek Processing LLC,"1100 Airport Parkway, Gainesville, GA",M31979+P31979,USA,1.0,1150,1150 m apart,
us_fsis_mpi:M263+P263+V263,us_fsis_mpi,Jones Dairy Farm,"800 Jones Avenue, Fort Atkinson, WI",M263+P263+V263,us_fsis_mpi:M263A+P263A+V263A,us_fsis_mpi,Jones Dairy Farm,"801 Rockwell Ave., Fort Atkinson, WI",M263A+P263A+V263A,USA,1.0,516,516 m apart,
us_fsis_mpi:M13125+P13125,us_fsis_mpi,"Reser's Fine Foods, Inc.","3139 SE 10th Street, Topeka, KS",M13125+P13125,us_fsis_mpi:M13520+P13520,us_fsis_mpi,Reser's Fine Foods,"3167 S. E. 10th, Topeka, KS",M13520+P13520,USA,1.0,295,295 m apart,
us_fsis_mpi:M13125+P13125,us_fsis_mpi,"Reser's Fine Foods, Inc.","3139 SE 10th Street, Topeka, KS",M13125+P13125,us_fsis_mpi:M3870+P3870,us_fsis_mpi,"Reser's Fine Foods, Inc.","3215 SE 6th Ave, Topeka, KS",M3870+P3870,USA,1.0,784,784 m apart,
us_fsis_mpi:M13520+P13520,us_fsis_mpi,Reser's Fine Foods,"3167 S. E. 10th, Topeka, KS",M13520+P13520,us_fsis_mpi:M3870+P3870,us_fsis_mpi,"Reser's Fine Foods, Inc.","3215 SE 6th Ave, Topeka, KS",M3870+P3870,USA,1.0,821,821 m apart,
us_fsis_mpi:V3053,us_fsis_mpi,D'Allende Foods & Cold Storage LLC,"215 Poplar St., El Paso, TX",V3053,us_fsis_mpi:V45311,us_fsis_mpi,Alba Cold Storage,"1705 E. Mills Avenue, El Paso, TX",V45311,USA,0.5,857,857 m apart,
us_fsis_mpi:M1394+P502+G1394+V1394,us_fsis_mpi,OFD Foods LLC,"770 29th Avenue SW, Albany, OR",M1394+P502+G1394+V1394,us_fsis_mpi:M47192+P47192+G47192,us_fsis_mpi,"OFD Foods, LLC","525 25th Ave SW, Albany, OR",M47192+P47192+G47192,USA,1.0,489,489 m apart,
us_fsis_mpi:M1633+P17764+V1633,us_fsis_mpi,"Abbyland Foods, Inc.","508 E. Linden Street, Abbotsford, WI",M1633+P17764+V1633,us_fsis_mpi:M1633B+P17764B,us_fsis_mpi,ABBYLAND FOODS,"918 SPRUCE STREET, ABBOTSFORD, WI",M1633B+P17764B,USA,1.0,456,456 m apart,
us_fsis_mpi:M6761+P6761,us_fsis_mpi,"Italia Foods, Inc","2365 Hammond Drive, Schaumburg, IL",M6761+P6761,us_fsis_mpi:M6761A+P6761A,us_fsis_mpi,Italia Foods,"2127/29 Hammond Dr., Schaumburg, IL",M6761A+P6761A,USA,1.0,356,356 m apart,
us_fsis_mpi:M1841C+P19349C+V1841C,us_fsis_mpi,Sugar Creek Packing Co.,"4585 Muhlhauser Road, Hamilton, OH",M1841C+P19349C+V1841C,us_fsis_mpi:M1841D+P19349D,us_fsis_mpi,Sugar Creek,"4235 Thunderbird Lane, Fairfield, OH",M1841D+P19349D,USA,1.0,1471,1471 m apart,
us_fsis_mpi:M20795+P20795+V20795,us_fsis_mpi,Koch Foods,"4100 Port Union Rd., Fairfield, OH",M20795+P20795+V20795,us_fsis_mpi:M20795C+P20795C+V20795C,us_fsis_mpi,Koch Foods,"635 Commerce Center Dr., Fairfield, OH",M20795C+P20795C+V20795C,USA,1.0,473,473 m apart,
us_fsis_mpi:M17644+P17644+V17644,us_fsis_mpi,Request Foods Inc.,"3460 John F. Donnelly Drive, Holland, MI",M17644+P17644+V17644,us_fsis_mpi:M17644A+P17644A+V17644A,us_fsis_mpi,Request Foods Inc.,"12875 Greenly Street, Holland, MI",M17644A+P17644A+V17644A,USA,1.0,414,414 m apart,
us_fsis_mpi:M17644+P17644+V17644,us_fsis_mpi,Request Foods Inc.,"3460 John F. Donnelly Drive, Holland, MI",M17644+P17644+V17644,us_fsis_mpi:M17644B+P17644B,us_fsis_mpi,Request Foods Inc.,"13044 Quincy Street, Holland, MI",M17644B+P17644B,USA,1.0,847,847 m apart,
us_fsis_mpi:M17644A+P17644A+V17644A,us_fsis_mpi,Request Foods Inc.,"12875 Greenly Street, Holland, MI",M17644A+P17644A+V17644A,us_fsis_mpi:M17644B+P17644B,us_fsis_mpi,Request Foods Inc.,"13044 Quincy Street, Holland, MI",M17644B+P17644B,USA,1.0,575,575 m apart,
us_fsis_mpi:M3219+V3219,us_fsis_mpi,Colorado Premium Cold Storage,"5120 Race Court, Denver, CO",M3219+V3219,us_fsis_mpi:M38468+P38468+V38468,us_fsis_mpi,Colorado Premium Foods,"5140 Race Court, Unit 1, Denver, CO",M38468+P38468+V38468,USA,0.5,94,94 m apart,
us_fsis_mpi:M17202A+P17202A+V17202A,us_fsis_mpi,"Americold Logistics, LLC","2900 Murray Street, Sioux City, IA",M17202A+P17202A+V17202A,us_fsis_mpi:V17756,us_fsis_mpi,Americold Logistics LLC,"2640 Murray St., Sioux City, IA",V17756,USA,1.0,456,456 m apart,
us_fsis_mpi:V17756,us_fsis_mpi,Americold Logistics LLC,"2640 Murray St., Sioux City, IA",V17756,us_fsis_mpi:V19246,us_fsis_mpi,Americold Logistics LLC,"2900 Murray Street, Sioux City, IA",V19246,USA,1.0,456,456 m apart,
us_fsis_mpi:M1754,us_fsis_mpi,Fratelli Beretta USA Inc,"650 International Drive, Mount Olive, NJ",M1754,us_fsis_mpi:M7543B,us_fsis_mpi,"Fratelli Beretta USA, Inc.","750 Clark Dr., Mount Olive, NJ",M7543B,USA,1.0,601,601 m apart,
us_fsis_mpi:M47967,us_fsis_mpi,"Fratelli Beretta USA, INC.","700 International Drive, Mount Olive, NJ",M47967,us_fsis_mpi:M7543B,us_fsis_mpi,"Fratelli Beretta USA, Inc.","750 Clark Dr., Mount Olive, NJ",M7543B,USA,1.0,754,754 m apart,
us_fsis_mpi:M1758+P17691,us_fsis_mpi,"Johnsonville, LLC","W4315 County Road JM, Sheboygan Falls, WI",M1758+P17691,us_fsis_mpi:M34224+P34224,us_fsis_mpi,"Johnsonville, LLC","N6927 Johnsonville Way, Sheboygan Falls, WI",M34224+P34224,USA,1.0,755,755 m apart,
us_fsis_mpi:M1758+P17691,us_fsis_mpi,"Johnsonville, LLC","W4315 County Road JM, Sheboygan Falls, WI",M1758+P17691,us_fsis_mpi:M34225+P34225,us_fsis_mpi,"Johnsonville, LLC","N6977 Johnsonville Way, Sheboygan Falls, WI",M34225+P34225,USA,1.0,505,505 m apart,
us_fsis_mpi:M34224+P34224,us_fsis_mpi,"Johnsonville, LLC","N6927 Johnsonville Way, Sheboygan Falls, WI",M34224+P34224,us_fsis_mpi:M34225+P34225,us_fsis_mpi,"Johnsonville, LLC","N6977 Johnsonville Way, Sheboygan Falls, WI",M34225+P34225,USA,1.0,250,250 m apart,
us_fsis_mpi:M18799+P18799,us_fsis_mpi,"Gourmet Boutique, LLC","144-02 158th Street, Jamaica, NY",M18799+P18799,us_fsis_mpi:M18799A+P18799A,us_fsis_mpi,"Gourmet Boutique, LLC SAT","165-35 145th Drive, Jamaica, NY",M18799A+P18799A,USA,0.667,526,526 m apart,
us_fsis_mpi:M1841+P19349+V1841,us_fsis_mpi,Sugar Creek Packing Company,"2101 Kenskill Ave., Washington Court House, OH",M1841+P19349+V1841,us_fsis_mpi:M1841G+P19349G,us_fsis_mpi,Sugar Creek Packing Co.,"495 Old Chillicothe Rd. SE, Washington Court House, OH",M1841G+P19349G,USA,1.0,304,304 m apart,
us_fsis_mpi:M18443+P18443+V18443B,us_fsis_mpi,"Stoney Point, Inc.","84 Ulricktown Road, Littlestown, PA",M18443+P18443+V18443B,us_fsis_mpi:M9646+P9646+V9646,us_fsis_mpi,"Stoney Point Butchery, Inc.","1318 Frederick Pike, Littlestown, PA",M9646+P9646+V9646,USA,0.667,296,296 m apart,
us_fsis_mpi:M18506+P18506,us_fsis_mpi,Pride Enterprise Food Products,"13518 NE 258 th CT, Raiford, FL",M18506+P18506,us_fsis_mpi:V2711,us_fsis_mpi,Pride Enterprise - Food Division,"13518 NE 258 Court, Raiford, FL",V2711,USA,0.5,0,0 m apart,
us_fsis_mpi:M210+P210,us_fsis_mpi,"Foster Poultry Farms, LLC","711 F Street, Turlock, CA",M210+P210,us_fsis_mpi:V210A,us_fsis_mpi,"Foster Poultry Farms, LLC","520 C Street, Turlock, CA",V210A,USA,1.0,335,335 m apart,
us_fsis_mpi:M19472+P19472,us_fsis_mpi,"Philly's Best Steak Company, Inc.","619 Industrial Park Drive, Yeadon, PA",M19472+P19472,us_fsis_mpi:M3828+P3828,us_fsis_mpi,"Philly's Best Steak Company, Inc.","404 Industrial Park Drive, Yeadon, PA",M3828+P3828,USA,1.0,360,360 m apart,
us_fsis_mpi:M19472A+P19472A+V19472A,us_fsis_mpi,"Philly's Best Steak Co., Inc.","610 Industrial Park Drive, Yeadon, PA",M19472A+P19472A+V19472A,us_fsis_mpi:M3828+P3828,us_fsis_mpi,"Philly's Best Steak Company, Inc.","404 Industrial Park Drive, Yeadon, PA",M3828+P3828,USA,1.0,263,263 m apart,
us_fsis_mpi:M19076B+P19076B+V19076B,us_fsis_mpi,"The Wornick Company dba Baxters North America, Inc.","4602 Ilmenau Way, Cincinnati, OH",M19076B+P19076B+V19076B,us_fsis_mpi:V19076A,us_fsis_mpi,"The Wornick Company dba Baxters North America, Inc.","4700 Creek Road, Cincinnati, OH",V19076A,USA,1.0,277,277 m apart,
us_fsis_mpi:M40373+P40373+V40373,us_fsis_mpi,"Lineage Logistics Bedford Park 1, LLC","7035 W. 65th Street, Bedford Park, IL",M40373+P40373+V40373,us_fsis_mpi:V3347,us_fsis_mpi,"Lineage Logistics, LLC","6901 W. 65th Street, Bedford Park, IL",V3347,USA,0.5,231,231 m apart,
us_fsis_mpi:M19339+P19339+V19339,us_fsis_mpi,Vanee Foods Company,"2759 South 25th Ave., Broadview, IL",M19339+P19339+V19339,us_fsis_mpi:V1297A,us_fsis_mpi,Vanee Foods Company,"2750 S. 25th Avenue, Broadview, IL",V1297A,USA,1.0,254,254 m apart,
us_fsis_mpi:M31932+P31932,us_fsis_mpi,Certified Meat Products,"4586 E. Commerce, Fresno, CA",M31932+P31932,us_fsis_mpi:M31932A+P31932A,us_fsis_mpi,Certified Meat Products,"2704 S. Maple Avenue, Fresno, CA",M31932A+P31932A,USA,1.0,396,396 m apart,
us_fsis_mpi:M19652+P19652,us_fsis_mpi,Swift Beef Company,"920 North 7th Avenue, Greeley, CO",M19652+P19652,us_fsis_mpi:M969+V969,us_fsis_mpi,Swift Beef Company,"800 N. 8th Avenue, Greeley, CO",M969+V969,USA,1.0,266,266 m apart,
us_fsis_mpi:M19692+P19692,us_fsis_mpi,"AdvancePierre Foods, Inc.","4929 East Willow, Enid, OK",M19692+P19692,us_fsis_mpi:M2260E+P2260E+V2260E,us_fsis_mpi,"AdvancePierre Foods, Inc.","5110 Enterprise Blvd, Enid, OK",M2260E+P2260E+V2260E,USA,1.0,294,294 m apart,
us_fsis_mpi:M19692+P19692,us_fsis_mpi,"AdvancePierre Foods, Inc.","4929 East Willow, Enid, OK",M19692+P19692,us_fsis_mpi:M40193+P40193+V40193,us_fsis_mpi,"AdvancePierre Foods, Inc.","5109 E. Willow, Enid, OK",M40193+P40193+V40193,USA,1.0,370,370 m apart,
us_fsis_mpi:M19719+P19719,us_fsis_mpi,Twin Rivers Foods,"201 North 2nd Street, Fort Smith, AR",M19719+P19719,us_fsis_mpi:M19719E+P19719E,us_fsis_mpi,Twin Rivers Foods,"124 North E Street, Ft. Smith, AR",M19719E+P19719E,USA,1.0,302,302 m apart,
us_fsis_mpi:M19821+P19821,us_fsis_mpi,"West Liberty Foods, LLC R&D Pilot Plant","603 East A St., West Liberty, IA",M19821+P19821,us_fsis_mpi:M5533+P5533+V5533,us_fsis_mpi,"West Liberty Foods, LLC","207 W. Second Street, West Liberty, IA",M5533+P5533+V5533,USA,0.667,913,913 m apart,
us_fsis_mpi:M19829+P19829,us_fsis_mpi,"Perfect Pasta, Inc.","31 Fairbank Street (Unit A), Addison, IL",M19829+P19829,us_fsis_mpi:M19829J+P19829J,us_fsis_mpi,"Perfect Pasta, Inc.","1405 Jeffrey Ln, Addison, IL",M19829J+P19829J,USA,1.0,1217,1217 m apart,
us_fsis_mpi:M19887+P19887,us_fsis_mpi,"WILD Flavors, Inc.","1261 Pacific Avenue, Erlanger, KY",M19887+P19887,us_fsis_mpi:M19887A+P19887A,us_fsis_mpi,"WILD Flavors, Inc","4283 Olympic Blvd, Erlanger, KY",M19887A+P19887A,USA,1.0,843,843 m apart,
us_fsis_mpi:M20722+P20722+V20722,us_fsis_mpi,JBS Prepared Foods,"2650 23rd Ave, Council Bluffs, IA",M20722+P20722+V20722,us_fsis_mpi:M26C+P26C,us_fsis_mpi,JBS Prepared Foods,"3210 21st Avenue, Council Bluffs, IA",M26C+P26C,USA,1.0,799,799 m apart,
us_fsis_mpi:M20758+P20758,us_fsis_mpi,"Truvant, LLC","305 First Street, Boscobel, WI",M20758+P20758,us_fsis_mpi:M45256+P45256,us_fsis_mpi,"Truvant Foods NA, LLC","801 E. Prairie St., Boscobel, WI",M45256+P45256,USA,0.5,237,237 m apart,
us_fsis_mpi:M20758+P20758,us_fsis_mpi,"Truvant, LLC","305 First Street, Boscobel, WI",M20758+P20758,us_fsis_mpi:V20758A,us_fsis_mpi,Truvant Foods NA LLC,"305 Johnson ST, Boscobel, WI",V20758A,USA,0.5,553,553 m apart,
us_fsis_mpi:M45256+P45256,us_fsis_mpi,"Truvant Foods NA, LLC","801 E. Prairie St., Boscobel, WI",M45256+P45256,us_fsis_mpi:V20758A,us_fsis_mpi,Truvant Foods NA LLC,"305 Johnson ST, Boscobel, WI",V20758A,USA,1.0,578,578 m apart,
us_fsis_mpi:M21061,us_fsis_mpi,Damn Good Foods Inc.,"1002 Hudson Ave., Stillwater, NY",M21061,us_fsis_mpi:M21061A+P21061A,us_fsis_mpi,Damn Good Foods Inc.,"7 Tent Lane, Stillwater, NY",M21061A+P21061A,USA,1.0,1054,1054 m apart,
us_fsis_mpi:M21188+P21188,us_fsis_mpi,Slagel Slaughter,"103 E. Krack St., Forrest, IL",M21188+P21188,us_fsis_mpi:M46248+P46248,us_fsis_mpi,"Slagel Family Meats, Inc.","117 W Krack Street, Forrest, IL",M46248+P46248,USA,0.5,104,104 m apart,
us_fsis_mpi:M21263+P20214+V21263,us_fsis_mpi,Wayne Farms LLC,"100 Plugs Drive, Decatur, AL",M21263+P20214+V21263,us_fsis_mpi:M46394+P46394+V46394,us_fsis_mpi,Wayne Farms LLC,"114 Plugs Drive, Decatur, AL",M46394+P46394+V46394,USA,1.0,490,490 m apart,
us_fsis_mpi:M21263+P20214+V21263,us_fsis_mpi,Wayne Farms LLC,"100 Plugs Drive, Decatur, AL",M21263+P20214+V21263,us_fsis_mpi:P1235,us_fsis_mpi,Wayne Farms LLC,"254 Ipsco Street, Decatur, AL",P1235,USA,1.0,675,675 m apart,
us_fsis_mpi:M33890+P33885,us_fsis_mpi,Wayne Farms LLC,"112 Plugs Drive, Decatur, AL",M33890+P33885,us_fsis_mpi:M46394+P46394+V46394,us_fsis_mpi,Wayne Farms LLC,"114 Plugs Drive, Decatur, AL",M46394+P46394+V46394,USA,1.0,592,592 m apart,
us_fsis_mpi:M33890+P33885,us_fsis_mpi,Wayne Farms LLC,"112 Plugs Drive, Decatur, AL",M33890+P33885,us_fsis_mpi:P1235,us_fsis_mpi,Wayne Farms LLC,"254 Ipsco Street, Decatur, AL",P1235,USA,1.0,789,789 m apart,
us_fsis_mpi:M46394+P46394+V46394,us_fsis_mpi,Wayne Farms LLC,"114 Plugs Drive, Decatur, AL",M46394+P46394+V46394,us_fsis_mpi:P1235,us_fsis_mpi,Wayne Farms LLC,"254 Ipsco Street, Decatur, AL",P1235,USA,1.0,603,603 m apart,
us_fsis_mpi:V1670,us_fsis_mpi,"Lineage Logistics, LLC","4000 West Military Highway, McAllen, TX",V1670,us_fsis_mpi:V17497,us_fsis_mpi,"Lineage Logistics, LLC","6800 S. Ware Road, McAllen, TX",V17497,USA,1.0,856,856 m apart,
us_fsis_mpi:M21930I+P21930I+V21930I,us_fsis_mpi,Fresh Mark Cold Storage,"950 Cloverleaf St. SE, Massillon, OH",M21930I+P21930I+V21930I,us_fsis_mpi:M31+P31,us_fsis_mpi,Fresh Mark Massillon,"1888 Southway S.E., Massillon, OH",M31+P31,USA,0.4,633,633 m apart,
us_fsis_mpi:M2255,us_fsis_mpi,Lone Star Beef Processors,"2150 East 37th Street, San Angelo, TX",M2255,us_fsis_mpi:V34249,us_fsis_mpi,"Lone Star Beef Processors, L.P.","3502 Pruitt Drive, San Angelo, TX",V34249,USA,1.0,381,381 m apart,
us_fsis_mpi:V18802,us_fsis_mpi,"Americold Logistics, LLC","500 SR 324 South, Russellville, AR",V18802,us_fsis_mpi:V3478,us_fsis_mpi,Americold Logistics,"300 S. El Mira Avenue, Russellville, AR",V3478,USA,1.0,1073,1073 m apart,
us_fsis_mpi:M410,us_fsis_mpi,"Green Bay Dressed Beef, LLC","544 Acme Street, Green Bay, WI",M410,us_fsis_mpi:V410A,us_fsis_mpi,Green Bay Dressed Beef Cold Storage,"443 Henry Street, Green Bay, WI",V410A,USA,0.667,315,315 m apart,
us_fsis_mpi:V3365,us_fsis_mpi,"Green Bay Dressed Beef, Inc.","544 Acme Street, Green Bay, WI",V3365,us_fsis_mpi:V410A,us_fsis_mpi,Green Bay Dressed Beef Cold Storage,"443 Henry Street, Green Bay, WI",V410A,USA,0.667,315,315 m apart,
us_fsis_mpi:M2748+P2748,us_fsis_mpi,Quaker Maid Meats Inc.,"520 Carroll Street, Reading, PA",M2748+P2748,us_fsis_mpi:M2748A+P2748A,us_fsis_mpi,Quaker Maid Meats,"650 Morgantown Road, Reading, PA",M2748A+P2748A,USA,1.0,448,448 m apart,
us_fsis_mpi:M2910+P2910,us_fsis_mpi,Superior Foods Company,"4243 Broadmoor Avenue S.E., Kentwood, MI",M2910+P2910,us_fsis_mpi:M2910A+P2910A,us_fsis_mpi,Superior Foods Company,"4778 Broadmoore Ave SE, Kentwood, MI",M2910A+P2910A,USA,1.0,1316,1316 m apart,
us_fsis_mpi:M32029+P32029+V32029,us_fsis_mpi,Kiolbassa Provision Company Inc.,"1325 S. Brazos, San Antonio, TX",M32029+P32029+V32029,us_fsis_mpi:M32029A+P32029A+V32029A,us_fsis_mpi,Kiolbassa Provision Company,"1545 South San Marcos, San Antonio, TX",M32029A+P32029A+V32029A,USA,1.0,533,533 m apart,
us_fsis_mpi:M6232+P6232+V6232,us_fsis_mpi,"Ready Foods, Inc.","4000 Dahlia St, Denver, CO",M6232+P6232+V6232,us_fsis_mpi:M6232B+P6232B,us_fsis_mpi,Ready Foods,"5905 East 42nd Avenue, Denver, CO",M6232B+P6232B,USA,1.0,1053,1053 m apart,
us_fsis_mpi:M31566+P31566,us_fsis_mpi,Monogram Gourmet Foods,"330 Ballardvale Street, Willmington, MA",M31566+P31566,us_fsis_mpi:M31566A+P31566A,us_fsis_mpi,Monogram Foods,"301 Ballardvale Street, Wilmington, MA",M31566A+P31566A,USA,0.5,194,194 m apart,
us_fsis_mpi:M31750A+P31750A,us_fsis_mpi,"Nuovo Pasta Productions, Ltd.","1330 Honeyspot Rd., Ext., Stratford, CT",M31750A+P31750A,us_fsis_mpi:M31750B+P31750B,us_fsis_mpi,"Nuovo Pasta Productions, Ltd.","350 Long Beach Blvd, Stratford, CT",M31750B+P31750B,USA,1.0,456,456 m apart,
us_fsis_mpi:M31750B+P31750B,us_fsis_mpi,"Nuovo Pasta Productions, Ltd.","350 Long Beach Blvd, Stratford, CT",M31750B+P31750B,us_fsis_mpi:V31750A,us_fsis_mpi,"Nuovo Pasta Productions, Ltd.","1330 Honeyspot Road Ext, Stratford, CT",V31750A,USA,1.0,456,456 m apart,
us_fsis_mpi:M8570+P8570,us_fsis_mpi,"Ragozzino Foods, Inc","10 Ames Avenue, Meriden, CT",M8570+P8570,us_fsis_mpi:M8570A+P8570A+V8570A,us_fsis_mpi,"Ragozzino Foods, Inc.","71 Chamberlain Highway, Meriden, CT",M8570A+P8570A+V8570A,USA,1.0,312,312 m apart,
us_fsis_mpi:M31999+P31999,us_fsis_mpi,Thompson Farms Country Cured Meats,"2538 Dixie Rd, Dixie, GA",M31999+P31999,us_fsis_mpi:M31999A,us_fsis_mpi,Thompson Farms,"2538 Dixie Road, Dixie, GA",M31999A,USA,0.5,0,0 m apart,
us_fsis_mpi:M332R,us_fsis_mpi,FPL Food LLC,"121 Roseway Drive, Thomasville, GA",M332R,us_fsis_mpi:M332T+P332T,us_fsis_mpi,"FPL Food, LLC","131 Roseway Drive, Thomasville, GA",M332T+P332T,USA,1.0,429,429 m apart,
us_fsis_mpi:M33928+P33928+V33928,us_fsis_mpi,"Lockwood Packing CO, LLC","511 W 6th Street, Lockwood, MO",M33928+P33928+V33928,us_fsis_mpi:M33928A+P33928A+V33928A,us_fsis_mpi,"Lockwood Packing CO, LLC","410 Park Street, Lockwood, MO",M33928A+P33928A+V33928A,USA,1.0,468,468 m apart,
us_fsis_mpi:M48098E+P48098E,us_fsis_mpi,Mistica Foods LLC,"3601 Runge Street, Franklin Park, IL",M48098E+P48098E,us_fsis_mpi:M48098N+P48098N,us_fsis_mpi,Mistica Foods LLC,"11010 Addison Ave, Franklin Park, IL",M48098N+P48098N,USA,1.0,797,797 m apart,
us_fsis_mpi:M34272+P34272,us_fsis_mpi,Vigil's Beef Jerky,"7625 2nd Street NW, Albuquerque, NM",M34272+P34272,us_fsis_mpi:M34408+P34408,us_fsis_mpi,Delicious Beef Jerky,"6801 4th Street NW, Albuquerque, NM",M34408+P34408,USA,0.5,1175,1175 m apart,
us_fsis_mpi:M978+V978,us_fsis_mpi,"John Volpi & Company, Inc.","5263 Northrup Avenue, St Louis, MO",M978+V978,us_fsis_mpi:M978C,us_fsis_mpi,"John Volpi & Co, Inc","5254 Daggett Avenue, St. Louis, MO",M978C,USA,1.0,453,453 m apart,
us_fsis_mpi:M978C,us_fsis_mpi,"John Volpi & Co, Inc","5254 Daggett Avenue, St. Louis, MO",M978C,us_fsis_mpi:M978N,us_fsis_mpi,"John Volpi & Company, Inc.","1708 Edwards, St. Louis, MO",M978N,USA,1.0,344,344 m apart,
us_fsis_mpi:M3W+V3W,us_fsis_mpi,Swift Pork Company,"1700 MN-60 NE, Worthington, MN",M3W+V3W,us_fsis_mpi:V3131,us_fsis_mpi,Swift Pork Company,"2626 Polar Road, Worthington, MN",V3131,USA,1.0,782,782 m apart,
us_fsis_mpi:P1353,us_fsis_mpi,Pilgrim's Pride Corporation,"1591 Broad Street, Chattanooga, TN",P1353,us_fsis_mpi:P6719+V6719,us_fsis_mpi,Pilgrim's Pride Corporation,"1300 Market St, Chattanooga, TN",P6719+V6719,USA,1.0,820,820 m apart,
us_fsis_mpi:V47932,us_fsis_mpi,Coastal Pacific Food Distributors,"1520 E. Mission Blvd., Ontario, CA",V47932,us_fsis_mpi:V47932A,us_fsis_mpi,Coastal Pacific Food Distributors,"1320 S. Baker Avenue, Ontario, CA",V47932A,USA,1.0,355,355 m apart,
us_fsis_mpi:M44870+P44870,us_fsis_mpi,"Rana Meal Solutions, LLC","550 Spitzer Rd., Bartlett, IL",M44870+P44870,us_fsis_mpi:M45571+P45571+V45571,us_fsis_mpi,Rana Meal Solutions,"1320 Brewster Creek Blvd., Barlett, IL",M45571+P45571+V45571,USA,1.0,548,548 m apart,
us_fsis_mpi:M45191,us_fsis_mpi,"Abner Snack Foods, Inc.","27926 School Street, Bell City, MO",M45191,us_fsis_mpi:M45927,us_fsis_mpi,"Abner Snack Foods, Inc.","25157 Walnut St., Bell City, MO",M45927,USA,1.0,301,301 m apart,
us_fsis_mpi:M791+P791+V791,us_fsis_mpi,"Clemens Food Group, LLC","2700 Clemens Road, Hatfield, PA",M791+P791+V791,us_fsis_mpi:M791N+P791N,us_fsis_mpi,"Clemens Food Group, LLC","2702 Clemens Road, Hatfield, PA",M791N+P791N,USA,1.0,644,644 m apart,
us_fsis_mpi:M45772+V45772,us_fsis_mpi,"Diller Locker Company, LLC","601 Commercial Street, Diller, NE",M45772+V45772,us_fsis_mpi:M45772A+P45772A+V45772A,us_fsis_mpi,Diller Locker Company,"409 and 311 Commercial St, Diller, NE",M45772A+P45772A+V45772A,USA,1.0,292,292 m apart,
us_fsis_mpi:M46013+P46013,us_fsis_mpi,Stanley Pearlman Enterprise,"7775 Chesapeake Bay Court, Jessup, MD",M46013+P46013,us_fsis_mpi:M46013A+P46013A,us_fsis_mpi,Stanley Pearlman Enterprises,"7891 Oceano Ave, Jessup, MD",M46013A+P46013A,USA,0.5,252,252 m apart,
us_fsis_mpi:V3464,us_fsis_mpi,Americold Logistics,"651 Mill Road P.O. Box 340, Fogelsville, PA",V3464,us_fsis_mpi:V3678,us_fsis_mpi,"Americold Logistics, LLC","7170 Ambassador Drive, Allentown, PA",V3678,USA,1.0,632,632 m apart,
us_fsis_mpi:M965+P965+V965,us_fsis_mpi,"Interstate Meat Dist., Inc.","9550 SE Last Road, Clackamas, OR",M965+P965+V965,us_fsis_mpi:M965A+P965A+V965A,us_fsis_mpi,"Interstate Meat Dist., Inc.","15501 SE Piazza Avenue, Clackamas, OR",M965A+P965A+V965A,USA,1.0,1001,1001 m apart,
us_fsis_mpi:M965+P965+V965,us_fsis_mpi,"Interstate Meat Dist., Inc.","9550 SE Last Road, Clackamas, OR",M965+P965+V965,us_fsis_mpi:M965B,us_fsis_mpi,"Interstate Meat Dist., Inc","16131 SE Evelyn Street, Clackamas, OR",M965B,USA,1.0,385,385 m apart,
us_fsis_mpi:M965A+P965A+V965A,us_fsis_mpi,"Interstate Meat Dist., Inc.","15501 SE Piazza Avenue, Clackamas, OR",M965A+P965A+V965A,us_fsis_mpi:M965B,us_fsis_mpi,"Interstate Meat Dist., Inc","16131 SE Evelyn Street, Clackamas, OR",M965B,USA,1.0,696,696 m apart,
us_fsis_mpi:M8721+P8721+V8721,us_fsis_mpi,"International Dehydrated Foods, Inc.","700 S. Chapell Drive P.O. Box 186, Monett, MO",M8721+P8721+V8721,us_fsis_mpi:M8721B+P8721B,us_fsis_mpi,"International Dehydrated Foods, LLC Innovation Center","700 South Chapell Dr. Building 2 Innovation Center, Monett, MO",M8721B+P8721B,USA,0.5,0,0 m apart,
us_fsis_mpi:M5798+P5798+V5798,us_fsis_mpi,Williams Brothers Meat Market,"302 E 8th St, Washington, MO",M5798+P5798+V5798,us_fsis_mpi:M5798A+P5798A,us_fsis_mpi,Williams Brothers Meat Co.,"607 West 5th St., Washington, MO",M5798A+P5798A,USA,0.667,930,930 m apart,
us_fsis_mpi:M584+P584,us_fsis_mpi,Pilgrim's Pride Corporation,"1107 Monticello Road, Mount Pleasant, TX",M584+P584,us_fsis_mpi:M7091A+P7091A,us_fsis_mpi,Pilgrim's Pride Corporation,"1000 Pilgrim's Street, Mount Pleasant, TX",M7091A+P7091A,USA,1.0,585,585 m apart,
us_fsis_mpi:M584+P584,us_fsis_mpi,Pilgrim's Pride Corporation,"1107 Monticello Road, Mount Pleasant, TX",M584+P584,us_fsis_mpi:P7091,us_fsis_mpi,Pilgrim's Pride Corporation,"1000 Pilgrim Street, Mount Pleasant, TX",P7091,USA,1.0,585,585 m apart,
us_fsis_mpi:M6137+P6137,us_fsis_mpi,"Foster Poultry Farms, LLC","843 Davis St., Livingston, CA",M6137+P6137,us_fsis_mpi:V38538,us_fsis_mpi,"Foster Poultry Farms, LLC","707 Davis Street, Livingston, CA",V38538,USA,1.0,740,740 m apart,
us_fsis_mpi:M6137+P6137,us_fsis_mpi,"Foster Poultry Farms, LLC","843 Davis St., Livingston, CA",M6137+P6137,us_fsis_mpi:V38539,us_fsis_mpi,Foster Poultry Farms LLC,"655 Davis Street, Livingston, CA",V38539,USA,1.0,732,732 m apart,
us_fsis_mpi:M6137B+P6137B,us_fsis_mpi,"Foster Poultry Farms, LLC","843 Davis Street, Livingston, CA",M6137B+P6137B,us_fsis_mpi:V38538,us_fsis_mpi,"Foster Poultry Farms, LLC","707 Davis Street, Livingston, CA",V38538,USA,1.0,740,740 m apart,
us_fsis_mpi:M6137B+P6137B,us_fsis_mpi,"Foster Poultry Farms, LLC","843 Davis Street, Livingston, CA",M6137B+P6137B,us_fsis_mpi:V38539,us_fsis_mpi,Foster Poultry Farms LLC,"655 Davis Street, Livingston, CA",V38539,USA,1.0,732,732 m apart,
us_fsis_mpi:M6373+P6373,us_fsis_mpi,Grossglockner Inc.,"2640 Brickyard Road, Canandaiqua, NY",M6373+P6373,us_fsis_mpi:M6373B+P6373B,us_fsis_mpi,"Grossglockner, Inc.","5560 Airport Road, Canadaigua, NY",M6373B+P6373B,USA,1.0,1083,1083 m apart,
us_fsis_mpi:M7470+P7470,us_fsis_mpi,Mountaire Farms Inc. - NC Division,"17269 NC Highway 71 North, Lumber Bridge, NC",M7470+P7470,us_fsis_mpi:V7470A,us_fsis_mpi,Mountaire Farms,"17263 NC Hwy 71 N, Lumber Bridge, NC",V7470A,USA,0.5,219,219 m apart,
us_fsis_mpi:M794+P770+V770,us_fsis_mpi,Hometown Food Company,"30 Marr Street, Milton, PA",M794+P770+V770,us_fsis_mpi:V794A,us_fsis_mpi,Hometown Food Company,"594 N Industrial Park Road, Milton, PA",V794A,USA,1.0,1292,1292 m apart,
us_fsis_mpi:M795+P795+V795,us_fsis_mpi,"Monogram Meat Snacks, LLC","200 Knauss Dr., Martinsville, VA",M795+P795+V795,us_fsis_mpi:M795B+P795B,us_fsis_mpi,Monogram Snacks,"220 Mehler Lane, Martinsville, VA",M795B+P795B,USA,1.0,361,361 m apart,
us_fsis_mpi:M8038,us_fsis_mpi,Bill Newsome Hams,"127 N. Highland Avenue, Princeton, KY",M8038,us_fsis_mpi:M8038A,us_fsis_mpi,Bill Newsome Hams,"208 E Main St, Princeton, KY",M8038A,USA,1.0,882,882 m apart,
us_fsis_mpi:M8566+P8566,us_fsis_mpi,Hazle Park Packing Co.,"260 Washington Avenue, West Hazleton, PA",M8566+P8566,us_fsis_mpi:V20760A,us_fsis_mpi,Hazle Park Cold Storage Inc.,"260 Washington Avenue Building C, West Hazleton, PA",V20760A,USA,0.5,0,0 m apart,
us_fsis_mpi:P1042,us_fsis_mpi,Perdue Foods LLC,"1500 Cader Lane, Petaluma, CA",P1042,us_fsis_mpi:P2882,us_fsis_mpi,Perdue Foods LLC,"2700 Lakeville Highway, Petaluma, CA",P2882,USA,1.0,819,819 m apart,
us_fsis_mpi:P1304A+V1304A,us_fsis_mpi,"Farmers Pride, Inc.","2929 US Route 22, Fredericksburg, PA",P1304A+V1304A,us_fsis_mpi:P1304B+V1304B,us_fsis_mpi,"Farmers Pride, Inc.","520 Chestnut Hill Road, Fredericksburg, PA",P1304B+V1304B,USA,1.0,909,909 m apart,
us_fsis_mpi:P19833+V19833,us_fsis_mpi,Koch Foods of Mississippi LLC,"410 Koch Drive Suite 200, Morton, MS",P19833+V19833,us_fsis_mpi:P34296,us_fsis_mpi,Koch Foods of Mississippi-Morton Prepared,"410 Koch Drive Suite 100, Morton, MS",P34296,USA,0.5,0,0 m apart,
us_fsis_mpi:P21234,us_fsis_mpi,Perdue Foods LLC,"250 Ga Hwy 247 Spur, Perry, GA",P21234,us_fsis_mpi:P33944,us_fsis_mpi,Perdue Foods LLC,"240 GA Highway 247 Spur, Perry, GA",P33944,USA,1.0,281,281 m apart,
us_fsis_mpi:P7769,us_fsis_mpi,"Farbest Foods, Inc.","4689 S. 400 West, Huntingburg, IN",P7769,us_fsis_mpi:P7769A+V7769A,us_fsis_mpi,"Farbest Foods, Inc.","4900 S. 400 West, Huntingburg, IN",P7769A+V7769A,USA,1.0,499,499 m apart,
us_fsis_mpi:V18778,us_fsis_mpi,Americold Logistics LLC,"1740 B Westgate Parkway, Atlanta, GA",V18778,us_fsis_mpi:V20982,us_fsis_mpi,Americold Logistics Inc,"1845 Westgate Parkway, Atlanta, GA",V20982,USA,1.0,387,387 m apart,
us_fsis_mpi:V20989,us_fsis_mpi,AmeriCold Logistics,"200 Railhead Road, Fort Worth, TX",V20989,us_fsis_mpi:V33830,us_fsis_mpi,"Americold Logistics, LLC","350 Meacham Boulevard, Fort Worth, TX",V33830,USA,1.0,968,968 m apart,
us_fsis_mpi:V3058,us_fsis_mpi,Core X Gress,"104 Hudson Avenue, Scranton, PA",V3058,us_fsis_mpi:V3058A,us_fsis_mpi,Core X Gress,"992 North South Road, Scranton, PA",V3058A,USA,1.0,1070,1070 m apart,
us_fsis_mpi:V3058A,us_fsis_mpi,Core X Gress,"992 North South Road, Scranton, PA",V3058A,us_fsis_mpi:V3058C,us_fsis_mpi,Core X Gress,"1520 North Keyser Avenue Building #4, Scranton, PA",V3058C,USA,1.0,898,898 m apart,
us_fsis_mpi:V3220,us_fsis_mpi,"MDV/Spartannash, LLC","1187 Azalea Garden Road, Norfolk, VA",V3220,us_fsis_mpi:V3220A,us_fsis_mpi,"MDV/Spartannash, LLC","1133 Kingwood Avenue, Norfolk, VA",V3220A,USA,1.0,520,520 m apart,
eu_traces_third_country:01,eu_traces_third_country,CALIRAL S.A. (FRIMARAL),Luis Batlle Berres 5175,01,eu_traces_third_country:23,eu_traces_third_country,Caliral S.A.,Luis Batlle Berres 5175,23,URU,0.5,,same postcode and street number,
eu_traces_third_country:2043,eu_traces_third_country,"Golden Prize Canning Co., Ltd.","55/4 M003 Kok-Kham Rd, Bangyaprack,",2043,eu_traces_third_country:7104,eu_traces_third_country,"GOLDEN PRIZE CANNING CO., LTD",14/12 Moo.9 KOK-KHAM,7104,THA,1.0,,"identical name, no usable location on either record",
eu_traces_third_country:18,eu_traces_third_country,"CPF (Thailand) Public Co., Ltd.","111 SOI BANGNA-TRAD 20, BANGNATAI",18,eu_traces_third_country:139,eu_traces_third_country,"CPF (Thailand) Public Co., Ltd.","333,333/1-2 Moo 9, Sikhiu-Det Udom Road, Thayiem",139,THA,1.0,,"identical name, no usable location on either record",
eu_traces_third_country:1251,eu_traces_third_country,"Chocksamut Marine Co., Ltd.","57/40 Moo 4, Khok Kham",1251,eu_traces_third_country:7087,eu_traces_third_country,"Chocksamut Marine Co., Ltd.","57/40 Moo4, Khok Kham",7087,THA,1.0,,"identical name, no usable location on either record",
eu_traces_third_country:1015,eu_traces_third_country,Kiang Huat Sea Gull Trading Frozen Food Public Company Limited,"4/2 Moo3, Asia Highway No.43",1015,eu_traces_third_country:1404,eu_traces_third_country,"Kiang Huat Sea Gull Trading Frozen Food Public Co., Ltd.","55/83 Moo6, Tha Sai",1404,THA,1.0,,"identical name, no usable location on either record",
eu_traces_third_country:1163,eu_traces_third_country,"Andaman Surimi Industries Co., Ltd.","12/32 Moo3, Bang Krachao",1163,eu_traces_third_country:7095,eu_traces_third_country,"ANDAMAN SURIMI INDUSTRIES CO., LTD","12/32 Moo3, Bang Krachao",7095,THA,1.0,,"identical name, no usable location on either record",
eu_traces_third_country:1354,eu_traces_third_country,"Bangkok Seafood Co., Ltd","66/19 Moo 3, Ekkachai Road, Nadee",1354,eu_traces_third_country:7007,eu_traces_third_country,"Bangkok Seafood Co., Ltd.","66/8 Moo3, Ekachai Rd, Nadee",7007,THA,1.0,,"identical name, no usable location on either record",
eu_traces_third_country:7077,eu_traces_third_country,"Piti Foods Co., Ltd.",33/3 Moo 5 Wat khanun,7077,eu_traces_third_country:1407,eu_traces_third_country,"Piti Foods Co., Ltd.",33/3 Moo 5 Wat Khanun,1407,THA,1.0,,"identical name, no usable location on either record",
eu_traces_third_country:5406,eu_traces_third_country,"R. Monkhorn Frozen Food Co., Ltd.","102/78 Moo 3, Bang Ya Phraek",5406,eu_traces_third_country:2096,eu_traces_third_country,"R. Monkhorn Frozen Food Co., Ltd.","102/159 Moo 3, Bang Ya Phraek",2096,THA,1.0,,"identical name, no usable location on either record",
eu_traces_third_country:4703,eu_traces_third_country,KNK Poultry Products Ltd,318 Aston Church Road Saltley,4703,eu_traces_third_country:2911,eu_traces_third_country,Ridgeway Poultry Products Ltd,Rear of 318-320 Aston Church Road Birmingham West Midlands B8 1QA,2911,UNI,0.5,,same postcode and street number,
eu_traces_third_country:1069,eu_traces_third_country,Philip Dennis FoodService Limited (T/A Philip Dennis Foodservice),Unit 4 Brannam Crescent Roundswell Business Park EX31 3TD,1069,eu_traces_third_country:ND 040,eu_traces_third_country,Philip Dennis Food Service,Unit 4 Oakwood Close Roundswell Industrial Estate Barnstaple EX31 3NJ England,ND 040,UNI,0.5,,same postcode and street number,
eu_traces_third_country:GG 548,eu_traces_third_country,DD Fish Supplies Limited,Unit 8 Grimsby Seafood Village Grimsby DN31 3SX England,GG 548,eu_traces_third_country:GG 547,eu_traces_third_country,DNA Fish Supplies Ltd,Unit 8 Grimsby Seafood Village Grimsby DN31 3SX England,GG 547,UNI,0.5,,same postcode and street number,
eu_traces_third_country:GG 579,eu_traces_third_country,Freshney Fish Sales,Unit 4 Prince Albert Gardens Grimsby North East Lincolnshire DN31 3AG,GG 579,eu_traces_third_country:GG 563,eu_traces_third_country,J W Mellin Fish Sales,4 Prince Albert Gardens Grimsby DN31 3AG England,GG 563,UNI,0.5,,same postcode and street number,
eu_traces_third_country:3042722633,eu_traces_third_country,"AACH Holding Co. No. 2, LLC FV BEATRIZ CRISTINA",7850 Nw South River Dr,3042722633,eu_traces_third_country:3031626887,eu_traces_third_country,"AACH Holding Co. No. 2, LLC FV ISABELLA",7850 Nw South River Dr,3031626887,UNI,0.571,,same postcode and street number,
eu_traces_third_country:3042722633,eu_traces_third_country,"AACH Holding Co. No. 2, LLC FV BEATRIZ CRISTINA",7850 Nw South River Dr,3042722633,eu_traces_third_country:3007002156,eu_traces_third_country,"AACH Holding Co., LLC FV DANIELA",7850 Nw South River Dr,3007002156,UNI,0.429,,same postcode and street number,
eu_traces_third_country:3031626887,eu_traces_third_country,"AACH Holding Co. No. 2, LLC FV ISABELLA",7850 Nw South River Dr,3031626887,eu_traces_third_country:3007002156,eu_traces_third_country,"AACH Holding Co., LLC FV DANIELA",7850 Nw South River Dr,3007002156,UNI,0.5,,same postcode and street number,
eu_traces_third_country:3025916,eu_traces_third_country,American Seafoods Company LLC - F/T American Dynasty,2025 First Ave Suite 900,3025916,eu_traces_third_country:3027511856,eu_traces_third_country,American Seafoods Company LLC - F/T American Empress II,"F/T American Empress II, 2025 First Ave Suite 900",3027511856,UNI,0.4,,same postcode and street number,
eu_traces_third_country:3025916,eu_traces_third_country,American Seafoods Company LLC - F/T American Dynasty,2025 First Ave Suite 900,3025916,eu_traces_third_country:3025919,eu_traces_third_country,American Seafoods Company LLC - F/T American Triumph,2025 First Ave Suite 900,3025919,UNI,0.5,,same postcode and street number,
eu_traces_third_country:3025916,eu_traces_third_country,American Seafoods Company LLC - F/T American Dynasty,2025 First Ave Suite 900,3025916,eu_traces_third_country:3025960,eu_traces_third_country,American Seafoods Company LLC - F/T Northern Eagle,2025 First Ave Suite 900,3025960,UNI,0.4,,same postcode and street number,
eu_traces_third_country:3025916,eu_traces_third_country,American Seafoods Company LLC - F/T American Dynasty,2025 First Ave Suite 900,3025916,eu_traces_third_country:3025964,eu_traces_third_country,American Seafoods Company LLC - F/T Northern Jaeger,2025 First Ave Suite 900,3025964,UNI,0.4,,same postcode and street number,
eu_traces_third_country:3025916,eu_traces_third_country,American Seafoods Company LLC - F/T American Dynasty,2025 First Ave Suite 900,3025916,eu_traces_third_country:3025034,eu_traces_third_country,American Seafoods Company LLC - F/T Ocean Rover,2025 First Ave Suite 900,3025034,UNI,0.4,,same postcode and street number,
eu_traces_third_country:3025916,eu_traces_third_country,American Seafoods Company LLC - F/T American Dynasty,2025 First Ave Suite 900,3025916,eu_traces_third_country:3031113,eu_traces_third_country,American Seafoods Company LLC- F/T Katie Ann,2025 First Ave Suite 900,3031113,UNI,0.4,,same postcode and street number,
eu_traces_third_country:3027511856,eu_traces_third_country,American Seafoods Company LLC - F/T American Empress II,"F/T American Empress II, 2025 First Ave Suite 900",3027511856,eu_traces_third_country:3025919,eu_traces_third_country,American Seafoods Company LLC - F/T American Triumph,2025 First Ave Suite 900,3025919,UNI,0.4,,same postcode and street number,
eu_traces_third_country:3025919,eu_traces_third_country,American Seafoods Company LLC - F/T American Triumph,2025 First Ave Suite 900,3025919,eu_traces_third_country:3025960,eu_traces_third_country,American Seafoods Company LLC - F/T Northern Eagle,2025 First Ave Suite 900,3025960,UNI,0.4,,same postcode and street number,
eu_traces_third_country:3025919,eu_traces_third_country,American Seafoods Company LLC - F/T American Triumph,2025 First Ave Suite 900,3025919,eu_traces_third_country:3025964,eu_traces_third_country,American Seafoods Company LLC - F/T Northern Jaeger,2025 First Ave Suite 900,3025964,UNI,0.4,,same postcode and street number,
eu_traces_third_country:3025919,eu_traces_third_country,American Seafoods Company LLC - F/T American Triumph,2025 First Ave Suite 900,3025919,eu_traces_third_country:3025034,eu_traces_third_country,American Seafoods Company LLC - F/T Ocean Rover,2025 First Ave Suite 900,3025034,UNI,0.4,,same postcode and street number,
eu_traces_third_country:3025919,eu_traces_third_country,American Seafoods Company LLC - F/T American Triumph,2025 First Ave Suite 900,3025919,eu_traces_third_country:3031113,eu_traces_third_country,American Seafoods Company LLC- F/T Katie Ann,2025 First Ave Suite 900,3031113,UNI,0.4,,same postcode and street number,
eu_traces_third_country:3013010756,eu_traces_third_country,COASTAL VILLAGES LONGLINE LLC F/V FLICKA,711 H STREET SUITE 200,3013010756,eu_traces_third_country:3008847836,eu_traces_third_country,Coastal Villages Longline LLC - F/V Lilli Ann,711 H St Ste 200,3008847836,UNI,0.5,,same postcode and street number,
eu_traces_third_country:3009321018,eu_traces_third_country,Cape Cod Fishing LP - ZV Cape Cod,15375 Se 30th Pl Ste 280,3009321018,eu_traces_third_country:3009755594,eu_traces_third_country,"F/V Cape Finisterre Fishing, LP","Eastgate Office Park, 15375 Se 30th Pl Ste 280",3009755594,UNI,0.4,,same postcode and street number,
eu_traces_third_country:3009321018,eu_traces_third_country,Cape Cod Fishing LP - ZV Cape Cod,15375 Se 30th Pl Ste 280,3009321018,eu_traces_third_country:3009755552,eu_traces_third_country,"Z/V Cape Breton Fishing, LP","Eastgate Office Park Iii, 15375 Se 30th Pl Ste 280",3009755552,UNI,0.4,,same postcode and street number,
eu_traces_third_country:3009321018,eu_traces_third_country,Cape Cod Fishing LP - ZV Cape Cod,15375 Se 30th Pl Ste 280,3009321018,eu_traces_third_country:3009755574,eu_traces_third_country,"Z/V Cape Elizabeth Fishing, LP","Eastgate Office Park Iii, 15375 Se 30th Pl Ste 280",3009755574,UNI,0.4,,same postcode and street number,
eu_traces_third_country:3009321018,eu_traces_third_country,Cape Cod Fishing LP - ZV Cape Cod,15375 Se 30th Pl Ste 280,3009321018,eu_traces_third_country:3009755581,eu_traces_third_country,"Z/V Cape Ferrat Fishing, LP","Eastgate Office Park Iii, 15375 Se 30th Pl Ste 280",3009755581,UNI,0.4,,same postcode and street number,
eu_traces_third_country:3009755594,eu_traces_third_country,"F/V Cape Finisterre Fishing, LP","Eastgate Office Park, 15375 Se 30th Pl Ste 280",3009755594,eu_traces_third_country:3009755552,eu_traces_third_country,"Z/V Cape Breton Fishing, LP","Eastgate Office Park Iii, 15375 Se 30th Pl Ste 280",3009755552,UNI,0.5,,same postcode and street number,
eu_traces_third_country:3009755594,eu_traces_third_country,"F/V Cape Finisterre Fishing, LP","Eastgate Office Park, 15375 Se 30th Pl Ste 280",3009755594,eu_traces_third_country:3009755574,eu_traces_third_country,"Z/V Cape Elizabeth Fishing, LP","Eastgate Office Park Iii, 15375 Se 30th Pl Ste 280",3009755574,UNI,0.5,,same postcode and street number,
eu_traces_third_country:3009755594,eu_traces_third_country,"F/V Cape Finisterre Fishing, LP","Eastgate Office Park, 15375 Se 30th Pl Ste 280",3009755594,eu_traces_third_country:3009755581,eu_traces_third_country,"Z/V Cape Ferrat Fishing, LP","Eastgate Office Park Iii, 15375 Se 30th Pl Ste 280",3009755581,UNI,0.5,,same postcode and street number,
eu_traces_third_country:3009755552,eu_traces_third_country,"Z/V Cape Breton Fishing, LP","Eastgate Office Park Iii, 15375 Se 30th Pl Ste 280",3009755552,eu_traces_third_country:3009755574,eu_traces_third_country,"Z/V Cape Elizabeth Fishing, LP","Eastgate Office Park Iii, 15375 Se 30th Pl Ste 280",3009755574,UNI,0.5,,same postcode and street number,
eu_traces_third_country:3009755552,eu_traces_third_country,"Z/V Cape Breton Fishing, LP","Eastgate Office Park Iii, 15375 Se 30th Pl Ste 280",3009755552,eu_traces_third_country:3009755581,eu_traces_third_country,"Z/V Cape Ferrat Fishing, LP","Eastgate Office Park Iii, 15375 Se 30th Pl Ste 280",3009755581,UNI,0.5,,same postcode and street number,
eu_traces_third_country:3009755574,eu_traces_third_country,"Z/V Cape Elizabeth Fishing, LP","Eastgate Office Park Iii, 15375 Se 30th Pl Ste 280",3009755574,eu_traces_third_country:3009755581,eu_traces_third_country,"Z/V Cape Ferrat Fishing, LP","Eastgate Office Park Iii, 15375 Se 30th Pl Ste 280",3009755581,UNI,0.5,,same postcode and street number,
eu_traces_third_country:3025904,eu_traces_third_country,Glacier Fish Co LLC - Alaska Ocean F/T,"2001 W. Garfield St., Terminal 91, Building A-1",3025904,eu_traces_third_country:3023666,eu_traces_third_country,"Glacier Fish Co., LLC - F/T Northern Glacier","2001 W Garfield St, Terminal 91, Building A-1",3023666,UNI,0.4,,same postcode and street number,
eu_traces_third_country:3010788237,eu_traces_third_country,International Food Group Jacksonville,3100 Hilton St,3010788237,eu_traces_third_country:V21654A,eu_traces_third_country,"Sysco International Food Group, Inc.",3100 Hilton Street,V21654A,UNI,0.5,,same postcode and street number,
eu_traces_third_country:1000305618,eu_traces_third_country,Karen Sue Inc. dba FV Debbie Sue,54 Perrywinkle Rd,1000305618,eu_traces_third_country:1000305619,eu_traces_third_country,Karen Sue Inc. dba FV Margaret Holley,54 Perrywinkle Rd,1000305619,UNI,0.571,,same postcode and street number,
eu_traces_third_country:3025997,eu_traces_third_country,Trident Seafoods Corp. - C/P Starbound,5303 Shilshole Ave Nw,3025997,eu_traces_third_country:3025952,eu_traces_third_country,Trident Seafoods Corp. - F/T Island Enterprise,5303 Shilshole Ave NW,3025952,UNI,0.4,,same postcode and street number,
eu_traces_third_country:3025997,eu_traces_third_country,Trident Seafoods Corp. - C/P Starbound,5303 Shilshole Ave Nw,3025997,eu_traces_third_country:3025989,eu_traces_third_country,Trident Seafoods Corp. - F/T Seattle Enterprise,5303 Shilshole Ave NW,3025989,UNI,0.4,,same postcode and street number,
eu_traces_third_country:3025997,eu_traces_third_country,Trident Seafoods Corp. - C/P Starbound,5303 Shilshole Ave Nw,3025997,eu_traces_third_country:3006388231,eu_traces_third_country,Trident Seafoods Corp. - P/B Alaskan Venturer,5303 Shilshole Ave NW,3006388231,UNI,0.4,,same postcode and street number,
eu_traces_third_country:3056,eu_traces_third_country,Americold Logistics,,3056,eu_traces_third_country:V17754,eu_traces_third_country,Americold Logistics,201 1st Ave South,V17754,UNI,1.0,,"identical name, no usable location on either record",
eu_traces_third_country:3056,eu_traces_third_country,Americold Logistics,,3056,eu_traces_third_country:3318,eu_traces_third_country,Americold Logistics,,3318,UNI,1.0,,"identical name, no usable location on either record",
eu_traces_third_country:3056,eu_traces_third_country,Americold Logistics,,3056,eu_traces_third_country:3216,eu_traces_third_country,Americold Logistics,,3216,UNI,1.0,,"identical name, no usable location on either record",
eu_traces_third_country:V17754,eu_traces_third_country,Americold Logistics,201 1st Ave South,V17754,eu_traces_third_country:3318,eu_traces_third_country,Americold Logistics,,3318,UNI,1.0,,"identical name, no usable location on either record",
eu_traces_third_country:V17754,eu_traces_third_country,Americold Logistics,201 1st Ave South,V17754,eu_traces_third_country:3216,eu_traces_third_country,Americold Logistics,,3216,UNI,1.0,,"identical name, no usable location on either record",
eu_traces_third_country:3318,eu_traces_third_country,Americold Logistics,,3318,eu_traces_third_country:3216,eu_traces_third_country,Americold Logistics,,3216,UNI,1.0,,"identical name, no usable location on either record",
eu_traces_third_country:3006165078,eu_traces_third_country,"Del Mar Seafoods, Inc.",924 E 3rd St,3006165078,eu_traces_third_country:2955466,eu_traces_third_country,"Del Mar Seafoods, Inc.",331 Ford St,2955466,UNI,1.0,,"identical name, no usable location on either record",
eu_traces_third_country:3019699,eu_traces_third_country,Lineage Logistics,206 Sw Michigan St,3019699,eu_traces_third_country:3010352635,eu_traces_third_country,Lineage Logistics,,3010352635,UNI,1.0,,"identical name, no usable location on either record",
eu_traces_third_country:3019848,eu_traces_third_country,"North Star Cold Storage, Inc.",27100 Pioneer Hwy,3019848,eu_traces_third_country:3011863990,eu_traces_third_country,"North Star Cold Storage, Inc.",210 S West Ave,3011863990,UNI,1.0,,"identical name, no usable location on either record",
eu_traces_third_country:3010260,eu_traces_third_country,South Bend Products,18 Valley Street,3010260,eu_traces_third_country:3002277737,eu_traces_third_country,"South Bend Products, Llc.",237 West Robert Bush Dr.,3002277737,UNI,1.0,,"identical name, no usable location on either record",
eu_traces_third_country:3012305965,eu_traces_third_country,Sun Coast Calamari Inc.,555b Walker St,3012305965,eu_traces_third_country:1000306506,eu_traces_third_country,"Sun Coast Calamari, Inc.",928 E 3rd St,1000306506,UNI,1.0,,"identical name, no usable location on either record",
eu_traces_third_country:M 34719; V 34719,eu_traces_third_country,"Golden Valley Natural, LLC",1740 Yellowstone Hwy,M 34719; V 34719,eu_traces_third_country:M 6220A; V 6220A,eu_traces_third_country,"Golden Valley Natural, LLC",815 E. 1400 N.,M 6220A; V 6220A,UNI,1.0,,"identical name, no usable location on either record",
eu_traces_third_country:M 34719; V 34719,eu_traces_third_country,"Golden Valley Natural, LLC",1740 Yellowstone Hwy,M 34719; V 34719,eu_traces_third_country:P 6220A;V 6220A,eu_traces_third_country,"Golden Valley Natural, LLC",815 E. 1400 N.,P 6220A;V 6220A,UNI,1.0,,"identical name, no usable location on either record",
eu_traces_third_country:M 34719; V 34719,eu_traces_third_country,"Golden Valley Natural, LLC",1740 Yellowstone Hwy,M 34719; V 34719,eu_traces_third_country:P 34719; V 34719,eu_traces_third_country,"Golden Valley Natural, LLC",1740 Yellowstone Hwy,P 34719; V 34719,UNI,1.0,,"identical name, no usable location on either record",
eu_traces_third_country:M 6220A; V 6220A,eu_traces_third_country,"Golden Valley Natural, LLC",815 E. 1400 N.,M 6220A; V 6220A,eu_traces_third_country:P 6220A;V 6220A,eu_traces_third_country,"Golden Valley Natural, LLC",815 E. 1400 N.,P 6220A;V 6220A,UNI,1.0,,"identical name, no usable location on either record",
eu_traces_third_country:M 6220A; V 6220A,eu_traces_third_country,"Golden Valley Natural, LLC",815 E. 1400 N.,M 6220A; V 6220A,eu_traces_third_country:P 34719; V 34719,eu_traces_third_country,"Golden Valley Natural, LLC",1740 Yellowstone Hwy,P 34719; V 34719,UNI,1.0,,"identical name, no usable location on either record",
eu_traces_third_country:P 6220A;V 6220A,eu_traces_third_country,"Golden Valley Natural, LLC",815 E. 1400 N.,P 6220A;V 6220A,eu_traces_third_country:P 34719; V 34719,eu_traces_third_country,"Golden Valley Natural, LLC",1740 Yellowstone Hwy,P 34719; V 34719,UNI,1.0,,"identical name, no usable location on either record",
eu_traces_third_country:47547,eu_traces_third_country,"Intermountain Packing, LLC",1096 East Iona Road,47547,eu_traces_third_country:V47547,eu_traces_third_country,"Intermountain Packing, LLC",1096 East Iona Road,V47547,UNI,1.0,,"identical name, no usable location on either record",
eu_traces_third_country:21547,eu_traces_third_country,"LPB, Inc.",,21547,eu_traces_third_country:21547 P,eu_traces_third_country,LPB Inc.,220 West 1st Street,21547 P,UNI,1.0,,"identical name, no usable location on either record",
"eu_traces_third_country:M1557, V1557",eu_traces_third_country,"MacDonald Meat Company, Inc.",2709 Airport Way South,"M1557, V1557","eu_traces_third_country:P 9326, V 1557",eu_traces_third_country,"MacDonald Meat Company, Inc.",2709 Airport Way South,"P 9326, V 1557",UNI,1.0,,"identical name, no usable location on either record",
eu_traces_third_country:M 34560; P 34560; V 34560,eu_traces_third_country,Mullica Hill Cold Storage Inc.,3 Gateway Boulevard,M 34560; P 34560; V 34560,eu_traces_third_country:I-182,eu_traces_third_country,"Mullica Hill Cold Storage, Inc.",,I-182,UNI,1.0,,"identical name, no usable location on either record",
eu_traces_third_country:V21488,eu_traces_third_country,OWB Packers LLC,57 East Shank Road,V21488,eu_traces_third_country:21488,eu_traces_third_country,OWB Packers LLC,57 East Shank Road,21488,UNI,1.0,,"identical name, no usable location on either record",
eu_traces_third_country:2S,eu_traces_third_country,Caroline (Sea Harvest Corp),"4 South Arm Rd, Table Bay Harbour , Cape Town",2S,eu_traces_third_country:VO,eu_traces_third_country,Laverne (Sea Harvest Corp),"4 South Arm Rd, Table Bay Harbour , Cape Town",VO,SOU,0.5,,same postcode and street number,
eu_traces_third_country:2S,eu_traces_third_country,Caroline (Sea Harvest Corp),"4 South Arm Rd, Table Bay Harbour , Cape Town",2S,eu_traces_third_country:V3,eu_traces_third_country,Lee Anne (Sea Harvest Corp),"4 South Arm Rd, Table Bay Harbour",V3,SOU,0.4,,same postcode and street number,
eu_traces_third_country:2S,eu_traces_third_country,Caroline (Sea Harvest Corp),"4 South Arm Rd, Table Bay Harbour , Cape Town",2S,eu_traces_third_country:RF,eu_traces_third_country,Sistro (Sea Harvest Corp),"4 South Arm Rd, Table Bay Harbour",RF,SOU,0.5,,same postcode and street number,
eu_traces_third_country:2S,eu_traces_third_country,Caroline (Sea Harvest Corp),"4 South Arm Rd, Table Bay Harbour , Cape Town",2S,eu_traces_third_country:RC,eu_traces_third_country,Striker (Sea Harvest Corp),"4 South Arm Rd, Table Bay Harbour , Cape Town",RC,SOU,0.5,,same postcode and street number,
eu_traces_third_country:VO,eu_traces_third_country,Laverne (Sea Harvest Corp),"4 South Arm Rd, Table Bay Harbour , Cape Town",VO,eu_traces_third_country:V3,eu_traces_third_country,Lee Anne (Sea Harvest Corp),"4 South Arm Rd, Table Bay Harbour",V3,SOU,0.4,,same postcode and street number,
eu_traces_third_country:VO,eu_traces_third_country,Laverne (Sea Harvest Corp),"4 South Arm Rd, Table Bay Harbour , Cape Town",VO,eu_traces_third_country:RF,eu_traces_third_country,Sistro (Sea Harvest Corp),"4 South Arm Rd, Table Bay Harbour",RF,SOU,0.5,,same postcode and street number,
eu_traces_third_country:VO,eu_traces_third_country,Laverne (Sea Harvest Corp),"4 South Arm Rd, Table Bay Harbour , Cape Town",VO,eu_traces_third_country:RC,eu_traces_third_country,Striker (Sea Harvest Corp),"4 South Arm Rd, Table Bay Harbour , Cape Town",RC,SOU,0.5,,same postcode and street number,
eu_traces_third_country:V3,eu_traces_third_country,Lee Anne (Sea Harvest Corp),"4 South Arm Rd, Table Bay Harbour",V3,eu_traces_third_country:RF,eu_traces_third_country,Sistro (Sea Harvest Corp),"4 South Arm Rd, Table Bay Harbour",RF,SOU,0.4,,same postcode and street number,
eu_traces_third_country:V3,eu_traces_third_country,Lee Anne (Sea Harvest Corp),"4 South Arm Rd, Table Bay Harbour",V3,eu_traces_third_country:RC,eu_traces_third_country,Striker (Sea Harvest Corp),"4 South Arm Rd, Table Bay Harbour , Cape Town",RC,SOU,0.4,,same postcode and street number,
eu_traces_third_country:RF,eu_traces_third_country,Sistro (Sea Harvest Corp),"4 South Arm Rd, Table Bay Harbour",RF,eu_traces_third_country:RC,eu_traces_third_country,Striker (Sea Harvest Corp),"4 South Arm Rd, Table Bay Harbour , Cape Town",RC,SOU,0.5,,same postcode and street number,
eu_traces_third_country:XA,eu_traces_third_country,Allin (Sea Harvest Corp),"4 South Arm Rd, Table Bay Harbour , Cape Town",XA,eu_traces_third_country:P7,eu_traces_third_country,Andromeda (Sea Harvest Corp),"4 South Arm Rd, Table Bay Harbour , Cape Town",P7,SOU,0.5,,same postcode and street number,
eu_traces_third_country:XA,eu_traces_third_country,Allin (Sea Harvest Corp),"4 South Arm Rd, Table Bay Harbour , Cape Town",XA,eu_traces_third_country:YF,eu_traces_third_country,Casablanca (Sea Harvest Corp),"4 South Arm Rd, Table Bay Harbour , Cape Town",YF,SOU,0.5,,same postcode and street number,
eu_traces_third_country:XA,eu_traces_third_country,Allin (Sea Harvest Corp),"4 South Arm Rd, Table Bay Harbour , Cape Town",XA,eu_traces_third_country:V4,eu_traces_third_country,Lincoln (Sea Harvest Corp),"4 South Arm Rd, Table Bay Harbour",V4,SOU,0.5,,same postcode and street number,
eu_traces_third_country:XA,eu_traces_third_country,Allin (Sea Harvest Corp),"4 South Arm Rd, Table Bay Harbour , Cape Town",XA,eu_traces_third_country:V1,eu_traces_third_country,Lisinda (Sea Harvest Corp),"4 South Arm Rd, Table Bay Harbour",V1,SOU,0.5,,same postcode and street number,
eu_traces_third_country:XA,eu_traces_third_country,Allin (Sea Harvest Corp),"4 South Arm Rd, Table Bay Harbour , Cape Town",XA,eu_traces_third_country:V2,eu_traces_third_country,Lucerne (Sea Harvest Corp),"4 South Arm Rd, Table Bay Harbour , Cape Town",V2,SOU,0.5,,same postcode and street number,
eu_traces_third_country:P7,eu_traces_third_country,Andromeda (Sea Harvest Corp),"4 South Arm Rd, Table Bay Harbour , Cape Town",P7,eu_traces_third_country:YF,eu_traces_third_country,Casablanca (Sea Harvest Corp),"4 South Arm Rd, Table Bay Harbour , Cape Town",YF,SOU,0.5,,same postcode and street number,
eu_traces_third_country:P7,eu_traces_third_country,Andromeda (Sea Harvest Corp),"4 South Arm Rd, Table Bay Harbour , Cape Town",P7,eu_traces_third_country:V4,eu_traces_third_country,Lincoln (Sea Harvest Corp),"4 South Arm Rd, Table Bay Harbour",V4,SOU,0.5,,same postcode and street number,
eu_traces_third_country:P7,eu_traces_third_country,Andromeda (Sea Harvest Corp),"4 South Arm Rd, Table Bay Harbour , Cape Town",P7,eu_traces_third_country:V1,eu_traces_third_country,Lisinda (Sea Harvest Corp),"4 South Arm Rd, Table Bay Harbour",V1,SOU,0.5,,same postcode and street number,
eu_traces_third_country:P7,eu_traces_third_country,Andromeda (Sea Harvest Corp),"4 South Arm Rd, Table Bay Harbour , Cape Town",P7,eu_traces_third_country:V2,eu_traces_third_country,Lucerne (Sea Harvest Corp),"4 South Arm Rd, Table Bay Harbour , Cape Town",V2,SOU,0.5,,same postcode and street number,
eu_traces_third_country:YF,eu_traces_third_country,Casablanca (Sea Harvest Corp),"4 South Arm Rd, Table Bay Harbour , Cape Town",YF,eu_traces_third_country:V4,eu_traces_third_country,Lincoln (Sea Harvest Corp),"4 South Arm Rd, Table Bay Harbour",V4,SOU,0.5,,same postcode and street number,
eu_traces_third_country:YF,eu_traces_third_country,Casablanca (Sea Harvest Corp),"4 South Arm Rd, Table Bay Harbour , Cape Town",YF,eu_traces_third_country:V1,eu_traces_third_country,Lisinda (Sea Harvest Corp),"4 South Arm Rd, Table Bay Harbour",V1,SOU,0.5,,same postcode and street number,
eu_traces_third_country:YF,eu_traces_third_country,Casablanca (Sea Harvest Corp),"4 South Arm Rd, Table Bay Harbour , Cape Town",YF,eu_traces_third_country:V2,eu_traces_third_country,Lucerne (Sea Harvest Corp),"4 South Arm Rd, Table Bay Harbour , Cape Town",V2,SOU,0.5,,same postcode and street number,
eu_traces_third_country:V4,eu_traces_third_country,Lincoln (Sea Harvest Corp),"4 South Arm Rd, Table Bay Harbour",V4,eu_traces_third_country:V1,eu_traces_third_country,Lisinda (Sea Harvest Corp),"4 South Arm Rd, Table Bay Harbour",V1,SOU,0.5,,same postcode and street number,
eu_traces_third_country:V4,eu_traces_third_country,Lincoln (Sea Harvest Corp),"4 South Arm Rd, Table Bay Harbour",V4,eu_traces_third_country:V2,eu_traces_third_country,Lucerne (Sea Harvest Corp),"4 South Arm Rd, Table Bay Harbour , Cape Town",V2,SOU,0.5,,same postcode and street number,
eu_traces_third_country:V1,eu_traces_third_country,Lisinda (Sea Harvest Corp),"4 South Arm Rd, Table Bay Harbour",V1,eu_traces_third_country:V2,eu_traces_third_country,Lucerne (Sea Harvest Corp),"4 South Arm Rd, Table Bay Harbour , Cape Town",V2,SOU,0.5,,same postcode and street number,
eu_traces_third_country:UV,eu_traces_third_country,Jorika (Trados Fishing Company (Pty) Ltd.,"33 Baakens Street, Central, Port Elizabeth,6000.",UV,eu_traces_third_country:TU,eu_traces_third_country,Sarabi -(Trados Fishing Co Pty Ltd),33 Baakenstreet,TU,SOU,0.5,,same postcode and street number,
eu_traces_third_country:KORF-536,eu_traces_third_country,"BONAMI (DONGWON INDUSTRIES CO., LTD.)","68, Mabang-ro, Seocho-gu, Seoul, Korea",KORF-536,eu_traces_third_country:KORF-285,eu_traces_third_country,"Blue Ocean (Dongwon Industries Co., Ltd)","68, Mabang-ro, Seocho-gu, Seoul, Korea",KORF-285,SOU,0.4,,same postcode and street number,
eu_traces_third_country:KORF-536,eu_traces_third_country,"BONAMI (DONGWON INDUSTRIES CO., LTD.)","68, Mabang-ro, Seocho-gu, Seoul, Korea",KORF-536,eu_traces_third_country:KORF-576,eu_traces_third_country,"DONGWON INDUSTRIES CO., LTD,(HANARO)","68 MABANG-RO, SEOCHO-GU, SEOUL, REPUBLIC OF KOREA",KORF-576,SOU,0.5,,same postcode and street number,
eu_traces_third_country:KORF-536,eu_traces_third_country,"BONAMI (DONGWON INDUSTRIES CO., LTD.)","68, Mabang-ro, Seocho-gu, Seoul, Korea",KORF-536,eu_traces_third_country:KORF-499,eu_traces_third_country,"HANARA (Dongwon Industries Co., Ltd)","68, Mabang-ro, Seocho-gu, Seoul, Korea",KORF-499,SOU,0.5,,same postcode and street number,
eu_traces_third_country:KORF-536,eu_traces_third_country,"BONAMI (DONGWON INDUSTRIES CO., LTD.)","68, Mabang-ro, Seocho-gu, Seoul, Korea",KORF-536,eu_traces_third_country:KORF-535,eu_traces_third_country,"JUBILEE (DONGWON INDUSTRIES CO., LTD.)","68, Mabang-ro, Seocho-gu, Seoul, Korea",KORF-535,SOU,0.5,,same postcode and street number,
eu_traces_third_country:KORF-536,eu_traces_third_country,"BONAMI (DONGWON INDUSTRIES CO., LTD.)","68, Mabang-ro, Seocho-gu, Seoul, Korea",KORF-536,eu_traces_third_country:KORF-287,eu_traces_third_country,"Jangbogo (Dongwon Industries Co., Ltd)","68, Mabang-ro, Seocho-gu, Seoul, Korea",KORF-287,SOU,0.5,,same postcode and street number,
eu_traces_third_country:KORF-536,eu_traces_third_country,"BONAMI (DONGWON INDUSTRIES CO., LTD.)","68, Mabang-ro, Seocho-gu, Seoul, Korea",KORF-536,eu_traces_third_country:KORF-476,eu_traces_third_country,"Miraero (Dongwon Industries Co., Ltd)","68, Mabang-ro, Seocho-gu, Seoul, Korea",KORF-476,SOU,0.5,,same postcode and street number,
eu_traces_third_country:KORF-536,eu_traces_third_country,"BONAMI (DONGWON INDUSTRIES CO., LTD.)","68, Mabang-ro, Seocho-gu, Seoul, Korea",KORF-536,eu_traces_third_country:KORF-043,eu_traces_third_country,"Ocean Master (Dongwon Industries Co., Ltd)","68, Mabang-ro, Seocho-gu, Seoul, Korea",KORF-043,SOU,0.4,,same postcode and street number,
eu_traces_third_country:KORF-536,eu_traces_third_country,"BONAMI (DONGWON INDUSTRIES CO., LTD.)","68, Mabang-ro, Seocho-gu, Seoul, Korea",KORF-536,eu_traces_third_country:KORF-474,eu_traces_third_country,"Segyero (Dongwon Industries Co., Ltd)","68, Mabang-ro, Seocho-gu, Seoul, Korea",KORF-474,SOU,0.5,,same postcode and street number,
eu_traces_third_country:KORF-536,eu_traces_third_country,"BONAMI (DONGWON INDUSTRIES CO., LTD.)","68, Mabang-ro, Seocho-gu, Seoul, Korea",KORF-536,eu_traces_third_country:KORF-498,eu_traces_third_country,"TERAAKA (Dongwon Industries Co., Ltd)","68, Mabang-ro, Seocho-gu, Seoul, Korea",KORF-498,SOU,0.5,,same postcode and street number,
eu_traces_third_country:KORF-285,eu_traces_third_country,"Blue Ocean (Dongwon Industries Co., Ltd)","68, Mabang-ro, Seocho-gu, Seoul, Korea",KORF-285,eu_traces_third_country:KORF-576,eu_traces_third_country,"DONGWON INDUSTRIES CO., LTD,(HANARO)","68 MABANG-RO, SEOCHO-GU, SEOUL, REPUBLIC OF KOREA",KORF-576,SOU,0.4,,same postcode and street number,
eu_traces_third_country:KORF-285,eu_traces_third_country,"Blue Ocean (Dongwon Industries Co., Ltd)","68, Mabang-ro, Seocho-gu, Seoul, Korea",KORF-285,eu_traces_third_country:KORF-499,eu_traces_third_country,"HANARA (Dongwon Industries Co., Ltd)","68, Mabang-ro, Seocho-gu, Seoul, Korea",KORF-499,SOU,0.4,,same postcode and street number,
eu_traces_third_country:KORF-285,eu_traces_third_country,"Blue Ocean (Dongwon Industries Co., Ltd)","68, Mabang-ro, Seocho-gu, Seoul, Korea",KORF-285,eu_traces_third_country:KORF-535,eu_traces_third_country,"JUBILEE (DONGWON INDUSTRIES CO., LTD.)","68, Mabang-ro, Seocho-gu, Seoul, Korea",KORF-535,SOU,0.4,,same postcode and street number,
eu_traces_third_country:KORF-285,eu_traces_third_country,"Blue Ocean (Dongwon Industries Co., Ltd)","68, Mabang-ro, Seocho-gu, Seoul, Korea",KORF-285,eu_traces_third_country:KORF-287,eu_traces_third_country,"Jangbogo (Dongwon Industries Co., Ltd)","68, Mabang-ro, Seocho-gu, Seoul, Korea",KORF-287,SOU,0.4,,same postcode and street number,
eu_traces_third_country:KORF-285,eu_traces_third_country,"Blue Ocean (Dongwon Industries Co., Ltd)","68, Mabang-ro, Seocho-gu, Seoul, Korea",KORF-285,eu_traces_third_country:KORF-476,eu_traces_third_country,"Miraero (Dongwon Industries Co., Ltd)","68, Mabang-ro, Seocho-gu, Seoul, Korea",KORF-476,SOU,0.4,,same postcode and street number,
eu_traces_third_country:KORF-285,eu_traces_third_country,"Blue Ocean (Dongwon Industries Co., Ltd)","68, Mabang-ro, Seocho-gu, Seoul, Korea",KORF-285,eu_traces_third_country:KORF-474,eu_traces_third_country,"Segyero (Dongwon Industries Co., Ltd)","68, Mabang-ro, Seocho-gu, Seoul, Korea",KORF-474,SOU,0.4,,same postcode and street number,
eu_traces_third_country:KORF-285,eu_traces_third_country,"Blue Ocean (Dongwon Industries Co., Ltd)","68, Mabang-ro, Seocho-gu, Seoul, Korea",KORF-285,eu_traces_third_country:KORF-498,eu_traces_third_country,"TERAAKA (Dongwon Industries Co., Ltd)","68, Mabang-ro, Seocho-gu, Seoul, Korea",KORF-498,SOU,0.4,,same postcode and street number,
eu_traces_third_country:KORF-576,eu_traces_third_country,"DONGWON INDUSTRIES CO., LTD,(HANARO)","68 MABANG-RO, SEOCHO-GU, SEOUL, REPUBLIC OF KOREA",KORF-576,eu_traces_third_country:KORF-499,eu_traces_third_country,"HANARA (Dongwon Industries Co., Ltd)","68, Mabang-ro, Seocho-gu, Seoul, Korea",KORF-499,SOU,0.5,,same postcode and street number,
eu_traces_third_country:KORF-576,eu_traces_third_country,"DONGWON INDUSTRIES CO., LTD,(HANARO)","68 MABANG-RO, SEOCHO-GU, SEOUL, REPUBLIC OF KOREA",KORF-576,eu_traces_third_country:KORF-535,eu_traces_third_country,"JUBILEE (DONGWON INDUSTRIES CO., LTD.)","68, Mabang-ro, Seocho-gu, Seoul, Korea",KORF-535,SOU,0.5,,same postcode and street number,
eu_traces_third_country:KORF-576,eu_traces_third_country,"DONGWON INDUSTRIES CO., LTD,(HANARO)","68 MABANG-RO, SEOCHO-GU, SEOUL, REPUBLIC OF KOREA",KORF-576,eu_traces_third_country:KORF-287,eu_traces_third_country,"Jangbogo (Dongwon Industries Co., Ltd)","68, Mabang-ro, Seocho-gu, Seoul, Korea",KORF-287,SOU,0.5,,same postcode and street number,
eu_traces_third_country:KORF-576,eu_traces_third_country,"DONGWON INDUSTRIES CO., LTD,(HANARO)","68 MABANG-RO, SEOCHO-GU, SEOUL, REPUBLIC OF KOREA",KORF-576,eu_traces_third_country:KORF-476,eu_traces_third_country,"Miraero (Dongwon Industries Co., Ltd)","68, Mabang-ro, Seocho-gu, Seoul, Korea",KORF-476,SOU,0.5,,same postcode and street number,
eu_traces_third_country:KORF-576,eu_traces_third_country,"DONGWON INDUSTRIES CO., LTD,(HANARO)","68 MABANG-RO, SEOCHO-GU, SEOUL, REPUBLIC OF KOREA",KORF-576,eu_traces_third_country:KORF-043,eu_traces_third_country,"Ocean Master (Dongwon Industries Co., Ltd)","68, Mabang-ro, Seocho-gu, Seoul, Korea",KORF-043,SOU,0.4,,same postcode and street number,
eu_traces_third_country:KORF-576,eu_traces_third_country,"DONGWON INDUSTRIES CO., LTD,(HANARO)","68 MABANG-RO, SEOCHO-GU, SEOUL, REPUBLIC OF KOREA",KORF-576,eu_traces_third_country:KORF-474,eu_traces_third_country,"Segyero (Dongwon Industries Co., Ltd)","68, Mabang-ro, Seocho-gu, Seoul, Korea",KORF-474,SOU,0.5,,same postcode and street number,
eu_traces_third_country:KORF-576,eu_traces_third_country,"DONGWON INDUSTRIES CO., LTD,(HANARO)","68 MABANG-RO, SEOCHO-GU, SEOUL, REPUBLIC OF KOREA",KORF-576,eu_traces_third_country:KORF-498,eu_traces_third_country,"TERAAKA (Dongwon Industries Co., Ltd)","68, Mabang-ro, Seocho-gu, Seoul, Korea",KORF-498,SOU,0.5,,same postcode and street number,
eu_traces_third_country:KORF-499,eu_traces_third_country,"HANARA (Dongwon Industries Co., Ltd)","68, Mabang-ro, Seocho-gu, Seoul, Korea",KORF-499,eu_traces_third_country:KORF-535,eu_traces_third_country,"JUBILEE (DONGWON INDUSTRIES CO., LTD.)","68, Mabang-ro, Seocho-gu, Seoul, Korea",KORF-535,SOU,0.5,,same postcode and street number,
eu_traces_third_country:KORF-499,eu_traces_third_country,"HANARA (Dongwon Industries Co., Ltd)","68, Mabang-ro, Seocho-gu, Seoul, Korea",KORF-499,eu_traces_third_country:KORF-287,eu_traces_third_country,"Jangbogo (Dongwon Industries Co., Ltd)","68, Mabang-ro, Seocho-gu, Seoul, Korea",KORF-287,SOU,0.5,,same postcode and street number,
eu_traces_third_country:KORF-499,eu_traces_third_country,"HANARA (Dongwon Industries Co., Ltd)","68, Mabang-ro, Seocho-gu, Seoul, Korea",KORF-499,eu_traces_third_country:KORF-476,eu_traces_third_country,"Miraero (Dongwon Industries Co., Ltd)","68, Mabang-ro, Seocho-gu, Seoul, Korea",KORF-476,SOU,0.5,,same postcode and street number,
eu_traces_third_country:KORF-499,eu_traces_third_country,"HANARA (Dongwon Industries Co., Ltd)","68, Mabang-ro, Seocho-gu, Seoul, Korea",KORF-499,eu_traces_third_country:KORF-043,eu_traces_third_country,"Ocean Master (Dongwon Industries Co., Ltd)","68, Mabang-ro, Seocho-gu, Seoul, Korea",KORF-043,SOU,0.4,,same postcode and street number,
eu_traces_third_country:KORF-499,eu_traces_third_country,"HANARA (Dongwon Industries Co., Ltd)","68, Mabang-ro, Seocho-gu, Seoul, Korea",KORF-499,eu_traces_third_country:KORF-474,eu_traces_third_country,"Segyero (Dongwon Industries Co., Ltd)","68, Mabang-ro, Seocho-gu, Seoul, Korea",KORF-474,SOU,0.5,,same postcode and street number,
eu_traces_third_country:KORF-499,eu_traces_third_country,"HANARA (Dongwon Industries Co., Ltd)","68, Mabang-ro, Seocho-gu, Seoul, Korea",KORF-499,eu_traces_third_country:KORF-498,eu_traces_third_country,"TERAAKA (Dongwon Industries Co., Ltd)","68, Mabang-ro, Seocho-gu, Seoul, Korea",KORF-498,SOU,0.5,,same postcode and street number,
eu_traces_third_country:KORF-535,eu_traces_third_country,"JUBILEE (DONGWON INDUSTRIES CO., LTD.)","68, Mabang-ro, Seocho-gu, Seoul, Korea",KORF-535,eu_traces_third_country:KORF-287,eu_traces_third_country,"Jangbogo (Dongwon Industries Co., Ltd)","68, Mabang-ro, Seocho-gu, Seoul, Korea",KORF-287,SOU,0.5,,same postcode and street number,
eu_traces_third_country:KORF-535,eu_traces_third_country,"JUBILEE (DONGWON INDUSTRIES CO., LTD.)","68, Mabang-ro, Seocho-gu, Seoul, Korea",KORF-535,eu_traces_third_country:KORF-476,eu_traces_third_country,"Miraero (Dongwon Industries Co., Ltd)","68, Mabang-ro, Seocho-gu, Seoul, Korea",KORF-476,SOU,0.5,,same postcode and street number,
eu_traces_third_country:KORF-535,eu_traces_third_country,"JUBILEE (DONGWON INDUSTRIES CO., LTD.)","68, Mabang-ro, Seocho-gu, Seoul, Korea",KORF-535,eu_traces_third_country:KORF-043,eu_traces_third_country,"Ocean Master (Dongwon Industries Co., Ltd)","68, Mabang-ro, Seocho-gu, Seoul, Korea",KORF-043,SOU,0.4,,same postcode and street number,
eu_traces_third_country:KORF-535,eu_traces_third_country,"JUBILEE (DONGWON INDUSTRIES CO., LTD.)","68, Mabang-ro, Seocho-gu, Seoul, Korea",KORF-535,eu_traces_third_country:KORF-474,eu_traces_third_country,"Segyero (Dongwon Industries Co., Ltd)","68, Mabang-ro, Seocho-gu, Seoul, Korea",KORF-474,SOU,0.5,,same postcode and street number,
eu_traces_third_country:KORF-535,eu_traces_third_country,"JUBILEE (DONGWON INDUSTRIES CO., LTD.)","68, Mabang-ro, Seocho-gu, Seoul, Korea",KORF-535,eu_traces_third_country:KORF-498,eu_traces_third_country,"TERAAKA (Dongwon Industries Co., Ltd)","68, Mabang-ro, Seocho-gu, Seoul, Korea",KORF-498,SOU,0.5,,same postcode and street number,
eu_traces_third_country:KORF-287,eu_traces_third_country,"Jangbogo (Dongwon Industries Co., Ltd)","68, Mabang-ro, Seocho-gu, Seoul, Korea",KORF-287,eu_traces_third_country:KORF-476,eu_traces_third_country,"Miraero (Dongwon Industries Co., Ltd)","68, Mabang-ro, Seocho-gu, Seoul, Korea",KORF-476,SOU,0.5,,same postcode and street number,
eu_traces_third_country:KORF-287,eu_traces_third_country,"Jangbogo (Dongwon Industries Co., Ltd)","68, Mabang-ro, Seocho-gu, Seoul, Korea",KORF-287,eu_traces_third_country:KORF-043,eu_traces_third_country,"Ocean Master (Dongwon Industries Co., Ltd)","68, Mabang-ro, Seocho-gu, Seoul, Korea",KORF-043,SOU,0.4,,same postcode and street number,
eu_traces_third_country:KORF-287,eu_traces_third_country,"Jangbogo (Dongwon Industries Co., Ltd)","68, Mabang-ro, Seocho-gu, Seoul, Korea",KORF-287,eu_traces_third_country:KORF-474,eu_traces_third_country,"Segyero (Dongwon Industries Co., Ltd)","68, Mabang-ro, Seocho-gu, Seoul, Korea",KORF-474,SOU,0.5,,same postcode and street number,
eu_traces_third_country:KORF-287,eu_traces_third_country,"Jangbogo (Dongwon Industries Co., Ltd)","68, Mabang-ro, Seocho-gu, Seoul, Korea",KORF-287,eu_traces_third_country:KORF-498,eu_traces_third_country,"TERAAKA (Dongwon Industries Co., Ltd)","68, Mabang-ro, Seocho-gu, Seoul, Korea",KORF-498,SOU,0.5,,same postcode and street number,
eu_traces_third_country:KORF-476,eu_traces_third_country,"Miraero (Dongwon Industries Co., Ltd)","68, Mabang-ro, Seocho-gu, Seoul, Korea",KORF-476,eu_traces_third_country:KORF-043,eu_traces_third_country,"Ocean Master (Dongwon Industries Co., Ltd)","68, Mabang-ro, Seocho-gu, Seoul, Korea",KORF-043,SOU,0.4,,same postcode and street number,
eu_traces_third_country:KORF-476,eu_traces_third_country,"Miraero (Dongwon Industries Co., Ltd)","68, Mabang-ro, Seocho-gu, Seoul, Korea",KORF-476,eu_traces_third_country:KORF-474,eu_traces_third_country,"Segyero (Dongwon Industries Co., Ltd)","68, Mabang-ro, Seocho-gu, Seoul, Korea",KORF-474,SOU,0.5,,same postcode and street number,
eu_traces_third_country:KORF-476,eu_traces_third_country,"Miraero (Dongwon Industries Co., Ltd)","68, Mabang-ro, Seocho-gu, Seoul, Korea",KORF-476,eu_traces_third_country:KORF-498,eu_traces_third_country,"TERAAKA (Dongwon Industries Co., Ltd)","68, Mabang-ro, Seocho-gu, Seoul, Korea",KORF-498,SOU,0.5,,same postcode and street number,
eu_traces_third_country:KORF-043,eu_traces_third_country,"Ocean Master (Dongwon Industries Co., Ltd)","68, Mabang-ro, Seocho-gu, Seoul, Korea",KORF-043,eu_traces_third_country:KORF-474,eu_traces_third_country,"Segyero (Dongwon Industries Co., Ltd)","68, Mabang-ro, Seocho-gu, Seoul, Korea",KORF-474,SOU,0.4,,same postcode and street number,
eu_traces_third_country:KORF-043,eu_traces_third_country,"Ocean Master (Dongwon Industries Co., Ltd)","68, Mabang-ro, Seocho-gu, Seoul, Korea",KORF-043,eu_traces_third_country:KORF-498,eu_traces_third_country,"TERAAKA (Dongwon Industries Co., Ltd)","68, Mabang-ro, Seocho-gu, Seoul, Korea",KORF-498,SOU,0.4,,same postcode and street number,
eu_traces_third_country:KORF-474,eu_traces_third_country,"Segyero (Dongwon Industries Co., Ltd)","68, Mabang-ro, Seocho-gu, Seoul, Korea",KORF-474,eu_traces_third_country:KORF-498,eu_traces_third_country,"TERAAKA (Dongwon Industries Co., Ltd)","68, Mabang-ro, Seocho-gu, Seoul, Korea",KORF-498,SOU,0.5,,same postcode and street number,
eu_traces_third_country:KORF-490,eu_traces_third_country,GREENSTAR (TNS Industries Inc.),"6F, 304, Seocho-daero, Seocho-gu",KORF-490,eu_traces_third_country:KORF-525,eu_traces_third_country,KINGSTAR (TNS Industries Inc.),"6F, 304, Seocho-daero, Seocho-gu",KORF-525,SOU,0.5,,same postcode and street number,
eu_traces_third_country:KORF-490,eu_traces_third_country,GREENSTAR (TNS Industries Inc.),"6F, 304, Seocho-daero, Seocho-gu",KORF-490,eu_traces_third_country:KORF-524,eu_traces_third_country,SUNSTAR (TNS Industries Inc.),"6F, 304, Seocho-daero, Seocho-gu",KORF-524,SOU,0.5,,same postcode and street number,
eu_traces_third_country:KORF-525,eu_traces_third_country,KINGSTAR (TNS Industries Inc.),"6F, 304, Seocho-daero, Seocho-gu",KORF-525,eu_traces_third_country:KORF-524,eu_traces_third_country,SUNSTAR (TNS Industries Inc.),"6F, 304, Seocho-daero, Seocho-gu",KORF-524,SOU,0.5,,same postcode and street number,
eu_traces_third_country:KORF-570,eu_traces_third_country,NO. 99 OYANG,"2159, Nambusunhwan-ro, Seocho-gu, Seoul, Republic of Korea",KORF-570,eu_traces_third_country:KORF-572,eu_traces_third_country,"OYANG CORPORATION CO.,LTD(NO.101 OYANG)","2159, NAMBUSUNHWAN-RO, SEOCHO-GU, SEOUL, REPUBLIC OF KOREA",KORF-572,SOU,0.5,,same postcode and street number,
eu_traces_third_country:KORF-512,eu_traces_third_country,"SAJO CONCORDIA (Sajo Industries Co., Ltd)","107-39, Tongil-ro, Seodaemun-gu, Seoul , Republic of Korea",KORF-512,eu_traces_third_country:KORF-467,eu_traces_third_country,"Sajo Alexandria (SAJO Industries Co., Ltd)","107-39, Tongil-ro, Seodaemun-gu, Seoul , Republic of Korea",KORF-467,SOU,0.5,,same postcode and street number,
eu_traces_third_country:KORF-512,eu_traces_third_country,"SAJO CONCORDIA (Sajo Industries Co., Ltd)","107-39, Tongil-ro, Seodaemun-gu, Seoul , Republic of Korea",KORF-512,eu_traces_third_country:KORF-437,eu_traces_third_country,"Sajo Columbia (SAJO Industries Co., Ltd)","107-39, Tongil-ro, Seodaemun-gu, Seoul , Republic of Korea",KORF-437,SOU,0.5,,same postcode and street number,
eu_traces_third_country:KORF-512,eu_traces_third_country,"SAJO CONCORDIA (Sajo Industries Co., Ltd)","107-39, Tongil-ro, Seodaemun-gu, Seoul , Republic of Korea",KORF-512,eu_traces_third_country:KORF-445,eu_traces_third_country,"Sajo Familia (Sajo Industries Co., Ltd)","107-39, Tongil-ro, Seodaemun-gu, Seoul, Republic of Korea",KORF-445,SOU,0.5,,same postcode and street number,
eu_traces_third_country:KORF-467,eu_traces_third_country,"Sajo Alexandria (SAJO Industries Co., Ltd)","107-39, Tongil-ro, Seodaemun-gu, Seoul , Republic of Korea",KORF-467,eu_traces_third_country:KORF-437,eu_traces_third_country,"Sajo Columbia (SAJO Industries Co., Ltd)","107-39, Tongil-ro, Seodaemun-gu, Seoul , Republic of Korea",KORF-437,SOU,0.5,,same postcode and street number,
eu_traces_third_country:KORF-467,eu_traces_third_country,"Sajo Alexandria (SAJO Industries Co., Ltd)","107-39, Tongil-ro, Seodaemun-gu, Seoul , Republic of Korea",KORF-467,eu_traces_third_country:KORF-445,eu_traces_third_country,"Sajo Familia (Sajo Industries Co., Ltd)","107-39, Tongil-ro, Seodaemun-gu, Seoul, Republic of Korea",KORF-445,SOU,0.5,,same postcode and street number,
eu_traces_third_country:KORF-437,eu_traces_third_country,"Sajo Columbia (SAJO Industries Co., Ltd)","107-39, Tongil-ro, Seodaemun-gu, Seoul , Republic of Korea",KORF-437,eu_traces_third_country:KORF-445,eu_traces_third_country,"Sajo Familia (Sajo Industries Co., Ltd)","107-39, Tongil-ro, Seodaemun-gu, Seoul, Republic of Korea",KORF-445,SOU,0.5,,same postcode and street number,
eu_traces_third_country:KORF-548,eu_traces_third_country,"SEIN HONOR (SEIN SHIPPING CO., LTD)","48, Nambusunhwan-ro 381-gil, Gangnam-gu, Seoul, Republic of Korea",KORF-548,eu_traces_third_country:KORF-554,eu_traces_third_country,"SEIN KASAMA (SEIN SHIPPING CO.,LTD)","48, Nambusunhwan-ro, 381-gil, Gangnam-gu, Seoul, Republic of Korea",KORF-554,SOU,0.5,,same postcode and street number,
eu_traces_third_country:KORF-548,eu_traces_third_country,"SEIN HONOR (SEIN SHIPPING CO., LTD)","48, Nambusunhwan-ro 381-gil, Gangnam-gu, Seoul, Republic of Korea",KORF-548,eu_traces_third_country:KORF-533,eu_traces_third_country,"SEIN PHOENIX (SEIN SHIPPING CO.,LTD)","48, Nambusunhwan-ro 381-gil, Gangnam-gu, Seoul, Republic of Korea",KORF-533,SOU,0.5,,same postcode and street number,
eu_traces_third_country:KORF-548,eu_traces_third_country,"SEIN HONOR (SEIN SHIPPING CO., LTD)","48, Nambusunhwan-ro 381-gil, Gangnam-gu, Seoul, Republic of Korea",KORF-548,eu_traces_third_country:KORF-569,eu_traces_third_country,"SEIN SAPPHIRE(SEIN SHIPPING CO.,LTD)","48, Nambusunhwan-ro 381-gil, Gangnam-gu, Seoul, Republic of Korea",KORF-569,SOU,0.5,,same postcode and street number,
eu_traces_third_country:KORF-548,eu_traces_third_country,"SEIN HONOR (SEIN SHIPPING CO., LTD)","48, Nambusunhwan-ro 381-gil, Gangnam-gu, Seoul, Republic of Korea",KORF-548,eu_traces_third_country:KORF-458,eu_traces_third_country,"SEIN SPRING(SEIN SHIPPING CO.,LTD)","48, Nambusunhwan-ro, 381-gil, Gangnam-gu, Seoul, Republic of Korea",KORF-458,SOU,0.5,,same postcode and street number,
eu_traces_third_country:KORF-548,eu_traces_third_country,"SEIN HONOR (SEIN SHIPPING CO., LTD)","48, Nambusunhwan-ro 381-gil, Gangnam-gu, Seoul, Republic of Korea",KORF-548,eu_traces_third_country:KORF-571,eu_traces_third_country,"SEIN TOPAZ(SEIN SHIPPING CO.,LTD)","48, Nambusunhwan-ro, 381-gil, Gangnam-gu, Seoul, Republic of Korea",KORF-571,SOU,0.5,,same postcode and street number,
eu_traces_third_country:KORF-548,eu_traces_third_country,"SEIN HONOR (SEIN SHIPPING CO., LTD)","48, Nambusunhwan-ro 381-gil, Gangnam-gu, Seoul, Republic of Korea",KORF-548,eu_traces_third_country:KORF-496,eu_traces_third_country,"SEIN VENUS (SEIN SHIPPING CO., LTD","48, Nambusunhwan-ro, 381-gil, Gangnam-gu, Seoul, Republic of Korea",KORF-496,SOU,0.5,,same postcode and street number,
eu_traces_third_country:KORF-548,eu_traces_third_country,"SEIN HONOR (SEIN SHIPPING CO., LTD)","48, Nambusunhwan-ro 381-gil, Gangnam-gu, Seoul, Republic of Korea",KORF-548,eu_traces_third_country:KORF-470,eu_traces_third_country,"Sein Queen (Sein Shipping Co., Ltd)","48, Nambusunhwan-ro 381-gil, Gangnam-gu, Seoul, Republic of Korea",KORF-470,SOU,0.5,,same postcode and street number,
eu_traces_third_country:KORF-548,eu_traces_third_country,"SEIN HONOR (SEIN SHIPPING CO., LTD)","48, Nambusunhwan-ro 381-gil, Gangnam-gu, Seoul, Republic of Korea",KORF-548,eu_traces_third_country:KORF-456,eu_traces_third_country,"Sein Sky (Sein Shipping Co., Ltd)","48, Nambusunhwan-ro, 381-gil, Gangnam-gu, Seoul, Republic of Korea",KORF-456,SOU,0.5,,same postcode and street number,
eu_traces_third_country:KORF-554,eu_traces_third_country,"SEIN KASAMA (SEIN SHIPPING CO.,LTD)","48, Nambusunhwan-ro, 381-gil, Gangnam-gu, Seoul, Republic of Korea",KORF-554,eu_traces_third_country:KORF-533,eu_traces_third_country,"SEIN PHOENIX (SEIN SHIPPING CO.,LTD)","48, Nambusunhwan-ro 381-gil, Gangnam-gu, Seoul, Republic of Korea",KORF-533,SOU,0.5,,same postcode and street number,
eu_traces_third_country:KORF-554,eu_traces_third_country,"SEIN KASAMA (SEIN SHIPPING CO.,LTD)","48, Nambusunhwan-ro, 381-gil, Gangnam-gu, Seoul, Republic of Korea",KORF-554,eu_traces_third_country:KORF-569,eu_traces_third_country,"SEIN SAPPHIRE(SEIN SHIPPING CO.,LTD)","48, Nambusunhwan-ro 381-gil, Gangnam-gu, Seoul, Republic of Korea",KORF-569,SOU,0.5,,same postcode and street number,
eu_traces_third_country:KORF-554,eu_traces_third_country,"SEIN KASAMA (SEIN SHIPPING CO.,LTD)","48, Nambusunhwan-ro, 381-gil, Gangnam-gu, Seoul, Republic of Korea",KORF-554,eu_traces_third_country:KORF-458,eu_traces_third_country,"SEIN SPRING(SEIN SHIPPING CO.,LTD)","48, Nambusunhwan-ro, 381-gil, Gangnam-gu, Seoul, Republic of Korea",KORF-458,SOU,0.5,,same postcode and street number,
eu_traces_third_country:KORF-554,eu_traces_third_country,"SEIN KASAMA (SEIN SHIPPING CO.,LTD)","48, Nambusunhwan-ro, 381-gil, Gangnam-gu, Seoul, Republic of Korea",KORF-554,eu_traces_third_country:KORF-571,eu_traces_third_country,"SEIN TOPAZ(SEIN SHIPPING CO.,LTD)","48, Nambusunhwan-ro, 381-gil, Gangnam-gu, Seoul, Republic of Korea",KORF-571,SOU,0.5,,same postcode and street number,
eu_traces_third_country:KORF-554,eu_traces_third_country,"SEIN KASAMA (SEIN SHIPPING CO.,LTD)","48, Nambusunhwan-ro, 381-gil, Gangnam-gu, Seoul, Republic of Korea",KORF-554,eu_traces_third_country:KORF-496,eu_traces_third_country,"SEIN VENUS (SEIN SHIPPING CO., LTD","48, Nambusunhwan-ro, 381-gil, Gangnam-gu, Seoul, Republic of Korea",KORF-496,SOU,0.5,,same postcode and street number,
eu_traces_third_country:KORF-554,eu_traces_third_country,"SEIN KASAMA (SEIN SHIPPING CO.,LTD)","48, Nambusunhwan-ro, 381-gil, Gangnam-gu, Seoul, Republic of Korea",KORF-554,eu_traces_third_country:KORF-470,eu_traces_third_country,"Sein Queen (Sein Shipping Co., Ltd)","48, Nambusunhwan-ro 381-gil, Gangnam-gu, Seoul, Republic of Korea",KORF-470,SOU,0.5,,same postcode and street number,
eu_traces_third_country:KORF-554,eu_traces_third_country,"SEIN KASAMA (SEIN SHIPPING CO.,LTD)","48, Nambusunhwan-ro, 381-gil, Gangnam-gu, Seoul, Republic of Korea",KORF-554,eu_traces_third_country:KORF-456,eu_traces_third_country,"Sein Sky (Sein Shipping Co., Ltd)","48, Nambusunhwan-ro, 381-gil, Gangnam-gu, Seoul, Republic of Korea",KORF-456,SOU,0.5,,same postcode and street number,
eu_traces_third_country:KORF-533,eu_traces_third_country,"SEIN PHOENIX (SEIN SHIPPING CO.,LTD)","48, Nambusunhwan-ro 381-gil, Gangnam-gu, Seoul, Republic of Korea",KORF-533,eu_traces_third_country:KORF-569,eu_traces_third_country,"SEIN SAPPHIRE(SEIN SHIPPING CO.,LTD)","48, Nambusunhwan-ro 381-gil, Gangnam-gu, Seoul, Republic of Korea",KORF-569,SOU,0.5,,same postcode and street number,
eu_traces_third_country:KORF-533,eu_traces_third_country,"SEIN PHOENIX (SEIN SHIPPING CO.,LTD)","48, Nambusunhwan-ro 381-gil, Gangnam-gu, Seoul, Republic of Korea",KORF-533,eu_traces_third_country:KORF-458,eu_traces_third_country,"SEIN SPRING(SEIN SHIPPING CO.,LTD)","48, Nambusunhwan-ro, 381-gil, Gangnam-gu, Seoul, Republic of Korea",KORF-458,SOU,0.5,,same postcode and street number,
eu_traces_third_country:KORF-533,eu_traces_third_country,"SEIN PHOENIX (SEIN SHIPPING CO.,LTD)","48, Nambusunhwan-ro 381-gil, Gangnam-gu, Seoul, Republic of Korea",KORF-533,eu_traces_third_country:KORF-571,eu_traces_third_country,"SEIN TOPAZ(SEIN SHIPPING CO.,LTD)","48, Nambusunhwan-ro, 381-gil, Gangnam-gu, Seoul, Republic of Korea",KORF-571,SOU,0.5,,same postcode and street number,
eu_traces_third_country:KORF-533,eu_traces_third_country,"SEIN PHOENIX (SEIN SHIPPING CO.,LTD)","48, Nambusunhwan-ro 381-gil, Gangnam-gu, Seoul, Republic of Korea",KORF-533,eu_traces_third_country:KORF-496,eu_traces_third_country,"SEIN VENUS (SEIN SHIPPING CO., LTD","48, Nambusunhwan-ro, 381-gil, Gangnam-gu, Seoul, Republic of Korea",KORF-496,SOU,0.5,,same postcode and street number,
eu_traces_third_country:KORF-533,eu_traces_third_country,"SEIN PHOENIX (SEIN SHIPPING CO.,LTD)","48, Nambusunhwan-ro 381-gil, Gangnam-gu, Seoul, Republic of Korea",KORF-533,eu_traces_third_country:KORF-470,eu_traces_third_country,"Sein Queen (Sein Shipping Co., Ltd)","48, Nambusunhwan-ro 381-gil, Gangnam-gu, Seoul, Republic of Korea",KORF-470,SOU,0.5,,same postcode and street number,
eu_traces_third_country:KORF-533,eu_traces_third_country,"SEIN PHOENIX (SEIN SHIPPING CO.,LTD)","48, Nambusunhwan-ro 381-gil, Gangnam-gu, Seoul, Republic of Korea",KORF-533,eu_traces_third_country:KORF-456,eu_traces_third_country,"Sein Sky (Sein Shipping Co., Ltd)","48, Nambusunhwan-ro, 381-gil, Gangnam-gu, Seoul, Republic of Korea",KORF-456,SOU,0.5,,same postcode and street number,
eu_traces_third_country:KORF-569,eu_traces_third_country,"SEIN SAPPHIRE(SEIN SHIPPING CO.,LTD)","48, Nambusunhwan-ro 381-gil, Gangnam-gu, Seoul, Republic of Korea",KORF-569,eu_traces_third_country:KORF-458,eu_traces_third_country,"SEIN SPRING(SEIN SHIPPING CO.,LTD)","48, Nambusunhwan-ro, 381-gil, Gangnam-gu, Seoul, Republic of Korea",KORF-458,SOU,0.5,,same postcode and street number,
eu_traces_third_country:KORF-569,eu_traces_third_country,"SEIN SAPPHIRE(SEIN SHIPPING CO.,LTD)","48, Nambusunhwan-ro 381-gil, Gangnam-gu, Seoul, Republic of Korea",KORF-569,eu_traces_third_country:KORF-571,eu_traces_third_country,"SEIN TOPAZ(SEIN SHIPPING CO.,LTD)","48, Nambusunhwan-ro, 381-gil, Gangnam-gu, Seoul, Republic of Korea",KORF-571,SOU,0.5,,same postcode and street number,
eu_traces_third_country:KORF-569,eu_traces_third_country,"SEIN SAPPHIRE(SEIN SHIPPING CO.,LTD)","48, Nambusunhwan-ro 381-gil, Gangnam-gu, Seoul, Republic of Korea",KORF-569,eu_traces_third_country:KORF-496,eu_traces_third_country,"SEIN VENUS (SEIN SHIPPING CO., LTD","48, Nambusunhwan-ro, 381-gil, Gangnam-gu, Seoul, Republic of Korea",KORF-496,SOU,0.5,,same postcode and street number,
eu_traces_third_country:KORF-569,eu_traces_third_country,"SEIN SAPPHIRE(SEIN SHIPPING CO.,LTD)","48, Nambusunhwan-ro 381-gil, Gangnam-gu, Seoul, Republic of Korea",KORF-569,eu_traces_third_country:KORF-470,eu_traces_third_country,"Sein Queen (Sein Shipping Co., Ltd)","48, Nambusunhwan-ro 381-gil, Gangnam-gu, Seoul, Republic of Korea",KORF-470,SOU,0.5,,same postcode and street number,
eu_traces_third_country:KORF-569,eu_traces_third_country,"SEIN SAPPHIRE(SEIN SHIPPING CO.,LTD)","48, Nambusunhwan-ro 381-gil, Gangnam-gu, Seoul, Republic of Korea",KORF-569,eu_traces_third_country:KORF-456,eu_traces_third_country,"Sein Sky (Sein Shipping Co., Ltd)","48, Nambusunhwan-ro, 381-gil, Gangnam-gu, Seoul, Republic of Korea",KORF-456,SOU,0.5,,same postcode and street number,
eu_traces_third_country:KORF-458,eu_traces_third_country,"SEIN SPRING(SEIN SHIPPING CO.,LTD)","48, Nambusunhwan-ro, 381-gil, Gangnam-gu, Seoul, Republic of Korea",KORF-458,eu_traces_third_country:KORF-571,eu_traces_third_country,"SEIN TOPAZ(SEIN SHIPPING CO.,LTD)","48, Nambusunhwan-ro, 381-gil, Gangnam-gu, Seoul, Republic of Korea",KORF-571,SOU,0.5,,same postcode and street number,
eu_traces_third_country:KORF-458,eu_traces_third_country,"SEIN SPRING(SEIN SHIPPING CO.,LTD)","48, Nambusunhwan-ro, 381-gil, Gangnam-gu, Seoul, Republic of Korea",KORF-458,eu_traces_third_country:KORF-496,eu_traces_third_country,"SEIN VENUS (SEIN SHIPPING CO., LTD","48, Nambusunhwan-ro, 381-gil, Gangnam-gu, Seoul, Republic of Korea",KORF-496,SOU,0.5,,same postcode and street number,
eu_traces_third_country:KORF-458,eu_traces_third_country,"SEIN SPRING(SEIN SHIPPING CO.,LTD)","48, Nambusunhwan-ro, 381-gil, Gangnam-gu, Seoul, Republic of Korea",KORF-458,eu_traces_third_country:KORF-470,eu_traces_third_country,"Sein Queen (Sein Shipping Co., Ltd)","48, Nambusunhwan-ro 381-gil, Gangnam-gu, Seoul, Republic of Korea",KORF-470,SOU,0.5,,same postcode and street number,
eu_traces_third_country:KORF-458,eu_traces_third_country,"SEIN SPRING(SEIN SHIPPING CO.,LTD)","48, Nambusunhwan-ro, 381-gil, Gangnam-gu, Seoul, Republic of Korea",KORF-458,eu_traces_third_country:KORF-456,eu_traces_third_country,"Sein Sky (Sein Shipping Co., Ltd)","48, Nambusunhwan-ro, 381-gil, Gangnam-gu, Seoul, Republic of Korea",KORF-456,SOU,0.5,,same postcode and street number,
eu_traces_third_country:KORF-571,eu_traces_third_country,"SEIN TOPAZ(SEIN SHIPPING CO.,LTD)","48, Nambusunhwan-ro, 381-gil, Gangnam-gu, Seoul, Republic of Korea",KORF-571,eu_traces_third_country:KORF-496,eu_traces_third_country,"SEIN VENUS (SEIN SHIPPING CO., LTD","48, Nambusunhwan-ro, 381-gil, Gangnam-gu, Seoul, Republic of Korea",KORF-496,SOU,0.5,,same postcode and street number,
eu_traces_third_country:KORF-571,eu_traces_third_country,"SEIN TOPAZ(SEIN SHIPPING CO.,LTD)","48, Nambusunhwan-ro, 381-gil, Gangnam-gu, Seoul, Republic of Korea",KORF-571,eu_traces_third_country:KORF-470,eu_traces_third_country,"Sein Queen (Sein Shipping Co., Ltd)","48, Nambusunhwan-ro 381-gil, Gangnam-gu, Seoul, Republic of Korea",KORF-470,SOU,0.5,,same postcode and street number,
eu_traces_third_country:KORF-571,eu_traces_third_country,"SEIN TOPAZ(SEIN SHIPPING CO.,LTD)","48, Nambusunhwan-ro, 381-gil, Gangnam-gu, Seoul, Republic of Korea",KORF-571,eu_traces_third_country:KORF-456,eu_traces_third_country,"Sein Sky (Sein Shipping Co., Ltd)","48, Nambusunhwan-ro, 381-gil, Gangnam-gu, Seoul, Republic of Korea",KORF-456,SOU,0.5,,same postcode and street number,
eu_traces_third_country:KORF-496,eu_traces_third_country,"SEIN VENUS (SEIN SHIPPING CO., LTD","48, Nambusunhwan-ro, 381-gil, Gangnam-gu, Seoul, Republic of Korea",KORF-496,eu_traces_third_country:KORF-470,eu_traces_third_country,"Sein Queen (Sein Shipping Co., Ltd)","48, Nambusunhwan-ro 381-gil, Gangnam-gu, Seoul, Republic of Korea",KORF-470,SOU,0.5,,same postcode and street number,
eu_traces_third_country:KORF-496,eu_traces_third_country,"SEIN VENUS (SEIN SHIPPING CO., LTD","48, Nambusunhwan-ro, 381-gil, Gangnam-gu, Seoul, Republic of Korea",KORF-496,eu_traces_third_country:KORF-456,eu_traces_third_country,"Sein Sky (Sein Shipping Co., Ltd)","48, Nambusunhwan-ro, 381-gil, Gangnam-gu, Seoul, Republic of Korea",KORF-456,SOU,0.5,,same postcode and street number,
eu_traces_third_country:KORF-470,eu_traces_third_country,"Sein Queen (Sein Shipping Co., Ltd)","48, Nambusunhwan-ro 381-gil, Gangnam-gu, Seoul, Republic of Korea",KORF-470,eu_traces_third_country:KORF-456,eu_traces_third_country,"Sein Sky (Sein Shipping Co., Ltd)","48, Nambusunhwan-ro, 381-gil, Gangnam-gu, Seoul, Republic of Korea",KORF-456,SOU,0.5,,same postcode and street number,
eu_traces_third_country:KORF-523,eu_traces_third_country,"SHILLA EXPLORER (SILLA CO., LTD)","30, Godeokbizvalley-ro 6-gil, Gangdong-gu, Seoul, Republic of Korea",KORF-523,eu_traces_third_country:KORF-058,eu_traces_third_country,"Shilla Challenger (Silla Co., Ltd)","30, Godeokbizvalley-ro 6-gil, Gangdong-gu, Seoul, Republic of Korea",KORF-058,SOU,0.5,,same postcode and street number,
eu_traces_third_country:KORF-523,eu_traces_third_country,"SHILLA EXPLORER (SILLA CO., LTD)","30, Godeokbizvalley-ro 6-gil, Gangdong-gu, Seoul, Republic of Korea",KORF-523,eu_traces_third_country:KORF-465,eu_traces_third_country,"Shilla Harvester (Silla Co., Ltd)","30, Godeokbizvalley-ro 6-gil, Gangdong-gu, Seoul, Republic of Korea",KORF-465,SOU,0.5,,same postcode and street number,
eu_traces_third_country:KORF-523,eu_traces_third_country,"SHILLA EXPLORER (SILLA CO., LTD)","30, Godeokbizvalley-ro 6-gil, Gangdong-gu, Seoul, Republic of Korea",KORF-523,eu_traces_third_country:KORF-205,eu_traces_third_country,"Shilla jupiter (Silla Co., Ltd)","30, Godeokbizvalley-ro 6-gil, Gangdong-gu, Seoul, Republic of Korea",KORF-205,SOU,0.5,,same postcode and street number,
eu_traces_third_country:KORF-058,eu_traces_third_country,"Shilla Challenger (Silla Co., Ltd)","30, Godeokbizvalley-ro 6-gil, Gangdong-gu, Seoul, Republic of Korea",KORF-058,eu_traces_third_country:KORF-465,eu_traces_third_country,"Shilla Harvester (Silla Co., Ltd)","30, Godeokbizvalley-ro 6-gil, Gangdong-gu, Seoul, Republic of Korea",KORF-465,SOU,0.5,,same postcode and street number,
eu_traces_third_country:KORF-058,eu_traces_third_country,"Shilla Challenger (Silla Co., Ltd)","30, Godeokbizvalley-ro 6-gil, Gangdong-gu, Seoul, Republic of Korea",KORF-058,eu_traces_third_country:KORF-205,eu_traces_third_country,"Shilla jupiter (Silla Co., Ltd)","30, Godeokbizvalley-ro 6-gil, Gangdong-gu, Seoul, Republic of Korea",KORF-205,SOU,0.5,,same postcode and street number,
eu_traces_third_country:KORF-465,eu_traces_third_country,"Shilla Harvester (Silla Co., Ltd)","30, Godeokbizvalley-ro 6-gil, Gangdong-gu, Seoul, Republic of Korea",KORF-465,eu_traces_third_country:KORF-205,eu_traces_third_country,"Shilla jupiter (Silla Co., Ltd)","30, Godeokbizvalley-ro 6-gil, Gangdong-gu, Seoul, Republic of Korea",KORF-205,SOU,0.5,,same postcode and street number,
eu_traces_third_country:KORF-260,eu_traces_third_country,"SNB INTERNATIONAL CO.,LTD(SNB101)","1346, Hanjae-ro, Ganknam-myeon, Cheongdo-gun, Gyeongsangbuk-do, 714-822, Republic of Korea",KORF-260,eu_traces_third_country:KORF-373,eu_traces_third_country,"SNB INTERNATIONAL CO.,LTD.(SNB201)","1346, Hanjae-ro, Gangnam-myeon, Cheongdo-gun, Gyeongsangbuk-do, Republic of Korea",KORF-373,SOU,0.5,,same postcode and street number,
eu_traces_third_country:88,eu_traces_third_country,SBH Marine Industries Sdn. Bhd.,Lot 1744 Batu 13.,88,eu_traces_third_country:103,eu_traces_third_country,Fantastic Seafood Industries Sdn. Bhd.,"Lot 1744, Batu 13, Jalan Pantai, 34350 Kuala Kurau, Perak",103,MAL,0.429,,same postcode and street number,
eu_traces_third_country:BP-215,eu_traces_third_country,B/P FIORELLA L (ARMADOR ANILISA S.A.),"URBANIZACION RIO GRANDE AV. SAMBORONDON, SOLAR A2, BLOQUE B OF. 1 KM 0.5 - GUAYAS",BP-215,eu_traces_third_country:BP-227,eu_traces_third_country,B/P MALULA (ARMADOR ANILISA S.A.),"URBANIZACION RIO GRANDE AV. SAMBORONDON, SOLAR A2, BLOQUE B OF. 1 KM 0.5 - GUAYAS",BP-227,ECU,0.5,,same postcode and street number,
eu_traces_third_country:24,eu_traces_third_country,Industrial Pesquera Santa Priscila S.A.,Km 5.5 Via a Daule,24,eu_traces_third_country:71697,eu_traces_third_country,INDUSTRIAL PESQUERA SANTA PRISCILA S.A.,"URBANIZACIÓN SAN FELIPE, MZ. 106, SOLAR 1, CALLE DR. EMILIO ROMERO MENENDEZ Y 4TO PASAJE 38 N/O PARROQUIA TARQUI",71697,ECU,1.0,,"identical name, no usable location on either record",
eu_traces_third_country:71670,eu_traces_third_country,COFIMAR S.A.,"LOTIZACIÓN INMACONSA , CALLE MIRTOS INTERSECCIÓN CASUARINAS, SOLAR 31, MANZANA 3",71670,eu_traces_third_country:7145,eu_traces_third_country,COFIMAR S.A.,"KM. 10.5 VIA A DAULE, CALLE CIRUELOS ENTRE CEDROS Y TECAS, GUAYAQUIL, ECUADOR",7145,ECU,1.0,,"identical name, no usable location on either record",
eu_traces_third_country:65168,eu_traces_third_country,SOUTH PACIFIC SEAFOOD S.A SOPASE,CALLE BOLIVIA # 102 MZ. 28 29 DIAGONAL A LAS BODEGAS DE CNEL,65168,eu_traces_third_country:7557,eu_traces_third_country,SOUTH PACIFIC SEAFOOD S.A. SOPASE,Lotizacion Inmaconsa Solar 11 Mz B Bloque Bodega 2 y 1 Via a Daule,7557,ECU,1.0,,"identical name, no usable location on either record",
eu_traces_third_country:1504,eu_traces_third_country,M/s. Grand Marine Foods,"11/750A, Industrial Development Area, Aroor P.O., Pin-688534 Alappuzha District, Kerala",1504,eu_traces_third_country:KOC:CS-22,eu_traces_third_country,M/s Grand Marine Foods,,KOC:CS-22,IND,1.0,,"identical name, no usable location on either record",
eu_traces_third_country:853,eu_traces_third_country,M/s Devi Fisheries Ltd.,,853,eu_traces_third_country:1936,eu_traces_third_country,M/s. Devi Fisheries Limited,"Plot No: D4,Sy.Nos:208, Ponnada, U.Kothapalli Mandal, East Godavari District, Pin code: -533448, Andhra Pradesh",1936,IND,1.0,,"identical name, no usable location on either record",
eu_traces_third_country:566.08.B/C,eu_traces_third_country,PT. Bumi Menara Internusa,JL. IR. SUTAMI KM. 12 DESA LEMATANG TANJUNG BINTANG LAMPUNG 35122,566.08.B/C,eu_traces_third_country:015.13.B/C,eu_traces_third_country,PT. Bumi Menara Internusa,JL Margomulyo 4E Tandes,015.13.B/C,IND,1.0,,"identical name, no usable location on either record",
eu_traces_third_country:572.25.A/B,eu_traces_third_country,PT. Chen Woo Fishery,Jl. Worang By Pass Desa Kaima,572.25.A/B,eu_traces_third_country:429.22.A/B,eu_traces_third_country,PT. Chen Woo Fishery,Jl. Kima IV K9/B2,429.22.A/B,IND,1.0,,"identical name, no usable location on either record",
eu_traces_third_country:559.22.B,eu_traces_third_country,PT. Kelola Mina Laut,Jl. KIMA 17 Blok DD 15-16 Makassar,559.22.B,eu_traces_third_country:535.23.B,eu_traces_third_country,PT. Kelola Mina Laut,JL.SAMUDERA NO.1 KEL.PUDAY KEC.ABELI (KAWASAN PELABUHAN PERIKANAN SAMUDERA,535.23.B,IND,1.0,,"identical name, no usable location on either record",
eu_traces_third_country:5408,eu_traces_third_country,API X (IBERCONSA DE ARGENTINA S.A.),Parque Industrial Pesquero – Macizo 8- Parcela 5,5408,eu_traces_third_country:5127,eu_traces_third_country,Bogavante Segundo (Iberconsa de Argentina S.A.),parque Pesquero S/N°-Macizo 8,5127,ARG,0.4,,same postcode and street number,
eu_traces_third_country:5408,eu_traces_third_country,API X (IBERCONSA DE ARGENTINA S.A.),Parque Industrial Pesquero – Macizo 8- Parcela 5,5408,eu_traces_third_country:5119,eu_traces_third_country,Magdalena (Iberconsa De Argentina S.A.),Parque Industrial Pesquero-Macizo 8 Parcela 5,5119,ARG,0.5,,same postcode and street number,
eu_traces_third_country:5405,eu_traces_third_country,Api VIII (Iberconsa De Argentina S.A.),Parque Industrial Pesquero – Macizo 8 - Parcela 5,5405,eu_traces_third_country:5119,eu_traces_third_country,Magdalena (Iberconsa De Argentina S.A.),Parque Industrial Pesquero-Macizo 8 Parcela 5,5119,ARG,0.4,,same postcode and street number,
eu_traces_third_country:5127,eu_traces_third_country,Bogavante Segundo (Iberconsa de Argentina S.A.),parque Pesquero S/N°-Macizo 8,5127,eu_traces_third_country:5119,eu_traces_third_country,Magdalena (Iberconsa De Argentina S.A.),Parque Industrial Pesquero-Macizo 8 Parcela 5,5119,ARG,0.4,,same postcode and street number,
eu_traces_third_country:3903,eu_traces_third_country,ARBUMASA XXVI (SHIN YANG AR S.A.),Pasaje Carabelas 344 - Piso 5º,3903,eu_traces_third_country:4487,eu_traces_third_country,AURORA (SHIN YANG AR S.A.),Pasaje Carabelas 344 - Piso 5º,4487,ARG,0.5,,same postcode and street number,
eu_traces_third_country:3903,eu_traces_third_country,ARBUMASA XXVI (SHIN YANG AR S.A.),Pasaje Carabelas 344 - Piso 5º,3903,eu_traces_third_country:3182,eu_traces_third_country,MATEO I (SHIN YANG AR S.A.),Pasaje Carabelas 344 - Piso 5º,3182,ARG,0.5,,same postcode and street number,
eu_traces_third_country:5242,eu_traces_third_country,Jose Americo (Pedro Moscuzza E Hijos S.A.),Ortiz de Zarate No 2950,5242,eu_traces_third_country:5396,eu_traces_third_country,Nina (Pedro Moscuzza E Hijos S.A.),Ortiz de Zarate No 2950,5396,ARG,0.5,,same postcode and street number,
eu_traces_third_country:1498,eu_traces_third_country,DELIMAR,Lot B 606 Z.I Ait Melloul,1498,eu_traces_third_country:6044,eu_traces_third_country,Delimar II,"Lot B 606, Zone Industrielle Ait Melloul",6044,MOR,0.5,,same postcode and street number,
eu_traces_third_country:PCO.25.3202.18,eu_traces_third_country,AGDAL 6 (PESCADO SUR OCEANO SA),"AVENUE DE LA MECQUE IM. 46, N°5 ETAGE 2",PCO.25.3202.18,eu_traces_third_country:PCO.25.3204.18,eu_traces_third_country,AL FALAQ (PESCADO SUR OCEANO SA),"AVENUE DE LA MECQUE IM. 46, N°5 ETAGE 2",PCO.25.3204.18,MOR,0.5,,same postcode and street number,
eu_traces_third_country:PCO.25.3202.18,eu_traces_third_country,AGDAL 6 (PESCADO SUR OCEANO SA),"AVENUE DE LA MECQUE IM. 46, N°5 ETAGE 2",PCO.25.3202.18,eu_traces_third_country:PCO.25.3210.18,eu_traces_third_country,AL KHAYAM (PESCADO SUR OCEANO SA),"AVENUE DE LA MECQUE IM. 46, N°5 ETAGE 2",PCO.25.3210.18,MOR,0.5,,same postcode and street number,
eu_traces_third_country:PCO.25.3202.18,eu_traces_third_country,AGDAL 6 (PESCADO SUR OCEANO SA),"AVENUE DE LA MECQUE IM. 46, N°5 ETAGE 2",PCO.25.3202.18,eu_traces_third_country:PCO.25.3217.18,eu_traces_third_country,IBN AKAD (PESCADO SUR OCEANO SA),"AVENUE DE LA MECQUE IM. 46, N°5 ETAGE 2",PCO.25.3217.18,MOR,0.5,,same postcode and street number,
eu_traces_third_country:PCO.25.3204.18,eu_traces_third_country,AL FALAQ (PESCADO SUR OCEANO SA),"AVENUE DE LA MECQUE IM. 46, N°5 ETAGE 2",PCO.25.3204.18,eu_traces_third_country:PCO.25.0093.16,eu_traces_third_country,ASSIF 2 (PESCADO SUR OCEANO),"AVENUE DE LA MECQUE IM. 46, N°5 ETAGE 2",PCO.25.0093.16,MOR,0.5,,same postcode and street number,
eu_traces_third_country:PCO.25.3204.18,eu_traces_third_country,AL FALAQ (PESCADO SUR OCEANO SA),"AVENUE DE LA MECQUE IM. 46, N°5 ETAGE 2",PCO.25.3204.18,eu_traces_third_country:PCO.25.0097.16,eu_traces_third_country,BASILIA (PESCADO SUR OCEANO),"AVENUE DE LA MECQUE IM. 46, N°5 ETAGE 2",PCO.25.0097.16,MOR,0.5,,same postcode and street number,
eu_traces_third_country:PCO.25.3204.18,eu_traces_third_country,AL FALAQ (PESCADO SUR OCEANO SA),"AVENUE DE LA MECQUE IM. 46, N°5 ETAGE 2",PCO.25.3204.18,eu_traces_third_country:PCO.25.3217.18,eu_traces_third_country,IBN AKAD (PESCADO SUR OCEANO SA),"AVENUE DE LA MECQUE IM. 46, N°5 ETAGE 2",PCO.25.3217.18,MOR,0.429,,same postcode and street number,
eu_traces_third_country:PCO.25.3210.18,eu_traces_third_country,AL KHAYAM (PESCADO SUR OCEANO SA),"AVENUE DE LA MECQUE IM. 46, N°5 ETAGE 2",PCO.25.3210.18,eu_traces_third_country:PCO.25.0093.16,eu_traces_third_country,ASSIF 2 (PESCADO SUR OCEANO),"AVENUE DE LA MECQUE IM. 46, N°5 ETAGE 2",PCO.25.0093.16,MOR,0.5,,same postcode and street number,
eu_traces_third_country:PCO.25.3210.18,eu_traces_third_country,AL KHAYAM (PESCADO SUR OCEANO SA),"AVENUE DE LA MECQUE IM. 46, N°5 ETAGE 2",PCO.25.3210.18,eu_traces_third_country:PCO.25.0097.16,eu_traces_third_country,BASILIA (PESCADO SUR OCEANO),"AVENUE DE LA MECQUE IM. 46, N°5 ETAGE 2",PCO.25.0097.16,MOR,0.5,,same postcode and street number,
eu_traces_third_country:PCO.25.3210.18,eu_traces_third_country,AL KHAYAM (PESCADO SUR OCEANO SA),"AVENUE DE LA MECQUE IM. 46, N°5 ETAGE 2",PCO.25.3210.18,eu_traces_third_country:PCO.25.3217.18,eu_traces_third_country,IBN AKAD (PESCADO SUR OCEANO SA),"AVENUE DE LA MECQUE IM. 46, N°5 ETAGE 2",PCO.25.3217.18,MOR,0.429,,same postcode and street number,
eu_traces_third_country:PCO.25.0093.16,eu_traces_third_country,ASSIF 2 (PESCADO SUR OCEANO),"AVENUE DE LA MECQUE IM. 46, N°5 ETAGE 2",PCO.25.0093.16,eu_traces_third_country:PCO.25.3217.18,eu_traces_third_country,IBN AKAD (PESCADO SUR OCEANO SA),"AVENUE DE LA MECQUE IM. 46, N°5 ETAGE 2",PCO.25.3217.18,MOR,0.5,,same postcode and street number,
eu_traces_third_country:PCO.25.0097.16,eu_traces_third_country,BASILIA (PESCADO SUR OCEANO),"AVENUE DE LA MECQUE IM. 46, N°5 ETAGE 2",PCO.25.0097.16,eu_traces_third_country:PCO.25.3217.18,eu_traces_third_country,IBN AKAD (PESCADO SUR OCEANO SA),"AVENUE DE LA MECQUE IM. 46, N°5 ETAGE 2",PCO.25.3217.18,MOR,0.5,,same postcode and street number,
eu_traces_third_country:PSO.25.0211.19,eu_traces_third_country,ALICANTE (KHALID FISHERIES SA),Nouveau Port d'Agadir Parcelle N° 3,PSO.25.0211.19,eu_traces_third_country:PCO.25.3608.18,eu_traces_third_country,IGOUDAR (KHALID FISHERIES SA),PARCELLE N° 3 NOUVEAU PORT,PCO.25.3608.18,MOR,0.5,,same postcode and street number,
eu_traces_third_country:PSO.25.0211.19,eu_traces_third_country,ALICANTE (KHALID FISHERIES SA),Nouveau Port d'Agadir Parcelle N° 3,PSO.25.0211.19,eu_traces_third_country:PCO.25.3606.18,eu_traces_third_country,TAMEGRA (KHALID FISHERIES SA),PARCELLE N° 3 NOUVEAU PORT,PCO.25.3606.18,MOR,0.5,,same postcode and street number,
eu_traces_third_country:PSO.25.0211.19,eu_traces_third_country,ALICANTE (KHALID FISHERIES SA),Nouveau Port d'Agadir Parcelle N° 3,PSO.25.0211.19,eu_traces_third_country:CO 4001,eu_traces_third_country,Todra (Khalid Fisheries),PARCELLE N° 3 NOUVEAU PORT,CO 4001,MOR,0.5,,same postcode and street number,
eu_traces_third_country:SO 2604,eu_traces_third_country,Gorgues (Astipeche Tanger),parcele n°3 nouveau port agadir,SO 2604,eu_traces_third_country:PCO.5.0212.19,eu_traces_third_country,KELTI (ASTIPECHE TANGER SA),Parcelle n°3 nouveau port Agadir,PCO.5.0212.19,MOR,0.5,,same postcode and street number,
eu_traces_third_country:PCO.25.3608.18,eu_traces_third_country,IGOUDAR (KHALID FISHERIES SA),PARCELLE N° 3 NOUVEAU PORT,PCO.25.3608.18,eu_traces_third_country:PCO.25.3606.18,eu_traces_third_country,TAMEGRA (KHALID FISHERIES SA),PARCELLE N° 3 NOUVEAU PORT,PCO.25.3606.18,MOR,0.5,,same postcode and street number,
eu_traces_third_country:PCO.25.3608.18,eu_traces_third_country,IGOUDAR (KHALID FISHERIES SA),PARCELLE N° 3 NOUVEAU PORT,PCO.25.3608.18,eu_traces_third_country:CO 4001,eu_traces_third_country,Todra (Khalid Fisheries),PARCELLE N° 3 NOUVEAU PORT,CO 4001,MOR,0.5,,same postcode and street number,
eu_traces_third_country:PCO.25.3606.18,eu_traces_third_country,TAMEGRA (KHALID FISHERIES SA),PARCELLE N° 3 NOUVEAU PORT,PCO.25.3606.18,eu_traces_third_country:CO 4001,eu_traces_third_country,Todra (Khalid Fisheries),PARCELLE N° 3 NOUVEAU PORT,CO 4001,MOR,0.5,,same postcode and street number,
eu_traces_third_country:AA.59.28.18,eu_traces_third_country,ABATTOIR SAHEL I,Route principale n° 3603 ZI Had Soualem,AA.59.28.18,eu_traces_third_country:ADVL.59.29.18,eu_traces_third_country,ABATTOIR SAHEL II,Route principale 3603 ZI Had Soualem,ADVL.59.29.18,MOR,0.5,,same postcode and street number,
eu_traces_third_country:6002,eu_traces_third_country,Niqitaq Fisheries Ltd. “M/Tr. Sivulliq”,154 Water Street,6002,eu_traces_third_country:0049,eu_traces_third_country,Niqitaq Fisheries Ltd. (Inuksuk I),154 Water Street,0049,CAN,0.4,,same postcode and street number,
eu_traces_third_country:6324,eu_traces_third_country,Independent Seafood Canada Corporation (Sunderoey),2750 Harbour Road,6324,eu_traces_third_country:1922,eu_traces_third_country,Independent Seafood Canada Corporation FV Raw Spirit,2750 Harbour Road,1922,CAN,0.429,,same postcode and street number,
eu_traces_third_country:6297,eu_traces_third_country,Karen Truong Fishing Ltd. (Darlenda),330 Homewood Road,6297,eu_traces_third_country:6299,eu_traces_third_country,Karen Truong Fishing Ltd. (Western Sun),330 Homewood Road,6299,CAN,0.5,,same postcode and street number,
eu_traces_third_country:6233,eu_traces_third_country,Annix Holdings Ltd.,PO Box 235,6233,eu_traces_third_country:6230,eu_traces_third_country,Annix Holdings Ltd.,PO Box 235,6230,CAN,1.0,,"identical name, no usable location on either record",
eu_traces_third_country:6237,eu_traces_third_country,Quality Time Fishing Ltd.,600 Pym Street,6237,eu_traces_third_country:6221,eu_traces_third_country,Quality Time Fishing Ltd.,600 Pym Street,6221,CAN,1.0,,"identical name, no usable location on either record",
eu_traces_third_country:1068,eu_traces_third_country,Barry Group Inc.,433 GRIFFIN DRIVE,1068,eu_traces_third_country:0105,eu_traces_third_country,Barry Group Inc.,Main Road,0105,CAN,1.0,,"identical name, no usable location on either record",
eu_traces_third_country:1068,eu_traces_third_country,Barry Group Inc.,433 GRIFFIN DRIVE,1068,eu_traces_third_country:CS1404511,eu_traces_third_country,Barry Group Inc.,340 Griffin Drive,CS1404511,CAN,1.0,,"identical name, no usable location on either record",
eu_traces_third_country:1068,eu_traces_third_country,Barry Group Inc.,433 GRIFFIN DRIVE,1068,eu_traces_third_country:0142,eu_traces_third_country,Barry Group Inc.,,0142,CAN,1.0,,"identical name, no usable location on either record",
eu_traces_third_country:1068,eu_traces_third_country,Barry Group Inc.,433 GRIFFIN DRIVE,1068,eu_traces_third_country:0166,eu_traces_third_country,Barry Group Inc.,,0166,CAN,1.0,,"identical name, no usable location on either record",
eu_traces_third_country:1068,eu_traces_third_country,Barry Group Inc.,433 GRIFFIN DRIVE,1068,eu_traces_third_country:2570,eu_traces_third_country,Barry Group Inc.,764 RUE PRINCIPALE,2570,CAN,1.0,,"identical name, no usable location on either record",
eu_traces_third_country:0105,eu_traces_third_country,Barry Group Inc.,Main Road,0105,eu_traces_third_country:CS1404511,eu_traces_third_country,Barry Group Inc.,340 Griffin Drive,CS1404511,CAN,1.0,,"identical name, no usable location on either record",
eu_traces_third_country:0105,eu_traces_third_country,Barry Group Inc.,Main Road,0105,eu_traces_third_country:0142,eu_traces_third_country,Barry Group Inc.,,0142,CAN,1.0,,"identical name, no usable location on either record",
eu_traces_third_country:0105,eu_traces_third_country,Barry Group Inc.,Main Road,0105,eu_traces_third_country:0166,eu_traces_third_country,Barry Group Inc.,,0166,CAN,1.0,,"identical name, no usable location on either record",
eu_traces_third_country:0105,eu_traces_third_country,Barry Group Inc.,Main Road,0105,eu_traces_third_country:2570,eu_traces_third_country,Barry Group Inc.,764 RUE PRINCIPALE,2570,CAN,1.0,,"identical name, no usable location on either record",
eu_traces_third_country:CS1404511,eu_traces_third_country,Barry Group Inc.,340 Griffin Drive,CS1404511,eu_traces_third_country:0142,eu_traces_third_country,Barry Group Inc.,,0142,CAN,1.0,,"identical name, no usable location on either record",
eu_traces_third_country:CS1404511,eu_traces_third_country,Barry Group Inc.,340 Griffin Drive,CS1404511,eu_traces_third_country:0166,eu_traces_third_country,Barry Group Inc.,,0166,CAN,1.0,,"identical name, no usable location on either record",
eu_traces_third_country:CS1404511,eu_traces_third_country,Barry Group Inc.,340 Griffin Drive,CS1404511,eu_traces_third_country:2570,eu_traces_third_country,Barry Group Inc.,764 RUE PRINCIPALE,2570,CAN,1.0,,"identical name, no usable location on either record",
eu_traces_third_country:0142,eu_traces_third_country,Barry Group Inc.,,0142,eu_traces_third_country:0166,eu_traces_third_country,Barry Group Inc.,,0166,CAN,1.0,,"identical name, no usable location on either record",
eu_traces_third_country:0142,eu_traces_third_country,Barry Group Inc.,,0142,eu_traces_third_country:2570,eu_traces_third_country,Barry Group Inc.,764 RUE PRINCIPALE,2570,CAN,1.0,,"identical name, no usable location on either record",
eu_traces_third_country:0166,eu_traces_third_country,Barry Group Inc.,,0166,eu_traces_third_country:2570,eu_traces_third_country,Barry Group Inc.,764 RUE PRINCIPALE,2570,CAN,1.0,,"identical name, no usable location on either record",
eu_traces_third_country:0770,eu_traces_third_country,Aero Trading Co. Ltd,8592 Fraser Street,0770,eu_traces_third_country:0769,eu_traces_third_country,Aero Trading Co. Ltd.,1080 Skeena Drive V0V 1G0,0769,CAN,1.0,,"identical name, no usable location on either record",
eu_traces_third_country:CS1403252,eu_traces_third_country,B & L Coldstorage Ltd.,3-13 Premier Drive,CS1403252,eu_traces_third_country:CS1403248,eu_traces_third_country,B & L Coldstorage Ltd.,1 Main Road,CS1403248,CAN,1.0,,"identical name, no usable location on either record",
eu_traces_third_country:0922,eu_traces_third_country,C.B. Island Fisheries Ltd.,Highway 16,0922,eu_traces_third_country:0936,eu_traces_third_country,C.B. Island Fisheries Ltd.,205 Donaughy Avenue,0936,CAN,1.0,,"identical name, no usable location on either record",
eu_traces_third_country:0922,eu_traces_third_country,C.B. Island Fisheries Ltd.,Highway 16,0922,eu_traces_third_country:6380,eu_traces_third_country,C.B. Island Fisheries Ltd.,12-4751 Shell Road V6X 3H4,6380,CAN,1.0,,"identical name, no usable location on either record",
eu_traces_third_country:0936,eu_traces_third_country,C.B. Island Fisheries Ltd.,205 Donaughy Avenue,0936,eu_traces_third_country:6380,eu_traces_third_country,C.B. Island Fisheries Ltd.,12-4751 Shell Road V6X 3H4,6380,CAN,1.0,,"identical name, no usable location on either record",
eu_traces_third_country:0702,eu_traces_third_country,"Canadian Fishing Company, A Division Of Jim Pattison Enterprises Ltd.",13140 Rice Mill Road,0702,eu_traces_third_country:0706,eu_traces_third_country,"Canadian Fishing Company, A Division of Jim Pattison Enterprises Ltd.",301 Waterfront Road E,0706,CAN,1.0,,"identical name, no usable location on either record",
eu_traces_third_country:0702,eu_traces_third_country,"Canadian Fishing Company, A Division Of Jim Pattison Enterprises Ltd.",13140 Rice Mill Road,0702,eu_traces_third_country:0792,eu_traces_third_country,"Canadian Fishing Company,A Division of Jim Pattison Enterprises Ltd.",181 George Hills Way V8J 1A3,0792,CAN,1.0,,"identical name, no usable location on either record",
eu_traces_third_country:0706,eu_traces_third_country,"Canadian Fishing Company, A Division of Jim Pattison Enterprises Ltd.",301 Waterfront Road E,0706,eu_traces_third_country:0792,eu_traces_third_country,"Canadian Fishing Company,A Division of Jim Pattison Enterprises Ltd.",181 George Hills Way V8J 1A3,0792,CAN,1.0,,"identical name, no usable location on either record",
eu_traces_third_country:0414,eu_traces_third_country,Cape Bald Packers,769 Chemin de la Pointe,0414,eu_traces_third_country:0373,eu_traces_third_country,Cape Bald Packers Ltd.,2618 Ch. Acadie Rd.,0373,CAN,1.0,,"identical name, no usable location on either record",
eu_traces_third_country:4101,eu_traces_third_country,Captain Dan's Inc.,,4101,eu_traces_third_country:6071,eu_traces_third_country,Captain Dan’s Inc.,5 Mills Street E4S 3S3,6071,CAN,1.0,,"identical name, no usable location on either record",
eu_traces_third_country:0283,eu_traces_third_country,Clark's Harbour Seafood Limited,58 Water Street,0283,eu_traces_third_country:LL32115,eu_traces_third_country,Clark's Harbour Seafood Limited,58 Water Street,LL32115,CAN,1.0,,"identical name, no usable location on either record",
eu_traces_third_country:3324,eu_traces_third_country,Clearwater Seafoods Limited Partnership,70 Water Street,3324,eu_traces_third_country:0405,eu_traces_third_country,Clearwater Seafoods Limited Partnership,68 Water Street,0405,CAN,1.0,,"identical name, no usable location on either record",
eu_traces_third_country:3324,eu_traces_third_country,Clearwater Seafoods Limited Partnership,70 Water Street,3324,eu_traces_third_country:0156,eu_traces_third_country,Clearwater Seafoods Limited Partnership,1 Plant Road,0156,CAN,1.0,,"identical name, no usable location on either record",
eu_traces_third_country:3324,eu_traces_third_country,Clearwater Seafoods Limited Partnership,70 Water Street,3324,eu_traces_third_country:LL04001,eu_traces_third_country,Clearwater Seafoods Limited Partnership,,LL04001,CAN,1.0,,"identical name, no usable location on either record",
eu_traces_third_country:3324,eu_traces_third_country,Clearwater Seafoods Limited Partnership,70 Water Street,3324,eu_traces_third_country:0439,eu_traces_third_country,Clearwater Seafoods Limited Partnership,,0439,CAN,1.0,,"identical name, no usable location on either record",
eu_traces_third_country:0405,eu_traces_third_country,Clearwater Seafoods Limited Partnership,68 Water Street,0405,eu_traces_third_country:0156,eu_traces_third_country,Clearwater Seafoods Limited Partnership,1 Plant Road,0156,CAN,1.0,,"identical name, no usable location on either record",
eu_traces_third_country:0405,eu_traces_third_country,Clearwater Seafoods Limited Partnership,68 Water Street,0405,eu_traces_third_country:LL04001,eu_traces_third_country,Clearwater Seafoods Limited Partnership,,LL04001,CAN,1.0,,"identical name, no usable location on either record",
eu_traces_third_country:0405,eu_traces_third_country,Clearwater Seafoods Limited Partnership,68 Water Street,0405,eu_traces_third_country:0439,eu_traces_third_country,Clearwater Seafoods Limited Partnership,,0439,CAN,1.0,,"identical name, no usable location on either record",
eu_traces_third_country:0156,eu_traces_third_country,Clearwater Seafoods Limited Partnership,1 Plant Road,0156,eu_traces_third_country:LL04001,eu_traces_third_country,Clearwater Seafoods Limited Partnership,,LL04001,CAN,1.0,,"identical name, no usable location on either record",
eu_traces_third_country:0156,eu_traces_third_country,Clearwater Seafoods Limited Partnership,1 Plant Road,0156,eu_traces_third_country:0439,eu_traces_third_country,Clearwater Seafoods Limited Partnership,,0439,CAN,1.0,,"identical name, no usable location on either record",
eu_traces_third_country:LL04001,eu_traces_third_country,Clearwater Seafoods Limited Partnership,,LL04001,eu_traces_third_country:0439,eu_traces_third_country,Clearwater Seafoods Limited Partnership,,0439,CAN,1.0,,"identical name, no usable location on either record",
eu_traces_third_country:1C74,eu_traces_third_country,Cloverdale Cold Storage Ltd.,3188 - 188th Street,1C74,eu_traces_third_country:0789,eu_traces_third_country,Cloverdale Cold Storage Ltd.,3177 - 188TH STREET,0789,CAN,1.0,,"identical name, no usable location on either record",
eu_traces_third_country:1C74,eu_traces_third_country,Cloverdale Cold Storage Ltd.,3188 - 188th Street,1C74,eu_traces_third_country:1928,eu_traces_third_country,Cloverdale Cold Storage Ltd.,3133 - 188TH STREET,1928,CAN,1.0,,"identical name, no usable location on either record",
eu_traces_third_country:0789,eu_traces_third_country,Cloverdale Cold Storage Ltd.,3177 - 188TH STREET,0789,eu_traces_third_country:1928,eu_traces_third_country,Cloverdale Cold Storage Ltd.,3133 - 188TH STREET,1928,CAN,1.0,,"identical name, no usable location on either record",
eu_traces_third_country:0019,eu_traces_third_country,Codroy Seafoods Inc.,Warf Road,0019,eu_traces_third_country:CS1404188,eu_traces_third_country,Codroy Seafoods Inc.,8 Marine Drive A0M 1C0,CS1404188,CAN,1.0,,"identical name, no usable location on either record",
eu_traces_third_country:1398711,eu_traces_third_country,ColdStar Solutions Inc.,13269 Simpson Road,1398711,eu_traces_third_country:1398545,eu_traces_third_country,ColdStar Solutions Inc.,1005 Henry Eng Place V9B 6B2,1398545,CAN,1.0,,"identical name, no usable location on either record",
eu_traces_third_country:1394,eu_traces_third_country,Comeau's Sea Foods Limited,60 Saulnierville Road,1394,eu_traces_third_country:1392,eu_traces_third_country,Comeau's Sea Foods Limited,60 Saulnierville Road,1392,CAN,1.0,,"identical name, no usable location on either record",
eu_traces_third_country:1394,eu_traces_third_country,Comeau's Sea Foods Limited,60 Saulnierville Road,1394,eu_traces_third_country:3341,eu_traces_third_country,Comeau's Sea Foods Limited,1065 ROUTE 3,3341,CAN,1.0,,"identical name, no usable location on either record",
eu_traces_third_country:1394,eu_traces_third_country,Comeau's Sea Foods Limited,60 Saulnierville Road,1394,eu_traces_third_country:0301,eu_traces_third_country,Comeau's Sea Foods Limited,60 Saulnierville Road B0W 2Z0,0301,CAN,1.0,,"identical name, no usable location on either record",
eu_traces_third_country:1392,eu_traces_third_country,Comeau's Sea Foods Limited,60 Saulnierville Road,1392,eu_traces_third_country:3341,eu_traces_third_country,Comeau's Sea Foods Limited,1065 ROUTE 3,3341,CAN,1.0,,"identical name, no usable location on either record",
eu_traces_third_country:1392,eu_traces_third_country,Comeau's Sea Foods Limited,60 Saulnierville Road,1392,eu_traces_third_country:0301,eu_traces_third_country,Comeau's Sea Foods Limited,60 Saulnierville Road B0W 2Z0,0301,CAN,1.0,,"identical name, no usable location on either record",
eu_traces_third_country:3341,eu_traces_third_country,Comeau's Sea Foods Limited,1065 ROUTE 3,3341,eu_traces_third_country:0301,eu_traces_third_country,Comeau's Sea Foods Limited,60 Saulnierville Road B0W 2Z0,0301,CAN,1.0,,"identical name, no usable location on either record",
eu_traces_third_country:S413,eu_traces_third_country,Congebec Inc.,1555 CHEVRIER BLVD R3T 1Y7,S413,eu_traces_third_country:S730,eu_traces_third_country,Congébec Inc.,. J3E 2V2,S730,CAN,1.0,,"identical name, no usable location on either record",
eu_traces_third_country:S413,eu_traces_third_country,Congebec Inc.,1555 CHEVRIER BLVD R3T 1Y7,S413,eu_traces_third_country:S748,eu_traces_third_country,Congébec Inc.,"130, rue J.-A. Bombardier, Boucherville, QC J4B 8N4",S748,CAN,1.0,,"identical name, no usable location on either record",
eu_traces_third_country:S730,eu_traces_third_country,Congébec Inc.,. J3E 2V2,S730,eu_traces_third_country:S748,eu_traces_third_country,Congébec Inc.,"130, rue J.-A. Bombardier, Boucherville, QC J4B 8N4",S748,CAN,1.0,,"identical name, no usable location on either record",
eu_traces_third_country:0903,eu_traces_third_country,Cooper's Cove Oyster Farm Ltd.,6377 Belvista Place,0903,eu_traces_third_country:0993,eu_traces_third_country,Cooper's Cove Oyster Farm Ltd.,6377 Belvista Place,0993,CAN,1.0,,"identical name, no usable location on either record",
eu_traces_third_country:1534767,eu_traces_third_country,Do Lobster,1319 Main Rd B3G 1M4,1534767,eu_traces_third_country:LL04011,eu_traces_third_country,Do Lobster,1323 Main Road B3G 1M4,LL04011,CAN,1.0,,"identical name, no usable location on either record",
eu_traces_third_country:6011,eu_traces_third_country,Fisher Direct Ltd.,5169 Hwy 3,6011,eu_traces_third_country:1431691,eu_traces_third_country,Fisher Direct Ltd.,382 Bear Point Rd.,1431691,CAN,1.0,,"identical name, no usable location on either record",
eu_traces_third_country:0058,eu_traces_third_country,"Fogo Island Co-Operative Society, Limited",,0058,eu_traces_third_country:0039,eu_traces_third_country,"Fogo Island Co-Operative Society, Limited",,0039,CAN,1.0,,"identical name, no usable location on either record",
eu_traces_third_country:3752,eu_traces_third_country,Gerret Enterprises Incorporated,58 BOUNDARY STREET,3752,eu_traces_third_country:LL32139,eu_traces_third_country,Gerret Enterprises Incorporated,,LL32139,CAN,1.0,,"identical name, no usable location on either record",
eu_traces_third_country:3752,eu_traces_third_country,Gerret Enterprises Incorporated,58 BOUNDARY STREET,3752,eu_traces_third_country:1430,eu_traces_third_country,Gerret Enterprises Incorporated,58 Boundry Street,1430,CAN,1.0,,"identical name, no usable location on either record",
eu_traces_third_country:LL32139,eu_traces_third_country,Gerret Enterprises Incorporated,,LL32139,eu_traces_third_country:1430,eu_traces_third_country,Gerret Enterprises Incorporated,58 Boundry Street,1430,CAN,1.0,,"identical name, no usable location on either record",
eu_traces_third_country:6041,eu_traces_third_country,Gidney Fisheries Limited,136 Dakin Park Road B0V 1A0,6041,eu_traces_third_country:LL16009,eu_traces_third_country,Gidney Fisheries Limited,8145 Hwy 1 B0W 2J0,LL16009,CAN,1.0,,"identical name, no usable location on either record",
eu_traces_third_country:3841,eu_traces_third_country,I Deveau Fisheries Limited,88 Cook Point Road,3841,eu_traces_third_country:LL32114,eu_traces_third_country,I. Deveau Fisheries Limited,508 Hwy 330 North East Point,LL32114,CAN,1.0,,"identical name, no usable location on either record",
eu_traces_third_country:3841,eu_traces_third_country,I Deveau Fisheries Limited,88 Cook Point Road,3841,eu_traces_third_country:1D93,eu_traces_third_country,I. Deveau Fisheries Limited,441 Lobster Plant Road,1D93,CAN,1.0,,"identical name, no usable location on either record",
eu_traces_third_country:LL32114,eu_traces_third_country,I. Deveau Fisheries Limited,508 Hwy 330 North East Point,LL32114,eu_traces_third_country:1D93,eu_traces_third_country,I. Deveau Fisheries Limited,441 Lobster Plant Road,1D93,CAN,1.0,,"identical name, no usable location on either record",
eu_traces_third_country:0477,eu_traces_third_country,K&N Fisheries LTD.,130 Seal Point Road B0W 3N0,0477,eu_traces_third_country:3619,eu_traces_third_country,K&N Fisheries Limited,70 Fish Plant Road,3619,CAN,1.0,,"identical name, no usable location on either record",
eu_traces_third_country:0980,eu_traces_third_country,Keltic Seafoods Limited,6980 Market Street,0980,eu_traces_third_country:0736,eu_traces_third_country,Keltic Seafoods Limited,8625 Glenview Road,0736,CAN,1.0,,"identical name, no usable location on either record",
eu_traces_third_country:6192,eu_traces_third_country,Kitasoo Band Store Ltd.,540 Kitasoo Road,6192,eu_traces_third_country:6202,eu_traces_third_country,Kitasoo Band Store Ltd.,540 Kitasoo Road,6202,CAN,1.0,,"identical name, no usable location on either record",
eu_traces_third_country:S879,eu_traces_third_country,Klondike Cold Storage Ltd.,3023 188th Street V3Z 9V5,S879,eu_traces_third_country:S108,eu_traces_third_country,Klondike Cold Storage Ltd.,5775-272nd Street V4W 0B1,S108,CAN,1.0,,"identical name, no usable location on either record",
eu_traces_third_country:6061,eu_traces_third_country,L.J. Robicheau & Son Fisheries Limited,14 Freeman St,6061,eu_traces_third_country:3816,eu_traces_third_country,L.J. Robicheau & Son Fisheries Limited,219 Shore Road,3816,CAN,1.0,,"identical name, no usable location on either record",
eu_traces_third_country:6095,eu_traces_third_country,LOBSTER HUB INC.,45 John Thibodeau Rd.,6095,eu_traces_third_country:1427118,eu_traces_third_country,Lobster Hub Inc.,45 John Thibodeau Road,1427118,CAN,1.0,,"identical name, no usable location on either record",
eu_traces_third_country:0558,eu_traces_third_country,La Crevette Du Nord Atlantique Inc.,9 rue de la Mary,0558,eu_traces_third_country:5784,eu_traces_third_country,La Crevette Du Nord Atlantique Inc.,553 Boulevard Griffon G4X 6A5,5784,CAN,1.0,,"identical name, no usable location on either record",
eu_traces_third_country:0113,eu_traces_third_country,Labrador Fishermen's Union Shrimp Company Ltd,46-48 Waterfront Road,0113,eu_traces_third_country:0045,eu_traces_third_country,Labrador Fishermen’s Union Shrimp Company Limited,1 Marine Drive,0045,CAN,1.0,,"identical name, no usable location on either record",
eu_traces_third_country:0543,eu_traces_third_country,Les Pêcheries Gaspésiennes Inc.,"48, rue des Vagues",0543,eu_traces_third_country:0544,eu_traces_third_country,Les Pêcheries Gaspésiennes Inc.,"5, rue de la Victoria",0544,CAN,1.0,,"identical name, no usable location on either record",
eu_traces_third_country:0758,eu_traces_third_country,Limberis Seafood Processing Ltd,5025 Limberis Drive,0758,eu_traces_third_country:0999,eu_traces_third_country,Limberis Seafood Processing Ltd.,5025 Limberis Drive,0999,CAN,1.0,,"identical name, no usable location on either record",
eu_traces_third_country:0997,eu_traces_third_country,Mac's Oysters Ltd.,7162 South Island Highway,0997,eu_traces_third_country:0938,eu_traces_third_country,Mac's Oysters Ltd.,7162 South Island Highway,0938,CAN,1.0,,"identical name, no usable location on either record",
eu_traces_third_country:0425,eu_traces_third_country,Mersey Seafoods Limited,26 Bristol Avenue,0425,eu_traces_third_country:1466091,eu_traces_third_country,Mersey Seafoods Limited,50 Wharf Road,1466091,CAN,1.0,,"identical name, no usable location on either record",
eu_traces_third_country:6035,eu_traces_third_country,Mowi Canada West Inc.,#200 - 5355 152nd Street V3S 5A5,6035,eu_traces_third_country:0950,eu_traces_third_country,Mowi Canada West Inc.,7200 Coho Road,0950,CAN,1.0,,"identical name, no usable location on either record",
eu_traces_third_country:1480143,eu_traces_third_country,Nautical Seafoods Ltd,4336 Shore Rd West,1480143,eu_traces_third_country:3803,eu_traces_third_country,Nautical Seafoods Ltd.,4336 Shore Road West,3803,CAN,1.0,,"identical name, no usable location on either record",
eu_traces_third_country:LL16008,eu_traces_third_country,North 49 Holdings Ltd.,66 Meteghan Shore Road B0W 2J0,LL16008,eu_traces_third_country:1485617,eu_traces_third_country,North 49 Holdings Ltd.,268 Route 175,1485617,CAN,1.0,,"identical name, no usable location on either record",
eu_traces_third_country:6022,eu_traces_third_country,North Lake Fisheries (2013) Inc,150 Central Street,6022,eu_traces_third_country:4240,eu_traces_third_country,"North Lake Fisheries (2013), Inc.",58 North Lake Harbour Road C0A 1K0,4240,CAN,1.0,,"identical name, no usable location on either record",
eu_traces_third_country:1174,eu_traces_third_country,Notre Dame Seafoods Inc.,,1174,eu_traces_third_country:0007,eu_traces_third_country,Notre Dame Seafoods Inc.,13-23 Cove Road,0007,CAN,1.0,,"identical name, no usable location on either record",
eu_traces_third_country:CS1459341,eu_traces_third_country,Nova Cold Logistics ULC,"71 Thornhill Drive, Unit 100 B3B 1R9",CS1459341,eu_traces_third_country:CS1459337,eu_traces_third_country,Nova Cold Logistics ULC,635 Wilkinson Avenue B3B 0H4,CS1459337,CAN,1.0,,"identical name, no usable location on either record",
eu_traces_third_country:2134,eu_traces_third_country,Nu Sea Products Inc.,MAIN ROAD,2134,eu_traces_third_country:1123,eu_traces_third_country,Nu Sea Products Inc.,Port de Grave,1123,CAN,1.0,,"identical name, no usable location on either record",
eu_traces_third_country:2134,eu_traces_third_country,Nu Sea Products Inc.,MAIN ROAD,2134,eu_traces_third_country:0183,eu_traces_third_country,Nu Sea Products Inc.,74-76 Fisher St.,0183,CAN,1.0,,"identical name, no usable location on either record",
eu_traces_third_country:1123,eu_traces_third_country,Nu Sea Products Inc.,Port de Grave,1123,eu_traces_third_country:0183,eu_traces_third_country,Nu Sea Products Inc.,74-76 Fisher St.,0183,CAN,1.0,,"identical name, no usable location on either record",
eu_traces_third_country:S952,eu_traces_third_country,Pacific Blue Storage Ltd.,19080 32 Ave,S952,eu_traces_third_country:1454413,eu_traces_third_country,Pacific Blue Storage Ltd.,#2 – 5628 Riverbend Drive V3N 0C1,1454413,CAN,1.0,,"identical name, no usable location on either record",
eu_traces_third_country:0566,eu_traces_third_country,Pecheries Leomar Inc. / Leomar Fisheries Inc.,521 Ch. du Gros-Cap,0566,eu_traces_third_country:5611,eu_traces_third_country,Pecheries Leomar Inc. / Leomar Fisheries Inc.,18 Chemin du Quai,5611,CAN,1.0,,"identical name, no usable location on either record",
eu_traces_third_country:5168,eu_traces_third_country,Poissonnerie Blanchette Inc.,"280, rue du Havre G4V 3H5",5168,eu_traces_third_country:5167,eu_traces_third_country,Poissonnerie Blanchette Inc.,"150, boul. Perron est G4V 3A4",5167,CAN,1.0,,"identical name, no usable location on either record",
eu_traces_third_country:1486,eu_traces_third_country,Premium Seafoods Limited,616 Veteran's Memorial Drive,1486,eu_traces_third_country:3617,eu_traces_third_country,Premium Seafoods Limited,517 Veterans Memorial Drive,3617,CAN,1.0,,"identical name, no usable location on either record",
eu_traces_third_country:1565495,eu_traces_third_country,Quin-Sea Fisheries Limited,Higdon's Fish Plant Road A0A 1L0,1565495,eu_traces_third_country:0063,eu_traces_third_country,Quin-Sea Fisheries Limited,,0063,CAN,1.0,,"identical name, no usable location on either record",
eu_traces_third_country:1565495,eu_traces_third_country,Quin-Sea Fisheries Limited,Higdon's Fish Plant Road A0A 1L0,1565495,eu_traces_third_country:6167,eu_traces_third_country,Quin-Sea Fisheries Limited,1 Higdon's Fish Plant Road,6167,CAN,1.0,,"identical name, no usable location on either record",
eu_traces_third_country:1565495,eu_traces_third_country,Quin-Sea Fisheries Limited,Higdon's Fish Plant Road A0A 1L0,1565495,eu_traces_third_country:0171,eu_traces_third_country,Quin-Sea Fisheries Limited,50-70 Marine Drive,0171,CAN,1.0,,"identical name, no usable location on either record",
eu_traces_third_country:1565495,eu_traces_third_country,Quin-Sea Fisheries Limited,Higdon's Fish Plant Road A0A 1L0,1565495,eu_traces_third_country:0025,eu_traces_third_country,Quin-Sea Fisheries Limited,257-269 Marine Drive,0025,CAN,1.0,,"identical name, no usable location on either record",
eu_traces_third_country:1565495,eu_traces_third_country,Quin-Sea Fisheries Limited,Higdon's Fish Plant Road A0A 1L0,1565495,eu_traces_third_country:0193,eu_traces_third_country,Quin-Sea Fisheries Limited,40 Harbour Road,0193,CAN,1.0,,"identical name, no usable location on either record",
eu_traces_third_country:0063,eu_traces_third_country,Quin-Sea Fisheries Limited,,0063,eu_traces_third_country:6167,eu_traces_third_country,Quin-Sea Fisheries Limited,1 Higdon's Fish Plant Road,6167,CAN,1.0,,"identical name, no usable location on either record",
eu_traces_third_country:0063,eu_traces_third_country,Quin-Sea Fisheries Limited,,0063,eu_traces_third_country:0171,eu_traces_third_country,Quin-Sea Fisheries Limited,50-70 Marine Drive,0171,CAN,1.0,,"identical name, no usable location on either record",
eu_traces_third_country:0063,eu_traces_third_country,Quin-Sea Fisheries Limited,,0063,eu_traces_third_country:0025,eu_traces_third_country,Quin-Sea Fisheries Limited,257-269 Marine Drive,0025,CAN,1.0,,"identical name, no usable location on either record",
eu_traces_third_country:0063,eu_traces_third_country,Quin-Sea Fisheries Limited,,0063,eu_traces_third_country:0193,eu_traces_third_country,Quin-Sea Fisheries Limited,40 Harbour Road,0193,CAN,1.0,,"identical name, no usable location on either record",
eu_traces_third_country:6167,eu_traces_third_country,Quin-Sea Fisheries Limited,1 Higdon's Fish Plant Road,6167,eu_traces_third_country:0171,eu_traces_third_country,Quin-Sea Fisheries Limited,50-70 Marine Drive,0171,CAN,1.0,,"identical name, no usable location on either record",
eu_traces_third_country:6167,eu_traces_third_country,Quin-Sea Fisheries Limited,1 Higdon's Fish Plant Road,6167,eu_traces_third_country:0025,eu_traces_third_country,Quin-Sea Fisheries Limited,257-269 Marine Drive,0025,CAN,1.0,,"identical name, no usable location on either record",
eu_traces_third_country:6167,eu_traces_third_country,Quin-Sea Fisheries Limited,1 Higdon's Fish Plant Road,6167,eu_traces_third_country:0193,eu_traces_third_country,Quin-Sea Fisheries Limited,40 Harbour Road,0193,CAN,1.0,,"identical name, no usable location on either record",
eu_traces_third_country:0171,eu_traces_third_country,Quin-Sea Fisheries Limited,50-70 Marine Drive,0171,eu_traces_third_country:0025,eu_traces_third_country,Quin-Sea Fisheries Limited,257-269 Marine Drive,0025,CAN,1.0,,"identical name, no usable location on either record",
eu_traces_third_country:0171,eu_traces_third_country,Quin-Sea Fisheries Limited,50-70 Marine Drive,0171,eu_traces_third_country:0193,eu_traces_third_country,Quin-Sea Fisheries Limited,40 Harbour Road,0193,CAN,1.0,,"identical name, no usable location on either record",
eu_traces_third_country:0025,eu_traces_third_country,Quin-Sea Fisheries Limited,257-269 Marine Drive,0025,eu_traces_third_country:0193,eu_traces_third_country,Quin-Sea Fisheries Limited,40 Harbour Road,0193,CAN,1.0,,"identical name, no usable location on either record",
eu_traces_third_country:0098,eu_traces_third_country,Quinlan Brothers Ltd,,0098,eu_traces_third_country:0130,eu_traces_third_country,"Quinlan Brothers, Ltd",6 Wharf Road,0130,CAN,1.0,,"identical name, no usable location on either record",
eu_traces_third_country:LL32103,eu_traces_third_country,R. I. Smith Lobster Co. Ltd.,B0W 1P0,LL32103,eu_traces_third_country:3750,eu_traces_third_country,R.I. Smith Lobster Co. Ltd.,,3750,CAN,1.0,,"identical name, no usable location on either record",
eu_traces_third_country:6437,eu_traces_third_country,Right Source Group Limited,421 Bluewater Road,6437,eu_traces_third_country:6080,eu_traces_third_country,Right Source Group Limited,"Unit 06, 192 Joseph Zatzman Drive B3B 1N4",6080,CAN,1.0,,"identical name, no usable location on either record",
eu_traces_third_country:CS1428954,eu_traces_third_country,Riverside Lobster International Inc.,9089 Highway 1 B0W 2L0,CS1428954,eu_traces_third_country:3838,eu_traces_third_country,Riverside Lobster International Inc.,11 John Thibodeau Road,3838,CAN,1.0,,"identical name, no usable location on either record",
eu_traces_third_country:CS1428954,eu_traces_third_country,Riverside Lobster International Inc.,9089 Highway 1 B0W 2L0,CS1428954,eu_traces_third_country:1428188,eu_traces_third_country,Riverside Lobster International Inc.,11 John Thibodeau Road,1428188,CAN,1.0,,"identical name, no usable location on either record",
eu_traces_third_country:CS1428954,eu_traces_third_country,Riverside Lobster International Inc.,9089 Highway 1 B0W 2L0,CS1428954,eu_traces_third_country:1428190,eu_traces_third_country,Riverside Lobster International Inc.,9089 Highway 1,1428190,CAN,1.0,,"identical name, no usable location on either record",
eu_traces_third_country:3838,eu_traces_third_country,Riverside Lobster International Inc.,11 John Thibodeau Road,3838,eu_traces_third_country:1428188,eu_traces_third_country,Riverside Lobster International Inc.,11 John Thibodeau Road,1428188,CAN,1.0,,"identical name, no usable location on either record",
eu_traces_third_country:3838,eu_traces_third_country,Riverside Lobster International Inc.,11 John Thibodeau Road,3838,eu_traces_third_country:1428190,eu_traces_third_country,Riverside Lobster International Inc.,9089 Highway 1,1428190,CAN,1.0,,"identical name, no usable location on either record",
eu_traces_third_country:1428188,eu_traces_third_country,Riverside Lobster International Inc.,11 John Thibodeau Road,1428188,eu_traces_third_country:1428190,eu_traces_third_country,Riverside Lobster International Inc.,9089 Highway 1,1428190,CAN,1.0,,"identical name, no usable location on either record",
eu_traces_third_country:3775,eu_traces_third_country,Ship's Lobster Pound (2005) Limited,6649 HIGHWAY 3,3775,eu_traces_third_country:1497512,eu_traces_third_country,Ship’s Lobster Pound (2005) Limited,413 Central Port Mouton Road,1497512,CAN,1.0,,"identical name, no usable location on either record",
eu_traces_third_country:0994,eu_traces_third_country,Taylor Shellfish Canada ULC,8260 South Island Highway,0994,eu_traces_third_country:0773,eu_traces_third_country,Taylor Shellfish Canada ULC,8260 South Island Highway,0773,CAN,1.0,,"identical name, no usable location on either record",
eu_traces_third_country:0124,eu_traces_third_country,Torngat Fish Producers Cooperative Society Limited,,0124,eu_traces_third_country:0194,eu_traces_third_country,Torngat Fish Producers Cooperative Society Ltd,,0194,CAN,1.0,,"identical name, no usable location on either record",
eu_traces_third_country:6155,eu_traces_third_country,True North Salmon Limited Partnership,390 Higney Avenue B3B 0L4,6155,eu_traces_third_country:3034,eu_traces_third_country,True North Salmon Limited Partnership,1 Fundy Bay Drive,3034,CAN,1.0,,"identical name, no usable location on either record",
eu_traces_third_country:0659,eu_traces_third_country,Versacold Group Services ULC,"200 Dawson Road, North R2J 0S7",0659,eu_traces_third_country:1439300,eu_traces_third_country,Versacold Group Services ULC,31785 Marshall Road V2T 5Z8,1439300,CAN,1.0,,"identical name, no usable location on either record",
eu_traces_third_country:96.999.710-K,eu_traces_third_country,Coexca S.A.,,96.999.710-K,eu_traces_third_country:07-03,eu_traces_third_country,Coexca S.A.,,07-03,CHI,1.0,,"identical name, no usable location on either record",
eu_traces_third_country:06-02,eu_traces_third_country,Faenadora Lo Miranda Ltda.,".Carretera H-30, N° 3814, Lo Miranda",06-02,eu_traces_third_country:140602,eu_traces_third_country,Faenadora Lo Miranda Ltda.,".Carretera H-30, N° 3814, Lo Miranda",140602,CHI,1.0,,"identical name, no usable location on either record",
eu_traces_third_country:06-08,eu_traces_third_country,Faenadora San Vicente Ltda.,".Carretera H-66-G Km 19,2",06-08,eu_traces_third_country:4947,eu_traces_third_country,Faenadora San Vicente Ltda.,".Carretera H-66-G Km 19,2",4947,CHI,1.0,,"identical name, no usable location on either record",
eu_traces_third_country:LEEPP 06-06,eu_traces_third_country,Procesadora De Alimentos Del Sur Limitada,"Ruta H­50, Km 0.304, Camino Quinta de Tilcoco, Rengo",LEEPP 06-06,eu_traces_third_country:06-03,eu_traces_third_country,Procesadora de Alimentos del Sur Limitada,Camino Fundo Peuco N° 3400,06-03,CHI,1.0,,"identical name, no usable location on either record",
eu_traces_third_country:LEEPP 06-06,eu_traces_third_country,Procesadora De Alimentos Del Sur Limitada,"Ruta H­50, Km 0.304, Camino Quinta de Tilcoco, Rengo",LEEPP 06-06,eu_traces_third_country:06-06,eu_traces_third_country,Procesadora de Alimentos del Sur Limitada,"Ruta H-50 Km 0,304 camino Quinta de Tilcoco",06-06,CHI,1.0,,"identical name, no usable location on either record",
eu_traces_third_country:06-03,eu_traces_third_country,Procesadora de Alimentos del Sur Limitada,Camino Fundo Peuco N° 3400,06-03,eu_traces_third_country:06-06,eu_traces_third_country,Procesadora de Alimentos del Sur Limitada,"Ruta H-50 Km 0,304 camino Quinta de Tilcoco",06-06,CHI,1.0,,"identical name, no usable location on either record",
eu_traces_third_country:10862,eu_traces_third_country,CALETA BAY PROCESOS SPA,EL TENIENTE 121 BARRIO INDUSTRIAL,10862,eu_traces_third_country:10946,eu_traces_third_country,CALETA BAY PROCESOS SPA,RUTA 5 SUR KM 1030 PARCELA 90,10946,CHI,1.0,,"identical name, no usable location on either record",
eu_traces_third_country:10177,eu_traces_third_country,CHILE SEAFOODS COMERCIAL SPA,AV 21 DE MAYO S N PARGUA,10177,eu_traces_third_country:12141,eu_traces_third_country,CHILE SEAFOODS COMERCIAL SPA,RODOLFO NOVOA 8260,12141,CHI,1.0,,"identical name, no usable location on either record",
eu_traces_third_country:10177,eu_traces_third_country,CHILE SEAFOODS COMERCIAL SPA,AV 21 DE MAYO S N PARGUA,10177,eu_traces_third_country:141024,eu_traces_third_country,Chile Seafoods Comercial SPA,,141024,CHI,1.0,,"identical name, no usable location on either record",
eu_traces_third_country:12141,eu_traces_third_country,CHILE SEAFOODS COMERCIAL SPA,RODOLFO NOVOA 8260,12141,eu_traces_third_country:141024,eu_traces_third_country,Chile Seafoods Comercial SPA,,141024,CHI,1.0,,"identical name, no usable location on either record",
eu_traces_third_country:4385,eu_traces_third_country,COLD CHILE S A,AV AMERICO VESPUCIO NORTE 0350,4385,eu_traces_third_country:13-19,eu_traces_third_country,COLD CHILE S.A,.Av. Américo Vespucio N° 0350,13-19,CHI,1.0,,"identical name, no usable location on either record",
eu_traces_third_country:140505,eu_traces_third_country,FRIOMOR SOCIEDAD ANONIMA,Las Majadas Lote del 1 al 7,140505,eu_traces_third_country:05-47,eu_traces_third_country,FRIOMOR SOCIEDAD ANONIMA,Las Majadas Lote del 1 al 7,05-47,CHI,1.0,,"identical name, no usable location on either record",
eu_traces_third_country:141315,eu_traces_third_country,Friofort S.A.,,141315,eu_traces_third_country:13-33,eu_traces_third_country,Friofort S.A.,.Alberto Krumm Valencia N° 0613,13-33,CHI,1.0,,"identical name, no usable location on either record",
eu_traces_third_country:141305,eu_traces_third_country,GOLDENFROST S A,.Avenida Américo Vespucio N° 1955,141305,eu_traces_third_country:13-18,eu_traces_third_country,GOLDENFROST S A,.Avenida Américo Vespucio N° 1955,13-18,CHI,1.0,,"identical name, no usable location on either record",
eu_traces_third_country:10985,eu_traces_third_country,GRANJA MARINA TORNAGALEONES S A,CAMINO CAICAEN KM 2.5,10985,eu_traces_third_country:10751,eu_traces_third_country,GRANJA MARINA TORNAGALEONES S A,CAMINO SAN ANTONIO 998,10751,CHI,1.0,,"identical name, no usable location on either record",
eu_traces_third_country:140504,eu_traces_third_country,HOOK CHILE S A,Los Aromos N° 365,140504,eu_traces_third_country:05-45,eu_traces_third_country,HOOK CHILE S A,Los Aromos N° 365,05-45,CHI,1.0,,"identical name, no usable location on either record",
eu_traces_third_country:10753,eu_traces_third_country,PESQUERA DEL MAR ANTARTICO S A,"EL TOFO 106, BARRIO INDUSTRIAL",10753,eu_traces_third_country:10064,eu_traces_third_country,PESQUERA DEL MAR ANTARTICO S A,BIMA 338,10064,CHI,1.0,,"identical name, no usable location on either record",
eu_traces_third_country:140601,eu_traces_third_country,PRECISA FROZEN STORAGE & SERVICES LIMITADA,".Longitudinal Sur Km. 95,5 sector El Vaticano",140601,eu_traces_third_country:06-23,eu_traces_third_country,PRECISA FROZEN STORAGE & SERVICES LIMITADA,".Longitudinal Sur Km. 95,5 sector El Vaticano",06-23,CHI,1.0,,"identical name, no usable location on either record",
eu_traces_third_country:141019,eu_traces_third_country,YADRAN QUELLON S A,,141019,eu_traces_third_country:10722,eu_traces_third_country,YADRAN QUELLON S A,QUELLON VIEJO RURAL,10722,CHI,1.0,,"identical name, no usable location on either record",
eu_traces_third_country:3000,eu_traces_third_country,JBS S/A,"PRL DA ROD. MT 240 SENTIDO DIAMANTINO - NOVA MUTUM, KM 3,5 - LADO DIREITO, ZONA RURAL, Diamantino- MT CEP: 78.400-000",3000,eu_traces_third_country:3225,eu_traces_third_country,JBS S/A,"Rodovia BR 497 km. 2.5, Zona Rural",3225,BRA,1.0,,"identical name, no usable location on either record",
eu_traces_third_country:3000,eu_traces_third_country,JBS S/A,"PRL DA ROD. MT 240 SENTIDO DIAMANTINO - NOVA MUTUM, KM 3,5 - LADO DIREITO, ZONA RURAL, Diamantino- MT CEP: 78.400-000",3000,eu_traces_third_country:2979,eu_traces_third_country,JBS S/A,Av Hamilton Simioni,2979,BRA,1.0,,"identical name, no usable location on either record",
eu_traces_third_country:3000,eu_traces_third_country,JBS S/A,"PRL DA ROD. MT 240 SENTIDO DIAMANTINO - NOVA MUTUM, KM 3,5 - LADO DIREITO, ZONA RURAL, Diamantino- MT CEP: 78.400-000",3000,eu_traces_third_country:385,eu_traces_third_country,JBS S/A,"AV. JOSÉ BATISTA SOBRINHO S/Nº, SÃO FRANCISCO, Andradina/SP CEP 16.901-904",385,BRA,1.0,,"identical name, no usable location on either record",
eu_traces_third_country:3000,eu_traces_third_country,JBS S/A,"PRL DA ROD. MT 240 SENTIDO DIAMANTINO - NOVA MUTUM, KM 3,5 - LADO DIREITO, ZONA RURAL, Diamantino- MT CEP: 78.400-000",3000,eu_traces_third_country:4268,eu_traces_third_country,JBS S/A,"AV. ULISSES GUIMARÃES, 889, POLO INDUSTRIAL III, CEP:78.500-000 Colider- MT",4268,BRA,1.0,,"identical name, no usable location on either record",
eu_traces_third_country:3000,eu_traces_third_country,JBS S/A,"PRL DA ROD. MT 240 SENTIDO DIAMANTINO - NOVA MUTUM, KM 3,5 - LADO DIREITO, ZONA RURAL, Diamantino- MT CEP: 78.400-000",3000,eu_traces_third_country:3470,eu_traces_third_country,JBS S/A,"ROD MT 430, KM 07, S/N ZONA RURAL CEP: 78.652-000 Confresa- MT",3470,BRA,1.0,,"identical name, no usable location on either record",
eu_traces_third_country:3225,eu_traces_third_country,JBS S/A,"Rodovia BR 497 km. 2.5, Zona Rural",3225,eu_traces_third_country:2979,eu_traces_third_country,JBS S/A,Av Hamilton Simioni,2979,BRA,1.0,,"identical name, no usable location on either record",
eu_traces_third_country:3225,eu_traces_third_country,JBS S/A,"Rodovia BR 497 km. 2.5, Zona Rural",3225,eu_traces_third_country:385,eu_traces_third_country,JBS S/A,"AV. JOSÉ BATISTA SOBRINHO S/Nº, SÃO FRANCISCO, Andradina/SP CEP 16.901-904",385,BRA,1.0,,"identical name, no usable location on either record",
eu_traces_third_country:3225,eu_traces_third_country,JBS S/A,"Rodovia BR 497 km. 2.5, Zona Rural",3225,eu_traces_third_country:4268,eu_traces_third_country,JBS S/A,"AV. ULISSES GUIMARÃES, 889, POLO INDUSTRIAL III, CEP:78.500-000 Colider- MT",4268,BRA,1.0,,"identical name, no usable location on either record",
eu_traces_third_country:3225,eu_traces_third_country,JBS S/A,"Rodovia BR 497 km. 2.5, Zona Rural",3225,eu_traces_third_country:3470,eu_traces_third_country,JBS S/A,"ROD MT 430, KM 07, S/N ZONA RURAL CEP: 78.652-000 Confresa- MT",3470,BRA,1.0,,"identical name, no usable location on either record",
eu_traces_third_country:2979,eu_traces_third_country,JBS S/A,Av Hamilton Simioni,2979,eu_traces_third_country:385,eu_traces_third_country,JBS S/A,"AV. JOSÉ BATISTA SOBRINHO S/Nº, SÃO FRANCISCO, Andradina/SP CEP 16.901-904",385,BRA,1.0,,"identical name, no usable location on either record",
eu_traces_third_country:2979,eu_traces_third_country,JBS S/A,Av Hamilton Simioni,2979,eu_traces_third_country:4268,eu_traces_third_country,JBS S/A,"AV. ULISSES GUIMARÃES, 889, POLO INDUSTRIAL III, CEP:78.500-000 Colider- MT",4268,BRA,1.0,,"identical name, no usable location on either record",
eu_traces_third_country:2979,eu_traces_third_country,JBS S/A,Av Hamilton Simioni,2979,eu_traces_third_country:3470,eu_traces_third_country,JBS S/A,"ROD MT 430, KM 07, S/N ZONA RURAL CEP: 78.652-000 Confresa- MT",3470,BRA,1.0,,"identical name, no usable location on either record",
eu_traces_third_country:385,eu_traces_third_country,JBS S/A,"AV. JOSÉ BATISTA SOBRINHO S/Nº, SÃO FRANCISCO, Andradina/SP CEP 16.901-904",385,eu_traces_third_country:4268,eu_traces_third_country,JBS S/A,"AV. ULISSES GUIMARÃES, 889, POLO INDUSTRIAL III, CEP:78.500-000 Colider- MT",4268,BRA,1.0,,"identical name, no usable location on either record",
eu_traces_third_country:385,eu_traces_third_country,JBS S/A,"AV. JOSÉ BATISTA SOBRINHO S/Nº, SÃO FRANCISCO, Andradina/SP CEP 16.901-904",385,eu_traces_third_country:3470,eu_traces_third_country,JBS S/A,"ROD MT 430, KM 07, S/N ZONA RURAL CEP: 78.652-000 Confresa- MT",3470,BRA,1.0,,"identical name, no usable location on either record",
eu_traces_third_country:4268,eu_traces_third_country,JBS S/A,"AV. ULISSES GUIMARÃES, 889, POLO INDUSTRIAL III, CEP:78.500-000 Colider- MT",4268,eu_traces_third_country:3470,eu_traces_third_country,JBS S/A,"ROD MT 430, KM 07, S/N ZONA RURAL CEP: 78.652-000 Confresa- MT",3470,BRA,1.0,,"identical name, no usable location on either record",
eu_traces_third_country:777,eu_traces_third_country,SEARA ALIMENTOS LTDA,"RODOVIA PR 463, KM 71, S/Nº - BLOCO 02 BAIRRO: ZONA RURAL CEP: 86.650-000",777,eu_traces_third_country:530,eu_traces_third_country,SEARA ALIMENTOS LTDA,"Rod. do Xisto BR 476, S/N° ,Km 201, Zona Rural - CEP 83750-000 Lapa-PR",530,BRA,1.0,,"identical name, no usable location on either record",
eu_traces_third_country:777,eu_traces_third_country,SEARA ALIMENTOS LTDA,"RODOVIA PR 463, KM 71, S/Nº - BLOCO 02 BAIRRO: ZONA RURAL CEP: 86.650-000",777,eu_traces_third_country:2694,eu_traces_third_country,SEARA ALIMENTOS LTDA,Rod BR 487 KM 186 PQ Indus. Especial II CEP:87.305-380,2694,BRA,1.0,,"identical name, no usable location on either record",
eu_traces_third_country:777,eu_traces_third_country,SEARA ALIMENTOS LTDA,"RODOVIA PR 463, KM 71, S/Nº - BLOCO 02 BAIRRO: ZONA RURAL CEP: 86.650-000",777,eu_traces_third_country:3742,eu_traces_third_country,Seara Alimentos LTDA,"Rod. SC 281 S/N°, Km 06, Parte 1 Colônia Santana São José- Santa Catarina -SC Cep: 88123-001",3742,BRA,1.0,,"identical name, no usable location on either record",
eu_traces_third_country:777,eu_traces_third_country,SEARA ALIMENTOS LTDA,"RODOVIA PR 463, KM 71, S/Nº - BLOCO 02 BAIRRO: ZONA RURAL CEP: 86.650-000",777,eu_traces_third_country:3837,eu_traces_third_country,Seara Alimentos LTDA,"Rod. BR 116; Km 23,5 Gleba São Lourenço Itaiópolis- Santa Catarina CEP: 89340-000",3837,BRA,1.0,,"identical name, no usable location on either record",
eu_traces_third_country:530,eu_traces_third_country,SEARA ALIMENTOS LTDA,"Rod. do Xisto BR 476, S/N° ,Km 201, Zona Rural - CEP 83750-000 Lapa-PR",530,eu_traces_third_country:2694,eu_traces_third_country,SEARA ALIMENTOS LTDA,Rod BR 487 KM 186 PQ Indus. Especial II CEP:87.305-380,2694,BRA,1.0,,"identical name, no usable location on either record",
eu_traces_third_country:530,eu_traces_third_country,SEARA ALIMENTOS LTDA,"Rod. do Xisto BR 476, S/N° ,Km 201, Zona Rural - CEP 83750-000 Lapa-PR",530,eu_traces_third_country:3742,eu_traces_third_country,Seara Alimentos LTDA,"Rod. SC 281 S/N°, Km 06, Parte 1 Colônia Santana São José- Santa Catarina -SC Cep: 88123-001",3742,BRA,1.0,,"identical name, no usable location on either record",
eu_traces_third_country:530,eu_traces_third_country,SEARA ALIMENTOS LTDA,"Rod. do Xisto BR 476, S/N° ,Km 201, Zona Rural - CEP 83750-000 Lapa-PR",530,eu_traces_third_country:3837,eu_traces_third_country,Seara Alimentos LTDA,"Rod. BR 116; Km 23,5 Gleba São Lourenço Itaiópolis- Santa Catarina CEP: 89340-000",3837,BRA,1.0,,"identical name, no usable location on either record",
eu_traces_third_country:2694,eu_traces_third_country,SEARA ALIMENTOS LTDA,Rod BR 487 KM 186 PQ Indus. Especial II CEP:87.305-380,2694,eu_traces_third_country:3742,eu_traces_third_country,Seara Alimentos LTDA,"Rod. SC 281 S/N°, Km 06, Parte 1 Colônia Santana São José- Santa Catarina -SC Cep: 88123-001",3742,BRA,1.0,,"identical name, no usable location on either record",
eu_traces_third_country:2694,eu_traces_third_country,SEARA ALIMENTOS LTDA,Rod BR 487 KM 186 PQ Indus. Especial II CEP:87.305-380,2694,eu_traces_third_country:3837,eu_traces_third_country,Seara Alimentos LTDA,"Rod. BR 116; Km 23,5 Gleba São Lourenço Itaiópolis- Santa Catarina CEP: 89340-000",3837,BRA,1.0,,"identical name, no usable location on either record",
eu_traces_third_country:3742,eu_traces_third_country,Seara Alimentos LTDA,"Rod. SC 281 S/N°, Km 06, Parte 1 Colônia Santana São José- Santa Catarina -SC Cep: 88123-001",3742,eu_traces_third_country:3837,eu_traces_third_country,Seara Alimentos LTDA,"Rod. BR 116; Km 23,5 Gleba São Lourenço Itaiópolis- Santa Catarina CEP: 89340-000",3837,BRA,1.0,,"identical name, no usable location on either record",
eu_traces_third_country:6590,eu_traces_third_country,LINEAGE AUS TRS PTY LTD,,6590,eu_traces_third_country:3823,eu_traces_third_country,LINEAGE AUS TRS PTY LTD,,3823,AUS,1.0,,"identical name, no usable location on either record",
eu_traces_third_country:6590,eu_traces_third_country,LINEAGE AUS TRS PTY LTD,,6590,eu_traces_third_country:1834,eu_traces_third_country,LINEAGE AUS TRS PTY LTD,"38 - 40 TULLAMARINE PARK RD, VIC 3043",1834,AUS,1.0,,"identical name, no usable location on either record",
eu_traces_third_country:6590,eu_traces_third_country,LINEAGE AUS TRS PTY LTD,,6590,eu_traces_third_country:5353,eu_traces_third_country,LINEAGE AUS TRS PTY LTD,158 KURNALL ROAD,5353,AUS,1.0,,"identical name, no usable location on either record",
eu_traces_third_country:3823,eu_traces_third_country,LINEAGE AUS TRS PTY LTD,,3823,eu_traces_third_country:1834,eu_traces_third_country,LINEAGE AUS TRS PTY LTD,"38 - 40 TULLAMARINE PARK RD, VIC 3043",1834,AUS,1.0,,"identical name, no usable location on either record",
eu_traces_third_country:3823,eu_traces_third_country,LINEAGE AUS TRS PTY LTD,,3823,eu_traces_third_country:5353,eu_traces_third_country,LINEAGE AUS TRS PTY LTD,158 KURNALL ROAD,5353,AUS,1.0,,"identical name, no usable location on either record",
eu_traces_third_country:1834,eu_traces_third_country,LINEAGE AUS TRS PTY LTD,"38 - 40 TULLAMARINE PARK RD, VIC 3043",1834,eu_traces_third_country:5353,eu_traces_third_country,LINEAGE AUS TRS PTY LTD,158 KURNALL ROAD,5353,AUS,1.0,,"identical name, no usable location on either record",
eu_traces_third_country:449,eu_traces_third_country,Karim II SF 1866,"Nouveau Port de pêche, CP 3063",449,eu_traces_third_country:461,eu_traces_third_country,Karim SF 1756,"Nouveau Port de pêche, CP 3063",461,TUN,0.4,,same postcode and street number,
eu_traces_third_country:00-0004298,eu_traces_third_country,F/V Belinda (Trans-Pacific Journey Fishing Corporation),"1094-A North Bay Boulevard, Navotas City",00-0004298,eu_traces_third_country:11-0001005,eu_traces_third_country,F/V PAPA RESTY (Trans-Pacific Journey Fishing Corporation),"1094-A, North Bay Boulevard, Navotas City",11-0001005,PHI,0.571,,same postcode and street number,
eu_traces_third_country:FPP-1130,eu_traces_third_country,"Century Pacific Food, Inc.",Dumagsa Talisayan,FPP-1130,eu_traces_third_country:3000006053263,eu_traces_third_country,"Century Pacific Food, Inc.","Purok Lansong, Brgy. Tambler",3000006053263,PHI,1.0,,"identical name, no usable location on either record",
eu_traces_third_country:724,eu_traces_third_country,General Tuna Corp.,"Purok Lansong, Brgy. Tambler",724,eu_traces_third_country:FPP-920,eu_traces_third_country,General Tuna Corporation,"SAFII, Compound 2, Tambler",FPP-920,PHI,1.0,,"identical name, no usable location on either record",
eu_traces_third_country:FFP-817,eu_traces_third_country,Philbest Canning Corporation (Cold Storage),Tambler,FFP-817,eu_traces_third_country:FFP-819,eu_traces_third_country,Philbest Canning Corporation (Cold Storage),"General Santos Fishport Complex, Tambler",FFP-819,PHI,1.0,,"identical name, no usable location on either record",
eu_traces_third_country:.,eu_traces_third_country,CROSSJOIN LIMITED,RM B56 21/F BONSUN INDUSTRIAL BUILDING 364-366 SHA TSUI RD TSUEN WAN NT,.,eu_traces_third_country:-,eu_traces_third_country,CROSSJOIN LIMITED,"RM B56, 21/F, BONSUN INDUSTRIAL BUILDING ,364-366 SHA TSUI RD TSUEN WAN, NT",-,HON,1.0,,"identical name, no usable location on either record",
eu_traces_member_state:S102,eu_traces_member_state,DIMOTIKO SFAGEIO MANTAMADOU,IKTINOU 2,S102,eu_traces_member_state:S93,eu_traces_member_state,DIMOTIKO SFAGEIO SKALOCHORIOU,IKTINOU 2,S93,GRE,0.5,,same postcode and street number,
eu_traces_member_state:S102,eu_traces_member_state,DIMOTIKO SFAGEIO MANTAMADOU,IKTINOU 2,S102,eu_traces_member_state:S95,eu_traces_member_state,DIMOTIKO SFAGEIO SKOPELOU,IKTINOU 2,S95,GRE,0.5,,same postcode and street number,
eu_traces_member_state:S93,eu_traces_member_state,DIMOTIKO SFAGEIO SKALOCHORIOU,IKTINOU 2,S93,eu_traces_member_state:S95,eu_traces_member_state,DIMOTIKO SFAGEIO SKOPELOU,IKTINOU 2,S95,GRE,0.5,,same postcode and street number,
eu_traces_member_state:PE428,eu_traces_member_state,MEAT NET LTD,PAVLOU MELA 54 & VOULGAROKTON,PE428,eu_traces_member_state:A597,eu_traces_member_state,MEAT NET EPE,54 SPIROU MELA & VOULGAROKTONOU,A597,GRE,0.5,,same postcode and street number,
eu_traces_third_country:6132,eu_traces_third_country,Arsuk Food ApS,B-37,6132,eu_traces_third_country:7397,eu_traces_third_country,"Arsuk Food ApS, Arsugaq",B-37,7397,GRE,0.5,,same postcode and street number,
eu_traces_third_country:7187,eu_traces_third_country,"Royal Greenland A/S, Kaassassuk",Qasapi 4,7187,eu_traces_third_country:6756,eu_traces_third_country,"Royal Greenland A/S, Kiliutaq",Qasapi 4,6756,GRE,0.5,,same postcode and street number,
eu_traces_third_country:6477,eu_traces_third_country,"Polar Seafood Greenland A/S Polar Nattoralik, GR 6-49",Postboks 1616,6477,eu_traces_third_country:390,eu_traces_third_country,"Polar Seafood Greenland A/S, GR 6-54 Polar Princess",Postboks 1616,390,GRE,0.5,,same postcode and street number,
eu_traces_third_country:6142,eu_traces_third_country,"Royal Greenland Seafood A/S, Nuuk","Qasapi 2, P.O. Box 1073",6142,eu_traces_third_country:7216,eu_traces_third_country,Unik Seafood Greenland A/S,Qeqertanut 2,7216,GRE,0.4,,same postcode and street number,
eu_traces_member_state:A88,eu_traces_member_state,AFI ANTONAKI AEVE,ATSIPOPOULO RETHYMNO,A88,eu_traces_member_state:PE35,eu_traces_member_state,AFI ANTONAKI AEVE,ATSIPOPOULO RETHYMNO,PE35,GRE,1.0,,"identical name, no usable location on either record",
eu_traces_member_state:A337,eu_traces_member_state,ANDROMIDAS DIMITRIOS & SIA O.E,MONEMVASIA LAKONIA,A337,eu_traces_member_state:PE236,eu_traces_member_state,ANDROMIDAS DIMITRIOS & SIA O.E,MONEMVASIA LAKONIA,PE236,GRE,1.0,,"identical name, no usable location on either record",
eu_traces_member_state:A284,eu_traces_member_state,ARVANITIS A.E,LIMNOS,A284,eu_traces_member_state:PE583,eu_traces_member_state,ARVANITIS A.E,LIMNOS,PE583,GRE,1.0,,"identical name, no usable location on either record",
eu_traces_member_state:Α499,eu_traces_member_state,FAROS A.E.,IERAPETRA LASITHIOU,Α499,eu_traces_member_state:32.KN.86,eu_traces_member_state,FAROS A.E.,IERAPETRA LASITHIOU,32.KN.86,GRE,1.0,,"identical name, no usable location on either record",
eu_traces_member_state:A429,eu_traces_member_state,FRAGKOPOULOS EFTHIMIOS & CO F.P.,"1on km LAGKADA-KOLCHIKOU ,THESSALONIKI",A429,eu_traces_member_state:PE497,eu_traces_member_state,FRAGKOPOULOS EFTHIMIOS & CO F.P.,"1on km LAGKADA-KOLCHIKOU ,THESSALONIKI",PE497,GRE,1.0,,"identical name, no usable location on either record",
eu_traces_member_state:A93,eu_traces_member_state,PATERAKIS S.A,STERNES AKROTIRIOU CHANIA,A93,eu_traces_member_state:PE 75,eu_traces_member_state,PATERAKIS S.A,STERNES AKROTIRIOU CHANIA,PE 75,GRE,1.0,,"identical name, no usable location on either record",
eu_traces_member_state:P52,eu_traces_member_state,ALEXANDRAKIS PAVLOS,MONASTIRAKI,P52,eu_traces_member_state:PE170,eu_traces_member_state,ALEXANDRAKIS PAVLOS,MONASTIRAKI,PE170,GRE,1.0,,"identical name, no usable location on either record",
eu_traces_member_state:49.KN.233,eu_traces_member_state,GALAXIDI THALASSIES KALLIERGEIES A.E.,ANEMOKAMPI D. GALAXIDIOU FOKIDAS,49.KN.233,eu_traces_member_state:49.S.139,eu_traces_member_state,GALAXIDI THALASSIES KALLIERGEIES A.E.,ANEMOKAMPI D. GALAXIDIOU FOKIDAS,49.S.139,GRE,1.0,,"identical name, no usable location on either record",
eu_traces_third_country:SAT/F Depot-4641,eu_traces_third_country,M/S. Bhai Bhai Fish,"Bangsipur Bazar, Shyamnagar",SAT/F Depot-4641,eu_traces_third_country:SAT/Fish-Depot-238,eu_traces_third_country,M/S. Bhai Bhai Fish,"Nowabeki Bazar, Shyamnagar, Satkhira",SAT/Fish-Depot-238,BAN,1.0,,"identical name, no usable location on either record",
eu_traces_member_state:6/1,eu_traces_member_state,SLACHTHUIS SWAEGERS,Industrieweg 5,6/1,eu_traces_member_state:6/1 (1),eu_traces_member_state,Swaegers & co BV,Industrieweg 5,6/1 (1),BEL,0.5,,same postcode and street number,
eu_traces_member_state:10.10333/M,eu_traces_member_state,"CENTRAL DE CARNES MADRID NORTE, S.A.","CR. DE VILLAVERDE A VALLECAS, KM. 3,800",10.10333/M,eu_traces_member_state:10.025120/M,eu_traces_member_state,CENTRAL DE CARNES PREMIUM S.A.,CL. EJE 3-18 Nº 10 PARC. B.3.3.1 MERCAMADRID,10.025120/M,SPA,0.4,,same postcode and street number,
eu_traces_member_state:10.14073/CC,eu_traces_member_state,E.A. GROUP S.C.,"CTRA EX104 KM 4,8 06700 - VILLANUEVA DE LA SERENA - 06 - Badajoz",10.14073/CC,eu_traces_member_state:10.14444/BA,eu_traces_member_state,EA GROUP S.C.,"CTRA EX104 KM 4,800 06700 - VILLANUEVA DE LA SERENA - 06700 - Badajoz",10.14444/BA,SPA,0.5,,same postcode and street number,
eu_traces_member_state:ES060630000417,eu_traces_member_state,PLAZA DE TOROS,ES060630000417,ES060630000417,eu_traces_member_state:ES061250000312,eu_traces_member_state,PLAZA DE TOROS,ES061250000312,ES061250000312,SPA,1.0,,"identical name, no usable location on either record",
eu_traces_member_state:T221,eu_traces_member_state,Oldervik Fiskeindustri As,Oldervikvegen 516,T221,eu_traces_member_state:T1289,eu_traces_member_state,Oldervik Fiskeindustri AS avd Sørkjosen,Oldervikveien 516,T1289,NOR,0.5,,same postcode and street number,
eu_traces_member_state:2463,eu_traces_member_state,MV Silver Bird,SILVER ICE AS Nordre Nøstekaien 1,2463,eu_traces_member_state:2464,eu_traces_member_state,MV Silver Crystal,"SILVER ICE AS Nordre Nøstekaien 1, 5011 Bergen",2464,NOR,0.5,,same postcode and street number,
eu_traces_member_state:2463,eu_traces_member_state,MV Silver Bird,SILVER ICE AS Nordre Nøstekaien 1,2463,eu_traces_member_state:2466,eu_traces_member_state,MV Silver Star,"SILVER ICE AS Nordre Nøstekaien 1, 5011 Bergen",2466,NOR,0.5,,same postcode and street number,
eu_traces_member_state:2464,eu_traces_member_state,MV Silver Crystal,"SILVER ICE AS Nordre Nøstekaien 1, 5011 Bergen",2464,eu_traces_member_state:2466,eu_traces_member_state,MV Silver Star,"SILVER ICE AS Nordre Nøstekaien 1, 5011 Bergen",2466,NOR,0.5,,same postcode and street number,
eu_traces_member_state:M2168,eu_traces_member_state,Atlantic,ATLANTIC LONGLINE AS Notenesgata 3,M2168,eu_traces_member_state:M2000,eu_traces_member_state,Atlantic Star,Nordfjord Havfiske AS Notnesgt 3,M2000,NOR,0.5,,same postcode and street number,
eu_traces_member_state:SF4,eu_traces_member_state,FRØYANES JUNIOR AS,Vestkappvegen 1434,SF4,eu_traces_member_state:VL62,eu_traces_member_state,Frøyanes,"Frøyanes AS, Vestkappvegen 1434",VL62,NOR,0.5,,same postcode and street number,
eu_traces_member_state:SF53,eu_traces_member_state,FRØYANES SENIOR,"Vestkappvegen 1434, Otneim 6750 STADLANDET",SF53,eu_traces_member_state:VL62,eu_traces_member_state,Frøyanes,"Frøyanes AS, Vestkappvegen 1434",VL62,NOR,0.5,,same postcode and street number,
eu_traces_member_state:N556,eu_traces_member_state,Glea AS,Gleaveien 11A,N556,eu_traces_member_state:N2408,eu_traces_member_state,Glea Salmon AS,Gleaveien 11A,N2408,NOR,0.5,,same postcode and street number,
eu_traces_member_state:N141,eu_traces_member_state,Myre Fiskemottak AS,Bolstads vei 15,N141,eu_traces_member_state:N2320,eu_traces_member_state,Myre Fiskemottak AS Avd Moskenes,Bolstads vei 15,N2320,NOR,0.5,,same postcode and street number,
eu_traces_member_state:M666,eu_traces_member_state,Leinebris,Sjøsida Tollåsbakken 2,M666,eu_traces_member_state:M2256,eu_traces_member_state,Leinebris Jr,Sjøsida Tollåsbakken 2,M2256,NOR,0.5,,same postcode and street number,
eu_traces_member_state:N581,eu_traces_member_state,Saga fisk AS avd Laukvik,H. Chr. Størmers gate 22,N581,eu_traces_member_state:N55,eu_traces_member_state,Saga fisk as,H. Chr. Størmers gate 22,N55,NOR,0.5,,same postcode and street number,
eu_traces_third_country:MK 01 00 0253,eu_traces_third_country,Metro,St. Treta Makedonska brigada No. 74A,MK 01 00 0253,eu_traces_third_country:MK 01 08 0253,eu_traces_third_country,Metro,St. Treta Makedonska brigada No. 74A,MK 01 08 0253,NOR,1.0,,"identical name, no usable location on either record",
eu_traces_member_state:N278,eu_traces_member_state,STEINFJORDEN SJØMAT AS,8360,N278,eu_traces_member_state:N304,eu_traces_member_state,STEINFJORDEN SJØMAT AS,8360,N304,NOR,1.0,,"identical name, no usable location on either record",
eu_traces_member_state:SI 33,eu_traces_member_state,KOŠAKI TMI D.O.O.,OREŠKO NABREŽJE 1,SI 33,eu_traces_member_state:SI 1041,eu_traces_member_state,"KOŠAKI TMI D.O.O., MESNI CENTER",OREŠKO NABREŽJE 1A,SI 1041,SLO,0.5,,same postcode and street number,
eu_traces_member_state:SCH-302,eu_traces_member_state,SCH-302,Hellingweg 5,SCH-302,eu_traces_member_state:SCH-6,eu_traces_member_state,SCH-6,Hellingweg 5,SCH-6,NET,0.5,,same postcode and street number,
eu_traces_third_country:DOF/P/5/16/EU/16B,eu_traces_third_country,Golden Corporation Sdn Bhd,"Lot 19, Spg 245, Serambangun Industrial Site, Tutong TA2541 Brunei Darussalam",DOF/P/5/16/EU/16B,eu_traces_third_country:DOF/P/5/16/EU/16A,eu_traces_third_country,Golden Corporation Sdn Bhd,"Lot 19, Spg 245, Serambangun Industrial Site, Tutong TA2541 Brunei Darussalam",DOF/P/5/16/EU/16A,BRU,1.0,,"identical name, no usable location on either record",
eu_traces_member_state:T189,eu_traces_member_state,BM Nord OÜ,"Iva tee 15, Mäeltküla, Viljandi vald",T189,eu_traces_member_state:T379,eu_traces_member_state,BM TRADE OÜ,"Iva tee 15, Mäeltküla, Viljandi vald",T379,EST,0.5,,same postcode and street number,
eu_traces_member_state:758-4,eu_traces_member_state,Lokan Jaloste,Purnusaarentie 11,758-4,eu_traces_member_state:F75853,eu_traces_member_state,Lokan Jaloste,Purnusaarentie 11,F75853,FIN,1.0,,"identical name, no usable location on either record",
eu_traces_member_state:CZ 14537,eu_traces_member_state,Zemědělské družstvo Jindřichův Hradec,"Jindřichův Hradec, 37701 Jindřichův Hradec",CZ 14537,eu_traces_member_state:CZ 510,eu_traces_member_state,Zemědělské družstvo RADELO,"Velký Ratmírov, 37701 Velký Ratmírov",CZ 510,CZE,0.4,,same postcode and street number,
eu_traces_third_country:DGG/DIR/333/2025,eu_traces_third_country,MONTECELO,".Calle a playitas, complejo pesquero CORSAIN, punta gorda",DGG/DIR/333/2025,eu_traces_third_country:E-7,eu_traces_third_country,Montecelo,,E-7,EL ,1.0,,"identical name, no usable location on either record",
eu_traces_third_country:DGG/DIR/365/2025,eu_traces_third_country,MONTEFRISA NUEVE,"Calle Playitas , Complejo Pesquero Industrial",DGG/DIR/365/2025,eu_traces_third_country:E-6,eu_traces_third_country,Montefrisa Nueve,,E-6,EL ,1.0,,"identical name, no usable location on either record",
eu_traces_third_country:FO 127,eu_traces_third_country,"Faroe Origin, Toftir",Fiskivinnuhavnin 1,FO 127,eu_traces_third_country:FO 126,eu_traces_third_country,"P/F Faroe Origin, Runavík",FISKIVINNUHAVNIN 1,FO 126,FAR,0.5,,same postcode and street number,
eu_traces_member_state:38.170.001,eu_traces_member_state,ABAG (ABATTOIRS DE GRENOBLE) - ABAG,2 AV DE LA LOUISIANE,38.170.001,eu_traces_member_state:38.170.004,eu_traces_member_state,ABAG (ABATTOIRS DE GRENOBLE) - ABAG SALLE DE DECOUPE,PORTE SALLE DE DECOUPE 2 AV DE LA LOUISIANE,38.170.004,FRA,0.5,,same postcode and street number,
eu_traces_member_state:29.039.568,eu_traces_member_state,CAP BOJADOR - CFTO,11 rue des Sardiniers,29.039.568,eu_traces_member_state:29.039.598,eu_traces_member_state,CAP SAINT VINCENT - CFTO,11 RUE DES SARDINIERS,29.039.598,FRA,0.4,,same postcode and street number,
eu_traces_member_state:29.039.568,eu_traces_member_state,CAP BOJADOR - CFTO,11 rue des Sardiniers,29.039.568,eu_traces_member_state:29.039.569,eu_traces_member_state,CAP SAINTE MARIE - CFTO,11 rue des Sardiniers,29.039.569,FRA,0.4,,same postcode and street number,
eu_traces_member_state:DE ES 312 EG,eu_traces_member_state,Willy Siemes & Sohn Fleischgroßhandel und Großschlachterei GmbH & Co. KG,Gerberstraße 29-32,DE ES 312 EG,eu_traces_member_state:DE ES 312 EWG,eu_traces_member_state,Willy Siemes & Sohn Viehhandel GmbH & Co. KG,Gerberstraße 29-33,DE ES 312 EWG,GER,0.5,,same postcode and street number,
eu_traces_member_state:DE NI 40222 EG,eu_traces_member_state,"Berlin NC 107, Deutsche 'Fischfang-Union GmbH & Co. KG",Bei der Alten Liebe 5,DE NI 40222 EG,eu_traces_member_state:DE NI 13854 EG,eu_traces_member_state,"Cuxhaven NC 100, Deutsche Fischfang-Union GmbH & Co. KG",Bei der Alten Liebe 5,DE NI 13854 EG,GER,0.5,,same postcode and street number,
eu_traces_member_state:H476,eu_traces_member_state,Brim hf,Norðurgarður 1,H476,eu_traces_member_state:A699,eu_traces_member_state,Vigri RE 71 (Brim hf),Norðurgarður 1,A699,ICE,0.4,,same postcode and street number,
eu_traces_member_state:A615,eu_traces_member_state,Síldarvinnslan hf,Harnarbraut 6,A615,eu_traces_member_state:H364,eu_traces_member_state,Síldarvinnslan hf,Naustahvammur 67-69,H364,ICE,1.0,,"identical name, no usable location on either record",
eu_traces_member_state:N 0313 01 P,eu_traces_member_state,"CIDADE DE AMARANTE (A-3349-N)-Pascoal & Filhos, S.A.","Cais dos Bacalhoeiros Apt 12, Gafanha da Nazaré",N 0313 01 P,eu_traces_member_state:BPC 819,eu_traces_member_state,PASCOAL E FILHOS S.A.,"APARTADO 12, CAIS DOS BACALHOEIROS",BPC 819,POR,0.4,,same postcode and street number,
eu_traces_member_state:N 0019 04 P,eu_traces_member_state,"PASCOAL ATLÂNTICO (A-3323-N) - Pascoal & Filhos, Lda.",Aptd. 12 Aptd. 12,N 0019 04 P,eu_traces_member_state:BPC 819,eu_traces_member_state,PASCOAL E FILHOS S.A.,"APARTADO 12, CAIS DOS BACALHOEIROS",BPC 819,POR,0.4,,same postcode and street number,
eu_traces_member_state:N 0217 05 P,eu_traces_member_state,"SANTA CRISTINA (A-1827-N)-António Conde & Cª., Lda.","Aptd. 32, Lugar da Chave Gafanha da Nazaré",N 0217 05 P,eu_traces_member_state:N 0217 06 P,eu_traces_member_state,"SANTA MAFALDA (A-1940-N) - António Conde & Cª., Lda.","Lugar da Chave, Aptd. 32, Aptd. 32",N 0217 06 P,POR,0.556,,same postcode and street number,
eu_traces_member_state:BPC 44,eu_traces_member_state,"Sulpasteis - Comercio e Industria de Produtos Alimentares Congelados, Lda","Zona Industrial da Relvinha, Lote 14, 3300-431 Arganil",BPC 44,eu_traces_member_state:1329 PP,eu_traces_member_state,"Sulpasteis - Comercio e Industria de Produtos Alimentares Congelados, Lda","Zona Industrial Relvinha, Lote 14, Sarzedo",1329 PP,POR,1.0,,"identical name, no usable location on either record",
eu_traces_member_state:IE2664EC,eu_traces_member_state,Ashgrove Wholesale Ltd,"Dually, Newcastle West, V42 XN81",IE2664EC,eu_traces_member_state:2664,eu_traces_member_state,Ashgrove Wholesale Ltd,"Dually, Newcastle West, V42 XN81",2664,IRE,1.0,,"identical name, no usable location on either record",
eu_traces_member_state:IE2680,eu_traces_member_state,Kellys of Newport (Artisan Butchers ) Ltd,17 Main Street Newport,IE2680,eu_traces_member_state:IE2405,eu_traces_member_state,Kellys Of Newport (Artisan Butchers) Ltd,"17 Main Street, Newport, F28F953",IE2405,IRE,1.0,,"identical name, no usable location on either record",
eu_traces_member_state:2840,eu_traces_member_state,Secret Recipe Limited,Unit 4 Link Road Business Park Ballincollig Cork P31V051,2840,eu_traces_member_state:2316,eu_traces_member_state,Secret Recipe Limited,"Inchybridge, Timoleague",2316,IRE,1.0,,"identical name, no usable location on either record",
eu_traces_member_state:IE DL 0012 EC,eu_traces_member_state,Gallagher Bros(Fish Merchants)Ltd,"Donegal Road, Killybegs, Co Donegal. F94 DX85",IE DL 0012 EC,eu_traces_member_state:IE DL 0040 EC,eu_traces_member_state,Gallagher Bros. (Fish Merchants) Ltd,"Teelin, Pier, Killybegs, Co. Donegal",IE DL 0040 EC,IRE,1.0,,"identical name, no usable location on either record",
eu_traces_member_state:IE DL 0012 EC,eu_traces_member_state,Gallagher Bros(Fish Merchants)Ltd,"Donegal Road, Killybegs, Co Donegal. F94 DX85",IE DL 0012 EC,eu_traces_member_state:IE DL 0014 EC,eu_traces_member_state,Gallagher Bros. (Fish Merchants) Ltd,"Shore Road, Killybegs, Co. Donegal",IE DL 0014 EC,IRE,1.0,,"identical name, no usable location on either record",
eu_traces_member_state:IE DL 0040 EC,eu_traces_member_state,Gallagher Bros. (Fish Merchants) Ltd,"Teelin, Pier, Killybegs, Co. Donegal",IE DL 0040 EC,eu_traces_member_state:IE DL 0014 EC,eu_traces_member_state,Gallagher Bros. (Fish Merchants) Ltd,"Shore Road, Killybegs, Co. Donegal",IE DL 0014 EC,IRE,1.0,,"identical name, no usable location on either record",
eu_traces_member_state:IE DN 0015 EC,eu_traces_member_state,Kish Fish Co. Ltd,"Newtown Park, Malahide Road Industrial Park, Coolock, Dublin 17. D17 C674",IE DN 0015 EC,eu_traces_member_state:IE DN 0004 EC,eu_traces_member_state,Kish Fish Ltd,"3 West Pier, Howth, Co. Dublin",IE DN 0004 EC,IRE,1.0,,"identical name, no usable location on either record",
eu_traces_member_state:E321R,eu_traces_member_state,Fratelli Salmoiraghi S.r.l.,"Via per Cedrate, 1",E321R,eu_traces_member_state:3002 S,eu_traces_member_state,Fratelli Salmoiraghi S.r.l.,Via dei Ronchi,3002 S,ITA,1.0,,"identical name, no usable location on either record",
eu_traces_member_state:SH,eu_traces_member_state,METZGEREI FRICK KG des FRICK JOHANNES & CO.,Brennerstr. 2,SH,eu_traces_member_state:115BZ298,eu_traces_member_state,METZGEREI FRICK KG des FRICK JOHANNES & CO.,Brennerstr. 2,115BZ298,ITA,1.0,,"identical name, no usable location on either record",
eu_traces_member_state:2857 M,eu_traces_member_state,REALBEEF S.R.L.,TIERZI - ZONA ASI,2857 M,eu_traces_member_state:18-1820 M,eu_traces_member_state,REALBEEF S.R.L.,VIA CONTRADA DA PIANI 2,18-1820 M,ITA,1.0,,"identical name, no usable location on either record",
eu_traces_third_country:KN1-744,eu_traces_third_country,SUMIYOSHI MARU No.11,3-8-7 MISAKI,KN1-744,eu_traces_third_country:KN1-751,eu_traces_third_country,TOEI MARU No.8,3-8-7 MISAKI,KN1-751,JAP,0.4,,same postcode and street number,
eu_traces_third_country:2020036,eu_traces_third_country,"TAIKO CO., LTD. SANRIKU FOODS","168-6, Akaiwa minato",2020036,eu_traces_third_country:2021050,eu_traces_third_country,"TAIKO CO.,LTD SANRIKU FOODS Cold Storage","168-6, AKAIWAMINATO, KESENNUMA-SHI, MIYAGI, JAPAN",2021050,JAP,0.5,,same postcode and street number,
eu_traces_third_country:2272002CS,eu_traces_third_country,TRY Inc. Shimada Cold Storage,"895-22, Nakagawa",2272002CS,eu_traces_third_country:2272001,eu_traces_third_country,TRY Inc. Shimada Factory,"895-22, Nakagawa",2272001,JAP,0.4,,same postcode and street number,
eu_traces_third_country:JY 019 FV,eu_traces_third_country,Provider Fisheries,"6 Grasett Park Estate St Saviour, Jersey JE2 7PQ",JY 019 FV,eu_traces_third_country:JY 018 FE,eu_traces_third_country,Provider Fisheries,"6 Grasett Park Estate St Saviour, Jersey JE2 7PQ",JY 018 FE,JER,1.0,,"identical name, no usable location on either record",
eu_traces_member_state:52-14,eu_traces_member_state,Ūkininko Audriaus Banionio ūkio skerdykla,"Kepyklos g. 8, Margininkų k., Taurakiemio sen., Kauno raj.",52-14,eu_traces_member_state:52-07,eu_traces_member_state,Ūkininko Audriaus Banionio ūkis,"Kepyklos g. 8, Margininkų k., Taurakiemio sen., Kauno raj.",52-07,LIT,0.5,,same postcode and street number,
eu_traces_member_state:21-32,eu_traces_member_state,"GL ""JŪROS VILKAS"" FV",Ukmergės g. 14,21-32,eu_traces_member_state:21-31,eu_traces_member_state,"GL ""KARALIUS"" FV",Ukmergės g. 14,21-31,LIT,0.4,,same postcode and street number,
eu_traces_member_state:LT21-44,eu_traces_member_state,"UAB ""ATLANTIC HIGH SEA FISHING COMPANY"" laivas šaldytuvas JOGVAN I",Pylimo g. 4,LT21-44,eu_traces_member_state:LT 21-05 EB,eu_traces_member_state,"UAB ""ATLANTIC HIGH SEA FISHING COMPANY"" Žuvų Perdirbimo Laivas ""Nida""","Pylimo g. 4, LT-91249, Klaipėda",LT 21-05 EB,LIT,0.545,,same postcode and street number,
eu_traces_member_state:LT 21-11 EB,eu_traces_member_state,"UAB ""ATLANTIC HIGH SEA FISHING COMPANY"" laivas šaldytuvas MARGIRIS","Pylimo g. 4, LT-91249, Klaipėda",LT 21-11 EB,eu_traces_member_state:LT 21-05 EB,eu_traces_member_state,"UAB ""ATLANTIC HIGH SEA FISHING COMPANY"" Žuvų Perdirbimo Laivas ""Nida""","Pylimo g. 4, LT-91249, Klaipėda",LT 21-05 EB,LIT,0.545,,same postcode and street number,
eu_traces_member_state:LT 21-27 EB,eu_traces_member_state,"UAB ""Baltlanta"" Žvejybinis Laivas ""IEVA SIMONAITYTĖ""","Liepų g. 48B, LT-92107 Klaipėda",LT 21-27 EB,eu_traces_member_state:LT 21-26 EB,eu_traces_member_state,"UAB ""Baltlanta"" Žvejybinis Laivas ""Simonas Daukantas""","Liepų g. 48B, LT-92107 Klaipėda",LT 21-26 EB,LIT,0.5,,same postcode and street number,
eu_traces_member_state:21-27,eu_traces_member_state,"ŽL ""IEVA SIMONAITYTĖ"" ZV",Artojo g. 7E,21-27,eu_traces_member_state:21-07,eu_traces_member_state,"ŽL ""KOVAS"" ZV",Artojo g. 7E,21-07,LIT,0.4,,same postcode and street number,
eu_traces_member_state:21-07,eu_traces_member_state,"ŽL ""KOVAS"" ZV",Artojo g. 7E,21-07,eu_traces_member_state:21-26,eu_traces_member_state,"ŽL ""SIMONAS DAUKANTAS"" ZV",Artojo g. 7E,21-26,LIT,0.4,,same postcode and street number,
eu_traces_member_state:21-07,eu_traces_member_state,"ŽL ""KOVAS"" ZV",Artojo g. 7E,21-07,eu_traces_member_state:21-08,eu_traces_member_state,"ŽL ""VINCAS KUDIRKA"" ZV",Artojo g. 7E,21-08,LIT,0.4,,same postcode and street number,
eu_traces_third_country:MAD 07-21 SV,eu_traces_third_country,Baie D'Ambaro (Crustapêche),Quai Barriquand BP.450,MAD 07-21 SV,eu_traces_third_country:MAD 07-22 SV,eu_traces_third_country,Baie De Boina (Crustapêche),Quai Barriquand BP.450,MAD 07-22 SV,MAD,0.5,,same postcode and street number,
eu_traces_third_country:MAD 07-04 SV,eu_traces_third_country,Cap St-André (Refrigépêche Ouest),Quai Barriquand BP.450,MAD 07-04 SV,eu_traces_third_country:MAD 07-05 SV,eu_traces_third_country,Cap Ste-Marie (Refrigépêche Ouest),Quai Barriquand BP.450,MAD 07-05 SV,MAD,0.429,,same postcode and street number,
eu_traces_third_country:MAD 07-01 SV,eu_traces_third_country,Cap St-Augustin (Refrigépêche Ouest),Quai Barriquand BP.450,MAD 07-01 SV,eu_traces_third_country:MAD 07-05 SV,eu_traces_third_country,Cap Ste-Marie (Refrigépêche Ouest),Quai Barriquand BP.450,MAD 07-05 SV,MAD,0.429,,same postcode and street number,
eu_traces_third_country:MAD 07-03 SV,eu_traces_third_country,Cap St-Sébastien (Refrigépêche Ouest),Quai Barriquand BP.450,MAD 07-03 SV,eu_traces_third_country:MAD 07-05 SV,eu_traces_third_country,Cap Ste-Marie (Refrigépêche Ouest),Quai Barriquand BP.450,MAD 07-05 SV,MAD,0.429,,same postcode and street number,
eu_traces_third_country:MAD 07-02 SV,eu_traces_third_country,Cap St-Vincent (Refrigépêche Ouest),Quai Barriquand BP.450,MAD 07-02 SV,eu_traces_third_country:MAD 07-05 SV,eu_traces_third_country,Cap Ste-Marie (Refrigépêche Ouest),Quai Barriquand BP.450,MAD 07-05 SV,MAD,0.429,,same postcode and street number,
eu_traces_third_country:MAD 06-03 SV,eu_traces_third_country,Fanantara (Refrigépêche Est),26 Boulevard RATSIMILAHO,MAD 06-03 SV,eu_traces_third_country:MAD 06-07 SV,eu_traces_third_country,Riandava (Refrigépêche Est),26 Boulevard RATSIMILAHO,MAD 06-07 SV,MAD,0.5,,same postcode and street number,
eu_traces_third_country:MAD 16-01 SV,eu_traces_third_country,Fanjava I (Somapeche),Quai Barriquand B.P 324,MAD 16-01 SV,eu_traces_third_country:MAD EF 10 SV,eu_traces_third_country,SOMAPECHE,QUAI BARRIQUAND BP 324,MAD EF 10 SV,MAD,0.5,,same postcode and street number,
eu_traces_third_country:MAD 16-13 SV,eu_traces_third_country,Jonobe 2 (Somapeche),Quai Barriquand B.P 324,MAD 16-13 SV,eu_traces_third_country:MAD EF 10 SV,eu_traces_third_country,SOMAPECHE,QUAI BARRIQUAND BP 324,MAD EF 10 SV,MAD,0.5,,same postcode and street number,
eu_traces_third_country:MAD 16-09 SV,eu_traces_third_country,Jonobe 4 (Somapeche),Quai Barriquand B.P 324,MAD 16-09 SV,eu_traces_third_country:MAD EF 10 SV,eu_traces_third_country,SOMAPECHE,QUAI BARRIQUAND BP 324,MAD EF 10 SV,MAD,0.5,,same postcode and street number,
eu_traces_third_country:MAD 16-10 SV,eu_traces_third_country,Jonobe 5 (Somapeche),Quai Barriquand B.P 324,MAD 16-10 SV,eu_traces_third_country:MAD EF 10 SV,eu_traces_third_country,SOMAPECHE,QUAI BARRIQUAND BP 324,MAD EF 10 SV,MAD,0.5,,same postcode and street number,
eu_traces_third_country:MAD 16-06 SV,eu_traces_third_country,Menabe 8 (Somapeche),Quai Barriquand B.P 324,MAD 16-06 SV,eu_traces_third_country:MAD EF 10 SV,eu_traces_third_country,SOMAPECHE,QUAI BARRIQUAND BP 324,MAD EF 10 SV,MAD,0.5,,same postcode and street number,
eu_traces_third_country:MAD 16-07 SV,eu_traces_third_country,Menabe 9 (Somapeche),Quai Barriquand B.P 324,MAD 16-07 SV,eu_traces_third_country:MAD EF 10 SV,eu_traces_third_country,SOMAPECHE,QUAI BARRIQUAND BP 324,MAD EF 10 SV,MAD,0.5,,same postcode and street number,
eu_traces_third_country:MAD 06-06 SV,eu_traces_third_country,Isandra (Refrigépêche Est),"37, Boulevard Joffre",MAD 06-06 SV,eu_traces_third_country:MAD 06-08 SV,eu_traces_third_country,Maningory (Refrigépêche Est),"37, Boulevard Joffre",MAD 06-08 SV,MAD,0.5,,same postcode and street number,
eu_traces_third_country:MAD 06-06 SV,eu_traces_third_country,Isandra (Refrigépêche Est),"37, Boulevard Joffre",MAD 06-06 SV,eu_traces_third_country:MAD 06-02 SV,eu_traces_third_country,Masora (Refrigépêche Est),"37, Boulevard Joffre",MAD 06-02 SV,MAD,0.5,,same postcode and street number,
eu_traces_third_country:MAD 06-08 SV,eu_traces_third_country,Maningory (Refrigépêche Est),"37, Boulevard Joffre",MAD 06-08 SV,eu_traces_third_country:MAD 06-02 SV,eu_traces_third_country,Masora (Refrigépêche Est),"37, Boulevard Joffre",MAD 06-02 SV,MAD,0.5,,same postcode and street number,
eu_traces_third_country:PAZ 840831 937-01,eu_traces_third_country,"Azteca 1 (Pesca Azteca, S.A. De C.V.)","Av. Puerto de Mazatlán, No. 406, Interior F, Col. Alfredo V. Bonfil. Mazatlán, Sinaloa, C.P. 82050",PAZ 840831 937-01,eu_traces_third_country:PAZ840831937-23,eu_traces_third_country,B/M Doña Tere (Pesca Azteca S.A. De C.V.),"Av. Puerto de Mazatlán, No. 406, Interior F, Col. Parque Industrial Alfredo V. Bonfil. Mazatlán, Sinaloa, C.P. 82050",PAZ840831937-23,MEX,0.5,,same postcode and street number,
eu_traces_third_country:PAZ 840831 937-01,eu_traces_third_country,"Azteca 1 (Pesca Azteca, S.A. De C.V.)","Av. Puerto de Mazatlán, No. 406, Interior F, Col. Alfredo V. Bonfil. Mazatlán, Sinaloa, C.P. 82050",PAZ 840831 937-01,eu_traces_third_country:PAZ840831937-26,eu_traces_third_country,"NAIR II (Pesca Azteca, S.A. de C.V.)","Av. Puerto de Mazatlán, No. 406, Interior F, Col. Parque Industrial Alfredo V. Bonfil. Mazatlán, Sinaloa, C.P. 82050",PAZ840831937-26,MEX,0.5,,same postcode and street number,
eu_traces_third_country:PAZ 840831 937-10,eu_traces_third_country,"Azteca 10 (Pesca Azteca, S.A. De C.V.)","Av. Puerto de Mazatlán, No. 406, Interior F, Col. Parque Industrial Alfredo V. Bonfil. Mazatlán, Sinaloa, C.P. 82050",PAZ 840831 937-10,eu_traces_third_country:PAZ840831937-23,eu_traces_third_country,B/M Doña Tere (Pesca Azteca S.A. De C.V.),"Av. Puerto de Mazatlán, No. 406, Interior F, Col. Parque Industrial Alfredo V. Bonfil. Mazatlán, Sinaloa, C.P. 82050",PAZ840831937-23,MEX,0.4,,same postcode and street number,
eu_traces_third_country:PAZ 840831 937-10,eu_traces_third_country,"Azteca 10 (Pesca Azteca, S.A. De C.V.)","Av. Puerto de Mazatlán, No. 406, Interior F, Col. Parque Industrial Alfredo V. Bonfil. Mazatlán, Sinaloa, C.P. 82050",PAZ 840831 937-10,eu_traces_third_country:PAZ840831937-26,eu_traces_third_country,"NAIR II (Pesca Azteca, S.A. de C.V.)","Av. Puerto de Mazatlán, No. 406, Interior F, Col. Parque Industrial Alfredo V. Bonfil. Mazatlán, Sinaloa, C.P. 82050",PAZ840831937-26,MEX,0.4,,same postcode and street number,
eu_traces_third_country:PAZ 840831 937-02,eu_traces_third_country,"Azteca 2 (Pesca Azteca, S.A. De C.V.)","Av. Puerto de Mazatlán No. 406 Int F, Parque Industrial Alfredo V. Bonfil, C.P. 82050, Mazatlán Sinaloa.",PAZ 840831 937-02,eu_traces_third_country:PAZ840831937-23,eu_traces_third_country,B/M Doña Tere (Pesca Azteca S.A. De C.V.),"Av. Puerto de Mazatlán, No. 406, Interior F, Col. Parque Industrial Alfredo V. Bonfil. Mazatlán, Sinaloa, C.P. 82050",PAZ840831937-23,MEX,0.5,,same postcode and street number,
eu_traces_third_country:PAZ 840831 937-02,eu_traces_third_country,"Azteca 2 (Pesca Azteca, S.A. De C.V.)","Av. Puerto de Mazatlán No. 406 Int F, Parque Industrial Alfredo V. Bonfil, C.P. 82050, Mazatlán Sinaloa.",PAZ 840831 937-02,eu_traces_third_country:PAZ840831937-26,eu_traces_third_country,"NAIR II (Pesca Azteca, S.A. de C.V.)","Av. Puerto de Mazatlán, No. 406, Interior F, Col. Parque Industrial Alfredo V. Bonfil. Mazatlán, Sinaloa, C.P. 82050",PAZ840831937-26,MEX,0.5,,same postcode and street number,
eu_traces_third_country:PAZ 840831 937-03,eu_traces_third_country,"Azteca 3 (Pesca Azteca, S.A. De C.V.)","Av. Puerto de Mazatlán, No. 406, Interior F, Col. Parque Industrial Alfredo V. Bonfil. Mazatlán, Sinaloa, C.P. 82050",PAZ 840831 937-03,eu_traces_third_country:PAZ840831937-23,eu_traces_third_country,B/M Doña Tere (Pesca Azteca S.A. De C.V.),"Av. Puerto de Mazatlán, No. 406, Interior F, Col. Parque Industrial Alfredo V. Bonfil. Mazatlán, Sinaloa, C.P. 82050",PAZ840831937-23,MEX,0.5,,same postcode and street number,
eu_traces_third_country:PAZ 840831 937-03,eu_traces_third_country,"Azteca 3 (Pesca Azteca, S.A. De C.V.)","Av. Puerto de Mazatlán, No. 406, Interior F, Col. Parque Industrial Alfredo V. Bonfil. Mazatlán, Sinaloa, C.P. 82050",PAZ 840831 937-03,eu_traces_third_country:PAZ840831937-26,eu_traces_third_country,"NAIR II (Pesca Azteca, S.A. de C.V.)","Av. Puerto de Mazatlán, No. 406, Interior F, Col. Parque Industrial Alfredo V. Bonfil. Mazatlán, Sinaloa, C.P. 82050",PAZ840831937-26,MEX,0.5,,same postcode and street number,
eu_traces_third_country:PAZ 840831 937-04,eu_traces_third_country,"Azteca 4 (Pesca Azteca, S.A. De C.V.)","Av. Puerto de Mazatlán No. 406 Int F, Parque Industrial Alfredo V. Bonfil, C.P. 82050, Mazatlán Sinaloa.",PAZ 840831 937-04,eu_traces_third_country:PAZ840831937-23,eu_traces_third_country,B/M Doña Tere (Pesca Azteca S.A. De C.V.),"Av. Puerto de Mazatlán, No. 406, Interior F, Col. Parque Industrial Alfredo V. Bonfil. Mazatlán, Sinaloa, C.P. 82050",PAZ840831937-23,MEX,0.5,,same postcode and street number,
eu_traces_third_country:PAZ 840831 937-04,eu_traces_third_country,"Azteca 4 (Pesca Azteca, S.A. De C.V.)","Av. Puerto de Mazatlán No. 406 Int F, Parque Industrial Alfredo V. Bonfil, C.P. 82050, Mazatlán Sinaloa.",PAZ 840831 937-04,eu_traces_third_country:PAZ840831937-26,eu_traces_third_country,"NAIR II (Pesca Azteca, S.A. de C.V.)","Av. Puerto de Mazatlán, No. 406, Interior F, Col. Parque Industrial Alfredo V. Bonfil. Mazatlán, Sinaloa, C.P. 82050",PAZ840831937-26,MEX,0.5,,same postcode and street number,
eu_traces_third_country:PAZ 840831 937-05,eu_traces_third_country,"Azteca 5 (Pesca Azteca, S.A. De C.V.)","Av. Puerto de Mazatlán No. 406 Int F, Parque Industrial Alfredo V. Bonfil, C.P. 82050, Mazatlán Sinaloa.",PAZ 840831 937-05,eu_traces_third_country:PAZ840831937-23,eu_traces_third_country,B/M Doña Tere (Pesca Azteca S.A. De C.V.),"Av. Puerto de Mazatlán, No. 406, Interior F, Col. Parque Industrial Alfredo V. Bonfil. Mazatlán, Sinaloa, C.P. 82050",PAZ840831937-23,MEX,0.5,,same postcode and street number,
eu_traces_third_country:PAZ 840831 937-05,eu_traces_third_country,"Azteca 5 (Pesca Azteca, S.A. De C.V.)","Av. Puerto de Mazatlán No. 406 Int F, Parque Industrial Alfredo V. Bonfil, C.P. 82050, Mazatlán Sinaloa.",PAZ 840831 937-05,eu_traces_third_country:PAZ840831937-26,eu_traces_third_country,"NAIR II (Pesca Azteca, S.A. de C.V.)","Av. Puerto de Mazatlán, No. 406, Interior F, Col. Parque Industrial Alfredo V. Bonfil. Mazatlán, Sinaloa, C.P. 82050",PAZ840831937-26,MEX,0.5,,same postcode and street number,
eu_traces_third_country:PAZ 840831 937-06,eu_traces_third_country,"Azteca 6 (Pesca Azteca, S.A. De C.V.)","Av. Puerto de Mazatlán, No. 406, Interior F, Col. Parque Industrial Alfredo V. Bonfil. Mazatlán, Sinaloa, C.P. 82050",PAZ 840831 937-06,eu_traces_third_country:PAZ840831937-23,eu_traces_third_country,B/M Doña Tere (Pesca Azteca S.A. De C.V.),"Av. Puerto de Mazatlán, No. 406, Interior F, Col. Parque Industrial Alfredo V. Bonfil. Mazatlán, Sinaloa, C.P. 82050",PAZ840831937-23,MEX,0.5,,same postcode and street number,
eu_traces_third_country:PAZ 840831 937-06,eu_traces_third_country,"Azteca 6 (Pesca Azteca, S.A. De C.V.)","Av. Puerto de Mazatlán, No. 406, Interior F, Col. Parque Industrial Alfredo V. Bonfil. Mazatlán, Sinaloa, C.P. 82050",PAZ 840831 937-06,eu_traces_third_country:PAZ840831937-26,eu_traces_third_country,"NAIR II (Pesca Azteca, S.A. de C.V.)","Av. Puerto de Mazatlán, No. 406, Interior F, Col. Parque Industrial Alfredo V. Bonfil. Mazatlán, Sinaloa, C.P. 82050",PAZ840831937-26,MEX,0.5,,same postcode and street number,
eu_traces_third_country:PAZ 840831 937-07,eu_traces_third_country,"Azteca 7 (Pesca Azteca, S.A. De C.V.)","Av. Puerto de Mazatlán, No. 406, Interior F, Col. Parque Industrial Alfredo V. Bonfil. Mazatlán, Sinaloa, C.P. 82050",PAZ 840831 937-07,eu_traces_third_country:PAZ840831937-23,eu_traces_third_country,B/M Doña Tere (Pesca Azteca S.A. De C.V.),"Av. Puerto de Mazatlán, No. 406, Interior F, Col. Parque Industrial Alfredo V. Bonfil. Mazatlán, Sinaloa, C.P. 82050",PAZ840831937-23,MEX,0.5,,same postcode and street number,
eu_traces_third_country:PAZ 840831 937-07,eu_traces_third_country,"Azteca 7 (Pesca Azteca, S.A. De C.V.)","Av. Puerto de Mazatlán, No. 406, Interior F, Col. Parque Industrial Alfredo V. Bonfil. Mazatlán, Sinaloa, C.P. 82050",PAZ 840831 937-07,eu_traces_third_country:PAZ840831937-26,eu_traces_third_country,"NAIR II (Pesca Azteca, S.A. de C.V.)","Av. Puerto de Mazatlán, No. 406, Interior F, Col. Parque Industrial Alfredo V. Bonfil. Mazatlán, Sinaloa, C.P. 82050",PAZ840831937-26,MEX,0.5,,same postcode and street number,
eu_traces_third_country:PAZ 840831 937-08,eu_traces_third_country,"Azteca 8 (Pesca Azteca, S.A. De C.V.)","Av. Puerto de Mazatlán No. 406 Int F, Parque Industrial Alfredo V. Bonfil, C.P. 82050, Mazatlán Sinaloa.",PAZ 840831 937-08,eu_traces_third_country:PAZ840831937-23,eu_traces_third_country,B/M Doña Tere (Pesca Azteca S.A. De C.V.),"Av. Puerto de Mazatlán, No. 406, Interior F, Col. Parque Industrial Alfredo V. Bonfil. Mazatlán, Sinaloa, C.P. 82050",PAZ840831937-23,MEX,0.5,,same postcode and street number,
eu_traces_third_country:PAZ 840831 937-08,eu_traces_third_country,"Azteca 8 (Pesca Azteca, S.A. De C.V.)","Av. Puerto de Mazatlán No. 406 Int F, Parque Industrial Alfredo V. Bonfil, C.P. 82050, Mazatlán Sinaloa.",PAZ 840831 937-08,eu_traces_third_country:PAZ840831937-26,eu_traces_third_country,"NAIR II (Pesca Azteca, S.A. de C.V.)","Av. Puerto de Mazatlán, No. 406, Interior F, Col. Parque Industrial Alfredo V. Bonfil. Mazatlán, Sinaloa, C.P. 82050",PAZ840831937-26,MEX,0.5,,same postcode and street number,
eu_traces_third_country:PAZ 840831 937-09,eu_traces_third_country,"Azteca 9 (Pesca Azteca, S.A. De C.V.)","Av. Puerto de Mazatlán No. 406 Int F, Parque Industrial Alfredo V. Bonfil, C.P. 82050, Mazatlán Sinaloa.",PAZ 840831 937-09,eu_traces_third_country:PAZ840831937-23,eu_traces_third_country,B/M Doña Tere (Pesca Azteca S.A. De C.V.),"Av. Puerto de Mazatlán, No. 406, Interior F, Col. Parque Industrial Alfredo V. Bonfil. Mazatlán, Sinaloa, C.P. 82050",PAZ840831937-23,MEX,0.5,,same postcode and street number,
eu_traces_third_country:PAZ 840831 937-09,eu_traces_third_country,"Azteca 9 (Pesca Azteca, S.A. De C.V.)","Av. Puerto de Mazatlán No. 406 Int F, Parque Industrial Alfredo V. Bonfil, C.P. 82050, Mazatlán Sinaloa.",PAZ 840831 937-09,eu_traces_third_country:PAZ840831937-26,eu_traces_third_country,"NAIR II (Pesca Azteca, S.A. de C.V.)","Av. Puerto de Mazatlán, No. 406, Interior F, Col. Parque Industrial Alfredo V. Bonfil. Mazatlán, Sinaloa, C.P. 82050",PAZ840831937-26,MEX,0.5,,same postcode and street number,
eu_traces_third_country:PAZ 840831937-21,eu_traces_third_country,B/M Camila (Pesca Azteca S.A. De C.V.),"Av. Puerto de Mazatlán No. 406 Int F, Parque Industrial Alfredo V. Bonfil, C.P. 82050, Mazatlán Sinaloa.",PAZ 840831937-21,eu_traces_third_country:PAZ840831937-23,eu_traces_third_country,B/M Doña Tere (Pesca Azteca S.A. De C.V.),"Av. Puerto de Mazatlán, No. 406, Interior F, Col. Parque Industrial Alfredo V. Bonfil. Mazatlán, Sinaloa, C.P. 82050",PAZ840831937-23,MEX,0.4,,same postcode and street number,
eu_traces_third_country:PAZ 840831937-21,eu_traces_third_country,B/M Camila (Pesca Azteca S.A. De C.V.),"Av. Puerto de Mazatlán No. 406 Int F, Parque Industrial Alfredo V. Bonfil, C.P. 82050, Mazatlán Sinaloa.",PAZ 840831937-21,eu_traces_third_country:PAZ840831937-26,eu_traces_third_country,"NAIR II (Pesca Azteca, S.A. de C.V.)","Av. Puerto de Mazatlán, No. 406, Interior F, Col. Parque Industrial Alfredo V. Bonfil. Mazatlán, Sinaloa, C.P. 82050",PAZ840831937-26,MEX,0.4,,same postcode and street number,
eu_traces_third_country:PAZ840831937-17,eu_traces_third_country,"B/M Clipperton (Pesca Azteca, S.A. de C.V.)","Av. Puerto de Mazatlán, No. 406, Interior F, Col. Parque Industrial Alfredo V. Bonfil. Mazatlán, Sinaloa, C.P. 82050",PAZ840831937-17,eu_traces_third_country:PAZ840831937-23,eu_traces_third_country,B/M Doña Tere (Pesca Azteca S.A. De C.V.),"Av. Puerto de Mazatlán, No. 406, Interior F, Col. Parque Industrial Alfredo V. Bonfil. Mazatlán, Sinaloa, C.P. 82050",PAZ840831937-23,MEX,0.4,,same postcode and street number,
eu_traces_third_country:PAZ840831937-17,eu_traces_third_country,"B/M Clipperton (Pesca Azteca, S.A. de C.V.)","Av. Puerto de Mazatlán, No. 406, Interior F, Col. Parque Industrial Alfredo V. Bonfil. Mazatlán, Sinaloa, C.P. 82050",PAZ840831937-17,eu_traces_third_country:PAZ840831937-26,eu_traces_third_country,"NAIR II (Pesca Azteca, S.A. de C.V.)","Av. Puerto de Mazatlán, No. 406, Interior F, Col. Parque Industrial Alfredo V. Bonfil. Mazatlán, Sinaloa, C.P. 82050",PAZ840831937-26,MEX,0.4,,same postcode and street number,
eu_traces_third_country:PAZ840831937-23,eu_traces_third_country,B/M Doña Tere (Pesca Azteca S.A. De C.V.),"Av. Puerto de Mazatlán, No. 406, Interior F, Col. Parque Industrial Alfredo V. Bonfil. Mazatlán, Sinaloa, C.P. 82050",PAZ840831937-23,eu_traces_third_country:PAZ 840831937-22,eu_traces_third_country,B/M Paco C (Pesca Azteca S.A. De C.V.),"Av. Puerto de Mazatlán, No. 406, Interior F, Col. Parque Industrial Alfredo V. Bonfil. Mazatlán, Sinaloa, C.P. 82050",PAZ 840831937-22,MEX,0.4,,same postcode and street number,
eu_traces_third_country:PAZ840831937-23,eu_traces_third_country,B/M Doña Tere (Pesca Azteca S.A. De C.V.),"Av. Puerto de Mazatlán, No. 406, Interior F, Col. Parque Industrial Alfredo V. Bonfil. Mazatlán, Sinaloa, C.P. 82050",PAZ840831937-23,eu_traces_third_country:PAZ 840831 937-20,eu_traces_third_country,B/M Tamara (Pesca Azteca S.A. De C.V.),"Av. Puerto de Mazatlán No. 406 Int F, Parque Industrial Alfredo V. Bonfil, C.P. 82050, Mazatlán Sinaloa.",PAZ 840831 937-20,MEX,0.4,,same postcode and street number,
eu_traces_third_country:PAZ840831937-23,eu_traces_third_country,B/M Doña Tere (Pesca Azteca S.A. De C.V.),"Av. Puerto de Mazatlán, No. 406, Interior F, Col. Parque Industrial Alfredo V. Bonfil. Mazatlán, Sinaloa, C.P. 82050",PAZ840831937-23,eu_traces_third_country:PAZ840831937-24,eu_traces_third_country,"BONNIE (Pesca Azteca, S.A. de C.V.)","Av. Puerto de Mazatlán, No. 406, Interior F, Col. Parque Industrial Alfredo V. Bonfil. Mazatlán, Sinaloa, C.P. 82050",PAZ840831937-24,MEX,0.4,,same postcode and street number,
eu_traces_third_country:PAZ840831937-23,eu_traces_third_country,B/M Doña Tere (Pesca Azteca S.A. De C.V.),"Av. Puerto de Mazatlán, No. 406, Interior F, Col. Parque Industrial Alfredo V. Bonfil. Mazatlán, Sinaloa, C.P. 82050",PAZ840831937-23,eu_traces_third_country:PAZ840831937-25,eu_traces_third_country,"EL DUQUE (Pesca Azteca, S.A. de C.V.)","Av. Puerto de Mazatlán, No. 406, Interior F, Col. Parque Industrial Alfredo V. Bonfil. Mazatlán, Sinaloa, C.P. 82050",PAZ840831937-25,MEX,0.4,,same postcode and street number,
eu_traces_third_country:PAZ840831937-23,eu_traces_third_country,B/M Doña Tere (Pesca Azteca S.A. De C.V.),"Av. Puerto de Mazatlán, No. 406, Interior F, Col. Parque Industrial Alfredo V. Bonfil. Mazatlán, Sinaloa, C.P. 82050",PAZ840831937-23,eu_traces_third_country:PAZ 840831 937-16,eu_traces_third_country,"El Dorado (Pesca Azteca, S.A. De C.V.)","Av. Puerto de Mazatlán, No. 406, Interior F, Col. Parque Industrial Alfredo V. Bonfil. Mazatlán, Sinaloa, C.P. 82050",PAZ 840831 937-16,MEX,0.4,,same postcode and street number,
eu_traces_third_country:PAZ840831937-23,eu_traces_third_country,B/M Doña Tere (Pesca Azteca S.A. De C.V.),"Av. Puerto de Mazatlán, No. 406, Interior F, Col. Parque Industrial Alfredo V. Bonfil. Mazatlán, Sinaloa, C.P. 82050",PAZ840831937-23,eu_traces_third_country:PAZ 840831 937-18,eu_traces_third_country,"Franz (Pesca Azteca, S.A. De C.V.)","Av. Puerto de Mazatlán, No. 406, Interior F, Col. Parque Industrial Alfredo V. Bonfil. Mazatlán, Sinaloa, C.P. 82050",PAZ 840831 937-18,MEX,0.4,,same postcode and street number,
eu_traces_third_country:PAZ840831937-23,eu_traces_third_country,B/M Doña Tere (Pesca Azteca S.A. De C.V.),"Av. Puerto de Mazatlán, No. 406, Interior F, Col. Parque Industrial Alfredo V. Bonfil. Mazatlán, Sinaloa, C.P. 82050",PAZ840831937-23,eu_traces_third_country:PAZ 840831 937-19,eu_traces_third_country,"Hanna (Pesca Azteca, S.A. De C.V.)","Av. Puerto de Mazatlán, No. 406, Interior F, Col. Parque Industrial Alfredo V. Bonfil. Mazatlán, Sinaloa, C.P. 82050",PAZ 840831 937-19,MEX,0.4,,same postcode and street number,
eu_traces_third_country:PAZ840831937-23,eu_traces_third_country,B/M Doña Tere (Pesca Azteca S.A. De C.V.),"Av. Puerto de Mazatlán, No. 406, Interior F, Col. Parque Industrial Alfredo V. Bonfil. Mazatlán, Sinaloa, C.P. 82050",PAZ840831937-23,eu_traces_third_country:PAZ 840831 937-15,eu_traces_third_country,"Mazatun (Pesca Azteca, S.A. De C.V.)","Av. Puerto de Mazatlán No. 406 Int F, Parque Industrial Alfredo V. Bonfil, C.P. 82050, Mazatlán Sinaloa.",PAZ 840831 937-15,MEX,0.4,,same postcode and street number,
eu_traces_third_country:PAZ 840831937-22,eu_traces_third_country,B/M Paco C (Pesca Azteca S.A. De C.V.),"Av. Puerto de Mazatlán, No. 406, Interior F, Col. Parque Industrial Alfredo V. Bonfil. Mazatlán, Sinaloa, C.P. 82050",PAZ 840831937-22,eu_traces_third_country:PAZ840831937-26,eu_traces_third_country,"NAIR II (Pesca Azteca, S.A. de C.V.)","Av. Puerto de Mazatlán, No. 406, Interior F, Col. Parque Industrial Alfredo V. Bonfil. Mazatlán, Sinaloa, C.P. 82050",PAZ840831937-26,MEX,0.4,,same postcode and street number,
eu_traces_third_country:PAZ 840831 937-20,eu_traces_third_country,B/M Tamara (Pesca Azteca S.A. De C.V.),"Av. Puerto de Mazatlán No. 406 Int F, Parque Industrial Alfredo V. Bonfil, C.P. 82050, Mazatlán Sinaloa.",PAZ 840831 937-20,eu_traces_third_country:PAZ840831937-26,eu_traces_third_country,"NAIR II (Pesca Azteca, S.A. de C.V.)","Av. Puerto de Mazatlán, No. 406, Interior F, Col. Parque Industrial Alfredo V. Bonfil. Mazatlán, Sinaloa, C.P. 82050",PAZ840831937-26,MEX,0.4,,same postcode and street number,
eu_traces_third_country:PAZ840831937-24,eu_traces_third_country,"BONNIE (Pesca Azteca, S.A. de C.V.)","Av. Puerto de Mazatlán, No. 406, Interior F, Col. Parque Industrial Alfredo V. Bonfil. Mazatlán, Sinaloa, C.P. 82050",PAZ840831937-24,eu_traces_third_country:PAZ840831937-26,eu_traces_third_country,"NAIR II (Pesca Azteca, S.A. de C.V.)","Av. Puerto de Mazatlán, No. 406, Interior F, Col. Parque Industrial Alfredo V. Bonfil. Mazatlán, Sinaloa, C.P. 82050",PAZ840831937-26,MEX,0.4,,same postcode and street number,
eu_traces_third_country:PAZ840831937-25,eu_traces_third_country,"EL DUQUE (Pesca Azteca, S.A. de C.V.)","Av. Puerto de Mazatlán, No. 406, Interior F, Col. Parque Industrial Alfredo V. Bonfil. Mazatlán, Sinaloa, C.P. 82050",PAZ840831937-25,eu_traces_third_country:PAZ840831937-26,eu_traces_third_country,"NAIR II (Pesca Azteca, S.A. de C.V.)","Av. Puerto de Mazatlán, No. 406, Interior F, Col. Parque Industrial Alfredo V. Bonfil. Mazatlán, Sinaloa, C.P. 82050",PAZ840831937-26,MEX,0.4,,same postcode and street number,
eu_traces_third_country:PAZ 840831 937-16,eu_traces_third_country,"El Dorado (Pesca Azteca, S.A. De C.V.)","Av. Puerto de Mazatlán, No. 406, Interior F, Col. Parque Industrial Alfredo V. Bonfil. Mazatlán, Sinaloa, C.P. 82050",PAZ 840831 937-16,eu_traces_third_country:PAZ840831937-26,eu_traces_third_country,"NAIR II (Pesca Azteca, S.A. de C.V.)","Av. Puerto de Mazatlán, No. 406, Interior F, Col. Parque Industrial Alfredo V. Bonfil. Mazatlán, Sinaloa, C.P. 82050",PAZ840831937-26,MEX,0.4,,same postcode and street number,
eu_traces_third_country:PAZ 840831 937-18,eu_traces_third_country,"Franz (Pesca Azteca, S.A. De C.V.)","Av. Puerto de Mazatlán, No. 406, Interior F, Col. Parque Industrial Alfredo V. Bonfil. Mazatlán, Sinaloa, C.P. 82050",PAZ 840831 937-18,eu_traces_third_country:PAZ840831937-26,eu_traces_third_country,"NAIR II (Pesca Azteca, S.A. de C.V.)","Av. Puerto de Mazatlán, No. 406, Interior F, Col. Parque Industrial Alfredo V. Bonfil. Mazatlán, Sinaloa, C.P. 82050",PAZ840831937-26,MEX,0.4,,same postcode and street number,
eu_traces_third_country:PAZ 840831 937-19,eu_traces_third_country,"Hanna (Pesca Azteca, S.A. De C.V.)","Av. Puerto de Mazatlán, No. 406, Interior F, Col. Parque Industrial Alfredo V. Bonfil. Mazatlán, Sinaloa, C.P. 82050",PAZ 840831 937-19,eu_traces_third_country:PAZ840831937-26,eu_traces_third_country,"NAIR II (Pesca Azteca, S.A. de C.V.)","Av. Puerto de Mazatlán, No. 406, Interior F, Col. Parque Industrial Alfredo V. Bonfil. Mazatlán, Sinaloa, C.P. 82050",PAZ840831937-26,MEX,0.4,,same postcode and street number,
eu_traces_third_country:PAZ 840831 937-15,eu_traces_third_country,"Mazatun (Pesca Azteca, S.A. De C.V.)","Av. Puerto de Mazatlán No. 406 Int F, Parque Industrial Alfredo V. Bonfil, C.P. 82050, Mazatlán Sinaloa.",PAZ 840831 937-15,eu_traces_third_country:PAZ840831937-26,eu_traces_third_country,"NAIR II (Pesca Azteca, S.A. de C.V.)","Av. Puerto de Mazatlán, No. 406, Interior F, Col. Parque Industrial Alfredo V. Bonfil. Mazatlán, Sinaloa, C.P. 82050",PAZ840831937-26,MEX,0.4,,same postcode and street number,
eu_traces_third_country:MAR 970701SV5,eu_traces_third_country,Buque Atunero Gijon,"Calle Don Antonio Suárez Gutiérrez No. 5 Parque Industrial Fondeport Manzanillo C.P. 28219, Manzanillo, Colima. 28219 Manzanillo",MAR 970701SV5,eu_traces_third_country:MAR 800926LZ0-05,eu_traces_third_country,Buque Atunero Manzanillo,"Calle Don Antonio Suárez Gutiérrez No. 5 Parque Industrial Fondeport Manzanillo C.P. 28219, Manzanillo, Colima",MAR 800926LZ0-05,MEX,0.5,,same postcode and street number,
eu_traces_third_country:MAR 970701SV5,eu_traces_third_country,Buque Atunero Gijon,"Calle Don Antonio Suárez Gutiérrez No. 5 Parque Industrial Fondeport Manzanillo C.P. 28219, Manzanillo, Colima. 28219 Manzanillo",MAR 970701SV5,eu_traces_third_country:MAR 800926 LZ0-03,eu_traces_third_country,Buque Atunero María Fernanda,"Calle Don Antonio Suárez Gutiérrez, No. 5, Parque Industrial Fondeport, C.P. 28219, Manzanillo, Colima.",MAR 800926 LZ0-03,MEX,0.4,,same postcode and street number,
eu_traces_third_country:MAR 970701SV5,eu_traces_third_country,Buque Atunero Gijon,"Calle Don Antonio Suárez Gutiérrez No. 5 Parque Industrial Fondeport Manzanillo C.P. 28219, Manzanillo, Colima. 28219 Manzanillo",MAR 970701SV5,eu_traces_third_country:MAR 800926LZ0-06,eu_traces_third_country,Buque Atunero María de Jesús,"Calle Don Antonio Suárez Gutiérrez No. 5, Parque Industrial Fondeport, Manzanillo, Colima. C.P. 28219",MAR 800926LZ0-06,MEX,0.4,,same postcode and street number,
eu_traces_third_country:MAR 970701SV5,eu_traces_third_country,Buque Atunero Gijon,"Calle Don Antonio Suárez Gutiérrez No. 5 Parque Industrial Fondeport Manzanillo C.P. 28219, Manzanillo, Colima. 28219 Manzanillo",MAR 970701SV5,eu_traces_third_country:MAR-800926-LZO,eu_traces_third_country,Buque Atunero Oaxaca,"Calle Don Antonio Suárez Gutiérrez No. 5 Parque Industrial Fondeport Manzanillo C.P. 28219, Manzanillo, Colima.",MAR-800926-LZO,MEX,0.5,,same postcode and street number,
eu_traces_third_country:MAR 800926LZ0-05,eu_traces_third_country,Buque Atunero Manzanillo,"Calle Don Antonio Suárez Gutiérrez No. 5 Parque Industrial Fondeport Manzanillo C.P. 28219, Manzanillo, Colima",MAR 800926LZ0-05,eu_traces_third_country:MAR 800926 LZ0-03,eu_traces_third_country,Buque Atunero María Fernanda,"Calle Don Antonio Suárez Gutiérrez, No. 5, Parque Industrial Fondeport, C.P. 28219, Manzanillo, Colima.",MAR 800926 LZ0-03,MEX,0.4,,same postcode and street number,
eu_traces_third_country:MAR 800926LZ0-05,eu_traces_third_country,Buque Atunero Manzanillo,"Calle Don Antonio Suárez Gutiérrez No. 5 Parque Industrial Fondeport Manzanillo C.P. 28219, Manzanillo, Colima",MAR 800926LZ0-05,eu_traces_third_country:MAR 800926LZ0-06,eu_traces_third_country,Buque Atunero María de Jesús,"Calle Don Antonio Suárez Gutiérrez No. 5, Parque Industrial Fondeport, Manzanillo, Colima. C.P. 28219",MAR 800926LZ0-06,MEX,0.4,,same postcode and street number,
eu_traces_third_country:MAR 800926LZ0-05,eu_traces_third_country,Buque Atunero Manzanillo,"Calle Don Antonio Suárez Gutiérrez No. 5 Parque Industrial Fondeport Manzanillo C.P. 28219, Manzanillo, Colima",MAR 800926LZ0-05,eu_traces_third_country:MAR-800926-LZO,eu_traces_third_country,Buque Atunero Oaxaca,"Calle Don Antonio Suárez Gutiérrez No. 5 Parque Industrial Fondeport Manzanillo C.P. 28219, Manzanillo, Colima.",MAR-800926-LZO,MEX,0.5,,same postcode and street number,
eu_traces_third_country:MAR 800926 LZ0-03,eu_traces_third_country,Buque Atunero María Fernanda,"Calle Don Antonio Suárez Gutiérrez, No. 5, Parque Industrial Fondeport, C.P. 28219, Manzanillo, Colima.",MAR 800926 LZ0-03,eu_traces_third_country:MAR-800926-LZO,eu_traces_third_country,Buque Atunero Oaxaca,"Calle Don Antonio Suárez Gutiérrez No. 5 Parque Industrial Fondeport Manzanillo C.P. 28219, Manzanillo, Colima.",MAR-800926-LZO,MEX,0.4,,same postcode and street number,
eu_traces_third_country:MAR 800926LZ0-06,eu_traces_third_country,Buque Atunero María de Jesús,"Calle Don Antonio Suárez Gutiérrez No. 5, Parque Industrial Fondeport, Manzanillo, Colima. C.P. 28219",MAR 800926LZ0-06,eu_traces_third_country:MAR-800926-LZO,eu_traces_third_country,Buque Atunero Oaxaca,"Calle Don Antonio Suárez Gutiérrez No. 5 Parque Industrial Fondeport Manzanillo C.P. 28219, Manzanillo, Colima.",MAR-800926-LZO,MEX,0.4,,same postcode and street number,
eu_traces_third_country:6C,eu_traces_third_country,Atlantic Commercial Cold Store,"29-33 Langer Heinrich Crescent, P O Box 5860",6C,eu_traces_third_country:NA32,eu_traces_third_country,ATLANTIC COMMERCIAL COLD STORE,"29-33 LANGER HEINRICH CRESCENT, P.O BOX 5860,WALVIS BAY",NA32,NAM,1.0,,"identical name, no usable location on either record",
eu_traces_third_country:1C,eu_traces_third_country,Commercial Cold Storage,,1C,eu_traces_third_country:NA94,eu_traces_third_country,Commercial Cold Storage,"C-Shed, Walvis Bay Harbour",NA94,NAM,1.0,,"identical name, no usable location on either record",
eu_traces_third_country:10S,eu_traces_third_country,SPARTA Antey Sever LLC,"of.31,49,Tralovaya str.",10S,eu_traces_third_country:09S,eu_traces_third_country,VOLK ARKTIKI Antey Sever LLC,"of.31,49,Tralovaya str.",09S,RUS,0.4,,same postcode and street number,
eu_traces_third_country:36B,eu_traces_third_country,"Aleksandr Mironenko JSC ""Taurus""","room XIII, floor 2, office 206-А, 43, Shmidta str.",36B,eu_traces_third_country:36N,eu_traces_third_country,"Taurus JSC ""Taurus""","room XIII, floor 2, office 206-А, 43, Shmidta str.",36N,RUS,0.5,,same postcode and street number,
eu_traces_third_country:95A,eu_traces_third_country,"Kapitan Bogomolov JSC ""Eridan""","accom. XIII, fl. 2, of. 208, 43, Shmidta str",95A,eu_traces_third_country:64D,eu_traces_third_country,"Korund JSC ""Eridan""","accom. XIII, fl. 2, of. 208, 43, Shmidta str.",64D,RUS,0.4,,same postcode and street number,
eu_traces_third_country:86K,eu_traces_third_country,"Strelets JSC ""Strelets""","room XIII, floor 2, office 211, 43, Shmidta str.",86K,eu_traces_third_country:38B,eu_traces_third_country,"Vasiliy Lozovskiy JSC ''Strelets""","room XIII, floor 2, office 211, 43, Shmidta str.",38B,RUS,0.5,,same postcode and street number,
eu_traces_third_country:77F,eu_traces_third_country,''Karelia-II'' (JSC Karelian Seafoods),"10, Port-poselok str.",77F,eu_traces_third_country:19F,eu_traces_third_country,Kapitan Gromtsev JSC «Karelian Seafoods»,"10, Port-poselok str.",19F,RUS,0.429,,same postcode and street number,
eu_traces_third_country:RU-065/NF02628,eu_traces_third_country,"ANTEY Rosfishflot Со.,LTD","28/1, Dal'niaya str.",RU-065/NF02628,eu_traces_third_country:RU-041/RK40438,eu_traces_third_country,"HERMES Rosfishflot Со.,LTD","28/1, Dal'niaya str.",RU-041/RK40438,RUS,0.5,,same postcode and street number,
eu_traces_third_country:92Q,eu_traces_third_country,"ICE STREAM (REFTRANSFLOT Co.,Ltd)","apart.78, 43/1,Akademika Koroleva str.",92Q,eu_traces_third_country:91Q,eu_traces_third_country,"ICE WIND (REFTRANSFLOT Co., Ltd)","apart.78, 43/1,Akademika Koroleva str.",91Q,RUS,0.5,,same postcode and street number,
eu_traces_third_country:80M,eu_traces_third_country,ANATOLIY LARIN JSC 'Okeanrybflot',"27, Leningradskaya str.",80M,eu_traces_third_country:12L,eu_traces_third_country,"Baklanovo (JSC ""Okeanrybflot"")",27 Leningradskaya str.,12L,RUS,0.4,,same postcode and street number,
eu_traces_third_country:80M,eu_traces_third_country,ANATOLIY LARIN JSC 'Okeanrybflot',"27, Leningradskaya str.",80M,eu_traces_third_country:77G,eu_traces_third_country,"Irtyshsk (JSC ""Okeanrybflot"")","27, Lenigradskaya str.",77G,RUS,0.4,,same postcode and street number,
eu_traces_third_country:80M,eu_traces_third_country,ANATOLIY LARIN JSC 'Okeanrybflot',"27, Leningradskaya str.",80M,eu_traces_third_country:78G,eu_traces_third_country,"Khotin (JSC ""Okeanrybflot"")","27, Leningradskaya str.",78G,RUS,0.4,,same postcode and street number,
eu_traces_third_country:80M,eu_traces_third_country,ANATOLIY LARIN JSC 'Okeanrybflot',"27, Leningradskaya str.",80M,eu_traces_third_country:16F,eu_traces_third_country,"Polluks (JSC ""Okeanrybflot"")",27 Leninskaya str.,16F,RUS,0.4,,same postcode and street number,
eu_traces_third_country:36L,eu_traces_third_country,"Aleksandr Ksenofontov (JSC ""Okeanrybflot"")",27 Leningradskaya St,36L,eu_traces_third_country:12L,eu_traces_third_country,"Baklanovo (JSC ""Okeanrybflot"")",27 Leningradskaya str.,12L,RUS,0.4,,same postcode and street number,
eu_traces_third_country:36L,eu_traces_third_country,"Aleksandr Ksenofontov (JSC ""Okeanrybflot"")",27 Leningradskaya St,36L,eu_traces_third_country:77G,eu_traces_third_country,"Irtyshsk (JSC ""Okeanrybflot"")","27, Lenigradskaya str.",77G,RUS,0.4,,same postcode and street number,
eu_traces_third_country:36L,eu_traces_third_country,"Aleksandr Ksenofontov (JSC ""Okeanrybflot"")",27 Leningradskaya St,36L,eu_traces_third_country:78G,eu_traces_third_country,"Khotin (JSC ""Okeanrybflot"")","27, Leningradskaya str.",78G,RUS,0.4,,same postcode and street number,
eu_traces_third_country:36L,eu_traces_third_country,"Aleksandr Ksenofontov (JSC ""Okeanrybflot"")",27 Leningradskaya St,36L,eu_traces_third_country:16F,eu_traces_third_country,"Polluks (JSC ""Okeanrybflot"")",27 Leninskaya str.,16F,RUS,0.4,,same postcode and street number,
eu_traces_third_country:15F,eu_traces_third_country,"Anatoliy Ponomarev (JSC ""Okeanrybflot"")",27 Leningradskaya str.,15F,eu_traces_third_country:12L,eu_traces_third_country,"Baklanovo (JSC ""Okeanrybflot"")",27 Leningradskaya str.,12L,RUS,0.4,,same postcode and street number,
eu_traces_third_country:15F,eu_traces_third_country,"Anatoliy Ponomarev (JSC ""Okeanrybflot"")",27 Leningradskaya str.,15F,eu_traces_third_country:77G,eu_traces_third_country,"Irtyshsk (JSC ""Okeanrybflot"")","27, Lenigradskaya str.",77G,RUS,0.4,,same postcode and street number,
eu_traces_third_country:15F,eu_traces_third_country,"Anatoliy Ponomarev (JSC ""Okeanrybflot"")",27 Leningradskaya str.,15F,eu_traces_third_country:78G,eu_traces_third_country,"Khotin (JSC ""Okeanrybflot"")","27, Leningradskaya str.",78G,RUS,0.4,,same postcode and street number,
eu_traces_third_country:15F,eu_traces_third_country,"Anatoliy Ponomarev (JSC ""Okeanrybflot"")",27 Leningradskaya str.,15F,eu_traces_third_country:16F,eu_traces_third_country,"Polluks (JSC ""Okeanrybflot"")",27 Leninskaya str.,16F,RUS,0.4,,same postcode and street number,
eu_traces_third_country:41N,eu_traces_third_country,BUKHTA RUSSKAYA (JSC 'Okeanrybflot'),"27, Leningradskaya str.",41N,eu_traces_third_country:12L,eu_traces_third_country,"Baklanovo (JSC ""Okeanrybflot"")",27 Leningradskaya str.,12L,RUS,0.4,,same postcode and street number,
eu_traces_third_country:41N,eu_traces_third_country,BUKHTA RUSSKAYA (JSC 'Okeanrybflot'),"27, Leningradskaya str.",41N,eu_traces_third_country:77G,eu_traces_third_country,"Irtyshsk (JSC ""Okeanrybflot"")","27, Lenigradskaya str.",77G,RUS,0.4,,same postcode and street number,
eu_traces_third_country:41N,eu_traces_third_country,BUKHTA RUSSKAYA (JSC 'Okeanrybflot'),"27, Leningradskaya str.",41N,eu_traces_third_country:78G,eu_traces_third_country,"Khotin (JSC ""Okeanrybflot"")","27, Leningradskaya str.",78G,RUS,0.4,,same postcode and street number,
eu_traces_third_country:41N,eu_traces_third_country,BUKHTA RUSSKAYA (JSC 'Okeanrybflot'),"27, Leningradskaya str.",41N,eu_traces_third_country:16F,eu_traces_third_country,"Polluks (JSC ""Okeanrybflot"")",27 Leninskaya str.,16F,RUS,0.4,,same postcode and street number,
eu_traces_third_country:12L,eu_traces_third_country,"Baklanovo (JSC ""Okeanrybflot"")",27 Leningradskaya str.,12L,eu_traces_third_country:78M,eu_traces_third_country,CANARIAN REEFER JSC 'Okeanrybflot',"27, Leningradskaya str.",78M,RUS,0.4,,same postcode and street number,
eu_traces_third_country:12L,eu_traces_third_country,"Baklanovo (JSC ""Okeanrybflot"")",27 Leningradskaya str.,12L,eu_traces_third_country:76M,eu_traces_third_country,"Gennady Vodolazskiy (JSC ""Okeanrybflot"")","27, Leningradskaya str.",76M,RUS,0.4,,same postcode and street number,
eu_traces_third_country:12L,eu_traces_third_country,"Baklanovo (JSC ""Okeanrybflot"")",27 Leningradskaya str.,12L,eu_traces_third_country:77G,eu_traces_third_country,"Irtyshsk (JSC ""Okeanrybflot"")","27, Lenigradskaya str.",77G,RUS,0.5,,same postcode and street number,
eu_traces_third_country:12L,eu_traces_third_country,"Baklanovo (JSC ""Okeanrybflot"")",27 Leningradskaya str.,12L,eu_traces_third_country:78G,eu_traces_third_country,"Khotin (JSC ""Okeanrybflot"")","27, Leningradskaya str.",78G,RUS,0.5,,same postcode and street number,
eu_traces_third_country:12L,eu_traces_third_country,"Baklanovo (JSC ""Okeanrybflot"")",27 Leningradskaya str.,12L,eu_traces_third_country:60A,eu_traces_third_country,"Matvey Kuzmin (JSC ""Okeanrybflot"")","27, Leningradskaya str.",60A,RUS,0.4,,same postcode and street number,
eu_traces_third_country:12L,eu_traces_third_country,"Baklanovo (JSC ""Okeanrybflot"")",27 Leningradskaya str.,12L,eu_traces_third_country:11L,eu_traces_third_country,"Ministr Ishkov (JSC ""Okeanrybflot"")",27 Leningradskaya str.,11L,RUS,0.4,,same postcode and street number,
eu_traces_third_country:12L,eu_traces_third_country,"Baklanovo (JSC ""Okeanrybflot"")",27 Leningradskaya str.,12L,eu_traces_third_country:16F,eu_traces_third_country,"Polluks (JSC ""Okeanrybflot"")",27 Leninskaya str.,16F,RUS,0.5,,same postcode and street number,
eu_traces_third_country:78M,eu_traces_third_country,CANARIAN REEFER JSC 'Okeanrybflot',"27, Leningradskaya str.",78M,eu_traces_third_country:77G,eu_traces_third_country,"Irtyshsk (JSC ""Okeanrybflot"")","27, Lenigradskaya str.",77G,RUS,0.4,,same postcode and street number,
eu_traces_third_country:78M,eu_traces_third_country,CANARIAN REEFER JSC 'Okeanrybflot',"27, Leningradskaya str.",78M,eu_traces_third_country:78G,eu_traces_third_country,"Khotin (JSC ""Okeanrybflot"")","27, Leningradskaya str.",78G,RUS,0.4,,same postcode and street number,
eu_traces_third_country:78M,eu_traces_third_country,CANARIAN REEFER JSC 'Okeanrybflot',"27, Leningradskaya str.",78M,eu_traces_third_country:16F,eu_traces_third_country,"Polluks (JSC ""Okeanrybflot"")",27 Leninskaya str.,16F,RUS,0.4,,same postcode and street number,
eu_traces_third_country:76M,eu_traces_third_country,"Gennady Vodolazskiy (JSC ""Okeanrybflot"")","27, Leningradskaya str.",76M,eu_traces_third_country:77G,eu_traces_third_country,"Irtyshsk (JSC ""Okeanrybflot"")","27, Lenigradskaya str.",77G,RUS,0.4,,same postcode and street number,
eu_traces_third_country:76M,eu_traces_third_country,"Gennady Vodolazskiy (JSC ""Okeanrybflot"")","27, Leningradskaya str.",76M,eu_traces_third_country:78G,eu_traces_third_country,"Khotin (JSC ""Okeanrybflot"")","27, Leningradskaya str.",78G,RUS,0.4,,same postcode and street number,
eu_traces_third_country:76M,eu_traces_third_country,"Gennady Vodolazskiy (JSC ""Okeanrybflot"")","27, Leningradskaya str.",76M,eu_traces_third_country:16F,eu_traces_third_country,"Polluks (JSC ""Okeanrybflot"")",27 Leninskaya str.,16F,RUS,0.4,,same postcode and street number,
eu_traces_third_country:77G,eu_traces_third_country,"Irtyshsk (JSC ""Okeanrybflot"")","27, Lenigradskaya str.",77G,eu_traces_third_country:78G,eu_traces_third_country,"Khotin (JSC ""Okeanrybflot"")","27, Leningradskaya str.",78G,RUS,0.5,,same postcode and street number,
eu_traces_third_country:77G,eu_traces_third_country,"Irtyshsk (JSC ""Okeanrybflot"")","27, Lenigradskaya str.",77G,eu_traces_third_country:60A,eu_traces_third_country,"Matvey Kuzmin (JSC ""Okeanrybflot"")","27, Leningradskaya str.",60A,RUS,0.4,,same postcode and street number,
eu_traces_third_country:77G,eu_traces_third_country,"Irtyshsk (JSC ""Okeanrybflot"")","27, Lenigradskaya str.",77G,eu_traces_third_country:11L,eu_traces_third_country,"Ministr Ishkov (JSC ""Okeanrybflot"")",27 Leningradskaya str.,11L,RUS,0.4,,same postcode and street number,
eu_traces_third_country:77G,eu_traces_third_country,"Irtyshsk (JSC ""Okeanrybflot"")","27, Lenigradskaya str.",77G,eu_traces_third_country:16F,eu_traces_third_country,"Polluks (JSC ""Okeanrybflot"")",27 Leninskaya str.,16F,RUS,0.5,,same postcode and street number,
eu_traces_third_country:78G,eu_traces_third_country,"Khotin (JSC ""Okeanrybflot"")","27, Leningradskaya str.",78G,eu_traces_third_country:60A,eu_traces_third_country,"Matvey Kuzmin (JSC ""Okeanrybflot"")","27, Leningradskaya str.",60A,RUS,0.4,,same postcode and street number,
eu_traces_third_country:78G,eu_traces_third_country,"Khotin (JSC ""Okeanrybflot"")","27, Leningradskaya str.",78G,eu_traces_third_country:11L,eu_traces_third_country,"Ministr Ishkov (JSC ""Okeanrybflot"")",27 Leningradskaya str.,11L,RUS,0.4,,same postcode and street number,
eu_traces_third_country:78G,eu_traces_third_country,"Khotin (JSC ""Okeanrybflot"")","27, Leningradskaya str.",78G,eu_traces_third_country:16F,eu_traces_third_country,"Polluks (JSC ""Okeanrybflot"")",27 Leninskaya str.,16F,RUS,0.5,,same postcode and street number,
eu_traces_third_country:60A,eu_traces_third_country,"Matvey Kuzmin (JSC ""Okeanrybflot"")","27, Leningradskaya str.",60A,eu_traces_third_country:16F,eu_traces_third_country,"Polluks (JSC ""Okeanrybflot"")",27 Leninskaya str.,16F,RUS,0.4,,same postcode and street number,
eu_traces_third_country:11L,eu_traces_third_country,"Ministr Ishkov (JSC ""Okeanrybflot"")",27 Leningradskaya str.,11L,eu_traces_third_country:16F,eu_traces_third_country,"Polluks (JSC ""Okeanrybflot"")",27 Leninskaya str.,16F,RUS,0.4,,same postcode and street number,
eu_traces_third_country:71G,eu_traces_third_country,"XX SYEZD VLKSM (JSC ""Okeanrybflot"")","27, Leningradskaya str.",71G,eu_traces_third_country:62A,eu_traces_third_country,"XXVII SYEZD KPSS (JSC ""Okeanrybflot"")","27, Leningradskaya str.",62A,RUS,0.429,,same postcode and street number,
eu_traces_third_country:63R,eu_traces_third_country,ANTARES Antey Sever LLC,"of.31,49,Tralovaya str.",63R,eu_traces_third_country:RU-051/PH43465,eu_traces_third_country,Murman I Antey Sever LLC,"of.31,49,Tralovaya str",RU-051/PH43465,RUS,0.5,,same postcode and street number,
eu_traces_third_country:63R,eu_traces_third_country,ANTARES Antey Sever LLC,"of.31,49,Tralovaya str.",63R,eu_traces_third_country:46Q,eu_traces_third_country,ORION-1 Antey Sever LLC,"of.31,49,Tralovaya str.",46Q,RUS,0.5,,same postcode and street number,
eu_traces_third_country:63R,eu_traces_third_country,ANTARES Antey Sever LLC,"of.31,49,Tralovaya str.",63R,eu_traces_third_country:RU-025/YV42864,eu_traces_third_country,Ugulan Antey Sever LLC,"of.31,49,Tralovaya str.",RU-025/YV42864,RUS,0.5,,same postcode and street number,
eu_traces_third_country:RU-051/PH43465,eu_traces_third_country,Murman I Antey Sever LLC,"of.31,49,Tralovaya str",RU-051/PH43465,eu_traces_third_country:46Q,eu_traces_third_country,ORION-1 Antey Sever LLC,"of.31,49,Tralovaya str.",46Q,RUS,0.5,,same postcode and street number,
eu_traces_third_country:RU-051/PH43465,eu_traces_third_country,Murman I Antey Sever LLC,"of.31,49,Tralovaya str",RU-051/PH43465,eu_traces_third_country:RU-025/YV42864,eu_traces_third_country,Ugulan Antey Sever LLC,"of.31,49,Tralovaya str.",RU-025/YV42864,RUS,0.5,,same postcode and street number,
eu_traces_third_country:46Q,eu_traces_third_country,ORION-1 Antey Sever LLC,"of.31,49,Tralovaya str.",46Q,eu_traces_third_country:RU-025/YV42864,eu_traces_third_country,Ugulan Antey Sever LLC,"of.31,49,Tralovaya str.",RU-025/YV42864,RUS,0.5,,same postcode and street number,
eu_traces_third_country:RU-025/FP46866,eu_traces_third_country,ARКA-33 Antey LLC,"of.502, 23D, Eniseyskaya str.",RU-025/FP46866,eu_traces_third_country:RU-025/HL46133,eu_traces_third_country,ARКA-36 Antey LLC,"of.502, 23D, Eniseyskaya str.",RU-025/HL46133,RUS,0.5,,same postcode and street number,
eu_traces_third_country:98R,eu_traces_third_country,"AZIMUT JSC ""Arcticservice""","43, Tralovaya str",98R,eu_traces_third_country:40S,eu_traces_third_country,ZENITH JSC «Arcticservice»,"43, Tralovaya str.",40S,RUS,0.5,,same postcode and street number,
eu_traces_third_country:35B,eu_traces_third_country,"Admiral Shаbalin PJSC ""Murmansk Trawl Fleet""","off.401,43, Shmidta str.",35B,eu_traces_third_country:16B,eu_traces_third_country,"Boris Zaitsev PJSC ""Murmansk Trawl Fleet""","off.401, 43, Shmidta str.",16B,RUS,0.5,,same postcode and street number,
eu_traces_third_country:35B,eu_traces_third_country,"Admiral Shаbalin PJSC ""Murmansk Trawl Fleet""","off.401,43, Shmidta str.",35B,eu_traces_third_country:RU-051/YM48669,eu_traces_third_country,"Kapitan Bulatov PJSC ""Murmansk Trawl Fleet""","off.401, 43, Shmidta str.",RU-051/YM48669,RUS,0.5,,same postcode and street number,
eu_traces_third_country:35B,eu_traces_third_country,"Admiral Shаbalin PJSC ""Murmansk Trawl Fleet""","off.401,43, Shmidta str.",35B,eu_traces_third_country:72Q,eu_traces_third_country,"Kapitan Demidenko PJSC ""Murmansk Trawl Fleet""","off.401,43, Shmidta str.",72Q,RUS,0.5,,same postcode and street number,
eu_traces_third_country:35B,eu_traces_third_country,"Admiral Shаbalin PJSC ""Murmansk Trawl Fleet""","off.401,43, Shmidta str.",35B,eu_traces_third_country:15N,eu_traces_third_country,"Kapitan NAZIN PJSC ""Murmansk Trawl Fleet""","off.401,43, Shmidta str.",15N,RUS,0.5,,same postcode and street number,
eu_traces_third_country:35B,eu_traces_third_country,"Admiral Shаbalin PJSC ""Murmansk Trawl Fleet""","off.401,43, Shmidta str.",35B,eu_traces_third_country:85K,eu_traces_third_country,"Nordkap PJSC ""Murmansk Trawl Fleet""","off.401,43, Shmidta str.",85K,RUS,0.571,,same postcode and street number,
eu_traces_third_country:35B,eu_traces_third_country,"Admiral Shаbalin PJSC ""Murmansk Trawl Fleet""","off.401,43, Shmidta str.",35B,eu_traces_third_country:65M,eu_traces_third_country,"RYBAK PJSC ""Murmansk Trawl Fleet""","off.401,43, Shmidta str.",65M,RUS,0.571,,same postcode and street number,
eu_traces_third_country:35B,eu_traces_third_country,"Admiral Shаbalin PJSC ""Murmansk Trawl Fleet""","off.401,43, Shmidta str.",35B,eu_traces_third_country:RU-051/QH46419,eu_traces_third_country,"Vasiliy Filippov PJSC ""Murmansk Trawl Fleet""","off.401, 43, Shmidta str.",RU-051/QH46419,RUS,0.5,,same postcode and street number,
eu_traces_third_country:35B,eu_traces_third_country,"Admiral Shаbalin PJSC ""Murmansk Trawl Fleet""","off.401,43, Shmidta str.",35B,eu_traces_third_country:19A,eu_traces_third_country,"Vasiliy Golovnin PJSC ""Murmansk Trawl Fleet""","off.401,43, Shmidta str.",19A,RUS,0.5,,same postcode and street number,
eu_traces_third_country:35B,eu_traces_third_country,"Admiral Shаbalin PJSC ""Murmansk Trawl Fleet""","off.401,43, Shmidta str.",35B,eu_traces_third_country:19B,eu_traces_third_country,"Yаkov Gunin PJSC ""Murmansk Trawl Fleet""","off.401,43, Shmidta str.",19B,RUS,0.5,,same postcode and street number,
eu_traces_third_country:16B,eu_traces_third_country,"Boris Zaitsev PJSC ""Murmansk Trawl Fleet""","off.401, 43, Shmidta str.",16B,eu_traces_third_country:RU-051/YM48669,eu_traces_third_country,"Kapitan Bulatov PJSC ""Murmansk Trawl Fleet""","off.401, 43, Shmidta str.",RU-051/YM48669,RUS,0.5,,same postcode and street number,
eu_traces_third_country:16B,eu_traces_third_country,"Boris Zaitsev PJSC ""Murmansk Trawl Fleet""","off.401, 43, Shmidta str.",16B,eu_traces_third_country:72Q,eu_traces_third_country,"Kapitan Demidenko PJSC ""Murmansk Trawl Fleet""","off.401,43, Shmidta str.",72Q,RUS,0.5,,same postcode and street number,
eu_traces_third_country:16B,eu_traces_third_country,"Boris Zaitsev PJSC ""Murmansk Trawl Fleet""","off.401, 43, Shmidta str.",16B,eu_traces_third_country:15N,eu_traces_third_country,"Kapitan NAZIN PJSC ""Murmansk Trawl Fleet""","off.401,43, Shmidta str.",15N,RUS,0.5,,same postcode and street number,
eu_traces_third_country:16B,eu_traces_third_country,"Boris Zaitsev PJSC ""Murmansk Trawl Fleet""","off.401, 43, Shmidta str.",16B,eu_traces_third_country:85K,eu_traces_third_country,"Nordkap PJSC ""Murmansk Trawl Fleet""","off.401,43, Shmidta str.",85K,RUS,0.571,,same postcode and street number,
eu_traces_third_country:16B,eu_traces_third_country,"Boris Zaitsev PJSC ""Murmansk Trawl Fleet""","off.401, 43, Shmidta str.",16B,eu_traces_third_country:65M,eu_traces_third_country,"RYBAK PJSC ""Murmansk Trawl Fleet""","off.401,43, Shmidta str.",65M,RUS,0.571,,same postcode and street number,
eu_traces_third_country:16B,eu_traces_third_country,"Boris Zaitsev PJSC ""Murmansk Trawl Fleet""","off.401, 43, Shmidta str.",16B,eu_traces_third_country:RU-051/QH46419,eu_traces_third_country,"Vasiliy Filippov PJSC ""Murmansk Trawl Fleet""","off.401, 43, Shmidta str.",RU-051/QH46419,RUS,0.5,,same postcode and street number,
eu_traces_third_country:16B,eu_traces_third_country,"Boris Zaitsev PJSC ""Murmansk Trawl Fleet""","off.401, 43, Shmidta str.",16B,eu_traces_third_country:19A,eu_traces_third_country,"Vasiliy Golovnin PJSC ""Murmansk Trawl Fleet""","off.401,43, Shmidta str.",19A,RUS,0.5,,same postcode and street number,
eu_traces_third_country:16B,eu_traces_third_country,"Boris Zaitsev PJSC ""Murmansk Trawl Fleet""","off.401, 43, Shmidta str.",16B,eu_traces_third_country:19B,eu_traces_third_country,"Yаkov Gunin PJSC ""Murmansk Trawl Fleet""","off.401,43, Shmidta str.",19B,RUS,0.5,,same postcode and street number,
eu_traces_third_country:RU-051/YM48669,eu_traces_third_country,"Kapitan Bulatov PJSC ""Murmansk Trawl Fleet""","off.401, 43, Shmidta str.",RU-051/YM48669,eu_traces_third_country:85K,eu_traces_third_country,"Nordkap PJSC ""Murmansk Trawl Fleet""","off.401,43, Shmidta str.",85K,RUS,0.571,,same postcode and street number,
eu_traces_third_country:RU-051/YM48669,eu_traces_third_country,"Kapitan Bulatov PJSC ""Murmansk Trawl Fleet""","off.401, 43, Shmidta str.",RU-051/YM48669,eu_traces_third_country:65M,eu_traces_third_country,"RYBAK PJSC ""Murmansk Trawl Fleet""","off.401,43, Shmidta str.",65M,RUS,0.571,,same postcode and street number,
eu_traces_third_country:RU-051/YM48669,eu_traces_third_country,"Kapitan Bulatov PJSC ""Murmansk Trawl Fleet""","off.401, 43, Shmidta str.",RU-051/YM48669,eu_traces_third_country:RU-051/QH46419,eu_traces_third_country,"Vasiliy Filippov PJSC ""Murmansk Trawl Fleet""","off.401, 43, Shmidta str.",RU-051/QH46419,RUS,0.5,,same postcode and street number,
eu_traces_third_country:RU-051/YM48669,eu_traces_third_country,"Kapitan Bulatov PJSC ""Murmansk Trawl Fleet""","off.401, 43, Shmidta str.",RU-051/YM48669,eu_traces_third_country:19A,eu_traces_third_country,"Vasiliy Golovnin PJSC ""Murmansk Trawl Fleet""","off.401,43, Shmidta str.",19A,RUS,0.5,,same postcode and street number,
eu_traces_third_country:RU-051/YM48669,eu_traces_third_country,"Kapitan Bulatov PJSC ""Murmansk Trawl Fleet""","off.401, 43, Shmidta str.",RU-051/YM48669,eu_traces_third_country:19B,eu_traces_third_country,"Yаkov Gunin PJSC ""Murmansk Trawl Fleet""","off.401,43, Shmidta str.",19B,RUS,0.5,,same postcode and street number,
eu_traces_third_country:72Q,eu_traces_third_country,"Kapitan Demidenko PJSC ""Murmansk Trawl Fleet""","off.401,43, Shmidta str.",72Q,eu_traces_third_country:85K,eu_traces_third_country,"Nordkap PJSC ""Murmansk Trawl Fleet""","off.401,43, Shmidta str.",85K,RUS,0.571,,same postcode and street number,
eu_traces_third_country:72Q,eu_traces_third_country,"Kapitan Demidenko PJSC ""Murmansk Trawl Fleet""","off.401,43, Shmidta str.",72Q,eu_traces_third_country:65M,eu_traces_third_country,"RYBAK PJSC ""Murmansk Trawl Fleet""","off.401,43, Shmidta str.",65M,RUS,0.571,,same postcode and street number,
eu_traces_third_country:72Q,eu_traces_third_country,"Kapitan Demidenko PJSC ""Murmansk Trawl Fleet""","off.401,43, Shmidta str.",72Q,eu_traces_third_country:RU-051/QH46419,eu_traces_third_country,"Vasiliy Filippov PJSC ""Murmansk Trawl Fleet""","off.401, 43, Shmidta str.",RU-051/QH46419,RUS,0.5,,same postcode and street number,
eu_traces_third_country:72Q,eu_traces_third_country,"Kapitan Demidenko PJSC ""Murmansk Trawl Fleet""","off.401,43, Shmidta str.",72Q,eu_traces_third_country:19A,eu_traces_third_country,"Vasiliy Golovnin PJSC ""Murmansk Trawl Fleet""","off.401,43, Shmidta str.",19A,RUS,0.5,,same postcode and street number,
eu_traces_third_country:72Q,eu_traces_third_country,"Kapitan Demidenko PJSC ""Murmansk Trawl Fleet""","off.401,43, Shmidta str.",72Q,eu_traces_third_country:19B,eu_traces_third_country,"Yаkov Gunin PJSC ""Murmansk Trawl Fleet""","off.401,43, Shmidta str.",19B,RUS,0.5,,same postcode and street number,
eu_traces_third_country:15N,eu_traces_third_country,"Kapitan NAZIN PJSC ""Murmansk Trawl Fleet""","off.401,43, Shmidta str.",15N,eu_traces_third_country:85K,eu_traces_third_country,"Nordkap PJSC ""Murmansk Trawl Fleet""","off.401,43, Shmidta str.",85K,RUS,0.571,,same postcode and street number,
eu_traces_third_country:15N,eu_traces_third_country,"Kapitan NAZIN PJSC ""Murmansk Trawl Fleet""","off.401,43, Shmidta str.",15N,eu_traces_third_country:65M,eu_traces_third_country,"RYBAK PJSC ""Murmansk Trawl Fleet""","off.401,43, Shmidta str.",65M,RUS,0.571,,same postcode and street number,
eu_traces_third_country:15N,eu_traces_third_country,"Kapitan NAZIN PJSC ""Murmansk Trawl Fleet""","off.401,43, Shmidta str.",15N,eu_traces_third_country:RU-051/QH46419,eu_traces_third_country,"Vasiliy Filippov PJSC ""Murmansk Trawl Fleet""","off.401, 43, Shmidta str.",RU-051/QH46419,RUS,0.5,,same postcode and street number,
eu_traces_third_country:15N,eu_traces_third_country,"Kapitan NAZIN PJSC ""Murmansk Trawl Fleet""","off.401,43, Shmidta str.",15N,eu_traces_third_country:19A,eu_traces_third_country,"Vasiliy Golovnin PJSC ""Murmansk Trawl Fleet""","off.401,43, Shmidta str.",19A,RUS,0.5,,same postcode and street number,
eu_traces_third_country:15N,eu_traces_third_country,"Kapitan NAZIN PJSC ""Murmansk Trawl Fleet""","off.401,43, Shmidta str.",15N,eu_traces_third_country:19B,eu_traces_third_country,"Yаkov Gunin PJSC ""Murmansk Trawl Fleet""","off.401,43, Shmidta str.",19B,RUS,0.5,,same postcode and street number,
eu_traces_third_country:85K,eu_traces_third_country,"Nordkap PJSC ""Murmansk Trawl Fleet""","off.401,43, Shmidta str.",85K,eu_traces_third_country:RU-051/QH46419,eu_traces_third_country,"Vasiliy Filippov PJSC ""Murmansk Trawl Fleet""","off.401, 43, Shmidta str.",RU-051/QH46419,RUS,0.571,,same postcode and street number,
eu_traces_third_country:85K,eu_traces_third_country,"Nordkap PJSC ""Murmansk Trawl Fleet""","off.401,43, Shmidta str.",85K,eu_traces_third_country:19A,eu_traces_third_country,"Vasiliy Golovnin PJSC ""Murmansk Trawl Fleet""","off.401,43, Shmidta str.",19A,RUS,0.571,,same postcode and street number,
eu_traces_third_country:85K,eu_traces_third_country,"Nordkap PJSC ""Murmansk Trawl Fleet""","off.401,43, Shmidta str.",85K,eu_traces_third_country:19B,eu_traces_third_country,"Yаkov Gunin PJSC ""Murmansk Trawl Fleet""","off.401,43, Shmidta str.",19B,RUS,0.571,,same postcode and street number,
eu_traces_third_country:65M,eu_traces_third_country,"RYBAK PJSC ""Murmansk Trawl Fleet""","off.401,43, Shmidta str.",65M,eu_traces_third_country:RU-051/QH46419,eu_traces_third_country,"Vasiliy Filippov PJSC ""Murmansk Trawl Fleet""","off.401, 43, Shmidta str.",RU-051/QH46419,RUS,0.571,,same postcode and street number,
eu_traces_third_country:65M,eu_traces_third_country,"RYBAK PJSC ""Murmansk Trawl Fleet""","off.401,43, Shmidta str.",65M,eu_traces_third_country:19A,eu_traces_third_country,"Vasiliy Golovnin PJSC ""Murmansk Trawl Fleet""","off.401,43, Shmidta str.",19A,RUS,0.571,,same postcode and street number,
eu_traces_third_country:65M,eu_traces_third_country,"RYBAK PJSC ""Murmansk Trawl Fleet""","off.401,43, Shmidta str.",65M,eu_traces_third_country:19B,eu_traces_third_country,"Yаkov Gunin PJSC ""Murmansk Trawl Fleet""","off.401,43, Shmidta str.",19B,RUS,0.571,,same postcode and street number,
eu_traces_third_country:RU-051/QH46419,eu_traces_third_country,"Vasiliy Filippov PJSC ""Murmansk Trawl Fleet""","off.401, 43, Shmidta str.",RU-051/QH46419,eu_traces_third_country:19B,eu_traces_third_country,"Yаkov Gunin PJSC ""Murmansk Trawl Fleet""","off.401,43, Shmidta str.",19B,RUS,0.5,,same postcode and street number,
eu_traces_third_country:19A,eu_traces_third_country,"Vasiliy Golovnin PJSC ""Murmansk Trawl Fleet""","off.401,43, Shmidta str.",19A,eu_traces_third_country:19B,eu_traces_third_country,"Yаkov Gunin PJSC ""Murmansk Trawl Fleet""","off.401,43, Shmidta str.",19B,RUS,0.5,,same postcode and street number,
eu_traces_third_country:04A,eu_traces_third_country,Alanett (JSC 'YAMSy'),"of.308, bld. 13,131, Mishennaya str.",04A,eu_traces_third_country:06A,eu_traces_third_country,Blanket JSC 'YAMSy',"of.308, bld. 13,131, Mishennaya str.",06A,RUS,0.5,,same postcode and street number,
eu_traces_third_country:04A,eu_traces_third_country,Alanett (JSC 'YAMSy'),"of.308, bld. 13,131, Mishennaya str.",04A,eu_traces_third_country:10A,eu_traces_third_country,"Gruper JSC ""YAMSy""","of.308, bld. 13,131, Mishennaya str.",10A,RUS,0.5,,same postcode and street number,
eu_traces_third_country:04A,eu_traces_third_country,Alanett (JSC 'YAMSy'),"of.308, bld. 13,131, Mishennaya str.",04A,eu_traces_third_country:05A,eu_traces_third_country,Kalkan (JSC 'YAMSy'),"of.308, bld. 13,131, Mishennaya str.",05A,RUS,0.5,,same postcode and street number,
eu_traces_third_country:04A,eu_traces_third_country,Alanett (JSC 'YAMSy'),"of.308, bld. 13,131, Mishennaya str.",04A,eu_traces_third_country:38S,eu_traces_third_country,"LAGART JSC ""YAMSy""","of.308, bld.13, 131,Mishennaya str.",38S,RUS,0.5,,same postcode and street number,
eu_traces_third_country:04A,eu_traces_third_country,Alanett (JSC 'YAMSy'),"of.308, bld. 13,131, Mishennaya str.",04A,eu_traces_third_country:12A,eu_traces_third_country,Tarpon (JSC 'YAMSy'),"of.308, bld. 13,131, Mishennaya str.",12A,RUS,0.5,,same postcode and street number,
eu_traces_third_country:04A,eu_traces_third_country,Alanett (JSC 'YAMSy'),"of.308, bld. 13,131, Mishennaya str.",04A,eu_traces_third_country:07A,eu_traces_third_country,Tiburon (JSC 'YAMSy'),"of.308, bld. 13,131, Mishennaya str.",07A,RUS,0.5,,same postcode and street number,
eu_traces_third_country:04A,eu_traces_third_country,Alanett (JSC 'YAMSy'),"of.308, bld. 13,131, Mishennaya str.",04A,eu_traces_third_country:13A,eu_traces_third_country,Tomkod (JSC 'YAMSy'),"of.308, bld. 13,131, Mishennaya str.",13A,RUS,0.5,,same postcode and street number,
eu_traces_third_country:06A,eu_traces_third_country,Blanket JSC 'YAMSy',"of.308, bld. 13,131, Mishennaya str.",06A,eu_traces_third_country:10A,eu_traces_third_country,"Gruper JSC ""YAMSy""","of.308, bld. 13,131, Mishennaya str.",10A,RUS,0.5,,same postcode and street number,
eu_traces_third_country:06A,eu_traces_third_country,Blanket JSC 'YAMSy',"of.308, bld. 13,131, Mishennaya str.",06A,eu_traces_third_country:05A,eu_traces_third_country,Kalkan (JSC 'YAMSy'),"of.308, bld. 13,131, Mishennaya str.",05A,RUS,0.5,,same postcode and street number,
eu_traces_third_country:06A,eu_traces_third_country,Blanket JSC 'YAMSy',"of.308, bld. 13,131, Mishennaya str.",06A,eu_traces_third_country:38S,eu_traces_third_country,"LAGART JSC ""YAMSy""","of.308, bld.13, 131,Mishennaya str.",38S,RUS,0.5,,same postcode and street number,
eu_traces_third_country:06A,eu_traces_third_country,Blanket JSC 'YAMSy',"of.308, bld. 13,131, Mishennaya str.",06A,eu_traces_third_country:12A,eu_traces_third_country,Tarpon (JSC 'YAMSy'),"of.308, bld. 13,131, Mishennaya str.",12A,RUS,0.5,,same postcode and street number,
eu_traces_third_country:06A,eu_traces_third_country,Blanket JSC 'YAMSy',"of.308, bld. 13,131, Mishennaya str.",06A,eu_traces_third_country:07A,eu_traces_third_country,Tiburon (JSC 'YAMSy'),"of.308, bld. 13,131, Mishennaya str.",07A,RUS,0.5,,same postcode and street number,
eu_traces_third_country:06A,eu_traces_third_country,Blanket JSC 'YAMSy',"of.308, bld. 13,131, Mishennaya str.",06A,eu_traces_third_country:13A,eu_traces_third_country,Tomkod (JSC 'YAMSy'),"of.308, bld. 13,131, Mishennaya str.",13A,RUS,0.5,,same postcode and street number,
eu_traces_third_country:10A,eu_traces_third_country,"Gruper JSC ""YAMSy""","of.308, bld. 13,131, Mishennaya str.",10A,eu_traces_third_country:05A,eu_traces_third_country,Kalkan (JSC 'YAMSy'),"of.308, bld. 13,131, Mishennaya str.",05A,RUS,0.5,,same postcode and street number,
eu_traces_third_country:10A,eu_traces_third_country,"Gruper JSC ""YAMSy""","of.308, bld. 13,131, Mishennaya str.",10A,eu_traces_third_country:38S,eu_traces_third_country,"LAGART JSC ""YAMSy""","of.308, bld.13, 131,Mishennaya str.",38S,RUS,0.5,,same postcode and street number,
eu_traces_third_country:10A,eu_traces_third_country,"Gruper JSC ""YAMSy""","of.308, bld. 13,131, Mishennaya str.",10A,eu_traces_third_country:12A,eu_traces_third_country,Tarpon (JSC 'YAMSy'),"of.308, bld. 13,131, Mishennaya str.",12A,RUS,0.5,,same postcode and street number,
eu_traces_third_country:10A,eu_traces_third_country,"Gruper JSC ""YAMSy""","of.308, bld. 13,131, Mishennaya str.",10A,eu_traces_third_country:07A,eu_traces_third_country,Tiburon (JSC 'YAMSy'),"of.308, bld. 13,131, Mishennaya str.",07A,RUS,0.5,,same postcode and street number,
eu_traces_third_country:10A,eu_traces_third_country,"Gruper JSC ""YAMSy""","of.308, bld. 13,131, Mishennaya str.",10A,eu_traces_third_country:13A,eu_traces_third_country,Tomkod (JSC 'YAMSy'),"of.308, bld. 13,131, Mishennaya str.",13A,RUS,0.5,,same postcode and street number,
eu_traces_third_country:05A,eu_traces_third_country,Kalkan (JSC 'YAMSy'),"of.308, bld. 13,131, Mishennaya str.",05A,eu_traces_third_country:38S,eu_traces_third_country,"LAGART JSC ""YAMSy""","of.308, bld.13, 131,Mishennaya str.",38S,RUS,0.5,,same postcode and street number,
eu_traces_third_country:05A,eu_traces_third_country,Kalkan (JSC 'YAMSy'),"of.308, bld. 13,131, Mishennaya str.",05A,eu_traces_third_country:12A,eu_traces_third_country,Tarpon (JSC 'YAMSy'),"of.308, bld. 13,131, Mishennaya str.",12A,RUS,0.5,,same postcode and street number,
eu_traces_third_country:05A,eu_traces_third_country,Kalkan (JSC 'YAMSy'),"of.308, bld. 13,131, Mishennaya str.",05A,eu_traces_third_country:07A,eu_traces_third_country,Tiburon (JSC 'YAMSy'),"of.308, bld. 13,131, Mishennaya str.",07A,RUS,0.5,,same postcode and street number,
eu_traces_third_country:05A,eu_traces_third_country,Kalkan (JSC 'YAMSy'),"of.308, bld. 13,131, Mishennaya str.",05A,eu_traces_third_country:13A,eu_traces_third_country,Tomkod (JSC 'YAMSy'),"of.308, bld. 13,131, Mishennaya str.",13A,RUS,0.5,,same postcode and street number,
eu_traces_third_country:38S,eu_traces_third_country,"LAGART JSC ""YAMSy""","of.308, bld.13, 131,Mishennaya str.",38S,eu_traces_third_country:12A,eu_traces_third_country,Tarpon (JSC 'YAMSy'),"of.308, bld. 13,131, Mishennaya str.",12A,RUS,0.5,,same postcode and street number,
eu_traces_third_country:38S,eu_traces_third_country,"LAGART JSC ""YAMSy""","of.308, bld.13, 131,Mishennaya str.",38S,eu_traces_third_country:07A,eu_traces_third_country,Tiburon (JSC 'YAMSy'),"of.308, bld. 13,131, Mishennaya str.",07A,RUS,0.5,,same postcode and street number,
eu_traces_third_country:38S,eu_traces_third_country,"LAGART JSC ""YAMSy""","of.308, bld.13, 131,Mishennaya str.",38S,eu_traces_third_country:13A,eu_traces_third_country,Tomkod (JSC 'YAMSy'),"of.308, bld. 13,131, Mishennaya str.",13A,RUS,0.5,,same postcode and street number,
eu_traces_third_country:12A,eu_traces_third_country,Tarpon (JSC 'YAMSy'),"of.308, bld. 13,131, Mishennaya str.",12A,eu_traces_third_country:07A,eu_traces_third_country,Tiburon (JSC 'YAMSy'),"of.308, bld. 13,131, Mishennaya str.",07A,RUS,0.5,,same postcode and street number,
eu_traces_third_country:12A,eu_traces_third_country,Tarpon (JSC 'YAMSy'),"of.308, bld. 13,131, Mishennaya str.",12A,eu_traces_third_country:13A,eu_traces_third_country,Tomkod (JSC 'YAMSy'),"of.308, bld. 13,131, Mishennaya str.",13A,RUS,0.5,,same postcode and street number,
eu_traces_third_country:07A,eu_traces_third_country,Tiburon (JSC 'YAMSy'),"of.308, bld. 13,131, Mishennaya str.",07A,eu_traces_third_country:13A,eu_traces_third_country,Tomkod (JSC 'YAMSy'),"of.308, bld. 13,131, Mishennaya str.",13A,RUS,0.5,,same postcode and street number,
eu_traces_third_country:20S,eu_traces_third_country,Alchan T-Crab JSC,"of.11, 87, Pushkinskaya str.",20S,eu_traces_third_country:46S,eu_traces_third_country,Hivach JSC «T-Crab»,"of.11, 87, Pushkinskaya str.",46S,RUS,0.5,,same postcode and street number,
eu_traces_third_country:20S,eu_traces_third_country,Alchan T-Crab JSC,"of.11, 87, Pushkinskaya str.",20S,eu_traces_third_country:45S,eu_traces_third_country,Kayum JSC «T-Crab»,"of.11, 87, Pushkinskaya str.",45S,RUS,0.5,,same postcode and street number,
eu_traces_third_country:20S,eu_traces_third_country,Alchan T-Crab JSC,"of.11, 87, Pushkinskaya str.",20S,eu_traces_third_country:47S,eu_traces_third_country,Tugur JSC «T-Crab»,"of.11, 87, Pushkinskaya str.",47S,RUS,0.5,,same postcode and street number,
eu_traces_third_country:46S,eu_traces_third_country,Hivach JSC «T-Crab»,"of.11, 87, Pushkinskaya str.",46S,eu_traces_third_country:45S,eu_traces_third_country,Kayum JSC «T-Crab»,"of.11, 87, Pushkinskaya str.",45S,RUS,0.5,,same postcode and street number,
eu_traces_third_country:46S,eu_traces_third_country,Hivach JSC «T-Crab»,"of.11, 87, Pushkinskaya str.",46S,eu_traces_third_country:47S,eu_traces_third_country,Tugur JSC «T-Crab»,"of.11, 87, Pushkinskaya str.",47S,RUS,0.5,,same postcode and street number,
eu_traces_third_country:45S,eu_traces_third_country,Kayum JSC «T-Crab»,"of.11, 87, Pushkinskaya str.",45S,eu_traces_third_country:47S,eu_traces_third_country,Tugur JSC «T-Crab»,"of.11, 87, Pushkinskaya str.",47S,RUS,0.5,,same postcode and street number,
eu_traces_third_country:66H,eu_traces_third_country,"Aleksey Anichkin JSC ""ATLANTRYBFLOT""","off.401D, 57, A.Suvorova str.",66H,eu_traces_third_country:53Q,eu_traces_third_country,"ESTER JSC ""ATLANTRYBFLOT""","off.401D, 57, A.Suvorova str.",53Q,RUS,0.4,,same postcode and street number,
eu_traces_third_country:66H,eu_traces_third_country,"Aleksey Anichkin JSC ""ATLANTRYBFLOT""","off.401D, 57, A.Suvorova str.",66H,eu_traces_third_country:12H,eu_traces_third_country,Osveyskoye JSC 'ATLANTRYBFLOT',"off.401D, 57, A.Suvorova str.",12H,RUS,0.4,,same postcode and street number,
eu_traces_third_country:04R,eu_traces_third_country,"Baltiyskaya koca JSC ""ATLANTRYBFLOT""","off.401D, 57, A.Suvorova str",04R,eu_traces_third_country:53Q,eu_traces_third_country,"ESTER JSC ""ATLANTRYBFLOT""","off.401D, 57, A.Suvorova str.",53Q,RUS,0.4,,same postcode and street number,
eu_traces_third_country:04R,eu_traces_third_country,"Baltiyskaya koca JSC ""ATLANTRYBFLOT""","off.401D, 57, A.Suvorova str",04R,eu_traces_third_country:12H,eu_traces_third_country,Osveyskoye JSC 'ATLANTRYBFLOT',"off.401D, 57, A.Suvorova str.",12H,RUS,0.4,,same postcode and street number,
eu_traces_third_country:16N,eu_traces_third_country,"Boris Syromyatnikov JSC ""Fishing Fleet -FOR""","off. 401 A, 57, A.Suvorova str.",16N,eu_traces_third_country:93F,eu_traces_third_country,"Nivenskoye JSC ""Fishing Fleet -FOR""","off. 401 A, 57, A.Suvorova str.",93F,RUS,0.571,,same postcode and street number,
eu_traces_third_country:16N,eu_traces_third_country,"Boris Syromyatnikov JSC ""Fishing Fleet -FOR""","off. 401 A, 57, A.Suvorova str.",16N,eu_traces_third_country:22F,eu_traces_third_country,"Valeriy Dzhaparidze JSC ""Fishing Fleet -FOR""","off.401 A, 57, A. Suvorova St.",22F,RUS,0.5,,same postcode and street number,
eu_traces_third_country:16N,eu_traces_third_country,"Boris Syromyatnikov JSC ""Fishing Fleet -FOR""","off. 401 A, 57, A.Suvorova str.",16N,eu_traces_third_country:RU-039/JG44964,eu_traces_third_country,Zakhar Sorokin JSC Fishing Fleet-FOR,"off. 401 A, 57, Suvorova str.",RU-039/JG44964,RUS,0.5,,same postcode and street number,
eu_traces_third_country:53Q,eu_traces_third_country,"ESTER JSC ""ATLANTRYBFLOT""","off.401D, 57, A.Suvorova str.",53Q,eu_traces_third_country:12H,eu_traces_third_country,Osveyskoye JSC 'ATLANTRYBFLOT',"off.401D, 57, A.Suvorova str.",12H,RUS,0.5,,same postcode and street number,
eu_traces_third_country:93F,eu_traces_third_country,"Nivenskoye JSC ""Fishing Fleet -FOR""","off. 401 A, 57, A.Suvorova str.",93F,eu_traces_third_country:22F,eu_traces_third_country,"Valeriy Dzhaparidze JSC ""Fishing Fleet -FOR""","off.401 A, 57, A. Suvorova St.",22F,RUS,0.571,,same postcode and street number,
eu_traces_third_country:93F,eu_traces_third_country,"Nivenskoye JSC ""Fishing Fleet -FOR""","off. 401 A, 57, A.Suvorova str.",93F,eu_traces_third_country:RU-039/JG44964,eu_traces_third_country,Zakhar Sorokin JSC Fishing Fleet-FOR,"off. 401 A, 57, Suvorova str.",RU-039/JG44964,RUS,0.571,,same postcode and street number,
eu_traces_third_country:22F,eu_traces_third_country,"Valeriy Dzhaparidze JSC ""Fishing Fleet -FOR""","off.401 A, 57, A. Suvorova St.",22F,eu_traces_third_country:RU-039/JG44964,eu_traces_third_country,Zakhar Sorokin JSC Fishing Fleet-FOR,"off. 401 A, 57, Suvorova str.",RU-039/JG44964,RUS,0.5,,same postcode and street number,
eu_traces_third_country:16A,eu_traces_third_country,Aleksey Chirikov (''AKROS'' Fishing JSC),"bild. 13,131,Mishennaya str.",16A,eu_traces_third_country:65N,eu_traces_third_country,Boris Trofimenko ('Akros' Fishing JSC),"bild. 13,131,Mishennaya str.",65N,RUS,0.429,,same postcode and street number,
eu_traces_third_country:16A,eu_traces_third_country,Aleksey Chirikov (''AKROS'' Fishing JSC),"bild. 13,131,Mishennaya str.",16A,eu_traces_third_country:17A,eu_traces_third_country,Petr Iljin (''AKROS'' Fishing JSC),"bild. 13,131,Mishennaya str.(",17A,RUS,0.429,,same postcode and street number,
eu_traces_third_country:16A,eu_traces_third_country,Aleksey Chirikov (''AKROS'' Fishing JSC),"bild. 13,131,Mishennaya str.",16A,eu_traces_third_country:18A,eu_traces_third_country,"Viktoria I (""AKROS"" Fishing JSC)","bild. 13,131,Mishennaya str.",18A,RUS,0.5,,same postcode and street number,
eu_traces_third_country:16A,eu_traces_third_country,Aleksey Chirikov (''AKROS'' Fishing JSC),"bild. 13,131,Mishennaya str.",16A,eu_traces_third_country:15A,eu_traces_third_country,Vilyuchinsky (''AKROS'' Fishing JSC),"bild. 13,131,Mishennaya str.(5)",15A,RUS,0.5,,same postcode and street number,
eu_traces_third_country:65N,eu_traces_third_country,Boris Trofimenko ('Akros' Fishing JSC),"bild. 13,131,Mishennaya str.",65N,eu_traces_third_country:17A,eu_traces_third_country,Petr Iljin (''AKROS'' Fishing JSC),"bild. 13,131,Mishennaya str.(",17A,RUS,0.429,,same postcode and street number,
eu_traces_third_country:65N,eu_traces_third_country,Boris Trofimenko ('Akros' Fishing JSC),"bild. 13,131,Mishennaya str.",65N,eu_traces_third_country:18A,eu_traces_third_country,"Viktoria I (""AKROS"" Fishing JSC)","bild. 13,131,Mishennaya str.",18A,RUS,0.5,,same postcode and street number,
eu_traces_third_country:65N,eu_traces_third_country,Boris Trofimenko ('Akros' Fishing JSC),"bild. 13,131,Mishennaya str.",65N,eu_traces_third_country:15A,eu_traces_third_country,Vilyuchinsky (''AKROS'' Fishing JSC),"bild. 13,131,Mishennaya str.(5)",15A,RUS,0.5,,same postcode and street number,
eu_traces_third_country:17A,eu_traces_third_country,Petr Iljin (''AKROS'' Fishing JSC),"bild. 13,131,Mishennaya str.(",17A,eu_traces_third_country:18A,eu_traces_third_country,"Viktoria I (""AKROS"" Fishing JSC)","bild. 13,131,Mishennaya str.",18A,RUS,0.5,,same postcode and street number,
eu_traces_third_country:17A,eu_traces_third_country,Petr Iljin (''AKROS'' Fishing JSC),"bild. 13,131,Mishennaya str.(",17A,eu_traces_third_country:15A,eu_traces_third_country,Vilyuchinsky (''AKROS'' Fishing JSC),"bild. 13,131,Mishennaya str.(5)",15A,RUS,0.5,,same postcode and street number,
eu_traces_third_country:50S,eu_traces_third_country,"Alestar LLC ""Pacific Crab""","of.2, 7B, Shilkinskaya str.",50S,eu_traces_third_country:RU-025/YE32256,eu_traces_third_country,"Vilyuy LLC ""Pacific Crab""","of.2, 7B, Shilkinskaya str.",RU-025/YE32256,RUS,0.5,,same postcode and street number,
eu_traces_third_country:42C,eu_traces_third_country,"Armenak Babaev JSC ""Vestrybflot""","27-А, Komsomolskaya str.",42C,eu_traces_third_country:51Q,eu_traces_third_country,Lasurnyy JSC Vestrybflot,"27-А, Komsomolskaya str.",51Q,RUS,0.4,,same postcode and street number,
eu_traces_third_country:51Q,eu_traces_third_country,Lasurnyy JSC Vestrybflot,"27-А, Komsomolskaya str.",51Q,eu_traces_third_country:43C,eu_traces_third_country,Staryy Arbat (JSC ''Vestrybflot''),"27-А, Komsomolskaya str.",43C,RUS,0.4,,same postcode and street number,
eu_traces_third_country:48L,eu_traces_third_country,Diomedes (JSC Arcticservice),"43, Tralovaya str.",48L,eu_traces_third_country:19K,eu_traces_third_country,Glacier Enterprise (JSC Arcticservice),"43, Tralovaya str.",19K,RUS,0.4,,same postcode and street number,
eu_traces_third_country:A93,eu_traces_third_country,Collective Farm Fishery by V.I. Lenin (Fish Processing Factory),"40, Kosmonavtov str",A93,eu_traces_third_country:92M,eu_traces_third_country,PYOTR ILICHYOV (Collective Farm Fishery By V.I. Lenin),"40, Kosmonavtov str.",92M,RUS,0.556,,same postcode and street number,
eu_traces_third_country:A93,eu_traces_third_country,Collective Farm Fishery by V.I. Lenin (Fish Processing Factory),"40, Kosmonavtov str",A93,eu_traces_third_country:46R,eu_traces_third_country,Sergey Novosyolov (Collective Farm Fishery By V.I. Lenin),"40, Kosmonavtov str.",46R,RUS,0.556,,same postcode and street number,
eu_traces_third_country:A93,eu_traces_third_country,Collective Farm Fishery by V.I. Lenin (Fish Processing Factory),"40, Kosmonavtov str",A93,eu_traces_third_country:53R,eu_traces_third_country,Viсtor Gavrilov (Collective Farm Fishery By V.I. Lenin),"40, Kosmonavtov str.",53R,RUS,0.556,,same postcode and street number,
eu_traces_third_country:24M,eu_traces_third_country,Gloria (JSC Dalrybprom),69 Okeanskii av.,24M,eu_traces_third_country:89L,eu_traces_third_country,Ivan Moshlyak (JSC 'Dalrybprom'),69 Okeanskiy Av.,89L,RUS,0.4,,same postcode and street number,
eu_traces_third_country:24M,eu_traces_third_country,Gloria (JSC Dalrybprom),69 Okeanskii av.,24M,eu_traces_third_country:88L,eu_traces_third_country,Yantar (JSC Dalrybprom),69 Okeanskiy av.,88L,RUS,0.5,,same postcode and street number,
eu_traces_third_country:89L,eu_traces_third_country,Ivan Moshlyak (JSC 'Dalrybprom'),69 Okeanskiy Av.,89L,eu_traces_third_country:88L,eu_traces_third_country,Yantar (JSC Dalrybprom),69 Okeanskiy av.,88L,RUS,0.4,,same postcode and street number,
eu_traces_third_country:65H,eu_traces_third_country,"Iosif Shmelkin ""Morskaya zvezda"" Co.Ltd","off.405, 57, A.Suvorova str.",65H,eu_traces_third_country:59H,eu_traces_third_country,"Karacharovo Morskaya Zvezda, Co. Ltd","off.405, 57, A.Suvorova str.",59H,RUS,0.4,,same postcode and street number,
eu_traces_third_country:65H,eu_traces_third_country,"Iosif Shmelkin ""Morskaya zvezda"" Co.Ltd","off.405, 57, A.Suvorova str.",65H,eu_traces_third_country:13N,eu_traces_third_country,"Lira «Morskaya Zvezda» Co.,Ltd","off.405, 57, A.Suvorova str.",13N,RUS,0.4,,same postcode and street number,
eu_traces_third_country:59H,eu_traces_third_country,"Karacharovo Morskaya Zvezda, Co. Ltd","off.405, 57, A.Suvorova str.",59H,eu_traces_third_country:92F,eu_traces_third_country,"Kurshskaya Kosa «Morskaya Zvezda» Co., Ltd.","off.405, 57, A.Suvorova str.",92F,RUS,0.4,,same postcode and street number,
eu_traces_third_country:59H,eu_traces_third_country,"Karacharovo Morskaya Zvezda, Co. Ltd","off.405, 57, A.Suvorova str.",59H,eu_traces_third_country:13N,eu_traces_third_country,"Lira «Morskaya Zvezda» Co.,Ltd","off.405, 57, A.Suvorova str.",13N,RUS,0.5,,same postcode and street number,
eu_traces_third_country:92F,eu_traces_third_country,"Kurshskaya Kosa «Morskaya Zvezda» Co., Ltd.","off.405, 57, A.Suvorova str.",92F,eu_traces_third_country:13N,eu_traces_third_country,"Lira «Morskaya Zvezda» Co.,Ltd","off.405, 57, A.Suvorova str.",13N,RUS,0.4,,same postcode and street number,
eu_traces_third_country:49P,eu_traces_third_country,Kam Star Kamrei Co.LTD,"off. 26, 30, Kurilskaya str.",49P,eu_traces_third_country:84P,eu_traces_third_country,Marine Star Kamrei Co.LTD,"off. 26, 30, Kurilskaya str.",84P,RUS,0.5,,same postcode and street number,
eu_traces_third_country:97G,eu_traces_third_country,Kapitan Rogozin Fishing collective farm «MURMAN»,"83/2, Tralovaya str.",97G,eu_traces_third_country:63B,eu_traces_third_country,Voykovo Fishing collective farm «MURMAN»,83/2 Tralovaya St.,63B,RUS,0.571,,same postcode and street number,
eu_traces_third_country:97G,eu_traces_third_country,Kapitan Rogozin Fishing collective farm «MURMAN»,"83/2, Tralovaya str.",97G,eu_traces_third_country:47M,eu_traces_third_country,ОМА Fishing collective farm «MURMAN»,"83/2, Tralovaya str.",47M,RUS,0.571,,same postcode and street number,
eu_traces_third_country:72 K,eu_traces_third_country,Tezey JSC Vega,"Teatralniy boulevard,9-1",72 K,eu_traces_third_country:21L,eu_traces_third_country,"Tor (JSC ""Vega"")",9-1 Teatralniy Bld.,21L,RUS,0.5,,same postcode and street number,
eu_traces_third_country:15R,eu_traces_third_country,"""Tymlatsky Rybokombinat"" Co., Ltd. Fish Factory",-,15R,eu_traces_third_country:82L,eu_traces_third_country,"'Tymlatsky Rybokombinat' Co., Ltd. Fish Factory","30, Naberezhnaya str.",82L,RUS,1.0,,"identical name, no usable location on either record",
eu_traces_third_country:96K,eu_traces_third_country,"VITYAZ-AVTO CO., LTD fish-processing work-shop","1A, Rechnaia str.",96K,eu_traces_third_country:37R,eu_traces_third_country,"VITYAZ-AVTO CO., LTD fish-processing work-shop","48, Oktyabrskata str.",37R,RUS,1.0,,"identical name, no usable location on either record",
eu_traces_third_country:69R,eu_traces_third_country,Zarya LLC,"1, Sakhalinskaya str.",69R,eu_traces_third_country:70R,eu_traces_third_country,Zarya LLC,Vorovskaya river,70R,RUS,1.0,,"identical name, no usable location on either record",
eu_traces_third_country:ME131,eu_traces_third_country,Land Meat New Zealand Limited,"47 Bryce Street, Castlecliff",ME131,eu_traces_third_country:S153,eu_traces_third_country,Land Meat New Zealand Limited,"1 Kirk Street, Castlecliff",S153,NEW,1.0,,"identical name, no usable location on either record",
eu_traces_third_country:ME87,eu_traces_third_country,Progressive Meats Ltd,118 Kelfield Place,ME87,eu_traces_third_country:PH30,eu_traces_third_country,Progressive Meats Limited,118 Kelfield Place,PH30,NEW,1.0,,"identical name, no usable location on either record",
eu_traces_third_country:ME87,eu_traces_third_country,Progressive Meats Ltd,118 Kelfield Place,ME87,eu_traces_third_country:DSP12,eu_traces_third_country,Progressive Meats Limited,118 Kelfield Place,DSP12,NEW,1.0,,"identical name, no usable location on either record",
eu_traces_third_country:PH30,eu_traces_third_country,Progressive Meats Limited,118 Kelfield Place,PH30,eu_traces_third_country:DSP12,eu_traces_third_country,Progressive Meats Limited,118 Kelfield Place,DSP12,NEW,1.0,,"identical name, no usable location on either record",
eu_traces_third_country:PH159,eu_traces_third_country,Talley's Group Limited,Old Renwick Road,PH159,eu_traces_third_country:CHANDLER01,eu_traces_third_country,Talley's Group Limited,14 Chandler Close,CHANDLER01,NEW,1.0,,"identical name, no usable location on either record",
eu_traces_third_country:PH159,eu_traces_third_country,Talley's Group Limited,Old Renwick Road,PH159,eu_traces_third_country:PH1,eu_traces_third_country,Talley's Group Limited,Ward St,PH1,NEW,1.0,,"identical name, no usable location on either record",
eu_traces_third_country:CHANDLER01,eu_traces_third_country,Talley's Group Limited,14 Chandler Close,CHANDLER01,eu_traces_third_country:PH1,eu_traces_third_country,Talley's Group Limited,Ward St,PH1,NEW,1.0,,"identical name, no usable location on either record",
eu_traces_third_country:ME50,eu_traces_third_country,Alliance Group Limited,"Rapid N° 205, State Highway 99",ME50,eu_traces_third_country:ME21,eu_traces_third_country,Alliance Group Limited,1 McQueen Avenue,ME21,NEW,1.0,,"identical name, no usable location on either record",
eu_traces_third_country:ME50,eu_traces_third_country,Alliance Group Limited,"Rapid N° 205, State Highway 99",ME50,eu_traces_third_country:ME134,eu_traces_third_country,Alliance Group Ltd.,Carlson Street,ME134,NEW,1.0,,"identical name, no usable location on either record",
eu_traces_third_country:ME21,eu_traces_third_country,Alliance Group Limited,1 McQueen Avenue,ME21,eu_traces_third_country:ME134,eu_traces_third_country,Alliance Group Ltd.,Carlson Street,ME134,NEW,1.0,,"identical name, no usable location on either record",
eu_traces_third_country:FDF/C/34,eu_traces_third_country,AKOIBIRISEI LOGISTICS NIG. LTD,"KIRIKIRI LIGHTER TERMINAL NPA JETTY, PHASE 11 APAPA - LAGOS",FDF/C/34,eu_traces_third_country:FDF/V/34-01,eu_traces_third_country,AKOIBIRISEI LOGISTICS NIG. LTD,"KIRIKIRI LIGHTER TERMINAL NPA JETTY, PHASE 11 APAPA - LAGOS",FDF/V/34-01,NIG,1.0,,"identical name, no usable location on either record",
eu_traces_third_country:FDF/V/12D-62,eu_traces_third_country,ATLANTIC SHRIMPERS LTD,KIRIKIRI LIGHTER TERMINAL PHASE I,FDF/V/12D-62,eu_traces_third_country:FDF/V/12D-63,eu_traces_third_country,ATLANTIC SHRIMPERS LTD,KIRIKIRI LIGHTER TERMINAL PHASE I,FDF/V/12D-63,NIG,1.0,,"identical name, no usable location on either record",
eu_traces_third_country:FDF/V/12D-62,eu_traces_third_country,ATLANTIC SHRIMPERS LTD,KIRIKIRI LIGHTER TERMINAL PHASE I,FDF/V/12D-62,eu_traces_third_country:FDF/C/02,eu_traces_third_country,Atlantic Shrimpers Ltd.,,FDF/C/02,NIG,1.0,,"identical name, no usable location on either record",
eu_traces_third_country:FDF/V/12D-62,eu_traces_third_country,ATLANTIC SHRIMPERS LTD,KIRIKIRI LIGHTER TERMINAL PHASE I,FDF/V/12D-62,eu_traces_third_country:FDF/E/08,eu_traces_third_country,Atlantic Shrimpers Ltd.,Phase 1,FDF/E/08,NIG,1.0,,"identical name, no usable location on either record",
eu_traces_third_country:FDF/V/12D-63,eu_traces_third_country,ATLANTIC SHRIMPERS LTD,KIRIKIRI LIGHTER TERMINAL PHASE I,FDF/V/12D-63,eu_traces_third_country:FDF/C/02,eu_traces_third_country,Atlantic Shrimpers Ltd.,,FDF/C/02,NIG,1.0,,"identical name, no usable location on either record",
eu_traces_third_country:FDF/V/12D-63,eu_traces_third_country,ATLANTIC SHRIMPERS LTD,KIRIKIRI LIGHTER TERMINAL PHASE I,FDF/V/12D-63,eu_traces_third_country:FDF/E/08,eu_traces_third_country,Atlantic Shrimpers Ltd.,Phase 1,FDF/E/08,NIG,1.0,,"identical name, no usable location on either record",
eu_traces_third_country:FDF/C/02,eu_traces_third_country,Atlantic Shrimpers Ltd.,,FDF/C/02,eu_traces_third_country:FDF/E/08,eu_traces_third_country,Atlantic Shrimpers Ltd.,Phase 1,FDF/E/08,NIG,1.0,,"identical name, no usable location on either record",
eu_traces_third_country:FDF/V/02-21,eu_traces_third_country,ORC FISHING AND FOOD PROCESSING,"Nigeria Port Authority Jetty, Kirikiri Phase II",FDF/V/02-21,eu_traces_third_country:FDF/V/02-23,eu_traces_third_country,ORC FISHING AND FOOD PROCESSING LTD,PLOT A BLOCK 2,FDF/V/02-23,NIG,1.0,,"identical name, no usable location on either record",
eu_traces_third_country:FDF/V/02-21,eu_traces_third_country,ORC FISHING AND FOOD PROCESSING,"Nigeria Port Authority Jetty, Kirikiri Phase II",FDF/V/02-21,eu_traces_third_country:FDF/C/03,eu_traces_third_country,ORC FISHING AND FOOD PROCESSING LTD,,FDF/C/03,NIG,1.0,,"identical name, no usable location on either record",
eu_traces_third_country:FDF/V/02-21,eu_traces_third_country,ORC FISHING AND FOOD PROCESSING,"Nigeria Port Authority Jetty, Kirikiri Phase II",FDF/V/02-21,eu_traces_third_country:FDF/V/02-22,eu_traces_third_country,ORC FISHING AND FOOD PROCESSING LTD.,"PLOT A, BLOCK 2, ILUPEJU INDUSTRIAL ESTA",FDF/V/02-22,NIG,1.0,,"identical name, no usable location on either record",
eu_traces_third_country:FDF/V/02-23,eu_traces_third_country,ORC FISHING AND FOOD PROCESSING LTD,PLOT A BLOCK 2,FDF/V/02-23,eu_traces_third_country:FDF/C/03,eu_traces_third_country,ORC FISHING AND FOOD PROCESSING LTD,,FDF/C/03,NIG,1.0,,"identical name, no usable location on either record",
eu_traces_third_country:FDF/V/02-23,eu_traces_third_country,ORC FISHING AND FOOD PROCESSING LTD,PLOT A BLOCK 2,FDF/V/02-23,eu_traces_third_country:FDF/V/02-22,eu_traces_third_country,ORC FISHING AND FOOD PROCESSING LTD.,"PLOT A, BLOCK 2, ILUPEJU INDUSTRIAL ESTA",FDF/V/02-22,NIG,1.0,,"identical name, no usable location on either record",
eu_traces_third_country:FDF/C/03,eu_traces_third_country,ORC FISHING AND FOOD PROCESSING LTD,,FDF/C/03,eu_traces_third_country:FDF/V/02-22,eu_traces_third_country,ORC FISHING AND FOOD PROCESSING LTD.,"PLOT A, BLOCK 2, ILUPEJU INDUSTRIAL ESTA",FDF/V/02-22,NIG,1.0,,"identical name, no usable location on either record",
eu_traces_third_country:QC92/57,eu_traces_third_country,Amaq albahar alwataniah Trad Joint Partnership,,QC92/57,eu_traces_third_country:QC92/74,eu_traces_third_country,Amaq albahar alwataniah Trad Joint Partnership,"P.O.Box 220, Jalan bani Ali, P.C. 416",QC92/74,OMA,1.0,,"identical name, no usable location on either record",
eu_traces_third_country:EP1537-CHD-BAARVIII,eu_traces_third_country,BAMAR VIII,"AV. MANUEL OLGUIN 501 PISO 7, DISTRITO DE SANTIAGO DE SURCO, DEPARTAMENTO DE LIMA",EP1537-CHD-BAARVIII,eu_traces_third_country:EP014-CHD-BAMA,eu_traces_third_country,BAMAR-1,"AV. MANUEL OLGUIN No 501 - 7, DISTRITO DE SANTIAGO DE SURCE, PROVINCIA Y DEPARTAMENTO DE LIMA",EP014-CHD-BAMA,PER,0.5,,same postcode and street number,
eu_traces_third_country:P305-SUL-ARCI,eu_traces_third_country,AGROINDUSTRIAS DEL CHIRA S.R.L.,"CALLE B, MZ. A1, LOTE 4, ZONA INDUSTRIAL MUNICIPAL N° 2, DISTRITO Y PROVINCIA DE SULLANA, DEPARTAMENTO DE PIURA.",P305-SUL-ARCI,eu_traces_third_country:P092-SUL-ARCI,eu_traces_third_country,AGROINDUSTRIAS DEL CHIRA S.R.L.,"PARQUE INDUSTRIAL MUNICIPAL Nº 2, Mz B, LOTE 1",P092-SUL-ARCI,PER,1.0,,"identical name, no usable location on either record",
eu_traces_third_country:P060-COI-ASGO,eu_traces_third_country,AUSTRAL GROUP S.A.A.,"AV. VILLA DEL MAR Nº 785 DEL DISTRITO DE COISHCO, PROVINCIA DEL SANTA, DEPARTAMENTO DE ANCASH.",P060-COI-ASGO,eu_traces_third_country:OF013-PIS-ASGO,eu_traces_third_country,Austral Group S.A.A.,"LOTIZACIÓN SANTA ELENA DE PARACAS, MZ. “D”, LOTES 1/6, DISTRITO DE PARACAS, PROVINCIA DE PISCO, DEPARTAMENTO DE ICA",OF013-PIS-ASGO,PER,1.0,,"identical name, no usable location on either record",
eu_traces_third_country:P060-COI-ASGO,eu_traces_third_country,AUSTRAL GROUP S.A.A.,"AV. VILLA DEL MAR Nº 785 DEL DISTRITO DE COISHCO, PROVINCIA DEL SANTA, DEPARTAMENTO DE ANCASH.",P060-COI-ASGO,eu_traces_third_country:OF015-CHA-ASGO,eu_traces_third_country,Austral Group S.A.A.,"AV. ROOSEVELT Nº 1008 DEL DISTRITO DE CHANCAY, PROVINCIA DE HUARAL, DEPARTAMENTO DE LIMA",OF015-CHA-ASGO,PER,1.0,,"identical name, no usable location on either record",
eu_traces_third_country:P060-COI-ASGO,eu_traces_third_country,AUSTRAL GROUP S.A.A.,"AV. VILLA DEL MAR Nº 785 DEL DISTRITO DE COISHCO, PROVINCIA DEL SANTA, DEPARTAMENTO DE ANCASH.",P060-COI-ASGO,eu_traces_third_country:P222-PAR-ASGO,eu_traces_third_country,Austral Group S.A.A.,"LOTIZACIÓN SANTA ELENA DE PARACAS, DISTRITO DE PARACAS, PROVINCIA DE PISCO, DEPARTAMENTO DE ICA",P222-PAR-ASGO,PER,1.0,,"identical name, no usable location on either record",
eu_traces_third_country:P060-COI-ASGO,eu_traces_third_country,AUSTRAL GROUP S.A.A.,"AV. VILLA DEL MAR Nº 785 DEL DISTRITO DE COISHCO, PROVINCIA DEL SANTA, DEPARTAMENTO DE ANCASH.",P060-COI-ASGO,eu_traces_third_country:OF011-COI-ASGO,eu_traces_third_country,Austral Group S.A.A.,"AV. VILLA DEL MAR Nº 785, DEL DISTRITO DE COISHCO, PROVINCIA DEL SANTA, DEPARTAMENTO DE ANCASH",OF011-COI-ASGO,PER,1.0,,"identical name, no usable location on either record",
eu_traces_third_country:OF013-PIS-ASGO,eu_traces_third_country,Austral Group S.A.A.,"LOTIZACIÓN SANTA ELENA DE PARACAS, MZ. “D”, LOTES 1/6, DISTRITO DE PARACAS, PROVINCIA DE PISCO, DEPARTAMENTO DE ICA",OF013-PIS-ASGO,eu_traces_third_country:OF015-CHA-ASGO,eu_traces_third_country,Austral Group S.A.A.,"AV. ROOSEVELT Nº 1008 DEL DISTRITO DE CHANCAY, PROVINCIA DE HUARAL, DEPARTAMENTO DE LIMA",OF015-CHA-ASGO,PER,1.0,,"identical name, no usable location on either record",
eu_traces_third_country:OF013-PIS-ASGO,eu_traces_third_country,Austral Group S.A.A.,"LOTIZACIÓN SANTA ELENA DE PARACAS, MZ. “D”, LOTES 1/6, DISTRITO DE PARACAS, PROVINCIA DE PISCO, DEPARTAMENTO DE ICA",OF013-PIS-ASGO,eu_traces_third_country:P222-PAR-ASGO,eu_traces_third_country,Austral Group S.A.A.,"LOTIZACIÓN SANTA ELENA DE PARACAS, DISTRITO DE PARACAS, PROVINCIA DE PISCO, DEPARTAMENTO DE ICA",P222-PAR-ASGO,PER,1.0,,"identical name, no usable location on either record",
eu_traces_third_country:OF013-PIS-ASGO,eu_traces_third_country,Austral Group S.A.A.,"LOTIZACIÓN SANTA ELENA DE PARACAS, MZ. “D”, LOTES 1/6, DISTRITO DE PARACAS, PROVINCIA DE PISCO, DEPARTAMENTO DE ICA",OF013-PIS-ASGO,eu_traces_third_country:OF011-COI-ASGO,eu_traces_third_country,Austral Group S.A.A.,"AV. VILLA DEL MAR Nº 785, DEL DISTRITO DE COISHCO, PROVINCIA DEL SANTA, DEPARTAMENTO DE ANCASH",OF011-COI-ASGO,PER,1.0,,"identical name, no usable location on either record",
eu_traces_third_country:OF015-CHA-ASGO,eu_traces_third_country,Austral Group S.A.A.,"AV. ROOSEVELT Nº 1008 DEL DISTRITO DE CHANCAY, PROVINCIA DE HUARAL, DEPARTAMENTO DE LIMA",OF015-CHA-ASGO,eu_traces_third_country:P222-PAR-ASGO,eu_traces_third_country,Austral Group S.A.A.,"LOTIZACIÓN SANTA ELENA DE PARACAS, DISTRITO DE PARACAS, PROVINCIA DE PISCO, DEPARTAMENTO DE ICA",P222-PAR-ASGO,PER,1.0,,"identical name, no usable location on either record",
eu_traces_third_country:OF015-CHA-ASGO,eu_traces_third_country,Austral Group S.A.A.,"AV. ROOSEVELT Nº 1008 DEL DISTRITO DE CHANCAY, PROVINCIA DE HUARAL, DEPARTAMENTO DE LIMA",OF015-CHA-ASGO,eu_traces_third_country:OF011-COI-ASGO,eu_traces_third_country,Austral Group S.A.A.,"AV. VILLA DEL MAR Nº 785, DEL DISTRITO DE COISHCO, PROVINCIA DEL SANTA, DEPARTAMENTO DE ANCASH",OF011-COI-ASGO,PER,1.0,,"identical name, no usable location on either record",
eu_traces_third_country:P222-PAR-ASGO,eu_traces_third_country,Austral Group S.A.A.,"LOTIZACIÓN SANTA ELENA DE PARACAS, DISTRITO DE PARACAS, PROVINCIA DE PISCO, DEPARTAMENTO DE ICA",P222-PAR-ASGO,eu_traces_third_country:OF011-COI-ASGO,eu_traces_third_country,Austral Group S.A.A.,"AV. VILLA DEL MAR Nº 785, DEL DISTRITO DE COISHCO, PROVINCIA DEL SANTA, DEPARTAMENTO DE ANCASH",OF011-COI-ASGO,PER,1.0,,"identical name, no usable location on either record",
eu_traces_third_country:PA062-NUE-CRLR,eu_traces_third_country,CORPORACION LERIBE S.A.C.,"MANZANA V. LOTE 18 DEL JIRON AYACUCHO DEL PUEBLO JOVEN VILLA MARIA, DISTRITO NUEVO CHIMBOTE, PROVINCIA DEL SANTA, DEPARTAMENTO DE ANCASH",PA062-NUE-CRLR,eu_traces_third_country:P216-AND-CRLR,eu_traces_third_country,Corporacion Leribe S.A.C.,"FUNDO MOGOTE GRANDE LOTE C - CALLE FELIX CARRION N° 201 - DISTRITO DE SAN ANDRES, PROVINCIA DE PISCO - DEPARTAMANENTO DE ICA",P216-AND-CRLR,PER,1.0,,"identical name, no usable location on either record",
eu_traces_third_country:OF090-RAZ-CRPS,eu_traces_third_country,CORPORACION PESQUERA INCA S.A.C.,"SUB-LOTE B S/N, PUERTO MALABRIGO, DISTRITO DE RAZURI, PROVINCIA DE ASCOPE, DEPARTAMENTO DE LA LIBERTAD.",OF090-RAZ-CRPS,eu_traces_third_country:OF006-CHA-CRPS,eu_traces_third_country,Corporación Pesquera Inca S.A.C.,"CALLE ALCATRAZ N° 177, DISTRITO CHANCAY, PROVINCIA HUARAL, DEPARTAMENTO LIMA",OF006-CHA-CRPS,PER,1.0,,"identical name, no usable location on either record",
eu_traces_third_country:OF090-RAZ-CRPS,eu_traces_third_country,CORPORACION PESQUERA INCA S.A.C.,"SUB-LOTE B S/N, PUERTO MALABRIGO, DISTRITO DE RAZURI, PROVINCIA DE ASCOPE, DEPARTAMENTO DE LA LIBERTAD.",OF090-RAZ-CRPS,eu_traces_third_country:OF020-RAZ-CRPS,eu_traces_third_country,Corporación Pesquera Inca S.A.C.,"SUB – LOTE B S/N, PUERTO DE MALABRIGO, DISTRITO DE RÁZURI, PROVINCIA DE ASCOPE, DEPARTAMENTO DE LA LIBERTAD",OF020-RAZ-CRPS,PER,1.0,,"identical name, no usable location on either record",
eu_traces_third_country:OF006-CHA-CRPS,eu_traces_third_country,Corporación Pesquera Inca S.A.C.,"CALLE ALCATRAZ N° 177, DISTRITO CHANCAY, PROVINCIA HUARAL, DEPARTAMENTO LIMA",OF006-CHA-CRPS,eu_traces_third_country:OF020-RAZ-CRPS,eu_traces_third_country,Corporación Pesquera Inca S.A.C.,"SUB – LOTE B S/N, PUERTO DE MALABRIGO, DISTRITO DE RÁZURI, PROVINCIA DE ASCOPE, DEPARTAMENTO DE LA LIBERTAD",OF020-RAZ-CRPS,PER,1.0,,"identical name, no usable location on either record",
eu_traces_third_country:P246-CAL-EMCR,eu_traces_third_country,ESMERALDA CORP S.A.C.,"AUTOPISTA PANAMERICANA SUR KM. 18.5, MZ. G, LOTE 1, DISTRITO DE SAN JUAN DE MIRAFLORES, PROVINCIA Y DEPARTAMENTO DE LIMA",P246-CAL-EMCR,eu_traces_third_country:P397-JUA-EMCR,eu_traces_third_country,ESMERALDA CORP S.A.C.,"AV. AUTOP PANAMERICANA SUR KM. 18.5, MZA. G, LOTE. 01, Z.I. LA CONCORDIA, DISTRITO DE SAN JUAN DE MIRAFLORES, PROVINCIA DE LIMA, DEPARTAMENTO DE LIMA",P397-JUA-EMCR,PER,1.0,,"identical name, no usable location on either record",
eu_traces_third_country:A059-CAL-FOPO,eu_traces_third_country,FROZEN PRODUCTS CORPORATION S.A.C.,JIRON JUAN MILLER No. 167,A059-CAL-FOPO,eu_traces_third_country:P230-CAL-FOPO,eu_traces_third_country,Frozen Products Corporation S.A.C.,"AV. REPUBLICA ARGENTINA 336, CALLAO, PERU",P230-CAL-FOPO,PER,1.0,,"identical name, no usable location on either record",
eu_traces_third_country:P348-CAL-IVPS,eu_traces_third_country,INVERSIONES PESQUERAS LIGURIA S.A.C.,"AVENIDA LOS FERROLES S/N, PARCELA C, ZONA INDUSTRIAL SANTO DOMINGO DE BOCANEGRA",P348-CAL-IVPS,eu_traces_third_country:P347-CAL-IVPS,eu_traces_third_country,INVERSIONES PESQUERAS LIGURIA S.A.C.,"AVENIDA LOS FERROLES S/N, PARCELA C, ZONA INDUSTRIAL SANTO DOMINGO DE BOCANEGRA",P347-CAL-IVPS,PER,1.0,,"identical name, no usable location on either record",
eu_traces_third_country:P417-CHI-MRBJ,eu_traces_third_country,MAREA BAJA S.A.C.,"SUB-LOTES N° F14C, F14D Y F13D DE LA MANZANA F, 2DA. ETAPA, URBANIZACIÓN PARQUE INDUSTRIAL SECTOR 62 CHILCA INDUSTRIAL, DISTRITO DE CHILCA, PROVINCIA DE CAÑETE, DEPARTAMENTO DE LIMA",P417-CHI-MRBJ,eu_traces_third_country:P382-CHI-MRBJ,eu_traces_third_country,MAREA BAJA S.A.C.,"SUB LOTE F14C Y F-14D DE LA MANZANA F, SEGUNDA ETAPA DEL PARQUE INDUSTRIAL CERRADO – LOTE 5, URB. PARQUE SECTOR 62 CHILCA INDUSTRIAL, DISTRITO DE CHILCA, PROVINCIA DE CAÑETE, DEPARTAMENTO DE LIMA.",P382-CHI-MRBJ,PER,1.0,,"identical name, no usable location on either record",
eu_traces_third_country:P391-CHI-NOVA,eu_traces_third_country,NOVAPERU S.A.C.,"PARQUE INDUSTRIAL INDUPARK, AVENIDA A1, MZ G LOTE 2 Y 3, DISTRITO DE CHILCA, PROVINCIA DE CAÑETE, DEPARTMENTO DE LIMA.",P391-CHI-NOVA,eu_traces_third_country:P378-JUA-NOVA,eu_traces_third_country,NOVAPERU S.A.C.,"AV. AUTOPISTA PANAMERICANA SUR KM. 18.5, MZ. G, LOTE 1, DISTRITO SANJUAN DE MIRAFLORES, PROVINCIA LIMA, DEPARTAMENTO LIMA",P378-JUA-NOVA,PER,1.0,,"identical name, no usable location on either record",
eu_traces_third_country:P358-ISL-OESA,eu_traces_third_country,OCEANO SEAFOOD S.A.,MUELLE PESQUERO S/N MATARANI,P358-ISL-OESA,eu_traces_third_country:P334-CAL-PEPC,eu_traces_third_country,OCEANO SEAFOOD S.A.,CALLE CARLOS CONCHA No 180,P334-CAL-PEPC,PER,1.0,,"identical name, no usable location on either record",
eu_traces_third_country:P323-CUL-PCDE,eu_traces_third_country,PACIFIC DEEP FROZEN S.A.,"AV. CELESTINO ZAPATA No 101 - 103 DEL DISTRITO DE CULEBRAS, PROVINCIA DE HUARMEY, DEPARTAMENTO DE ANCASH",P323-CUL-PCDE,eu_traces_third_country:P350-CUL-PCDE,eu_traces_third_country,PACIFIC DEEP FROZEN S.A.,"AV. CELESTINO ZAPATA No 101-103, PROVINCIA HUARMEY",P350-CUL-PCDE,PER,1.0,,"identical name, no usable location on either record",
eu_traces_third_country:P323-CUL-PCDE,eu_traces_third_country,PACIFIC DEEP FROZEN S.A.,"AV. CELESTINO ZAPATA No 101 - 103 DEL DISTRITO DE CULEBRAS, PROVINCIA DE HUARMEY, DEPARTAMENTO DE ANCASH",P323-CUL-PCDE,eu_traces_third_country:P226-CUL-PCDE,eu_traces_third_country,Pacific Deep Frozen S.A.,"AV. CELESTINO ZAPATA N° 101 – 103 DEL DISTRITO DE CULEBRAS, PROVINCIA DE HUARMEY, DEPARTAMENTO DE ANCASH",P226-CUL-PCDE,PER,1.0,,"identical name, no usable location on either record",
eu_traces_third_country:P350-CUL-PCDE,eu_traces_third_country,PACIFIC DEEP FROZEN S.A.,"AV. CELESTINO ZAPATA No 101-103, PROVINCIA HUARMEY",P350-CUL-PCDE,eu_traces_third_country:P226-CUL-PCDE,eu_traces_third_country,Pacific Deep Frozen S.A.,"AV. CELESTINO ZAPATA N° 101 – 103 DEL DISTRITO DE CULEBRAS, PROVINCIA DE HUARMEY, DEPARTAMENTO DE ANCASH",P226-CUL-PCDE,PER,1.0,,"identical name, no usable location on either record",
eu_traces_third_country:P374-CAL-PSCP,eu_traces_third_country,PESQUERA CAPRICORNIO S.A.,"AV. PROLONGACION CENTENARIO Nº 2620, ZONA INDUSTRIAL LOS FERROLES",P374-CAL-PSCP,eu_traces_third_country:P290-CAL-PSCP,eu_traces_third_country,Pesquera Capricornio S.A.,"AV. PROLONGACION CENTENARIO N° 2620, PROVINCIA CONSTITUCIONAL DEL CALLAO",P290-CAL-PSCP,PER,1.0,,"identical name, no usable location on either record",
eu_traces_third_country:OF081-RAZ-PSDA,eu_traces_third_country,PESQUERA DIAMANTE S.A.,"PLAYA NORTE LOTE 1B-1 Y 1B-2, PUERTO MALABRIGO, DISTRITO RAZURI, PROVINCIA ASCOPE, DEPARAMENTO LA LIBERTAD",OF081-RAZ-PSDA,eu_traces_third_country:OF035-SUP-PSDA,eu_traces_third_country,Pesquera Diamante S.A.,"AV. LA MARINA Nº 400 DE LA ZONA INDUSTRIAL DEL DISTRITO DE SUPE PUERTO, PROVINCIA DE BARRANCA, DEPARTAMENTO DE LIMA.",OF035-SUP-PSDA,PER,1.0,,"identical name, no usable location on either record",
eu_traces_third_country:OF081-RAZ-PSDA,eu_traces_third_country,PESQUERA DIAMANTE S.A.,"PLAYA NORTE LOTE 1B-1 Y 1B-2, PUERTO MALABRIGO, DISTRITO RAZURI, PROVINCIA ASCOPE, DEPARAMENTO LA LIBERTAD",OF081-RAZ-PSDA,eu_traces_third_country:P203-CAL-PSDA,eu_traces_third_country,Pesquera Diamante S.A.,AV. PROLONGACIÓN CENTENARIO N° 1956 DE LA PROVINCIA CONSTITUCIONAL DEL CALLAO,P203-CAL-PSDA,PER,1.0,,"identical name, no usable location on either record",
eu_traces_third_country:OF081-RAZ-PSDA,eu_traces_third_country,PESQUERA DIAMANTE S.A.,"PLAYA NORTE LOTE 1B-1 Y 1B-2, PUERTO MALABRIGO, DISTRITO RAZURI, PROVINCIA ASCOPE, DEPARAMENTO LA LIBERTAD",OF081-RAZ-PSDA,eu_traces_third_country:OF005-MOL-PSDA,eu_traces_third_country,Pesquera Diamante S.A.,"QUEBRADA AGUA LIMA S/N, ALTURA DEL KM 6.5 DE LA CARRETERA MATARANI – MOLLENDO, DISTRITO DE MOLLENDO, PROVINCIA DE ISLAY, DEPARTAMENTO DE AREQUIPA.",OF005-MOL-PSDA,PER,1.0,,"identical name, no usable location on either record",
eu_traces_third_country:OF081-RAZ-PSDA,eu_traces_third_country,PESQUERA DIAMANTE S.A.,"PLAYA NORTE LOTE 1B-1 Y 1B-2, PUERTO MALABRIGO, DISTRITO RAZURI, PROVINCIA ASCOPE, DEPARAMENTO LA LIBERTAD",OF081-RAZ-PSDA,eu_traces_third_country:OF017-CAL-PSDA,eu_traces_third_country,Pesquera Diamante S.A.,"Av. Prolongación Centenario n°1956, Los Ferroles, Callao departamento de Lima",OF017-CAL-PSDA,PER,1.0,,"identical name, no usable location on either record",
eu_traces_third_country:OF035-SUP-PSDA,eu_traces_third_country,Pesquera Diamante S.A.,"AV. LA MARINA Nº 400 DE LA ZONA INDUSTRIAL DEL DISTRITO DE SUPE PUERTO, PROVINCIA DE BARRANCA, DEPARTAMENTO DE LIMA.",OF035-SUP-PSDA,eu_traces_third_country:P203-CAL-PSDA,eu_traces_third_country,Pesquera Diamante S.A.,AV. PROLONGACIÓN CENTENARIO N° 1956 DE LA PROVINCIA CONSTITUCIONAL DEL CALLAO,P203-CAL-PSDA,PER,1.0,,"identical name, no usable location on either record",
eu_traces_third_country:OF035-SUP-PSDA,eu_traces_third_country,Pesquera Diamante S.A.,"AV. LA MARINA Nº 400 DE LA ZONA INDUSTRIAL DEL DISTRITO DE SUPE PUERTO, PROVINCIA DE BARRANCA, DEPARTAMENTO DE LIMA.",OF035-SUP-PSDA,eu_traces_third_country:OF005-MOL-PSDA,eu_traces_third_country,Pesquera Diamante S.A.,"QUEBRADA AGUA LIMA S/N, ALTURA DEL KM 6.5 DE LA CARRETERA MATARANI – MOLLENDO, DISTRITO DE MOLLENDO, PROVINCIA DE ISLAY, DEPARTAMENTO DE AREQUIPA.",OF005-MOL-PSDA,PER,1.0,,"identical name, no usable location on either record",
eu_traces_third_country:OF035-SUP-PSDA,eu_traces_third_country,Pesquera Diamante S.A.,"AV. LA MARINA Nº 400 DE LA ZONA INDUSTRIAL DEL DISTRITO DE SUPE PUERTO, PROVINCIA DE BARRANCA, DEPARTAMENTO DE LIMA.",OF035-SUP-PSDA,eu_traces_third_country:OF017-CAL-PSDA,eu_traces_third_country,Pesquera Diamante S.A.,"Av. Prolongación Centenario n°1956, Los Ferroles, Callao departamento de Lima",OF017-CAL-PSDA,PER,1.0,,"identical name, no usable location on either record",
eu_traces_third_country:P203-CAL-PSDA,eu_traces_third_country,Pesquera Diamante S.A.,AV. PROLONGACIÓN CENTENARIO N° 1956 DE LA PROVINCIA CONSTITUCIONAL DEL CALLAO,P203-CAL-PSDA,eu_traces_third_country:OF005-MOL-PSDA,eu_traces_third_country,Pesquera Diamante S.A.,"QUEBRADA AGUA LIMA S/N, ALTURA DEL KM 6.5 DE LA CARRETERA MATARANI – MOLLENDO, DISTRITO DE MOLLENDO, PROVINCIA DE ISLAY, DEPARTAMENTO DE AREQUIPA.",OF005-MOL-PSDA,PER,1.0,,"identical name, no usable location on either record",
eu_traces_third_country:P203-CAL-PSDA,eu_traces_third_country,Pesquera Diamante S.A.,AV. PROLONGACIÓN CENTENARIO N° 1956 DE LA PROVINCIA CONSTITUCIONAL DEL CALLAO,P203-CAL-PSDA,eu_traces_third_country:OF017-CAL-PSDA,eu_traces_third_country,Pesquera Diamante S.A.,"Av. Prolongación Centenario n°1956, Los Ferroles, Callao departamento de Lima",OF017-CAL-PSDA,PER,1.0,,"identical name, no usable location on either record",
eu_traces_third_country:OF005-MOL-PSDA,eu_traces_third_country,Pesquera Diamante S.A.,"QUEBRADA AGUA LIMA S/N, ALTURA DEL KM 6.5 DE LA CARRETERA MATARANI – MOLLENDO, DISTRITO DE MOLLENDO, PROVINCIA DE ISLAY, DEPARTAMENTO DE AREQUIPA.",OF005-MOL-PSDA,eu_traces_third_country:OF017-CAL-PSDA,eu_traces_third_country,Pesquera Diamante S.A.,"Av. Prolongación Centenario n°1956, Los Ferroles, Callao departamento de Lima",OF017-CAL-PSDA,PER,1.0,,"identical name, no usable location on either record",
eu_traces_third_country:OF092-SUR-PSHY,eu_traces_third_country,PESQUERA HAYDUK S.A.,"AV. INDUSTRIAL S/N, SECTOR CANCHAMANA, DISTRITO DE TAMBO DE MORA, PROVINCIA DE CHINCHA, DEPARTAMENTO DE ICA.",OF092-SUR-PSHY,eu_traces_third_country:P042-COI-PSHY,eu_traces_third_country,Pesquera Hayduk S.A.,"AV. SANTA MARINA S/N, DISTRITO DE COISHCO, PROVINCIA DE SANTA, DEPARTAMENTO DE ANCASH.",P042-COI-PSHY,PER,1.0,,"identical name, no usable location on either record",
eu_traces_third_country:OF092-SUR-PSHY,eu_traces_third_country,PESQUERA HAYDUK S.A.,"AV. INDUSTRIAL S/N, SECTOR CANCHAMANA, DISTRITO DE TAMBO DE MORA, PROVINCIA DE CHINCHA, DEPARTAMENTO DE ICA.",OF092-SUR-PSHY,eu_traces_third_country:OF010-COI-PSHY,eu_traces_third_country,Pesquera Hayduk S.A.,"AV. SANTA MARINA S/N CALETA COISHCO, DISTRITO COISHCO, PROVINCIA DEL SANTA, DEPARTAMENTO ANCASH",OF010-COI-PSHY,PER,1.0,,"identical name, no usable location on either record",
eu_traces_third_country:OF092-SUR-PSHY,eu_traces_third_country,PESQUERA HAYDUK S.A.,"AV. INDUSTRIAL S/N, SECTOR CANCHAMANA, DISTRITO DE TAMBO DE MORA, PROVINCIA DE CHINCHA, DEPARTAMENTO DE ICA.",OF092-SUR-PSHY,eu_traces_third_country:OF009-RAZ-PSHY,eu_traces_third_country,Pesquera Hayduk S.A.,"AV. PLAYA NORTE S/N PUERTO MALABRIGO, DISTRITO DE RÁZURI, PROVINCIA DE ASCOPE, DEPARTAMENTO DE LA LIBERTAD",OF009-RAZ-PSHY,PER,1.0,,"identical name, no usable location on either record",
eu_traces_third_country:OF092-SUR-PSHY,eu_traces_third_country,PESQUERA HAYDUK S.A.,"AV. INDUSTRIAL S/N, SECTOR CANCHAMANA, DISTRITO DE TAMBO DE MORA, PROVINCIA DE CHINCHA, DEPARTAMENTO DE ICA.",OF092-SUR-PSHY,eu_traces_third_country:OF016-VEG-PSHY,eu_traces_third_country,Pesquera Hayduk S.A.,"PANAMERICANA NORTE KM 163.5, DISTRITO VÉGUETA, PROVINCIA HUAURA, DEPARTAMENTO LIMA",OF016-VEG-PSHY,PER,1.0,,"identical name, no usable location on either record",
eu_traces_third_country:P042-COI-PSHY,eu_traces_third_country,Pesquera Hayduk S.A.,"AV. SANTA MARINA S/N, DISTRITO DE COISHCO, PROVINCIA DE SANTA, DEPARTAMENTO DE ANCASH.",P042-COI-PSHY,eu_traces_third_country:OF010-COI-PSHY,eu_traces_third_country,Pesquera Hayduk S.A.,"AV. SANTA MARINA S/N CALETA COISHCO, DISTRITO COISHCO, PROVINCIA DEL SANTA, DEPARTAMENTO ANCASH",OF010-COI-PSHY,PER,1.0,,"identical name, no usable location on either record",
eu_traces_third_country:P042-COI-PSHY,eu_traces_third_country,Pesquera Hayduk S.A.,"AV. SANTA MARINA S/N, DISTRITO DE COISHCO, PROVINCIA DE SANTA, DEPARTAMENTO DE ANCASH.",P042-COI-PSHY,eu_traces_third_country:OF009-RAZ-PSHY,eu_traces_third_country,Pesquera Hayduk S.A.,"AV. PLAYA NORTE S/N PUERTO MALABRIGO, DISTRITO DE RÁZURI, PROVINCIA DE ASCOPE, DEPARTAMENTO DE LA LIBERTAD",OF009-RAZ-PSHY,PER,1.0,,"identical name, no usable location on either record",
eu_traces_third_country:P042-COI-PSHY,eu_traces_third_country,Pesquera Hayduk S.A.,"AV. SANTA MARINA S/N, DISTRITO DE COISHCO, PROVINCIA DE SANTA, DEPARTAMENTO DE ANCASH.",P042-COI-PSHY,eu_traces_third_country:OF016-VEG-PSHY,eu_traces_third_country,Pesquera Hayduk S.A.,"PANAMERICANA NORTE KM 163.5, DISTRITO VÉGUETA, PROVINCIA HUAURA, DEPARTAMENTO LIMA",OF016-VEG-PSHY,PER,1.0,,"identical name, no usable location on either record",
eu_traces_third_country:OF010-COI-PSHY,eu_traces_third_country,Pesquera Hayduk S.A.,"AV. SANTA MARINA S/N CALETA COISHCO, DISTRITO COISHCO, PROVINCIA DEL SANTA, DEPARTAMENTO ANCASH",OF010-COI-PSHY,eu_traces_third_country:OF009-RAZ-PSHY,eu_traces_third_country,Pesquera Hayduk S.A.,"AV. PLAYA NORTE S/N PUERTO MALABRIGO, DISTRITO DE RÁZURI, PROVINCIA DE ASCOPE, DEPARTAMENTO DE LA LIBERTAD",OF009-RAZ-PSHY,PER,1.0,,"identical name, no usable location on either record",
eu_traces_third_country:OF010-COI-PSHY,eu_traces_third_country,Pesquera Hayduk S.A.,"AV. SANTA MARINA S/N CALETA COISHCO, DISTRITO COISHCO, PROVINCIA DEL SANTA, DEPARTAMENTO ANCASH",OF010-COI-PSHY,eu_traces_third_country:OF016-VEG-PSHY,eu_traces_third_country,Pesquera Hayduk S.A.,"PANAMERICANA NORTE KM 163.5, DISTRITO VÉGUETA, PROVINCIA HUAURA, DEPARTAMENTO LIMA",OF016-VEG-PSHY,PER,1.0,,"identical name, no usable location on either record",
eu_traces_third_country:OF009-RAZ-PSHY,eu_traces_third_country,Pesquera Hayduk S.A.,"AV. PLAYA NORTE S/N PUERTO MALABRIGO, DISTRITO DE RÁZURI, PROVINCIA DE ASCOPE, DEPARTAMENTO DE LA LIBERTAD",OF009-RAZ-PSHY,eu_traces_third_country:OF016-VEG-PSHY,eu_traces_third_country,Pesquera Hayduk S.A.,"PANAMERICANA NORTE KM 163.5, DISTRITO VÉGUETA, PROVINCIA HUAURA, DEPARTAMENTO LIMA",OF016-VEG-PSHY,PER,1.0,,"identical name, no usable location on either record",
eu_traces_third_country:P369-CHI-PSKR,eu_traces_third_country,PESQUERA KARSOL S.A.C.,"AV. VILLA DEL MAR Nº 760, PROVINCIA DEL SANTA",P369-CHI-PSKR,eu_traces_third_country:P370-CHI-PSKR,eu_traces_third_country,PESQUERA KARSOL S.A.C.,"AV. VILLA DEL MAR N° 760, PROVINCIA DEL SANTA",P370-CHI-PSKR,PER,1.0,,"identical name, no usable location on either record",
eu_traces_third_country:PA023-PUN-PSAD,eu_traces_third_country,PISCIFACTORIAS DE LOS ANDES S.A.,"PARQUE INDUSTRIAL SALCEDO MZ N LOTE 9, DISTRITO Y PROVINCIA DE PUNO, DEPARTAMENTO DE PUNO",PA023-PUN-PSAD,eu_traces_third_country:P014-QUI-PSFC,eu_traces_third_country,Piscifactorias De Los Andes S.A.,"PARAJE ATAQUICHQUE S/N, DISTRITO DE QUICHUAY, HUANCAYO - JUNIN",P014-QUI-PSFC,PER,1.0,,"identical name, no usable location on either record",
eu_traces_third_country:P413-ISL-POPS,eu_traces_third_country,PROCESADORA PESQUERA EL NIRVANA S.A.C.,"A.H. ASOCIACIÓN VIVIENDA TALLER VILLA EL PESCADOR, MZ. G, LOTES 9, 10,11 Y 12, DISTRITO ISLAY, PROVINCIA ISLAY, DEPARTAMENTO AREQUIPA",P413-ISL-POPS,eu_traces_third_country:PA109-ISL-POPS,eu_traces_third_country,PROCESADORA PESQUERA EL NIRVANA S.A.C.,"ASOCIACION VIVIENDA TALLER VILLA EL PESCADOR, MZ. G, LOTE 10, DISTRITO DE ISLAY, PROVINCIA DE ISLAY, DEPARTAMENTO DE AREQUIPA.",PA109-ISL-POPS,PER,1.0,,"identical name, no usable location on either record",
eu_traces_third_country:A049-PAI-POAD,eu_traces_third_country,PRODUCTORA ANDINA DE CONGELADOS S.R.L.,"MZ. B LOTE 09, ZONA INDUSTRIAL No 05",A049-PAI-POAD,eu_traces_third_country:P234-SUL-POAD,eu_traces_third_country,Productora Andina De Congelados S.R.L.,"KM. 2.10 CARRETERA SULLANA - TAMBO GRANDE, MZ. C, LOTES 04, 05 y 05A, ZONA INDUSTRIAL MUNICIPAL Nº 1, DISTRITO Y PROVINCIA DE SULLANA, DEPARTAMENTO DE PIURA",P234-SUL-POAD,PER,1.0,,"identical name, no usable location on either record",
eu_traces_third_country:OF066-CHA-PSCN,eu_traces_third_country,Pesquera Centinela S.A.C.,"Km.62,5 de la antigua carretera Panamericana Norte",OF066-CHA-PSCN,eu_traces_third_country:OF059-TAM-PSCN,eu_traces_third_country,Pesquera Centinela S.A.C.,"AV. INDUSTRIAL S/N, SECTOR CANCHAMANA, DISTRITO DE TAMBO DE MORA, PROVINCIA DE CHINCHA, DEPARTAMENTO DE ICA.",OF059-TAM-PSCN,PER,1.0,,"identical name, no usable location on either record",
eu_traces_third_country:OF056-TAM-PSEA,eu_traces_third_country,Pesquera Exalmar S.A.A.,"AV. INDUSTRIAL S/N, DISTRITO DE TAMBO DE MORA , PROVINCIA DE CHINCHA, DEPARTAMENTO DE ICA",OF056-TAM-PSEA,eu_traces_third_country:OF063-CAL-PSEA,eu_traces_third_country,Pesquera Exalmar S.A.A.,"Av. Prolongacion Centenario N° 2576, Los Ferroles, Provincia Constitucional Del Callao, Departamento de Lima",OF063-CAL-PSEA,PER,1.0,,"identical name, no usable location on either record",
eu_traces_third_country:OF056-TAM-PSEA,eu_traces_third_country,Pesquera Exalmar S.A.A.,"AV. INDUSTRIAL S/N, DISTRITO DE TAMBO DE MORA , PROVINCIA DE CHINCHA, DEPARTAMENTO DE ICA",OF056-TAM-PSEA,eu_traces_third_country:OF067-RAZ-PSEA,eu_traces_third_country,Pesquera Exalmar S.A.A.,"Playa Lado Norte s/n, Zona Industrial, Sub lote 01-Puerto Malabrigo, Distrito de Razuri, Provincia de Ascope, Departamento de La Libertad",OF067-RAZ-PSEA,PER,1.0,,"identical name, no usable location on either record",
eu_traces_third_country:OF056-TAM-PSEA,eu_traces_third_country,Pesquera Exalmar S.A.A.,"AV. INDUSTRIAL S/N, DISTRITO DE TAMBO DE MORA , PROVINCIA DE CHINCHA, DEPARTAMENTO DE ICA",OF056-TAM-PSEA,eu_traces_third_country:OF054-CAR-PSEA,eu_traces_third_country,Pesquera Exalmar S.A.A.,"AV. INDUSTRIAL N° 690, CALETA CARQUIN, PROVINCIA DE HUAURA, DEPARTAMENTO DE LIMA",OF054-CAR-PSEA,PER,1.0,,"identical name, no usable location on either record",
eu_traces_third_country:OF056-TAM-PSEA,eu_traces_third_country,Pesquera Exalmar S.A.A.,"AV. INDUSTRIAL S/N, DISTRITO DE TAMBO DE MORA , PROVINCIA DE CHINCHA, DEPARTAMENTO DE ICA",OF056-TAM-PSEA,eu_traces_third_country:P281-TAM-PSEA,eu_traces_third_country,Pesquera Exalmar S.A.A.,"SECTOR ZONA INDUSTRIAL S/N CANCHAMANA, DISTRITO DE TAMBO DE MORA, PROVINCIA DE CHINCHA, DEPARTAMENTO DE ICA",P281-TAM-PSEA,PER,1.0,,"identical name, no usable location on either record",
eu_traces_third_country:OF063-CAL-PSEA,eu_traces_third_country,Pesquera Exalmar S.A.A.,"Av. Prolongacion Centenario N° 2576, Los Ferroles, Provincia Constitucional Del Callao, Departamento de Lima",OF063-CAL-PSEA,eu_traces_third_country:OF067-RAZ-PSEA,eu_traces_third_country,Pesquera Exalmar S.A.A.,"Playa Lado Norte s/n, Zona Industrial, Sub lote 01-Puerto Malabrigo, Distrito de Razuri, Provincia de Ascope, Departamento de La Libertad",OF067-RAZ-PSEA,PER,1.0,,"identical name, no usable location on either record",
eu_traces_third_country:OF063-CAL-PSEA,eu_traces_third_country,Pesquera Exalmar S.A.A.,"Av. Prolongacion Centenario N° 2576, Los Ferroles, Provincia Constitucional Del Callao, Departamento de Lima",OF063-CAL-PSEA,eu_traces_third_country:OF054-CAR-PSEA,eu_traces_third_country,Pesquera Exalmar S.A.A.,"AV. INDUSTRIAL N° 690, CALETA CARQUIN, PROVINCIA DE HUAURA, DEPARTAMENTO DE LIMA",OF054-CAR-PSEA,PER,1.0,,"identical name, no usable location on either record",
eu_traces_third_country:OF063-CAL-PSEA,eu_traces_third_country,Pesquera Exalmar S.A.A.,"Av. Prolongacion Centenario N° 2576, Los Ferroles, Provincia Constitucional Del Callao, Departamento de Lima",OF063-CAL-PSEA,eu_traces_third_country:P281-TAM-PSEA,eu_traces_third_country,Pesquera Exalmar S.A.A.,"SECTOR ZONA INDUSTRIAL S/N CANCHAMANA, DISTRITO DE TAMBO DE MORA, PROVINCIA DE CHINCHA, DEPARTAMENTO DE ICA",P281-TAM-PSEA,PER,1.0,,"identical name, no usable location on either record",
eu_traces_third_country:OF067-RAZ-PSEA,eu_traces_third_country,Pesquera Exalmar S.A.A.,"Playa Lado Norte s/n, Zona Industrial, Sub lote 01-Puerto Malabrigo, Distrito de Razuri, Provincia de Ascope, Departamento de La Libertad",OF067-RAZ-PSEA,eu_traces_third_country:OF054-CAR-PSEA,eu_traces_third_country,Pesquera Exalmar S.A.A.,"AV. INDUSTRIAL N° 690, CALETA CARQUIN, PROVINCIA DE HUAURA, DEPARTAMENTO DE LIMA",OF054-CAR-PSEA,PER,1.0,,"identical name, no usable location on either record",
eu_traces_third_country:OF067-RAZ-PSEA,eu_traces_third_country,Pesquera Exalmar S.A.A.,"Playa Lado Norte s/n, Zona Industrial, Sub lote 01-Puerto Malabrigo, Distrito de Razuri, Provincia de Ascope, Departamento de La Libertad",OF067-RAZ-PSEA,eu_traces_third_country:P281-TAM-PSEA,eu_traces_third_country,Pesquera Exalmar S.A.A.,"SECTOR ZONA INDUSTRIAL S/N CANCHAMANA, DISTRITO DE TAMBO DE MORA, PROVINCIA DE CHINCHA, DEPARTAMENTO DE ICA",P281-TAM-PSEA,PER,1.0,,"identical name, no usable location on either record",
eu_traces_third_country:OF054-CAR-PSEA,eu_traces_third_country,Pesquera Exalmar S.A.A.,"AV. INDUSTRIAL N° 690, CALETA CARQUIN, PROVINCIA DE HUAURA, DEPARTAMENTO DE LIMA",OF054-CAR-PSEA,eu_traces_third_country:P281-TAM-PSEA,eu_traces_third_country,Pesquera Exalmar S.A.A.,"SECTOR ZONA INDUSTRIAL S/N CANCHAMANA, DISTRITO DE TAMBO DE MORA, PROVINCIA DE CHINCHA, DEPARTAMENTO DE ICA",P281-TAM-PSEA,PER,1.0,,"identical name, no usable location on either record",
eu_traces_third_country:P316-PUC-TCAI,eu_traces_third_country,TECNOLOGICA DE ALIMENTOS S.A.,"CARRETERA PANAMERICANA SUR KM. 61.0, DISTRITO DE PUCUSANA, PROVINCIA Y DEPARTAMENTO DE LIMA.",P316-PUC-TCAI,eu_traces_third_country:OF040-SAM-TCAI,eu_traces_third_country,TECNOLOGICA DE ALIMENTOS S.A.,,OF040-SAM-TCAI,PER,1.0,,"identical name, no usable location on either record",
eu_traces_third_country:P316-PUC-TCAI,eu_traces_third_country,TECNOLOGICA DE ALIMENTOS S.A.,"CARRETERA PANAMERICANA SUR KM. 61.0, DISTRITO DE PUCUSANA, PROVINCIA Y DEPARTAMENTO DE LIMA.",P316-PUC-TCAI,eu_traces_third_country:OF034-VEG-TCAI,eu_traces_third_country,Tecnologica De Alimentos S.A.,Caleta Vegueta s/n,OF034-VEG-TCAI,PER,1.0,,"identical name, no usable location on either record",
eu_traces_third_country:P316-PUC-TCAI,eu_traces_third_country,TECNOLOGICA DE ALIMENTOS S.A.,"CARRETERA PANAMERICANA SUR KM. 61.0, DISTRITO DE PUCUSANA, PROVINCIA Y DEPARTAMENTO DE LIMA.",P316-PUC-TCAI,eu_traces_third_country:OF027-CAL-TCAI,eu_traces_third_country,Tecnologica De Alimentos S.A.,"Nestor Gambeta Km.14,1",OF027-CAL-TCAI,PER,1.0,,"identical name, no usable location on either record",
eu_traces_third_country:P316-PUC-TCAI,eu_traces_third_country,TECNOLOGICA DE ALIMENTOS S.A.,"CARRETERA PANAMERICANA SUR KM. 61.0, DISTRITO DE PUCUSANA, PROVINCIA Y DEPARTAMENTO DE LIMA.",P316-PUC-TCAI,eu_traces_third_country:OF031-PAR-TCAI,eu_traces_third_country,Tecnologica De Alimentos S.A.,"Carretera Paracas Km.17,1",OF031-PAR-TCAI,PER,1.0,,"identical name, no usable location on either record",
eu_traces_third_country:P316-PUC-TCAI,eu_traces_third_country,TECNOLOGICA DE ALIMENTOS S.A.,"CARRETERA PANAMERICANA SUR KM. 61.0, DISTRITO DE PUCUSANA, PROVINCIA Y DEPARTAMENTO DE LIMA.",P316-PUC-TCAI,eu_traces_third_country:OF026-SUP-TCAI,eu_traces_third_country,Tecnologica De Alimentos S.A.,Av. La Marina 369,OF026-SUP-TCAI,PER,1.0,,"identical name, no usable location on either record",
eu_traces_third_country:P316-PUC-TCAI,eu_traces_third_country,TECNOLOGICA DE ALIMENTOS S.A.,"CARRETERA PANAMERICANA SUR KM. 61.0, DISTRITO DE PUCUSANA, PROVINCIA Y DEPARTAMENTO DE LIMA.",P316-PUC-TCAI,eu_traces_third_country:OF029-MOL-TCAI,eu_traces_third_country,Tecnologica De Alimentos S.A.,Caleta Chiguas s/n,OF029-MOL-TCAI,PER,1.0,,"identical name, no usable location on either record",
eu_traces_third_country:P316-PUC-TCAI,eu_traces_third_country,TECNOLOGICA DE ALIMENTOS S.A.,"CARRETERA PANAMERICANA SUR KM. 61.0, DISTRITO DE PUCUSANA, PROVINCIA Y DEPARTAMENTO DE LIMA.",P316-PUC-TCAI,eu_traces_third_country:OF033-RAZ-TCAI,eu_traces_third_country,Tecnologica De Alimentos S.A.,Zona Industrial de Puerto Malabrigo,OF033-RAZ-TCAI,PER,1.0,,"identical name, no usable location on either record",
eu_traces_third_country:OF040-SAM-TCAI,eu_traces_third_country,TECNOLOGICA DE ALIMENTOS S.A.,,OF040-SAM-TCAI,eu_traces_third_country:OF034-VEG-TCAI,eu_traces_third_country,Tecnologica De Alimentos S.A.,Caleta Vegueta s/n,OF034-VEG-TCAI,PER,1.0,,"identical name, no usable location on either record",
eu_traces_third_country:OF040-SAM-TCAI,eu_traces_third_country,TECNOLOGICA DE ALIMENTOS S.A.,,OF040-SAM-TCAI,eu_traces_third_country:OF027-CAL-TCAI,eu_traces_third_country,Tecnologica De Alimentos S.A.,"Nestor Gambeta Km.14,1",OF027-CAL-TCAI,PER,1.0,,"identical name, no usable location on either record",
eu_traces_third_country:OF040-SAM-TCAI,eu_traces_third_country,TECNOLOGICA DE ALIMENTOS S.A.,,OF040-SAM-TCAI,eu_traces_third_country:OF031-PAR-TCAI,eu_traces_third_country,Tecnologica De Alimentos S.A.,"Carretera Paracas Km.17,1",OF031-PAR-TCAI,PER,1.0,,"identical name, no usable location on either record",
eu_traces_third_country:OF040-SAM-TCAI,eu_traces_third_country,TECNOLOGICA DE ALIMENTOS S.A.,,OF040-SAM-TCAI,eu_traces_third_country:OF026-SUP-TCAI,eu_traces_third_country,Tecnologica De Alimentos S.A.,Av. La Marina 369,OF026-SUP-TCAI,PER,1.0,,"identical name, no usable location on either record",
eu_traces_third_country:OF040-SAM-TCAI,eu_traces_third_country,TECNOLOGICA DE ALIMENTOS S.A.,,OF040-SAM-TCAI,eu_traces_third_country:OF029-MOL-TCAI,eu_traces_third_country,Tecnologica De Alimentos S.A.,Caleta Chiguas s/n,OF029-MOL-TCAI,PER,1.0,,"identical name, no usable location on either record",
eu_traces_third_country:OF040-SAM-TCAI,eu_traces_third_country,TECNOLOGICA DE ALIMENTOS S.A.,,OF040-SAM-TCAI,eu_traces_third_country:OF033-RAZ-TCAI,eu_traces_third_country,Tecnologica De Alimentos S.A.,Zona Industrial de Puerto Malabrigo,OF033-RAZ-TCAI,PER,1.0,,"identical name, no usable location on either record",
eu_traces_third_country:OF034-VEG-TCAI,eu_traces_third_country,Tecnologica De Alimentos S.A.,Caleta Vegueta s/n,OF034-VEG-TCAI,eu_traces_third_country:OF027-CAL-TCAI,eu_traces_third_country,Tecnologica De Alimentos S.A.,"Nestor Gambeta Km.14,1",OF027-CAL-TCAI,PER,1.0,,"identical name, no usable location on either record",
eu_traces_third_country:OF034-VEG-TCAI,eu_traces_third_country,Tecnologica De Alimentos S.A.,Caleta Vegueta s/n,OF034-VEG-TCAI,eu_traces_third_country:OF031-PAR-TCAI,eu_traces_third_country,Tecnologica De Alimentos S.A.,"Carretera Paracas Km.17,1",OF031-PAR-TCAI,PER,1.0,,"identical name, no usable location on either record",
eu_traces_third_country:OF034-VEG-TCAI,eu_traces_third_country,Tecnologica De Alimentos S.A.,Caleta Vegueta s/n,OF034-VEG-TCAI,eu_traces_third_country:OF026-SUP-TCAI,eu_traces_third_country,Tecnologica De Alimentos S.A.,Av. La Marina 369,OF026-SUP-TCAI,PER,1.0,,"identical name, no usable location on either record",
eu_traces_third_country:OF034-VEG-TCAI,eu_traces_third_country,Tecnologica De Alimentos S.A.,Caleta Vegueta s/n,OF034-VEG-TCAI,eu_traces_third_country:OF029-MOL-TCAI,eu_traces_third_country,Tecnologica De Alimentos S.A.,Caleta Chiguas s/n,OF029-MOL-TCAI,PER,1.0,,"identical name, no usable location on either record",
eu_traces_third_country:OF034-VEG-TCAI,eu_traces_third_country,Tecnologica De Alimentos S.A.,Caleta Vegueta s/n,OF034-VEG-TCAI,eu_traces_third_country:OF033-RAZ-TCAI,eu_traces_third_country,Tecnologica De Alimentos S.A.,Zona Industrial de Puerto Malabrigo,OF033-RAZ-TCAI,PER,1.0,,"identical name, no usable location on either record",
eu_traces_third_country:OF027-CAL-TCAI,eu_traces_third_country,Tecnologica De Alimentos S.A.,"Nestor Gambeta Km.14,1",OF027-CAL-TCAI,eu_traces_third_country:OF031-PAR-TCAI,eu_traces_third_country,Tecnologica De Alimentos S.A.,"Carretera Paracas Km.17,1",OF031-PAR-TCAI,PER,1.0,,"identical name, no usable location on either record",
eu_traces_third_country:OF027-CAL-TCAI,eu_traces_third_country,Tecnologica De Alimentos S.A.,"Nestor Gambeta Km.14,1",OF027-CAL-TCAI,eu_traces_third_country:OF026-SUP-TCAI,eu_traces_third_country,Tecnologica De Alimentos S.A.,Av. La Marina 369,OF026-SUP-TCAI,PER,1.0,,"identical name, no usable location on either record",
eu_traces_third_country:OF027-CAL-TCAI,eu_traces_third_country,Tecnologica De Alimentos S.A.,"Nestor Gambeta Km.14,1",OF027-CAL-TCAI,eu_traces_third_country:OF029-MOL-TCAI,eu_traces_third_country,Tecnologica De Alimentos S.A.,Caleta Chiguas s/n,OF029-MOL-TCAI,PER,1.0,,"identical name, no usable location on either record",
eu_traces_third_country:OF027-CAL-TCAI,eu_traces_third_country,Tecnologica De Alimentos S.A.,"Nestor Gambeta Km.14,1",OF027-CAL-TCAI,eu_traces_third_country:OF033-RAZ-TCAI,eu_traces_third_country,Tecnologica De Alimentos S.A.,Zona Industrial de Puerto Malabrigo,OF033-RAZ-TCAI,PER,1.0,,"identical name, no usable location on either record",
eu_traces_third_country:OF031-PAR-TCAI,eu_traces_third_country,Tecnologica De Alimentos S.A.,"Carretera Paracas Km.17,1",OF031-PAR-TCAI,eu_traces_third_country:OF026-SUP-TCAI,eu_traces_third_country,Tecnologica De Alimentos S.A.,Av. La Marina 369,OF026-SUP-TCAI,PER,1.0,,"identical name, no usable location on either record",
eu_traces_third_country:OF031-PAR-TCAI,eu_traces_third_country,Tecnologica De Alimentos S.A.,"Carretera Paracas Km.17,1",OF031-PAR-TCAI,eu_traces_third_country:OF029-MOL-TCAI,eu_traces_third_country,Tecnologica De Alimentos S.A.,Caleta Chiguas s/n,OF029-MOL-TCAI,PER,1.0,,"identical name, no usable location on either record",
eu_traces_third_country:OF031-PAR-TCAI,eu_traces_third_country,Tecnologica De Alimentos S.A.,"Carretera Paracas Km.17,1",OF031-PAR-TCAI,eu_traces_third_country:OF033-RAZ-TCAI,eu_traces_third_country,Tecnologica De Alimentos S.A.,Zona Industrial de Puerto Malabrigo,OF033-RAZ-TCAI,PER,1.0,,"identical name, no usable location on either record",
eu_traces_third_country:OF026-SUP-TCAI,eu_traces_third_country,Tecnologica De Alimentos S.A.,Av. La Marina 369,OF026-SUP-TCAI,eu_traces_third_country:OF029-MOL-TCAI,eu_traces_third_country,Tecnologica De Alimentos S.A.,Caleta Chiguas s/n,OF029-MOL-TCAI,PER,1.0,,"identical name, no usable location on either record",
eu_traces_third_country:OF026-SUP-TCAI,eu_traces_third_country,Tecnologica De Alimentos S.A.,Av. La Marina 369,OF026-SUP-TCAI,eu_traces_third_country:OF033-RAZ-TCAI,eu_traces_third_country,Tecnologica De Alimentos S.A.,Zona Industrial de Puerto Malabrigo,OF033-RAZ-TCAI,PER,1.0,,"identical name, no usable location on either record",
eu_traces_third_country:OF029-MOL-TCAI,eu_traces_third_country,Tecnologica De Alimentos S.A.,Caleta Chiguas s/n,OF029-MOL-TCAI,eu_traces_third_country:OF033-RAZ-TCAI,eu_traces_third_country,Tecnologica De Alimentos S.A.,Zona Industrial de Puerto Malabrigo,OF033-RAZ-TCAI,PER,1.0,,"identical name, no usable location on either record",
eu_traces_member_state:PL14270201,eu_traces_member_state,ZM OLEWNIK Sp. z o.o.,ul. Romualda Traugutta 24,PL14270201,eu_traces_member_state:14270201,eu_traces_member_state,Zakłady Mięsne OLEWNIK Sp. z o.o.,ul. Romualda Traugutta 24,14270201,POL,0.4,,same postcode and street number,
eu_traces_member_state:10070301,eu_traces_member_state,"Zakład Przetwórstwa Mięsnego ""Poddębniak"" Andrzej Poddębniak",Kunice 6,10070301,eu_traces_member_state:10070201,eu_traces_member_state,Zakład Przetwórstwa Mięsnego Nowakowski Sp. z o.o.,Dąbrowa 6,10070201,POL,0.429,,same postcode and street number,
eu_traces_member_state:06200701,eu_traces_member_state,Elite Expeditions Sp. z o.o.,Wachniewskiej 17,06200701,eu_traces_member_state:PL06200701WE,eu_traces_member_state,Elite Expeditions Sp. z o.o. Zakład Przetwórstwa Dziczyzny,ul. A.Wachniewskiej 17,PL06200701WE,POL,0.5,,same postcode and street number,
eu_traces_third_country:025/AN/95,eu_traces_third_country,BAYE NDONGO (ETS DAME BA SARL),"Quai de Peche, Mole 10",025/AN/95,eu_traces_third_country:002/17/CB,eu_traces_third_country,ITTI I (ETS DAME BA),"Quai de peche, Mole 10",002/17/CB,SEN,0.5,,same postcode and street number,
eu_traces_third_country:025/AN/95,eu_traces_third_country,BAYE NDONGO (ETS DAME BA SARL),"Quai de Peche, Mole 10",025/AN/95,eu_traces_third_country:028/AN/95,eu_traces_third_country,YAYE MATY (ETS DAME BA SARL),"Quai de Peche, Mole 10",028/AN/95,SEN,0.429,,same postcode and street number,
eu_traces_third_country:011/03/C,eu_traces_third_country,FT2 DAKAR,"Quai de Peche, Mole 10",011/03/C,eu_traces_third_country:001/02/C,eu_traces_third_country,FT2 DAKAR USINE 02,"QUAI DE PÊCHE, MÔLE 10, DAKAR - SÉNÉGAL",001/02/C,SEN,0.5,,same postcode and street number,
eu_traces_third_country:005/09/CB,eu_traces_third_country,Hispasen V (Hispasen),"Port de Pêche, Mole 10 / Dakar",005/09/CB,eu_traces_third_country:006/12/CB,eu_traces_third_country,Hispasen VI (Hispasen),"Port de Pêche, Mole 10 / Dakar",006/12/CB,SEN,0.5,,same postcode and street number,
eu_traces_third_country:005/09/CB,eu_traces_third_country,Hispasen V (Hispasen),"Port de Pêche, Mole 10 / Dakar",005/09/CB,eu_traces_third_country:02/13/CB,eu_traces_third_country,Hispasen VII (HISPASEN),"Port de Pêche, Mole 10 / Dakar",02/13/CB,SEN,0.5,,same postcode and street number,
eu_traces_third_country:002/17/CB,eu_traces_third_country,ITTI I (ETS DAME BA),"Quai de peche, Mole 10",002/17/CB,eu_traces_third_country:028/AN/95,eu_traces_third_country,YAYE MATY (ETS DAME BA SARL),"Quai de Peche, Mole 10",028/AN/95,SEN,0.5,,same postcode and street number,
eu_traces_third_country:TR 48-0338,eu_traces_third_country,SÜRSAN Su Ürünleri San. Ve Tic. A. Ş.,,TR 48-0338,eu_traces_third_country:TR 48-0084,eu_traces_third_country,Sürsan Su Ürünleri San. Ve Tic. A.S.,,TR 48-0084,TÜR,1.0,,"identical name, no usable location on either record",
eu_traces_third_country:SPES-1242,eu_traces_third_country,"INDUSTRIA MARINA DE ALIMENTOS, C.A","AV 5 SAN FRANCISCO EL BAJO, SECTOR MONTE NEGRO",SPES-1242,eu_traces_third_country:SPES-2318,eu_traces_third_country,"INDUSTRIA ZULIANA DE ALIMENTOS, C.A. INZUALCA","AV. 5 SECTOR EL BAJO, SAN FRANCISCO",SPES-2318,VEN,0.4,,same postcode and street number,
eu_traces_third_country:DL 364,eu_traces_third_country,BRANCH OF SAIGON AQUATIC PRODUCTS TRADING JOINT STOCK COMPANY – THANG LOI FROZEN FOOD ENTERPRISE,"Lot 4-6-8, 1A Street, Tan Tao Industrial Park, Tan Tao Ward, Ho Chi Minh city, Vietnam",DL 364,eu_traces_third_country:DL 878,eu_traces_third_country,SaiGon Aquatic Products Trading Joint Stock Company Branch - Hung Thinh Frozen Food Factory,"Lot 4-6-8 1A Street, Tan Tao Industrial Park, Tan Tao Ward, Ho Chi Minh City, Vietnam",DL 878,VIE,0.571,,same postcode and street number,
eu_traces_third_country:DL 364,eu_traces_third_country,BRANCH OF SAIGON AQUATIC PRODUCTS TRADING JOINT STOCK COMPANY – THANG LOI FROZEN FOOD ENTERPRISE,"Lot 4-6-8, 1A Street, Tan Tao Industrial Park, Tan Tao Ward, Ho Chi Minh city, Vietnam",DL 364,eu_traces_third_country:DL 769,eu_traces_third_country,Saigon Aquatic Products Trading Joint Stock Company - APT Food Processing Factory,"Lot 4-6-8, 1A Street, Tan Tao Industrial Park, Tan Tao Ward, Ho Chi Minh City, Vietnam",DL 769,VIE,0.462,,same postcode and street number,
eu_traces_third_country:DL 878,eu_traces_third_country,SaiGon Aquatic Products Trading Joint Stock Company Branch - Hung Thinh Frozen Food Factory,"Lot 4-6-8 1A Street, Tan Tao Industrial Park, Tan Tao Ward, Ho Chi Minh City, Vietnam",DL 878,eu_traces_third_country:DL 769,eu_traces_third_country,Saigon Aquatic Products Trading Joint Stock Company - APT Food Processing Factory,"Lot 4-6-8, 1A Street, Tan Tao Industrial Park, Tan Tao Ward, Ho Chi Minh City, Vietnam",DL 769,VIE,0.583,,same postcode and street number,
eu_traces_third_country:DL 62,eu_traces_third_country,Cholimex Food Joint Stock Company (Cholimex Food),"Lot C40-43/I, C51-55/II, No. 7th Road, Vinh Loc Industrial Park, Vinh Loc Commune, Ho Chi Minh City, Vietnam",DL 62,eu_traces_third_country:NM 556,eu_traces_third_country,Cholimex Foods Joint Stock Company (Cholimex Food JSC) - Fish Sauce Factory,"Lot C40-43/I, C51-55/II, No. 7th Road, Vinh Loc Industrial Park, Vinh Loc Commune, Ho Chi Minh City, Vietnam",NM 556,VIE,0.429,,same postcode and street number,
eu_traces_third_country:DL 438,eu_traces_third_country,Co May Seafood Joint Stock Company (CO MAY JSC),"1738, Vo Nguyen Giap Street, Phuoc Thang Ward , Ho Chi Minh City, Vietnam",DL 438,eu_traces_third_country:DL 53,eu_traces_third_country,Phuoc Co Seafood Joint Stock Company,"1738 Vo Nguyen Giap Street, Phuoc Thang Ward, Ho Chi Minh city, Vietnam",DL 53,VIE,0.5,,same postcode and street number,
eu_traces_third_country:DL 29,eu_traces_third_country,Nam Can Seaproducts Import And Export Joint Stock Company - Seanamcan,"Hamlet 3, Dat Moi Commune, Ca Mau Province, Vietnam",DL 29,eu_traces_third_country:DL 230,eu_traces_third_country,"Workshop I, Namcan Seaproducts Import and Export Joint Stock Company - Seanamico","Hamlet 3, Dat Moi Commune, Ca Mau Province, Vietnam",DL 230,VIE,0.455,,same postcode and street number,
eu_traces_third_country:DL 147,eu_traces_third_country,Vinh Hoan Corporation (Vinh Hoan Corp.),"1645, National Road 30, My Ngai Ward, Dong Thap Province, Vietnam.",DL 147,eu_traces_third_country:DL 61,eu_traces_third_country,Workshop II – Vinh Hoan Corporation,"1645A, National Road 30, My Ngai Ward, Dong Thap Province, Vietnam",DL 61,VIE,0.5,,same postcode and street number,
eu_traces_third_country:DL 326,eu_traces_third_country,Workshop 1 - CuuLong Seaproducts Company (CUULONG SEAPRO),"36 Bach Dang street, Long Duc ward, Vinh Long Province, Viet Nam.",DL 326,eu_traces_third_country:DL 31,eu_traces_third_country,"Workshop 2, Cuu Long Seaproducts Company - Workshop 2, Cuu Long Seapro","36 Bach Dang street, Long Duc ward, Vinh Long Province, Viet Nam.",DL 31,VIE,0.5,,same postcode and street number,
eu_traces_third_country:KL 1253,eu_traces_third_country,"HAI NAM CO., LTD","27 Nguyen Thong Street, Phu Thuy Ward, Lam Dong Province, Vietnam",KL 1253,eu_traces_third_country:DL 125,eu_traces_third_country,Hai Nam Co. Ltd,"27 Nguyen Thong street, Phu Thuy Ward, Lam Dong Province, Vietnam",DL 125,VIE,1.0,,"identical name, no usable location on either record",
eu_traces_third_country:TS 1078,eu_traces_third_country,Sai Gon Food Import Export Joint Stock Company – East Branch (SGF IMEX EAST),"Lot L, Loc An - Binh Son Industrial Zone, Long Thanh Commune, Dong Nai Province, Vietnam",TS 1078,eu_traces_third_country:TS 1041,eu_traces_third_country,Sai Gon Food Import Export Joint Stock Company – East Branch (SGF IMEX EAST),"Lot L, Loc An - Binh Son Industrial Zone, Long Thanh Commune, Dong Nai Province, Vietnam",TS 1041,VIE,1.0,,"identical name, no usable location on either record",
eu_traces_third_country:TS 1113,eu_traces_third_country,TEN TRAI COMPANY LIMITED,"Lot L1- Nguyen Truong To street, Quang Phu industrial zone, Nghia Lo ward, Quang Ngai province",TS 1113,eu_traces_third_country:DL 958,eu_traces_third_country,TEN TRAI COMPANY LIMITED.,"Lot L1- Nguyen Truong To street, Quang Phu industrial zone, Nghia Lo ward, Quang Ngai province",DL 958,VIE,1.0,,"identical name, no usable location on either record",
eu_traces_third_country:DH 546,eu_traces_third_country,"Tin Thinh Co., Ltd","Lot F1, Suoi Dau industrial zone, Suoi Tan commune, Cam Lam district, Khanh Hoa province",DH 546,eu_traces_third_country:DL 385,eu_traces_third_country,"Tin Thinh Co., Ltd","Lot F1, Suoi Dau Industrial Zone, Cam Lam commune, Khanh Hoa Province",DL 385,VIE,1.0,,"identical name, no usable location on either record",
cifer_china:CAUS01031808010001,cifer_china,AMERICOLD LOGISTICS LIMITED,SPEARWOOD WA 6163 ESTAB NO1013,CAUS01031808010001,cifer_china:CAUS01031808010002,cifer_china,Americold Logistics Limited,HEMMANT QLD 4174 ESTAB NO1125,CAUS01031808010002,澳大利,1.0,,"identical name, no usable location on either record",
cifer_china:CAUS01031808010001,cifer_china,AMERICOLD LOGISTICS LIMITED,SPEARWOOD WA 6163 ESTAB NO1013,CAUS01031808010001,cifer_china:CAUS01071808010002,cifer_china,Americold Logistics Limited,HEMMANT QLD 4174 ESTAB NO1125,CAUS01071808010002,澳大利,1.0,,"identical name, no usable location on either record",
cifer_china:CAUS01031808010002,cifer_china,Americold Logistics Limited,HEMMANT QLD 4174 ESTAB NO1125,CAUS01031808010002,cifer_china:CAUS01071808010001,cifer_china,AMERICOLD LOGISTICS LIMITED,SPEARWOOD WA 6163 ESTAB NO1013,CAUS01071808010001,澳大利,1.0,,"identical name, no usable location on either record",
cifer_china:CAUS01071808010001,cifer_china,AMERICOLD LOGISTICS LIMITED,SPEARWOOD WA 6163 ESTAB NO1013,CAUS01071808010001,cifer_china:CAUS01071808010002,cifer_china,Americold Logistics Limited,HEMMANT QLD 4174 ESTAB NO1125,CAUS01071808010002,澳大利,1.0,,"identical name, no usable location on either record",
cifer_china:CAUS01031808010005,cifer_china,JBS AUSTRALIA PTY LTD,BORDERTOWN SA 5268 ESTAB NO 1614,CAUS01031808010005,cifer_china:CAUS01031808010009,cifer_china,JBS AUSTRALIA PTY LTD,LONGFORD TAS 7301 ESTAB NO195,CAUS01031808010009,澳大利,1.0,,"identical name, no usable location on either record",
cifer_china:CAUS01031808010006,cifer_china,Lineage AUS TRS Pty Ltd,LAVERTON NORTH VIC 3026 ESTABNO 1662,CAUS01031808010006,cifer_china:CAUS01071808010012,cifer_china,LINEAGE AUS TRS PTY LTD,CANNON HILL QLD 4170 ESTAB NO3823,CAUS01071808010012,澳大利,1.0,,"identical name, no usable location on either record",
cifer_china:CAUS01071808010005,cifer_china,Lineage AUS TRS Pty Ltd,"1 Hume Road, LAVERTON NORTH VIC 3026",CAUS01071808010005,cifer_china:CAUS01071808010012,cifer_china,LINEAGE AUS TRS PTY LTD,CANNON HILL QLD 4170 ESTAB NO3823,CAUS01071808010012,澳大利,1.0,,"identical name, no usable location on either record",
cifer_china:CDNK01121808010008,cifer_china,Tulip Food Company A/S,"Mosevangen 1, DK-9230 Svenstrup",CDNK01121808010008,cifer_china:CDNK01121808010018,cifer_china,Tulip Food Company A/S,"Tulipvej 10, DK-7100 Vejle",CDNK01121808010018,丹麦,1.0,,"identical name, no usable location on either record",
